date,stock_id,buy,name,sell
2024-05-06,1597,52000,Foreign_Investor,58000
2024-05-06,1597,0,Foreign_Dealer_Self,0
2024-05-06,1597,0,Investment_Trust,0
2024-05-06,1597,0,Dealer_self,0
2024-05-06,1597,0,Dealer_Hedging,0
2024-05-07,1597,110000,Foreign_Investor,101000
2024-05-07,1597,0,Foreign_Dealer_Self,0
2024-05-07,1597,0,Investment_Trust,0
2024-05-07,1597,1000,Dealer_self,0
2024-05-07,1597,0,Dealer_Hedging,0
2024-05-08,1597,35000,Foreign_Investor,62000
2024-05-08,1597,0,Foreign_Dealer_Self,0
2024-05-08,1597,0,Investment_Trust,0
2024-05-08,1597,2000,Dealer_self,0
2024-05-08,1597,0,Dealer_Hedging,0
2024-05-09,1597,46000,Foreign_Investor,69000
2024-05-09,1597,0,Foreign_Dealer_Self,0
2024-05-09,1597,0,Investment_Trust,0
2024-05-09,1597,0,Dealer_self,0
2024-05-09,1597,0,Dealer_Hedging,0
2024-05-10,1597,116000,Foreign_Investor,18000
2024-05-10,1597,0,Foreign_Dealer_Self,0
2024-05-10,1597,0,Investment_Trust,0
2024-05-10,1597,0,Dealer_self,0
2024-05-10,1597,0,Dealer_Hedging,0
2024-05-13,1597,75000,Foreign_Investor,48000
2024-05-13,1597,0,Foreign_Dealer_Self,0
2024-05-13,1597,0,Investment_Trust,0
2024-05-13,1597,0,Dealer_self,4000
2024-05-13,1597,0,Dealer_Hedging,0
2024-05-14,1597,123000,Foreign_Investor,61000
2024-05-14,1597,0,Foreign_Dealer_Self,0
2024-05-14,1597,0,Investment_Trust,0
2024-05-14,1597,0,Dealer_self,0
2024-05-14,1597,0,Dealer_Hedging,0
2024-05-15,1597,63000,Foreign_Investor,95000
2024-05-15,1597,0,Foreign_Dealer_Self,0
2024-05-15,1597,0,Investment_Trust,0
2024-05-15,1597,2000,Dealer_self,0
2024-05-15,1597,0,Dealer_Hedging,0
2024-05-16,1597,135000,Foreign_Investor,51000
2024-05-16,1597,0,Foreign_Dealer_Self,0
2024-05-16,1597,0,Investment_Trust,0
2024-05-16,1597,0,Dealer_self,0
2024-05-16,1597,0,Dealer_Hedging,0
2024-05-17,1597,62000,Foreign_Investor,36000
2024-05-17,1597,0,Foreign_Dealer_Self,0
2024-05-17,1597,0,Investment_Trust,0
2024-05-17,1597,0,Dealer_self,0
2024-05-17,1597,0,Dealer_Hedging,0
2024-05-20,1597,72000,Foreign_Investor,38000
2024-05-20,1597,0,Foreign_Dealer_Self,0
2024-05-20,1597,0,Investment_Trust,0
2024-05-20,1597,0,Dealer_self,0
2024-05-20,1597,0,Dealer_Hedging,0
2024-05-21,1597,61000,Foreign_Investor,61700
2024-05-21,1597,0,Foreign_Dealer_Self,0
2024-05-21,1597,0,Investment_Trust,0
2024-05-21,1597,0,Dealer_self,0
2024-05-21,1597,0,Dealer_Hedging,0
2024-05-22,1597,135000,Foreign_Investor,21000
2024-05-22,1597,0,Foreign_Dealer_Self,0
2024-05-22,1597,0,Investment_Trust,0
2024-05-22,1597,0,Dealer_self,0
2024-05-22,1597,0,Dealer_Hedging,0
2024-05-23,1597,32000,Foreign_Investor,132000
2024-05-23,1597,0,Foreign_Dealer_Self,0
2024-05-23,1597,0,Investment_Trust,0
2024-05-23,1597,1000,Dealer_self,0
2024-05-23,1597,0,Dealer_Hedging,0
2024-05-24,1597,35000,Foreign_Investor,45000
2024-05-24,1597,0,Foreign_Dealer_Self,0
2024-05-24,1597,0,Investment_Trust,0
2024-05-24,1597,0,Dealer_self,0
2024-05-24,1597,0,Dealer_Hedging,0
2024-05-27,1597,279000,Foreign_Investor,60000
2024-05-27,1597,0,Foreign_Dealer_Self,0
2024-05-27,1597,0,Investment_Trust,0
2024-05-27,1597,0,Dealer_self,0
2024-05-27,1597,0,Dealer_Hedging,0
2024-05-28,1597,139000,Foreign_Investor,144000
2024-05-28,1597,0,Foreign_Dealer_Self,0
2024-05-28,1597,0,Investment_Trust,0
2024-05-28,1597,0,Dealer_self,0
2024-05-28,1597,0,Dealer_Hedging,0
2024-05-29,1597,211000,Foreign_Investor,172000
2024-05-29,1597,0,Foreign_Dealer_Self,0
2024-05-29,1597,0,Investment_Trust,0
2024-05-29,1597,0,Dealer_self,0
2024-05-29,1597,0,Dealer_Hedging,0
2024-05-30,1597,26000,Foreign_Investor,142000
2024-05-30,1597,0,Foreign_Dealer_Self,0
2024-05-30,1597,0,Investment_Trust,0
2024-05-30,1597,0,Dealer_self,0
2024-05-30,1597,0,Dealer_Hedging,0
2024-05-31,1597,67000,Foreign_Investor,11080
2024-05-31,1597,0,Foreign_Dealer_Self,0
2024-05-31,1597,0,Investment_Trust,0
2024-05-31,1597,0,Dealer_self,1000
2024-05-31,1597,0,Dealer_Hedging,0
2024-06-03,1597,346000,Foreign_Investor,478000
2024-06-03,1597,0,Foreign_Dealer_Self,0
2024-06-03,1597,0,Investment_Trust,0
2024-06-03,1597,1000,Dealer_self,0
2024-06-03,1597,0,Dealer_Hedging,0
2024-06-04,1597,106000,Foreign_Investor,101000
2024-06-04,1597,0,Foreign_Dealer_Self,0
2024-06-04,1597,0,Investment_Trust,0
2024-06-04,1597,0,Dealer_self,0
2024-06-04,1597,0,Dealer_Hedging,0
2024-06-05,1597,394000,Foreign_Investor,781000
2024-06-05,1597,0,Foreign_Dealer_Self,0
2024-06-05,1597,0,Investment_Trust,0
2024-06-05,1597,0,Dealer_self,0
2024-06-05,1597,0,Dealer_Hedging,0
2024-06-06,1597,129000,Foreign_Investor,203000
2024-06-06,1597,0,Foreign_Dealer_Self,0
2024-06-06,1597,0,Investment_Trust,0
2024-06-06,1597,0,Dealer_self,0
2024-06-06,1597,0,Dealer_Hedging,0
2024-06-07,1597,111000,Foreign_Investor,15000
2024-06-07,1597,0,Foreign_Dealer_Self,0
2024-06-07,1597,0,Investment_Trust,0
2024-06-07,1597,0,Dealer_self,2000
2024-06-07,1597,0,Dealer_Hedging,0
2024-06-11,1597,87000,Foreign_Investor,33000
2024-06-11,1597,0,Foreign_Dealer_Self,0
2024-06-11,1597,0,Investment_Trust,0
2024-06-11,1597,1000,Dealer_self,0
2024-06-11,1597,0,Dealer_Hedging,0
2024-06-12,1597,132000,Foreign_Investor,39000
2024-06-12,1597,0,Foreign_Dealer_Self,0
2024-06-12,1597,0,Investment_Trust,0
2024-06-12,1597,1000,Dealer_self,0
2024-06-12,1597,0,Dealer_Hedging,0
2024-06-13,1597,26000,Foreign_Investor,36000
2024-06-13,1597,0,Foreign_Dealer_Self,0
2024-06-13,1597,0,Investment_Trust,0
2024-06-13,1597,0,Dealer_self,0
2024-06-13,1597,0,Dealer_Hedging,0
2024-06-14,1597,50000,Foreign_Investor,0
2024-06-14,1597,0,Foreign_Dealer_Self,0
2024-06-14,1597,0,Investment_Trust,0
2024-06-14,1597,0,Dealer_self,0
2024-06-14,1597,0,Dealer_Hedging,0
2024-06-17,1597,50000,Foreign_Investor,46000
2024-06-17,1597,0,Foreign_Dealer_Self,0
2024-06-17,1597,0,Investment_Trust,0
2024-06-17,1597,0,Dealer_self,0
2024-06-17,1597,0,Dealer_Hedging,0
2024-06-18,1597,4000,Foreign_Investor,91000
2024-06-18,1597,0,Foreign_Dealer_Self,0
2024-06-18,1597,0,Investment_Trust,0
2024-06-18,1597,1000,Dealer_self,0
2024-06-18,1597,0,Dealer_Hedging,0
2024-06-19,1597,33000,Foreign_Investor,36000
2024-06-19,1597,0,Foreign_Dealer_Self,0
2024-06-19,1597,0,Investment_Trust,0
2024-06-19,1597,1000,Dealer_self,0
2024-06-19,1597,0,Dealer_Hedging,0
2024-06-20,1597,82000,Foreign_Investor,3000
2024-06-20,1597,0,Foreign_Dealer_Self,0
2024-06-20,1597,0,Investment_Trust,0
2024-06-20,1597,1000,Dealer_self,0
2024-06-20,1597,0,Dealer_Hedging,0
2024-06-21,1597,46000,Foreign_Investor,11000
2024-06-21,1597,0,Foreign_Dealer_Self,0
2024-06-21,1597,0,Investment_Trust,0
2024-06-21,1597,0,Dealer_self,0
2024-06-21,1597,0,Dealer_Hedging,0
2024-06-24,1597,64000,Foreign_Investor,28000
2024-06-24,1597,0,Foreign_Dealer_Self,0
2024-06-24,1597,0,Investment_Trust,0
2024-06-24,1597,0,Dealer_self,0
2024-06-24,1597,0,Dealer_Hedging,0
2024-06-25,1597,216000,Foreign_Investor,78000
2024-06-25,1597,0,Foreign_Dealer_Self,0
2024-06-25,1597,0,Investment_Trust,0
2024-06-25,1597,0,Dealer_self,3000
2024-06-25,1597,0,Dealer_Hedging,0
2024-06-26,1597,565000,Foreign_Investor,135000
2024-06-26,1597,0,Foreign_Dealer_Self,0
2024-06-26,1597,0,Investment_Trust,0
2024-06-26,1597,0,Dealer_self,0
2024-06-26,1597,0,Dealer_Hedging,0
2024-06-27,1597,45000,Foreign_Investor,99000
2024-06-27,1597,0,Foreign_Dealer_Self,0
2024-06-27,1597,0,Investment_Trust,0
2024-06-27,1597,0,Dealer_self,0
2024-06-27,1597,0,Dealer_Hedging,0
2024-06-28,1597,864000,Foreign_Investor,271000
2024-06-28,1597,0,Foreign_Dealer_Self,0
2024-06-28,1597,0,Investment_Trust,0
2024-06-28,1597,2000,Dealer_self,2000
2024-06-28,1597,0,Dealer_Hedging,0
2024-07-01,1597,211000,Foreign_Investor,325000
2024-07-01,1597,0,Foreign_Dealer_Self,0
2024-07-01,1597,0,Investment_Trust,0
2024-07-01,1597,0,Dealer_self,3000
2024-07-01,1597,0,Dealer_Hedging,0
2024-07-02,1597,49000,Foreign_Investor,323000
2024-07-02,1597,0,Foreign_Dealer_Self,0
2024-07-02,1597,0,Investment_Trust,0
2024-07-02,1597,0,Dealer_self,0
2024-07-02,1597,0,Dealer_Hedging,0
2024-07-03,1597,311000,Foreign_Investor,153000
2024-07-03,1597,0,Foreign_Dealer_Self,0
2024-07-03,1597,0,Investment_Trust,0
2024-07-03,1597,2000,Dealer_self,0
2024-07-03,1597,0,Dealer_Hedging,0
2024-07-04,1597,252000,Foreign_Investor,506000
2024-07-04,1597,0,Foreign_Dealer_Self,0
2024-07-04,1597,0,Investment_Trust,0
2024-07-04,1597,1000,Dealer_self,0
2024-07-04,1597,0,Dealer_Hedging,0
2024-07-05,1597,1511000,Foreign_Investor,1556000
2024-07-05,1597,0,Foreign_Dealer_Self,0
2024-07-05,1597,0,Investment_Trust,0
2024-07-05,1597,30000,Dealer_self,0
2024-07-05,1597,0,Dealer_Hedging,0
2024-07-08,1597,969120,Foreign_Investor,1864000
2024-07-08,1597,0,Foreign_Dealer_Self,0
2024-07-08,1597,0,Investment_Trust,0
2024-07-08,1597,36000,Dealer_self,11000
2024-07-08,1597,0,Dealer_Hedging,0
2024-07-09,1597,1318500,Foreign_Investor,598000
2024-07-09,1597,0,Foreign_Dealer_Self,0
2024-07-09,1597,0,Investment_Trust,0
2024-07-09,1597,13000,Dealer_self,17000
2024-07-09,1597,0,Dealer_Hedging,0
2024-07-10,1597,430000,Foreign_Investor,965000
2024-07-10,1597,0,Foreign_Dealer_Self,0
2024-07-10,1597,0,Investment_Trust,0
2024-07-10,1597,1000,Dealer_self,2000
2024-07-10,1597,0,Dealer_Hedging,0
2024-07-11,1597,1327000,Foreign_Investor,1287120
2024-07-11,1597,0,Foreign_Dealer_Self,0
2024-07-11,1597,0,Investment_Trust,0
2024-07-11,1597,1000,Dealer_self,2000
2024-07-11,1597,0,Dealer_Hedging,0
2024-07-12,1597,3382000,Foreign_Investor,1874100
2024-07-12,1597,0,Foreign_Dealer_Self,0
2024-07-12,1597,0,Investment_Trust,0
2024-07-12,1597,9000,Dealer_self,2000
2024-07-12,1597,0,Dealer_Hedging,0
2024-07-15,1597,2778000,Foreign_Investor,4157211
2024-07-15,1597,0,Foreign_Dealer_Self,0
2024-07-15,1597,0,Investment_Trust,0
2024-07-15,1597,15000,Dealer_self,9000
2024-07-15,1597,0,Dealer_Hedging,0
2024-07-16,1597,2141274,Foreign_Investor,2042409
2024-07-16,1597,0,Foreign_Dealer_Self,0
2024-07-16,1597,0,Investment_Trust,0
2024-07-16,1597,6098,Dealer_self,22000
2024-07-16,1597,0,Dealer_Hedging,0
2024-07-17,1597,2238050,Foreign_Investor,2823000
2024-07-17,1597,0,Foreign_Dealer_Self,0
2024-07-17,1597,204000,Investment_Trust,0
2024-07-17,1597,7000,Dealer_self,5098
2024-07-17,1597,0,Dealer_Hedging,0
2024-07-18,1597,1875000,Foreign_Investor,1927000
2024-07-18,1597,0,Foreign_Dealer_Self,0
2024-07-18,1597,100000,Investment_Trust,0
2024-07-18,1597,0,Dealer_self,2000
2024-07-18,1597,0,Dealer_Hedging,1000
2024-07-19,1597,2337000,Foreign_Investor,2471100
2024-07-19,1597,0,Foreign_Dealer_Self,0
2024-07-19,1597,74000,Investment_Trust,0
2024-07-19,1597,3000,Dealer_self,0
2024-07-19,1597,0,Dealer_Hedging,0
2024-07-22,1597,1771000,Foreign_Investor,1615000
2024-07-22,1597,0,Foreign_Dealer_Self,0
2024-07-22,1597,98000,Investment_Trust,0
2024-07-22,1597,5000,Dealer_self,2000
2024-07-22,1597,0,Dealer_Hedging,0
2024-07-23,1597,680000,Foreign_Investor,1179000
2024-07-23,1597,0,Foreign_Dealer_Self,0
2024-07-23,1597,0,Investment_Trust,0
2024-07-23,1597,0,Dealer_self,1000
2024-07-23,1597,0,Dealer_Hedging,1000
2024-07-26,1597,680000,Foreign_Investor,608000
2024-07-26,1597,0,Foreign_Dealer_Self,0
2024-07-26,1597,6000,Investment_Trust,0
2024-07-26,1597,2000,Dealer_self,46000
2024-07-26,1597,0,Dealer_Hedging,0
2024-07-29,1597,1445000,Foreign_Investor,813000
2024-07-29,1597,0,Foreign_Dealer_Self,0
2024-07-29,1597,0,Investment_Trust,0
2024-07-29,1597,2000,Dealer_self,0
2024-07-29,1597,0,Dealer_Hedging,3000
2024-07-30,1597,1079000,Foreign_Investor,1223000
2024-07-30,1597,0,Foreign_Dealer_Self,0
2024-07-30,1597,5000,Investment_Trust,0
2024-07-30,1597,1000,Dealer_self,1000
2024-07-30,1597,0,Dealer_Hedging,0
2024-07-31,1597,1058980,Foreign_Investor,1196174
2024-07-31,1597,0,Foreign_Dealer_Self,0
2024-07-31,1597,0,Investment_Trust,0
2024-07-31,1597,1000,Dealer_self,5000
2024-07-31,1597,0,Dealer_Hedging,0
2024-08-01,1597,2154100,Foreign_Investor,2183000
2024-08-01,1597,0,Foreign_Dealer_Self,0
2024-08-01,1597,0,Investment_Trust,0
2024-08-01,1597,9000,Dealer_self,6000
2024-08-01,1597,0,Dealer_Hedging,0
2024-08-02,1597,2505000,Foreign_Investor,2609000
2024-08-02,1597,0,Foreign_Dealer_Self,0
2024-08-02,1597,2000,Investment_Trust,0
2024-08-02,1597,0,Dealer_self,0
2024-08-02,1597,0,Dealer_Hedging,0
2024-08-05,1597,2326700,Foreign_Investor,2160150
2024-08-05,1597,0,Foreign_Dealer_Self,0
2024-08-05,1597,14000,Investment_Trust,0
2024-08-05,1597,5000,Dealer_self,15000
2024-08-05,1597,0,Dealer_Hedging,0
2024-08-06,1597,3259000,Foreign_Investor,3152200
2024-08-06,1597,0,Foreign_Dealer_Self,0
2024-08-06,1597,4000,Investment_Trust,0
2024-08-06,1597,46000,Dealer_self,44000
2024-08-06,1597,0,Dealer_Hedging,0
2024-08-07,1597,3062000,Foreign_Investor,2940000
2024-08-07,1597,0,Foreign_Dealer_Self,0
2024-08-07,1597,0,Investment_Trust,0
2024-08-07,1597,0,Dealer_self,4000
2024-08-07,1597,0,Dealer_Hedging,0
2024-08-08,1597,4574000,Foreign_Investor,5107647
2024-08-08,1597,0,Foreign_Dealer_Self,0
2024-08-08,1597,0,Investment_Trust,0
2024-08-08,1597,96000,Dealer_self,25000
2024-08-08,1597,0,Dealer_Hedging,0
2024-08-09,1597,2379000,Foreign_Investor,1262000
2024-08-09,1597,0,Foreign_Dealer_Self,0
2024-08-09,1597,0,Investment_Trust,0
2024-08-09,1597,12000,Dealer_self,12000
2024-08-09,1597,0,Dealer_Hedging,0
2024-08-12,1597,4626200,Foreign_Investor,5418000
2024-08-12,1597,0,Foreign_Dealer_Self,0
2024-08-12,1597,0,Investment_Trust,0
2024-08-12,1597,16000,Dealer_self,22000
2024-08-12,1597,0,Dealer_Hedging,0
2024-08-13,1597,3253000,Foreign_Investor,3028000
2024-08-13,1597,0,Foreign_Dealer_Self,0
2024-08-13,1597,0,Investment_Trust,270000
2024-08-13,1597,13000,Dealer_self,5000
2024-08-13,1597,0,Dealer_Hedging,0
2024-08-14,1597,1982000,Foreign_Investor,1892000
2024-08-14,1597,0,Foreign_Dealer_Self,0
2024-08-14,1597,0,Investment_Trust,0
2024-08-14,1597,21000,Dealer_self,10000
2024-08-14,1597,0,Dealer_Hedging,0
2024-08-15,1597,1548000,Foreign_Investor,1316000
2024-08-15,1597,0,Foreign_Dealer_Self,0
2024-08-15,1597,0,Investment_Trust,0
2024-08-15,1597,16000,Dealer_self,0
2024-08-15,1597,0,Dealer_Hedging,0
2024-08-16,1597,1424000,Foreign_Investor,1513000
2024-08-16,1597,0,Foreign_Dealer_Self,0
2024-08-16,1597,2000,Investment_Trust,0
2024-08-16,1597,8000,Dealer_self,0
2024-08-16,1597,0,Dealer_Hedging,0
2024-08-19,1597,494000,Foreign_Investor,941000
2024-08-19,1597,0,Foreign_Dealer_Self,0
2024-08-19,1597,3000,Investment_Trust,0
2024-08-19,1597,6000,Dealer_self,1000
2024-08-19,1597,0,Dealer_Hedging,0
2024-08-20,1597,1144000,Foreign_Investor,453000
2024-08-20,1597,0,Foreign_Dealer_Self,0
2024-08-20,1597,0,Investment_Trust,0
2024-08-20,1597,0,Dealer_self,8000
2024-08-20,1597,0,Dealer_Hedging,0
2024-08-21,1597,957000,Foreign_Investor,1270532
2024-08-21,1597,0,Foreign_Dealer_Self,0
2024-08-21,1597,0,Investment_Trust,0
2024-08-21,1597,20000,Dealer_self,37000
2024-08-21,1597,0,Dealer_Hedging,0
2024-08-22,1597,628000,Foreign_Investor,626000
2024-08-22,1597,0,Foreign_Dealer_Self,0
2024-08-22,1597,0,Investment_Trust,0
2024-08-22,1597,1000,Dealer_self,21000
2024-08-22,1597,0,Dealer_Hedging,0
2024-08-23,1597,711000,Foreign_Investor,485000
2024-08-23,1597,0,Foreign_Dealer_Self,0
2024-08-23,1597,0,Investment_Trust,0
2024-08-23,1597,0,Dealer_self,0
2024-08-23,1597,0,Dealer_Hedging,0
2024-08-26,1597,712000,Foreign_Investor,510000
2024-08-26,1597,0,Foreign_Dealer_Self,0
2024-08-26,1597,0,Investment_Trust,0
2024-08-26,1597,2000,Dealer_self,1000
2024-08-26,1597,0,Dealer_Hedging,0
2024-08-27,1597,2058000,Foreign_Investor,1722000
2024-08-27,1597,0,Foreign_Dealer_Self,0
2024-08-27,1597,0,Investment_Trust,0
2024-08-27,1597,0,Dealer_self,2000
2024-08-27,1597,0,Dealer_Hedging,0
2024-08-28,1597,1374000,Foreign_Investor,2724000
2024-08-28,1597,0,Foreign_Dealer_Self,0
2024-08-28,1597,0,Investment_Trust,0
2024-08-28,1597,0,Dealer_self,1000
2024-08-28,1597,0,Dealer_Hedging,0
2024-08-29,1597,1182000,Foreign_Investor,937000
2024-08-29,1597,0,Foreign_Dealer_Self,0
2024-08-29,1597,0,Investment_Trust,0
2024-08-29,1597,6000,Dealer_self,2000
2024-08-29,1597,0,Dealer_Hedging,0
2024-08-30,1597,800200,Foreign_Investor,1162000
2024-08-30,1597,0,Foreign_Dealer_Self,0
2024-08-30,1597,250000,Investment_Trust,0
2024-08-30,1597,20000,Dealer_self,2000
2024-08-30,1597,0,Dealer_Hedging,0
2024-09-02,1597,1789200,Foreign_Investor,1336000
2024-09-02,1597,0,Foreign_Dealer_Self,0
2024-09-02,1597,0,Investment_Trust,0
2024-09-02,1597,8000,Dealer_self,0
2024-09-02,1597,0,Dealer_Hedging,0
2024-09-03,1597,956200,Foreign_Investor,1271000
2024-09-03,1597,0,Foreign_Dealer_Self,0
2024-09-03,1597,0,Investment_Trust,0
2024-09-03,1597,11000,Dealer_self,1000
2024-09-03,1597,0,Dealer_Hedging,0
2024-09-04,1597,1461200,Foreign_Investor,833675
2024-09-04,1597,0,Foreign_Dealer_Self,0
2024-09-04,1597,0,Investment_Trust,0
2024-09-04,1597,0,Dealer_self,12000
2024-09-04,1597,0,Dealer_Hedging,0
2024-09-05,1597,792200,Foreign_Investor,1613000
2024-09-05,1597,0,Foreign_Dealer_Self,0
2024-09-05,1597,0,Investment_Trust,0
2024-09-05,1597,1000,Dealer_self,44000
2024-09-05,1597,0,Dealer_Hedging,0
2024-09-06,1597,512000,Foreign_Investor,408000
2024-09-06,1597,0,Foreign_Dealer_Self,0
2024-09-06,1597,0,Investment_Trust,0
2024-09-06,1597,0,Dealer_self,1000
2024-09-06,1597,0,Dealer_Hedging,0
2024-09-09,1597,339000,Foreign_Investor,473712
2024-09-09,1597,0,Foreign_Dealer_Self,0
2024-09-09,1597,2000,Investment_Trust,0
2024-09-09,1597,1000,Dealer_self,2000
2024-09-09,1597,0,Dealer_Hedging,0
2024-09-10,1597,913400,Foreign_Investor,450000
2024-09-10,1597,0,Foreign_Dealer_Self,0
2024-09-10,1597,0,Investment_Trust,0
2024-09-10,1597,0,Dealer_self,0
2024-09-10,1597,0,Dealer_Hedging,0
2024-09-11,1597,517000,Foreign_Investor,592000
2024-09-11,1597,0,Foreign_Dealer_Self,0
2024-09-11,1597,3000,Investment_Trust,0
2024-09-11,1597,0,Dealer_self,25000
2024-09-11,1597,0,Dealer_Hedging,0
2024-09-12,1597,666000,Foreign_Investor,521000
2024-09-12,1597,0,Foreign_Dealer_Self,0
2024-09-12,1597,0,Investment_Trust,0
2024-09-12,1597,1000,Dealer_self,1000
2024-09-12,1597,0,Dealer_Hedging,0
2024-09-13,1597,422000,Foreign_Investor,286000
2024-09-13,1597,0,Foreign_Dealer_Self,0
2024-09-13,1597,0,Investment_Trust,0
2024-09-13,1597,0,Dealer_self,14000
2024-09-13,1597,0,Dealer_Hedging,0
2024-09-16,1597,276000,Foreign_Investor,268000
2024-09-16,1597,0,Foreign_Dealer_Self,0
2024-09-16,1597,0,Investment_Trust,0
2024-09-16,1597,0,Dealer_self,0
2024-09-16,1597,0,Dealer_Hedging,0
2024-09-18,1597,359000,Foreign_Investor,434000
2024-09-18,1597,0,Foreign_Dealer_Self,0
2024-09-18,1597,0,Investment_Trust,0
2024-09-18,1597,0,Dealer_self,0
2024-09-18,1597,0,Dealer_Hedging,0
2024-09-19,1597,476000,Foreign_Investor,255000
2024-09-19,1597,0,Foreign_Dealer_Self,0
2024-09-19,1597,0,Investment_Trust,0
2024-09-19,1597,0,Dealer_self,0
2024-09-19,1597,0,Dealer_Hedging,0
2024-09-20,1597,632000,Foreign_Investor,1199000
2024-09-20,1597,0,Foreign_Dealer_Self,0
2024-09-20,1597,0,Investment_Trust,0
2024-09-20,1597,1000,Dealer_self,0
2024-09-20,1597,0,Dealer_Hedging,0
2024-09-23,1597,196000,Foreign_Investor,357000
2024-09-23,1597,0,Foreign_Dealer_Self,0
2024-09-23,1597,2000,Investment_Trust,0
2024-09-23,1597,0,Dealer_self,0
2024-09-23,1597,0,Dealer_Hedging,0
2024-09-24,1597,233200,Foreign_Investor,144000
2024-09-24,1597,0,Foreign_Dealer_Self,0
2024-09-24,1597,2000,Investment_Trust,0
2024-09-24,1597,10001,Dealer_self,0
2024-09-24,1597,0,Dealer_Hedging,0
2024-09-25,1597,967200,Foreign_Investor,280000
2024-09-25,1597,0,Foreign_Dealer_Self,0
2024-09-25,1597,0,Investment_Trust,0
2024-09-25,1597,0,Dealer_self,1
2024-09-25,1597,0,Dealer_Hedging,0
2024-09-26,1597,363200,Foreign_Investor,680000
2024-09-26,1597,0,Foreign_Dealer_Self,0
2024-09-26,1597,0,Investment_Trust,0
2024-09-26,1597,3000,Dealer_self,0
2024-09-26,1597,0,Dealer_Hedging,0
2024-09-27,1597,992200,Foreign_Investor,408000
2024-09-27,1597,0,Foreign_Dealer_Self,0
2024-09-27,1597,0,Investment_Trust,0
2024-09-27,1597,10000,Dealer_self,1000
2024-09-27,1597,0,Dealer_Hedging,0
2024-09-30,1597,1394200,Foreign_Investor,1094000
2024-09-30,1597,0,Foreign_Dealer_Self,0
2024-09-30,1597,0,Investment_Trust,0
2024-09-30,1597,1000,Dealer_self,0
2024-09-30,1597,0,Dealer_Hedging,0
2024-10-01,1597,301000,Foreign_Investor,678000
2024-10-01,1597,0,Foreign_Dealer_Self,0
2024-10-01,1597,0,Investment_Trust,0
2024-10-01,1597,0,Dealer_self,0
2024-10-01,1597,0,Dealer_Hedging,0
2024-10-04,1597,213000,Foreign_Investor,296000
2024-10-04,1597,0,Foreign_Dealer_Self,0
2024-10-04,1597,2000,Investment_Trust,0
2024-10-04,1597,0,Dealer_self,25000
2024-10-04,1597,0,Dealer_Hedging,0
2024-10-07,1597,1000000,Foreign_Investor,240000
2024-10-07,1597,0,Foreign_Dealer_Self,0
2024-10-07,1597,0,Investment_Trust,0
2024-10-07,1597,1000,Dealer_self,2000
2024-10-07,1597,0,Dealer_Hedging,0
2024-10-08,1597,220000,Foreign_Investor,700000
2024-10-08,1597,0,Foreign_Dealer_Self,0
2024-10-08,1597,2000,Investment_Trust,0
2024-10-08,1597,0,Dealer_self,1000
2024-10-08,1597,0,Dealer_Hedging,0
2024-10-09,1597,254000,Foreign_Investor,671000
2024-10-09,1597,0,Foreign_Dealer_Self,0
2024-10-09,1597,0,Investment_Trust,0
2024-10-09,1597,0,Dealer_self,0
2024-10-09,1597,0,Dealer_Hedging,0
2024-10-11,1597,235000,Foreign_Investor,241000
2024-10-11,1597,0,Foreign_Dealer_Self,0
2024-10-11,1597,4000,Investment_Trust,0
2024-10-11,1597,0,Dealer_self,1000
2024-10-11,1597,0,Dealer_Hedging,0
2024-10-14,1597,611000,Foreign_Investor,410000
2024-10-14,1597,0,Foreign_Dealer_Self,0
2024-10-14,1597,0,Investment_Trust,251000
2024-10-14,1597,0,Dealer_self,10000
2024-10-14,1597,0,Dealer_Hedging,0
2024-10-15,1597,1512000,Foreign_Investor,720000
2024-10-15,1597,0,Foreign_Dealer_Self,0
2024-10-15,1597,0,Investment_Trust,0
2024-10-15,1597,0,Dealer_self,2000
2024-10-15,1597,5000,Dealer_Hedging,0
2024-10-16,1597,1184000,Foreign_Investor,1926000
2024-10-16,1597,0,Foreign_Dealer_Self,0
2024-10-16,1597,0,Investment_Trust,13000
2024-10-16,1597,0,Dealer_self,0
2024-10-16,1597,0,Dealer_Hedging,5000
2024-10-17,1597,4331000,Foreign_Investor,1071000
2024-10-17,1597,0,Foreign_Dealer_Self,0
2024-10-17,1597,0,Investment_Trust,0
2024-10-17,1597,3000,Dealer_self,6000
2024-10-17,1597,5000,Dealer_Hedging,0
2024-10-18,1597,2883000,Foreign_Investor,2988000
2024-10-18,1597,0,Foreign_Dealer_Self,0
2024-10-18,1597,0,Investment_Trust,5000
2024-10-18,1597,8000,Dealer_self,7000
2024-10-18,1597,0,Dealer_Hedging,0
2024-10-21,1597,4440000,Foreign_Investor,2861000
2024-10-21,1597,0,Foreign_Dealer_Self,0
2024-10-21,1597,0,Investment_Trust,102000
2024-10-21,1597,10151,Dealer_self,0
2024-10-21,1597,10000,Dealer_Hedging,0
2024-10-22,1597,6907060,Foreign_Investor,8364000
2024-10-22,1597,0,Foreign_Dealer_Self,0
2024-10-22,1597,0,Investment_Trust,104000
2024-10-22,1597,2000,Dealer_self,6999
2024-10-22,1597,23000,Dealer_Hedging,0
2024-10-23,1597,1651030,Foreign_Investor,1939100
2024-10-23,1597,0,Foreign_Dealer_Self,0
2024-10-23,1597,0,Investment_Trust,101000
2024-10-23,1597,1000,Dealer_self,750
2024-10-23,1597,0,Dealer_Hedging,0
2024-10-24,1597,2417032,Foreign_Investor,2523000
2024-10-24,1597,0,Foreign_Dealer_Self,0
2024-10-24,1597,0,Investment_Trust,102000
2024-10-24,1597,11000,Dealer_self,6898
2024-10-24,1597,3000,Dealer_Hedging,0
2024-10-25,1597,807300,Foreign_Investor,743000
2024-10-25,1597,0,Foreign_Dealer_Self,0
2024-10-25,1597,0,Investment_Trust,101000
2024-10-25,1597,0,Dealer_self,2000
2024-10-25,1597,10000,Dealer_Hedging,0
2024-10-28,1597,840130,Foreign_Investor,597000
2024-10-28,1597,0,Foreign_Dealer_Self,0
2024-10-28,1597,0,Investment_Trust,0
2024-10-28,1597,6000,Dealer_self,4319
2024-10-28,1597,0,Dealer_Hedging,3000
2024-10-29,1597,505000,Foreign_Investor,836000
2024-10-29,1597,0,Foreign_Dealer_Self,0
2024-10-29,1597,0,Investment_Trust,0
2024-10-29,1597,5000,Dealer_self,6828
2024-10-29,1597,0,Dealer_Hedging,6000
2024-10-30,1597,447000,Foreign_Investor,399000
2024-10-30,1597,0,Foreign_Dealer_Self,0
2024-10-30,1597,0,Investment_Trust,0
2024-10-30,1597,5000,Dealer_self,6110
2024-10-30,1597,0,Dealer_Hedging,3000
2024-11-01,1597,394000,Foreign_Investor,346512
2024-11-01,1597,0,Foreign_Dealer_Self,0
2024-11-01,1597,0,Investment_Trust,0
2024-11-01,1597,5000,Dealer_self,4684
2024-11-01,1597,0,Dealer_Hedging,31
2024-11-04,1597,241000,Foreign_Investor,419000
2024-11-04,1597,0,Foreign_Dealer_Self,0
2024-11-04,1597,0,Investment_Trust,0
2024-11-04,1597,4000,Dealer_self,5522
2024-11-04,1597,0,Dealer_Hedging,0
2024-11-05,1597,1037000,Foreign_Investor,2638100
2024-11-05,1597,0,Foreign_Dealer_Self,0
2024-11-05,1597,0,Investment_Trust,0
2024-11-05,1597,6000,Dealer_self,7041
2024-11-05,1597,3000,Dealer_Hedging,0
2024-11-06,1597,515000,Foreign_Investor,602000
2024-11-06,1597,0,Foreign_Dealer_Self,0
2024-11-06,1597,0,Investment_Trust,0
2024-11-06,1597,1000,Dealer_self,3928
2024-11-06,1597,3000,Dealer_Hedging,0
2024-11-07,1597,841000,Foreign_Investor,944000
2024-11-07,1597,0,Foreign_Dealer_Self,0
2024-11-07,1597,0,Investment_Trust,0
2024-11-07,1597,2000,Dealer_self,1519
2024-11-07,1597,28200,Dealer_Hedging,0
2024-11-08,1597,483000,Foreign_Investor,939465
2024-11-08,1597,0,Foreign_Dealer_Self,0
2024-11-08,1597,0,Investment_Trust,0
2024-11-08,1597,9000,Dealer_self,6553
2024-11-08,1597,0,Dealer_Hedging,8000
2024-11-11,1597,548924,Foreign_Investor,402000
2024-11-11,1597,0,Foreign_Dealer_Self,0
2024-11-11,1597,0,Investment_Trust,0
2024-11-11,1597,5000,Dealer_self,4062
2024-11-11,1597,0,Dealer_Hedging,1000
2024-11-12,1597,376000,Foreign_Investor,440000
2024-11-12,1597,0,Foreign_Dealer_Self,0
2024-11-12,1597,0,Investment_Trust,0
2024-11-12,1597,8000,Dealer_self,9081
2024-11-12,1597,0,Dealer_Hedging,2000
2024-11-13,1597,193000,Foreign_Investor,485000
2024-11-13,1597,0,Foreign_Dealer_Self,0
2024-11-13,1597,0,Investment_Trust,0
2024-11-13,1597,9000,Dealer_self,6857
2024-11-13,1597,0,Dealer_Hedging,1000
2024-11-14,1597,233000,Foreign_Investor,374000
2024-11-14,1597,0,Foreign_Dealer_Self,0
2024-11-14,1597,0,Investment_Trust,0
2024-11-14,1597,6000,Dealer_self,9000
2024-11-14,1597,0,Dealer_Hedging,0
2024-11-15,1597,473000,Foreign_Investor,175000
2024-11-15,1597,0,Foreign_Dealer_Self,0
2024-11-15,1597,0,Investment_Trust,0
2024-11-15,1597,3000,Dealer_self,1294
2024-11-15,1597,0,Dealer_Hedging,6000
2024-11-18,1597,409000,Foreign_Investor,280000
2024-11-18,1597,0,Foreign_Dealer_Self,0
2024-11-18,1597,0,Investment_Trust,0
2024-11-18,1597,6000,Dealer_self,5706
2024-11-18,1597,0,Dealer_Hedging,0
2024-11-19,1597,397000,Foreign_Investor,185000
2024-11-19,1597,0,Foreign_Dealer_Self,0
2024-11-19,1597,0,Investment_Trust,0
2024-11-19,1597,2000,Dealer_self,605
2024-11-19,1597,0,Dealer_Hedging,0
2024-11-20,1597,169020,Foreign_Investor,463000
2024-11-20,1597,0,Foreign_Dealer_Self,0
2024-11-20,1597,0,Investment_Trust,0
2024-11-20,1597,5000,Dealer_self,3904
2024-11-20,1597,0,Dealer_Hedging,0
2024-11-21,1597,161000,Foreign_Investor,179000
2024-11-21,1597,0,Foreign_Dealer_Self,0
2024-11-21,1597,0,Investment_Trust,0
2024-11-21,1597,1000,Dealer_self,5315
2024-11-21,1597,0,Dealer_Hedging,0
2024-11-22,1597,307000,Foreign_Investor,201000
2024-11-22,1597,0,Foreign_Dealer_Self,0
2024-11-22,1597,0,Investment_Trust,0
2024-11-22,1597,3000,Dealer_self,962
2024-11-22,1597,0,Dealer_Hedging,4000
2024-11-25,1597,421000,Foreign_Investor,383000
2024-11-25,1597,0,Foreign_Dealer_Self,0
2024-11-25,1597,0,Investment_Trust,0
2024-11-25,1597,4000,Dealer_self,1646
2024-11-25,1597,0,Dealer_Hedging,0
2024-11-26,1597,464000,Foreign_Investor,878000
2024-11-26,1597,0,Foreign_Dealer_Self,0
2024-11-26,1597,0,Investment_Trust,0
2024-11-26,1597,1000,Dealer_self,1000
2024-11-26,1597,2000,Dealer_Hedging,0
2024-11-27,1597,287000,Foreign_Investor,488000
2024-11-27,1597,0,Foreign_Dealer_Self,0
2024-11-27,1597,0,Investment_Trust,0
2024-11-27,1597,5000,Dealer_self,6073
2024-11-27,1597,0,Dealer_Hedging,4000
2024-11-28,1597,278000,Foreign_Investor,236000
2024-11-28,1597,0,Foreign_Dealer_Self,0
2024-11-28,1597,0,Investment_Trust,0
2024-11-28,1597,1000,Dealer_self,633
2024-11-28,1597,0,Dealer_Hedging,2000
2024-11-29,1597,136000,Foreign_Investor,234000
2024-11-29,1597,0,Foreign_Dealer_Self,0
2024-11-29,1597,0,Investment_Trust,0
2024-11-29,1597,1000,Dealer_self,1080
2024-11-29,1597,0,Dealer_Hedging,5000
2024-12-02,1597,123000,Foreign_Investor,149000
2024-12-02,1597,0,Foreign_Dealer_Self,0
2024-12-02,1597,0,Investment_Trust,0
2024-12-02,1597,0,Dealer_self,134
2024-12-02,1597,0,Dealer_Hedging,0
2024-12-03,1597,215000,Foreign_Investor,149000
2024-12-03,1597,0,Foreign_Dealer_Self,0
2024-12-03,1597,0,Investment_Trust,0
2024-12-03,1597,2000,Dealer_self,1339
2024-12-03,1597,0,Dealer_Hedging,2000
2024-12-04,1597,163000,Foreign_Investor,106000
2024-12-04,1597,0,Foreign_Dealer_Self,0
2024-12-04,1597,0,Investment_Trust,0
2024-12-04,1597,2000,Dealer_self,2022
2024-12-04,1597,0,Dealer_Hedging,1000
2024-12-05,1597,314000,Foreign_Investor,393000
2024-12-05,1597,0,Foreign_Dealer_Self,0
2024-12-05,1597,0,Investment_Trust,0
2024-12-05,1597,3000,Dealer_self,2511
2024-12-05,1597,0,Dealer_Hedging,1000
2024-12-06,1597,139000,Foreign_Investor,363000
2024-12-06,1597,0,Foreign_Dealer_Self,0
2024-12-06,1597,0,Investment_Trust,0
2024-12-06,1597,4000,Dealer_self,4563
2024-12-06,1597,0,Dealer_Hedging,0
2024-12-09,1597,181000,Foreign_Investor,177000
2024-12-09,1597,0,Foreign_Dealer_Self,0
2024-12-09,1597,0,Investment_Trust,0
2024-12-09,1597,2000,Dealer_self,2080
2024-12-09,1597,0,Dealer_Hedging,0
2024-12-10,1597,335000,Foreign_Investor,189000
2024-12-10,1597,0,Foreign_Dealer_Self,0
2024-12-10,1597,0,Investment_Trust,0
2024-12-10,1597,0,Dealer_self,0
2024-12-10,1597,0,Dealer_Hedging,0
2024-12-11,1597,1021000,Foreign_Investor,577000
2024-12-11,1597,0,Foreign_Dealer_Self,0
2024-12-11,1597,0,Investment_Trust,0
2024-12-11,1597,2000,Dealer_self,3155
2024-12-11,1597,11353,Dealer_Hedging,0
2024-12-12,1597,543320,Foreign_Investor,1063000
2024-12-12,1597,0,Foreign_Dealer_Self,0
2024-12-12,1597,0,Investment_Trust,0
2024-12-12,1597,4000,Dealer_self,5834
2024-12-12,1597,0,Dealer_Hedging,0
2024-12-13,1597,306000,Foreign_Investor,408000
2024-12-13,1597,0,Foreign_Dealer_Self,0
2024-12-13,1597,0,Investment_Trust,0
2024-12-13,1597,3000,Dealer_self,3065
2024-12-13,1597,0,Dealer_Hedging,0
2024-12-16,1597,264000,Foreign_Investor,303000
2024-12-16,1597,0,Foreign_Dealer_Self,0
2024-12-16,1597,0,Investment_Trust,0
2024-12-16,1597,4000,Dealer_self,3152
2024-12-16,1597,0,Dealer_Hedging,0
2024-12-17,1597,1471000,Foreign_Investor,996220
2024-12-17,1597,0,Foreign_Dealer_Self,0
2024-12-17,1597,0,Investment_Trust,0
2024-12-17,1597,23986,Dealer_self,0
2024-12-17,1597,5000,Dealer_Hedging,0
2024-12-18,1597,3163000,Foreign_Investor,3625000
2024-12-18,1597,0,Foreign_Dealer_Self,0
2024-12-18,1597,0,Investment_Trust,0
2024-12-18,1597,7000,Dealer_self,31721
2024-12-18,1597,25010,Dealer_Hedging,6353
2024-12-19,1597,1240000,Foreign_Investor,996015
2024-12-19,1597,0,Foreign_Dealer_Self,0
2024-12-19,1597,0,Investment_Trust,0
2024-12-19,1597,0,Dealer_self,3156
2024-12-19,1597,30000,Dealer_Hedging,0
2024-12-20,1597,1214000,Foreign_Investor,1989300
2024-12-20,1597,0,Foreign_Dealer_Self,0
2024-12-20,1597,0,Investment_Trust,0
2024-12-20,1597,5000,Dealer_self,4613
2024-12-20,1597,18000,Dealer_Hedging,31000
2024-12-23,1597,4184400,Foreign_Investor,1891497
2024-12-23,1597,0,Foreign_Dealer_Self,0
2024-12-23,1597,0,Investment_Trust,0
2024-12-23,1597,21445,Dealer_self,1
2024-12-23,1597,31625,Dealer_Hedging,0
2024-12-24,1597,7951200,Foreign_Investor,6019775
2024-12-24,1597,0,Foreign_Dealer_Self,0
2024-12-24,1597,0,Investment_Trust,0
2024-12-24,1597,29000,Dealer_self,31541
2024-12-24,1597,71000,Dealer_Hedging,999
2024-12-25,1597,4735210,Foreign_Investor,3866400
2024-12-25,1597,0,Foreign_Dealer_Self,0
2024-12-25,1597,0,Investment_Trust,0
2024-12-25,1597,0,Dealer_self,15000
2024-12-25,1597,133000,Dealer_Hedging,71034
2024-12-26,1597,1273020,Foreign_Investor,1594000
2024-12-26,1597,0,Foreign_Dealer_Self,0
2024-12-26,1597,0,Investment_Trust,0
2024-12-26,1597,0,Dealer_self,1001
2024-12-26,1597,0,Dealer_Hedging,41000
2024-12-27,1597,1656010,Foreign_Investor,1345200
2024-12-27,1597,0,Foreign_Dealer_Self,0
2024-12-27,1597,0,Investment_Trust,0
2024-12-27,1597,6000,Dealer_self,574
2024-12-27,1597,0,Dealer_Hedging,67734
2024-12-30,1597,1387000,Foreign_Investor,1366000
2024-12-30,1597,0,Foreign_Dealer_Self,0
2024-12-30,1597,0,Investment_Trust,0
2024-12-30,1597,1000,Dealer_self,778
2024-12-30,1597,24000,Dealer_Hedging,1743
2024-12-31,1597,3449000,Foreign_Investor,3642100
2024-12-31,1597,0,Foreign_Dealer_Self,0
2024-12-31,1597,0,Investment_Trust,0
2024-12-31,1597,6000,Dealer_self,4059
2024-12-31,1597,42828,Dealer_Hedging,1106
2025-01-02,1597,11824000,Foreign_Investor,8971240
2025-01-02,1597,0,Foreign_Dealer_Self,0
2025-01-02,1597,0,Investment_Trust,0
2025-01-02,1597,18070,Dealer_self,18887
2025-01-02,1597,195121,Dealer_Hedging,11555
2025-01-03,1597,6433000,Foreign_Investor,6536000
2025-01-03,1597,0,Foreign_Dealer_Self,0
2025-01-03,1597,0,Investment_Trust,0
2025-01-03,1597,11000,Dealer_self,3714
2025-01-03,1597,1000,Dealer_Hedging,91309
2025-01-06,1597,2144350,Foreign_Investor,3012115
2025-01-06,1597,0,Foreign_Dealer_Self,0
2025-01-06,1597,0,Investment_Trust,0
2025-01-06,1597,13000,Dealer_self,7886
2025-01-06,1597,13000,Dealer_Hedging,60186
2025-01-07,1597,2306100,Foreign_Investor,3978000
2025-01-07,1597,0,Foreign_Dealer_Self,0
2025-01-07,1597,150000,Investment_Trust,0
2025-01-07,1597,2000,Dealer_self,2159
2025-01-07,1597,0,Dealer_Hedging,22575
2025-01-08,1597,1750100,Foreign_Investor,969000
2025-01-08,1597,0,Foreign_Dealer_Self,0
2025-01-08,1597,0,Investment_Trust,0
2025-01-08,1597,3000,Dealer_self,1628
2025-01-08,1597,0,Dealer_Hedging,5408
2025-01-09,1597,1685000,Foreign_Investor,1271000
2025-01-09,1597,0,Foreign_Dealer_Self,0
2025-01-09,1597,0,Investment_Trust,0
2025-01-09,1597,0,Dealer_self,703
2025-01-09,1597,4000,Dealer_Hedging,6497
2025-01-10,1597,566000,Foreign_Investor,946588
2025-01-10,1597,0,Foreign_Dealer_Self,0
2025-01-10,1597,0,Investment_Trust,0
2025-01-10,1597,2000,Dealer_self,1835
2025-01-10,1597,4000,Dealer_Hedging,9672
2025-01-13,1597,1952000,Foreign_Investor,1040000
2025-01-13,1597,0,Foreign_Dealer_Self,0
2025-01-13,1597,0,Investment_Trust,0
2025-01-13,1597,0,Dealer_self,11043
2025-01-13,1597,0,Dealer_Hedging,94515
2025-01-14,1597,919020,Foreign_Investor,2094000
2025-01-14,1597,0,Foreign_Dealer_Self,0
2025-01-14,1597,150000,Investment_Trust,0
2025-01-14,1597,2000,Dealer_self,1948
2025-01-14,1597,9355,Dealer_Hedging,12436
2025-01-15,1597,1435000,Foreign_Investor,1735000
2025-01-15,1597,0,Foreign_Dealer_Self,0
2025-01-15,1597,0,Investment_Trust,0
2025-01-15,1597,32000,Dealer_self,22473
2025-01-15,1597,0,Dealer_Hedging,18707
2025-01-16,1597,1022000,Foreign_Investor,2050000
2025-01-16,1597,0,Foreign_Dealer_Self,0
2025-01-16,1597,0,Investment_Trust,0
2025-01-16,1597,12000,Dealer_self,5001
2025-01-16,1597,24439,Dealer_Hedging,4995
2025-01-17,1597,975000,Foreign_Investor,1218000
2025-01-17,1597,0,Foreign_Dealer_Self,0
2025-01-17,1597,70000,Investment_Trust,0
2025-01-17,1597,3000,Dealer_self,9005
2025-01-17,1597,17000,Dealer_Hedging,15695
2025-01-20,1597,957000,Foreign_Investor,683490
2025-01-20,1597,0,Foreign_Dealer_Self,0
2025-01-20,1597,69000,Investment_Trust,0
2025-01-20,1597,4000,Dealer_self,0
2025-01-20,1597,7000,Dealer_Hedging,16264
2025-01-21,1597,309000,Foreign_Investor,607000
2025-01-21,1597,0,Foreign_Dealer_Self,0
2025-01-21,1597,70000,Investment_Trust,0
2025-01-21,1597,71000,Dealer_self,0
2025-01-21,1597,4000,Dealer_Hedging,10251
2025-01-22,1597,370000,Foreign_Investor,623000
2025-01-22,1597,0,Foreign_Dealer_Self,0
2025-01-22,1597,70000,Investment_Trust,0
2025-01-22,1597,5000,Dealer_self,14250
2025-01-22,1597,1000,Dealer_Hedging,2752
2025-02-03,1597,907000,Foreign_Investor,1601000
2025-02-03,1597,0,Foreign_Dealer_Self,0
2025-02-03,1597,61000,Investment_Trust,0
2025-02-03,1597,17000,Dealer_self,113760
2025-02-03,1597,3195,Dealer_Hedging,6844
2025-02-04,1597,1111000,Foreign_Investor,1114000
2025-02-04,1597,0,Foreign_Dealer_Self,0
2025-02-04,1597,3000,Investment_Trust,0
2025-02-04,1597,8000,Dealer_self,10868
2025-02-04,1597,2099,Dealer_Hedging,2809
2025-02-05,1597,1102000,Foreign_Investor,2677000
2025-02-05,1597,0,Foreign_Dealer_Self,0
2025-02-05,1597,7000,Investment_Trust,0
2025-02-05,1597,9000,Dealer_self,5389
2025-02-05,1597,53866,Dealer_Hedging,6346
2025-02-06,1597,2012000,Foreign_Investor,1839000
2025-02-06,1597,0,Foreign_Dealer_Self,0
2025-02-06,1597,3000,Investment_Trust,0
2025-02-06,1597,2000,Dealer_self,6868
2025-02-06,1597,35899,Dealer_Hedging,8582
2025-02-07,1597,759000,Foreign_Investor,476000
2025-02-07,1597,0,Foreign_Dealer_Self,0
2025-02-07,1597,0,Investment_Trust,0
2025-02-07,1597,4264,Dealer_self,0
2025-02-07,1597,38238,Dealer_Hedging,10165
2025-02-10,1597,388100,Foreign_Investor,792000
2025-02-10,1597,0,Foreign_Dealer_Self,0
2025-02-10,1597,0,Investment_Trust,0
2025-02-10,1597,1042,Dealer_self,2588
2025-02-10,1597,12558,Dealer_Hedging,14593
2025-02-11,1597,755000,Foreign_Investor,1231000
2025-02-11,1597,0,Foreign_Dealer_Self,0
2025-02-11,1597,0,Investment_Trust,0
2025-02-11,1597,8632,Dealer_self,7546
2025-02-11,1597,34224,Dealer_Hedging,10199
2025-02-12,1597,2594100,Foreign_Investor,2374000
2025-02-12,1597,0,Foreign_Dealer_Self,0
2025-02-12,1597,0,Investment_Trust,0
2025-02-12,1597,14255,Dealer_self,18743
2025-02-12,1597,146786,Dealer_Hedging,27101
2025-02-13,1597,915000,Foreign_Investor,1088000
2025-02-13,1597,0,Foreign_Dealer_Self,0
2025-02-13,1597,3000,Investment_Trust,0
2025-02-13,1597,3172,Dealer_self,728
2025-02-13,1597,29980,Dealer_Hedging,86842
2025-02-14,1597,2273000,Foreign_Investor,2773300
2025-02-14,1597,0,Foreign_Dealer_Self,0
2025-02-14,1597,0,Investment_Trust,0
2025-02-14,1597,24003,Dealer_self,4843
2025-02-14,1597,85395,Dealer_Hedging,128929
2025-02-17,1597,1503000,Foreign_Investor,1235000
2025-02-17,1597,0,Foreign_Dealer_Self,0
2025-02-17,1597,2000,Investment_Trust,0
2025-02-17,1597,4000,Dealer_self,2001
2025-02-17,1597,23552,Dealer_Hedging,43655
2025-02-18,1597,1232000,Foreign_Investor,943000
2025-02-18,1597,0,Foreign_Dealer_Self,0
2025-02-18,1597,2000,Investment_Trust,0
2025-02-18,1597,8000,Dealer_self,4040
2025-02-18,1597,19829,Dealer_Hedging,38666
2025-02-19,1597,1031100,Foreign_Investor,1478000
2025-02-19,1597,0,Foreign_Dealer_Self,0
2025-02-19,1597,3000,Investment_Trust,0
2025-02-19,1597,9000,Dealer_self,6215
2025-02-19,1597,43822,Dealer_Hedging,23749
2025-02-20,1597,656100,Foreign_Investor,337100
2025-02-20,1597,0,Foreign_Dealer_Self,0
2025-02-20,1597,7000,Investment_Trust,0
2025-02-20,1597,10000,Dealer_self,0
2025-02-20,1597,9000,Dealer_Hedging,35554
2025-02-21,1597,777000,Foreign_Investor,470000
2025-02-21,1597,0,Foreign_Dealer_Self,0
2025-02-21,1597,0,Investment_Trust,0
2025-02-21,1597,12000,Dealer_self,7000
2025-02-21,1597,41067,Dealer_Hedging,8187
2025-02-24,1597,578000,Foreign_Investor,415120
2025-02-24,1597,0,Foreign_Dealer_Self,0
2025-02-24,1597,1000,Investment_Trust,0
2025-02-24,1597,2000,Dealer_self,34407
2025-02-24,1597,23000,Dealer_Hedging,19135
2025-02-25,1597,468000,Foreign_Investor,607000
2025-02-25,1597,0,Foreign_Dealer_Self,0
2025-02-25,1597,1000,Investment_Trust,0
2025-02-25,1597,0,Dealer_self,3668
2025-02-25,1597,9000,Dealer_Hedging,29124
2025-02-26,1597,191000,Foreign_Investor,327000
2025-02-26,1597,0,Foreign_Dealer_Self,0
2025-02-26,1597,0,Investment_Trust,0
2025-02-26,1597,0,Dealer_self,4001
2025-02-26,1597,6000,Dealer_Hedging,16105
2025-02-27,1597,801000,Foreign_Investor,851000
2025-02-27,1597,0,Foreign_Dealer_Self,0
2025-02-27,1597,0,Investment_Trust,0
2025-02-27,1597,1000,Dealer_self,45
2025-02-27,1597,19166,Dealer_Hedging,21946
2025-03-03,1597,435000,Foreign_Investor,408000
2025-03-03,1597,0,Foreign_Dealer_Self,0
2025-03-03,1597,12000,Investment_Trust,0
2025-03-03,1597,6000,Dealer_self,1525
2025-03-03,1597,3007,Dealer_Hedging,20015
2025-03-04,1597,554000,Foreign_Investor,654000
2025-03-04,1597,0,Foreign_Dealer_Self,0
2025-03-04,1597,1000,Investment_Trust,0
2025-03-04,1597,4000,Dealer_self,107
2025-03-04,1597,8683,Dealer_Hedging,9712
2025-03-05,1597,932000,Foreign_Investor,671000
2025-03-05,1597,0,Foreign_Dealer_Self,0
2025-03-05,1597,0,Investment_Trust,0
2025-03-05,1597,0,Dealer_self,1000
2025-03-05,1597,23384,Dealer_Hedging,8001
2025-03-06,1597,226020,Foreign_Investor,473000
2025-03-06,1597,0,Foreign_Dealer_Self,0
2025-03-06,1597,0,Investment_Trust,0
2025-03-06,1597,0,Dealer_self,0
2025-03-06,1597,15095,Dealer_Hedging,13246
2025-03-07,1597,185000,Foreign_Investor,511000
2025-03-07,1597,0,Foreign_Dealer_Self,0
2025-03-07,1597,1000,Investment_Trust,0
2025-03-07,1597,1000,Dealer_self,1043
2025-03-07,1597,8000,Dealer_Hedging,29497
2025-03-10,1597,338000,Foreign_Investor,401000
2025-03-10,1597,0,Foreign_Dealer_Self,0
2025-03-10,1597,4000,Investment_Trust,0
2025-03-10,1597,1000,Dealer_self,2787
2025-03-10,1597,1000,Dealer_Hedging,22133
2025-03-11,1597,665000,Foreign_Investor,373000
2025-03-11,1597,0,Foreign_Dealer_Self,0
2025-03-11,1597,12000,Investment_Trust,150000
2025-03-11,1597,1000,Dealer_self,1837
2025-03-11,1597,4818,Dealer_Hedging,12806
2025-03-12,1597,168078,Foreign_Investor,302000
2025-03-12,1597,0,Foreign_Dealer_Self,0
2025-03-12,1597,0,Investment_Trust,0
2025-03-12,1597,0,Dealer_self,0
2025-03-12,1597,0,Dealer_Hedging,6930
2025-03-13,1597,287000,Foreign_Investor,508000
2025-03-13,1597,0,Foreign_Dealer_Self,0
2025-03-13,1597,0,Investment_Trust,0
2025-03-13,1597,1000,Dealer_self,0
2025-03-13,1597,1430,Dealer_Hedging,6466
2025-03-14,1597,280000,Foreign_Investor,217100
2025-03-14,1597,0,Foreign_Dealer_Self,0
2025-03-14,1597,0,Investment_Trust,0
2025-03-14,1597,0,Dealer_self,0
2025-03-14,1597,5,Dealer_Hedging,2556
2025-03-17,1597,237000,Foreign_Investor,200000
2025-03-17,1597,0,Foreign_Dealer_Self,0
2025-03-17,1597,0,Investment_Trust,0
2025-03-17,1597,0,Dealer_self,4000
2025-03-17,1597,1846,Dealer_Hedging,5474
2025-03-18,1597,108000,Foreign_Investor,155000
2025-03-18,1597,0,Foreign_Dealer_Self,0
2025-03-18,1597,0,Investment_Trust,0
2025-03-18,1597,4000,Dealer_self,225
2025-03-18,1597,45,Dealer_Hedging,2549
2025-03-19,1597,145000,Foreign_Investor,246000
2025-03-19,1597,0,Foreign_Dealer_Self,0
2025-03-19,1597,0,Investment_Trust,0
2025-03-19,1597,6000,Dealer_self,4586
2025-03-19,1597,2000,Dealer_Hedging,7194
2025-03-20,1597,213000,Foreign_Investor,149000
2025-03-20,1597,0,Foreign_Dealer_Self,0
2025-03-20,1597,0,Investment_Trust,0
2025-03-20,1597,3000,Dealer_self,0
2025-03-20,1597,8,Dealer_Hedging,2923
2025-03-21,1597,97000,Foreign_Investor,150000
2025-03-21,1597,0,Foreign_Dealer_Self,0
2025-03-21,1597,0,Investment_Trust,0
2025-03-21,1597,1000,Dealer_self,0
2025-03-21,1597,0,Dealer_Hedging,4828
2025-03-24,1597,160000,Foreign_Investor,170000
2025-03-24,1597,0,Foreign_Dealer_Self,0
2025-03-24,1597,0,Investment_Trust,0
2025-03-24,1597,0,Dealer_self,0
2025-03-24,1597,1000,Dealer_Hedging,11120
2025-03-25,1597,125000,Foreign_Investor,140000
2025-03-25,1597,0,Foreign_Dealer_Self,0
2025-03-25,1597,0,Investment_Trust,0
2025-03-25,1597,1476,Dealer_self,0
2025-03-25,1597,0,Dealer_Hedging,2000
2025-03-26,1597,218000,Foreign_Investor,49000
2025-03-26,1597,0,Foreign_Dealer_Self,0
2025-03-26,1597,0,Investment_Trust,0
2025-03-26,1597,0,Dealer_self,0
2025-03-26,1597,0,Dealer_Hedging,4024
2025-03-27,1597,143000,Foreign_Investor,137000
2025-03-27,1597,0,Foreign_Dealer_Self,0
2025-03-27,1597,0,Investment_Trust,150000
2025-03-27,1597,1000,Dealer_self,1000
2025-03-27,1597,1000,Dealer_Hedging,2211
2025-03-28,1597,309000,Foreign_Investor,138000
2025-03-28,1597,0,Foreign_Dealer_Self,0
2025-03-28,1597,2000,Investment_Trust,0
2025-03-28,1597,0,Dealer_self,2476
2025-03-28,1597,2000,Dealer_Hedging,5995
2025-03-31,1597,867000,Foreign_Investor,580000
2025-03-31,1597,0,Foreign_Dealer_Self,0
2025-03-31,1597,6000,Investment_Trust,0
2025-03-31,1597,1000,Dealer_self,10000
2025-03-31,1597,6000,Dealer_Hedging,9000
2025-04-01,1597,448000,Foreign_Investor,154000
2025-04-01,1597,0,Foreign_Dealer_Self,0
2025-04-01,1597,0,Investment_Trust,0
2025-04-01,1597,37000,Dealer_self,5000
2025-04-01,1597,2653,Dealer_Hedging,5000
2025-04-02,1597,260100,Foreign_Investor,177892
2025-04-02,1597,0,Foreign_Dealer_Self,0
2025-04-02,1597,0,Investment_Trust,0
2025-04-02,1597,0,Dealer_self,1000
2025-04-02,1597,1792,Dealer_Hedging,2363
2025-04-07,1597,24000,Foreign_Investor,490
2025-04-07,1597,0,Foreign_Dealer_Self,0
2025-04-07,1597,0,Investment_Trust,0
2025-04-07,1597,0,Dealer_self,0
2025-04-07,1597,1000,Dealer_Hedging,0
2025-04-08,1597,65000,Foreign_Investor,0
2025-04-08,1597,0,Foreign_Dealer_Self,0
2025-04-08,1597,0,Investment_Trust,0
2025-04-08,1597,0,Dealer_self,0
2025-04-08,1597,0,Dealer_Hedging,1082
2025-04-09,1597,755000,Foreign_Investor,186000
2025-04-09,1597,0,Foreign_Dealer_Self,0
2025-04-09,1597,0,Investment_Trust,0
2025-04-09,1597,2000,Dealer_self,400
2025-04-09,1597,5000,Dealer_Hedging,10000
2025-04-10,1597,358000,Foreign_Investor,261000
2025-04-10,1597,0,Foreign_Dealer_Self,0
2025-04-10,1597,0,Investment_Trust,0
2025-04-10,1597,0,Dealer_self,0
2025-04-10,1597,7000,Dealer_Hedging,7000
2025-04-11,1597,906077,Foreign_Investor,647000
2025-04-11,1597,0,Foreign_Dealer_Self,0
2025-04-11,1597,0,Investment_Trust,14000
2025-04-11,1597,0,Dealer_self,36000
2025-04-11,1597,1260,Dealer_Hedging,4000
2025-04-14,1597,326000,Foreign_Investor,648000
2025-04-14,1597,0,Foreign_Dealer_Self,0
2025-04-14,1597,0,Investment_Trust,2000
2025-04-14,1597,0,Dealer_self,2000
2025-04-14,1597,1000,Dealer_Hedging,7260
2025-04-15,1597,452162,Foreign_Investor,220077
2025-04-15,1597,0,Foreign_Dealer_Self,0
2025-04-15,1597,0,Investment_Trust,1000
2025-04-15,1597,0,Dealer_self,0
2025-04-15,1597,3000,Dealer_Hedging,2000
2025-04-16,1597,229000,Foreign_Investor,336162
2025-04-16,1597,0,Foreign_Dealer_Self,0
2025-04-16,1597,0,Investment_Trust,0
2025-04-16,1597,0,Dealer_self,0
2025-04-16,1597,2000,Dealer_Hedging,0
2025-04-17,1597,293007,Foreign_Investor,251000
2025-04-17,1597,0,Foreign_Dealer_Self,0
2025-04-17,1597,0,Investment_Trust,0
2025-04-17,1597,0,Dealer_self,0
2025-04-17,1597,0,Dealer_Hedging,785
2025-04-18,1597,248000,Foreign_Investor,228007
2025-04-18,1597,0,Foreign_Dealer_Self,0
2025-04-18,1597,0,Investment_Trust,81000
2025-04-18,1597,0,Dealer_self,0
2025-04-18,1597,0,Dealer_Hedging,2000
2025-04-21,1597,227000,Foreign_Investor,193000
2025-04-21,1597,0,Foreign_Dealer_Self,0
2025-04-21,1597,0,Investment_Trust,81000
2025-04-21,1597,0,Dealer_self,0
2025-04-21,1597,0,Dealer_Hedging,4604
2025-04-22,1597,332000,Foreign_Investor,233000
2025-04-22,1597,0,Foreign_Dealer_Self,0
2025-04-22,1597,0,Investment_Trust,80000
2025-04-22,1597,0,Dealer_self,0
2025-04-22,1597,1000,Dealer_Hedging,4000
2025-04-23,1597,322028,Foreign_Investor,206000
2025-04-23,1597,0,Foreign_Dealer_Self,0
2025-04-23,1597,0,Investment_Trust,75000
2025-04-23,1597,0,Dealer_self,0
2025-04-23,1597,1140,Dealer_Hedging,0
2025-04-24,1597,236000,Foreign_Investor,162028
2025-04-24,1597,0,Foreign_Dealer_Self,0
2025-04-24,1597,0,Investment_Trust,76000
2025-04-24,1597,45000,Dealer_self,0
2025-04-24,1597,0,Dealer_Hedging,1000
2025-04-25,1597,494000,Foreign_Investor,607000
2025-04-25,1597,0,Foreign_Dealer_Self,0
2025-04-25,1597,0,Investment_Trust,0
2025-04-25,1597,629,Dealer_self,0
2025-04-25,1597,2436,Dealer_Hedging,140
2025-04-28,1597,902002,Foreign_Investor,2302000
2025-04-28,1597,0,Foreign_Dealer_Self,0
2025-04-28,1597,0,Investment_Trust,0
2025-04-28,1597,0,Dealer_self,629
2025-04-28,1597,350,Dealer_Hedging,436
2025-04-29,1597,910000,Foreign_Investor,1072002
2025-04-29,1597,0,Foreign_Dealer_Self,0
2025-04-29,1597,0,Investment_Trust,0
2025-04-29,1597,8813,Dealer_self,0
2025-04-29,1597,4404,Dealer_Hedging,12350
2025-04-30,1597,1680000,Foreign_Investor,1246000
2025-04-30,1597,0,Foreign_Dealer_Self,0
2025-04-30,1597,0,Investment_Trust,0
2025-04-30,1597,19440,Dealer_self,29000
2025-04-30,1597,7528,Dealer_Hedging,18000
2025-05-02,1597,2395160,Foreign_Investor,3321000
2025-05-02,1597,0,Foreign_Dealer_Self,0
2025-05-02,1597,0,Investment_Trust,0
2025-05-02,1597,32000,Dealer_self,32572
2025-05-02,1597,6808,Dealer_Hedging,5983
2025-05-05,1597,1546000,Foreign_Investor,1250000
2025-05-05,1597,0,Foreign_Dealer_Self,0
2025-05-05,1597,0,Investment_Trust,0
2025-05-05,1597,32000,Dealer_self,32119
2025-05-05,1597,5000,Dealer_Hedging,2972
2025-05-06,1597,837000,Foreign_Investor,1579999
2025-05-06,1597,0,Foreign_Dealer_Self,0
2025-05-06,1597,0,Investment_Trust,0
2025-05-06,1597,2000,Dealer_self,3275
2025-05-06,1597,4289,Dealer_Hedging,0
2025-05-07,1597,458646,Foreign_Investor,407161
2025-05-07,1597,0,Foreign_Dealer_Self,0
2025-05-07,1597,0,Investment_Trust,0
2025-05-07,1597,0,Dealer_self,1255
2025-05-07,1597,11954,Dealer_Hedging,2806
2025-05-08,1597,217000,Foreign_Investor,389646
2025-05-08,1597,0,Foreign_Dealer_Self,0
2025-05-08,1597,0,Investment_Trust,0
2025-05-08,1597,0,Dealer_self,1
2025-05-08,1597,2390,Dealer_Hedging,636
2025-05-09,1597,893109,Foreign_Investor,1028000
2025-05-09,1597,0,Foreign_Dealer_Self,0
2025-05-09,1597,0,Investment_Trust,0
2025-05-09,1597,9026,Dealer_self,46537
2025-05-09,1597,17360,Dealer_Hedging,13314
2025-05-12,1597,882000,Foreign_Investor,1005109
2025-05-12,1597,0,Foreign_Dealer_Self,0
2025-05-12,1597,0,Investment_Trust,0
2025-05-12,1597,20000,Dealer_self,26
2025-05-12,1597,74434,Dealer_Hedging,13039
2025-05-13,1597,1204776,Foreign_Investor,952000
2025-05-13,1597,0,Foreign_Dealer_Self,0
2025-05-13,1597,0,Investment_Trust,0
2025-05-13,1597,2000,Dealer_self,493
2025-05-13,1597,52205,Dealer_Hedging,4227
2025-05-14,1597,1049668,Foreign_Investor,1486766
2025-05-14,1597,0,Foreign_Dealer_Self,0
2025-05-14,1597,0,Investment_Trust,0
2025-05-14,1597,13000,Dealer_self,3197
2025-05-14,1597,42944,Dealer_Hedging,22789
2025-05-15,1597,969663,Foreign_Investor,1262468
2025-05-15,1597,0,Foreign_Dealer_Self,0
2025-05-15,1597,0,Investment_Trust,0
2025-05-15,1597,3000,Dealer_self,2888
2025-05-15,1597,33838,Dealer_Hedging,9086
2025-05-16,1597,397699,Foreign_Investor,566663
2025-05-16,1597,0,Foreign_Dealer_Self,0
2025-05-16,1597,0,Investment_Trust,0
2025-05-16,1597,0,Dealer_self,0
2025-05-16,1597,11978,Dealer_Hedging,4891
2025-05-19,1597,2400435,Foreign_Investor,1871146
2025-05-19,1597,0,Foreign_Dealer_Self,0
2025-05-19,1597,0,Investment_Trust,0
2025-05-19,1597,14000,Dealer_self,9574
2025-05-19,1597,92502,Dealer_Hedging,61489
2025-05-20,1597,718597,Foreign_Investor,1223286
2025-05-20,1597,0,Foreign_Dealer_Self,0
2025-05-20,1597,0,Investment_Trust,0
2025-05-20,1597,0,Dealer_self,6000
2025-05-20,1597,6241,Dealer_Hedging,20571
2025-05-21,1597,305941,Foreign_Investor,365610
2025-05-21,1597,0,Foreign_Dealer_Self,0
2025-05-21,1597,0,Investment_Trust,0
2025-05-21,1597,1000,Dealer_self,0
2025-05-21,1597,23,Dealer_Hedging,2002
2025-05-22,1597,443653,Foreign_Investor,363277
2025-05-22,1597,0,Foreign_Dealer_Self,0
2025-05-22,1597,0,Investment_Trust,0
2025-05-22,1597,0,Dealer_self,2000
2025-05-22,1597,173,Dealer_Hedging,10055
2025-05-23,1597,406384,Foreign_Investor,436063
2025-05-23,1597,0,Foreign_Dealer_Self,0
2025-05-23,1597,0,Investment_Trust,0
2025-05-23,1597,0,Dealer_self,0
2025-05-23,1597,105,Dealer_Hedging,4984
2025-05-26,1597,1354097,Foreign_Investor,1331384
2025-05-26,1597,0,Foreign_Dealer_Self,0
2025-05-26,1597,0,Investment_Trust,0
2025-05-26,1597,1000,Dealer_self,23922
2025-05-26,1597,22653,Dealer_Hedging,15222
2025-05-27,1597,337665,Foreign_Investor,433997
2025-05-27,1597,0,Foreign_Dealer_Self,0
2025-05-27,1597,0,Investment_Trust,0
2025-05-27,1597,0,Dealer_self,0
2025-05-27,1597,946,Dealer_Hedging,10303
2025-05-28,1597,267066,Foreign_Investor,373665
2025-05-28,1597,0,Foreign_Dealer_Self,0
2025-05-28,1597,0,Investment_Trust,0
2025-05-28,1597,0,Dealer_self,5
2025-05-28,1597,768,Dealer_Hedging,11275
2025-05-29,1597,195582,Foreign_Investor,187174
2025-05-29,1597,0,Foreign_Dealer_Self,0
2025-05-29,1597,0,Investment_Trust,0
2025-05-29,1597,0,Dealer_self,555
2025-05-29,1597,845,Dealer_Hedging,4365
2025-06-02,1597,292448,Foreign_Investor,198582
2025-06-02,1597,0,Foreign_Dealer_Self,0
2025-06-02,1597,0,Investment_Trust,0
2025-06-02,1597,1000,Dealer_self,1633
2025-06-02,1597,1280,Dealer_Hedging,10743
2025-06-03,1597,286265,Foreign_Investor,250410
2025-06-03,1597,0,Foreign_Dealer_Self,0
2025-06-03,1597,0,Investment_Trust,0
2025-06-03,1597,0,Dealer_self,1000
2025-06-03,1597,1088,Dealer_Hedging,2600
2025-06-04,1597,549065,Foreign_Investor,823303
2025-06-04,1597,0,Foreign_Dealer_Self,0
2025-06-04,1597,0,Investment_Trust,0
2025-06-04,1597,0,Dealer_self,51
2025-06-04,1597,13752,Dealer_Hedging,13580
2025-06-05,1597,244003,Foreign_Investor,290055
2025-06-05,1597,0,Foreign_Dealer_Self,0
2025-06-05,1597,0,Investment_Trust,0
2025-06-05,1597,0,Dealer_self,2000
2025-06-05,1597,1121,Dealer_Hedging,1288
2025-06-06,1597,89136,Foreign_Investor,128003
2025-06-06,1597,0,Foreign_Dealer_Self,0
2025-06-06,1597,0,Investment_Trust,0
2025-06-06,1597,0,Dealer_self,1000
2025-06-06,1597,1488,Dealer_Hedging,2
2025-06-09,1597,108001,Foreign_Investor,92008
2025-06-09,1597,0,Foreign_Dealer_Self,0
2025-06-09,1597,0,Investment_Trust,0
2025-06-09,1597,0,Dealer_self,0
2025-06-09,1597,241,Dealer_Hedging,3148
2025-06-10,1597,372133,Foreign_Investor,328001
2025-06-10,1597,0,Foreign_Dealer_Self,0
2025-06-10,1597,0,Investment_Trust,0
2025-06-10,1597,6000,Dealer_self,1837
2025-06-10,1597,4125,Dealer_Hedging,14121
2025-06-11,1597,549000,Foreign_Investor,107950
2025-06-11,1597,0,Foreign_Dealer_Self,0
2025-06-11,1597,0,Investment_Trust,0
2025-06-11,1597,0,Dealer_self,0
2025-06-11,1597,47798,Dealer_Hedging,3000
2025-06-12,1597,162000,Foreign_Investor,338193
2025-06-12,1597,0,Foreign_Dealer_Self,0
2025-06-12,1597,0,Investment_Trust,0
2025-06-12,1597,0,Dealer_self,0
2025-06-12,1597,2099,Dealer_Hedging,1707
2025-06-13,1597,67000,Foreign_Investor,372000
2025-06-13,1597,0,Foreign_Dealer_Self,0
2025-06-13,1597,0,Investment_Trust,0
2025-06-13,1597,0,Dealer_self,2000
2025-06-13,1597,1105,Dealer_Hedging,4987
2025-06-16,1597,165000,Foreign_Investor,195000
2025-06-16,1597,0,Foreign_Dealer_Self,0
2025-06-16,1597,0,Investment_Trust,0
2025-06-16,1597,0,Dealer_self,1000
2025-06-16,1597,250,Dealer_Hedging,2862
2025-06-17,1597,167002,Foreign_Investor,110000
2025-06-17,1597,0,Foreign_Dealer_Self,0
2025-06-17,1597,0,Investment_Trust,0
2025-06-17,1597,0,Dealer_self,3000
2025-06-17,1597,0,Dealer_Hedging,442
2025-06-18,1597,132000,Foreign_Investor,78002
2025-06-18,1597,0,Foreign_Dealer_Self,0
2025-06-18,1597,0,Investment_Trust,0
2025-06-18,1597,0,Dealer_self,1000
2025-06-18,1597,0,Dealer_Hedging,0
2025-06-19,1597,83000,Foreign_Investor,195600
2025-06-19,1597,0,Foreign_Dealer_Self,0
2025-06-19,1597,0,Investment_Trust,0
2025-06-19,1597,0,Dealer_self,157
2025-06-19,1597,0,Dealer_Hedging,2529
2025-06-20,1597,134000,Foreign_Investor,234000
2025-06-20,1597,0,Foreign_Dealer_Self,0
2025-06-20,1597,0,Investment_Trust,0
2025-06-20,1597,0,Dealer_self,1157
2025-06-20,1597,0,Dealer_Hedging,2812
2025-06-23,1597,194000,Foreign_Investor,72000
2025-06-23,1597,0,Foreign_Dealer_Self,0
2025-06-23,1597,0,Investment_Trust,0
2025-06-23,1597,0,Dealer_self,1454
2025-06-23,1597,0,Dealer_Hedging,1556
2025-06-24,1597,360300,Foreign_Investor,109000
2025-06-24,1597,0,Foreign_Dealer_Self,0
2025-06-24,1597,0,Investment_Trust,0
2025-06-24,1597,0,Dealer_self,0
2025-06-24,1597,1852,Dealer_Hedging,0
2025-06-25,1597,119000,Foreign_Investor,130000
2025-06-25,1597,0,Foreign_Dealer_Self,0
2025-06-25,1597,0,Investment_Trust,0
2025-06-25,1597,0,Dealer_self,0
2025-06-25,1597,106,Dealer_Hedging,915
2025-06-26,1597,628000,Foreign_Investor,725000
2025-06-26,1597,0,Foreign_Dealer_Self,0
2025-06-26,1597,0,Investment_Trust,0
2025-06-26,1597,1000,Dealer_self,4000
2025-06-26,1597,36536,Dealer_Hedging,40668
2025-06-27,1597,131200,Foreign_Investor,139000
2025-06-27,1597,0,Foreign_Dealer_Self,0
2025-06-27,1597,0,Investment_Trust,0
2025-06-27,1597,0,Dealer_self,1000
2025-06-27,1597,1522,Dealer_Hedging,834
2025-06-30,1597,46000,Foreign_Investor,113000
2025-06-30,1597,0,Foreign_Dealer_Self,0
2025-06-30,1597,0,Investment_Trust,0
2025-06-30,1597,0,Dealer_self,0
2025-06-30,1597,0,Dealer_Hedging,4271
2025-07-01,1597,44000,Foreign_Investor,131000
2025-07-01,1597,0,Foreign_Dealer_Self,0
2025-07-01,1597,0,Investment_Trust,0
2025-07-01,1597,9000,Dealer_self,0
2025-07-01,1597,1025,Dealer_Hedging,4273
2025-07-02,1597,147000,Foreign_Investor,41000
2025-07-02,1597,0,Foreign_Dealer_Self,0
2025-07-02,1597,0,Investment_Trust,0
2025-07-02,1597,0,Dealer_self,0
2025-07-02,1597,0,Dealer_Hedging,1396
2025-07-03,1597,550240,Foreign_Investor,84000
2025-07-03,1597,0,Foreign_Dealer_Self,0
2025-07-03,1597,0,Investment_Trust,0
2025-07-03,1597,0,Dealer_self,2082
2025-07-03,1597,16428,Dealer_Hedging,1199
2025-07-04,1597,89000,Foreign_Investor,313000
2025-07-04,1597,0,Foreign_Dealer_Self,0
2025-07-04,1597,0,Investment_Trust,0
2025-07-04,1597,0,Dealer_self,0
2025-07-04,1597,72,Dealer_Hedging,9635
2025-07-07,1597,97000,Foreign_Investor,213000
2025-07-07,1597,0,Foreign_Dealer_Self,0
2025-07-07,1597,0,Investment_Trust,0
2025-07-07,1597,0,Dealer_self,0
2025-07-07,1597,1064,Dealer_Hedging,6403
2025-07-08,1597,137000,Foreign_Investor,106000
2025-07-08,1597,0,Foreign_Dealer_Self,0
2025-07-08,1597,0,Investment_Trust,0
2025-07-08,1597,0,Dealer_self,53
2025-07-08,1597,0,Dealer_Hedging,641
2025-07-09,1597,98000,Foreign_Investor,102000
2025-07-09,1597,0,Foreign_Dealer_Self,0
2025-07-09,1597,0,Investment_Trust,0
2025-07-09,1597,0,Dealer_self,351
2025-07-09,1597,115,Dealer_Hedging,83
2025-07-10,1597,72000,Foreign_Investor,53000
2025-07-10,1597,0,Foreign_Dealer_Self,0
2025-07-10,1597,0,Investment_Trust,0
2025-07-10,1597,0,Dealer_self,0
2025-07-10,1597,0,Dealer_Hedging,605
2025-07-11,1597,159000,Foreign_Investor,248000
2025-07-11,1597,0,Foreign_Dealer_Self,0
2025-07-11,1597,0,Investment_Trust,0
2025-07-11,1597,0,Dealer_self,0
2025-07-11,1597,1,Dealer_Hedging,1259
2025-07-14,1597,56000,Foreign_Investor,78000
2025-07-14,1597,0,Foreign_Dealer_Self,0
2025-07-14,1597,0,Investment_Trust,0
2025-07-14,1597,0,Dealer_self,0
2025-07-14,1597,0,Dealer_Hedging,1135
2025-07-15,1597,259000,Foreign_Investor,34000
2025-07-15,1597,0,Foreign_Dealer_Self,0
2025-07-15,1597,0,Investment_Trust,0
2025-07-15,1597,1000,Dealer_self,0
2025-07-15,1597,21,Dealer_Hedging,1001
2025-07-16,1597,375000,Foreign_Investor,152000
2025-07-16,1597,0,Foreign_Dealer_Self,0
2025-07-16,1597,0,Investment_Trust,0
2025-07-16,1597,0,Dealer_self,0
2025-07-16,1597,6,Dealer_Hedging,3594
2025-07-17,1597,370000,Foreign_Investor,104000
2025-07-17,1597,0,Foreign_Dealer_Self,0
2025-07-17,1597,0,Investment_Trust,0
2025-07-17,1597,0,Dealer_self,0
2025-07-17,1597,5045,Dealer_Hedging,1000
2025-07-18,1597,486000,Foreign_Investor,1016000
2025-07-18,1597,0,Foreign_Dealer_Self,0
2025-07-18,1597,0,Investment_Trust,0
2025-07-18,1597,1000,Dealer_self,0
2025-07-18,1597,388,Dealer_Hedging,6768
2025-07-21,1597,198000,Foreign_Investor,133000
2025-07-21,1597,0,Foreign_Dealer_Self,0
2025-07-21,1597,0,Investment_Trust,0
2025-07-21,1597,0,Dealer_self,0
2025-07-21,1597,1365,Dealer_Hedging,1039
2025-07-22,1597,256000,Foreign_Investor,196000
2025-07-22,1597,0,Foreign_Dealer_Self,0
2025-07-22,1597,0,Investment_Trust,0
2025-07-22,1597,0,Dealer_self,0
2025-07-22,1597,250,Dealer_Hedging,4814
2025-07-23,1597,697000,Foreign_Investor,331000
2025-07-23,1597,0,Foreign_Dealer_Self,0
2025-07-23,1597,0,Investment_Trust,0
2025-07-23,1597,1000,Dealer_self,0
2025-07-23,1597,3264,Dealer_Hedging,1968
2025-07-24,1597,128000,Foreign_Investor,158000
2025-07-24,1597,0,Foreign_Dealer_Self,0
2025-07-24,1597,0,Investment_Trust,0
2025-07-24,1597,0,Dealer_self,0
2025-07-24,1597,3008,Dealer_Hedging,0
2025-07-25,1597,240000,Foreign_Investor,171000
2025-07-25,1597,0,Foreign_Dealer_Self,0
2025-07-25,1597,0,Investment_Trust,0
2025-07-25,1597,0,Dealer_self,0
2025-07-25,1597,743,Dealer_Hedging,5051
2025-07-28,1597,65000,Foreign_Investor,282000
2025-07-28,1597,0,Foreign_Dealer_Self,0
2025-07-28,1597,0,Investment_Trust,0
2025-07-28,1597,0,Dealer_self,0
2025-07-28,1597,360,Dealer_Hedging,616
2025-07-29,1597,145000,Foreign_Investor,133000
2025-07-29,1597,0,Foreign_Dealer_Self,0
2025-07-29,1597,0,Investment_Trust,0
2025-07-29,1597,0,Dealer_self,0
2025-07-29,1597,405,Dealer_Hedging,2108
2025-07-30,1597,710000,Foreign_Investor,266000
2025-07-30,1597,0,Foreign_Dealer_Self,0
2025-07-30,1597,0,Investment_Trust,0
2025-07-30,1597,2000,Dealer_self,202
2025-07-30,1597,17889,Dealer_Hedging,0
2025-07-31,1597,109000,Foreign_Investor,271000
2025-07-31,1597,0,Foreign_Dealer_Self,0
2025-07-31,1597,0,Investment_Trust,0
2025-07-31,1597,0,Dealer_self,0
2025-07-31,1597,270,Dealer_Hedging,2893
2025-08-01,1597,480000,Foreign_Investor,269000
2025-08-01,1597,0,Foreign_Dealer_Self,0
2025-08-01,1597,0,Investment_Trust,0
2025-08-01,1597,0,Dealer_self,2846
2025-08-01,1597,3247,Dealer_Hedging,5975
2025-08-04,1597,412000,Foreign_Investor,217000
2025-08-04,1597,0,Foreign_Dealer_Self,0
2025-08-04,1597,0,Investment_Trust,0
2025-08-04,1597,1000,Dealer_self,1177
2025-08-04,1597,5877,Dealer_Hedging,507
2025-08-05,1597,389000,Foreign_Investor,233000
2025-08-05,1597,0,Foreign_Dealer_Self,0
2025-08-05,1597,0,Investment_Trust,0
2025-08-05,1597,0,Dealer_self,6000
2025-08-05,1597,1191,Dealer_Hedging,532
2025-08-06,1597,158000,Foreign_Investor,177000
2025-08-06,1597,0,Foreign_Dealer_Self,0
2025-08-06,1597,0,Investment_Trust,0
2025-08-06,1597,1000,Dealer_self,0
2025-08-06,1597,0,Dealer_Hedging,674
2025-08-07,1597,107000,Foreign_Investor,206000
2025-08-07,1597,0,Foreign_Dealer_Self,0
2025-08-07,1597,0,Investment_Trust,0
2025-08-07,1597,0,Dealer_self,0
2025-08-07,1597,216,Dealer_Hedging,2881
2025-08-08,1597,754000,Foreign_Investor,491000
2025-08-08,1597,0,Foreign_Dealer_Self,0
2025-08-08,1597,0,Investment_Trust,0
2025-08-08,1597,2018,Dealer_self,3786
2025-08-08,1597,3707,Dealer_Hedging,1052
2025-08-11,1597,1104000,Foreign_Investor,1650000
2025-08-11,1597,0,Foreign_Dealer_Self,0
2025-08-11,1597,0,Investment_Trust,0
2025-08-11,1597,0,Dealer_self,0
2025-08-11,1597,34688,Dealer_Hedging,8380
2025-08-12,1597,335000,Foreign_Investor,297000
2025-08-12,1597,0,Foreign_Dealer_Self,0
2025-08-12,1597,0,Investment_Trust,0
2025-08-12,1597,0,Dealer_self,0
2025-08-12,1597,12765,Dealer_Hedging,8586
2025-08-13,1597,659000,Foreign_Investor,830000
2025-08-13,1597,0,Foreign_Dealer_Self,0
2025-08-13,1597,0,Investment_Trust,0
2025-08-13,1597,8103,Dealer_self,1155
2025-08-13,1597,3360,Dealer_Hedging,8819
2025-08-14,1597,157000,Foreign_Investor,492000
2025-08-14,1597,0,Foreign_Dealer_Self,0
2025-08-14,1597,0,Investment_Trust,0
2025-08-14,1597,0,Dealer_self,510
2025-08-14,1597,2067,Dealer_Hedging,17879
2025-08-15,1597,755000,Foreign_Investor,256000
2025-08-15,1597,0,Foreign_Dealer_Self,0
2025-08-15,1597,0,Investment_Trust,0
2025-08-15,1597,6000,Dealer_self,2900
2025-08-15,1597,23051,Dealer_Hedging,705
2025-08-18,1597,482020,Foreign_Investor,289000
2025-08-18,1597,0,Foreign_Dealer_Self,0
2025-08-18,1597,0,Investment_Trust,0
2025-08-18,1597,2304,Dealer_self,0
2025-08-18,1597,44724,Dealer_Hedging,8640
2025-08-19,1597,133030,Foreign_Investor,346000
2025-08-19,1597,0,Foreign_Dealer_Self,0
2025-08-19,1597,0,Investment_Trust,0
2025-08-19,1597,2000,Dealer_self,0
2025-08-19,1597,1321,Dealer_Hedging,6978
2025-08-20,1597,366138,Foreign_Investor,390000
2025-08-20,1597,0,Foreign_Dealer_Self,0
2025-08-20,1597,0,Investment_Trust,0
2025-08-20,1597,0,Dealer_self,5216
2025-08-20,1597,1674,Dealer_Hedging,7621
2025-08-21,1597,292128,Foreign_Investor,217000
2025-08-21,1597,0,Foreign_Dealer_Self,0
2025-08-21,1597,0,Investment_Trust,0
2025-08-21,1597,2000,Dealer_self,2146
2025-08-21,1597,1470,Dealer_Hedging,2686
2025-08-22,1597,102000,Foreign_Investor,261000
2025-08-22,1597,0,Foreign_Dealer_Self,0
2025-08-22,1597,0,Investment_Trust,0
2025-08-22,1597,1000,Dealer_self,606
2025-08-22,1597,105,Dealer_Hedging,2754
2025-08-25,1597,823872,Foreign_Investor,260000
2025-08-25,1597,0,Foreign_Dealer_Self,0
2025-08-25,1597,0,Investment_Trust,0
2025-08-25,1597,0,Dealer_self,396
2025-08-25,1597,5768,Dealer_Hedging,8040
2025-08-26,1597,281000,Foreign_Investor,366000
2025-08-26,1597,0,Foreign_Dealer_Self,0
2025-08-26,1597,0,Investment_Trust,0
2025-08-26,1597,0,Dealer_self,0
2025-08-26,1597,1286,Dealer_Hedging,2102
2025-08-27,1597,173000,Foreign_Investor,309000
2025-08-27,1597,0,Foreign_Dealer_Self,0
2025-08-27,1597,0,Investment_Trust,0
2025-08-27,1597,3000,Dealer_self,17000
2025-08-27,1597,3695,Dealer_Hedging,380
2025-08-28,1597,647000,Foreign_Investor,704000
2025-08-28,1597,0,Foreign_Dealer_Self,0
2025-08-28,1597,0,Investment_Trust,0
2025-08-28,1597,1000,Dealer_self,1242
2025-08-28,1597,33671,Dealer_Hedging,1000
2025-08-29,1597,93000,Foreign_Investor,574000
2025-08-29,1597,0,Foreign_Dealer_Self,0
2025-08-29,1597,0,Investment_Trust,0
2025-08-29,1597,0,Dealer_self,0
2025-08-29,1597,1346,Dealer_Hedging,15562
2025-09-01,1597,235000,Foreign_Investor,490000
2025-09-01,1597,0,Foreign_Dealer_Self,0
2025-09-01,1597,0,Investment_Trust,0
2025-09-01,1597,0,Dealer_self,0
2025-09-01,1597,309,Dealer_Hedging,17038
2025-09-02,1597,223000,Foreign_Investor,330000
2025-09-02,1597,0,Foreign_Dealer_Self,0
2025-09-02,1597,0,Investment_Trust,0
2025-09-02,1597,0,Dealer_self,45
2025-09-02,1597,510,Dealer_Hedging,30558
2025-09-03,1597,127000,Foreign_Investor,144000
2025-09-03,1597,0,Foreign_Dealer_Self,0
2025-09-03,1597,0,Investment_Trust,0
2025-09-03,1597,0,Dealer_self,0
2025-09-03,1597,2,Dealer_Hedging,2300
2025-09-04,1597,138000,Foreign_Investor,218000
2025-09-04,1597,0,Foreign_Dealer_Self,0
2025-09-04,1597,0,Investment_Trust,0
2025-09-04,1597,0,Dealer_self,630
2025-09-04,1597,0,Dealer_Hedging,2384
2025-09-05,1597,113000,Foreign_Investor,133000
2025-09-05,1597,0,Foreign_Dealer_Self,0
2025-09-05,1597,0,Investment_Trust,0
2025-09-05,1597,0,Dealer_self,0
2025-09-05,1597,10,Dealer_Hedging,1855
2025-09-08,1597,182000,Foreign_Investor,139000
2025-09-08,1597,0,Foreign_Dealer_Self,0
2025-09-08,1597,0,Investment_Trust,0
2025-09-08,1597,0,Dealer_self,0
2025-09-08,1597,2,Dealer_Hedging,3458
2025-09-09,1597,380000,Foreign_Investor,417000
2025-09-09,1597,0,Foreign_Dealer_Self,0
2025-09-09,1597,0,Investment_Trust,0
2025-09-09,1597,3000,Dealer_self,2647
2025-09-09,1597,5118,Dealer_Hedging,1735
2025-09-10,1597,224000,Foreign_Investor,166000
2025-09-10,1597,0,Foreign_Dealer_Self,0
2025-09-10,1597,0,Investment_Trust,0
2025-09-10,1597,0,Dealer_self,3468
2025-09-10,1597,79,Dealer_Hedging,3248
2025-09-11,1597,260872,Foreign_Investor,890000
2025-09-11,1597,0,Foreign_Dealer_Self,0
2025-09-11,1597,0,Investment_Trust,0
2025-09-11,1597,0,Dealer_self,1000
2025-09-11,1597,0,Dealer_Hedging,23315
2025-09-12,1597,211000,Foreign_Investor,235000
2025-09-12,1597,0,Foreign_Dealer_Self,0
2025-09-12,1597,0,Investment_Trust,0
2025-09-12,1597,0,Dealer_self,0
2025-09-12,1597,1351,Dealer_Hedging,2010
2025-09-15,1597,126000,Foreign_Investor,205000
2025-09-15,1597,0,Foreign_Dealer_Self,0
2025-09-15,1597,0,Investment_Trust,0
2025-09-15,1597,3000,Dealer_self,2459
2025-09-15,1597,250,Dealer_Hedging,2216
2025-09-16,1597,131000,Foreign_Investor,97000
2025-09-16,1597,0,Foreign_Dealer_Self,0
2025-09-16,1597,0,Investment_Trust,0
2025-09-16,1597,2000,Dealer_self,1961
2025-09-16,1597,60,Dealer_Hedging,1254
2025-09-17,1597,197000,Foreign_Investor,109200
2025-09-17,1597,0,Foreign_Dealer_Self,0
2025-09-17,1597,0,Investment_Trust,0
2025-09-17,1597,18000,Dealer_self,0
2025-09-17,1597,516,Dealer_Hedging,2514
2025-09-18,1597,117000,Foreign_Investor,93000
2025-09-18,1597,0,Foreign_Dealer_Self,0
2025-09-18,1597,0,Investment_Trust,0
2025-09-18,1597,0,Dealer_self,458
2025-09-18,1597,48,Dealer_Hedging,898
2025-09-19,1597,164000,Foreign_Investor,57000
2025-09-19,1597,0,Foreign_Dealer_Self,0
2025-09-19,1597,0,Investment_Trust,0
2025-09-19,1597,0,Dealer_self,0
2025-09-19,1597,216,Dealer_Hedging,1116
2025-09-22,1597,83000,Foreign_Investor,77000
2025-09-22,1597,0,Foreign_Dealer_Self,0
2025-09-22,1597,0,Investment_Trust,0
2025-09-22,1597,0,Dealer_self,0
2025-09-22,1597,337,Dealer_Hedging,1490
2025-09-23,1597,143000,Foreign_Investor,95000
2025-09-23,1597,0,Foreign_Dealer_Self,0
2025-09-23,1597,0,Investment_Trust,0
2025-09-23,1597,0,Dealer_self,66
2025-09-23,1597,90,Dealer_Hedging,1936
2025-09-24,1597,74000,Foreign_Investor,90000
2025-09-24,1597,0,Foreign_Dealer_Self,0
2025-09-24,1597,0,Investment_Trust,0
2025-09-24,1597,1000,Dealer_self,576
2025-09-24,1597,15,Dealer_Hedging,4016
2025-09-25,1597,256000,Foreign_Investor,147000
2025-09-25,1597,0,Foreign_Dealer_Self,0
2025-09-25,1597,0,Investment_Trust,0
2025-09-25,1597,0,Dealer_self,96
2025-09-25,1597,946,Dealer_Hedging,1618
2025-09-26,1597,103000,Foreign_Investor,551000
2025-09-26,1597,0,Foreign_Dealer_Self,0
2025-09-26,1597,0,Investment_Trust,0
2025-09-26,1597,5000,Dealer_self,5411
2025-09-26,1597,17,Dealer_Hedging,5848
2025-09-30,1597,163000,Foreign_Investor,34000
2025-09-30,1597,0,Foreign_Dealer_Self,0
2025-09-30,1597,0,Investment_Trust,0
2025-09-30,1597,0,Dealer_self,0
2025-09-30,1597,1410,Dealer_Hedging,0
2025-10-01,1597,186000,Foreign_Investor,72988
2025-10-01,1597,0,Foreign_Dealer_Self,0
2025-10-01,1597,0,Investment_Trust,0
2025-10-01,1597,0,Dealer_self,0
2025-10-01,1597,610,Dealer_Hedging,1365
2025-10-02,1597,29000,Foreign_Investor,128000
2025-10-02,1597,0,Foreign_Dealer_Self,0
2025-10-02,1597,0,Investment_Trust,0
2025-10-02,1597,3000,Dealer_self,2916
2025-10-02,1597,1000,Dealer_Hedging,124
2025-10-03,1597,160000,Foreign_Investor,70000
2025-10-03,1597,0,Foreign_Dealer_Self,0
2025-10-03,1597,0,Investment_Trust,0
2025-10-03,1597,1000,Dealer_self,848
2025-10-03,1597,322,Dealer_Hedging,5
2025-10-07,1597,240000,Foreign_Investor,40000
2025-10-07,1597,0,Foreign_Dealer_Self,0
2025-10-07,1597,0,Investment_Trust,0
2025-10-07,1597,0,Dealer_self,0
2025-10-07,1597,0,Dealer_Hedging,0
2025-10-08,1597,150000,Foreign_Investor,47000
2025-10-08,1597,0,Foreign_Dealer_Self,0
2025-10-08,1597,0,Investment_Trust,0
2025-10-08,1597,0,Dealer_self,0
2025-10-08,1597,1713,Dealer_Hedging,0
2025-10-09,1597,73000,Foreign_Investor,107000
2025-10-09,1597,0,Foreign_Dealer_Self,0
2025-10-09,1597,0,Investment_Trust,0
2025-10-09,1597,0,Dealer_self,0
2025-10-09,1597,0,Dealer_Hedging,422
2025-10-13,1597,173000,Foreign_Investor,160000
2025-10-13,1597,0,Foreign_Dealer_Self,0
2025-10-13,1597,0,Investment_Trust,0
2025-10-13,1597,0,Dealer_self,0
2025-10-13,1597,144,Dealer_Hedging,110
2025-10-14,1597,238000,Foreign_Investor,82602
2025-10-14,1597,0,Foreign_Dealer_Self,0
2025-10-14,1597,0,Investment_Trust,0
2025-10-14,1597,0,Dealer_self,0
2025-10-14,1597,109,Dealer_Hedging,2299
2025-10-15,1597,119000,Foreign_Investor,51300
2025-10-15,1597,0,Foreign_Dealer_Self,0
2025-10-15,1597,0,Investment_Trust,0
2025-10-15,1597,1000,Dealer_self,0
2025-10-15,1597,371,Dealer_Hedging,0
2025-10-16,1597,101000,Foreign_Investor,42200
2025-10-16,1597,0,Foreign_Dealer_Self,0
2025-10-16,1597,0,Investment_Trust,0
2025-10-16,1597,1000,Dealer_self,0
2025-10-16,1597,422,Dealer_Hedging,0
2025-10-17,1597,20000,Foreign_Investor,105000
2025-10-17,1597,0,Foreign_Dealer_Self,0
2025-10-17,1597,0,Investment_Trust,0
2025-10-17,1597,0,Dealer_self,0
2025-10-17,1597,443,Dealer_Hedging,108
2025-10-20,1597,103000,Foreign_Investor,72000
2025-10-20,1597,0,Foreign_Dealer_Self,0
2025-10-20,1597,0,Investment_Trust,0
2025-10-20,1597,0,Dealer_self,4104
2025-10-20,1597,791,Dealer_Hedging,334
2025-10-21,1597,221000,Foreign_Investor,110000
2025-10-21,1597,0,Foreign_Dealer_Self,0
2025-10-21,1597,0,Investment_Trust,0
2025-10-21,1597,1000,Dealer_self,799
2025-10-21,1597,464,Dealer_Hedging,2142
2025-10-22,1597,243000,Foreign_Investor,265000
2025-10-22,1597,0,Foreign_Dealer_Self,0
2025-10-22,1597,0,Investment_Trust,0
2025-10-22,1597,0,Dealer_self,147
2025-10-22,1597,15142,Dealer_Hedging,2100
2025-10-23,1597,15000,Foreign_Investor,91000
2025-10-23,1597,0,Foreign_Dealer_Self,0
2025-10-23,1597,0,Investment_Trust,0
2025-10-23,1597,2000,Dealer_self,0
2025-10-23,1597,200,Dealer_Hedging,1523
2025-10-27,1597,62000,Foreign_Investor,103000
2025-10-27,1597,0,Foreign_Dealer_Self,0
2025-10-27,1597,0,Investment_Trust,0
2025-10-27,1597,2000,Dealer_self,924
2025-10-27,1597,0,Dealer_Hedging,571
2025-10-28,1597,44000,Foreign_Investor,146000
2025-10-28,1597,0,Foreign_Dealer_Self,0
2025-10-28,1597,0,Investment_Trust,0
2025-10-28,1597,4000,Dealer_self,4547
2025-10-28,1597,0,Dealer_Hedging,36
2025-10-29,1597,103500,Foreign_Investor,26000
2025-10-29,1597,0,Foreign_Dealer_Self,0
2025-10-29,1597,0,Investment_Trust,0
2025-10-29,1597,0,Dealer_self,2000
2025-10-29,1597,137,Dealer_Hedging,89
2025-10-30,1597,84000,Foreign_Investor,94000
2025-10-30,1597,0,Foreign_Dealer_Self,0
2025-10-30,1597,0,Investment_Trust,0
2025-10-30,1597,3000,Dealer_self,2218
2025-10-30,1597,86,Dealer_Hedging,3419
2025-10-31,1597,100000,Foreign_Investor,55000
2025-10-31,1597,0,Foreign_Dealer_Self,0
2025-10-31,1597,0,Investment_Trust,0
2025-10-31,1597,0,Dealer_self,0
2025-10-31,1597,100,Dealer_Hedging,0
2025-11-03,1597,208000,Foreign_Investor,67000
2025-11-03,1597,0,Foreign_Dealer_Self,0
2025-11-03,1597,0,Investment_Trust,0
2025-11-03,1597,1000,Dealer_self,1000
2025-11-03,1597,978,Dealer_Hedging,405
2025-11-04,1597,20000,Foreign_Investor,246000
2025-11-04,1597,0,Foreign_Dealer_Self,0
2025-11-04,1597,0,Investment_Trust,0
2025-11-04,1597,1000,Dealer_self,669
2025-11-04,1597,0,Dealer_Hedging,755
2025-11-05,1597,97000,Foreign_Investor,102000
2025-11-05,1597,0,Foreign_Dealer_Self,0
2025-11-05,1597,0,Investment_Trust,0
2025-11-05,1597,3000,Dealer_self,6413
2025-11-05,1597,0,Dealer_Hedging,639
2025-11-06,1597,105000,Foreign_Investor,42000
2025-11-06,1597,0,Foreign_Dealer_Self,0
2025-11-06,1597,0,Investment_Trust,0
2025-11-06,1597,4000,Dealer_self,354
2025-11-06,1597,327,Dealer_Hedging,100
2025-11-07,1597,77000,Foreign_Investor,58000
2025-11-07,1597,0,Foreign_Dealer_Self,0
2025-11-07,1597,0,Investment_Trust,0
2025-11-07,1597,1000,Dealer_self,666
2025-11-07,1597,40,Dealer_Hedging,10
2025-11-10,1597,122000,Foreign_Investor,97000
2025-11-10,1597,0,Foreign_Dealer_Self,0
2025-11-10,1597,0,Investment_Trust,0
2025-11-10,1597,3000,Dealer_self,76
2025-11-10,1597,442,Dealer_Hedging,35
2025-11-11,1597,326000,Foreign_Investor,100000
2025-11-11,1597,0,Foreign_Dealer_Self,0
2025-11-11,1597,0,Investment_Trust,0
2025-11-11,1597,0,Dealer_self,2475
2025-11-11,1597,26734,Dealer_Hedging,131
2025-11-12,1597,52000,Foreign_Investor,21000
2025-11-12,1597,0,Foreign_Dealer_Self,0
2025-11-12,1597,0,Investment_Trust,0
2025-11-12,1597,1000,Dealer_self,105
2025-11-12,1597,912,Dealer_Hedging,543
2025-11-13,1597,83000,Foreign_Investor,123000
2025-11-13,1597,0,Foreign_Dealer_Self,0
2025-11-13,1597,0,Investment_Trust,0
2025-11-13,1597,1000,Dealer_self,122
2025-11-13,1597,1889,Dealer_Hedging,14548
2025-11-14,1597,118000,Foreign_Investor,132000
2025-11-14,1597,0,Foreign_Dealer_Self,0
2025-11-14,1597,0,Investment_Trust,0
2025-11-14,1597,0,Dealer_self,0
2025-11-14,1597,0,Dealer_Hedging,2426
2025-11-17,1597,120070,Foreign_Investor,75000
2025-11-17,1597,0,Foreign_Dealer_Self,0
2025-11-17,1597,0,Investment_Trust,0
2025-11-17,1597,1000,Dealer_self,1692
2025-11-17,1597,156,Dealer_Hedging,0
2025-11-18,1597,60000,Foreign_Investor,80000
2025-11-18,1597,0,Foreign_Dealer_Self,0
2025-11-18,1597,0,Investment_Trust,0
2025-11-18,1597,3000,Dealer_self,2374
2025-11-18,1597,0,Dealer_Hedging,2114
2025-11-19,1597,87872,Foreign_Investor,46000
2025-11-19,1597,0,Foreign_Dealer_Self,0
2025-11-19,1597,0,Investment_Trust,0
2025-11-19,1597,1000,Dealer_self,615
2025-11-19,1597,195,Dealer_Hedging,5506
2025-11-20,1597,83000,Foreign_Investor,11000
2025-11-20,1597,0,Foreign_Dealer_Self,0
2025-11-20,1597,0,Investment_Trust,0
2025-11-20,1597,1000,Dealer_self,22
2025-11-20,1597,460,Dealer_Hedging,5051
2025-11-21,1597,67277,Foreign_Investor,73000
2025-11-21,1597,0,Foreign_Dealer_Self,0
2025-11-21,1597,0,Investment_Trust,0
2025-11-21,1597,4000,Dealer_self,4632
2025-11-21,1597,0,Dealer_Hedging,255
2025-11-24,1597,43000,Foreign_Investor,19000
2025-11-24,1597,0,Foreign_Dealer_Self,0
2025-11-24,1597,0,Investment_Trust,0
2025-11-24,1597,3000,Dealer_self,0
2025-11-24,1597,735,Dealer_Hedging,0
2025-11-25,1597,133000,Foreign_Investor,21000
2025-11-25,1597,0,Foreign_Dealer_Self,0
2025-11-25,1597,0,Investment_Trust,0
2025-11-25,1597,51,Dealer_self,0
2025-11-25,1597,2383,Dealer_Hedging,0
2025-11-26,1597,130000,Foreign_Investor,14000
2025-11-26,1597,0,Foreign_Dealer_Self,0
2025-11-26,1597,0,Investment_Trust,0
2025-11-26,1597,1000,Dealer_self,0
2025-11-26,1597,721,Dealer_Hedging,0
2025-11-27,1597,50000,Foreign_Investor,24000
2025-11-27,1597,0,Foreign_Dealer_Self,0
2025-11-27,1597,0,Investment_Trust,0
2025-11-27,1597,0,Dealer_self,0
2025-11-27,1597,623,Dealer_Hedging,0
2025-11-28,1597,103000,Foreign_Investor,17000
2025-11-28,1597,0,Foreign_Dealer_Self,0
2025-11-28,1597,0,Investment_Trust,0
2025-11-28,1597,0,Dealer_self,0
2025-11-28,1597,13,Dealer_Hedging,0
2025-12-01,1597,38000,Foreign_Investor,29000
2025-12-01,1597,0,Foreign_Dealer_Self,0
2025-12-01,1597,0,Investment_Trust,0
2025-12-01,1597,0,Dealer_self,0
2025-12-01,1597,231,Dealer_Hedging,0
2025-12-02,1597,41000,Foreign_Investor,44000
2025-12-02,1597,0,Foreign_Dealer_Self,0
2025-12-02,1597,0,Investment_Trust,0
2025-12-02,1597,1000,Dealer_self,0
2025-12-02,1597,660,Dealer_Hedging,63
2025-12-03,1597,47000,Foreign_Investor,11000
2025-12-03,1597,0,Foreign_Dealer_Self,0
2025-12-03,1597,0,Investment_Trust,0
2025-12-03,1597,0,Dealer_self,0
2025-12-03,1597,775,Dealer_Hedging,0
2025-12-04,1597,181000,Foreign_Investor,267000
2025-12-04,1597,0,Foreign_Dealer_Self,0
2025-12-04,1597,0,Investment_Trust,0
2025-12-04,1597,1000,Dealer_self,1042
2025-12-04,1597,283,Dealer_Hedging,193
2025-12-05,1597,228000,Foreign_Investor,380000
2025-12-05,1597,0,Foreign_Dealer_Self,0
2025-12-05,1597,0,Investment_Trust,0
2025-12-05,1597,2000,Dealer_self,9009
2025-12-05,1597,786,Dealer_Hedging,951
2025-12-08,1597,68810,Foreign_Investor,56000
2025-12-08,1597,0,Foreign_Dealer_Self,0
2025-12-08,1597,0,Investment_Trust,0
2025-12-08,1597,2000,Dealer_self,801
2025-12-08,1597,400,Dealer_Hedging,203
2025-12-09,1597,57000,Foreign_Investor,23000
2025-12-09,1597,0,Foreign_Dealer_Self,0
2025-12-09,1597,0,Investment_Trust,0
2025-12-09,1597,3000,Dealer_self,0
2025-12-09,1597,20,Dealer_Hedging,488
2025-12-10,1597,48000,Foreign_Investor,14000
2025-12-10,1597,0,Foreign_Dealer_Self,0
2025-12-10,1597,0,Investment_Trust,0
2025-12-10,1597,1000,Dealer_self,0
2025-12-10,1597,452,Dealer_Hedging,155
2025-12-11,1597,153000,Foreign_Investor,46000
2025-12-11,1597,0,Foreign_Dealer_Self,0
2025-12-11,1597,0,Investment_Trust,0
2025-12-11,1597,6000,Dealer_self,17
2025-12-11,1597,486,Dealer_Hedging,7112
2025-12-12,1597,89000,Foreign_Investor,27000
2025-12-12,1597,0,Foreign_Dealer_Self,0
2025-12-12,1597,0,Investment_Trust,0
2025-12-12,1597,2000,Dealer_self,13
2025-12-12,1597,100,Dealer_Hedging,501
2025-12-15,1597,52000,Foreign_Investor,43000
2025-12-15,1597,0,Foreign_Dealer_Self,0
2025-12-15,1597,0,Investment_Trust,0
2025-12-15,1597,0,Dealer_self,0
2025-12-15,1597,1153,Dealer_Hedging,100
2025-12-16,1597,24000,Foreign_Investor,150000
2025-12-16,1597,0,Foreign_Dealer_Self,0
2025-12-16,1597,0,Investment_Trust,0
2025-12-16,1597,2000,Dealer_self,457
2025-12-16,1597,391,Dealer_Hedging,50
2025-12-17,1597,69000,Foreign_Investor,39000
2025-12-17,1597,0,Foreign_Dealer_Self,0
2025-12-17,1597,0,Investment_Trust,0
2025-12-17,1597,0,Dealer_self,2199
2025-12-17,1597,72,Dealer_Hedging,140
2025-12-18,1597,2000,Foreign_Investor,63000
2025-12-18,1597,0,Foreign_Dealer_Self,0
2025-12-18,1597,0,Investment_Trust,0
2025-12-18,1597,1000,Dealer_self,231
2025-12-18,1597,0,Dealer_Hedging,301
2025-12-19,1597,80000,Foreign_Investor,4000
2025-12-19,1597,0,Foreign_Dealer_Self,0
2025-12-19,1597,0,Investment_Trust,0
2025-12-19,1597,0,Dealer_self,4406
2025-12-19,1597,653,Dealer_Hedging,17
2025-12-22,1597,57000,Foreign_Investor,12000
2025-12-22,1597,0,Foreign_Dealer_Self,0
2025-12-22,1597,0,Investment_Trust,0
2025-12-22,1597,0,Dealer_self,0
2025-12-22,1597,674,Dealer_Hedging,0
2025-12-23,1597,38000,Foreign_Investor,12000
2025-12-23,1597,0,Foreign_Dealer_Self,0
2025-12-23,1597,0,Investment_Trust,0
2025-12-23,1597,1000,Dealer_self,6000
2025-12-23,1597,291,Dealer_Hedging,0
2025-12-24,1597,19000,Foreign_Investor,10000
2025-12-24,1597,0,Foreign_Dealer_Self,0
2025-12-24,1597,0,Investment_Trust,0
2025-12-24,1597,0,Dealer_self,0
2025-12-24,1597,252,Dealer_Hedging,0
2025-12-26,1597,13000,Foreign_Investor,22000
2025-12-26,1597,0,Foreign_Dealer_Self,0
2025-12-26,1597,0,Investment_Trust,0
2025-12-26,1597,1000,Dealer_self,0
2025-12-26,1597,762,Dealer_Hedging,0
2025-12-29,1597,81000,Foreign_Investor,13000
2025-12-29,1597,0,Foreign_Dealer_Self,0
2025-12-29,1597,0,Investment_Trust,0
2025-12-29,1597,0,Dealer_self,0
2025-12-29,1597,1026,Dealer_Hedging,0
2025-12-30,1597,21000,Foreign_Investor,61000
2025-12-30,1597,0,Foreign_Dealer_Self,0
2025-12-30,1597,0,Investment_Trust,0
2025-12-30,1597,0,Dealer_self,0
2025-12-30,1597,0,Dealer_Hedging,0
2025-12-31,1597,53000,Foreign_Investor,30000
2025-12-31,1597,0,Foreign_Dealer_Self,0
2025-12-31,1597,0,Investment_Trust,0
2025-12-31,1597,90,Dealer_self,1000
2025-12-31,1597,193,Dealer_Hedging,0
2026-01-02,1597,138000,Foreign_Investor,26000
2026-01-02,1597,0,Foreign_Dealer_Self,0
2026-01-02,1597,0,Investment_Trust,0
2026-01-02,1597,3000,Dealer_self,0
2026-01-02,1597,517,Dealer_Hedging,0
2026-01-05,1597,100000,Foreign_Investor,109000
2026-01-05,1597,0,Foreign_Dealer_Self,0
2026-01-05,1597,0,Investment_Trust,0
2026-01-05,1597,5004,Dealer_self,1000
2026-01-05,1597,501,Dealer_Hedging,0
2026-01-06,1597,293000,Foreign_Investor,144000
2026-01-06,1597,0,Foreign_Dealer_Self,0
2026-01-06,1597,0,Investment_Trust,0
2026-01-06,1597,29000,Dealer_self,1622
2026-01-06,1597,1442,Dealer_Hedging,330
2026-01-07,1597,81000,Foreign_Investor,279000
2026-01-07,1597,0,Foreign_Dealer_Self,0
2026-01-07,1597,0,Investment_Trust,0
2026-01-07,1597,1000,Dealer_self,4418
2026-01-07,1597,2624,Dealer_Hedging,10
2026-01-08,1597,42000,Foreign_Investor,56000
2026-01-08,1597,0,Foreign_Dealer_Self,0
2026-01-08,1597,0,Investment_Trust,0
2026-01-08,1597,1000,Dealer_self,1469
2026-01-08,1597,0,Dealer_Hedging,426
2026-01-09,1597,50000,Foreign_Investor,23000
2026-01-09,1597,0,Foreign_Dealer_Self,0
2026-01-09,1597,0,Investment_Trust,0
2026-01-09,1597,0,Dealer_self,1000
2026-01-09,1597,799,Dealer_Hedging,0
2026-01-12,1597,172000,Foreign_Investor,22000
2026-01-12,1597,0,Foreign_Dealer_Self,0
2026-01-12,1597,0,Investment_Trust,0
2026-01-12,1597,2000,Dealer_self,0
2026-01-12,1597,987,Dealer_Hedging,2000
2026-01-13,1597,55000,Foreign_Investor,53000
2026-01-13,1597,0,Foreign_Dealer_Self,0
2026-01-13,1597,0,Investment_Trust,0
2026-01-13,1597,2000,Dealer_self,0
2026-01-13,1597,71,Dealer_Hedging,0
2026-01-14,1597,474000,Foreign_Investor,202000
2026-01-14,1597,0,Foreign_Dealer_Self,0
2026-01-14,1597,0,Investment_Trust,0
2026-01-14,1597,7000,Dealer_self,1846
2026-01-14,1597,24579,Dealer_Hedging,1383
2026-01-15,1597,108000,Foreign_Investor,204000
2026-01-15,1597,0,Foreign_Dealer_Self,0
2026-01-15,1597,0,Investment_Trust,0
2026-01-15,1597,1000,Dealer_self,0
2026-01-15,1597,808,Dealer_Hedging,8901
2026-01-16,1597,553000,Foreign_Investor,521000
2026-01-16,1597,0,Foreign_Dealer_Self,0
2026-01-16,1597,0,Investment_Trust,0
2026-01-16,1597,3009,Dealer_self,1064
2026-01-16,1597,40393,Dealer_Hedging,15945
2026-01-19,1597,542000,Foreign_Investor,525000
2026-01-19,1597,0,Foreign_Dealer_Self,0
2026-01-19,1597,0,Investment_Trust,0
2026-01-19,1597,7000,Dealer_self,9
2026-01-19,1597,9841,Dealer_Hedging,1307
2026-01-20,1597,309000,Foreign_Investor,134000
2026-01-20,1597,0,Foreign_Dealer_Self,0
2026-01-20,1597,0,Investment_Trust,0
2026-01-20,1597,0,Dealer_self,0
2026-01-20,1597,2000,Dealer_Hedging,1100
2026-01-21,1597,305000,Foreign_Investor,220000
2026-01-21,1597,0,Foreign_Dealer_Self,0
2026-01-21,1597,0,Investment_Trust,0
2026-01-21,1597,2000,Dealer_self,0
2026-01-21,1597,3820,Dealer_Hedging,2001
2026-01-22,1597,209000,Foreign_Investor,136000
2026-01-22,1597,0,Foreign_Dealer_Self,0
2026-01-22,1597,0,Investment_Trust,0
2026-01-22,1597,4000,Dealer_self,0
2026-01-22,1597,2548,Dealer_Hedging,513
2026-01-23,1597,204000,Foreign_Investor,251000
2026-01-23,1597,0,Foreign_Dealer_Self,0
2026-01-23,1597,0,Investment_Trust,0
2026-01-23,1597,12000,Dealer_self,1600
2026-01-23,1597,931,Dealer_Hedging,12761
2026-01-26,1597,335000,Foreign_Investor,203000
2026-01-26,1597,0,Foreign_Dealer_Self,0
2026-01-26,1597,0,Investment_Trust,0
2026-01-26,1597,0,Dealer_self,0
2026-01-26,1597,3907,Dealer_Hedging,0
2026-01-27,1597,128000,Foreign_Investor,65000
2026-01-27,1597,0,Foreign_Dealer_Self,0
2026-01-27,1597,0,Investment_Trust,0
2026-01-27,1597,0,Dealer_self,1000
2026-01-27,1597,1075,Dealer_Hedging,4000
2026-01-28,1597,301000,Foreign_Investor,81000
2026-01-28,1597,0,Foreign_Dealer_Self,0
2026-01-28,1597,0,Investment_Trust,0
2026-01-28,1597,0,Dealer_self,1000
2026-01-28,1597,410,Dealer_Hedging,170
2026-01-29,1597,320000,Foreign_Investor,451000
2026-01-29,1597,0,Foreign_Dealer_Self,0
2026-01-29,1597,0,Investment_Trust,0
2026-01-29,1597,0,Dealer_self,461
2026-01-29,1597,5650,Dealer_Hedging,2030
2026-01-30,1597,182400,Foreign_Investor,147000
2026-01-30,1597,0,Foreign_Dealer_Self,0
2026-01-30,1597,0,Investment_Trust,0
2026-01-30,1597,0,Dealer_self,0
2026-01-30,1597,946,Dealer_Hedging,13
2026-02-02,1597,195000,Foreign_Investor,146000
2026-02-02,1597,0,Foreign_Dealer_Self,0
2026-02-02,1597,0,Investment_Trust,0
2026-02-02,1597,0,Dealer_self,16001
2026-02-02,1597,0,Dealer_Hedging,2406
2026-02-03,1597,84000,Foreign_Investor,40000
2026-02-03,1597,0,Foreign_Dealer_Self,0
2026-02-03,1597,0,Investment_Trust,0
2026-02-03,1597,1000,Dealer_self,11000
2026-02-03,1597,0,Dealer_Hedging,154
2026-02-04,1597,237000,Foreign_Investor,94000
2026-02-04,1597,0,Foreign_Dealer_Self,0
2026-02-04,1597,0,Investment_Trust,0
2026-02-04,1597,6000,Dealer_self,1000
2026-02-04,1597,3359,Dealer_Hedging,339
2026-02-05,1597,98000,Foreign_Investor,273000
2026-02-05,1597,0,Foreign_Dealer_Self,0
2026-02-05,1597,0,Investment_Trust,0
2026-02-05,1597,0,Dealer_self,289
2026-02-05,1597,234,Dealer_Hedging,4000
2026-02-06,1597,212000,Foreign_Investor,225988
2026-02-06,1597,0,Foreign_Dealer_Self,0
2026-02-06,1597,0,Investment_Trust,0
2026-02-06,1597,0,Dealer_self,769
2026-02-06,1597,1007,Dealer_Hedging,3286
2026-02-09,1597,274000,Foreign_Investor,87000
2026-02-09,1597,0,Foreign_Dealer_Self,0
2026-02-09,1597,0,Investment_Trust,0
2026-02-09,1597,1000,Dealer_self,0
2026-02-09,1597,5743,Dealer_Hedging,0
2026-02-10,1597,86000,Foreign_Investor,131000
2026-02-10,1597,0,Foreign_Dealer_Self,0
2026-02-10,1597,0,Investment_Trust,0
2026-02-10,1597,0,Dealer_self,19023
2026-02-10,1597,0,Dealer_Hedging,3246
2026-02-11,1597,43000,Foreign_Investor,105000
2026-02-11,1597,0,Foreign_Dealer_Self,0
2026-02-11,1597,0,Investment_Trust,0
2026-02-11,1597,2000,Dealer_self,13753
2026-02-11,1597,0,Dealer_Hedging,1875
2026-02-23,1597,413000,Foreign_Investor,100400
2026-02-23,1597,0,Foreign_Dealer_Self,0
2026-02-23,1597,0,Investment_Trust,0
2026-02-23,1597,0,Dealer_self,0
2026-02-23,1597,3370,Dealer_Hedging,0
2026-02-24,1597,104000,Foreign_Investor,121000
2026-02-24,1597,0,Foreign_Dealer_Self,0
2026-02-24,1597,0,Investment_Trust,0
2026-02-24,1597,1000,Dealer_self,670
2026-02-24,1597,1633,Dealer_Hedging,3452
2026-02-25,1597,40000,Foreign_Investor,197000
2026-02-25,1597,0,Foreign_Dealer_Self,0
2026-02-25,1597,0,Investment_Trust,0
2026-02-25,1597,2000,Dealer_self,2599
2026-02-25,1597,1830,Dealer_Hedging,2079
2026-02-26,1597,121483,Foreign_Investor,110000
2026-02-26,1597,0,Foreign_Dealer_Self,0
2026-02-26,1597,0,Investment_Trust,0
2026-02-26,1597,0,Dealer_self,0
2026-02-26,1597,607,Dealer_Hedging,0
2026-03-02,1597,359000,Foreign_Investor,162000
2026-03-02,1597,0,Foreign_Dealer_Self,0
2026-03-02,1597,0,Investment_Trust,0
2026-03-02,1597,0,Dealer_self,4000
2026-03-02,1597,0,Dealer_Hedging,1021
2026-03-03,1597,124000,Foreign_Investor,274000
2026-03-03,1597,0,Foreign_Dealer_Self,0
2026-03-03,1597,0,Investment_Trust,0
2026-03-03,1597,1000,Dealer_self,147
2026-03-03,1597,0,Dealer_Hedging,2708
2026-03-04,1597,166000,Foreign_Investor,315000
2026-03-04,1597,0,Foreign_Dealer_Self,0
2026-03-04,1597,0,Investment_Trust,0
2026-03-04,1597,2000,Dealer_self,2517
2026-03-04,1597,0,Dealer_Hedging,8023
2026-03-05,1597,196000,Foreign_Investor,208000
2026-03-05,1597,0,Foreign_Dealer_Self,0
2026-03-05,1597,0,Investment_Trust,0
2026-03-05,1597,0,Dealer_self,9
2026-03-05,1597,2000,Dealer_Hedging,6340
2026-03-06,1597,33000,Foreign_Investor,164000
2026-03-06,1597,0,Foreign_Dealer_Self,0
2026-03-06,1597,0,Investment_Trust,0
2026-03-06,1597,0,Dealer_self,0
2026-03-06,1597,0,Dealer_Hedging,15
2026-03-09,1597,126000,Foreign_Investor,166548
2026-03-09,1597,0,Foreign_Dealer_Self,0
2026-03-09,1597,0,Investment_Trust,0
2026-03-09,1597,0,Dealer_self,2247
2026-03-09,1597,0,Dealer_Hedging,1461
2026-03-10,1597,182000,Foreign_Investor,75000
2026-03-10,1597,0,Foreign_Dealer_Self,0
2026-03-10,1597,0,Investment_Trust,0
2026-03-10,1597,0,Dealer_self,1
2026-03-10,1597,1000,Dealer_Hedging,25004
2026-03-11,1597,134000,Foreign_Investor,44000
2026-03-11,1597,0,Foreign_Dealer_Self,0
2026-03-11,1597,0,Investment_Trust,0
2026-03-11,1597,0,Dealer_self,0
2026-03-11,1597,1000,Dealer_Hedging,0
2026-03-12,1597,167000,Foreign_Investor,81000
2026-03-12,1597,0,Foreign_Dealer_Self,0
2026-03-12,1597,0,Investment_Trust,0
2026-03-12,1597,0,Dealer_self,1000
2026-03-12,1597,1000,Dealer_Hedging,16000
2026-03-13,1597,77000,Foreign_Investor,62000
2026-03-13,1597,0,Foreign_Dealer_Self,0
2026-03-13,1597,0,Investment_Trust,0
2026-03-13,1597,0,Dealer_self,1000
2026-03-13,1597,1000,Dealer_Hedging,1000
2026-03-16,1597,265000,Foreign_Investor,77968
2026-03-16,1597,0,Foreign_Dealer_Self,0
2026-03-16,1597,0,Investment_Trust,0
2026-03-16,1597,0,Dealer_self,0
2026-03-16,1597,3000,Dealer_Hedging,3000
2026-03-17,1597,284000,Foreign_Investor,54000
2026-03-17,1597,0,Foreign_Dealer_Self,0
2026-03-17,1597,0,Investment_Trust,0
2026-03-17,1597,23185,Dealer_self,20000
2026-03-17,1597,0,Dealer_Hedging,1834
2026-03-18,1597,87000,Foreign_Investor,98000
2026-03-18,1597,0,Foreign_Dealer_Self,0
2026-03-18,1597,0,Investment_Trust,0
2026-03-18,1597,324,Dealer_self,3000
2026-03-18,1597,0,Dealer_Hedging,0
2026-03-19,1597,64000,Foreign_Investor,87000
2026-03-19,1597,0,Foreign_Dealer_Self,0
2026-03-19,1597,0,Investment_Trust,0
2026-03-19,1597,0,Dealer_self,4000
2026-03-19,1597,0,Dealer_Hedging,0
2026-03-20,1597,200000,Foreign_Investor,61000
2026-03-20,1597,0,Foreign_Dealer_Self,0
2026-03-20,1597,0,Investment_Trust,0
2026-03-20,1597,2000,Dealer_self,3000
2026-03-20,1597,2000,Dealer_Hedging,2708
2026-03-23,1597,898000,Foreign_Investor,540000
2026-03-23,1597,0,Foreign_Dealer_Self,0
2026-03-23,1597,0,Investment_Trust,0
2026-03-23,1597,17288,Dealer_self,7000
2026-03-23,1597,29761,Dealer_Hedging,0
2026-03-24,1597,311000,Foreign_Investor,324000
2026-03-24,1597,0,Foreign_Dealer_Self,0
2026-03-24,1597,0,Investment_Trust,0
2026-03-24,1597,14,Dealer_self,5115
2026-03-24,1597,2000,Dealer_Hedging,9000
2026-03-25,1597,873000,Foreign_Investor,358000
2026-03-25,1597,0,Foreign_Dealer_Self,0
2026-03-25,1597,0,Investment_Trust,0
2026-03-25,1597,1127,Dealer_self,74
2026-03-25,1597,117772,Dealer_Hedging,1
2026-03-26,1597,346000,Foreign_Investor,489000
2026-03-26,1597,0,Foreign_Dealer_Self,0
2026-03-26,1597,0,Investment_Trust,0
2026-03-26,1597,2000,Dealer_self,1
2026-03-26,1597,1,Dealer_Hedging,99297
2026-03-27,1597,249000,Foreign_Investor,262000
2026-03-27,1597,0,Foreign_Dealer_Self,0
2026-03-27,1597,0,Investment_Trust,0
2026-03-27,1597,1000,Dealer_self,8000
2026-03-27,1597,0,Dealer_Hedging,6000
2026-03-30,1597,414000,Foreign_Investor,438000
2026-03-30,1597,0,Foreign_Dealer_Self,0
2026-03-30,1597,0,Investment_Trust,0
2026-03-30,1597,5000,Dealer_self,1126
2026-03-30,1597,107561,Dealer_Hedging,0
2026-03-31,1597,458000,Foreign_Investor,467000
2026-03-31,1597,0,Foreign_Dealer_Self,0
2026-03-31,1597,0,Investment_Trust,0
2026-03-31,1597,4000,Dealer_self,1000
2026-03-31,1597,4001,Dealer_Hedging,98478
2026-04-01,1597,267000,Foreign_Investor,242000
2026-04-01,1597,0,Foreign_Dealer_Self,0
2026-04-01,1597,0,Investment_Trust,0
2026-04-01,1597,9442,Dealer_self,2000
2026-04-01,1597,0,Dealer_Hedging,0
2026-04-02,1597,179000,Foreign_Investor,206000
2026-04-02,1597,0,Foreign_Dealer_Self,0
2026-04-02,1597,0,Investment_Trust,0
2026-04-02,1597,2039,Dealer_self,0
2026-04-02,1597,63593,Dealer_Hedging,0
2026-04-07,1597,668000,Foreign_Investor,391150
2026-04-07,1597,0,Foreign_Dealer_Self,0
2026-04-07,1597,0,Investment_Trust,0
2026-04-07,1597,1000,Dealer_self,2000
2026-04-07,1597,20860,Dealer_Hedging,4153
2026-04-08,1597,887000,Foreign_Investor,350070
2026-04-08,1597,0,Foreign_Dealer_Self,0
2026-04-08,1597,0,Investment_Trust,0
2026-04-08,1597,2000,Dealer_self,1000
2026-04-08,1597,32832,Dealer_Hedging,0
2026-04-09,1597,350000,Foreign_Investor,442030
2026-04-09,1597,0,Foreign_Dealer_Self,0
2026-04-09,1597,0,Investment_Trust,0
2026-04-09,1597,0,Dealer_self,0
2026-04-09,1597,12279,Dealer_Hedging,85081
2026-04-10,1597,0,Foreign_Investor,27040
2026-04-10,1597,0,Foreign_Dealer_Self,0
2026-04-10,1597,0,Investment_Trust,0
2026-04-10,1597,275583,Dealer_self,0
2026-04-10,1597,1100,Dealer_Hedging,1000
2026-04-13,1597,0,Foreign_Investor,0
2026-04-13,1597,0,Foreign_Dealer_Self,0
2026-04-13,1597,0,Investment_Trust,0
2026-04-13,1597,107257,Dealer_self,0
2026-04-13,1597,0,Dealer_Hedging,0
2026-04-14,1597,350000,Foreign_Investor,246000
2026-04-14,1597,0,Foreign_Dealer_Self,0
2026-04-14,1597,0,Investment_Trust,0
2026-04-14,1597,73714,Dealer_self,400000
2026-04-14,1597,0,Dealer_Hedging,0
2026-04-15,1597,4964000,Foreign_Investor,1912000
2026-04-15,1597,0,Foreign_Dealer_Self,0
2026-04-15,1597,0,Investment_Trust,0
2026-04-15,1597,106000,Dealer_self,54602
2026-04-15,1597,15828,Dealer_Hedging,10966
2026-04-16,1597,1707000,Foreign_Investor,2894000
2026-04-16,1597,0,Foreign_Dealer_Self,0
2026-04-16,1597,0,Investment_Trust,0
2026-04-16,1597,17000,Dealer_self,3438
2026-04-16,1597,31198,Dealer_Hedging,4318
2026-04-17,1597,1359444,Foreign_Investor,2177000
2026-04-17,1597,0,Foreign_Dealer_Self,0
2026-04-17,1597,0,Investment_Trust,0
2026-04-17,1597,49000,Dealer_self,46838
2026-04-17,1597,3130,Dealer_Hedging,26552
2026-04-20,1597,1374000,Foreign_Investor,1742000
2026-04-20,1597,0,Foreign_Dealer_Self,0
2026-04-20,1597,37000,Investment_Trust,0
2026-04-20,1597,8000,Dealer_self,65455
2026-04-20,1597,9360,Dealer_Hedging,14765
2026-04-21,1597,925750,Foreign_Investor,765000
2026-04-21,1597,0,Foreign_Dealer_Self,0
2026-04-21,1597,34000,Investment_Trust,0
2026-04-21,1597,1000,Dealer_self,20518
2026-04-21,1597,60119,Dealer_Hedging,2011
2026-04-22,1597,1267000,Foreign_Investor,2027000
2026-04-22,1597,0,Foreign_Dealer_Self,0
2026-04-22,1597,30000,Investment_Trust,0
2026-04-22,1597,53000,Dealer_self,47232
2026-04-22,1597,27239,Dealer_Hedging,31727
2026-04-23,1597,1965000,Foreign_Investor,1092000
2026-04-23,1597,0,Foreign_Dealer_Self,0
2026-04-23,1597,23000,Investment_Trust,0
2026-04-23,1597,221000,Dealer_self,35908
2026-04-23,1597,16963,Dealer_Hedging,53007
2026-04-24,1597,590000,Foreign_Investor,678000
2026-04-24,1597,0,Foreign_Dealer_Self,0
2026-04-24,1597,27000,Investment_Trust,0
2026-04-24,1597,80011,Dealer_self,0
2026-04-24,1597,6470,Dealer_Hedging,16164
2026-04-27,1597,1219000,Foreign_Investor,1170000
2026-04-27,1597,0,Foreign_Dealer_Self,0
2026-04-27,1597,2000,Investment_Trust,0
2026-04-27,1597,66000,Dealer_self,3083
2026-04-27,1597,9161,Dealer_Hedging,6810
2026-04-28,1597,307000,Foreign_Investor,399000
2026-04-28,1597,0,Foreign_Dealer_Self,0
2026-04-28,1597,0,Investment_Trust,0
2026-04-28,1597,21018,Dealer_self,1000
2026-04-28,1597,6464,Dealer_Hedging,4000
2026-04-29,1597,3506111,Foreign_Investor,4295000
2026-04-29,1597,0,Foreign_Dealer_Self,0
2026-04-29,1597,0,Investment_Trust,2000
2026-04-29,1597,48492,Dealer_self,24952
2026-04-29,1597,187925,Dealer_Hedging,29454
2026-04-30,1597,632000,Foreign_Investor,83000
2026-04-30,1597,0,Foreign_Dealer_Self,0
2026-04-30,1597,0,Investment_Trust,0
2026-04-30,1597,87411,Dealer_self,1000
2026-04-30,1597,37996,Dealer_Hedging,8000
2026-05-04,1597,1340000,Foreign_Investor,1190000
2026-05-04,1597,0,Foreign_Dealer_Self,0
2026-05-04,1597,0,Investment_Trust,4000
2026-05-04,1597,38000,Dealer_self,86000
2026-05-04,1597,82903,Dealer_Hedging,18981
2026-05-05,1597,439000,Foreign_Investor,90000
2026-05-05,1597,0,Foreign_Dealer_Self,0
2026-05-05,1597,0,Investment_Trust,1000
2026-05-05,1597,7000,Dealer_self,10904
2026-05-05,1597,23771,Dealer_Hedging,56000
2026-05-06,1597,5925162,Foreign_Investor,4103500
2026-05-06,1597,0,Foreign_Dealer_Self,0
2026-05-06,1597,0,Investment_Trust,2000
2026-05-06,1597,15075,Dealer_self,208185
2026-05-06,1597,116870,Dealer_Hedging,197996
2026-05-07,1597,232000,Foreign_Investor,158000
2026-05-07,1597,0,Foreign_Dealer_Self,0
2026-05-07,1597,0,Investment_Trust,1000
2026-05-07,1597,10000,Dealer_self,0
2026-05-07,1597,9000,Dealer_Hedging,20000
2026-05-08,1597,220600,Foreign_Investor,181600
2026-05-08,1597,0,Foreign_Dealer_Self,0
2026-05-08,1597,0,Investment_Trust,0
2026-05-08,1597,1000,Dealer_self,0
2026-05-08,1597,7000,Dealer_Hedging,17259
2026-05-11,1597,450087,Foreign_Investor,221020
2026-05-11,1597,0,Foreign_Dealer_Self,0
2026-05-11,1597,0,Investment_Trust,0
2026-05-11,1597,75000,Dealer_self,9263
2026-05-11,1597,47000,Dealer_Hedging,4067
2026-05-12,1597,270095,Foreign_Investor,147000
2026-05-12,1597,0,Foreign_Dealer_Self,0
2026-05-12,1597,0,Investment_Trust,6000
2026-05-12,1597,11000,Dealer_self,9000
2026-05-12,1597,3000,Dealer_Hedging,4565
2026-05-13,1597,438000,Foreign_Investor,243000
2026-05-13,1597,0,Foreign_Dealer_Self,0
2026-05-13,1597,0,Investment_Trust,0
2026-05-13,1597,25578,Dealer_self,2000
2026-05-13,1597,0,Dealer_Hedging,7000
2026-05-14,1597,125000,Foreign_Investor,208000
2026-05-14,1597,0,Foreign_Dealer_Self,0
2026-05-14,1597,0,Investment_Trust,0
2026-05-14,1597,20000,Dealer_self,1000
2026-05-14,1597,11000,Dealer_Hedging,36492
2026-05-15,1597,126000,Foreign_Investor,90010
2026-05-15,1597,0,Foreign_Dealer_Self,0
2026-05-15,1597,0,Investment_Trust,0
2026-05-15,1597,8000,Dealer_self,2000
2026-05-15,1597,62000,Dealer_Hedging,18098
2026-05-18,1597,269000,Foreign_Investor,124000
2026-05-18,1597,0,Foreign_Dealer_Self,0
2026-05-18,1597,0,Investment_Trust,0
2026-05-18,1597,23000,Dealer_self,30000
2026-05-18,1597,8000,Dealer_Hedging,9000
