date,stock_id,buy,name,sell
2024-07-09,2027,1183770,Foreign_Investor,2545000
2024-07-09,2027,0,Foreign_Dealer_Self,0
2024-07-09,2027,1747000,Investment_Trust,0
2024-07-09,2027,1000,Dealer_self,66000
2024-07-09,2027,430000,Dealer_Hedging,239075
2024-07-10,2027,801000,Foreign_Investor,1780299
2024-07-10,2027,0,Foreign_Dealer_Self,0
2024-07-10,2027,1708000,Investment_Trust,0
2024-07-10,2027,0,Dealer_self,27000
2024-07-10,2027,51000,Dealer_Hedging,1954
2024-07-11,2027,1600440,Foreign_Investor,1956000
2024-07-11,2027,0,Foreign_Dealer_Self,0
2024-07-11,2027,997000,Investment_Trust,9000
2024-07-11,2027,6000,Dealer_self,14000
2024-07-11,2027,192000,Dealer_Hedging,152000
2024-07-12,2027,3209000,Foreign_Investor,1349000
2024-07-12,2027,0,Foreign_Dealer_Self,0
2024-07-12,2027,329000,Investment_Trust,0
2024-07-12,2027,17973,Dealer_self,18000
2024-07-12,2027,593000,Dealer_Hedging,24000
2024-07-15,2027,9217200,Foreign_Investor,3973000
2024-07-15,2027,0,Foreign_Dealer_Self,0
2024-07-15,2027,656000,Investment_Trust,0
2024-07-15,2027,47574,Dealer_self,28000
2024-07-15,2027,960989,Dealer_Hedging,164000
2024-07-16,2027,1860211,Foreign_Investor,3458000
2024-07-16,2027,0,Foreign_Dealer_Self,0
2024-07-16,2027,3299000,Investment_Trust,0
2024-07-16,2027,7822,Dealer_self,3215
2024-07-16,2027,666000,Dealer_Hedging,213000
2024-07-17,2027,3644275,Foreign_Investor,5512000
2024-07-17,2027,0,Foreign_Dealer_Self,0
2024-07-17,2027,3533000,Investment_Trust,0
2024-07-17,2027,788131,Dealer_self,10000
2024-07-17,2027,938880,Dealer_Hedging,103000
2024-07-18,2027,12146000,Foreign_Investor,6332149
2024-07-18,2027,0,Foreign_Dealer_Self,0
2024-07-18,2027,3415000,Investment_Trust,0
2024-07-18,2027,58724,Dealer_self,162000
2024-07-18,2027,1293025,Dealer_Hedging,484000
2024-07-19,2027,2907822,Foreign_Investor,4884200
2024-07-19,2027,0,Foreign_Dealer_Self,0
2024-07-19,2027,3781000,Investment_Trust,194000
2024-07-19,2027,174968,Dealer_self,161000
2024-07-19,2027,714000,Dealer_Hedging,495951
2024-07-22,2027,3485000,Foreign_Investor,6702000
2024-07-22,2027,0,Foreign_Dealer_Self,0
2024-07-22,2027,3682404,Investment_Trust,565000
2024-07-22,2027,332577,Dealer_self,215000
2024-07-22,2027,494000,Dealer_Hedging,373350
2024-07-23,2027,12566000,Foreign_Investor,2042000
2024-07-23,2027,0,Foreign_Dealer_Self,0
2024-07-23,2027,1175000,Investment_Trust,249000
2024-07-23,2027,195081,Dealer_self,20000
2024-07-23,2027,794048,Dealer_Hedging,260828
2024-07-26,2027,5303000,Foreign_Investor,3665000
2024-07-26,2027,0,Foreign_Dealer_Self,0
2024-07-26,2027,0,Investment_Trust,2000
2024-07-26,2027,9276,Dealer_self,155000
2024-07-26,2027,757610,Dealer_Hedging,353000
2024-07-29,2027,3482272,Foreign_Investor,3533000
2024-07-29,2027,0,Foreign_Dealer_Self,0
2024-07-29,2027,82000,Investment_Trust,0
2024-07-29,2027,155058,Dealer_self,22309
2024-07-29,2027,482000,Dealer_Hedging,444126
2024-07-30,2027,3964000,Foreign_Investor,2308000
2024-07-30,2027,0,Foreign_Dealer_Self,0
2024-07-30,2027,2335000,Investment_Trust,0
2024-07-30,2027,29412,Dealer_self,151000
2024-07-30,2027,488001,Dealer_Hedging,133000
2024-07-31,2027,4552600,Foreign_Investor,2643000
2024-07-31,2027,0,Foreign_Dealer_Self,0
2024-07-31,2027,2227000,Investment_Trust,401000
2024-07-31,2027,10195,Dealer_self,15000
2024-07-31,2027,23000,Dealer_Hedging,53000
2024-08-01,2027,3613699,Foreign_Investor,4617236
2024-08-01,2027,0,Foreign_Dealer_Self,0
2024-08-01,2027,2255000,Investment_Trust,0
2024-08-01,2027,72037,Dealer_self,357000
2024-08-01,2027,188000,Dealer_Hedging,74000
2024-08-02,2027,3532000,Foreign_Investor,2466000
2024-08-02,2027,0,Foreign_Dealer_Self,0
2024-08-02,2027,2299000,Investment_Trust,0
2024-08-02,2027,42650,Dealer_self,1194000
2024-08-02,2027,681000,Dealer_Hedging,3231535
2024-08-05,2027,3850000,Foreign_Investor,6544000
2024-08-05,2027,0,Foreign_Dealer_Self,0
2024-08-05,2027,98000,Investment_Trust,0
2024-08-05,2027,450642,Dealer_self,349646
2024-08-05,2027,3107731,Dealer_Hedging,715771
2024-08-06,2027,4212200,Foreign_Investor,4273536
2024-08-06,2027,0,Foreign_Dealer_Self,0
2024-08-06,2027,478674,Investment_Trust,0
2024-08-06,2027,273615,Dealer_self,268359
2024-08-06,2027,764000,Dealer_Hedging,203689
2024-08-07,2027,2289200,Foreign_Investor,1296000
2024-08-07,2027,0,Foreign_Dealer_Self,0
2024-08-07,2027,84017,Investment_Trust,333000
2024-08-07,2027,45474,Dealer_self,8000
2024-08-07,2027,362000,Dealer_Hedging,49000
2024-08-08,2027,1374600,Foreign_Investor,1750000
2024-08-08,2027,0,Foreign_Dealer_Self,0
2024-08-08,2027,77009,Investment_Trust,0
2024-08-08,2027,36000,Dealer_self,87445
2024-08-08,2027,201000,Dealer_Hedging,126000
2024-08-09,2027,1373000,Foreign_Investor,985506
2024-08-09,2027,0,Foreign_Dealer_Self,0
2024-08-09,2027,128009,Investment_Trust,411000
2024-08-09,2027,4529,Dealer_self,338442
2024-08-09,2027,64000,Dealer_Hedging,130000
2024-08-12,2027,1121000,Foreign_Investor,905144
2024-08-12,2027,0,Foreign_Dealer_Self,0
2024-08-12,2027,226060,Investment_Trust,290000
2024-08-12,2027,17000,Dealer_self,2130
2024-08-12,2027,93000,Dealer_Hedging,24000
2024-08-13,2027,724000,Foreign_Investor,2122000
2024-08-13,2027,0,Foreign_Dealer_Self,0
2024-08-13,2027,389172,Investment_Trust,0
2024-08-13,2027,36000,Dealer_self,32046
2024-08-13,2027,184000,Dealer_Hedging,61163
2024-08-14,2027,1418000,Foreign_Investor,992000
2024-08-14,2027,0,Foreign_Dealer_Self,0
2024-08-14,2027,321000,Investment_Trust,150000
2024-08-14,2027,72000,Dealer_self,17150
2024-08-14,2027,39000,Dealer_Hedging,49000
2024-08-15,2027,1042141,Foreign_Investor,1165164
2024-08-15,2027,0,Foreign_Dealer_Self,0
2024-08-15,2027,21009,Investment_Trust,229000
2024-08-15,2027,414000,Dealer_self,467870
2024-08-15,2027,30000,Dealer_Hedging,67568
2024-08-16,2027,1115495,Foreign_Investor,1025000
2024-08-16,2027,0,Foreign_Dealer_Self,0
2024-08-16,2027,575086,Investment_Trust,217000
2024-08-16,2027,118000,Dealer_self,101762
2024-08-16,2027,141000,Dealer_Hedging,21000
2024-08-19,2027,811000,Foreign_Investor,667000
2024-08-19,2027,0,Foreign_Dealer_Self,0
2024-08-19,2027,105447,Investment_Trust,50000
2024-08-19,2027,12000,Dealer_self,35000
2024-08-19,2027,87000,Dealer_Hedging,40000
2024-08-20,2027,1946000,Foreign_Investor,882848
2024-08-20,2027,0,Foreign_Dealer_Self,0
2024-08-20,2027,186243,Investment_Trust,13000
2024-08-20,2027,93000,Dealer_self,34000
2024-08-20,2027,76012,Dealer_Hedging,0
2024-08-21,2027,1951028,Foreign_Investor,1815707
2024-08-21,2027,0,Foreign_Dealer_Self,0
2024-08-21,2027,132547,Investment_Trust,0
2024-08-21,2027,128126,Dealer_self,29000
2024-08-21,2027,187000,Dealer_Hedging,33000
2024-08-22,2027,6693000,Foreign_Investor,926360
2024-08-22,2027,0,Foreign_Dealer_Self,0
2024-08-22,2027,176392,Investment_Trust,384000
2024-08-22,2027,781300,Dealer_self,241552
2024-08-22,2027,263000,Dealer_Hedging,61000
2024-08-23,2027,724000,Foreign_Investor,1225000
2024-08-23,2027,0,Foreign_Dealer_Self,0
2024-08-23,2027,66000,Investment_Trust,0
2024-08-23,2027,7000,Dealer_self,119000
2024-08-23,2027,105000,Dealer_Hedging,123000
2024-08-26,2027,2594800,Foreign_Investor,997000
2024-08-26,2027,0,Foreign_Dealer_Self,0
2024-08-26,2027,15000,Investment_Trust,0
2024-08-26,2027,2000,Dealer_self,439000
2024-08-26,2027,36000,Dealer_Hedging,170000
2024-08-27,2027,4130000,Foreign_Investor,1645212
2024-08-27,2027,0,Foreign_Dealer_Self,0
2024-08-27,2027,70000,Investment_Trust,0
2024-08-27,2027,54330,Dealer_self,156000
2024-08-27,2027,84000,Dealer_Hedging,40000
2024-08-28,2027,1587000,Foreign_Investor,630110
2024-08-28,2027,0,Foreign_Dealer_Self,0
2024-08-28,2027,4000,Investment_Trust,0
2024-08-28,2027,8700,Dealer_self,19000
2024-08-28,2027,18000,Dealer_Hedging,4000
2024-08-29,2027,1008000,Foreign_Investor,877000
2024-08-29,2027,0,Foreign_Dealer_Self,0
2024-08-29,2027,7000,Investment_Trust,0
2024-08-29,2027,31000,Dealer_self,8000
2024-08-29,2027,139000,Dealer_Hedging,12000
2024-08-30,2027,6183000,Foreign_Investor,1706000
2024-08-30,2027,0,Foreign_Dealer_Self,0
2024-08-30,2027,77000,Investment_Trust,0
2024-08-30,2027,336085,Dealer_self,40000
2024-08-30,2027,226000,Dealer_Hedging,52000
2024-09-02,2027,363000,Foreign_Investor,1943000
2024-09-02,2027,0,Foreign_Dealer_Self,0
2024-09-02,2027,53000,Investment_Trust,0
2024-09-02,2027,12000,Dealer_self,88000
2024-09-02,2027,131000,Dealer_Hedging,194000
2024-09-03,2027,507000,Foreign_Investor,746000
2024-09-03,2027,0,Foreign_Dealer_Self,0
2024-09-03,2027,20000,Investment_Trust,212000
2024-09-03,2027,18000,Dealer_self,14910
2024-09-03,2027,46000,Dealer_Hedging,121000
2024-09-04,2027,781000,Foreign_Investor,3154000
2024-09-04,2027,0,Foreign_Dealer_Self,0
2024-09-04,2027,58099,Investment_Trust,0
2024-09-04,2027,65000,Dealer_self,535784
2024-09-04,2027,811900,Dealer_Hedging,100755
2024-09-05,2027,475000,Foreign_Investor,2375000
2024-09-05,2027,0,Foreign_Dealer_Self,0
2024-09-05,2027,445169,Investment_Trust,406000
2024-09-05,2027,25000,Dealer_self,146456
2024-09-05,2027,171000,Dealer_Hedging,92000
2024-09-06,2027,843000,Foreign_Investor,1027000
2024-09-06,2027,0,Foreign_Dealer_Self,0
2024-09-06,2027,51489,Investment_Trust,397000
2024-09-06,2027,19000,Dealer_self,66432
2024-09-06,2027,79000,Dealer_Hedging,32000
2024-09-09,2027,989000,Foreign_Investor,2079000
2024-09-09,2027,0,Foreign_Dealer_Self,0
2024-09-09,2027,79659,Investment_Trust,0
2024-09-09,2027,79000,Dealer_self,169695
2024-09-09,2027,276000,Dealer_Hedging,204000
2024-09-10,2027,655000,Foreign_Investor,4427782
2024-09-10,2027,0,Foreign_Dealer_Self,0
2024-09-10,2027,6817,Investment_Trust,0
2024-09-10,2027,95000,Dealer_self,150070
2024-09-10,2027,319000,Dealer_Hedging,50539
2024-09-11,2027,936700,Foreign_Investor,893043
2024-09-11,2027,0,Foreign_Dealer_Self,0
2024-09-11,2027,90349,Investment_Trust,1031000
2024-09-11,2027,68000,Dealer_self,46680
2024-09-11,2027,146000,Dealer_Hedging,11915
2024-09-12,2027,2894500,Foreign_Investor,1380000
2024-09-12,2027,0,Foreign_Dealer_Self,0
2024-09-12,2027,0,Investment_Trust,1035000
2024-09-12,2027,80000,Dealer_self,16437
2024-09-12,2027,230000,Dealer_Hedging,25000
2024-09-13,2027,4152100,Foreign_Investor,2589908
2024-09-13,2027,0,Foreign_Dealer_Self,0
2024-09-13,2027,0,Investment_Trust,1061000
2024-09-13,2027,88000,Dealer_self,4000
2024-09-13,2027,131000,Dealer_Hedging,67000
2024-09-16,2027,1209300,Foreign_Investor,1002000
2024-09-16,2027,0,Foreign_Dealer_Self,0
2024-09-16,2027,0,Investment_Trust,0
2024-09-16,2027,32000,Dealer_self,29741
2024-09-16,2027,165000,Dealer_Hedging,80000
2024-09-18,2027,2457000,Foreign_Investor,2124000
2024-09-18,2027,0,Foreign_Dealer_Self,0
2024-09-18,2027,37000,Investment_Trust,0
2024-09-18,2027,25000,Dealer_self,147953
2024-09-18,2027,299000,Dealer_Hedging,31000
2024-09-19,2027,1310000,Foreign_Investor,1061000
2024-09-19,2027,0,Foreign_Dealer_Self,0
2024-09-19,2027,20000,Investment_Trust,0
2024-09-19,2027,210000,Dealer_self,1
2024-09-19,2027,153000,Dealer_Hedging,102000
2024-09-20,2027,8618400,Foreign_Investor,4382000
2024-09-20,2027,0,Foreign_Dealer_Self,0
2024-09-20,2027,12000,Investment_Trust,2966000
2024-09-20,2027,145000,Dealer_self,122093
2024-09-20,2027,177862,Dealer_Hedging,79000
2024-09-23,2027,4524000,Foreign_Investor,1913015
2024-09-23,2027,0,Foreign_Dealer_Self,0
2024-09-23,2027,0,Investment_Trust,3417000
2024-09-23,2027,100000,Dealer_self,26003
2024-09-23,2027,98141,Dealer_Hedging,128000
2024-09-24,2027,3452000,Foreign_Investor,1431116
2024-09-24,2027,0,Foreign_Dealer_Self,0
2024-09-24,2027,4000,Investment_Trust,2862000
2024-09-24,2027,1001,Dealer_self,4000
2024-09-24,2027,118000,Dealer_Hedging,69000
2024-09-25,2027,4589000,Foreign_Investor,1086000
2024-09-25,2027,0,Foreign_Dealer_Self,0
2024-09-25,2027,25000,Investment_Trust,3626000
2024-09-25,2027,254000,Dealer_self,93170
2024-09-25,2027,54000,Dealer_Hedging,10000
2024-09-26,2027,4587739,Foreign_Investor,1045739
2024-09-26,2027,0,Foreign_Dealer_Self,0
2024-09-26,2027,0,Investment_Trust,2977829
2024-09-26,2027,190007,Dealer_self,21000
2024-09-26,2027,211000,Dealer_Hedging,4000
2024-09-27,2027,10434000,Foreign_Investor,2056892
2024-09-27,2027,0,Foreign_Dealer_Self,0
2024-09-27,2027,0,Investment_Trust,735000
2024-09-27,2027,231171,Dealer_self,214000
2024-09-27,2027,882060,Dealer_Hedging,81000
2024-09-30,2027,1613929,Foreign_Investor,2068062
2024-09-30,2027,0,Foreign_Dealer_Self,0
2024-09-30,2027,0,Investment_Trust,1141527
2024-09-30,2027,37000,Dealer_self,28000
2024-09-30,2027,462000,Dealer_Hedging,514000
2024-10-01,2027,1746000,Foreign_Investor,1058000
2024-10-01,2027,0,Foreign_Dealer_Self,0
2024-10-01,2027,50000,Investment_Trust,3000
2024-10-01,2027,13000,Dealer_self,17000
2024-10-01,2027,613010,Dealer_Hedging,51000
2024-10-04,2027,1713824,Foreign_Investor,2598000
2024-10-04,2027,0,Foreign_Dealer_Self,0
2024-10-04,2027,0,Investment_Trust,0
2024-10-04,2027,24000,Dealer_self,231000
2024-10-04,2027,958140,Dealer_Hedging,62000
2024-10-07,2027,1813020,Foreign_Investor,1952000
2024-10-07,2027,0,Foreign_Dealer_Self,0
2024-10-07,2027,27702,Investment_Trust,0
2024-10-07,2027,50088,Dealer_self,8000
2024-10-07,2027,394321,Dealer_Hedging,134000
2024-10-08,2027,2621000,Foreign_Investor,2417941
2024-10-08,2027,0,Foreign_Dealer_Self,0
2024-10-08,2027,43379,Investment_Trust,1446000
2024-10-08,2027,99139,Dealer_self,95000
2024-10-08,2027,585000,Dealer_Hedging,128000
2024-10-09,2027,1809000,Foreign_Investor,1999000
2024-10-09,2027,0,Foreign_Dealer_Self,0
2024-10-09,2027,34301,Investment_Trust,0
2024-10-09,2027,80000,Dealer_self,57000
2024-10-09,2027,260000,Dealer_Hedging,354320
2024-10-11,2027,1939000,Foreign_Investor,2978000
2024-10-11,2027,0,Foreign_Dealer_Self,0
2024-10-11,2027,41161,Investment_Trust,904000
2024-10-11,2027,96000,Dealer_self,58895
2024-10-11,2027,280340,Dealer_Hedging,266000
2024-10-14,2027,372000,Foreign_Investor,796000
2024-10-14,2027,0,Foreign_Dealer_Self,0
2024-10-14,2027,48022,Investment_Trust,0
2024-10-14,2027,28000,Dealer_self,40000
2024-10-14,2027,498000,Dealer_Hedging,49000
2024-10-15,2027,1874000,Foreign_Investor,3093000
2024-10-15,2027,0,Foreign_Dealer_Self,0
2024-10-15,2027,20581,Investment_Trust,0
2024-10-15,2027,69000,Dealer_self,74755
2024-10-15,2027,186000,Dealer_Hedging,61000
2024-10-16,2027,0,Foreign_Dealer_Self,0
2024-10-16,2027,6860,Investment_Trust,1537000
2024-10-16,2027,243000,Dealer_self,56234
2024-10-16,2027,1023000,Dealer_Hedging,41000
2024-10-16,2027,4766636,Foreign_Investor,6830795
2024-10-17,2027,2639055,Foreign_Investor,1599000
2024-10-17,2027,0,Foreign_Dealer_Self,0
2024-10-17,2027,53720,Investment_Trust,250000
2024-10-17,2027,129000,Dealer_self,24000
2024-10-17,2027,690000,Dealer_Hedging,15000
2024-10-18,2027,1062000,Foreign_Investor,1647743
2024-10-18,2027,0,Foreign_Dealer_Self,0
2024-10-18,2027,0,Investment_Trust,68000
2024-10-18,2027,126000,Dealer_self,1000
2024-10-18,2027,109000,Dealer_Hedging,33359
2024-10-21,2027,544000,Foreign_Investor,1638424
2024-10-21,2027,0,Foreign_Dealer_Self,0
2024-10-21,2027,164624,Investment_Trust,181000
2024-10-21,2027,109000,Dealer_self,30239
2024-10-21,2027,56000,Dealer_Hedging,70000
2024-10-22,2027,479000,Foreign_Investor,2095000
2024-10-22,2027,0,Foreign_Dealer_Self,0
2024-10-22,2027,871708,Investment_Trust,139000
2024-10-22,2027,54000,Dealer_self,17627
2024-10-22,2027,12000,Dealer_Hedging,12000
2024-10-23,2027,606000,Foreign_Investor,2303000
2024-10-23,2027,0,Foreign_Dealer_Self,0
2024-10-23,2027,684962,Investment_Trust,172000
2024-10-23,2027,117000,Dealer_self,118813
2024-10-23,2027,266000,Dealer_Hedging,23000
2024-10-24,2027,1022213,Foreign_Investor,3479000
2024-10-24,2027,0,Foreign_Dealer_Self,0
2024-10-24,2027,252068,Investment_Trust,0
2024-10-24,2027,47000,Dealer_self,70315
2024-10-24,2027,515000,Dealer_Hedging,35000
2024-10-25,2027,693000,Foreign_Investor,2835558
2024-10-25,2027,0,Foreign_Dealer_Self,0
2024-10-25,2027,104000,Investment_Trust,211000
2024-10-25,2027,28000,Dealer_self,17557
2024-10-25,2027,105000,Dealer_Hedging,8000
2024-10-28,2027,1954000,Foreign_Investor,2204000
2024-10-28,2027,0,Foreign_Dealer_Self,0
2024-10-28,2027,0,Investment_Trust,125000
2024-10-28,2027,83000,Dealer_self,90894
2024-10-28,2027,276584,Dealer_Hedging,7000
2024-10-29,2027,1010000,Foreign_Investor,1774000
2024-10-29,2027,0,Foreign_Dealer_Self,0
2024-10-29,2027,24000,Investment_Trust,0
2024-10-29,2027,13000,Dealer_self,73556
2024-10-29,2027,711000,Dealer_Hedging,12000
2024-10-30,2027,0,Foreign_Dealer_Self,0
2024-10-30,2027,0,Investment_Trust,27000
2024-10-30,2027,50000,Dealer_self,12565
2024-10-30,2027,539000,Dealer_Hedging,70450
2024-10-30,2027,1004173,Foreign_Investor,2476173
2024-11-01,2027,3898000,Foreign_Investor,3617233
2024-11-01,2027,0,Foreign_Dealer_Self,0
2024-11-01,2027,26000,Investment_Trust,1245000
2024-11-01,2027,21000,Dealer_self,34225
2024-11-01,2027,554000,Dealer_Hedging,38000
2024-11-04,2027,2041000,Foreign_Investor,2869000
2024-11-04,2027,0,Foreign_Dealer_Self,0
2024-11-04,2027,15000,Investment_Trust,538000
2024-11-04,2027,16000,Dealer_self,86195
2024-11-04,2027,98000,Dealer_Hedging,12000
2024-11-05,2027,1782000,Foreign_Investor,2395000
2024-11-05,2027,0,Foreign_Dealer_Self,0
2024-11-05,2027,7000,Investment_Trust,107605
2024-11-05,2027,21000,Dealer_self,18478
2024-11-05,2027,110000,Dealer_Hedging,28000
2024-11-06,2027,4751000,Foreign_Investor,4477000
2024-11-06,2027,0,Foreign_Dealer_Self,0
2024-11-06,2027,0,Investment_Trust,2296000
2024-11-06,2027,254324,Dealer_self,122000
2024-11-06,2027,767000,Dealer_Hedging,352000
2024-11-07,2027,8787000,Foreign_Investor,8283121
2024-11-07,2027,0,Foreign_Dealer_Self,0
2024-11-07,2027,64000,Investment_Trust,2547000
2024-11-07,2027,442968,Dealer_self,390709
2024-11-07,2027,415320,Dealer_Hedging,399000
2024-11-08,2027,4617377,Foreign_Investor,3580000
2024-11-08,2027,0,Foreign_Dealer_Self,0
2024-11-08,2027,23000,Investment_Trust,11000
2024-11-08,2027,30000,Dealer_self,70000
2024-11-08,2027,104000,Dealer_Hedging,241000
2024-11-11,2027,4251100,Foreign_Investor,3957000
2024-11-11,2027,0,Foreign_Dealer_Self,0
2024-11-11,2027,0,Investment_Trust,1000000
2024-11-11,2027,4000,Dealer_self,114000
2024-11-11,2027,498000,Dealer_Hedging,3390
2024-11-12,2027,3309000,Foreign_Investor,4703000
2024-11-12,2027,0,Foreign_Dealer_Self,0
2024-11-12,2027,39000,Investment_Trust,15000
2024-11-12,2027,53000,Dealer_self,97417
2024-11-12,2027,932000,Dealer_Hedging,317175
2024-11-13,2027,2022000,Foreign_Investor,6468000
2024-11-13,2027,0,Foreign_Dealer_Self,0
2024-11-13,2027,23000,Investment_Trust,37000
2024-11-13,2027,94000,Dealer_self,569271
2024-11-13,2027,668000,Dealer_Hedging,604844
2024-11-14,2027,1676000,Foreign_Investor,5196840
2024-11-14,2027,0,Foreign_Dealer_Self,0
2024-11-14,2027,38000,Investment_Trust,27000
2024-11-14,2027,69000,Dealer_self,183921
2024-11-14,2027,946000,Dealer_Hedging,242000
2024-11-15,2027,5470000,Foreign_Investor,4949000
2024-11-15,2027,0,Foreign_Dealer_Self,0
2024-11-15,2027,8000,Investment_Trust,4138502
2024-11-15,2027,133000,Dealer_self,121236
2024-11-15,2027,358540,Dealer_Hedging,99000
2024-11-18,2027,14823000,Foreign_Investor,4389920
2024-11-18,2027,0,Foreign_Dealer_Self,0
2024-11-18,2027,3158000,Investment_Trust,11961000
2024-11-18,2027,340571,Dealer_self,198278
2024-11-18,2027,1649001,Dealer_Hedging,943000
2024-11-19,2027,20737000,Foreign_Investor,5364000
2024-11-19,2027,0,Foreign_Dealer_Self,0
2024-11-19,2027,23000,Investment_Trust,18937000
2024-11-19,2027,530000,Dealer_self,176680
2024-11-19,2027,325011,Dealer_Hedging,256000
2024-11-20,2027,20500000,Foreign_Investor,5030439
2024-11-20,2027,0,Foreign_Dealer_Self,0
2024-11-20,2027,0,Investment_Trust,18942161
2024-11-20,2027,869000,Dealer_self,158360
2024-11-20,2027,576000,Dealer_Hedging,29011
2024-11-21,2027,15308600,Foreign_Investor,5625000
2024-11-21,2027,0,Foreign_Dealer_Self,0
2024-11-21,2027,0,Investment_Trust,13622000
2024-11-21,2027,183000,Dealer_self,163978
2024-11-21,2027,185000,Dealer_Hedging,234000
2024-11-22,2027,17110098,Foreign_Investor,932000
2024-11-22,2027,0,Foreign_Dealer_Self,0
2024-11-22,2027,0,Investment_Trust,11040000
2024-11-22,2027,54000,Dealer_self,384646
2024-11-22,2027,268046,Dealer_Hedging,275000
2024-11-25,2027,2898056,Foreign_Investor,2879000
2024-11-25,2027,0,Foreign_Dealer_Self,0
2024-11-25,2027,0,Investment_Trust,1264000
2024-11-25,2027,180000,Dealer_self,42354
2024-11-25,2027,517000,Dealer_Hedging,126000
2024-11-26,2027,7583008,Foreign_Investor,3719000
2024-11-26,2027,0,Foreign_Dealer_Self,0
2024-11-26,2027,2226000,Investment_Trust,11000
2024-11-26,2027,525545,Dealer_self,195000
2024-11-26,2027,881240,Dealer_Hedging,172000
2024-11-27,2027,3081480,Foreign_Investor,5068000
2024-11-27,2027,0,Foreign_Dealer_Self,0
2024-11-27,2027,300000,Investment_Trust,86440
2024-11-27,2027,122113,Dealer_self,470000
2024-11-27,2027,1123000,Dealer_Hedging,539046
2024-11-28,2027,3375521,Foreign_Investor,3440000
2024-11-28,2027,0,Foreign_Dealer_Self,0
2024-11-28,2027,207000,Investment_Trust,8000
2024-11-28,2027,187000,Dealer_self,87000
2024-11-28,2027,726000,Dealer_Hedging,312000
2024-11-29,2027,1520238,Foreign_Investor,2667212
2024-11-29,2027,0,Foreign_Dealer_Self,0
2024-11-29,2027,0,Investment_Trust,20000
2024-11-29,2027,343000,Dealer_self,76000
2024-11-29,2027,360000,Dealer_Hedging,151000
2024-12-02,2027,898531,Foreign_Investor,3270020
2024-12-02,2027,0,Foreign_Dealer_Self,0
2024-12-02,2027,0,Investment_Trust,0
2024-12-02,2027,117000,Dealer_self,94188
2024-12-02,2027,115000,Dealer_Hedging,47000
2024-12-03,2027,1131959,Foreign_Investor,2852000
2024-12-03,2027,0,Foreign_Dealer_Self,0
2024-12-03,2027,7000,Investment_Trust,0
2024-12-03,2027,486000,Dealer_self,2175
2024-12-03,2027,207000,Dealer_Hedging,96507
2024-12-04,2027,1988816,Foreign_Investor,1954905
2024-12-04,2027,0,Foreign_Dealer_Self,0
2024-12-04,2027,0,Investment_Trust,2430881
2024-12-04,2027,286000,Dealer_self,94533
2024-12-04,2027,171508,Dealer_Hedging,108000
2024-12-05,2027,859000,Foreign_Investor,1700000
2024-12-05,2027,0,Foreign_Dealer_Self,0
2024-12-05,2027,0,Investment_Trust,2102161
2024-12-05,2027,216000,Dealer_self,225945
2024-12-05,2027,117000,Dealer_Hedging,2508
2024-12-06,2027,775340,Foreign_Investor,877000
2024-12-06,2027,0,Foreign_Dealer_Self,0
2024-12-06,2027,0,Investment_Trust,955720
2024-12-06,2027,63000,Dealer_self,19603
2024-12-06,2027,115015,Dealer_Hedging,0
2024-12-09,2027,761878,Foreign_Investor,1333313
2024-12-09,2027,0,Foreign_Dealer_Self,0
2024-12-09,2027,30000,Investment_Trust,0
2024-12-09,2027,37000,Dealer_self,7001
2024-12-09,2027,295000,Dealer_Hedging,67000
2024-12-10,2027,757751,Foreign_Investor,1811000
2024-12-10,2027,0,Foreign_Dealer_Self,0
2024-12-10,2027,0,Investment_Trust,66601
2024-12-10,2027,22000,Dealer_self,45403
2024-12-10,2027,315000,Dealer_Hedging,155000
2024-12-11,2027,263133,Foreign_Investor,2065000
2024-12-11,2027,0,Foreign_Dealer_Self,0
2024-12-11,2027,8000,Investment_Trust,6720
2024-12-11,2027,12000,Dealer_self,49472
2024-12-11,2027,334074,Dealer_Hedging,173000
2024-12-12,2027,276848,Foreign_Investor,3029000
2024-12-12,2027,0,Foreign_Dealer_Self,0
2024-12-12,2027,0,Investment_Trust,0
2024-12-12,2027,22000,Dealer_self,69127
2024-12-12,2027,123000,Dealer_Hedging,35000
2024-12-13,2027,554018,Foreign_Investor,5465000
2024-12-13,2027,0,Foreign_Dealer_Self,0
2024-12-13,2027,0,Investment_Trust,5000
2024-12-13,2027,133000,Dealer_self,595693
2024-12-13,2027,519000,Dealer_Hedging,108000
2024-12-16,2027,2002061,Foreign_Investor,6946000
2024-12-16,2027,0,Foreign_Dealer_Self,0
2024-12-16,2027,0,Investment_Trust,584000
2024-12-16,2027,124000,Dealer_self,592606
2024-12-16,2027,627000,Dealer_Hedging,223000
2024-12-17,2027,4357766,Foreign_Investor,4938438
2024-12-17,2027,0,Foreign_Dealer_Self,0
2024-12-17,2027,0,Investment_Trust,3839000
2024-12-17,2027,316000,Dealer_self,275415
2024-12-17,2027,472000,Dealer_Hedging,62360
2024-12-18,2027,5331256,Foreign_Investor,3982000
2024-12-18,2027,0,Foreign_Dealer_Self,0
2024-12-18,2027,0,Investment_Trust,3626000
2024-12-18,2027,597000,Dealer_self,106682
2024-12-18,2027,217000,Dealer_Hedging,7000
2024-12-19,2027,4785500,Foreign_Investor,2372800
2024-12-19,2027,0,Foreign_Dealer_Self,0
2024-12-19,2027,40322,Investment_Trust,3663000
2024-12-19,2027,184000,Dealer_self,22059
2024-12-19,2027,497000,Dealer_Hedging,75878
2024-12-20,2027,10983913,Foreign_Investor,9012048
2024-12-20,2027,0,Foreign_Dealer_Self,0
2024-12-20,2027,113423,Investment_Trust,5468000
2024-12-20,2027,229000,Dealer_self,46565
2024-12-20,2027,338000,Dealer_Hedging,100553
2024-12-23,2027,7416146,Foreign_Investor,3837000
2024-12-23,2027,0,Foreign_Dealer_Self,0
2024-12-23,2027,7000,Investment_Trust,5426000
2024-12-23,2027,100000,Dealer_self,218857
2024-12-23,2027,64000,Dealer_Hedging,17742
2024-12-24,2027,2765000,Foreign_Investor,2336000
2024-12-24,2027,0,Foreign_Dealer_Self,0
2024-12-24,2027,0,Investment_Trust,1491000
2024-12-24,2027,48217,Dealer_self,71128
2024-12-24,2027,216000,Dealer_Hedging,56000
2024-12-25,2027,1174050,Foreign_Investor,1287000
2024-12-25,2027,0,Foreign_Dealer_Self,0
2024-12-25,2027,0,Investment_Trust,463000
2024-12-25,2027,174000,Dealer_self,67845
2024-12-25,2027,104000,Dealer_Hedging,1000
2024-12-26,2027,1379000,Foreign_Investor,1112000
2024-12-26,2027,0,Foreign_Dealer_Self,0
2024-12-26,2027,0,Investment_Trust,254020
2024-12-26,2027,0,Dealer_self,99800
2024-12-26,2027,82336,Dealer_Hedging,3000
2024-12-27,2027,846001,Foreign_Investor,1992000
2024-12-27,2027,0,Foreign_Dealer_Self,0
2024-12-27,2027,0,Investment_Trust,138000
2024-12-27,2027,49000,Dealer_self,6532
2024-12-27,2027,119000,Dealer_Hedging,57219
2024-12-30,2027,1399764,Foreign_Investor,1503356
2024-12-30,2027,0,Foreign_Dealer_Self,0
2024-12-30,2027,6618,Investment_Trust,0
2024-12-30,2027,16000,Dealer_self,2000
2024-12-30,2027,302767,Dealer_Hedging,13000
2024-12-31,2027,1154378,Foreign_Investor,1928000
2024-12-31,2027,0,Foreign_Dealer_Self,0
2024-12-31,2027,26471,Investment_Trust,394000
2024-12-31,2027,101117,Dealer_self,54000
2024-12-31,2027,461000,Dealer_Hedging,47000
2025-01-02,2027,1734105,Foreign_Investor,1733000
2025-01-02,2027,0,Foreign_Dealer_Self,0
2025-01-02,2027,49000,Investment_Trust,406000
2025-01-02,2027,41111,Dealer_self,307068
2025-01-02,2027,890606,Dealer_Hedging,45000
2025-01-03,2027,458250,Foreign_Investor,3672000
2025-01-03,2027,0,Foreign_Dealer_Self,0
2025-01-03,2027,5000,Investment_Trust,0
2025-01-03,2027,33005,Dealer_self,46866
2025-01-03,2027,592000,Dealer_Hedging,60603
2025-01-06,2027,2453851,Foreign_Investor,2241000
2025-01-06,2027,0,Foreign_Dealer_Self,0
2025-01-06,2027,77000,Investment_Trust,0
2025-01-06,2027,53000,Dealer_self,61271
2025-01-06,2027,338055,Dealer_Hedging,137000
2025-01-07,2027,2688836,Foreign_Investor,3985000
2025-01-07,2027,0,Foreign_Dealer_Self,0
2025-01-07,2027,29000,Investment_Trust,200000
2025-01-07,2027,502000,Dealer_self,240003
2025-01-07,2027,182000,Dealer_Hedging,4070
2025-01-08,2027,0,Foreign_Dealer_Self,0
2025-01-08,2027,58000,Investment_Trust,56000
2025-01-08,2027,203000,Dealer_self,116477
2025-01-08,2027,251000,Dealer_Hedging,305785
2025-01-08,2027,11020851,Foreign_Investor,2792849
2025-01-09,2027,3309000,Foreign_Investor,2472600
2025-01-09,2027,0,Foreign_Dealer_Self,0
2025-01-09,2027,5000,Investment_Trust,300000
2025-01-09,2027,44000,Dealer_self,81000
2025-01-09,2027,940000,Dealer_Hedging,25000
2025-01-10,2027,3376955,Foreign_Investor,3743000
2025-01-10,2027,0,Foreign_Dealer_Self,0
2025-01-10,2027,59570,Investment_Trust,0
2025-01-10,2027,300726,Dealer_self,214460
2025-01-10,2027,1165845,Dealer_Hedging,54000
2025-01-13,2027,3094000,Foreign_Investor,4938900
2025-01-13,2027,0,Foreign_Dealer_Self,0
2025-01-13,2027,19000,Investment_Trust,0
2025-01-13,2027,271945,Dealer_self,162001
2025-01-13,2027,1624028,Dealer_Hedging,82000
2025-01-14,2027,4762742,Foreign_Investor,2462004
2025-01-14,2027,0,Foreign_Dealer_Self,0
2025-01-14,2027,103000,Investment_Trust,0
2025-01-14,2027,188248,Dealer_self,100491
2025-01-14,2027,646523,Dealer_Hedging,29000
2025-01-15,2027,4424057,Foreign_Investor,5420109
2025-01-15,2027,0,Foreign_Dealer_Self,0
2025-01-15,2027,302000,Investment_Trust,0
2025-01-15,2027,512811,Dealer_self,291000
2025-01-15,2027,1105982,Dealer_Hedging,70401
2025-01-16,2027,3330653,Foreign_Investor,1920000
2025-01-16,2027,0,Foreign_Dealer_Self,0
2025-01-16,2027,44000,Investment_Trust,86000
2025-01-16,2027,278000,Dealer_self,208000
2025-01-16,2027,609333,Dealer_Hedging,103000
2025-01-17,2027,6795189,Foreign_Investor,2855000
2025-01-17,2027,0,Foreign_Dealer_Self,0
2025-01-17,2027,389000,Investment_Trust,47000
2025-01-17,2027,503266,Dealer_self,37000
2025-01-17,2027,1085000,Dealer_Hedging,248363
2025-01-20,2027,1786937,Foreign_Investor,2081300
2025-01-20,2027,0,Foreign_Dealer_Self,0
2025-01-20,2027,0,Investment_Trust,0
2025-01-20,2027,488000,Dealer_self,496000
2025-01-20,2027,1866231,Dealer_Hedging,106340
2025-01-21,2027,5703083,Foreign_Investor,5654000
2025-01-21,2027,0,Foreign_Dealer_Self,0
2025-01-21,2027,3313609,Investment_Trust,547000
2025-01-21,2027,258127,Dealer_self,341414
2025-01-21,2027,844483,Dealer_Hedging,1217445
2025-01-22,2027,1900855,Foreign_Investor,4181000
2025-01-22,2027,0,Foreign_Dealer_Self,0
2025-01-22,2027,0,Investment_Trust,546000
2025-01-22,2027,111000,Dealer_self,247011
2025-01-22,2027,222000,Dealer_Hedging,895642
2025-02-03,2027,20783981,Foreign_Investor,11558729
2025-02-03,2027,0,Foreign_Dealer_Self,0
2025-02-03,2027,1465886,Dealer_self,412000
2025-02-03,2027,2611306,Dealer_Hedging,149000
2025-02-03,2027,6020000,Investment_Trust,0
2025-02-04,2027,21743838,Foreign_Investor,13598250
2025-02-04,2027,0,Foreign_Dealer_Self,0
2025-02-04,2027,487493,Dealer_self,1126239
2025-02-04,2027,1807872,Dealer_Hedging,946905
2025-02-04,2027,14452000,Investment_Trust,407000
2025-02-05,2027,8336391,Foreign_Investor,9827853
2025-02-05,2027,0,Foreign_Dealer_Self,0
2025-02-05,2027,2930000,Investment_Trust,0
2025-02-05,2027,351892,Dealer_self,419000
2025-02-05,2027,161894,Dealer_Hedging,1189543
2025-02-06,2027,7107632,Foreign_Investor,6222700
2025-02-06,2027,0,Foreign_Dealer_Self,0
2025-02-06,2027,1552000,Investment_Trust,8000
2025-02-06,2027,285949,Dealer_self,268551
2025-02-06,2027,138683,Dealer_Hedging,156000
2025-02-07,2027,2536118,Foreign_Investor,10887000
2025-02-07,2027,0,Foreign_Dealer_Self,0
2025-02-07,2027,124423,Dealer_self,284000
2025-02-07,2027,107319,Dealer_Hedging,184584
2025-02-07,2027,7537000,Investment_Trust,0
2025-02-10,2027,25263227,Foreign_Investor,13647220
2025-02-10,2027,0,Foreign_Dealer_Self,0
2025-02-10,2027,1881802,Dealer_self,584232
2025-02-10,2027,971889,Dealer_Hedging,56000
2025-02-10,2027,2992000,Investment_Trust,293314
2025-02-11,2027,64468075,Foreign_Investor,38262012
2025-02-11,2027,0,Foreign_Dealer_Self,0
2025-02-11,2027,5544000,Investment_Trust,1190459
2025-02-11,2027,1441837,Dealer_self,3096283
2025-02-11,2027,1735613,Dealer_Hedging,742678
2025-02-12,2027,24871638,Foreign_Investor,21345400
2025-02-12,2027,0,Foreign_Dealer_Self,0
2025-02-12,2027,6802000,Investment_Trust,219064
2025-02-12,2027,650601,Dealer_self,910377
2025-02-12,2027,525869,Dealer_Hedging,1114101
2025-02-13,2027,28506200,Foreign_Investor,26192368
2025-02-13,2027,0,Foreign_Dealer_Self,0
2025-02-13,2027,1870000,Investment_Trust,2127000
2025-02-13,2027,1334762,Dealer_self,639164
2025-02-13,2027,2870476,Dealer_Hedging,332484
2025-02-14,2027,14927700,Foreign_Investor,18733000
2025-02-14,2027,0,Foreign_Dealer_Self,0
2025-02-14,2027,1781000,Investment_Trust,38428
2025-02-14,2027,627007,Dealer_self,1129003
2025-02-14,2027,268462,Dealer_Hedging,1153864
2025-02-17,2027,8669702,Foreign_Investor,5361652
2025-02-17,2027,0,Foreign_Dealer_Self,0
2025-02-17,2027,0,Investment_Trust,19821
2025-02-17,2027,436155,Dealer_self,487335
2025-02-17,2027,108851,Dealer_Hedging,531760
2025-02-18,2027,3617975,Foreign_Investor,4918000
2025-02-18,2027,0,Foreign_Dealer_Self,0
2025-02-18,2027,1000,Investment_Trust,212607
2025-02-18,2027,296000,Dealer_self,294000
2025-02-18,2027,1016561,Dealer_Hedging,161551
2025-02-19,2027,12965000,Foreign_Investor,6080312
2025-02-19,2027,0,Foreign_Dealer_Self,0
2025-02-19,2027,0,Investment_Trust,11000
2025-02-19,2027,1234929,Dealer_self,406242
2025-02-19,2027,4175624,Dealer_Hedging,631000
2025-02-20,2027,16726000,Foreign_Investor,23020000
2025-02-20,2027,0,Foreign_Dealer_Self,0
2025-02-20,2027,341000,Investment_Trust,36821
2025-02-20,2027,886968,Dealer_self,873203
2025-02-20,2027,1458963,Dealer_Hedging,3809068
2025-02-21,2027,10286278,Foreign_Investor,3913000
2025-02-21,2027,0,Foreign_Dealer_Self,0
2025-02-21,2027,1589000,Investment_Trust,0
2025-02-21,2027,257000,Dealer_self,437000
2025-02-21,2027,590618,Dealer_Hedging,1214706
2025-02-24,2027,6152722,Foreign_Investor,5375000
2025-02-24,2027,0,Foreign_Dealer_Self,0
2025-02-24,2027,1263500,Investment_Trust,0
2025-02-24,2027,267626,Dealer_self,595000
2025-02-24,2027,297680,Dealer_Hedging,543091
2025-02-25,2027,54526610,Foreign_Investor,34423729
2025-02-25,2027,0,Foreign_Dealer_Self,0
2025-02-25,2027,1224030,Dealer_self,1521856
2025-02-25,2027,6111427,Dealer_Hedging,224923
2025-02-25,2027,15309000,Investment_Trust,13607
2025-02-26,2027,22976533,Foreign_Investor,31930016
2025-02-26,2027,0,Foreign_Dealer_Self,0
2025-02-26,2027,1504000,Investment_Trust,56596
2025-02-26,2027,832566,Dealer_self,662553
2025-02-26,2027,252489,Dealer_Hedging,2135852
2025-02-27,2027,30590090,Foreign_Investor,17460300
2025-02-27,2027,0,Foreign_Dealer_Self,0
2025-02-27,2027,3264000,Investment_Trust,46453
2025-02-27,2027,503574,Dealer_self,748098
2025-02-27,2027,1959947,Dealer_Hedging,1136457
2025-03-03,2027,17244766,Foreign_Investor,12497832
2025-03-03,2027,0,Foreign_Dealer_Self,0
2025-03-03,2027,2745000,Investment_Trust,11575
2025-03-03,2027,748672,Dealer_self,614222
2025-03-03,2027,1239778,Dealer_Hedging,2389441
2025-03-04,2027,10508689,Foreign_Investor,9797000
2025-03-04,2027,0,Foreign_Dealer_Self,0
2025-03-04,2027,0,Investment_Trust,5000
2025-03-04,2027,453145,Dealer_self,726934
2025-03-04,2027,542799,Dealer_Hedging,1173587
2025-03-05,2027,25123000,Foreign_Investor,15660050
2025-03-05,2027,0,Foreign_Dealer_Self,0
2025-03-05,2027,676337,Dealer_self,810545
2025-03-05,2027,2307297,Dealer_Hedging,445451
2025-03-05,2027,1705000,Investment_Trust,17151
2025-03-06,2027,23048434,Foreign_Investor,18203129
2025-03-06,2027,0,Foreign_Dealer_Self,0
2025-03-06,2027,12861000,Investment_Trust,20151
2025-03-06,2027,667712,Dealer_self,609090
2025-03-06,2027,1132279,Dealer_Hedging,1603736
2025-03-07,2027,19002998,Foreign_Investor,28548556
2025-03-07,2027,0,Foreign_Dealer_Self,0
2025-03-07,2027,21800500,Investment_Trust,44453
2025-03-07,2027,526144,Dealer_self,945947
2025-03-07,2027,827172,Dealer_Hedging,1454467
2025-03-10,2027,12406500,Foreign_Investor,10506889
2025-03-10,2027,0,Foreign_Dealer_Self,0
2025-03-10,2027,1500000,Investment_Trust,0
2025-03-10,2027,843236,Dealer_self,691991
2025-03-10,2027,427946,Dealer_Hedging,2871650
2025-03-11,2027,14038000,Foreign_Investor,9646525
2025-03-11,2027,0,Foreign_Dealer_Self,0
2025-03-11,2027,0,Investment_Trust,9000
2025-03-11,2027,286067,Dealer_self,449271
2025-03-11,2027,819191,Dealer_Hedging,816985
2025-03-12,2027,14835600,Foreign_Investor,18260737
2025-03-12,2027,0,Foreign_Dealer_Self,0
2025-03-12,2027,3000,Investment_Trust,319151
2025-03-12,2027,345986,Dealer_self,1336166
2025-03-12,2027,211680,Dealer_Hedging,812892
2025-03-13,2027,26220000,Foreign_Investor,6978510
2025-03-13,2027,0,Foreign_Dealer_Self,0
2025-03-13,2027,0,Investment_Trust,49000
2025-03-13,2027,749510,Dealer_self,453000
2025-03-13,2027,685723,Dealer_Hedging,326695
2025-03-14,2027,24127020,Foreign_Investor,13504999
2025-03-14,2027,0,Foreign_Dealer_Self,0
2025-03-14,2027,7500000,Investment_Trust,315000
2025-03-14,2027,497097,Dealer_self,448727
2025-03-14,2027,1435801,Dealer_Hedging,440070
2025-03-17,2027,9667735,Foreign_Investor,6876889
2025-03-17,2027,0,Foreign_Dealer_Self,0
2025-03-17,2027,75000,Investment_Trust,300000
2025-03-17,2027,671655,Dealer_self,272200
2025-03-17,2027,432473,Dealer_Hedging,1212329
2025-03-18,2027,18932250,Foreign_Investor,9946510
2025-03-18,2027,0,Foreign_Dealer_Self,0
2025-03-18,2027,1000,Investment_Trust,1407000
2025-03-18,2027,396251,Dealer_self,222424
2025-03-18,2027,812629,Dealer_Hedging,210839
2025-03-19,2027,20816992,Foreign_Investor,8689345
2025-03-19,2027,0,Foreign_Dealer_Self,0
2025-03-19,2027,1159000,Investment_Trust,1151000
2025-03-19,2027,204247,Dealer_self,663000
2025-03-19,2027,1112956,Dealer_Hedging,404000
2025-03-20,2027,19351612,Foreign_Investor,10466909
2025-03-20,2027,0,Foreign_Dealer_Self,0
2025-03-20,2027,0,Investment_Trust,1749000
2025-03-20,2027,225780,Dealer_self,61000
2025-03-20,2027,318000,Dealer_Hedging,790343
2025-03-21,2027,24015238,Foreign_Investor,23900259
2025-03-21,2027,0,Foreign_Dealer_Self,0
2025-03-21,2027,188000,Investment_Trust,4138575
2025-03-21,2027,476000,Dealer_self,410000
2025-03-21,2027,454189,Dealer_Hedging,851371
2025-03-24,2027,11534000,Foreign_Investor,2431030
2025-03-24,2027,0,Foreign_Dealer_Self,0
2025-03-24,2027,19000,Investment_Trust,2983000
2025-03-24,2027,364056,Dealer_self,380000
2025-03-24,2027,567765,Dealer_Hedging,269470
2025-03-25,2027,18838000,Foreign_Investor,4999650
2025-03-25,2027,0,Foreign_Dealer_Self,0
2025-03-25,2027,32000,Investment_Trust,11950000
2025-03-25,2027,686784,Dealer_self,737007
2025-03-25,2027,700210,Dealer_Hedging,1343188
2025-03-26,2027,18823000,Foreign_Investor,4030000
2025-03-26,2027,0,Foreign_Dealer_Self,0
2025-03-26,2027,2248000,Investment_Trust,11639000
2025-03-26,2027,225950,Dealer_self,338000
2025-03-26,2027,611360,Dealer_Hedging,368233
2025-03-27,2027,17439010,Foreign_Investor,6460000
2025-03-27,2027,0,Foreign_Dealer_Self,0
2025-03-27,2027,3713000,Investment_Trust,7059000
2025-03-27,2027,473082,Dealer_self,508621
2025-03-27,2027,1836216,Dealer_Hedging,348000
2025-03-28,2027,8105093,Foreign_Investor,6762000
2025-03-28,2027,0,Foreign_Dealer_Self,0
2025-03-28,2027,1169500,Investment_Trust,48000
2025-03-28,2027,629159,Dealer_self,339344
2025-03-28,2027,1248000,Dealer_Hedging,1076600
2025-03-31,2027,10540742,Foreign_Investor,11341000
2025-03-31,2027,0,Foreign_Dealer_Self,0
2025-03-31,2027,376000,Investment_Trust,81000
2025-03-31,2027,232522,Dealer_self,503602
2025-03-31,2027,2326193,Dealer_Hedging,779081
2025-04-01,2027,7903100,Foreign_Investor,9166000
2025-04-01,2027,0,Foreign_Dealer_Self,0
2025-04-01,2027,127000,Investment_Trust,0
2025-04-01,2027,296322,Dealer_self,549001
2025-04-01,2027,943193,Dealer_Hedging,361634
2025-04-02,2027,5502940,Foreign_Investor,5121350
2025-04-02,2027,0,Foreign_Dealer_Self,0
2025-04-02,2027,0,Investment_Trust,21000
2025-04-02,2027,93009,Dealer_self,386000
2025-04-02,2027,647602,Dealer_Hedging,385696
2025-04-07,2027,738040,Foreign_Investor,0
2025-04-07,2027,0,Foreign_Dealer_Self,0
2025-04-07,2027,0,Investment_Trust,0
2025-04-07,2027,7000,Dealer_self,0
2025-04-07,2027,0,Dealer_Hedging,336857
2025-04-08,2027,10887000,Foreign_Investor,15620000
2025-04-08,2027,0,Foreign_Dealer_Self,0
2025-04-08,2027,1985000,Investment_Trust,187000
2025-04-08,2027,1495381,Dealer_self,746701
2025-04-08,2027,2612561,Dealer_Hedging,404293
2025-04-09,2027,14915984,Foreign_Investor,19282000
2025-04-09,2027,0,Foreign_Dealer_Self,0
2025-04-09,2027,3100000,Investment_Trust,9000
2025-04-09,2027,1073194,Dealer_self,1376556
2025-04-09,2027,3414792,Dealer_Hedging,1149338
2025-04-10,2027,5483210,Foreign_Investor,3481235
2025-04-10,2027,0,Foreign_Dealer_Self,0
2025-04-10,2027,300000,Investment_Trust,0
2025-04-10,2027,54000,Dealer_self,127000
2025-04-10,2027,1102369,Dealer_Hedging,13000
2025-04-11,2027,13779031,Foreign_Investor,20090000
2025-04-11,2027,0,Foreign_Dealer_Self,0
2025-04-11,2027,653390,Investment_Trust,220000
2025-04-11,2027,212640,Dealer_self,424954
2025-04-11,2027,604398,Dealer_Hedging,372200
2025-04-14,2027,11918243,Foreign_Investor,5564000
2025-04-14,2027,0,Foreign_Dealer_Self,0
2025-04-14,2027,934000,Investment_Trust,122523
2025-04-14,2027,189178,Dealer_self,325209
2025-04-14,2027,481451,Dealer_Hedging,83488
2025-04-15,2027,5130186,Foreign_Investor,10998303
2025-04-15,2027,0,Foreign_Dealer_Self,0
2025-04-15,2027,1000000,Investment_Trust,0
2025-04-15,2027,30000,Dealer_self,250311
2025-04-15,2027,619411,Dealer_Hedging,214411
2025-04-16,2027,4965771,Foreign_Investor,5087690
2025-04-16,2027,0,Foreign_Dealer_Self,0
2025-04-16,2027,0,Investment_Trust,0
2025-04-16,2027,31000,Dealer_self,382523
2025-04-16,2027,574000,Dealer_Hedging,147269
2025-04-17,2027,4183287,Foreign_Investor,5032001
2025-04-17,2027,0,Foreign_Dealer_Self,0
2025-04-17,2027,0,Investment_Trust,0
2025-04-17,2027,167808,Dealer_self,124553
2025-04-17,2027,391673,Dealer_Hedging,88603
2025-04-18,2027,4554000,Foreign_Investor,5037940
2025-04-18,2027,0,Foreign_Dealer_Self,0
2025-04-18,2027,1000,Investment_Trust,0
2025-04-18,2027,67000,Dealer_self,74494
2025-04-18,2027,310000,Dealer_Hedging,264286
2025-04-21,2027,15008985,Foreign_Investor,5669150
2025-04-21,2027,0,Foreign_Dealer_Self,0
2025-04-21,2027,0,Investment_Trust,7952000
2025-04-21,2027,323000,Dealer_self,820126
2025-04-21,2027,926000,Dealer_Hedging,893235
2025-04-22,2027,11263002,Foreign_Investor,6150358
2025-04-22,2027,0,Foreign_Dealer_Self,0
2025-04-22,2027,150344,Dealer_self,268617
2025-04-22,2027,1167000,Dealer_Hedging,80000
2025-04-22,2027,0,Investment_Trust,1836000
2025-04-23,2027,7147581,Foreign_Investor,7719002
2025-04-23,2027,0,Foreign_Dealer_Self,0
2025-04-23,2027,2512000,Investment_Trust,0
2025-04-23,2027,264567,Dealer_self,223507
2025-04-23,2027,663348,Dealer_Hedging,97000
2025-04-24,2027,6455174,Foreign_Investor,5486678
2025-04-24,2027,0,Foreign_Dealer_Self,0
2025-04-24,2027,2975000,Investment_Trust,178847
2025-04-24,2027,36433,Dealer_self,73790
2025-04-24,2027,444139,Dealer_Hedging,144205
2025-04-25,2027,3579175,Foreign_Investor,5696252
2025-04-25,2027,0,Foreign_Dealer_Self,0
2025-04-25,2027,77000,Dealer_self,149365
2025-04-25,2027,20096,Dealer_Hedging,121687
2025-04-25,2027,0,Investment_Trust,212529
2025-04-28,2027,6345046,Foreign_Investor,4380175
2025-04-28,2027,0,Foreign_Dealer_Self,0
2025-04-28,2027,56000,Dealer_self,12011
2025-04-28,2027,43586,Dealer_Hedging,234903
2025-04-28,2027,9000,Investment_Trust,2713449
2025-04-29,2027,7944585,Foreign_Investor,4075546
2025-04-29,2027,0,Foreign_Dealer_Self,0
2025-04-29,2027,268000,Investment_Trust,277000
2025-04-29,2027,314146,Dealer_self,177343
2025-04-29,2027,434612,Dealer_Hedging,143544
2025-04-30,2027,6649040,Foreign_Investor,5866485
2025-04-30,2027,0,Foreign_Dealer_Self,0
2025-04-30,2027,0,Investment_Trust,196991
2025-04-30,2027,19000,Dealer_self,301997
2025-04-30,2027,67719,Dealer_Hedging,180674
2025-05-02,2027,8225741,Foreign_Investor,3532100
2025-05-02,2027,0,Foreign_Dealer_Self,0
2025-05-02,2027,0,Investment_Trust,1012270
2025-05-02,2027,47212,Dealer_self,112046
2025-05-02,2027,182859,Dealer_Hedging,157469
2025-05-05,2027,10755099,Foreign_Investor,7684825
2025-05-05,2027,0,Foreign_Dealer_Self,0
2025-05-05,2027,7000,Investment_Trust,10812144
2025-05-05,2027,113226,Dealer_self,286432
2025-05-05,2027,82000,Dealer_Hedging,788339
2025-05-06,2027,18072456,Foreign_Investor,6975999
2025-05-06,2027,0,Foreign_Dealer_Self,0
2025-05-06,2027,12000,Dealer_self,320706
2025-05-06,2027,99920,Dealer_Hedging,161825
2025-05-06,2027,21000,Investment_Trust,16804679
2025-05-07,2027,0,Foreign_Dealer_Self,0
2025-05-07,2027,24562,Dealer_self,157404
2025-05-07,2027,40677,Dealer_Hedging,219920
2025-05-07,2027,18999763,Foreign_Investor,10907456
2025-05-07,2027,3000,Investment_Trust,10697287
2025-05-08,2027,8142154,Foreign_Investor,5511126
2025-05-08,2027,0,Foreign_Dealer_Self,0
2025-05-08,2027,31650,Dealer_self,129196
2025-05-08,2027,41453,Dealer_Hedging,89647
2025-05-08,2027,0,Investment_Trust,3042000
2025-05-09,2027,10829900,Foreign_Investor,13608154
2025-05-09,2027,0,Foreign_Dealer_Self,0
2025-05-09,2027,128000,Dealer_self,39621
2025-05-09,2027,122526,Dealer_Hedging,282423
2025-05-09,2027,0,Investment_Trust,4876000
2025-05-12,2027,7057602,Foreign_Investor,4959253
2025-05-12,2027,0,Foreign_Dealer_Self,0
2025-05-12,2027,262168,Dealer_self,151610
2025-05-12,2027,127000,Dealer_Hedging,215398
2025-05-12,2027,0,Investment_Trust,4978536
2025-05-13,2027,16039453,Foreign_Investor,12278421
2025-05-13,2027,0,Foreign_Dealer_Self,0
2025-05-13,2027,224000,Dealer_self,408709
2025-05-13,2027,50000,Dealer_Hedging,303945
2025-05-13,2027,0,Investment_Trust,14204608
2025-05-14,2027,13592033,Foreign_Investor,12247818
2025-05-14,2027,0,Foreign_Dealer_Self,0
2025-05-14,2027,811652,Dealer_self,40719
2025-05-14,2027,254527,Dealer_Hedging,37000
2025-05-14,2027,0,Investment_Trust,4195072
2025-05-15,2027,0,Foreign_Dealer_Self,0
2025-05-15,2027,264000,Dealer_self,118182
2025-05-15,2027,173000,Dealer_Hedging,122138
2025-05-15,2027,5059000,Foreign_Investor,10119188
2025-05-15,2027,0,Investment_Trust,1868072
2025-05-16,2027,0,Foreign_Dealer_Self,0
2025-05-16,2027,1000,Investment_Trust,4490536
2025-05-16,2027,231000,Dealer_self,18206
2025-05-16,2027,237156,Dealer_Hedging,105027
2025-05-16,2027,8404440,Foreign_Investor,6151000
2025-05-19,2027,3597916,Foreign_Investor,7347000
2025-05-19,2027,0,Foreign_Dealer_Self,0
2025-05-19,2027,0,Investment_Trust,656536
2025-05-19,2027,73000,Dealer_self,33785
2025-05-19,2027,138000,Dealer_Hedging,224151
2025-05-20,2027,4062916,Foreign_Investor,2490000
2025-05-20,2027,0,Foreign_Dealer_Self,0
2025-05-20,2027,0,Investment_Trust,1402000
2025-05-20,2027,72131,Dealer_self,1102
2025-05-20,2027,214914,Dealer_Hedging,40000
2025-05-21,2027,3407419,Foreign_Investor,4865000
2025-05-21,2027,0,Foreign_Dealer_Self,0
2025-05-21,2027,104000,Investment_Trust,9536
2025-05-21,2027,194537,Dealer_self,113222
2025-05-21,2027,1366808,Dealer_Hedging,152162
2025-05-22,2027,1811000,Foreign_Investor,8373000
2025-05-22,2027,0,Foreign_Dealer_Self,0
2025-05-22,2027,0,Investment_Trust,81679
2025-05-22,2027,204000,Dealer_self,38146
2025-05-22,2027,23000,Dealer_Hedging,341524
2025-05-23,2027,2982000,Foreign_Investor,2587656
2025-05-23,2027,0,Foreign_Dealer_Self,0
2025-05-23,2027,0,Investment_Trust,13072
2025-05-23,2027,250000,Dealer_self,38374
2025-05-23,2027,34000,Dealer_Hedging,28000
2025-05-26,2027,3827216,Foreign_Investor,7434000
2025-05-26,2027,0,Foreign_Dealer_Self,0
2025-05-26,2027,0,Investment_Trust,370608
2025-05-26,2027,6778,Dealer_self,118597
2025-05-26,2027,105560,Dealer_Hedging,966962
2025-05-27,2027,1942000,Foreign_Investor,3732252
2025-05-27,2027,0,Foreign_Dealer_Self,0
2025-05-27,2027,0,Investment_Trust,1400000
2025-05-27,2027,109490,Dealer_self,334681
2025-05-27,2027,121172,Dealer_Hedging,286679
2025-05-28,2027,4785042,Foreign_Investor,1843000
2025-05-28,2027,0,Foreign_Dealer_Self,0
2025-05-28,2027,0,Investment_Trust,2006000
2025-05-28,2027,268000,Dealer_self,12085
2025-05-28,2027,23000,Dealer_Hedging,49382
2025-05-29,2027,0,Foreign_Dealer_Self,0
2025-05-29,2027,0,Investment_Trust,1853000
2025-05-29,2027,334000,Dealer_self,117071
2025-05-29,2027,26000,Dealer_Hedging,81767
2025-05-29,2027,8845518,Foreign_Investor,8597850
2025-06-02,2027,10527015,Foreign_Investor,30146000
2025-06-02,2027,0,Foreign_Dealer_Self,0
2025-06-02,2027,0,Investment_Trust,20728
2025-06-02,2027,1095830,Dealer_self,840864
2025-06-02,2027,2290076,Dealer_Hedging,254085
2025-06-03,2027,5781450,Foreign_Investor,21628851
2025-06-03,2027,0,Foreign_Dealer_Self,0
2025-06-03,2027,0,Investment_Trust,313670
2025-06-03,2027,318000,Dealer_self,452004
2025-06-03,2027,343000,Dealer_Hedging,303302
2025-06-04,2027,0,Foreign_Dealer_Self,0
2025-06-04,2027,0,Investment_Trust,3227203
2025-06-04,2027,235000,Dealer_self,170269
2025-06-04,2027,133300,Dealer_Hedging,37000
2025-06-04,2027,9200217,Foreign_Investor,9171338
2025-06-05,2027,9713000,Foreign_Investor,6682357
2025-06-05,2027,0,Foreign_Dealer_Self,0
2025-06-05,2027,0,Investment_Trust,13426907
2025-06-05,2027,272000,Dealer_self,647892
2025-06-05,2027,277574,Dealer_Hedging,112300
2025-06-06,2027,5139679,Foreign_Investor,1941987
2025-06-06,2027,0,Foreign_Dealer_Self,0
2025-06-06,2027,0,Investment_Trust,32670
2025-06-06,2027,406000,Dealer_self,189732
2025-06-06,2027,320000,Dealer_Hedging,321000
2025-06-09,2027,3274287,Foreign_Investor,3753000
2025-06-09,2027,0,Foreign_Dealer_Self,0
2025-06-09,2027,0,Investment_Trust,411136
2025-06-09,2027,243580,Dealer_self,58273
2025-06-09,2027,59000,Dealer_Hedging,44667
2025-06-10,2027,3365063,Foreign_Investor,2038881
2025-06-10,2027,0,Foreign_Dealer_Self,0
2025-06-10,2027,2000,Investment_Trust,783602
2025-06-10,2027,154401,Dealer_self,101698
2025-06-10,2027,155000,Dealer_Hedging,43000
2025-06-11,2027,0,Foreign_Dealer_Self,0
2025-06-11,2027,0,Investment_Trust,2869602
2025-06-11,2027,237000,Dealer_self,577000
2025-06-11,2027,140923,Dealer_Hedging,261324
2025-06-11,2027,9979168,Foreign_Investor,8702070
2025-06-12,2027,0,Foreign_Dealer_Self,0
2025-06-12,2027,0,Investment_Trust,1563602
2025-06-12,2027,151408,Dealer_self,217469
2025-06-12,2027,337500,Dealer_Hedging,59291
2025-06-12,2027,8541741,Foreign_Investor,7317000
2025-06-13,2027,2980300,Foreign_Investor,5734968
2025-06-13,2027,0,Foreign_Dealer_Self,0
2025-06-13,2027,0,Investment_Trust,858068
2025-06-13,2027,12000,Dealer_self,349062
2025-06-13,2027,84000,Dealer_Hedging,245367
2025-06-16,2027,2004378,Foreign_Investor,1487000
2025-06-16,2027,0,Foreign_Dealer_Self,0
2025-06-16,2027,0,Investment_Trust,13754
2025-06-16,2027,92000,Dealer_self,71235
2025-06-16,2027,172297,Dealer_Hedging,165000
2025-06-17,2027,4151730,Foreign_Investor,6366676
2025-06-17,2027,0,Foreign_Dealer_Self,0
2025-06-17,2027,0,Investment_Trust,4032280
2025-06-17,2027,172000,Dealer_self,159048
2025-06-17,2027,138000,Dealer_Hedging,184381
2025-06-18,2027,4060000,Foreign_Investor,2957000
2025-06-18,2027,0,Foreign_Dealer_Self,0
2025-06-18,2027,0,Investment_Trust,735000
2025-06-18,2027,32000,Dealer_self,213107
2025-06-18,2027,166000,Dealer_Hedging,142000
2025-06-19,2027,1769603,Foreign_Investor,3133637
2025-06-19,2027,0,Foreign_Dealer_Self,0
2025-06-19,2027,0,Investment_Trust,730000
2025-06-19,2027,33000,Dealer_self,475478
2025-06-19,2027,258000,Dealer_Hedging,177189
2025-06-20,2027,8685270,Foreign_Investor,7240000
2025-06-20,2027,0,Foreign_Dealer_Self,0
2025-06-20,2027,19000,Investment_Trust,3646000
2025-06-20,2027,273000,Dealer_self,376407
2025-06-20,2027,485000,Dealer_Hedging,57147
2025-06-23,2027,5910919,Foreign_Investor,2611600
2025-06-23,2027,0,Foreign_Dealer_Self,0
2025-06-23,2027,0,Investment_Trust,3680000
2025-06-23,2027,19004,Dealer_self,197487
2025-06-23,2027,677000,Dealer_Hedging,4000
2025-06-24,2027,7223947,Foreign_Investor,3972064
2025-06-24,2027,0,Foreign_Dealer_Self,0
2025-06-24,2027,0,Investment_Trust,3637000
2025-06-24,2027,385361,Dealer_self,149966
2025-06-24,2027,219642,Dealer_Hedging,93000
2025-06-25,2027,3514171,Foreign_Investor,1373204
2025-06-25,2027,0,Foreign_Dealer_Self,0
2025-06-25,2027,0,Investment_Trust,3143000
2025-06-25,2027,82000,Dealer_self,46320
2025-06-25,2027,187000,Dealer_Hedging,108528
2025-06-26,2027,5047783,Foreign_Investor,1755000
2025-06-26,2027,0,Foreign_Dealer_Self,0
2025-06-26,2027,0,Investment_Trust,4348000
2025-06-26,2027,3000,Dealer_self,135842
2025-06-26,2027,694000,Dealer_Hedging,52092
2025-06-27,2027,3039236,Foreign_Investor,2698520
2025-06-27,2027,0,Foreign_Dealer_Self,0
2025-06-27,2027,0,Investment_Trust,6000
2025-06-27,2027,20000,Dealer_self,288000
2025-06-27,2027,314000,Dealer_Hedging,194136
2025-06-30,2027,1623000,Foreign_Investor,5058000
2025-06-30,2027,0,Foreign_Dealer_Self,0
2025-06-30,2027,0,Investment_Trust,0
2025-06-30,2027,82000,Dealer_self,94498
2025-06-30,2027,260000,Dealer_Hedging,361529
2025-07-01,2027,2146980,Foreign_Investor,2091000
2025-07-01,2027,0,Foreign_Dealer_Self,0
2025-07-01,2027,5000,Investment_Trust,2447000
2025-07-01,2027,101210,Dealer_self,35574
2025-07-01,2027,241000,Dealer_Hedging,70132
2025-07-02,2027,1633294,Foreign_Investor,781000
2025-07-02,2027,0,Foreign_Dealer_Self,0
2025-07-02,2027,1000,Investment_Trust,0
2025-07-02,2027,56090,Dealer_self,31000
2025-07-02,2027,7000,Dealer_Hedging,20000
2025-07-03,2027,5782000,Foreign_Investor,2997536
2025-07-03,2027,0,Foreign_Dealer_Self,0
2025-07-03,2027,0,Investment_Trust,0
2025-07-03,2027,370000,Dealer_self,21717
2025-07-03,2027,151106,Dealer_Hedging,53000
2025-07-04,2027,1916000,Foreign_Investor,4571000
2025-07-04,2027,0,Foreign_Dealer_Self,0
2025-07-04,2027,30000,Investment_Trust,0
2025-07-04,2027,56418,Dealer_self,100794
2025-07-04,2027,261000,Dealer_Hedging,312721
2025-07-07,2027,1225258,Foreign_Investor,2732000
2025-07-07,2027,0,Foreign_Dealer_Self,0
2025-07-07,2027,0,Investment_Trust,0
2025-07-07,2027,139000,Dealer_self,53739
2025-07-07,2027,475000,Dealer_Hedging,138000
2025-07-08,2027,2772282,Foreign_Investor,3781064
2025-07-08,2027,0,Foreign_Dealer_Self,0
2025-07-08,2027,0,Investment_Trust,21000
2025-07-08,2027,151000,Dealer_self,26276
2025-07-08,2027,406000,Dealer_Hedging,70997
2025-07-09,2027,2358082,Foreign_Investor,8754908
2025-07-09,2027,0,Foreign_Dealer_Self,0
2025-07-09,2027,10000,Investment_Trust,0
2025-07-09,2027,111000,Dealer_self,51917
2025-07-09,2027,269000,Dealer_Hedging,29961
2025-07-10,2027,5433260,Foreign_Investor,7681195
2025-07-10,2027,0,Foreign_Dealer_Self,0
2025-07-10,2027,1827000,Investment_Trust,0
2025-07-10,2027,41000,Dealer_self,107578
2025-07-10,2027,612000,Dealer_Hedging,16000
2025-07-11,2027,2926578,Foreign_Investor,4418739
2025-07-11,2027,0,Foreign_Dealer_Self,0
2025-07-11,2027,60000,Investment_Trust,34000
2025-07-11,2027,23000,Dealer_self,125889
2025-07-11,2027,149000,Dealer_Hedging,409000
2025-07-14,2027,1837330,Foreign_Investor,3367000
2025-07-14,2027,0,Foreign_Dealer_Self,0
2025-07-14,2027,0,Investment_Trust,1000
2025-07-14,2027,15000,Dealer_self,41711
2025-07-14,2027,514000,Dealer_Hedging,301520
2025-07-15,2027,7383550,Foreign_Investor,3359170
2025-07-15,2027,0,Foreign_Dealer_Self,0
2025-07-15,2027,333000,Investment_Trust,0
2025-07-15,2027,114244,Dealer_self,141212
2025-07-15,2027,733097,Dealer_Hedging,137051
2025-07-16,2027,4504000,Foreign_Investor,5903474
2025-07-16,2027,0,Foreign_Dealer_Self,0
2025-07-16,2027,26000,Investment_Trust,0
2025-07-16,2027,103118,Dealer_self,276062
2025-07-16,2027,949000,Dealer_Hedging,160998
2025-07-17,2027,8824560,Foreign_Investor,8068873
2025-07-17,2027,0,Foreign_Dealer_Self,0
2025-07-17,2027,1701000,Investment_Trust,160000
2025-07-17,2027,425378,Dealer_self,134414
2025-07-17,2027,948208,Dealer_Hedging,176596
2025-07-18,2027,1658000,Foreign_Investor,4328404
2025-07-18,2027,0,Foreign_Dealer_Self,0
2025-07-18,2027,31000,Investment_Trust,0
2025-07-18,2027,359002,Dealer_self,18093
2025-07-18,2027,562000,Dealer_Hedging,126429
2025-07-21,2027,2665000,Foreign_Investor,1727000
2025-07-21,2027,0,Foreign_Dealer_Self,0
2025-07-21,2027,73000,Investment_Trust,0
2025-07-21,2027,239397,Dealer_self,69681
2025-07-21,2027,313000,Dealer_Hedging,28507
2025-07-22,2027,23249092,Foreign_Investor,17872000
2025-07-22,2027,0,Foreign_Dealer_Self,0
2025-07-22,2027,2002000,Investment_Trust,0
2025-07-22,2027,1199630,Dealer_self,348358
2025-07-22,2027,1456832,Dealer_Hedging,439023
2025-07-23,2027,8021623,Foreign_Investor,13561000
2025-07-23,2027,0,Foreign_Dealer_Self,0
2025-07-23,2027,692000,Investment_Trust,0
2025-07-23,2027,853924,Dealer_self,124411
2025-07-23,2027,957933,Dealer_Hedging,450265
2025-07-24,2027,6067000,Foreign_Investor,5914913
2025-07-24,2027,0,Foreign_Dealer_Self,0
2025-07-24,2027,0,Investment_Trust,0
2025-07-24,2027,239000,Dealer_self,510581
2025-07-24,2027,33000,Dealer_Hedging,244971
2025-07-25,2027,23247500,Foreign_Investor,20712000
2025-07-25,2027,0,Foreign_Dealer_Self,0
2025-07-25,2027,18595000,Investment_Trust,0
2025-07-25,2027,2119920,Dealer_self,1713168
2025-07-25,2027,1595582,Dealer_Hedging,455993
2025-07-28,2027,15363040,Foreign_Investor,42738000
2025-07-28,2027,0,Foreign_Dealer_Self,0
2025-07-28,2027,7813000,Investment_Trust,0
2025-07-28,2027,2629987,Dealer_self,596801
2025-07-28,2027,1849087,Dealer_Hedging,1134015
2025-07-29,2027,40758001,Foreign_Investor,38387000
2025-07-29,2027,0,Foreign_Dealer_Self,0
2025-07-29,2027,19361000,Investment_Trust,0
2025-07-29,2027,6834991,Dealer_self,3320366
2025-07-29,2027,6223051,Dealer_Hedging,962358
2025-07-30,2027,11521300,Foreign_Investor,32804000
2025-07-30,2027,0,Foreign_Dealer_Self,0
2025-07-30,2027,3063000,Investment_Trust,1000
2025-07-30,2027,4796801,Dealer_self,1823484
2025-07-30,2027,3004149,Dealer_Hedging,1164769
2025-07-31,2027,12453000,Foreign_Investor,28356118
2025-07-31,2027,0,Foreign_Dealer_Self,0
2025-07-31,2027,1800000,Investment_Trust,0
2025-07-31,2027,4278720,Dealer_self,2176656
2025-07-31,2027,514190,Dealer_Hedging,2909843
2025-08-01,2027,16361000,Foreign_Investor,19379460
2025-08-01,2027,0,Foreign_Dealer_Self,0
2025-08-01,2027,91000,Investment_Trust,2000
2025-08-01,2027,1696672,Dealer_self,1985174
2025-08-01,2027,181000,Dealer_Hedging,762326
2025-08-04,2027,12861058,Foreign_Investor,16460000
2025-08-04,2027,0,Foreign_Dealer_Self,0
2025-08-04,2027,6219000,Investment_Trust,0
2025-08-04,2027,1040000,Dealer_self,3667107
2025-08-04,2027,446184,Dealer_Hedging,1664572
2025-08-05,2027,4020000,Foreign_Investor,14038100
2025-08-05,2027,0,Foreign_Dealer_Self,0
2025-08-05,2027,31000,Investment_Trust,0
2025-08-05,2027,1316329,Dealer_self,1782000
2025-08-05,2027,132247,Dealer_Hedging,994247
2025-08-06,2027,7945000,Foreign_Investor,8436693
2025-08-06,2027,0,Foreign_Dealer_Self,0
2025-08-06,2027,1587000,Investment_Trust,0
2025-08-06,2027,2713367,Dealer_self,390000
2025-08-06,2027,614657,Dealer_Hedging,290801
2025-08-07,2027,4514765,Foreign_Investor,11980866
2025-08-07,2027,0,Foreign_Dealer_Self,0
2025-08-07,2027,107000,Investment_Trust,106000
2025-08-07,2027,1887651,Dealer_self,875000
2025-08-07,2027,219095,Dealer_Hedging,850095
2025-08-08,2027,32730839,Foreign_Investor,18412600
2025-08-08,2027,0,Foreign_Dealer_Self,0
2025-08-08,2027,4484000,Investment_Trust,0
2025-08-08,2027,2100217,Dealer_self,5592539
2025-08-08,2027,1976328,Dealer_Hedging,1204932
2025-08-11,2027,9851200,Foreign_Investor,36501000
2025-08-11,2027,0,Foreign_Dealer_Self,0
2025-08-11,2027,1313000,Investment_Trust,0
2025-08-11,2027,1754345,Dealer_self,1580083
2025-08-11,2027,1003824,Dealer_Hedging,1377987
2025-08-12,2027,10935004,Foreign_Investor,16198150
2025-08-12,2027,0,Foreign_Dealer_Self,0
2025-08-12,2027,79000,Investment_Trust,0
2025-08-12,2027,1775197,Dealer_self,587000
2025-08-12,2027,573167,Dealer_Hedging,399227
2025-08-13,2027,9302755,Foreign_Investor,16784500
2025-08-13,2027,0,Foreign_Dealer_Self,0
2025-08-13,2027,248000,Investment_Trust,0
2025-08-13,2027,4172000,Dealer_self,3070949
2025-08-13,2027,153484,Dealer_Hedging,1087474
2025-08-14,2027,15714129,Foreign_Investor,14830436
2025-08-14,2027,0,Foreign_Dealer_Self,0
2025-08-14,2027,30000,Investment_Trust,1498000
2025-08-14,2027,2289578,Dealer_self,4382924
2025-08-14,2027,515344,Dealer_Hedging,214215
2025-08-15,2027,7713000,Foreign_Investor,4276020
2025-08-15,2027,0,Foreign_Dealer_Self,0
2025-08-15,2027,0,Investment_Trust,341000
2025-08-15,2027,853000,Dealer_self,2038140
2025-08-15,2027,692190,Dealer_Hedging,349998
2025-08-18,2027,12324900,Foreign_Investor,13928000
2025-08-18,2027,0,Foreign_Dealer_Self,0
2025-08-18,2027,31000,Investment_Trust,0
2025-08-18,2027,1197309,Dealer_self,4450150
2025-08-18,2027,1625544,Dealer_Hedging,308114
2025-08-19,2027,8812952,Foreign_Investor,15079600
2025-08-19,2027,0,Foreign_Dealer_Self,0
2025-08-19,2027,0,Investment_Trust,21000
2025-08-19,2027,538000,Dealer_self,899000
2025-08-19,2027,309033,Dealer_Hedging,456872
2025-08-20,2027,8126000,Foreign_Investor,5960000
2025-08-20,2027,0,Foreign_Dealer_Self,0
2025-08-20,2027,2000,Investment_Trust,0
2025-08-20,2027,570624,Dealer_self,2567044
2025-08-20,2027,773647,Dealer_Hedging,761310
2025-08-21,2027,7194209,Foreign_Investor,8613000
2025-08-21,2027,0,Foreign_Dealer_Self,0
2025-08-21,2027,225000,Investment_Trust,300000
2025-08-21,2027,6000,Dealer_self,312000
2025-08-21,2027,426793,Dealer_Hedging,203889
2025-08-22,2027,4619000,Foreign_Investor,7088565
2025-08-22,2027,0,Foreign_Dealer_Self,0
2025-08-22,2027,87000,Investment_Trust,1438000
2025-08-22,2027,150000,Dealer_self,8000
2025-08-22,2027,100466,Dealer_Hedging,482385
2025-08-25,2027,7923000,Foreign_Investor,3804912
2025-08-25,2027,0,Foreign_Dealer_Self,0
2025-08-25,2027,0,Investment_Trust,80000
2025-08-25,2027,100000,Dealer_self,281000
2025-08-25,2027,730122,Dealer_Hedging,164311
2025-08-26,2027,9487591,Foreign_Investor,14409600
2025-08-26,2027,0,Foreign_Dealer_Self,0
2025-08-26,2027,0,Investment_Trust,676000
2025-08-26,2027,320000,Dealer_self,127000
2025-08-26,2027,549061,Dealer_Hedging,366389
2025-08-27,2027,7082662,Foreign_Investor,11288347
2025-08-27,2027,0,Foreign_Dealer_Self,0
2025-08-27,2027,0,Investment_Trust,0
2025-08-27,2027,828000,Dealer_self,422000
2025-08-27,2027,153285,Dealer_Hedging,1049956
2025-08-28,2027,16570238,Foreign_Investor,6613741
2025-08-28,2027,0,Foreign_Dealer_Self,0
2025-08-28,2027,0,Investment_Trust,9246000
2025-08-28,2027,38000,Dealer_self,59000
2025-08-28,2027,103007,Dealer_Hedging,993766
2025-08-29,2027,9326258,Foreign_Investor,3544004
2025-08-29,2027,0,Foreign_Dealer_Self,0
2025-08-29,2027,11000,Investment_Trust,4521000
2025-08-29,2027,17000,Dealer_self,8000
2025-08-29,2027,38628,Dealer_Hedging,1076429
2025-09-01,2027,6306100,Foreign_Investor,3001000
2025-09-01,2027,0,Foreign_Dealer_Self,0
2025-09-01,2027,92000,Investment_Trust,2511079
2025-09-01,2027,1160000,Dealer_self,117202
2025-09-01,2027,146757,Dealer_Hedging,525307
2025-09-02,2027,2937000,Foreign_Investor,2273000
2025-09-02,2027,0,Foreign_Dealer_Self,0
2025-09-02,2027,99000,Investment_Trust,0
2025-09-02,2027,801943,Dealer_self,311601
2025-09-02,2027,150485,Dealer_Hedging,63661
2025-09-03,2027,14632000,Foreign_Investor,4951400
2025-09-03,2027,0,Foreign_Dealer_Self,0
2025-09-03,2027,105000,Investment_Trust,9314000
2025-09-03,2027,456000,Dealer_self,216888
2025-09-03,2027,337425,Dealer_Hedging,192223
2025-09-04,2027,10987629,Foreign_Investor,5787478
2025-09-04,2027,0,Foreign_Dealer_Self,0
2025-09-04,2027,0,Investment_Trust,4838000
2025-09-04,2027,1185693,Dealer_self,381087
2025-09-04,2027,1121762,Dealer_Hedging,41000
2025-09-05,2027,6016000,Foreign_Investor,3470651
2025-09-05,2027,0,Foreign_Dealer_Self,0
2025-09-05,2027,7000,Investment_Trust,11698000
2025-09-05,2027,1078752,Dealer_self,1684858
2025-09-05,2027,71340,Dealer_Hedging,188893
2025-09-08,2027,11493008,Foreign_Investor,1488617
2025-09-08,2027,0,Foreign_Dealer_Self,0
2025-09-08,2027,0,Investment_Trust,3247000
2025-09-08,2027,814679,Dealer_self,432000
2025-09-08,2027,744294,Dealer_Hedging,128733
2025-09-09,2027,6456340,Foreign_Investor,4901913
2025-09-09,2027,0,Foreign_Dealer_Self,0
2025-09-09,2027,0,Investment_Trust,14000
2025-09-09,2027,453508,Dealer_self,1436000
2025-09-09,2027,242944,Dealer_Hedging,554093
2025-09-10,2027,25491999,Foreign_Investor,30015862
2025-09-10,2027,0,Foreign_Dealer_Self,0
2025-09-10,2027,0,Investment_Trust,2448000
2025-09-10,2027,6773544,Dealer_self,3233266
2025-09-10,2027,4498542,Dealer_Hedging,2152124
2025-09-11,2027,6558129,Foreign_Investor,13660807
2025-09-11,2027,0,Foreign_Dealer_Self,0
2025-09-11,2027,0,Investment_Trust,625000
2025-09-11,2027,467040,Dealer_self,4420458
2025-09-11,2027,211139,Dealer_Hedging,2322949
2025-09-12,2027,9538827,Foreign_Investor,6374652
2025-09-12,2027,0,Foreign_Dealer_Self,0
2025-09-12,2027,0,Investment_Trust,15000
2025-09-12,2027,642000,Dealer_self,451540
2025-09-12,2027,398531,Dealer_Hedging,916394
2025-09-15,2027,3190032,Foreign_Investor,4500000
2025-09-15,2027,0,Foreign_Dealer_Self,0
2025-09-15,2027,4000,Investment_Trust,13000
2025-09-15,2027,757000,Dealer_self,2538245
2025-09-15,2027,152000,Dealer_Hedging,463257
2025-09-16,2027,4116801,Foreign_Investor,2474000
2025-09-16,2027,0,Foreign_Dealer_Self,0
2025-09-16,2027,0,Investment_Trust,333000
2025-09-16,2027,128000,Dealer_self,1544321
2025-09-16,2027,10000,Dealer_Hedging,169177
2025-09-17,2027,2148406,Foreign_Investor,5725780
2025-09-17,2027,0,Foreign_Dealer_Self,0
2025-09-17,2027,16000,Dealer_self,365671
2025-09-17,2027,112000,Dealer_Hedging,858383
2025-09-17,2027,272000,Investment_Trust,0
2025-09-18,2027,9530358,Foreign_Investor,4369000
2025-09-18,2027,0,Foreign_Dealer_Self,0
2025-09-18,2027,2000,Investment_Trust,1000000
2025-09-18,2027,698162,Dealer_self,493608
2025-09-18,2027,351278,Dealer_Hedging,235642
2025-09-19,2027,0,Foreign_Dealer_Self,0
2025-09-19,2027,8000,Investment_Trust,294000
2025-09-19,2027,106000,Dealer_self,55000
2025-09-19,2027,160116,Dealer_Hedging,300252
2025-09-19,2027,5924400,Foreign_Investor,6896706
2025-09-22,2027,3796263,Foreign_Investor,2986000
2025-09-22,2027,0,Foreign_Dealer_Self,0
2025-09-22,2027,0,Investment_Trust,2442000
2025-09-22,2027,155000,Dealer_self,170005
2025-09-22,2027,44000,Dealer_Hedging,272180
2025-09-23,2027,7124000,Foreign_Investor,5109158
2025-09-23,2027,0,Foreign_Dealer_Self,0
2025-09-23,2027,0,Investment_Trust,0
2025-09-23,2027,128565,Dealer_self,320837
2025-09-23,2027,218000,Dealer_Hedging,384507
2025-09-24,2027,6382000,Foreign_Investor,3432000
2025-09-24,2027,0,Foreign_Dealer_Self,0
2025-09-24,2027,1445000,Investment_Trust,881000
2025-09-24,2027,946000,Dealer_self,922638
2025-09-24,2027,18000,Dealer_Hedging,179621
2025-09-25,2027,16923161,Foreign_Investor,4818985
2025-09-25,2027,0,Foreign_Dealer_Self,0
2025-09-25,2027,0,Investment_Trust,1478000
2025-09-25,2027,460889,Dealer_self,253000
2025-09-25,2027,925792,Dealer_Hedging,703163
2025-09-26,2027,5433000,Foreign_Investor,7561083
2025-09-26,2027,0,Foreign_Dealer_Self,0
2025-09-26,2027,0,Investment_Trust,0
2025-09-26,2027,269119,Dealer_self,119000
2025-09-26,2027,40629,Dealer_Hedging,400699
2025-09-30,2027,5603813,Foreign_Investor,3905330
2025-09-30,2027,0,Foreign_Dealer_Self,0
2025-09-30,2027,0,Investment_Trust,1187000
2025-09-30,2027,382209,Dealer_self,31000
2025-09-30,2027,61276,Dealer_Hedging,23000
2025-10-01,2027,3289761,Foreign_Investor,3235464
2025-10-01,2027,0,Foreign_Dealer_Self,0
2025-10-01,2027,0,Investment_Trust,830000
2025-10-01,2027,195000,Dealer_self,129285
2025-10-01,2027,50670,Dealer_Hedging,117667
2025-10-02,2027,4190000,Foreign_Investor,8810645
2025-10-02,2027,0,Foreign_Dealer_Self,0
2025-10-02,2027,0,Investment_Trust,1208000
2025-10-02,2027,107000,Dealer_self,43948
2025-10-02,2027,71000,Dealer_Hedging,170866
2025-10-03,2027,2503000,Foreign_Investor,5271999
2025-10-03,2027,0,Foreign_Dealer_Self,0
2025-10-03,2027,0,Investment_Trust,37000
2025-10-03,2027,19000,Dealer_self,138638
2025-10-03,2027,64000,Dealer_Hedging,336018
2025-10-07,2027,9202225,Foreign_Investor,4245770
2025-10-07,2027,0,Foreign_Dealer_Self,0
2025-10-07,2027,0,Investment_Trust,35000
2025-10-07,2027,144764,Dealer_self,136555
2025-10-07,2027,538056,Dealer_Hedging,421288
2025-10-08,2027,10396717,Foreign_Investor,3846133
2025-10-08,2027,0,Foreign_Dealer_Self,0
2025-10-08,2027,0,Investment_Trust,18000
2025-10-08,2027,639417,Dealer_self,305000
2025-10-08,2027,973745,Dealer_Hedging,290079
2025-10-09,2027,9435807,Foreign_Investor,6205893
2025-10-09,2027,0,Foreign_Dealer_Self,0
2025-10-09,2027,0,Investment_Trust,13000
2025-10-09,2027,31442,Dealer_self,307000
2025-10-09,2027,85466,Dealer_Hedging,558746
2025-10-13,2027,4427000,Foreign_Investor,1838184
2025-10-13,2027,0,Foreign_Dealer_Self,0
2025-10-13,2027,0,Investment_Trust,0
2025-10-13,2027,137143,Dealer_self,384000
2025-10-13,2027,615427,Dealer_Hedging,185000
2025-10-14,2027,14225123,Foreign_Investor,7809965
2025-10-14,2027,0,Foreign_Dealer_Self,0
2025-10-14,2027,0,Investment_Trust,922000
2025-10-14,2027,508833,Dealer_self,125093
2025-10-14,2027,2836947,Dealer_Hedging,365662
2025-10-15,2027,7566879,Foreign_Investor,10489266
2025-10-15,2027,0,Foreign_Dealer_Self,0
2025-10-15,2027,0,Investment_Trust,364000
2025-10-15,2027,48000,Dealer_self,492942
2025-10-15,2027,672316,Dealer_Hedging,2167145
2025-10-16,2027,4900000,Foreign_Investor,3508791
2025-10-16,2027,0,Foreign_Dealer_Self,0
2025-10-16,2027,0,Investment_Trust,26000
2025-10-16,2027,106000,Dealer_self,36000
2025-10-16,2027,30678,Dealer_Hedging,27772
2025-10-17,2027,3942476,Foreign_Investor,1502109
2025-10-17,2027,0,Foreign_Dealer_Self,0
2025-10-17,2027,0,Investment_Trust,0
2025-10-17,2027,226101,Dealer_self,310693
2025-10-17,2027,191384,Dealer_Hedging,347000
2025-10-20,2027,2226199,Foreign_Investor,2948196
2025-10-20,2027,0,Foreign_Dealer_Self,0
2025-10-20,2027,0,Investment_Trust,0
2025-10-20,2027,950000,Dealer_self,136351
2025-10-20,2027,29354,Dealer_Hedging,100002
2025-10-21,2027,2809000,Foreign_Investor,6754408
2025-10-21,2027,0,Foreign_Dealer_Self,0
2025-10-21,2027,0,Investment_Trust,1275000
2025-10-21,2027,1831444,Dealer_self,52000
2025-10-21,2027,11000,Dealer_Hedging,114963
2025-10-22,2027,4839912,Foreign_Investor,2634344
2025-10-22,2027,0,Foreign_Dealer_Self,0
2025-10-22,2027,0,Investment_Trust,442237
2025-10-22,2027,183000,Dealer_self,2092329
2025-10-22,2027,241000,Dealer_Hedging,68733
2025-10-23,2027,1789000,Foreign_Investor,3019000
2025-10-23,2027,0,Foreign_Dealer_Self,0
2025-10-23,2027,0,Investment_Trust,0
2025-10-23,2027,3000,Dealer_self,132906
2025-10-23,2027,440000,Dealer_Hedging,107736
2025-10-27,2027,3170189,Foreign_Investor,3889000
2025-10-27,2027,0,Foreign_Dealer_Self,0
2025-10-27,2027,0,Investment_Trust,107127
2025-10-27,2027,173000,Dealer_self,20519
2025-10-27,2027,33000,Dealer_Hedging,128759
2025-10-28,2027,2092535,Foreign_Investor,3662126
2025-10-28,2027,0,Foreign_Dealer_Self,0
2025-10-28,2027,0,Investment_Trust,396000
2025-10-28,2027,56000,Dealer_self,26656
2025-10-28,2027,11000,Dealer_Hedging,46121
2025-10-29,2027,4987938,Foreign_Investor,5336574
2025-10-29,2027,0,Foreign_Dealer_Self,0
2025-10-29,2027,0,Investment_Trust,73000
2025-10-29,2027,55000,Dealer_self,148483
2025-10-29,2027,18000,Dealer_Hedging,528521
2025-10-30,2027,3728184,Foreign_Investor,3382074
2025-10-30,2027,0,Foreign_Dealer_Self,0
2025-10-30,2027,20109,Dealer_self,219456
2025-10-30,2027,46000,Dealer_Hedging,207863
2025-10-30,2027,0,Investment_Trust,424000
2025-10-31,2027,2949000,Foreign_Investor,4724810
2025-10-31,2027,0,Foreign_Dealer_Self,0
2025-10-31,2027,95227,Dealer_self,71747
2025-10-31,2027,6000,Dealer_Hedging,233997
2025-10-31,2027,0,Investment_Trust,285083
2025-11-03,2027,3769000,Foreign_Investor,3118000
2025-11-03,2027,0,Foreign_Dealer_Self,0
2025-11-03,2027,177000,Investment_Trust,0
2025-11-03,2027,91000,Dealer_self,92310
2025-11-03,2027,22569,Dealer_Hedging,188039
2025-11-04,2027,2830000,Foreign_Investor,5922652
2025-11-04,2027,0,Foreign_Dealer_Self,0
2025-11-04,2027,31000,Investment_Trust,0
2025-11-04,2027,118000,Dealer_self,150971
2025-11-04,2027,51000,Dealer_Hedging,384967
2025-11-05,2027,2461563,Foreign_Investor,1701570
2025-11-05,2027,0,Foreign_Dealer_Self,0
2025-11-05,2027,0,Investment_Trust,0
2025-11-05,2027,22000,Dealer_self,229582
2025-11-05,2027,78008,Dealer_Hedging,132316
2025-11-06,2027,2395000,Foreign_Investor,1300104
2025-11-06,2027,0,Foreign_Dealer_Self,0
2025-11-06,2027,77000,Investment_Trust,115000
2025-11-06,2027,190000,Dealer_self,33659
2025-11-06,2027,17568,Dealer_Hedging,106206
2025-11-07,2027,2810000,Foreign_Investor,1446462
2025-11-07,2027,0,Foreign_Dealer_Self,0
2025-11-07,2027,69000,Investment_Trust,121000
2025-11-07,2027,37794,Dealer_self,40000
2025-11-07,2027,194151,Dealer_Hedging,30928
2025-11-10,2027,4732576,Foreign_Investor,1122106
2025-11-10,2027,0,Foreign_Dealer_Self,0
2025-11-10,2027,0,Investment_Trust,60000
2025-11-10,2027,139180,Dealer_self,54227
2025-11-10,2027,117391,Dealer_Hedging,79000
2025-11-11,2027,2731000,Foreign_Investor,4340889
2025-11-11,2027,0,Foreign_Dealer_Self,0
2025-11-11,2027,566000,Investment_Trust,0
2025-11-11,2027,78000,Dealer_self,22001
2025-11-11,2027,33247,Dealer_Hedging,34594
2025-11-12,2027,7286437,Foreign_Investor,6063285
2025-11-12,2027,0,Foreign_Dealer_Self,0
2025-11-12,2027,85000,Investment_Trust,93000
2025-11-12,2027,84000,Dealer_self,47288
2025-11-12,2027,395858,Dealer_Hedging,108138
2025-11-13,2027,9032937,Foreign_Investor,4768624
2025-11-13,2027,0,Foreign_Dealer_Self,0
2025-11-13,2027,71000,Investment_Trust,74000
2025-11-13,2027,24600,Dealer_self,11000
2025-11-13,2027,51558,Dealer_Hedging,265756
2025-11-14,2027,21506121,Foreign_Investor,4280092
2025-11-14,2027,0,Foreign_Dealer_Self,0
2025-11-14,2027,133000,Investment_Trust,0
2025-11-14,2027,310861,Dealer_self,305100
2025-11-14,2027,1149339,Dealer_Hedging,102362
2025-11-17,2027,8130034,Foreign_Investor,5111000
2025-11-17,2027,0,Foreign_Dealer_Self,0
2025-11-17,2027,0,Investment_Trust,70000
2025-11-17,2027,412812,Dealer_self,318467
2025-11-17,2027,811620,Dealer_Hedging,289217
2025-11-18,2027,3537000,Foreign_Investor,6628000
2025-11-18,2027,0,Foreign_Dealer_Self,0
2025-11-18,2027,0,Investment_Trust,0
2025-11-18,2027,50000,Dealer_self,72000
2025-11-18,2027,1224077,Dealer_Hedging,312263
2025-11-19,2027,3950000,Foreign_Investor,18663314
2025-11-19,2027,0,Foreign_Dealer_Self,0
2025-11-19,2027,90000,Investment_Trust,0
2025-11-19,2027,138000,Dealer_self,612544
2025-11-19,2027,2495000,Dealer_Hedging,1601208
2025-11-20,2027,6158000,Foreign_Investor,5761086
2025-11-20,2027,0,Foreign_Dealer_Self,0
2025-11-20,2027,66000,Investment_Trust,16000
2025-11-20,2027,347000,Dealer_self,375230
2025-11-20,2027,57560,Dealer_Hedging,7000
2025-11-21,2027,7545008,Foreign_Investor,6699784
2025-11-21,2027,0,Foreign_Dealer_Self,0
2025-11-21,2027,98000,Investment_Trust,0
2025-11-21,2027,124130,Dealer_self,129001
2025-11-21,2027,396000,Dealer_Hedging,61477
2025-11-24,2027,5483735,Foreign_Investor,4722415
2025-11-24,2027,0,Foreign_Dealer_Self,0
2025-11-24,2027,0,Investment_Trust,90000
2025-11-24,2027,184000,Dealer_self,10007
2025-11-24,2027,229240,Dealer_Hedging,9001
2025-11-25,2027,7685580,Foreign_Investor,2498065
2025-11-25,2027,0,Foreign_Dealer_Self,0
2025-11-25,2027,0,Investment_Trust,0
2025-11-25,2027,139000,Dealer_self,35000
2025-11-25,2027,209499,Dealer_Hedging,30012
2025-11-26,2027,18274000,Foreign_Investor,7163371
2025-11-26,2027,0,Foreign_Dealer_Self,0
2025-11-26,2027,0,Investment_Trust,0
2025-11-26,2027,269322,Dealer_self,169000
2025-11-26,2027,716756,Dealer_Hedging,30180
2025-11-27,2027,5548000,Foreign_Investor,2682033
2025-11-27,2027,0,Foreign_Dealer_Self,0
2025-11-27,2027,0,Investment_Trust,143000
2025-11-27,2027,349233,Dealer_self,394000
2025-11-27,2027,121660,Dealer_Hedging,304435
2025-11-28,2027,6913687,Foreign_Investor,20875000
2025-11-28,2027,0,Foreign_Dealer_Self,0
2025-11-28,2027,0,Investment_Trust,117000
2025-11-28,2027,1814000,Dealer_self,29000
2025-11-28,2027,145000,Dealer_Hedging,265581
2025-12-01,2027,21086088,Foreign_Investor,5825478
2025-12-01,2027,0,Foreign_Dealer_Self,0
2025-12-01,2027,0,Investment_Trust,0
2025-12-01,2027,134041,Dealer_self,1637110
2025-12-01,2027,638900,Dealer_Hedging,99000
2025-12-02,2027,9369713,Foreign_Investor,3432000
2025-12-02,2027,0,Foreign_Dealer_Self,0
2025-12-02,2027,0,Investment_Trust,0
2025-12-02,2027,35000,Dealer_self,10000
2025-12-02,2027,257019,Dealer_Hedging,248812
2025-12-03,2027,6753000,Foreign_Investor,6291301
2025-12-03,2027,0,Foreign_Dealer_Self,0
2025-12-03,2027,0,Investment_Trust,0
2025-12-03,2027,627000,Dealer_self,136000
2025-12-03,2027,53064,Dealer_Hedging,137766
2025-12-04,2027,5523000,Foreign_Investor,3323417
2025-12-04,2027,0,Foreign_Dealer_Self,0
2025-12-04,2027,0,Investment_Trust,0
2025-12-04,2027,460299,Dealer_self,46000
2025-12-04,2027,170219,Dealer_Hedging,46000
2025-12-05,2027,5144000,Foreign_Investor,4452182
2025-12-05,2027,0,Foreign_Dealer_Self,0
2025-12-05,2027,0,Investment_Trust,0
2025-12-05,2027,307244,Dealer_self,178000
2025-12-05,2027,85000,Dealer_Hedging,71052
2025-12-08,2027,3449619,Foreign_Investor,3735423
2025-12-08,2027,0,Foreign_Dealer_Self,0
2025-12-08,2027,0,Investment_Trust,0
2025-12-08,2027,1584000,Dealer_self,382550
2025-12-08,2027,31000,Dealer_Hedging,129149
2025-12-09,2027,4845000,Foreign_Investor,8875426
2025-12-09,2027,0,Foreign_Dealer_Self,0
2025-12-09,2027,0,Investment_Trust,0
2025-12-09,2027,28307,Dealer_self,226083
2025-12-09,2027,55000,Dealer_Hedging,730332
2025-12-10,2027,2731000,Foreign_Investor,8426717
2025-12-10,2027,0,Foreign_Dealer_Self,0
2025-12-10,2027,0,Investment_Trust,0
2025-12-10,2027,69000,Dealer_self,632256
2025-12-10,2027,74000,Dealer_Hedging,788363
2025-12-11,2027,4892500,Foreign_Investor,5298836
2025-12-11,2027,0,Foreign_Dealer_Self,0
2025-12-11,2027,0,Investment_Trust,0
2025-12-11,2027,2999,Dealer_self,31388
2025-12-11,2027,31000,Dealer_Hedging,43106
2025-12-12,2027,6370000,Foreign_Investor,5918910
2025-12-12,2027,0,Foreign_Dealer_Self,0
2025-12-12,2027,0,Investment_Trust,0
2025-12-12,2027,326136,Dealer_self,1444809
2025-12-12,2027,77658,Dealer_Hedging,29916
2025-12-15,2027,8052000,Foreign_Investor,6230542
2025-12-15,2027,0,Foreign_Dealer_Self,0
2025-12-15,2027,0,Investment_Trust,0
2025-12-15,2027,196000,Dealer_self,247000
2025-12-15,2027,440698,Dealer_Hedging,70222
2025-12-16,2027,3786000,Foreign_Investor,16283787
2025-12-16,2027,0,Foreign_Dealer_Self,0
2025-12-16,2027,6780000,Investment_Trust,0
2025-12-16,2027,111329,Dealer_self,85098
2025-12-16,2027,492201,Dealer_Hedging,284384
2025-12-17,2027,4364500,Foreign_Investor,28231385
2025-12-17,2027,0,Foreign_Dealer_Self,0
2025-12-17,2027,6780000,Investment_Trust,0
2025-12-17,2027,191383,Dealer_self,178613
2025-12-17,2027,83000,Dealer_Hedging,364635
2025-12-18,2027,3350546,Foreign_Investor,19287000
2025-12-18,2027,0,Foreign_Dealer_Self,0
2025-12-18,2027,6780000,Investment_Trust,0
2025-12-18,2027,1765000,Dealer_self,423845
2025-12-18,2027,334859,Dealer_Hedging,139699
2025-12-19,2027,5240161,Foreign_Investor,25997357
2025-12-19,2027,0,Foreign_Dealer_Self,0
2025-12-19,2027,6780000,Investment_Trust,5000
2025-12-19,2027,258000,Dealer_self,68015
2025-12-19,2027,134608,Dealer_Hedging,65490
2025-12-22,2027,2467000,Foreign_Investor,19580654
2025-12-22,2027,0,Foreign_Dealer_Self,0
2025-12-22,2027,6780000,Investment_Trust,700000
2025-12-22,2027,105000,Dealer_self,76038
2025-12-22,2027,74439,Dealer_Hedging,146366
2025-12-23,2027,1659000,Foreign_Investor,22638133
2025-12-23,2027,0,Foreign_Dealer_Self,0
2025-12-23,2027,6780000,Investment_Trust,0
2025-12-23,2027,290000,Dealer_self,51852
2025-12-23,2027,166000,Dealer_Hedging,59812
2025-12-24,2027,3247000,Foreign_Investor,29731834
2025-12-24,2027,0,Foreign_Dealer_Self,0
2025-12-24,2027,6780000,Investment_Trust,0
2025-12-24,2027,203000,Dealer_self,44000
2025-12-24,2027,343000,Dealer_Hedging,137088
2025-12-26,2027,5958791,Foreign_Investor,20058000
2025-12-26,2027,0,Foreign_Dealer_Self,0
2025-12-26,2027,6780000,Investment_Trust,0
2025-12-26,2027,334000,Dealer_self,51325
2025-12-26,2027,329861,Dealer_Hedging,40664
2025-12-29,2027,5493000,Foreign_Investor,12952000
2025-12-29,2027,0,Foreign_Dealer_Self,0
2025-12-29,2027,0,Investment_Trust,0
2025-12-29,2027,284000,Dealer_self,15374
2025-12-29,2027,148720,Dealer_Hedging,61031
2025-12-30,2027,2257843,Foreign_Investor,15579713
2025-12-30,2027,0,Foreign_Dealer_Self,0
2025-12-30,2027,8379000,Investment_Trust,0
2025-12-30,2027,146000,Dealer_self,60015
2025-12-30,2027,217100,Dealer_Hedging,31744
2025-12-31,2027,2203828,Foreign_Investor,16796000
2025-12-31,2027,0,Foreign_Dealer_Self,0
2025-12-31,2027,8236000,Investment_Trust,0
2025-12-31,2027,142000,Dealer_self,20102
2025-12-31,2027,12303,Dealer_Hedging,55223
2026-01-02,2027,2046000,Foreign_Investor,10293000
2026-01-02,2027,0,Foreign_Dealer_Self,0
2026-01-02,2027,7585000,Investment_Trust,0
2026-01-02,2027,72000,Dealer_self,102784
2026-01-02,2027,47129,Dealer_Hedging,41328
2026-01-05,2027,3009000,Foreign_Investor,11594565
2026-01-05,2027,0,Foreign_Dealer_Self,0
2026-01-05,2027,1292000,Investment_Trust,0
2026-01-05,2027,97000,Dealer_self,214427
2026-01-05,2027,27000,Dealer_Hedging,62688
2026-01-06,2027,2220000,Foreign_Investor,6945500
2026-01-06,2027,0,Foreign_Dealer_Self,0
2026-01-06,2027,11000,Investment_Trust,0
2026-01-06,2027,37000,Dealer_self,9975
2026-01-06,2027,67000,Dealer_Hedging,81153
2026-01-07,2027,23924000,Foreign_Investor,10997000
2026-01-07,2027,0,Foreign_Dealer_Self,0
2026-01-07,2027,0,Investment_Trust,0
2026-01-07,2027,92237,Dealer_self,39016
2026-01-07,2027,1448508,Dealer_Hedging,373000
2026-01-08,2027,5551900,Foreign_Investor,17459786
2026-01-08,2027,0,Foreign_Dealer_Self,0
2026-01-08,2027,0,Investment_Trust,0
2026-01-08,2027,550000,Dealer_self,203281
2026-01-08,2027,182620,Dealer_Hedging,892056
2026-01-09,2027,2640000,Foreign_Investor,7622041
2026-01-09,2027,0,Foreign_Dealer_Self,0
2026-01-09,2027,7000,Investment_Trust,0
2026-01-09,2027,298000,Dealer_self,530118
2026-01-09,2027,86000,Dealer_Hedging,58282
2026-01-12,2027,11775873,Foreign_Investor,2526000
2026-01-12,2027,0,Foreign_Dealer_Self,0
2026-01-12,2027,2000,Investment_Trust,0
2026-01-12,2027,97395,Dealer_self,32564
2026-01-12,2027,561286,Dealer_Hedging,176017
2026-01-13,2027,4083000,Foreign_Investor,2110413
2026-01-13,2027,0,Foreign_Dealer_Self,0
2026-01-13,2027,4000,Investment_Trust,0
2026-01-13,2027,19000,Dealer_self,98022
2026-01-13,2027,94429,Dealer_Hedging,283196
2026-01-14,2027,3024000,Foreign_Investor,2067000
2026-01-14,2027,0,Foreign_Dealer_Self,0
2026-01-14,2027,11000,Investment_Trust,0
2026-01-14,2027,47000,Dealer_self,38227
2026-01-14,2027,13468,Dealer_Hedging,125231
2026-01-15,2027,6201200,Foreign_Investor,3796015
2026-01-15,2027,0,Foreign_Dealer_Self,0
2026-01-15,2027,5000,Investment_Trust,0
2026-01-15,2027,131865,Dealer_self,38000
2026-01-15,2027,389716,Dealer_Hedging,55000
2026-01-16,2027,2730217,Foreign_Investor,7097000
2026-01-16,2027,0,Foreign_Dealer_Self,0
2026-01-16,2027,0,Investment_Trust,0
2026-01-16,2027,35000,Dealer_self,202524
2026-01-16,2027,29000,Dealer_Hedging,246365
2026-01-19,2027,5617091,Foreign_Investor,3197580
2026-01-19,2027,0,Foreign_Dealer_Self,0
2026-01-19,2027,0,Investment_Trust,51000
2026-01-19,2027,108033,Dealer_self,113000
2026-01-19,2027,121925,Dealer_Hedging,31237
2026-01-20,2027,1991879,Foreign_Investor,11915024
2026-01-20,2027,0,Foreign_Dealer_Self,0
2026-01-20,2027,0,Investment_Trust,0
2026-01-20,2027,210000,Dealer_self,344279
2026-01-20,2027,51000,Dealer_Hedging,133983
2026-01-21,2027,2258700,Foreign_Investor,5015024
2026-01-21,2027,0,Foreign_Dealer_Self,0
2026-01-21,2027,0,Investment_Trust,0
2026-01-21,2027,62000,Dealer_self,686392
2026-01-21,2027,432000,Dealer_Hedging,683689
2026-01-22,2027,906358,Foreign_Investor,3894260
2026-01-22,2027,0,Foreign_Dealer_Self,0
2026-01-22,2027,0,Investment_Trust,0
2026-01-22,2027,5000,Dealer_self,1471
2026-01-22,2027,14000,Dealer_Hedging,33995
2026-01-23,2027,5213000,Foreign_Investor,2339000
2026-01-23,2027,0,Foreign_Dealer_Self,0
2026-01-23,2027,100000,Investment_Trust,0
2026-01-23,2027,0,Dealer_self,2171
2026-01-23,2027,54619,Dealer_Hedging,126582
2026-01-26,2027,21849000,Foreign_Investor,4209054
2026-01-26,2027,0,Foreign_Dealer_Self,0
2026-01-26,2027,100000,Investment_Trust,0
2026-01-26,2027,0,Dealer_self,127000
2026-01-26,2027,1109667,Dealer_Hedging,537000
2026-01-27,2027,8729000,Foreign_Investor,5934445
2026-01-27,2027,0,Foreign_Dealer_Self,0
2026-01-27,2027,100000,Investment_Trust,0
2026-01-27,2027,271000,Dealer_self,384000
2026-01-27,2027,336392,Dealer_Hedging,738577
2026-01-28,2027,18807100,Foreign_Investor,7988110
2026-01-28,2027,0,Foreign_Dealer_Self,0
2026-01-28,2027,0,Investment_Trust,0
2026-01-28,2027,120002,Dealer_self,262210
2026-01-28,2027,526038,Dealer_Hedging,328965
2026-01-29,2027,31841737,Foreign_Investor,31228790
2026-01-29,2027,0,Foreign_Dealer_Self,0
2026-01-29,2027,0,Investment_Trust,0
2026-01-29,2027,519350,Dealer_self,573000
2026-01-29,2027,1874976,Dealer_Hedging,382397
2026-01-30,2027,11834000,Foreign_Investor,24841016
2026-01-30,2027,0,Foreign_Dealer_Self,0
2026-01-30,2027,100000,Investment_Trust,0
2026-01-30,2027,300027,Dealer_self,402896
2026-01-30,2027,694233,Dealer_Hedging,988722
2026-02-02,2027,14018000,Foreign_Investor,11175100
2026-02-02,2027,0,Foreign_Dealer_Self,0
2026-02-02,2027,100000,Investment_Trust,1175000
2026-02-02,2027,1648871,Dealer_self,1058130
2026-02-02,2027,977756,Dealer_Hedging,1323293
2026-02-03,2027,11398146,Foreign_Investor,10544558
2026-02-03,2027,0,Foreign_Dealer_Self,0
2026-02-03,2027,0,Investment_Trust,117000
2026-02-03,2027,475000,Dealer_self,484048
2026-02-03,2027,287728,Dealer_Hedging,776236
2026-02-04,2027,8053400,Foreign_Investor,3325878
2026-02-04,2027,0,Foreign_Dealer_Self,0
2026-02-04,2027,0,Investment_Trust,0
2026-02-04,2027,24189,Dealer_self,22100
2026-02-04,2027,376766,Dealer_Hedging,136019
2026-02-05,2027,3472000,Foreign_Investor,6969468
2026-02-05,2027,0,Foreign_Dealer_Self,0
2026-02-05,2027,0,Investment_Trust,277000
2026-02-05,2027,143000,Dealer_self,234329
2026-02-05,2027,70000,Dealer_Hedging,403522
2026-02-06,2027,4134961,Foreign_Investor,6959000
2026-02-06,2027,0,Foreign_Dealer_Self,0
2026-02-06,2027,52000,Investment_Trust,0
2026-02-06,2027,470000,Dealer_self,199519
2026-02-06,2027,166064,Dealer_Hedging,859582
2026-02-09,2027,5038215,Foreign_Investor,4686200
2026-02-09,2027,0,Foreign_Dealer_Self,0
2026-02-09,2027,0,Investment_Trust,0
2026-02-09,2027,75318,Dealer_self,18949
2026-02-09,2027,692989,Dealer_Hedging,483894
2026-02-10,2027,1007000,Foreign_Investor,5763000
2026-02-10,2027,0,Foreign_Dealer_Self,0
2026-02-10,2027,0,Investment_Trust,0
2026-02-10,2027,186000,Dealer_self,31183
2026-02-10,2027,74000,Dealer_Hedging,838657
2026-02-11,2027,4045100,Foreign_Investor,1885024
2026-02-11,2027,0,Foreign_Dealer_Self,0
2026-02-11,2027,0,Investment_Trust,0
2026-02-11,2027,314000,Dealer_self,82871
2026-02-11,2027,182673,Dealer_Hedging,1059000
2026-02-23,2027,4535184,Foreign_Investor,7674715
2026-02-23,2027,0,Foreign_Dealer_Self,0
2026-02-23,2027,0,Investment_Trust,94000
2026-02-23,2027,869676,Dealer_self,554467
2026-02-23,2027,796690,Dealer_Hedging,1134741
2026-02-24,2027,2883379,Foreign_Investor,3925500
2026-02-24,2027,0,Foreign_Dealer_Self,0
2026-02-24,2027,62000,Investment_Trust,487000
2026-02-24,2027,145000,Dealer_self,335000
2026-02-24,2027,179225,Dealer_Hedging,475528
2026-02-25,2027,5937000,Foreign_Investor,4283900
2026-02-25,2027,0,Foreign_Dealer_Self,0
2026-02-25,2027,0,Investment_Trust,0
2026-02-25,2027,626515,Dealer_self,35052
2026-02-25,2027,86135,Dealer_Hedging,594700
2026-02-26,2027,4200420,Foreign_Investor,9254000
2026-02-26,2027,0,Foreign_Dealer_Self,0
2026-02-26,2027,0,Investment_Trust,0
2026-02-26,2027,73000,Dealer_self,49071
2026-02-26,2027,408000,Dealer_Hedging,192425
2026-03-02,2027,0,Foreign_Dealer_Self,0
2026-03-02,2027,0,Investment_Trust,0
2026-03-02,2027,1097000,Dealer_self,596499
2026-03-02,2027,13000,Dealer_Hedging,619718
2026-03-02,2027,3647000,Foreign_Investor,6739000
2026-03-03,2027,4446000,Foreign_Investor,7678000
2026-03-03,2027,0,Foreign_Dealer_Self,0
2026-03-03,2027,550000,Investment_Trust,0
2026-03-03,2027,1489000,Dealer_self,35494
2026-03-03,2027,66072,Dealer_Hedging,252938
2026-03-04,2027,7766194,Foreign_Investor,12602840
2026-03-04,2027,0,Foreign_Dealer_Self,0
2026-03-04,2027,2310000,Investment_Trust,0
2026-03-04,2027,2878000,Dealer_self,399538
2026-03-04,2027,229706,Dealer_Hedging,148876
2026-03-05,2027,4546000,Foreign_Investor,10144600
2026-03-05,2027,0,Foreign_Dealer_Self,0
2026-03-05,2027,127000,Dealer_self,65200
2026-03-05,2027,66482,Dealer_Hedging,36682
2026-03-05,2027,2700000,Investment_Trust,266000
2026-03-06,2027,5905878,Foreign_Investor,11357000
2026-03-06,2027,0,Foreign_Dealer_Self,0
2026-03-06,2027,3000000,Investment_Trust,115000
2026-03-06,2027,48000,Dealer_self,28891
2026-03-06,2027,812767,Dealer_Hedging,73772
2026-03-09,2027,4961050,Foreign_Investor,16741606
2026-03-09,2027,0,Foreign_Dealer_Self,0
2026-03-09,2027,3494000,Investment_Trust,0
2026-03-09,2027,872000,Dealer_self,528261
2026-03-09,2027,917815,Dealer_Hedging,594932
2026-03-10,2027,2554050,Foreign_Investor,10633798
2026-03-10,2027,0,Foreign_Dealer_Self,0
2026-03-10,2027,1350000,Investment_Trust,0
2026-03-10,2027,45000,Dealer_self,18073
2026-03-10,2027,68379,Dealer_Hedging,78466
2026-03-11,2027,6592000,Foreign_Investor,5298911
2026-03-11,2027,0,Foreign_Dealer_Self,0
2026-03-11,2027,1000000,Investment_Trust,0
2026-03-11,2027,284018,Dealer_self,24000
2026-03-11,2027,54974,Dealer_Hedging,183109
2026-03-12,2027,3622000,Foreign_Investor,4997420
2026-03-12,2027,0,Foreign_Dealer_Self,0
2026-03-12,2027,2100000,Investment_Trust,1914000
2026-03-12,2027,6000,Dealer_self,75258
2026-03-12,2027,73229,Dealer_Hedging,32543
2026-03-13,2027,1553772,Foreign_Investor,4899790
2026-03-13,2027,0,Foreign_Dealer_Self,0
2026-03-13,2027,2100000,Investment_Trust,6000
2026-03-13,2027,12000,Dealer_self,172061
2026-03-13,2027,11843,Dealer_Hedging,72106
2026-03-16,2027,1946770,Foreign_Investor,6040169
2026-03-16,2027,0,Foreign_Dealer_Self,0
2026-03-16,2027,1300000,Investment_Trust,0
2026-03-16,2027,10000,Dealer_self,93414
2026-03-16,2027,1000,Dealer_Hedging,152749
2026-03-17,2027,6740000,Foreign_Investor,2579100
2026-03-17,2027,0,Foreign_Dealer_Self,0
2026-03-17,2027,0,Investment_Trust,0
2026-03-17,2027,292430,Dealer_self,55070
2026-03-17,2027,730078,Dealer_Hedging,68000
2026-03-18,2027,15288000,Foreign_Investor,4879290
2026-03-18,2027,0,Foreign_Dealer_Self,0
2026-03-18,2027,44000,Investment_Trust,0
2026-03-18,2027,707304,Dealer_self,339000
2026-03-18,2027,845807,Dealer_Hedging,281222
2026-03-19,2027,6221781,Foreign_Investor,5436554
2026-03-19,2027,0,Foreign_Dealer_Self,0
2026-03-19,2027,0,Investment_Trust,0
2026-03-19,2027,353472,Dealer_self,7010
2026-03-19,2027,143971,Dealer_Hedging,487095
2026-03-20,2027,0,Foreign_Dealer_Self,0
2026-03-20,2027,111160,Investment_Trust,72000
2026-03-20,2027,1760593,Dealer_self,243382
2026-03-20,2027,497112,Dealer_Hedging,252654
2026-03-20,2027,16954404,Foreign_Investor,9065000
2026-03-23,2027,4559401,Foreign_Investor,11717000
2026-03-23,2027,0,Foreign_Dealer_Self,0
2026-03-23,2027,256000,Investment_Trust,90000
2026-03-23,2027,1157000,Dealer_self,1872423
2026-03-23,2027,634067,Dealer_Hedging,547898
2026-03-24,2027,4941000,Foreign_Investor,2755941
2026-03-24,2027,0,Foreign_Dealer_Self,0
2026-03-24,2027,0,Investment_Trust,130000
2026-03-24,2027,527424,Dealer_self,58007
2026-03-24,2027,172694,Dealer_Hedging,120684
2026-03-25,2027,2569000,Foreign_Investor,1853083
2026-03-25,2027,0,Foreign_Dealer_Self,0
2026-03-25,2027,100000,Investment_Trust,200000
2026-03-25,2027,61000,Dealer_self,20000
2026-03-25,2027,109063,Dealer_Hedging,17681
2026-03-26,2027,1599000,Foreign_Investor,3266000
2026-03-26,2027,0,Foreign_Dealer_Self,0
2026-03-26,2027,0,Investment_Trust,146000
2026-03-26,2027,598000,Dealer_self,7320
2026-03-26,2027,21249,Dealer_Hedging,138278
2026-03-27,2027,5005841,Foreign_Investor,4065000
2026-03-27,2027,0,Foreign_Dealer_Self,0
2026-03-27,2027,100000,Investment_Trust,0
2026-03-27,2027,74000,Dealer_self,50864
2026-03-27,2027,269000,Dealer_Hedging,84136
2026-03-30,2027,15251000,Foreign_Investor,50019180
2026-03-30,2027,0,Foreign_Dealer_Self,0
2026-03-30,2027,7000,Investment_Trust,0
2026-03-30,2027,1549676,Dealer_self,1218883
2026-03-30,2027,1451083,Dealer_Hedging,288349
2026-03-31,2027,14943207,Foreign_Investor,22999947
2026-03-31,2027,0,Foreign_Dealer_Self,0
2026-03-31,2027,2262000,Investment_Trust,0
2026-03-31,2027,439256,Dealer_self,1599976
2026-03-31,2027,1126077,Dealer_Hedging,179014
2026-04-01,2027,6981000,Foreign_Investor,9418000
2026-04-01,2027,0,Foreign_Dealer_Self,0
2026-04-01,2027,0,Investment_Trust,0
2026-04-01,2027,701000,Dealer_self,696000
2026-04-01,2027,67000,Dealer_Hedging,147808
2026-04-02,2027,27362000,Foreign_Investor,8356000
2026-04-02,2027,0,Foreign_Dealer_Self,0
2026-04-02,2027,0,Investment_Trust,0
2026-04-02,2027,955000,Dealer_self,81967
2026-04-02,2027,1995779,Dealer_Hedging,186521
2026-04-07,2027,10666461,Foreign_Investor,14439499
2026-04-07,2027,0,Foreign_Dealer_Self,0
2026-04-07,2027,200000,Investment_Trust,0
2026-04-07,2027,961401,Dealer_self,695907
2026-04-07,2027,650372,Dealer_Hedging,297216
2026-04-08,2027,12813000,Foreign_Investor,5663000
2026-04-08,2027,0,Foreign_Dealer_Self,0
2026-04-08,2027,0,Investment_Trust,0
2026-04-08,2027,626937,Dealer_self,272121
2026-04-08,2027,320277,Dealer_Hedging,637621
2026-04-09,2027,11437000,Foreign_Investor,3284000
2026-04-09,2027,0,Foreign_Dealer_Self,0
2026-04-09,2027,2000,Investment_Trust,0
2026-04-09,2027,407522,Dealer_self,167529
2026-04-09,2027,83000,Dealer_Hedging,219704
2026-04-10,2027,11437776,Foreign_Investor,6767000
2026-04-10,2027,0,Foreign_Dealer_Self,0
2026-04-10,2027,1038000,Investment_Trust,144000
2026-04-10,2027,345009,Dealer_self,413145
2026-04-10,2027,270231,Dealer_Hedging,154304
2026-04-13,2027,6043447,Foreign_Investor,2742000
2026-04-13,2027,0,Foreign_Dealer_Self,0
2026-04-13,2027,44000,Investment_Trust,0
2026-04-13,2027,60257,Dealer_self,781208
2026-04-13,2027,192638,Dealer_Hedging,135286
2026-04-14,2027,10337400,Foreign_Investor,12384300
2026-04-14,2027,0,Foreign_Dealer_Self,0
2026-04-14,2027,0,Investment_Trust,0
2026-04-14,2027,600796,Dealer_self,6288
2026-04-14,2027,620376,Dealer_Hedging,187126
2026-04-15,2027,1593100,Foreign_Investor,16074000
2026-04-15,2027,0,Foreign_Dealer_Self,0
2026-04-15,2027,0,Investment_Trust,0
2026-04-15,2027,145000,Dealer_self,1233727
2026-04-15,2027,39000,Dealer_Hedging,685031
2026-04-16,2027,2082027,Foreign_Investor,6474031
2026-04-16,2027,0,Foreign_Dealer_Self,0
2026-04-16,2027,5000,Investment_Trust,16000
2026-04-16,2027,24000,Dealer_self,218775
2026-04-16,2027,31000,Dealer_Hedging,271448
2026-04-17,2027,4064642,Foreign_Investor,2795000
2026-04-17,2027,0,Foreign_Dealer_Self,0
2026-04-17,2027,0,Investment_Trust,380000
2026-04-17,2027,52170,Dealer_self,137010
2026-04-17,2027,87675,Dealer_Hedging,125000
2026-04-20,2027,2374000,Foreign_Investor,10189055
2026-04-20,2027,0,Foreign_Dealer_Self,0
2026-04-20,2027,216000,Investment_Trust,306000
2026-04-20,2027,67356,Dealer_self,1202671
2026-04-20,2027,19000,Dealer_Hedging,520588
2026-04-21,2027,2912749,Foreign_Investor,3562798
2026-04-21,2027,0,Foreign_Dealer_Self,0
2026-04-21,2027,100000,Investment_Trust,673000
2026-04-21,2027,0,Dealer_self,31356
2026-04-21,2027,32536,Dealer_Hedging,35089
2026-04-22,2027,4469000,Foreign_Investor,6314650
2026-04-22,2027,0,Foreign_Dealer_Self,0
2026-04-22,2027,0,Investment_Trust,3743000
2026-04-22,2027,94000,Dealer_self,59427
2026-04-22,2027,64083,Dealer_Hedging,194615
2026-04-23,2027,3991618,Foreign_Investor,18691000
2026-04-23,2027,0,Foreign_Dealer_Self,0
2026-04-23,2027,0,Investment_Trust,400000
2026-04-23,2027,680000,Dealer_self,359241
2026-04-23,2027,209000,Dealer_Hedging,268149
2026-04-24,2027,1875337,Foreign_Investor,5835812
2026-04-24,2027,0,Foreign_Dealer_Self,0
2026-04-24,2027,0,Investment_Trust,219000
2026-04-24,2027,1173000,Dealer_self,154121
2026-04-24,2027,34123,Dealer_Hedging,178953
2026-04-27,2027,3631000,Foreign_Investor,5879454
2026-04-27,2027,0,Foreign_Dealer_Self,0
2026-04-27,2027,0,Investment_Trust,0
2026-04-27,2027,1565000,Dealer_self,113392
2026-04-27,2027,54763,Dealer_Hedging,551006
2026-04-28,2027,23023000,Foreign_Investor,3309570
2026-04-28,2027,0,Foreign_Dealer_Self,0
2026-04-28,2027,1664000,Investment_Trust,325000
2026-04-28,2027,210501,Dealer_self,229000
2026-04-28,2027,1359589,Dealer_Hedging,534000
2026-04-29,2027,20782000,Foreign_Investor,5145363
2026-04-29,2027,0,Foreign_Dealer_Self,0
2026-04-29,2027,1725000,Investment_Trust,205000
2026-04-29,2027,440102,Dealer_self,209000
2026-04-29,2027,248651,Dealer_Hedging,704921
2026-04-30,2027,8461000,Foreign_Investor,7350000
2026-04-30,2027,0,Foreign_Dealer_Self,0
2026-04-30,2027,36000,Investment_Trust,295000
2026-04-30,2027,958302,Dealer_self,26000
2026-04-30,2027,80916,Dealer_Hedging,414704
2026-05-04,2027,4054000,Foreign_Investor,2961000
2026-05-04,2027,0,Foreign_Dealer_Self,0
2026-05-04,2027,0,Investment_Trust,123000
2026-05-04,2027,127000,Dealer_self,724000
2026-05-04,2027,22372,Dealer_Hedging,282834
2026-05-05,2027,4595000,Foreign_Investor,3258480
2026-05-05,2027,0,Foreign_Dealer_Self,0
2026-05-05,2027,0,Investment_Trust,72000
2026-05-05,2027,98000,Dealer_self,78000
2026-05-05,2027,62199,Dealer_Hedging,164127
2026-05-06,2027,20036120,Foreign_Investor,3439300
2026-05-06,2027,0,Foreign_Dealer_Self,0
2026-05-06,2027,670000,Investment_Trust,1312000
2026-05-06,2027,913634,Dealer_self,700000
2026-05-06,2027,923804,Dealer_Hedging,173052
2026-05-07,2027,21275940,Foreign_Investor,3235700
2026-05-07,2027,0,Foreign_Dealer_Self,0
2026-05-07,2027,251000,Investment_Trust,0
2026-05-07,2027,257242,Dealer_self,738000
2026-05-07,2027,504763,Dealer_Hedging,575139
2026-05-08,2027,17275287,Foreign_Investor,4333129
2026-05-08,2027,0,Foreign_Dealer_Self,0
2026-05-08,2027,200000,Investment_Trust,916000
2026-05-08,2027,1660488,Dealer_self,590000
2026-05-08,2027,811253,Dealer_Hedging,500997
2026-05-11,2027,16717271,Foreign_Investor,6751000
2026-05-11,2027,0,Foreign_Dealer_Self,0
2026-05-11,2027,200000,Investment_Trust,1120000
2026-05-11,2027,88268,Dealer_self,493000
2026-05-11,2027,538765,Dealer_Hedging,397429
2026-05-12,2027,12314356,Foreign_Investor,3448790
2026-05-12,2027,0,Foreign_Dealer_Self,0
2026-05-12,2027,0,Investment_Trust,5216000
2026-05-12,2027,630000,Dealer_self,635876
2026-05-12,2027,47500,Dealer_Hedging,522552
2026-05-13,2027,10109958,Foreign_Investor,22931087
2026-05-13,2027,0,Foreign_Dealer_Self,0
2026-05-13,2027,0,Investment_Trust,0
2026-05-13,2027,491000,Dealer_self,198241
2026-05-13,2027,213275,Dealer_Hedging,1022091
2026-05-14,2027,45914430,Foreign_Investor,11230647
2026-05-14,2027,0,Foreign_Dealer_Self,0
2026-05-14,2027,900000,Investment_Trust,1805000
2026-05-14,2027,203068,Dealer_self,901000
2026-05-14,2027,1184202,Dealer_Hedging,217100
2026-05-15,2027,32064174,Foreign_Investor,9037300
2026-05-15,2027,0,Foreign_Dealer_Self,0
2026-05-15,2027,0,Investment_Trust,1115000
2026-05-15,2027,216767,Dealer_self,121000
2026-05-15,2027,529659,Dealer_Hedging,443381
2026-05-18,2027,19946535,Foreign_Investor,13249219
2026-05-18,2027,0,Foreign_Dealer_Self,0
2026-05-18,2027,100000,Investment_Trust,797000
2026-05-18,2027,28048,Dealer_self,403000
2026-05-18,2027,177856,Dealer_Hedging,449916
2026-05-19,2027,18242646,Foreign_Investor,7305000
2026-05-19,2027,0,Foreign_Dealer_Self,0
2026-05-19,2027,150000,Investment_Trust,802000
2026-05-19,2027,294007,Dealer_self,877000
2026-05-19,2027,113376,Dealer_Hedging,184416
2026-05-20,2027,28567068,Foreign_Investor,7298300
2026-05-20,2027,0,Foreign_Dealer_Self,0
2026-05-20,2027,100000,Investment_Trust,1419000
2026-05-20,2027,227969,Dealer_self,1754000
2026-05-20,2027,1111322,Dealer_Hedging,136291
2026-05-21,2027,22061646,Foreign_Investor,7177243
2026-05-21,2027,0,Foreign_Dealer_Self,0
2026-05-21,2027,100000,Investment_Trust,423000
2026-05-21,2027,798583,Dealer_self,850000
2026-05-21,2027,1142743,Dealer_Hedging,926865
2026-05-22,2027,11498560,Foreign_Investor,7399004
2026-05-22,2027,0,Foreign_Dealer_Self,0
2026-05-22,2027,0,Investment_Trust,433000
2026-05-22,2027,414353,Dealer_self,1415017
2026-05-22,2027,186684,Dealer_Hedging,1271318
2026-05-25,2027,20649303,Foreign_Investor,8657168
2026-05-25,2027,0,Foreign_Dealer_Self,0
2026-05-25,2027,40000,Investment_Trust,660000
2026-05-25,2027,103045,Dealer_self,17000
2026-05-25,2027,980155,Dealer_Hedging,316725
2026-05-26,2027,9329122,Foreign_Investor,16777000
2026-05-26,2027,0,Foreign_Dealer_Self,0
2026-05-26,2027,1000,Investment_Trust,510000
2026-05-26,2027,356000,Dealer_self,126422
2026-05-26,2027,87366,Dealer_Hedging,1025427
2026-05-27,2027,14849645,Foreign_Investor,5854000
2026-05-27,2027,0,Foreign_Dealer_Self,0
2026-05-27,2027,0,Investment_Trust,0
2026-05-27,2027,2027390,Dealer_self,107840
2026-05-27,2027,1316054,Dealer_Hedging,395857
2026-05-28,2027,8081136,Foreign_Investor,4592000
2026-05-28,2027,0,Foreign_Dealer_Self,0
2026-05-28,2027,0,Investment_Trust,0
2026-05-28,2027,120292,Dealer_self,1722158
2026-05-28,2027,169108,Dealer_Hedging,633861
2026-05-29,2027,9283250,Foreign_Investor,8065066
2026-05-29,2027,0,Foreign_Dealer_Self,0
2026-05-29,2027,0,Investment_Trust,5000
2026-05-29,2027,123000,Dealer_self,50496
2026-05-29,2027,241260,Dealer_Hedging,189433
2026-06-01,2027,11991082,Foreign_Investor,9757779
2026-06-01,2027,0,Foreign_Dealer_Self,0
2026-06-01,2027,5724000,Investment_Trust,0
2026-06-01,2027,259882,Dealer_self,160320
2026-06-01,2027,1628045,Dealer_Hedging,159068
2026-06-02,2027,17431412,Foreign_Investor,9620121
2026-06-02,2027,0,Foreign_Dealer_Self,0
2026-06-02,2027,3265000,Investment_Trust,8960000
2026-06-02,2027,631225,Dealer_self,417486
2026-06-02,2027,438849,Dealer_Hedging,376044
2026-06-03,2027,20699171,Foreign_Investor,7025321
2026-06-03,2027,0,Foreign_Dealer_Self,0
2026-06-03,2027,513000,Investment_Trust,8960000
2026-06-03,2027,1083096,Dealer_self,613116
2026-06-03,2027,603508,Dealer_Hedging,563110
2026-06-04,2027,17446933,Foreign_Investor,3966920
2026-06-04,2027,0,Foreign_Dealer_Self,0
2026-06-04,2027,23000,Investment_Trust,8960000
2026-06-04,2027,37481,Dealer_self,365000
2026-06-04,2027,32338,Dealer_Hedging,174400
2026-06-05,2027,14180548,Foreign_Investor,3777221
2026-06-05,2027,0,Foreign_Dealer_Self,0
2026-06-05,2027,0,Investment_Trust,8964000
2026-06-05,2027,54126,Dealer_self,123333
2026-06-05,2027,175780,Dealer_Hedging,531188
2026-06-08,2027,18696082,Foreign_Investor,11769475
2026-06-08,2027,0,Foreign_Dealer_Self,0
2026-06-08,2027,14000,Investment_Trust,8961000
2026-06-08,2027,883001,Dealer_self,187203
2026-06-08,2027,373725,Dealer_Hedging,1465017
2026-06-09,2027,18173944,Foreign_Investor,5320204
2026-06-09,2027,0,Foreign_Dealer_Self,0
2026-06-09,2027,808000,Investment_Trust,8960000
2026-06-09,2027,35083,Dealer_self,854000
2026-06-09,2027,360508,Dealer_Hedging,269347
2026-06-10,2027,0,Foreign_Dealer_Self,0
2026-06-10,2027,15412410,Foreign_Investor,3589152
2026-06-10,2027,433000,Investment_Trust,8960000
2026-06-10,2027,82403,Dealer_self,77453
2026-06-10,2027,219008,Dealer_Hedging,236437
2026-06-11,2027,15413909,Foreign_Investor,5090010
2026-06-11,2027,0,Foreign_Dealer_Self,0
2026-06-11,2027,85000,Investment_Trust,8979000
2026-06-11,2027,131892,Dealer_self,88000
2026-06-11,2027,158414,Dealer_Hedging,173586
2026-06-12,2027,0,Foreign_Dealer_Self,0
2026-06-12,2027,8722084,Foreign_Investor,2776501
2026-06-12,2027,0,Investment_Trust,14000
2026-06-12,2027,55434,Dealer_self,196000
2026-06-12,2027,683364,Dealer_Hedging,116899
2026-06-15,2027,3191733,Foreign_Investor,3857158
2026-06-15,2027,0,Foreign_Dealer_Self,0
2026-06-15,2027,0,Investment_Trust,1000
2026-06-15,2027,19000,Dealer_self,22000
2026-06-15,2027,64106,Dealer_Hedging,116468
2026-06-16,2027,0,Foreign_Dealer_Self,0
2026-06-16,2027,5819000,Foreign_Investor,19142855
2026-06-16,2027,3067727,Investment_Trust,0
2026-06-16,2027,176000,Dealer_self,108513
2026-06-16,2027,47626,Dealer_Hedging,1022223
2026-06-17,2027,0,Foreign_Dealer_Self,0
2026-06-17,2027,9058581,Foreign_Investor,6659399
2026-06-17,2027,1600000,Investment_Trust,3453000
2026-06-17,2027,648932,Dealer_self,107093
2026-06-17,2027,206472,Dealer_Hedging,241008
2026-06-18,2027,0,Foreign_Dealer_Self,0
2026-06-18,2027,8669395,Foreign_Investor,10893026
2026-06-18,2027,500000,Investment_Trust,1284000
2026-06-18,2027,177085,Dealer_self,576205
2026-06-18,2027,96752,Dealer_Hedging,248321
2026-06-19,2027,0,Foreign_Dealer_Self,0
2026-06-19,2027,419000,Foreign_Investor,120000
2026-06-19,2027,0,Investment_Trust,0
2026-06-19,2027,20000,Dealer_self,292000
2026-06-19,2027,0,Dealer_Hedging,0
2026-06-22,2027,9007543,Foreign_Investor,4670852
2026-06-22,2027,0,Foreign_Dealer_Self,0
2026-06-22,2027,0,Investment_Trust,1274000
2026-06-22,2027,928242,Dealer_self,63436
2026-06-22,2027,161526,Dealer_Hedging,62788
2026-06-23,2027,3607835,Foreign_Investor,5465351
2026-06-23,2027,0,Foreign_Dealer_Self,0
2026-06-23,2027,262000,Investment_Trust,2654000
2026-06-23,2027,35000,Dealer_self,966272
2026-06-23,2027,286761,Dealer_Hedging,1105110
2026-06-24,2027,4629537,Foreign_Investor,2345304
2026-06-24,2027,0,Foreign_Dealer_Self,0
2026-06-24,2027,0,Investment_Trust,29646
2026-06-24,2027,30000,Dealer_self,43616
2026-06-24,2027,60841,Dealer_Hedging,153000
2026-06-25,2027,0,Foreign_Dealer_Self,0
2026-06-25,2027,5437080,Foreign_Investor,5837288
2026-06-25,2027,0,Investment_Trust,0
2026-06-25,2027,0,Dealer_self,30000
2026-06-25,2027,160753,Dealer_Hedging,233214
2026-06-26,2027,0,Foreign_Dealer_Self,0
2026-06-26,2027,5010379,Foreign_Investor,7039580
2026-06-26,2027,0,Investment_Trust,0
2026-06-26,2027,13000,Dealer_self,163967
2026-06-26,2027,197000,Dealer_Hedging,380404
2026-06-29,2027,4092851,Foreign_Investor,4549210
2026-06-29,2027,0,Foreign_Dealer_Self,0
2026-06-29,2027,2463000,Investment_Trust,77500
2026-06-29,2027,68226,Dealer_self,148000
2026-06-29,2027,185150,Dealer_Hedging,198071
2026-06-30,2027,0,Foreign_Dealer_Self,0
2026-06-30,2027,2444000,Investment_Trust,4724
2026-06-30,2027,255000,Dealer_self,21000
2026-06-30,2027,123000,Dealer_Hedging,69314
2026-06-30,2027,2274017,Foreign_Investor,6909271
2026-07-01,2027,6414861,Foreign_Investor,31645000
2026-07-01,2027,0,Foreign_Dealer_Self,0
2026-07-01,2027,28018000,Investment_Trust,1933
2026-07-01,2027,963000,Dealer_self,85000
2026-07-01,2027,939431,Dealer_Hedging,546583
2026-07-02,2027,3415000,Foreign_Investor,9948000
2026-07-02,2027,0,Foreign_Dealer_Self,0
2026-07-02,2027,726000,Investment_Trust,0
2026-07-02,2027,10000,Dealer_self,1203000
2026-07-02,2027,301093,Dealer_Hedging,472964
2026-07-03,2027,0,Foreign_Dealer_Self,0
2026-07-03,2027,3610929,Foreign_Investor,1484250
2026-07-03,2027,564000,Investment_Trust,3810
2026-07-03,2027,70000,Dealer_self,81612
2026-07-03,2027,225622,Dealer_Hedging,140500
2026-07-06,2027,3231700,Foreign_Investor,1118000
2026-07-06,2027,0,Foreign_Dealer_Self,0
2026-07-06,2027,585000,Investment_Trust,12820
2026-07-06,2027,29000,Dealer_self,3000
2026-07-06,2027,263233,Dealer_Hedging,25569
2026-07-07,2027,4630651,Foreign_Investor,4846000
2026-07-07,2027,0,Foreign_Dealer_Self,0
2026-07-07,2027,661000,Investment_Trust,13221
2026-07-07,2027,23000,Dealer_self,0
2026-07-07,2027,694995,Dealer_Hedging,120784
2026-07-08,2027,1695000,Foreign_Investor,4323012
2026-07-08,2027,0,Foreign_Dealer_Self,0
2026-07-08,2027,113000,Investment_Trust,0
2026-07-08,2027,10000,Dealer_self,14000
2026-07-08,2027,131596,Dealer_Hedging,328473
2026-07-09,2027,2995937,Foreign_Investor,6279000
2026-07-09,2027,0,Foreign_Dealer_Self,0
2026-07-09,2027,0,Investment_Trust,17196
2026-07-09,2027,14000,Dealer_self,18000
2026-07-09,2027,118112,Dealer_Hedging,309403
2026-07-13,2027,4755374,Foreign_Investor,10216790
2026-07-13,2027,0,Foreign_Dealer_Self,0
2026-07-13,2027,1404000,Investment_Trust,8414
2026-07-13,2027,1235190,Dealer_self,46217
2026-07-13,2027,421210,Dealer_Hedging,258583
2026-07-14,2027,10714919,Foreign_Investor,2412000
2026-07-14,2027,0,Foreign_Dealer_Self,0
2026-07-14,2027,0,Investment_Trust,8000
2026-07-14,2027,62000,Dealer_self,1352000
2026-07-14,2027,1296308,Dealer_Hedging,408837
2026-07-15,2027,16455830,Foreign_Investor,5970000
2026-07-15,2027,0,Foreign_Dealer_Self,0
2026-07-15,2027,1282000,Investment_Trust,13327
2026-07-15,2027,201732,Dealer_self,752000
2026-07-15,2027,934158,Dealer_Hedging,286327
2026-07-16,2027,3832600,Foreign_Investor,4033000
2026-07-16,2027,0,Foreign_Dealer_Self,0
2026-07-16,2027,0,Investment_Trust,343663
2026-07-16,2027,460000,Dealer_self,99000
2026-07-16,2027,229367,Dealer_Hedging,647144
2026-07-17,2027,9349873,Foreign_Investor,5404383
2026-07-17,2027,0,Foreign_Dealer_Self,0
2026-07-17,2027,1198000,Investment_Trust,11327
2026-07-17,2027,33000,Dealer_self,477000
2026-07-17,2027,1296690,Dealer_Hedging,233685
2026-07-20,2027,4991200,Foreign_Investor,6283000
2026-07-20,2027,0,Foreign_Dealer_Self,0
2026-07-20,2027,0,Investment_Trust,3000
2026-07-20,2027,88000,Dealer_self,8501
2026-07-20,2027,902376,Dealer_Hedging,268875
2026-07-21,2027,5859195,Foreign_Investor,1757000
2026-07-21,2027,0,Foreign_Dealer_Self,0
2026-07-21,2027,576000,Investment_Trust,427000
2026-07-21,2027,32000,Dealer_self,109000
2026-07-21,2027,629266,Dealer_Hedging,178114
2026-07-22,2027,31164722,Foreign_Investor,7215648
2026-07-22,2027,0,Foreign_Dealer_Self,0
2026-07-22,2027,4210000,Investment_Trust,97681
2026-07-22,2027,1886117,Dealer_self,1849000
2026-07-22,2027,1967576,Dealer_Hedging,983057
2026-07-23,2027,8819596,Foreign_Investor,8365580
2026-07-23,2027,0,Foreign_Dealer_Self,0
2026-07-23,2027,35000,Investment_Trust,16075
2026-07-23,2027,425998,Dealer_self,83000
2026-07-23,2027,447571,Dealer_Hedging,693830
