date,stock_id,buy,name,sell
2024-07-09,2031,219000,Foreign_Investor,773000
2024-07-09,2031,0,Foreign_Dealer_Self,0
2024-07-09,2031,0,Investment_Trust,36000
2024-07-09,2031,11000,Dealer_self,20814
2024-07-09,2031,0,Dealer_Hedging,102717
2024-07-10,2031,303000,Foreign_Investor,412000
2024-07-10,2031,0,Foreign_Dealer_Self,0
2024-07-10,2031,0,Investment_Trust,0
2024-07-10,2031,3000,Dealer_self,1467
2024-07-10,2031,1000,Dealer_Hedging,296
2024-07-11,2031,144000,Foreign_Investor,553000
2024-07-11,2031,0,Foreign_Dealer_Self,0
2024-07-11,2031,0,Investment_Trust,14000
2024-07-11,2031,5000,Dealer_self,2489
2024-07-11,2031,34000,Dealer_Hedging,107893
2024-07-12,2031,674000,Foreign_Investor,272020
2024-07-12,2031,0,Foreign_Dealer_Self,0
2024-07-12,2031,0,Investment_Trust,0
2024-07-12,2031,2000,Dealer_self,19649
2024-07-12,2031,50000,Dealer_Hedging,1094
2024-07-15,2031,197000,Foreign_Investor,338000
2024-07-15,2031,0,Foreign_Dealer_Self,0
2024-07-15,2031,141000,Investment_Trust,0
2024-07-15,2031,0,Dealer_self,16000
2024-07-15,2031,15000,Dealer_Hedging,8311
2024-07-16,2031,184000,Foreign_Investor,228000
2024-07-16,2031,0,Foreign_Dealer_Self,0
2024-07-16,2031,133000,Investment_Trust,0
2024-07-16,2031,0,Dealer_self,0
2024-07-16,2031,56000,Dealer_Hedging,12643
2024-07-17,2031,295000,Foreign_Investor,289000
2024-07-17,2031,0,Foreign_Dealer_Self,0
2024-07-17,2031,127000,Investment_Trust,0
2024-07-17,2031,0,Dealer_self,1000
2024-07-17,2031,57000,Dealer_Hedging,50
2024-07-18,2031,974000,Foreign_Investor,472000
2024-07-18,2031,0,Foreign_Dealer_Self,0
2024-07-18,2031,0,Investment_Trust,0
2024-07-18,2031,0,Dealer_self,8652
2024-07-18,2031,63000,Dealer_Hedging,63231
2024-07-19,2031,136000,Foreign_Investor,1171000
2024-07-19,2031,0,Foreign_Dealer_Self,0
2024-07-19,2031,0,Investment_Trust,0
2024-07-19,2031,3000,Dealer_self,2485
2024-07-19,2031,0,Dealer_Hedging,31206
2024-07-22,2031,349000,Foreign_Investor,927000
2024-07-22,2031,0,Foreign_Dealer_Self,0
2024-07-22,2031,0,Investment_Trust,0
2024-07-22,2031,33000,Dealer_self,15406
2024-07-22,2031,1000,Dealer_Hedging,75020
2024-07-23,2031,519000,Foreign_Investor,150000
2024-07-23,2031,0,Foreign_Dealer_Self,0
2024-07-23,2031,20000,Investment_Trust,0
2024-07-23,2031,11000,Dealer_self,247
2024-07-23,2031,53000,Dealer_Hedging,14000
2024-07-26,2031,144000,Foreign_Investor,316354
2024-07-26,2031,0,Foreign_Dealer_Self,0
2024-07-26,2031,0,Investment_Trust,1000
2024-07-26,2031,8000,Dealer_self,20722
2024-07-26,2031,39000,Dealer_Hedging,7303
2024-07-29,2031,142000,Foreign_Investor,363000
2024-07-29,2031,0,Foreign_Dealer_Self,0
2024-07-29,2031,3000,Investment_Trust,0
2024-07-29,2031,2000,Dealer_self,10155
2024-07-29,2031,139000,Dealer_Hedging,18244
2024-07-30,2031,2716000,Foreign_Investor,1174000
2024-07-30,2031,0,Foreign_Dealer_Self,0
2024-07-30,2031,6000,Investment_Trust,0
2024-07-30,2031,875,Dealer_self,171086
2024-07-30,2031,24002,Dealer_Hedging,328000
2024-07-31,2031,292000,Foreign_Investor,897000
2024-07-31,2031,0,Foreign_Dealer_Self,0
2024-07-31,2031,1000,Investment_Trust,0
2024-07-31,2031,0,Dealer_self,72000
2024-07-31,2031,11000,Dealer_Hedging,35000
2024-08-01,2031,1216000,Foreign_Investor,284000
2024-08-01,2031,0,Foreign_Dealer_Self,0
2024-08-01,2031,0,Investment_Trust,0
2024-08-01,2031,9000,Dealer_self,4000
2024-08-01,2031,30000,Dealer_Hedging,0
2024-08-02,2031,694000,Foreign_Investor,873000
2024-08-02,2031,0,Foreign_Dealer_Self,0
2024-08-02,2031,0,Investment_Trust,0
2024-08-02,2031,14000,Dealer_self,121000
2024-08-02,2031,25000,Dealer_Hedging,24000
2024-08-05,2031,427000,Foreign_Investor,2047000
2024-08-05,2031,0,Foreign_Dealer_Self,0
2024-08-05,2031,0,Investment_Trust,0
2024-08-05,2031,14000,Dealer_self,51713
2024-08-05,2031,0,Dealer_Hedging,113348
2024-08-06,2031,743011,Foreign_Investor,1030000
2024-08-06,2031,0,Foreign_Dealer_Self,0
2024-08-06,2031,9000,Investment_Trust,0
2024-08-06,2031,12000,Dealer_self,19591
2024-08-06,2031,13000,Dealer_Hedging,68284
2024-08-07,2031,1019000,Foreign_Investor,237000
2024-08-07,2031,0,Foreign_Dealer_Self,0
2024-08-07,2031,0,Investment_Trust,0
2024-08-07,2031,52300,Dealer_self,136000
2024-08-07,2031,60000,Dealer_Hedging,0
2024-08-08,2031,2271000,Foreign_Investor,2053000
2024-08-08,2031,0,Foreign_Dealer_Self,0
2024-08-08,2031,42000,Investment_Trust,749000
2024-08-08,2031,2000,Dealer_self,80714
2024-08-08,2031,109000,Dealer_Hedging,32000
2024-08-09,2031,911000,Foreign_Investor,1557862
2024-08-09,2031,0,Foreign_Dealer_Self,0
2024-08-09,2031,0,Investment_Trust,248000
2024-08-09,2031,0,Dealer_self,19238
2024-08-09,2031,30000,Dealer_Hedging,12000
2024-08-12,2031,560860,Foreign_Investor,612000
2024-08-12,2031,0,Foreign_Dealer_Self,0
2024-08-12,2031,0,Investment_Trust,0
2024-08-12,2031,1000,Dealer_self,1451
2024-08-12,2031,18000,Dealer_Hedging,15000
2024-08-13,2031,232000,Foreign_Investor,989000
2024-08-13,2031,0,Foreign_Dealer_Self,0
2024-08-13,2031,0,Investment_Trust,0
2024-08-13,2031,5000,Dealer_self,9871
2024-08-13,2031,28000,Dealer_Hedging,33277
2024-08-14,2031,227000,Foreign_Investor,306000
2024-08-14,2031,0,Foreign_Dealer_Self,0
2024-08-14,2031,0,Investment_Trust,0
2024-08-14,2031,38000,Dealer_self,13345
2024-08-14,2031,12000,Dealer_Hedging,9000
2024-08-15,2031,55000,Foreign_Investor,579000
2024-08-15,2031,0,Foreign_Dealer_Self,0
2024-08-15,2031,0,Investment_Trust,0
2024-08-15,2031,19000,Dealer_self,4746
2024-08-15,2031,12000,Dealer_Hedging,54000
2024-08-16,2031,241000,Foreign_Investor,153000
2024-08-16,2031,0,Foreign_Dealer_Self,0
2024-08-16,2031,0,Investment_Trust,1000
2024-08-16,2031,21000,Dealer_self,0
2024-08-16,2031,4000,Dealer_Hedging,0
2024-08-19,2031,150000,Foreign_Investor,360000
2024-08-19,2031,0,Foreign_Dealer_Self,0
2024-08-19,2031,0,Investment_Trust,0
2024-08-19,2031,0,Dealer_self,3384
2024-08-19,2031,0,Dealer_Hedging,1506
2024-08-20,2031,282000,Foreign_Investor,554000
2024-08-20,2031,0,Foreign_Dealer_Self,0
2024-08-20,2031,0,Investment_Trust,1000
2024-08-20,2031,1000,Dealer_self,867
2024-08-20,2031,0,Dealer_Hedging,322
2024-08-21,2031,208860,Foreign_Investor,190079
2024-08-21,2031,0,Foreign_Dealer_Self,0
2024-08-21,2031,1000,Investment_Trust,0
2024-08-21,2031,0,Dealer_self,233
2024-08-21,2031,0,Dealer_Hedging,46
2024-08-22,2031,705000,Foreign_Investor,224794
2024-08-22,2031,0,Foreign_Dealer_Self,0
2024-08-22,2031,0,Investment_Trust,0
2024-08-22,2031,0,Dealer_self,2005
2024-08-22,2031,4000,Dealer_Hedging,0
2024-08-23,2031,152000,Foreign_Investor,495000
2024-08-23,2031,0,Foreign_Dealer_Self,0
2024-08-23,2031,0,Investment_Trust,0
2024-08-23,2031,3000,Dealer_self,3083
2024-08-23,2031,21000,Dealer_Hedging,17000
2024-08-26,2031,784000,Foreign_Investor,82000
2024-08-26,2031,0,Foreign_Dealer_Self,0
2024-08-26,2031,0,Investment_Trust,0
2024-08-26,2031,0,Dealer_self,0
2024-08-26,2031,40000,Dealer_Hedging,2000
2024-08-27,2031,244000,Foreign_Investor,169000
2024-08-27,2031,0,Foreign_Dealer_Self,0
2024-08-27,2031,0,Investment_Trust,0
2024-08-27,2031,9000,Dealer_self,4000
2024-08-27,2031,6000,Dealer_Hedging,16000
2024-08-28,2031,130000,Foreign_Investor,118000
2024-08-28,2031,0,Foreign_Dealer_Self,0
2024-08-28,2031,0,Investment_Trust,9000
2024-08-28,2031,5000,Dealer_self,0
2024-08-28,2031,0,Dealer_Hedging,41000
2024-08-29,2031,140000,Foreign_Investor,129000
2024-08-29,2031,0,Foreign_Dealer_Self,0
2024-08-29,2031,0,Investment_Trust,0
2024-08-29,2031,0,Dealer_self,4129
2024-08-29,2031,0,Dealer_Hedging,104
2024-08-30,2031,196000,Foreign_Investor,284000
2024-08-30,2031,0,Foreign_Dealer_Self,0
2024-08-30,2031,0,Investment_Trust,0
2024-08-30,2031,5000,Dealer_self,536
2024-08-30,2031,4000,Dealer_Hedging,5
2024-09-02,2031,163000,Foreign_Investor,84000
2024-09-02,2031,0,Foreign_Dealer_Self,0
2024-09-02,2031,0,Investment_Trust,0
2024-09-02,2031,2000,Dealer_self,0
2024-09-02,2031,0,Dealer_Hedging,0
2024-09-03,2031,50000,Foreign_Investor,621000
2024-09-03,2031,0,Foreign_Dealer_Self,0
2024-09-03,2031,0,Investment_Trust,0
2024-09-03,2031,13000,Dealer_self,2560
2024-09-03,2031,8000,Dealer_Hedging,41334
2024-09-04,2031,254001,Foreign_Investor,1502000
2024-09-04,2031,0,Foreign_Dealer_Self,0
2024-09-04,2031,0,Investment_Trust,0
2024-09-04,2031,25000,Dealer_self,46584
2024-09-04,2031,34000,Dealer_Hedging,107045
2024-09-05,2031,234000,Foreign_Investor,522999
2024-09-05,2031,0,Foreign_Dealer_Self,0
2024-09-05,2031,0,Investment_Trust,2000
2024-09-05,2031,20000,Dealer_self,13944
2024-09-05,2031,8000,Dealer_Hedging,13113
2024-09-06,2031,91000,Foreign_Investor,212000
2024-09-06,2031,0,Foreign_Dealer_Self,0
2024-09-06,2031,0,Investment_Trust,1000
2024-09-06,2031,8000,Dealer_self,5417
2024-09-06,2031,16000,Dealer_Hedging,20000
2024-09-09,2031,412000,Foreign_Investor,317000
2024-09-09,2031,0,Foreign_Dealer_Self,0
2024-09-09,2031,0,Investment_Trust,0
2024-09-09,2031,2000,Dealer_self,9441
2024-09-09,2031,0,Dealer_Hedging,20081
2024-09-10,2031,263000,Foreign_Investor,432400
2024-09-10,2031,0,Foreign_Dealer_Self,0
2024-09-10,2031,0,Investment_Trust,0
2024-09-10,2031,11000,Dealer_self,4162
2024-09-10,2031,6000,Dealer_Hedging,20293
2024-09-11,2031,107000,Foreign_Investor,244000
2024-09-11,2031,0,Foreign_Dealer_Self,0
2024-09-11,2031,0,Investment_Trust,0
2024-09-11,2031,8000,Dealer_self,5300
2024-09-11,2031,0,Dealer_Hedging,13473
2024-09-12,2031,176000,Foreign_Investor,169000
2024-09-12,2031,0,Foreign_Dealer_Self,0
2024-09-12,2031,0,Investment_Trust,0
2024-09-12,2031,21000,Dealer_self,88
2024-09-12,2031,4000,Dealer_Hedging,46
2024-09-13,2031,253000,Foreign_Investor,103000
2024-09-13,2031,0,Foreign_Dealer_Self,0
2024-09-13,2031,0,Investment_Trust,0
2024-09-13,2031,0,Dealer_self,43
2024-09-13,2031,2000,Dealer_Hedging,16000
2024-09-16,2031,170000,Foreign_Investor,78000
2024-09-16,2031,0,Foreign_Dealer_Self,0
2024-09-16,2031,0,Investment_Trust,0
2024-09-16,2031,3000,Dealer_self,0
2024-09-16,2031,0,Dealer_Hedging,0
2024-09-18,2031,187000,Foreign_Investor,214000
2024-09-18,2031,0,Foreign_Dealer_Self,0
2024-09-18,2031,1000,Investment_Trust,0
2024-09-18,2031,1000,Dealer_self,413
2024-09-18,2031,6000,Dealer_Hedging,1047
2024-09-19,2031,158000,Foreign_Investor,166000
2024-09-19,2031,0,Foreign_Dealer_Self,0
2024-09-19,2031,0,Investment_Trust,0
2024-09-19,2031,17000,Dealer_self,18
2024-09-19,2031,2000,Dealer_Hedging,2004
2024-09-20,2031,354001,Foreign_Investor,200000
2024-09-20,2031,0,Foreign_Dealer_Self,0
2024-09-20,2031,1000,Investment_Trust,0
2024-09-20,2031,0,Dealer_self,0
2024-09-20,2031,8000,Dealer_Hedging,0
2024-09-23,2031,106000,Foreign_Investor,93000
2024-09-23,2031,0,Foreign_Dealer_Self,0
2024-09-23,2031,0,Investment_Trust,0
2024-09-23,2031,10000,Dealer_self,0
2024-09-23,2031,22000,Dealer_Hedging,22397
2024-09-24,2031,187000,Foreign_Investor,72006
2024-09-24,2031,0,Foreign_Dealer_Self,0
2024-09-24,2031,0,Investment_Trust,0
2024-09-24,2031,1001,Dealer_self,0
2024-09-24,2031,0,Dealer_Hedging,6000
2024-09-25,2031,419000,Foreign_Investor,105000
2024-09-25,2031,0,Foreign_Dealer_Self,0
2024-09-25,2031,1000,Investment_Trust,6000
2024-09-25,2031,22000,Dealer_self,1000
2024-09-25,2031,11000,Dealer_Hedging,26000
2024-09-26,2031,215000,Foreign_Investor,134000
2024-09-26,2031,0,Foreign_Dealer_Self,0
2024-09-26,2031,0,Investment_Trust,0
2024-09-26,2031,22000,Dealer_self,2000
2024-09-26,2031,1000,Dealer_Hedging,20000
2024-09-27,2031,1916000,Foreign_Investor,573000
2024-09-27,2031,0,Foreign_Dealer_Self,0
2024-09-27,2031,3000,Investment_Trust,0
2024-09-27,2031,116000,Dealer_self,5000
2024-09-27,2031,90000,Dealer_Hedging,7000
2024-09-30,2031,1161000,Foreign_Investor,490117
2024-09-30,2031,0,Foreign_Dealer_Self,0
2024-09-30,2031,0,Investment_Trust,0
2024-09-30,2031,70000,Dealer_self,0
2024-09-30,2031,106000,Dealer_Hedging,38000
2024-10-01,2031,347000,Foreign_Investor,241600
2024-10-01,2031,0,Foreign_Dealer_Self,0
2024-10-01,2031,0,Investment_Trust,1000
2024-10-01,2031,4000,Dealer_self,99000
2024-10-01,2031,9000,Dealer_Hedging,65000
2024-10-04,2031,967000,Foreign_Investor,433000
2024-10-04,2031,0,Foreign_Dealer_Self,0
2024-10-04,2031,1000,Investment_Trust,0
2024-10-04,2031,2000,Dealer_self,11000
2024-10-04,2031,0,Dealer_Hedging,74000
2024-10-07,2031,1363000,Foreign_Investor,488000
2024-10-07,2031,0,Foreign_Dealer_Self,0
2024-10-07,2031,0,Investment_Trust,0
2024-10-07,2031,22023,Dealer_self,0
2024-10-07,2031,0,Dealer_Hedging,2000
2024-10-08,2031,348000,Foreign_Investor,641800
2024-10-08,2031,0,Foreign_Dealer_Self,0
2024-10-08,2031,0,Investment_Trust,0
2024-10-08,2031,23000,Dealer_self,7000
2024-10-08,2031,10000,Dealer_Hedging,27000
2024-10-09,2031,966033,Foreign_Investor,1267000
2024-10-09,2031,0,Foreign_Dealer_Self,0
2024-10-09,2031,0,Investment_Trust,0
2024-10-09,2031,0,Dealer_self,35000
2024-10-09,2031,0,Dealer_Hedging,24000
2024-10-11,2031,118000,Foreign_Investor,1131000
2024-10-11,2031,0,Foreign_Dealer_Self,0
2024-10-11,2031,0,Investment_Trust,22000
2024-10-11,2031,4000,Dealer_self,33669
2024-10-11,2031,1000,Dealer_Hedging,22781
2024-10-14,2031,338000,Foreign_Investor,180000
2024-10-14,2031,0,Foreign_Dealer_Self,0
2024-10-14,2031,0,Investment_Trust,23000
2024-10-14,2031,5000,Dealer_self,11000
2024-10-14,2031,9000,Dealer_Hedging,3000
2024-10-15,2031,119000,Foreign_Investor,364000
2024-10-15,2031,0,Foreign_Dealer_Self,0
2024-10-15,2031,0,Investment_Trust,6000
2024-10-15,2031,17000,Dealer_self,135
2024-10-15,2031,7000,Dealer_Hedging,11015
2024-10-16,2031,1789140,Foreign_Investor,1668444
2024-10-16,2031,0,Foreign_Dealer_Self,0
2024-10-16,2031,0,Investment_Trust,0
2024-10-16,2031,27000,Dealer_self,3485
2024-10-16,2031,0,Dealer_Hedging,1109
2024-10-17,2031,317000,Foreign_Investor,851000
2024-10-17,2031,0,Foreign_Dealer_Self,0
2024-10-17,2031,0,Investment_Trust,0
2024-10-17,2031,8000,Dealer_self,231
2024-10-17,2031,2000,Dealer_Hedging,2053
2024-10-18,2031,275195,Foreign_Investor,230000
2024-10-18,2031,0,Foreign_Dealer_Self,0
2024-10-18,2031,0,Investment_Trust,8000
2024-10-18,2031,19000,Dealer_self,404
2024-10-18,2031,7000,Dealer_Hedging,1148
2024-10-21,2031,87000,Foreign_Investor,221000
2024-10-21,2031,0,Foreign_Dealer_Self,0
2024-10-21,2031,129000,Investment_Trust,0
2024-10-21,2031,10000,Dealer_self,2000
2024-10-21,2031,1000,Dealer_Hedging,26060
2024-10-22,2031,56000,Foreign_Investor,209000
2024-10-22,2031,0,Foreign_Dealer_Self,0
2024-10-22,2031,10000,Investment_Trust,0
2024-10-22,2031,0,Dealer_self,3114
2024-10-22,2031,1000,Dealer_Hedging,10
2024-10-23,2031,121167,Foreign_Investor,206000
2024-10-23,2031,0,Foreign_Dealer_Self,0
2024-10-23,2031,0,Investment_Trust,0
2024-10-23,2031,6000,Dealer_self,7384
2024-10-23,2031,0,Dealer_Hedging,13022
2024-10-24,2031,52065,Foreign_Investor,237000
2024-10-24,2031,0,Foreign_Dealer_Self,0
2024-10-24,2031,2000,Investment_Trust,0
2024-10-24,2031,19000,Dealer_self,10315
2024-10-24,2031,0,Dealer_Hedging,11124
2024-10-25,2031,139000,Foreign_Investor,128000
2024-10-25,2031,0,Foreign_Dealer_Self,0
2024-10-25,2031,0,Investment_Trust,0
2024-10-25,2031,6000,Dealer_self,2000
2024-10-25,2031,0,Dealer_Hedging,9162
2024-10-28,2031,222000,Foreign_Investor,116628
2024-10-28,2031,0,Foreign_Dealer_Self,0
2024-10-28,2031,0,Investment_Trust,0
2024-10-28,2031,44000,Dealer_self,23149
2024-10-28,2031,1000,Dealer_Hedging,7050
2024-10-29,2031,260000,Foreign_Investor,837000
2024-10-29,2031,0,Foreign_Dealer_Self,0
2024-10-29,2031,2000,Investment_Trust,0
2024-10-29,2031,3000,Dealer_self,9704
2024-10-29,2031,2000,Dealer_Hedging,8073
2024-10-30,2031,182000,Foreign_Investor,263000
2024-10-30,2031,0,Foreign_Dealer_Self,0
2024-10-30,2031,0,Investment_Trust,0
2024-10-30,2031,3000,Dealer_self,16008
2024-10-30,2031,1000,Dealer_Hedging,2050
2024-11-01,2031,634000,Foreign_Investor,299000
2024-11-01,2031,0,Foreign_Dealer_Self,0
2024-11-01,2031,1000,Investment_Trust,9000
2024-11-01,2031,1000,Dealer_self,5056
2024-11-01,2031,1000,Dealer_Hedging,57
2024-11-04,2031,182000,Foreign_Investor,556000
2024-11-04,2031,0,Foreign_Dealer_Self,0
2024-11-04,2031,0,Investment_Trust,0
2024-11-04,2031,1000,Dealer_self,37644
2024-11-04,2031,0,Dealer_Hedging,3534
2024-11-05,2031,122000,Foreign_Investor,354000
2024-11-05,2031,0,Foreign_Dealer_Self,0
2024-11-05,2031,2000,Investment_Trust,9000
2024-11-05,2031,1000,Dealer_self,42225
2024-11-05,2031,3000,Dealer_Hedging,5413
2024-11-06,2031,122000,Foreign_Investor,1510000
2024-11-06,2031,0,Foreign_Dealer_Self,0
2024-11-06,2031,0,Investment_Trust,15000
2024-11-06,2031,15000,Dealer_self,24081
2024-11-06,2031,9000,Dealer_Hedging,5505
2024-11-07,2031,222000,Foreign_Investor,700000
2024-11-07,2031,0,Foreign_Dealer_Self,0
2024-11-07,2031,0,Investment_Trust,0
2024-11-07,2031,4000,Dealer_self,22521
2024-11-07,2031,12000,Dealer_Hedging,15000
2024-11-08,2031,253272,Foreign_Investor,1159000
2024-11-08,2031,0,Foreign_Dealer_Self,0
2024-11-08,2031,0,Investment_Trust,0
2024-11-08,2031,28000,Dealer_self,26534
2024-11-08,2031,10000,Dealer_Hedging,12289
2024-11-11,2031,918000,Foreign_Investor,481000
2024-11-11,2031,0,Foreign_Dealer_Self,0
2024-11-11,2031,0,Investment_Trust,0
2024-11-11,2031,7000,Dealer_self,9353
2024-11-11,2031,5000,Dealer_Hedging,1140
2024-11-12,2031,730344,Foreign_Investor,412568
2024-11-12,2031,0,Foreign_Dealer_Self,0
2024-11-12,2031,0,Investment_Trust,0
2024-11-12,2031,11000,Dealer_self,104155
2024-11-12,2031,3000,Dealer_Hedging,3947
2024-11-13,2031,262000,Foreign_Investor,541000
2024-11-13,2031,0,Foreign_Dealer_Self,0
2024-11-13,2031,0,Investment_Trust,0
2024-11-13,2031,1000,Dealer_self,16182
2024-11-13,2031,2000,Dealer_Hedging,14011
2024-11-14,2031,418009,Foreign_Investor,605000
2024-11-14,2031,0,Foreign_Dealer_Self,0
2024-11-14,2031,1000,Investment_Trust,0
2024-11-14,2031,7000,Dealer_self,27317
2024-11-14,2031,0,Dealer_Hedging,3041
2024-11-15,2031,419000,Foreign_Investor,272000
2024-11-15,2031,0,Foreign_Dealer_Self,0
2024-11-15,2031,0,Investment_Trust,0
2024-11-15,2031,0,Dealer_self,59000
2024-11-15,2031,2000,Dealer_Hedging,1000
2024-11-18,2031,261000,Foreign_Investor,134000
2024-11-18,2031,0,Foreign_Dealer_Self,0
2024-11-18,2031,0,Investment_Trust,6000
2024-11-18,2031,6000,Dealer_self,63000
2024-11-18,2031,5000,Dealer_Hedging,1000
2024-11-19,2031,124000,Foreign_Investor,148000
2024-11-19,2031,0,Foreign_Dealer_Self,0
2024-11-19,2031,1000,Investment_Trust,0
2024-11-19,2031,15000,Dealer_self,2360
2024-11-19,2031,0,Dealer_Hedging,1000
2024-11-20,2031,78640,Foreign_Investor,267000
2024-11-20,2031,0,Foreign_Dealer_Self,0
2024-11-20,2031,1000,Investment_Trust,0
2024-11-20,2031,9000,Dealer_self,2008
2024-11-20,2031,0,Dealer_Hedging,0
2024-11-21,2031,217000,Foreign_Investor,307000
2024-11-21,2031,0,Foreign_Dealer_Self,0
2024-11-21,2031,2000,Investment_Trust,5000
2024-11-21,2031,0,Dealer_self,0
2024-11-21,2031,0,Dealer_Hedging,1000
2024-11-22,2031,186000,Foreign_Investor,139000
2024-11-22,2031,0,Foreign_Dealer_Self,0
2024-11-22,2031,0,Investment_Trust,0
2024-11-22,2031,5000,Dealer_self,0
2024-11-22,2031,0,Dealer_Hedging,0
2024-11-25,2031,173065,Foreign_Investor,144000
2024-11-25,2031,0,Foreign_Dealer_Self,0
2024-11-25,2031,0,Investment_Trust,0
2024-11-25,2031,14000,Dealer_self,3
2024-11-25,2031,1000,Dealer_Hedging,0
2024-11-26,2031,269472,Foreign_Investor,174000
2024-11-26,2031,0,Foreign_Dealer_Self,0
2024-11-26,2031,0,Investment_Trust,0
2024-11-26,2031,0,Dealer_self,2000
2024-11-26,2031,0,Dealer_Hedging,1000
2024-11-27,2031,55039,Foreign_Investor,465000
2024-11-27,2031,0,Foreign_Dealer_Self,0
2024-11-27,2031,1000,Investment_Trust,0
2024-11-27,2031,250,Dealer_self,110
2024-11-27,2031,0,Dealer_Hedging,2012
2024-11-28,2031,218008,Foreign_Investor,173000
2024-11-28,2031,0,Foreign_Dealer_Self,0
2024-11-28,2031,1000,Investment_Trust,0
2024-11-28,2031,1000,Dealer_self,1149
2024-11-28,2031,2000,Dealer_Hedging,6019
2024-11-29,2031,178487,Foreign_Investor,99000
2024-11-29,2031,0,Foreign_Dealer_Self,0
2024-11-29,2031,1000,Investment_Trust,1000
2024-11-29,2031,4000,Dealer_self,7232
2024-11-29,2031,3000,Dealer_Hedging,4000
2024-12-02,2031,77558,Foreign_Investor,161000
2024-12-02,2031,0,Foreign_Dealer_Self,0
2024-12-02,2031,0,Investment_Trust,0
2024-12-02,2031,0,Dealer_self,59
2024-12-02,2031,1000,Dealer_Hedging,0
2024-12-03,2031,126308,Foreign_Investor,155001
2024-12-03,2031,0,Foreign_Dealer_Self,0
2024-12-03,2031,0,Investment_Trust,0
2024-12-03,2031,3000,Dealer_self,482
2024-12-03,2031,0,Dealer_Hedging,13
2024-12-04,2031,95890,Foreign_Investor,115001
2024-12-04,2031,0,Foreign_Dealer_Self,0
2024-12-04,2031,0,Investment_Trust,0
2024-12-04,2031,2000,Dealer_self,1225
2024-12-04,2031,0,Dealer_Hedging,0
2024-12-05,2031,65629,Foreign_Investor,270001
2024-12-05,2031,0,Foreign_Dealer_Self,0
2024-12-05,2031,0,Investment_Trust,0
2024-12-05,2031,0,Dealer_self,839
2024-12-05,2031,0,Dealer_Hedging,1000
2024-12-06,2031,212757,Foreign_Investor,113000
2024-12-06,2031,0,Foreign_Dealer_Self,0
2024-12-06,2031,0,Investment_Trust,5000
2024-12-06,2031,0,Dealer_self,98
2024-12-06,2031,4000,Dealer_Hedging,161
2024-12-09,2031,169643,Foreign_Investor,180844
2024-12-09,2031,0,Foreign_Dealer_Self,0
2024-12-09,2031,0,Investment_Trust,0
2024-12-09,2031,1000,Dealer_self,698
2024-12-09,2031,0,Dealer_Hedging,853
2024-12-10,2031,121842,Foreign_Investor,102000
2024-12-10,2031,0,Foreign_Dealer_Self,0
2024-12-10,2031,0,Investment_Trust,0
2024-12-10,2031,0,Dealer_self,1000
2024-12-10,2031,0,Dealer_Hedging,5178
2024-12-11,2031,44597,Foreign_Investor,1080000
2024-12-11,2031,0,Foreign_Dealer_Self,0
2024-12-11,2031,0,Investment_Trust,0
2024-12-11,2031,14000,Dealer_self,17892
2024-12-11,2031,5000,Dealer_Hedging,8474
2024-12-12,2031,116866,Foreign_Investor,155644
2024-12-12,2031,0,Foreign_Dealer_Self,0
2024-12-12,2031,0,Investment_Trust,41000
2024-12-12,2031,10000,Dealer_self,9625
2024-12-12,2031,2000,Dealer_Hedging,1000
2024-12-13,2031,295210,Foreign_Investor,499000
2024-12-13,2031,0,Foreign_Dealer_Self,0
2024-12-13,2031,0,Investment_Trust,0
2024-12-13,2031,7000,Dealer_self,13720
2024-12-13,2031,0,Dealer_Hedging,3000
2024-12-16,2031,304212,Foreign_Investor,231000
2024-12-16,2031,0,Foreign_Dealer_Self,0
2024-12-16,2031,0,Investment_Trust,0
2024-12-16,2031,7000,Dealer_self,4395
2024-12-16,2031,0,Dealer_Hedging,2000
2024-12-17,2031,181772,Foreign_Investor,128000
2024-12-17,2031,0,Foreign_Dealer_Self,0
2024-12-17,2031,0,Investment_Trust,0
2024-12-17,2031,2000,Dealer_self,2000
2024-12-17,2031,1000,Dealer_Hedging,1193
2024-12-18,2031,367000,Foreign_Investor,416000
2024-12-18,2031,0,Foreign_Dealer_Self,0
2024-12-18,2031,0,Investment_Trust,12000
2024-12-18,2031,0,Dealer_self,6000
2024-12-18,2031,0,Dealer_Hedging,770
2024-12-19,2031,282330,Foreign_Investor,357001
2024-12-19,2031,0,Foreign_Dealer_Self,0
2024-12-19,2031,0,Investment_Trust,0
2024-12-19,2031,4000,Dealer_self,6182
2024-12-19,2031,1,Dealer_Hedging,1000
2024-12-20,2031,126755,Foreign_Investor,352398
2024-12-20,2031,0,Foreign_Dealer_Self,0
2024-12-20,2031,0,Investment_Trust,0
2024-12-20,2031,5000,Dealer_self,33091
2024-12-20,2031,0,Dealer_Hedging,3001
2024-12-23,2031,192075,Foreign_Investor,131000
2024-12-23,2031,0,Foreign_Dealer_Self,0
2024-12-23,2031,0,Investment_Trust,0
2024-12-23,2031,60000,Dealer_self,2586
2024-12-23,2031,1000,Dealer_Hedging,0
2024-12-24,2031,145000,Foreign_Investor,135000
2024-12-24,2031,0,Foreign_Dealer_Self,0
2024-12-24,2031,0,Investment_Trust,0
2024-12-24,2031,2000,Dealer_self,646
2024-12-24,2031,1000,Dealer_Hedging,0
2024-12-25,2031,105637,Foreign_Investor,59000
2024-12-25,2031,0,Foreign_Dealer_Self,0
2024-12-25,2031,0,Investment_Trust,0
2024-12-25,2031,9000,Dealer_self,0
2024-12-25,2031,1000,Dealer_Hedging,0
2024-12-26,2031,130000,Foreign_Investor,250000
2024-12-26,2031,0,Foreign_Dealer_Self,0
2024-12-26,2031,0,Investment_Trust,0
2024-12-26,2031,110000,Dealer_self,143
2024-12-26,2031,0,Dealer_Hedging,309
2024-12-27,2031,63863,Foreign_Investor,239216
2024-12-27,2031,0,Foreign_Dealer_Self,0
2024-12-27,2031,0,Investment_Trust,0
2024-12-27,2031,105000,Dealer_self,0
2024-12-27,2031,0,Dealer_Hedging,1401
2024-12-30,2031,186910,Foreign_Investor,145000
2024-12-30,2031,0,Foreign_Dealer_Self,0
2024-12-30,2031,0,Investment_Trust,7000
2024-12-30,2031,1000,Dealer_self,21831
2024-12-30,2031,192,Dealer_Hedging,539
2024-12-31,2031,59568,Foreign_Investor,239000
2024-12-31,2031,0,Foreign_Dealer_Self,0
2024-12-31,2031,0,Investment_Trust,0
2024-12-31,2031,4000,Dealer_self,3868
2024-12-31,2031,0,Dealer_Hedging,3377
2025-01-02,2031,170081,Foreign_Investor,128000
2025-01-02,2031,0,Foreign_Dealer_Self,0
2025-01-02,2031,0,Investment_Trust,0
2025-01-02,2031,0,Dealer_self,21052
2025-01-02,2031,0,Dealer_Hedging,1239
2025-01-03,2031,57828,Foreign_Investor,432000
2025-01-03,2031,0,Foreign_Dealer_Self,0
2025-01-03,2031,0,Investment_Trust,0
2025-01-03,2031,1000,Dealer_self,1367
2025-01-03,2031,0,Dealer_Hedging,4146
2025-01-06,2031,280202,Foreign_Investor,158000
2025-01-06,2031,0,Foreign_Dealer_Self,0
2025-01-06,2031,0,Investment_Trust,0
2025-01-06,2031,2000,Dealer_self,2513
2025-01-06,2031,1000,Dealer_Hedging,313
2025-01-07,2031,52000,Foreign_Investor,156000
2025-01-07,2031,0,Foreign_Dealer_Self,0
2025-01-07,2031,0,Investment_Trust,0
2025-01-07,2031,0,Dealer_self,322
2025-01-07,2031,0,Dealer_Hedging,10821
2025-01-08,2031,117947,Foreign_Investor,144000
2025-01-08,2031,0,Foreign_Dealer_Self,0
2025-01-08,2031,0,Investment_Trust,2000
2025-01-08,2031,1000,Dealer_self,981
2025-01-08,2031,0,Dealer_Hedging,0
2025-01-09,2031,67000,Foreign_Investor,257000
2025-01-09,2031,0,Foreign_Dealer_Self,0
2025-01-09,2031,0,Investment_Trust,0
2025-01-09,2031,3000,Dealer_self,7892
2025-01-09,2031,1000,Dealer_Hedging,2000
2025-01-10,2031,375903,Foreign_Investor,190000
2025-01-10,2031,0,Foreign_Dealer_Self,0
2025-01-10,2031,0,Investment_Trust,1000
2025-01-10,2031,10000,Dealer_self,3718
2025-01-10,2031,1000,Dealer_Hedging,0
2025-01-13,2031,177000,Foreign_Investor,256108
2025-01-13,2031,0,Foreign_Dealer_Self,0
2025-01-13,2031,0,Investment_Trust,0
2025-01-13,2031,5000,Dealer_self,11783
2025-01-13,2031,0,Dealer_Hedging,2000
2025-01-14,2031,363012,Foreign_Investor,132000
2025-01-14,2031,0,Foreign_Dealer_Self,0
2025-01-14,2031,0,Investment_Trust,0
2025-01-14,2031,0,Dealer_self,17004
2025-01-14,2031,2036,Dealer_Hedging,1000
2025-01-15,2031,386001,Foreign_Investor,507421
2025-01-15,2031,0,Foreign_Dealer_Self,0
2025-01-15,2031,0,Investment_Trust,0
2025-01-15,2031,0,Dealer_self,1000
2025-01-15,2031,8000,Dealer_Hedging,0
2025-01-16,2031,302884,Foreign_Investor,325000
2025-01-16,2031,0,Foreign_Dealer_Self,0
2025-01-16,2031,0,Investment_Trust,141000
2025-01-16,2031,16000,Dealer_self,4000
2025-01-16,2031,1000,Dealer_Hedging,1000
2025-01-17,2031,716985,Foreign_Investor,80000
2025-01-17,2031,0,Foreign_Dealer_Self,0
2025-01-17,2031,0,Investment_Trust,328000
2025-01-17,2031,0,Dealer_self,0
2025-01-17,2031,30359,Dealer_Hedging,36
2025-01-20,2031,229013,Foreign_Investor,162000
2025-01-20,2031,0,Foreign_Dealer_Self,0
2025-01-20,2031,0,Investment_Trust,20000
2025-01-20,2031,0,Dealer_self,5000
2025-01-20,2031,2000,Dealer_Hedging,30000
2025-01-21,2031,285180,Foreign_Investor,249000
2025-01-21,2031,0,Foreign_Dealer_Self,0
2025-01-21,2031,0,Investment_Trust,0
2025-01-21,2031,2000,Dealer_self,0
2025-01-21,2031,1000,Dealer_Hedging,0
2025-01-22,2031,411442,Foreign_Investor,196001
2025-01-22,2031,0,Foreign_Dealer_Self,0
2025-01-22,2031,0,Investment_Trust,0
2025-01-22,2031,35000,Dealer_self,1000
2025-01-22,2031,0,Dealer_Hedging,0
2025-02-03,2031,400019,Foreign_Investor,451067
2025-02-03,2031,0,Foreign_Dealer_Self,0
2025-02-03,2031,0,Investment_Trust,0
2025-02-03,2031,3000,Dealer_self,29746
2025-02-03,2031,11250,Dealer_Hedging,0
2025-02-04,2031,107163,Foreign_Investor,423000
2025-02-04,2031,0,Foreign_Dealer_Self,0
2025-02-04,2031,0,Investment_Trust,0
2025-02-04,2031,4000,Dealer_self,8226
2025-02-04,2031,0,Dealer_Hedging,10000
2025-02-05,2031,155609,Foreign_Investor,269000
2025-02-05,2031,0,Foreign_Dealer_Self,0
2025-02-05,2031,0,Investment_Trust,0
2025-02-05,2031,1000,Dealer_self,764
2025-02-05,2031,0,Dealer_Hedging,2000
2025-02-06,2031,170868,Foreign_Investor,151000
2025-02-06,2031,0,Foreign_Dealer_Self,0
2025-02-06,2031,0,Investment_Trust,0
2025-02-06,2031,8000,Dealer_self,70
2025-02-06,2031,0,Dealer_Hedging,5000
2025-02-07,2031,23741,Foreign_Investor,564755
2025-02-07,2031,0,Foreign_Dealer_Self,0
2025-02-07,2031,0,Investment_Trust,0
2025-02-07,2031,4000,Dealer_self,4799
2025-02-07,2031,0,Dealer_Hedging,1000
2025-02-10,2031,1159000,Foreign_Investor,1465102
2025-02-10,2031,0,Foreign_Dealer_Self,0
2025-02-10,2031,50000,Investment_Trust,0
2025-02-10,2031,2962,Dealer_self,12066
2025-02-10,2031,68000,Dealer_Hedging,0
2025-02-11,2031,526948,Foreign_Investor,845000
2025-02-11,2031,0,Foreign_Dealer_Self,0
2025-02-11,2031,0,Investment_Trust,100000
2025-02-11,2031,2000,Dealer_self,8131
2025-02-11,2031,3000,Dealer_Hedging,7000
2025-02-12,2031,132580,Foreign_Investor,493755
2025-02-12,2031,0,Foreign_Dealer_Self,0
2025-02-12,2031,0,Investment_Trust,0
2025-02-12,2031,0,Dealer_self,5397
2025-02-12,2031,0,Dealer_Hedging,20000
2025-02-13,2031,1754000,Foreign_Investor,900000
2025-02-13,2031,0,Foreign_Dealer_Self,0
2025-02-13,2031,145000,Investment_Trust,0
2025-02-13,2031,47767,Dealer_self,3966
2025-02-13,2031,19000,Dealer_Hedging,1000
2025-02-14,2031,3503000,Foreign_Investor,2596000
2025-02-14,2031,0,Foreign_Dealer_Self,0
2025-02-14,2031,293000,Investment_Trust,0
2025-02-14,2031,30889,Dealer_self,7021
2025-02-14,2031,239000,Dealer_Hedging,18000
2025-02-17,2031,625603,Foreign_Investor,999000
2025-02-17,2031,0,Foreign_Dealer_Self,0
2025-02-17,2031,0,Investment_Trust,0
2025-02-17,2031,3000,Dealer_self,35001
2025-02-17,2031,125000,Dealer_Hedging,169000
2025-02-18,2031,75000,Foreign_Investor,650000
2025-02-18,2031,0,Foreign_Dealer_Self,0
2025-02-18,2031,0,Investment_Trust,0
2025-02-18,2031,0,Dealer_self,2486
2025-02-18,2031,44000,Dealer_Hedging,140000
2025-02-19,2031,145000,Foreign_Investor,607000
2025-02-19,2031,0,Foreign_Dealer_Self,0
2025-02-19,2031,0,Investment_Trust,0
2025-02-19,2031,4000,Dealer_self,41154
2025-02-19,2031,0,Dealer_Hedging,51000
2025-02-20,2031,386000,Foreign_Investor,1008000
2025-02-20,2031,0,Foreign_Dealer_Self,0
2025-02-20,2031,35000,Investment_Trust,0
2025-02-20,2031,45000,Dealer_self,2209
2025-02-20,2031,13000,Dealer_Hedging,2000
2025-02-21,2031,156195,Foreign_Investor,282000
2025-02-21,2031,0,Foreign_Dealer_Self,0
2025-02-21,2031,0,Investment_Trust,0
2025-02-21,2031,1000,Dealer_self,1215
2025-02-21,2031,0,Dealer_Hedging,16000
2025-02-24,2031,540381,Foreign_Investor,143000
2025-02-24,2031,0,Foreign_Dealer_Self,0
2025-02-24,2031,0,Investment_Trust,0
2025-02-24,2031,1000,Dealer_self,321
2025-02-24,2031,44000,Dealer_Hedging,0
2025-02-25,2031,868048,Foreign_Investor,836000
2025-02-25,2031,0,Foreign_Dealer_Self,0
2025-02-25,2031,445000,Investment_Trust,0
2025-02-25,2031,9000,Dealer_self,7000
2025-02-25,2031,88000,Dealer_Hedging,86000
2025-02-26,2031,346786,Foreign_Investor,683000
2025-02-26,2031,0,Foreign_Dealer_Self,0
2025-02-26,2031,355000,Investment_Trust,0
2025-02-26,2031,5000,Dealer_self,3001
2025-02-26,2031,9000,Dealer_Hedging,55000
2025-02-27,2031,757495,Foreign_Investor,600000
2025-02-27,2031,0,Foreign_Dealer_Self,0
2025-02-27,2031,220400,Investment_Trust,0
2025-02-27,2031,23000,Dealer_self,12000
2025-02-27,2031,7000,Dealer_Hedging,21000
2025-03-03,2031,415000,Foreign_Investor,509415
2025-03-03,2031,0,Foreign_Dealer_Self,0
2025-03-03,2031,0,Investment_Trust,0
2025-03-03,2031,3000,Dealer_self,0
2025-03-03,2031,37000,Dealer_Hedging,12000
2025-03-04,2031,504000,Foreign_Investor,329000
2025-03-04,2031,0,Foreign_Dealer_Self,0
2025-03-04,2031,50000,Investment_Trust,0
2025-03-04,2031,3000,Dealer_self,9000
2025-03-04,2031,26000,Dealer_Hedging,36000
2025-03-05,2031,558000,Foreign_Investor,320000
2025-03-05,2031,0,Foreign_Dealer_Self,0
2025-03-05,2031,0,Investment_Trust,0
2025-03-05,2031,3000,Dealer_self,5000
2025-03-05,2031,33000,Dealer_Hedging,31000
2025-03-06,2031,351052,Foreign_Investor,327000
2025-03-06,2031,0,Foreign_Dealer_Self,0
2025-03-06,2031,0,Investment_Trust,0
2025-03-06,2031,3000,Dealer_self,0
2025-03-06,2031,5000,Dealer_Hedging,29000
2025-03-07,2031,415001,Foreign_Investor,145000
2025-03-07,2031,0,Foreign_Dealer_Self,0
2025-03-07,2031,0,Investment_Trust,0
2025-03-07,2031,15000,Dealer_self,2000
2025-03-07,2031,7000,Dealer_Hedging,9000
2025-03-10,2031,1021000,Foreign_Investor,809000
2025-03-10,2031,0,Foreign_Dealer_Self,0
2025-03-10,2031,40000,Investment_Trust,0
2025-03-10,2031,53000,Dealer_self,7000
2025-03-10,2031,96506,Dealer_Hedging,23000
2025-03-11,2031,529480,Foreign_Investor,867000
2025-03-11,2031,0,Foreign_Dealer_Self,0
2025-03-11,2031,69000,Investment_Trust,0
2025-03-11,2031,82000,Dealer_self,14000
2025-03-11,2031,78094,Dealer_Hedging,9000
2025-03-12,2031,581069,Foreign_Investor,787558
2025-03-12,2031,0,Foreign_Dealer_Self,0
2025-03-12,2031,0,Investment_Trust,0
2025-03-12,2031,51000,Dealer_self,15513
2025-03-12,2031,30000,Dealer_Hedging,60439
2025-03-13,2031,416049,Foreign_Investor,244000
2025-03-13,2031,0,Foreign_Dealer_Self,0
2025-03-13,2031,0,Investment_Trust,0
2025-03-13,2031,40000,Dealer_self,10428
2025-03-13,2031,14000,Dealer_Hedging,36877
2025-03-14,2031,639021,Foreign_Investor,407174
2025-03-14,2031,0,Foreign_Dealer_Self,0
2025-03-14,2031,0,Investment_Trust,0
2025-03-14,2031,62000,Dealer_self,9324
2025-03-14,2031,0,Dealer_Hedging,15000
2025-03-17,2031,274445,Foreign_Investor,256000
2025-03-17,2031,0,Foreign_Dealer_Self,0
2025-03-17,2031,0,Investment_Trust,0
2025-03-17,2031,69000,Dealer_self,1
2025-03-17,2031,11398,Dealer_Hedging,0
2025-03-18,2031,255001,Foreign_Investor,321525
2025-03-18,2031,0,Foreign_Dealer_Self,0
2025-03-18,2031,0,Investment_Trust,0
2025-03-18,2031,46000,Dealer_self,2122
2025-03-18,2031,11000,Dealer_Hedging,56922
2025-03-19,2031,652126,Foreign_Investor,317395
2025-03-19,2031,0,Foreign_Dealer_Self,0
2025-03-19,2031,0,Investment_Trust,0
2025-03-19,2031,50000,Dealer_self,13000
2025-03-19,2031,43572,Dealer_Hedging,8414
2025-03-20,2031,263129,Foreign_Investor,212000
2025-03-20,2031,0,Foreign_Dealer_Self,0
2025-03-20,2031,0,Investment_Trust,0
2025-03-20,2031,42000,Dealer_self,0
2025-03-20,2031,18265,Dealer_Hedging,12085
2025-03-21,2031,104074,Foreign_Investor,282221
2025-03-21,2031,0,Foreign_Dealer_Self,0
2025-03-21,2031,0,Investment_Trust,0
2025-03-21,2031,38000,Dealer_self,3014
2025-03-21,2031,6000,Dealer_Hedging,37406
2025-03-24,2031,125001,Foreign_Investor,110000
2025-03-24,2031,0,Foreign_Dealer_Self,0
2025-03-24,2031,0,Investment_Trust,0
2025-03-24,2031,45000,Dealer_self,48390
2025-03-24,2031,0,Dealer_Hedging,1000
2025-03-25,2031,157000,Foreign_Investor,351000
2025-03-25,2031,0,Foreign_Dealer_Self,0
2025-03-25,2031,0,Investment_Trust,145000
2025-03-25,2031,3000,Dealer_self,3922
2025-03-25,2031,0,Dealer_Hedging,21516
2025-03-26,2031,115001,Foreign_Investor,57224
2025-03-26,2031,0,Foreign_Dealer_Self,0
2025-03-26,2031,0,Investment_Trust,0
2025-03-26,2031,6000,Dealer_self,1171
2025-03-26,2031,0,Dealer_Hedging,0
2025-03-27,2031,96000,Foreign_Investor,98003
2025-03-27,2031,0,Foreign_Dealer_Self,0
2025-03-27,2031,0,Investment_Trust,0
2025-03-27,2031,0,Dealer_self,3056
2025-03-27,2031,0,Dealer_Hedging,2000
2025-03-28,2031,249000,Foreign_Investor,221153
2025-03-28,2031,0,Foreign_Dealer_Self,0
2025-03-28,2031,0,Investment_Trust,83000
2025-03-28,2031,4000,Dealer_self,9888
2025-03-28,2031,0,Dealer_Hedging,5858
2025-03-31,2031,491000,Foreign_Investor,422000
2025-03-31,2031,0,Foreign_Dealer_Self,0
2025-03-31,2031,0,Investment_Trust,60000
2025-03-31,2031,16000,Dealer_self,41859
2025-03-31,2031,0,Dealer_Hedging,15102
2025-04-01,2031,541000,Foreign_Investor,410000
2025-04-01,2031,0,Foreign_Dealer_Self,0
2025-04-01,2031,0,Investment_Trust,0
2025-04-01,2031,3000,Dealer_self,113559
2025-04-01,2031,0,Dealer_Hedging,10000
2025-04-02,2031,273000,Foreign_Investor,296400
2025-04-02,2031,0,Foreign_Dealer_Self,0
2025-04-02,2031,0,Investment_Trust,0
2025-04-02,2031,0,Dealer_self,2000
2025-04-02,2031,0,Dealer_Hedging,0
2025-04-07,2031,43000,Foreign_Investor,34000
2025-04-07,2031,0,Foreign_Dealer_Self,0
2025-04-07,2031,0,Investment_Trust,0
2025-04-07,2031,0,Dealer_self,0
2025-04-07,2031,0,Dealer_Hedging,3
2025-04-08,2031,867000,Foreign_Investor,485850
2025-04-08,2031,0,Foreign_Dealer_Self,0
2025-04-08,2031,0,Investment_Trust,195000
2025-04-08,2031,49000,Dealer_self,37305
2025-04-08,2031,0,Dealer_Hedging,38000
2025-04-09,2031,902000,Foreign_Investor,1100001
2025-04-09,2031,0,Foreign_Dealer_Self,0
2025-04-09,2031,0,Investment_Trust,0
2025-04-09,2031,19000,Dealer_self,30133
2025-04-09,2031,0,Dealer_Hedging,1000
2025-04-10,2031,423000,Foreign_Investor,565498
2025-04-10,2031,0,Foreign_Dealer_Self,0
2025-04-10,2031,0,Investment_Trust,0
2025-04-10,2031,0,Dealer_self,0
2025-04-10,2031,0,Dealer_Hedging,0
2025-04-11,2031,535238,Foreign_Investor,465000
2025-04-11,2031,0,Foreign_Dealer_Self,0
2025-04-11,2031,0,Investment_Trust,0
2025-04-11,2031,0,Dealer_self,1005
2025-04-11,2031,204,Dealer_Hedging,0
2025-04-14,2031,607348,Foreign_Investor,587088
2025-04-14,2031,0,Foreign_Dealer_Self,0
2025-04-14,2031,0,Investment_Trust,0
2025-04-14,2031,1000,Dealer_self,13001
2025-04-14,2031,1376,Dealer_Hedging,0
2025-04-15,2031,357002,Foreign_Investor,341348
2025-04-15,2031,0,Foreign_Dealer_Self,0
2025-04-15,2031,0,Investment_Trust,0
2025-04-15,2031,0,Dealer_self,3000
2025-04-15,2031,96,Dealer_Hedging,0
2025-04-16,2031,213083,Foreign_Investor,212002
2025-04-16,2031,0,Foreign_Dealer_Self,0
2025-04-16,2031,0,Investment_Trust,0
2025-04-16,2031,0,Dealer_self,6000
2025-04-16,2031,0,Dealer_Hedging,10000
2025-04-17,2031,175201,Foreign_Investor,192000
2025-04-17,2031,0,Foreign_Dealer_Self,0
2025-04-17,2031,0,Investment_Trust,0
2025-04-17,2031,0,Dealer_self,1000
2025-04-17,2031,0,Dealer_Hedging,34
2025-04-18,2031,66000,Foreign_Investor,105201
2025-04-18,2031,0,Foreign_Dealer_Self,0
2025-04-18,2031,0,Investment_Trust,0
2025-04-18,2031,0,Dealer_self,2000
2025-04-18,2031,0,Dealer_Hedging,0
2025-04-21,2031,225001,Foreign_Investor,180000
2025-04-21,2031,0,Foreign_Dealer_Self,0
2025-04-21,2031,0,Investment_Trust,0
2025-04-21,2031,1000,Dealer_self,3087
2025-04-21,2031,0,Dealer_Hedging,2
2025-04-22,2031,316089,Foreign_Investor,114001
2025-04-22,2031,0,Foreign_Dealer_Self,0
2025-04-22,2031,0,Investment_Trust,0
2025-04-22,2031,6000,Dealer_self,0
2025-04-22,2031,0,Dealer_Hedging,101
2025-04-23,2031,285000,Foreign_Investor,171089
2025-04-23,2031,0,Foreign_Dealer_Self,0
2025-04-23,2031,0,Investment_Trust,0
2025-04-23,2031,21000,Dealer_self,6000
2025-04-23,2031,0,Dealer_Hedging,0
2025-04-24,2031,129002,Foreign_Investor,92000
2025-04-24,2031,0,Foreign_Dealer_Self,0
2025-04-24,2031,0,Investment_Trust,0
2025-04-24,2031,0,Dealer_self,5565
2025-04-24,2031,0,Dealer_Hedging,1
2025-04-25,2031,76000,Foreign_Investor,128002
2025-04-25,2031,0,Foreign_Dealer_Self,0
2025-04-25,2031,0,Investment_Trust,0
2025-04-25,2031,3000,Dealer_self,0
2025-04-25,2031,0,Dealer_Hedging,38
2025-04-28,2031,150464,Foreign_Investor,168000
2025-04-28,2031,0,Foreign_Dealer_Self,0
2025-04-28,2031,0,Investment_Trust,0
2025-04-28,2031,0,Dealer_self,0
2025-04-28,2031,687,Dealer_Hedging,0
2025-04-29,2031,146029,Foreign_Investor,111464
2025-04-29,2031,0,Foreign_Dealer_Self,0
2025-04-29,2031,0,Investment_Trust,0
2025-04-29,2031,0,Dealer_self,0
2025-04-29,2031,2000,Dealer_Hedging,0
2025-04-30,2031,215000,Foreign_Investor,365029
2025-04-30,2031,0,Foreign_Dealer_Self,0
2025-04-30,2031,0,Investment_Trust,40000
2025-04-30,2031,2000,Dealer_self,9670
2025-04-30,2031,0,Dealer_Hedging,3187
2025-05-02,2031,333301,Foreign_Investor,27000
2025-05-02,2031,0,Foreign_Dealer_Self,0
2025-05-02,2031,0,Investment_Trust,0
2025-05-02,2031,3000,Dealer_self,0
2025-05-02,2031,0,Dealer_Hedging,0
2025-05-05,2031,131202,Foreign_Investor,173301
2025-05-05,2031,0,Foreign_Dealer_Self,0
2025-05-05,2031,0,Investment_Trust,0
2025-05-05,2031,13000,Dealer_self,1574
2025-05-05,2031,0,Dealer_Hedging,0
2025-05-06,2031,163393,Foreign_Investor,164202
2025-05-06,2031,0,Foreign_Dealer_Self,0
2025-05-06,2031,0,Investment_Trust,0
2025-05-06,2031,4000,Dealer_self,11000
2025-05-06,2031,0,Dealer_Hedging,0
2025-05-07,2031,153000,Foreign_Investor,1564393
2025-05-07,2031,0,Foreign_Dealer_Self,0
2025-05-07,2031,0,Investment_Trust,70000
2025-05-07,2031,10000,Dealer_self,27099
2025-05-07,2031,0,Dealer_Hedging,942
2025-05-08,2031,228010,Foreign_Investor,181000
2025-05-08,2031,0,Foreign_Dealer_Self,0
2025-05-08,2031,0,Investment_Trust,0
2025-05-08,2031,4000,Dealer_self,12035
2025-05-08,2031,0,Dealer_Hedging,0
2025-05-09,2031,192024,Foreign_Investor,265000
2025-05-09,2031,0,Foreign_Dealer_Self,0
2025-05-09,2031,0,Investment_Trust,0
2025-05-09,2031,2000,Dealer_self,8667
2025-05-09,2031,0,Dealer_Hedging,0
2025-05-12,2031,500196,Foreign_Investor,63150
2025-05-12,2031,0,Foreign_Dealer_Self,0
2025-05-12,2031,0,Investment_Trust,0
2025-05-12,2031,3000,Dealer_self,12049
2025-05-12,2031,42,Dealer_Hedging,28000
2025-05-13,2031,163068,Foreign_Investor,154196
2025-05-13,2031,0,Foreign_Dealer_Self,0
2025-05-13,2031,0,Investment_Trust,0
2025-05-13,2031,3000,Dealer_self,13839
2025-05-13,2031,3,Dealer_Hedging,0
2025-05-14,2031,257723,Foreign_Investor,118058
2025-05-14,2031,0,Foreign_Dealer_Self,0
2025-05-14,2031,0,Investment_Trust,0
2025-05-14,2031,24000,Dealer_self,0
2025-05-14,2031,0,Dealer_Hedging,0
2025-05-15,2031,171000,Foreign_Investor,165023
2025-05-15,2031,0,Foreign_Dealer_Self,0
2025-05-15,2031,0,Investment_Trust,0
2025-05-15,2031,0,Dealer_self,1304
2025-05-15,2031,0,Dealer_Hedging,45
2025-05-16,2031,86441,Foreign_Investor,73000
2025-05-16,2031,0,Foreign_Dealer_Self,0
2025-05-16,2031,0,Investment_Trust,14000
2025-05-16,2031,0,Dealer_self,0
2025-05-16,2031,338,Dealer_Hedging,0
2025-05-19,2031,340720,Foreign_Investor,125041
2025-05-19,2031,0,Foreign_Dealer_Self,0
2025-05-19,2031,0,Investment_Trust,0
2025-05-19,2031,1000,Dealer_self,214
2025-05-19,2031,0,Dealer_Hedging,338
2025-05-20,2031,143005,Foreign_Investor,40255
2025-05-20,2031,0,Foreign_Dealer_Self,0
2025-05-20,2031,0,Investment_Trust,0
2025-05-20,2031,4000,Dealer_self,0
2025-05-20,2031,0,Dealer_Hedging,0
2025-05-21,2031,33800,Foreign_Investor,49470
2025-05-21,2031,0,Foreign_Dealer_Self,0
2025-05-21,2031,0,Investment_Trust,0
2025-05-21,2031,3000,Dealer_self,0
2025-05-21,2031,0,Dealer_Hedging,0
2025-05-22,2031,42000,Foreign_Investor,63000
2025-05-22,2031,0,Foreign_Dealer_Self,0
2025-05-22,2031,0,Investment_Trust,0
2025-05-22,2031,1000,Dealer_self,5351
2025-05-22,2031,0,Dealer_Hedging,0
2025-05-23,2031,40000,Foreign_Investor,20000
2025-05-23,2031,0,Foreign_Dealer_Self,0
2025-05-23,2031,0,Investment_Trust,0
2025-05-23,2031,0,Dealer_self,5000
2025-05-23,2031,0,Dealer_Hedging,0
2025-05-26,2031,108000,Foreign_Investor,73000
2025-05-26,2031,0,Foreign_Dealer_Self,0
2025-05-26,2031,0,Investment_Trust,0
2025-05-26,2031,2000,Dealer_self,8921
2025-05-26,2031,0,Dealer_Hedging,0
2025-05-27,2031,150024,Foreign_Investor,120000
2025-05-27,2031,0,Foreign_Dealer_Self,0
2025-05-27,2031,0,Investment_Trust,0
2025-05-27,2031,1000,Dealer_self,33595
2025-05-27,2031,0,Dealer_Hedging,0
2025-05-28,2031,94482,Foreign_Investor,59001
2025-05-28,2031,0,Foreign_Dealer_Self,0
2025-05-28,2031,0,Investment_Trust,0
2025-05-28,2031,1000,Dealer_self,5286
2025-05-28,2031,0,Dealer_Hedging,0
2025-05-29,2031,299000,Foreign_Investor,388099
2025-05-29,2031,0,Foreign_Dealer_Self,0
2025-05-29,2031,0,Investment_Trust,0
2025-05-29,2031,10000,Dealer_self,2022
2025-05-29,2031,0,Dealer_Hedging,0
2025-06-02,2031,179000,Foreign_Investor,122000
2025-06-02,2031,0,Foreign_Dealer_Self,0
2025-06-02,2031,0,Investment_Trust,0
2025-06-02,2031,3000,Dealer_self,15345
2025-06-02,2031,0,Dealer_Hedging,0
2025-06-03,2031,70000,Foreign_Investor,127000
2025-06-03,2031,0,Foreign_Dealer_Self,0
2025-06-03,2031,0,Investment_Trust,0
2025-06-03,2031,2000,Dealer_self,5402
2025-06-03,2031,0,Dealer_Hedging,0
2025-06-04,2031,174018,Foreign_Investor,82853
2025-06-04,2031,0,Foreign_Dealer_Self,0
2025-06-04,2031,0,Investment_Trust,69000
2025-06-04,2031,3000,Dealer_self,2039
2025-06-04,2031,189,Dealer_Hedging,0
2025-06-05,2031,194000,Foreign_Investor,124000
2025-06-05,2031,0,Foreign_Dealer_Self,0
2025-06-05,2031,0,Investment_Trust,0
2025-06-05,2031,1000,Dealer_self,3457
2025-06-05,2031,1,Dealer_Hedging,189
2025-06-06,2031,246992,Foreign_Investor,57447
2025-06-06,2031,0,Foreign_Dealer_Self,0
2025-06-06,2031,0,Investment_Trust,25000
2025-06-06,2031,0,Dealer_self,0
2025-06-06,2031,0,Dealer_Hedging,0
2025-06-09,2031,226949,Foreign_Investor,117031
2025-06-09,2031,0,Foreign_Dealer_Self,0
2025-06-09,2031,0,Investment_Trust,40000
2025-06-09,2031,2000,Dealer_self,384
2025-06-09,2031,0,Dealer_Hedging,1
2025-06-10,2031,101714,Foreign_Investor,412949
2025-06-10,2031,0,Foreign_Dealer_Self,0
2025-06-10,2031,0,Investment_Trust,18000
2025-06-10,2031,19000,Dealer_self,7151
2025-06-10,2031,0,Dealer_Hedging,0
2025-06-11,2031,174498,Foreign_Investor,274844
2025-06-11,2031,0,Foreign_Dealer_Self,0
2025-06-11,2031,0,Investment_Trust,17000
2025-06-11,2031,4000,Dealer_self,3481
2025-06-11,2031,0,Dealer_Hedging,0
2025-06-12,2031,162007,Foreign_Investor,331716
2025-06-12,2031,0,Foreign_Dealer_Self,0
2025-06-12,2031,0,Investment_Trust,25000
2025-06-12,2031,22000,Dealer_self,874
2025-06-12,2031,0,Dealer_Hedging,0
2025-06-13,2031,103405,Foreign_Investor,1389015
2025-06-13,2031,0,Foreign_Dealer_Self,0
2025-06-13,2031,0,Investment_Trust,5000
2025-06-13,2031,41000,Dealer_self,19681
2025-06-13,2031,0,Dealer_Hedging,0
2025-06-16,2031,229070,Foreign_Investor,435937
2025-06-16,2031,0,Foreign_Dealer_Self,0
2025-06-16,2031,0,Investment_Trust,25000
2025-06-16,2031,104000,Dealer_self,1221
2025-06-16,2031,0,Dealer_Hedging,0
2025-06-17,2031,415260,Foreign_Investor,358000
2025-06-17,2031,0,Foreign_Dealer_Self,0
2025-06-17,2031,0,Investment_Trust,45000
2025-06-17,2031,45000,Dealer_self,17803
2025-06-17,2031,0,Dealer_Hedging,0
2025-06-18,2031,500000,Foreign_Investor,243000
2025-06-18,2031,0,Foreign_Dealer_Self,0
2025-06-18,2031,0,Investment_Trust,40000
2025-06-18,2031,116000,Dealer_self,18692
2025-06-18,2031,2000,Dealer_Hedging,0
2025-06-19,2031,817070,Foreign_Investor,1332000
2025-06-19,2031,0,Foreign_Dealer_Self,0
2025-06-19,2031,0,Investment_Trust,56000
2025-06-19,2031,7000,Dealer_self,694284
2025-06-19,2031,0,Dealer_Hedging,0
2025-06-20,2031,1460000,Foreign_Investor,1713000
2025-06-20,2031,0,Foreign_Dealer_Self,0
2025-06-20,2031,0,Investment_Trust,50000
2025-06-20,2031,4000,Dealer_self,7771
2025-06-20,2031,0,Dealer_Hedging,0
2025-06-23,2031,689000,Foreign_Investor,894000
2025-06-23,2031,0,Foreign_Dealer_Self,0
2025-06-23,2031,0,Investment_Trust,50000
2025-06-23,2031,0,Dealer_self,83020
2025-06-23,2031,1657,Dealer_Hedging,0
2025-06-24,2031,692108,Foreign_Investor,368000
2025-06-24,2031,0,Foreign_Dealer_Self,0
2025-06-24,2031,0,Investment_Trust,40000
2025-06-24,2031,4000,Dealer_self,83000
2025-06-24,2031,0,Dealer_Hedging,0
2025-06-25,2031,356000,Foreign_Investor,382000
2025-06-25,2031,0,Foreign_Dealer_Self,0
2025-06-25,2031,0,Investment_Trust,40000
2025-06-25,2031,0,Dealer_self,1000
2025-06-25,2031,398,Dealer_Hedging,0
2025-06-26,2031,447067,Foreign_Investor,104003
2025-06-26,2031,0,Foreign_Dealer_Self,0
2025-06-26,2031,0,Investment_Trust,40000
2025-06-26,2031,0,Dealer_self,38000
2025-06-26,2031,0,Dealer_Hedging,0
2025-06-27,2031,715827,Foreign_Investor,173000
2025-06-27,2031,0,Foreign_Dealer_Self,0
2025-06-27,2031,0,Investment_Trust,40000
2025-06-27,2031,0,Dealer_self,87000
2025-06-27,2031,0,Dealer_Hedging,0
2025-06-30,2031,159000,Foreign_Investor,354000
2025-06-30,2031,0,Foreign_Dealer_Self,0
2025-06-30,2031,0,Investment_Trust,0
2025-06-30,2031,3000,Dealer_self,31001
2025-06-30,2031,1,Dealer_Hedging,1379
2025-07-01,2031,144000,Foreign_Investor,149000
2025-07-01,2031,0,Foreign_Dealer_Self,0
2025-07-01,2031,0,Investment_Trust,0
2025-07-01,2031,28000,Dealer_self,0
2025-07-01,2031,0,Dealer_Hedging,0
2025-07-02,2031,158859,Foreign_Investor,112000
2025-07-02,2031,0,Foreign_Dealer_Self,0
2025-07-02,2031,0,Investment_Trust,0
2025-07-02,2031,0,Dealer_self,11896
2025-07-02,2031,10,Dealer_Hedging,90
2025-07-03,2031,721000,Foreign_Investor,229000
2025-07-03,2031,0,Foreign_Dealer_Self,0
2025-07-03,2031,0,Investment_Trust,0
2025-07-03,2031,5000,Dealer_self,103200
2025-07-03,2031,4,Dealer_Hedging,0
2025-07-04,2031,186000,Foreign_Investor,411000
2025-07-04,2031,0,Foreign_Dealer_Self,0
2025-07-04,2031,0,Investment_Trust,0
2025-07-04,2031,0,Dealer_self,67
2025-07-04,2031,0,Dealer_Hedging,3
2025-07-07,2031,227144,Foreign_Investor,455000
2025-07-07,2031,0,Foreign_Dealer_Self,0
2025-07-07,2031,0,Investment_Trust,0
2025-07-07,2031,2000,Dealer_self,35030
2025-07-07,2031,0,Dealer_Hedging,118
2025-07-08,2031,199000,Foreign_Investor,364000
2025-07-08,2031,0,Foreign_Dealer_Self,0
2025-07-08,2031,0,Investment_Trust,0
2025-07-08,2031,8000,Dealer_self,66247
2025-07-08,2031,0,Dealer_Hedging,290
2025-07-09,2031,146000,Foreign_Investor,235000
2025-07-09,2031,0,Foreign_Dealer_Self,0
2025-07-09,2031,0,Investment_Trust,0
2025-07-09,2031,0,Dealer_self,42212
2025-07-09,2031,0,Dealer_Hedging,7
2025-07-10,2031,354868,Foreign_Investor,430000
2025-07-10,2031,0,Foreign_Dealer_Self,0
2025-07-10,2031,0,Investment_Trust,200000
2025-07-10,2031,3000,Dealer_self,8500
2025-07-10,2031,0,Dealer_Hedging,414
2025-07-11,2031,958000,Foreign_Investor,771000
2025-07-11,2031,0,Foreign_Dealer_Self,0
2025-07-11,2031,0,Investment_Trust,250000
2025-07-11,2031,4000,Dealer_self,56021
2025-07-11,2031,0,Dealer_Hedging,1
2025-07-14,2031,650000,Foreign_Investor,143000
2025-07-14,2031,0,Foreign_Dealer_Self,0
2025-07-14,2031,0,Investment_Trust,0
2025-07-14,2031,0,Dealer_self,20000
2025-07-14,2031,0,Dealer_Hedging,0
2025-07-15,2031,119085,Foreign_Investor,126000
2025-07-15,2031,0,Foreign_Dealer_Self,0
2025-07-15,2031,0,Investment_Trust,0
2025-07-15,2031,4000,Dealer_self,3000
2025-07-15,2031,0,Dealer_Hedging,0
2025-07-16,2031,113000,Foreign_Investor,116000
2025-07-16,2031,0,Foreign_Dealer_Self,0
2025-07-16,2031,0,Investment_Trust,0
2025-07-16,2031,6000,Dealer_self,3000
2025-07-16,2031,0,Dealer_Hedging,0
2025-07-17,2031,252061,Foreign_Investor,102000
2025-07-17,2031,0,Foreign_Dealer_Self,0
2025-07-17,2031,0,Investment_Trust,0
2025-07-17,2031,5000,Dealer_self,0
2025-07-17,2031,1,Dealer_Hedging,0
2025-07-18,2031,119000,Foreign_Investor,130000
2025-07-18,2031,0,Foreign_Dealer_Self,0
2025-07-18,2031,0,Investment_Trust,0
2025-07-18,2031,7000,Dealer_self,0
2025-07-18,2031,0,Dealer_Hedging,0
2025-07-21,2031,209000,Foreign_Investor,53000
2025-07-21,2031,0,Foreign_Dealer_Self,0
2025-07-21,2031,0,Investment_Trust,20400
2025-07-21,2031,0,Dealer_self,264
2025-07-21,2031,811,Dealer_Hedging,0
2025-07-22,2031,384000,Foreign_Investor,274000
2025-07-22,2031,0,Foreign_Dealer_Self,0
2025-07-22,2031,0,Investment_Trust,0
2025-07-22,2031,4000,Dealer_self,712
2025-07-22,2031,3,Dealer_Hedging,0
2025-07-23,2031,682064,Foreign_Investor,342000
2025-07-23,2031,0,Foreign_Dealer_Self,0
2025-07-23,2031,0,Investment_Trust,0
2025-07-23,2031,31000,Dealer_self,0
2025-07-23,2031,26768,Dealer_Hedging,0
2025-07-24,2031,274000,Foreign_Investor,433000
2025-07-24,2031,0,Foreign_Dealer_Self,0
2025-07-24,2031,0,Investment_Trust,0
2025-07-24,2031,0,Dealer_self,2000
2025-07-24,2031,191915,Dealer_Hedging,0
2025-07-25,2031,589000,Foreign_Investor,435000
2025-07-25,2031,0,Foreign_Dealer_Self,0
2025-07-25,2031,0,Investment_Trust,0
2025-07-25,2031,0,Dealer_self,5000
2025-07-25,2031,49659,Dealer_Hedging,127000
2025-07-28,2031,331000,Foreign_Investor,318000
2025-07-28,2031,0,Foreign_Dealer_Self,0
2025-07-28,2031,0,Investment_Trust,0
2025-07-28,2031,0,Dealer_self,1
2025-07-28,2031,170435,Dealer_Hedging,19000
2025-07-29,2031,270000,Foreign_Investor,302000
2025-07-29,2031,0,Foreign_Dealer_Self,0
2025-07-29,2031,0,Investment_Trust,0
2025-07-29,2031,3000,Dealer_self,0
2025-07-29,2031,69,Dealer_Hedging,240540
2025-07-30,2031,277000,Foreign_Investor,65000
2025-07-30,2031,0,Foreign_Dealer_Self,0
2025-07-30,2031,0,Investment_Trust,0
2025-07-30,2031,15000,Dealer_self,1000
2025-07-30,2031,13184,Dealer_Hedging,1008
2025-07-31,2031,66000,Foreign_Investor,336000
2025-07-31,2031,0,Foreign_Dealer_Self,0
2025-07-31,2031,0,Investment_Trust,0
2025-07-31,2031,22000,Dealer_self,3878
2025-07-31,2031,0,Dealer_Hedging,1122
2025-08-01,2031,75010,Foreign_Investor,281000
2025-08-01,2031,0,Foreign_Dealer_Self,0
2025-08-01,2031,0,Investment_Trust,0
2025-08-01,2031,15000,Dealer_self,568
2025-08-01,2031,0,Dealer_Hedging,2014
2025-08-04,2031,193058,Foreign_Investor,157000
2025-08-04,2031,0,Foreign_Dealer_Self,0
2025-08-04,2031,0,Investment_Trust,0
2025-08-04,2031,2000,Dealer_self,17342
2025-08-04,2031,0,Dealer_Hedging,20180
2025-08-05,2031,98000,Foreign_Investor,148758
2025-08-05,2031,0,Foreign_Dealer_Self,0
2025-08-05,2031,0,Investment_Trust,0
2025-08-05,2031,0,Dealer_self,3000
2025-08-05,2031,50004,Dealer_Hedging,2122
2025-08-06,2031,1898000,Foreign_Investor,576000
2025-08-06,2031,0,Foreign_Dealer_Self,0
2025-08-06,2031,0,Investment_Trust,0
2025-08-06,2031,30000,Dealer_self,31077
2025-08-06,2031,5818,Dealer_Hedging,49494
2025-08-07,2031,188000,Foreign_Investor,1042000
2025-08-07,2031,0,Foreign_Dealer_Self,0
2025-08-07,2031,0,Investment_Trust,0
2025-08-07,2031,6000,Dealer_self,25000
2025-08-07,2031,1,Dealer_Hedging,1262
2025-08-08,2031,838011,Foreign_Investor,128000
2025-08-08,2031,0,Foreign_Dealer_Self,0
2025-08-08,2031,0,Investment_Trust,0
2025-08-08,2031,0,Dealer_self,89591
2025-08-08,2031,2147,Dealer_Hedging,0
2025-08-11,2031,504000,Foreign_Investor,631000
2025-08-11,2031,0,Foreign_Dealer_Self,0
2025-08-11,2031,0,Investment_Trust,0
2025-08-11,2031,2000,Dealer_self,3179
2025-08-11,2031,54,Dealer_Hedging,4333
2025-08-12,2031,341000,Foreign_Investor,625000
2025-08-12,2031,0,Foreign_Dealer_Self,0
2025-08-12,2031,445000,Investment_Trust,0
2025-08-12,2031,29000,Dealer_self,0
2025-08-12,2031,1107,Dealer_Hedging,7243
2025-08-13,2031,675061,Foreign_Investor,561000
2025-08-13,2031,0,Foreign_Dealer_Self,0
2025-08-13,2031,0,Investment_Trust,0
2025-08-13,2031,4000,Dealer_self,18000
2025-08-13,2031,572,Dealer_Hedging,2531
2025-08-14,2031,467124,Foreign_Investor,245000
2025-08-14,2031,0,Foreign_Dealer_Self,0
2025-08-14,2031,0,Investment_Trust,0
2025-08-14,2031,27000,Dealer_self,10
2025-08-14,2031,1520,Dealer_Hedging,0
2025-08-15,2031,574000,Foreign_Investor,252000
2025-08-15,2031,0,Foreign_Dealer_Self,0
2025-08-15,2031,0,Investment_Trust,0
2025-08-15,2031,18000,Dealer_self,3000
2025-08-15,2031,16629,Dealer_Hedging,0
2025-08-18,2031,313000,Foreign_Investor,518000
2025-08-18,2031,0,Foreign_Dealer_Self,0
2025-08-18,2031,0,Investment_Trust,0
2025-08-18,2031,9000,Dealer_self,2057
2025-08-18,2031,621,Dealer_Hedging,8070
2025-08-19,2031,327000,Foreign_Investor,295000
2025-08-19,2031,0,Foreign_Dealer_Self,0
2025-08-19,2031,0,Investment_Trust,0
2025-08-19,2031,14000,Dealer_self,3000
2025-08-19,2031,17099,Dealer_Hedging,2344
2025-08-20,2031,287000,Foreign_Investor,324000
2025-08-20,2031,0,Foreign_Dealer_Self,0
2025-08-20,2031,0,Investment_Trust,0
2025-08-20,2031,40000,Dealer_self,0
2025-08-20,2031,0,Dealer_Hedging,5
2025-08-21,2031,105023,Foreign_Investor,55000
2025-08-21,2031,0,Foreign_Dealer_Self,0
2025-08-21,2031,0,Investment_Trust,0
2025-08-21,2031,10000,Dealer_self,0
2025-08-21,2031,639,Dealer_Hedging,24026
2025-08-22,2031,78000,Foreign_Investor,124000
2025-08-22,2031,0,Foreign_Dealer_Self,0
2025-08-22,2031,0,Investment_Trust,0
2025-08-22,2031,2000,Dealer_self,2000
2025-08-22,2031,250,Dealer_Hedging,6001
2025-08-25,2031,162000,Foreign_Investor,115367
2025-08-25,2031,0,Foreign_Dealer_Self,0
2025-08-25,2031,0,Investment_Trust,0
2025-08-25,2031,0,Dealer_self,1000
2025-08-25,2031,0,Dealer_Hedging,0
2025-08-26,2031,364867,Foreign_Investor,437000
2025-08-26,2031,0,Foreign_Dealer_Self,0
2025-08-26,2031,0,Investment_Trust,0
2025-08-26,2031,0,Dealer_self,0
2025-08-26,2031,106,Dealer_Hedging,481
2025-08-27,2031,402000,Foreign_Investor,430000
2025-08-27,2031,0,Foreign_Dealer_Self,0
2025-08-27,2031,0,Investment_Trust,0
2025-08-27,2031,1000,Dealer_self,7239
2025-08-27,2031,212,Dealer_Hedging,152
2025-08-28,2031,557000,Foreign_Investor,282000
2025-08-28,2031,0,Foreign_Dealer_Self,0
2025-08-28,2031,0,Investment_Trust,0
2025-08-28,2031,10000,Dealer_self,7000
2025-08-28,2031,1953,Dealer_Hedging,542
2025-08-29,2031,112029,Foreign_Investor,441000
2025-08-29,2031,0,Foreign_Dealer_Self,0
2025-08-29,2031,0,Investment_Trust,0
2025-08-29,2031,2000,Dealer_self,815
2025-08-29,2031,0,Dealer_Hedging,1562
2025-09-01,2031,119000,Foreign_Investor,157000
2025-09-01,2031,0,Foreign_Dealer_Self,0
2025-09-01,2031,0,Investment_Trust,0
2025-09-01,2031,25000,Dealer_self,1002
2025-09-01,2031,44,Dealer_Hedging,191
2025-09-02,2031,325000,Foreign_Investor,226000
2025-09-02,2031,0,Foreign_Dealer_Self,0
2025-09-02,2031,0,Investment_Trust,0
2025-09-02,2031,2000,Dealer_self,0
2025-09-02,2031,199,Dealer_Hedging,2000
2025-09-03,2031,143000,Foreign_Investor,302000
2025-09-03,2031,0,Foreign_Dealer_Self,0
2025-09-03,2031,0,Investment_Trust,0
2025-09-03,2031,11000,Dealer_self,0
2025-09-03,2031,123,Dealer_Hedging,0
2025-09-04,2031,468081,Foreign_Investor,79000
2025-09-04,2031,0,Foreign_Dealer_Self,0
2025-09-04,2031,0,Investment_Trust,0
2025-09-04,2031,5000,Dealer_self,0
2025-09-04,2031,638,Dealer_Hedging,0
2025-09-05,2031,99000,Foreign_Investor,338000
2025-09-05,2031,0,Foreign_Dealer_Self,0
2025-09-05,2031,0,Investment_Trust,0
2025-09-05,2031,3000,Dealer_self,0
2025-09-05,2031,10,Dealer_Hedging,394
2025-09-08,2031,214000,Foreign_Investor,214000
2025-09-08,2031,0,Foreign_Dealer_Self,0
2025-09-08,2031,0,Investment_Trust,0
2025-09-08,2031,1000,Dealer_self,5209
2025-09-08,2031,118,Dealer_Hedging,2020
2025-09-09,2031,290000,Foreign_Investor,225000
2025-09-09,2031,0,Foreign_Dealer_Self,0
2025-09-09,2031,0,Investment_Trust,0
2025-09-09,2031,11000,Dealer_self,45000
2025-09-09,2031,362,Dealer_Hedging,133
2025-09-10,2031,512000,Foreign_Investor,645000
2025-09-10,2031,0,Foreign_Dealer_Self,0
2025-09-10,2031,0,Investment_Trust,0
2025-09-10,2031,36000,Dealer_self,17560
2025-09-10,2031,1438,Dealer_Hedging,2820
2025-09-11,2031,276000,Foreign_Investor,423000
2025-09-11,2031,0,Foreign_Dealer_Self,0
2025-09-11,2031,0,Investment_Trust,306000
2025-09-11,2031,5000,Dealer_self,66146
2025-09-11,2031,1080,Dealer_Hedging,4483
2025-09-12,2031,298000,Foreign_Investor,185000
2025-09-12,2031,0,Foreign_Dealer_Self,0
2025-09-12,2031,0,Investment_Trust,139000
2025-09-12,2031,7000,Dealer_self,68
2025-09-12,2031,129,Dealer_Hedging,15
2025-09-15,2031,143000,Foreign_Investor,162000
2025-09-15,2031,0,Foreign_Dealer_Self,0
2025-09-15,2031,0,Investment_Trust,0
2025-09-15,2031,4000,Dealer_self,1031
2025-09-15,2031,0,Dealer_Hedging,1973
2025-09-16,2031,239000,Foreign_Investor,315000
2025-09-16,2031,0,Foreign_Dealer_Self,0
2025-09-16,2031,0,Investment_Trust,0
2025-09-16,2031,0,Dealer_self,0
2025-09-16,2031,358,Dealer_Hedging,30
2025-09-17,2031,420000,Foreign_Investor,180700
2025-09-17,2031,0,Foreign_Dealer_Self,0
2025-09-17,2031,0,Investment_Trust,0
2025-09-17,2031,24000,Dealer_self,6000
2025-09-17,2031,1009,Dealer_Hedging,409
2025-09-18,2031,229257,Foreign_Investor,114000
2025-09-18,2031,0,Foreign_Dealer_Self,0
2025-09-18,2031,0,Investment_Trust,0
2025-09-18,2031,5000,Dealer_self,4000
2025-09-18,2031,4,Dealer_Hedging,2205
2025-09-19,2031,0,Foreign_Dealer_Self,0
2025-09-19,2031,0,Investment_Trust,0
2025-09-19,2031,5000,Dealer_self,5866
2025-09-19,2031,285,Dealer_Hedging,927
2025-09-19,2031,217000,Foreign_Investor,208000
2025-09-22,2031,325000,Foreign_Investor,69000
2025-09-22,2031,0,Foreign_Dealer_Self,0
2025-09-22,2031,0,Investment_Trust,0
2025-09-22,2031,13000,Dealer_self,139
2025-09-22,2031,199,Dealer_Hedging,132
2025-09-23,2031,258000,Foreign_Investor,131048
2025-09-23,2031,0,Foreign_Dealer_Self,0
2025-09-23,2031,0,Investment_Trust,0
2025-09-23,2031,0,Dealer_self,12372
2025-09-23,2031,1026,Dealer_Hedging,1
2025-09-24,2031,135000,Foreign_Investor,163000
2025-09-24,2031,0,Foreign_Dealer_Self,0
2025-09-24,2031,0,Investment_Trust,0
2025-09-24,2031,6000,Dealer_self,4269
2025-09-24,2031,638,Dealer_Hedging,0
2025-09-25,2031,597018,Foreign_Investor,534000
2025-09-25,2031,0,Foreign_Dealer_Self,0
2025-09-25,2031,0,Investment_Trust,0
2025-09-25,2031,5000,Dealer_self,1000
2025-09-25,2031,1928,Dealer_Hedging,638
2025-09-26,2031,49000,Foreign_Investor,415000
2025-09-26,2031,0,Foreign_Dealer_Self,0
2025-09-26,2031,0,Investment_Trust,0
2025-09-26,2031,3000,Dealer_self,1180
2025-09-26,2031,30,Dealer_Hedging,7300
2025-09-30,2031,124000,Foreign_Investor,138069
2025-09-30,2031,0,Foreign_Dealer_Self,0
2025-09-30,2031,0,Investment_Trust,0
2025-09-30,2031,14000,Dealer_self,156
2025-09-30,2031,4000,Dealer_Hedging,278
2025-10-01,2031,86932,Foreign_Investor,341686
2025-10-01,2031,0,Foreign_Dealer_Self,0
2025-10-01,2031,0,Investment_Trust,0
2025-10-01,2031,18000,Dealer_self,2234
2025-10-01,2031,0,Dealer_Hedging,2200
2025-10-02,2031,313000,Foreign_Investor,252161
2025-10-02,2031,0,Foreign_Dealer_Self,0
2025-10-02,2031,0,Investment_Trust,0
2025-10-02,2031,6000,Dealer_self,2
2025-10-02,2031,0,Dealer_Hedging,273
2025-10-03,2031,168000,Foreign_Investor,568000
2025-10-03,2031,0,Foreign_Dealer_Self,0
2025-10-03,2031,0,Investment_Trust,0
2025-10-03,2031,3000,Dealer_self,7524
2025-10-03,2031,0,Dealer_Hedging,1537
2025-10-07,2031,313000,Foreign_Investor,249000
2025-10-07,2031,0,Foreign_Dealer_Self,0
2025-10-07,2031,0,Investment_Trust,0
2025-10-07,2031,11000,Dealer_self,0
2025-10-07,2031,0,Dealer_Hedging,90
2025-10-08,2031,363000,Foreign_Investor,429000
2025-10-08,2031,0,Foreign_Dealer_Self,0
2025-10-08,2031,0,Investment_Trust,0
2025-10-08,2031,13000,Dealer_self,1093
2025-10-08,2031,0,Dealer_Hedging,837
2025-10-09,2031,78000,Foreign_Investor,282000
2025-10-09,2031,0,Foreign_Dealer_Self,0
2025-10-09,2031,0,Investment_Trust,0
2025-10-09,2031,2000,Dealer_self,2773
2025-10-09,2031,0,Dealer_Hedging,262
2025-10-13,2031,764000,Foreign_Investor,923000
2025-10-13,2031,0,Foreign_Dealer_Self,0
2025-10-13,2031,0,Investment_Trust,0
2025-10-13,2031,10000,Dealer_self,13951
2025-10-13,2031,0,Dealer_Hedging,460
2025-10-14,2031,391000,Foreign_Investor,575000
2025-10-14,2031,0,Foreign_Dealer_Self,0
2025-10-14,2031,0,Investment_Trust,0
2025-10-14,2031,7000,Dealer_self,16902
2025-10-14,2031,0,Dealer_Hedging,905
2025-10-15,2031,0,Foreign_Dealer_Self,0
2025-10-15,2031,0,Investment_Trust,0
2025-10-15,2031,9000,Dealer_self,4000
2025-10-15,2031,0,Dealer_Hedging,1094
2025-10-15,2031,1956000,Foreign_Investor,2545929
2025-10-16,2031,223000,Foreign_Investor,152800
2025-10-16,2031,0,Foreign_Dealer_Self,0
2025-10-16,2031,0,Investment_Trust,0
2025-10-16,2031,10000,Dealer_self,1000
2025-10-16,2031,0,Dealer_Hedging,0
2025-10-17,2031,231000,Foreign_Investor,164000
2025-10-17,2031,0,Foreign_Dealer_Self,0
2025-10-17,2031,0,Investment_Trust,0
2025-10-17,2031,1000,Dealer_self,2000
2025-10-17,2031,0,Dealer_Hedging,0
2025-10-20,2031,90000,Foreign_Investor,210000
2025-10-20,2031,0,Foreign_Dealer_Self,0
2025-10-20,2031,0,Investment_Trust,0
2025-10-20,2031,5000,Dealer_self,2000
2025-10-20,2031,0,Dealer_Hedging,0
2025-10-21,2031,158000,Foreign_Investor,468000
2025-10-21,2031,0,Foreign_Dealer_Self,0
2025-10-21,2031,0,Investment_Trust,0
2025-10-21,2031,6000,Dealer_self,908
2025-10-21,2031,0,Dealer_Hedging,3006
2025-10-22,2031,151000,Foreign_Investor,216000
2025-10-22,2031,0,Foreign_Dealer_Self,0
2025-10-22,2031,0,Investment_Trust,0
2025-10-22,2031,6000,Dealer_self,0
2025-10-22,2031,0,Dealer_Hedging,1000
2025-10-23,2031,216000,Foreign_Investor,192000
2025-10-23,2031,0,Foreign_Dealer_Self,0
2025-10-23,2031,0,Investment_Trust,0
2025-10-23,2031,0,Dealer_self,1223
2025-10-23,2031,0,Dealer_Hedging,0
2025-10-27,2031,238000,Foreign_Investor,286626
2025-10-27,2031,0,Foreign_Dealer_Self,0
2025-10-27,2031,0,Investment_Trust,0
2025-10-27,2031,31000,Dealer_self,0
2025-10-27,2031,0,Dealer_Hedging,0
2025-10-28,2031,93050,Foreign_Investor,212000
2025-10-28,2031,0,Foreign_Dealer_Self,0
2025-10-28,2031,0,Investment_Trust,0
2025-10-28,2031,2000,Dealer_self,2297
2025-10-28,2031,0,Dealer_Hedging,751
2025-10-29,2031,99000,Foreign_Investor,362000
2025-10-29,2031,0,Foreign_Dealer_Self,0
2025-10-29,2031,0,Investment_Trust,0
2025-10-29,2031,7000,Dealer_self,6187
2025-10-29,2031,0,Dealer_Hedging,1531
2025-10-30,2031,164000,Foreign_Investor,165999
2025-10-30,2031,0,Foreign_Dealer_Self,0
2025-10-30,2031,0,Investment_Trust,0
2025-10-30,2031,0,Dealer_self,0
2025-10-30,2031,0,Dealer_Hedging,0
2025-10-31,2031,69000,Foreign_Investor,280000
2025-10-31,2031,0,Foreign_Dealer_Self,0
2025-10-31,2031,0,Investment_Trust,0
2025-10-31,2031,10000,Dealer_self,0
2025-10-31,2031,0,Dealer_Hedging,0
2025-11-03,2031,90000,Foreign_Investor,311000
2025-11-03,2031,0,Foreign_Dealer_Self,0
2025-11-03,2031,0,Investment_Trust,0
2025-11-03,2031,2000,Dealer_self,6721
2025-11-03,2031,0,Dealer_Hedging,593
2025-11-04,2031,94000,Foreign_Investor,171000
2025-11-04,2031,0,Foreign_Dealer_Self,0
2025-11-04,2031,0,Investment_Trust,0
2025-11-04,2031,3000,Dealer_self,3000
2025-11-04,2031,0,Dealer_Hedging,1050
2025-11-05,2031,101000,Foreign_Investor,307000
2025-11-05,2031,0,Foreign_Dealer_Self,0
2025-11-05,2031,0,Investment_Trust,0
2025-11-05,2031,0,Dealer_self,16483
2025-11-05,2031,0,Dealer_Hedging,551
2025-11-06,2031,380000,Foreign_Investor,408000
2025-11-06,2031,0,Foreign_Dealer_Self,0
2025-11-06,2031,0,Investment_Trust,0
2025-11-06,2031,9000,Dealer_self,406
2025-11-06,2031,0,Dealer_Hedging,421
2025-11-07,2031,446000,Foreign_Investor,279000
2025-11-07,2031,0,Foreign_Dealer_Self,0
2025-11-07,2031,0,Investment_Trust,0
2025-11-07,2031,0,Dealer_self,21
2025-11-07,2031,0,Dealer_Hedging,1332
2025-11-10,2031,98000,Foreign_Investor,243000
2025-11-10,2031,0,Foreign_Dealer_Self,0
2025-11-10,2031,0,Investment_Trust,0
2025-11-10,2031,4000,Dealer_self,3497
2025-11-10,2031,0,Dealer_Hedging,0
2025-11-11,2031,150010,Foreign_Investor,1260000
2025-11-11,2031,0,Foreign_Dealer_Self,0
2025-11-11,2031,0,Investment_Trust,0
2025-11-11,2031,6000,Dealer_self,18091
2025-11-11,2031,0,Dealer_Hedging,1000
2025-11-12,2031,352000,Foreign_Investor,294000
2025-11-12,2031,0,Foreign_Dealer_Self,0
2025-11-12,2031,0,Investment_Trust,0
2025-11-12,2031,1000,Dealer_self,6217
2025-11-12,2031,0,Dealer_Hedging,0
2025-11-13,2031,250000,Foreign_Investor,266000
2025-11-13,2031,0,Foreign_Dealer_Self,0
2025-11-13,2031,0,Investment_Trust,0
2025-11-13,2031,0,Dealer_self,14000
2025-11-13,2031,0,Dealer_Hedging,0
2025-11-14,2031,379000,Foreign_Investor,1079000
2025-11-14,2031,0,Foreign_Dealer_Self,0
2025-11-14,2031,0,Investment_Trust,0
2025-11-14,2031,5000,Dealer_self,48669
2025-11-14,2031,0,Dealer_Hedging,0
2025-11-17,2031,414251,Foreign_Investor,810565
2025-11-17,2031,0,Foreign_Dealer_Self,0
2025-11-17,2031,0,Investment_Trust,0
2025-11-17,2031,5000,Dealer_self,12750
2025-11-17,2031,0,Dealer_Hedging,0
2025-11-18,2031,137000,Foreign_Investor,473000
2025-11-18,2031,0,Foreign_Dealer_Self,0
2025-11-18,2031,0,Investment_Trust,0
2025-11-18,2031,2000,Dealer_self,10513
2025-11-18,2031,0,Dealer_Hedging,0
2025-11-19,2031,186000,Foreign_Investor,968000
2025-11-19,2031,0,Foreign_Dealer_Self,0
2025-11-19,2031,0,Investment_Trust,0
2025-11-19,2031,11000,Dealer_self,8168
2025-11-19,2031,0,Dealer_Hedging,0
2025-11-20,2031,407000,Foreign_Investor,531000
2025-11-20,2031,0,Foreign_Dealer_Self,0
2025-11-20,2031,0,Investment_Trust,0
2025-11-20,2031,4000,Dealer_self,1264
2025-11-20,2031,0,Dealer_Hedging,0
2025-11-21,2031,855995,Foreign_Investor,877000
2025-11-21,2031,0,Foreign_Dealer_Self,0
2025-11-21,2031,0,Investment_Trust,0
2025-11-21,2031,12000,Dealer_self,29353
2025-11-21,2031,0,Dealer_Hedging,0
2025-11-24,2031,5927000,Foreign_Investor,6073984
2025-11-24,2031,0,Foreign_Dealer_Self,0
2025-11-24,2031,0,Investment_Trust,0
2025-11-24,2031,48000,Dealer_self,0
2025-11-24,2031,0,Dealer_Hedging,0
2025-11-25,2031,701000,Foreign_Investor,283000
2025-11-25,2031,0,Foreign_Dealer_Self,0
2025-11-25,2031,0,Investment_Trust,0
2025-11-25,2031,0,Dealer_self,1
2025-11-25,2031,0,Dealer_Hedging,0
2025-11-26,2031,514000,Foreign_Investor,279000
2025-11-26,2031,0,Foreign_Dealer_Self,0
2025-11-26,2031,0,Investment_Trust,0
2025-11-26,2031,2000,Dealer_self,0
2025-11-26,2031,0,Dealer_Hedging,0
2025-11-27,2031,303000,Foreign_Investor,267000
2025-11-27,2031,0,Foreign_Dealer_Self,0
2025-11-27,2031,0,Investment_Trust,0
2025-11-27,2031,0,Dealer_self,3001
2025-11-27,2031,0,Dealer_Hedging,0
2025-11-28,2031,253000,Foreign_Investor,262242
2025-11-28,2031,0,Foreign_Dealer_Self,0
2025-11-28,2031,0,Investment_Trust,0
2025-11-28,2031,13000,Dealer_self,0
2025-11-28,2031,0,Dealer_Hedging,0
2025-12-01,2031,161000,Foreign_Investor,202000
2025-12-01,2031,0,Foreign_Dealer_Self,0
2025-12-01,2031,0,Investment_Trust,0
2025-12-01,2031,0,Dealer_self,3000
2025-12-01,2031,0,Dealer_Hedging,0
2025-12-02,2031,130944,Foreign_Investor,223000
2025-12-02,2031,0,Foreign_Dealer_Self,0
2025-12-02,2031,0,Investment_Trust,0
2025-12-02,2031,3000,Dealer_self,0
2025-12-02,2031,0,Dealer_Hedging,1000
2025-12-03,2031,94000,Foreign_Investor,201000
2025-12-03,2031,0,Foreign_Dealer_Self,0
2025-12-03,2031,0,Investment_Trust,0
2025-12-03,2031,4000,Dealer_self,45
2025-12-03,2031,0,Dealer_Hedging,0
2025-12-04,2031,252000,Foreign_Investor,114000
2025-12-04,2031,0,Foreign_Dealer_Self,0
2025-12-04,2031,0,Investment_Trust,0
2025-12-04,2031,6000,Dealer_self,134
2025-12-04,2031,0,Dealer_Hedging,0
2025-12-05,2031,96010,Foreign_Investor,358000
2025-12-05,2031,0,Foreign_Dealer_Self,0
2025-12-05,2031,0,Investment_Trust,0
2025-12-05,2031,21000,Dealer_self,998
2025-12-05,2031,0,Dealer_Hedging,0
2025-12-08,2031,53000,Foreign_Investor,168000
2025-12-08,2031,0,Foreign_Dealer_Self,0
2025-12-08,2031,0,Investment_Trust,0
2025-12-08,2031,5000,Dealer_self,1695
2025-12-08,2031,0,Dealer_Hedging,0
2025-12-09,2031,139000,Foreign_Investor,278000
2025-12-09,2031,0,Foreign_Dealer_Self,0
2025-12-09,2031,0,Investment_Trust,0
2025-12-09,2031,4000,Dealer_self,4822
2025-12-09,2031,0,Dealer_Hedging,0
2025-12-10,2031,134000,Foreign_Investor,177000
2025-12-10,2031,0,Foreign_Dealer_Self,0
2025-12-10,2031,0,Investment_Trust,0
2025-12-10,2031,6000,Dealer_self,9900
2025-12-10,2031,0,Dealer_Hedging,0
2025-12-11,2031,102000,Foreign_Investor,152000
2025-12-11,2031,0,Foreign_Dealer_Self,0
2025-12-11,2031,0,Investment_Trust,0
2025-12-11,2031,7000,Dealer_self,2396
2025-12-11,2031,0,Dealer_Hedging,0
2025-12-12,2031,123000,Foreign_Investor,103000
2025-12-12,2031,0,Foreign_Dealer_Self,0
2025-12-12,2031,0,Investment_Trust,0
2025-12-12,2031,14000,Dealer_self,3988
2025-12-12,2031,0,Dealer_Hedging,0
2025-12-15,2031,112000,Foreign_Investor,197000
2025-12-15,2031,0,Foreign_Dealer_Self,0
2025-12-15,2031,0,Investment_Trust,0
2025-12-15,2031,6000,Dealer_self,512
2025-12-15,2031,0,Dealer_Hedging,0
2025-12-16,2031,152000,Foreign_Investor,371000
2025-12-16,2031,0,Foreign_Dealer_Self,0
2025-12-16,2031,0,Investment_Trust,0
2025-12-16,2031,12000,Dealer_self,11518
2025-12-16,2031,0,Dealer_Hedging,0
2025-12-17,2031,61000,Foreign_Investor,156000
2025-12-17,2031,0,Foreign_Dealer_Self,0
2025-12-17,2031,0,Investment_Trust,0
2025-12-17,2031,2000,Dealer_self,5709
2025-12-17,2031,0,Dealer_Hedging,0
2025-12-18,2031,116020,Foreign_Investor,115000
2025-12-18,2031,0,Foreign_Dealer_Self,0
2025-12-18,2031,0,Investment_Trust,0
2025-12-18,2031,14000,Dealer_self,842
2025-12-18,2031,0,Dealer_Hedging,0
2025-12-19,2031,189000,Foreign_Investor,199704
2025-12-19,2031,0,Foreign_Dealer_Self,0
2025-12-19,2031,0,Investment_Trust,0
2025-12-19,2031,12000,Dealer_self,2688
2025-12-19,2031,0,Dealer_Hedging,0
2025-12-22,2031,144030,Foreign_Investor,41000
2025-12-22,2031,0,Foreign_Dealer_Self,0
2025-12-22,2031,0,Investment_Trust,0
2025-12-22,2031,15000,Dealer_self,0
2025-12-22,2031,0,Dealer_Hedging,0
2025-12-23,2031,79000,Foreign_Investor,172000
2025-12-23,2031,0,Foreign_Dealer_Self,0
2025-12-23,2031,0,Investment_Trust,0
2025-12-23,2031,2000,Dealer_self,5454
2025-12-23,2031,0,Dealer_Hedging,0
2025-12-24,2031,37000,Foreign_Investor,113000
2025-12-24,2031,0,Foreign_Dealer_Self,0
2025-12-24,2031,0,Investment_Trust,0
2025-12-24,2031,1000,Dealer_self,805
2025-12-24,2031,9000,Dealer_Hedging,0
2025-12-26,2031,54000,Foreign_Investor,91000
2025-12-26,2031,0,Foreign_Dealer_Self,0
2025-12-26,2031,0,Investment_Trust,0
2025-12-26,2031,0,Dealer_self,0
2025-12-26,2031,0,Dealer_Hedging,1000
2025-12-29,2031,284000,Foreign_Investor,221000
2025-12-29,2031,0,Foreign_Dealer_Self,0
2025-12-29,2031,0,Investment_Trust,0
2025-12-29,2031,4000,Dealer_self,3775
2025-12-29,2031,0,Dealer_Hedging,0
2025-12-30,2031,192000,Foreign_Investor,380000
2025-12-30,2031,0,Foreign_Dealer_Self,0
2025-12-30,2031,0,Investment_Trust,0
2025-12-30,2031,0,Dealer_self,254
2025-12-30,2031,0,Dealer_Hedging,0
2025-12-31,2031,247000,Foreign_Investor,368000
2025-12-31,2031,0,Foreign_Dealer_Self,0
2025-12-31,2031,0,Investment_Trust,0
2025-12-31,2031,3000,Dealer_self,12989
2025-12-31,2031,0,Dealer_Hedging,0
2026-01-02,2031,60000,Foreign_Investor,270000
2026-01-02,2031,0,Foreign_Dealer_Self,0
2026-01-02,2031,0,Investment_Trust,0
2026-01-02,2031,1000,Dealer_self,1838
2026-01-02,2031,0,Dealer_Hedging,0
2026-01-05,2031,372000,Foreign_Investor,443000
2026-01-05,2031,0,Foreign_Dealer_Self,0
2026-01-05,2031,0,Investment_Trust,0
2026-01-05,2031,0,Dealer_self,2479
2026-01-05,2031,0,Dealer_Hedging,0
2026-01-06,2031,116000,Foreign_Investor,509000
2026-01-06,2031,0,Foreign_Dealer_Self,0
2026-01-06,2031,0,Investment_Trust,0
2026-01-06,2031,1000,Dealer_self,0
2026-01-06,2031,0,Dealer_Hedging,0
2026-01-07,2031,1187000,Foreign_Investor,462000
2026-01-07,2031,0,Foreign_Dealer_Self,0
2026-01-07,2031,0,Investment_Trust,0
2026-01-07,2031,0,Dealer_self,24015
2026-01-07,2031,138366,Dealer_Hedging,0
2026-01-08,2031,233000,Foreign_Investor,1146000
2026-01-08,2031,0,Foreign_Dealer_Self,0
2026-01-08,2031,0,Investment_Trust,0
2026-01-08,2031,2000,Dealer_self,2365
2026-01-08,2031,0,Dealer_Hedging,26000
2026-01-09,2031,119026,Foreign_Investor,346000
2026-01-09,2031,0,Foreign_Dealer_Self,0
2026-01-09,2031,0,Investment_Trust,0
2026-01-09,2031,3000,Dealer_self,9993
2026-01-09,2031,0,Dealer_Hedging,0
2026-01-12,2031,481474,Foreign_Investor,247000
2026-01-12,2031,0,Foreign_Dealer_Self,0
2026-01-12,2031,0,Investment_Trust,0
2026-01-12,2031,25000,Dealer_self,1000
2026-01-12,2031,0,Dealer_Hedging,46745
2026-01-13,2031,118000,Foreign_Investor,320000
2026-01-13,2031,0,Foreign_Dealer_Self,0
2026-01-13,2031,0,Investment_Trust,0
2026-01-13,2031,0,Dealer_self,306
2026-01-13,2031,0,Dealer_Hedging,2000
2026-01-14,2031,173000,Foreign_Investor,423000
2026-01-14,2031,0,Foreign_Dealer_Self,0
2026-01-14,2031,0,Investment_Trust,0
2026-01-14,2031,4000,Dealer_self,4071
2026-01-14,2031,0,Dealer_Hedging,0
2026-01-15,2031,533000,Foreign_Investor,410000
2026-01-15,2031,0,Foreign_Dealer_Self,0
2026-01-15,2031,0,Investment_Trust,0
2026-01-15,2031,1000,Dealer_self,3665
2026-01-15,2031,6000,Dealer_Hedging,0
2026-01-16,2031,88000,Foreign_Investor,436954
2026-01-16,2031,0,Foreign_Dealer_Self,0
2026-01-16,2031,30000,Investment_Trust,0
2026-01-16,2031,0,Dealer_self,11457
2026-01-16,2031,14000,Dealer_Hedging,0
2026-01-19,2031,252000,Foreign_Investor,98000
2026-01-19,2031,0,Foreign_Dealer_Self,0
2026-01-19,2031,72000,Investment_Trust,0
2026-01-19,2031,0,Dealer_self,22870
2026-01-19,2031,12631,Dealer_Hedging,0
2026-01-20,2031,117000,Foreign_Investor,399000
2026-01-20,2031,0,Foreign_Dealer_Self,0
2026-01-20,2031,47000,Investment_Trust,0
2026-01-20,2031,4000,Dealer_self,11888
2026-01-20,2031,0,Dealer_Hedging,7321
2026-01-21,2031,105000,Foreign_Investor,763000
2026-01-21,2031,0,Foreign_Dealer_Self,0
2026-01-21,2031,0,Investment_Trust,0
2026-01-21,2031,9000,Dealer_self,9252
2026-01-21,2031,0,Dealer_Hedging,25160
2026-01-22,2031,52000,Foreign_Investor,367000
2026-01-22,2031,0,Foreign_Dealer_Self,0
2026-01-22,2031,0,Investment_Trust,0
2026-01-22,2031,1000,Dealer_self,3080
2026-01-22,2031,0,Dealer_Hedging,0
2026-01-23,2031,391000,Foreign_Investor,58000
2026-01-23,2031,0,Foreign_Dealer_Self,0
2026-01-23,2031,0,Investment_Trust,3000
2026-01-23,2031,0,Dealer_self,14326
2026-01-23,2031,0,Dealer_Hedging,0
2026-01-26,2031,558000,Foreign_Investor,156000
2026-01-26,2031,0,Foreign_Dealer_Self,0
2026-01-26,2031,0,Investment_Trust,0
2026-01-26,2031,0,Dealer_self,0
2026-01-26,2031,0,Dealer_Hedging,1191
2026-01-27,2031,54000,Foreign_Investor,399000
2026-01-27,2031,0,Foreign_Dealer_Self,0
2026-01-27,2031,0,Investment_Trust,0
2026-01-27,2031,2000,Dealer_self,2428
2026-01-27,2031,0,Dealer_Hedging,22735
2026-01-28,2031,324000,Foreign_Investor,282000
2026-01-28,2031,0,Foreign_Dealer_Self,0
2026-01-28,2031,0,Investment_Trust,3000
2026-01-28,2031,1000,Dealer_self,14172
2026-01-28,2031,0,Dealer_Hedging,4419
2026-01-29,2031,1062000,Foreign_Investor,1147543
2026-01-29,2031,0,Foreign_Dealer_Self,0
2026-01-29,2031,0,Investment_Trust,0
2026-01-29,2031,7508,Dealer_self,22232
2026-01-29,2031,57277,Dealer_Hedging,0
2026-01-30,2031,815000,Foreign_Investor,1074000
2026-01-30,2031,0,Foreign_Dealer_Self,0
2026-01-30,2031,0,Investment_Trust,0
2026-01-30,2031,5000,Dealer_self,10265
2026-01-30,2031,12711,Dealer_Hedging,0
2026-02-02,2031,189000,Foreign_Investor,395000
2026-02-02,2031,0,Foreign_Dealer_Self,0
2026-02-02,2031,0,Investment_Trust,0
2026-02-02,2031,2000,Dealer_self,6002
2026-02-02,2031,0,Dealer_Hedging,0
2026-02-03,2031,214000,Foreign_Investor,628000
2026-02-03,2031,0,Foreign_Dealer_Self,0
2026-02-03,2031,0,Investment_Trust,0
2026-02-03,2031,10000,Dealer_self,11173
2026-02-03,2031,0,Dealer_Hedging,16000
2026-02-04,2031,375000,Foreign_Investor,100000
2026-02-04,2031,0,Foreign_Dealer_Self,0
2026-02-04,2031,0,Investment_Trust,0
2026-02-04,2031,2000,Dealer_self,0
2026-02-04,2031,0,Dealer_Hedging,0
2026-02-05,2031,96000,Foreign_Investor,311000
2026-02-05,2031,0,Foreign_Dealer_Self,0
2026-02-05,2031,0,Investment_Trust,0
2026-02-05,2031,1000,Dealer_self,3484
2026-02-05,2031,0,Dealer_Hedging,0
2026-02-06,2031,148000,Foreign_Investor,364414
2026-02-06,2031,0,Foreign_Dealer_Self,0
2026-02-06,2031,0,Investment_Trust,0
2026-02-06,2031,6000,Dealer_self,11113
2026-02-06,2031,0,Dealer_Hedging,0
2026-02-09,2031,555000,Foreign_Investor,51000
2026-02-09,2031,0,Foreign_Dealer_Self,0
2026-02-09,2031,0,Investment_Trust,0
2026-02-09,2031,21000,Dealer_self,71
2026-02-09,2031,0,Dealer_Hedging,0
2026-02-10,2031,88000,Foreign_Investor,128000
2026-02-10,2031,0,Foreign_Dealer_Self,0
2026-02-10,2031,0,Investment_Trust,0
2026-02-10,2031,6000,Dealer_self,0
2026-02-10,2031,0,Dealer_Hedging,0
2026-02-11,2031,499000,Foreign_Investor,71000
2026-02-11,2031,0,Foreign_Dealer_Self,0
2026-02-11,2031,0,Investment_Trust,0
2026-02-11,2031,19000,Dealer_self,0
2026-02-11,2031,0,Dealer_Hedging,0
2026-02-23,2031,264000,Foreign_Investor,344000
2026-02-23,2031,0,Foreign_Dealer_Self,0
2026-02-23,2031,0,Investment_Trust,0
2026-02-23,2031,42000,Dealer_self,19539
2026-02-23,2031,0,Dealer_Hedging,0
2026-02-24,2031,354000,Foreign_Investor,309000
2026-02-24,2031,0,Foreign_Dealer_Self,0
2026-02-24,2031,0,Investment_Trust,0
2026-02-24,2031,5000,Dealer_self,956
2026-02-24,2031,0,Dealer_Hedging,0
2026-02-25,2031,414000,Foreign_Investor,169000
2026-02-25,2031,0,Foreign_Dealer_Self,0
2026-02-25,2031,0,Investment_Trust,2000
2026-02-25,2031,588,Dealer_self,4346
2026-02-25,2031,0,Dealer_Hedging,0
2026-02-26,2031,179030,Foreign_Investor,427000
2026-02-26,2031,0,Foreign_Dealer_Self,0
2026-02-26,2031,0,Investment_Trust,0
2026-02-26,2031,3000,Dealer_self,1764
2026-02-26,2031,0,Dealer_Hedging,0
2026-03-02,2031,205000,Foreign_Investor,172000
2026-03-02,2031,0,Foreign_Dealer_Self,0
2026-03-02,2031,0,Investment_Trust,0
2026-03-02,2031,5000,Dealer_self,3520
2026-03-02,2031,0,Dealer_Hedging,0
2026-03-03,2031,245020,Foreign_Investor,399000
2026-03-03,2031,0,Foreign_Dealer_Self,0
2026-03-03,2031,0,Investment_Trust,3000
2026-03-03,2031,2000,Dealer_self,14692
2026-03-03,2031,0,Dealer_Hedging,10000
2026-03-04,2031,263000,Foreign_Investor,1000000
2026-03-04,2031,0,Foreign_Dealer_Self,0
2026-03-04,2031,0,Investment_Trust,0
2026-03-04,2031,12000,Dealer_self,49458
2026-03-04,2031,0,Dealer_Hedging,46961
2026-03-05,2031,397000,Foreign_Investor,219000
2026-03-05,2031,0,Foreign_Dealer_Self,0
2026-03-05,2031,0,Investment_Trust,0
2026-03-05,2031,0,Dealer_self,6099
2026-03-05,2031,0,Dealer_Hedging,0
2026-03-06,2031,618033,Foreign_Investor,208000
2026-03-06,2031,0,Foreign_Dealer_Self,0
2026-03-06,2031,0,Investment_Trust,0
2026-03-06,2031,0,Dealer_self,1
2026-03-06,2031,4060,Dealer_Hedging,26000
2026-03-09,2031,228000,Foreign_Investor,548300
2026-03-09,2031,0,Foreign_Dealer_Self,0
2026-03-09,2031,0,Investment_Trust,0
2026-03-09,2031,1000,Dealer_self,41553
2026-03-09,2031,0,Dealer_Hedging,0
2026-03-10,2031,235000,Foreign_Investor,1234000
2026-03-10,2031,0,Foreign_Dealer_Self,0
2026-03-10,2031,0,Investment_Trust,0
2026-03-10,2031,6000,Dealer_self,17323
2026-03-10,2031,0,Dealer_Hedging,0
2026-03-11,2031,957025,Foreign_Investor,301000
2026-03-11,2031,0,Foreign_Dealer_Self,0
2026-03-11,2031,0,Investment_Trust,2000
2026-03-11,2031,2000,Dealer_self,11178
2026-03-11,2031,0,Dealer_Hedging,0
2026-03-12,2031,297000,Foreign_Investor,338000
2026-03-12,2031,0,Foreign_Dealer_Self,0
2026-03-12,2031,0,Investment_Trust,0
2026-03-12,2031,0,Dealer_self,8249
2026-03-12,2031,0,Dealer_Hedging,0
2026-03-13,2031,319002,Foreign_Investor,206000
2026-03-13,2031,0,Foreign_Dealer_Self,0
2026-03-13,2031,0,Investment_Trust,0
2026-03-13,2031,0,Dealer_self,13142
2026-03-13,2031,1000,Dealer_Hedging,0
2026-03-16,2031,236001,Foreign_Investor,105153
2026-03-16,2031,0,Foreign_Dealer_Self,0
2026-03-16,2031,0,Investment_Trust,0
2026-03-16,2031,0,Dealer_self,4000
2026-03-16,2031,1028,Dealer_Hedging,0
2026-03-17,2031,318050,Foreign_Investor,139000
2026-03-17,2031,0,Foreign_Dealer_Self,0
2026-03-17,2031,0,Investment_Trust,0
2026-03-17,2031,4000,Dealer_self,1
2026-03-17,2031,1050,Dealer_Hedging,0
2026-03-18,2031,354000,Foreign_Investor,249174
2026-03-18,2031,0,Foreign_Dealer_Self,0
2026-03-18,2031,0,Investment_Trust,0
2026-03-18,2031,9000,Dealer_self,0
2026-03-18,2031,5000,Dealer_Hedging,0
2026-03-19,2031,66202,Foreign_Investor,446230
2026-03-19,2031,0,Foreign_Dealer_Self,0
2026-03-19,2031,0,Investment_Trust,2000
2026-03-19,2031,0,Dealer_self,2003
2026-03-19,2031,0,Dealer_Hedging,0
2026-03-20,2031,1265000,Foreign_Investor,773341
2026-03-20,2031,0,Foreign_Dealer_Self,0
2026-03-20,2031,0,Investment_Trust,0
2026-03-20,2031,966,Dealer_self,2000
2026-03-20,2031,12286,Dealer_Hedging,0
2026-03-23,2031,297000,Foreign_Investor,593000
2026-03-23,2031,0,Foreign_Dealer_Self,0
2026-03-23,2031,0,Investment_Trust,0
2026-03-23,2031,0,Dealer_self,36000
2026-03-23,2031,0,Dealer_Hedging,0
2026-03-24,2031,321001,Foreign_Investor,425000
2026-03-24,2031,0,Foreign_Dealer_Self,0
2026-03-24,2031,0,Investment_Trust,0
2026-03-24,2031,3000,Dealer_self,2725
2026-03-24,2031,0,Dealer_Hedging,0
2026-03-25,2031,895001,Foreign_Investor,125001
2026-03-25,2031,0,Foreign_Dealer_Self,0
2026-03-25,2031,0,Investment_Trust,0
2026-03-25,2031,26000,Dealer_self,0
2026-03-25,2031,0,Dealer_Hedging,0
2026-03-26,2031,373000,Foreign_Investor,139000
2026-03-26,2031,0,Foreign_Dealer_Self,0
2026-03-26,2031,0,Investment_Trust,0
2026-03-26,2031,4000,Dealer_self,8000
2026-03-26,2031,0,Dealer_Hedging,0
2026-03-27,2031,255000,Foreign_Investor,250000
2026-03-27,2031,0,Foreign_Dealer_Self,0
2026-03-27,2031,0,Investment_Trust,0
2026-03-27,2031,24000,Dealer_self,1211
2026-03-27,2031,0,Dealer_Hedging,0
2026-03-30,2031,134000,Foreign_Investor,321000
2026-03-30,2031,0,Foreign_Dealer_Self,0
2026-03-30,2031,0,Investment_Trust,0
2026-03-30,2031,0,Dealer_self,9212
2026-03-30,2031,0,Dealer_Hedging,0
2026-03-31,2031,314000,Foreign_Investor,376000
2026-03-31,2031,0,Foreign_Dealer_Self,0
2026-03-31,2031,0,Investment_Trust,0
2026-03-31,2031,6000,Dealer_self,3034
2026-03-31,2031,0,Dealer_Hedging,15000
2026-04-01,2031,182000,Foreign_Investor,116000
2026-04-01,2031,0,Foreign_Dealer_Self,0
2026-04-01,2031,0,Investment_Trust,0
2026-04-01,2031,18000,Dealer_self,0
2026-04-01,2031,0,Dealer_Hedging,0
2026-04-02,2031,209500,Foreign_Investor,72000
2026-04-02,2031,0,Foreign_Dealer_Self,0
2026-04-02,2031,0,Investment_Trust,0
2026-04-02,2031,0,Dealer_self,5000
2026-04-02,2031,0,Dealer_Hedging,0
2026-04-07,2031,414000,Foreign_Investor,126000
2026-04-07,2031,0,Foreign_Dealer_Self,0
2026-04-07,2031,0,Investment_Trust,2000
2026-04-07,2031,0,Dealer_self,5000
2026-04-07,2031,0,Dealer_Hedging,0
2026-04-08,2031,815000,Foreign_Investor,263000
2026-04-08,2031,0,Foreign_Dealer_Self,0
2026-04-08,2031,0,Investment_Trust,0
2026-04-08,2031,20000,Dealer_self,28000
2026-04-08,2031,0,Dealer_Hedging,0
2026-04-09,2031,179000,Foreign_Investor,201000
2026-04-09,2031,0,Foreign_Dealer_Self,0
2026-04-09,2031,0,Investment_Trust,7000
2026-04-09,2031,0,Dealer_self,6000
2026-04-09,2031,0,Dealer_Hedging,0
2026-04-10,2031,183000,Foreign_Investor,317000
2026-04-10,2031,0,Foreign_Dealer_Self,0
2026-04-10,2031,0,Investment_Trust,0
2026-04-10,2031,9000,Dealer_self,34
2026-04-10,2031,0,Dealer_Hedging,0
2026-04-13,2031,416000,Foreign_Investor,115000
2026-04-13,2031,0,Foreign_Dealer_Self,0
2026-04-13,2031,0,Investment_Trust,0
2026-04-13,2031,1000,Dealer_self,0
2026-04-13,2031,0,Dealer_Hedging,0
2026-04-14,2031,405000,Foreign_Investor,130000
2026-04-14,2031,0,Foreign_Dealer_Self,0
2026-04-14,2031,0,Investment_Trust,2000
2026-04-14,2031,14000,Dealer_self,0
2026-04-14,2031,0,Dealer_Hedging,0
2026-04-15,2031,144000,Foreign_Investor,316000
2026-04-15,2031,0,Foreign_Dealer_Self,0
2026-04-15,2031,0,Investment_Trust,0
2026-04-15,2031,5000,Dealer_self,104
2026-04-15,2031,0,Dealer_Hedging,0
2026-04-16,2031,358000,Foreign_Investor,127000
2026-04-16,2031,0,Foreign_Dealer_Self,0
2026-04-16,2031,0,Investment_Trust,5000
2026-04-16,2031,5000,Dealer_self,0
2026-04-16,2031,0,Dealer_Hedging,0
2026-04-17,2031,203596,Foreign_Investor,207000
2026-04-17,2031,0,Foreign_Dealer_Self,0
2026-04-17,2031,0,Investment_Trust,0
2026-04-17,2031,4000,Dealer_self,9000
2026-04-17,2031,0,Dealer_Hedging,0
2026-04-20,2031,204000,Foreign_Investor,150000
2026-04-20,2031,0,Foreign_Dealer_Self,0
2026-04-20,2031,0,Investment_Trust,0
2026-04-20,2031,1000,Dealer_self,780
2026-04-20,2031,0,Dealer_Hedging,0
2026-04-21,2031,124000,Foreign_Investor,239000
2026-04-21,2031,0,Foreign_Dealer_Self,0
2026-04-21,2031,0,Investment_Trust,0
2026-04-21,2031,2000,Dealer_self,8622
2026-04-21,2031,0,Dealer_Hedging,0
2026-04-22,2031,78000,Foreign_Investor,318000
2026-04-22,2031,0,Foreign_Dealer_Self,0
2026-04-22,2031,0,Investment_Trust,1000
2026-04-22,2031,2000,Dealer_self,10748
2026-04-22,2031,0,Dealer_Hedging,0
2026-04-23,2031,109000,Foreign_Investor,916000
2026-04-23,2031,0,Foreign_Dealer_Self,0
2026-04-23,2031,0,Investment_Trust,0
2026-04-23,2031,7000,Dealer_self,23084
2026-04-23,2031,0,Dealer_Hedging,0
2026-04-24,2031,77000,Foreign_Investor,339000
2026-04-24,2031,0,Foreign_Dealer_Self,0
2026-04-24,2031,0,Investment_Trust,3000
2026-04-24,2031,2000,Dealer_self,3268
2026-04-24,2031,0,Dealer_Hedging,0
2026-04-27,2031,309000,Foreign_Investor,243601
2026-04-27,2031,0,Foreign_Dealer_Self,0
2026-04-27,2031,0,Investment_Trust,3000
2026-04-27,2031,1000,Dealer_self,13956
2026-04-27,2031,0,Dealer_Hedging,0
2026-04-28,2031,749000,Foreign_Investor,175000
2026-04-28,2031,0,Foreign_Dealer_Self,0
2026-04-28,2031,0,Investment_Trust,0
2026-04-28,2031,0,Dealer_self,0
2026-04-28,2031,0,Dealer_Hedging,0
2026-04-29,2031,474000,Foreign_Investor,181000
2026-04-29,2031,0,Foreign_Dealer_Self,0
2026-04-29,2031,300000,Investment_Trust,0
2026-04-29,2031,0,Dealer_self,0
2026-04-29,2031,0,Dealer_Hedging,0
2026-04-30,2031,196000,Foreign_Investor,352000
2026-04-30,2031,0,Foreign_Dealer_Self,0
2026-04-30,2031,350000,Investment_Trust,0
2026-04-30,2031,4000,Dealer_self,7000
2026-04-30,2031,0,Dealer_Hedging,0
2026-05-04,2031,412500,Foreign_Investor,287000
2026-05-04,2031,0,Foreign_Dealer_Self,0
2026-05-04,2031,350000,Investment_Trust,2000
2026-05-04,2031,0,Dealer_self,1000
2026-05-04,2031,0,Dealer_Hedging,0
2026-05-05,2031,411000,Foreign_Investor,290001
2026-05-05,2031,0,Foreign_Dealer_Self,0
2026-05-05,2031,356349,Investment_Trust,0
2026-05-05,2031,0,Dealer_self,613
2026-05-05,2031,0,Dealer_Hedging,0
2026-05-06,2031,321000,Foreign_Investor,1630000
2026-05-06,2031,0,Foreign_Dealer_Self,0
2026-05-06,2031,0,Investment_Trust,11511
2026-05-06,2031,142000,Dealer_self,10415
2026-05-06,2031,0,Dealer_Hedging,0
2026-05-07,2031,160026,Foreign_Investor,288000
2026-05-07,2031,0,Foreign_Dealer_Self,0
2026-05-07,2031,0,Investment_Trust,38935
2026-05-07,2031,33000,Dealer_self,5004
2026-05-07,2031,0,Dealer_Hedging,0
2026-05-08,2031,152000,Foreign_Investor,362000
2026-05-08,2031,0,Foreign_Dealer_Self,0
2026-05-08,2031,0,Investment_Trust,16012
2026-05-08,2031,35000,Dealer_self,4257
2026-05-08,2031,0,Dealer_Hedging,0
2026-05-11,2031,512055,Foreign_Investor,120036
2026-05-11,2031,0,Foreign_Dealer_Self,0
2026-05-11,2031,0,Investment_Trust,26000
2026-05-11,2031,0,Dealer_self,3181
2026-05-11,2031,0,Dealer_Hedging,0
2026-05-12,2031,113050,Foreign_Investor,367500
2026-05-12,2031,0,Foreign_Dealer_Self,0
2026-05-12,2031,0,Investment_Trust,19163
2026-05-12,2031,104000,Dealer_self,9488
2026-05-12,2031,0,Dealer_Hedging,0
2026-05-13,2031,75000,Foreign_Investor,655000
2026-05-13,2031,0,Foreign_Dealer_Self,0
2026-05-13,2031,0,Investment_Trust,15498
2026-05-13,2031,35000,Dealer_self,7535
2026-05-13,2031,0,Dealer_Hedging,0
2026-05-14,2031,208000,Foreign_Investor,176000
2026-05-14,2031,0,Foreign_Dealer_Self,0
2026-05-14,2031,0,Investment_Trust,19164
2026-05-14,2031,8000,Dealer_self,2029
2026-05-14,2031,0,Dealer_Hedging,0
2026-05-15,2031,152000,Foreign_Investor,437000
2026-05-15,2031,0,Foreign_Dealer_Self,0
2026-05-15,2031,0,Investment_Trust,0
2026-05-15,2031,61000,Dealer_self,1711
2026-05-15,2031,0,Dealer_Hedging,0
2026-05-18,2031,262000,Foreign_Investor,443000
2026-05-18,2031,0,Foreign_Dealer_Self,0
2026-05-18,2031,0,Investment_Trust,5833
2026-05-18,2031,66000,Dealer_self,3681
2026-05-18,2031,0,Dealer_Hedging,0
2026-05-19,2031,134000,Foreign_Investor,191000
2026-05-19,2031,0,Foreign_Dealer_Self,0
2026-05-19,2031,0,Investment_Trust,23985
2026-05-19,2031,7000,Dealer_self,12263
2026-05-19,2031,0,Dealer_Hedging,0
2026-05-20,2031,195000,Foreign_Investor,287000
2026-05-20,2031,0,Foreign_Dealer_Self,0
2026-05-20,2031,0,Investment_Trust,3780
2026-05-20,2031,24000,Dealer_self,11083
2026-05-20,2031,0,Dealer_Hedging,0
2026-05-21,2031,403030,Foreign_Investor,80000
2026-05-21,2031,0,Foreign_Dealer_Self,0
2026-05-21,2031,0,Investment_Trust,3780
2026-05-21,2031,4000,Dealer_self,5599
2026-05-21,2031,0,Dealer_Hedging,0
2026-05-22,2031,165000,Foreign_Investor,362000
2026-05-22,2031,0,Foreign_Dealer_Self,0
2026-05-22,2031,0,Investment_Trust,7560
2026-05-22,2031,6000,Dealer_self,5742
2026-05-22,2031,0,Dealer_Hedging,0
2026-05-25,2031,695016,Foreign_Investor,308000
2026-05-25,2031,0,Foreign_Dealer_Self,0
2026-05-25,2031,0,Investment_Trust,13342
2026-05-25,2031,9000,Dealer_self,1803
2026-05-25,2031,0,Dealer_Hedging,0
2026-05-26,2031,295000,Foreign_Investor,753000
2026-05-26,2031,0,Foreign_Dealer_Self,0
2026-05-26,2031,0,Investment_Trust,7564
2026-05-26,2031,2000,Dealer_self,2004
2026-05-26,2031,0,Dealer_Hedging,0
2026-05-27,2031,247064,Foreign_Investor,274000
2026-05-27,2031,0,Foreign_Dealer_Self,0
2026-05-27,2031,0,Investment_Trust,21908
2026-05-27,2031,3000,Dealer_self,415
2026-05-27,2031,0,Dealer_Hedging,0
2026-05-28,2031,236000,Foreign_Investor,396000
2026-05-28,2031,0,Foreign_Dealer_Self,0
2026-05-28,2031,0,Investment_Trust,18913
2026-05-28,2031,4042,Dealer_self,4649
2026-05-28,2031,0,Dealer_Hedging,0
2026-05-29,2031,749338,Foreign_Investor,179000
2026-05-29,2031,0,Foreign_Dealer_Self,0
2026-05-29,2031,0,Investment_Trust,18126
2026-05-29,2031,52000,Dealer_self,2000
2026-05-29,2031,0,Dealer_Hedging,0
2026-06-01,2031,569000,Foreign_Investor,278000
2026-06-01,2031,0,Foreign_Dealer_Self,0
2026-06-01,2031,0,Investment_Trust,15129
2026-06-01,2031,4000,Dealer_self,2000
2026-06-01,2031,0,Dealer_Hedging,0
2026-06-02,2031,183410,Foreign_Investor,392000
2026-06-02,2031,0,Foreign_Dealer_Self,0
2026-06-02,2031,0,Investment_Trust,20910
2026-06-02,2031,0,Dealer_self,4000
2026-06-02,2031,0,Dealer_Hedging,0
2026-06-03,2031,2168000,Foreign_Investor,395000
2026-06-03,2031,0,Foreign_Dealer_Self,0
2026-06-03,2031,0,Investment_Trust,15125
2026-06-03,2031,4952,Dealer_self,3000
2026-06-03,2031,0,Dealer_Hedging,0
2026-06-04,2031,1206200,Foreign_Investor,622000
2026-06-04,2031,0,Foreign_Dealer_Self,0
2026-06-04,2031,0,Investment_Trust,8562
2026-06-04,2031,6856,Dealer_self,7000
2026-06-04,2031,0,Dealer_Hedging,0
2026-06-05,2031,1062000,Foreign_Investor,456350
2026-06-05,2031,0,Foreign_Dealer_Self,0
2026-06-05,2031,0,Investment_Trust,20902
2026-06-05,2031,5000,Dealer_self,8000
2026-06-05,2031,0,Dealer_Hedging,0
2026-06-08,2031,766190,Foreign_Investor,1904040
2026-06-08,2031,0,Foreign_Dealer_Self,0
2026-06-08,2031,0,Investment_Trust,11349
2026-06-08,2031,55,Dealer_self,0
2026-06-08,2031,0,Dealer_Hedging,0
2026-06-09,2031,527424,Foreign_Investor,1128799
2026-06-09,2031,0,Foreign_Dealer_Self,0
2026-06-09,2031,0,Investment_Trust,15347
2026-06-09,2031,0,Dealer_self,7000
2026-06-09,2031,0,Dealer_Hedging,0
2026-06-10,2031,0,Foreign_Dealer_Self,0
2026-06-10,2031,546000,Foreign_Investor,884040
2026-06-10,2031,0,Investment_Trust,7566
2026-06-10,2031,8000,Dealer_self,7000
2026-06-10,2031,0,Dealer_Hedging,0
2026-06-11,2031,403535,Foreign_Investor,882000
2026-06-11,2031,0,Foreign_Dealer_Self,0
2026-06-11,2031,0,Investment_Trust,0
2026-06-11,2031,14000,Dealer_self,5000
2026-06-11,2031,0,Dealer_Hedging,0
2026-06-12,2031,0,Foreign_Dealer_Self,0
2026-06-12,2031,0,Dealer_Hedging,0
2026-06-12,2031,786000,Foreign_Investor,1421680
2026-06-12,2031,0,Investment_Trust,3785
2026-06-12,2031,2000,Dealer_self,3000
2026-06-15,2031,744054,Foreign_Investor,1076000
2026-06-15,2031,0,Foreign_Dealer_Self,0
2026-06-15,2031,0,Investment_Trust,0
2026-06-15,2031,14000,Dealer_self,488506
2026-06-15,2031,0,Dealer_Hedging,0
2026-06-16,2031,0,Foreign_Dealer_Self,0
2026-06-16,2031,212000,Foreign_Investor,1016000
2026-06-16,2031,0,Investment_Trust,3802
2026-06-16,2031,19000,Dealer_self,47470
2026-06-16,2031,0,Dealer_Hedging,0
2026-06-17,2031,0,Foreign_Dealer_Self,0
2026-06-17,2031,0,Dealer_Hedging,0
2026-06-17,2031,789057,Foreign_Investor,220000
2026-06-17,2031,0,Investment_Trust,3807
2026-06-17,2031,27000,Dealer_self,122162
2026-06-18,2031,0,Foreign_Dealer_Self,0
2026-06-18,2031,262923,Foreign_Investor,352000
2026-06-18,2031,0,Investment_Trust,11456
2026-06-18,2031,0,Dealer_self,0
2026-06-18,2031,0,Dealer_Hedging,0
2026-06-19,2031,0,Foreign_Dealer_Self,0
2026-06-19,2031,134000,Foreign_Investor,192000
2026-06-19,2031,0,Investment_Trust,0
2026-06-19,2031,0,Dealer_self,2000
2026-06-19,2031,2000,Dealer_Hedging,3000
2026-06-22,2031,307838,Foreign_Investor,351043
2026-06-22,2031,0,Foreign_Dealer_Self,0
2026-06-22,2031,0,Investment_Trust,3819
2026-06-22,2031,3000,Dealer_self,2000
2026-06-22,2031,0,Dealer_Hedging,0
2026-06-23,2031,417311,Foreign_Investor,356383
2026-06-23,2031,0,Foreign_Dealer_Self,0
2026-06-23,2031,0,Investment_Trust,7660
2026-06-23,2031,3000,Dealer_self,0
2026-06-23,2031,0,Dealer_Hedging,0
2026-06-24,2031,402000,Foreign_Investor,384000
2026-06-24,2031,0,Foreign_Dealer_Self,0
2026-06-24,2031,0,Investment_Trust,11502
2026-06-24,2031,4000,Dealer_self,9131
2026-06-24,2031,0,Dealer_Hedging,0
2026-06-25,2031,0,Foreign_Dealer_Self,0
2026-06-25,2031,306384,Foreign_Investor,347404
2026-06-25,2031,0,Investment_Trust,0
2026-06-25,2031,0,Dealer_self,489
2026-06-25,2031,0,Dealer_Hedging,17068
2026-06-26,2031,0,Foreign_Dealer_Self,0
2026-06-26,2031,0,Dealer_Hedging,0
2026-06-26,2031,297004,Foreign_Investor,341192
2026-06-26,2031,0,Investment_Trust,0
2026-06-26,2031,4000,Dealer_self,5100
2026-06-29,2031,150013,Foreign_Investor,282035
2026-06-29,2031,0,Foreign_Dealer_Self,0
2026-06-29,2031,0,Investment_Trust,1000
2026-06-29,2031,3000,Dealer_self,2618
2026-06-29,2031,0,Dealer_Hedging,0
2026-06-30,2031,49000,Foreign_Investor,774000
2026-06-30,2031,0,Foreign_Dealer_Self,0
2026-06-30,2031,0,Investment_Trust,3849
2026-06-30,2031,6000,Dealer_self,7155
2026-06-30,2031,0,Dealer_Hedging,0
2026-07-01,2031,134000,Foreign_Investor,386441
2026-07-01,2031,0,Foreign_Dealer_Self,0
2026-07-01,2031,30000,Investment_Trust,3850
2026-07-01,2031,14000,Dealer_self,11434
2026-07-01,2031,0,Dealer_Hedging,0
2026-07-02,2031,255688,Foreign_Investor,114000
2026-07-02,2031,0,Foreign_Dealer_Self,0
2026-07-02,2031,30000,Investment_Trust,7712
2026-07-02,2031,4000,Dealer_self,5000
2026-07-02,2031,0,Dealer_Hedging,0
2026-07-03,2031,0,Foreign_Dealer_Self,0
2026-07-03,2031,569299,Foreign_Investor,136000
2026-07-03,2031,100000,Investment_Trust,7745
2026-07-03,2031,1000,Dealer_self,4000
2026-07-03,2031,0,Dealer_Hedging,0
2026-07-06,2031,353073,Foreign_Investor,223069
2026-07-06,2031,0,Foreign_Dealer_Self,0
2026-07-06,2031,100000,Investment_Trust,7742
2026-07-06,2031,0,Dealer_self,0
2026-07-06,2031,0,Dealer_Hedging,0
2026-07-07,2031,118000,Foreign_Investor,249250
2026-07-07,2031,0,Foreign_Dealer_Self,0
2026-07-07,2031,50000,Investment_Trust,5874
2026-07-07,2031,5000,Dealer_self,0
2026-07-07,2031,2000,Dealer_Hedging,0
2026-07-08,2031,158000,Foreign_Investor,341000
2026-07-08,2031,0,Foreign_Dealer_Self,0
2026-07-08,2031,0,Investment_Trust,0
2026-07-08,2031,2000,Dealer_self,3931
2026-07-08,2031,0,Dealer_Hedging,0
2026-07-09,2031,160589,Foreign_Investor,178107
2026-07-09,2031,0,Foreign_Dealer_Self,0
2026-07-09,2031,100000,Investment_Trust,3876
2026-07-09,2031,0,Dealer_self,2360
2026-07-09,2031,1000,Dealer_Hedging,0
2026-07-13,2031,1080511,Foreign_Investor,91000
2026-07-13,2031,0,Foreign_Dealer_Self,0
2026-07-13,2031,80000,Investment_Trust,0
2026-07-13,2031,7000,Dealer_self,4000
2026-07-13,2031,0,Dealer_Hedging,0
2026-07-14,2031,403000,Foreign_Investor,181000
2026-07-14,2031,0,Foreign_Dealer_Self,0
2026-07-14,2031,0,Investment_Trust,0
2026-07-14,2031,13000,Dealer_self,5000
2026-07-14,2031,0,Dealer_Hedging,200
2026-07-15,2031,880762,Foreign_Investor,89000
2026-07-15,2031,0,Foreign_Dealer_Self,0
2026-07-15,2031,0,Investment_Trust,0
2026-07-15,2031,13000,Dealer_self,21000
2026-07-15,2031,14842,Dealer_Hedging,0
2026-07-16,2031,744635,Foreign_Investor,176000
2026-07-16,2031,0,Foreign_Dealer_Self,0
2026-07-16,2031,0,Investment_Trust,0
2026-07-16,2031,6000,Dealer_self,0
2026-07-16,2031,881,Dealer_Hedging,5864
2026-07-17,2031,412000,Foreign_Investor,470000
2026-07-17,2031,0,Foreign_Dealer_Self,0
2026-07-17,2031,0,Investment_Trust,0
2026-07-17,2031,5000,Dealer_self,6000
2026-07-17,2031,0,Dealer_Hedging,5262
2026-07-20,2031,298761,Foreign_Investor,395000
2026-07-20,2031,0,Foreign_Dealer_Self,0
2026-07-20,2031,4417,Investment_Trust,0
2026-07-20,2031,13000,Dealer_self,0
2026-07-20,2031,24,Dealer_Hedging,0
2026-07-21,2031,114000,Foreign_Investor,175839
2026-07-21,2031,0,Foreign_Dealer_Self,0
2026-07-21,2031,101000,Investment_Trust,0
2026-07-21,2031,0,Dealer_self,4005
2026-07-21,2031,0,Dealer_Hedging,256
2026-07-22,2031,563848,Foreign_Investor,95264
2026-07-22,2031,0,Foreign_Dealer_Self,0
2026-07-22,2031,0,Investment_Trust,15610
2026-07-22,2031,2000,Dealer_self,21000
2026-07-22,2031,737,Dealer_Hedging,0
2026-07-23,2031,430172,Foreign_Investor,130000
2026-07-23,2031,0,Foreign_Dealer_Self,0
2026-07-23,2031,0,Investment_Trust,0
2026-07-23,2031,1000,Dealer_self,1450
2026-07-23,2031,61980,Dealer_Hedging,80
