date,stock_id,buy,name,sell
2024-05-13,2059,335000,Foreign_Investor,214000
2024-05-13,2059,0,Foreign_Dealer_Self,0
2024-05-13,2059,1000,Investment_Trust,20000
2024-05-13,2059,0,Dealer_self,4000
2024-05-13,2059,5393,Dealer_Hedging,5320
2024-05-14,2059,393570,Foreign_Investor,289000
2024-05-14,2059,0,Foreign_Dealer_Self,0
2024-05-14,2059,0,Investment_Trust,9000
2024-05-14,2059,2000,Dealer_self,0
2024-05-14,2059,11538,Dealer_Hedging,5831
2024-05-15,2059,620000,Foreign_Investor,345400
2024-05-15,2059,0,Foreign_Dealer_Self,0
2024-05-15,2059,49000,Investment_Trust,12277
2024-05-15,2059,9000,Dealer_self,13000
2024-05-15,2059,32851,Dealer_Hedging,29779
2024-05-16,2059,267883,Foreign_Investor,268000
2024-05-16,2059,0,Foreign_Dealer_Self,0
2024-05-16,2059,1000,Investment_Trust,11000
2024-05-16,2059,0,Dealer_self,25000
2024-05-16,2059,4990,Dealer_Hedging,20389
2024-05-17,2059,105004,Foreign_Investor,115000
2024-05-17,2059,0,Foreign_Dealer_Self,0
2024-05-17,2059,0,Investment_Trust,14600
2024-05-17,2059,25000,Dealer_self,0
2024-05-17,2059,3360,Dealer_Hedging,8348
2024-05-20,2059,244000,Foreign_Investor,356001
2024-05-20,2059,0,Foreign_Dealer_Self,0
2024-05-20,2059,31000,Investment_Trust,20478
2024-05-20,2059,40000,Dealer_self,19000
2024-05-20,2059,21690,Dealer_Hedging,28693
2024-05-21,2059,500000,Foreign_Investor,86700
2024-05-21,2059,0,Foreign_Dealer_Self,0
2024-05-21,2059,1000,Investment_Trust,16000
2024-05-21,2059,4000,Dealer_self,8000
2024-05-21,2059,33383,Dealer_Hedging,8169
2024-05-22,2059,283000,Foreign_Investor,259000
2024-05-22,2059,0,Foreign_Dealer_Self,0
2024-05-22,2059,0,Investment_Trust,2284
2024-05-22,2059,2000,Dealer_self,12000
2024-05-22,2059,11577,Dealer_Hedging,14313
2024-05-23,2059,437758,Foreign_Investor,417000
2024-05-23,2059,0,Foreign_Dealer_Self,0
2024-05-23,2059,30000,Investment_Trust,7564
2024-05-23,2059,1000,Dealer_self,9000
2024-05-23,2059,10797,Dealer_Hedging,28312
2024-05-24,2059,148000,Foreign_Investor,264044
2024-05-24,2059,0,Foreign_Dealer_Self,0
2024-05-24,2059,0,Investment_Trust,0
2024-05-24,2059,2000,Dealer_self,6000
2024-05-24,2059,14482,Dealer_Hedging,19766
2024-05-27,2059,254000,Foreign_Investor,262020
2024-05-27,2059,0,Foreign_Dealer_Self,0
2024-05-27,2059,4000,Investment_Trust,24283
2024-05-27,2059,24000,Dealer_self,15000
2024-05-27,2059,17668,Dealer_Hedging,10960
2024-05-28,2059,174717,Foreign_Investor,365000
2024-05-28,2059,0,Foreign_Dealer_Self,0
2024-05-28,2059,0,Investment_Trust,245000
2024-05-28,2059,24000,Dealer_self,8000
2024-05-28,2059,40526,Dealer_Hedging,47484
2024-05-29,2059,741600,Foreign_Investor,274107
2024-05-29,2059,0,Foreign_Dealer_Self,0
2024-05-29,2059,0,Investment_Trust,276000
2024-05-29,2059,13000,Dealer_self,20000
2024-05-29,2059,35725,Dealer_Hedging,16053
2024-05-30,2059,423020,Foreign_Investor,477007
2024-05-30,2059,0,Foreign_Dealer_Self,0
2024-05-30,2059,0,Investment_Trust,342281
2024-05-30,2059,2100,Dealer_self,16000
2024-05-30,2059,56708,Dealer_Hedging,73779
2024-05-31,2059,717000,Foreign_Investor,562128
2024-05-31,2059,0,Foreign_Dealer_Self,0
2024-05-31,2059,56000,Investment_Trust,500000
2024-05-31,2059,11000,Dealer_self,12000
2024-05-31,2059,40157,Dealer_Hedging,45714
2024-06-03,2059,492400,Foreign_Investor,343000
2024-06-03,2059,0,Foreign_Dealer_Self,0
2024-06-03,2059,13000,Investment_Trust,188000
2024-06-03,2059,62000,Dealer_self,12867
2024-06-03,2059,26958,Dealer_Hedging,18437
2024-06-04,2059,404109,Foreign_Investor,348000
2024-06-04,2059,0,Foreign_Dealer_Self,0
2024-06-04,2059,0,Investment_Trust,16000
2024-06-04,2059,20000,Dealer_self,0
2024-06-04,2059,12431,Dealer_Hedging,21032
2024-06-05,2059,222376,Foreign_Investor,427000
2024-06-05,2059,0,Foreign_Dealer_Self,0
2024-06-05,2059,1000,Investment_Trust,72563
2024-06-05,2059,23100,Dealer_self,44000
2024-06-05,2059,34806,Dealer_Hedging,32037
2024-06-06,2059,315700,Foreign_Investor,425401
2024-06-06,2059,0,Foreign_Dealer_Self,0
2024-06-06,2059,0,Investment_Trust,38000
2024-06-06,2059,31000,Dealer_self,28000
2024-06-06,2059,78187,Dealer_Hedging,30100
2024-06-07,2059,276800,Foreign_Investor,687100
2024-06-07,2059,0,Foreign_Dealer_Self,0
2024-06-07,2059,192000,Investment_Trust,7000
2024-06-07,2059,2000,Dealer_self,28000
2024-06-07,2059,26088,Dealer_Hedging,22674
2024-06-11,2059,411000,Foreign_Investor,411132
2024-06-11,2059,0,Foreign_Dealer_Self,0
2024-06-11,2059,8000,Dealer_self,30000
2024-06-11,2059,28585,Dealer_Hedging,21505
2024-06-11,2059,46000,Investment_Trust,13000
2024-06-12,2059,653000,Foreign_Investor,336100
2024-06-12,2059,0,Foreign_Dealer_Self,0
2024-06-12,2059,26500,Investment_Trust,0
2024-06-12,2059,1000,Dealer_self,34000
2024-06-12,2059,37304,Dealer_Hedging,24983
2024-06-13,2059,0,Foreign_Dealer_Self,0
2024-06-13,2059,32000,Investment_Trust,2000
2024-06-13,2059,2000,Dealer_self,23000
2024-06-13,2059,18322,Dealer_Hedging,31363
2024-06-13,2059,383100,Foreign_Investor,462239
2024-06-14,2059,143000,Foreign_Investor,260000
2024-06-14,2059,0,Foreign_Dealer_Self,0
2024-06-14,2059,0,Investment_Trust,57000
2024-06-14,2059,14000,Dealer_self,100
2024-06-14,2059,10234,Dealer_Hedging,15410
2024-06-17,2059,598000,Foreign_Investor,410000
2024-06-17,2059,0,Foreign_Dealer_Self,0
2024-06-17,2059,0,Investment_Trust,15000
2024-06-17,2059,2000,Dealer_self,16000
2024-06-17,2059,19027,Dealer_Hedging,10273
2024-06-18,2059,214000,Foreign_Investor,419210
2024-06-18,2059,0,Foreign_Dealer_Self,0
2024-06-18,2059,0,Investment_Trust,2297
2024-06-18,2059,18000,Dealer_self,0
2024-06-18,2059,16499,Dealer_Hedging,19965
2024-06-19,2059,404105,Foreign_Investor,445046
2024-06-19,2059,0,Foreign_Dealer_Self,0
2024-06-19,2059,0,Investment_Trust,118000
2024-06-19,2059,101000,Dealer_self,46000
2024-06-19,2059,50386,Dealer_Hedging,60168
2024-06-20,2059,506000,Foreign_Investor,141100
2024-06-20,2059,0,Foreign_Dealer_Self,0
2024-06-20,2059,1000,Investment_Trust,3000
2024-06-20,2059,8000,Dealer_self,12000
2024-06-20,2059,44214,Dealer_Hedging,13574
2024-06-21,2059,338000,Foreign_Investor,275226
2024-06-21,2059,0,Foreign_Dealer_Self,0
2024-06-21,2059,3000,Investment_Trust,137000
2024-06-21,2059,3000,Dealer_self,18000
2024-06-21,2059,19215,Dealer_Hedging,32586
2024-06-24,2059,305180,Foreign_Investor,224066
2024-06-24,2059,0,Foreign_Dealer_Self,0
2024-06-24,2059,1000,Investment_Trust,5000
2024-06-24,2059,10000,Dealer_self,10000
2024-06-24,2059,7317,Dealer_Hedging,12761
2024-06-25,2059,419000,Foreign_Investor,328034
2024-06-25,2059,0,Foreign_Dealer_Self,0
2024-06-25,2059,2000,Dealer_self,10000
2024-06-25,2059,41280,Dealer_Hedging,19447
2024-06-25,2059,0,Investment_Trust,5000
2024-06-26,2059,630000,Foreign_Investor,325110
2024-06-26,2059,0,Foreign_Dealer_Self,0
2024-06-26,2059,2000,Investment_Trust,110000
2024-06-26,2059,1020,Dealer_self,4000
2024-06-26,2059,43716,Dealer_Hedging,37748
2024-06-27,2059,133000,Foreign_Investor,206250
2024-06-27,2059,0,Foreign_Dealer_Self,0
2024-06-27,2059,0,Investment_Trust,0
2024-06-27,2059,1000,Dealer_self,1000
2024-06-27,2059,13282,Dealer_Hedging,23393
2024-06-28,2059,175000,Foreign_Investor,139360
2024-06-28,2059,0,Foreign_Dealer_Self,0
2024-06-28,2059,0,Investment_Trust,0
2024-06-28,2059,20000,Dealer_self,2000
2024-06-28,2059,22107,Dealer_Hedging,14085
2024-07-01,2059,120000,Foreign_Investor,189000
2024-07-01,2059,0,Foreign_Dealer_Self,0
2024-07-01,2059,2000,Investment_Trust,2500
2024-07-01,2059,7184,Dealer_self,1878
2024-07-01,2059,3028,Dealer_Hedging,18669
2024-07-02,2059,164000,Foreign_Investor,121030
2024-07-02,2059,0,Foreign_Dealer_Self,0
2024-07-02,2059,0,Investment_Trust,0
2024-07-02,2059,13941,Dealer_self,15490
2024-07-02,2059,5270,Dealer_Hedging,12000
2024-07-03,2059,443240,Foreign_Investor,197000
2024-07-03,2059,0,Foreign_Dealer_Self,0
2024-07-03,2059,0,Investment_Trust,2000
2024-07-03,2059,41552,Dealer_self,13252
2024-07-03,2059,31943,Dealer_Hedging,9000
2024-07-04,2059,608800,Foreign_Investor,437000
2024-07-04,2059,0,Foreign_Dealer_Self,0
2024-07-04,2059,0,Investment_Trust,33000
2024-07-04,2059,101462,Dealer_self,55536
2024-07-04,2059,106716,Dealer_Hedging,16440
2024-07-05,2059,402418,Foreign_Investor,252000
2024-07-05,2059,0,Foreign_Dealer_Self,0
2024-07-05,2059,3000,Investment_Trust,265
2024-07-05,2059,20222,Dealer_self,16042
2024-07-05,2059,35472,Dealer_Hedging,36890
2024-07-08,2059,368000,Foreign_Investor,432000
2024-07-08,2059,0,Foreign_Dealer_Self,0
2024-07-08,2059,0,Investment_Trust,223
2024-07-08,2059,31241,Dealer_self,71103
2024-07-08,2059,32623,Dealer_Hedging,49516
2024-07-09,2059,256042,Foreign_Investor,413000
2024-07-09,2059,0,Foreign_Dealer_Self,0
2024-07-09,2059,5000,Investment_Trust,0
2024-07-09,2059,11868,Dealer_self,22684
2024-07-09,2059,11994,Dealer_Hedging,43876
2024-07-10,2059,146000,Foreign_Investor,170000
2024-07-10,2059,0,Foreign_Dealer_Self,0
2024-07-10,2059,5000,Investment_Trust,0
2024-07-10,2059,10054,Dealer_self,18774
2024-07-10,2059,15285,Dealer_Hedging,37842
2024-07-11,2059,222000,Foreign_Investor,216954
2024-07-11,2059,0,Foreign_Dealer_Self,0
2024-07-11,2059,2000,Investment_Trust,0
2024-07-11,2059,20433,Dealer_self,59534
2024-07-11,2059,9279,Dealer_Hedging,35642
2024-07-12,2059,261000,Foreign_Investor,266000
2024-07-12,2059,0,Foreign_Dealer_Self,0
2024-07-12,2059,8000,Investment_Trust,0
2024-07-12,2059,17562,Dealer_self,31268
2024-07-12,2059,8304,Dealer_Hedging,25021
2024-07-15,2059,361300,Foreign_Investor,381000
2024-07-15,2059,0,Foreign_Dealer_Self,0
2024-07-15,2059,2000,Investment_Trust,17000
2024-07-15,2059,28777,Dealer_self,17549
2024-07-15,2059,4917,Dealer_Hedging,12580
2024-07-16,2059,325000,Foreign_Investor,400700
2024-07-16,2059,0,Foreign_Dealer_Self,0
2024-07-16,2059,4000,Investment_Trust,0
2024-07-16,2059,37692,Dealer_self,23874
2024-07-16,2059,42011,Dealer_Hedging,12352
2024-07-17,2059,245500,Foreign_Investor,367000
2024-07-17,2059,0,Foreign_Dealer_Self,0
2024-07-17,2059,2000,Investment_Trust,13000
2024-07-17,2059,43365,Dealer_self,62921
2024-07-17,2059,13619,Dealer_Hedging,24919
2024-07-18,2059,394000,Foreign_Investor,429100
2024-07-18,2059,0,Foreign_Dealer_Self,0
2024-07-18,2059,70200,Dealer_self,58991
2024-07-18,2059,47066,Dealer_Hedging,39525
2024-07-18,2059,7000,Investment_Trust,6000
2024-07-19,2059,337120,Foreign_Investor,311000
2024-07-19,2059,0,Foreign_Dealer_Self,0
2024-07-19,2059,5000,Investment_Trust,88000
2024-07-19,2059,57000,Dealer_self,39983
2024-07-19,2059,15772,Dealer_Hedging,18643
2024-07-22,2059,347000,Foreign_Investor,326000
2024-07-22,2059,0,Foreign_Dealer_Self,0
2024-07-22,2059,2000,Investment_Trust,0
2024-07-22,2059,42186,Dealer_self,18226
2024-07-22,2059,26980,Dealer_Hedging,27076
2024-07-23,2059,200000,Foreign_Investor,254500
2024-07-23,2059,0,Foreign_Dealer_Self,0
2024-07-23,2059,5000,Investment_Trust,0
2024-07-23,2059,12000,Dealer_self,10673
2024-07-23,2059,29369,Dealer_Hedging,8339
2024-07-26,2059,363301,Foreign_Investor,452006
2024-07-26,2059,0,Foreign_Dealer_Self,0
2024-07-26,2059,2000,Investment_Trust,1000
2024-07-26,2059,36000,Dealer_self,33912
2024-07-26,2059,27035,Dealer_Hedging,25711
2024-07-29,2059,490001,Foreign_Investor,546000
2024-07-29,2059,0,Foreign_Dealer_Self,0
2024-07-29,2059,101000,Investment_Trust,14254
2024-07-29,2059,18504,Dealer_self,43969
2024-07-29,2059,31876,Dealer_Hedging,24463
2024-07-30,2059,460000,Foreign_Investor,794600
2024-07-30,2059,0,Foreign_Dealer_Self,0
2024-07-30,2059,56000,Investment_Trust,2272
2024-07-30,2059,47721,Dealer_self,35464
2024-07-30,2059,25571,Dealer_Hedging,42355
2024-07-31,2059,443200,Foreign_Investor,503000
2024-07-31,2059,0,Foreign_Dealer_Self,0
2024-07-31,2059,0,Investment_Trust,15000
2024-07-31,2059,53000,Dealer_self,29079
2024-07-31,2059,14103,Dealer_Hedging,15239
2024-08-01,2059,332000,Foreign_Investor,408243
2024-08-01,2059,0,Foreign_Dealer_Self,0
2024-08-01,2059,48000,Investment_Trust,0
2024-08-01,2059,32268,Dealer_self,8184
2024-08-01,2059,27308,Dealer_Hedging,8902
2024-08-02,2059,170000,Foreign_Investor,310000
2024-08-02,2059,0,Foreign_Dealer_Self,0
2024-08-02,2059,12000,Investment_Trust,0
2024-08-02,2059,37000,Dealer_self,53919
2024-08-02,2059,12606,Dealer_Hedging,31194
2024-08-05,2059,137000,Foreign_Investor,408790
2024-08-05,2059,0,Foreign_Dealer_Self,0
2024-08-05,2059,3000,Investment_Trust,0
2024-08-05,2059,20025,Dealer_self,41043
2024-08-05,2059,3456,Dealer_Hedging,68979
2024-08-06,2059,987000,Foreign_Investor,1156318
2024-08-06,2059,0,Foreign_Dealer_Self,0
2024-08-06,2059,14000,Investment_Trust,0
2024-08-06,2059,57709,Dealer_self,108809
2024-08-06,2059,72302,Dealer_Hedging,53463
2024-08-07,2059,487000,Foreign_Investor,542101
2024-08-07,2059,0,Foreign_Dealer_Self,0
2024-08-07,2059,229000,Investment_Trust,15000
2024-08-07,2059,23000,Dealer_self,42204
2024-08-07,2059,54029,Dealer_Hedging,8000
2024-08-08,2059,1288010,Foreign_Investor,1526991
2024-08-08,2059,0,Foreign_Dealer_Self,0
2024-08-08,2059,572000,Investment_Trust,5000
2024-08-08,2059,69640,Dealer_self,68455
2024-08-08,2059,48218,Dealer_Hedging,36178
2024-08-09,2059,747040,Foreign_Investor,816528
2024-08-09,2059,0,Foreign_Dealer_Self,0
2024-08-09,2059,163000,Investment_Trust,0
2024-08-09,2059,31823,Dealer_self,55790
2024-08-09,2059,9775,Dealer_Hedging,10630
2024-08-12,2059,224000,Foreign_Investor,166000
2024-08-12,2059,0,Foreign_Dealer_Self,0
2024-08-12,2059,0,Investment_Trust,0
2024-08-12,2059,19786,Dealer_self,14021
2024-08-12,2059,2051,Dealer_Hedging,10465
2024-08-13,2059,233000,Foreign_Investor,115276
2024-08-13,2059,0,Foreign_Dealer_Self,0
2024-08-13,2059,2000,Investment_Trust,0
2024-08-13,2059,14382,Dealer_self,32839
2024-08-13,2059,6379,Dealer_Hedging,4698
2024-08-14,2059,298010,Foreign_Investor,396000
2024-08-14,2059,0,Foreign_Dealer_Self,0
2024-08-14,2059,9709,Dealer_self,8933
2024-08-14,2059,22954,Dealer_Hedging,8075
2024-08-14,2059,216500,Investment_Trust,0
2024-08-15,2059,296005,Foreign_Investor,312000
2024-08-15,2059,0,Foreign_Dealer_Self,0
2024-08-15,2059,208000,Investment_Trust,9000
2024-08-15,2059,30352,Dealer_self,33040
2024-08-15,2059,17625,Dealer_Hedging,10207
2024-08-16,2059,328500,Foreign_Investor,486000
2024-08-16,2059,0,Foreign_Dealer_Self,0
2024-08-16,2059,197000,Investment_Trust,3000
2024-08-16,2059,39126,Dealer_self,30000
2024-08-16,2059,31774,Dealer_Hedging,15973
2024-08-19,2059,231000,Foreign_Investor,478000
2024-08-19,2059,0,Foreign_Dealer_Self,0
2024-08-19,2059,306000,Investment_Trust,1000
2024-08-19,2059,46930,Dealer_self,27338
2024-08-19,2059,22597,Dealer_Hedging,25968
2024-08-20,2059,211500,Foreign_Investor,334010
2024-08-20,2059,0,Foreign_Dealer_Self,0
2024-08-20,2059,1000,Investment_Trust,45414
2024-08-20,2059,22580,Dealer_self,29508
2024-08-20,2059,6776,Dealer_Hedging,53388
2024-08-21,2059,214000,Foreign_Investor,544225
2024-08-21,2059,0,Foreign_Dealer_Self,0
2024-08-21,2059,21000,Investment_Trust,0
2024-08-21,2059,115688,Dealer_self,9092
2024-08-21,2059,38601,Dealer_Hedging,14320
2024-08-22,2059,188100,Foreign_Investor,106720
2024-08-22,2059,0,Foreign_Dealer_Self,0
2024-08-22,2059,13000,Investment_Trust,0
2024-08-22,2059,9055,Dealer_self,8000
2024-08-22,2059,31195,Dealer_Hedging,8420
2024-08-23,2059,447000,Foreign_Investor,187000
2024-08-23,2059,0,Foreign_Dealer_Self,0
2024-08-23,2059,115000,Investment_Trust,0
2024-08-23,2059,56678,Dealer_self,20535
2024-08-23,2059,56663,Dealer_Hedging,6610
2024-08-26,2059,114000,Foreign_Investor,282000
2024-08-26,2059,0,Foreign_Dealer_Self,0
2024-08-26,2059,95000,Investment_Trust,0
2024-08-26,2059,3550,Dealer_self,9000
2024-08-26,2059,4824,Dealer_Hedging,36582
2024-08-27,2059,183100,Foreign_Investor,163000
2024-08-27,2059,0,Foreign_Dealer_Self,0
2024-08-27,2059,8000,Investment_Trust,12000
2024-08-27,2059,21898,Dealer_self,8100
2024-08-27,2059,28111,Dealer_Hedging,16919
2024-08-28,2059,112005,Foreign_Investor,144000
2024-08-28,2059,0,Foreign_Dealer_Self,0
2024-08-28,2059,31518,Dealer_self,19327
2024-08-28,2059,22675,Dealer_Hedging,25208
2024-08-28,2059,44500,Investment_Trust,0
2024-08-29,2059,423100,Foreign_Investor,205000
2024-08-29,2059,0,Foreign_Dealer_Self,0
2024-08-29,2059,31618,Dealer_self,45449
2024-08-29,2059,44694,Dealer_Hedging,30233
2024-08-29,2059,1000,Investment_Trust,127000
2024-08-30,2059,214860,Foreign_Investor,155000
2024-08-30,2059,0,Foreign_Dealer_Self,0
2024-08-30,2059,0,Investment_Trust,0
2024-08-30,2059,19736,Dealer_self,11000
2024-08-30,2059,12882,Dealer_Hedging,14550
2024-09-02,2059,81000,Foreign_Investor,160000
2024-09-02,2059,0,Foreign_Dealer_Self,0
2024-09-02,2059,10000,Investment_Trust,0
2024-09-02,2059,12831,Dealer_self,29168
2024-09-02,2059,2100,Dealer_Hedging,42245
2024-09-03,2059,0,Foreign_Dealer_Self,0
2024-09-03,2059,44000,Investment_Trust,0
2024-09-03,2059,5655,Dealer_self,8216
2024-09-03,2059,14686,Dealer_Hedging,7860
2024-09-03,2059,143000,Foreign_Investor,89647
2024-09-04,2059,383300,Foreign_Investor,367865
2024-09-04,2059,0,Foreign_Dealer_Self,0
2024-09-04,2059,30331,Dealer_self,68416
2024-09-04,2059,14412,Dealer_Hedging,62376
2024-09-04,2059,31000,Investment_Trust,0
2024-09-05,2059,163900,Foreign_Investor,297656
2024-09-05,2059,0,Foreign_Dealer_Self,0
2024-09-05,2059,1000,Investment_Trust,0
2024-09-05,2059,19154,Dealer_self,23997
2024-09-05,2059,3000,Dealer_Hedging,88935
2024-09-06,2059,229000,Foreign_Investor,124200
2024-09-06,2059,0,Foreign_Dealer_Self,0
2024-09-06,2059,3000,Investment_Trust,0
2024-09-06,2059,16798,Dealer_self,22944
2024-09-06,2059,54274,Dealer_Hedging,21764
2024-09-09,2059,266500,Foreign_Investor,286429
2024-09-09,2059,0,Foreign_Dealer_Self,0
2024-09-09,2059,6000,Investment_Trust,5000
2024-09-09,2059,18876,Dealer_self,17395
2024-09-09,2059,39338,Dealer_Hedging,35006
2024-09-10,2059,307410,Foreign_Investor,307900
2024-09-10,2059,0,Foreign_Dealer_Self,0
2024-09-10,2059,4000,Investment_Trust,15000
2024-09-10,2059,6879,Dealer_self,34395
2024-09-10,2059,9500,Dealer_Hedging,26763
2024-09-11,2059,186020,Foreign_Investor,168032
2024-09-11,2059,0,Foreign_Dealer_Self,0
2024-09-11,2059,2000,Investment_Trust,5000
2024-09-11,2059,7108,Dealer_self,6323
2024-09-11,2059,2890,Dealer_Hedging,8216
2024-09-12,2059,237500,Foreign_Investor,230000
2024-09-12,2059,0,Foreign_Dealer_Self,0
2024-09-12,2059,17000,Investment_Trust,0
2024-09-12,2059,38000,Dealer_self,16413
2024-09-12,2059,30648,Dealer_Hedging,4497
2024-09-13,2059,379000,Foreign_Investor,279109
2024-09-13,2059,0,Foreign_Dealer_Self,0
2024-09-13,2059,0,Investment_Trust,0
2024-09-13,2059,17642,Dealer_self,8000
2024-09-13,2059,31604,Dealer_Hedging,16635
2024-09-16,2059,228000,Foreign_Investor,231992
2024-09-16,2059,0,Foreign_Dealer_Self,0
2024-09-16,2059,8000,Investment_Trust,206
2024-09-16,2059,7835,Dealer_self,14000
2024-09-16,2059,14818,Dealer_Hedging,17858
2024-09-18,2059,368025,Foreign_Investor,314992
2024-09-18,2059,0,Foreign_Dealer_Self,0
2024-09-18,2059,0,Investment_Trust,0
2024-09-18,2059,18069,Dealer_self,12033
2024-09-18,2059,93,Dealer_Hedging,36587
2024-09-19,2059,0,Foreign_Dealer_Self,0
2024-09-19,2059,0,Investment_Trust,20000
2024-09-19,2059,13534,Dealer_self,11009
2024-09-19,2059,46670,Dealer_Hedging,8136
2024-09-19,2059,555000,Foreign_Investor,408400
2024-09-20,2059,517111,Foreign_Investor,708909
2024-09-20,2059,0,Foreign_Dealer_Self,0
2024-09-20,2059,12000,Investment_Trust,10000
2024-09-20,2059,51874,Dealer_self,41111
2024-09-20,2059,14173,Dealer_Hedging,35143
2024-09-23,2059,249016,Foreign_Investor,258000
2024-09-23,2059,0,Foreign_Dealer_Self,0
2024-09-23,2059,0,Investment_Trust,0
2024-09-23,2059,10169,Dealer_self,2000
2024-09-23,2059,7801,Dealer_Hedging,6798
2024-09-24,2059,172000,Foreign_Investor,107002
2024-09-24,2059,0,Foreign_Dealer_Self,0
2024-09-24,2059,0,Investment_Trust,275
2024-09-24,2059,4945,Dealer_self,7334
2024-09-24,2059,24254,Dealer_Hedging,24728
2024-09-25,2059,298100,Foreign_Investor,556100
2024-09-25,2059,0,Foreign_Dealer_Self,0
2024-09-25,2059,21000,Investment_Trust,0
2024-09-25,2059,43711,Dealer_self,17795
2024-09-25,2059,17594,Dealer_Hedging,14839
2024-09-26,2059,226050,Foreign_Investor,169600
2024-09-26,2059,0,Foreign_Dealer_Self,0
2024-09-26,2059,0,Investment_Trust,0
2024-09-26,2059,17200,Dealer_self,15484
2024-09-26,2059,7319,Dealer_Hedging,24399
2024-09-27,2059,946000,Foreign_Investor,760100
2024-09-27,2059,0,Foreign_Dealer_Self,0
2024-09-27,2059,29912,Dealer_self,26001
2024-09-27,2059,18484,Dealer_Hedging,13219
2024-09-27,2059,9000,Investment_Trust,6000
2024-09-30,2059,218062,Foreign_Investor,820000
2024-09-30,2059,0,Foreign_Dealer_Self,0
2024-09-30,2059,61057,Dealer_self,61076
2024-09-30,2059,13064,Dealer_Hedging,62736
2024-09-30,2059,9000,Investment_Trust,372000
2024-10-01,2059,564110,Foreign_Investor,260000
2024-10-01,2059,0,Foreign_Dealer_Self,0
2024-10-01,2059,0,Investment_Trust,392000
2024-10-01,2059,41064,Dealer_self,43391
2024-10-01,2059,6520,Dealer_Hedging,7152
2024-10-04,2059,432150,Foreign_Investor,255537
2024-10-04,2059,0,Foreign_Dealer_Self,0
2024-10-04,2059,26086,Dealer_self,28860
2024-10-04,2059,2064,Dealer_Hedging,18146
2024-10-04,2059,2000,Investment_Trust,207000
2024-10-07,2059,165100,Foreign_Investor,221000
2024-10-07,2059,0,Foreign_Dealer_Self,0
2024-10-07,2059,0,Investment_Trust,48000
2024-10-07,2059,27295,Dealer_self,11568
2024-10-07,2059,14398,Dealer_Hedging,1100
2024-10-08,2059,149000,Foreign_Investor,213200
2024-10-08,2059,0,Foreign_Dealer_Self,0
2024-10-08,2059,5000,Investment_Trust,0
2024-10-08,2059,10683,Dealer_self,9313
2024-10-08,2059,34876,Dealer_Hedging,6566
2024-10-09,2059,217200,Foreign_Investor,293000
2024-10-09,2059,0,Foreign_Dealer_Self,0
2024-10-09,2059,0,Investment_Trust,144270
2024-10-09,2059,44566,Dealer_self,75208
2024-10-09,2059,2500,Dealer_Hedging,34330
2024-10-11,2059,314000,Foreign_Investor,569200
2024-10-11,2059,0,Foreign_Dealer_Self,0
2024-10-11,2059,2000,Investment_Trust,34000
2024-10-11,2059,8342,Dealer_self,32329
2024-10-11,2059,23186,Dealer_Hedging,8591
2024-10-14,2059,674000,Foreign_Investor,850000
2024-10-14,2059,0,Foreign_Dealer_Self,0
2024-10-14,2059,45000,Investment_Trust,72000
2024-10-14,2059,33317,Dealer_self,26697
2024-10-14,2059,20708,Dealer_Hedging,10005
2024-10-15,2059,0,Foreign_Dealer_Self,0
2024-10-15,2059,70000,Investment_Trust,10000
2024-10-15,2059,7630,Dealer_self,17394
2024-10-15,2059,20069,Dealer_Hedging,13320
2024-10-15,2059,534000,Foreign_Investor,766068
2024-10-16,2059,313000,Foreign_Investor,388121
2024-10-16,2059,0,Foreign_Dealer_Self,0
2024-10-16,2059,0,Investment_Trust,3000
2024-10-16,2059,16022,Dealer_self,10425
2024-10-16,2059,14183,Dealer_Hedging,31495
2024-10-17,2059,280274,Foreign_Investor,164270
2024-10-17,2059,0,Foreign_Dealer_Self,0
2024-10-17,2059,0,Investment_Trust,2000
2024-10-17,2059,11845,Dealer_self,7000
2024-10-17,2059,7633,Dealer_Hedging,2469
2024-10-18,2059,292000,Foreign_Investor,433000
2024-10-18,2059,0,Foreign_Dealer_Self,0
2024-10-18,2059,0,Investment_Trust,125000
2024-10-18,2059,14916,Dealer_self,16438
2024-10-18,2059,10712,Dealer_Hedging,18160
2024-10-21,2059,122000,Foreign_Investor,134600
2024-10-21,2059,0,Foreign_Dealer_Self,0
2024-10-21,2059,14000,Investment_Trust,32000
2024-10-21,2059,10139,Dealer_self,1062
2024-10-21,2059,8383,Dealer_Hedging,6768
2024-10-22,2059,449000,Foreign_Investor,156200
2024-10-22,2059,0,Foreign_Dealer_Self,0
2024-10-22,2059,32384,Dealer_self,9000
2024-10-22,2059,36640,Dealer_Hedging,17400
2024-10-22,2059,73000,Investment_Trust,0
2024-10-23,2059,728010,Foreign_Investor,1054000
2024-10-23,2059,0,Foreign_Dealer_Self,0
2024-10-23,2059,53677,Dealer_self,44800
2024-10-23,2059,67133,Dealer_Hedging,11406
2024-10-23,2059,229500,Investment_Trust,0
2024-10-24,2059,470004,Foreign_Investor,658000
2024-10-24,2059,0,Foreign_Dealer_Self,0
2024-10-24,2059,284000,Investment_Trust,32000
2024-10-24,2059,21147,Dealer_self,20000
2024-10-24,2059,15939,Dealer_Hedging,47990
2024-10-25,2059,332000,Foreign_Investor,502000
2024-10-25,2059,0,Foreign_Dealer_Self,0
2024-10-25,2059,315500,Investment_Trust,0
2024-10-25,2059,26391,Dealer_self,24105
2024-10-25,2059,32372,Dealer_Hedging,31108
2024-10-28,2059,401000,Foreign_Investor,616900
2024-10-28,2059,0,Foreign_Dealer_Self,0
2024-10-28,2059,51000,Investment_Trust,1000
2024-10-28,2059,40046,Dealer_self,17000
2024-10-28,2059,13776,Dealer_Hedging,33339
2024-10-29,2059,259000,Foreign_Investor,331000
2024-10-29,2059,0,Foreign_Dealer_Self,0
2024-10-29,2059,159000,Investment_Trust,0
2024-10-29,2059,8627,Dealer_self,13035
2024-10-29,2059,10998,Dealer_Hedging,22920
2024-10-30,2059,0,Foreign_Dealer_Self,0
2024-10-30,2059,232000,Investment_Trust,280
2024-10-30,2059,31004,Dealer_self,21325
2024-10-30,2059,29897,Dealer_Hedging,9445
2024-10-30,2059,312217,Foreign_Investor,422151
2024-11-01,2059,271500,Foreign_Investor,268151
2024-11-01,2059,0,Foreign_Dealer_Self,0
2024-11-01,2059,62000,Investment_Trust,0
2024-11-01,2059,16503,Dealer_self,13012
2024-11-01,2059,21923,Dealer_Hedging,20407
2024-11-04,2059,249000,Foreign_Investor,430190
2024-11-04,2059,0,Foreign_Dealer_Self,0
2024-11-04,2059,31000,Investment_Trust,0
2024-11-04,2059,7151,Dealer_self,17000
2024-11-04,2059,9391,Dealer_Hedging,24039
2024-11-05,2059,302000,Foreign_Investor,175000
2024-11-05,2059,0,Foreign_Dealer_Self,0
2024-11-05,2059,27000,Investment_Trust,0
2024-11-05,2059,35133,Dealer_self,10000
2024-11-05,2059,16239,Dealer_Hedging,7096
2024-11-06,2059,234126,Foreign_Investor,291000
2024-11-06,2059,0,Foreign_Dealer_Self,0
2024-11-06,2059,10840,Investment_Trust,0
2024-11-06,2059,11988,Dealer_self,6000
2024-11-06,2059,14459,Dealer_Hedging,9068
2024-11-07,2059,1117000,Foreign_Investor,1321005
2024-11-07,2059,0,Foreign_Dealer_Self,0
2024-11-07,2059,20000,Investment_Trust,0
2024-11-07,2059,68141,Dealer_self,54200
2024-11-07,2059,52952,Dealer_Hedging,36335
2024-11-08,2059,1516023,Foreign_Investor,1453302
2024-11-08,2059,0,Foreign_Dealer_Self,0
2024-11-08,2059,32000,Investment_Trust,0
2024-11-08,2059,99493,Dealer_self,34188
2024-11-08,2059,18699,Dealer_Hedging,35737
2024-11-11,2059,488229,Foreign_Investor,392000
2024-11-11,2059,0,Foreign_Dealer_Self,0
2024-11-11,2059,40000,Investment_Trust,0
2024-11-11,2059,19035,Dealer_self,27682
2024-11-11,2059,16544,Dealer_Hedging,20376
2024-11-12,2059,455006,Foreign_Investor,360510
2024-11-12,2059,0,Foreign_Dealer_Self,0
2024-11-12,2059,12000,Investment_Trust,0
2024-11-12,2059,16259,Dealer_self,34211
2024-11-12,2059,3000,Dealer_Hedging,34556
2024-11-13,2059,471000,Foreign_Investor,313000
2024-11-13,2059,0,Foreign_Dealer_Self,0
2024-11-13,2059,26000,Investment_Trust,0
2024-11-13,2059,6682,Dealer_self,32490
2024-11-13,2059,1520,Dealer_Hedging,18152
2024-11-14,2059,422000,Foreign_Investor,747000
2024-11-14,2059,0,Foreign_Dealer_Self,0
2024-11-14,2059,211000,Investment_Trust,0
2024-11-14,2059,13804,Dealer_self,42499
2024-11-14,2059,34327,Dealer_Hedging,11721
2024-11-15,2059,626000,Foreign_Investor,539000
2024-11-15,2059,0,Foreign_Dealer_Self,0
2024-11-15,2059,8000,Investment_Trust,91000
2024-11-15,2059,17123,Dealer_self,20363
2024-11-15,2059,14137,Dealer_Hedging,45831
2024-11-18,2059,430000,Foreign_Investor,276506
2024-11-18,2059,0,Foreign_Dealer_Self,0
2024-11-18,2059,99000,Investment_Trust,83000
2024-11-18,2059,6928,Dealer_self,32947
2024-11-18,2059,4163,Dealer_Hedging,28391
2024-11-19,2059,284000,Foreign_Investor,276002
2024-11-19,2059,0,Foreign_Dealer_Self,0
2024-11-19,2059,29300,Investment_Trust,1000
2024-11-19,2059,32226,Dealer_self,33952
2024-11-19,2059,32533,Dealer_Hedging,12401
2024-11-20,2059,424546,Foreign_Investor,583129
2024-11-20,2059,0,Foreign_Dealer_Self,0
2024-11-20,2059,25092,Dealer_self,37230
2024-11-20,2059,27439,Dealer_Hedging,28274
2024-11-20,2059,233200,Investment_Trust,0
2024-11-21,2059,334207,Foreign_Investor,403001
2024-11-21,2059,0,Foreign_Dealer_Self,0
2024-11-21,2059,197000,Investment_Trust,0
2024-11-21,2059,31303,Dealer_self,8169
2024-11-21,2059,23506,Dealer_Hedging,1359
2024-11-22,2059,449007,Foreign_Investor,731000
2024-11-22,2059,0,Foreign_Dealer_Self,0
2024-11-22,2059,81000,Investment_Trust,0
2024-11-22,2059,71367,Dealer_self,15046
2024-11-22,2059,13844,Dealer_Hedging,23318
2024-11-25,2059,447230,Foreign_Investor,273316
2024-11-25,2059,0,Foreign_Dealer_Self,0
2024-11-25,2059,39000,Investment_Trust,0
2024-11-25,2059,48825,Dealer_self,30233
2024-11-25,2059,27575,Dealer_Hedging,10878
2024-11-26,2059,743004,Foreign_Investor,533000
2024-11-26,2059,0,Foreign_Dealer_Self,0
2024-11-26,2059,21280,Dealer_self,15316
2024-11-26,2059,6032,Dealer_Hedging,11765
2024-11-26,2059,92000,Investment_Trust,14000
2024-11-27,2059,443915,Foreign_Investor,169000
2024-11-27,2059,0,Foreign_Dealer_Self,0
2024-11-27,2059,32452,Dealer_self,51267
2024-11-27,2059,3308,Dealer_Hedging,24927
2024-11-27,2059,69600,Investment_Trust,38000
2024-11-28,2059,590000,Foreign_Investor,230000
2024-11-28,2059,0,Foreign_Dealer_Self,0
2024-11-28,2059,24713,Dealer_self,14433
2024-11-28,2059,10495,Dealer_Hedging,17080
2024-11-28,2059,21000,Investment_Trust,0
2024-11-29,2059,340001,Foreign_Investor,325000
2024-11-29,2059,0,Foreign_Dealer_Self,0
2024-11-29,2059,45000,Investment_Trust,0
2024-11-29,2059,45777,Dealer_self,13653
2024-11-29,2059,59195,Dealer_Hedging,2670
2024-12-02,2059,0,Foreign_Dealer_Self,0
2024-12-02,2059,63095,Dealer_self,20356
2024-12-02,2059,12036,Dealer_Hedging,33391
2024-12-02,2059,273331,Foreign_Investor,397230
2024-12-02,2059,39000,Investment_Trust,0
2024-12-03,2059,881126,Foreign_Investor,682000
2024-12-03,2059,0,Foreign_Dealer_Self,0
2024-12-03,2059,19000,Investment_Trust,0
2024-12-03,2059,53665,Dealer_self,27530
2024-12-03,2059,15028,Dealer_Hedging,44885
2024-12-04,2059,587001,Foreign_Investor,454000
2024-12-04,2059,0,Foreign_Dealer_Self,0
2024-12-04,2059,155500,Investment_Trust,0
2024-12-04,2059,49531,Dealer_self,17038
2024-12-04,2059,27803,Dealer_Hedging,25971
2024-12-05,2059,1095417,Foreign_Investor,989000
2024-12-05,2059,0,Foreign_Dealer_Self,0
2024-12-05,2059,15585,Dealer_self,27216
2024-12-05,2059,25292,Dealer_Hedging,19159
2024-12-05,2059,49700,Investment_Trust,0
2024-12-06,2059,731001,Foreign_Investor,405000
2024-12-06,2059,0,Foreign_Dealer_Self,0
2024-12-06,2059,27000,Investment_Trust,0
2024-12-06,2059,19351,Dealer_self,36132
2024-12-06,2059,9984,Dealer_Hedging,29157
2024-12-09,2059,325006,Foreign_Investor,241706
2024-12-09,2059,0,Foreign_Dealer_Self,0
2024-12-09,2059,4000,Investment_Trust,0
2024-12-09,2059,10083,Dealer_self,14338
2024-12-09,2059,1323,Dealer_Hedging,5322
2024-12-10,2059,560322,Foreign_Investor,406000
2024-12-10,2059,0,Foreign_Dealer_Self,0
2024-12-10,2059,13272,Dealer_self,42708
2024-12-10,2059,2490,Dealer_Hedging,34611
2024-12-10,2059,12000,Investment_Trust,3000
2024-12-11,2059,689078,Foreign_Investor,279400
2024-12-11,2059,0,Foreign_Dealer_Self,0
2024-12-11,2059,14000,Investment_Trust,66000
2024-12-11,2059,66346,Dealer_self,21021
2024-12-11,2059,13442,Dealer_Hedging,3730
2024-12-12,2059,857259,Foreign_Investor,471100
2024-12-12,2059,0,Foreign_Dealer_Self,0
2024-12-12,2059,18000,Investment_Trust,131000
2024-12-12,2059,17757,Dealer_self,106984
2024-12-12,2059,11005,Dealer_Hedging,25009
2024-12-13,2059,268019,Foreign_Investor,163774
2024-12-13,2059,0,Foreign_Dealer_Self,0
2024-12-13,2059,19000,Investment_Trust,12000
2024-12-13,2059,10166,Dealer_self,18962
2024-12-13,2059,8463,Dealer_Hedging,6860
2024-12-16,2059,520000,Foreign_Investor,409000
2024-12-16,2059,0,Foreign_Dealer_Self,0
2024-12-16,2059,2283,Dealer_self,36184
2024-12-16,2059,2068,Dealer_Hedging,21912
2024-12-16,2059,3600,Investment_Trust,6000
2024-12-17,2059,513335,Foreign_Investor,423800
2024-12-17,2059,0,Foreign_Dealer_Self,0
2024-12-17,2059,27225,Dealer_self,4322
2024-12-17,2059,29767,Dealer_Hedging,1873
2024-12-17,2059,74200,Investment_Trust,25000
2024-12-18,2059,323840,Foreign_Investor,317100
2024-12-18,2059,0,Foreign_Dealer_Self,0
2024-12-18,2059,16039,Dealer_self,135288
2024-12-18,2059,16032,Dealer_Hedging,41306
2024-12-18,2059,61000,Investment_Trust,9000
2024-12-19,2059,424010,Foreign_Investor,246000
2024-12-19,2059,0,Foreign_Dealer_Self,0
2024-12-19,2059,6000,Investment_Trust,25000
2024-12-19,2059,13207,Dealer_self,17784
2024-12-19,2059,12212,Dealer_Hedging,7808
2024-12-20,2059,269764,Foreign_Investor,387364
2024-12-20,2059,0,Foreign_Dealer_Self,0
2024-12-20,2059,2000,Investment_Trust,21000
2024-12-20,2059,6000,Dealer_self,26870
2024-12-20,2059,6426,Dealer_Hedging,18258
2024-12-23,2059,219491,Foreign_Investor,109015
2024-12-23,2059,0,Foreign_Dealer_Self,0
2024-12-23,2059,3000,Investment_Trust,0
2024-12-23,2059,16467,Dealer_self,14528
2024-12-23,2059,13470,Dealer_Hedging,7122
2024-12-24,2059,99099,Foreign_Investor,218393
2024-12-24,2059,0,Foreign_Dealer_Self,0
2024-12-24,2059,3000,Investment_Trust,7042
2024-12-24,2059,10708,Dealer_self,8771
2024-12-24,2059,5419,Dealer_Hedging,13027
2024-12-25,2059,104000,Foreign_Investor,85000
2024-12-25,2059,0,Foreign_Dealer_Self,0
2024-12-25,2059,0,Investment_Trust,0
2024-12-25,2059,10404,Dealer_self,3328
2024-12-25,2059,2762,Dealer_Hedging,3000
2024-12-26,2059,70000,Foreign_Investor,125000
2024-12-26,2059,0,Foreign_Dealer_Self,0
2024-12-26,2059,60000,Investment_Trust,0
2024-12-26,2059,4000,Dealer_self,4941
2024-12-26,2059,14063,Dealer_Hedging,2462
2024-12-27,2059,66010,Foreign_Investor,80000
2024-12-27,2059,0,Foreign_Dealer_Self,0
2024-12-27,2059,0,Investment_Trust,6000
2024-12-27,2059,1000,Dealer_self,5607
2024-12-27,2059,7260,Dealer_Hedging,7496
2024-12-30,2059,453126,Foreign_Investor,468188
2024-12-30,2059,0,Foreign_Dealer_Self,0
2024-12-30,2059,217500,Investment_Trust,0
2024-12-30,2059,30440,Dealer_self,32512
2024-12-30,2059,29305,Dealer_Hedging,10439
2024-12-31,2059,579013,Foreign_Investor,638116
2024-12-31,2059,0,Foreign_Dealer_Self,0
2024-12-31,2059,126000,Investment_Trust,18000
2024-12-31,2059,13037,Dealer_self,21075
2024-12-31,2059,17701,Dealer_Hedging,17484
2025-01-02,2059,561000,Foreign_Investor,574000
2025-01-02,2059,0,Foreign_Dealer_Self,0
2025-01-02,2059,48000,Investment_Trust,80000
2025-01-02,2059,40176,Dealer_self,44633
2025-01-02,2059,15745,Dealer_Hedging,27928
2025-01-03,2059,335000,Foreign_Investor,102800
2025-01-03,2059,0,Foreign_Dealer_Self,0
2025-01-03,2059,0,Investment_Trust,66000
2025-01-03,2059,10305,Dealer_self,7423
2025-01-03,2059,11262,Dealer_Hedging,13320
2025-01-06,2059,270100,Foreign_Investor,189070
2025-01-06,2059,0,Foreign_Dealer_Self,0
2025-01-06,2059,17642,Dealer_self,8074
2025-01-06,2059,17582,Dealer_Hedging,5416
2025-01-06,2059,3000,Investment_Trust,5500
2025-01-07,2059,373100,Foreign_Investor,160000
2025-01-07,2059,0,Foreign_Dealer_Self,0
2025-01-07,2059,33675,Dealer_self,12518
2025-01-07,2059,11971,Dealer_Hedging,14621
2025-01-07,2059,20000,Investment_Trust,0
2025-01-08,2059,412000,Foreign_Investor,338170
2025-01-08,2059,0,Foreign_Dealer_Self,0
2025-01-08,2059,1000,Investment_Trust,6297
2025-01-08,2059,23479,Dealer_self,21497
2025-01-08,2059,9508,Dealer_Hedging,13054
2025-01-09,2059,375000,Foreign_Investor,152626
2025-01-09,2059,0,Foreign_Dealer_Self,0
2025-01-09,2059,6000,Investment_Trust,35000
2025-01-09,2059,13363,Dealer_self,45848
2025-01-09,2059,14048,Dealer_Hedging,12292
2025-01-10,2059,307208,Foreign_Investor,334000
2025-01-10,2059,0,Foreign_Dealer_Self,0
2025-01-10,2059,26000,Investment_Trust,3000
2025-01-10,2059,10707,Dealer_self,30649
2025-01-10,2059,4100,Dealer_Hedging,17517
2025-01-13,2059,465005,Foreign_Investor,418854
2025-01-13,2059,0,Foreign_Dealer_Self,0
2025-01-13,2059,0,Investment_Trust,34000
2025-01-13,2059,32085,Dealer_self,41593
2025-01-13,2059,10786,Dealer_Hedging,32381
2025-01-14,2059,210795,Foreign_Investor,240007
2025-01-14,2059,0,Foreign_Dealer_Self,0
2025-01-14,2059,19000,Investment_Trust,0
2025-01-14,2059,14311,Dealer_self,14073
2025-01-14,2059,6210,Dealer_Hedging,3870
2025-01-15,2059,191070,Foreign_Investor,256000
2025-01-15,2059,0,Foreign_Dealer_Self,0
2025-01-15,2059,8000,Investment_Trust,0
2025-01-15,2059,8231,Dealer_self,30072
2025-01-15,2059,4207,Dealer_Hedging,23051
2025-01-16,2059,261280,Foreign_Investor,155000
2025-01-16,2059,0,Foreign_Dealer_Self,0
2025-01-16,2059,0,Investment_Trust,101000
2025-01-16,2059,12470,Dealer_self,6261
2025-01-16,2059,11025,Dealer_Hedging,1580
2025-01-17,2059,90200,Foreign_Investor,139000
2025-01-17,2059,0,Foreign_Dealer_Self,0
2025-01-17,2059,41000,Investment_Trust,0
2025-01-17,2059,3474,Dealer_self,9198
2025-01-17,2059,4767,Dealer_Hedging,6951
2025-01-20,2059,293000,Foreign_Investor,170182
2025-01-20,2059,0,Foreign_Dealer_Self,0
2025-01-20,2059,30512,Dealer_self,2000
2025-01-20,2059,14956,Dealer_Hedging,10293
2025-01-20,2059,19000,Investment_Trust,130000
2025-01-21,2059,190911,Foreign_Investor,387000
2025-01-21,2059,0,Foreign_Dealer_Self,0
2025-01-21,2059,107000,Investment_Trust,0
2025-01-21,2059,24508,Dealer_self,10465
2025-01-21,2059,7511,Dealer_Hedging,22425
2025-01-22,2059,379000,Foreign_Investor,305014
2025-01-22,2059,0,Foreign_Dealer_Self,0
2025-01-22,2059,18277,Dealer_self,7634
2025-01-22,2059,37089,Dealer_Hedging,41760
2025-01-22,2059,39000,Investment_Trust,0
2025-02-03,2059,569611,Foreign_Investor,819062
2025-02-03,2059,0,Foreign_Dealer_Self,0
2025-02-03,2059,37000,Dealer_self,61098
2025-02-03,2059,3000,Dealer_Hedging,9731
2025-02-03,2059,1000,Investment_Trust,37000
2025-02-04,2059,726100,Foreign_Investor,859995
2025-02-04,2059,0,Foreign_Dealer_Self,0
2025-02-04,2059,23480,Dealer_self,38267
2025-02-04,2059,9443,Dealer_Hedging,5847
2025-02-04,2059,0,Investment_Trust,67811
2025-02-05,2059,496495,Foreign_Investor,412827
2025-02-05,2059,0,Foreign_Dealer_Self,0
2025-02-05,2059,64000,Investment_Trust,0
2025-02-05,2059,36298,Dealer_self,15529
2025-02-05,2059,20817,Dealer_Hedging,6499
2025-02-06,2059,620700,Foreign_Investor,614739
2025-02-06,2059,0,Foreign_Dealer_Self,0
2025-02-06,2059,23000,Investment_Trust,0
2025-02-06,2059,10517,Dealer_self,16915
2025-02-06,2059,7138,Dealer_Hedging,13092
2025-02-07,2059,1089379,Foreign_Investor,358251
2025-02-07,2059,0,Foreign_Dealer_Self,0
2025-02-07,2059,36000,Investment_Trust,11000
2025-02-07,2059,83014,Dealer_self,47043
2025-02-07,2059,23288,Dealer_Hedging,6692
2025-02-10,2059,872500,Foreign_Investor,889000
2025-02-10,2059,0,Foreign_Dealer_Self,0
2025-02-10,2059,46000,Investment_Trust,354
2025-02-10,2059,21825,Dealer_self,58623
2025-02-10,2059,6946,Dealer_Hedging,15243
2025-02-11,2059,461205,Foreign_Investor,444100
2025-02-11,2059,0,Foreign_Dealer_Self,0
2025-02-11,2059,1000,Investment_Trust,0
2025-02-11,2059,20058,Dealer_self,18201
2025-02-11,2059,23989,Dealer_Hedging,5544
2025-02-12,2059,332715,Foreign_Investor,634900
2025-02-12,2059,0,Foreign_Dealer_Self,0
2025-02-12,2059,29052,Dealer_self,14966
2025-02-12,2059,15133,Dealer_Hedging,28720
2025-02-12,2059,295500,Investment_Trust,2000
2025-02-13,2059,338385,Foreign_Investor,602588
2025-02-13,2059,0,Foreign_Dealer_Self,0
2025-02-13,2059,37285,Dealer_self,14407
2025-02-13,2059,16937,Dealer_Hedging,19228
2025-02-13,2059,151500,Investment_Trust,4000
2025-02-14,2059,265046,Foreign_Investor,243169
2025-02-14,2059,0,Foreign_Dealer_Self,0
2025-02-14,2059,52000,Investment_Trust,0
2025-02-14,2059,7841,Dealer_self,18656
2025-02-14,2059,16476,Dealer_Hedging,15205
2025-02-17,2059,333632,Foreign_Investor,243000
2025-02-17,2059,0,Foreign_Dealer_Self,0
2025-02-17,2059,3000,Investment_Trust,0
2025-02-17,2059,25969,Dealer_self,17383
2025-02-17,2059,8945,Dealer_Hedging,10150
2025-02-18,2059,542706,Foreign_Investor,555041
2025-02-18,2059,0,Foreign_Dealer_Self,0
2025-02-18,2059,283000,Investment_Trust,22000
2025-02-18,2059,38162,Dealer_self,46255
2025-02-18,2059,30015,Dealer_Hedging,15095
2025-02-19,2059,693965,Foreign_Investor,367001
2025-02-19,2059,0,Foreign_Dealer_Self,0
2025-02-19,2059,1500,Investment_Trust,36000
2025-02-19,2059,8299,Dealer_self,32000
2025-02-19,2059,8934,Dealer_Hedging,50065
2025-02-20,2059,824300,Foreign_Investor,390556
2025-02-20,2059,0,Foreign_Dealer_Self,0
2025-02-20,2059,58846,Dealer_self,36124
2025-02-20,2059,26767,Dealer_Hedging,5877
2025-02-20,2059,67000,Investment_Trust,70000
2025-02-21,2059,1388214,Foreign_Investor,710564
2025-02-21,2059,0,Foreign_Dealer_Self,0
2025-02-21,2059,80295,Dealer_self,83203
2025-02-21,2059,17837,Dealer_Hedging,24993
2025-02-21,2059,2000,Investment_Trust,292000
2025-02-24,2059,1062778,Foreign_Investor,701100
2025-02-24,2059,0,Foreign_Dealer_Self,0
2025-02-24,2059,81000,Investment_Trust,90000
2025-02-24,2059,26742,Dealer_self,41115
2025-02-24,2059,56167,Dealer_Hedging,9436
2025-02-25,2059,629162,Foreign_Investor,556361
2025-02-25,2059,0,Foreign_Dealer_Self,0
2025-02-25,2059,36000,Investment_Trust,0
2025-02-25,2059,11509,Dealer_self,51315
2025-02-25,2059,10714,Dealer_Hedging,33042
2025-02-26,2059,615263,Foreign_Investor,767932
2025-02-26,2059,0,Foreign_Dealer_Self,0
2025-02-26,2059,311800,Investment_Trust,140000
2025-02-26,2059,27607,Dealer_self,12496
2025-02-26,2059,15382,Dealer_Hedging,20094
2025-02-27,2059,736391,Foreign_Investor,634390
2025-02-27,2059,0,Foreign_Dealer_Self,0
2025-02-27,2059,63000,Investment_Trust,10000
2025-02-27,2059,17812,Dealer_self,26914
2025-02-27,2059,4281,Dealer_Hedging,47119
2025-03-03,2059,592432,Foreign_Investor,586386
2025-03-03,2059,0,Foreign_Dealer_Self,0
2025-03-03,2059,81000,Investment_Trust,3000
2025-03-03,2059,12406,Dealer_self,10023
2025-03-03,2059,17103,Dealer_Hedging,7510
2025-03-04,2059,524861,Foreign_Investor,424600
2025-03-04,2059,0,Foreign_Dealer_Self,0
2025-03-04,2059,14299,Dealer_self,20394
2025-03-04,2059,7980,Dealer_Hedging,5176
2025-03-04,2059,8000,Investment_Trust,27000
2025-03-05,2059,648063,Foreign_Investor,432622
2025-03-05,2059,0,Foreign_Dealer_Self,0
2025-03-05,2059,0,Investment_Trust,151000
2025-03-05,2059,13664,Dealer_self,16043
2025-03-05,2059,2000,Dealer_Hedging,13113
2025-03-06,2059,507745,Foreign_Investor,205971
2025-03-06,2059,0,Foreign_Dealer_Self,0
2025-03-06,2059,5426,Dealer_self,4301
2025-03-06,2059,8618,Dealer_Hedging,2835
2025-03-06,2059,0,Investment_Trust,73000
2025-03-07,2059,966762,Foreign_Investor,421069
2025-03-07,2059,0,Foreign_Dealer_Self,0
2025-03-07,2059,39000,Investment_Trust,394000
2025-03-07,2059,10294,Dealer_self,17403
2025-03-07,2059,1651,Dealer_Hedging,26947
2025-03-10,2059,350000,Foreign_Investor,276218
2025-03-10,2059,0,Foreign_Dealer_Self,0
2025-03-10,2059,1000,Investment_Trust,76000
2025-03-10,2059,7883,Dealer_self,9260
2025-03-10,2059,4096,Dealer_Hedging,6381
2025-03-11,2059,819074,Foreign_Investor,863000
2025-03-11,2059,0,Foreign_Dealer_Self,0
2025-03-11,2059,35000,Investment_Trust,44000
2025-03-11,2059,24135,Dealer_self,11573
2025-03-11,2059,14207,Dealer_Hedging,4435
2025-03-12,2059,704682,Foreign_Investor,381546
2025-03-12,2059,0,Foreign_Dealer_Self,0
2025-03-12,2059,21338,Investment_Trust,211000
2025-03-12,2059,26418,Dealer_self,26403
2025-03-12,2059,9724,Dealer_Hedging,6396
2025-03-13,2059,409414,Foreign_Investor,347769
2025-03-13,2059,0,Foreign_Dealer_Self,0
2025-03-13,2059,77000,Investment_Trust,13000
2025-03-13,2059,4344,Dealer_self,14882
2025-03-13,2059,10307,Dealer_Hedging,10549
2025-03-14,2059,378591,Foreign_Investor,196093
2025-03-14,2059,0,Foreign_Dealer_Self,0
2025-03-14,2059,15294,Investment_Trust,0
2025-03-14,2059,4776,Dealer_self,5247
2025-03-14,2059,2889,Dealer_Hedging,16149
2025-03-17,2059,361162,Foreign_Investor,306769
2025-03-17,2059,0,Foreign_Dealer_Self,0
2025-03-17,2059,0,Investment_Trust,11000
2025-03-17,2059,17148,Dealer_self,2436
2025-03-17,2059,9928,Dealer_Hedging,3889
2025-03-18,2059,357650,Foreign_Investor,371639
2025-03-18,2059,0,Foreign_Dealer_Self,0
2025-03-18,2059,9000,Investment_Trust,1000
2025-03-18,2059,11624,Dealer_self,14315
2025-03-18,2059,7143,Dealer_Hedging,5971
2025-03-19,2059,282767,Foreign_Investor,346770
2025-03-19,2059,0,Foreign_Dealer_Self,0
2025-03-19,2059,0,Investment_Trust,41545
2025-03-19,2059,24662,Dealer_self,10911
2025-03-19,2059,4709,Dealer_Hedging,10005
2025-03-20,2059,460864,Foreign_Investor,313617
2025-03-20,2059,0,Foreign_Dealer_Self,0
2025-03-20,2059,0,Investment_Trust,92000
2025-03-20,2059,32255,Dealer_self,5832
2025-03-20,2059,9173,Dealer_Hedging,1008
2025-03-21,2059,0,Foreign_Dealer_Self,0
2025-03-21,2059,760,Investment_Trust,24000
2025-03-21,2059,18166,Dealer_self,16084
2025-03-21,2059,4477,Dealer_Hedging,17686
2025-03-21,2059,1151148,Foreign_Investor,1138912
2025-03-24,2059,446000,Foreign_Investor,322069
2025-03-24,2059,0,Foreign_Dealer_Self,0
2025-03-24,2059,2429,Dealer_self,34508
2025-03-24,2059,1436,Dealer_Hedging,5297
2025-03-24,2059,0,Investment_Trust,23000
2025-03-25,2059,461045,Foreign_Investor,372981
2025-03-25,2059,0,Foreign_Dealer_Self,0
2025-03-25,2059,5522,Dealer_self,24565
2025-03-25,2059,5955,Dealer_Hedging,5015
2025-03-25,2059,3000,Investment_Trust,20000
2025-03-26,2059,445161,Foreign_Investor,236500
2025-03-26,2059,0,Foreign_Dealer_Self,0
2025-03-26,2059,0,Investment_Trust,20000
2025-03-26,2059,3891,Dealer_self,7629
2025-03-26,2059,7819,Dealer_Hedging,1774
2025-03-27,2059,638063,Foreign_Investor,574415
2025-03-27,2059,0,Foreign_Dealer_Self,0
2025-03-27,2059,0,Investment_Trust,0
2025-03-27,2059,19369,Dealer_self,20766
2025-03-27,2059,15817,Dealer_Hedging,6028
2025-03-28,2059,495000,Foreign_Investor,603712
2025-03-28,2059,0,Foreign_Dealer_Self,0
2025-03-28,2059,7000,Investment_Trust,0
2025-03-28,2059,3407,Dealer_self,12918
2025-03-28,2059,191,Dealer_Hedging,25006
2025-03-31,2059,874600,Foreign_Investor,536005
2025-03-31,2059,0,Foreign_Dealer_Self,0
2025-03-31,2059,37000,Investment_Trust,25000
2025-03-31,2059,23834,Dealer_self,30343
2025-03-31,2059,1142,Dealer_Hedging,8647
2025-04-01,2059,475396,Foreign_Investor,675720
2025-04-01,2059,0,Foreign_Dealer_Self,0
2025-04-01,2059,42000,Investment_Trust,43000
2025-04-01,2059,32427,Dealer_self,20704
2025-04-01,2059,22950,Dealer_Hedging,389
2025-04-02,2059,556466,Foreign_Investor,546571
2025-04-02,2059,0,Foreign_Dealer_Self,0
2025-04-02,2059,15561,Dealer_self,6837
2025-04-02,2059,9585,Dealer_Hedging,17377
2025-04-02,2059,10000,Investment_Trust,65485
2025-04-07,2059,40030,Foreign_Investor,0
2025-04-07,2059,0,Foreign_Dealer_Self,0
2025-04-07,2059,0,Investment_Trust,0
2025-04-07,2059,0,Dealer_self,0
2025-04-07,2059,0,Dealer_Hedging,0
2025-04-08,2059,604335,Foreign_Investor,592102
2025-04-08,2059,0,Foreign_Dealer_Self,0
2025-04-08,2059,46219,Dealer_self,19337
2025-04-08,2059,2667,Dealer_Hedging,20181
2025-04-08,2059,26174,Investment_Trust,151000
2025-04-09,2059,1340121,Foreign_Investor,817840
2025-04-09,2059,0,Foreign_Dealer_Self,0
2025-04-09,2059,22038,Dealer_self,60433
2025-04-09,2059,81,Dealer_Hedging,14353
2025-04-09,2059,28000,Investment_Trust,403000
2025-04-10,2059,47005,Foreign_Investor,113006
2025-04-10,2059,0,Foreign_Dealer_Self,0
2025-04-10,2059,0,Investment_Trust,0
2025-04-10,2059,14000,Dealer_self,0
2025-04-10,2059,0,Dealer_Hedging,0
2025-04-11,2059,746988,Foreign_Investor,1048166
2025-04-11,2059,0,Foreign_Dealer_Self,0
2025-04-11,2059,175000,Investment_Trust,2401
2025-04-11,2059,26033,Dealer_self,38252
2025-04-11,2059,17942,Dealer_Hedging,5407
2025-04-14,2059,872156,Foreign_Investor,1279272
2025-04-14,2059,0,Foreign_Dealer_Self,0
2025-04-14,2059,77400,Investment_Trust,1040
2025-04-14,2059,40699,Dealer_self,44797
2025-04-14,2059,23809,Dealer_Hedging,10696
2025-04-15,2059,622431,Foreign_Investor,985053
2025-04-15,2059,0,Foreign_Dealer_Self,0
2025-04-15,2059,168000,Investment_Trust,10
2025-04-15,2059,24272,Dealer_self,19070
2025-04-15,2059,10670,Dealer_Hedging,12741
2025-04-16,2059,497246,Foreign_Investor,672233
2025-04-16,2059,0,Foreign_Dealer_Self,0
2025-04-16,2059,75000,Investment_Trust,0
2025-04-16,2059,9728,Dealer_self,24853
2025-04-16,2059,21206,Dealer_Hedging,6564
2025-04-17,2059,526145,Foreign_Investor,744155
2025-04-17,2059,0,Foreign_Dealer_Self,0
2025-04-17,2059,224500,Investment_Trust,10000
2025-04-17,2059,21636,Dealer_self,33589
2025-04-17,2059,6376,Dealer_Hedging,12620
2025-04-18,2059,355433,Foreign_Investor,555095
2025-04-18,2059,0,Foreign_Dealer_Self,0
2025-04-18,2059,1171,Dealer_self,10121
2025-04-18,2059,4369,Dealer_Hedging,8587
2025-04-18,2059,190000,Investment_Trust,88000
2025-04-21,2059,312133,Foreign_Investor,569079
2025-04-21,2059,0,Foreign_Dealer_Self,0
2025-04-21,2059,4640,Dealer_self,7037
2025-04-21,2059,3474,Dealer_Hedging,14424
2025-04-21,2059,239000,Investment_Trust,0
2025-04-22,2059,349639,Foreign_Investor,493055
2025-04-22,2059,0,Foreign_Dealer_Self,0
2025-04-22,2059,3220,Dealer_self,7622
2025-04-22,2059,3972,Dealer_Hedging,11106
2025-04-22,2059,81000,Investment_Trust,2000
2025-04-23,2059,634337,Foreign_Investor,965891
2025-04-23,2059,0,Foreign_Dealer_Self,0
2025-04-23,2059,21360,Dealer_self,3987
2025-04-23,2059,8954,Dealer_Hedging,3721
2025-04-23,2059,213000,Investment_Trust,1800
2025-04-24,2059,292182,Foreign_Investor,482752
2025-04-24,2059,0,Foreign_Dealer_Self,0
2025-04-24,2059,166000,Investment_Trust,10009
2025-04-24,2059,11082,Dealer_self,8933
2025-04-24,2059,429,Dealer_Hedging,5814
2025-04-25,2059,401196,Foreign_Investor,577680
2025-04-25,2059,0,Foreign_Dealer_Self,0
2025-04-25,2059,290000,Investment_Trust,10000
2025-04-25,2059,14462,Dealer_self,5194
2025-04-25,2059,14178,Dealer_Hedging,3111
2025-04-28,2059,0,Foreign_Dealer_Self,0
2025-04-28,2059,74000,Investment_Trust,65000
2025-04-28,2059,15177,Dealer_self,9635
2025-04-28,2059,2000,Dealer_Hedging,11542
2025-04-28,2059,365622,Foreign_Investor,441637
2025-04-29,2059,0,Foreign_Dealer_Self,0
2025-04-29,2059,3000,Investment_Trust,7000
2025-04-29,2059,6424,Dealer_self,15143
2025-04-29,2059,14505,Dealer_Hedging,2063
2025-04-29,2059,179287,Foreign_Investor,218537
2025-04-30,2059,0,Foreign_Dealer_Self,0
2025-04-30,2059,6695,Dealer_self,13776
2025-04-30,2059,2300,Dealer_Hedging,13653
2025-04-30,2059,322144,Foreign_Investor,503706
2025-04-30,2059,7000,Investment_Trust,24000
2025-05-02,2059,518054,Foreign_Investor,237516
2025-05-02,2059,0,Foreign_Dealer_Self,0
2025-05-02,2059,69000,Investment_Trust,17000
2025-05-02,2059,10788,Dealer_self,5298
2025-05-02,2059,14486,Dealer_Hedging,110
2025-05-05,2059,477393,Foreign_Investor,482244
2025-05-05,2059,0,Foreign_Dealer_Self,0
2025-05-05,2059,153904,Investment_Trust,10003
2025-05-05,2059,7774,Dealer_self,11085
2025-05-05,2059,5933,Dealer_Hedging,19999
2025-05-06,2059,366441,Foreign_Investor,437275
2025-05-06,2059,0,Foreign_Dealer_Self,0
2025-05-06,2059,8000,Investment_Trust,7468
2025-05-06,2059,11553,Dealer_self,17434
2025-05-06,2059,14747,Dealer_Hedging,7500
2025-05-07,2059,331417,Foreign_Investor,401001
2025-05-07,2059,0,Foreign_Dealer_Self,0
2025-05-07,2059,3000,Investment_Trust,3000
2025-05-07,2059,5035,Dealer_self,8426
2025-05-07,2059,6763,Dealer_Hedging,11712
2025-05-08,2059,887470,Foreign_Investor,703509
2025-05-08,2059,0,Foreign_Dealer_Self,0
2025-05-08,2059,120000,Investment_Trust,84181
2025-05-08,2059,27825,Dealer_self,11960
2025-05-08,2059,7947,Dealer_Hedging,1731
2025-05-09,2059,397983,Foreign_Investor,374321
2025-05-09,2059,0,Foreign_Dealer_Self,0
2025-05-09,2059,105000,Investment_Trust,181000
2025-05-09,2059,22648,Dealer_self,15283
2025-05-09,2059,6243,Dealer_Hedging,2433
2025-05-12,2059,300190,Foreign_Investor,277119
2025-05-12,2059,0,Foreign_Dealer_Self,0
2025-05-12,2059,12137,Dealer_self,14231
2025-05-12,2059,1032,Dealer_Hedging,1272
2025-05-12,2059,152000,Investment_Trust,118590
2025-05-13,2059,428270,Foreign_Investor,367814
2025-05-13,2059,0,Foreign_Dealer_Self,0
2025-05-13,2059,23198,Dealer_self,16942
2025-05-13,2059,3440,Dealer_Hedging,5615
2025-05-13,2059,25000,Investment_Trust,11592
2025-05-14,2059,475052,Foreign_Investor,446815
2025-05-14,2059,0,Foreign_Dealer_Self,0
2025-05-14,2059,53000,Investment_Trust,4000
2025-05-14,2059,35828,Dealer_self,20489
2025-05-14,2059,16382,Dealer_Hedging,3943
2025-05-15,2059,386254,Foreign_Investor,164886
2025-05-15,2059,0,Foreign_Dealer_Self,0
2025-05-15,2059,5423,Dealer_self,8200
2025-05-15,2059,12785,Dealer_Hedging,12148
2025-05-15,2059,8000,Investment_Trust,1832
2025-05-16,2059,375426,Foreign_Investor,302147
2025-05-16,2059,0,Foreign_Dealer_Self,0
2025-05-16,2059,35000,Investment_Trust,6092
2025-05-16,2059,8792,Dealer_self,13361
2025-05-16,2059,584,Dealer_Hedging,18159
2025-05-19,2059,422301,Foreign_Investor,441414
2025-05-19,2059,0,Foreign_Dealer_Self,0
2025-05-19,2059,19999,Dealer_self,16150
2025-05-19,2059,3211,Dealer_Hedging,11559
2025-05-19,2059,60000,Investment_Trust,11154
2025-05-20,2059,433313,Foreign_Investor,481031
2025-05-20,2059,0,Foreign_Dealer_Self,0
2025-05-20,2059,16230,Dealer_self,22175
2025-05-20,2059,16562,Dealer_Hedging,4592
2025-05-20,2059,53000,Investment_Trust,11090
2025-05-21,2059,257077,Foreign_Investor,100000
2025-05-21,2059,0,Foreign_Dealer_Self,0
2025-05-21,2059,29000,Investment_Trust,2000
2025-05-21,2059,4000,Dealer_self,9000
2025-05-21,2059,18717,Dealer_Hedging,11725
2025-05-22,2059,434954,Foreign_Investor,421577
2025-05-22,2059,0,Foreign_Dealer_Self,0
2025-05-22,2059,57000,Investment_Trust,1366
2025-05-22,2059,10055,Dealer_self,8206
2025-05-22,2059,25956,Dealer_Hedging,11664
2025-05-23,2059,180694,Foreign_Investor,325438
2025-05-23,2059,0,Foreign_Dealer_Self,0
2025-05-23,2059,108000,Investment_Trust,7500
2025-05-23,2059,11194,Dealer_self,11393
2025-05-23,2059,8047,Dealer_Hedging,20556
2025-05-26,2059,337208,Foreign_Investor,274000
2025-05-26,2059,0,Foreign_Dealer_Self,0
2025-05-26,2059,5288,Dealer_self,4598
2025-05-26,2059,6689,Dealer_Hedging,2002
2025-05-26,2059,4000,Investment_Trust,76679
2025-05-27,2059,201535,Foreign_Investor,199089
2025-05-27,2059,0,Foreign_Dealer_Self,0
2025-05-27,2059,1000,Investment_Trust,3001
2025-05-27,2059,3961,Dealer_self,13000
2025-05-27,2059,0,Dealer_Hedging,12315
2025-05-28,2059,271962,Foreign_Investor,186594
2025-05-28,2059,0,Foreign_Dealer_Self,0
2025-05-28,2059,0,Investment_Trust,30000
2025-05-28,2059,3276,Dealer_self,3000
2025-05-28,2059,2010,Dealer_Hedging,3162
2025-05-29,2059,255915,Foreign_Investor,251681
2025-05-29,2059,0,Foreign_Dealer_Self,0
2025-05-29,2059,8000,Investment_Trust,5000
2025-05-29,2059,9190,Dealer_self,2268
2025-05-29,2059,9632,Dealer_Hedging,1726
2025-06-02,2059,382338,Foreign_Investor,224106
2025-06-02,2059,0,Foreign_Dealer_Self,0
2025-06-02,2059,5846,Dealer_self,6805
2025-06-02,2059,5865,Dealer_Hedging,7894
2025-06-02,2059,1000,Investment_Trust,8400
2025-06-03,2059,588188,Foreign_Investor,399629
2025-06-03,2059,0,Foreign_Dealer_Self,0
2025-06-03,2059,40000,Investment_Trust,0
2025-06-03,2059,27042,Dealer_self,6000
2025-06-03,2059,22935,Dealer_Hedging,6175
2025-06-04,2059,271034,Foreign_Investor,231161
2025-06-04,2059,0,Foreign_Dealer_Self,0
2025-06-04,2059,1000,Investment_Trust,4090
2025-06-04,2059,13712,Dealer_self,10100
2025-06-04,2059,2030,Dealer_Hedging,23536
2025-06-05,2059,165500,Foreign_Investor,110057
2025-06-05,2059,0,Foreign_Dealer_Self,0
2025-06-05,2059,2093,Dealer_self,6770
2025-06-05,2059,8351,Dealer_Hedging,1446
2025-06-05,2059,1000,Investment_Trust,1791
2025-06-06,2059,0,Foreign_Dealer_Self,0
2025-06-06,2059,255,Investment_Trust,82000
2025-06-06,2059,6268,Dealer_self,13905
2025-06-06,2059,1100,Dealer_Hedging,11405
2025-06-06,2059,249747,Foreign_Investor,282585
2025-06-09,2059,150337,Foreign_Investor,101553
2025-06-09,2059,0,Foreign_Dealer_Self,0
2025-06-09,2059,3022,Dealer_self,4728
2025-06-09,2059,412,Dealer_Hedging,3494
2025-06-09,2059,265,Investment_Trust,29990
2025-06-10,2059,167730,Foreign_Investor,149567
2025-06-10,2059,0,Foreign_Dealer_Self,0
2025-06-10,2059,24272,Dealer_self,3638
2025-06-10,2059,31281,Dealer_Hedging,3052
2025-06-10,2059,1259,Investment_Trust,48090
2025-06-11,2059,253062,Foreign_Investor,135079
2025-06-11,2059,0,Foreign_Dealer_Self,0
2025-06-11,2059,1000,Investment_Trust,225179
2025-06-11,2059,7027,Dealer_self,25738
2025-06-11,2059,3436,Dealer_Hedging,18022
2025-06-12,2059,367766,Foreign_Investor,96487
2025-06-12,2059,0,Foreign_Dealer_Self,0
2025-06-12,2059,18125,Dealer_self,11201
2025-06-12,2059,1178,Dealer_Hedging,1252
2025-06-12,2059,1000,Investment_Trust,129495
2025-06-13,2059,374942,Foreign_Investor,169063
2025-06-13,2059,0,Foreign_Dealer_Self,0
2025-06-13,2059,5297,Investment_Trust,7001
2025-06-13,2059,10293,Dealer_self,17773
2025-06-13,2059,15047,Dealer_Hedging,3769
2025-06-16,2059,230680,Foreign_Investor,76160
2025-06-16,2059,0,Foreign_Dealer_Self,0
2025-06-16,2059,1266,Investment_Trust,112001
2025-06-16,2059,12357,Dealer_self,3000
2025-06-16,2059,2793,Dealer_Hedging,6223
2025-06-17,2059,230883,Foreign_Investor,258591
2025-06-17,2059,0,Foreign_Dealer_Self,0
2025-06-17,2059,6156,Investment_Trust,11000
2025-06-17,2059,2357,Dealer_self,13287
2025-06-17,2059,2050,Dealer_Hedging,19986
2025-06-18,2059,469259,Foreign_Investor,236486
2025-06-18,2059,0,Foreign_Dealer_Self,0
2025-06-18,2059,15185,Dealer_self,20198
2025-06-18,2059,2643,Dealer_Hedging,1359
2025-06-18,2059,0,Investment_Trust,83092
2025-06-19,2059,189751,Foreign_Investor,108193
2025-06-19,2059,0,Foreign_Dealer_Self,0
2025-06-19,2059,9891,Dealer_self,4000
2025-06-19,2059,5082,Dealer_Hedging,467
2025-06-19,2059,0,Investment_Trust,24418
2025-06-20,2059,0,Foreign_Dealer_Self,0
2025-06-20,2059,13000,Investment_Trust,190180
2025-06-20,2059,9091,Dealer_self,23682
2025-06-20,2059,1000,Dealer_Hedging,8918
2025-06-20,2059,579891,Foreign_Investor,439920
2025-06-23,2059,263778,Foreign_Investor,199290
2025-06-23,2059,0,Foreign_Dealer_Self,0
2025-06-23,2059,3869,Dealer_self,3398
2025-06-23,2059,739,Dealer_Hedging,2200
2025-06-23,2059,70000,Investment_Trust,20790
2025-06-24,2059,229765,Foreign_Investor,180323
2025-06-24,2059,0,Foreign_Dealer_Self,0
2025-06-24,2059,0,Investment_Trust,54002
2025-06-24,2059,15143,Dealer_self,2002
2025-06-24,2059,7375,Dealer_Hedging,1176
2025-06-25,2059,276000,Foreign_Investor,174885
2025-06-25,2059,0,Foreign_Dealer_Self,0
2025-06-25,2059,0,Investment_Trust,182182
2025-06-25,2059,9457,Dealer_self,2184
2025-06-25,2059,1147,Dealer_Hedging,5155
2025-06-26,2059,612830,Foreign_Investor,528830
2025-06-26,2059,0,Foreign_Dealer_Self,0
2025-06-26,2059,20000,Investment_Trust,176591
2025-06-26,2059,22299,Dealer_self,29763
2025-06-26,2059,10348,Dealer_Hedging,12525
2025-06-27,2059,511256,Foreign_Investor,263504
2025-06-27,2059,0,Foreign_Dealer_Self,0
2025-06-27,2059,18000,Investment_Trust,77681
2025-06-27,2059,6620,Dealer_self,21248
2025-06-27,2059,965,Dealer_Hedging,816
2025-06-30,2059,286699,Foreign_Investor,158382
2025-06-30,2059,0,Foreign_Dealer_Self,0
2025-06-30,2059,0,Investment_Trust,33072
2025-06-30,2059,5884,Dealer_self,5093
2025-06-30,2059,5028,Dealer_Hedging,2591
2025-07-01,2059,333406,Foreign_Investor,217157
2025-07-01,2059,0,Foreign_Dealer_Self,0
2025-07-01,2059,3000,Investment_Trust,93000
2025-07-01,2059,9409,Dealer_self,13149
2025-07-01,2059,2215,Dealer_Hedging,5205
2025-07-02,2059,183321,Foreign_Investor,116206
2025-07-02,2059,0,Foreign_Dealer_Self,0
2025-07-02,2059,6000,Dealer_self,5000
2025-07-02,2059,191,Dealer_Hedging,1373
2025-07-02,2059,1000,Investment_Trust,63000
2025-07-03,2059,204166,Foreign_Investor,181862
2025-07-03,2059,0,Foreign_Dealer_Self,0
2025-07-03,2059,4000,Investment_Trust,46210
2025-07-03,2059,7400,Dealer_self,2000
2025-07-03,2059,2300,Dealer_Hedging,2163
2025-07-04,2059,435546,Foreign_Investor,200562
2025-07-04,2059,0,Foreign_Dealer_Self,0
2025-07-04,2059,20000,Investment_Trust,10127
2025-07-04,2059,13500,Dealer_self,2000
2025-07-04,2059,20492,Dealer_Hedging,6384
2025-07-07,2059,195542,Foreign_Investor,347522
2025-07-07,2059,0,Foreign_Dealer_Self,0
2025-07-07,2059,147000,Investment_Trust,2
2025-07-07,2059,1000,Dealer_self,10682
2025-07-07,2059,5140,Dealer_Hedging,11433
2025-07-08,2059,570951,Foreign_Investor,288773
2025-07-08,2059,0,Foreign_Dealer_Self,0
2025-07-08,2059,12018,Dealer_self,12900
2025-07-08,2059,36219,Dealer_Hedging,20687
2025-07-08,2059,95000,Investment_Trust,1000
2025-07-09,2059,202399,Foreign_Investor,331754
2025-07-09,2059,0,Foreign_Dealer_Self,0
2025-07-09,2059,2500,Dealer_self,3500
2025-07-09,2059,10851,Dealer_Hedging,27635
2025-07-09,2059,152000,Investment_Trust,5002
2025-07-10,2059,158944,Foreign_Investor,96782
2025-07-10,2059,0,Foreign_Dealer_Self,0
2025-07-10,2059,24000,Investment_Trust,3309
2025-07-10,2059,2000,Dealer_self,3000
2025-07-10,2059,3841,Dealer_Hedging,7479
2025-07-11,2059,143410,Foreign_Investor,178766
2025-07-11,2059,0,Foreign_Dealer_Self,0
2025-07-11,2059,2000,Investment_Trust,60091
2025-07-11,2059,4000,Dealer_self,6200
2025-07-11,2059,2162,Dealer_Hedging,7438
2025-07-14,2059,165946,Foreign_Investor,172769
2025-07-14,2059,0,Foreign_Dealer_Self,0
2025-07-14,2059,11000,Investment_Trust,1036
2025-07-14,2059,3000,Dealer_self,23000
2025-07-14,2059,3000,Dealer_Hedging,4006
2025-07-15,2059,216135,Foreign_Investor,151299
2025-07-15,2059,0,Foreign_Dealer_Self,0
2025-07-15,2059,40000,Investment_Trust,8091
2025-07-15,2059,15200,Dealer_self,3000
2025-07-15,2059,25334,Dealer_Hedging,6100
2025-07-16,2059,494703,Foreign_Investor,271630
2025-07-16,2059,0,Foreign_Dealer_Self,0
2025-07-16,2059,27000,Investment_Trust,18093
2025-07-16,2059,23500,Dealer_self,15200
2025-07-16,2059,27711,Dealer_Hedging,14869
2025-07-17,2059,500004,Foreign_Investor,450122
2025-07-17,2059,0,Foreign_Dealer_Self,0
2025-07-17,2059,43000,Investment_Trust,68
2025-07-17,2059,31001,Dealer_self,10500
2025-07-17,2059,18197,Dealer_Hedging,6983
2025-07-18,2059,593312,Foreign_Investor,583129
2025-07-18,2059,0,Foreign_Dealer_Self,0
2025-07-18,2059,36160,Dealer_self,45000
2025-07-18,2059,39388,Dealer_Hedging,21189
2025-07-18,2059,98000,Investment_Trust,2095
2025-07-21,2059,761377,Foreign_Investor,605344
2025-07-21,2059,0,Foreign_Dealer_Self,0
2025-07-21,2059,140000,Investment_Trust,35
2025-07-21,2059,7223,Dealer_self,22000
2025-07-21,2059,21939,Dealer_Hedging,27178
2025-07-22,2059,589257,Foreign_Investor,609351
2025-07-22,2059,0,Foreign_Dealer_Self,0
2025-07-22,2059,162000,Investment_Trust,6003
2025-07-22,2059,6000,Dealer_self,17300
2025-07-22,2059,5963,Dealer_Hedging,18247
2025-07-23,2059,459104,Foreign_Investor,407472
2025-07-23,2059,0,Foreign_Dealer_Self,0
2025-07-23,2059,11000,Dealer_self,33420
2025-07-23,2059,1333,Dealer_Hedging,18567
2025-07-23,2059,8000,Investment_Trust,4000
2025-07-24,2059,414206,Foreign_Investor,320355
2025-07-24,2059,0,Foreign_Dealer_Self,0
2025-07-24,2059,13000,Dealer_self,1213
2025-07-24,2059,4154,Dealer_Hedging,7334
2025-07-24,2059,10000,Investment_Trust,11091
2025-07-25,2059,305884,Foreign_Investor,173633
2025-07-25,2059,0,Foreign_Dealer_Self,0
2025-07-25,2059,0,Investment_Trust,6010
2025-07-25,2059,9000,Dealer_self,20000
2025-07-25,2059,3189,Dealer_Hedging,5889
2025-07-28,2059,339927,Foreign_Investor,333217
2025-07-28,2059,0,Foreign_Dealer_Self,0
2025-07-28,2059,82000,Investment_Trust,91
2025-07-28,2059,10100,Dealer_self,5000
2025-07-28,2059,8419,Dealer_Hedging,2034
2025-07-29,2059,400684,Foreign_Investor,378334
2025-07-29,2059,0,Foreign_Dealer_Self,0
2025-07-29,2059,78000,Investment_Trust,1001
2025-07-29,2059,5000,Dealer_self,8500
2025-07-29,2059,867,Dealer_Hedging,7794
2025-07-30,2059,222700,Foreign_Investor,186072
2025-07-30,2059,0,Foreign_Dealer_Self,0
2025-07-30,2059,1000,Investment_Trust,4010
2025-07-30,2059,7189,Dealer_self,9000
2025-07-30,2059,1430,Dealer_Hedging,6022
2025-07-31,2059,355884,Foreign_Investor,307944
2025-07-31,2059,0,Foreign_Dealer_Self,0
2025-07-31,2059,6000,Investment_Trust,12195
2025-07-31,2059,29091,Dealer_self,2000
2025-07-31,2059,11238,Dealer_Hedging,2341
2025-08-01,2059,320215,Foreign_Investor,272194
2025-08-01,2059,0,Foreign_Dealer_Self,0
2025-08-01,2059,28000,Investment_Trust,54106
2025-08-01,2059,2035,Dealer_self,4000
2025-08-01,2059,6799,Dealer_Hedging,8834
2025-08-04,2059,130307,Foreign_Investor,134409
2025-08-04,2059,0,Foreign_Dealer_Self,0
2025-08-04,2059,3000,Dealer_self,13000
2025-08-04,2059,2130,Dealer_Hedging,5789
2025-08-04,2059,13000,Investment_Trust,84500
2025-08-05,2059,412800,Foreign_Investor,707580
2025-08-05,2059,0,Foreign_Dealer_Self,0
2025-08-05,2059,55062,Dealer_self,8000
2025-08-05,2059,33083,Dealer_Hedging,17555
2025-08-05,2059,128000,Investment_Trust,2001
2025-08-06,2059,258745,Foreign_Investor,278752
2025-08-06,2059,0,Foreign_Dealer_Self,0
2025-08-06,2059,5312,Dealer_self,17000
2025-08-06,2059,8725,Dealer_Hedging,16152
2025-08-06,2059,70000,Investment_Trust,1000
2025-08-07,2059,1056794,Foreign_Investor,723428
2025-08-07,2059,0,Foreign_Dealer_Self,0
2025-08-07,2059,157089,Investment_Trust,158000
2025-08-07,2059,28174,Dealer_self,23047
2025-08-07,2059,26463,Dealer_Hedging,20277
2025-08-08,2059,389016,Foreign_Investor,408135
2025-08-08,2059,0,Foreign_Dealer_Self,0
2025-08-08,2059,66000,Investment_Trust,29500
2025-08-08,2059,10738,Dealer_self,11500
2025-08-08,2059,1885,Dealer_Hedging,6554
2025-08-11,2059,430394,Foreign_Investor,286987
2025-08-11,2059,0,Foreign_Dealer_Self,0
2025-08-11,2059,70000,Investment_Trust,20239
2025-08-11,2059,9000,Dealer_self,14200
2025-08-11,2059,3450,Dealer_Hedging,4540
2025-08-12,2059,420393,Foreign_Investor,416014
2025-08-12,2059,0,Foreign_Dealer_Self,0
2025-08-12,2059,7639,Dealer_self,10700
2025-08-12,2059,7052,Dealer_Hedging,4420
2025-08-12,2059,27000,Investment_Trust,18000
2025-08-13,2059,473988,Foreign_Investor,456066
2025-08-13,2059,0,Foreign_Dealer_Self,0
2025-08-13,2059,29000,Investment_Trust,3002
2025-08-13,2059,16200,Dealer_self,17180
2025-08-13,2059,12633,Dealer_Hedging,4790
2025-08-14,2059,265682,Foreign_Investor,246001
2025-08-14,2059,0,Foreign_Dealer_Self,0
2025-08-14,2059,6000,Dealer_self,10267
2025-08-14,2059,2152,Dealer_Hedging,4225
2025-08-14,2059,9000,Investment_Trust,12037
2025-08-15,2059,220327,Foreign_Investor,273700
2025-08-15,2059,0,Foreign_Dealer_Self,0
2025-08-15,2059,59000,Investment_Trust,7037
2025-08-15,2059,9000,Dealer_self,7600
2025-08-15,2059,7701,Dealer_Hedging,2811
2025-08-18,2059,302358,Foreign_Investor,209540
2025-08-18,2059,0,Foreign_Dealer_Self,0
2025-08-18,2059,24000,Investment_Trust,117122
2025-08-18,2059,1000,Dealer_self,9739
2025-08-18,2059,5445,Dealer_Hedging,5846
2025-08-19,2059,498977,Foreign_Investor,353051
2025-08-19,2059,0,Foreign_Dealer_Self,0
2025-08-19,2059,9000,Dealer_self,6385
2025-08-19,2059,5022,Dealer_Hedging,13590
2025-08-19,2059,30000,Investment_Trust,117000
2025-08-20,2059,928852,Foreign_Investor,665979
2025-08-20,2059,0,Foreign_Dealer_Self,0
2025-08-20,2059,22000,Dealer_self,21930
2025-08-20,2059,19989,Dealer_Hedging,20532
2025-08-20,2059,1000,Investment_Trust,322000
2025-08-21,2059,509203,Foreign_Investor,545374
2025-08-21,2059,0,Foreign_Dealer_Self,0
2025-08-21,2059,99000,Investment_Trust,49000
2025-08-21,2059,10824,Dealer_self,14000
2025-08-21,2059,18764,Dealer_Hedging,9883
2025-08-22,2059,387667,Foreign_Investor,359431
2025-08-22,2059,0,Foreign_Dealer_Self,0
2025-08-22,2059,5000,Dealer_self,6189
2025-08-22,2059,5738,Dealer_Hedging,10063
2025-08-22,2059,4000,Investment_Trust,49001
2025-08-25,2059,326063,Foreign_Investor,284707
2025-08-25,2059,0,Foreign_Dealer_Self,0
2025-08-25,2059,5100,Dealer_self,12343
2025-08-25,2059,3241,Dealer_Hedging,3371
2025-08-25,2059,14000,Investment_Trust,5002
2025-08-26,2059,0,Foreign_Dealer_Self,0
2025-08-26,2059,1303,Investment_Trust,79500
2025-08-26,2059,7000,Dealer_self,17544
2025-08-26,2059,9031,Dealer_Hedging,14407
2025-08-26,2059,5052403,Foreign_Investor,5034723
2025-08-27,2059,393672,Foreign_Investor,349754
2025-08-27,2059,0,Foreign_Dealer_Self,0
2025-08-27,2059,24705,Dealer_self,17325
2025-08-27,2059,13717,Dealer_Hedging,10794
2025-08-27,2059,10000,Investment_Trust,230400
2025-08-28,2059,0,Foreign_Dealer_Self,0
2025-08-28,2059,1000,Investment_Trust,69002
2025-08-28,2059,6000,Dealer_self,17759
2025-08-28,2059,13344,Dealer_Hedging,7650
2025-08-28,2059,420241,Foreign_Investor,364564
2025-08-29,2059,0,Foreign_Dealer_Self,0
2025-08-29,2059,14000,Dealer_self,7215
2025-08-29,2059,16132,Dealer_Hedging,10178
2025-08-29,2059,495000,Foreign_Investor,452375
2025-08-29,2059,17000,Investment_Trust,11000
2025-09-01,2059,485946,Foreign_Investor,468520
2025-09-01,2059,0,Foreign_Dealer_Self,0
2025-09-01,2059,2100,Dealer_self,12285
2025-09-01,2059,13229,Dealer_Hedging,26159
2025-09-01,2059,44000,Investment_Trust,7500
2025-09-02,2059,262374,Foreign_Investor,223318
2025-09-02,2059,0,Foreign_Dealer_Self,0
2025-09-02,2059,1000,Dealer_self,6962
2025-09-02,2059,5510,Dealer_Hedging,6522
2025-09-02,2059,20000,Investment_Trust,103000
2025-09-03,2059,618806,Foreign_Investor,572891
2025-09-03,2059,0,Foreign_Dealer_Self,0
2025-09-03,2059,8300,Dealer_self,3619
2025-09-03,2059,41101,Dealer_Hedging,30793
2025-09-03,2059,103000,Investment_Trust,20000
2025-09-04,2059,408221,Foreign_Investor,677019
2025-09-04,2059,0,Foreign_Dealer_Self,0
2025-09-04,2059,10500,Dealer_self,16960
2025-09-04,2059,9746,Dealer_Hedging,22406
2025-09-04,2059,16000,Investment_Trust,20501
2025-09-05,2059,487136,Foreign_Investor,509000
2025-09-05,2059,0,Foreign_Dealer_Self,0
2025-09-05,2059,37700,Dealer_self,13500
2025-09-05,2059,24609,Dealer_Hedging,14057
2025-09-05,2059,83000,Investment_Trust,4191
2025-09-08,2059,297000,Foreign_Investor,333236
2025-09-08,2059,0,Foreign_Dealer_Self,0
2025-09-08,2059,9000,Investment_Trust,92
2025-09-08,2059,9124,Dealer_self,19000
2025-09-08,2059,4956,Dealer_Hedging,12101
2025-09-09,2059,454193,Foreign_Investor,498168
2025-09-09,2059,0,Foreign_Dealer_Self,0
2025-09-09,2059,12918,Dealer_self,23989
2025-09-09,2059,9899,Dealer_Hedging,7125
2025-09-09,2059,43000,Investment_Trust,1589
2025-09-10,2059,631554,Foreign_Investor,524761
2025-09-10,2059,0,Foreign_Dealer_Self,0
2025-09-10,2059,60000,Investment_Trust,88
2025-09-10,2059,6124,Dealer_self,8000
2025-09-10,2059,9667,Dealer_Hedging,40419
2025-09-11,2059,403836,Foreign_Investor,389045
2025-09-11,2059,0,Foreign_Dealer_Self,0
2025-09-11,2059,40000,Investment_Trust,1036
2025-09-11,2059,4410,Dealer_self,16341
2025-09-11,2059,8463,Dealer_Hedging,8610
2025-09-12,2059,409196,Foreign_Investor,467000
2025-09-12,2059,0,Foreign_Dealer_Self,0
2025-09-12,2059,6500,Dealer_self,3402
2025-09-12,2059,12822,Dealer_Hedging,13425
2025-09-12,2059,0,Investment_Trust,44202
2025-09-15,2059,289100,Foreign_Investor,267191
2025-09-15,2059,0,Foreign_Dealer_Self,0
2025-09-15,2059,2731,Dealer_self,8100
2025-09-15,2059,21301,Dealer_Hedging,17833
2025-09-15,2059,1000,Investment_Trust,40809
2025-09-16,2059,253758,Foreign_Investor,257956
2025-09-16,2059,0,Foreign_Dealer_Self,0
2025-09-16,2059,1,Investment_Trust,8674
2025-09-16,2059,1800,Dealer_self,2454
2025-09-16,2059,17297,Dealer_Hedging,15545
2025-09-17,2059,299858,Foreign_Investor,326049
2025-09-17,2059,0,Foreign_Dealer_Self,0
2025-09-17,2059,0,Dealer_self,400
2025-09-17,2059,4535,Dealer_Hedging,12979
2025-09-17,2059,4000,Investment_Trust,1680
2025-09-18,2059,217458,Foreign_Investor,162739
2025-09-18,2059,0,Foreign_Dealer_Self,0
2025-09-18,2059,1000,Investment_Trust,1000
2025-09-18,2059,7192,Dealer_self,3
2025-09-18,2059,10037,Dealer_Hedging,8305
2025-09-19,2059,0,Foreign_Dealer_Self,0
2025-09-19,2059,1068942,Investment_Trust,59000
2025-09-19,2059,6000,Dealer_self,5003
2025-09-19,2059,9288,Dealer_Hedging,15231
2025-09-19,2059,542621,Foreign_Investor,1592035
2025-09-22,2059,222672,Foreign_Investor,231048
2025-09-22,2059,0,Foreign_Dealer_Self,0
2025-09-22,2059,3300,Dealer_self,4769
2025-09-22,2059,18622,Dealer_Hedging,27882
2025-09-22,2059,0,Investment_Trust,90600
2025-09-23,2059,258711,Foreign_Investor,153131
2025-09-23,2059,0,Foreign_Dealer_Self,0
2025-09-23,2059,1000,Investment_Trust,34204
2025-09-23,2059,4000,Dealer_self,7226
2025-09-23,2059,21415,Dealer_Hedging,10648
2025-09-24,2059,306603,Foreign_Investor,207197
2025-09-24,2059,0,Foreign_Dealer_Self,0
2025-09-24,2059,25000,Dealer_self,9081
2025-09-24,2059,25757,Dealer_Hedging,6815
2025-09-24,2059,11000,Investment_Trust,139777
2025-09-25,2059,213568,Foreign_Investor,243541
2025-09-25,2059,0,Foreign_Dealer_Self,0
2025-09-25,2059,34000,Investment_Trust,18000
2025-09-25,2059,6001,Dealer_self,15400
2025-09-25,2059,14490,Dealer_Hedging,23539
2025-09-26,2059,0,Foreign_Dealer_Self,0
2025-09-26,2059,94682,Dealer_self,5605
2025-09-26,2059,43566,Dealer_Hedging,5358
2025-09-26,2059,184085,Foreign_Investor,241829
2025-09-26,2059,8000,Investment_Trust,105500
2025-09-30,2059,0,Foreign_Dealer_Self,0
2025-09-30,2059,99024,Investment_Trust,14000
2025-09-30,2059,17103,Dealer_self,8000
2025-09-30,2059,17261,Dealer_Hedging,6849
2025-09-30,2059,421005,Foreign_Investor,438172
2025-10-01,2059,181372,Foreign_Investor,228778
2025-10-01,2059,0,Foreign_Dealer_Self,0
2025-10-01,2059,15106,Dealer_self,10584
2025-10-01,2059,4940,Dealer_Hedging,5303
2025-10-01,2059,26000,Investment_Trust,13298
2025-10-02,2059,0,Foreign_Dealer_Self,0
2025-10-02,2059,2013,Investment_Trust,4000
2025-10-02,2059,5813,Dealer_self,4192
2025-10-02,2059,4395,Dealer_Hedging,3438
2025-10-02,2059,196432,Foreign_Investor,198190
2025-10-03,2059,341028,Foreign_Investor,288178
2025-10-03,2059,0,Foreign_Dealer_Self,0
2025-10-03,2059,59000,Investment_Trust,7090
2025-10-03,2059,12451,Dealer_self,6100
2025-10-03,2059,14643,Dealer_Hedging,3980
2025-10-07,2059,266156,Foreign_Investor,207896
2025-10-07,2059,0,Foreign_Dealer_Self,0
2025-10-07,2059,7000,Investment_Trust,2000
2025-10-07,2059,5301,Dealer_self,11100
2025-10-07,2059,9143,Dealer_Hedging,8129
2025-10-08,2059,804934,Foreign_Investor,650405
2025-10-08,2059,0,Foreign_Dealer_Self,0
2025-10-08,2059,12000,Investment_Trust,1000
2025-10-08,2059,21700,Dealer_self,24000
2025-10-08,2059,19731,Dealer_Hedging,25489
2025-10-09,2059,557360,Foreign_Investor,450359
2025-10-09,2059,0,Foreign_Dealer_Self,0
2025-10-09,2059,43000,Investment_Trust,2066
2025-10-09,2059,6600,Dealer_self,43000
2025-10-09,2059,21030,Dealer_Hedging,21080
2025-10-13,2059,264810,Foreign_Investor,327591
2025-10-13,2059,0,Foreign_Dealer_Self,0
2025-10-13,2059,25000,Dealer_self,16000
2025-10-13,2059,31612,Dealer_Hedging,16602
2025-10-13,2059,48000,Investment_Trust,6236
2025-10-14,2059,465190,Foreign_Investor,535876
2025-10-14,2059,0,Foreign_Dealer_Self,0
2025-10-14,2059,264501,Investment_Trust,2036
2025-10-14,2059,10000,Dealer_self,26300
2025-10-14,2059,29596,Dealer_Hedging,68905
2025-10-15,2059,0,Foreign_Dealer_Self,0
2025-10-15,2059,20249,Dealer_self,11002
2025-10-15,2059,26557,Dealer_Hedging,23486
2025-10-15,2059,303920,Foreign_Investor,362055
2025-10-15,2059,54000,Investment_Trust,0
2025-10-16,2059,0,Foreign_Dealer_Self,0
2025-10-16,2059,2000,Investment_Trust,2090
2025-10-16,2059,14000,Dealer_self,16000
2025-10-16,2059,5728,Dealer_Hedging,8359
2025-10-16,2059,313857,Foreign_Investor,280063
2025-10-17,2059,0,Foreign_Dealer_Self,0
2025-10-17,2059,0,Investment_Trust,23000
2025-10-17,2059,3200,Dealer_self,8000
2025-10-17,2059,30836,Dealer_Hedging,17545
2025-10-17,2059,376019,Foreign_Investor,390254
2025-10-20,2059,154076,Foreign_Investor,188028
2025-10-20,2059,0,Foreign_Dealer_Self,0
2025-10-20,2059,1000,Dealer_self,7000
2025-10-20,2059,10715,Dealer_Hedging,10313
2025-10-20,2059,17000,Investment_Trust,6035
2025-10-21,2059,274065,Foreign_Investor,245729
2025-10-21,2059,0,Foreign_Dealer_Self,0
2025-10-21,2059,2000,Dealer_self,6000
2025-10-21,2059,15333,Dealer_Hedging,4055
2025-10-21,2059,27600,Investment_Trust,7700
2025-10-22,2059,109591,Foreign_Investor,117917
2025-10-22,2059,0,Foreign_Dealer_Self,0
2025-10-22,2059,5000,Dealer_self,5000
2025-10-22,2059,7047,Dealer_Hedging,14126
2025-10-22,2059,12090,Investment_Trust,1200
2025-10-23,2059,120507,Foreign_Investor,146945
2025-10-23,2059,0,Foreign_Dealer_Self,0
2025-10-23,2059,7100,Dealer_self,8500
2025-10-23,2059,11009,Dealer_Hedging,7169
2025-10-23,2059,12000,Investment_Trust,6500
2025-10-27,2059,240537,Foreign_Investor,280428
2025-10-27,2059,0,Foreign_Dealer_Self,0
2025-10-27,2059,5100,Dealer_self,100
2025-10-27,2059,11612,Dealer_Hedging,10673
2025-10-27,2059,13000,Investment_Trust,2004
2025-10-28,2059,170993,Foreign_Investor,123613
2025-10-28,2059,0,Foreign_Dealer_Self,0
2025-10-28,2059,35000,Investment_Trust,21000
2025-10-28,2059,1513,Dealer_self,0
2025-10-28,2059,12236,Dealer_Hedging,3155
2025-10-29,2059,239144,Foreign_Investor,333135
2025-10-29,2059,0,Foreign_Dealer_Self,0
2025-10-29,2059,18300,Dealer_self,6000
2025-10-29,2059,16985,Dealer_Hedging,30060
2025-10-29,2059,151000,Investment_Trust,4283
2025-10-30,2059,376969,Foreign_Investor,243445
2025-10-30,2059,0,Foreign_Dealer_Self,0
2025-10-30,2059,106000,Investment_Trust,0
2025-10-30,2059,7200,Dealer_self,5600
2025-10-30,2059,15574,Dealer_Hedging,29926
2025-10-31,2059,199446,Foreign_Investor,247199
2025-10-31,2059,0,Foreign_Dealer_Self,0
2025-10-31,2059,66000,Investment_Trust,2029
2025-10-31,2059,9200,Dealer_self,2510
2025-10-31,2059,7330,Dealer_Hedging,13679
2025-11-03,2059,239305,Foreign_Investor,270725
2025-11-03,2059,0,Foreign_Dealer_Self,0
2025-11-03,2059,13200,Dealer_self,4000
2025-11-03,2059,29169,Dealer_Hedging,12244
2025-11-03,2059,80460,Investment_Trust,9058
2025-11-04,2059,323188,Foreign_Investor,340456
2025-11-04,2059,0,Foreign_Dealer_Self,0
2025-11-04,2059,5510,Dealer_self,9200
2025-11-04,2059,9304,Dealer_Hedging,12543
2025-11-04,2059,7680,Investment_Trust,42000
2025-11-05,2059,388629,Foreign_Investor,425815
2025-11-05,2059,0,Foreign_Dealer_Self,0
2025-11-05,2059,34020,Dealer_self,31204
2025-11-05,2059,40068,Dealer_Hedging,12949
2025-11-05,2059,21427,Investment_Trust,19558
2025-11-06,2059,218450,Foreign_Investor,187460
2025-11-06,2059,0,Foreign_Dealer_Self,0
2025-11-06,2059,47072,Investment_Trust,1000
2025-11-06,2059,14300,Dealer_self,14100
2025-11-06,2059,7475,Dealer_Hedging,6582
2025-11-07,2059,315667,Foreign_Investor,512647
2025-11-07,2059,0,Foreign_Dealer_Self,0
2025-11-07,2059,38000,Dealer_self,28507
2025-11-07,2059,43440,Dealer_Hedging,28060
2025-11-07,2059,6108,Investment_Trust,20000
2025-11-10,2059,512259,Foreign_Investor,310746
2025-11-10,2059,0,Foreign_Dealer_Self,0
2025-11-10,2059,14500,Dealer_self,19700
2025-11-10,2059,21667,Dealer_Hedging,14934
2025-11-10,2059,10016,Investment_Trust,297000
2025-11-11,2059,0,Foreign_Dealer_Self,0
2025-11-11,2059,5190,Investment_Trust,87000
2025-11-11,2059,25400,Dealer_self,71427
2025-11-11,2059,43802,Dealer_Hedging,103398
2025-11-11,2059,472849,Foreign_Investor,749973
2025-11-12,2059,881972,Foreign_Investor,815620
2025-11-12,2059,0,Foreign_Dealer_Self,0
2025-11-12,2059,29516,Dealer_self,21368
2025-11-12,2059,72076,Dealer_Hedging,66465
2025-11-12,2059,0,Investment_Trust,264000
2025-11-13,2059,637516,Foreign_Investor,409580
2025-11-13,2059,0,Foreign_Dealer_Self,0
2025-11-13,2059,50663,Dealer_self,4063
2025-11-13,2059,87093,Dealer_Hedging,17872
2025-11-13,2059,0,Investment_Trust,483000
2025-11-14,2059,972929,Foreign_Investor,597113
2025-11-14,2059,0,Foreign_Dealer_Self,0
2025-11-14,2059,3000,Investment_Trust,239000
2025-11-14,2059,15200,Dealer_self,24500
2025-11-14,2059,48175,Dealer_Hedging,46444
2025-11-17,2059,321565,Foreign_Investor,448295
2025-11-17,2059,0,Foreign_Dealer_Self,0
2025-11-17,2059,3025,Investment_Trust,151144
2025-11-17,2059,9000,Dealer_self,22800
2025-11-17,2059,13199,Dealer_Hedging,20328
2025-11-18,2059,487887,Foreign_Investor,458237
2025-11-18,2059,0,Foreign_Dealer_Self,0
2025-11-18,2059,1070,Dealer_self,12300
2025-11-18,2059,19995,Dealer_Hedging,25330
2025-11-18,2059,57500,Investment_Trust,281052
2025-11-19,2059,430857,Foreign_Investor,564334
2025-11-19,2059,0,Foreign_Dealer_Self,0
2025-11-19,2059,61882,Investment_Trust,12270
2025-11-19,2059,18000,Dealer_self,25000
2025-11-19,2059,27120,Dealer_Hedging,19256
2025-11-20,2059,377352,Foreign_Investor,368022
2025-11-20,2059,0,Foreign_Dealer_Self,0
2025-11-20,2059,33000,Dealer_self,18000
2025-11-20,2059,40860,Dealer_Hedging,39278
2025-11-20,2059,146597,Investment_Trust,195000
2025-11-21,2059,0,Foreign_Dealer_Self,0
2025-11-21,2059,8016,Dealer_self,27000
2025-11-21,2059,33313,Dealer_Hedging,26576
2025-11-21,2059,398222,Foreign_Investor,341361
2025-11-21,2059,52073,Investment_Trust,64000
2025-11-24,2059,0,Foreign_Dealer_Self,0
2025-11-24,2059,53000,Investment_Trust,5004
2025-11-24,2059,17100,Dealer_self,10065
2025-11-24,2059,32494,Dealer_Hedging,31284
2025-11-24,2059,1062519,Foreign_Investor,1262883
2025-11-25,2059,441416,Foreign_Investor,370824
2025-11-25,2059,0,Foreign_Dealer_Self,0
2025-11-25,2059,12000,Investment_Trust,252962
2025-11-25,2059,4100,Dealer_self,4220
2025-11-25,2059,16399,Dealer_Hedging,29183
2025-11-26,2059,674565,Foreign_Investor,445470
2025-11-26,2059,0,Foreign_Dealer_Self,0
2025-11-26,2059,6000,Dealer_self,10300
2025-11-26,2059,16879,Dealer_Hedging,22260
2025-11-26,2059,2012,Investment_Trust,211600
2025-11-27,2059,886754,Foreign_Investor,680161
2025-11-27,2059,0,Foreign_Dealer_Self,0
2025-11-27,2059,105000,Investment_Trust,201571
2025-11-27,2059,10300,Dealer_self,4000
2025-11-27,2059,49465,Dealer_Hedging,23425
2025-11-28,2059,606445,Foreign_Investor,744558
2025-11-28,2059,0,Foreign_Dealer_Self,0
2025-11-28,2059,139000,Investment_Trust,1000
2025-11-28,2059,31753,Dealer_self,15000
2025-11-28,2059,79996,Dealer_Hedging,50024
2025-12-01,2059,465054,Foreign_Investor,692984
2025-12-01,2059,0,Foreign_Dealer_Self,0
2025-12-01,2059,30000,Investment_Trust,167400
2025-12-01,2059,40202,Dealer_self,30022
2025-12-01,2059,93647,Dealer_Hedging,110514
2025-12-02,2059,512545,Foreign_Investor,520516
2025-12-02,2059,0,Foreign_Dealer_Self,0
2025-12-02,2059,2088,Investment_Trust,177332
2025-12-02,2059,7100,Dealer_self,33000
2025-12-02,2059,60428,Dealer_Hedging,59628
2025-12-03,2059,259969,Foreign_Investor,335525
2025-12-03,2059,0,Foreign_Dealer_Self,0
2025-12-03,2059,12500,Investment_Trust,16000
2025-12-03,2059,14000,Dealer_self,23000
2025-12-03,2059,17064,Dealer_Hedging,22077
2025-12-04,2059,192211,Foreign_Investor,201259
2025-12-04,2059,0,Foreign_Dealer_Self,0
2025-12-04,2059,37000,Investment_Trust,2000
2025-12-04,2059,2000,Dealer_self,8000
2025-12-04,2059,2151,Dealer_Hedging,4804
2025-12-05,2059,234030,Foreign_Investor,383435
2025-12-05,2059,0,Foreign_Dealer_Self,0
2025-12-05,2059,7700,Investment_Trust,49972
2025-12-05,2059,16200,Dealer_self,7000
2025-12-05,2059,13694,Dealer_Hedging,19515
2025-12-08,2059,0,Foreign_Dealer_Self,0
2025-12-08,2059,76000,Investment_Trust,92363
2025-12-08,2059,22300,Dealer_self,16200
2025-12-08,2059,23967,Dealer_Hedging,15585
2025-12-08,2059,372695,Foreign_Investor,398941
2025-12-09,2059,239056,Foreign_Investor,373456
2025-12-09,2059,0,Foreign_Dealer_Self,0
2025-12-09,2059,98000,Investment_Trust,82325
2025-12-09,2059,2300,Dealer_self,7400
2025-12-09,2059,17749,Dealer_Hedging,22720
2025-12-10,2059,273261,Foreign_Investor,204520
2025-12-10,2059,0,Foreign_Dealer_Self,0
2025-12-10,2059,43002,Investment_Trust,36096
2025-12-10,2059,317,Dealer_self,2300
2025-12-10,2059,16930,Dealer_Hedging,10858
2025-12-11,2059,317169,Foreign_Investor,601816
2025-12-11,2059,0,Foreign_Dealer_Self,0
2025-12-11,2059,198900,Investment_Trust,46
2025-12-11,2059,16100,Dealer_self,8000
2025-12-11,2059,68146,Dealer_Hedging,57009
2025-12-12,2059,298984,Foreign_Investor,520935
2025-12-12,2059,0,Foreign_Dealer_Self,0
2025-12-12,2059,72000,Investment_Trust,2058
2025-12-12,2059,11000,Dealer_self,10400
2025-12-12,2059,27845,Dealer_Hedging,51911
2025-12-15,2059,205664,Foreign_Investor,248931
2025-12-15,2059,0,Foreign_Dealer_Self,0
2025-12-15,2059,35200,Investment_Trust,5034
2025-12-15,2059,5000,Dealer_self,3000
2025-12-15,2059,11300,Dealer_Hedging,12588
2025-12-16,2059,175471,Foreign_Investor,238737
2025-12-16,2059,0,Foreign_Dealer_Self,0
2025-12-16,2059,37259,Investment_Trust,0
2025-12-16,2059,8000,Dealer_self,21000
2025-12-16,2059,14930,Dealer_Hedging,14277
2025-12-17,2059,0,Foreign_Dealer_Self,0
2025-12-17,2059,13000,Investment_Trust,147
2025-12-17,2059,3000,Dealer_self,4000
2025-12-17,2059,146352,Foreign_Investor,212625
2025-12-17,2059,34307,Dealer_Hedging,26618
2025-12-18,2059,218758,Foreign_Investor,244092
2025-12-18,2059,0,Foreign_Dealer_Self,0
2025-12-18,2059,25000,Investment_Trust,0
2025-12-18,2059,5000,Dealer_self,6000
2025-12-18,2059,10003,Dealer_Hedging,17166
2025-12-19,2059,0,Foreign_Dealer_Self,0
2025-12-19,2059,54576,Investment_Trust,31000
2025-12-19,2059,4000,Dealer_self,4000
2025-12-19,2059,24532,Dealer_Hedging,10347
2025-12-19,2059,334742,Foreign_Investor,290357
2025-12-22,2059,105693,Foreign_Investor,147537
2025-12-22,2059,0,Foreign_Dealer_Self,0
2025-12-22,2059,2263,Dealer_self,5000
2025-12-22,2059,9812,Dealer_Hedging,8456
2025-12-22,2059,76000,Investment_Trust,0
2025-12-23,2059,146024,Foreign_Investor,217315
2025-12-23,2059,0,Foreign_Dealer_Self,0
2025-12-23,2059,5200,Dealer_self,5200
2025-12-23,2059,24769,Dealer_Hedging,17667
2025-12-23,2059,89000,Investment_Trust,24000
2025-12-24,2059,74806,Foreign_Investor,81533
2025-12-24,2059,0,Foreign_Dealer_Self,0
2025-12-24,2059,29000,Investment_Trust,5000
2025-12-24,2059,1000,Dealer_self,2000
2025-12-24,2059,2844,Dealer_Hedging,13109
2025-12-26,2059,82908,Foreign_Investor,79648
2025-12-26,2059,0,Foreign_Dealer_Self,0
2025-12-26,2059,0,Dealer_self,2000
2025-12-26,2059,4184,Dealer_Hedging,7041
2025-12-26,2059,26200,Investment_Trust,13000
2025-12-29,2059,174336,Foreign_Investor,82839
2025-12-29,2059,0,Foreign_Dealer_Self,0
2025-12-29,2059,18000,Investment_Trust,2258
2025-12-29,2059,0,Dealer_self,13000
2025-12-29,2059,28835,Dealer_Hedging,6156
2025-12-30,2059,0,Foreign_Dealer_Self,0
2025-12-30,2059,12000,Investment_Trust,9033
2025-12-30,2059,1000,Dealer_self,1000
2025-12-30,2059,13478,Dealer_Hedging,12497
2025-12-30,2059,111720,Foreign_Investor,114290
2025-12-31,2059,109648,Foreign_Investor,103997
2025-12-31,2059,0,Foreign_Dealer_Self,0
2025-12-31,2059,0,Dealer_self,2000
2025-12-31,2059,6709,Dealer_Hedging,18885
2025-12-31,2059,21000,Investment_Trust,13412
2026-01-02,2059,306461,Foreign_Investor,589452
2026-01-02,2059,0,Foreign_Dealer_Self,0
2026-01-02,2059,4200,Dealer_self,1000
2026-01-02,2059,85156,Dealer_Hedging,94970
2026-01-02,2059,33013,Investment_Trust,263890
2026-01-05,2059,705902,Foreign_Investor,601374
2026-01-05,2059,0,Foreign_Dealer_Self,0
2026-01-05,2059,19600,Dealer_self,6000
2026-01-05,2059,94857,Dealer_Hedging,80670
2026-01-05,2059,15000,Investment_Trust,412788
2026-01-06,2059,532798,Foreign_Investor,457086
2026-01-06,2059,0,Foreign_Dealer_Self,0
2026-01-06,2059,10300,Dealer_self,3110
2026-01-06,2059,47787,Dealer_Hedging,13167
2026-01-06,2059,1000,Investment_Trust,324125
2026-01-07,2059,348862,Foreign_Investor,472387
2026-01-07,2059,0,Foreign_Dealer_Self,0
2026-01-07,2059,6000,Investment_Trust,2258
2026-01-07,2059,19000,Dealer_self,4000
2026-01-07,2059,30889,Dealer_Hedging,23021
2026-01-08,2059,351760,Foreign_Investor,180179
2026-01-08,2059,0,Foreign_Dealer_Self,0
2026-01-08,2059,15000,Dealer_self,3249
2026-01-08,2059,14994,Dealer_Hedging,27102
2026-01-08,2059,4000,Investment_Trust,298535
2026-01-09,2059,592234,Foreign_Investor,385612
2026-01-09,2059,0,Foreign_Dealer_Self,0
2026-01-09,2059,2000,Investment_Trust,46234
2026-01-09,2059,20000,Dealer_self,11200
2026-01-09,2059,52295,Dealer_Hedging,13036
2026-01-12,2059,187807,Foreign_Investor,295409
2026-01-12,2059,0,Foreign_Dealer_Self,0
2026-01-12,2059,4000,Dealer_self,6200
2026-01-12,2059,16460,Dealer_Hedging,24285
2026-01-12,2059,1200,Investment_Trust,71353
2026-01-13,2059,282790,Foreign_Investor,205153
2026-01-13,2059,0,Foreign_Dealer_Self,0
2026-01-13,2059,1000,Investment_Trust,108582
2026-01-13,2059,1000,Dealer_self,17284
2026-01-13,2059,7396,Dealer_Hedging,33149
2026-01-14,2059,293541,Foreign_Investor,191649
2026-01-14,2059,0,Foreign_Dealer_Self,0
2026-01-14,2059,1000,Dealer_self,3000
2026-01-14,2059,10641,Dealer_Hedging,2747
2026-01-14,2059,2000,Investment_Trust,193468
2026-01-15,2059,628997,Foreign_Investor,572640
2026-01-15,2059,0,Foreign_Dealer_Self,0
2026-01-15,2059,7000,Investment_Trust,109034
2026-01-15,2059,5000,Dealer_self,22007
2026-01-15,2059,47796,Dealer_Hedging,39787
2026-01-16,2059,344596,Foreign_Investor,345571
2026-01-16,2059,0,Foreign_Dealer_Self,0
2026-01-16,2059,0,Dealer_self,15000
2026-01-16,2059,32073,Dealer_Hedging,39269
2026-01-16,2059,6000,Investment_Trust,152481
2026-01-19,2059,727143,Foreign_Investor,574948
2026-01-19,2059,0,Foreign_Dealer_Self,0
2026-01-19,2059,5000,Investment_Trust,27013
2026-01-19,2059,20253,Dealer_self,7019
2026-01-19,2059,93476,Dealer_Hedging,111173
2026-01-20,2059,1363076,Foreign_Investor,485441
2026-01-20,2059,0,Foreign_Dealer_Self,0
2026-01-20,2059,73000,Investment_Trust,49329
2026-01-20,2059,30000,Dealer_self,7258
2026-01-20,2059,144835,Dealer_Hedging,125380
2026-01-21,2059,412739,Foreign_Investor,409112
2026-01-21,2059,0,Foreign_Dealer_Self,0
2026-01-21,2059,2000,Investment_Trust,5262
2026-01-21,2059,12100,Dealer_self,14000
2026-01-21,2059,17648,Dealer_Hedging,51431
2026-01-22,2059,275232,Foreign_Investor,389533
2026-01-22,2059,0,Foreign_Dealer_Self,0
2026-01-22,2059,7000,Investment_Trust,13764
2026-01-22,2059,18326,Dealer_self,13100
2026-01-22,2059,17380,Dealer_Hedging,16853
2026-01-23,2059,187480,Foreign_Investor,105458
2026-01-23,2059,0,Foreign_Dealer_Self,0
2026-01-23,2059,6500,Investment_Trust,10028
2026-01-23,2059,1000,Dealer_self,6000
2026-01-23,2059,19525,Dealer_Hedging,11460
2026-01-26,2059,496847,Foreign_Investor,539750
2026-01-26,2059,0,Foreign_Dealer_Self,0
2026-01-26,2059,11000,Dealer_self,9137
2026-01-26,2059,24289,Dealer_Hedging,29801
2026-01-26,2059,3000,Investment_Trust,128277
2026-01-27,2059,339461,Foreign_Investor,319772
2026-01-27,2059,0,Foreign_Dealer_Self,0
2026-01-27,2059,6000,Investment_Trust,97113
2026-01-27,2059,835,Dealer_self,2326
2026-01-27,2059,20315,Dealer_Hedging,12028
2026-01-28,2059,300240,Foreign_Investor,412844
2026-01-28,2059,0,Foreign_Dealer_Self,0
2026-01-28,2059,4500,Investment_Trust,79000
2026-01-28,2059,2000,Dealer_self,8730
2026-01-28,2059,42559,Dealer_Hedging,65760
2026-01-29,2059,0,Foreign_Dealer_Self,0
2026-01-29,2059,2000,Investment_Trust,496000
2026-01-29,2059,16000,Dealer_self,19800
2026-01-29,2059,52692,Dealer_Hedging,67719
2026-01-29,2059,850937,Foreign_Investor,616751
2026-01-30,2059,644503,Foreign_Investor,486083
2026-01-30,2059,0,Foreign_Dealer_Self,0
2026-01-30,2059,0,Investment_Trust,224000
2026-01-30,2059,9000,Dealer_self,13575
2026-01-30,2059,43627,Dealer_Hedging,41166
2026-02-02,2059,387187,Foreign_Investor,455271
2026-02-02,2059,0,Foreign_Dealer_Self,0
2026-02-02,2059,29000,Investment_Trust,10028
2026-02-02,2059,1000,Dealer_self,14600
2026-02-02,2059,32634,Dealer_Hedging,37527
2026-02-03,2059,796957,Foreign_Investor,599340
2026-02-03,2059,0,Foreign_Dealer_Self,0
2026-02-03,2059,15086,Investment_Trust,174062
2026-02-03,2059,4000,Dealer_self,8000
2026-02-03,2059,18690,Dealer_Hedging,19139
2026-02-04,2059,0,Foreign_Dealer_Self,0
2026-02-04,2059,25100,Investment_Trust,23000
2026-02-04,2059,6000,Dealer_self,4000
2026-02-04,2059,27128,Dealer_Hedging,18925
2026-02-04,2059,621469,Foreign_Investor,492755
2026-02-05,2059,300764,Foreign_Investor,446390
2026-02-05,2059,0,Foreign_Dealer_Self,0
2026-02-05,2059,12090,Investment_Trust,55000
2026-02-05,2059,6226,Dealer_self,3601
2026-02-05,2059,31267,Dealer_Hedging,36533
2026-02-06,2059,400541,Foreign_Investor,347200
2026-02-06,2059,0,Foreign_Dealer_Self,0
2026-02-06,2059,10088,Investment_Trust,56297
2026-02-06,2059,10100,Dealer_self,17625
2026-02-06,2059,31596,Dealer_Hedging,40026
2026-02-09,2059,377416,Foreign_Investor,210300
2026-02-09,2059,0,Foreign_Dealer_Self,0
2026-02-09,2059,0,Investment_Trust,37001
2026-02-09,2059,8100,Dealer_self,11550
2026-02-09,2059,23139,Dealer_Hedging,23767
2026-02-10,2059,400094,Foreign_Investor,276080
2026-02-10,2059,0,Foreign_Dealer_Self,0
2026-02-10,2059,0,Investment_Trust,5000
2026-02-10,2059,5456,Dealer_self,3144
2026-02-10,2059,12910,Dealer_Hedging,15546
2026-02-11,2059,0,Foreign_Dealer_Self,0
2026-02-11,2059,21000,Investment_Trust,4000
2026-02-11,2059,7702,Dealer_self,1176
2026-02-11,2059,24552,Dealer_Hedging,21302
2026-02-11,2059,256684,Foreign_Investor,343775
2026-02-23,2059,0,Foreign_Dealer_Self,0
2026-02-23,2059,56000,Investment_Trust,46000
2026-02-23,2059,25088,Dealer_self,16338
2026-02-23,2059,31188,Dealer_Hedging,18650
2026-02-23,2059,368508,Foreign_Investor,360029
2026-02-24,2059,385798,Foreign_Investor,426400
2026-02-24,2059,0,Foreign_Dealer_Self,0
2026-02-24,2059,68100,Investment_Trust,12028
2026-02-24,2059,23245,Dealer_self,2791
2026-02-24,2059,29223,Dealer_Hedging,18752
2026-02-25,2059,859739,Foreign_Investor,674044
2026-02-25,2059,0,Foreign_Dealer_Self,0
2026-02-25,2059,151000,Investment_Trust,14000
2026-02-25,2059,9421,Dealer_self,16125
2026-02-25,2059,77891,Dealer_Hedging,53023
2026-02-26,2059,766708,Foreign_Investor,1081106
2026-02-26,2059,0,Foreign_Dealer_Self,0
2026-02-26,2059,1000,Investment_Trust,57259
2026-02-26,2059,21100,Dealer_self,18000
2026-02-26,2059,36922,Dealer_Hedging,35639
2026-03-02,2059,0,Foreign_Dealer_Self,0
2026-03-02,2059,8000,Investment_Trust,2000
2026-03-02,2059,10407,Dealer_self,12255
2026-03-02,2059,29860,Dealer_Hedging,25304
2026-03-02,2059,396505,Foreign_Investor,416301
2026-03-03,2059,247078,Foreign_Investor,354693
2026-03-03,2059,0,Foreign_Dealer_Self,0
2026-03-03,2059,4200,Investment_Trust,12000
2026-03-03,2059,4955,Dealer_self,21151
2026-03-03,2059,15802,Dealer_Hedging,30564
2026-03-04,2059,0,Foreign_Dealer_Self,0
2026-03-04,2059,6000,Investment_Trust,3458
2026-03-04,2059,13626,Dealer_self,12101
2026-03-04,2059,20885,Dealer_Hedging,33117
2026-03-04,2059,268364,Foreign_Investor,236710
2026-03-05,2059,253781,Foreign_Investor,170931
2026-03-05,2059,0,Foreign_Dealer_Self,0
2026-03-05,2059,32500,Investment_Trust,4357
2026-03-05,2059,450,Dealer_self,7310
2026-03-05,2059,26696,Dealer_Hedging,16506
2026-03-06,2059,196316,Foreign_Investor,193837
2026-03-06,2059,0,Foreign_Dealer_Self,0
2026-03-06,2059,28000,Investment_Trust,149000
2026-03-06,2059,6160,Dealer_self,8183
2026-03-06,2059,14983,Dealer_Hedging,19753
2026-03-09,2059,190605,Foreign_Investor,211810
2026-03-09,2059,0,Foreign_Dealer_Self,0
2026-03-09,2059,6013,Investment_Trust,10000
2026-03-09,2059,14450,Dealer_self,26358
2026-03-09,2059,40815,Dealer_Hedging,46721
2026-03-10,2059,0,Foreign_Dealer_Self,0
2026-03-10,2059,2013,Investment_Trust,0
2026-03-10,2059,8000,Dealer_self,6834
2026-03-10,2059,7089,Dealer_Hedging,796
2026-03-10,2059,219820,Foreign_Investor,222875
2026-03-11,2059,297272,Foreign_Investor,204938
2026-03-11,2059,0,Foreign_Dealer_Self,0
2026-03-11,2059,0,Investment_Trust,0
2026-03-11,2059,12215,Dealer_self,16141
2026-03-11,2059,45292,Dealer_Hedging,32310
2026-03-12,2059,243550,Foreign_Investor,224743
2026-03-12,2059,0,Foreign_Dealer_Self,0
2026-03-12,2059,20000,Investment_Trust,4000
2026-03-12,2059,2000,Dealer_self,15000
2026-03-12,2059,12860,Dealer_Hedging,18613
2026-03-13,2059,352624,Foreign_Investor,312239
2026-03-13,2059,0,Foreign_Dealer_Self,0
2026-03-13,2059,87000,Investment_Trust,25000
2026-03-13,2059,6270,Dealer_self,5000
2026-03-13,2059,44134,Dealer_Hedging,35859
2026-03-16,2059,167506,Foreign_Investor,207886
2026-03-16,2059,0,Foreign_Dealer_Self,0
2026-03-16,2059,1200,Dealer_self,5200
2026-03-16,2059,13917,Dealer_Hedging,16451
2026-03-16,2059,9201,Investment_Trust,4250
2026-03-17,2059,202300,Foreign_Investor,150491
2026-03-17,2059,0,Foreign_Dealer_Self,0
2026-03-17,2059,5444,Dealer_self,3200
2026-03-17,2059,23074,Dealer_Hedging,16406
2026-03-17,2059,17000,Investment_Trust,4000
2026-03-18,2059,275081,Foreign_Investor,229766
2026-03-18,2059,0,Foreign_Dealer_Self,0
2026-03-18,2059,11383,Dealer_self,1000
2026-03-18,2059,45937,Dealer_Hedging,42200
2026-03-18,2059,113013,Investment_Trust,6000
2026-03-19,2059,569679,Foreign_Investor,401812
2026-03-19,2059,0,Foreign_Dealer_Self,0
2026-03-19,2059,97002,Investment_Trust,6124
2026-03-19,2059,28678,Dealer_self,18000
2026-03-19,2059,109436,Dealer_Hedging,91688
2026-03-20,2059,0,Foreign_Dealer_Self,0
2026-03-20,2059,54147,Investment_Trust,50085
2026-03-20,2059,21723,Dealer_self,14843
2026-03-20,2059,39070,Dealer_Hedging,46237
2026-03-20,2059,520487,Foreign_Investor,709368
2026-03-23,2059,388273,Foreign_Investor,494104
2026-03-23,2059,0,Foreign_Dealer_Self,0
2026-03-23,2059,69021,Investment_Trust,7000
2026-03-23,2059,14593,Dealer_self,29400
2026-03-23,2059,18327,Dealer_Hedging,25552
2026-03-24,2059,0,Foreign_Dealer_Self,0
2026-03-24,2059,20340,Dealer_self,18857
2026-03-24,2059,87059,Dealer_Hedging,81961
2026-03-24,2059,421449,Foreign_Investor,336213
2026-03-24,2059,21200,Investment_Trust,34
2026-03-25,2059,370713,Foreign_Investor,428214
2026-03-25,2059,0,Foreign_Dealer_Self,0
2026-03-25,2059,13200,Dealer_self,14363
2026-03-25,2059,24362,Dealer_Hedging,20087
2026-03-25,2059,47027,Investment_Trust,0
2026-03-26,2059,317353,Foreign_Investor,307784
2026-03-26,2059,0,Foreign_Dealer_Self,0
2026-03-26,2059,17629,Dealer_self,9400
2026-03-26,2059,39127,Dealer_Hedging,33381
2026-03-26,2059,94430,Investment_Trust,0
2026-03-27,2059,208295,Foreign_Investor,228261
2026-03-27,2059,0,Foreign_Dealer_Self,0
2026-03-27,2059,11000,Investment_Trust,1174
2026-03-27,2059,5000,Dealer_self,7150
2026-03-27,2059,5766,Dealer_Hedging,8425
2026-03-30,2059,187001,Foreign_Investor,236290
2026-03-30,2059,0,Foreign_Dealer_Self,0
2026-03-30,2059,16013,Investment_Trust,9125
2026-03-30,2059,7300,Dealer_self,14150
2026-03-30,2059,9056,Dealer_Hedging,23534
2026-03-31,2059,0,Foreign_Dealer_Self,0
2026-03-31,2059,24100,Investment_Trust,1450
2026-03-31,2059,7005,Dealer_self,24130
2026-03-31,2059,28884,Dealer_Hedging,37344
2026-03-31,2059,528202,Foreign_Investor,685246
2026-04-01,2059,0,Foreign_Dealer_Self,0
2026-04-01,2059,125013,Investment_Trust,0
2026-04-01,2059,6220,Dealer_self,2636
2026-04-01,2059,27405,Dealer_Hedging,18060
2026-04-01,2059,483385,Foreign_Investor,439337
2026-04-02,2059,226597,Foreign_Investor,306105
2026-04-02,2059,0,Foreign_Dealer_Self,0
2026-04-02,2059,15129,Investment_Trust,7000
2026-04-02,2059,2200,Dealer_self,1573
2026-04-02,2059,9593,Dealer_Hedging,16628
2026-04-07,2059,114286,Foreign_Investor,273190
2026-04-07,2059,0,Foreign_Dealer_Self,0
2026-04-07,2059,161,Investment_Trust,70100
2026-04-07,2059,11000,Dealer_self,8569
2026-04-07,2059,25184,Dealer_Hedging,31851
2026-04-08,2059,276678,Foreign_Investor,244904
2026-04-08,2059,0,Foreign_Dealer_Self,0
2026-04-08,2059,49,Investment_Trust,1294
2026-04-08,2059,10800,Dealer_self,4450
2026-04-08,2059,19577,Dealer_Hedging,3137
2026-04-09,2059,201055,Foreign_Investor,134257
2026-04-09,2059,0,Foreign_Dealer_Self,0
2026-04-09,2059,2000,Dealer_self,1000
2026-04-09,2059,12477,Dealer_Hedging,10392
2026-04-09,2059,5021,Investment_Trust,54238
2026-04-10,2059,219109,Foreign_Investor,232051
2026-04-10,2059,0,Foreign_Dealer_Self,0
2026-04-10,2059,4356,Dealer_self,2141
2026-04-10,2059,22972,Dealer_Hedging,10188
2026-04-10,2059,36,Investment_Trust,15000
2026-04-13,2059,226676,Foreign_Investor,395598
2026-04-13,2059,0,Foreign_Dealer_Self,0
2026-04-13,2059,5052,Investment_Trust,7086
2026-04-13,2059,2900,Dealer_self,2048
2026-04-13,2059,23198,Dealer_Hedging,24679
2026-04-14,2059,400994,Foreign_Investor,558453
2026-04-14,2059,0,Foreign_Dealer_Self,0
2026-04-14,2059,13082,Dealer_self,10348
2026-04-14,2059,47261,Dealer_Hedging,27452
2026-04-14,2059,5380,Investment_Trust,59020
2026-04-15,2059,262069,Foreign_Investor,271136
2026-04-15,2059,0,Foreign_Dealer_Self,0
2026-04-15,2059,15426,Investment_Trust,3000
2026-04-15,2059,2000,Dealer_self,6437
2026-04-15,2059,21715,Dealer_Hedging,24813
2026-04-16,2059,217696,Foreign_Investor,241020
2026-04-16,2059,0,Foreign_Dealer_Self,0
2026-04-16,2059,170,Investment_Trust,4000
2026-04-16,2059,5600,Dealer_self,1000
2026-04-16,2059,10416,Dealer_Hedging,7460
2026-04-17,2059,382412,Foreign_Investor,390327
2026-04-17,2059,0,Foreign_Dealer_Self,0
2026-04-17,2059,179054,Investment_Trust,3014
2026-04-17,2059,11400,Dealer_self,8100
2026-04-17,2059,35800,Dealer_Hedging,20226
2026-04-20,2059,275089,Foreign_Investor,449490
2026-04-20,2059,0,Foreign_Dealer_Self,0
2026-04-20,2059,217122,Investment_Trust,300
2026-04-20,2059,10481,Dealer_self,13421
2026-04-20,2059,19116,Dealer_Hedging,19663
2026-04-21,2059,229700,Foreign_Investor,312164
2026-04-21,2059,0,Foreign_Dealer_Self,0
2026-04-21,2059,64193,Investment_Trust,100
2026-04-21,2059,5097,Dealer_self,9000
2026-04-21,2059,22718,Dealer_Hedging,25673
2026-04-22,2059,310870,Foreign_Investor,188510
2026-04-22,2059,0,Foreign_Dealer_Self,0
2026-04-22,2059,4233,Investment_Trust,13012
2026-04-22,2059,2397,Dealer_self,3835
2026-04-22,2059,22714,Dealer_Hedging,15995
2026-04-23,2059,449183,Foreign_Investor,534746
2026-04-23,2059,0,Foreign_Dealer_Self,0
2026-04-23,2059,1000,Investment_Trust,8110
2026-04-23,2059,10124,Dealer_self,12466
2026-04-23,2059,38538,Dealer_Hedging,75569
2026-04-24,2059,439824,Foreign_Investor,618847
2026-04-24,2059,0,Foreign_Dealer_Self,0
2026-04-24,2059,216000,Investment_Trust,2054
2026-04-24,2059,13985,Dealer_self,15694
2026-04-24,2059,38568,Dealer_Hedging,24238
2026-04-27,2059,411037,Foreign_Investor,791289
2026-04-27,2059,0,Foreign_Dealer_Self,0
2026-04-27,2059,227000,Investment_Trust,326
2026-04-27,2059,7376,Dealer_self,6158
2026-04-27,2059,61195,Dealer_Hedging,50538
2026-04-28,2059,361605,Foreign_Investor,412917
2026-04-28,2059,0,Foreign_Dealer_Self,0
2026-04-28,2059,37000,Investment_Trust,213
2026-04-28,2059,8371,Dealer_self,1710
2026-04-28,2059,38667,Dealer_Hedging,43381
2026-04-29,2059,390917,Foreign_Investor,451326
2026-04-29,2059,0,Foreign_Dealer_Self,0
2026-04-29,2059,136900,Investment_Trust,1283
2026-04-29,2059,8476,Dealer_self,11566
2026-04-29,2059,40906,Dealer_Hedging,27346
2026-04-30,2059,250944,Foreign_Investor,819239
2026-04-30,2059,0,Foreign_Dealer_Self,0
2026-04-30,2059,61500,Investment_Trust,2000
2026-04-30,2059,13000,Dealer_self,10916
2026-04-30,2059,55934,Dealer_Hedging,68336
2026-05-04,2059,267110,Foreign_Investor,266909
2026-05-04,2059,0,Foreign_Dealer_Self,0
2026-05-04,2059,11000,Investment_Trust,74
2026-05-04,2059,2559,Dealer_self,470
2026-05-04,2059,17482,Dealer_Hedging,11535
2026-05-05,2059,240526,Foreign_Investor,194896
2026-05-05,2059,0,Foreign_Dealer_Self,0
2026-05-05,2059,112123,Investment_Trust,16235
2026-05-05,2059,2409,Dealer_self,6000
2026-05-05,2059,17789,Dealer_Hedging,14601
2026-05-06,2059,568005,Foreign_Investor,624805
2026-05-06,2059,0,Foreign_Dealer_Self,0
2026-05-06,2059,168581,Investment_Trust,0
2026-05-06,2059,11044,Dealer_self,17153
2026-05-06,2059,57057,Dealer_Hedging,43953
2026-05-07,2059,81638,Foreign_Investor,106896
2026-05-07,2059,0,Foreign_Dealer_Self,0
2026-05-07,2059,0,Investment_Trust,2
2026-05-07,2059,0,Dealer_self,5000
2026-05-07,2059,21184,Dealer_Hedging,2100
2026-05-08,2059,503669,Foreign_Investor,101366
2026-05-08,2059,0,Foreign_Dealer_Self,0
2026-05-08,2059,236665,Investment_Trust,0
2026-05-08,2059,14000,Dealer_self,19030
2026-05-08,2059,46457,Dealer_Hedging,54875
2026-05-11,2059,1077101,Foreign_Investor,982624
2026-05-11,2059,0,Foreign_Dealer_Self,0
2026-05-11,2059,31000,Investment_Trust,9046
2026-05-11,2059,19043,Dealer_self,6083
2026-05-11,2059,13841,Dealer_Hedging,20995
2026-05-12,2059,492774,Foreign_Investor,615060
2026-05-12,2059,0,Foreign_Dealer_Self,0
2026-05-12,2059,101000,Investment_Trust,1321
2026-05-12,2059,14740,Dealer_self,16164
2026-05-12,2059,9531,Dealer_Hedging,17254
2026-05-13,2059,165092,Foreign_Investor,189009
2026-05-13,2059,0,Foreign_Dealer_Self,0
2026-05-13,2059,132,Investment_Trust,94281
2026-05-13,2059,5000,Dealer_self,1043
2026-05-13,2059,8925,Dealer_Hedging,16232
2026-05-14,2059,90301,Foreign_Investor,102595
2026-05-14,2059,0,Foreign_Dealer_Self,0
2026-05-14,2059,0,Investment_Trust,18000
2026-05-14,2059,2400,Dealer_self,2100
2026-05-14,2059,5150,Dealer_Hedging,8406
2026-05-15,2059,143168,Foreign_Investor,69436
2026-05-15,2059,0,Foreign_Dealer_Self,0
2026-05-15,2059,90,Investment_Trust,49058
2026-05-15,2059,4000,Dealer_self,0
2026-05-15,2059,2385,Dealer_Hedging,9518
2026-05-18,2059,157904,Foreign_Investor,165614
2026-05-18,2059,0,Foreign_Dealer_Self,0
2026-05-18,2059,0,Investment_Trust,0
2026-05-18,2059,3308,Dealer_self,12000
2026-05-18,2059,2943,Dealer_Hedging,6229
2026-05-19,2059,147440,Foreign_Investor,109729
2026-05-19,2059,0,Foreign_Dealer_Self,0
2026-05-19,2059,0,Investment_Trust,18172
2026-05-19,2059,4000,Dealer_self,0
2026-05-19,2059,4448,Dealer_Hedging,6414
2026-05-20,2059,202514,Foreign_Investor,131075
2026-05-20,2059,0,Foreign_Dealer_Self,0
2026-05-20,2059,0,Investment_Trust,5000
2026-05-20,2059,3000,Dealer_self,4000
2026-05-20,2059,7504,Dealer_Hedging,9829
2026-05-21,2059,150838,Foreign_Investor,82891
2026-05-21,2059,0,Foreign_Dealer_Self,0
2026-05-21,2059,3000,Investment_Trust,2000
2026-05-21,2059,5000,Dealer_self,0
2026-05-21,2059,6666,Dealer_Hedging,1758
2026-05-22,2059,93528,Foreign_Investor,111244
2026-05-22,2059,0,Foreign_Dealer_Self,0
2026-05-22,2059,0,Investment_Trust,5002
2026-05-22,2059,2000,Dealer_self,8000
2026-05-22,2059,5977,Dealer_Hedging,3590
2026-05-25,2059,72550,Foreign_Investor,171357
2026-05-25,2059,0,Foreign_Dealer_Self,0
2026-05-25,2059,2000,Investment_Trust,9000
2026-05-25,2059,2000,Dealer_self,2000
2026-05-25,2059,5609,Dealer_Hedging,1381
2026-05-26,2059,145501,Foreign_Investor,149113
2026-05-26,2059,0,Foreign_Dealer_Self,0
2026-05-26,2059,0,Investment_Trust,86102
2026-05-26,2059,2050,Dealer_self,65
2026-05-26,2059,4543,Dealer_Hedging,2236
