date,stock_id,buy,name,sell
2024-05-06,2233,45000,Foreign_Investor,40000
2024-05-06,2233,0,Foreign_Dealer_Self,0
2024-05-06,2233,0,Investment_Trust,0
2024-05-06,2233,0,Dealer_self,0
2024-05-06,2233,5000,Dealer_Hedging,0
2024-05-07,2233,87085,Foreign_Investor,116000
2024-05-07,2233,0,Foreign_Dealer_Self,0
2024-05-07,2233,0,Investment_Trust,0
2024-05-07,2233,2000,Dealer_self,0
2024-05-07,2233,5000,Dealer_Hedging,2000
2024-05-08,2233,48000,Foreign_Investor,29000
2024-05-08,2233,0,Foreign_Dealer_Self,0
2024-05-08,2233,0,Investment_Trust,0
2024-05-08,2233,6000,Dealer_self,2000
2024-05-08,2233,0,Dealer_Hedging,0
2024-05-09,2233,49000,Foreign_Investor,17000
2024-05-09,2233,0,Foreign_Dealer_Self,0
2024-05-09,2233,0,Investment_Trust,0
2024-05-09,2233,1000,Dealer_self,0
2024-05-09,2233,0,Dealer_Hedging,0
2024-05-10,2233,39000,Foreign_Investor,7000
2024-05-10,2233,0,Foreign_Dealer_Self,0
2024-05-10,2233,0,Investment_Trust,0
2024-05-10,2233,1000,Dealer_self,1
2024-05-10,2233,0,Dealer_Hedging,0
2024-05-13,2233,63000,Foreign_Investor,19000
2024-05-13,2233,0,Foreign_Dealer_Self,0
2024-05-13,2233,0,Investment_Trust,0
2024-05-13,2233,0,Dealer_self,1000
2024-05-13,2233,1000,Dealer_Hedging,0
2024-05-14,2233,17000,Foreign_Investor,32000
2024-05-14,2233,0,Foreign_Dealer_Self,0
2024-05-14,2233,0,Investment_Trust,0
2024-05-14,2233,0,Dealer_self,0
2024-05-14,2233,0,Dealer_Hedging,5000
2024-05-15,2233,22000,Foreign_Investor,49000
2024-05-15,2233,0,Foreign_Dealer_Self,0
2024-05-15,2233,0,Investment_Trust,0
2024-05-15,2233,3000,Dealer_self,0
2024-05-15,2233,0,Dealer_Hedging,1
2024-05-16,2233,46000,Foreign_Investor,33000
2024-05-16,2233,0,Foreign_Dealer_Self,0
2024-05-16,2233,0,Investment_Trust,0
2024-05-16,2233,1000,Dealer_self,4083
2024-05-16,2233,0,Dealer_Hedging,263
2024-05-17,2233,34000,Foreign_Investor,10000
2024-05-17,2233,0,Foreign_Dealer_Self,0
2024-05-17,2233,0,Investment_Trust,0
2024-05-17,2233,1002,Dealer_self,89
2024-05-17,2233,0,Dealer_Hedging,102
2024-05-20,2233,45000,Foreign_Investor,39000
2024-05-20,2233,0,Foreign_Dealer_Self,0
2024-05-20,2233,0,Investment_Trust,0
2024-05-20,2233,2000,Dealer_self,1255
2024-05-20,2233,0,Dealer_Hedging,141
2024-05-21,2233,6000,Foreign_Investor,5000
2024-05-21,2233,0,Foreign_Dealer_Self,0
2024-05-21,2233,0,Investment_Trust,0
2024-05-21,2233,5000,Dealer_self,0
2024-05-21,2233,0,Dealer_Hedging,0
2024-05-22,2233,17000,Foreign_Investor,15000
2024-05-22,2233,0,Foreign_Dealer_Self,0
2024-05-22,2233,0,Investment_Trust,0
2024-05-22,2233,0,Dealer_self,1000
2024-05-22,2233,0,Dealer_Hedging,0
2024-05-23,2233,16000,Foreign_Investor,57000
2024-05-23,2233,0,Foreign_Dealer_Self,0
2024-05-23,2233,0,Investment_Trust,0
2024-05-23,2233,0,Dealer_self,3000
2024-05-23,2233,0,Dealer_Hedging,0
2024-05-24,2233,3000,Foreign_Investor,35000
2024-05-24,2233,0,Foreign_Dealer_Self,0
2024-05-24,2233,0,Investment_Trust,0
2024-05-24,2233,0,Dealer_self,4000
2024-05-24,2233,0,Dealer_Hedging,0
2024-05-27,2233,31000,Foreign_Investor,34555
2024-05-27,2233,0,Foreign_Dealer_Self,0
2024-05-27,2233,0,Investment_Trust,0
2024-05-27,2233,0,Dealer_self,4157
2024-05-27,2233,0,Dealer_Hedging,0
2024-05-28,2233,51000,Foreign_Investor,17000
2024-05-28,2233,0,Foreign_Dealer_Self,0
2024-05-28,2233,0,Investment_Trust,0
2024-05-28,2233,0,Dealer_self,1026
2024-05-28,2233,0,Dealer_Hedging,0
2024-05-29,2233,10000,Foreign_Investor,67000
2024-05-29,2233,0,Foreign_Dealer_Self,0
2024-05-29,2233,0,Investment_Trust,0
2024-05-29,2233,0,Dealer_self,0
2024-05-29,2233,0,Dealer_Hedging,0
2024-05-30,2233,8000,Foreign_Investor,20000
2024-05-30,2233,0,Foreign_Dealer_Self,0
2024-05-30,2233,0,Investment_Trust,0
2024-05-30,2233,2000,Dealer_self,0
2024-05-30,2233,0,Dealer_Hedging,0
2024-05-31,2233,36000,Foreign_Investor,30001
2024-05-31,2233,0,Foreign_Dealer_Self,0
2024-05-31,2233,0,Investment_Trust,0
2024-05-31,2233,2000,Dealer_self,0
2024-05-31,2233,0,Dealer_Hedging,0
2024-06-03,2233,18000,Foreign_Investor,26000
2024-06-03,2233,0,Foreign_Dealer_Self,0
2024-06-03,2233,0,Investment_Trust,0
2024-06-03,2233,7000,Dealer_self,19
2024-06-03,2233,10000,Dealer_Hedging,3
2024-06-04,2233,15000,Foreign_Investor,60000
2024-06-04,2233,0,Foreign_Dealer_Self,0
2024-06-04,2233,0,Investment_Trust,0
2024-06-04,2233,2000,Dealer_self,0
2024-06-04,2233,0,Dealer_Hedging,4000
2024-06-05,2233,1000,Foreign_Investor,81000
2024-06-05,2233,0,Foreign_Dealer_Self,0
2024-06-05,2233,0,Investment_Trust,0
2024-06-05,2233,1000,Dealer_self,0
2024-06-05,2233,1000,Dealer_Hedging,0
2024-06-06,2233,87000,Foreign_Investor,98000
2024-06-06,2233,0,Foreign_Dealer_Self,0
2024-06-06,2233,0,Investment_Trust,0
2024-06-06,2233,3000,Dealer_self,411
2024-06-06,2233,0,Dealer_Hedging,437
2024-06-07,2233,108000,Foreign_Investor,107000
2024-06-07,2233,0,Foreign_Dealer_Self,0
2024-06-07,2233,0,Investment_Trust,0
2024-06-07,2233,0,Dealer_self,0
2024-06-07,2233,0,Dealer_Hedging,3000
2024-06-11,2233,30000,Foreign_Investor,88000
2024-06-11,2233,0,Foreign_Dealer_Self,0
2024-06-11,2233,0,Investment_Trust,0
2024-06-11,2233,0,Dealer_self,3000
2024-06-11,2233,0,Dealer_Hedging,0
2024-06-12,2233,40000,Foreign_Investor,25583
2024-06-12,2233,0,Foreign_Dealer_Self,0
2024-06-12,2233,0,Investment_Trust,0
2024-06-12,2233,0,Dealer_self,128
2024-06-12,2233,0,Dealer_Hedging,431
2024-06-13,2233,8000,Foreign_Investor,26000
2024-06-13,2233,0,Foreign_Dealer_Self,0
2024-06-13,2233,0,Investment_Trust,0
2024-06-13,2233,3000,Dealer_self,0
2024-06-13,2233,0,Dealer_Hedging,0
2024-06-14,2233,8000,Foreign_Investor,43786
2024-06-14,2233,0,Foreign_Dealer_Self,0
2024-06-14,2233,0,Investment_Trust,0
2024-06-14,2233,0,Dealer_self,0
2024-06-14,2233,0,Dealer_Hedging,0
2024-06-17,2233,108000,Foreign_Investor,28000
2024-06-17,2233,0,Foreign_Dealer_Self,0
2024-06-17,2233,0,Investment_Trust,0
2024-06-17,2233,16000,Dealer_self,5182
2024-06-17,2233,1000,Dealer_Hedging,0
2024-06-18,2233,43000,Foreign_Investor,30000
2024-06-18,2233,0,Foreign_Dealer_Self,0
2024-06-18,2233,0,Investment_Trust,0
2024-06-18,2233,0,Dealer_self,1168
2024-06-18,2233,44000,Dealer_Hedging,1000
2024-06-19,2233,102000,Foreign_Investor,125000
2024-06-19,2233,0,Foreign_Dealer_Self,0
2024-06-19,2233,0,Investment_Trust,0
2024-06-19,2233,2249,Dealer_self,2072
2024-06-19,2233,0,Dealer_Hedging,18265
2024-06-20,2233,174000,Foreign_Investor,113000
2024-06-20,2233,0,Foreign_Dealer_Self,0
2024-06-20,2233,0,Investment_Trust,80000
2024-06-20,2233,3083,Dealer_self,1000
2024-06-20,2233,24109,Dealer_Hedging,12000
2024-06-21,2233,67000,Foreign_Investor,86000
2024-06-21,2233,0,Foreign_Dealer_Self,0
2024-06-21,2233,1000,Investment_Trust,0
2024-06-21,2233,0,Dealer_self,0
2024-06-21,2233,0,Dealer_Hedging,3000
2024-06-24,2233,77000,Foreign_Investor,49000
2024-06-24,2233,0,Foreign_Dealer_Self,0
2024-06-24,2233,0,Investment_Trust,0
2024-06-24,2233,1000,Dealer_self,0
2024-06-24,2233,0,Dealer_Hedging,14000
2024-06-25,2233,58000,Foreign_Investor,39000
2024-06-25,2233,0,Foreign_Dealer_Self,0
2024-06-25,2233,0,Investment_Trust,0
2024-06-25,2233,560,Dealer_self,0
2024-06-25,2233,0,Dealer_Hedging,0
2024-06-26,2233,110396,Foreign_Investor,30000
2024-06-26,2233,0,Foreign_Dealer_Self,0
2024-06-26,2233,0,Investment_Trust,0
2024-06-26,2233,2000,Dealer_self,0
2024-06-26,2233,0,Dealer_Hedging,0
2024-06-27,2233,67000,Foreign_Investor,22000
2024-06-27,2233,0,Foreign_Dealer_Self,0
2024-06-27,2233,0,Investment_Trust,0
2024-06-27,2233,7000,Dealer_self,0
2024-06-27,2233,0,Dealer_Hedging,6000
2024-06-28,2233,117000,Foreign_Investor,23000
2024-06-28,2233,0,Foreign_Dealer_Self,0
2024-06-28,2233,0,Investment_Trust,0
2024-06-28,2233,0,Dealer_self,0
2024-06-28,2233,0,Dealer_Hedging,11000
2024-07-01,2233,20000,Foreign_Investor,62000
2024-07-01,2233,0,Foreign_Dealer_Self,0
2024-07-01,2233,0,Investment_Trust,0
2024-07-01,2233,1000,Dealer_self,1000
2024-07-01,2233,4000,Dealer_Hedging,0
2024-07-02,2233,57000,Foreign_Investor,25000
2024-07-02,2233,0,Foreign_Dealer_Self,0
2024-07-02,2233,0,Investment_Trust,0
2024-07-02,2233,0,Dealer_self,0
2024-07-02,2233,0,Dealer_Hedging,0
2024-07-03,2233,57140,Foreign_Investor,23000
2024-07-03,2233,0,Foreign_Dealer_Self,0
2024-07-03,2233,0,Investment_Trust,0
2024-07-03,2233,1000,Dealer_self,5000
2024-07-03,2233,0,Dealer_Hedging,0
2024-07-04,2233,49250,Foreign_Investor,20000
2024-07-04,2233,0,Foreign_Dealer_Self,0
2024-07-04,2233,1000,Investment_Trust,0
2024-07-04,2233,2000,Dealer_self,0
2024-07-04,2233,4000,Dealer_Hedging,1261
2024-07-05,2233,48100,Foreign_Investor,13000
2024-07-05,2233,0,Foreign_Dealer_Self,0
2024-07-05,2233,0,Investment_Trust,0
2024-07-05,2233,4000,Dealer_self,0
2024-07-05,2233,0,Dealer_Hedging,0
2024-07-08,2233,18000,Foreign_Investor,44000
2024-07-08,2233,0,Foreign_Dealer_Self,0
2024-07-08,2233,0,Investment_Trust,0
2024-07-08,2233,0,Dealer_self,0
2024-07-08,2233,0,Dealer_Hedging,0
2024-07-09,2233,64000,Foreign_Investor,119000
2024-07-09,2233,0,Foreign_Dealer_Self,0
2024-07-09,2233,1000,Investment_Trust,0
2024-07-09,2233,0,Dealer_self,7000
2024-07-09,2233,2000,Dealer_Hedging,4000
2024-07-10,2233,49000,Foreign_Investor,11000
2024-07-10,2233,0,Foreign_Dealer_Self,0
2024-07-10,2233,1000,Investment_Trust,0
2024-07-10,2233,1000,Dealer_self,7000
2024-07-10,2233,0,Dealer_Hedging,2000
2024-07-11,2233,42000,Foreign_Investor,18390
2024-07-11,2233,0,Foreign_Dealer_Self,0
2024-07-11,2233,0,Investment_Trust,0
2024-07-11,2233,25000,Dealer_self,0
2024-07-11,2233,0,Dealer_Hedging,5000
2024-07-12,2233,18000,Foreign_Investor,31000
2024-07-12,2233,0,Foreign_Dealer_Self,0
2024-07-12,2233,0,Investment_Trust,0
2024-07-12,2233,13000,Dealer_self,0
2024-07-12,2233,0,Dealer_Hedging,0
2024-07-15,2233,62000,Foreign_Investor,349000
2024-07-15,2233,0,Foreign_Dealer_Self,0
2024-07-15,2233,0,Investment_Trust,2000
2024-07-15,2233,3000,Dealer_self,4063
2024-07-15,2233,0,Dealer_Hedging,0
2024-07-16,2233,123000,Foreign_Investor,406000
2024-07-16,2233,0,Foreign_Dealer_Self,0
2024-07-16,2233,0,Investment_Trust,12000
2024-07-16,2233,37000,Dealer_self,43000
2024-07-16,2233,1000,Dealer_Hedging,4000
2024-07-17,2233,122000,Foreign_Investor,245000
2024-07-17,2233,0,Foreign_Dealer_Self,0
2024-07-17,2233,0,Investment_Trust,0
2024-07-17,2233,1000,Dealer_self,37612
2024-07-17,2233,0,Dealer_Hedging,0
2024-07-18,2233,65000,Foreign_Investor,112000
2024-07-18,2233,0,Foreign_Dealer_Self,0
2024-07-18,2233,0,Investment_Trust,0
2024-07-18,2233,0,Dealer_self,11586
2024-07-18,2233,1000,Dealer_Hedging,0
2024-07-19,2233,15000,Foreign_Investor,108000
2024-07-19,2233,0,Foreign_Dealer_Self,0
2024-07-19,2233,0,Investment_Trust,0
2024-07-19,2233,1000,Dealer_self,631
2024-07-19,2233,6000,Dealer_Hedging,170
2024-07-22,2233,24000,Foreign_Investor,95000
2024-07-22,2233,0,Foreign_Dealer_Self,0
2024-07-22,2233,0,Investment_Trust,0
2024-07-22,2233,4000,Dealer_self,1000
2024-07-22,2233,0,Dealer_Hedging,2630
2024-07-23,2233,46000,Foreign_Investor,26000
2024-07-23,2233,0,Foreign_Dealer_Self,0
2024-07-23,2233,0,Investment_Trust,0
2024-07-23,2233,0,Dealer_self,98
2024-07-23,2233,0,Dealer_Hedging,0
2024-07-26,2233,35000,Foreign_Investor,130000
2024-07-26,2233,0,Foreign_Dealer_Self,0
2024-07-26,2233,0,Investment_Trust,0
2024-07-26,2233,3000,Dealer_self,904
2024-07-26,2233,4000,Dealer_Hedging,47
2024-07-29,2233,30000,Foreign_Investor,237400
2024-07-29,2233,0,Foreign_Dealer_Self,0
2024-07-29,2233,0,Investment_Trust,0
2024-07-29,2233,1000,Dealer_self,1000
2024-07-29,2233,0,Dealer_Hedging,0
2024-07-30,2233,97000,Foreign_Investor,78000
2024-07-30,2233,0,Foreign_Dealer_Self,0
2024-07-30,2233,0,Investment_Trust,0
2024-07-30,2233,0,Dealer_self,899
2024-07-30,2233,0,Dealer_Hedging,0
2024-07-31,2233,42000,Foreign_Investor,107018
2024-07-31,2233,0,Foreign_Dealer_Self,0
2024-07-31,2233,0,Investment_Trust,0
2024-07-31,2233,0,Dealer_self,52
2024-07-31,2233,0,Dealer_Hedging,0
2024-08-01,2233,84000,Foreign_Investor,37000
2024-08-01,2233,0,Foreign_Dealer_Self,0
2024-08-01,2233,0,Investment_Trust,0
2024-08-01,2233,0,Dealer_self,0
2024-08-01,2233,0,Dealer_Hedging,0
2024-08-02,2233,27000,Foreign_Investor,107000
2024-08-02,2233,0,Foreign_Dealer_Self,0
2024-08-02,2233,0,Investment_Trust,0
2024-08-02,2233,6000,Dealer_self,1000
2024-08-02,2233,0,Dealer_Hedging,0
2024-08-05,2233,75198,Foreign_Investor,315000
2024-08-05,2233,0,Foreign_Dealer_Self,0
2024-08-05,2233,0,Investment_Trust,0
2024-08-05,2233,4000,Dealer_self,17049
2024-08-05,2233,0,Dealer_Hedging,0
2024-08-06,2233,260000,Foreign_Investor,134000
2024-08-06,2233,0,Foreign_Dealer_Self,0
2024-08-06,2233,0,Investment_Trust,0
2024-08-06,2233,2000,Dealer_self,1000
2024-08-06,2233,0,Dealer_Hedging,3229
2024-08-07,2233,100000,Foreign_Investor,136000
2024-08-07,2233,0,Foreign_Dealer_Self,0
2024-08-07,2233,0,Investment_Trust,0
2024-08-07,2233,0,Dealer_self,16
2024-08-07,2233,0,Dealer_Hedging,0
2024-08-08,2233,112000,Foreign_Investor,216000
2024-08-08,2233,0,Foreign_Dealer_Self,0
2024-08-08,2233,0,Investment_Trust,0
2024-08-08,2233,0,Dealer_self,8004
2024-08-08,2233,2000,Dealer_Hedging,0
2024-08-09,2233,59198,Foreign_Investor,87000
2024-08-09,2233,0,Foreign_Dealer_Self,0
2024-08-09,2233,0,Investment_Trust,0
2024-08-09,2233,0,Dealer_self,5772
2024-08-09,2233,1000,Dealer_Hedging,0
2024-08-12,2233,89474,Foreign_Investor,128000
2024-08-12,2233,0,Foreign_Dealer_Self,0
2024-08-12,2233,0,Investment_Trust,0
2024-08-12,2233,561,Dealer_self,1701
2024-08-12,2233,71700,Dealer_Hedging,0
2024-08-13,2233,219198,Foreign_Investor,196000
2024-08-13,2233,0,Foreign_Dealer_Self,0
2024-08-13,2233,0,Investment_Trust,0
2024-08-13,2233,6000,Dealer_self,0
2024-08-13,2233,0,Dealer_Hedging,59000
2024-08-14,2233,80000,Foreign_Investor,41000
2024-08-14,2233,0,Foreign_Dealer_Self,0
2024-08-14,2233,0,Investment_Trust,0
2024-08-14,2233,7000,Dealer_self,0
2024-08-14,2233,0,Dealer_Hedging,0
2024-08-15,2233,43198,Foreign_Investor,55000
2024-08-15,2233,0,Foreign_Dealer_Self,0
2024-08-15,2233,0,Investment_Trust,0
2024-08-15,2233,1000,Dealer_self,2002
2024-08-15,2233,0,Dealer_Hedging,0
2024-08-16,2233,121000,Foreign_Investor,85000
2024-08-16,2233,0,Foreign_Dealer_Self,0
2024-08-16,2233,0,Investment_Trust,0
2024-08-16,2233,73,Dealer_self,198
2024-08-16,2233,0,Dealer_Hedging,0
2024-08-19,2233,137000,Foreign_Investor,30000
2024-08-19,2233,0,Foreign_Dealer_Self,0
2024-08-19,2233,0,Investment_Trust,0
2024-08-19,2233,0,Dealer_self,312
2024-08-19,2233,0,Dealer_Hedging,84
2024-08-20,2233,558000,Foreign_Investor,227000
2024-08-20,2233,0,Foreign_Dealer_Self,0
2024-08-20,2233,0,Investment_Trust,0
2024-08-20,2233,0,Dealer_self,0
2024-08-20,2233,142000,Dealer_Hedging,0
2024-08-21,2233,145316,Foreign_Investor,221000
2024-08-21,2233,0,Foreign_Dealer_Self,0
2024-08-21,2233,0,Investment_Trust,0
2024-08-21,2233,4090,Dealer_self,39
2024-08-21,2233,0,Dealer_Hedging,22039
2024-08-22,2233,240000,Foreign_Investor,94830
2024-08-22,2233,0,Foreign_Dealer_Self,0
2024-08-22,2233,0,Investment_Trust,0
2024-08-22,2233,6000,Dealer_self,1173
2024-08-22,2233,1000,Dealer_Hedging,71380
2024-08-23,2233,74000,Foreign_Investor,86000
2024-08-23,2233,0,Foreign_Dealer_Self,0
2024-08-23,2233,0,Investment_Trust,0
2024-08-23,2233,7000,Dealer_self,1332
2024-08-23,2233,0,Dealer_Hedging,8000
2024-08-26,2233,75000,Foreign_Investor,83000
2024-08-26,2233,0,Foreign_Dealer_Self,0
2024-08-26,2233,0,Investment_Trust,0
2024-08-26,2233,2000,Dealer_self,668
2024-08-26,2233,0,Dealer_Hedging,3000
2024-08-27,2233,87000,Foreign_Investor,19000
2024-08-27,2233,0,Foreign_Dealer_Self,0
2024-08-27,2233,0,Investment_Trust,0
2024-08-27,2233,0,Dealer_self,0
2024-08-27,2233,0,Dealer_Hedging,0
2024-08-28,2233,36000,Foreign_Investor,104000
2024-08-28,2233,0,Foreign_Dealer_Self,0
2024-08-28,2233,0,Investment_Trust,0
2024-08-28,2233,0,Dealer_self,102
2024-08-28,2233,32000,Dealer_Hedging,5004
2024-08-29,2233,159000,Foreign_Investor,78000
2024-08-29,2233,0,Foreign_Dealer_Self,0
2024-08-29,2233,118000,Investment_Trust,0
2024-08-29,2233,0,Dealer_self,0
2024-08-29,2233,12000,Dealer_Hedging,3000
2024-08-30,2233,408100,Foreign_Investor,265000
2024-08-30,2233,0,Foreign_Dealer_Self,0
2024-08-30,2233,0,Investment_Trust,0
2024-08-30,2233,2000,Dealer_self,0
2024-08-30,2233,17000,Dealer_Hedging,3000
2024-09-02,2233,837000,Foreign_Investor,987200
2024-09-02,2233,0,Foreign_Dealer_Self,0
2024-09-02,2233,0,Investment_Trust,0
2024-09-02,2233,8000,Dealer_self,0
2024-09-02,2233,22483,Dealer_Hedging,3598
2024-09-03,2233,1088000,Foreign_Investor,899000
2024-09-03,2233,0,Foreign_Dealer_Self,0
2024-09-03,2233,0,Investment_Trust,0
2024-09-03,2233,1000,Dealer_self,12000
2024-09-03,2233,27833,Dealer_Hedging,116
2024-09-04,2233,612000,Foreign_Investor,888000
2024-09-04,2233,0,Foreign_Dealer_Self,0
2024-09-04,2233,0,Investment_Trust,0
2024-09-04,2233,1000,Dealer_self,2898
2024-09-04,2233,2000,Dealer_Hedging,6027
2024-09-05,2233,428000,Foreign_Investor,764000
2024-09-05,2233,0,Foreign_Dealer_Self,0
2024-09-05,2233,18000,Investment_Trust,0
2024-09-05,2233,1000,Dealer_self,4001
2024-09-05,2233,2000,Dealer_Hedging,19150
2024-09-06,2233,937000,Foreign_Investor,1603000
2024-09-06,2233,0,Foreign_Dealer_Self,0
2024-09-06,2233,7000,Investment_Trust,0
2024-09-06,2233,1000,Dealer_self,7999
2024-09-06,2233,2000,Dealer_Hedging,5032
2024-09-09,2233,567000,Foreign_Investor,484000
2024-09-09,2233,0,Foreign_Dealer_Self,0
2024-09-09,2233,0,Investment_Trust,0
2024-09-09,2233,3000,Dealer_self,1514
2024-09-09,2233,0,Dealer_Hedging,5168
2024-09-10,2233,608000,Foreign_Investor,1215100
2024-09-10,2233,0,Foreign_Dealer_Self,0
2024-09-10,2233,420000,Investment_Trust,0
2024-09-10,2233,1000,Dealer_self,2486
2024-09-10,2233,3000,Dealer_Hedging,62681
2024-09-11,2233,1470010,Foreign_Investor,887000
2024-09-11,2233,0,Foreign_Dealer_Self,0
2024-09-11,2233,0,Investment_Trust,0
2024-09-11,2233,8000,Dealer_self,0
2024-09-11,2233,9000,Dealer_Hedging,9000
2024-09-12,2233,951000,Foreign_Investor,1573000
2024-09-12,2233,0,Foreign_Dealer_Self,0
2024-09-12,2233,0,Investment_Trust,0
2024-09-12,2233,10000,Dealer_self,14000
2024-09-12,2233,2040,Dealer_Hedging,9409
2024-09-13,2233,890000,Foreign_Investor,754000
2024-09-13,2233,0,Foreign_Dealer_Self,0
2024-09-13,2233,0,Investment_Trust,0
2024-09-13,2233,22000,Dealer_self,104
2024-09-13,2233,13362,Dealer_Hedging,2000
2024-09-16,2233,505000,Foreign_Investor,984000
2024-09-16,2233,0,Foreign_Dealer_Self,0
2024-09-16,2233,0,Investment_Trust,0
2024-09-16,2233,6000,Dealer_self,0
2024-09-16,2233,14000,Dealer_Hedging,8986
2024-09-18,2233,866000,Foreign_Investor,933547
2024-09-18,2233,0,Foreign_Dealer_Self,0
2024-09-18,2233,0,Investment_Trust,0
2024-09-18,2233,2600,Dealer_self,2000
2024-09-18,2233,0,Dealer_Hedging,7364
2024-09-19,2233,800000,Foreign_Investor,764000
2024-09-19,2233,0,Foreign_Dealer_Self,0
2024-09-19,2233,0,Investment_Trust,0
2024-09-19,2233,11000,Dealer_self,1000
2024-09-19,2233,18254,Dealer_Hedging,3000
2024-09-20,2233,244000,Foreign_Investor,770000
2024-09-20,2233,0,Foreign_Dealer_Self,0
2024-09-20,2233,0,Investment_Trust,0
2024-09-20,2233,1000,Dealer_self,0
2024-09-20,2233,0,Dealer_Hedging,20617
2024-09-23,2233,492000,Foreign_Investor,183000
2024-09-23,2233,0,Foreign_Dealer_Self,0
2024-09-23,2233,0,Investment_Trust,0
2024-09-23,2233,0,Dealer_self,0
2024-09-23,2233,0,Dealer_Hedging,0
2024-09-24,2233,287000,Foreign_Investor,104000
2024-09-24,2233,0,Foreign_Dealer_Self,0
2024-09-24,2233,0,Investment_Trust,0
2024-09-24,2233,3000,Dealer_self,0
2024-09-24,2233,0,Dealer_Hedging,4391
2024-09-25,2233,452000,Foreign_Investor,259000
2024-09-25,2233,0,Foreign_Dealer_Self,0
2024-09-25,2233,0,Investment_Trust,0
2024-09-25,2233,30000,Dealer_self,0
2024-09-25,2233,6000,Dealer_Hedging,4
2024-09-26,2233,184000,Foreign_Investor,326000
2024-09-26,2233,0,Foreign_Dealer_Self,0
2024-09-26,2233,0,Investment_Trust,0
2024-09-26,2233,10000,Dealer_self,38000
2024-09-26,2233,2000,Dealer_Hedging,4826
2024-09-27,2233,475000,Foreign_Investor,128000
2024-09-27,2233,0,Foreign_Dealer_Self,0
2024-09-27,2233,0,Investment_Trust,1000
2024-09-27,2233,0,Dealer_self,6000
2024-09-27,2233,0,Dealer_Hedging,469
2024-09-30,2233,215000,Foreign_Investor,198428
2024-09-30,2233,0,Foreign_Dealer_Self,0
2024-09-30,2233,0,Investment_Trust,1000
2024-09-30,2233,0,Dealer_self,15000
2024-09-30,2233,0,Dealer_Hedging,12735
2024-10-01,2233,774000,Foreign_Investor,135000
2024-10-01,2233,0,Foreign_Dealer_Self,0
2024-10-01,2233,0,Investment_Trust,300000
2024-10-01,2233,0,Dealer_self,16349
2024-10-01,2233,0,Dealer_Hedging,1497
2024-10-04,2233,291000,Foreign_Investor,213000
2024-10-04,2233,0,Foreign_Dealer_Self,0
2024-10-04,2233,0,Investment_Trust,0
2024-10-04,2233,0,Dealer_self,15414
2024-10-04,2233,0,Dealer_Hedging,19
2024-10-07,2233,270000,Foreign_Investor,167000
2024-10-07,2233,0,Foreign_Dealer_Self,0
2024-10-07,2233,0,Investment_Trust,0
2024-10-07,2233,1000,Dealer_self,133
2024-10-07,2233,0,Dealer_Hedging,1485
2024-10-08,2233,171000,Foreign_Investor,161000
2024-10-08,2233,0,Foreign_Dealer_Self,0
2024-10-08,2233,0,Investment_Trust,0
2024-10-08,2233,0,Dealer_self,82
2024-10-08,2233,0,Dealer_Hedging,4010
2024-10-09,2233,294000,Foreign_Investor,230000
2024-10-09,2233,0,Foreign_Dealer_Self,0
2024-10-09,2233,0,Investment_Trust,0
2024-10-09,2233,0,Dealer_self,914
2024-10-09,2233,0,Dealer_Hedging,5087
2024-10-11,2233,169000,Foreign_Investor,171000
2024-10-11,2233,0,Foreign_Dealer_Self,0
2024-10-11,2233,0,Investment_Trust,0
2024-10-11,2233,1000,Dealer_self,4000
2024-10-11,2233,0,Dealer_Hedging,7006
2024-10-14,2233,229000,Foreign_Investor,215000
2024-10-14,2233,0,Foreign_Dealer_Self,0
2024-10-14,2233,0,Investment_Trust,0
2024-10-14,2233,0,Dealer_self,0
2024-10-14,2233,0,Dealer_Hedging,3460
2024-10-15,2233,145000,Foreign_Investor,140000
2024-10-15,2233,0,Foreign_Dealer_Self,0
2024-10-15,2233,0,Investment_Trust,0
2024-10-15,2233,0,Dealer_self,5000
2024-10-15,2233,0,Dealer_Hedging,2000
2024-10-16,2233,111000,Foreign_Investor,87000
2024-10-16,2233,0,Foreign_Dealer_Self,0
2024-10-16,2233,0,Investment_Trust,0
2024-10-16,2233,0,Dealer_self,0
2024-10-16,2233,0,Dealer_Hedging,2000
2024-10-17,2233,123000,Foreign_Investor,168000
2024-10-17,2233,0,Foreign_Dealer_Self,0
2024-10-17,2233,0,Investment_Trust,0
2024-10-17,2233,0,Dealer_self,0
2024-10-17,2233,0,Dealer_Hedging,0
2024-10-18,2233,86000,Foreign_Investor,153000
2024-10-18,2233,0,Foreign_Dealer_Self,0
2024-10-18,2233,2000,Investment_Trust,0
2024-10-18,2233,2000,Dealer_self,0
2024-10-18,2233,0,Dealer_Hedging,0
2024-10-21,2233,45000,Foreign_Investor,39000
2024-10-21,2233,0,Foreign_Dealer_Self,0
2024-10-21,2233,24000,Investment_Trust,0
2024-10-21,2233,2000,Dealer_self,0
2024-10-21,2233,0,Dealer_Hedging,0
2024-10-22,2233,134000,Foreign_Investor,229000
2024-10-22,2233,0,Foreign_Dealer_Self,0
2024-10-22,2233,2000,Investment_Trust,0
2024-10-22,2233,1000,Dealer_self,0
2024-10-22,2233,2000,Dealer_Hedging,0
2024-10-23,2233,156000,Foreign_Investor,389000
2024-10-23,2233,0,Foreign_Dealer_Self,0
2024-10-23,2233,0,Investment_Trust,0
2024-10-23,2233,0,Dealer_self,0
2024-10-23,2233,0,Dealer_Hedging,0
2024-10-24,2233,280000,Foreign_Investor,645000
2024-10-24,2233,0,Foreign_Dealer_Self,0
2024-10-24,2233,0,Investment_Trust,0
2024-10-24,2233,1000,Dealer_self,3000
2024-10-24,2233,0,Dealer_Hedging,1000
2024-10-25,2233,695100,Foreign_Investor,1156000
2024-10-25,2233,0,Foreign_Dealer_Self,0
2024-10-25,2233,0,Investment_Trust,0
2024-10-25,2233,0,Dealer_self,0
2024-10-25,2233,23925,Dealer_Hedging,0
2024-10-28,2233,540000,Foreign_Investor,752000
2024-10-28,2233,0,Foreign_Dealer_Self,0
2024-10-28,2233,1000,Investment_Trust,0
2024-10-28,2233,30000,Dealer_self,3000
2024-10-28,2233,9000,Dealer_Hedging,14500
2024-10-29,2233,494000,Foreign_Investor,407000
2024-10-29,2233,0,Foreign_Dealer_Self,0
2024-10-29,2233,0,Investment_Trust,0
2024-10-29,2233,0,Dealer_self,1000
2024-10-29,2233,0,Dealer_Hedging,1000
2024-10-30,2233,166000,Foreign_Investor,214000
2024-10-30,2233,0,Foreign_Dealer_Self,0
2024-10-30,2233,0,Investment_Trust,0
2024-10-30,2233,0,Dealer_self,30000
2024-10-30,2233,1000,Dealer_Hedging,1144
2024-11-01,2233,197000,Foreign_Investor,142000
2024-11-01,2233,0,Foreign_Dealer_Self,0
2024-11-01,2233,0,Investment_Trust,0
2024-11-01,2233,1000,Dealer_self,4
2024-11-01,2233,3191,Dealer_Hedging,376
2024-11-04,2233,75000,Foreign_Investor,152400
2024-11-04,2233,0,Foreign_Dealer_Self,0
2024-11-04,2233,0,Investment_Trust,0
2024-11-04,2233,0,Dealer_self,842
2024-11-04,2233,0,Dealer_Hedging,12093
2024-11-05,2233,135000,Foreign_Investor,185000
2024-11-05,2233,0,Foreign_Dealer_Self,0
2024-11-05,2233,0,Investment_Trust,0
2024-11-05,2233,2000,Dealer_self,158
2024-11-05,2233,0,Dealer_Hedging,1686
2024-11-06,2233,67000,Foreign_Investor,93000
2024-11-06,2233,0,Foreign_Dealer_Self,0
2024-11-06,2233,0,Investment_Trust,0
2024-11-06,2233,1000,Dealer_self,97
2024-11-06,2233,0,Dealer_Hedging,10
2024-11-07,2233,114000,Foreign_Investor,66000
2024-11-07,2233,0,Foreign_Dealer_Self,0
2024-11-07,2233,0,Investment_Trust,0
2024-11-07,2233,0,Dealer_self,0
2024-11-07,2233,1000,Dealer_Hedging,0
2024-11-08,2233,121000,Foreign_Investor,264117
2024-11-08,2233,0,Foreign_Dealer_Self,0
2024-11-08,2233,0,Investment_Trust,0
2024-11-08,2233,1000,Dealer_self,903
2024-11-08,2233,0,Dealer_Hedging,1102
2024-11-11,2233,78000,Foreign_Investor,71000
2024-11-11,2233,0,Foreign_Dealer_Self,0
2024-11-11,2233,0,Investment_Trust,0
2024-11-11,2233,0,Dealer_self,63
2024-11-11,2233,0,Dealer_Hedging,7
2024-11-12,2233,149000,Foreign_Investor,223000
2024-11-12,2233,0,Foreign_Dealer_Self,0
2024-11-12,2233,0,Investment_Trust,0
2024-11-12,2233,1000,Dealer_self,562
2024-11-12,2233,10000,Dealer_Hedging,1911
2024-11-13,2233,205000,Foreign_Investor,288000
2024-11-13,2233,0,Foreign_Dealer_Self,0
2024-11-13,2233,0,Investment_Trust,0
2024-11-13,2233,0,Dealer_self,0
2024-11-13,2233,2000,Dealer_Hedging,1000
2024-11-14,2233,59000,Foreign_Investor,112000
2024-11-14,2233,0,Foreign_Dealer_Self,0
2024-11-14,2233,1000,Investment_Trust,0
2024-11-14,2233,0,Dealer_self,2000
2024-11-14,2233,0,Dealer_Hedging,2002
2024-11-15,2233,69000,Foreign_Investor,190000
2024-11-15,2233,0,Foreign_Dealer_Self,0
2024-11-15,2233,0,Investment_Trust,0
2024-11-15,2233,1000,Dealer_self,4375
2024-11-15,2233,7000,Dealer_Hedging,2780
2024-11-18,2233,76001,Foreign_Investor,221000
2024-11-18,2233,0,Foreign_Dealer_Self,0
2024-11-18,2233,0,Investment_Trust,0
2024-11-18,2233,2000,Dealer_self,1000
2024-11-18,2233,0,Dealer_Hedging,8428
2024-11-19,2233,89000,Foreign_Investor,33000
2024-11-19,2233,0,Foreign_Dealer_Self,0
2024-11-19,2233,0,Investment_Trust,0
2024-11-19,2233,1000,Dealer_self,200
2024-11-19,2233,0,Dealer_Hedging,0
2024-11-20,2233,466000,Foreign_Investor,241000
2024-11-20,2233,0,Foreign_Dealer_Self,0
2024-11-20,2233,0,Investment_Trust,0
2024-11-20,2233,0,Dealer_self,356
2024-11-20,2233,2000,Dealer_Hedging,1000
2024-11-21,2233,1646000,Foreign_Investor,1241000
2024-11-21,2233,0,Foreign_Dealer_Self,0
2024-11-21,2233,45000,Investment_Trust,0
2024-11-21,2233,9998,Dealer_self,1000
2024-11-21,2233,13000,Dealer_Hedging,2000
2024-11-22,2233,1342000,Foreign_Investor,953000
2024-11-22,2233,0,Foreign_Dealer_Self,0
2024-11-22,2233,0,Investment_Trust,538000
2024-11-22,2233,23997,Dealer_self,22000
2024-11-22,2233,183150,Dealer_Hedging,3000
2024-11-25,2233,2509488,Foreign_Investor,1886000
2024-11-25,2233,0,Foreign_Dealer_Self,0
2024-11-25,2233,0,Investment_Trust,0
2024-11-25,2233,17118,Dealer_self,9417
2024-11-25,2233,79160,Dealer_Hedging,7000
2024-11-26,2233,729000,Foreign_Investor,840000
2024-11-26,2233,0,Foreign_Dealer_Self,0
2024-11-26,2233,0,Investment_Trust,0
2024-11-26,2233,8000,Dealer_self,2733
2024-11-26,2233,187000,Dealer_Hedging,22011
2024-11-27,2233,902000,Foreign_Investor,726000
2024-11-27,2233,0,Foreign_Dealer_Self,0
2024-11-27,2233,1000,Investment_Trust,0
2024-11-27,2233,26000,Dealer_self,12609
2024-11-27,2233,4000,Dealer_Hedging,223837
2024-11-28,2233,606014,Foreign_Investor,522000
2024-11-28,2233,0,Foreign_Dealer_Self,0
2024-11-28,2233,0,Investment_Trust,0
2024-11-28,2233,5000,Dealer_self,23325
2024-11-28,2233,13510,Dealer_Hedging,125430
2024-11-29,2233,371000,Foreign_Investor,673000
2024-11-29,2233,0,Foreign_Dealer_Self,0
2024-11-29,2233,0,Investment_Trust,0
2024-11-29,2233,6000,Dealer_self,11533
2024-11-29,2233,1000,Dealer_Hedging,36348
2024-12-02,2233,200000,Foreign_Investor,351010
2024-12-02,2233,0,Foreign_Dealer_Self,0
2024-12-02,2233,0,Investment_Trust,0
2024-12-02,2233,14000,Dealer_self,2870
2024-12-02,2233,1000,Dealer_Hedging,3152
2024-12-03,2233,430000,Foreign_Investor,793000
2024-12-03,2233,0,Foreign_Dealer_Self,0
2024-12-03,2233,50000,Investment_Trust,0
2024-12-03,2233,11000,Dealer_self,17440
2024-12-03,2233,12500,Dealer_Hedging,15662
2024-12-04,2233,275000,Foreign_Investor,235000
2024-12-04,2233,0,Foreign_Dealer_Self,0
2024-12-04,2233,0,Investment_Trust,0
2024-12-04,2233,45000,Dealer_self,43
2024-12-04,2233,2941,Dealer_Hedging,11603
2024-12-05,2233,482000,Foreign_Investor,809014
2024-12-05,2233,0,Foreign_Dealer_Self,0
2024-12-05,2233,0,Investment_Trust,0
2024-12-05,2233,46000,Dealer_self,25254
2024-12-05,2233,34629,Dealer_Hedging,0
2024-12-06,2233,121000,Foreign_Investor,351000
2024-12-06,2233,0,Foreign_Dealer_Self,0
2024-12-06,2233,0,Investment_Trust,0
2024-12-06,2233,4000,Dealer_self,4015
2024-12-06,2233,0,Dealer_Hedging,29870
2024-12-09,2233,175000,Foreign_Investor,102000
2024-12-09,2233,0,Foreign_Dealer_Self,0
2024-12-09,2233,0,Investment_Trust,0
2024-12-09,2233,2000,Dealer_self,2298
2024-12-09,2233,2000,Dealer_Hedging,18000
2024-12-10,2233,208050,Foreign_Investor,279000
2024-12-10,2233,0,Foreign_Dealer_Self,0
2024-12-10,2233,0,Investment_Trust,0
2024-12-10,2233,5242,Dealer_self,18625
2024-12-10,2233,0,Dealer_Hedging,10723
2024-12-11,2233,184000,Foreign_Investor,145000
2024-12-11,2233,0,Foreign_Dealer_Self,0
2024-12-11,2233,0,Investment_Trust,0
2024-12-11,2233,4000,Dealer_self,182
2024-12-11,2233,2000,Dealer_Hedging,1000
2024-12-12,2233,163000,Foreign_Investor,237000
2024-12-12,2233,0,Foreign_Dealer_Self,0
2024-12-12,2233,60000,Investment_Trust,0
2024-12-12,2233,10000,Dealer_self,851
2024-12-12,2233,0,Dealer_Hedging,1000
2024-12-13,2233,191000,Foreign_Investor,306000
2024-12-13,2233,0,Foreign_Dealer_Self,0
2024-12-13,2233,0,Investment_Trust,0
2024-12-13,2233,4000,Dealer_self,1061
2024-12-13,2233,35000,Dealer_Hedging,1000
2024-12-16,2233,387000,Foreign_Investor,398000
2024-12-16,2233,0,Foreign_Dealer_Self,0
2024-12-16,2233,60000,Investment_Trust,0
2024-12-16,2233,4000,Dealer_self,38066
2024-12-16,2233,0,Dealer_Hedging,12000
2024-12-17,2233,725000,Foreign_Investor,586050
2024-12-17,2233,0,Foreign_Dealer_Self,0
2024-12-17,2233,0,Investment_Trust,0
2024-12-17,2233,62000,Dealer_self,5187
2024-12-17,2233,59428,Dealer_Hedging,6000
2024-12-18,2233,1684000,Foreign_Investor,1827000
2024-12-18,2233,0,Foreign_Dealer_Self,0
2024-12-18,2233,0,Investment_Trust,0
2024-12-18,2233,21939,Dealer_self,26297
2024-12-18,2233,353673,Dealer_Hedging,31478
2024-12-19,2233,3208000,Foreign_Investor,4069000
2024-12-19,2233,0,Foreign_Dealer_Self,0
2024-12-19,2233,202000,Investment_Trust,0
2024-12-19,2233,14054,Dealer_self,21185
2024-12-19,2233,378075,Dealer_Hedging,62261
2024-12-20,2233,2109000,Foreign_Investor,1574000
2024-12-20,2233,0,Foreign_Dealer_Self,0
2024-12-20,2233,247000,Investment_Trust,0
2024-12-20,2233,92008,Dealer_self,26003
2024-12-20,2233,45109,Dealer_Hedging,78333
2024-12-23,2233,1189000,Foreign_Investor,1318000
2024-12-23,2233,0,Foreign_Dealer_Self,0
2024-12-23,2233,0,Investment_Trust,0
2024-12-23,2233,128015,Dealer_self,9198
2024-12-23,2233,60974,Dealer_Hedging,67660
2024-12-24,2233,980000,Foreign_Investor,1053000
2024-12-24,2233,0,Foreign_Dealer_Self,0
2024-12-24,2233,35000,Investment_Trust,0
2024-12-24,2233,94000,Dealer_self,46225
2024-12-24,2233,57320,Dealer_Hedging,106153
2024-12-25,2233,2415000,Foreign_Investor,2546000
2024-12-25,2233,0,Foreign_Dealer_Self,0
2024-12-25,2233,0,Investment_Trust,0
2024-12-25,2233,89138,Dealer_self,107578
2024-12-25,2233,37266,Dealer_Hedging,126001
2024-12-26,2233,2191000,Foreign_Investor,1352000
2024-12-26,2233,0,Foreign_Dealer_Self,0
2024-12-26,2233,0,Investment_Trust,0
2024-12-26,2233,39518,Dealer_self,189061
2024-12-26,2233,11352,Dealer_Hedging,413640
2024-12-27,2233,2021000,Foreign_Investor,1910000
2024-12-27,2233,0,Foreign_Dealer_Self,0
2024-12-27,2233,5000,Investment_Trust,120000
2024-12-27,2233,73000,Dealer_self,138049
2024-12-27,2233,34683,Dealer_Hedging,29695
2024-12-30,2233,1945000,Foreign_Investor,2221000
2024-12-30,2233,0,Foreign_Dealer_Self,0
2024-12-30,2233,0,Investment_Trust,0
2024-12-30,2233,31144,Dealer_self,58306
2024-12-30,2233,104884,Dealer_Hedging,40262
2024-12-31,2233,2874000,Foreign_Investor,2542000
2024-12-31,2233,0,Foreign_Dealer_Self,0
2024-12-31,2233,0,Investment_Trust,0
2024-12-31,2233,27000,Dealer_self,35606
2024-12-31,2233,81067,Dealer_Hedging,75744
2025-01-02,2233,1264000,Foreign_Investor,1227000
2025-01-02,2233,0,Foreign_Dealer_Self,0
2025-01-02,2233,0,Investment_Trust,0
2025-01-02,2233,2000,Dealer_self,7000
2025-01-02,2233,9000,Dealer_Hedging,79536
2025-01-03,2233,2313000,Foreign_Investor,1343000
2025-01-03,2233,0,Foreign_Dealer_Self,0
2025-01-03,2233,0,Investment_Trust,0
2025-01-03,2233,10000,Dealer_self,25247
2025-01-03,2233,11601,Dealer_Hedging,34467
2025-01-06,2233,1206000,Foreign_Investor,1016000
2025-01-06,2233,0,Foreign_Dealer_Self,0
2025-01-06,2233,0,Investment_Trust,0
2025-01-06,2233,30618,Dealer_self,5016
2025-01-06,2233,1118,Dealer_Hedging,33715
2025-01-07,2233,1084000,Foreign_Investor,1328000
2025-01-07,2233,0,Foreign_Dealer_Self,0
2025-01-07,2233,0,Investment_Trust,0
2025-01-07,2233,21000,Dealer_self,36391
2025-01-07,2233,22878,Dealer_Hedging,23986
2025-01-08,2233,1032000,Foreign_Investor,593000
2025-01-08,2233,0,Foreign_Dealer_Self,0
2025-01-08,2233,20000,Investment_Trust,0
2025-01-08,2233,0,Dealer_self,12008
2025-01-08,2233,11450,Dealer_Hedging,15915
2025-01-09,2233,1823020,Foreign_Investor,951913
2025-01-09,2233,0,Foreign_Dealer_Self,0
2025-01-09,2233,0,Investment_Trust,141000
2025-01-09,2233,12000,Dealer_self,9361
2025-01-09,2233,18453,Dealer_Hedging,27561
2025-01-10,2233,959150,Foreign_Investor,548000
2025-01-10,2233,0,Foreign_Dealer_Self,0
2025-01-10,2233,0,Investment_Trust,199000
2025-01-10,2233,3001,Dealer_self,24146
2025-01-10,2233,10301,Dealer_Hedging,17176
2025-01-13,2233,1193020,Foreign_Investor,1183000
2025-01-13,2233,0,Foreign_Dealer_Self,0
2025-01-13,2233,25000,Investment_Trust,0
2025-01-13,2233,4495,Dealer_self,6324
2025-01-13,2233,15719,Dealer_Hedging,10417
2025-01-14,2233,272200,Foreign_Investor,828000
2025-01-14,2233,0,Foreign_Dealer_Self,0
2025-01-14,2233,10000,Investment_Trust,0
2025-01-14,2233,10000,Dealer_self,1564
2025-01-14,2233,33597,Dealer_Hedging,21477
2025-01-15,2233,657000,Foreign_Investor,791150
2025-01-15,2233,0,Foreign_Dealer_Self,0
2025-01-15,2233,0,Investment_Trust,0
2025-01-15,2233,5000,Dealer_self,11590
2025-01-15,2233,16400,Dealer_Hedging,54703
2025-01-16,2233,366000,Foreign_Investor,577000
2025-01-16,2233,0,Foreign_Dealer_Self,0
2025-01-16,2233,5000,Investment_Trust,0
2025-01-16,2233,15000,Dealer_self,8794
2025-01-16,2233,12000,Dealer_Hedging,13420
2025-01-17,2233,405000,Foreign_Investor,399000
2025-01-17,2233,0,Foreign_Dealer_Self,0
2025-01-17,2233,36000,Investment_Trust,0
2025-01-17,2233,1000,Dealer_self,12620
2025-01-17,2233,4000,Dealer_Hedging,33307
2025-01-20,2233,244000,Foreign_Investor,333000
2025-01-20,2233,0,Foreign_Dealer_Self,0
2025-01-20,2233,35000,Investment_Trust,0
2025-01-20,2233,17000,Dealer_self,222
2025-01-20,2233,3857,Dealer_Hedging,5005
2025-01-21,2233,326100,Foreign_Investor,554000
2025-01-21,2233,0,Foreign_Dealer_Self,0
2025-01-21,2233,45000,Investment_Trust,0
2025-01-21,2233,12000,Dealer_self,3853
2025-01-21,2233,1000,Dealer_Hedging,10122
2025-01-22,2233,232000,Foreign_Investor,421000
2025-01-22,2233,0,Foreign_Dealer_Self,0
2025-01-22,2233,40000,Investment_Trust,0
2025-01-22,2233,1000,Dealer_self,572
2025-01-22,2233,0,Dealer_Hedging,1881
2025-02-03,2233,401000,Foreign_Investor,349000
2025-02-03,2233,0,Foreign_Dealer_Self,0
2025-02-03,2233,31000,Investment_Trust,0
2025-02-03,2233,4000,Dealer_self,4252
2025-02-03,2233,14260,Dealer_Hedging,5084
2025-02-04,2233,298000,Foreign_Investor,441000
2025-02-04,2233,0,Foreign_Dealer_Self,0
2025-02-04,2233,1000,Investment_Trust,110000
2025-02-04,2233,18000,Dealer_self,9090
2025-02-04,2233,8646,Dealer_Hedging,7578
2025-02-05,2233,426000,Foreign_Investor,1307000
2025-02-05,2233,0,Foreign_Dealer_Self,0
2025-02-05,2233,51000,Investment_Trust,0
2025-02-05,2233,36000,Dealer_self,23522
2025-02-05,2233,126115,Dealer_Hedging,18372
2025-02-06,2233,796000,Foreign_Investor,1137000
2025-02-06,2233,0,Foreign_Dealer_Self,0
2025-02-06,2233,2000,Investment_Trust,0
2025-02-06,2233,27000,Dealer_self,27416
2025-02-06,2233,27600,Dealer_Hedging,76744
2025-02-07,2233,1089000,Foreign_Investor,1458150
2025-02-07,2233,0,Foreign_Dealer_Self,0
2025-02-07,2233,61000,Investment_Trust,0
2025-02-07,2233,28606,Dealer_self,8868
2025-02-07,2233,199309,Dealer_Hedging,17110
2025-02-10,2233,1193000,Foreign_Investor,1788000
2025-02-10,2233,0,Foreign_Dealer_Self,0
2025-02-10,2233,50000,Investment_Trust,0
2025-02-10,2233,44152,Dealer_self,36394
2025-02-10,2233,39338,Dealer_Hedging,101477
2025-02-11,2233,1004000,Foreign_Investor,1139000
2025-02-11,2233,0,Foreign_Dealer_Self,0
2025-02-11,2233,33000,Investment_Trust,25000
2025-02-11,2233,69000,Dealer_self,41774
2025-02-11,2233,65675,Dealer_Hedging,49972
2025-02-12,2233,937000,Foreign_Investor,1123552
2025-02-12,2233,0,Foreign_Dealer_Self,0
2025-02-12,2233,23000,Investment_Trust,0
2025-02-12,2233,23000,Dealer_self,37909
2025-02-12,2233,76431,Dealer_Hedging,110734
2025-02-13,2233,431000,Foreign_Investor,507651
2025-02-13,2233,0,Foreign_Dealer_Self,0
2025-02-13,2233,1000,Investment_Trust,0
2025-02-13,2233,29000,Dealer_self,13524
2025-02-13,2233,5109,Dealer_Hedging,86088
2025-02-14,2233,383000,Foreign_Investor,539000
2025-02-14,2233,0,Foreign_Dealer_Self,0
2025-02-14,2233,20000,Investment_Trust,0
2025-02-14,2233,10000,Dealer_self,48433
2025-02-14,2233,11384,Dealer_Hedging,16119
2025-02-17,2233,737000,Foreign_Investor,757000
2025-02-17,2233,0,Foreign_Dealer_Self,0
2025-02-17,2233,63000,Investment_Trust,0
2025-02-17,2233,4000,Dealer_self,28402
2025-02-17,2233,130982,Dealer_Hedging,4752
2025-02-18,2233,252000,Foreign_Investor,483000
2025-02-18,2233,0,Foreign_Dealer_Self,0
2025-02-18,2233,1000,Investment_Trust,0
2025-02-18,2233,10000,Dealer_self,7804
2025-02-18,2233,170000,Dealer_Hedging,53759
2025-02-19,2233,848000,Foreign_Investor,1432000
2025-02-19,2233,0,Foreign_Dealer_Self,0
2025-02-19,2233,27000,Investment_Trust,0
2025-02-19,2233,43000,Dealer_self,24751
2025-02-19,2233,55674,Dealer_Hedging,101396
2025-02-20,2233,618300,Foreign_Investor,726000
2025-02-20,2233,0,Foreign_Dealer_Self,0
2025-02-20,2233,16000,Investment_Trust,0
2025-02-20,2233,25000,Dealer_self,15034
2025-02-20,2233,35295,Dealer_Hedging,189586
2025-02-21,2233,492000,Foreign_Investor,399000
2025-02-21,2233,0,Foreign_Dealer_Self,0
2025-02-21,2233,0,Investment_Trust,0
2025-02-21,2233,32000,Dealer_self,61864
2025-02-21,2233,159252,Dealer_Hedging,34341
2025-02-24,2233,136000,Foreign_Investor,421000
2025-02-24,2233,0,Foreign_Dealer_Self,0
2025-02-24,2233,5000,Investment_Trust,0
2025-02-24,2233,9000,Dealer_self,222
2025-02-24,2233,13023,Dealer_Hedging,85502
2025-02-25,2233,379000,Foreign_Investor,527100
2025-02-25,2233,0,Foreign_Dealer_Self,0
2025-02-25,2233,6000,Investment_Trust,95000
2025-02-25,2233,40000,Dealer_self,24785
2025-02-25,2233,8000,Dealer_Hedging,111709
2025-02-26,2233,134000,Foreign_Investor,207100
2025-02-26,2233,0,Foreign_Dealer_Self,0
2025-02-26,2233,0,Investment_Trust,0
2025-02-26,2233,2000,Dealer_self,2967
2025-02-26,2233,4006,Dealer_Hedging,7510
2025-02-27,2233,235000,Foreign_Investor,321100
2025-02-27,2233,0,Foreign_Dealer_Self,0
2025-02-27,2233,5000,Investment_Trust,0
2025-02-27,2233,14000,Dealer_self,5078
2025-02-27,2233,7079,Dealer_Hedging,25130
2025-03-03,2233,233000,Foreign_Investor,208000
2025-03-03,2233,0,Foreign_Dealer_Self,0
2025-03-03,2233,11000,Investment_Trust,0
2025-03-03,2233,9000,Dealer_self,10049
2025-03-03,2233,4599,Dealer_Hedging,16908
2025-03-04,2233,316000,Foreign_Investor,439000
2025-03-04,2233,0,Foreign_Dealer_Self,0
2025-03-04,2233,1000,Investment_Trust,0
2025-03-04,2233,7000,Dealer_self,17027
2025-03-04,2233,15394,Dealer_Hedging,2069
2025-03-05,2233,200000,Foreign_Investor,479000
2025-03-05,2233,0,Foreign_Dealer_Self,0
2025-03-05,2233,4000,Investment_Trust,0
2025-03-05,2233,6000,Dealer_self,1135
2025-03-05,2233,61096,Dealer_Hedging,3169
2025-03-06,2233,375000,Foreign_Investor,707000
2025-03-06,2233,0,Foreign_Dealer_Self,0
2025-03-06,2233,0,Investment_Trust,0
2025-03-06,2233,1000,Dealer_self,7201
2025-03-06,2233,3503,Dealer_Hedging,54657
2025-03-07,2233,186000,Foreign_Investor,161000
2025-03-07,2233,0,Foreign_Dealer_Self,0
2025-03-07,2233,0,Investment_Trust,0
2025-03-07,2233,1000,Dealer_self,5483
2025-03-07,2233,6000,Dealer_Hedging,23342
2025-03-10,2233,396000,Foreign_Investor,188000
2025-03-10,2233,0,Foreign_Dealer_Self,0
2025-03-10,2233,2000,Investment_Trust,0
2025-03-10,2233,1000,Dealer_self,1190
2025-03-10,2233,9850,Dealer_Hedging,4368
2025-03-11,2233,375000,Foreign_Investor,288000
2025-03-11,2233,0,Foreign_Dealer_Self,0
2025-03-11,2233,7000,Investment_Trust,50000
2025-03-11,2233,4000,Dealer_self,63238
2025-03-11,2233,2000,Dealer_Hedging,24479
2025-03-12,2233,286000,Foreign_Investor,161739
2025-03-12,2233,0,Foreign_Dealer_Self,0
2025-03-12,2233,28000,Investment_Trust,0
2025-03-12,2233,1000,Dealer_self,2001
2025-03-12,2233,13731,Dealer_Hedging,4946
2025-03-13,2233,227000,Foreign_Investor,231479
2025-03-13,2233,0,Foreign_Dealer_Self,0
2025-03-13,2233,0,Investment_Trust,0
2025-03-13,2233,1000,Dealer_self,2000
2025-03-13,2233,30434,Dealer_Hedging,35193
2025-03-14,2233,176000,Foreign_Investor,122000
2025-03-14,2233,0,Foreign_Dealer_Self,0
2025-03-14,2233,0,Investment_Trust,0
2025-03-14,2233,1000,Dealer_self,0
2025-03-14,2233,2000,Dealer_Hedging,6801
2025-03-17,2233,93000,Foreign_Investor,123000
2025-03-17,2233,0,Foreign_Dealer_Self,0
2025-03-17,2233,0,Investment_Trust,0
2025-03-17,2233,0,Dealer_self,304
2025-03-17,2233,0,Dealer_Hedging,6144
2025-03-18,2233,104000,Foreign_Investor,63000
2025-03-18,2233,0,Foreign_Dealer_Self,0
2025-03-18,2233,0,Investment_Trust,0
2025-03-18,2233,2000,Dealer_self,0
2025-03-18,2233,1001,Dealer_Hedging,1000
2025-03-19,2233,153000,Foreign_Investor,88000
2025-03-19,2233,0,Foreign_Dealer_Self,0
2025-03-19,2233,5000,Investment_Trust,0
2025-03-19,2233,3000,Dealer_self,3346
2025-03-19,2233,1001,Dealer_Hedging,19447
2025-03-20,2233,178000,Foreign_Investor,35000
2025-03-20,2233,0,Foreign_Dealer_Self,0
2025-03-20,2233,0,Investment_Trust,0
2025-03-20,2233,2000,Dealer_self,526
2025-03-20,2233,22925,Dealer_Hedging,2060
2025-03-21,2233,36001,Foreign_Investor,60000
2025-03-21,2233,0,Foreign_Dealer_Self,0
2025-03-21,2233,0,Investment_Trust,0
2025-03-21,2233,1204,Dealer_self,1000
2025-03-21,2233,0,Dealer_Hedging,6257
2025-03-24,2233,313001,Foreign_Investor,86000
2025-03-24,2233,0,Foreign_Dealer_Self,0
2025-03-24,2233,0,Investment_Trust,81000
2025-03-24,2233,0,Dealer_self,2362
2025-03-24,2233,0,Dealer_Hedging,19619
2025-03-25,2233,260000,Foreign_Investor,129222
2025-03-25,2233,0,Foreign_Dealer_Self,0
2025-03-25,2233,0,Investment_Trust,0
2025-03-25,2233,0,Dealer_self,0
2025-03-25,2233,2472,Dealer_Hedging,5001
2025-03-26,2233,99001,Foreign_Investor,103000
2025-03-26,2233,0,Foreign_Dealer_Self,0
2025-03-26,2233,0,Investment_Trust,0
2025-03-26,2233,2000,Dealer_self,0
2025-03-26,2233,1000,Dealer_Hedging,5666
2025-03-27,2233,263000,Foreign_Investor,184354
2025-03-27,2233,0,Foreign_Dealer_Self,0
2025-03-27,2233,0,Investment_Trust,48000
2025-03-27,2233,0,Dealer_self,9000
2025-03-27,2233,0,Dealer_Hedging,6481
2025-03-28,2233,759000,Foreign_Investor,306000
2025-03-28,2233,0,Foreign_Dealer_Self,0
2025-03-28,2233,1000,Investment_Trust,150000
2025-03-28,2233,0,Dealer_self,1997
2025-03-28,2233,361,Dealer_Hedging,19126
2025-03-31,2233,486006,Foreign_Investor,278000
2025-03-31,2233,0,Foreign_Dealer_Self,0
2025-03-31,2233,33000,Investment_Trust,0
2025-03-31,2233,1000,Dealer_self,11000
2025-03-31,2233,80,Dealer_Hedging,10344
2025-04-01,2233,159000,Foreign_Investor,160000
2025-04-01,2233,0,Foreign_Dealer_Self,0
2025-04-01,2233,0,Investment_Trust,0
2025-04-01,2233,16000,Dealer_self,6000
2025-04-01,2233,1080,Dealer_Hedging,80
2025-04-02,2233,196000,Foreign_Investor,140000
2025-04-02,2233,0,Foreign_Dealer_Self,0
2025-04-02,2233,0,Investment_Trust,0
2025-04-02,2233,0,Dealer_self,1000
2025-04-02,2233,1000,Dealer_Hedging,2080
2025-04-08,2233,36200,Foreign_Investor,0
2025-04-08,2233,0,Foreign_Dealer_Self,0
2025-04-08,2233,0,Investment_Trust,0
2025-04-08,2233,2000,Dealer_self,0
2025-04-08,2233,0,Dealer_Hedging,1197
2025-04-09,2233,940000,Foreign_Investor,319000
2025-04-09,2233,0,Foreign_Dealer_Self,0
2025-04-09,2233,0,Investment_Trust,0
2025-04-09,2233,0,Dealer_self,2000
2025-04-09,2233,322,Dealer_Hedging,7306
2025-04-10,2233,0,Foreign_Investor,1000
2025-04-10,2233,0,Foreign_Dealer_Self,0
2025-04-10,2233,0,Investment_Trust,0
2025-04-10,2233,0,Dealer_self,0
2025-04-10,2233,0,Dealer_Hedging,1000
2025-04-11,2233,505146,Foreign_Investor,376000
2025-04-11,2233,0,Foreign_Dealer_Self,0
2025-04-11,2233,0,Investment_Trust,7000
2025-04-11,2233,4000,Dealer_self,0
2025-04-11,2233,2618,Dealer_Hedging,322
2025-04-14,2233,473006,Foreign_Investor,457146
2025-04-14,2233,0,Foreign_Dealer_Self,0
2025-04-14,2233,0,Investment_Trust,1000
2025-04-14,2233,0,Dealer_self,3000
2025-04-14,2233,787,Dealer_Hedging,1618
2025-04-15,2233,337013,Foreign_Investor,411006
2025-04-15,2233,0,Foreign_Dealer_Self,0
2025-04-15,2233,0,Investment_Trust,1000
2025-04-15,2233,0,Dealer_self,0
2025-04-15,2233,2000,Dealer_Hedging,2409
2025-04-16,2233,167092,Foreign_Investor,286013
2025-04-16,2233,0,Foreign_Dealer_Self,0
2025-04-16,2233,0,Investment_Trust,0
2025-04-16,2233,0,Dealer_self,3000
2025-04-16,2233,0,Dealer_Hedging,360
2025-04-17,2233,177053,Foreign_Investor,203092
2025-04-17,2233,0,Foreign_Dealer_Self,0
2025-04-17,2233,30000,Investment_Trust,0
2025-04-17,2233,0,Dealer_self,1000
2025-04-17,2233,0,Dealer_Hedging,0
2025-04-18,2233,411000,Foreign_Investor,791000
2025-04-18,2233,0,Foreign_Dealer_Self,0
2025-04-18,2233,41000,Investment_Trust,40000
2025-04-18,2233,12039,Dealer_self,3000
2025-04-18,2233,7000,Dealer_Hedging,0
2025-04-21,2233,703000,Foreign_Investor,1161000
2025-04-21,2233,0,Foreign_Dealer_Self,0
2025-04-21,2233,0,Investment_Trust,41000
2025-04-21,2233,32000,Dealer_self,5039
2025-04-21,2233,11000,Dealer_Hedging,4441
2025-04-22,2233,423158,Foreign_Investor,439053
2025-04-22,2233,0,Foreign_Dealer_Self,0
2025-04-22,2233,0,Investment_Trust,40000
2025-04-22,2233,1000,Dealer_self,1000
2025-04-22,2233,2132,Dealer_Hedging,3000
2025-04-23,2233,389017,Foreign_Investor,186158
2025-04-23,2233,0,Foreign_Dealer_Self,0
2025-04-23,2233,0,Investment_Trust,38000
2025-04-23,2233,20000,Dealer_self,2000
2025-04-23,2233,1000,Dealer_Hedging,1132
2025-04-24,2233,301380,Foreign_Investor,290016
2025-04-24,2233,0,Foreign_Dealer_Self,0
2025-04-24,2233,0,Investment_Trust,38000
2025-04-24,2233,1000,Dealer_self,2000
2025-04-24,2233,2000,Dealer_Hedging,1000
2025-04-25,2233,223000,Foreign_Investor,132380
2025-04-25,2233,0,Foreign_Dealer_Self,0
2025-04-25,2233,0,Investment_Trust,0
2025-04-25,2233,0,Dealer_self,27000
2025-04-25,2233,1001,Dealer_Hedging,3000
2025-04-28,2233,201000,Foreign_Investor,68000
2025-04-28,2233,0,Foreign_Dealer_Self,0
2025-04-28,2233,0,Investment_Trust,0
2025-04-28,2233,0,Dealer_self,0
2025-04-28,2233,1383,Dealer_Hedging,1
2025-04-29,2233,346886,Foreign_Investor,733000
2025-04-29,2233,0,Foreign_Dealer_Self,0
2025-04-29,2233,0,Investment_Trust,0
2025-04-29,2233,0,Dealer_self,10000
2025-04-29,2233,4185,Dealer_Hedging,1383
2025-04-30,2233,910124,Foreign_Investor,1711886
2025-04-30,2233,0,Foreign_Dealer_Self,0
2025-04-30,2233,0,Investment_Trust,0
2025-04-30,2233,1000,Dealer_self,22000
2025-04-30,2233,42728,Dealer_Hedging,6943
2025-05-02,2233,334300,Foreign_Investor,411000
2025-05-02,2233,0,Foreign_Dealer_Self,0
2025-05-02,2233,0,Investment_Trust,0
2025-05-02,2233,0,Dealer_self,0
2025-05-02,2233,3636,Dealer_Hedging,10420
2025-05-05,2233,633915,Foreign_Investor,537424
2025-05-05,2233,0,Foreign_Dealer_Self,0
2025-05-05,2233,0,Investment_Trust,1000
2025-05-05,2233,10000,Dealer_self,28000
2025-05-05,2233,1378,Dealer_Hedging,28240
2025-05-06,2233,267554,Foreign_Investor,218576
2025-05-06,2233,0,Foreign_Dealer_Self,0
2025-05-06,2233,0,Investment_Trust,0
2025-05-06,2233,0,Dealer_self,3000
2025-05-06,2233,2502,Dealer_Hedging,1
2025-05-07,2233,92139,Foreign_Investor,82893
2025-05-07,2233,0,Foreign_Dealer_Self,0
2025-05-07,2233,0,Investment_Trust,5000
2025-05-07,2233,0,Dealer_self,2000
2025-05-07,2233,0,Dealer_Hedging,3635
2025-05-08,2233,119114,Foreign_Investor,88139
2025-05-08,2233,0,Foreign_Dealer_Self,0
2025-05-08,2233,0,Investment_Trust,5000
2025-05-08,2233,1000,Dealer_self,1000
2025-05-08,2233,2361,Dealer_Hedging,1002
2025-05-09,2233,248292,Foreign_Investor,331114
2025-05-09,2233,0,Foreign_Dealer_Self,0
2025-05-09,2233,0,Investment_Trust,0
2025-05-09,2233,2000,Dealer_self,0
2025-05-09,2233,2212,Dealer_Hedging,3544
2025-05-12,2233,706387,Foreign_Investor,309292
2025-05-12,2233,0,Foreign_Dealer_Self,0
2025-05-12,2233,0,Investment_Trust,0
2025-05-12,2233,18000,Dealer_self,0
2025-05-12,2233,4693,Dealer_Hedging,1546
2025-05-13,2233,736221,Foreign_Investor,694945
2025-05-13,2233,0,Foreign_Dealer_Self,0
2025-05-13,2233,0,Investment_Trust,12000
2025-05-13,2233,1000,Dealer_self,18000
2025-05-13,2233,13665,Dealer_Hedging,4330
2025-05-14,2233,227593,Foreign_Investor,1079221
2025-05-14,2233,0,Foreign_Dealer_Self,0
2025-05-14,2233,0,Investment_Trust,0
2025-05-14,2233,8000,Dealer_self,0
2025-05-14,2233,3000,Dealer_Hedging,12051
2025-05-15,2233,296000,Foreign_Investor,430443
2025-05-15,2233,0,Foreign_Dealer_Self,0
2025-05-15,2233,0,Investment_Trust,0
2025-05-15,2233,0,Dealer_self,0
2025-05-15,2233,6551,Dealer_Hedging,4912
2025-05-16,2233,245418,Foreign_Investor,444000
2025-05-16,2233,0,Foreign_Dealer_Self,0
2025-05-16,2233,0,Investment_Trust,0
2025-05-16,2233,20000,Dealer_self,20000
2025-05-16,2233,7124,Dealer_Hedging,5049
2025-05-19,2233,258190,Foreign_Investor,341118
2025-05-19,2233,0,Foreign_Dealer_Self,0
2025-05-19,2233,0,Investment_Trust,0
2025-05-19,2233,0,Dealer_self,0
2025-05-19,2233,7050,Dealer_Hedging,12283
2025-05-20,2233,159000,Foreign_Investor,109190
2025-05-20,2233,0,Foreign_Dealer_Self,0
2025-05-20,2233,0,Investment_Trust,0
2025-05-20,2233,2000,Dealer_self,0
2025-05-20,2233,5243,Dealer_Hedging,5665
2025-05-21,2233,124797,Foreign_Investor,48000
2025-05-21,2233,0,Foreign_Dealer_Self,0
2025-05-21,2233,0,Investment_Trust,12000
2025-05-21,2233,0,Dealer_self,0
2025-05-21,2233,0,Dealer_Hedging,243
2025-05-22,2233,111477,Foreign_Investor,192297
2025-05-22,2233,0,Foreign_Dealer_Self,0
2025-05-22,2233,0,Investment_Trust,7000
2025-05-22,2233,0,Dealer_self,0
2025-05-22,2233,17062,Dealer_Hedging,70
2025-05-23,2233,174120,Foreign_Investor,240477
2025-05-23,2233,0,Foreign_Dealer_Self,0
2025-05-23,2233,0,Investment_Trust,0
2025-05-23,2233,0,Dealer_self,2000
2025-05-23,2233,1000,Dealer_Hedging,14347
2025-05-26,2233,66913,Foreign_Investor,107120
2025-05-26,2233,0,Foreign_Dealer_Self,0
2025-05-26,2233,0,Investment_Trust,0
2025-05-26,2233,0,Dealer_self,2000
2025-05-26,2233,1000,Dealer_Hedging,1000
2025-05-27,2233,73852,Foreign_Investor,152213
2025-05-27,2233,0,Foreign_Dealer_Self,0
2025-05-27,2233,0,Investment_Trust,0
2025-05-27,2233,0,Dealer_self,8000
2025-05-27,2233,0,Dealer_Hedging,7601
2025-05-28,2233,110000,Foreign_Investor,116852
2025-05-28,2233,0,Foreign_Dealer_Self,0
2025-05-28,2233,0,Investment_Trust,0
2025-05-28,2233,0,Dealer_self,0
2025-05-28,2233,0,Dealer_Hedging,12000
2025-05-29,2233,21473,Foreign_Investor,45000
2025-05-29,2233,0,Foreign_Dealer_Self,0
2025-05-29,2233,0,Investment_Trust,0
2025-05-29,2233,2000,Dealer_self,1000
2025-05-29,2233,0,Dealer_Hedging,0
2025-06-02,2233,132838,Foreign_Investor,104473
2025-06-02,2233,0,Foreign_Dealer_Self,0
2025-06-02,2233,0,Investment_Trust,0
2025-06-02,2233,0,Dealer_self,13000
2025-06-02,2233,0,Dealer_Hedging,0
2025-06-03,2233,62475,Foreign_Investor,63128
2025-06-03,2233,0,Foreign_Dealer_Self,0
2025-06-03,2233,0,Investment_Trust,0
2025-06-03,2233,0,Dealer_self,203
2025-06-03,2233,2087,Dealer_Hedging,3000
2025-06-04,2233,167000,Foreign_Investor,312185
2025-06-04,2233,0,Foreign_Dealer_Self,0
2025-06-04,2233,0,Investment_Trust,0
2025-06-04,2233,1000,Dealer_self,1000
2025-06-04,2233,0,Dealer_Hedging,0
2025-06-05,2233,140004,Foreign_Investor,50000
2025-06-05,2233,0,Foreign_Dealer_Self,0
2025-06-05,2233,0,Investment_Trust,0
2025-06-05,2233,0,Dealer_self,2000
2025-06-05,2233,2056,Dealer_Hedging,0
2025-06-06,2233,165000,Foreign_Investor,210004
2025-06-06,2233,0,Foreign_Dealer_Self,0
2025-06-06,2233,0,Investment_Trust,0
2025-06-06,2233,0,Dealer_self,0
2025-06-06,2233,1000,Dealer_Hedging,0
2025-06-09,2233,98000,Foreign_Investor,235000
2025-06-09,2233,0,Foreign_Dealer_Self,0
2025-06-09,2233,0,Investment_Trust,0
2025-06-09,2233,1000,Dealer_self,0
2025-06-09,2233,0,Dealer_Hedging,1749
2025-06-10,2233,101357,Foreign_Investor,37000
2025-06-10,2233,0,Foreign_Dealer_Self,0
2025-06-10,2233,0,Investment_Trust,0
2025-06-10,2233,4000,Dealer_self,1000
2025-06-10,2233,1613,Dealer_Hedging,185
2025-06-11,2233,149685,Foreign_Investor,26357
2025-06-11,2233,0,Foreign_Dealer_Self,0
2025-06-11,2233,0,Investment_Trust,0
2025-06-11,2233,2000,Dealer_self,1000
2025-06-11,2233,15,Dealer_Hedging,1000
2025-06-12,2233,167046,Foreign_Investor,220685
2025-06-12,2233,0,Foreign_Dealer_Self,0
2025-06-12,2233,0,Investment_Trust,1000
2025-06-12,2233,15000,Dealer_self,0
2025-06-12,2233,1218,Dealer_Hedging,1663
2025-06-13,2233,114000,Foreign_Investor,281062
2025-06-13,2233,0,Foreign_Dealer_Self,0
2025-06-13,2233,0,Investment_Trust,0
2025-06-13,2233,0,Dealer_self,7000
2025-06-13,2233,0,Dealer_Hedging,1289
2025-06-16,2233,96000,Foreign_Investor,185000
2025-06-16,2233,0,Foreign_Dealer_Self,0
2025-06-16,2233,0,Investment_Trust,0
2025-06-16,2233,1000,Dealer_self,1000
2025-06-16,2233,157,Dealer_Hedging,1005
2025-06-17,2233,189000,Foreign_Investor,132000
2025-06-17,2233,0,Foreign_Dealer_Self,0
2025-06-17,2233,0,Investment_Trust,0
2025-06-17,2233,0,Dealer_self,2000
2025-06-17,2233,1170,Dealer_Hedging,1
2025-06-18,2233,307000,Foreign_Investor,178020
2025-06-18,2233,0,Foreign_Dealer_Self,0
2025-06-18,2233,0,Investment_Trust,0
2025-06-18,2233,0,Dealer_self,5000
2025-06-18,2233,12002,Dealer_Hedging,3
2025-06-19,2233,69000,Foreign_Investor,254000
2025-06-19,2233,0,Foreign_Dealer_Self,0
2025-06-19,2233,0,Investment_Trust,0
2025-06-19,2233,0,Dealer_self,2000
2025-06-19,2233,30,Dealer_Hedging,7803
2025-06-20,2233,67000,Foreign_Investor,147000
2025-06-20,2233,0,Foreign_Dealer_Self,0
2025-06-20,2233,0,Investment_Trust,0
2025-06-20,2233,0,Dealer_self,2000
2025-06-20,2233,218,Dealer_Hedging,6
2025-06-23,2233,869000,Foreign_Investor,250000
2025-06-23,2233,0,Foreign_Dealer_Self,0
2025-06-23,2233,0,Investment_Trust,0
2025-06-23,2233,2000,Dealer_self,2000
2025-06-23,2233,26828,Dealer_Hedging,124
2025-06-24,2233,307000,Foreign_Investor,1258923
2025-06-24,2233,0,Foreign_Dealer_Self,0
2025-06-24,2233,0,Investment_Trust,0
2025-06-24,2233,5000,Dealer_self,0
2025-06-24,2233,12037,Dealer_Hedging,15396
2025-06-25,2233,220000,Foreign_Investor,261000
2025-06-25,2233,0,Foreign_Dealer_Self,0
2025-06-25,2233,0,Investment_Trust,0
2025-06-25,2233,0,Dealer_self,384
2025-06-25,2233,8362,Dealer_Hedging,1500
2025-06-26,2233,249000,Foreign_Investor,177000
2025-06-26,2233,0,Foreign_Dealer_Self,0
2025-06-26,2233,0,Investment_Trust,0
2025-06-26,2233,8405,Dealer_self,0
2025-06-26,2233,1000,Dealer_Hedging,2000
2025-06-27,2233,1408200,Foreign_Investor,1727000
2025-06-27,2233,0,Foreign_Dealer_Self,0
2025-06-27,2233,0,Investment_Trust,1000
2025-06-27,2233,18000,Dealer_self,30405
2025-06-27,2233,7148,Dealer_Hedging,9472
2025-06-30,2233,486000,Foreign_Investor,675000
2025-06-30,2233,0,Foreign_Dealer_Self,0
2025-06-30,2233,0,Investment_Trust,0
2025-06-30,2233,1000,Dealer_self,10413
2025-06-30,2233,72020,Dealer_Hedging,20216
2025-07-01,2233,180000,Foreign_Investor,253000
2025-07-01,2233,0,Foreign_Dealer_Self,0
2025-07-01,2233,0,Investment_Trust,0
2025-07-01,2233,12000,Dealer_self,2000
2025-07-01,2233,13000,Dealer_Hedging,20
2025-07-02,2233,181000,Foreign_Investor,171563
2025-07-02,2233,0,Foreign_Dealer_Self,0
2025-07-02,2233,0,Investment_Trust,0
2025-07-02,2233,0,Dealer_self,1000
2025-07-02,2233,7177,Dealer_Hedging,2000
2025-07-03,2233,228000,Foreign_Investor,159000
2025-07-03,2233,0,Foreign_Dealer_Self,0
2025-07-03,2233,0,Investment_Trust,0
2025-07-03,2233,1000,Dealer_self,1000
2025-07-03,2233,3000,Dealer_Hedging,16000
2025-07-04,2233,158000,Foreign_Investor,97000
2025-07-04,2233,0,Foreign_Dealer_Self,0
2025-07-04,2233,0,Investment_Trust,0
2025-07-04,2233,0,Dealer_self,15000
2025-07-04,2233,7000,Dealer_Hedging,6000
2025-07-07,2233,132000,Foreign_Investor,120000
2025-07-07,2233,0,Foreign_Dealer_Self,0
2025-07-07,2233,0,Investment_Trust,0
2025-07-07,2233,0,Dealer_self,0
2025-07-07,2233,5167,Dealer_Hedging,12000
2025-07-08,2233,109000,Foreign_Investor,239000
2025-07-08,2233,0,Foreign_Dealer_Self,0
2025-07-08,2233,0,Investment_Trust,0
2025-07-08,2233,1000,Dealer_self,0
2025-07-08,2233,0,Dealer_Hedging,0
2025-07-09,2233,91000,Foreign_Investor,153000
2025-07-09,2233,0,Foreign_Dealer_Self,0
2025-07-09,2233,0,Investment_Trust,0
2025-07-09,2233,0,Dealer_self,0
2025-07-09,2233,1831,Dealer_Hedging,1000
2025-07-10,2233,197000,Foreign_Investor,172000
2025-07-10,2233,0,Foreign_Dealer_Self,0
2025-07-10,2233,0,Investment_Trust,1000
2025-07-10,2233,0,Dealer_self,1000
2025-07-10,2233,17327,Dealer_Hedging,4831
2025-07-11,2233,82000,Foreign_Investor,84000
2025-07-11,2233,0,Foreign_Dealer_Self,0
2025-07-11,2233,0,Investment_Trust,0
2025-07-11,2233,0,Dealer_self,0
2025-07-11,2233,2000,Dealer_Hedging,2263
2025-07-14,2233,31000,Foreign_Investor,103000
2025-07-14,2233,0,Foreign_Dealer_Self,0
2025-07-14,2233,0,Investment_Trust,42000
2025-07-14,2233,0,Dealer_self,0
2025-07-14,2233,1000,Dealer_Hedging,3064
2025-07-15,2233,137000,Foreign_Investor,142000
2025-07-15,2233,0,Foreign_Dealer_Self,0
2025-07-15,2233,0,Investment_Trust,0
2025-07-15,2233,1000,Dealer_self,1000
2025-07-15,2233,5000,Dealer_Hedging,33000
2025-07-16,2233,33000,Foreign_Investor,103000
2025-07-16,2233,0,Foreign_Dealer_Self,0
2025-07-16,2233,24000,Investment_Trust,1000
2025-07-16,2233,1000,Dealer_self,1000
2025-07-16,2233,2000,Dealer_Hedging,8000
2025-07-17,2233,155000,Foreign_Investor,52000
2025-07-17,2233,0,Foreign_Dealer_Self,0
2025-07-17,2233,24000,Investment_Trust,0
2025-07-17,2233,8000,Dealer_self,0
2025-07-17,2233,2774,Dealer_Hedging,2498
2025-07-18,2233,588000,Foreign_Investor,461000
2025-07-18,2233,0,Foreign_Dealer_Self,0
2025-07-18,2233,23000,Investment_Trust,0
2025-07-18,2233,1000,Dealer_self,0
2025-07-18,2233,5052,Dealer_Hedging,19388
2025-07-21,2233,215000,Foreign_Investor,122000
2025-07-21,2233,0,Foreign_Dealer_Self,0
2025-07-21,2233,23000,Investment_Trust,0
2025-07-21,2233,10000,Dealer_self,0
2025-07-21,2233,2033,Dealer_Hedging,10961
2025-07-22,2233,170000,Foreign_Investor,166000
2025-07-22,2233,0,Foreign_Dealer_Self,0
2025-07-22,2233,22000,Investment_Trust,0
2025-07-22,2233,0,Dealer_self,0
2025-07-22,2233,595,Dealer_Hedging,4616
2025-07-23,2233,207000,Foreign_Investor,309000
2025-07-23,2233,0,Foreign_Dealer_Self,0
2025-07-23,2233,1000,Investment_Trust,0
2025-07-23,2233,1000,Dealer_self,0
2025-07-23,2233,0,Dealer_Hedging,13
2025-07-24,2233,68000,Foreign_Investor,147000
2025-07-24,2233,0,Foreign_Dealer_Self,0
2025-07-24,2233,0,Investment_Trust,40000
2025-07-24,2233,0,Dealer_self,0
2025-07-24,2233,0,Dealer_Hedging,1009
2025-07-25,2233,26000,Foreign_Investor,352100
2025-07-25,2233,0,Foreign_Dealer_Self,0
2025-07-25,2233,0,Investment_Trust,45000
2025-07-25,2233,0,Dealer_self,1000
2025-07-25,2233,1000,Dealer_Hedging,5439
2025-07-28,2233,124000,Foreign_Investor,151000
2025-07-28,2233,0,Foreign_Dealer_Self,0
2025-07-28,2233,0,Investment_Trust,0
2025-07-28,2233,0,Dealer_self,0
2025-07-28,2233,277482,Dealer_Hedging,2069
2025-07-29,2233,64000,Foreign_Investor,314001
2025-07-29,2233,0,Foreign_Dealer_Self,0
2025-07-29,2233,0,Investment_Trust,39000
2025-07-29,2233,7000,Dealer_self,0
2025-07-29,2233,21033,Dealer_Hedging,5437
2025-07-30,2233,74000,Foreign_Investor,88000
2025-07-30,2233,0,Foreign_Dealer_Self,0
2025-07-30,2233,0,Investment_Trust,0
2025-07-30,2233,0,Dealer_self,7000
2025-07-30,2233,3562,Dealer_Hedging,0
2025-07-31,2233,242000,Foreign_Investor,240000
2025-07-31,2233,0,Foreign_Dealer_Self,0
2025-07-31,2233,0,Investment_Trust,2000
2025-07-31,2233,0,Dealer_self,0
2025-07-31,2233,5852,Dealer_Hedging,3666
2025-08-01,2233,571000,Foreign_Investor,228000
2025-08-01,2233,0,Foreign_Dealer_Self,0
2025-08-01,2233,0,Investment_Trust,0
2025-08-01,2233,0,Dealer_self,7000
2025-08-01,2233,46045,Dealer_Hedging,3163
2025-08-04,2233,119000,Foreign_Investor,161000
2025-08-04,2233,0,Foreign_Dealer_Self,0
2025-08-04,2233,0,Investment_Trust,0
2025-08-04,2233,0,Dealer_self,1000
2025-08-04,2233,6332,Dealer_Hedging,14751
2025-08-05,2233,208000,Foreign_Investor,178000
2025-08-05,2233,0,Foreign_Dealer_Self,0
2025-08-05,2233,0,Investment_Trust,0
2025-08-05,2233,0,Dealer_self,1000
2025-08-05,2233,504,Dealer_Hedging,22231
2025-08-06,2233,121000,Foreign_Investor,169000
2025-08-06,2233,0,Foreign_Dealer_Self,0
2025-08-06,2233,0,Investment_Trust,0
2025-08-06,2233,0,Dealer_self,8000
2025-08-06,2233,1000,Dealer_Hedging,692
2025-08-07,2233,917000,Foreign_Investor,504000
2025-08-07,2233,0,Foreign_Dealer_Self,0
2025-08-07,2233,0,Investment_Trust,0
2025-08-07,2233,2119,Dealer_self,0
2025-08-07,2233,25486,Dealer_Hedging,2761
2025-08-08,2233,821001,Foreign_Investor,520000
2025-08-08,2233,0,Foreign_Dealer_Self,0
2025-08-08,2233,0,Investment_Trust,0
2025-08-08,2233,0,Dealer_self,1119
2025-08-08,2233,60350,Dealer_Hedging,4005
2025-08-11,2233,714000,Foreign_Investor,913000
2025-08-11,2233,0,Foreign_Dealer_Self,0
2025-08-11,2233,0,Investment_Trust,0
2025-08-11,2233,0,Dealer_self,2000
2025-08-11,2233,24870,Dealer_Hedging,338277
2025-08-12,2233,625000,Foreign_Investor,700000
2025-08-12,2233,0,Foreign_Dealer_Self,0
2025-08-12,2233,0,Investment_Trust,0
2025-08-12,2233,31000,Dealer_self,0
2025-08-12,2233,23311,Dealer_Hedging,30820
2025-08-13,2233,977000,Foreign_Investor,801000
2025-08-13,2233,0,Foreign_Dealer_Self,0
2025-08-13,2233,0,Investment_Trust,1000
2025-08-13,2233,29755,Dealer_self,0
2025-08-13,2233,83726,Dealer_Hedging,19415
2025-08-14,2233,544000,Foreign_Investor,639000
2025-08-14,2233,0,Foreign_Dealer_Self,0
2025-08-14,2233,0,Investment_Trust,0
2025-08-14,2233,17000,Dealer_self,0
2025-08-14,2233,6408,Dealer_Hedging,67930
2025-08-15,2233,1782000,Foreign_Investor,927100
2025-08-15,2233,0,Foreign_Dealer_Self,0
2025-08-15,2233,0,Investment_Trust,1000
2025-08-15,2233,82625,Dealer_self,42000
2025-08-15,2233,45816,Dealer_Hedging,7033
2025-08-18,2233,1834000,Foreign_Investor,1196000
2025-08-18,2233,0,Foreign_Dealer_Self,0
2025-08-18,2233,0,Investment_Trust,0
2025-08-18,2233,38000,Dealer_self,84000
2025-08-18,2233,18953,Dealer_Hedging,39001
2025-08-19,2233,821000,Foreign_Investor,796000
2025-08-19,2233,0,Foreign_Dealer_Self,0
2025-08-19,2233,157000,Investment_Trust,0
2025-08-19,2233,22000,Dealer_self,61259
2025-08-19,2233,13250,Dealer_Hedging,15142
2025-08-20,2233,1106000,Foreign_Investor,1278000
2025-08-20,2233,0,Foreign_Dealer_Self,0
2025-08-20,2233,0,Investment_Trust,0
2025-08-20,2233,2000,Dealer_self,14059
2025-08-20,2233,68491,Dealer_Hedging,14872
2025-08-21,2233,499000,Foreign_Investor,717000
2025-08-21,2233,0,Foreign_Dealer_Self,0
2025-08-21,2233,0,Investment_Trust,0
2025-08-21,2233,0,Dealer_self,1000
2025-08-21,2233,27901,Dealer_Hedging,31089
2025-08-22,2233,763020,Foreign_Investor,382000
2025-08-22,2233,0,Foreign_Dealer_Self,0
2025-08-22,2233,0,Investment_Trust,0
2025-08-22,2233,26000,Dealer_self,15000
2025-08-22,2233,4458,Dealer_Hedging,50396
2025-08-25,2233,1152000,Foreign_Investor,1090000
2025-08-25,2233,0,Foreign_Dealer_Self,0
2025-08-25,2233,0,Investment_Trust,0
2025-08-25,2233,79966,Dealer_self,0
2025-08-25,2233,40854,Dealer_Hedging,2094
2025-08-26,2233,894000,Foreign_Investor,957000
2025-08-26,2233,0,Foreign_Dealer_Self,0
2025-08-26,2233,60000,Investment_Trust,0
2025-08-26,2233,35000,Dealer_self,33307
2025-08-26,2233,58721,Dealer_Hedging,19280
2025-08-27,2233,565000,Foreign_Investor,430000
2025-08-27,2233,0,Foreign_Dealer_Self,0
2025-08-27,2233,34714,Dealer_self,25509
2025-08-27,2233,6936,Dealer_Hedging,8350
2025-08-27,2233,102000,Investment_Trust,0
2025-08-28,2233,552000,Foreign_Investor,892000
2025-08-28,2233,0,Foreign_Dealer_Self,0
2025-08-28,2233,45180,Dealer_self,45150
2025-08-28,2233,4871,Dealer_Hedging,2689
2025-08-28,2233,133000,Investment_Trust,0
2025-08-29,2233,504020,Foreign_Investor,433000
2025-08-29,2233,0,Foreign_Dealer_Self,0
2025-08-29,2233,0,Investment_Trust,0
2025-08-29,2233,54000,Dealer_self,25175
2025-08-29,2233,15990,Dealer_Hedging,9755
2025-09-01,2233,2531000,Foreign_Investor,869000
2025-09-01,2233,0,Foreign_Dealer_Self,0
2025-09-01,2233,0,Investment_Trust,0
2025-09-01,2233,6000,Dealer_self,110021
2025-09-01,2233,1306,Dealer_Hedging,38955
2025-09-02,2233,928000,Foreign_Investor,736000
2025-09-02,2233,0,Foreign_Dealer_Self,0
2025-09-02,2233,0,Investment_Trust,0
2025-09-02,2233,22000,Dealer_self,357
2025-09-02,2233,1045,Dealer_Hedging,15059
2025-09-03,2233,384000,Foreign_Investor,1094000
2025-09-03,2233,0,Foreign_Dealer_Self,0
2025-09-03,2233,3000,Dealer_self,7083
2025-09-03,2233,24024,Dealer_Hedging,10802
2025-09-03,2233,111000,Investment_Trust,0
2025-09-04,2233,389000,Foreign_Investor,780000
2025-09-04,2233,0,Foreign_Dealer_Self,0
2025-09-04,2233,46000,Dealer_self,2291
2025-09-04,2233,21308,Dealer_Hedging,30167
2025-09-04,2233,240000,Investment_Trust,1000
2025-09-05,2233,514000,Foreign_Investor,991000
2025-09-05,2233,0,Foreign_Dealer_Self,0
2025-09-05,2233,0,Investment_Trust,0
2025-09-05,2233,14000,Dealer_self,2091
2025-09-05,2233,40988,Dealer_Hedging,22491
2025-09-08,2233,408000,Foreign_Investor,502000
2025-09-08,2233,0,Foreign_Dealer_Self,0
2025-09-08,2233,1000,Investment_Trust,0
2025-09-08,2233,1000,Dealer_self,1117
2025-09-08,2233,4177,Dealer_Hedging,28713
2025-09-09,2233,264000,Foreign_Investor,357000
2025-09-09,2233,0,Foreign_Dealer_Self,0
2025-09-09,2233,0,Investment_Trust,0
2025-09-09,2233,1000,Dealer_self,41006
2025-09-09,2233,7772,Dealer_Hedging,17539
2025-09-10,2233,285000,Foreign_Investor,375000
2025-09-10,2233,0,Foreign_Dealer_Self,0
2025-09-10,2233,0,Investment_Trust,0
2025-09-10,2233,66000,Dealer_self,19912
2025-09-10,2233,5100,Dealer_Hedging,9065
2025-09-11,2233,663000,Foreign_Investor,225000
2025-09-11,2233,0,Foreign_Dealer_Self,0
2025-09-11,2233,0,Investment_Trust,1000
2025-09-11,2233,15000,Dealer_self,13991
2025-09-11,2233,2000,Dealer_Hedging,16371
2025-09-12,2233,240000,Foreign_Investor,159000
2025-09-12,2233,0,Foreign_Dealer_Self,0
2025-09-12,2233,0,Investment_Trust,1000
2025-09-12,2233,5012,Dealer_self,44448
2025-09-12,2233,1000,Dealer_Hedging,56862
2025-09-15,2233,290000,Foreign_Investor,187000
2025-09-15,2233,0,Foreign_Dealer_Self,0
2025-09-15,2233,1000,Investment_Trust,0
2025-09-15,2233,1260,Dealer_self,42868
2025-09-15,2233,6332,Dealer_Hedging,8276
2025-09-16,2233,253000,Foreign_Investor,275000
2025-09-16,2233,0,Foreign_Dealer_Self,0
2025-09-16,2233,0,Investment_Trust,60000
2025-09-16,2233,6000,Dealer_self,4893
2025-09-16,2233,80000,Dealer_Hedging,5112
2025-09-17,2233,249000,Foreign_Investor,384150
2025-09-17,2233,0,Foreign_Dealer_Self,0
2025-09-17,2233,0,Investment_Trust,1000
2025-09-17,2233,3000,Dealer_self,13413
2025-09-17,2233,13000,Dealer_Hedging,5907
2025-09-18,2233,187030,Foreign_Investor,374000
2025-09-18,2233,0,Foreign_Dealer_Self,0
2025-09-18,2233,0,Investment_Trust,1000
2025-09-18,2233,6000,Dealer_self,4601
2025-09-18,2233,33398,Dealer_Hedging,1305
2025-09-19,2233,127000,Foreign_Investor,297000
2025-09-19,2233,0,Foreign_Dealer_Self,0
2025-09-19,2233,0,Investment_Trust,0
2025-09-19,2233,1000,Dealer_self,9000
2025-09-19,2233,3023,Dealer_Hedging,6177
2025-09-22,2233,266000,Foreign_Investor,423000
2025-09-22,2233,0,Foreign_Dealer_Self,0
2025-09-22,2233,0,Investment_Trust,0
2025-09-22,2233,2000,Dealer_self,2484
2025-09-22,2233,9051,Dealer_Hedging,13916
2025-09-23,2233,215000,Foreign_Investor,420000
2025-09-23,2233,0,Foreign_Dealer_Self,0
2025-09-23,2233,0,Investment_Trust,1000
2025-09-23,2233,20000,Dealer_self,1072
2025-09-23,2233,1000,Dealer_Hedging,10702
2025-09-24,2233,342000,Foreign_Investor,273000
2025-09-24,2233,0,Foreign_Dealer_Self,0
2025-09-24,2233,0,Investment_Trust,0
2025-09-24,2233,1000,Dealer_self,19124
2025-09-24,2233,39521,Dealer_Hedging,5029
2025-09-25,2233,170000,Foreign_Investor,340000
2025-09-25,2233,0,Foreign_Dealer_Self,0
2025-09-25,2233,0,Investment_Trust,0
2025-09-25,2233,6000,Dealer_self,4453
2025-09-25,2233,3000,Dealer_Hedging,13408
2025-09-26,2233,295000,Foreign_Investor,253000
2025-09-26,2233,0,Foreign_Dealer_Self,0
2025-09-26,2233,0,Investment_Trust,0
2025-09-26,2233,4000,Dealer_self,2724
2025-09-26,2233,2000,Dealer_Hedging,15162
2025-09-30,2233,475000,Foreign_Investor,122000
2025-09-30,2233,0,Foreign_Dealer_Self,0
2025-09-30,2233,0,Investment_Trust,155000
2025-09-30,2233,7049,Dealer_self,7345
2025-09-30,2233,13500,Dealer_Hedging,3998
2025-10-01,2233,168000,Foreign_Investor,135000
2025-10-01,2233,0,Foreign_Dealer_Self,0
2025-10-01,2233,0,Investment_Trust,0
2025-10-01,2233,2000,Dealer_self,6739
2025-10-01,2233,9209,Dealer_Hedging,2484
2025-10-02,2233,105000,Foreign_Investor,176000
2025-10-02,2233,0,Foreign_Dealer_Self,0
2025-10-02,2233,0,Investment_Trust,1000
2025-10-02,2233,0,Dealer_self,581
2025-10-02,2233,0,Dealer_Hedging,7701
2025-10-03,2233,64000,Foreign_Investor,154000
2025-10-03,2233,0,Foreign_Dealer_Self,0
2025-10-03,2233,0,Investment_Trust,0
2025-10-03,2233,0,Dealer_self,276
2025-10-03,2233,1015,Dealer_Hedging,2030
2025-10-07,2233,181000,Foreign_Investor,220000
2025-10-07,2233,0,Foreign_Dealer_Self,0
2025-10-07,2233,0,Investment_Trust,0
2025-10-07,2233,4000,Dealer_self,919
2025-10-07,2233,18057,Dealer_Hedging,5032
2025-10-08,2233,51000,Foreign_Investor,73000
2025-10-08,2233,0,Foreign_Dealer_Self,0
2025-10-08,2233,0,Investment_Trust,0
2025-10-08,2233,1000,Dealer_self,149
2025-10-08,2233,0,Dealer_Hedging,9448
2025-10-09,2233,64010,Foreign_Investor,156000
2025-10-09,2233,0,Foreign_Dealer_Self,0
2025-10-09,2233,0,Dealer_self,1000
2025-10-09,2233,0,Dealer_Hedging,271
2025-10-09,2233,62000,Investment_Trust,0
2025-10-13,2233,614000,Foreign_Investor,435000
2025-10-13,2233,0,Foreign_Dealer_Self,0
2025-10-13,2233,0,Investment_Trust,0
2025-10-13,2233,8000,Dealer_self,6547
2025-10-13,2233,27000,Dealer_Hedging,11597
2025-10-14,2233,284000,Foreign_Investor,148000
2025-10-14,2233,0,Foreign_Dealer_Self,0
2025-10-14,2233,0,Investment_Trust,1000
2025-10-14,2233,2000,Dealer_self,740
2025-10-14,2233,1020,Dealer_Hedging,103443
2025-10-15,2233,319000,Foreign_Investor,543500
2025-10-15,2233,0,Foreign_Dealer_Self,0
2025-10-15,2233,0,Investment_Trust,0
2025-10-15,2233,25325,Dealer_self,130
2025-10-15,2233,45982,Dealer_Hedging,21558
2025-10-16,2233,1093000,Foreign_Investor,1258200
2025-10-16,2233,0,Foreign_Dealer_Self,0
2025-10-16,2233,0,Investment_Trust,1000
2025-10-16,2233,86529,Dealer_self,8994
2025-10-16,2233,61762,Dealer_Hedging,32246
2025-10-17,2233,319000,Foreign_Investor,490040
2025-10-17,2233,0,Foreign_Dealer_Self,0
2025-10-17,2233,0,Investment_Trust,3000
2025-10-17,2233,35000,Dealer_self,62520
2025-10-17,2233,4292,Dealer_Hedging,36068
2025-10-20,2233,285000,Foreign_Investor,558000
2025-10-20,2233,0,Foreign_Dealer_Self,0
2025-10-20,2233,0,Investment_Trust,20000
2025-10-20,2233,20545,Dealer_self,10544
2025-10-20,2233,60653,Dealer_Hedging,5843
2025-10-21,2233,980000,Foreign_Investor,768000
2025-10-21,2233,0,Foreign_Dealer_Self,0
2025-10-21,2233,0,Investment_Trust,24000
2025-10-21,2233,96000,Dealer_self,3197
2025-10-21,2233,101681,Dealer_Hedging,47213
2025-10-22,2233,488000,Foreign_Investor,446000
2025-10-22,2233,0,Foreign_Dealer_Self,0
2025-10-22,2233,0,Investment_Trust,21000
2025-10-22,2233,17000,Dealer_self,38423
2025-10-22,2233,21001,Dealer_Hedging,41316
2025-10-23,2233,164005,Foreign_Investor,293000
2025-10-23,2233,0,Foreign_Dealer_Self,0
2025-10-23,2233,0,Investment_Trust,22000
2025-10-23,2233,0,Dealer_self,71022
2025-10-23,2233,4000,Dealer_Hedging,43131
2025-10-27,2233,196000,Foreign_Investor,230939
2025-10-27,2233,0,Foreign_Dealer_Self,0
2025-10-27,2233,0,Investment_Trust,22000
2025-10-27,2233,7243,Dealer_self,27965
2025-10-27,2233,7000,Dealer_Hedging,3150
2025-10-28,2233,364000,Foreign_Investor,233000
2025-10-28,2233,0,Foreign_Dealer_Self,0
2025-10-28,2233,9125,Dealer_self,3048
2025-10-28,2233,13209,Dealer_Hedging,42893
2025-10-28,2233,0,Investment_Trust,221000
2025-10-29,2233,38000,Foreign_Investor,164000
2025-10-29,2233,0,Foreign_Dealer_Self,0
2025-10-29,2233,0,Investment_Trust,0
2025-10-29,2233,21000,Dealer_self,672
2025-10-29,2233,1000,Dealer_Hedging,5321
2025-10-30,2233,434000,Foreign_Investor,591000
2025-10-30,2233,0,Foreign_Dealer_Self,0
2025-10-30,2233,2000,Dealer_self,55434
2025-10-30,2233,0,Dealer_Hedging,24812
2025-10-30,2233,0,Investment_Trust,123000
2025-10-31,2233,362000,Foreign_Investor,362000
2025-10-31,2233,0,Foreign_Dealer_Self,0
2025-10-31,2233,45000,Dealer_self,3123
2025-10-31,2233,42567,Dealer_Hedging,13285
2025-10-31,2233,0,Investment_Trust,75000
2025-11-03,2233,253000,Foreign_Investor,325030
2025-11-03,2233,0,Foreign_Dealer_Self,0
2025-11-03,2233,6000,Dealer_self,1000
2025-11-03,2233,6165,Dealer_Hedging,16840
2025-11-03,2233,0,Investment_Trust,56000
2025-11-04,2233,358000,Foreign_Investor,353000
2025-11-04,2233,0,Foreign_Dealer_Self,0
2025-11-04,2233,1000,Dealer_self,1000
2025-11-04,2233,58499,Dealer_Hedging,20212
2025-11-04,2233,0,Investment_Trust,73000
2025-11-05,2233,298000,Foreign_Investor,297000
2025-11-05,2233,0,Foreign_Dealer_Self,0
2025-11-05,2233,2000,Dealer_self,31339
2025-11-05,2233,4677,Dealer_Hedging,28263
2025-11-05,2233,0,Investment_Trust,54000
2025-11-06,2233,489000,Foreign_Investor,448000
2025-11-06,2233,0,Foreign_Dealer_Self,0
2025-11-06,2233,12000,Dealer_self,276
2025-11-06,2233,15000,Dealer_Hedging,23110
2025-11-06,2233,0,Investment_Trust,46000
2025-11-07,2233,144000,Foreign_Investor,202000
2025-11-07,2233,0,Foreign_Dealer_Self,0
2025-11-07,2233,4000,Investment_Trust,0
2025-11-07,2233,0,Dealer_self,0
2025-11-07,2233,5270,Dealer_Hedging,7023
2025-11-10,2233,121100,Foreign_Investor,163000
2025-11-10,2233,0,Foreign_Dealer_Self,0
2025-11-10,2233,0,Investment_Trust,0
2025-11-10,2233,9000,Dealer_self,0
2025-11-10,2233,3673,Dealer_Hedging,21071
2025-11-11,2233,83000,Foreign_Investor,278000
2025-11-11,2233,0,Foreign_Dealer_Self,0
2025-11-11,2233,0,Investment_Trust,0
2025-11-11,2233,0,Dealer_self,471
2025-11-11,2233,1000,Dealer_Hedging,12952
2025-11-12,2233,413000,Foreign_Investor,297000
2025-11-12,2233,0,Foreign_Dealer_Self,0
2025-11-12,2233,4000,Investment_Trust,0
2025-11-12,2233,1256,Dealer_self,1000
2025-11-12,2233,46912,Dealer_Hedging,6524
2025-11-13,2233,327000,Foreign_Investor,224000
2025-11-13,2233,0,Foreign_Dealer_Self,0
2025-11-13,2233,0,Investment_Trust,0
2025-11-13,2233,1255,Dealer_self,4000
2025-11-13,2233,30381,Dealer_Hedging,27311
2025-11-14,2233,160000,Foreign_Investor,905000
2025-11-14,2233,0,Foreign_Dealer_Self,0
2025-11-14,2233,0,Investment_Trust,0
2025-11-14,2233,4000,Dealer_self,3696
2025-11-14,2233,1000,Dealer_Hedging,53841
2025-11-17,2233,121048,Foreign_Investor,582000
2025-11-17,2233,0,Foreign_Dealer_Self,0
2025-11-17,2233,0,Investment_Trust,0
2025-11-17,2233,16000,Dealer_self,6964
2025-11-17,2233,5000,Dealer_Hedging,24801
2025-11-18,2233,370000,Foreign_Investor,260000
2025-11-18,2233,0,Foreign_Dealer_Self,0
2025-11-18,2233,0,Investment_Trust,0
2025-11-18,2233,14000,Dealer_self,56661
2025-11-18,2233,5000,Dealer_Hedging,44890
2025-11-19,2233,291000,Foreign_Investor,170000
2025-11-19,2233,0,Foreign_Dealer_Self,0
2025-11-19,2233,0,Investment_Trust,0
2025-11-19,2233,3000,Dealer_self,1456
2025-11-19,2233,36022,Dealer_Hedging,759
2025-11-20,2233,158000,Foreign_Investor,285000
2025-11-20,2233,0,Foreign_Dealer_Self,0
2025-11-20,2233,0,Investment_Trust,0
2025-11-20,2233,9000,Dealer_self,256
2025-11-20,2233,18626,Dealer_Hedging,17074
2025-11-21,2233,329187,Foreign_Investor,256000
2025-11-21,2233,0,Foreign_Dealer_Self,0
2025-11-21,2233,0,Investment_Trust,0
2025-11-21,2233,3000,Dealer_self,1009
2025-11-21,2233,3000,Dealer_Hedging,20199
2025-11-24,2233,104100,Foreign_Investor,67000
2025-11-24,2233,0,Foreign_Dealer_Self,0
2025-11-24,2233,0,Investment_Trust,0
2025-11-24,2233,2000,Dealer_self,154
2025-11-24,2233,1190,Dealer_Hedging,8058
2025-11-25,2233,98000,Foreign_Investor,105000
2025-11-25,2233,0,Foreign_Dealer_Self,0
2025-11-25,2233,0,Investment_Trust,0
2025-11-25,2233,55,Dealer_self,0
2025-11-25,2233,15114,Dealer_Hedging,2200
2025-11-26,2233,165000,Foreign_Investor,112000
2025-11-26,2233,0,Foreign_Dealer_Self,0
2025-11-26,2233,0,Investment_Trust,0
2025-11-26,2233,13000,Dealer_self,0
2025-11-26,2233,10178,Dealer_Hedging,4634
2025-11-27,2233,74000,Foreign_Investor,75000
2025-11-27,2233,0,Foreign_Dealer_Self,0
2025-11-27,2233,0,Investment_Trust,0
2025-11-27,2233,0,Dealer_self,21000
2025-11-27,2233,413,Dealer_Hedging,8131
2025-11-28,2233,64000,Foreign_Investor,72000
2025-11-28,2233,0,Foreign_Dealer_Self,0
2025-11-28,2233,0,Investment_Trust,0
2025-11-28,2233,4000,Dealer_self,0
2025-11-28,2233,1,Dealer_Hedging,5141
2025-12-01,2233,38000,Foreign_Investor,81000
2025-12-01,2233,0,Foreign_Dealer_Self,0
2025-12-01,2233,0,Investment_Trust,0
2025-12-01,2233,0,Dealer_self,21000
2025-12-01,2233,1000,Dealer_Hedging,5232
2025-12-02,2233,12000,Foreign_Investor,95000
2025-12-02,2233,0,Foreign_Dealer_Self,0
2025-12-02,2233,0,Investment_Trust,0
2025-12-02,2233,0,Dealer_self,10000
2025-12-02,2233,0,Dealer_Hedging,5137
2025-12-03,2233,30000,Foreign_Investor,36000
2025-12-03,2233,0,Foreign_Dealer_Self,0
2025-12-03,2233,0,Investment_Trust,0
2025-12-03,2233,1000,Dealer_self,153
2025-12-03,2233,1000,Dealer_Hedging,1602
2025-12-04,2233,126000,Foreign_Investor,380000
2025-12-04,2233,0,Foreign_Dealer_Self,0
2025-12-04,2233,0,Investment_Trust,0
2025-12-04,2233,4000,Dealer_self,3682
2025-12-04,2233,25770,Dealer_Hedging,8682
2025-12-05,2233,458000,Foreign_Investor,791000
2025-12-05,2233,0,Foreign_Dealer_Self,0
2025-12-05,2233,0,Investment_Trust,0
2025-12-05,2233,2000,Dealer_self,2369
2025-12-05,2233,15572,Dealer_Hedging,21473
2025-12-08,2233,91000,Foreign_Investor,80000
2025-12-08,2233,0,Foreign_Dealer_Self,0
2025-12-08,2233,0,Investment_Trust,0
2025-12-08,2233,1000,Dealer_self,0
2025-12-08,2233,3365,Dealer_Hedging,6100
2025-12-09,2233,27000,Foreign_Investor,131000
2025-12-09,2233,0,Foreign_Dealer_Self,0
2025-12-09,2233,0,Investment_Trust,0
2025-12-09,2233,1000,Dealer_self,1000
2025-12-09,2233,3011,Dealer_Hedging,7861
2025-12-10,2233,38000,Foreign_Investor,109000
2025-12-10,2233,0,Foreign_Dealer_Self,0
2025-12-10,2233,0,Investment_Trust,0
2025-12-10,2233,0,Dealer_self,1736
2025-12-10,2233,5606,Dealer_Hedging,6642
2025-12-11,2233,40000,Foreign_Investor,90000
2025-12-11,2233,0,Foreign_Dealer_Self,0
2025-12-11,2233,0,Investment_Trust,0
2025-12-11,2233,6000,Dealer_self,4354
2025-12-11,2233,2005,Dealer_Hedging,6702
2025-12-12,2233,55000,Foreign_Investor,140000
2025-12-12,2233,0,Foreign_Dealer_Self,0
2025-12-12,2233,0,Investment_Trust,0
2025-12-12,2233,4000,Dealer_self,4221
2025-12-12,2233,1924,Dealer_Hedging,2030
2025-12-15,2233,41000,Foreign_Investor,77000
2025-12-15,2233,0,Foreign_Dealer_Self,0
2025-12-15,2233,0,Investment_Trust,0
2025-12-15,2233,1000,Dealer_self,1670
2025-12-15,2233,2000,Dealer_Hedging,4283
2025-12-16,2233,81005,Foreign_Investor,188000
2025-12-16,2233,0,Foreign_Dealer_Self,0
2025-12-16,2233,0,Investment_Trust,0
2025-12-16,2233,5000,Dealer_self,4737
2025-12-16,2233,2000,Dealer_Hedging,13817
2025-12-17,2233,71000,Foreign_Investor,78030
2025-12-17,2233,0,Foreign_Dealer_Self,0
2025-12-17,2233,0,Investment_Trust,0
2025-12-17,2233,1000,Dealer_self,1172
2025-12-17,2233,6031,Dealer_Hedging,2000
2025-12-18,2233,79000,Foreign_Investor,206000
2025-12-18,2233,0,Foreign_Dealer_Self,0
2025-12-18,2233,0,Investment_Trust,0
2025-12-18,2233,3000,Dealer_self,99
2025-12-18,2233,1000,Dealer_Hedging,10191
2025-12-19,2233,106000,Foreign_Investor,44000
2025-12-19,2233,0,Foreign_Dealer_Self,0
2025-12-19,2233,0,Investment_Trust,8000
2025-12-19,2233,0,Dealer_self,0
2025-12-19,2233,0,Dealer_Hedging,4003
2025-12-22,2233,107000,Foreign_Investor,45000
2025-12-22,2233,0,Foreign_Dealer_Self,0
2025-12-22,2233,0,Investment_Trust,0
2025-12-22,2233,174,Dealer_self,0
2025-12-22,2233,4000,Dealer_Hedging,100
2025-12-23,2233,247000,Foreign_Investor,81000
2025-12-23,2233,0,Foreign_Dealer_Self,0
2025-12-23,2233,0,Investment_Trust,0
2025-12-23,2233,0,Dealer_self,0
2025-12-23,2233,11916,Dealer_Hedging,3000
2025-12-24,2233,326000,Foreign_Investor,49000
2025-12-24,2233,0,Foreign_Dealer_Self,0
2025-12-24,2233,0,Investment_Trust,0
2025-12-24,2233,45,Dealer_self,0
2025-12-24,2233,33031,Dealer_Hedging,12842
2025-12-26,2233,629000,Foreign_Investor,101200
2025-12-26,2233,0,Foreign_Dealer_Self,0
2025-12-26,2233,0,Investment_Trust,0
2025-12-26,2233,18,Dealer_self,0
2025-12-26,2233,14150,Dealer_Hedging,17584
2025-12-29,2233,687000,Foreign_Investor,296000
2025-12-29,2233,0,Foreign_Dealer_Self,0
2025-12-29,2233,0,Investment_Trust,0
2025-12-29,2233,15284,Dealer_self,0
2025-12-29,2233,98461,Dealer_Hedging,15084
2025-12-30,2233,158000,Foreign_Investor,186000
2025-12-30,2233,0,Foreign_Dealer_Self,0
2025-12-30,2233,0,Investment_Trust,0
2025-12-30,2233,16,Dealer_self,0
2025-12-30,2233,7809,Dealer_Hedging,63574
2025-12-31,2233,252000,Foreign_Investor,126000
2025-12-31,2233,0,Foreign_Dealer_Self,0
2025-12-31,2233,0,Investment_Trust,1000
2025-12-31,2233,55,Dealer_self,0
2025-12-31,2233,1000,Dealer_Hedging,12000
2026-01-02,2233,521000,Foreign_Investor,290000
2026-01-02,2233,0,Foreign_Dealer_Self,0
2026-01-02,2233,50000,Investment_Trust,0
2026-01-02,2233,4077,Dealer_self,5000
2026-01-02,2233,34408,Dealer_Hedging,9000
2026-01-05,2233,500000,Foreign_Investor,241000
2026-01-05,2233,0,Foreign_Dealer_Self,0
2026-01-05,2233,0,Investment_Trust,0
2026-01-05,2233,1177,Dealer_self,1000
2026-01-05,2233,8044,Dealer_Hedging,30174
2026-01-06,2233,391000,Foreign_Investor,388000
2026-01-06,2233,0,Foreign_Dealer_Self,0
2026-01-06,2233,0,Investment_Trust,0
2026-01-06,2233,1000,Dealer_self,3000
2026-01-06,2233,4366,Dealer_Hedging,8002
2026-01-07,2233,224000,Foreign_Investor,241000
2026-01-07,2233,0,Foreign_Dealer_Self,0
2026-01-07,2233,0,Investment_Trust,0
2026-01-07,2233,0,Dealer_self,15000
2026-01-07,2233,2000,Dealer_Hedging,8702
2026-01-08,2233,227000,Foreign_Investor,331000
2026-01-08,2233,0,Foreign_Dealer_Self,0
2026-01-08,2233,0,Investment_Trust,0
2026-01-08,2233,61,Dealer_self,0
2026-01-08,2233,1000,Dealer_Hedging,1000
2026-01-09,2233,196200,Foreign_Investor,214000
2026-01-09,2233,0,Foreign_Dealer_Self,0
2026-01-09,2233,0,Investment_Trust,0
2026-01-09,2233,0,Dealer_self,1000
2026-01-09,2233,2515,Dealer_Hedging,2023
2026-01-12,2233,738000,Foreign_Investor,516000
2026-01-12,2233,0,Foreign_Dealer_Self,0
2026-01-12,2233,75000,Investment_Trust,0
2026-01-12,2233,11165,Dealer_self,0
2026-01-12,2233,17519,Dealer_Hedging,5037
2026-01-13,2233,1356000,Foreign_Investor,701210
2026-01-13,2233,0,Foreign_Dealer_Self,0
2026-01-13,2233,174000,Investment_Trust,0
2026-01-13,2233,27364,Dealer_self,6000
2026-01-13,2233,90578,Dealer_Hedging,10016
2026-01-14,2233,641000,Foreign_Investor,1008000
2026-01-14,2233,0,Foreign_Dealer_Self,0
2026-01-14,2233,14000,Investment_Trust,0
2026-01-14,2233,7227,Dealer_self,27000
2026-01-14,2233,64840,Dealer_Hedging,30353
2026-01-15,2233,876000,Foreign_Investor,1049000
2026-01-15,2233,0,Foreign_Dealer_Self,0
2026-01-15,2233,35000,Investment_Trust,0
2026-01-15,2233,1122,Dealer_self,4000
2026-01-15,2233,91328,Dealer_Hedging,18127
2026-01-16,2233,265100,Foreign_Investor,392000
2026-01-16,2233,0,Foreign_Dealer_Self,0
2026-01-16,2233,4000,Investment_Trust,0
2026-01-16,2233,0,Dealer_self,6109
2026-01-16,2233,125549,Dealer_Hedging,59537
2026-01-19,2233,484000,Foreign_Investor,430000
2026-01-19,2233,0,Foreign_Dealer_Self,0
2026-01-19,2233,33000,Investment_Trust,21000
2026-01-19,2233,32000,Dealer_self,1529
2026-01-19,2233,45366,Dealer_Hedging,27880
2026-01-20,2233,197000,Foreign_Investor,325000
2026-01-20,2233,0,Foreign_Dealer_Self,0
2026-01-20,2233,33000,Investment_Trust,0
2026-01-20,2233,0,Dealer_self,2447
2026-01-20,2233,144216,Dealer_Hedging,5400
2026-01-21,2233,279000,Foreign_Investor,284000
2026-01-21,2233,0,Foreign_Dealer_Self,0
2026-01-21,2233,31000,Investment_Trust,0
2026-01-21,2233,1000,Dealer_self,3146
2026-01-21,2233,33144,Dealer_Hedging,137997
2026-01-22,2233,523123,Foreign_Investor,866000
2026-01-22,2233,0,Foreign_Dealer_Self,0
2026-01-22,2233,108000,Investment_Trust,0
2026-01-22,2233,20000,Dealer_self,3095
2026-01-22,2233,123361,Dealer_Hedging,22474
2026-01-23,2233,342200,Foreign_Investor,788000
2026-01-23,2233,0,Foreign_Dealer_Self,0
2026-01-23,2233,30000,Investment_Trust,0
2026-01-23,2233,50000,Dealer_self,14102
2026-01-23,2233,9766,Dealer_Hedging,89471
2026-01-26,2233,605400,Foreign_Investor,710200
2026-01-26,2233,0,Foreign_Dealer_Self,0
2026-01-26,2233,0,Investment_Trust,1000
2026-01-26,2233,14000,Dealer_self,13359
2026-01-26,2233,63941,Dealer_Hedging,127059
2026-01-27,2233,277100,Foreign_Investor,429000
2026-01-27,2233,0,Foreign_Dealer_Self,0
2026-01-27,2233,1000,Investment_Trust,0
2026-01-27,2233,9000,Dealer_self,43121
2026-01-27,2233,5000,Dealer_Hedging,58384
2026-01-28,2233,426000,Foreign_Investor,341100
2026-01-28,2233,0,Foreign_Dealer_Self,0
2026-01-28,2233,1000,Investment_Trust,100000
2026-01-28,2233,5000,Dealer_self,9328
2026-01-28,2233,95154,Dealer_Hedging,62354
2026-01-29,2233,1917500,Foreign_Investor,1140000
2026-01-29,2233,0,Foreign_Dealer_Self,0
2026-01-29,2233,0,Investment_Trust,2000
2026-01-29,2233,137598,Dealer_self,33192
2026-01-29,2233,139577,Dealer_Hedging,123667
2026-01-30,2233,2395050,Foreign_Investor,3145000
2026-01-30,2233,0,Foreign_Dealer_Self,0
2026-01-30,2233,0,Investment_Trust,2000
2026-01-30,2233,66000,Dealer_self,131502
2026-01-30,2233,266780,Dealer_Hedging,86050
2026-02-02,2233,2098025,Foreign_Investor,2240500
2026-02-02,2233,0,Foreign_Dealer_Self,0
2026-02-02,2233,0,Investment_Trust,50000
2026-02-02,2233,101000,Dealer_self,39990
2026-02-02,2233,140207,Dealer_Hedging,95572
2026-02-03,2233,3191000,Foreign_Investor,2022000
2026-02-03,2233,0,Foreign_Dealer_Self,0
2026-02-03,2233,100000,Investment_Trust,0
2026-02-03,2233,33256,Dealer_self,100621
2026-02-03,2233,60551,Dealer_Hedging,290054
2026-02-04,2233,1105000,Foreign_Investor,2113000
2026-02-04,2233,0,Foreign_Dealer_Self,0
2026-02-04,2233,0,Investment_Trust,59000
2026-02-04,2233,52000,Dealer_self,33741
2026-02-04,2233,23942,Dealer_Hedging,114334
2026-02-05,2233,1406000,Foreign_Investor,1147000
2026-02-05,2233,0,Foreign_Dealer_Self,0
2026-02-05,2233,0,Investment_Trust,0
2026-02-05,2233,19000,Dealer_self,88006
2026-02-05,2233,31303,Dealer_Hedging,114647
2026-02-06,2233,542000,Foreign_Investor,657516
2026-02-06,2233,0,Foreign_Dealer_Self,0
2026-02-06,2233,5000,Investment_Trust,0
2026-02-06,2233,487,Dealer_self,41000
2026-02-06,2233,2996,Dealer_Hedging,33415
2026-02-09,2233,337000,Foreign_Investor,476200
2026-02-09,2233,0,Foreign_Dealer_Self,0
2026-02-09,2233,0,Investment_Trust,0
2026-02-09,2233,10000,Dealer_self,946
2026-02-09,2233,6937,Dealer_Hedging,9880
2026-02-10,2233,193000,Foreign_Investor,341000
2026-02-10,2233,0,Foreign_Dealer_Self,0
2026-02-10,2233,0,Investment_Trust,0
2026-02-10,2233,6031,Dealer_self,5565
2026-02-10,2233,10059,Dealer_Hedging,26417
2026-02-11,2233,165111,Foreign_Investor,253000
2026-02-11,2233,0,Foreign_Dealer_Self,0
2026-02-11,2233,0,Investment_Trust,0
2026-02-11,2233,13000,Dealer_self,6203
2026-02-11,2233,6000,Dealer_Hedging,8606
2026-02-23,2233,507005,Foreign_Investor,558000
2026-02-23,2233,0,Foreign_Dealer_Self,0
2026-02-23,2233,0,Investment_Trust,0
2026-02-23,2233,22747,Dealer_self,12681
2026-02-23,2233,59547,Dealer_Hedging,4074
2026-02-24,2233,220000,Foreign_Investor,294000
2026-02-24,2233,0,Foreign_Dealer_Self,0
2026-02-24,2233,0,Investment_Trust,3000
2026-02-24,2233,3220,Dealer_self,163
2026-02-24,2233,7262,Dealer_Hedging,22372
2026-02-25,2233,161000,Foreign_Investor,262000
2026-02-25,2233,0,Foreign_Dealer_Self,0
2026-02-25,2233,0,Investment_Trust,1000
2026-02-25,2233,4000,Dealer_self,5682
2026-02-25,2233,4850,Dealer_Hedging,23875
2026-02-26,2233,229326,Foreign_Investor,308000
2026-02-26,2233,0,Foreign_Dealer_Self,0
2026-02-26,2233,0,Investment_Trust,0
2026-02-26,2233,6000,Dealer_self,5128
2026-02-26,2233,4290,Dealer_Hedging,3046
2026-03-02,2233,416015,Foreign_Investor,255015
2026-03-02,2233,0,Foreign_Dealer_Self,0
2026-03-02,2233,0,Investment_Trust,1000
2026-03-02,2233,1000,Dealer_self,2128
2026-03-02,2233,36505,Dealer_Hedging,2508
2026-03-03,2233,264000,Foreign_Investor,334200
2026-03-03,2233,0,Foreign_Dealer_Self,0
2026-03-03,2233,0,Investment_Trust,1000
2026-03-03,2233,1101,Dealer_self,1019
2026-03-03,2233,3076,Dealer_Hedging,19333
2026-03-04,2233,299010,Foreign_Investor,418000
2026-03-04,2233,0,Foreign_Dealer_Self,0
2026-03-04,2233,0,Investment_Trust,1000
2026-03-04,2233,2259,Dealer_self,17616
2026-03-04,2233,4001,Dealer_Hedging,25430
2026-03-05,2233,316005,Foreign_Investor,291000
2026-03-05,2233,0,Foreign_Dealer_Self,0
2026-03-05,2233,0,Investment_Trust,5000
2026-03-05,2233,11000,Dealer_self,13016
2026-03-05,2233,2000,Dealer_Hedging,890
2026-03-06,2233,175000,Foreign_Investor,190000
2026-03-06,2233,0,Foreign_Dealer_Self,0
2026-03-06,2233,0,Investment_Trust,2000
2026-03-06,2233,2000,Dealer_self,3963
2026-03-06,2233,17872,Dealer_Hedging,4000
2026-03-09,2233,278060,Foreign_Investor,386000
2026-03-09,2233,0,Foreign_Dealer_Self,0
2026-03-09,2233,0,Investment_Trust,0
2026-03-09,2233,6000,Dealer_self,9035
2026-03-09,2233,1000,Dealer_Hedging,29611
2026-03-10,2233,98006,Foreign_Investor,109000
2026-03-10,2233,0,Foreign_Dealer_Self,0
2026-03-10,2233,0,Investment_Trust,1000
2026-03-10,2233,0,Dealer_self,8043
2026-03-10,2233,2238,Dealer_Hedging,3645
2026-03-11,2233,206010,Foreign_Investor,63000
2026-03-11,2233,0,Foreign_Dealer_Self,0
2026-03-11,2233,1000,Investment_Trust,0
2026-03-11,2233,0,Dealer_self,3790
2026-03-11,2233,9996,Dealer_Hedging,2424
2026-03-12,2233,183000,Foreign_Investor,118000
2026-03-12,2233,0,Foreign_Dealer_Self,0
2026-03-12,2233,0,Investment_Trust,2000
2026-03-12,2233,1000,Dealer_self,4000
2026-03-12,2233,9157,Dealer_Hedging,3219
2026-03-13,2233,112000,Foreign_Investor,109796
2026-03-13,2233,0,Foreign_Dealer_Self,0
2026-03-13,2233,0,Investment_Trust,0
2026-03-13,2233,12000,Dealer_self,3000
2026-03-13,2233,2224,Dealer_Hedging,7820
2026-03-16,2233,179000,Foreign_Investor,139969
2026-03-16,2233,0,Foreign_Dealer_Self,0
2026-03-16,2233,0,Investment_Trust,14000
2026-03-16,2233,1000,Dealer_self,0
2026-03-16,2233,13803,Dealer_Hedging,14658
2026-03-17,2233,497000,Foreign_Investor,342000
2026-03-17,2233,0,Foreign_Dealer_Self,0
2026-03-17,2233,0,Investment_Trust,14000
2026-03-17,2233,1021,Dealer_self,1
2026-03-17,2233,26098,Dealer_Hedging,2996
2026-03-18,2233,432030,Foreign_Investor,331000
2026-03-18,2233,0,Foreign_Dealer_Self,0
2026-03-18,2233,0,Investment_Trust,0
2026-03-18,2233,4000,Dealer_self,0
2026-03-18,2233,49945,Dealer_Hedging,23655
2026-03-19,2233,193000,Foreign_Investor,227306
2026-03-19,2233,0,Foreign_Dealer_Self,0
2026-03-19,2233,0,Investment_Trust,2000
2026-03-19,2233,0,Dealer_self,881
2026-03-19,2233,4793,Dealer_Hedging,32260
2026-03-20,2233,401000,Foreign_Investor,222055
2026-03-20,2233,0,Foreign_Dealer_Self,0
2026-03-20,2233,0,Investment_Trust,0
2026-03-20,2233,0,Dealer_self,1000
2026-03-20,2233,57608,Dealer_Hedging,11446
2026-03-23,2233,168000,Foreign_Investor,180000
2026-03-23,2233,0,Foreign_Dealer_Self,0
2026-03-23,2233,0,Investment_Trust,0
2026-03-23,2233,1000,Dealer_self,1000
2026-03-23,2233,9666,Dealer_Hedging,43961
2026-03-24,2233,149000,Foreign_Investor,129000
2026-03-24,2233,0,Foreign_Dealer_Self,0
2026-03-24,2233,0,Investment_Trust,0
2026-03-24,2233,0,Dealer_self,1000
2026-03-24,2233,72,Dealer_Hedging,4747
2026-03-25,2233,201000,Foreign_Investor,73000
2026-03-25,2233,0,Foreign_Dealer_Self,0
2026-03-25,2233,0,Investment_Trust,1000
2026-03-25,2233,1000,Dealer_self,0
2026-03-25,2233,15886,Dealer_Hedging,2557
2026-03-26,2233,125280,Foreign_Investor,253000
2026-03-26,2233,0,Foreign_Dealer_Self,0
2026-03-26,2233,0,Investment_Trust,1000
2026-03-26,2233,0,Dealer_self,0
2026-03-26,2233,15205,Dealer_Hedging,16863
2026-03-27,2233,134000,Foreign_Investor,110000
2026-03-27,2233,0,Foreign_Dealer_Self,0
2026-03-27,2233,0,Investment_Trust,0
2026-03-27,2233,4000,Dealer_self,0
2026-03-27,2233,1433,Dealer_Hedging,9473
2026-03-30,2233,109000,Foreign_Investor,187000
2026-03-30,2233,0,Foreign_Dealer_Self,0
2026-03-30,2233,0,Investment_Trust,120000
2026-03-30,2233,0,Dealer_self,1000
2026-03-30,2233,2582,Dealer_Hedging,11926
2026-03-31,2233,155000,Foreign_Investor,114000
2026-03-31,2233,0,Foreign_Dealer_Self,0
2026-03-31,2233,0,Investment_Trust,0
2026-03-31,2233,1000,Dealer_self,0
2026-03-31,2233,400,Dealer_Hedging,27190
2026-04-01,2233,173000,Foreign_Investor,34000
2026-04-01,2233,0,Foreign_Dealer_Self,0
2026-04-01,2233,0,Investment_Trust,1000
2026-04-01,2233,4000,Dealer_self,0
2026-04-01,2233,21089,Dealer_Hedging,3171
2026-04-02,2233,98000,Foreign_Investor,218000
2026-04-02,2233,0,Foreign_Dealer_Self,0
2026-04-02,2233,0,Investment_Trust,1000
2026-04-02,2233,0,Dealer_self,0
2026-04-02,2233,2960,Dealer_Hedging,19110
2026-04-07,2233,75000,Foreign_Investor,126030
2026-04-07,2233,0,Foreign_Dealer_Self,0
2026-04-07,2233,0,Investment_Trust,0
2026-04-07,2233,0,Dealer_self,0
2026-04-07,2233,2859,Dealer_Hedging,8745
2026-04-08,2233,95000,Foreign_Investor,38000
2026-04-08,2233,0,Foreign_Dealer_Self,0
2026-04-08,2233,0,Investment_Trust,0
2026-04-08,2233,3134,Dealer_self,1000
2026-04-08,2233,5995,Dealer_Hedging,314
2026-04-09,2233,97000,Foreign_Investor,443000
2026-04-09,2233,0,Foreign_Dealer_Self,0
2026-04-09,2233,0,Investment_Trust,4000
2026-04-09,2233,1000,Dealer_self,2000
2026-04-09,2233,8938,Dealer_Hedging,21421
2026-04-10,2233,414000,Foreign_Investor,244105
2026-04-10,2233,0,Foreign_Dealer_Self,0
2026-04-10,2233,0,Investment_Trust,0
2026-04-10,2233,4000,Dealer_self,0
2026-04-10,2233,8000,Dealer_Hedging,5024
2026-04-13,2233,618100,Foreign_Investor,267175
2026-04-13,2233,0,Foreign_Dealer_Self,0
2026-04-13,2233,0,Investment_Trust,4000
2026-04-13,2233,1000,Dealer_self,0
2026-04-13,2233,44465,Dealer_Hedging,6396
2026-04-14,2233,470000,Foreign_Investor,347150
2026-04-14,2233,0,Foreign_Dealer_Self,0
2026-04-14,2233,0,Investment_Trust,0
2026-04-14,2233,1256,Dealer_self,0
2026-04-14,2233,57527,Dealer_Hedging,4808
2026-04-15,2233,290000,Foreign_Investor,340000
2026-04-15,2233,0,Foreign_Dealer_Self,0
2026-04-15,2233,0,Investment_Trust,1000
2026-04-15,2233,0,Dealer_self,0
2026-04-15,2233,3078,Dealer_Hedging,44642
2026-04-16,2233,297000,Foreign_Investor,158100
2026-04-16,2233,0,Foreign_Dealer_Self,0
2026-04-16,2233,0,Investment_Trust,2000
2026-04-16,2233,0,Dealer_self,0
2026-04-16,2233,24735,Dealer_Hedging,3445
2026-04-17,2233,66300,Foreign_Investor,140000
2026-04-17,2233,0,Foreign_Dealer_Self,0
2026-04-17,2233,0,Investment_Trust,4000
2026-04-17,2233,1000,Dealer_self,1000
2026-04-17,2233,952,Dealer_Hedging,24137
2026-04-20,2233,659000,Foreign_Investor,357050
2026-04-20,2233,0,Foreign_Dealer_Self,0
2026-04-20,2233,0,Investment_Trust,26000
2026-04-20,2233,2089,Dealer_self,1000
2026-04-20,2233,93039,Dealer_Hedging,7488
2026-04-21,2233,334000,Foreign_Investor,348000
2026-04-21,2233,0,Foreign_Dealer_Self,0
2026-04-21,2233,0,Investment_Trust,25000
2026-04-21,2233,2000,Dealer_self,89
2026-04-21,2233,5343,Dealer_Hedging,25109
2026-04-22,2233,825020,Foreign_Investor,539000
2026-04-22,2233,0,Foreign_Dealer_Self,0
2026-04-22,2233,0,Investment_Trust,23000
2026-04-22,2233,301,Dealer_self,0
2026-04-22,2233,138702,Dealer_Hedging,19948
2026-04-23,2233,783000,Foreign_Investor,865020
2026-04-23,2233,0,Foreign_Dealer_Self,0
2026-04-23,2233,0,Investment_Trust,22000
2026-04-23,2233,1292,Dealer_self,5026
2026-04-23,2233,11918,Dealer_Hedging,149980
2026-04-24,2233,333318,Foreign_Investor,311000
2026-04-24,2233,0,Foreign_Dealer_Self,0
2026-04-24,2233,0,Investment_Trust,19000
2026-04-24,2233,0,Dealer_self,0
2026-04-24,2233,27158,Dealer_Hedging,35228
2026-04-27,2233,424000,Foreign_Investor,290000
2026-04-27,2233,0,Foreign_Dealer_Self,0
2026-04-27,2233,0,Investment_Trust,0
2026-04-27,2233,0,Dealer_self,1000
2026-04-27,2233,9334,Dealer_Hedging,15263
2026-04-28,2233,209000,Foreign_Investor,282000
2026-04-28,2233,0,Foreign_Dealer_Self,0
2026-04-28,2233,0,Investment_Trust,0
2026-04-28,2233,0,Dealer_self,0
2026-04-28,2233,32316,Dealer_Hedging,2456
2026-04-29,2233,1151000,Foreign_Investor,588001
2026-04-29,2233,0,Foreign_Dealer_Self,0
2026-04-29,2233,0,Investment_Trust,0
2026-04-29,2233,3311,Dealer_self,0
2026-04-29,2233,152430,Dealer_Hedging,11102
2026-04-30,2233,2466501,Foreign_Investor,1025007
2026-04-30,2233,0,Foreign_Dealer_Self,0
2026-04-30,2233,0,Investment_Trust,0
2026-04-30,2233,56659,Dealer_self,1000
2026-04-30,2233,171316,Dealer_Hedging,31198
2026-05-04,2233,1621000,Foreign_Investor,2140000
2026-05-04,2233,0,Foreign_Dealer_Self,0
2026-05-04,2233,0,Investment_Trust,0
2026-05-04,2233,7000,Dealer_self,39040
2026-05-04,2233,74655,Dealer_Hedging,91004
2026-05-05,2233,989326,Foreign_Investor,464000
2026-05-05,2233,0,Foreign_Dealer_Self,0
2026-05-05,2233,0,Investment_Trust,0
2026-05-05,2233,1750,Dealer_self,2000
2026-05-05,2233,32958,Dealer_Hedging,62684
2026-05-06,2233,1123614,Foreign_Investor,1042012
2026-05-06,2233,0,Foreign_Dealer_Self,0
2026-05-06,2233,0,Investment_Trust,0
2026-05-06,2233,19045,Dealer_self,5149
2026-05-06,2233,54618,Dealer_Hedging,70277
2026-05-07,2233,244000,Foreign_Investor,196000
2026-05-07,2233,0,Foreign_Dealer_Self,0
2026-05-07,2233,0,Investment_Trust,180000
2026-05-07,2233,1000,Dealer_self,24000
2026-05-07,2233,27000,Dealer_Hedging,46198
2026-05-08,2233,103400,Foreign_Investor,186000
2026-05-08,2233,0,Foreign_Dealer_Self,0
2026-05-08,2233,0,Investment_Trust,0
2026-05-08,2233,1000,Dealer_self,1750
2026-05-08,2233,5348,Dealer_Hedging,49644
2026-05-11,2233,78600,Foreign_Investor,92114
2026-05-11,2233,0,Foreign_Dealer_Self,0
2026-05-11,2233,0,Investment_Trust,0
2026-05-11,2233,0,Dealer_self,0
2026-05-11,2233,40828,Dealer_Hedging,4000
2026-05-12,2233,85000,Foreign_Investor,92000
2026-05-12,2233,0,Foreign_Dealer_Self,0
2026-05-12,2233,0,Investment_Trust,0
2026-05-12,2233,2000,Dealer_self,13000
2026-05-12,2233,2000,Dealer_Hedging,5546
2026-05-13,2233,58000,Foreign_Investor,150000
2026-05-13,2233,0,Foreign_Dealer_Self,0
2026-05-13,2233,0,Investment_Trust,0
2026-05-13,2233,0,Dealer_self,3000
2026-05-13,2233,0,Dealer_Hedging,41954
2026-05-14,2233,38000,Foreign_Investor,35200
2026-05-14,2233,0,Foreign_Dealer_Self,0
2026-05-14,2233,0,Investment_Trust,0
2026-05-14,2233,0,Dealer_self,10000
2026-05-14,2233,9000,Dealer_Hedging,25416
2026-05-15,2233,118000,Foreign_Investor,75000
2026-05-15,2233,0,Foreign_Dealer_Self,0
2026-05-15,2233,0,Investment_Trust,0
2026-05-15,2233,2000,Dealer_self,0
2026-05-15,2233,10028,Dealer_Hedging,5767
2026-05-18,2233,56000,Foreign_Investor,61000
2026-05-18,2233,0,Foreign_Dealer_Self,0
2026-05-18,2233,0,Investment_Trust,0
2026-05-18,2233,30300,Dealer_self,0
2026-05-18,2233,106754,Dealer_Hedging,5000
