date,stock_id,buy,name,sell
2024-05-27,2327,1323087,Foreign_Investor,826600
2024-05-27,2327,0,Foreign_Dealer_Self,0
2024-05-27,2327,177000,Investment_Trust,5506
2024-05-27,2327,56114,Dealer_self,46015
2024-05-27,2327,327164,Dealer_Hedging,106666
2024-05-28,2327,1178000,Foreign_Investor,632122
2024-05-28,2327,0,Foreign_Dealer_Self,0
2024-05-28,2327,12000,Investment_Trust,1506
2024-05-28,2327,10600,Dealer_self,22000
2024-05-28,2327,62656,Dealer_Hedging,186819
2024-05-29,2327,811204,Foreign_Investor,776000
2024-05-29,2327,0,Foreign_Dealer_Self,0
2024-05-29,2327,30000,Investment_Trust,1402
2024-05-29,2327,21000,Dealer_self,36000
2024-05-29,2327,32313,Dealer_Hedging,88768
2024-05-30,2327,632700,Foreign_Investor,1061220
2024-05-30,2327,0,Foreign_Dealer_Self,0
2024-05-30,2327,39000,Investment_Trust,0
2024-05-30,2327,9088,Dealer_self,10629
2024-05-30,2327,26599,Dealer_Hedging,93800
2024-05-31,2327,0,Foreign_Dealer_Self,0
2024-05-31,2327,18000,Investment_Trust,0
2024-05-31,2327,145736,Dealer_self,37091
2024-05-31,2327,197045,Dealer_Hedging,111579
2024-05-31,2327,2888339,Foreign_Investor,2688789
2024-06-03,2327,1139108,Foreign_Investor,501485
2024-06-03,2327,0,Foreign_Dealer_Self,0
2024-06-03,2327,5000,Investment_Trust,10000
2024-06-03,2327,21290,Dealer_self,39092
2024-06-03,2327,111585,Dealer_Hedging,62763
2024-06-04,2327,741140,Foreign_Investor,765000
2024-06-04,2327,0,Foreign_Dealer_Self,0
2024-06-04,2327,123000,Investment_Trust,1000
2024-06-04,2327,3400,Dealer_self,34000
2024-06-04,2327,22073,Dealer_Hedging,90921
2024-06-05,2327,0,Foreign_Dealer_Self,0
2024-06-05,2327,238000,Investment_Trust,44000
2024-06-05,2327,22921,Dealer_self,38000
2024-06-05,2327,47577,Dealer_Hedging,33087
2024-06-05,2327,1111454,Foreign_Investor,1029331
2024-06-06,2327,606598,Foreign_Investor,291824
2024-06-06,2327,0,Foreign_Dealer_Self,0
2024-06-06,2327,153000,Investment_Trust,5517
2024-06-06,2327,21000,Dealer_self,37000
2024-06-06,2327,12051,Dealer_Hedging,43455
2024-06-07,2327,1447244,Foreign_Investor,811968
2024-06-07,2327,0,Foreign_Dealer_Self,0
2024-06-07,2327,156000,Investment_Trust,2000
2024-06-07,2327,41400,Dealer_self,34000
2024-06-07,2327,67687,Dealer_Hedging,47000
2024-06-11,2327,275268,Foreign_Investor,831895
2024-06-11,2327,0,Foreign_Dealer_Self,0
2024-06-11,2327,2000,Investment_Trust,1000
2024-06-11,2327,6008,Dealer_self,183808
2024-06-11,2327,16000,Dealer_Hedging,236727
2024-06-12,2327,761348,Foreign_Investor,565591
2024-06-12,2327,0,Foreign_Dealer_Self,0
2024-06-12,2327,2000,Investment_Trust,49000
2024-06-12,2327,17597,Dealer_self,48000
2024-06-12,2327,62000,Dealer_Hedging,40094
2024-06-13,2327,930586,Foreign_Investor,587652
2024-06-13,2327,0,Foreign_Dealer_Self,0
2024-06-13,2327,49000,Investment_Trust,1707
2024-06-13,2327,30786,Dealer_self,30000
2024-06-13,2327,122803,Dealer_Hedging,41000
2024-06-14,2327,0,Foreign_Dealer_Self,0
2024-06-14,2327,99000,Investment_Trust,1000
2024-06-14,2327,81114,Dealer_self,1000
2024-06-14,2327,227021,Dealer_Hedging,151000
2024-06-14,2327,2248592,Foreign_Investor,382785
2024-06-17,2327,730000,Foreign_Investor,583578
2024-06-17,2327,0,Foreign_Dealer_Self,0
2024-06-17,2327,175000,Investment_Trust,44616
2024-06-17,2327,43596,Dealer_self,81300
2024-06-17,2327,130090,Dealer_Hedging,155173
2024-06-18,2327,1205451,Foreign_Investor,592182
2024-06-18,2327,0,Foreign_Dealer_Self,0
2024-06-18,2327,197000,Investment_Trust,0
2024-06-18,2327,52646,Dealer_self,64000
2024-06-18,2327,111683,Dealer_Hedging,99858
2024-06-19,2327,0,Foreign_Dealer_Self,0
2024-06-19,2327,210727,Investment_Trust,0
2024-06-19,2327,35311,Dealer_self,81000
2024-06-19,2327,84368,Dealer_Hedging,190285
2024-06-19,2327,974865,Foreign_Investor,1193140
2024-06-20,2327,391147,Foreign_Investor,457222
2024-06-20,2327,0,Foreign_Dealer_Self,0
2024-06-20,2327,15000,Investment_Trust,0
2024-06-20,2327,89333,Dealer_self,84
2024-06-20,2327,13802,Dealer_Hedging,29560
2024-06-21,2327,0,Foreign_Dealer_Self,0
2024-06-21,2327,284000,Investment_Trust,23000
2024-06-21,2327,117542,Dealer_self,73050
2024-06-21,2327,559594,Dealer_Hedging,288247
2024-06-21,2327,4779181,Foreign_Investor,1907297
2024-06-24,2327,0,Foreign_Dealer_Self,0
2024-06-24,2327,298000,Investment_Trust,1507
2024-06-24,2327,39466,Dealer_self,160202
2024-06-24,2327,94157,Dealer_Hedging,138000
2024-06-24,2327,2137863,Foreign_Investor,2477889
2024-06-25,2327,0,Foreign_Dealer_Self,0
2024-06-25,2327,13000,Investment_Trust,0
2024-06-25,2327,47000,Dealer_self,119200
2024-06-25,2327,44293,Dealer_Hedging,86355
2024-06-25,2327,2493144,Foreign_Investor,2410734
2024-06-26,2327,2064000,Foreign_Investor,1588399
2024-06-26,2327,0,Foreign_Dealer_Self,0
2024-06-26,2327,84000,Investment_Trust,1000
2024-06-26,2327,212291,Dealer_self,40000
2024-06-26,2327,300794,Dealer_Hedging,21000
2024-06-27,2327,2014403,Foreign_Investor,2100000
2024-06-27,2327,0,Foreign_Dealer_Self,0
2024-06-27,2327,5000,Investment_Trust,340000
2024-06-27,2327,44000,Dealer_self,108156
2024-06-27,2327,50024,Dealer_Hedging,154428
2024-06-28,2327,541000,Foreign_Investor,950553
2024-06-28,2327,0,Foreign_Dealer_Self,0
2024-06-28,2327,65000,Investment_Trust,48000
2024-06-28,2327,18000,Dealer_self,45500
2024-06-28,2327,31685,Dealer_Hedging,136894
2024-07-01,2327,0,Foreign_Dealer_Self,0
2024-07-01,2327,15000,Investment_Trust,115000
2024-07-01,2327,25000,Dealer_self,51000
2024-07-01,2327,20719,Dealer_Hedging,332329
2024-07-01,2327,1521234,Foreign_Investor,924779
2024-07-02,2327,0,Foreign_Dealer_Self,0
2024-07-02,2327,143000,Investment_Trust,1000
2024-07-02,2327,41000,Dealer_self,79445
2024-07-02,2327,38552,Dealer_Hedging,87871
2024-07-02,2327,1008086,Foreign_Investor,1117121
2024-07-03,2327,1882425,Foreign_Investor,1139591
2024-07-03,2327,0,Foreign_Dealer_Self,0
2024-07-03,2327,55000,Investment_Trust,10000
2024-07-03,2327,85999,Dealer_self,52847
2024-07-03,2327,87859,Dealer_Hedging,43667
2024-07-04,2327,896565,Foreign_Investor,477084
2024-07-04,2327,0,Foreign_Dealer_Self,0
2024-07-04,2327,259000,Investment_Trust,0
2024-07-04,2327,188992,Dealer_self,3000
2024-07-04,2327,222951,Dealer_Hedging,57000
2024-07-05,2327,396027,Foreign_Investor,491849
2024-07-05,2327,0,Foreign_Dealer_Self,0
2024-07-05,2327,55000,Investment_Trust,0
2024-07-05,2327,49800,Dealer_self,23004
2024-07-05,2327,24688,Dealer_Hedging,109917
2024-07-08,2327,794857,Foreign_Investor,479300
2024-07-08,2327,0,Foreign_Dealer_Self,0
2024-07-08,2327,43000,Investment_Trust,0
2024-07-08,2327,0,Dealer_self,20000
2024-07-08,2327,35230,Dealer_Hedging,111758
2024-07-09,2327,0,Foreign_Dealer_Self,0
2024-07-09,2327,48000,Investment_Trust,0
2024-07-09,2327,42100,Dealer_self,170700
2024-07-09,2327,38671,Dealer_Hedging,28317
2024-07-09,2327,1175310,Foreign_Investor,1236783
2024-07-10,2327,1524000,Foreign_Investor,586000
2024-07-10,2327,0,Foreign_Dealer_Self,0
2024-07-10,2327,289000,Investment_Trust,0
2024-07-10,2327,27000,Dealer_self,18000
2024-07-10,2327,88794,Dealer_Hedging,31626
2024-07-11,2327,3261486,Foreign_Investor,1247559
2024-07-11,2327,0,Foreign_Dealer_Self,0
2024-07-11,2327,151000,Investment_Trust,7000
2024-07-11,2327,199034,Dealer_self,64000
2024-07-11,2327,421344,Dealer_Hedging,323000
2024-07-12,2327,1240102,Foreign_Investor,1553735
2024-07-12,2327,0,Foreign_Dealer_Self,0
2024-07-12,2327,194537,Investment_Trust,2000
2024-07-12,2327,26130,Dealer_self,132963
2024-07-12,2327,40872,Dealer_Hedging,183838
2024-07-15,2327,0,Foreign_Dealer_Self,0
2024-07-15,2327,170512,Investment_Trust,1000
2024-07-15,2327,23208,Dealer_self,41927
2024-07-15,2327,42268,Dealer_Hedging,43242
2024-07-15,2327,779379,Foreign_Investor,1065197
2024-07-16,2327,3148239,Foreign_Investor,1559161
2024-07-16,2327,0,Foreign_Dealer_Self,0
2024-07-16,2327,554000,Investment_Trust,0
2024-07-16,2327,110696,Dealer_self,103367
2024-07-16,2327,272693,Dealer_Hedging,140757
2024-07-17,2327,0,Foreign_Dealer_Self,0
2024-07-17,2327,205025,Investment_Trust,4000
2024-07-17,2327,18000,Dealer_self,30865
2024-07-17,2327,54436,Dealer_Hedging,82138
2024-07-17,2327,850107,Foreign_Investor,1140973
2024-07-18,2327,0,Foreign_Dealer_Self,0
2024-07-18,2327,59568,Investment_Trust,0
2024-07-18,2327,5409,Dealer_self,38199
2024-07-18,2327,46157,Dealer_Hedging,52952
2024-07-18,2327,979874,Foreign_Investor,953637
2024-07-19,2327,0,Foreign_Dealer_Self,0
2024-07-19,2327,55000,Investment_Trust,0
2024-07-19,2327,28000,Dealer_self,30253
2024-07-19,2327,11809,Dealer_Hedging,123732
2024-07-19,2327,1107423,Foreign_Investor,1687983
2024-07-22,2327,0,Foreign_Dealer_Self,0
2024-07-22,2327,71000,Investment_Trust,0
2024-07-22,2327,99890,Dealer_self,49183
2024-07-22,2327,40612,Dealer_Hedging,116486
2024-07-22,2327,1911100,Foreign_Investor,1352786
2024-07-23,2327,1340184,Foreign_Investor,1669563
2024-07-23,2327,0,Foreign_Dealer_Self,0
2024-07-23,2327,47515,Investment_Trust,0
2024-07-23,2327,38002,Dealer_self,16002
2024-07-23,2327,25653,Dealer_Hedging,31788
2024-07-26,2327,2788565,Foreign_Investor,3190139
2024-07-26,2327,0,Foreign_Dealer_Self,0
2024-07-26,2327,46000,Investment_Trust,1000
2024-07-26,2327,43054,Dealer_self,64054
2024-07-26,2327,93000,Dealer_Hedging,121306
2024-07-29,2327,1305937,Foreign_Investor,1161593
2024-07-29,2327,0,Foreign_Dealer_Self,0
2024-07-29,2327,39000,Investment_Trust,270000
2024-07-29,2327,41000,Dealer_self,26000
2024-07-29,2327,31357,Dealer_Hedging,64968
2024-07-30,2327,832200,Foreign_Investor,725000
2024-07-30,2327,0,Foreign_Dealer_Self,0
2024-07-30,2327,28000,Investment_Trust,0
2024-07-30,2327,67000,Dealer_self,22200
2024-07-30,2327,50167,Dealer_Hedging,96550
2024-07-31,2327,3657000,Foreign_Investor,2323334
2024-07-31,2327,0,Foreign_Dealer_Self,0
2024-07-31,2327,90452,Dealer_self,216021
2024-07-31,2327,423457,Dealer_Hedging,128128
2024-07-31,2327,298515,Investment_Trust,27000
2024-08-01,2327,1964372,Foreign_Investor,1177349
2024-08-01,2327,0,Foreign_Dealer_Self,0
2024-08-01,2327,34288,Dealer_self,56000
2024-08-01,2327,8331,Dealer_Hedging,152679
2024-08-01,2327,92544,Investment_Trust,46000
2024-08-02,2327,1882000,Foreign_Investor,1537632
2024-08-02,2327,0,Foreign_Dealer_Self,0
2024-08-02,2327,28030,Investment_Trust,0
2024-08-02,2327,36383,Dealer_self,99223
2024-08-02,2327,43931,Dealer_Hedging,130378
2024-08-05,2327,1396907,Foreign_Investor,1770297
2024-08-05,2327,0,Foreign_Dealer_Self,0
2024-08-05,2327,72060,Investment_Trust,0
2024-08-05,2327,72000,Dealer_self,202972
2024-08-05,2327,53159,Dealer_Hedging,339821
2024-08-06,2327,2189840,Foreign_Investor,2570023
2024-08-06,2327,0,Foreign_Dealer_Self,0
2024-08-06,2327,75545,Investment_Trust,0
2024-08-06,2327,142389,Dealer_self,107486
2024-08-06,2327,137548,Dealer_Hedging,157631
2024-08-07,2327,0,Foreign_Dealer_Self,0
2024-08-07,2327,97000,Investment_Trust,4000
2024-08-07,2327,109648,Dealer_self,28472
2024-08-07,2327,121826,Dealer_Hedging,27790
2024-08-07,2327,949154,Foreign_Investor,1448361
2024-08-08,2327,1107070,Foreign_Investor,1053000
2024-08-08,2327,0,Foreign_Dealer_Self,0
2024-08-08,2327,50000,Investment_Trust,0
2024-08-08,2327,57074,Dealer_self,110000
2024-08-08,2327,44747,Dealer_Hedging,43186
2024-08-09,2327,1472563,Foreign_Investor,1035192
2024-08-09,2327,0,Foreign_Dealer_Self,0
2024-08-09,2327,104000,Investment_Trust,1000
2024-08-09,2327,33043,Dealer_self,81000
2024-08-09,2327,158949,Dealer_Hedging,61042
2024-08-12,2327,474348,Foreign_Investor,438055
2024-08-12,2327,0,Foreign_Dealer_Self,0
2024-08-12,2327,32000,Investment_Trust,1000
2024-08-12,2327,26000,Dealer_self,17000
2024-08-12,2327,25623,Dealer_Hedging,13241
2024-08-13,2327,907264,Foreign_Investor,406550
2024-08-13,2327,0,Foreign_Dealer_Self,0
2024-08-13,2327,11029,Investment_Trust,3000
2024-08-13,2327,6000,Dealer_self,12000
2024-08-13,2327,8325,Dealer_Hedging,21464
2024-08-14,2327,822100,Foreign_Investor,448856
2024-08-14,2327,0,Foreign_Dealer_Self,0
2024-08-14,2327,8000,Investment_Trust,15000
2024-08-14,2327,45150,Dealer_self,58000
2024-08-14,2327,95018,Dealer_Hedging,21382
2024-08-15,2327,403119,Foreign_Investor,2813000
2024-08-15,2327,0,Foreign_Dealer_Self,0
2024-08-15,2327,7000,Investment_Trust,3000
2024-08-15,2327,50000,Dealer_self,166764
2024-08-15,2327,272000,Dealer_Hedging,390872
2024-08-16,2327,853236,Foreign_Investor,1296131
2024-08-16,2327,0,Foreign_Dealer_Self,0
2024-08-16,2327,14490,Investment_Trust,3000
2024-08-16,2327,204000,Dealer_self,105343
2024-08-16,2327,45052,Dealer_Hedging,119174
2024-08-19,2327,595280,Foreign_Investor,996320
2024-08-19,2327,0,Foreign_Dealer_Self,0
2024-08-19,2327,23000,Investment_Trust,16597
2024-08-19,2327,73000,Dealer_self,56370
2024-08-19,2327,24000,Dealer_Hedging,45399
2024-08-20,2327,762045,Foreign_Investor,623815
2024-08-20,2327,0,Foreign_Dealer_Self,0
2024-08-20,2327,41540,Investment_Trust,12000
2024-08-20,2327,122550,Dealer_self,93806
2024-08-20,2327,80494,Dealer_Hedging,23079
2024-08-21,2327,760316,Foreign_Investor,1596000
2024-08-21,2327,0,Foreign_Dealer_Self,0
2024-08-21,2327,52442,Investment_Trust,9000
2024-08-21,2327,159104,Dealer_self,186592
2024-08-21,2327,37627,Dealer_Hedging,211570
2024-08-22,2327,1351000,Foreign_Investor,541713
2024-08-22,2327,0,Foreign_Dealer_Self,0
2024-08-22,2327,2000,Investment_Trust,4000
2024-08-22,2327,27832,Dealer_self,28792
2024-08-22,2327,22484,Dealer_Hedging,22101
2024-08-23,2327,907000,Foreign_Investor,911394
2024-08-23,2327,0,Foreign_Dealer_Self,0
2024-08-23,2327,4000,Investment_Trust,1000
2024-08-23,2327,48000,Dealer_self,36000
2024-08-23,2327,49960,Dealer_Hedging,21438
2024-08-26,2327,1025444,Foreign_Investor,855171
2024-08-26,2327,0,Foreign_Dealer_Self,0
2024-08-26,2327,10000,Investment_Trust,2000
2024-08-26,2327,57140,Dealer_self,60310
2024-08-26,2327,54697,Dealer_Hedging,43876
2024-08-27,2327,574681,Foreign_Investor,1131237
2024-08-27,2327,0,Foreign_Dealer_Self,0
2024-08-27,2327,14000,Investment_Trust,2000
2024-08-27,2327,20000,Dealer_self,19100
2024-08-27,2327,33000,Dealer_Hedging,30465
2024-08-28,2327,814217,Foreign_Investor,1074000
2024-08-28,2327,0,Foreign_Dealer_Self,0
2024-08-28,2327,4000,Investment_Trust,10000
2024-08-28,2327,45000,Dealer_self,48148
2024-08-28,2327,38000,Dealer_Hedging,131490
2024-08-29,2327,708003,Foreign_Investor,452342
2024-08-29,2327,0,Foreign_Dealer_Self,0
2024-08-29,2327,9000,Investment_Trust,8000
2024-08-29,2327,11000,Dealer_self,22151
2024-08-29,2327,37557,Dealer_Hedging,13108
2024-08-30,2327,1110782,Foreign_Investor,886484
2024-08-30,2327,0,Foreign_Dealer_Self,0
2024-08-30,2327,28000,Dealer_self,6000
2024-08-30,2327,7000,Dealer_Hedging,33171
2024-08-30,2327,5000,Investment_Trust,243000
2024-09-02,2327,352047,Foreign_Investor,415929
2024-09-02,2327,0,Foreign_Dealer_Self,0
2024-09-02,2327,1000,Investment_Trust,1500
2024-09-02,2327,6170,Dealer_self,23895
2024-09-02,2327,8358,Dealer_Hedging,8348
2024-09-03,2327,496103,Foreign_Investor,678274
2024-09-03,2327,0,Foreign_Dealer_Self,0
2024-09-03,2327,3000,Investment_Trust,19000
2024-09-03,2327,11300,Dealer_self,24053
2024-09-03,2327,19000,Dealer_Hedging,51665
2024-09-04,2327,1862766,Foreign_Investor,1903572
2024-09-04,2327,0,Foreign_Dealer_Self,0
2024-09-04,2327,11000,Investment_Trust,11000
2024-09-04,2327,67200,Dealer_self,226760
2024-09-04,2327,86000,Dealer_Hedging,284919
2024-09-05,2327,732666,Foreign_Investor,832651
2024-09-05,2327,0,Foreign_Dealer_Self,0
2024-09-05,2327,13000,Investment_Trust,103000
2024-09-05,2327,28440,Dealer_self,56046
2024-09-05,2327,16000,Dealer_Hedging,48526
2024-09-06,2327,722030,Foreign_Investor,590781
2024-09-06,2327,0,Foreign_Dealer_Self,0
2024-09-06,2327,13597,Investment_Trust,579157
2024-09-06,2327,50150,Dealer_self,26936
2024-09-06,2327,16099,Dealer_Hedging,31489
2024-09-09,2327,844727,Foreign_Investor,1910276
2024-09-09,2327,0,Foreign_Dealer_Self,0
2024-09-09,2327,14786,Investment_Trust,17000
2024-09-09,2327,72000,Dealer_self,148771
2024-09-09,2327,34000,Dealer_Hedging,58842
2024-09-10,2327,625245,Foreign_Investor,870615
2024-09-10,2327,0,Foreign_Dealer_Self,0
2024-09-10,2327,8000,Investment_Trust,177000
2024-09-10,2327,64000,Dealer_self,128181
2024-09-10,2327,55000,Dealer_Hedging,136664
2024-09-11,2327,1131301,Foreign_Investor,553317
2024-09-11,2327,0,Foreign_Dealer_Self,0
2024-09-11,2327,15000,Investment_Trust,117000
2024-09-11,2327,133000,Dealer_self,51141
2024-09-11,2327,87000,Dealer_Hedging,65803
2024-09-12,2327,2048800,Foreign_Investor,852008
2024-09-12,2327,0,Foreign_Dealer_Self,0
2024-09-12,2327,10000,Investment_Trust,202000
2024-09-12,2327,135739,Dealer_self,42000
2024-09-12,2327,128423,Dealer_Hedging,52671
2024-09-13,2327,520385,Foreign_Investor,1093065
2024-09-13,2327,0,Foreign_Dealer_Self,0
2024-09-13,2327,41000,Investment_Trust,5000
2024-09-13,2327,36000,Dealer_self,31349
2024-09-13,2327,6000,Dealer_Hedging,46474
2024-09-16,2327,461043,Foreign_Investor,594000
2024-09-16,2327,0,Foreign_Dealer_Self,0
2024-09-16,2327,11000,Dealer_self,48100
2024-09-16,2327,26539,Dealer_Hedging,9006
2024-09-16,2327,31000,Investment_Trust,74484
2024-09-18,2327,597439,Foreign_Investor,1163182
2024-09-18,2327,0,Foreign_Dealer_Self,0
2024-09-18,2327,139000,Investment_Trust,3000
2024-09-18,2327,31104,Dealer_self,23024
2024-09-18,2327,17000,Dealer_Hedging,108501
2024-09-19,2327,511754,Foreign_Investor,1266026
2024-09-19,2327,0,Foreign_Dealer_Self,0
2024-09-19,2327,137000,Investment_Trust,163401
2024-09-19,2327,117002,Dealer_self,52627
2024-09-19,2327,81980,Dealer_Hedging,20830
2024-09-20,2327,0,Foreign_Dealer_Self,0
2024-09-20,2327,111000,Investment_Trust,498000
2024-09-20,2327,19600,Dealer_self,5503
2024-09-20,2327,55667,Dealer_Hedging,37667
2024-09-20,2327,1067699,Foreign_Investor,1282773
2024-09-23,2327,0,Foreign_Dealer_Self,0
2024-09-23,2327,14000,Investment_Trust,104326
2024-09-23,2327,46543,Dealer_self,11389
2024-09-23,2327,95300,Dealer_Hedging,9279
2024-09-23,2327,663893,Foreign_Investor,350803
2024-09-24,2327,0,Foreign_Dealer_Self,0
2024-09-24,2327,9000,Investment_Trust,39941
2024-09-24,2327,128554,Dealer_self,74000
2024-09-24,2327,60982,Dealer_Hedging,26342
2024-09-24,2327,866114,Foreign_Investor,701397
2024-09-25,2327,0,Foreign_Dealer_Self,0
2024-09-25,2327,200095,Dealer_self,106000
2024-09-25,2327,248932,Dealer_Hedging,82000
2024-09-25,2327,2025886,Foreign_Investor,1576819
2024-09-25,2327,52000,Investment_Trust,9486
2024-09-26,2327,0,Foreign_Dealer_Self,0
2024-09-26,2327,23000,Investment_Trust,2423
2024-09-26,2327,163000,Dealer_self,62001
2024-09-26,2327,43916,Dealer_Hedging,152792
2024-09-26,2327,1759495,Foreign_Investor,1796928
2024-09-27,2327,658723,Foreign_Investor,1824091
2024-09-27,2327,0,Foreign_Dealer_Self,0
2024-09-27,2327,1000,Investment_Trust,458589
2024-09-27,2327,123000,Dealer_self,165722
2024-09-27,2327,46000,Dealer_Hedging,117755
2024-09-30,2327,907746,Foreign_Investor,1122013
2024-09-30,2327,0,Foreign_Dealer_Self,0
2024-09-30,2327,1000,Investment_Trust,41352
2024-09-30,2327,51000,Dealer_self,165102
2024-09-30,2327,19000,Dealer_Hedging,41489
2024-10-01,2327,253196,Foreign_Investor,575223
2024-10-01,2327,0,Foreign_Dealer_Self,0
2024-10-01,2327,1000,Investment_Trust,170000
2024-10-01,2327,55000,Dealer_self,19066
2024-10-01,2327,29426,Dealer_Hedging,60986
2024-10-04,2327,0,Foreign_Dealer_Self,0
2024-10-04,2327,1000,Investment_Trust,15000
2024-10-04,2327,55000,Dealer_self,86266
2024-10-04,2327,57591,Dealer_Hedging,75686
2024-10-04,2327,744554,Foreign_Investor,1782069
2024-10-07,2327,889318,Foreign_Investor,667399
2024-10-07,2327,0,Foreign_Dealer_Self,0
2024-10-07,2327,21000,Investment_Trust,5000
2024-10-07,2327,95100,Dealer_self,25000
2024-10-07,2327,121957,Dealer_Hedging,8105
2024-10-08,2327,926635,Foreign_Investor,1309142
2024-10-08,2327,0,Foreign_Dealer_Self,0
2024-10-08,2327,3000,Investment_Trust,101964
2024-10-08,2327,42000,Dealer_self,74919
2024-10-08,2327,23000,Dealer_Hedging,117894
2024-10-09,2327,602807,Foreign_Investor,797025
2024-10-09,2327,0,Foreign_Dealer_Self,0
2024-10-09,2327,7000,Investment_Trust,1000
2024-10-09,2327,10000,Dealer_self,51386
2024-10-09,2327,28562,Dealer_Hedging,35318
2024-10-11,2327,1053745,Foreign_Investor,2228167
2024-10-11,2327,0,Foreign_Dealer_Self,0
2024-10-11,2327,7000,Investment_Trust,220800
2024-10-11,2327,79000,Dealer_self,33712
2024-10-11,2327,75100,Dealer_Hedging,95604
2024-10-14,2327,1162765,Foreign_Investor,539000
2024-10-14,2327,0,Foreign_Dealer_Self,0
2024-10-14,2327,12000,Investment_Trust,36342
2024-10-14,2327,41000,Dealer_self,83000
2024-10-14,2327,177508,Dealer_Hedging,8300
2024-10-15,2327,1095113,Foreign_Investor,682272
2024-10-15,2327,0,Foreign_Dealer_Self,0
2024-10-15,2327,11000,Investment_Trust,0
2024-10-15,2327,26000,Dealer_self,32000
2024-10-15,2327,71618,Dealer_Hedging,69233
2024-10-16,2327,0,Foreign_Dealer_Self,0
2024-10-16,2327,6000,Investment_Trust,58000
2024-10-16,2327,37000,Dealer_self,17000
2024-10-16,2327,56000,Dealer_Hedging,91524
2024-10-16,2327,1105865,Foreign_Investor,1528764
2024-10-17,2327,0,Foreign_Dealer_Self,0
2024-10-17,2327,22000,Investment_Trust,103000
2024-10-17,2327,18000,Dealer_self,16457
2024-10-17,2327,72000,Dealer_Hedging,44978
2024-10-17,2327,806881,Foreign_Investor,1356363
2024-10-18,2327,1221460,Foreign_Investor,1032882
2024-10-18,2327,0,Foreign_Dealer_Self,0
2024-10-18,2327,1000,Investment_Trust,7845
2024-10-18,2327,81457,Dealer_self,45000
2024-10-18,2327,31100,Dealer_Hedging,35393
2024-10-21,2327,802937,Foreign_Investor,838000
2024-10-21,2327,0,Foreign_Dealer_Self,0
2024-10-21,2327,49000,Investment_Trust,16000
2024-10-21,2327,22057,Dealer_self,4000
2024-10-21,2327,5202,Dealer_Hedging,25702
2024-10-22,2327,0,Foreign_Dealer_Self,0
2024-10-22,2327,10000,Investment_Trust,223000
2024-10-22,2327,6000,Dealer_self,30000
2024-10-22,2327,13000,Dealer_Hedging,11843
2024-10-22,2327,1504671,Foreign_Investor,2380710
2024-10-23,2327,689502,Foreign_Investor,800948
2024-10-23,2327,0,Foreign_Dealer_Self,0
2024-10-23,2327,6000,Investment_Trust,371830
2024-10-23,2327,23000,Dealer_self,48738
2024-10-23,2327,23697,Dealer_Hedging,14685
2024-10-24,2327,641849,Foreign_Investor,905056
2024-10-24,2327,0,Foreign_Dealer_Self,0
2024-10-24,2327,6598,Investment_Trust,166741
2024-10-24,2327,14300,Dealer_self,45100
2024-10-24,2327,19408,Dealer_Hedging,23146
2024-10-25,2327,344575,Foreign_Investor,166904
2024-10-25,2327,0,Foreign_Dealer_Self,0
2024-10-25,2327,6598,Investment_Trust,17702
2024-10-25,2327,1000,Dealer_self,0
2024-10-25,2327,20280,Dealer_Hedging,18775
2024-10-28,2327,506907,Foreign_Investor,518522
2024-10-28,2327,0,Foreign_Dealer_Self,0
2024-10-28,2327,10196,Investment_Trust,503000
2024-10-28,2327,29000,Dealer_self,15139
2024-10-28,2327,5000,Dealer_Hedging,44746
2024-10-29,2327,579207,Foreign_Investor,1960914
2024-10-29,2327,0,Foreign_Dealer_Self,0
2024-10-29,2327,26794,Investment_Trust,401753
2024-10-29,2327,78000,Dealer_self,65791
2024-10-29,2327,72999,Dealer_Hedging,148583
2024-10-30,2327,0,Foreign_Dealer_Self,0
2024-10-30,2327,25000,Investment_Trust,140847
2024-10-30,2327,84642,Dealer_self,94380
2024-10-30,2327,161000,Dealer_Hedging,188235
2024-10-30,2327,2112671,Foreign_Investor,5578018
2024-11-01,2327,2211003,Foreign_Investor,2699165
2024-11-01,2327,0,Foreign_Dealer_Self,0
2024-11-01,2327,8598,Investment_Trust,16958
2024-11-01,2327,57300,Dealer_self,94523
2024-11-01,2327,63000,Dealer_Hedging,58588
2024-11-04,2327,649947,Foreign_Investor,812262
2024-11-04,2327,0,Foreign_Dealer_Self,0
2024-11-04,2327,9990,Investment_Trust,0
2024-11-04,2327,7000,Dealer_self,36217
2024-11-04,2327,39000,Dealer_Hedging,58744
2024-11-05,2327,927704,Foreign_Investor,1066667
2024-11-05,2327,0,Foreign_Dealer_Self,0
2024-11-05,2327,9000,Investment_Trust,233187
2024-11-05,2327,28000,Dealer_self,27984
2024-11-05,2327,9106,Dealer_Hedging,30818
2024-11-06,2327,1598137,Foreign_Investor,1242603
2024-11-06,2327,0,Foreign_Dealer_Self,0
2024-11-06,2327,14000,Investment_Trust,505905
2024-11-06,2327,43003,Dealer_self,10000
2024-11-06,2327,19000,Dealer_Hedging,23043
2024-11-07,2327,0,Foreign_Dealer_Self,0
2024-11-07,2327,6598,Investment_Trust,2000
2024-11-07,2327,32200,Dealer_self,70472
2024-11-07,2327,75735,Dealer_Hedging,6627
2024-11-07,2327,1198841,Foreign_Investor,1447635
2024-11-08,2327,1001349,Foreign_Investor,2136282
2024-11-08,2327,0,Foreign_Dealer_Self,0
2024-11-08,2327,12000,Investment_Trust,0
2024-11-08,2327,34300,Dealer_self,31075
2024-11-08,2327,43034,Dealer_Hedging,89490
2024-11-11,2327,586826,Foreign_Investor,563474
2024-11-11,2327,0,Foreign_Dealer_Self,0
2024-11-11,2327,7000,Investment_Trust,0
2024-11-11,2327,39000,Dealer_self,33473
2024-11-11,2327,19059,Dealer_Hedging,72763
2024-11-12,2327,661565,Foreign_Investor,1638350
2024-11-12,2327,0,Foreign_Dealer_Self,0
2024-11-12,2327,9000,Investment_Trust,3000
2024-11-12,2327,18000,Dealer_self,65876
2024-11-12,2327,39000,Dealer_Hedging,66793
2024-11-13,2327,623038,Foreign_Investor,882858
2024-11-13,2327,0,Foreign_Dealer_Self,0
2024-11-13,2327,17587,Investment_Trust,1000
2024-11-13,2327,33360,Dealer_self,47200
2024-11-13,2327,25605,Dealer_Hedging,22210
2024-11-14,2327,440030,Foreign_Investor,1420008
2024-11-14,2327,0,Foreign_Dealer_Self,0
2024-11-14,2327,15000,Investment_Trust,13000
2024-11-14,2327,52000,Dealer_self,63625
2024-11-14,2327,73000,Dealer_Hedging,205344
2024-11-15,2327,1129460,Foreign_Investor,1073749
2024-11-15,2327,0,Foreign_Dealer_Self,0
2024-11-15,2327,2794,Investment_Trust,17000
2024-11-15,2327,46000,Dealer_self,38000
2024-11-15,2327,17643,Dealer_Hedging,20978
2024-11-18,2327,947416,Foreign_Investor,1082902
2024-11-18,2327,0,Foreign_Dealer_Self,0
2024-11-18,2327,20196,Investment_Trust,0
2024-11-18,2327,38000,Dealer_self,48597
2024-11-18,2327,6069,Dealer_Hedging,62338
2024-11-19,2327,617504,Foreign_Investor,1094527
2024-11-19,2327,0,Foreign_Dealer_Self,0
2024-11-19,2327,16490,Investment_Trust,21117
2024-11-19,2327,29300,Dealer_self,10194
2024-11-19,2327,22435,Dealer_Hedging,13513
2024-11-20,2327,978742,Foreign_Investor,1591524
2024-11-20,2327,0,Foreign_Dealer_Self,0
2024-11-20,2327,15152,Investment_Trust,5227
2024-11-20,2327,30000,Dealer_self,52003
2024-11-20,2327,9000,Dealer_Hedging,46720
2024-11-21,2327,0,Foreign_Dealer_Self,0
2024-11-21,2327,19584,Investment_Trust,65700
2024-11-21,2327,35000,Dealer_self,2000
2024-11-21,2327,12202,Dealer_Hedging,15953
2024-11-21,2327,1116285,Foreign_Investor,771869
2024-11-22,2327,627684,Foreign_Investor,745850
2024-11-22,2327,0,Foreign_Dealer_Self,0
2024-11-22,2327,24000,Investment_Trust,5000
2024-11-22,2327,7000,Dealer_self,100
2024-11-22,2327,27568,Dealer_Hedging,6194
2024-11-25,2327,1138024,Foreign_Investor,1360851
2024-11-25,2327,0,Foreign_Dealer_Self,0
2024-11-25,2327,18221,Investment_Trust,102755
2024-11-25,2327,24000,Dealer_self,10800
2024-11-25,2327,13000,Dealer_Hedging,18964
2024-11-26,2327,624000,Foreign_Investor,788287
2024-11-26,2327,0,Foreign_Dealer_Self,0
2024-11-26,2327,11000,Investment_Trust,480
2024-11-26,2327,1000,Dealer_self,20771
2024-11-26,2327,31273,Dealer_Hedging,28387
2024-11-27,2327,876797,Foreign_Investor,1690491
2024-11-27,2327,0,Foreign_Dealer_Self,0
2024-11-27,2327,15000,Investment_Trust,10592
2024-11-27,2327,1000,Dealer_self,12889
2024-11-27,2327,75000,Dealer_Hedging,107154
2024-11-28,2327,2489169,Foreign_Investor,3322533
2024-11-28,2327,0,Foreign_Dealer_Self,0
2024-11-28,2327,19168,Investment_Trust,637
2024-11-28,2327,39100,Dealer_self,14999
2024-11-28,2327,20000,Dealer_Hedging,30766
2024-11-29,2327,1433764,Foreign_Investor,1557836
2024-11-29,2327,0,Foreign_Dealer_Self,0
2024-11-29,2327,7000,Investment_Trust,1663
2024-11-29,2327,34000,Dealer_self,32000
2024-11-29,2327,19200,Dealer_Hedging,2698
2024-12-02,2327,1020073,Foreign_Investor,1509881
2024-12-02,2327,0,Foreign_Dealer_Self,0
2024-12-02,2327,10000,Investment_Trust,220
2024-12-02,2327,13000,Dealer_self,7566
2024-12-02,2327,20012,Dealer_Hedging,24246
2024-12-03,2327,1991430,Foreign_Investor,2880237
2024-12-03,2327,0,Foreign_Dealer_Self,0
2024-12-03,2327,5000,Investment_Trust,90000
2024-12-03,2327,23500,Dealer_self,7000
2024-12-03,2327,33219,Dealer_Hedging,26689
2024-12-04,2327,1777149,Foreign_Investor,1412845
2024-12-04,2327,0,Foreign_Dealer_Self,0
2024-12-04,2327,156000,Investment_Trust,96212
2024-12-04,2327,162781,Dealer_self,11498
2024-12-04,2327,115192,Dealer_Hedging,2636
2024-12-05,2327,782228,Foreign_Investor,2949300
2024-12-05,2327,0,Foreign_Dealer_Self,0
2024-12-05,2327,48000,Investment_Trust,28228
2024-12-05,2327,13000,Dealer_self,9128
2024-12-05,2327,75000,Dealer_Hedging,92859
2024-12-06,2327,0,Foreign_Dealer_Self,0
2024-12-06,2327,0,Investment_Trust,12000
2024-12-06,2327,17000,Dealer_self,104892
2024-12-06,2327,6000,Dealer_Hedging,9164
2024-12-06,2327,314799,Foreign_Investor,663802
2024-12-09,2327,602444,Foreign_Investor,1464847
2024-12-09,2327,0,Foreign_Dealer_Self,0
2024-12-09,2327,0,Investment_Trust,5000
2024-12-09,2327,24000,Dealer_self,16336
2024-12-09,2327,18000,Dealer_Hedging,29521
2024-12-10,2327,0,Foreign_Dealer_Self,0
2024-12-10,2327,0,Investment_Trust,14168
2024-12-10,2327,7300,Dealer_self,7015
2024-12-10,2327,9919,Dealer_Hedging,5945
2024-12-10,2327,1271080,Foreign_Investor,1090437
2024-12-11,2327,636295,Foreign_Investor,1278845
2024-12-11,2327,0,Foreign_Dealer_Self,0
2024-12-11,2327,4000,Investment_Trust,10457
2024-12-11,2327,17000,Dealer_self,26108
2024-12-11,2327,6000,Dealer_Hedging,39767
2024-12-12,2327,0,Foreign_Dealer_Self,0
2024-12-12,2327,0,Investment_Trust,106178
2024-12-12,2327,0,Dealer_self,12300
2024-12-12,2327,22288,Dealer_Hedging,33913
2024-12-12,2327,514604,Foreign_Investor,770314
2024-12-13,2327,0,Foreign_Dealer_Self,0
2024-12-13,2327,0,Investment_Trust,7228
2024-12-13,2327,2000,Dealer_self,27296
2024-12-13,2327,31089,Dealer_Hedging,54949
2024-12-13,2327,544919,Foreign_Investor,1205139
2024-12-16,2327,758581,Foreign_Investor,764999
2024-12-16,2327,0,Foreign_Dealer_Self,0
2024-12-16,2327,0,Investment_Trust,11813
2024-12-16,2327,5000,Dealer_self,42740
2024-12-16,2327,3000,Dealer_Hedging,11230
2024-12-17,2327,960616,Foreign_Investor,1020792
2024-12-17,2327,0,Foreign_Dealer_Self,0
2024-12-17,2327,41125,Investment_Trust,14754
2024-12-17,2327,42200,Dealer_self,30100
2024-12-17,2327,19440,Dealer_Hedging,1740
2024-12-18,2327,909654,Foreign_Investor,622777
2024-12-18,2327,0,Foreign_Dealer_Self,0
2024-12-18,2327,1000,Investment_Trust,9496
2024-12-18,2327,6000,Dealer_self,71500
2024-12-18,2327,26800,Dealer_Hedging,21818
2024-12-19,2327,0,Foreign_Dealer_Self,0
2024-12-19,2327,6000,Investment_Trust,8000
2024-12-19,2327,17000,Dealer_self,6829
2024-12-19,2327,6000,Dealer_Hedging,8513
2024-12-19,2327,704107,Foreign_Investor,1296414
2024-12-20,2327,696586,Foreign_Investor,987172
2024-12-20,2327,0,Foreign_Dealer_Self,0
2024-12-20,2327,30000,Investment_Trust,18248
2024-12-20,2327,15000,Dealer_self,11087
2024-12-20,2327,1000,Dealer_Hedging,2281
2024-12-23,2327,0,Foreign_Dealer_Self,0
2024-12-23,2327,3000,Investment_Trust,4000
2024-12-23,2327,13200,Dealer_self,6000
2024-12-23,2327,14107,Dealer_Hedging,3433
2024-12-23,2327,869733,Foreign_Investor,535000
2024-12-24,2327,241623,Foreign_Investor,438636
2024-12-24,2327,0,Foreign_Dealer_Self,0
2024-12-24,2327,0,Investment_Trust,7000
2024-12-24,2327,7000,Dealer_self,3686
2024-12-24,2327,10000,Dealer_Hedging,5469
2024-12-25,2327,321548,Foreign_Investor,211070
2024-12-25,2327,0,Foreign_Dealer_Self,0
2024-12-25,2327,1000,Investment_Trust,3000
2024-12-25,2327,23000,Dealer_self,2000
2024-12-25,2327,10098,Dealer_Hedging,8496
2024-12-26,2327,962200,Foreign_Investor,1220020
2024-12-26,2327,0,Foreign_Dealer_Self,0
2024-12-26,2327,3000,Investment_Trust,10207
2024-12-26,2327,62585,Dealer_self,0
2024-12-26,2327,103136,Dealer_Hedging,5921
2024-12-27,2327,120000,Foreign_Investor,525224
2024-12-27,2327,0,Foreign_Dealer_Self,0
2024-12-27,2327,2000,Investment_Trust,5000
2024-12-27,2327,0,Dealer_self,4210
2024-12-27,2327,8000,Dealer_Hedging,29255
2024-12-30,2327,208086,Foreign_Investor,578614
2024-12-30,2327,0,Foreign_Dealer_Self,0
2024-12-30,2327,31000,Investment_Trust,4813
2024-12-30,2327,6000,Dealer_self,2722
2024-12-30,2327,29323,Dealer_Hedging,10041
2024-12-31,2327,745927,Foreign_Investor,623861
2024-12-31,2327,0,Foreign_Dealer_Self,0
2024-12-31,2327,7000,Investment_Trust,5000
2024-12-31,2327,27183,Dealer_self,8000
2024-12-31,2327,28386,Dealer_Hedging,8125
2025-01-02,2327,765555,Foreign_Investor,787921
2025-01-02,2327,0,Foreign_Dealer_Self,0
2025-01-02,2327,0,Dealer_self,68620
2025-01-02,2327,21412,Dealer_Hedging,20117
2025-01-02,2327,29000,Investment_Trust,2497
2025-01-03,2327,2216470,Foreign_Investor,1349104
2025-01-03,2327,0,Foreign_Dealer_Self,0
2025-01-03,2327,30059,Dealer_self,54600
2025-01-03,2327,116990,Dealer_Hedging,41248
2025-01-03,2327,51000,Investment_Trust,101000
2025-01-06,2327,2293200,Foreign_Investor,1695050
2025-01-06,2327,0,Foreign_Dealer_Self,0
2025-01-06,2327,164000,Investment_Trust,7000
2025-01-06,2327,45378,Dealer_self,18047
2025-01-06,2327,184160,Dealer_Hedging,59076
2025-01-07,2327,1260774,Foreign_Investor,2136737
2025-01-07,2327,0,Foreign_Dealer_Self,0
2025-01-07,2327,78000,Investment_Trust,14000
2025-01-07,2327,40000,Dealer_self,12000
2025-01-07,2327,22543,Dealer_Hedging,126734
2025-01-08,2327,1070570,Foreign_Investor,1597036
2025-01-08,2327,0,Foreign_Dealer_Self,0
2025-01-08,2327,285000,Investment_Trust,13834
2025-01-08,2327,37030,Dealer_self,24000
2025-01-08,2327,57579,Dealer_Hedging,16418
2025-01-09,2327,540714,Foreign_Investor,1425726
2025-01-09,2327,0,Foreign_Dealer_Self,0
2025-01-09,2327,60000,Investment_Trust,18248
2025-01-09,2327,18000,Dealer_self,98606
2025-01-09,2327,1808,Dealer_Hedging,115792
2025-01-10,2327,403188,Foreign_Investor,772355
2025-01-10,2327,0,Foreign_Dealer_Self,0
2025-01-10,2327,0,Investment_Trust,11000
2025-01-10,2327,15000,Dealer_self,29883
2025-01-10,2327,30000,Dealer_Hedging,53957
2025-01-13,2327,526256,Foreign_Investor,1684642
2025-01-13,2327,0,Foreign_Dealer_Self,0
2025-01-13,2327,7000,Investment_Trust,2000
2025-01-13,2327,64000,Dealer_self,117277
2025-01-13,2327,54000,Dealer_Hedging,109933
2025-01-14,2327,350712,Foreign_Investor,388857
2025-01-14,2327,0,Foreign_Dealer_Self,0
2025-01-14,2327,16000,Investment_Trust,12000
2025-01-14,2327,18500,Dealer_self,10721
2025-01-14,2327,20754,Dealer_Hedging,10729
2025-01-15,2327,995142,Foreign_Investor,835027
2025-01-15,2327,0,Foreign_Dealer_Self,0
2025-01-15,2327,8000,Investment_Trust,3000
2025-01-15,2327,17000,Dealer_self,47800
2025-01-15,2327,29108,Dealer_Hedging,48372
2025-01-16,2327,1302174,Foreign_Investor,1269072
2025-01-16,2327,0,Foreign_Dealer_Self,0
2025-01-16,2327,11000,Investment_Trust,53000
2025-01-16,2327,47000,Dealer_self,19200
2025-01-16,2327,25542,Dealer_Hedging,19345
2025-01-17,2327,555966,Foreign_Investor,719674
2025-01-17,2327,0,Foreign_Dealer_Self,0
2025-01-17,2327,1000,Investment_Trust,27000
2025-01-17,2327,29000,Dealer_self,11418
2025-01-17,2327,14456,Dealer_Hedging,30765
2025-01-20,2327,284755,Foreign_Investor,280353
2025-01-20,2327,0,Foreign_Dealer_Self,0
2025-01-20,2327,0,Investment_Trust,11000
2025-01-20,2327,4147,Dealer_self,3000
2025-01-20,2327,11757,Dealer_Hedging,2068
2025-01-21,2327,463054,Foreign_Investor,521496
2025-01-21,2327,0,Foreign_Dealer_Self,0
2025-01-21,2327,16000,Investment_Trust,7228
2025-01-21,2327,7311,Dealer_self,2000
2025-01-21,2327,9612,Dealer_Hedging,13202
2025-01-22,2327,0,Foreign_Dealer_Self,0
2025-01-22,2327,3000,Investment_Trust,0
2025-01-22,2327,22000,Dealer_self,17143
2025-01-22,2327,10193,Dealer_Hedging,35953
2025-01-22,2327,901945,Foreign_Investor,602747
2025-02-03,2327,1148617,Foreign_Investor,1796264
2025-02-03,2327,0,Foreign_Dealer_Self,0
2025-02-03,2327,56000,Dealer_self,64290
2025-02-03,2327,75000,Dealer_Hedging,35461
2025-02-03,2327,72172,Investment_Trust,153000
2025-02-04,2327,1235052,Foreign_Investor,1642972
2025-02-04,2327,0,Foreign_Dealer_Self,0
2025-02-04,2327,101711,Dealer_self,86134
2025-02-04,2327,54439,Dealer_Hedging,24698
2025-02-04,2327,131000,Investment_Trust,27000
2025-02-05,2327,4100640,Foreign_Investor,1959824
2025-02-05,2327,0,Foreign_Dealer_Self,0
2025-02-05,2327,168887,Dealer_self,58069
2025-02-05,2327,201285,Dealer_Hedging,67823
2025-02-05,2327,206000,Investment_Trust,5000
2025-02-06,2327,2909809,Foreign_Investor,3836551
2025-02-06,2327,0,Foreign_Dealer_Self,0
2025-02-06,2327,205164,Dealer_self,106137
2025-02-06,2327,92535,Dealer_Hedging,61331
2025-02-06,2327,669586,Investment_Trust,6000
2025-02-07,2327,903420,Foreign_Investor,1772422
2025-02-07,2327,0,Foreign_Dealer_Self,0
2025-02-07,2327,28000,Investment_Trust,4000
2025-02-07,2327,53000,Dealer_self,57884
2025-02-07,2327,9000,Dealer_Hedging,41494
2025-02-10,2327,1150000,Foreign_Investor,1385771
2025-02-10,2327,0,Foreign_Dealer_Self,0
2025-02-10,2327,84172,Investment_Trust,6000
2025-02-10,2327,75037,Dealer_self,80733
2025-02-10,2327,96937,Dealer_Hedging,15548
2025-02-11,2327,0,Foreign_Dealer_Self,0
2025-02-11,2327,38000,Investment_Trust,15000
2025-02-11,2327,61000,Dealer_self,41000
2025-02-11,2327,27122,Dealer_Hedging,38550
2025-02-11,2327,437447,Foreign_Investor,787051
2025-02-12,2327,1162334,Foreign_Investor,502248
2025-02-12,2327,0,Foreign_Dealer_Self,0
2025-02-12,2327,7000,Investment_Trust,5000
2025-02-12,2327,24000,Dealer_self,37000
2025-02-12,2327,80014,Dealer_Hedging,47186
2025-02-13,2327,1603133,Foreign_Investor,2125847
2025-02-13,2327,0,Foreign_Dealer_Self,0
2025-02-13,2327,321586,Investment_Trust,0
2025-02-13,2327,245463,Dealer_self,95492
2025-02-13,2327,264792,Dealer_Hedging,68294
2025-02-14,2327,1416300,Foreign_Investor,1564606
2025-02-14,2327,0,Foreign_Dealer_Self,0
2025-02-14,2327,112586,Investment_Trust,26000
2025-02-14,2327,87709,Dealer_self,81207
2025-02-14,2327,91926,Dealer_Hedging,116502
2025-02-17,2327,1082756,Foreign_Investor,715340
2025-02-17,2327,0,Foreign_Dealer_Self,0
2025-02-17,2327,7586,Investment_Trust,558000
2025-02-17,2327,47897,Dealer_self,46418
2025-02-17,2327,9500,Dealer_Hedging,60536
2025-02-18,2327,791472,Foreign_Investor,381310
2025-02-18,2327,0,Foreign_Dealer_Self,0
2025-02-18,2327,1000,Investment_Trust,8161
2025-02-18,2327,29286,Dealer_self,43000
2025-02-18,2327,25260,Dealer_Hedging,23125
2025-02-19,2327,0,Foreign_Dealer_Self,0
2025-02-19,2327,13000,Investment_Trust,10000
2025-02-19,2327,31000,Dealer_self,89000
2025-02-19,2327,7528,Dealer_Hedging,147004
2025-02-19,2327,767704,Foreign_Investor,640382
2025-02-20,2327,944024,Foreign_Investor,281096
2025-02-20,2327,0,Foreign_Dealer_Self,0
2025-02-20,2327,4000,Investment_Trust,9249
2025-02-20,2327,78800,Dealer_self,8000
2025-02-20,2327,44680,Dealer_Hedging,27000
2025-02-21,2327,477035,Foreign_Investor,639051
2025-02-21,2327,0,Foreign_Dealer_Self,0
2025-02-21,2327,6000,Investment_Trust,10000
2025-02-21,2327,31299,Dealer_self,21071
2025-02-21,2327,14223,Dealer_Hedging,20410
2025-02-24,2327,0,Foreign_Dealer_Self,0
2025-02-24,2327,8000,Investment_Trust,15000
2025-02-24,2327,9000,Dealer_self,8000
2025-02-24,2327,3000,Dealer_Hedging,14410
2025-02-24,2327,850673,Foreign_Investor,1230033
2025-02-25,2327,1574430,Foreign_Investor,1846180
2025-02-25,2327,0,Foreign_Dealer_Self,0
2025-02-25,2327,30575,Investment_Trust,7000
2025-02-25,2327,11000,Dealer_self,83319
2025-02-25,2327,9055,Dealer_Hedging,40395
2025-02-26,2327,1836147,Foreign_Investor,1271057
2025-02-26,2327,0,Foreign_Dealer_Self,0
2025-02-26,2327,19575,Investment_Trust,11000
2025-02-26,2327,6000,Dealer_self,68088
2025-02-26,2327,24454,Dealer_Hedging,5172
2025-02-27,2327,1956708,Foreign_Investor,2911573
2025-02-27,2327,0,Foreign_Dealer_Self,0
2025-02-27,2327,3621,Investment_Trust,33000
2025-02-27,2327,78025,Dealer_self,121673
2025-02-27,2327,60000,Dealer_Hedging,66628
2025-03-03,2327,1646719,Foreign_Investor,3995078
2025-03-03,2327,0,Foreign_Dealer_Self,0
2025-03-03,2327,71873,Investment_Trust,4000
2025-03-03,2327,151300,Dealer_self,163340
2025-03-03,2327,109993,Dealer_Hedging,85537
2025-03-04,2327,2100969,Foreign_Investor,1841134
2025-03-04,2327,0,Foreign_Dealer_Self,0
2025-03-04,2327,23575,Investment_Trust,22737
2025-03-04,2327,11000,Dealer_self,62489
2025-03-04,2327,109308,Dealer_Hedging,19804
2025-03-05,2327,992798,Foreign_Investor,1840640
2025-03-05,2327,0,Foreign_Dealer_Self,0
2025-03-05,2327,76000,Investment_Trust,10000
2025-03-05,2327,22000,Dealer_self,39903
2025-03-05,2327,21348,Dealer_Hedging,49006
2025-03-06,2327,559692,Foreign_Investor,1281782
2025-03-06,2327,0,Foreign_Dealer_Self,0
2025-03-06,2327,22000,Investment_Trust,13000
2025-03-06,2327,16000,Dealer_self,25100
2025-03-06,2327,9000,Dealer_Hedging,40946
2025-03-07,2327,816435,Foreign_Investor,1728549
2025-03-07,2327,0,Foreign_Dealer_Self,0
2025-03-07,2327,10000,Investment_Trust,12000
2025-03-07,2327,8000,Dealer_self,18188
2025-03-07,2327,10000,Dealer_Hedging,42412
2025-03-10,2327,622530,Foreign_Investor,1584134
2025-03-10,2327,0,Foreign_Dealer_Self,0
2025-03-10,2327,44000,Dealer_self,53198
2025-03-10,2327,32186,Dealer_Hedging,42234
2025-03-10,2327,15575,Investment_Trust,10000
2025-03-11,2327,1432073,Foreign_Investor,1723004
2025-03-11,2327,0,Foreign_Dealer_Self,0
2025-03-11,2327,21724,Investment_Trust,3000
2025-03-11,2327,24200,Dealer_self,77954
2025-03-11,2327,42680,Dealer_Hedging,58479
2025-03-12,2327,1222378,Foreign_Investor,999572
2025-03-12,2327,0,Foreign_Dealer_Self,0
2025-03-12,2327,5000,Investment_Trust,2150
2025-03-12,2327,20000,Dealer_self,48826
2025-03-12,2327,47691,Dealer_Hedging,16616
2025-03-13,2327,751492,Foreign_Investor,1478079
2025-03-13,2327,0,Foreign_Dealer_Self,0
2025-03-13,2327,4000,Investment_Trust,12000
2025-03-13,2327,6000,Dealer_self,19910
2025-03-13,2327,19529,Dealer_Hedging,74964
2025-03-14,2327,551217,Foreign_Investor,885573
2025-03-14,2327,0,Foreign_Dealer_Self,0
2025-03-14,2327,18003,Dealer_self,5933
2025-03-14,2327,21186,Dealer_Hedging,6882
2025-03-14,2327,13575,Investment_Trust,42000
2025-03-17,2327,417843,Foreign_Investor,521307
2025-03-17,2327,0,Foreign_Dealer_Self,0
2025-03-17,2327,12016,Dealer_self,6100
2025-03-17,2327,5823,Dealer_Hedging,1471
2025-03-17,2327,11000,Investment_Trust,103000
2025-03-18,2327,746945,Foreign_Investor,784347
2025-03-18,2327,0,Foreign_Dealer_Self,0
2025-03-18,2327,404000,Investment_Trust,7000
2025-03-18,2327,4000,Dealer_self,4000
2025-03-18,2327,33091,Dealer_Hedging,9000
2025-03-19,2327,0,Foreign_Dealer_Self,0
2025-03-19,2327,27000,Dealer_self,73915
2025-03-19,2327,33189,Dealer_Hedging,64335
2025-03-19,2327,883850,Foreign_Investor,772057
2025-03-19,2327,14000,Investment_Trust,66000
2025-03-20,2327,559113,Foreign_Investor,438347
2025-03-20,2327,0,Foreign_Dealer_Self,0
2025-03-20,2327,21000,Dealer_self,4832
2025-03-20,2327,15972,Dealer_Hedging,2991
2025-03-20,2327,4000,Investment_Trust,77000
2025-03-21,2327,0,Foreign_Dealer_Self,0
2025-03-21,2327,11000,Dealer_self,5038
2025-03-21,2327,4376,Dealer_Hedging,6827
2025-03-21,2327,1370605,Foreign_Investor,1630457
2025-03-21,2327,192471,Investment_Trust,68000
2025-03-24,2327,0,Foreign_Dealer_Self,0
2025-03-24,2327,40000,Dealer_self,43901
2025-03-24,2327,5000,Dealer_Hedging,43638
2025-03-24,2327,641000,Foreign_Investor,935146
2025-03-24,2327,6000,Investment_Trust,321000
2025-03-25,2327,526736,Foreign_Investor,862712
2025-03-25,2327,0,Foreign_Dealer_Self,0
2025-03-25,2327,47000,Dealer_self,32231
2025-03-25,2327,44000,Dealer_Hedging,33040
2025-03-25,2327,0,Investment_Trust,298093
2025-03-26,2327,510063,Foreign_Investor,338069
2025-03-26,2327,0,Foreign_Dealer_Self,0
2025-03-26,2327,9000,Investment_Trust,0
2025-03-26,2327,14000,Dealer_self,23000
2025-03-26,2327,28697,Dealer_Hedging,181
2025-03-27,2327,425268,Foreign_Investor,310579
2025-03-27,2327,0,Foreign_Dealer_Self,0
2025-03-27,2327,0,Dealer_self,20000
2025-03-27,2327,6484,Dealer_Hedging,3739
2025-03-27,2327,10000,Investment_Trust,35000
2025-03-28,2327,546649,Foreign_Investor,1693288
2025-03-28,2327,0,Foreign_Dealer_Self,0
2025-03-28,2327,16000,Investment_Trust,9000
2025-03-28,2327,21000,Dealer_self,55158
2025-03-28,2327,9360,Dealer_Hedging,48481
2025-03-31,2327,1458903,Foreign_Investor,1474162
2025-03-31,2327,0,Foreign_Dealer_Self,0
2025-03-31,2327,23575,Investment_Trust,4000
2025-03-31,2327,72000,Dealer_self,188597
2025-03-31,2327,80180,Dealer_Hedging,126498
2025-04-01,2327,0,Foreign_Dealer_Self,0
2025-04-01,2327,16000,Investment_Trust,716
2025-04-01,2327,124000,Dealer_self,32241
2025-04-01,2327,31415,Dealer_Hedging,12086
2025-04-01,2327,1480808,Foreign_Investor,1849075
2025-04-02,2327,2057335,Foreign_Investor,870822
2025-04-02,2327,0,Foreign_Dealer_Self,0
2025-04-02,2327,13000,Investment_Trust,328
2025-04-02,2327,76201,Dealer_self,51000
2025-04-02,2327,93256,Dealer_Hedging,15997
2025-04-07,2327,124072,Foreign_Investor,128001
2025-04-07,2327,0,Foreign_Dealer_Self,0
2025-04-07,2327,0,Investment_Trust,0
2025-04-07,2327,0,Dealer_self,0
2025-04-07,2327,0,Dealer_Hedging,17000
2025-04-08,2327,2089122,Foreign_Investor,3563685
2025-04-08,2327,0,Foreign_Dealer_Self,0
2025-04-08,2327,36036,Investment_Trust,27000
2025-04-08,2327,149100,Dealer_self,163265
2025-04-08,2327,89377,Dealer_Hedging,154427
2025-04-09,2327,4225448,Foreign_Investor,4235296
2025-04-09,2327,0,Foreign_Dealer_Self,0
2025-04-09,2327,19941,Investment_Trust,48363
2025-04-09,2327,133173,Dealer_self,167144
2025-04-09,2327,140000,Dealer_Hedging,171389
2025-04-10,2327,283576,Foreign_Investor,134161
2025-04-10,2327,0,Foreign_Dealer_Self,0
2025-04-10,2327,0,Investment_Trust,9500
2025-04-10,2327,0,Dealer_self,0
2025-04-10,2327,84667,Dealer_Hedging,999
2025-04-11,2327,2984456,Foreign_Investor,3731639
2025-04-11,2327,0,Foreign_Dealer_Self,0
2025-04-11,2327,105873,Investment_Trust,18000
2025-04-11,2327,66000,Dealer_self,166836
2025-04-11,2327,154630,Dealer_Hedging,141684
2025-04-14,2327,2398208,Foreign_Investor,2466076
2025-04-14,2327,0,Foreign_Dealer_Self,0
2025-04-14,2327,784000,Investment_Trust,16433
2025-04-14,2327,57997,Dealer_self,97526
2025-04-14,2327,84848,Dealer_Hedging,88292
2025-04-15,2327,942342,Foreign_Investor,820143
2025-04-15,2327,0,Foreign_Dealer_Self,0
2025-04-15,2327,79846,Investment_Trust,9050
2025-04-15,2327,61000,Dealer_self,10000
2025-04-15,2327,68910,Dealer_Hedging,23000
2025-04-16,2327,1165364,Foreign_Investor,1161856
2025-04-16,2327,0,Foreign_Dealer_Self,0
2025-04-16,2327,5000,Investment_Trust,4611
2025-04-16,2327,32000,Dealer_self,49233
2025-04-16,2327,32912,Dealer_Hedging,59587
2025-04-17,2327,803301,Foreign_Investor,910028
2025-04-17,2327,0,Foreign_Dealer_Self,0
2025-04-17,2327,6000,Investment_Trust,0
2025-04-17,2327,24013,Dealer_self,16939
2025-04-17,2327,14335,Dealer_Hedging,32648
2025-04-18,2327,746555,Foreign_Investor,2536333
2025-04-18,2327,0,Foreign_Dealer_Self,0
2025-04-18,2327,187000,Investment_Trust,3510
2025-04-18,2327,102026,Dealer_self,77591
2025-04-18,2327,71360,Dealer_Hedging,95135
2025-04-21,2327,967806,Foreign_Investor,874304
2025-04-21,2327,0,Foreign_Dealer_Self,0
2025-04-21,2327,28000,Investment_Trust,5000
2025-04-21,2327,22452,Dealer_self,78250
2025-04-21,2327,42540,Dealer_Hedging,55428
2025-04-22,2327,952400,Foreign_Investor,518564
2025-04-22,2327,0,Foreign_Dealer_Self,0
2025-04-22,2327,25000,Investment_Trust,9000
2025-04-22,2327,32080,Dealer_self,47619
2025-04-22,2327,12553,Dealer_Hedging,28093
2025-04-23,2327,975523,Foreign_Investor,709039
2025-04-23,2327,0,Foreign_Dealer_Self,0
2025-04-23,2327,12000,Investment_Trust,56610
2025-04-23,2327,56402,Dealer_self,77145
2025-04-23,2327,23398,Dealer_Hedging,10100
2025-04-24,2327,337994,Foreign_Investor,840082
2025-04-24,2327,0,Foreign_Dealer_Self,0
2025-04-24,2327,2000,Investment_Trust,4164
2025-04-24,2327,8000,Dealer_self,36642
2025-04-24,2327,1000,Dealer_Hedging,13076
2025-04-25,2327,941058,Foreign_Investor,410300
2025-04-25,2327,0,Foreign_Dealer_Self,0
2025-04-25,2327,5000,Investment_Trust,509
2025-04-25,2327,35486,Dealer_self,21000
2025-04-25,2327,10267,Dealer_Hedging,9000
2025-04-28,2327,0,Foreign_Dealer_Self,0
2025-04-28,2327,6000,Investment_Trust,57730
2025-04-28,2327,48000,Dealer_self,14000
2025-04-28,2327,39500,Dealer_Hedging,3000
2025-04-28,2327,807383,Foreign_Investor,701084
2025-04-29,2327,0,Foreign_Dealer_Self,0
2025-04-29,2327,4000,Investment_Trust,4254
2025-04-29,2327,36000,Dealer_self,14000
2025-04-29,2327,8306,Dealer_Hedging,1000
2025-04-29,2327,589374,Foreign_Investor,491109
2025-04-30,2327,853521,Foreign_Investor,611142
2025-04-30,2327,0,Foreign_Dealer_Self,0
2025-04-30,2327,3000,Investment_Trust,28443
2025-04-30,2327,13000,Dealer_self,67041
2025-04-30,2327,15947,Dealer_Hedging,48582
2025-05-02,2327,596307,Foreign_Investor,528966
2025-05-02,2327,0,Foreign_Dealer_Self,0
2025-05-02,2327,0,Investment_Trust,2729
2025-05-02,2327,33081,Dealer_self,3844
2025-05-02,2327,30400,Dealer_Hedging,31295
2025-05-05,2327,1346404,Foreign_Investor,1228194
2025-05-05,2327,0,Foreign_Dealer_Self,0
2025-05-05,2327,8348,Investment_Trust,13236
2025-05-05,2327,25000,Dealer_self,109070
2025-05-05,2327,9000,Dealer_Hedging,73715
2025-05-06,2327,910917,Foreign_Investor,460016
2025-05-06,2327,0,Foreign_Dealer_Self,0
2025-05-06,2327,4000,Investment_Trust,6091
2025-05-06,2327,146,Dealer_self,33772
2025-05-06,2327,9020,Dealer_Hedging,10284
2025-05-07,2327,615317,Foreign_Investor,610864
2025-05-07,2327,0,Foreign_Dealer_Self,0
2025-05-07,2327,0,Investment_Trust,2064
2025-05-07,2327,12000,Dealer_self,35343
2025-05-07,2327,1397,Dealer_Hedging,49356
2025-05-08,2327,1559279,Foreign_Investor,756040
2025-05-08,2327,0,Foreign_Dealer_Self,0
2025-05-08,2327,0,Investment_Trust,2342
2025-05-08,2327,8996,Dealer_self,2249
2025-05-08,2327,19219,Dealer_Hedging,27144
2025-05-09,2327,0,Foreign_Dealer_Self,0
2025-05-09,2327,0,Investment_Trust,1364
2025-05-09,2327,5000,Dealer_self,34023
2025-05-09,2327,6100,Dealer_Hedging,23908
2025-05-09,2327,585752,Foreign_Investor,1009743
2025-05-12,2327,1283531,Foreign_Investor,575087
2025-05-12,2327,0,Foreign_Dealer_Self,0
2025-05-12,2327,0,Investment_Trust,1027
2025-05-12,2327,7224,Dealer_self,13001
2025-05-12,2327,14903,Dealer_Hedging,30100
2025-05-13,2327,0,Foreign_Dealer_Self,0
2025-05-13,2327,0,Investment_Trust,154630
2025-05-13,2327,30000,Dealer_self,32000
2025-05-13,2327,11000,Dealer_Hedging,38206
2025-05-13,2327,1107788,Foreign_Investor,2006057
2025-05-14,2327,1326007,Foreign_Investor,824001
2025-05-14,2327,0,Foreign_Dealer_Self,0
2025-05-14,2327,0,Investment_Trust,255000
2025-05-14,2327,61000,Dealer_self,11000
2025-05-14,2327,29291,Dealer_Hedging,2593
2025-05-15,2327,1016382,Foreign_Investor,925991
2025-05-15,2327,0,Foreign_Dealer_Self,0
2025-05-15,2327,0,Investment_Trust,8220
2025-05-15,2327,22000,Dealer_self,34475
2025-05-15,2327,3924,Dealer_Hedging,8937
2025-05-16,2327,0,Foreign_Dealer_Self,0
2025-05-16,2327,23000,Investment_Trust,5934
2025-05-16,2327,24000,Dealer_self,10353
2025-05-16,2327,11803,Dealer_Hedging,1403
2025-05-16,2327,1351705,Foreign_Investor,905000
2025-05-19,2327,0,Foreign_Dealer_Self,0
2025-05-19,2327,0,Investment_Trust,2141
2025-05-19,2327,46000,Dealer_self,18693
2025-05-19,2327,25000,Dealer_Hedging,56758
2025-05-19,2327,465404,Foreign_Investor,1726673
2025-05-20,2327,0,Foreign_Dealer_Self,0
2025-05-20,2327,10000,Investment_Trust,817
2025-05-20,2327,10000,Dealer_self,2000
2025-05-20,2327,17000,Dealer_Hedging,18434
2025-05-20,2327,829008,Foreign_Investor,1302639
2025-05-21,2327,0,Foreign_Dealer_Self,0
2025-05-21,2327,1000,Investment_Trust,1000
2025-05-21,2327,4354,Dealer_self,38000
2025-05-21,2327,192894,Dealer_Hedging,121678
2025-05-21,2327,1307203,Foreign_Investor,782466
2025-05-22,2327,437147,Foreign_Investor,536694
2025-05-22,2327,0,Foreign_Dealer_Self,0
2025-05-22,2327,194,Dealer_self,14217
2025-05-22,2327,5190,Dealer_Hedging,60315
2025-05-22,2327,34000,Investment_Trust,18632
2025-05-23,2327,343450,Foreign_Investor,622639
2025-05-23,2327,0,Foreign_Dealer_Self,0
2025-05-23,2327,15000,Investment_Trust,3000
2025-05-23,2327,8,Dealer_self,33608
2025-05-23,2327,20000,Dealer_Hedging,49042
2025-05-26,2327,453435,Foreign_Investor,425745
2025-05-26,2327,0,Foreign_Dealer_Self,0
2025-05-26,2327,2,Dealer_self,27385
2025-05-26,2327,1000,Dealer_Hedging,58066
2025-05-26,2327,0,Investment_Trust,10580
2025-05-27,2327,382068,Foreign_Investor,694162
2025-05-27,2327,0,Foreign_Dealer_Self,0
2025-05-27,2327,4106,Dealer_self,61000
2025-05-27,2327,36499,Dealer_Hedging,14315
2025-05-27,2327,0,Investment_Trust,5777
2025-05-28,2327,0,Foreign_Dealer_Self,0
2025-05-28,2327,2000,Investment_Trust,0
2025-05-28,2327,7971,Dealer_self,16000
2025-05-28,2327,10100,Dealer_Hedging,21317
2025-05-28,2327,941337,Foreign_Investor,1306224
2025-05-29,2327,1468895,Foreign_Investor,1764334
2025-05-29,2327,0,Foreign_Dealer_Self,0
2025-05-29,2327,250027,Investment_Trust,7000
2025-05-29,2327,114347,Dealer_self,7432
2025-05-29,2327,49617,Dealer_Hedging,0
2025-06-02,2327,420799,Foreign_Investor,1552876
2025-06-02,2327,0,Foreign_Dealer_Self,0
2025-06-02,2327,248000,Investment_Trust,16017
2025-06-02,2327,4100,Dealer_self,16000
2025-06-02,2327,52000,Dealer_Hedging,54975
2025-06-03,2327,751329,Foreign_Investor,632937
2025-06-03,2327,0,Foreign_Dealer_Self,0
2025-06-03,2327,250000,Investment_Trust,2610
2025-06-03,2327,18010,Dealer_self,3061
2025-06-03,2327,137297,Dealer_Hedging,12556
2025-06-04,2327,1187144,Foreign_Investor,1084571
2025-06-04,2327,0,Foreign_Dealer_Self,0
2025-06-04,2327,167000,Investment_Trust,2614
2025-06-04,2327,19783,Dealer_self,4000
2025-06-04,2327,268155,Dealer_Hedging,12000
2025-06-05,2327,604149,Foreign_Investor,1474989
2025-06-05,2327,0,Foreign_Dealer_Self,0
2025-06-05,2327,36800,Dealer_self,4000
2025-06-05,2327,31639,Dealer_Hedging,34728
2025-06-05,2327,101000,Investment_Trust,2720
2025-06-06,2327,368525,Foreign_Investor,545779
2025-06-06,2327,0,Foreign_Dealer_Self,0
2025-06-06,2327,0,Investment_Trust,1000
2025-06-06,2327,6408,Dealer_self,20108
2025-06-06,2327,38000,Dealer_Hedging,47417
2025-06-09,2327,920598,Foreign_Investor,1190845
2025-06-09,2327,0,Foreign_Dealer_Self,0
2025-06-09,2327,337000,Investment_Trust,1716
2025-06-09,2327,25800,Dealer_self,400
2025-06-09,2327,63234,Dealer_Hedging,33138
2025-06-10,2327,0,Foreign_Dealer_Self,0
2025-06-10,2327,2000,Investment_Trust,1817
2025-06-10,2327,85000,Dealer_self,25820
2025-06-10,2327,121000,Dealer_Hedging,38443
2025-06-10,2327,546916,Foreign_Investor,2100511
2025-06-11,2327,0,Foreign_Dealer_Self,0
2025-06-11,2327,0,Investment_Trust,2228
2025-06-11,2327,20100,Dealer_self,8616
2025-06-11,2327,52541,Dealer_Hedging,23847
2025-06-11,2327,949175,Foreign_Investor,1666914
2025-06-12,2327,497838,Foreign_Investor,1747893
2025-06-12,2327,0,Foreign_Dealer_Self,0
2025-06-12,2327,0,Investment_Trust,15629
2025-06-12,2327,66000,Dealer_self,10190
2025-06-12,2327,77000,Dealer_Hedging,31431
2025-06-13,2327,1185083,Foreign_Investor,1263271
2025-06-13,2327,0,Foreign_Dealer_Self,0
2025-06-13,2327,0,Investment_Trust,14004
2025-06-13,2327,11320,Dealer_self,250304
2025-06-13,2327,42681,Dealer_Hedging,223219
2025-06-16,2327,0,Foreign_Dealer_Self,0
2025-06-16,2327,0,Investment_Trust,53261
2025-06-16,2327,6300,Dealer_self,69246
2025-06-16,2327,33914,Dealer_Hedging,50000
2025-06-16,2327,1188159,Foreign_Investor,535409
2025-06-17,2327,1037046,Foreign_Investor,1253358
2025-06-17,2327,0,Foreign_Dealer_Self,0
2025-06-17,2327,69000,Investment_Trust,15201
2025-06-17,2327,0,Dealer_self,34976
2025-06-17,2327,61481,Dealer_Hedging,307873
2025-06-18,2327,777030,Foreign_Investor,1092296
2025-06-18,2327,0,Foreign_Dealer_Self,0
2025-06-18,2327,162000,Investment_Trust,21625
2025-06-18,2327,4400,Dealer_self,39034
2025-06-18,2327,6000,Dealer_Hedging,114192
2025-06-19,2327,728706,Foreign_Investor,1489819
2025-06-19,2327,0,Foreign_Dealer_Self,0
2025-06-19,2327,0,Investment_Trust,174000
2025-06-19,2327,4000,Dealer_self,8000
2025-06-19,2327,26000,Dealer_Hedging,61991
2025-06-20,2327,0,Foreign_Dealer_Self,0
2025-06-20,2327,0,Investment_Trust,1888245
2025-06-20,2327,3200,Dealer_self,21000
2025-06-20,2327,59000,Dealer_Hedging,136646
2025-06-20,2327,7584589,Foreign_Investor,5911118
2025-06-23,2327,0,Foreign_Dealer_Self,0
2025-06-23,2327,0,Investment_Trust,30705
2025-06-23,2327,3000,Dealer_self,8000
2025-06-23,2327,22124,Dealer_Hedging,42984
2025-06-23,2327,886000,Foreign_Investor,624882
2025-06-24,2327,1687852,Foreign_Investor,974499
2025-06-24,2327,0,Foreign_Dealer_Self,0
2025-06-24,2327,185000,Investment_Trust,6009
2025-06-24,2327,7000,Dealer_self,0
2025-06-24,2327,31324,Dealer_Hedging,114100
2025-06-25,2327,0,Foreign_Dealer_Self,0
2025-06-25,2327,3000,Investment_Trust,13245
2025-06-25,2327,7000,Dealer_self,41000
2025-06-25,2327,15000,Dealer_Hedging,131125
2025-06-25,2327,1488005,Foreign_Investor,1289334
2025-06-26,2327,0,Foreign_Dealer_Self,0
2025-06-26,2327,65000,Investment_Trust,4625
2025-06-26,2327,8000,Dealer_self,198218
2025-06-26,2327,7639,Dealer_Hedging,123146
2025-06-26,2327,1734372,Foreign_Investor,1027000
2025-06-27,2327,3293772,Foreign_Investor,1408517
2025-06-27,2327,0,Foreign_Dealer_Self,0
2025-06-27,2327,97000,Investment_Trust,13241
2025-06-27,2327,48200,Dealer_self,350448
2025-06-27,2327,59450,Dealer_Hedging,37815
2025-06-30,2327,656313,Foreign_Investor,744960
2025-06-30,2327,0,Foreign_Dealer_Self,0
2025-06-30,2327,10171,Investment_Trust,3476
2025-06-30,2327,6000,Dealer_self,90539
2025-06-30,2327,2049,Dealer_Hedging,30098
2025-07-01,2327,965035,Foreign_Investor,469212
2025-07-01,2327,0,Foreign_Dealer_Self,0
2025-07-01,2327,26172,Investment_Trust,1000
2025-07-01,2327,14200,Dealer_self,8000
2025-07-01,2327,4417,Dealer_Hedging,1388
2025-07-02,2327,1708765,Foreign_Investor,844116
2025-07-02,2327,0,Foreign_Dealer_Self,0
2025-07-02,2327,80000,Investment_Trust,5000
2025-07-02,2327,25998,Dealer_self,39923
2025-07-02,2327,37552,Dealer_Hedging,2000
2025-07-03,2327,1714724,Foreign_Investor,978949
2025-07-03,2327,0,Foreign_Dealer_Self,0
2025-07-03,2327,58000,Investment_Trust,5442
2025-07-03,2327,8563,Dealer_self,26000
2025-07-03,2327,57383,Dealer_Hedging,11010
2025-07-04,2327,1474540,Foreign_Investor,1234417
2025-07-04,2327,0,Foreign_Dealer_Self,0
2025-07-04,2327,14000,Investment_Trust,667872
2025-07-04,2327,11000,Dealer_self,8000
2025-07-04,2327,14511,Dealer_Hedging,59751
2025-07-07,2327,917605,Foreign_Investor,532467
2025-07-07,2327,0,Foreign_Dealer_Self,0
2025-07-07,2327,0,Investment_Trust,300009
2025-07-07,2327,5000,Dealer_self,2903
2025-07-07,2327,21100,Dealer_Hedging,22874
2025-07-08,2327,552173,Foreign_Investor,550651
2025-07-08,2327,0,Foreign_Dealer_Self,0
2025-07-08,2327,867,Investment_Trust,2000
2025-07-08,2327,6000,Dealer_self,6426
2025-07-08,2327,43587,Dealer_Hedging,4556
2025-07-09,2327,1185601,Foreign_Investor,565077
2025-07-09,2327,0,Foreign_Dealer_Self,0
2025-07-09,2327,1000,Investment_Trust,7009
2025-07-09,2327,8000,Dealer_self,0
2025-07-09,2327,81070,Dealer_Hedging,6158
2025-07-10,2327,1013835,Foreign_Investor,519672
2025-07-10,2327,0,Foreign_Dealer_Self,0
2025-07-10,2327,0,Investment_Trust,353626
2025-07-10,2327,1000,Dealer_self,15000
2025-07-10,2327,26617,Dealer_Hedging,22220
2025-07-11,2327,753538,Foreign_Investor,370718
2025-07-11,2327,0,Foreign_Dealer_Self,0
2025-07-11,2327,0,Investment_Trust,32626
2025-07-11,2327,13000,Dealer_self,7000
2025-07-11,2327,40934,Dealer_Hedging,19298
2025-07-14,2327,729970,Foreign_Investor,615140
2025-07-14,2327,0,Foreign_Dealer_Self,0
2025-07-14,2327,8000,Investment_Trust,12247
2025-07-14,2327,0,Dealer_self,16200
2025-07-14,2327,6142,Dealer_Hedging,13837
2025-07-15,2327,1076798,Foreign_Investor,587539
2025-07-15,2327,0,Foreign_Dealer_Self,0
2025-07-15,2327,51000,Investment_Trust,10088
2025-07-15,2327,22772,Dealer_self,21000
2025-07-15,2327,57850,Dealer_Hedging,132
2025-07-16,2327,1081973,Foreign_Investor,1059981
2025-07-16,2327,0,Foreign_Dealer_Self,0
2025-07-16,2327,49345,Investment_Trust,593635
2025-07-16,2327,71748,Dealer_self,36457
2025-07-16,2327,75511,Dealer_Hedging,63817
2025-07-17,2327,901726,Foreign_Investor,636082
2025-07-17,2327,0,Foreign_Dealer_Self,0
2025-07-17,2327,334,Investment_Trust,17004
2025-07-17,2327,30000,Dealer_self,31000
2025-07-17,2327,60068,Dealer_Hedging,25277
2025-07-18,2327,917050,Foreign_Investor,493168
2025-07-18,2327,0,Foreign_Dealer_Self,0
2025-07-18,2327,1000,Investment_Trust,480645
2025-07-18,2327,24247,Dealer_self,45000
2025-07-18,2327,9971,Dealer_Hedging,36500
2025-07-21,2327,834005,Foreign_Investor,280017
2025-07-21,2327,0,Foreign_Dealer_Self,0
2025-07-21,2327,0,Investment_Trust,148243
2025-07-21,2327,12000,Dealer_self,4421
2025-07-21,2327,29273,Dealer_Hedging,5000
2025-07-22,2327,1241235,Foreign_Investor,723146
2025-07-22,2327,0,Foreign_Dealer_Self,0
2025-07-22,2327,84,Investment_Trust,35013
2025-07-22,2327,27571,Dealer_self,25000
2025-07-22,2327,63838,Dealer_Hedging,43811
2025-07-23,2327,2109040,Foreign_Investor,514889
2025-07-23,2327,0,Foreign_Dealer_Self,0
2025-07-23,2327,153000,Investment_Trust,16000
2025-07-23,2327,162507,Dealer_self,51000
2025-07-23,2327,418810,Dealer_Hedging,26568
2025-07-24,2327,595477,Foreign_Investor,807262
2025-07-24,2327,0,Foreign_Dealer_Self,0
2025-07-24,2327,6000,Investment_Trust,21627
2025-07-24,2327,26000,Dealer_self,29000
2025-07-24,2327,18928,Dealer_Hedging,73731
2025-07-25,2327,495729,Foreign_Investor,600607
2025-07-25,2327,0,Foreign_Dealer_Self,0
2025-07-25,2327,151000,Investment_Trust,25000
2025-07-25,2327,29000,Dealer_self,23000
2025-07-25,2327,4082,Dealer_Hedging,68960
2025-07-28,2327,766562,Foreign_Investor,543208
2025-07-28,2327,0,Foreign_Dealer_Self,0
2025-07-28,2327,0,Investment_Trust,16627
2025-07-28,2327,24000,Dealer_self,7000
2025-07-28,2327,23537,Dealer_Hedging,13100
2025-07-29,2327,1168612,Foreign_Investor,861026
2025-07-29,2327,0,Foreign_Dealer_Self,0
2025-07-29,2327,2000,Investment_Trust,15004
2025-07-29,2327,44000,Dealer_self,17000
2025-07-29,2327,111493,Dealer_Hedging,34565
2025-07-30,2327,1139809,Foreign_Investor,2529644
2025-07-30,2327,0,Foreign_Dealer_Self,0
2025-07-30,2327,29000,Investment_Trust,142000
2025-07-30,2327,238000,Dealer_self,103616
2025-07-30,2327,117839,Dealer_Hedging,161011
2025-07-31,2327,1437495,Foreign_Investor,1287110
2025-07-31,2327,0,Foreign_Dealer_Self,0
2025-07-31,2327,4000,Investment_Trust,40004
2025-07-31,2327,200725,Dealer_self,28317
2025-07-31,2327,249001,Dealer_Hedging,15961
2025-08-01,2327,1942315,Foreign_Investor,944130
2025-08-01,2327,0,Foreign_Dealer_Self,0
2025-08-01,2327,16000,Investment_Trust,11650
2025-08-01,2327,163000,Dealer_self,72000
2025-08-01,2327,100590,Dealer_Hedging,24531
2025-08-04,2327,0,Foreign_Dealer_Self,0
2025-08-04,2327,11000,Investment_Trust,3000
2025-08-04,2327,197626,Dealer_self,87506
2025-08-04,2327,47777,Dealer_Hedging,108576
2025-08-04,2327,558026,Foreign_Investor,864282
2025-08-05,2327,0,Foreign_Dealer_Self,0
2025-08-05,2327,15000,Investment_Trust,12004
2025-08-05,2327,287611,Dealer_self,20000
2025-08-05,2327,67781,Dealer_Hedging,34198
2025-08-05,2327,3853827,Foreign_Investor,3041207
2025-08-06,2327,0,Foreign_Dealer_Self,0
2025-08-06,2327,22000,Investment_Trust,9050
2025-08-06,2327,41000,Dealer_self,2000
2025-08-06,2327,72000,Dealer_Hedging,38574
2025-08-06,2327,2100761,Foreign_Investor,2918119
2025-08-07,2327,1115159,Foreign_Investor,608925
2025-08-07,2327,0,Foreign_Dealer_Self,0
2025-08-07,2327,50610,Investment_Trust,6000
2025-08-07,2327,41000,Dealer_self,1000
2025-08-07,2327,26657,Dealer_Hedging,4700
2025-08-08,2327,682732,Foreign_Investor,310560
2025-08-08,2327,0,Foreign_Dealer_Self,0
2025-08-08,2327,7000,Investment_Trust,18584
2025-08-08,2327,2700,Dealer_self,1000
2025-08-08,2327,7600,Dealer_Hedging,19848
2025-08-11,2327,1165889,Foreign_Investor,303987
2025-08-11,2327,0,Foreign_Dealer_Self,0
2025-08-11,2327,11000,Dealer_self,22000
2025-08-11,2327,28250,Dealer_Hedging,13671
2025-08-11,2327,8000,Investment_Trust,162058
2025-08-12,2327,547081,Foreign_Investor,238747
2025-08-12,2327,0,Foreign_Dealer_Self,0
2025-08-12,2327,0,Investment_Trust,14084
2025-08-12,2327,0,Dealer_self,29000
2025-08-12,2327,16228,Dealer_Hedging,11109
2025-08-13,2327,0,Foreign_Dealer_Self,0
2025-08-13,2327,0,Investment_Trust,7009
2025-08-13,2327,51187,Dealer_self,19340
2025-08-13,2327,27539,Dealer_Hedging,28836
2025-08-13,2327,1402728,Foreign_Investor,779471
2025-08-25,2327,6482072,Foreign_Investor,10870637
2025-08-25,2327,0,Foreign_Dealer_Self,0
2025-08-25,2327,300746,Investment_Trust,142009
2025-08-25,2327,363000,Dealer_self,275000
2025-08-25,2327,199046,Dealer_Hedging,587141
2025-08-26,2327,10179846,Foreign_Investor,13472444
2025-08-26,2327,0,Foreign_Dealer_Self,0
2025-08-26,2327,66,Investment_Trust,636000
2025-08-26,2327,152000,Dealer_self,189000
2025-08-26,2327,71210,Dealer_Hedging,187509
2025-08-27,2327,4260884,Foreign_Investor,7518779
2025-08-27,2327,0,Foreign_Dealer_Self,0
2025-08-27,2327,48000,Dealer_self,122000
2025-08-27,2327,58000,Dealer_Hedging,205472
2025-08-27,2327,114000,Investment_Trust,1323000
2025-08-28,2327,2130571,Foreign_Investor,5118452
2025-08-28,2327,0,Foreign_Dealer_Self,0
2025-08-28,2327,0,Investment_Trust,96036
2025-08-28,2327,51000,Dealer_self,219000
2025-08-28,2327,155629,Dealer_Hedging,108265
2025-08-29,2327,0,Foreign_Dealer_Self,0
2025-08-29,2327,1000,Investment_Trust,306820
2025-08-29,2327,82000,Dealer_self,96000
2025-08-29,2327,228121,Dealer_Hedging,406918
2025-08-29,2327,2846339,Foreign_Investor,4442064
2025-09-01,2327,2063980,Foreign_Investor,4316578
2025-09-01,2327,0,Foreign_Dealer_Self,0
2025-09-01,2327,21366,Investment_Trust,94000
2025-09-01,2327,93000,Dealer_self,163776
2025-09-01,2327,157030,Dealer_Hedging,392242
2025-09-02,2327,4597102,Foreign_Investor,2110604
2025-09-02,2327,0,Foreign_Dealer_Self,0
2025-09-02,2327,0,Investment_Trust,85000
2025-09-02,2327,34000,Dealer_self,51000
2025-09-02,2327,145136,Dealer_Hedging,81967
2025-09-03,2327,4289253,Foreign_Investor,3724560
2025-09-03,2327,0,Foreign_Dealer_Self,0
2025-09-03,2327,0,Investment_Trust,91000
2025-09-03,2327,7000,Dealer_self,55000
2025-09-03,2327,65000,Dealer_Hedging,76016
2025-09-04,2327,2015356,Foreign_Investor,4183334
2025-09-04,2327,0,Foreign_Dealer_Self,0
2025-09-04,2327,0,Investment_Trust,14018
2025-09-04,2327,25000,Dealer_self,169000
2025-09-04,2327,89388,Dealer_Hedging,50957
2025-09-05,2327,3168914,Foreign_Investor,2788000
2025-09-05,2327,0,Foreign_Dealer_Self,0
2025-09-05,2327,0,Investment_Trust,67018
2025-09-05,2327,57000,Dealer_self,10000
2025-09-05,2327,197000,Dealer_Hedging,120111
2025-09-08,2327,4733782,Foreign_Investor,2406157
2025-09-08,2327,0,Foreign_Dealer_Self,0
2025-09-08,2327,112400,Dealer_self,6000
2025-09-08,2327,276398,Dealer_Hedging,69395
2025-09-08,2327,0,Investment_Trust,55504
2025-09-09,2327,2686391,Foreign_Investor,4208741
2025-09-09,2327,0,Foreign_Dealer_Self,0
2025-09-09,2327,8000,Investment_Trust,53018
2025-09-09,2327,19000,Dealer_self,131400
2025-09-09,2327,60475,Dealer_Hedging,99383
2025-09-10,2327,6690333,Foreign_Investor,3928155
2025-09-10,2327,0,Foreign_Dealer_Self,0
2025-09-10,2327,0,Investment_Trust,81423
2025-09-10,2327,89100,Dealer_self,154000
2025-09-10,2327,744220,Dealer_Hedging,51286
2025-09-11,2327,2563885,Foreign_Investor,6314666
2025-09-11,2327,0,Foreign_Dealer_Self,0
2025-09-11,2327,0,Investment_Trust,122988
2025-09-11,2327,73000,Dealer_self,481000
2025-09-11,2327,114165,Dealer_Hedging,601953
2025-09-12,2327,13957302,Foreign_Investor,7653631
2025-09-12,2327,0,Foreign_Dealer_Self,0
2025-09-12,2327,0,Investment_Trust,62036
2025-09-12,2327,356014,Dealer_self,196492
2025-09-12,2327,1211267,Dealer_Hedging,190035
2025-09-15,2327,6336870,Foreign_Investor,18374714
2025-09-15,2327,0,Foreign_Dealer_Self,0
2025-09-15,2327,0,Investment_Trust,123474
2025-09-15,2327,152000,Dealer_self,293000
2025-09-15,2327,365768,Dealer_Hedging,1094651
2025-09-16,2327,5583475,Foreign_Investor,8038259
2025-09-16,2327,0,Foreign_Dealer_Self,0
2025-09-16,2327,996014,Investment_Trust,917000
2025-09-16,2327,116200,Dealer_self,31000
2025-09-16,2327,310796,Dealer_Hedging,233138
2025-09-17,2327,13158397,Foreign_Investor,17687261
2025-09-17,2327,0,Foreign_Dealer_Self,0
2025-09-17,2327,1444000,Investment_Trust,33746
2025-09-17,2327,364000,Dealer_self,108700
2025-09-17,2327,1367592,Dealer_Hedging,304049
2025-09-18,2327,6633734,Foreign_Investor,10945710
2025-09-18,2327,0,Foreign_Dealer_Self,0
2025-09-18,2327,1075000,Investment_Trust,10000
2025-09-18,2327,179000,Dealer_self,88200
2025-09-18,2327,379737,Dealer_Hedging,535079
2025-09-19,2327,0,Foreign_Dealer_Self,0
2025-09-19,2327,129674,Investment_Trust,178877
2025-09-19,2327,760900,Dealer_self,200000
2025-09-19,2327,2011683,Dealer_Hedging,677204
2025-09-19,2327,29217648,Foreign_Investor,18985741
2025-09-22,2327,19700445,Foreign_Investor,40916724
2025-09-22,2327,0,Foreign_Dealer_Self,0
2025-09-22,2327,174000,Investment_Trust,48006
2025-09-22,2327,867000,Dealer_self,686000
2025-09-22,2327,1319078,Dealer_Hedging,1760839
2025-09-23,2327,10466687,Foreign_Investor,13444466
2025-09-23,2327,0,Foreign_Dealer_Self,0
2025-09-23,2327,649000,Investment_Trust,21000
2025-09-23,2327,194998,Dealer_self,254298
2025-09-23,2327,349790,Dealer_Hedging,679993
2025-09-24,2327,9344512,Foreign_Investor,15910889
2025-09-24,2327,0,Foreign_Dealer_Self,0
2025-09-24,2327,8000,Investment_Trust,21374
2025-09-24,2327,711100,Dealer_self,306200
2025-09-24,2327,1271613,Dealer_Hedging,483691
2025-09-25,2327,6037723,Foreign_Investor,20799128
2025-09-25,2327,0,Foreign_Dealer_Self,0
2025-09-25,2327,9000,Investment_Trust,716000
2025-09-25,2327,302000,Dealer_self,685626
2025-09-25,2327,196848,Dealer_Hedging,1279551
2025-09-26,2327,16585615,Foreign_Investor,20205293
2025-09-26,2327,0,Foreign_Dealer_Self,0
2025-09-26,2327,111000,Investment_Trust,21000
2025-09-26,2327,257000,Dealer_self,610100
2025-09-26,2327,898754,Dealer_Hedging,800584
2025-09-30,2327,0,Foreign_Dealer_Self,0
2025-09-30,2327,130666,Investment_Trust,2000
2025-09-30,2327,146000,Dealer_self,29000
2025-09-30,2327,594235,Dealer_Hedging,153608
2025-09-30,2327,6476437,Foreign_Investor,10160080
2025-10-01,2327,7061695,Foreign_Investor,9960213
2025-10-01,2327,0,Foreign_Dealer_Self,0
2025-10-01,2327,233000,Investment_Trust,1127068
2025-10-01,2327,481500,Dealer_self,43000
2025-10-01,2327,272982,Dealer_Hedging,299202
2025-10-02,2327,9173593,Foreign_Investor,3762606
2025-10-02,2327,0,Foreign_Dealer_Self,0
2025-10-02,2327,55347,Investment_Trust,28000
2025-10-02,2327,162400,Dealer_self,344000
2025-10-02,2327,232978,Dealer_Hedging,176527
2025-10-03,2327,9509753,Foreign_Investor,8055116
2025-10-03,2327,0,Foreign_Dealer_Self,0
2025-10-03,2327,51000,Investment_Trust,14469
2025-10-03,2327,738200,Dealer_self,253000
2025-10-03,2327,1177318,Dealer_Hedging,152007
2025-10-07,2327,23303950,Foreign_Investor,21605060
2025-10-07,2327,0,Foreign_Dealer_Self,0
2025-10-07,2327,444000,Investment_Trust,63000
2025-10-07,2327,768600,Dealer_self,211200
2025-10-07,2327,2079424,Dealer_Hedging,400560
2025-10-08,2327,7640556,Foreign_Investor,12345672
2025-10-08,2327,0,Foreign_Dealer_Self,0
2025-10-08,2327,686000,Investment_Trust,38000
2025-10-08,2327,163000,Dealer_self,223200
2025-10-08,2327,379437,Dealer_Hedging,668278
2025-10-09,2327,8477055,Foreign_Investor,14325727
2025-10-09,2327,0,Foreign_Dealer_Self,0
2025-10-09,2327,85000,Investment_Trust,44025
2025-10-09,2327,464000,Dealer_self,657000
2025-10-09,2327,75000,Dealer_Hedging,1385015
2025-10-13,2327,9805085,Foreign_Investor,9795445
2025-10-13,2327,0,Foreign_Dealer_Self,0
2025-10-13,2327,82000,Investment_Trust,28014
2025-10-13,2327,220000,Dealer_self,533200
2025-10-13,2327,422120,Dealer_Hedging,620462
2025-10-14,2327,12143726,Foreign_Investor,17094066
2025-10-14,2327,0,Foreign_Dealer_Self,0
2025-10-14,2327,204032,Investment_Trust,159014
2025-10-14,2327,113000,Dealer_self,323501
2025-10-14,2327,410414,Dealer_Hedging,1226903
2025-10-15,2327,0,Foreign_Dealer_Self,0
2025-10-15,2327,38000,Investment_Trust,0
2025-10-15,2327,48000,Dealer_self,252000
2025-10-15,2327,452054,Dealer_Hedging,284531
2025-10-15,2327,5696823,Foreign_Investor,6498095
2025-10-16,2327,9381065,Foreign_Investor,4238307
2025-10-16,2327,0,Foreign_Dealer_Self,0
2025-10-16,2327,17000,Investment_Trust,31469
2025-10-16,2327,183517,Dealer_self,26000
2025-10-16,2327,651396,Dealer_Hedging,151682
2025-10-17,2327,0,Foreign_Dealer_Self,0
2025-10-17,2327,19000,Investment_Trust,200000
2025-10-17,2327,517287,Dealer_self,72289
2025-10-17,2327,1463417,Dealer_Hedging,206184
2025-10-17,2327,22400954,Foreign_Investor,10659721
2025-10-20,2327,25378766,Foreign_Investor,21812223
2025-10-20,2327,0,Foreign_Dealer_Self,0
2025-10-20,2327,1177000,Investment_Trust,112975
2025-10-20,2327,514083,Dealer_self,45600
2025-10-20,2327,1618069,Dealer_Hedging,437858
2025-10-21,2327,37443468,Foreign_Investor,32335827
2025-10-21,2327,0,Foreign_Dealer_Self,0
2025-10-21,2327,4304000,Investment_Trust,87000
2025-10-21,2327,945900,Dealer_self,974967
2025-10-21,2327,1523624,Dealer_Hedging,1182162
2025-10-22,2327,0,Foreign_Dealer_Self,0
2025-10-22,2327,395400,Dealer_self,724500
2025-10-22,2327,629758,Dealer_Hedging,1038708
2025-10-22,2327,20222962,Foreign_Investor,15757881
2025-10-22,2327,1322469,Investment_Trust,96000
2025-10-23,2327,44198025,Foreign_Investor,28960579
2025-10-23,2327,0,Foreign_Dealer_Self,0
2025-10-23,2327,1346909,Dealer_self,757300
2025-10-23,2327,2189225,Dealer_Hedging,706277
2025-10-23,2327,3923000,Investment_Trust,3000
2025-10-27,2327,32989034,Foreign_Investor,42736083
2025-10-27,2327,0,Foreign_Dealer_Self,0
2025-10-27,2327,684000,Investment_Trust,113105
2025-10-27,2327,1022450,Dealer_self,707989
2025-10-27,2327,2314499,Dealer_Hedging,1481632
2025-10-28,2327,26173224,Foreign_Investor,22338969
2025-10-28,2327,0,Foreign_Dealer_Self,0
2025-10-28,2327,139000,Investment_Trust,107000
2025-10-28,2327,521000,Dealer_self,493600
2025-10-28,2327,599061,Dealer_Hedging,1302158
2025-10-29,2327,18523305,Foreign_Investor,32829844
2025-10-29,2327,0,Foreign_Dealer_Self,0
2025-10-29,2327,249000,Investment_Trust,317000
2025-10-29,2327,512200,Dealer_self,606600
2025-10-29,2327,401256,Dealer_Hedging,918126
2025-10-30,2327,25495187,Foreign_Investor,22021695
2025-10-30,2327,0,Foreign_Dealer_Self,0
2025-10-30,2327,19000,Investment_Trust,1005000
2025-10-30,2327,867700,Dealer_self,791800
2025-10-30,2327,467592,Dealer_Hedging,969821
2025-10-31,2327,19848737,Foreign_Investor,10752077
2025-10-31,2327,0,Foreign_Dealer_Self,0
2025-10-31,2327,105000,Investment_Trust,735024
2025-10-31,2327,222500,Dealer_self,363800
2025-10-31,2327,329797,Dealer_Hedging,589240
2025-11-03,2327,20508616,Foreign_Investor,19270620
2025-11-03,2327,0,Foreign_Dealer_Self,0
2025-11-03,2327,204875,Investment_Trust,1700047
2025-11-03,2327,411000,Dealer_self,421100
2025-11-03,2327,1247113,Dealer_Hedging,561640
2025-11-04,2327,24665309,Foreign_Investor,25113229
2025-11-04,2327,0,Foreign_Dealer_Self,0
2025-11-04,2327,407200,Dealer_self,619802
2025-11-04,2327,501451,Dealer_Hedging,1433512
2025-11-04,2327,523936,Investment_Trust,1401500
2025-11-05,2327,31626699,Foreign_Investor,22017578
2025-11-05,2327,0,Foreign_Dealer_Self,0
2025-11-05,2327,191041,Investment_Trust,1403047
2025-11-05,2327,568200,Dealer_self,1093617
2025-11-05,2327,841590,Dealer_Hedging,1276958
2025-11-06,2327,10981109,Foreign_Investor,16152449
2025-11-06,2327,0,Foreign_Dealer_Self,0
2025-11-06,2327,588800,Dealer_self,455000
2025-11-06,2327,479229,Dealer_Hedging,376299
2025-11-06,2327,611562,Investment_Trust,21000
2025-11-07,2327,10964770,Foreign_Investor,10820440
2025-11-07,2327,0,Foreign_Dealer_Self,0
2025-11-07,2327,164646,Investment_Trust,370000
2025-11-07,2327,49000,Dealer_self,435655
2025-11-07,2327,191299,Dealer_Hedging,702324
2025-11-10,2327,12590379,Foreign_Investor,10552564
2025-11-10,2327,0,Foreign_Dealer_Self,0
2025-11-10,2327,20351,Investment_Trust,408000
2025-11-10,2327,256000,Dealer_self,497300
2025-11-10,2327,259953,Dealer_Hedging,514757
2025-11-11,2327,6560172,Foreign_Investor,8651446
2025-11-11,2327,0,Foreign_Dealer_Self,0
2025-11-11,2327,16468,Investment_Trust,907796
2025-11-11,2327,588100,Dealer_self,159900
2025-11-11,2327,334926,Dealer_Hedging,182224
2025-11-12,2327,0,Foreign_Dealer_Self,0
2025-11-12,2327,7000,Investment_Trust,208290
2025-11-12,2327,285400,Dealer_self,200900
2025-11-12,2327,791673,Dealer_Hedging,574745
2025-11-12,2327,7317184,Foreign_Investor,10435299
2025-11-13,2327,0,Foreign_Dealer_Self,0
2025-11-13,2327,335000,Investment_Trust,92007
2025-11-13,2327,1353800,Dealer_self,134900
2025-11-13,2327,3296916,Dealer_Hedging,653541
2025-11-13,2327,18679050,Foreign_Investor,36282991
2025-11-14,2327,11723303,Foreign_Investor,20006208
2025-11-14,2327,0,Foreign_Dealer_Self,0
2025-11-14,2327,241000,Investment_Trust,351592
2025-11-14,2327,240000,Dealer_self,879600
2025-11-14,2327,382205,Dealer_Hedging,1425151
2025-11-17,2327,10749475,Foreign_Investor,7971417
2025-11-17,2327,0,Foreign_Dealer_Self,0
2025-11-17,2327,70000,Dealer_self,565900
2025-11-17,2327,227069,Dealer_Hedging,1445580
2025-11-17,2327,853679,Investment_Trust,714118
2025-11-18,2327,21183610,Foreign_Investor,13699961
2025-11-18,2327,0,Foreign_Dealer_Self,0
2025-11-18,2327,3574000,Investment_Trust,105338
2025-11-18,2327,361144,Dealer_self,982600
2025-11-18,2327,781449,Dealer_Hedging,1003490
2025-11-19,2327,13833799,Foreign_Investor,22394545
2025-11-19,2327,0,Foreign_Dealer_Self,0
2025-11-19,2327,507348,Investment_Trust,76000
2025-11-19,2327,339000,Dealer_self,568000
2025-11-19,2327,530238,Dealer_Hedging,992057
2025-11-20,2327,12413311,Foreign_Investor,6507520
2025-11-20,2327,0,Foreign_Dealer_Self,0
2025-11-20,2327,521681,Investment_Trust,15785
2025-11-20,2327,133600,Dealer_self,181000
2025-11-20,2327,250573,Dealer_Hedging,205561
2025-11-21,2327,10374791,Foreign_Investor,15633362
2025-11-21,2327,0,Foreign_Dealer_Self,0
2025-11-21,2327,18007,Investment_Trust,10000
2025-11-21,2327,156200,Dealer_self,300920
2025-11-21,2327,440150,Dealer_Hedging,362772
2025-11-24,2327,14532852,Foreign_Investor,14920803
2025-11-24,2327,0,Foreign_Dealer_Self,0
2025-11-24,2327,562500,Investment_Trust,102
2025-11-24,2327,130000,Dealer_self,197300
2025-11-24,2327,499223,Dealer_Hedging,155659
2025-11-25,2327,6255941,Foreign_Investor,12012004
2025-11-25,2327,0,Foreign_Dealer_Self,0
2025-11-25,2327,303000,Dealer_self,70000
2025-11-25,2327,136061,Dealer_Hedging,395854
2025-11-25,2327,29000,Investment_Trust,465268
2025-11-26,2327,8761178,Foreign_Investor,4638101
2025-11-26,2327,0,Foreign_Dealer_Self,0
2025-11-26,2327,345339,Investment_Trust,107800
2025-11-26,2327,99000,Dealer_self,125100
2025-11-26,2327,82132,Dealer_Hedging,43125
2025-11-27,2327,11796394,Foreign_Investor,5405516
2025-11-27,2327,0,Foreign_Dealer_Self,0
2025-11-27,2327,113000,Investment_Trust,3643540
2025-11-27,2327,647100,Dealer_self,101000
2025-11-27,2327,587797,Dealer_Hedging,118428
2025-11-28,2327,9050404,Foreign_Investor,19502395
2025-11-28,2327,0,Foreign_Dealer_Self,0
2025-11-28,2327,843086,Dealer_self,251500
2025-11-28,2327,732957,Dealer_Hedging,328535
2025-11-28,2327,44000,Investment_Trust,849000
2025-12-01,2327,4835093,Foreign_Investor,7532131
2025-12-01,2327,0,Foreign_Dealer_Self,0
2025-12-01,2327,116000,Investment_Trust,620000
2025-12-01,2327,80000,Dealer_self,173600
2025-12-01,2327,181287,Dealer_Hedging,334798
2025-12-02,2327,6792603,Foreign_Investor,6841375
2025-12-02,2327,0,Foreign_Dealer_Self,0
2025-12-02,2327,49414,Investment_Trust,148903
2025-12-02,2327,19000,Dealer_self,40300
2025-12-02,2327,165596,Dealer_Hedging,173275
2025-12-03,2327,13338612,Foreign_Investor,3271221
2025-12-03,2327,0,Foreign_Dealer_Self,0
2025-12-03,2327,6000,Investment_Trust,110785
2025-12-03,2327,49300,Dealer_self,298100
2025-12-03,2327,315875,Dealer_Hedging,117064
2025-12-04,2327,5806029,Foreign_Investor,3557285
2025-12-04,2327,0,Foreign_Dealer_Self,0
2025-12-04,2327,10000,Investment_Trust,2569
2025-12-04,2327,120000,Dealer_self,66800
2025-12-04,2327,293790,Dealer_Hedging,186472
2025-12-05,2327,7301127,Foreign_Investor,3478222
2025-12-05,2327,0,Foreign_Dealer_Self,0
2025-12-05,2327,1000,Investment_Trust,7000
2025-12-05,2327,228998,Dealer_self,98400
2025-12-05,2327,53843,Dealer_Hedging,185526
2025-12-08,2327,0,Foreign_Dealer_Self,0
2025-12-08,2327,19000,Investment_Trust,381023
2025-12-08,2327,252200,Dealer_self,346600
2025-12-08,2327,164329,Dealer_Hedging,103595
2025-12-08,2327,4844886,Foreign_Investor,5961447
2025-12-09,2327,10283145,Foreign_Investor,7036924
2025-12-09,2327,0,Foreign_Dealer_Self,0
2025-12-09,2327,31000,Investment_Trust,18472
2025-12-09,2327,256700,Dealer_self,455200
2025-12-09,2327,279916,Dealer_Hedging,56245
2025-12-10,2327,24957363,Foreign_Investor,26133588
2025-12-10,2327,0,Foreign_Dealer_Self,0
2025-12-10,2327,23022,Investment_Trust,15201
2025-12-10,2327,2250100,Dealer_self,1177400
2025-12-10,2327,1904442,Dealer_Hedging,237396
2025-12-11,2327,0,Foreign_Dealer_Self,0
2025-12-11,2327,31000,Investment_Trust,162059
2025-12-11,2327,411068,Dealer_self,770769
2025-12-11,2327,43466,Dealer_Hedging,1410900
2025-12-11,2327,8407212,Foreign_Investor,19581657
2025-12-12,2327,4824013,Foreign_Investor,5486772
2025-12-12,2327,0,Foreign_Dealer_Self,0
2025-12-12,2327,1048000,Investment_Trust,1616
2025-12-12,2327,81000,Dealer_self,246656
2025-12-12,2327,78099,Dealer_Hedging,237094
2025-12-15,2327,0,Foreign_Dealer_Self,0
2025-12-15,2327,27000,Investment_Trust,33934
2025-12-15,2327,122000,Dealer_self,211994
2025-12-15,2327,82000,Dealer_Hedging,279619
2025-12-15,2327,3499821,Foreign_Investor,10043908
2025-12-16,2327,0,Foreign_Dealer_Self,0
2025-12-16,2327,111876,Investment_Trust,481785
2025-12-16,2327,132000,Dealer_self,321900
2025-12-16,2327,439000,Dealer_Hedging,987663
2025-12-16,2327,5139786,Foreign_Investor,10276933
2025-12-17,2327,5281335,Foreign_Investor,7855661
2025-12-17,2327,0,Foreign_Dealer_Self,0
2025-12-17,2327,72000,Investment_Trust,127000
2025-12-17,2327,73600,Dealer_self,123000
2025-12-17,2327,287967,Dealer_Hedging,571867
2025-12-18,2327,6553424,Foreign_Investor,8435258
2025-12-18,2327,0,Foreign_Dealer_Self,0
2025-12-18,2327,46000,Investment_Trust,785
2025-12-18,2327,473000,Dealer_self,14700
2025-12-18,2327,136720,Dealer_Hedging,124069
2025-12-19,2327,0,Foreign_Dealer_Self,0
2025-12-19,2327,60000,Dealer_self,602800
2025-12-19,2327,160596,Dealer_Hedging,94244
2025-12-19,2327,9521600,Foreign_Investor,9731650
2025-12-19,2327,32217,Investment_Trust,212500
2025-12-22,2327,5326335,Foreign_Investor,3724121
2025-12-22,2327,0,Foreign_Dealer_Self,0
2025-12-22,2327,14000,Investment_Trust,95785
2025-12-22,2327,38000,Dealer_self,5000
2025-12-22,2327,246778,Dealer_Hedging,33764
2025-12-23,2327,2709832,Foreign_Investor,4245253
2025-12-23,2327,0,Foreign_Dealer_Self,0
2025-12-23,2327,33000,Dealer_self,17300
2025-12-23,2327,18000,Dealer_Hedging,145754
2025-12-23,2327,0,Investment_Trust,831000
2025-12-24,2327,1327549,Foreign_Investor,4577892
2025-12-24,2327,0,Foreign_Dealer_Self,0
2025-12-24,2327,76000,Dealer_self,4100
2025-12-24,2327,69000,Dealer_Hedging,91564
2025-12-24,2327,70390,Investment_Trust,57000
2025-12-26,2327,2504707,Foreign_Investor,2378656
2025-12-26,2327,0,Foreign_Dealer_Self,0
2025-12-26,2327,0,Investment_Trust,125000
2025-12-26,2327,83000,Dealer_self,20000
2025-12-26,2327,183000,Dealer_Hedging,40496
2025-12-29,2327,1679030,Foreign_Investor,2929563
2025-12-29,2327,0,Foreign_Dealer_Self,0
2025-12-29,2327,21000,Investment_Trust,423047
2025-12-29,2327,202000,Dealer_self,58300
2025-12-29,2327,108000,Dealer_Hedging,111654
2025-12-30,2327,0,Foreign_Dealer_Self,0
2025-12-30,2327,83400,Dealer_self,315600
2025-12-30,2327,219961,Dealer_Hedging,35475
2025-12-30,2327,4152161,Foreign_Investor,6322922
2025-12-30,2327,5049000,Investment_Trust,2490898
2025-12-31,2327,6773166,Foreign_Investor,13051159
2025-12-31,2327,0,Foreign_Dealer_Self,0
2025-12-31,2327,248500,Dealer_self,239000
2025-12-31,2327,634350,Dealer_Hedging,179810
2025-12-31,2327,8446222,Investment_Trust,974359
2026-01-02,2327,17039469,Foreign_Investor,15551756
2026-01-02,2327,0,Foreign_Dealer_Self,0
2026-01-02,2327,4152185,Investment_Trust,51785
2026-01-02,2327,596839,Dealer_self,27180
2026-01-02,2327,1916837,Dealer_Hedging,170226
2026-01-05,2327,24365481,Foreign_Investor,14832310
2026-01-05,2327,0,Foreign_Dealer_Self,0
2026-01-05,2327,2712000,Investment_Trust,28396
2026-01-05,2327,752999,Dealer_self,305100
2026-01-05,2327,1900298,Dealer_Hedging,519130
2026-01-06,2327,0,Foreign_Dealer_Self,0
2026-01-06,2327,1370000,Investment_Trust,183031
2026-01-06,2327,435800,Dealer_self,102599
2026-01-06,2327,1692604,Dealer_Hedging,433602
2026-01-06,2327,28706484,Foreign_Investor,8823305
2026-01-07,2327,18627398,Foreign_Investor,9123154
2026-01-07,2327,0,Foreign_Dealer_Self,0
2026-01-07,2327,2778000,Investment_Trust,457464
2026-01-07,2327,321000,Dealer_self,94100
2026-01-07,2327,544872,Dealer_Hedging,630103
2026-01-08,2327,11610769,Foreign_Investor,18737802
2026-01-08,2327,0,Foreign_Dealer_Self,0
2026-01-08,2327,520000,Investment_Trust,84530
2026-01-08,2327,213000,Dealer_self,877100
2026-01-08,2327,267450,Dealer_Hedging,1650763
2026-01-09,2327,0,Foreign_Dealer_Self,0
2026-01-09,2327,439000,Investment_Trust,47358
2026-01-09,2327,153000,Dealer_self,384200
2026-01-09,2327,807326,Dealer_Hedging,177906
2026-01-09,2327,22094816,Foreign_Investor,20080219
2026-01-12,2327,11345764,Foreign_Investor,7787146
2026-01-12,2327,0,Foreign_Dealer_Self,0
2026-01-12,2327,2248000,Investment_Trust,84188
2026-01-12,2327,231000,Dealer_self,628200
2026-01-12,2327,451420,Dealer_Hedging,524408
2026-01-13,2327,39679034,Foreign_Investor,12286749
2026-01-13,2327,0,Foreign_Dealer_Self,0
2026-01-13,2327,1745000,Investment_Trust,355402
2026-01-13,2327,908000,Dealer_self,330100
2026-01-13,2327,2036557,Dealer_Hedging,1388060
2026-01-14,2327,0,Foreign_Dealer_Self,0
2026-01-14,2327,8172000,Investment_Trust,616000
2026-01-14,2327,1711000,Dealer_self,384100
2026-01-14,2327,2324259,Dealer_Hedging,682024
2026-01-14,2327,35188346,Foreign_Investor,39229937
2026-01-15,2327,15192198,Foreign_Investor,22020078
2026-01-15,2327,0,Foreign_Dealer_Self,0
2026-01-15,2327,2445000,Investment_Trust,22898
2026-01-15,2327,519500,Dealer_self,773000
2026-01-15,2327,370611,Dealer_Hedging,1241737
2026-01-16,2327,25604884,Foreign_Investor,15265317
2026-01-16,2327,0,Foreign_Dealer_Self,0
2026-01-16,2327,610100,Dealer_self,649200
2026-01-16,2327,1024455,Dealer_Hedging,557614
2026-01-16,2327,2894001,Investment_Trust,312570
2026-01-19,2327,0,Foreign_Dealer_Self,0
2026-01-19,2327,1363500,Dealer_self,306796
2026-01-19,2327,1420647,Dealer_Hedging,990614
2026-01-19,2327,26168909,Foreign_Investor,31085271
2026-01-19,2327,6878000,Investment_Trust,254693
2026-01-20,2327,0,Foreign_Dealer_Self,0
2026-01-20,2327,2344000,Investment_Trust,51292
2026-01-20,2327,177600,Dealer_self,509800
2026-01-20,2327,548485,Dealer_Hedging,839941
2026-01-20,2327,11854935,Foreign_Investor,25420699
2026-01-21,2327,18090328,Foreign_Investor,18352485
2026-01-21,2327,0,Foreign_Dealer_Self,0
2026-01-21,2327,247000,Investment_Trust,325721
2026-01-21,2327,446200,Dealer_self,1262793
2026-01-21,2327,445099,Dealer_Hedging,1674108
2026-01-22,2327,36783853,Foreign_Investor,16602508
2026-01-22,2327,0,Foreign_Dealer_Self,0
2026-01-22,2327,370000,Dealer_self,300007
2026-01-22,2327,1214189,Dealer_Hedging,601368
2026-01-22,2327,4450000,Investment_Trust,758929
2026-01-23,2327,11352908,Foreign_Investor,16072398
2026-01-23,2327,0,Foreign_Dealer_Self,0
2026-01-23,2327,519000,Investment_Trust,3404
2026-01-23,2327,116500,Dealer_self,272300
2026-01-23,2327,244662,Dealer_Hedging,808553
2026-01-26,2327,5979232,Foreign_Investor,10214728
2026-01-26,2327,0,Foreign_Dealer_Self,0
2026-01-26,2327,91000,Investment_Trust,96717
2026-01-26,2327,73000,Dealer_self,300237
2026-01-26,2327,164000,Dealer_Hedging,406340
2026-01-27,2327,14005508,Foreign_Investor,6110038
2026-01-27,2327,0,Foreign_Dealer_Self,0
2026-01-27,2327,371000,Investment_Trust,1283242
2026-01-27,2327,154000,Dealer_self,358200
2026-01-27,2327,427604,Dealer_Hedging,52520
2026-01-28,2327,6692596,Foreign_Investor,22763280
2026-01-28,2327,0,Foreign_Dealer_Self,0
2026-01-28,2327,562000,Investment_Trust,641085
2026-01-28,2327,196000,Dealer_self,444785
2026-01-28,2327,237501,Dealer_Hedging,1159018
2026-01-29,2327,0,Foreign_Dealer_Self,0
2026-01-29,2327,74000,Dealer_self,432609
2026-01-29,2327,171819,Dealer_Hedging,1740543
2026-01-29,2327,13143053,Foreign_Investor,7515842
2026-01-29,2327,1286000,Investment_Trust,324001
2026-01-30,2327,0,Foreign_Dealer_Self,0
2026-01-30,2327,178000,Investment_Trust,281673
2026-01-30,2327,55500,Dealer_self,296230
2026-01-30,2327,212287,Dealer_Hedging,635128
2026-01-30,2327,6130624,Foreign_Investor,10295606
2026-02-02,2327,13119458,Foreign_Investor,13369799
2026-02-02,2327,0,Foreign_Dealer_Self,0
2026-02-02,2327,153000,Dealer_self,282599
2026-02-02,2327,219240,Dealer_Hedging,968379
2026-02-02,2327,999000,Investment_Trust,2714920
2026-02-03,2327,8761934,Foreign_Investor,7659989
2026-02-03,2327,0,Foreign_Dealer_Self,0
2026-02-03,2327,591372,Investment_Trust,1014951
2026-02-03,2327,144000,Dealer_self,127000
2026-02-03,2327,346789,Dealer_Hedging,488856
2026-02-04,2327,0,Foreign_Dealer_Self,0
2026-02-04,2327,495000,Investment_Trust,1078880
2026-02-04,2327,102000,Dealer_self,74000
2026-02-04,2327,189654,Dealer_Hedging,80156
2026-02-04,2327,3982930,Foreign_Investor,5344314
2026-02-05,2327,0,Foreign_Dealer_Self,0
2026-02-05,2327,41000,Dealer_self,149416
2026-02-05,2327,251113,Dealer_Hedging,299812
2026-02-05,2327,5393243,Foreign_Investor,8188973
2026-02-05,2327,471467,Investment_Trust,2929381
2026-02-06,2327,13856876,Foreign_Investor,14613798
2026-02-06,2327,0,Foreign_Dealer_Self,0
2026-02-06,2327,546425,Investment_Trust,2441426
2026-02-06,2327,236300,Dealer_self,221600
2026-02-06,2327,544512,Dealer_Hedging,648422
2026-02-09,2327,5812321,Foreign_Investor,6940140
2026-02-09,2327,0,Foreign_Dealer_Self,0
2026-02-09,2327,31000,Dealer_self,95217
2026-02-09,2327,277013,Dealer_Hedging,322404
2026-02-09,2327,34000,Investment_Trust,1774000
2026-02-10,2327,6175100,Foreign_Investor,7773328
2026-02-10,2327,0,Foreign_Dealer_Self,0
2026-02-10,2327,120000,Investment_Trust,563000
2026-02-10,2327,129000,Dealer_self,50000
2026-02-10,2327,160017,Dealer_Hedging,179244
2026-02-11,2327,7926149,Foreign_Investor,7487499
2026-02-11,2327,0,Foreign_Dealer_Self,0
2026-02-11,2327,280000,Investment_Trust,1786000
2026-02-11,2327,126000,Dealer_self,36200
2026-02-11,2327,256342,Dealer_Hedging,280624
2026-02-23,2327,0,Foreign_Dealer_Self,0
2026-02-23,2327,0,Investment_Trust,242357
2026-02-23,2327,164000,Dealer_self,628000
2026-02-23,2327,860701,Dealer_Hedging,1163548
2026-02-23,2327,21750490,Foreign_Investor,3650168
2026-02-24,2327,51026936,Foreign_Investor,17407396
2026-02-24,2327,0,Foreign_Dealer_Self,0
2026-02-24,2327,920641,Dealer_self,69400
2026-02-24,2327,1350808,Dealer_Hedging,387387
2026-02-24,2327,2611000,Investment_Trust,435594
2026-02-25,2327,11016394,Foreign_Investor,13848181
2026-02-25,2327,0,Foreign_Dealer_Self,0
2026-02-25,2327,778000,Investment_Trust,1018777
2026-02-25,2327,300100,Dealer_self,115565
2026-02-25,2327,506392,Dealer_Hedging,483508
2026-02-26,2327,23852368,Foreign_Investor,20758575
2026-02-26,2327,0,Foreign_Dealer_Self,0
2026-02-26,2327,46000,Investment_Trust,3081827
2026-02-26,2327,773586,Dealer_self,138754
2026-02-26,2327,567207,Dealer_Hedging,546113
2026-03-02,2327,0,Foreign_Dealer_Self,0
2026-03-02,2327,405000,Investment_Trust,579638
2026-03-02,2327,496814,Dealer_self,74023
2026-03-02,2327,289061,Dealer_Hedging,263677
2026-03-02,2327,15644008,Foreign_Investor,10726251
2026-03-03,2327,14071499,Foreign_Investor,20790480
2026-03-03,2327,0,Foreign_Dealer_Self,0
2026-03-03,2327,854000,Investment_Trust,411720
2026-03-03,2327,169000,Dealer_self,479328
2026-03-03,2327,242995,Dealer_Hedging,805369
2026-03-04,2327,0,Foreign_Dealer_Self,0
2026-03-04,2327,1537000,Investment_Trust,439485
2026-03-04,2327,187000,Dealer_self,678028
2026-03-04,2327,1075603,Dealer_Hedging,1244394
2026-03-04,2327,13897256,Foreign_Investor,18986706
2026-03-05,2327,9583348,Foreign_Investor,9119275
2026-03-05,2327,0,Foreign_Dealer_Self,0
2026-03-05,2327,164000,Investment_Trust,106860
2026-03-05,2327,147000,Dealer_self,257900
2026-03-05,2327,349464,Dealer_Hedging,276844
2026-03-06,2327,4673293,Foreign_Investor,8319548
2026-03-06,2327,0,Foreign_Dealer_Self,0
2026-03-06,2327,119000,Investment_Trust,903000
2026-03-06,2327,86000,Dealer_self,97954
2026-03-06,2327,389377,Dealer_Hedging,498103
2026-03-09,2327,0,Foreign_Dealer_Self,0
2026-03-09,2327,642344,Investment_Trust,79494
2026-03-09,2327,166700,Dealer_self,517171
2026-03-09,2327,1056170,Dealer_Hedging,1459021
2026-03-09,2327,10187522,Foreign_Investor,14578878
2026-03-10,2327,8505686,Foreign_Investor,10314986
2026-03-10,2327,0,Foreign_Dealer_Self,0
2026-03-10,2327,686344,Investment_Trust,76594
2026-03-10,2327,30300,Dealer_self,46000
2026-03-10,2327,412889,Dealer_Hedging,431388
2026-03-11,2327,0,Foreign_Dealer_Self,0
2026-03-11,2327,8000,Investment_Trust,158000
2026-03-11,2327,292100,Dealer_self,30000
2026-03-11,2327,456527,Dealer_Hedging,282503
2026-03-11,2327,5099592,Foreign_Investor,7583193
2026-03-12,2327,4418241,Foreign_Investor,13831743
2026-03-12,2327,0,Foreign_Dealer_Self,0
2026-03-12,2327,52000,Investment_Trust,321774
2026-03-12,2327,254000,Dealer_self,182100
2026-03-12,2327,374060,Dealer_Hedging,590687
2026-03-13,2327,6192669,Foreign_Investor,3325472
2026-03-13,2327,0,Foreign_Dealer_Self,0
2026-03-13,2327,72800,Dealer_self,68000
2026-03-13,2327,231477,Dealer_Hedging,186925
2026-03-13,2327,33000,Investment_Trust,374774
2026-03-16,2327,5295486,Foreign_Investor,6388754
2026-03-16,2327,0,Foreign_Dealer_Self,0
2026-03-16,2327,571010,Investment_Trust,326765
2026-03-16,2327,28000,Dealer_self,58200
2026-03-16,2327,184483,Dealer_Hedging,250344
2026-03-17,2327,14941874,Foreign_Investor,11462791
2026-03-17,2327,0,Foreign_Dealer_Self,0
2026-03-17,2327,1499000,Investment_Trust,170321
2026-03-17,2327,1103700,Dealer_self,290000
2026-03-17,2327,1634086,Dealer_Hedging,358080
2026-03-18,2327,12923498,Foreign_Investor,16003671
2026-03-18,2327,0,Foreign_Dealer_Self,0
2026-03-18,2327,1223345,Investment_Trust,2121321
2026-03-18,2327,609000,Dealer_self,397682
2026-03-18,2327,1040279,Dealer_Hedging,1080390
2026-03-19,2327,13465356,Foreign_Investor,8838857
2026-03-19,2327,0,Foreign_Dealer_Self,0
2026-03-19,2327,134000,Investment_Trust,3172547
2026-03-19,2327,333298,Dealer_self,160689
2026-03-19,2327,387422,Dealer_Hedging,313442
2026-03-20,2327,0,Foreign_Dealer_Self,0
2026-03-20,2327,764028,Investment_Trust,442424
2026-03-20,2327,51000,Dealer_self,414146
2026-03-20,2327,443438,Dealer_Hedging,591336
2026-03-20,2327,10245967,Foreign_Investor,14915888
2026-03-23,2327,4589094,Foreign_Investor,10086179
2026-03-23,2327,0,Foreign_Dealer_Self,0
2026-03-23,2327,316425,Investment_Trust,1430320
2026-03-23,2327,42000,Dealer_self,522461
2026-03-23,2327,518519,Dealer_Hedging,1262177
2026-03-24,2327,0,Foreign_Dealer_Self,0
2026-03-24,2327,34000,Investment_Trust,810349
2026-03-24,2327,122000,Dealer_self,279693
2026-03-24,2327,690379,Dealer_Hedging,838227
2026-03-24,2327,6482564,Foreign_Investor,8062273
2026-03-25,2327,0,Foreign_Dealer_Self,0
2026-03-25,2327,8000,Investment_Trust,10448
2026-03-25,2327,125200,Dealer_self,23000
2026-03-25,2327,330452,Dealer_Hedging,24807
2026-03-25,2327,8288091,Foreign_Investor,3081832
2026-03-26,2327,5778772,Foreign_Investor,2909501
2026-03-26,2327,0,Foreign_Dealer_Self,0
2026-03-26,2327,0,Investment_Trust,18432
2026-03-26,2327,197700,Dealer_self,161800
2026-03-26,2327,194752,Dealer_Hedging,192427
2026-03-27,2327,3792050,Foreign_Investor,4470710
2026-03-27,2327,0,Foreign_Dealer_Self,0
2026-03-27,2327,40000,Investment_Trust,24741
2026-03-27,2327,367000,Dealer_self,64302
2026-03-27,2327,210281,Dealer_Hedging,298045
2026-03-30,2327,4525380,Foreign_Investor,5230487
2026-03-30,2327,0,Foreign_Dealer_Self,0
2026-03-30,2327,589349,Investment_Trust,19604
2026-03-30,2327,251000,Dealer_self,256238
2026-03-30,2327,262032,Dealer_Hedging,287439
2026-03-31,2327,0,Foreign_Dealer_Self,0
2026-03-31,2327,333000,Investment_Trust,271000
2026-03-31,2327,158000,Dealer_self,274566
2026-03-31,2327,605054,Dealer_Hedging,733252
2026-03-31,2327,6360676,Foreign_Investor,12195829
2026-04-01,2327,0,Foreign_Dealer_Self,0
2026-04-01,2327,67136,Investment_Trust,580000
2026-04-01,2327,146300,Dealer_self,167000
2026-04-01,2327,239077,Dealer_Hedging,97997
2026-04-01,2327,5610501,Foreign_Investor,3542808
2026-04-02,2327,4087568,Foreign_Investor,6241318
2026-04-02,2327,0,Foreign_Dealer_Self,0
2026-04-02,2327,289643,Investment_Trust,334311
2026-04-02,2327,91000,Dealer_self,56385
2026-04-02,2327,152938,Dealer_Hedging,264162
2026-04-07,2327,7205507,Foreign_Investor,2812514
2026-04-07,2327,0,Foreign_Dealer_Self,0
2026-04-07,2327,103476,Investment_Trust,188774
2026-04-07,2327,106400,Dealer_self,69000
2026-04-07,2327,383547,Dealer_Hedging,124374
2026-04-08,2327,15280798,Foreign_Investor,3893555
2026-04-08,2327,0,Foreign_Dealer_Self,0
2026-04-08,2327,77078,Investment_Trust,258000
2026-04-08,2327,325020,Dealer_self,121100
2026-04-08,2327,728137,Dealer_Hedging,313537
2026-04-09,2327,24313289,Foreign_Investor,5231633
2026-04-09,2327,0,Foreign_Dealer_Self,0
2026-04-09,2327,13423,Investment_Trust,151923
2026-04-09,2327,432847,Dealer_self,360649
2026-04-09,2327,894130,Dealer_Hedging,573139
2026-04-10,2327,0,Foreign_Dealer_Self,0
2026-04-10,2327,3264,Investment_Trust,127193
2026-04-10,2327,130400,Dealer_self,95117
2026-04-10,2327,401892,Dealer_Hedging,596884
2026-04-10,2327,22812883,Foreign_Investor,8104321
2026-04-13,2327,46146932,Foreign_Investor,23442708
2026-04-13,2327,0,Foreign_Dealer_Self,0
2026-04-13,2327,2558230,Investment_Trust,527696
2026-04-13,2327,1831496,Dealer_self,142000
2026-04-13,2327,2869807,Dealer_Hedging,357474
2026-04-14,2327,0,Foreign_Dealer_Self,0
2026-04-14,2327,3779646,Investment_Trust,71819
2026-04-14,2327,844909,Dealer_self,207893
2026-04-14,2327,1003424,Dealer_Hedging,639750
2026-04-14,2327,28251683,Foreign_Investor,18063753
2026-04-15,2327,26818201,Foreign_Investor,22176668
2026-04-15,2327,0,Foreign_Dealer_Self,0
2026-04-15,2327,508961,Dealer_self,282100
2026-04-15,2327,815178,Dealer_Hedging,759768
2026-04-15,2327,1796711,Investment_Trust,254652
2026-04-16,2327,28999260,Foreign_Investor,20827028
2026-04-16,2327,0,Foreign_Dealer_Self,0
2026-04-16,2327,1366170,Investment_Trust,147877
2026-04-16,2327,402295,Dealer_self,644297
2026-04-16,2327,720466,Dealer_Hedging,950223
2026-04-17,2327,16465015,Foreign_Investor,20104903
2026-04-17,2327,0,Foreign_Dealer_Self,0
2026-04-17,2327,241115,Investment_Trust,213727
2026-04-17,2327,237250,Dealer_self,510143
2026-04-17,2327,538866,Dealer_Hedging,840842
2026-04-20,2327,10720058,Foreign_Investor,9942276
2026-04-20,2327,0,Foreign_Dealer_Self,0
2026-04-20,2327,949668,Investment_Trust,1073080
2026-04-20,2327,480450,Dealer_self,560658
2026-04-20,2327,466293,Dealer_Hedging,210936
2026-04-21,2327,19556984,Foreign_Investor,10355033
2026-04-21,2327,0,Foreign_Dealer_Self,0
2026-04-21,2327,576962,Investment_Trust,2924976
2026-04-21,2327,275000,Dealer_self,476086
2026-04-21,2327,289640,Dealer_Hedging,409882
2026-04-22,2327,0,Foreign_Dealer_Self,0
2026-04-22,2327,40000,Dealer_self,511436
2026-04-22,2327,205430,Dealer_Hedging,441934
2026-04-22,2327,11389027,Foreign_Investor,15344612
2026-04-22,2327,490324,Investment_Trust,1494574
2026-04-23,2327,23828874,Foreign_Investor,25009637
2026-04-23,2327,0,Foreign_Dealer_Self,0
2026-04-23,2327,554000,Investment_Trust,1370205
2026-04-23,2327,328000,Dealer_self,1219698
2026-04-23,2327,788326,Dealer_Hedging,1584398
2026-04-24,2327,0,Foreign_Dealer_Self,0
2026-04-24,2327,570000,Investment_Trust,3601669
2026-04-24,2327,167000,Dealer_self,303251
2026-04-24,2327,423475,Dealer_Hedging,340766
2026-04-24,2327,15770278,Foreign_Investor,14520806
2026-04-27,2327,16854983,Foreign_Investor,13543831
2026-04-27,2327,0,Foreign_Dealer_Self,0
2026-04-27,2327,951000,Investment_Trust,506795
2026-04-27,2327,127000,Dealer_self,182276
2026-04-27,2327,703447,Dealer_Hedging,335074
2026-04-28,2327,0,Foreign_Dealer_Self,0
2026-04-28,2327,3842000,Investment_Trust,298282
2026-04-28,2327,536000,Dealer_self,126997
2026-04-28,2327,977230,Dealer_Hedging,255420
2026-04-28,2327,21604105,Foreign_Investor,18135381
2026-04-29,2327,12296121,Foreign_Investor,9237614
2026-04-29,2327,0,Foreign_Dealer_Self,0
2026-04-29,2327,2192000,Investment_Trust,4676363
2026-04-29,2327,159500,Dealer_self,41533
2026-04-29,2327,248214,Dealer_Hedging,234910
2026-04-30,2327,14532166,Foreign_Investor,14301606
2026-04-30,2327,0,Foreign_Dealer_Self,0
2026-04-30,2327,225000,Investment_Trust,336352
2026-04-30,2327,337100,Dealer_self,153352
2026-04-30,2327,546230,Dealer_Hedging,501954
2026-05-04,2327,26532862,Foreign_Investor,16460764
2026-05-04,2327,0,Foreign_Dealer_Self,0
2026-05-04,2327,759000,Dealer_self,166313
2026-05-04,2327,954213,Dealer_Hedging,554502
2026-05-04,2327,373000,Investment_Trust,283539
2026-05-05,2327,17824027,Foreign_Investor,17096390
2026-05-05,2327,0,Foreign_Dealer_Self,0
2026-05-05,2327,421716,Investment_Trust,272623
2026-05-05,2327,201000,Dealer_self,64000
2026-05-05,2327,300606,Dealer_Hedging,308910
2026-05-06,2327,18364202,Foreign_Investor,20918902
2026-05-06,2327,0,Foreign_Dealer_Self,0
2026-05-06,2327,1393414,Investment_Trust,313483
2026-05-06,2327,189000,Dealer_self,306898
2026-05-06,2327,398406,Dealer_Hedging,826018
2026-05-07,2327,19441339,Foreign_Investor,12758507
2026-05-07,2327,0,Foreign_Dealer_Self,0
2026-05-07,2327,2183000,Investment_Trust,2573
2026-05-07,2327,774000,Dealer_self,326000
2026-05-07,2327,896161,Dealer_Hedging,115101
2026-05-08,2327,0,Foreign_Dealer_Self,0
2026-05-08,2327,6223000,Investment_Trust,125844
2026-05-08,2327,468000,Dealer_self,276687
2026-05-08,2327,1119181,Dealer_Hedging,1258573
2026-05-08,2327,35464460,Foreign_Investor,34797022
2026-05-11,2327,0,Foreign_Dealer_Self,0
2026-05-11,2327,6848000,Investment_Trust,20432
2026-05-11,2327,198000,Dealer_self,144919
2026-05-11,2327,641085,Dealer_Hedging,538802
2026-05-11,2327,14758269,Foreign_Investor,23838342
2026-05-12,2327,21852168,Foreign_Investor,23141171
2026-05-12,2327,0,Foreign_Dealer_Self,0
2026-05-12,2327,2098357,Investment_Trust,398723
2026-05-12,2327,646000,Dealer_self,251609
2026-05-12,2327,1141749,Dealer_Hedging,622297
2026-05-13,2327,0,Foreign_Dealer_Self,0
2026-05-13,2327,6256605,Investment_Trust,176000
2026-05-13,2327,309000,Dealer_self,227868
2026-05-13,2327,611996,Dealer_Hedging,514383
2026-05-13,2327,17212140,Foreign_Investor,22205357
2026-05-14,2327,262000,Foreign_Investor,3846359
2026-05-14,2327,0,Foreign_Dealer_Self,0
2026-05-14,2327,0,Investment_Trust,165000
2026-05-14,2327,0,Dealer_self,102500
2026-05-14,2327,478424,Dealer_Hedging,8232
2026-05-15,2327,49025319,Foreign_Investor,43843115
2026-05-15,2327,0,Foreign_Dealer_Self,0
2026-05-15,2327,478001,Dealer_self,473721
2026-05-15,2327,906107,Dealer_Hedging,1763955
2026-05-15,2327,6230451,Investment_Trust,219436
2026-05-18,2327,0,Foreign_Dealer_Self,0
2026-05-18,2327,292851,Dealer_self,993318
2026-05-18,2327,1438055,Dealer_Hedging,1867408
2026-05-18,2327,22894115,Foreign_Investor,27511250
2026-05-18,2327,6940000,Investment_Trust,91000
2026-05-19,2327,32036574,Foreign_Investor,33190751
2026-05-19,2327,0,Foreign_Dealer_Self,0
2026-05-19,2327,454500,Dealer_self,361500
2026-05-19,2327,1061880,Dealer_Hedging,1161386
2026-05-19,2327,5422000,Investment_Trust,76128
2026-05-20,2327,27314622,Foreign_Investor,35410234
2026-05-20,2327,0,Foreign_Dealer_Self,0
2026-05-20,2327,353224,Dealer_self,959274
2026-05-20,2327,631888,Dealer_Hedging,693733
2026-05-20,2327,10641000,Investment_Trust,593321
2026-05-21,2327,0,Foreign_Dealer_Self,0
2026-05-21,2327,99000,Dealer_self,40483
2026-05-21,2327,828025,Dealer_Hedging,13100
2026-05-21,2327,5643997,Foreign_Investor,8389369
2026-05-21,2327,439000,Investment_Trust,134000
2026-05-22,2327,24645303,Foreign_Investor,24713793
2026-05-22,2327,0,Foreign_Dealer_Self,0
2026-05-22,2327,2258000,Investment_Trust,143551
2026-05-22,2327,1071398,Dealer_self,137483
2026-05-22,2327,1468251,Dealer_Hedging,1222815
2026-05-25,2327,27048343,Foreign_Investor,27975305
2026-05-25,2327,0,Foreign_Dealer_Self,0
2026-05-25,2327,306000,Dealer_self,92389
2026-05-25,2327,1247828,Dealer_Hedging,1260949
2026-05-25,2327,3153000,Investment_Trust,195000
2026-05-26,2327,9521525,Foreign_Investor,13273558
2026-05-26,2327,0,Foreign_Dealer_Self,0
2026-05-26,2327,188000,Investment_Trust,63792
2026-05-26,2327,1099500,Dealer_self,546500
2026-05-26,2327,1293256,Dealer_Hedging,642551
2026-05-27,2327,8793080,Foreign_Investor,12183341
2026-05-27,2327,0,Foreign_Dealer_Self,0
2026-05-27,2327,73000,Investment_Trust,32000
2026-05-27,2327,748400,Dealer_self,166000
2026-05-27,2327,830536,Dealer_Hedging,198946
2026-05-28,2327,9534450,Foreign_Investor,10946862
2026-05-28,2327,0,Foreign_Dealer_Self,0
2026-05-28,2327,598756,Dealer_self,207432
2026-05-28,2327,418528,Dealer_Hedging,352400
2026-05-28,2327,138422,Investment_Trust,112000
2026-05-29,2327,0,Foreign_Dealer_Self,0
2026-05-29,2327,284000,Investment_Trust,5890
2026-05-29,2327,461000,Dealer_self,494000
2026-05-29,2327,899424,Dealer_Hedging,327855
2026-05-29,2327,13201824,Foreign_Investor,18639784
2026-06-01,2327,0,Foreign_Dealer_Self,0
2026-06-01,2327,102000,Investment_Trust,115000
2026-06-01,2327,522000,Dealer_self,338000
2026-06-01,2327,441351,Dealer_Hedging,88111
2026-06-01,2327,14713295,Foreign_Investor,12453928
2026-06-02,2327,0,Foreign_Dealer_Self,0
2026-06-02,2327,292000,Dealer_self,282100
2026-06-02,2327,171645,Dealer_Hedging,93584
2026-06-02,2327,10320506,Foreign_Investor,9247800
2026-06-02,2327,436000,Investment_Trust,323000
2026-06-03,2327,4423269,Foreign_Investor,10078345
2026-06-03,2327,0,Foreign_Dealer_Self,0
2026-06-03,2327,317000,Dealer_self,82000
2026-06-03,2327,199328,Dealer_Hedging,101694
2026-06-03,2327,74000,Investment_Trust,400326
2026-06-04,2327,4414561,Foreign_Investor,10972363
2026-06-04,2327,0,Foreign_Dealer_Self,0
2026-06-04,2327,366000,Investment_Trust,121326
2026-06-04,2327,241996,Dealer_self,321991
2026-06-04,2327,196205,Dealer_Hedging,274226
2026-06-05,2327,7072068,Foreign_Investor,8890567
2026-06-05,2327,0,Foreign_Dealer_Self,0
2026-06-05,2327,702998,Dealer_self,606390
2026-06-05,2327,429025,Dealer_Hedging,527299
2026-06-05,2327,842000,Investment_Trust,44254
2026-06-08,2327,5331510,Foreign_Investor,11935508
2026-06-08,2327,0,Foreign_Dealer_Self,0
2026-06-08,2327,470000,Investment_Trust,51000
2026-06-08,2327,555352,Dealer_self,918351
2026-06-08,2327,399111,Dealer_Hedging,811927
2026-06-09,2327,0,Foreign_Dealer_Self,0
2026-06-09,2327,230062,Dealer_self,353520
2026-06-09,2327,1203944,Dealer_Hedging,525246
2026-06-09,2327,8657361,Foreign_Investor,21252679
2026-06-09,2327,2448000,Investment_Trust,27002
2026-06-10,2327,0,Foreign_Dealer_Self,0
2026-06-10,2327,8410010,Investment_Trust,47107
2026-06-10,2327,723442,Dealer_self,1331914
2026-06-10,2327,3217059,Dealer_Hedging,4232071
2026-06-10,2327,28072014,Foreign_Investor,34277988
