date,stock_id,buy,name,sell
2024-05-29,2379,5236720,Foreign_Investor,3137455
2024-05-29,2379,0,Foreign_Dealer_Self,0
2024-05-29,2379,252000,Investment_Trust,1092688
2024-05-29,2379,38133,Dealer_self,82890
2024-05-29,2379,139119,Dealer_Hedging,91115
2024-05-30,2379,0,Foreign_Dealer_Self,0
2024-05-30,2379,89000,Investment_Trust,2237000
2024-05-30,2379,7546,Dealer_self,10000
2024-05-30,2379,103464,Dealer_Hedging,94477
2024-05-30,2379,5902808,Foreign_Investor,3027822
2024-05-31,2379,0,Foreign_Dealer_Self,0
2024-05-31,2379,47000,Investment_Trust,2647000
2024-05-31,2379,84013,Dealer_self,68330
2024-05-31,2379,107007,Dealer_Hedging,172142
2024-05-31,2379,6042396,Foreign_Investor,3974815
2024-06-03,2379,7370973,Foreign_Investor,2092322
2024-06-03,2379,0,Foreign_Dealer_Self,0
2024-06-03,2379,239000,Investment_Trust,4460000
2024-06-03,2379,120085,Dealer_self,86135
2024-06-03,2379,184473,Dealer_Hedging,195056
2024-06-04,2379,0,Foreign_Dealer_Self,0
2024-06-04,2379,105109,Investment_Trust,3925000
2024-06-04,2379,156105,Dealer_self,44239
2024-06-04,2379,153565,Dealer_Hedging,123753
2024-06-04,2379,5538404,Foreign_Investor,2398599
2024-06-05,2379,5784379,Foreign_Investor,1585993
2024-06-05,2379,0,Foreign_Dealer_Self,0
2024-06-05,2379,131000,Investment_Trust,4243300
2024-06-05,2379,74068,Dealer_self,55441
2024-06-05,2379,78745,Dealer_Hedging,81361
2024-06-06,2379,6764048,Foreign_Investor,1774349
2024-06-06,2379,0,Foreign_Dealer_Self,0
2024-06-06,2379,203000,Investment_Trust,3938911
2024-06-06,2379,37355,Dealer_self,72735
2024-06-06,2379,53485,Dealer_Hedging,57009
2024-06-07,2379,5035007,Foreign_Investor,1157919
2024-06-07,2379,0,Foreign_Dealer_Self,0
2024-06-07,2379,28167,Dealer_self,23058
2024-06-07,2379,43229,Dealer_Hedging,48961
2024-06-07,2379,45000,Investment_Trust,4352378
2024-06-11,2379,4734014,Foreign_Investor,979402
2024-06-11,2379,0,Foreign_Dealer_Self,0
2024-06-11,2379,291000,Investment_Trust,3903601
2024-06-11,2379,16089,Dealer_self,36487
2024-06-11,2379,36000,Dealer_Hedging,16906
2024-06-12,2379,4370318,Foreign_Investor,604521
2024-06-12,2379,0,Foreign_Dealer_Self,0
2024-06-12,2379,20000,Investment_Trust,4009654
2024-06-12,2379,39035,Dealer_self,49213
2024-06-12,2379,68540,Dealer_Hedging,30825
2024-06-13,2379,4069939,Foreign_Investor,1889037
2024-06-13,2379,0,Foreign_Dealer_Self,0
2024-06-13,2379,266000,Investment_Trust,29746
2024-06-13,2379,55203,Dealer_self,181103
2024-06-13,2379,339256,Dealer_Hedging,215100
2024-06-14,2379,1391545,Foreign_Investor,1250435
2024-06-14,2379,0,Foreign_Dealer_Self,0
2024-06-14,2379,178000,Investment_Trust,7164
2024-06-14,2379,33000,Dealer_self,24280
2024-06-14,2379,45047,Dealer_Hedging,191893
2024-06-17,2379,922643,Foreign_Investor,999400
2024-06-17,2379,0,Foreign_Dealer_Self,0
2024-06-17,2379,35000,Investment_Trust,13710
2024-06-17,2379,16000,Dealer_self,6306
2024-06-17,2379,33079,Dealer_Hedging,38220
2024-06-18,2379,1531177,Foreign_Investor,1800961
2024-06-18,2379,0,Foreign_Dealer_Self,0
2024-06-18,2379,41000,Investment_Trust,18664
2024-06-18,2379,12000,Dealer_self,21000
2024-06-18,2379,43119,Dealer_Hedging,51384
2024-06-19,2379,1941158,Foreign_Investor,1855457
2024-06-19,2379,0,Foreign_Dealer_Self,0
2024-06-19,2379,52344,Investment_Trust,5504
2024-06-19,2379,38000,Dealer_self,9012
2024-06-19,2379,28573,Dealer_Hedging,73066
2024-06-20,2379,1876010,Foreign_Investor,1491676
2024-06-20,2379,0,Foreign_Dealer_Self,0
2024-06-20,2379,104000,Investment_Trust,504000
2024-06-20,2379,80999,Dealer_self,55000
2024-06-20,2379,70659,Dealer_Hedging,28081
2024-06-21,2379,2778494,Foreign_Investor,3973314
2024-06-21,2379,0,Foreign_Dealer_Self,0
2024-06-21,2379,693000,Investment_Trust,8047
2024-06-21,2379,5000,Dealer_self,24454
2024-06-21,2379,27535,Dealer_Hedging,26749
2024-06-24,2379,1465749,Foreign_Investor,2279501
2024-06-24,2379,0,Foreign_Dealer_Self,0
2024-06-24,2379,434000,Investment_Trust,6620
2024-06-24,2379,42126,Dealer_self,17305
2024-06-24,2379,114000,Dealer_Hedging,177545
2024-06-25,2379,1279794,Foreign_Investor,1750314
2024-06-25,2379,0,Foreign_Dealer_Self,0
2024-06-25,2379,401000,Investment_Trust,37000
2024-06-25,2379,31060,Dealer_self,43444
2024-06-25,2379,69000,Dealer_Hedging,77950
2024-06-26,2379,1333556,Foreign_Investor,1659534
2024-06-26,2379,0,Foreign_Dealer_Self,0
2024-06-26,2379,391000,Investment_Trust,134000
2024-06-26,2379,5000,Dealer_self,4300
2024-06-26,2379,24079,Dealer_Hedging,19657
2024-06-27,2379,1348314,Foreign_Investor,1910647
2024-06-27,2379,0,Foreign_Dealer_Self,0
2024-06-27,2379,365000,Investment_Trust,99000
2024-06-27,2379,19000,Dealer_self,22102
2024-06-27,2379,70817,Dealer_Hedging,49321
2024-06-28,2379,4644445,Foreign_Investor,2415042
2024-06-28,2379,0,Foreign_Dealer_Self,0
2024-06-28,2379,29224,Investment_Trust,2656000
2024-06-28,2379,26000,Dealer_self,25100
2024-06-28,2379,158303,Dealer_Hedging,32242
2024-07-01,2379,3670705,Foreign_Investor,3174241
2024-07-01,2379,0,Foreign_Dealer_Self,0
2024-07-01,2379,36532,Investment_Trust,2598000
2024-07-01,2379,22000,Dealer_self,21860
2024-07-01,2379,267120,Dealer_Hedging,185547
2024-07-02,2379,4460393,Foreign_Investor,2389858
2024-07-02,2379,0,Foreign_Dealer_Self,0
2024-07-02,2379,297062,Investment_Trust,2834000
2024-07-02,2379,42006,Dealer_self,1428
2024-07-02,2379,281844,Dealer_Hedging,157154
2024-07-03,2379,3692788,Foreign_Investor,1447180
2024-07-03,2379,0,Foreign_Dealer_Self,0
2024-07-03,2379,123042,Dealer_self,37000
2024-07-03,2379,221237,Dealer_Hedging,73094
2024-07-03,2379,382000,Investment_Trust,2826650
2024-07-04,2379,2928143,Foreign_Investor,1320920
2024-07-04,2379,0,Foreign_Dealer_Self,0
2024-07-04,2379,21000,Dealer_self,42000
2024-07-04,2379,84313,Dealer_Hedging,39935
2024-07-04,2379,200994,Investment_Trust,2562000
2024-07-05,2379,3249812,Foreign_Investor,950234
2024-07-05,2379,0,Foreign_Dealer_Self,0
2024-07-05,2379,15000,Dealer_self,6100
2024-07-05,2379,126091,Dealer_Hedging,28682
2024-07-05,2379,58000,Investment_Trust,2656000
2024-07-08,2379,2834313,Foreign_Investor,1029700
2024-07-08,2379,0,Foreign_Dealer_Self,0
2024-07-08,2379,12000,Dealer_self,11000
2024-07-08,2379,72988,Dealer_Hedging,34582
2024-07-08,2379,84800,Investment_Trust,2504000
2024-07-09,2379,3717360,Foreign_Investor,1601240
2024-07-09,2379,0,Foreign_Dealer_Self,0
2024-07-09,2379,109000,Investment_Trust,980000
2024-07-09,2379,14247,Dealer_self,77000
2024-07-09,2379,319867,Dealer_Hedging,125200
2024-07-10,2379,0,Foreign_Dealer_Self,0
2024-07-10,2379,123000,Investment_Trust,19000
2024-07-10,2379,17000,Dealer_self,16200
2024-07-10,2379,30716,Dealer_Hedging,121730
2024-07-10,2379,1624073,Foreign_Investor,2600000
2024-07-11,2379,1596589,Foreign_Investor,1162000
2024-07-11,2379,0,Foreign_Dealer_Self,0
2024-07-11,2379,119000,Investment_Trust,3000
2024-07-11,2379,14022,Dealer_self,5000
2024-07-11,2379,131563,Dealer_Hedging,70000
2024-07-12,2379,1678182,Foreign_Investor,1514500
2024-07-12,2379,0,Foreign_Dealer_Self,0
2024-07-12,2379,271882,Investment_Trust,24000
2024-07-12,2379,39027,Dealer_self,18430
2024-07-12,2379,156595,Dealer_Hedging,203174
2024-07-15,2379,602226,Foreign_Investor,649971
2024-07-15,2379,0,Foreign_Dealer_Self,0
2024-07-15,2379,152627,Investment_Trust,31000
2024-07-15,2379,22073,Dealer_self,23387
2024-07-15,2379,106457,Dealer_Hedging,97939
2024-07-16,2379,1282000,Foreign_Investor,1572563
2024-07-16,2379,0,Foreign_Dealer_Self,0
2024-07-16,2379,204000,Investment_Trust,274869
2024-07-16,2379,49247,Dealer_self,3000
2024-07-16,2379,97667,Dealer_Hedging,35114
2024-07-17,2379,2208085,Foreign_Investor,2146949
2024-07-17,2379,0,Foreign_Dealer_Self,0
2024-07-17,2379,68255,Investment_Trust,10580
2024-07-17,2379,19000,Dealer_self,65044
2024-07-17,2379,103011,Dealer_Hedging,287887
2024-07-18,2379,1526093,Foreign_Investor,2455692
2024-07-18,2379,0,Foreign_Dealer_Self,0
2024-07-18,2379,155434,Investment_Trust,11000
2024-07-18,2379,13000,Dealer_self,14000
2024-07-18,2379,109000,Dealer_Hedging,81704
2024-07-19,2379,1237308,Foreign_Investor,1671453
2024-07-19,2379,0,Foreign_Dealer_Self,0
2024-07-19,2379,13000,Dealer_self,3400
2024-07-19,2379,92000,Dealer_Hedging,43801
2024-07-19,2379,164698,Investment_Trust,28000
2024-07-22,2379,865353,Foreign_Investor,2064981
2024-07-22,2379,0,Foreign_Dealer_Self,0
2024-07-22,2379,284987,Investment_Trust,87000
2024-07-22,2379,145000,Dealer_self,64894
2024-07-22,2379,131355,Dealer_Hedging,101879
2024-07-23,2379,1202036,Foreign_Investor,1010395
2024-07-23,2379,0,Foreign_Dealer_Self,0
2024-07-23,2379,135630,Investment_Trust,33000
2024-07-23,2379,3003,Dealer_self,15501
2024-07-23,2379,82553,Dealer_Hedging,20328
2024-07-26,2379,1093452,Foreign_Investor,1655618
2024-07-26,2379,0,Foreign_Dealer_Self,0
2024-07-26,2379,25000,Dealer_self,43186
2024-07-26,2379,113033,Dealer_Hedging,30167
2024-07-26,2379,264616,Investment_Trust,38000
2024-07-29,2379,1133227,Foreign_Investor,1572797
2024-07-29,2379,0,Foreign_Dealer_Self,0
2024-07-29,2379,189997,Investment_Trust,45000
2024-07-29,2379,63000,Dealer_self,179239
2024-07-29,2379,133000,Dealer_Hedging,149486
2024-07-30,2379,2621075,Foreign_Investor,2780256
2024-07-30,2379,0,Foreign_Dealer_Self,0
2024-07-30,2379,209905,Investment_Trust,0
2024-07-30,2379,259783,Dealer_self,88698
2024-07-30,2379,113748,Dealer_Hedging,53315
2024-07-31,2379,3023131,Foreign_Investor,2860226
2024-07-31,2379,0,Foreign_Dealer_Self,0
2024-07-31,2379,110247,Investment_Trust,57000
2024-07-31,2379,85000,Dealer_self,35814
2024-07-31,2379,85678,Dealer_Hedging,28080
2024-08-01,2379,1206508,Foreign_Investor,1299120
2024-08-01,2379,0,Foreign_Dealer_Self,0
2024-08-01,2379,220285,Investment_Trust,157000
2024-08-01,2379,28000,Dealer_self,105600
2024-08-01,2379,31000,Dealer_Hedging,47902
2024-08-02,2379,1039201,Foreign_Investor,1424315
2024-08-02,2379,0,Foreign_Dealer_Self,0
2024-08-02,2379,329134,Investment_Trust,0
2024-08-02,2379,77000,Dealer_self,152506
2024-08-02,2379,144398,Dealer_Hedging,87391
2024-08-05,2379,1758334,Foreign_Investor,2027361
2024-08-05,2379,0,Foreign_Dealer_Self,0
2024-08-05,2379,427845,Investment_Trust,0
2024-08-05,2379,40000,Dealer_self,169121
2024-08-05,2379,133446,Dealer_Hedging,92322
2024-08-06,2379,1371967,Foreign_Investor,2135471
2024-08-06,2379,0,Foreign_Dealer_Self,0
2024-08-06,2379,266514,Investment_Trust,0
2024-08-06,2379,136020,Dealer_self,112084
2024-08-06,2379,133000,Dealer_Hedging,58487
2024-08-07,2379,1313777,Foreign_Investor,1216957
2024-08-07,2379,0,Foreign_Dealer_Self,0
2024-08-07,2379,13439,Dealer_self,26431
2024-08-07,2379,41207,Dealer_Hedging,6019
2024-08-07,2379,115309,Investment_Trust,112000
2024-08-08,2379,1845321,Foreign_Investor,2136210
2024-08-08,2379,0,Foreign_Dealer_Self,0
2024-08-08,2379,150087,Investment_Trust,1000
2024-08-08,2379,57000,Dealer_self,69016
2024-08-08,2379,62264,Dealer_Hedging,42254
2024-08-09,2379,878184,Foreign_Investor,1384415
2024-08-09,2379,0,Foreign_Dealer_Self,0
2024-08-09,2379,103777,Investment_Trust,60000
2024-08-09,2379,5000,Dealer_self,40000
2024-08-09,2379,44185,Dealer_Hedging,24167
2024-08-12,2379,614395,Foreign_Investor,800169
2024-08-12,2379,0,Foreign_Dealer_Self,0
2024-08-12,2379,75071,Investment_Trust,40000
2024-08-12,2379,1000,Dealer_self,12400
2024-08-12,2379,25068,Dealer_Hedging,15239
2024-08-13,2379,669894,Foreign_Investor,539593
2024-08-13,2379,0,Foreign_Dealer_Self,0
2024-08-13,2379,84039,Investment_Trust,4000
2024-08-13,2379,7000,Dealer_self,23000
2024-08-13,2379,27833,Dealer_Hedging,16090
2024-08-14,2379,1241191,Foreign_Investor,1105235
2024-08-14,2379,0,Foreign_Dealer_Self,0
2024-08-14,2379,4000,Dealer_self,20000
2024-08-14,2379,27752,Dealer_Hedging,19980
2024-08-14,2379,74471,Investment_Trust,101498
2024-08-15,2379,583110,Foreign_Investor,744426
2024-08-15,2379,0,Foreign_Dealer_Self,0
2024-08-15,2379,20000,Investment_Trust,140996
2024-08-15,2379,0,Dealer_self,1002
2024-08-15,2379,40035,Dealer_Hedging,31576
2024-08-16,2379,873877,Foreign_Investor,731135
2024-08-16,2379,0,Foreign_Dealer_Self,0
2024-08-16,2379,123392,Investment_Trust,38657
2024-08-16,2379,24000,Dealer_self,19100
2024-08-16,2379,90796,Dealer_Hedging,36506
2024-08-19,2379,1401176,Foreign_Investor,1250693
2024-08-19,2379,0,Foreign_Dealer_Self,0
2024-08-19,2379,5002,Dealer_self,37000
2024-08-19,2379,148402,Dealer_Hedging,84170
2024-08-19,2379,773600,Investment_Trust,63612
2024-08-20,2379,434030,Foreign_Investor,607687
2024-08-20,2379,0,Foreign_Dealer_Self,0
2024-08-20,2379,190000,Investment_Trust,38000
2024-08-20,2379,11000,Dealer_self,3000
2024-08-20,2379,13970,Dealer_Hedging,50145
2024-08-21,2379,782160,Foreign_Investor,851265
2024-08-21,2379,0,Foreign_Dealer_Self,0
2024-08-21,2379,60000,Investment_Trust,3000
2024-08-21,2379,3000,Dealer_self,33000
2024-08-21,2379,50535,Dealer_Hedging,100578
2024-08-22,2379,713000,Foreign_Investor,609951
2024-08-22,2379,0,Foreign_Dealer_Self,0
2024-08-22,2379,29297,Investment_Trust,7000
2024-08-22,2379,2000,Dealer_self,4000
2024-08-22,2379,21597,Dealer_Hedging,12077
2024-08-23,2379,681757,Foreign_Investor,607250
2024-08-23,2379,0,Foreign_Dealer_Self,0
2024-08-23,2379,103594,Investment_Trust,4500
2024-08-23,2379,6000,Dealer_self,4580
2024-08-23,2379,18061,Dealer_Hedging,24862
2024-08-26,2379,642400,Foreign_Investor,493919
2024-08-26,2379,0,Foreign_Dealer_Self,0
2024-08-26,2379,11000,Investment_Trust,11000
2024-08-26,2379,1000,Dealer_self,55
2024-08-26,2379,6984,Dealer_Hedging,9629
2024-08-27,2379,610000,Foreign_Investor,601525
2024-08-27,2379,0,Foreign_Dealer_Self,0
2024-08-27,2379,51000,Investment_Trust,17000
2024-08-27,2379,1000,Dealer_self,6000
2024-08-27,2379,28331,Dealer_Hedging,15778
2024-08-28,2379,280056,Foreign_Investor,513347
2024-08-28,2379,0,Foreign_Dealer_Self,0
2024-08-28,2379,47892,Investment_Trust,10000
2024-08-28,2379,4000,Dealer_self,75
2024-08-28,2379,18000,Dealer_Hedging,36829
2024-08-29,2379,595027,Foreign_Investor,604301
2024-08-29,2379,0,Foreign_Dealer_Self,0
2024-08-29,2379,146595,Investment_Trust,12000
2024-08-29,2379,0,Dealer_self,4058
2024-08-29,2379,22181,Dealer_Hedging,19799
2024-08-30,2379,0,Foreign_Dealer_Self,0
2024-08-30,2379,139595,Investment_Trust,6000
2024-08-30,2379,9000,Dealer_self,100
2024-08-30,2379,15215,Dealer_Hedging,13750
2024-08-30,2379,2455253,Foreign_Investor,2656149
2024-09-02,2379,0,Foreign_Dealer_Self,0
2024-09-02,2379,138595,Investment_Trust,13000
2024-09-02,2379,2000,Dealer_self,4000
2024-09-02,2379,22526,Dealer_Hedging,27735
2024-09-02,2379,1788000,Foreign_Investor,1921012
2024-09-03,2379,0,Foreign_Dealer_Self,0
2024-09-03,2379,150803,Investment_Trust,10000
2024-09-03,2379,19163,Dealer_self,6000
2024-09-03,2379,23117,Dealer_Hedging,22601
2024-09-03,2379,883347,Foreign_Investor,1282173
2024-09-04,2379,570107,Foreign_Investor,1564922
2024-09-04,2379,0,Foreign_Dealer_Self,0
2024-09-04,2379,379067,Investment_Trust,5000
2024-09-04,2379,86000,Dealer_self,144613
2024-09-04,2379,160008,Dealer_Hedging,76396
2024-09-05,2379,1126759,Foreign_Investor,1949330
2024-09-05,2379,0,Foreign_Dealer_Self,0
2024-09-05,2379,202269,Investment_Trust,492000
2024-09-05,2379,37037,Dealer_self,113038
2024-09-05,2379,77093,Dealer_Hedging,54779
2024-09-06,2379,0,Foreign_Dealer_Self,0
2024-09-06,2379,211127,Investment_Trust,9000
2024-09-06,2379,11033,Dealer_self,22200
2024-09-06,2379,57539,Dealer_Hedging,17786
2024-09-06,2379,1358106,Foreign_Investor,1059438
2024-09-09,2379,1078009,Foreign_Investor,1689742
2024-09-09,2379,0,Foreign_Dealer_Self,0
2024-09-09,2379,210823,Investment_Trust,0
2024-09-09,2379,55075,Dealer_self,61196
2024-09-09,2379,71000,Dealer_Hedging,51060
2024-09-10,2379,919782,Foreign_Investor,1393643
2024-09-10,2379,0,Foreign_Dealer_Self,0
2024-09-10,2379,118179,Investment_Trust,4000
2024-09-10,2379,5036,Dealer_self,12136
2024-09-10,2379,65000,Dealer_Hedging,38709
2024-09-11,2379,832880,Foreign_Investor,707166
2024-09-11,2379,0,Foreign_Dealer_Self,0
2024-09-11,2379,29127,Investment_Trust,13000
2024-09-11,2379,41300,Dealer_self,20000
2024-09-11,2379,36030,Dealer_Hedging,19106
2024-09-12,2379,718827,Foreign_Investor,611764
2024-09-12,2379,0,Foreign_Dealer_Self,0
2024-09-12,2379,155757,Investment_Trust,0
2024-09-12,2379,19609,Dealer_self,14000
2024-09-12,2379,20309,Dealer_Hedging,4231
2024-09-13,2379,659213,Foreign_Investor,976737
2024-09-13,2379,0,Foreign_Dealer_Self,0
2024-09-13,2379,2472,Investment_Trust,6000
2024-09-13,2379,17112,Dealer_self,7552
2024-09-13,2379,24133,Dealer_Hedging,32049
2024-09-16,2379,2586125,Foreign_Investor,5383684
2024-09-16,2379,0,Foreign_Dealer_Self,0
2024-09-16,2379,7877,Investment_Trust,570000
2024-09-16,2379,106000,Dealer_self,53759
2024-09-16,2379,190000,Dealer_Hedging,187083
2024-09-18,2379,2660003,Foreign_Investor,2695600
2024-09-18,2379,0,Foreign_Dealer_Self,0
2024-09-18,2379,13045,Investment_Trust,571000
2024-09-18,2379,47000,Dealer_self,59205
2024-09-18,2379,68000,Dealer_Hedging,64177
2024-09-19,2379,1884432,Foreign_Investor,1435708
2024-09-19,2379,0,Foreign_Dealer_Self,0
2024-09-19,2379,32297,Investment_Trust,578000
2024-09-19,2379,47000,Dealer_self,8079
2024-09-19,2379,18000,Dealer_Hedging,10050
2024-09-20,2379,0,Foreign_Dealer_Self,0
2024-09-20,2379,365468,Investment_Trust,583000
2024-09-20,2379,18000,Dealer_self,15855
2024-09-20,2379,8000,Dealer_Hedging,18026
2024-09-20,2379,2457348,Foreign_Investor,3136246
2024-09-23,2379,977271,Foreign_Investor,1412496
2024-09-23,2379,0,Foreign_Dealer_Self,0
2024-09-23,2379,306000,Investment_Trust,15000
2024-09-23,2379,28569,Dealer_self,15000
2024-09-23,2379,23211,Dealer_Hedging,6033
2024-09-24,2379,739970,Foreign_Investor,1283927
2024-09-24,2379,0,Foreign_Dealer_Self,0
2024-09-24,2379,316892,Investment_Trust,345
2024-09-24,2379,55011,Dealer_self,5044
2024-09-24,2379,24000,Dealer_Hedging,11888
2024-09-25,2379,0,Foreign_Dealer_Self,0
2024-09-25,2379,307000,Investment_Trust,708
2024-09-25,2379,48545,Dealer_self,8983
2024-09-25,2379,29849,Dealer_Hedging,18787
2024-09-25,2379,1508705,Foreign_Investor,2636975
2024-09-26,2379,0,Foreign_Dealer_Self,0
2024-09-26,2379,306000,Investment_Trust,1460
2024-09-26,2379,38075,Dealer_self,9000
2024-09-26,2379,22660,Dealer_Hedging,6300
2024-09-26,2379,1444466,Foreign_Investor,2507947
2024-09-27,2379,0,Foreign_Dealer_Self,0
2024-09-27,2379,9488,Investment_Trust,10138
2024-09-27,2379,23266,Dealer_self,16185
2024-09-27,2379,6300,Dealer_Hedging,12893
2024-09-27,2379,1725372,Foreign_Investor,2031316
2024-09-30,2379,1789816,Foreign_Investor,2444171
2024-09-30,2379,0,Foreign_Dealer_Self,0
2024-09-30,2379,27595,Investment_Trust,33622
2024-09-30,2379,27000,Dealer_self,13743
2024-09-30,2379,65000,Dealer_Hedging,14956
2024-10-01,2379,1259013,Foreign_Investor,1733208
2024-10-01,2379,0,Foreign_Dealer_Self,0
2024-10-01,2379,20372,Investment_Trust,31000
2024-10-01,2379,8000,Dealer_self,4381
2024-10-01,2379,122530,Dealer_Hedging,20839
2024-10-04,2379,0,Foreign_Dealer_Self,0
2024-10-04,2379,612726,Investment_Trust,1345
2024-10-04,2379,21000,Dealer_self,28819
2024-10-04,2379,157686,Dealer_Hedging,4070
2024-10-04,2379,2027782,Foreign_Investor,2152103
2024-10-07,2379,0,Foreign_Dealer_Self,0
2024-10-07,2379,117744,Investment_Trust,8000
2024-10-07,2379,37000,Dealer_self,15414
2024-10-07,2379,77000,Dealer_Hedging,14309
2024-10-07,2379,1244944,Foreign_Investor,1761351
2024-10-08,2379,0,Foreign_Dealer_Self,0
2024-10-08,2379,72479,Investment_Trust,56381
2024-10-08,2379,24000,Dealer_self,17529
2024-10-08,2379,98000,Dealer_Hedging,7841
2024-10-08,2379,1715780,Foreign_Investor,2497000
2024-10-09,2379,1561580,Foreign_Investor,1402875
2024-10-09,2379,0,Foreign_Dealer_Self,0
2024-10-09,2379,4298,Investment_Trust,13069
2024-10-09,2379,10388,Dealer_self,24391
2024-10-09,2379,60708,Dealer_Hedging,21771
2024-10-11,2379,785899,Foreign_Investor,801000
2024-10-11,2379,0,Foreign_Dealer_Self,0
2024-10-11,2379,25603,Investment_Trust,1556
2024-10-11,2379,4200,Dealer_self,3000
2024-10-11,2379,47000,Dealer_Hedging,10784
2024-10-14,2379,512685,Foreign_Investor,594100
2024-10-14,2379,0,Foreign_Dealer_Self,0
2024-10-14,2379,1000,Dealer_self,1190
2024-10-14,2379,75201,Dealer_Hedging,1954
2024-10-14,2379,40355,Investment_Trust,42312
2024-10-15,2379,912948,Foreign_Investor,677245
2024-10-15,2379,0,Foreign_Dealer_Self,0
2024-10-15,2379,32892,Investment_Trust,3138
2024-10-15,2379,28000,Dealer_self,22000
2024-10-15,2379,29201,Dealer_Hedging,4985
2024-10-16,2379,0,Foreign_Dealer_Self,0
2024-10-16,2379,36966,Investment_Trust,82414
2024-10-16,2379,56000,Dealer_self,17258
2024-10-16,2379,231000,Dealer_Hedging,27086
2024-10-16,2379,1690454,Foreign_Investor,2622515
2024-10-17,2379,0,Foreign_Dealer_Self,0
2024-10-17,2379,34000,Investment_Trust,63000
2024-10-17,2379,64000,Dealer_self,12687
2024-10-17,2379,194000,Dealer_Hedging,69134
2024-10-17,2379,2578887,Foreign_Investor,4339337
2024-10-18,2379,0,Foreign_Dealer_Self,0
2024-10-18,2379,183595,Investment_Trust,165138
2024-10-18,2379,59000,Dealer_self,42923
2024-10-18,2379,33000,Dealer_Hedging,28211
2024-10-18,2379,2021467,Foreign_Investor,2263448
2024-10-21,2379,0,Foreign_Dealer_Self,0
2024-10-21,2379,303595,Investment_Trust,3069
2024-10-21,2379,19000,Dealer_self,17100
2024-10-21,2379,14000,Dealer_Hedging,6400
2024-10-21,2379,1976466,Foreign_Investor,1742185
2024-10-22,2379,0,Foreign_Dealer_Self,0
2024-10-22,2379,277073,Investment_Trust,35069
2024-10-22,2379,6356,Dealer_self,3000
2024-10-22,2379,10498,Dealer_Hedging,14480
2024-10-22,2379,2782711,Foreign_Investor,2792900
2024-10-23,2379,0,Foreign_Dealer_Self,0
2024-10-23,2379,10000,Dealer_self,37924
2024-10-23,2379,54000,Dealer_Hedging,21786
2024-10-23,2379,1742807,Foreign_Investor,2058151
2024-10-23,2379,239595,Investment_Trust,211345
2024-10-24,2379,3430673,Foreign_Investor,3025934
2024-10-24,2379,0,Foreign_Dealer_Self,0
2024-10-24,2379,7300,Dealer_self,22377
2024-10-24,2379,124198,Dealer_Hedging,14000
2024-10-24,2379,193520,Investment_Trust,17069
2024-10-25,2379,1277159,Foreign_Investor,1204050
2024-10-25,2379,0,Foreign_Dealer_Self,0
2024-10-25,2379,469651,Investment_Trust,41069
2024-10-25,2379,4000,Dealer_self,0
2024-10-25,2379,21000,Dealer_Hedging,3000
2024-10-28,2379,783165,Foreign_Investor,993000
2024-10-28,2379,0,Foreign_Dealer_Self,0
2024-10-28,2379,39992,Investment_Trust,28069
2024-10-28,2379,19000,Dealer_self,4001
2024-10-28,2379,36000,Dealer_Hedging,12537
2024-10-29,2379,1429882,Foreign_Investor,1546897
2024-10-29,2379,0,Foreign_Dealer_Self,0
2024-10-29,2379,166386,Investment_Trust,77069
2024-10-29,2379,27005,Dealer_self,42114
2024-10-29,2379,133512,Dealer_Hedging,13590
2024-10-30,2379,0,Foreign_Dealer_Self,0
2024-10-30,2379,63086,Investment_Trust,22069
2024-10-30,2379,5000,Dealer_self,1036
2024-10-30,2379,64000,Dealer_Hedging,12090
2024-10-30,2379,946511,Foreign_Investor,1240448
2024-11-01,2379,3200320,Foreign_Investor,3617889
2024-11-01,2379,0,Foreign_Dealer_Self,0
2024-11-01,2379,141176,Investment_Trust,19000
2024-11-01,2379,64372,Dealer_self,60005
2024-11-01,2379,129182,Dealer_Hedging,46169
2024-11-04,2379,945335,Foreign_Investor,1487445
2024-11-04,2379,0,Foreign_Dealer_Self,0
2024-11-04,2379,127128,Investment_Trust,25000
2024-11-04,2379,26000,Dealer_self,3114
2024-11-04,2379,36189,Dealer_Hedging,19323
2024-11-05,2379,0,Foreign_Dealer_Self,0
2024-11-05,2379,115005,Investment_Trust,3000
2024-11-05,2379,7000,Dealer_self,12619
2024-11-05,2379,27776,Dealer_Hedging,11000
2024-11-05,2379,812643,Foreign_Investor,1114503
2024-11-06,2379,1926127,Foreign_Investor,1413202
2024-11-06,2379,0,Foreign_Dealer_Self,0
2024-11-06,2379,33861,Investment_Trust,1000
2024-11-06,2379,56372,Dealer_self,3000
2024-11-06,2379,42358,Dealer_Hedging,37210
2024-11-07,2379,892450,Foreign_Investor,1263460
2024-11-07,2379,0,Foreign_Dealer_Self,0
2024-11-07,2379,90513,Investment_Trust,2000
2024-11-07,2379,13000,Dealer_self,3477
2024-11-07,2379,32581,Dealer_Hedging,9000
2024-11-08,2379,1001580,Foreign_Investor,1294283
2024-11-08,2379,0,Foreign_Dealer_Self,0
2024-11-08,2379,87364,Investment_Trust,4000
2024-11-08,2379,4000,Dealer_self,6100
2024-11-08,2379,33847,Dealer_Hedging,39057
2024-11-11,2379,798500,Foreign_Investor,869064
2024-11-11,2379,0,Foreign_Dealer_Self,0
2024-11-11,2379,9000,Dealer_self,10025
2024-11-11,2379,44095,Dealer_Hedging,13000
2024-11-11,2379,107293,Investment_Trust,21918
2024-11-12,2379,1262372,Foreign_Investor,1520107
2024-11-12,2379,0,Foreign_Dealer_Self,0
2024-11-12,2379,252061,Investment_Trust,6000
2024-11-12,2379,98300,Dealer_self,80100
2024-11-12,2379,181243,Dealer_Hedging,31350
2024-11-13,2379,839685,Foreign_Investor,1145301
2024-11-13,2379,0,Foreign_Dealer_Self,0
2024-11-13,2379,328199,Investment_Trust,1677
2024-11-13,2379,53000,Dealer_self,73000
2024-11-13,2379,106251,Dealer_Hedging,40122
2024-11-14,2379,1342061,Foreign_Investor,1832994
2024-11-14,2379,0,Foreign_Dealer_Self,0
2024-11-14,2379,388034,Investment_Trust,2000
2024-11-14,2379,106000,Dealer_self,292000
2024-11-14,2379,160771,Dealer_Hedging,46388
2024-11-15,2379,1127823,Foreign_Investor,1198410
2024-11-15,2379,0,Foreign_Dealer_Self,0
2024-11-15,2379,12273,Investment_Trust,18000
2024-11-15,2379,73000,Dealer_self,98000
2024-11-15,2379,66741,Dealer_Hedging,37595
2024-11-18,2379,1191164,Foreign_Investor,2257159
2024-11-18,2379,0,Foreign_Dealer_Self,0
2024-11-18,2379,1337877,Investment_Trust,100000
2024-11-18,2379,84100,Dealer_self,154000
2024-11-18,2379,146706,Dealer_Hedging,43403
2024-11-19,2379,1449853,Foreign_Investor,3422377
2024-11-19,2379,0,Foreign_Dealer_Self,0
2024-11-19,2379,2801056,Investment_Trust,118784
2024-11-19,2379,70407,Dealer_self,20000
2024-11-19,2379,70444,Dealer_Hedging,50000
2024-11-20,2379,784150,Foreign_Investor,3704388
2024-11-20,2379,0,Foreign_Dealer_Self,0
2024-11-20,2379,2205207,Investment_Trust,21698
2024-11-20,2379,39000,Dealer_self,18000
2024-11-20,2379,75000,Dealer_Hedging,33431
2024-11-21,2379,827204,Foreign_Investor,2636776
2024-11-21,2379,0,Foreign_Dealer_Self,0
2024-11-21,2379,2057598,Investment_Trust,14000
2024-11-21,2379,23499,Dealer_self,12000
2024-11-21,2379,55186,Dealer_Hedging,19207
2024-11-22,2379,438909,Foreign_Investor,3188960
2024-11-22,2379,0,Foreign_Dealer_Self,0
2024-11-22,2379,1662334,Investment_Trust,0
2024-11-22,2379,31000,Dealer_self,3617
2024-11-22,2379,88000,Dealer_Hedging,66488
2024-11-25,2379,1530616,Foreign_Investor,2154203
2024-11-25,2379,0,Foreign_Dealer_Self,0
2024-11-25,2379,259235,Investment_Trust,6021
2024-11-25,2379,33000,Dealer_self,20298
2024-11-25,2379,26000,Dealer_Hedging,9955
2024-11-26,2379,0,Foreign_Dealer_Self,0
2024-11-26,2379,28000,Dealer_self,15836
2024-11-26,2379,44000,Dealer_Hedging,19201
2024-11-26,2379,955802,Foreign_Investor,1539393
2024-11-26,2379,226000,Investment_Trust,8709
2024-11-27,2379,569278,Foreign_Investor,1146489
2024-11-27,2379,0,Foreign_Dealer_Self,0
2024-11-27,2379,221668,Investment_Trust,3952
2024-11-27,2379,9153,Dealer_self,39220
2024-11-27,2379,207000,Dealer_Hedging,21113
2024-11-28,2379,0,Foreign_Dealer_Self,0
2024-11-28,2379,288794,Investment_Trust,12235
2024-11-28,2379,48089,Dealer_self,41085
2024-11-28,2379,170000,Dealer_Hedging,51051
2024-11-28,2379,817816,Foreign_Investor,1659500
2024-11-29,2379,0,Foreign_Dealer_Self,0
2024-11-29,2379,302334,Investment_Trust,3705
2024-11-29,2379,18203,Dealer_self,30293
2024-11-29,2379,56000,Dealer_Hedging,4619
2024-11-29,2379,1447868,Foreign_Investor,1764696
2024-12-02,2379,0,Foreign_Dealer_Self,0
2024-12-02,2379,13283,Investment_Trust,226
2024-12-02,2379,8335,Dealer_self,37560
2024-12-02,2379,41756,Dealer_Hedging,14727
2024-12-02,2379,974277,Foreign_Investor,596392
2024-12-03,2379,806363,Foreign_Investor,1169540
2024-12-03,2379,0,Foreign_Dealer_Self,0
2024-12-03,2379,96000,Investment_Trust,3679
2024-12-03,2379,49967,Dealer_self,17198
2024-12-03,2379,55653,Dealer_Hedging,25932
2024-12-04,2379,2240804,Foreign_Investor,1053507
2024-12-04,2379,0,Foreign_Dealer_Self,0
2024-12-04,2379,41000,Investment_Trust,22778
2024-12-04,2379,17400,Dealer_self,12000
2024-12-04,2379,91335,Dealer_Hedging,61140
2024-12-05,2379,968043,Foreign_Investor,673496
2024-12-05,2379,0,Foreign_Dealer_Self,0
2024-12-05,2379,46000,Investment_Trust,26690
2024-12-05,2379,21000,Dealer_self,1000
2024-12-05,2379,17798,Dealer_Hedging,41810
2024-12-06,2379,0,Foreign_Dealer_Self,0
2024-12-06,2379,914000,Investment_Trust,17138
2024-12-06,2379,175198,Dealer_self,70300
2024-12-06,2379,143169,Dealer_Hedging,52000
2024-12-06,2379,2616523,Foreign_Investor,1386699
2024-12-09,2379,2229584,Foreign_Investor,1629146
2024-12-09,2379,0,Foreign_Dealer_Self,0
2024-12-09,2379,282000,Investment_Trust,9942
2024-12-09,2379,18000,Dealer_self,8504
2024-12-09,2379,82109,Dealer_Hedging,90442
2024-12-10,2379,2655791,Foreign_Investor,1391951
2024-12-10,2379,0,Foreign_Dealer_Self,0
2024-12-10,2379,53000,Investment_Trust,117169
2024-12-10,2379,22400,Dealer_self,56000
2024-12-10,2379,82465,Dealer_Hedging,44577
2024-12-11,2379,2211394,Foreign_Investor,1445370
2024-12-11,2379,0,Foreign_Dealer_Self,0
2024-12-11,2379,263000,Investment_Trust,3755
2024-12-11,2379,18200,Dealer_self,10000
2024-12-11,2379,138362,Dealer_Hedging,43723
2024-12-12,2379,0,Foreign_Dealer_Self,0
2024-12-12,2379,132000,Investment_Trust,28367
2024-12-12,2379,15000,Dealer_self,37000
2024-12-12,2379,75965,Dealer_Hedging,76300
2024-12-12,2379,1914560,Foreign_Investor,1984404
2024-12-13,2379,1392704,Foreign_Investor,828305
2024-12-13,2379,0,Foreign_Dealer_Self,0
2024-12-13,2379,57002,Investment_Trust,6221
2024-12-13,2379,23000,Dealer_self,49000
2024-12-13,2379,94542,Dealer_Hedging,14483
2024-12-16,2379,1842658,Foreign_Investor,1638645
2024-12-16,2379,0,Foreign_Dealer_Self,0
2024-12-16,2379,25428,Dealer_self,77000
2024-12-16,2379,114218,Dealer_Hedging,21366
2024-12-16,2379,17000,Investment_Trust,32139
2024-12-17,2379,2737421,Foreign_Investor,1603335
2024-12-17,2379,0,Foreign_Dealer_Self,0
2024-12-17,2379,167693,Dealer_self,87000
2024-12-17,2379,119986,Dealer_Hedging,28036
2024-12-17,2379,256983,Investment_Trust,30218
2024-12-18,2379,1439138,Foreign_Investor,1082058
2024-12-18,2379,0,Foreign_Dealer_Self,0
2024-12-18,2379,83000,Investment_Trust,6864
2024-12-18,2379,18047,Dealer_self,42002
2024-12-18,2379,57064,Dealer_Hedging,37962
2024-12-19,2379,1592100,Foreign_Investor,1751922
2024-12-19,2379,0,Foreign_Dealer_Self,0
2024-12-19,2379,115668,Investment_Trust,15269
2024-12-19,2379,23000,Dealer_self,86315
2024-12-19,2379,87107,Dealer_Hedging,24518
2024-12-20,2379,0,Foreign_Dealer_Self,0
2024-12-20,2379,162001,Investment_Trust,286453
2024-12-20,2379,30400,Dealer_self,49513
2024-12-20,2379,79212,Dealer_Hedging,14447
2024-12-20,2379,1819703,Foreign_Investor,1468381
2024-12-23,2379,1293033,Foreign_Investor,613000
2024-12-23,2379,0,Foreign_Dealer_Self,0
2024-12-23,2379,6001,Investment_Trust,294000
2024-12-23,2379,32292,Dealer_self,18995
2024-12-23,2379,8146,Dealer_Hedging,13000
2024-12-24,2379,733145,Foreign_Investor,234844
2024-12-24,2379,0,Foreign_Dealer_Self,0
2024-12-24,2379,0,Investment_Trust,267000
2024-12-24,2379,6000,Dealer_self,13000
2024-12-24,2379,3179,Dealer_Hedging,20352
2024-12-25,2379,351746,Foreign_Investor,189334
2024-12-25,2379,0,Foreign_Dealer_Self,0
2024-12-25,2379,43000,Investment_Trust,31000
2024-12-25,2379,34000,Dealer_self,32000
2024-12-25,2379,24423,Dealer_Hedging,19100
2024-12-26,2379,960000,Foreign_Investor,458000
2024-12-26,2379,0,Foreign_Dealer_Self,0
2024-12-26,2379,69712,Dealer_self,12000
2024-12-26,2379,55982,Dealer_Hedging,14200
2024-12-26,2379,274000,Investment_Trust,18623
2024-12-27,2379,938900,Foreign_Investor,920386
2024-12-27,2379,0,Foreign_Dealer_Self,0
2024-12-27,2379,22100,Dealer_self,5000
2024-12-27,2379,43683,Dealer_Hedging,27073
2024-12-27,2379,153063,Investment_Trust,38069
2024-12-30,2379,915848,Foreign_Investor,2086383
2024-12-30,2379,0,Foreign_Dealer_Self,0
2024-12-30,2379,1242000,Investment_Trust,41391
2024-12-30,2379,9164,Dealer_self,40000
2024-12-30,2379,80104,Dealer_Hedging,50176
2024-12-31,2379,1251330,Foreign_Investor,4220157
2024-12-31,2379,0,Foreign_Dealer_Self,0
2024-12-31,2379,3431791,Investment_Trust,144239
2024-12-31,2379,20240,Dealer_self,55000
2024-12-31,2379,97987,Dealer_Hedging,35899
2025-01-02,2379,1418099,Foreign_Investor,1767670
2025-01-02,2379,0,Foreign_Dealer_Self,0
2025-01-02,2379,16000,Dealer_self,129707
2025-01-02,2379,173029,Dealer_Hedging,24517
2025-01-02,2379,947000,Investment_Trust,352491
2025-01-03,2379,1822011,Foreign_Investor,608000
2025-01-03,2379,0,Foreign_Dealer_Self,0
2025-01-03,2379,11000,Dealer_self,8975
2025-01-03,2379,103615,Dealer_Hedging,17721
2025-01-03,2379,114000,Investment_Trust,499000
2025-01-06,2379,1491679,Foreign_Investor,673362
2025-01-06,2379,0,Foreign_Dealer_Self,0
2025-01-06,2379,2000,Investment_Trust,205850
2025-01-06,2379,27000,Dealer_self,8074
2025-01-06,2379,111056,Dealer_Hedging,2143
2025-01-07,2379,1798160,Foreign_Investor,1259895
2025-01-07,2379,0,Foreign_Dealer_Self,0
2025-01-07,2379,0,Investment_Trust,346133
2025-01-07,2379,7000,Dealer_self,9433
2025-01-07,2379,64019,Dealer_Hedging,20946
2025-01-08,2379,1855115,Foreign_Investor,1032947
2025-01-08,2379,0,Foreign_Dealer_Self,0
2025-01-08,2379,4000,Investment_Trust,230128
2025-01-08,2379,10000,Dealer_self,9102
2025-01-08,2379,54820,Dealer_Hedging,27667
2025-01-09,2379,2482000,Foreign_Investor,1804478
2025-01-09,2379,0,Foreign_Dealer_Self,0
2025-01-09,2379,1000,Investment_Trust,20944
2025-01-09,2379,8000,Dealer_self,4000
2025-01-09,2379,187129,Dealer_Hedging,42265
2025-01-10,2379,1310257,Foreign_Investor,1375884
2025-01-10,2379,0,Foreign_Dealer_Self,0
2025-01-10,2379,75000,Investment_Trust,17596
2025-01-10,2379,25021,Dealer_self,5397
2025-01-10,2379,191412,Dealer_Hedging,35007
2025-01-13,2379,1684789,Foreign_Investor,1692494
2025-01-13,2379,0,Foreign_Dealer_Self,0
2025-01-13,2379,369334,Investment_Trust,0
2025-01-13,2379,64141,Dealer_self,92188
2025-01-13,2379,311370,Dealer_Hedging,36699
2025-01-14,2379,638786,Foreign_Investor,820062
2025-01-14,2379,0,Foreign_Dealer_Self,0
2025-01-14,2379,5026,Dealer_self,13350
2025-01-14,2379,90000,Dealer_Hedging,10103
2025-01-14,2379,193000,Investment_Trust,5098
2025-01-15,2379,328316,Foreign_Investor,1079706
2025-01-15,2379,0,Foreign_Dealer_Self,0
2025-01-15,2379,30000,Dealer_self,35000
2025-01-15,2379,201143,Dealer_Hedging,19765
2025-01-15,2379,247000,Investment_Trust,13283
2025-01-16,2379,766956,Foreign_Investor,944205
2025-01-16,2379,0,Foreign_Dealer_Self,0
2025-01-16,2379,356000,Investment_Trust,284566
2025-01-16,2379,39000,Dealer_self,14000
2025-01-16,2379,115154,Dealer_Hedging,33037
2025-01-17,2379,1831192,Foreign_Investor,1410796
2025-01-17,2379,0,Foreign_Dealer_Self,0
2025-01-17,2379,16200,Dealer_self,3000
2025-01-17,2379,222617,Dealer_Hedging,26040
2025-01-17,2379,262000,Investment_Trust,75566
2025-01-20,2379,861100,Foreign_Investor,1670631
2025-01-20,2379,0,Foreign_Dealer_Self,0
2025-01-20,2379,7000,Dealer_self,1056
2025-01-20,2379,46638,Dealer_Hedging,23770
2025-01-20,2379,849000,Investment_Trust,9566
2025-01-21,2379,0,Foreign_Dealer_Self,0
2025-01-21,2379,530000,Investment_Trust,15019
2025-01-21,2379,18000,Dealer_self,0
2025-01-21,2379,27198,Dealer_Hedging,10290
2025-01-21,2379,727206,Foreign_Investor,989227
2025-01-22,2379,1498506,Foreign_Investor,1119022
2025-01-22,2379,0,Foreign_Dealer_Self,0
2025-01-22,2379,248000,Investment_Trust,93421
2025-01-22,2379,23026,Dealer_self,10100
2025-01-22,2379,34130,Dealer_Hedging,14026
2025-02-03,2379,1770344,Foreign_Investor,2879012
2025-02-03,2379,0,Foreign_Dealer_Self,0
2025-02-03,2379,515205,Investment_Trust,487
2025-02-03,2379,123000,Dealer_self,109716
2025-02-03,2379,249963,Dealer_Hedging,15476
2025-02-04,2379,3893949,Foreign_Investor,3595948
2025-02-04,2379,0,Foreign_Dealer_Self,0
2025-02-04,2379,43079,Dealer_self,57000
2025-02-04,2379,183415,Dealer_Hedging,46280
2025-02-04,2379,890000,Investment_Trust,37283
2025-02-05,2379,2987885,Foreign_Investor,2836268
2025-02-05,2379,0,Foreign_Dealer_Self,0
2025-02-05,2379,69621,Dealer_self,33043
2025-02-05,2379,71397,Dealer_Hedging,69064
2025-02-05,2379,1256000,Investment_Trust,21447
2025-02-06,2379,2064660,Foreign_Investor,5580254
2025-02-06,2379,0,Foreign_Dealer_Self,0
2025-02-06,2379,252000,Dealer_self,53350
2025-02-06,2379,73000,Dealer_Hedging,73140
2025-02-06,2379,450600,Investment_Trust,36192
2025-02-07,2379,2955467,Foreign_Investor,2355608
2025-02-07,2379,0,Foreign_Dealer_Self,0
2025-02-07,2379,237000,Investment_Trust,40913
2025-02-07,2379,5000,Dealer_self,35100
2025-02-07,2379,52398,Dealer_Hedging,16014
2025-02-10,2379,2317767,Foreign_Investor,1872247
2025-02-10,2379,0,Foreign_Dealer_Self,0
2025-02-10,2379,23000,Dealer_self,49349
2025-02-10,2379,63668,Dealer_Hedging,34697
2025-02-10,2379,232701,Investment_Trust,55863
2025-02-11,2379,1334479,Foreign_Investor,1034843
2025-02-11,2379,0,Foreign_Dealer_Self,0
2025-02-11,2379,215000,Investment_Trust,76164
2025-02-11,2379,9000,Dealer_self,12878
2025-02-11,2379,26090,Dealer_Hedging,28395
2025-02-12,2379,0,Foreign_Dealer_Self,0
2025-02-12,2379,51000,Investment_Trust,94234
2025-02-12,2379,28000,Dealer_self,9440
2025-02-12,2379,11249,Dealer_Hedging,3534
2025-02-12,2379,1385597,Foreign_Investor,1125065
2025-02-13,2379,1692614,Foreign_Investor,2013814
2025-02-13,2379,0,Foreign_Dealer_Self,0
2025-02-13,2379,32600,Investment_Trust,154569
2025-02-13,2379,30051,Dealer_self,21032
2025-02-13,2379,19572,Dealer_Hedging,22668
2025-02-14,2379,0,Foreign_Dealer_Self,0
2025-02-14,2379,116600,Investment_Trust,25469
2025-02-14,2379,8134,Dealer_self,21017
2025-02-14,2379,34200,Dealer_Hedging,18168
2025-02-14,2379,1566475,Foreign_Investor,1970556
2025-02-17,2379,867444,Foreign_Investor,719209
2025-02-17,2379,0,Foreign_Dealer_Self,0
2025-02-17,2379,24450,Dealer_self,12580
2025-02-17,2379,18000,Dealer_Hedging,10556
2025-02-17,2379,126600,Investment_Trust,96416
2025-02-18,2379,536907,Foreign_Investor,628884
2025-02-18,2379,0,Foreign_Dealer_Self,0
2025-02-18,2379,101000,Investment_Trust,97188
2025-02-18,2379,2108,Dealer_self,12875
2025-02-18,2379,5000,Dealer_Hedging,13610
2025-02-19,2379,0,Foreign_Dealer_Self,0
2025-02-19,2379,86000,Investment_Trust,363114
2025-02-19,2379,67343,Dealer_self,112132
2025-02-19,2379,96077,Dealer_Hedging,13008
2025-02-19,2379,1449179,Foreign_Investor,764000
2025-02-20,2379,819464,Foreign_Investor,997884
2025-02-20,2379,0,Foreign_Dealer_Self,0
2025-02-20,2379,24000,Investment_Trust,22491
2025-02-20,2379,160745,Dealer_self,1100
2025-02-20,2379,73941,Dealer_Hedging,30244
2025-02-21,2379,1335522,Foreign_Investor,898530
2025-02-21,2379,0,Foreign_Dealer_Self,0
2025-02-21,2379,19000,Investment_Trust,17511
2025-02-21,2379,53988,Dealer_self,0
2025-02-21,2379,23053,Dealer_Hedging,11533
2025-02-24,2379,1330172,Foreign_Investor,962502
2025-02-24,2379,0,Foreign_Dealer_Self,0
2025-02-24,2379,21000,Investment_Trust,38956
2025-02-24,2379,49214,Dealer_self,9300
2025-02-24,2379,14597,Dealer_Hedging,16991
2025-02-25,2379,0,Foreign_Dealer_Self,0
2025-02-25,2379,66589,Investment_Trust,7801
2025-02-25,2379,23696,Dealer_self,47100
2025-02-25,2379,47830,Dealer_Hedging,21487
2025-02-25,2379,1466991,Foreign_Investor,1256756
2025-02-26,2379,2041289,Foreign_Investor,1292413
2025-02-26,2379,0,Foreign_Dealer_Self,0
2025-02-26,2379,50589,Investment_Trust,40578
2025-02-26,2379,23100,Dealer_self,5067
2025-02-26,2379,26200,Dealer_Hedging,16352
2025-02-27,2379,1356716,Foreign_Investor,1322123
2025-02-27,2379,0,Foreign_Dealer_Self,0
2025-02-27,2379,119599,Investment_Trust,20077
2025-02-27,2379,7001,Dealer_self,4533
2025-02-27,2379,95000,Dealer_Hedging,19843
2025-03-03,2379,0,Foreign_Dealer_Self,0
2025-03-03,2379,364944,Investment_Trust,945
2025-03-03,2379,38245,Dealer_self,17517
2025-03-03,2379,148350,Dealer_Hedging,3305
2025-03-03,2379,1161874,Foreign_Investor,1260915
2025-03-04,2379,2821413,Foreign_Investor,1699698
2025-03-04,2379,0,Foreign_Dealer_Self,0
2025-03-04,2379,374589,Investment_Trust,7161
2025-03-04,2379,64071,Dealer_self,61629
2025-03-04,2379,100126,Dealer_Hedging,29075
2025-03-05,2379,1754768,Foreign_Investor,1078830
2025-03-05,2379,0,Foreign_Dealer_Self,0
2025-03-05,2379,5007,Dealer_self,70307
2025-03-05,2379,20719,Dealer_Hedging,33393
2025-03-05,2379,34000,Investment_Trust,9656
2025-03-06,2379,1135644,Foreign_Investor,1134219
2025-03-06,2379,0,Foreign_Dealer_Self,0
2025-03-06,2379,60000,Investment_Trust,84559
2025-03-06,2379,10238,Dealer_self,31538
2025-03-06,2379,31907,Dealer_Hedging,9322
2025-03-07,2379,1249836,Foreign_Investor,884431
2025-03-07,2379,0,Foreign_Dealer_Self,0
2025-03-07,2379,53000,Investment_Trust,74884
2025-03-07,2379,3101,Dealer_self,48101
2025-03-07,2379,48374,Dealer_Hedging,43201
2025-03-10,2379,742438,Foreign_Investor,844989
2025-03-10,2379,0,Foreign_Dealer_Self,0
2025-03-10,2379,586,Dealer_self,33305
2025-03-10,2379,85588,Dealer_Hedging,10882
2025-03-10,2379,542589,Investment_Trust,67841
2025-03-11,2379,2382215,Foreign_Investor,1746624
2025-03-11,2379,0,Foreign_Dealer_Self,0
2025-03-11,2379,476766,Investment_Trust,3269
2025-03-11,2379,163159,Dealer_self,243446
2025-03-11,2379,190444,Dealer_Hedging,66694
2025-03-12,2379,0,Foreign_Dealer_Self,0
2025-03-12,2379,238000,Investment_Trust,4463
2025-03-12,2379,44166,Dealer_self,62573
2025-03-12,2379,66547,Dealer_Hedging,16281
2025-03-12,2379,1083810,Foreign_Investor,1332838
2025-03-13,2379,810347,Foreign_Investor,1303443
2025-03-13,2379,0,Foreign_Dealer_Self,0
2025-03-13,2379,64000,Investment_Trust,6895
2025-03-13,2379,11039,Dealer_self,13938
2025-03-13,2379,99000,Dealer_Hedging,14025
2025-03-14,2379,0,Foreign_Dealer_Self,0
2025-03-14,2379,8088,Dealer_self,64699
2025-03-14,2379,98898,Dealer_Hedging,49390
2025-03-14,2379,1385187,Foreign_Investor,1666692
2025-03-14,2379,370589,Investment_Trust,91281
2025-03-17,2379,682021,Foreign_Investor,1102706
2025-03-17,2379,0,Foreign_Dealer_Self,0
2025-03-17,2379,158000,Investment_Trust,30663
2025-03-17,2379,31000,Dealer_self,1442
2025-03-17,2379,43666,Dealer_Hedging,4159
2025-03-18,2379,1135969,Foreign_Investor,615861
2025-03-18,2379,0,Foreign_Dealer_Self,0
2025-03-18,2379,87000,Investment_Trust,41277
2025-03-18,2379,5611,Dealer_self,25032
2025-03-18,2379,31291,Dealer_Hedging,18435
2025-03-19,2379,680583,Foreign_Investor,865240
2025-03-19,2379,0,Foreign_Dealer_Self,0
2025-03-19,2379,267000,Investment_Trust,33554
2025-03-19,2379,10069,Dealer_self,45120
2025-03-19,2379,56519,Dealer_Hedging,61585
2025-03-20,2379,1138065,Foreign_Investor,297214
2025-03-20,2379,0,Foreign_Dealer_Self,0
2025-03-20,2379,24730,Dealer_self,2000
2025-03-20,2379,28115,Dealer_Hedging,12203
2025-03-20,2379,209000,Investment_Trust,188124
2025-03-21,2379,0,Foreign_Dealer_Self,0
2025-03-21,2379,381000,Investment_Trust,316671
2025-03-21,2379,138322,Dealer_self,2017
2025-03-21,2379,85763,Dealer_Hedging,13855
2025-03-21,2379,1306871,Foreign_Investor,1058583
2025-03-24,2379,693857,Foreign_Investor,1061300
2025-03-24,2379,0,Foreign_Dealer_Self,0
2025-03-24,2379,26604,Dealer_self,12000
2025-03-24,2379,96872,Dealer_Hedging,18335
2025-03-24,2379,444000,Investment_Trust,23329
2025-03-25,2379,0,Foreign_Dealer_Self,0
2025-03-25,2379,438000,Investment_Trust,59000
2025-03-25,2379,1000,Dealer_self,25000
2025-03-25,2379,80272,Dealer_Hedging,16838
2025-03-25,2379,1216559,Foreign_Investor,1253350
2025-03-26,2379,766503,Foreign_Investor,675011
2025-03-26,2379,0,Foreign_Dealer_Self,0
2025-03-26,2379,413000,Investment_Trust,514614
2025-03-26,2379,12000,Dealer_self,5000
2025-03-26,2379,26010,Dealer_Hedging,8859
2025-03-27,2379,792162,Foreign_Investor,1734501
2025-03-27,2379,0,Foreign_Dealer_Self,0
2025-03-27,2379,462000,Investment_Trust,946
2025-03-27,2379,2000,Dealer_self,7000
2025-03-27,2379,139775,Dealer_Hedging,5414
2025-03-28,2379,1010746,Foreign_Investor,1520779
2025-03-28,2379,0,Foreign_Dealer_Self,0
2025-03-28,2379,256000,Investment_Trust,0
2025-03-28,2379,13000,Dealer_self,48000
2025-03-28,2379,341427,Dealer_Hedging,42079
2025-03-31,2379,1222012,Foreign_Investor,2356178
2025-03-31,2379,0,Foreign_Dealer_Self,0
2025-03-31,2379,577590,Investment_Trust,332
2025-03-31,2379,83000,Dealer_self,140200
2025-03-31,2379,559029,Dealer_Hedging,52837
2025-04-01,2379,0,Foreign_Dealer_Self,0
2025-04-01,2379,265000,Investment_Trust,290000
2025-04-01,2379,27000,Dealer_self,19316
2025-04-01,2379,162452,Dealer_Hedging,32452
2025-04-01,2379,2144555,Foreign_Investor,1819976
2025-04-02,2379,1796684,Foreign_Investor,1028077
2025-04-02,2379,0,Foreign_Dealer_Self,0
2025-04-02,2379,0,Dealer_self,22586
2025-04-02,2379,156886,Dealer_Hedging,21912
2025-04-02,2379,49000,Investment_Trust,107938
2025-04-07,2379,539245,Foreign_Investor,80473
2025-04-07,2379,0,Foreign_Dealer_Self,0
2025-04-07,2379,0,Investment_Trust,0
2025-04-07,2379,0,Dealer_self,0
2025-04-07,2379,0,Dealer_Hedging,13898
2025-04-08,2379,0,Foreign_Dealer_Self,0
2025-04-08,2379,347033,Investment_Trust,50000
2025-04-08,2379,101409,Dealer_self,98764
2025-04-08,2379,609091,Dealer_Hedging,78443
2025-04-08,2379,2678871,Foreign_Investor,2761089
2025-04-09,2379,3231057,Foreign_Investor,3544522
2025-04-09,2379,0,Foreign_Dealer_Self,0
2025-04-09,2379,213938,Investment_Trust,4557
2025-04-09,2379,64000,Dealer_self,97475
2025-04-09,2379,815646,Dealer_Hedging,82440
2025-04-10,2379,223675,Foreign_Investor,204290
2025-04-10,2379,0,Foreign_Dealer_Self,0
2025-04-10,2379,0,Investment_Trust,71000
2025-04-10,2379,0,Dealer_self,0
2025-04-10,2379,14144,Dealer_Hedging,0
2025-04-11,2379,1949780,Foreign_Investor,2446828
2025-04-11,2379,0,Foreign_Dealer_Self,0
2025-04-11,2379,17100,Dealer_self,52769
2025-04-11,2379,161598,Dealer_Hedging,47229
2025-04-11,2379,761842,Investment_Trust,1000
2025-04-14,2379,2561487,Foreign_Investor,2752005
2025-04-14,2379,0,Foreign_Dealer_Self,0
2025-04-14,2379,82000,Investment_Trust,25226
2025-04-14,2379,36000,Dealer_self,32428
2025-04-14,2379,56166,Dealer_Hedging,28708
2025-04-15,2379,0,Foreign_Dealer_Self,0
2025-04-15,2379,83800,Investment_Trust,273856
2025-04-15,2379,1000,Dealer_self,21159
2025-04-15,2379,86737,Dealer_Hedging,2751
2025-04-15,2379,1666421,Foreign_Investor,1659697
2025-04-16,2379,0,Foreign_Dealer_Self,0
2025-04-16,2379,114000,Investment_Trust,414891
2025-04-16,2379,1000,Dealer_self,49042
2025-04-16,2379,141000,Dealer_Hedging,73883
2025-04-16,2379,1248717,Foreign_Investor,1401369
2025-04-17,2379,1668304,Foreign_Investor,1357396
2025-04-17,2379,0,Foreign_Dealer_Self,0
2025-04-17,2379,42000,Investment_Trust,19000
2025-04-17,2379,4000,Dealer_self,56000
2025-04-17,2379,101956,Dealer_Hedging,10088
2025-04-18,2379,721070,Foreign_Investor,721151
2025-04-18,2379,0,Foreign_Dealer_Self,0
2025-04-18,2379,373000,Investment_Trust,825790
2025-04-18,2379,5000,Dealer_self,15255
2025-04-18,2379,107414,Dealer_Hedging,17822
2025-04-21,2379,454699,Foreign_Investor,719103
2025-04-21,2379,0,Foreign_Dealer_Self,0
2025-04-21,2379,353000,Investment_Trust,2000
2025-04-21,2379,2000,Dealer_self,35000
2025-04-21,2379,190885,Dealer_Hedging,46000
2025-04-22,2379,0,Foreign_Dealer_Self,0
2025-04-22,2379,352000,Investment_Trust,4000
2025-04-22,2379,20000,Dealer_self,18900
2025-04-22,2379,268665,Dealer_Hedging,25470
2025-04-22,2379,526577,Foreign_Investor,1093298
2025-04-23,2379,1429261,Foreign_Investor,1203873
2025-04-23,2379,0,Foreign_Dealer_Self,0
2025-04-23,2379,175000,Investment_Trust,608
2025-04-23,2379,9500,Dealer_self,23000
2025-04-23,2379,69914,Dealer_Hedging,24000
2025-04-24,2379,0,Foreign_Dealer_Self,0
2025-04-24,2379,5000,Investment_Trust,35334
2025-04-24,2379,1595,Dealer_self,6424
2025-04-24,2379,54739,Dealer_Hedging,9041
2025-04-24,2379,771969,Foreign_Investor,1084068
2025-04-25,2379,0,Foreign_Dealer_Self,0
2025-04-25,2379,15000,Investment_Trust,269840
2025-04-25,2379,3578,Dealer_self,21200
2025-04-25,2379,43544,Dealer_Hedging,34306
2025-04-25,2379,1343453,Foreign_Investor,1521062
2025-04-28,2379,424582,Foreign_Investor,476551
2025-04-28,2379,0,Foreign_Dealer_Self,0
2025-04-28,2379,7000,Investment_Trust,285724
2025-04-28,2379,7600,Dealer_self,5073
2025-04-28,2379,19405,Dealer_Hedging,5009
2025-04-29,2379,0,Foreign_Dealer_Self,0
2025-04-29,2379,4000,Investment_Trust,170243
2025-04-29,2379,2285,Dealer_self,0
2025-04-29,2379,19709,Dealer_Hedging,28006
2025-04-29,2379,946248,Foreign_Investor,1280372
2025-04-30,2379,869783,Foreign_Investor,808483
2025-04-30,2379,0,Foreign_Dealer_Self,0
2025-04-30,2379,30000,Investment_Trust,217944
2025-04-30,2379,0,Dealer_self,34350
2025-04-30,2379,3993,Dealer_Hedging,24556
2025-05-02,2379,829312,Foreign_Investor,2245066
2025-05-02,2379,0,Foreign_Dealer_Self,0
2025-05-02,2379,4999,Dealer_self,9329
2025-05-02,2379,99000,Dealer_Hedging,20813
2025-05-02,2379,0,Investment_Trust,374723
2025-05-05,2379,1468826,Foreign_Investor,2051264
2025-05-05,2379,0,Foreign_Dealer_Self,0
2025-05-05,2379,4000,Dealer_self,16562
2025-05-05,2379,21068,Dealer_Hedging,97385
2025-05-05,2379,9109,Investment_Trust,295571
2025-05-06,2379,1074889,Foreign_Investor,1541928
2025-05-06,2379,0,Foreign_Dealer_Self,0
2025-05-06,2379,1000,Dealer_self,53081
2025-05-06,2379,7936,Dealer_Hedging,153867
2025-05-06,2379,16000,Investment_Trust,292220
2025-05-07,2379,0,Foreign_Dealer_Self,0
2025-05-07,2379,0,Dealer_self,13107
2025-05-07,2379,1160,Dealer_Hedging,44915
2025-05-07,2379,1327761,Foreign_Investor,1616970
2025-05-07,2379,15000,Investment_Trust,128599
2025-05-08,2379,0,Foreign_Dealer_Self,0
2025-05-08,2379,5000,Dealer_self,2310
2025-05-08,2379,6333,Dealer_Hedging,14342
2025-05-08,2379,971936,Foreign_Investor,785595
2025-05-08,2379,46000,Investment_Trust,138275
2025-05-09,2379,1613185,Foreign_Investor,1180378
2025-05-09,2379,0,Foreign_Dealer_Self,0
2025-05-09,2379,0,Dealer_self,6000
2025-05-09,2379,9462,Dealer_Hedging,43970
2025-05-09,2379,3000,Investment_Trust,194701
2025-05-12,2379,627060,Foreign_Investor,872921
2025-05-12,2379,0,Foreign_Dealer_Self,0
2025-05-12,2379,8220,Dealer_self,0
2025-05-12,2379,16033,Dealer_Hedging,3743
2025-05-12,2379,0,Investment_Trust,142039
2025-05-13,2379,0,Foreign_Dealer_Self,0
2025-05-13,2379,6000,Dealer_self,32000
2025-05-13,2379,23060,Dealer_Hedging,29063
2025-05-13,2379,2055874,Foreign_Investor,1622518
2025-05-13,2379,3000,Investment_Trust,266381
2025-05-14,2379,0,Foreign_Dealer_Self,0
2025-05-14,2379,4000,Investment_Trust,228000
2025-05-14,2379,32000,Dealer_self,4069
2025-05-14,2379,4659,Dealer_Hedging,25138
2025-05-14,2379,1656591,Foreign_Investor,1574286
2025-05-15,2379,0,Foreign_Dealer_Self,0
2025-05-15,2379,39000,Investment_Trust,564244
2025-05-15,2379,33000,Dealer_self,28000
2025-05-15,2379,9397,Dealer_Hedging,11041
2025-05-15,2379,1592505,Foreign_Investor,2043346
2025-05-16,2379,1164426,Foreign_Investor,880770
2025-05-16,2379,0,Foreign_Dealer_Self,0
2025-05-16,2379,11000,Dealer_self,2066
2025-05-16,2379,25431,Dealer_Hedging,7525
2025-05-16,2379,9000,Investment_Trust,913584
2025-05-19,2379,816881,Foreign_Investor,911176
2025-05-19,2379,0,Foreign_Dealer_Self,0
2025-05-19,2379,33001,Investment_Trust,147572
2025-05-19,2379,18000,Dealer_self,23732
2025-05-19,2379,23000,Dealer_Hedging,33455
2025-05-20,2379,0,Foreign_Dealer_Self,0
2025-05-20,2379,190000,Investment_Trust,273830
2025-05-20,2379,6000,Dealer_self,6400
2025-05-20,2379,11612,Dealer_Hedging,19000
2025-05-20,2379,1749071,Foreign_Investor,1384654
2025-05-21,2379,915655,Foreign_Investor,450571
2025-05-21,2379,0,Foreign_Dealer_Self,0
2025-05-21,2379,33000,Investment_Trust,187000
2025-05-21,2379,2300,Dealer_self,0
2025-05-21,2379,46200,Dealer_Hedging,45681
2025-05-22,2379,992704,Foreign_Investor,840806
2025-05-22,2379,0,Foreign_Dealer_Self,0
2025-05-22,2379,5000,Investment_Trust,120003
2025-05-22,2379,2000,Dealer_self,37571
2025-05-22,2379,23185,Dealer_Hedging,50308
2025-05-23,2379,0,Foreign_Dealer_Self,0
2025-05-23,2379,0,Investment_Trust,721282
2025-05-23,2379,2011,Dealer_self,13239
2025-05-23,2379,29050,Dealer_Hedging,43147
2025-05-23,2379,1348902,Foreign_Investor,1479236
2025-05-26,2379,2032046,Foreign_Investor,927288
2025-05-26,2379,0,Foreign_Dealer_Self,0
2025-05-26,2379,217,Dealer_self,180282
2025-05-26,2379,19617,Dealer_Hedging,73189
2025-05-26,2379,24000,Investment_Trust,989978
2025-05-27,2379,0,Foreign_Dealer_Self,0
2025-05-27,2379,0,Investment_Trust,1053871
2025-05-27,2379,1000,Dealer_self,111030
2025-05-27,2379,30011,Dealer_Hedging,45477
2025-05-27,2379,1474493,Foreign_Investor,1470454
2025-05-28,2379,2813723,Foreign_Investor,1618907
2025-05-28,2379,0,Foreign_Dealer_Self,0
2025-05-28,2379,28000,Investment_Trust,1027000
2025-05-28,2379,1200,Dealer_self,26000
2025-05-28,2379,35829,Dealer_Hedging,22304
2025-05-29,2379,3705883,Foreign_Investor,2374751
2025-05-29,2379,0,Foreign_Dealer_Self,0
2025-05-29,2379,88033,Investment_Trust,1519000
2025-05-29,2379,18200,Dealer_self,6000
2025-05-29,2379,29248,Dealer_Hedging,22073
2025-06-02,2379,1707088,Foreign_Investor,2016325
2025-06-02,2379,0,Foreign_Dealer_Self,0
2025-06-02,2379,78000,Investment_Trust,18579
2025-06-02,2379,16000,Dealer_self,21175
2025-06-02,2379,74557,Dealer_Hedging,32269
2025-06-03,2379,932074,Foreign_Investor,2710336
2025-06-03,2379,0,Foreign_Dealer_Self,0
2025-06-03,2379,1733000,Investment_Trust,2608
2025-06-03,2379,500,Dealer_self,8000
2025-06-03,2379,9017,Dealer_Hedging,9036
2025-06-04,2379,1110101,Foreign_Investor,2156699
2025-06-04,2379,0,Foreign_Dealer_Self,0
2025-06-04,2379,11700,Dealer_self,12113
2025-06-04,2379,14361,Dealer_Hedging,16430
2025-06-04,2379,773000,Investment_Trust,93827
2025-06-05,2379,1682738,Foreign_Investor,1338056
2025-06-05,2379,0,Foreign_Dealer_Self,0
2025-06-05,2379,99000,Investment_Trust,842752
2025-06-05,2379,2023,Dealer_self,6500
2025-06-05,2379,20143,Dealer_Hedging,8709
2025-06-06,2379,944154,Foreign_Investor,695669
2025-06-06,2379,0,Foreign_Dealer_Self,0
2025-06-06,2379,208000,Investment_Trust,3283
2025-06-06,2379,0,Dealer_self,0
2025-06-06,2379,34925,Dealer_Hedging,9991
2025-06-09,2379,620143,Foreign_Investor,534739
2025-06-09,2379,0,Foreign_Dealer_Self,0
2025-06-09,2379,150000,Investment_Trust,279728
2025-06-09,2379,4500,Dealer_self,0
2025-06-09,2379,19200,Dealer_Hedging,3000
2025-06-10,2379,0,Foreign_Dealer_Self,0
2025-06-10,2379,0,Investment_Trust,229830
2025-06-10,2379,24906,Dealer_self,10000
2025-06-10,2379,16505,Dealer_Hedging,26302
2025-06-10,2379,937711,Foreign_Investor,575555
2025-06-11,2379,840308,Foreign_Investor,507727
2025-06-11,2379,0,Foreign_Dealer_Self,0
2025-06-11,2379,35000,Investment_Trust,171254
2025-06-11,2379,3576,Dealer_self,5000
2025-06-11,2379,26192,Dealer_Hedging,14000
2025-06-12,2379,0,Foreign_Dealer_Self,0
2025-06-12,2379,16000,Investment_Trust,236759
2025-06-12,2379,910,Dealer_self,25000
2025-06-12,2379,15357,Dealer_Hedging,9718
2025-06-12,2379,921745,Foreign_Investor,606308
2025-06-13,2379,1222755,Foreign_Investor,573745
2025-06-13,2379,0,Foreign_Dealer_Self,0
2025-06-13,2379,0,Investment_Trust,283024
2025-06-13,2379,1000,Dealer_self,44500
2025-06-13,2379,12030,Dealer_Hedging,9395
2025-06-16,2379,1022300,Foreign_Investor,660183
2025-06-16,2379,0,Foreign_Dealer_Self,0
2025-06-16,2379,66000,Investment_Trust,82290
2025-06-16,2379,13200,Dealer_self,8002
2025-06-16,2379,36625,Dealer_Hedging,16004
2025-06-17,2379,0,Foreign_Dealer_Self,0
2025-06-17,2379,50000,Investment_Trust,163592
2025-06-17,2379,5225,Dealer_self,26442
2025-06-17,2379,55684,Dealer_Hedging,24000
2025-06-17,2379,1353572,Foreign_Investor,856970
2025-06-18,2379,0,Foreign_Dealer_Self,0
2025-06-18,2379,130000,Investment_Trust,152676
2025-06-18,2379,2000,Dealer_self,64222
2025-06-18,2379,31451,Dealer_Hedging,8125
2025-06-18,2379,1092010,Foreign_Investor,1088331
2025-06-19,2379,3678472,Foreign_Investor,2367040
2025-06-19,2379,0,Foreign_Dealer_Self,0
2025-06-19,2379,0,Investment_Trust,437000
2025-06-19,2379,32624,Dealer_self,15000
2025-06-19,2379,145530,Dealer_Hedging,43189
2025-06-20,2379,0,Foreign_Dealer_Self,0
2025-06-20,2379,17000,Dealer_self,23629
2025-06-20,2379,97000,Dealer_Hedging,55910
2025-06-20,2379,1635937,Foreign_Investor,1731427
2025-06-20,2379,201340,Investment_Trust,799664
2025-06-23,2379,1718809,Foreign_Investor,923878
2025-06-23,2379,0,Foreign_Dealer_Self,0
2025-06-23,2379,153000,Investment_Trust,909312
2025-06-23,2379,15000,Dealer_self,7312
2025-06-23,2379,135313,Dealer_Hedging,15990
2025-06-24,2379,1619573,Foreign_Investor,1110588
2025-06-24,2379,0,Foreign_Dealer_Self,0
2025-06-24,2379,42000,Investment_Trust,784908
2025-06-24,2379,23000,Dealer_self,23357
2025-06-24,2379,21020,Dealer_Hedging,38000
2025-06-25,2379,1550420,Foreign_Investor,590106
2025-06-25,2379,0,Foreign_Dealer_Self,0
2025-06-25,2379,63000,Investment_Trust,732291
2025-06-25,2379,6000,Dealer_self,5100
2025-06-25,2379,48166,Dealer_Hedging,6696
2025-06-26,2379,1282260,Foreign_Investor,1351776
2025-06-26,2379,0,Foreign_Dealer_Self,0
2025-06-26,2379,11000,Investment_Trust,420157
2025-06-26,2379,12000,Dealer_self,28100
2025-06-26,2379,201917,Dealer_Hedging,21414
2025-06-27,2379,1051832,Foreign_Investor,547310
2025-06-27,2379,0,Foreign_Dealer_Self,0
2025-06-27,2379,27000,Investment_Trust,108742
2025-06-27,2379,0,Dealer_self,63100
2025-06-27,2379,80492,Dealer_Hedging,27746
2025-06-30,2379,920870,Foreign_Investor,832018
2025-06-30,2379,0,Foreign_Dealer_Self,0
2025-06-30,2379,215,Investment_Trust,22892
2025-06-30,2379,5000,Dealer_self,28000
2025-06-30,2379,40000,Dealer_Hedging,3656
2025-07-01,2379,814340,Foreign_Investor,985112
2025-07-01,2379,0,Foreign_Dealer_Self,0
2025-07-01,2379,431215,Investment_Trust,144383
2025-07-01,2379,23000,Dealer_self,3628
2025-07-01,2379,46327,Dealer_Hedging,17174
2025-07-02,2379,1862304,Foreign_Investor,1346044
2025-07-02,2379,0,Foreign_Dealer_Self,0
2025-07-02,2379,11200,Dealer_self,17000
2025-07-02,2379,18816,Dealer_Hedging,42010
2025-07-02,2379,344000,Investment_Trust,70000
2025-07-03,2379,848448,Foreign_Investor,1135863
2025-07-03,2379,0,Foreign_Dealer_Self,0
2025-07-03,2379,300000,Investment_Trust,5473
2025-07-03,2379,74300,Dealer_self,16417
2025-07-03,2379,27214,Dealer_Hedging,53125
2025-07-04,2379,526650,Foreign_Investor,2046766
2025-07-04,2379,0,Foreign_Dealer_Self,0
2025-07-04,2379,2321000,Investment_Trust,11910
2025-07-04,2379,11828,Dealer_self,55000
2025-07-04,2379,71055,Dealer_Hedging,8642
2025-07-07,2379,387904,Foreign_Investor,1238340
2025-07-07,2379,0,Foreign_Dealer_Self,0
2025-07-07,2379,449000,Investment_Trust,4047
2025-07-07,2379,18000,Dealer_self,19008
2025-07-07,2379,105400,Dealer_Hedging,15137
2025-07-08,2379,946065,Foreign_Investor,1159508
2025-07-08,2379,0,Foreign_Dealer_Self,0
2025-07-08,2379,7000,Dealer_self,18781
2025-07-08,2379,81855,Dealer_Hedging,19094
2025-07-08,2379,90086,Investment_Trust,50500
2025-07-09,2379,896382,Foreign_Investor,795949
2025-07-09,2379,0,Foreign_Dealer_Self,0
2025-07-09,2379,383000,Investment_Trust,12047
2025-07-09,2379,1185,Dealer_self,8000
2025-07-09,2379,25408,Dealer_Hedging,12000
2025-07-10,2379,1268878,Foreign_Investor,1057068
2025-07-10,2379,0,Foreign_Dealer_Self,0
2025-07-10,2379,89000,Investment_Trust,89639
2025-07-10,2379,5999,Dealer_self,5000
2025-07-10,2379,29142,Dealer_Hedging,7000
2025-07-11,2379,0,Foreign_Dealer_Self,0
2025-07-11,2379,54000,Investment_Trust,102639
2025-07-11,2379,8000,Dealer_self,26000
2025-07-11,2379,5056,Dealer_Hedging,6300
2025-07-11,2379,1097267,Foreign_Investor,1118290
2025-07-14,2379,0,Foreign_Dealer_Self,0
2025-07-14,2379,58000,Investment_Trust,18271
2025-07-14,2379,2620,Dealer_self,5000
2025-07-14,2379,109946,Dealer_Hedging,2000
2025-07-14,2379,929996,Foreign_Investor,1102087
2025-07-15,2379,489737,Foreign_Investor,708983
2025-07-15,2379,0,Foreign_Dealer_Self,0
2025-07-15,2379,49000,Investment_Trust,84217
2025-07-15,2379,6000,Dealer_self,4145
2025-07-15,2379,53000,Dealer_Hedging,1331
2025-07-16,2379,588085,Foreign_Investor,1273399
2025-07-16,2379,0,Foreign_Dealer_Self,0
2025-07-16,2379,808433,Investment_Trust,159686
2025-07-16,2379,27000,Dealer_self,4000
2025-07-16,2379,194428,Dealer_Hedging,23300
2025-07-17,2379,422072,Foreign_Investor,882418
2025-07-17,2379,0,Foreign_Dealer_Self,0
2025-07-17,2379,473419,Investment_Trust,65023
2025-07-17,2379,8000,Dealer_self,0
2025-07-17,2379,59732,Dealer_Hedging,16000
2025-07-18,2379,796057,Foreign_Investor,1065836
2025-07-18,2379,0,Foreign_Dealer_Self,0
2025-07-18,2379,442000,Investment_Trust,32734
2025-07-18,2379,9000,Dealer_self,1000
2025-07-18,2379,106972,Dealer_Hedging,7749
2025-07-21,2379,484584,Foreign_Investor,1095721
2025-07-21,2379,0,Foreign_Dealer_Self,0
2025-07-21,2379,468000,Investment_Trust,12248
2025-07-21,2379,4000,Dealer_self,361
2025-07-21,2379,75605,Dealer_Hedging,3486
2025-07-22,2379,1278521,Foreign_Investor,1463100
2025-07-22,2379,0,Foreign_Dealer_Self,0
2025-07-22,2379,740105,Investment_Trust,43070
2025-07-22,2379,4057,Dealer_self,7000
2025-07-22,2379,94200,Dealer_Hedging,20000
2025-07-23,2379,1051014,Foreign_Investor,1401272
2025-07-23,2379,0,Foreign_Dealer_Self,0
2025-07-23,2379,44000,Dealer_self,2309
2025-07-23,2379,49000,Dealer_Hedging,34618
2025-07-23,2379,161000,Investment_Trust,12000
2025-07-24,2379,459166,Foreign_Investor,643589
2025-07-24,2379,0,Foreign_Dealer_Self,0
2025-07-24,2379,15000,Investment_Trust,43140
2025-07-24,2379,1000,Dealer_self,200
2025-07-24,2379,3000,Dealer_Hedging,5251
2025-07-25,2379,819968,Foreign_Investor,330534
2025-07-25,2379,0,Foreign_Dealer_Self,0
2025-07-25,2379,61000,Investment_Trust,146000
2025-07-25,2379,20000,Dealer_self,6462
2025-07-25,2379,9246,Dealer_Hedging,2228
2025-07-28,2379,488204,Foreign_Investor,299650
2025-07-28,2379,0,Foreign_Dealer_Self,0
2025-07-28,2379,185000,Investment_Trust,31640
2025-07-28,2379,1000,Dealer_self,0
2025-07-28,2379,2380,Dealer_Hedging,6700
2025-07-29,2379,0,Foreign_Dealer_Self,0
2025-07-29,2379,222000,Investment_Trust,56024
2025-07-29,2379,8000,Dealer_self,0
2025-07-29,2379,47289,Dealer_Hedging,2000
2025-07-29,2379,877576,Foreign_Investor,745806
2025-07-30,2379,583092,Foreign_Investor,613046
2025-07-30,2379,0,Foreign_Dealer_Self,0
2025-07-30,2379,159000,Investment_Trust,10000
2025-07-30,2379,4000,Dealer_self,0
2025-07-30,2379,23062,Dealer_Hedging,5344
2025-07-31,2379,813973,Foreign_Investor,911001
2025-07-31,2379,0,Foreign_Dealer_Self,0
2025-07-31,2379,144000,Investment_Trust,61024
2025-07-31,2379,14000,Dealer_self,3000
2025-07-31,2379,5900,Dealer_Hedging,4191
2025-08-01,2379,0,Foreign_Dealer_Self,0
2025-08-01,2379,184000,Investment_Trust,136759
2025-08-01,2379,19000,Dealer_self,6645
2025-08-01,2379,143624,Dealer_Hedging,89196
2025-08-01,2379,1155279,Foreign_Investor,3186851
2025-08-04,2379,0,Foreign_Dealer_Self,0
2025-08-04,2379,195000,Investment_Trust,12000
2025-08-04,2379,6000,Dealer_self,13151
2025-08-04,2379,42049,Dealer_Hedging,56176
2025-08-04,2379,1610447,Foreign_Investor,2279993
2025-08-05,2379,1619720,Foreign_Investor,2357986
2025-08-05,2379,0,Foreign_Dealer_Self,0
2025-08-05,2379,150000,Investment_Trust,187024
2025-08-05,2379,5000,Dealer_self,15002
2025-08-05,2379,79863,Dealer_Hedging,34883
2025-08-06,2379,0,Foreign_Dealer_Self,0
2025-08-06,2379,181000,Investment_Trust,260063
2025-08-06,2379,8000,Dealer_self,1242
2025-08-06,2379,34000,Dealer_Hedging,35685
2025-08-06,2379,1487021,Foreign_Investor,2990810
2025-08-07,2379,1505465,Foreign_Investor,2115092
2025-08-07,2379,0,Foreign_Dealer_Self,0
2025-08-07,2379,5000,Dealer_self,1917
2025-08-07,2379,58000,Dealer_Hedging,30399
2025-08-07,2379,20623,Investment_Trust,231400
2025-08-08,2379,1169052,Foreign_Investor,1955266
2025-08-08,2379,0,Foreign_Dealer_Self,0
2025-08-08,2379,0,Investment_Trust,282105
2025-08-08,2379,4100,Dealer_self,6914
2025-08-08,2379,36289,Dealer_Hedging,28517
2025-08-11,2379,556490,Foreign_Investor,1160151
2025-08-11,2379,0,Foreign_Dealer_Self,0
2025-08-11,2379,24000,Dealer_self,113
2025-08-11,2379,25000,Dealer_Hedging,13466
2025-08-11,2379,38000,Investment_Trust,107697
2025-08-12,2379,1883673,Foreign_Investor,3146579
2025-08-12,2379,0,Foreign_Dealer_Self,0
2025-08-12,2379,12000,Dealer_self,4781
2025-08-12,2379,78446,Dealer_Hedging,23728
2025-08-12,2379,43653,Investment_Trust,12705
2025-08-13,2379,913328,Foreign_Investor,2456735
2025-08-13,2379,0,Foreign_Dealer_Self,0
2025-08-13,2379,3000,Investment_Trust,8047
2025-08-13,2379,21100,Dealer_self,2614
2025-08-13,2379,19376,Dealer_Hedging,6002
2025-08-14,2379,2206606,Foreign_Investor,2414280
2025-08-14,2379,0,Foreign_Dealer_Self,0
2025-08-14,2379,14757,Investment_Trust,64276
2025-08-14,2379,11413,Dealer_self,1854
2025-08-14,2379,41328,Dealer_Hedging,6949
2025-08-15,2379,1005179,Foreign_Investor,1447628
2025-08-15,2379,0,Foreign_Dealer_Self,0
2025-08-15,2379,77000,Investment_Trust,114276
2025-08-15,2379,8000,Dealer_self,1892
2025-08-15,2379,22101,Dealer_Hedging,25350
2025-08-18,2379,958628,Foreign_Investor,1828902
2025-08-18,2379,0,Foreign_Dealer_Self,0
2025-08-18,2379,293210,Investment_Trust,57384
2025-08-18,2379,36331,Dealer_self,805
2025-08-18,2379,41933,Dealer_Hedging,33922
2025-08-19,2379,1061357,Foreign_Investor,2060498
2025-08-19,2379,0,Foreign_Dealer_Self,0
2025-08-19,2379,11105,Investment_Trust,98000
2025-08-19,2379,37000,Dealer_self,2002
2025-08-19,2379,38000,Dealer_Hedging,10301
2025-08-20,2379,1268272,Foreign_Investor,2833757
2025-08-20,2379,0,Foreign_Dealer_Self,0
2025-08-20,2379,206300,Dealer_self,1245
2025-08-20,2379,430586,Dealer_Hedging,19027
2025-08-20,2379,246210,Investment_Trust,196500
2025-08-21,2379,776628,Foreign_Investor,1741045
2025-08-21,2379,0,Foreign_Dealer_Self,0
2025-08-21,2379,40400,Dealer_self,299
2025-08-21,2379,31000,Dealer_Hedging,1133
2025-08-21,2379,196105,Investment_Trust,66500
2025-08-22,2379,682958,Foreign_Investor,1420781
2025-08-22,2379,0,Foreign_Dealer_Self,0
2025-08-22,2379,61000,Investment_Trust,93024
2025-08-22,2379,46900,Dealer_self,1002
2025-08-22,2379,29000,Dealer_Hedging,1653
2025-08-25,2379,391693,Foreign_Investor,721752
2025-08-25,2379,0,Foreign_Dealer_Self,0
2025-08-25,2379,145234,Investment_Trust,9047
2025-08-25,2379,2605,Dealer_self,300
2025-08-25,2379,13088,Dealer_Hedging,5208
2025-08-26,2379,0,Foreign_Dealer_Self,0
2025-08-26,2379,73021,Investment_Trust,74000
2025-08-26,2379,39660,Dealer_self,3100
2025-08-26,2379,50474,Dealer_Hedging,1001
2025-08-26,2379,2666129,Foreign_Investor,2584263
2025-08-27,2379,0,Foreign_Dealer_Self,0
2025-08-27,2379,0,Investment_Trust,118000
2025-08-27,2379,118500,Dealer_self,100
2025-08-27,2379,6675,Dealer_Hedging,19082
2025-08-27,2379,445160,Foreign_Investor,1292258
2025-08-28,2379,500552,Foreign_Investor,1632524
2025-08-28,2379,0,Foreign_Dealer_Self,0
2025-08-28,2379,2000,Investment_Trust,120047
2025-08-28,2379,360100,Dealer_self,6500
2025-08-28,2379,25200,Dealer_Hedging,1810
2025-08-29,2379,840177,Foreign_Investor,1747950
2025-08-29,2379,0,Foreign_Dealer_Self,0
2025-08-29,2379,193174,Dealer_self,3411
2025-08-29,2379,25000,Dealer_Hedging,12841
2025-08-29,2379,7000,Investment_Trust,46000
2025-09-01,2379,0,Foreign_Dealer_Self,0
2025-09-01,2379,34300,Dealer_self,5100
2025-09-01,2379,29703,Dealer_Hedging,10314
2025-09-01,2379,563813,Foreign_Investor,1554984
2025-09-01,2379,509115,Investment_Trust,85300
2025-09-02,2379,450445,Foreign_Investor,1285928
2025-09-02,2379,0,Foreign_Dealer_Self,0
2025-09-02,2379,69000,Investment_Trust,59000
2025-09-02,2379,58400,Dealer_self,2000
2025-09-02,2379,27772,Dealer_Hedging,3000
2025-09-03,2379,565872,Foreign_Investor,799846
2025-09-03,2379,0,Foreign_Dealer_Self,0
2025-09-03,2379,39000,Investment_Trust,25000
2025-09-03,2379,49000,Dealer_self,1000
2025-09-03,2379,14000,Dealer_Hedging,5966
2025-09-04,2379,1111116,Foreign_Investor,2316274
2025-09-04,2379,0,Foreign_Dealer_Self,0
2025-09-04,2379,0,Investment_Trust,181024
2025-09-04,2379,54000,Dealer_self,3000
2025-09-04,2379,19000,Dealer_Hedging,16822
2025-09-05,2379,584290,Foreign_Investor,1846865
2025-09-05,2379,0,Foreign_Dealer_Self,0
2025-09-05,2379,0,Investment_Trust,63024
2025-09-05,2379,11200,Dealer_self,400
2025-09-05,2379,8300,Dealer_Hedging,10754
2025-09-08,2379,745695,Foreign_Investor,2258000
2025-09-08,2379,0,Foreign_Dealer_Self,0
2025-09-08,2379,5000,Dealer_self,53323
2025-09-08,2379,203585,Dealer_Hedging,62219
2025-09-08,2379,0,Investment_Trust,99696
2025-09-09,2379,1183898,Foreign_Investor,2075824
2025-09-09,2379,0,Foreign_Dealer_Self,0
2025-09-09,2379,35000,Dealer_self,25519
2025-09-09,2379,13807,Dealer_Hedging,123282
2025-09-09,2379,8000,Investment_Trust,26947
2025-09-10,2379,0,Foreign_Dealer_Self,0
2025-09-10,2379,0,Investment_Trust,770618
2025-09-10,2379,14000,Dealer_self,384027
2025-09-10,2379,87000,Dealer_Hedging,244516
2025-09-10,2379,5031781,Foreign_Investor,1737232
2025-09-11,2379,0,Foreign_Dealer_Self,0
2025-09-11,2379,12000,Dealer_self,134000
2025-09-11,2379,40760,Dealer_Hedging,104559
2025-09-11,2379,2966514,Foreign_Investor,1602821
2025-09-11,2379,0,Investment_Trust,337949
2025-09-12,2379,889587,Foreign_Investor,1520719
2025-09-12,2379,0,Foreign_Dealer_Self,0
2025-09-12,2379,0,Investment_Trust,97547
2025-09-12,2379,10000,Dealer_self,38000
2025-09-12,2379,61001,Dealer_Hedging,78464
2025-09-15,2379,659309,Foreign_Investor,1002060
2025-09-15,2379,0,Foreign_Dealer_Self,0
2025-09-15,2379,3000,Investment_Trust,56631
2025-09-15,2379,9000,Dealer_self,3999
2025-09-15,2379,6000,Dealer_Hedging,30731
2025-09-16,2379,2430591,Foreign_Investor,1432965
2025-09-16,2379,0,Foreign_Dealer_Self,0
2025-09-16,2379,79004,Investment_Trust,60500
2025-09-16,2379,13223,Dealer_self,10000
2025-09-16,2379,52752,Dealer_Hedging,47000
2025-09-17,2379,1102351,Foreign_Investor,1065650
2025-09-17,2379,0,Foreign_Dealer_Self,0
2025-09-17,2379,91000,Investment_Trust,106826
2025-09-17,2379,5000,Dealer_self,44200
2025-09-17,2379,4481,Dealer_Hedging,27183
2025-09-18,2379,1201191,Foreign_Investor,704245
2025-09-18,2379,0,Foreign_Dealer_Self,0
2025-09-18,2379,71000,Investment_Trust,408000
2025-09-18,2379,9000,Dealer_self,0
2025-09-18,2379,2274,Dealer_Hedging,49153
2025-09-19,2379,0,Foreign_Dealer_Self,0
2025-09-19,2379,1320,Investment_Trust,464465
2025-09-19,2379,6500,Dealer_self,0
2025-09-19,2379,11136,Dealer_Hedging,34000
2025-09-19,2379,1897910,Foreign_Investor,1291033
2025-09-22,2379,1102675,Foreign_Investor,1232923
2025-09-22,2379,0,Foreign_Dealer_Self,0
2025-09-22,2379,2000,Investment_Trust,521000
2025-09-22,2379,7000,Dealer_self,0
2025-09-22,2379,1000,Dealer_Hedging,25041
2025-09-23,2379,1231682,Foreign_Investor,546908
2025-09-23,2379,0,Foreign_Dealer_Self,0
2025-09-23,2379,3000,Investment_Trust,571125
2025-09-23,2379,1000,Dealer_self,2000
2025-09-23,2379,5707,Dealer_Hedging,48000
2025-09-24,2379,0,Foreign_Dealer_Self,0
2025-09-24,2379,6000,Investment_Trust,614128
2025-09-24,2379,23103,Dealer_self,6000
2025-09-24,2379,35762,Dealer_Hedging,43000
2025-09-24,2379,2399336,Foreign_Investor,779255
2025-09-25,2379,1536456,Foreign_Investor,1069000
2025-09-25,2379,0,Foreign_Dealer_Self,0
2025-09-25,2379,10000,Investment_Trust,478000
2025-09-25,2379,9000,Dealer_self,2000
2025-09-25,2379,13159,Dealer_Hedging,68829
2025-09-26,2379,761473,Foreign_Investor,703147
2025-09-26,2379,0,Foreign_Dealer_Self,0
2025-09-26,2379,25000,Investment_Trust,230200
2025-09-26,2379,5000,Dealer_self,1000
2025-09-26,2379,43225,Dealer_Hedging,11903
2025-09-30,2379,0,Foreign_Dealer_Self,0
2025-09-30,2379,16209,Investment_Trust,788000
2025-09-30,2379,8000,Dealer_self,3000
2025-09-30,2379,12108,Dealer_Hedging,9363
2025-09-30,2379,3359275,Foreign_Investor,1724066
2025-10-01,2379,1697514,Foreign_Investor,2058937
2025-10-01,2379,0,Foreign_Dealer_Self,0
2025-10-01,2379,18000,Investment_Trust,1158269
2025-10-01,2379,22000,Dealer_self,3169
2025-10-01,2379,89217,Dealer_Hedging,87450
2025-10-02,2379,738986,Foreign_Investor,928392
2025-10-02,2379,0,Foreign_Dealer_Self,0
2025-10-02,2379,13109,Investment_Trust,118000
2025-10-02,2379,4000,Dealer_self,5000
2025-10-02,2379,24474,Dealer_Hedging,9077
2025-10-03,2379,758096,Foreign_Investor,769635
2025-10-03,2379,0,Foreign_Dealer_Self,0
2025-10-03,2379,9000,Investment_Trust,137630
2025-10-03,2379,1000,Dealer_self,11700
2025-10-03,2379,7216,Dealer_Hedging,15567
2025-10-07,2379,1484161,Foreign_Investor,633359
2025-10-07,2379,0,Foreign_Dealer_Self,0
2025-10-07,2379,5000,Investment_Trust,145000
2025-10-07,2379,14646,Dealer_self,3534
2025-10-07,2379,31762,Dealer_Hedging,34000
2025-10-08,2379,1101753,Foreign_Investor,768000
2025-10-08,2379,0,Foreign_Dealer_Self,0
2025-10-08,2379,27000,Investment_Trust,177500
2025-10-08,2379,4650,Dealer_self,10014
2025-10-08,2379,38006,Dealer_Hedging,23536
2025-10-09,2379,1280264,Foreign_Investor,940826
2025-10-09,2379,0,Foreign_Dealer_Self,0
2025-10-09,2379,6000,Investment_Trust,159758
2025-10-09,2379,2999,Dealer_self,4000
2025-10-09,2379,21728,Dealer_Hedging,22515
2025-10-13,2379,1751228,Foreign_Investor,2477160
2025-10-13,2379,0,Foreign_Dealer_Self,0
2025-10-13,2379,42000,Investment_Trust,33255
2025-10-13,2379,9000,Dealer_self,20999
2025-10-13,2379,181795,Dealer_Hedging,20900
2025-10-14,2379,2012325,Foreign_Investor,1666263
2025-10-14,2379,0,Foreign_Dealer_Self,0
2025-10-14,2379,17007,Investment_Trust,202755
2025-10-14,2379,10000,Dealer_self,3000
2025-10-14,2379,138197,Dealer_Hedging,5107
2025-10-15,2379,0,Foreign_Dealer_Self,0
2025-10-15,2379,31000,Investment_Trust,23625
2025-10-15,2379,19000,Dealer_self,7165
2025-10-15,2379,135000,Dealer_Hedging,82442
2025-10-15,2379,1966842,Foreign_Investor,3155950
2025-10-16,2379,1164752,Foreign_Investor,1108791
2025-10-16,2379,0,Foreign_Dealer_Self,0
2025-10-16,2379,6000,Investment_Trust,107255
2025-10-16,2379,7000,Dealer_self,5000
2025-10-16,2379,11120,Dealer_Hedging,15130
2025-10-17,2379,663316,Foreign_Investor,949119
2025-10-17,2379,0,Foreign_Dealer_Self,0
2025-10-17,2379,11000,Investment_Trust,176000
2025-10-17,2379,5000,Dealer_self,1000
2025-10-17,2379,16005,Dealer_Hedging,72029
2025-10-20,2379,1125022,Foreign_Investor,1446510
2025-10-20,2379,0,Foreign_Dealer_Self,0
2025-10-20,2379,59000,Investment_Trust,93245
2025-10-20,2379,5571,Dealer_self,3709
2025-10-20,2379,23492,Dealer_Hedging,13029
2025-10-21,2379,715468,Foreign_Investor,518774
2025-10-21,2379,0,Foreign_Dealer_Self,0
2025-10-21,2379,29000,Investment_Trust,133000
2025-10-21,2379,4000,Dealer_self,2000
2025-10-21,2379,17673,Dealer_Hedging,18000
2025-10-22,2379,600285,Foreign_Investor,510584
2025-10-22,2379,0,Foreign_Dealer_Self,0
2025-10-22,2379,90630,Investment_Trust,163000
2025-10-22,2379,7000,Dealer_self,2000
2025-10-22,2379,84734,Dealer_Hedging,8057
2025-10-23,2379,610028,Foreign_Investor,768219
2025-10-23,2379,0,Foreign_Dealer_Self,0
2025-10-23,2379,44000,Investment_Trust,86000
2025-10-23,2379,2000,Dealer_self,6800
2025-10-23,2379,122132,Dealer_Hedging,2011
2025-10-27,2379,1162114,Foreign_Investor,2030717
2025-10-27,2379,0,Foreign_Dealer_Self,0
2025-10-27,2379,19100,Dealer_self,120
2025-10-27,2379,64000,Dealer_Hedging,66786
2025-10-27,2379,197000,Investment_Trust,176027
2025-10-28,2379,0,Foreign_Dealer_Self,0
2025-10-28,2379,73000,Investment_Trust,82000
2025-10-28,2379,11000,Dealer_self,13333
2025-10-28,2379,44524,Dealer_Hedging,34101
2025-10-28,2379,1224447,Foreign_Investor,1767322
2025-10-29,2379,756567,Foreign_Investor,1427170
2025-10-29,2379,0,Foreign_Dealer_Self,0
2025-10-29,2379,6000,Investment_Trust,172000
2025-10-29,2379,6000,Dealer_self,2677
2025-10-29,2379,24000,Dealer_Hedging,113761
2025-10-30,2379,845869,Foreign_Investor,1465300
2025-10-30,2379,0,Foreign_Dealer_Self,0
2025-10-30,2379,7000,Investment_Trust,117000
2025-10-30,2379,3000,Dealer_self,5048
2025-10-30,2379,31400,Dealer_Hedging,49135
2025-10-31,2379,919983,Foreign_Investor,1651953
2025-10-31,2379,0,Foreign_Dealer_Self,0
2025-10-31,2379,18600,Investment_Trust,145006
2025-10-31,2379,18000,Dealer_self,4099
2025-10-31,2379,31000,Dealer_Hedging,61129
2025-11-03,2379,794416,Foreign_Investor,1544117
2025-11-03,2379,0,Foreign_Dealer_Self,0
2025-11-03,2379,34520,Investment_Trust,134013
2025-11-03,2379,8400,Dealer_self,5100
2025-11-03,2379,45149,Dealer_Hedging,36911
2025-11-04,2379,1578386,Foreign_Investor,1737950
2025-11-04,2379,0,Foreign_Dealer_Self,0
2025-11-04,2379,43260,Investment_Trust,377000
2025-11-04,2379,6000,Dealer_self,32850
2025-11-04,2379,22443,Dealer_Hedging,14221
2025-11-05,2379,1244314,Foreign_Investor,1617105
2025-11-05,2379,0,Foreign_Dealer_Self,0
2025-11-05,2379,96772,Investment_Trust,5013
2025-11-05,2379,5000,Dealer_self,79270
2025-11-05,2379,50200,Dealer_Hedging,31972
2025-11-06,2379,945924,Foreign_Investor,954999
2025-11-06,2379,0,Foreign_Dealer_Self,0
2025-11-06,2379,11000,Dealer_self,43000
2025-11-06,2379,9100,Dealer_Hedging,42076
2025-11-06,2379,54504,Investment_Trust,74000
2025-11-07,2379,0,Foreign_Dealer_Self,0
2025-11-07,2379,400,Dealer_self,45076
2025-11-07,2379,27829,Dealer_Hedging,4038
2025-11-07,2379,1439109,Foreign_Investor,1276295
2025-11-07,2379,36756,Investment_Trust,64000
2025-11-10,2379,1196080,Foreign_Investor,1487974
2025-11-10,2379,0,Foreign_Dealer_Self,0
2025-11-10,2379,224633,Investment_Trust,1000
2025-11-10,2379,4000,Dealer_self,524
2025-11-10,2379,17077,Dealer_Hedging,5972
2025-11-11,2379,0,Foreign_Dealer_Self,0
2025-11-11,2379,336630,Investment_Trust,39000
2025-11-11,2379,1000,Dealer_self,12555
2025-11-11,2379,12100,Dealer_Hedging,211071
2025-11-11,2379,740523,Foreign_Investor,1482120
2025-11-12,2379,940806,Foreign_Investor,1322301
2025-11-12,2379,0,Foreign_Dealer_Self,0
2025-11-12,2379,47000,Investment_Trust,12000
2025-11-12,2379,6000,Dealer_self,2538
2025-11-12,2379,47000,Dealer_Hedging,43248
2025-11-13,2379,1350498,Foreign_Investor,1305678
2025-11-13,2379,0,Foreign_Dealer_Self,0
2025-11-13,2379,37000,Investment_Trust,114001
2025-11-13,2379,15205,Dealer_self,3040
2025-11-13,2379,41305,Dealer_Hedging,9804
2025-11-14,2379,1595620,Foreign_Investor,1532233
2025-11-14,2379,0,Foreign_Dealer_Self,0
2025-11-14,2379,198000,Investment_Trust,360000
2025-11-14,2379,3100,Dealer_self,8000
2025-11-14,2379,141320,Dealer_Hedging,13151
2025-11-17,2379,1249543,Foreign_Investor,1065711
2025-11-17,2379,0,Foreign_Dealer_Self,0
2025-11-17,2379,75213,Investment_Trust,606031
2025-11-17,2379,17000,Dealer_self,12136
2025-11-17,2379,296936,Dealer_Hedging,6936
2025-11-18,2379,1462884,Foreign_Investor,1576631
2025-11-18,2379,0,Foreign_Dealer_Self,0
2025-11-18,2379,309207,Investment_Trust,633375
2025-11-18,2379,33300,Dealer_self,52402
2025-11-18,2379,337000,Dealer_Hedging,24034
2025-11-19,2379,1331515,Foreign_Investor,1113552
2025-11-19,2379,0,Foreign_Dealer_Self,0
2025-11-19,2379,243625,Investment_Trust,665001
2025-11-19,2379,5000,Dealer_self,10132
2025-11-19,2379,120000,Dealer_Hedging,19895
2025-11-20,2379,1287457,Foreign_Investor,828553
2025-11-20,2379,0,Foreign_Dealer_Self,0
2025-11-20,2379,203717,Investment_Trust,578000
2025-11-20,2379,2000,Dealer_self,8213
2025-11-20,2379,13000,Dealer_Hedging,24000
2025-11-21,2379,1594190,Foreign_Investor,1433975
2025-11-21,2379,0,Foreign_Dealer_Self,0
2025-11-21,2379,263505,Investment_Trust,603000
2025-11-21,2379,17000,Dealer_self,3050
2025-11-21,2379,153725,Dealer_Hedging,1119
2025-11-24,2379,4917092,Foreign_Investor,3777129
2025-11-24,2379,0,Foreign_Dealer_Self,0
2025-11-24,2379,247000,Investment_Trust,547029
2025-11-24,2379,16000,Dealer_self,4010
2025-11-24,2379,48357,Dealer_Hedging,9830
2025-11-25,2379,1651011,Foreign_Investor,973301
2025-11-25,2379,0,Foreign_Dealer_Self,0
2025-11-25,2379,232000,Investment_Trust,766129
2025-11-25,2379,36000,Dealer_self,5000
2025-11-25,2379,23587,Dealer_Hedging,15760
2025-11-26,2379,1788186,Foreign_Investor,812120
2025-11-26,2379,0,Foreign_Dealer_Self,0
2025-11-26,2379,111106,Investment_Trust,732000
2025-11-26,2379,27000,Dealer_self,35000
2025-11-26,2379,15748,Dealer_Hedging,7739
2025-11-27,2379,1405932,Foreign_Investor,816836
2025-11-27,2379,0,Foreign_Dealer_Self,0
2025-11-27,2379,149000,Investment_Trust,825496
2025-11-27,2379,23000,Dealer_self,30000
2025-11-27,2379,4000,Dealer_Hedging,9195
2025-11-28,2379,0,Foreign_Dealer_Self,0
2025-11-28,2379,14000,Investment_Trust,49000
2025-11-28,2379,18000,Dealer_self,3000
2025-11-28,2379,3200,Dealer_Hedging,18400
2025-11-28,2379,1086725,Foreign_Investor,958000
2025-12-01,2379,1085458,Foreign_Investor,1239904
2025-12-01,2379,0,Foreign_Dealer_Self,0
2025-12-01,2379,817000,Investment_Trust,22000
2025-12-01,2379,500,Dealer_self,5000
2025-12-01,2379,22119,Dealer_Hedging,4196
2025-12-02,2379,0,Foreign_Dealer_Self,0
2025-12-02,2379,780616,Investment_Trust,33227
2025-12-02,2379,4100,Dealer_self,7019
2025-12-02,2379,8516,Dealer_Hedging,26013
2025-12-02,2379,1313854,Foreign_Investor,1183101
2025-12-03,2379,1273800,Foreign_Investor,1392845
2025-12-03,2379,0,Foreign_Dealer_Self,0
2025-12-03,2379,247000,Investment_Trust,41000
2025-12-03,2379,4000,Dealer_self,1049
2025-12-03,2379,487,Dealer_Hedging,8347
2025-12-04,2379,945899,Foreign_Investor,823442
2025-12-04,2379,0,Foreign_Dealer_Self,0
2025-12-04,2379,33000,Investment_Trust,251000
2025-12-04,2379,4000,Dealer_self,2392
2025-12-04,2379,7458,Dealer_Hedging,4266
2025-12-05,2379,805061,Foreign_Investor,933486
2025-12-05,2379,0,Foreign_Dealer_Self,0
2025-12-05,2379,28000,Investment_Trust,13000
2025-12-05,2379,12000,Dealer_self,3000
2025-12-05,2379,5200,Dealer_Hedging,8521
2025-12-08,2379,0,Foreign_Dealer_Self,0
2025-12-08,2379,32000,Investment_Trust,54258
2025-12-08,2379,2000,Dealer_self,445
2025-12-08,2379,1721,Dealer_Hedging,9000
2025-12-08,2379,1720194,Foreign_Investor,1595021
2025-12-09,2379,0,Foreign_Dealer_Self,0
2025-12-09,2379,10000,Investment_Trust,64227
2025-12-09,2379,3100,Dealer_self,6700
2025-12-09,2379,7000,Dealer_Hedging,8229
2025-12-09,2379,993413,Foreign_Investor,805898
2025-12-10,2379,1246975,Foreign_Investor,613207
2025-12-10,2379,0,Foreign_Dealer_Self,0
2025-12-10,2379,99005,Investment_Trust,41767
2025-12-10,2379,1000,Dealer_self,4100
2025-12-10,2379,20852,Dealer_Hedging,8000
2025-12-11,2379,804247,Foreign_Investor,1068431
2025-12-11,2379,0,Foreign_Dealer_Self,0
2025-12-11,2379,18000,Investment_Trust,18341
2025-12-11,2379,0,Dealer_self,0
2025-12-11,2379,15453,Dealer_Hedging,2061
2025-12-12,2379,592657,Foreign_Investor,727061
2025-12-12,2379,0,Foreign_Dealer_Self,0
2025-12-12,2379,19000,Investment_Trust,55013
2025-12-12,2379,12000,Dealer_self,10000
2025-12-12,2379,5000,Dealer_Hedging,4621
2025-12-15,2379,851123,Foreign_Investor,1312441
2025-12-15,2379,0,Foreign_Dealer_Self,0
2025-12-15,2379,486000,Investment_Trust,83235
2025-12-15,2379,4000,Dealer_self,1126
2025-12-15,2379,19247,Dealer_Hedging,7629
2025-12-16,2379,499620,Foreign_Investor,1617614
2025-12-16,2379,0,Foreign_Dealer_Self,0
2025-12-16,2379,808000,Investment_Trust,79214
2025-12-16,2379,14000,Dealer_self,13000
2025-12-16,2379,108111,Dealer_Hedging,6131
2025-12-17,2379,0,Foreign_Dealer_Self,0
2025-12-17,2379,758000,Investment_Trust,34000
2025-12-17,2379,0,Dealer_self,11052
2025-12-17,2379,19100,Dealer_Hedging,16651
2025-12-17,2379,1305930,Foreign_Investor,2020913
2025-12-18,2379,0,Foreign_Dealer_Self,0
2025-12-18,2379,739000,Investment_Trust,198000
2025-12-18,2379,36000,Dealer_self,13100
2025-12-18,2379,56142,Dealer_Hedging,2700
2025-12-18,2379,1032138,Foreign_Investor,1796513
2025-12-19,2379,0,Foreign_Dealer_Self,0
2025-12-19,2379,620300,Investment_Trust,215000
2025-12-19,2379,7000,Dealer_self,4322
2025-12-19,2379,17000,Dealer_Hedging,17847
2025-12-19,2379,1509845,Foreign_Investor,2850153
2025-12-22,2379,722692,Foreign_Investor,1512375
2025-12-22,2379,0,Foreign_Dealer_Self,0
2025-12-22,2379,136000,Investment_Trust,141000
2025-12-22,2379,7000,Dealer_self,1215
2025-12-22,2379,67000,Dealer_Hedging,69375
2025-12-23,2379,821418,Foreign_Investor,1200251
2025-12-23,2379,0,Foreign_Dealer_Self,0
2025-12-23,2379,9000,Investment_Trust,160000
2025-12-23,2379,1000,Dealer_self,17363
2025-12-23,2379,95000,Dealer_Hedging,77284
2025-12-24,2379,745961,Foreign_Investor,1204018
2025-12-24,2379,0,Foreign_Dealer_Self,0
2025-12-24,2379,604000,Investment_Trust,202000
2025-12-24,2379,2000,Dealer_self,5000
2025-12-24,2379,55000,Dealer_Hedging,52255
2025-12-26,2379,182296,Foreign_Investor,875000
2025-12-26,2379,0,Foreign_Dealer_Self,0
2025-12-26,2379,545000,Investment_Trust,440000
2025-12-26,2379,2100,Dealer_self,1192
2025-12-26,2379,48000,Dealer_Hedging,27805
2025-12-29,2379,365778,Foreign_Investor,1023057
2025-12-29,2379,0,Foreign_Dealer_Self,0
2025-12-29,2379,60000,Investment_Trust,25013
2025-12-29,2379,19000,Dealer_self,20538
2025-12-29,2379,65000,Dealer_Hedging,61268
2025-12-30,2379,0,Foreign_Dealer_Self,0
2025-12-30,2379,0,Investment_Trust,97000
2025-12-30,2379,15000,Dealer_self,15486
2025-12-30,2379,41000,Dealer_Hedging,20337
2025-12-30,2379,559384,Foreign_Investor,696976
2025-12-31,2379,528896,Foreign_Investor,879229
2025-12-31,2379,0,Foreign_Dealer_Self,0
2025-12-31,2379,0,Investment_Trust,79169
2025-12-31,2379,0,Dealer_self,0
2025-12-31,2379,30000,Dealer_Hedging,17420
2026-01-02,2379,2422118,Foreign_Investor,1110200
2026-01-02,2379,0,Foreign_Dealer_Self,0
2026-01-02,2379,133108,Investment_Trust,1043000
2026-01-02,2379,11000,Dealer_self,2240
2026-01-02,2379,39318,Dealer_Hedging,34867
2026-01-05,2379,1558192,Foreign_Investor,921065
2026-01-05,2379,0,Foreign_Dealer_Self,0
2026-01-05,2379,172000,Investment_Trust,193000
2026-01-05,2379,2000,Dealer_self,4407
2026-01-05,2379,9048,Dealer_Hedging,5424
2026-01-06,2379,1970455,Foreign_Investor,1595057
2026-01-06,2379,0,Foreign_Dealer_Self,0
2026-01-06,2379,109000,Investment_Trust,35617
2026-01-06,2379,18200,Dealer_self,2400
2026-01-06,2379,18259,Dealer_Hedging,21000
2026-01-07,2379,2317337,Foreign_Investor,1507337
2026-01-07,2379,0,Foreign_Dealer_Self,0
2026-01-07,2379,49000,Investment_Trust,158193
2026-01-07,2379,7228,Dealer_self,4200
2026-01-07,2379,42774,Dealer_Hedging,103902
2026-01-08,2379,2373270,Foreign_Investor,1216572
2026-01-08,2379,0,Foreign_Dealer_Self,0
2026-01-08,2379,125000,Investment_Trust,105000
2026-01-08,2379,22300,Dealer_self,12000
2026-01-08,2379,48845,Dealer_Hedging,45975
2026-01-09,2379,2115395,Foreign_Investor,2114058
2026-01-09,2379,0,Foreign_Dealer_Self,0
2026-01-09,2379,30000,Investment_Trust,57446
2026-01-09,2379,1228,Dealer_self,0
2026-01-09,2379,31887,Dealer_Hedging,15390
2026-01-12,2379,2108183,Foreign_Investor,1596570
2026-01-12,2379,0,Foreign_Dealer_Self,0
2026-01-12,2379,21000,Investment_Trust,205216
2026-01-12,2379,147238,Dealer_self,19195
2026-01-12,2379,313088,Dealer_Hedging,60001
2026-01-13,2379,4176008,Foreign_Investor,3361637
2026-01-13,2379,0,Foreign_Dealer_Self,0
2026-01-13,2379,98000,Dealer_self,66400
2026-01-13,2379,528508,Dealer_Hedging,315829
2026-01-13,2379,68000,Investment_Trust,139108
2026-01-14,2379,2351323,Foreign_Investor,4376014
2026-01-14,2379,0,Foreign_Dealer_Self,0
2026-01-14,2379,29000,Dealer_self,90640
2026-01-14,2379,230320,Dealer_Hedging,375642
2026-01-14,2379,84000,Investment_Trust,1083000
2026-01-15,2379,1968399,Foreign_Investor,2963294
2026-01-15,2379,0,Foreign_Dealer_Self,0
2026-01-15,2379,119000,Investment_Trust,747000
2026-01-15,2379,23000,Dealer_self,50016
2026-01-15,2379,200885,Dealer_Hedging,252428
2026-01-16,2379,970705,Foreign_Investor,1146824
2026-01-16,2379,0,Foreign_Dealer_Self,0
2026-01-16,2379,13000,Dealer_self,8555
2026-01-16,2379,99725,Dealer_Hedging,92025
2026-01-16,2379,20000,Investment_Trust,581107
2026-01-19,2379,1852394,Foreign_Investor,901570
2026-01-19,2379,0,Foreign_Dealer_Self,0
2026-01-19,2379,80000,Investment_Trust,765108
2026-01-19,2379,1000,Dealer_self,25293
2026-01-19,2379,84127,Dealer_Hedging,32815
2026-01-20,2379,1547086,Foreign_Investor,1402740
2026-01-20,2379,0,Foreign_Dealer_Self,0
2026-01-20,2379,1000,Dealer_self,30540
2026-01-20,2379,36226,Dealer_Hedging,25366
2026-01-20,2379,58000,Investment_Trust,122056
2026-01-21,2379,917566,Foreign_Investor,1621100
2026-01-21,2379,0,Foreign_Dealer_Self,0
2026-01-21,2379,40000,Dealer_self,27219
2026-01-21,2379,185300,Dealer_Hedging,85500
2026-01-21,2379,10000,Investment_Trust,155000
2026-01-22,2379,1266954,Foreign_Investor,757036
2026-01-22,2379,0,Foreign_Dealer_Self,0
2026-01-22,2379,30000,Investment_Trust,146000
2026-01-22,2379,0,Dealer_self,10000
2026-01-22,2379,14734,Dealer_Hedging,21507
2026-01-23,2379,1930856,Foreign_Investor,1620864
2026-01-23,2379,0,Foreign_Dealer_Self,0
2026-01-23,2379,21000,Investment_Trust,513006
2026-01-23,2379,0,Dealer_self,1399
2026-01-23,2379,33500,Dealer_Hedging,62800
2026-01-26,2379,0,Foreign_Dealer_Self,0
2026-01-26,2379,28400,Investment_Trust,42108
2026-01-26,2379,1000,Dealer_self,100
2026-01-26,2379,47296,Dealer_Hedging,119813
2026-01-26,2379,1992105,Foreign_Investor,1136090
2026-01-27,2379,2169810,Foreign_Investor,1058149
2026-01-27,2379,0,Foreign_Dealer_Self,0
2026-01-27,2379,20000,Investment_Trust,209024
2026-01-27,2379,2998,Dealer_self,11000
2026-01-27,2379,69763,Dealer_Hedging,144665
2026-01-28,2379,1178005,Foreign_Investor,1730323
2026-01-28,2379,0,Foreign_Dealer_Self,0
2026-01-28,2379,22000,Dealer_self,13800
2026-01-28,2379,20419,Dealer_Hedging,107376
2026-01-28,2379,62000,Investment_Trust,9000
2026-01-29,2379,3063677,Foreign_Investor,4649670
2026-01-29,2379,0,Foreign_Dealer_Self,0
2026-01-29,2379,16000,Dealer_self,50043
2026-01-29,2379,179894,Dealer_Hedging,269292
2026-01-29,2379,111700,Investment_Trust,64000
2026-01-30,2379,0,Foreign_Dealer_Self,0
2026-01-30,2379,30451,Investment_Trust,63000
2026-01-30,2379,9000,Dealer_self,9384
2026-01-30,2379,227000,Dealer_Hedging,320960
2026-01-30,2379,1832804,Foreign_Investor,5216781
2026-02-02,2379,1312486,Foreign_Investor,2189762
2026-02-02,2379,0,Foreign_Dealer_Self,0
2026-02-02,2379,181000,Investment_Trust,57006
2026-02-02,2379,5000,Dealer_self,7100
2026-02-02,2379,123102,Dealer_Hedging,122681
2026-02-03,2379,1599818,Foreign_Investor,2262672
2026-02-03,2379,0,Foreign_Dealer_Self,0
2026-02-03,2379,65330,Investment_Trust,90206
2026-02-03,2379,6000,Dealer_self,4001
2026-02-03,2379,95899,Dealer_Hedging,29905
2026-02-04,2379,0,Foreign_Dealer_Self,0
2026-02-04,2379,42925,Investment_Trust,57000
2026-02-04,2379,6000,Dealer_self,0
2026-02-04,2379,81150,Dealer_Hedging,81725
2026-02-04,2379,2477306,Foreign_Investor,3853444
2026-02-05,2379,0,Foreign_Dealer_Self,0
2026-02-05,2379,76530,Investment_Trust,34000
2026-02-05,2379,24100,Dealer_self,25668
2026-02-05,2379,140419,Dealer_Hedging,126407
2026-02-05,2379,3009723,Foreign_Investor,4317640
2026-02-06,2379,2387067,Foreign_Investor,2811520
2026-02-06,2379,0,Foreign_Dealer_Self,0
2026-02-06,2379,63619,Investment_Trust,0
2026-02-06,2379,21000,Dealer_self,143921
2026-02-06,2379,73735,Dealer_Hedging,52098
2026-02-09,2379,1527876,Foreign_Investor,1913000
2026-02-09,2379,0,Foreign_Dealer_Self,0
2026-02-09,2379,5450,Investment_Trust,108000
2026-02-09,2379,16000,Dealer_self,13105
2026-02-09,2379,28320,Dealer_Hedging,98001
2026-02-10,2379,1277627,Foreign_Investor,1005446
2026-02-10,2379,0,Foreign_Dealer_Self,0
2026-02-10,2379,5000,Investment_Trust,53000
2026-02-10,2379,6000,Dealer_self,7014
2026-02-10,2379,8020,Dealer_Hedging,114235
2026-02-11,2379,1520552,Foreign_Investor,1600778
2026-02-11,2379,0,Foreign_Dealer_Self,0
2026-02-11,2379,34000,Investment_Trust,73000
2026-02-11,2379,31000,Dealer_self,5315
2026-02-11,2379,13957,Dealer_Hedging,173523
2026-02-23,2379,0,Foreign_Dealer_Self,0
2026-02-23,2379,127350,Investment_Trust,207000
2026-02-23,2379,62000,Dealer_self,59319
2026-02-23,2379,109567,Dealer_Hedging,153048
2026-02-23,2379,3859869,Foreign_Investor,4522695
2026-02-24,2379,1875099,Foreign_Investor,2456375
2026-02-24,2379,0,Foreign_Dealer_Self,0
2026-02-24,2379,76279,Investment_Trust,82006
2026-02-24,2379,16000,Dealer_self,8703
2026-02-24,2379,39306,Dealer_Hedging,126457
2026-02-25,2379,1150174,Foreign_Investor,1927797
2026-02-25,2379,0,Foreign_Dealer_Self,0
2026-02-25,2379,5000,Dealer_self,17624
2026-02-25,2379,42485,Dealer_Hedging,126419
2026-02-25,2379,93000,Investment_Trust,289000
2026-02-26,2379,0,Foreign_Dealer_Self,0
2026-02-26,2379,25000,Dealer_self,26329
2026-02-26,2379,27951,Dealer_Hedging,37563
2026-02-26,2379,4279434,Foreign_Investor,3750012
2026-02-26,2379,89007,Investment_Trust,560041
2026-03-02,2379,0,Foreign_Dealer_Self,0
2026-03-02,2379,113000,Investment_Trust,110000
2026-03-02,2379,56000,Dealer_self,24057
2026-03-02,2379,83626,Dealer_Hedging,57902
2026-03-02,2379,1629413,Foreign_Investor,2401435
2026-03-03,2379,828501,Foreign_Investor,2513992
2026-03-03,2379,0,Foreign_Dealer_Self,0
2026-03-03,2379,48000,Dealer_self,21936
2026-03-03,2379,177432,Dealer_Hedging,145752
2026-03-03,2379,53200,Investment_Trust,102000
2026-03-04,2379,1853486,Foreign_Investor,3241694
2026-03-04,2379,0,Foreign_Dealer_Self,0
2026-03-04,2379,81000,Investment_Trust,63000
2026-03-04,2379,52000,Dealer_self,61631
2026-03-04,2379,194310,Dealer_Hedging,108403
2026-03-05,2379,0,Foreign_Dealer_Self,0
2026-03-05,2379,3000,Dealer_self,17213
2026-03-05,2379,27826,Dealer_Hedging,19139
2026-03-05,2379,3008823,Foreign_Investor,3149337
2026-03-05,2379,44000,Investment_Trust,426500
2026-03-06,2379,771106,Foreign_Investor,1174139
2026-03-06,2379,0,Foreign_Dealer_Self,0
2026-03-06,2379,27000,Investment_Trust,15000
2026-03-06,2379,5000,Dealer_self,345
2026-03-06,2379,34698,Dealer_Hedging,32241
2026-03-09,2379,5103236,Foreign_Investor,3909167
2026-03-09,2379,0,Foreign_Dealer_Self,0
2026-03-09,2379,137108,Investment_Trust,0
2026-03-09,2379,28019,Dealer_self,138365
2026-03-09,2379,317336,Dealer_Hedging,201672
2026-03-10,2379,2472574,Foreign_Investor,4410750
2026-03-10,2379,0,Foreign_Dealer_Self,0
2026-03-10,2379,19108,Investment_Trust,33000
2026-03-10,2379,27700,Dealer_self,22844
2026-03-10,2379,237342,Dealer_Hedging,155943
2026-03-11,2379,2886414,Foreign_Investor,2190556
2026-03-11,2379,0,Foreign_Dealer_Self,0
2026-03-11,2379,7025,Dealer_self,6618
2026-03-11,2379,66617,Dealer_Hedging,83143
2026-03-11,2379,55000,Investment_Trust,56500
2026-03-12,2379,1986270,Foreign_Investor,2017969
2026-03-12,2379,0,Foreign_Dealer_Self,0
2026-03-12,2379,77746,Dealer_self,12295
2026-03-12,2379,33006,Dealer_Hedging,32139
2026-03-12,2379,220000,Investment_Trust,303000
2026-03-13,2379,1111861,Foreign_Investor,1209917
2026-03-13,2379,0,Foreign_Dealer_Self,0
2026-03-13,2379,8100,Dealer_self,11742
2026-03-13,2379,11184,Dealer_Hedging,8512
2026-03-13,2379,17000,Investment_Trust,22689
2026-03-16,2379,1703889,Foreign_Investor,1013610
2026-03-16,2379,0,Foreign_Dealer_Self,0
2026-03-16,2379,19002,Investment_Trust,92000
2026-03-16,2379,12266,Dealer_self,6100
2026-03-16,2379,51315,Dealer_Hedging,39791
2026-03-17,2379,1647252,Foreign_Investor,1516899
2026-03-17,2379,0,Foreign_Dealer_Self,0
2026-03-17,2379,65000,Investment_Trust,64000
2026-03-17,2379,4186,Dealer_self,1000
2026-03-17,2379,46334,Dealer_Hedging,23000
2026-03-18,2379,1869396,Foreign_Investor,1706702
2026-03-18,2379,0,Foreign_Dealer_Self,0
2026-03-18,2379,39340,Dealer_self,2000
2026-03-18,2379,17431,Dealer_Hedging,9888
2026-03-18,2379,3108,Investment_Trust,82000
2026-03-19,2379,2051384,Foreign_Investor,2219744
2026-03-19,2379,0,Foreign_Dealer_Self,0
2026-03-19,2379,4000,Investment_Trust,33000
2026-03-19,2379,9000,Dealer_self,7000
2026-03-19,2379,61701,Dealer_Hedging,7004
2026-03-20,2379,0,Foreign_Dealer_Self,0
2026-03-20,2379,271848,Investment_Trust,11489190
2026-03-20,2379,30559,Dealer_self,1000
2026-03-20,2379,24252,Dealer_Hedging,1000
2026-03-20,2379,13621985,Foreign_Investor,2329603
2026-03-23,2379,2512626,Foreign_Investor,2912522
2026-03-23,2379,0,Foreign_Dealer_Self,0
2026-03-23,2379,17101,Investment_Trust,41409
2026-03-23,2379,13386,Dealer_self,22000
2026-03-23,2379,129335,Dealer_Hedging,13324
2026-03-24,2379,0,Foreign_Dealer_Self,0
2026-03-24,2379,16000,Investment_Trust,64122
2026-03-24,2379,7087,Dealer_self,5100
2026-03-24,2379,55062,Dealer_Hedging,9648
2026-03-24,2379,1426804,Foreign_Investor,877717
2026-03-25,2379,2199462,Foreign_Investor,2091907
2026-03-25,2379,0,Foreign_Dealer_Self,0
2026-03-25,2379,159000,Investment_Trust,21157
2026-03-25,2379,13000,Dealer_self,1000
2026-03-25,2379,25924,Dealer_Hedging,14932
2026-03-26,2379,1477228,Foreign_Investor,1197886
2026-03-26,2379,0,Foreign_Dealer_Self,0
2026-03-26,2379,2000,Investment_Trust,11402
2026-03-26,2379,25000,Dealer_self,0
2026-03-26,2379,11543,Dealer_Hedging,12000
2026-03-27,2379,2196827,Foreign_Investor,1371904
2026-03-27,2379,0,Foreign_Dealer_Self,0
2026-03-27,2379,133000,Investment_Trust,40376
2026-03-27,2379,12000,Dealer_self,0
2026-03-27,2379,93075,Dealer_Hedging,28314
2026-03-30,2379,2156889,Foreign_Investor,2001043
2026-03-30,2379,0,Foreign_Dealer_Self,0
2026-03-30,2379,5000,Investment_Trust,1303
2026-03-30,2379,1025,Dealer_self,20000
2026-03-30,2379,183347,Dealer_Hedging,41435
2026-03-31,2379,0,Foreign_Dealer_Self,0
2026-03-31,2379,123300,Investment_Trust,7507
2026-03-31,2379,6000,Dealer_self,2109
2026-03-31,2379,266855,Dealer_Hedging,9215
2026-03-31,2379,3080797,Foreign_Investor,3322390
2026-04-01,2379,0,Foreign_Dealer_Self,0
2026-04-01,2379,92317,Investment_Trust,1000
2026-04-01,2379,28200,Dealer_self,3010
2026-04-01,2379,13504,Dealer_Hedging,11515
2026-04-01,2379,1798703,Foreign_Investor,1665035
2026-04-02,2379,1667429,Foreign_Investor,1630243
2026-04-02,2379,0,Foreign_Dealer_Self,0
2026-04-02,2379,0,Dealer_self,100
2026-04-02,2379,192628,Dealer_Hedging,36207
2026-04-02,2379,59640,Investment_Trust,35000
2026-04-07,2379,1526133,Foreign_Investor,1211080
2026-04-07,2379,0,Foreign_Dealer_Self,0
2026-04-07,2379,377351,Investment_Trust,23000
2026-04-07,2379,0,Dealer_self,0
2026-04-07,2379,110480,Dealer_Hedging,29199
2026-04-08,2379,1713277,Foreign_Investor,1867597
2026-04-08,2379,0,Foreign_Dealer_Self,0
2026-04-08,2379,157575,Investment_Trust,54000
2026-04-08,2379,34418,Dealer_self,7282
2026-04-08,2379,15476,Dealer_Hedging,49000
2026-04-09,2379,2501715,Foreign_Investor,1821077
2026-04-09,2379,0,Foreign_Dealer_Self,0
2026-04-09,2379,1612,Dealer_self,8404
2026-04-09,2379,36973,Dealer_Hedging,71823
2026-04-09,2379,209102,Investment_Trust,45606
2026-04-10,2379,1814524,Foreign_Investor,1813685
2026-04-10,2379,0,Foreign_Dealer_Self,0
2026-04-10,2379,22410,Dealer_self,13045
2026-04-10,2379,23436,Dealer_Hedging,16773
2026-04-10,2379,194174,Investment_Trust,82689
2026-04-13,2379,3025677,Foreign_Investor,1710526
2026-04-13,2379,0,Foreign_Dealer_Self,0
2026-04-13,2379,18500,Dealer_self,20000
2026-04-13,2379,92287,Dealer_Hedging,71000
2026-04-13,2379,338129,Investment_Trust,251394
2026-04-14,2379,2186710,Foreign_Investor,1687683
2026-04-14,2379,0,Foreign_Dealer_Self,0
2026-04-14,2379,9000,Dealer_self,13000
2026-04-14,2379,50179,Dealer_Hedging,67000
2026-04-14,2379,6898,Investment_Trust,297000
2026-04-15,2379,0,Foreign_Dealer_Self,0
2026-04-15,2379,10090,Investment_Trust,436000
2026-04-15,2379,17000,Dealer_self,45000
2026-04-15,2379,14836,Dealer_Hedging,73000
2026-04-15,2379,3482132,Foreign_Investor,1266225
2026-04-16,2379,5309674,Foreign_Investor,1327821
2026-04-16,2379,0,Foreign_Dealer_Self,0
2026-04-16,2379,14360,Investment_Trust,670000
2026-04-16,2379,29800,Dealer_self,42000
2026-04-16,2379,63933,Dealer_Hedging,65000
2026-04-17,2379,2497431,Foreign_Investor,1420871
2026-04-17,2379,0,Foreign_Dealer_Self,0
2026-04-17,2379,5270,Investment_Trust,617000
2026-04-17,2379,22000,Dealer_self,13000
2026-04-17,2379,89222,Dealer_Hedging,73899
2026-04-20,2379,4113560,Foreign_Investor,1554804
2026-04-20,2379,0,Foreign_Dealer_Self,0
2026-04-20,2379,126488,Investment_Trust,947500
2026-04-20,2379,1200,Dealer_self,6000
2026-04-20,2379,28585,Dealer_Hedging,19000
2026-04-21,2379,3549587,Foreign_Investor,1035548
2026-04-21,2379,0,Foreign_Dealer_Self,0
2026-04-21,2379,119959,Investment_Trust,802100
2026-04-21,2379,5378,Dealer_self,0
2026-04-21,2379,143349,Dealer_Hedging,46000
2026-04-22,2379,0,Foreign_Dealer_Self,0
2026-04-22,2379,72563,Investment_Trust,758000
2026-04-22,2379,9958,Dealer_self,9000
2026-04-22,2379,62445,Dealer_Hedging,48279
2026-04-22,2379,3571630,Foreign_Investor,1027714
2026-04-23,2379,4840395,Foreign_Investor,4157281
2026-04-23,2379,0,Foreign_Dealer_Self,0
2026-04-23,2379,19000,Investment_Trust,850485
2026-04-23,2379,4891,Dealer_self,19290
2026-04-23,2379,90915,Dealer_Hedging,120263
2026-04-24,2379,2004340,Foreign_Investor,1688923
2026-04-24,2379,0,Foreign_Dealer_Self,0
2026-04-24,2379,9000,Dealer_self,2000
2026-04-24,2379,41935,Dealer_Hedging,44487
2026-04-24,2379,486000,Investment_Trust,597098
2026-04-27,2379,2354762,Foreign_Investor,1266387
2026-04-27,2379,0,Foreign_Dealer_Self,0
2026-04-27,2379,8000,Dealer_self,15000
2026-04-27,2379,42493,Dealer_Hedging,125000
2026-04-27,2379,27000,Investment_Trust,203209
2026-04-28,2379,1880996,Foreign_Investor,1466275
2026-04-28,2379,0,Foreign_Dealer_Self,0
2026-04-28,2379,0,Dealer_self,19255
2026-04-28,2379,9880,Dealer_Hedging,100730
2026-04-28,2379,49480,Investment_Trust,51221
2026-04-29,2379,1880951,Foreign_Investor,1939733
2026-04-29,2379,0,Foreign_Dealer_Self,0
2026-04-29,2379,19000,Investment_Trust,116689
2026-04-29,2379,1000,Dealer_self,8091
2026-04-29,2379,12056,Dealer_Hedging,42103
2026-04-30,2379,2024670,Foreign_Investor,1924443
2026-04-30,2379,0,Foreign_Dealer_Self,0
2026-04-30,2379,1000,Investment_Trust,67000
2026-04-30,2379,5000,Dealer_self,3000
2026-04-30,2379,11833,Dealer_Hedging,51511
2026-05-04,2379,2487861,Foreign_Investor,3824534
2026-05-04,2379,0,Foreign_Dealer_Self,0
2026-05-04,2379,33000,Investment_Trust,50369
2026-05-04,2379,18000,Dealer_self,18240
2026-05-04,2379,53000,Dealer_Hedging,69504
2026-05-05,2379,2126441,Foreign_Investor,2018660
2026-05-05,2379,0,Foreign_Dealer_Self,0
2026-05-05,2379,86249,Investment_Trust,14590
2026-05-05,2379,1000,Dealer_self,209
2026-05-05,2379,6538,Dealer_Hedging,49523
2026-05-06,2379,3550194,Foreign_Investor,3320478
2026-05-06,2379,0,Foreign_Dealer_Self,0
2026-05-06,2379,93520,Investment_Trust,92000
2026-05-06,2379,12999,Dealer_self,12011
2026-05-06,2379,21517,Dealer_Hedging,63182
2026-05-07,2379,2431489,Foreign_Investor,2992235
2026-05-07,2379,0,Foreign_Dealer_Self,0
2026-05-07,2379,39236,Investment_Trust,26012
2026-05-07,2379,11000,Dealer_self,15013
2026-05-07,2379,37297,Dealer_Hedging,31769
2026-05-08,2379,3670122,Foreign_Investor,1787691
2026-05-08,2379,0,Foreign_Dealer_Self,0
2026-05-08,2379,0,Investment_Trust,264000
2026-05-08,2379,32826,Dealer_self,20000
2026-05-08,2379,356304,Dealer_Hedging,251548
2026-05-11,2379,5484238,Foreign_Investor,4703783
2026-05-11,2379,0,Foreign_Dealer_Self,0
2026-05-11,2379,22000,Dealer_self,24776
2026-05-11,2379,70251,Dealer_Hedging,188838
2026-05-11,2379,103000,Investment_Trust,180061
2026-05-12,2379,3737786,Foreign_Investor,3460127
2026-05-12,2379,0,Foreign_Dealer_Self,0
2026-05-12,2379,23394,Investment_Trust,118221
2026-05-12,2379,14000,Dealer_self,28521
2026-05-12,2379,124006,Dealer_Hedging,201045
2026-05-13,2379,2375526,Foreign_Investor,1828407
2026-05-13,2379,0,Foreign_Dealer_Self,0
2026-05-13,2379,85267,Investment_Trust,25688
2026-05-13,2379,7000,Dealer_self,4995
2026-05-13,2379,22238,Dealer_Hedging,67195
2026-05-14,2379,0,Foreign_Dealer_Self,0
2026-05-14,2379,0,Dealer_self,6330
2026-05-14,2379,70459,Dealer_Hedging,38788
2026-05-14,2379,2345188,Foreign_Investor,1412705
2026-05-14,2379,26000,Investment_Trust,156000
2026-05-15,2379,0,Foreign_Dealer_Self,0
2026-05-15,2379,45633,Investment_Trust,26098
2026-05-15,2379,19000,Dealer_self,29556
2026-05-15,2379,65532,Dealer_Hedging,173859
2026-05-15,2379,4986064,Foreign_Investor,4813220
2026-05-18,2379,3609498,Foreign_Investor,1951287
2026-05-18,2379,0,Foreign_Dealer_Self,0
2026-05-18,2379,105000,Investment_Trust,171000
2026-05-18,2379,8000,Dealer_self,10727
2026-05-18,2379,94143,Dealer_Hedging,86959
2026-05-19,2379,4166514,Foreign_Investor,1941439
2026-05-19,2379,0,Foreign_Dealer_Self,0
2026-05-19,2379,4000,Dealer_self,4920
2026-05-19,2379,74487,Dealer_Hedging,45453
2026-05-19,2379,25370,Investment_Trust,676938
2026-05-20,2379,2910966,Foreign_Investor,2299481
2026-05-20,2379,0,Foreign_Dealer_Self,0
2026-05-20,2379,44000,Investment_Trust,159000
2026-05-20,2379,10000,Dealer_self,9174
2026-05-20,2379,43875,Dealer_Hedging,29588
2026-05-21,2379,0,Foreign_Dealer_Self,0
2026-05-21,2379,15100,Dealer_self,710
2026-05-21,2379,33752,Dealer_Hedging,54144
2026-05-21,2379,2274078,Foreign_Investor,1496302
2026-05-21,2379,43000,Investment_Trust,279000
2026-05-22,2379,2700576,Foreign_Investor,2741109
2026-05-22,2379,0,Foreign_Dealer_Self,0
2026-05-22,2379,11844,Dealer_self,9416
2026-05-22,2379,16325,Dealer_Hedging,59088
2026-05-22,2379,17000,Investment_Trust,40012
2026-05-25,2379,0,Foreign_Dealer_Self,0
2026-05-25,2379,4000,Dealer_self,2253
2026-05-25,2379,43616,Dealer_Hedging,27825
2026-05-25,2379,2404283,Foreign_Investor,2211927
2026-05-25,2379,653000,Investment_Trust,129000
2026-05-26,2379,1440684,Foreign_Investor,1521459
2026-05-26,2379,0,Foreign_Dealer_Self,0
2026-05-26,2379,12000,Dealer_self,1000
2026-05-26,2379,29752,Dealer_Hedging,55663
2026-05-26,2379,587540,Investment_Trust,147000
2026-05-27,2379,3581764,Foreign_Investor,2934721
2026-05-27,2379,0,Foreign_Dealer_Self,0
2026-05-27,2379,530386,Investment_Trust,69000
2026-05-27,2379,42561,Dealer_self,11000
2026-05-27,2379,135757,Dealer_Hedging,88127
2026-05-28,2379,2469940,Foreign_Investor,2577143
2026-05-28,2379,0,Foreign_Dealer_Self,0
2026-05-28,2379,660604,Investment_Trust,74000
2026-05-28,2379,1716,Dealer_self,18069
2026-05-28,2379,20705,Dealer_Hedging,61010
2026-05-29,2379,4235010,Foreign_Investor,5963306
2026-05-29,2379,0,Foreign_Dealer_Self,0
2026-05-29,2379,733215,Investment_Trust,6000
2026-05-29,2379,16000,Dealer_self,31984
2026-05-29,2379,36519,Dealer_Hedging,132940
2026-06-01,2379,0,Foreign_Dealer_Self,0
2026-06-01,2379,1559386,Investment_Trust,170000
2026-06-01,2379,6000,Dealer_self,25069
2026-06-01,2379,28583,Dealer_Hedging,43560
2026-06-01,2379,2866620,Foreign_Investor,3563551
2026-06-02,2379,0,Foreign_Dealer_Self,0
2026-06-02,2379,58404,Dealer_self,25482
2026-06-02,2379,184364,Dealer_Hedging,147501
2026-06-02,2379,4250724,Foreign_Investor,6804571
2026-06-02,2379,3971193,Investment_Trust,181000
2026-06-03,2379,3000967,Foreign_Investor,5924464
2026-06-03,2379,0,Foreign_Dealer_Self,0
2026-06-03,2379,26000,Dealer_self,74121
2026-06-03,2379,147019,Dealer_Hedging,208994
2026-06-03,2379,3440095,Investment_Trust,118000
2026-06-04,2379,2141153,Foreign_Investor,5184651
2026-06-04,2379,0,Foreign_Dealer_Self,0
2026-06-04,2379,3002395,Investment_Trust,32000
2026-06-04,2379,16300,Dealer_self,15465
2026-06-04,2379,29429,Dealer_Hedging,104538
2026-06-05,2379,3496226,Foreign_Investor,6329439
2026-06-05,2379,0,Foreign_Dealer_Self,0
2026-06-05,2379,2865193,Investment_Trust,48062
2026-06-05,2379,35299,Dealer_self,27101
2026-06-05,2379,126316,Dealer_Hedging,123948
2026-06-08,2379,3063613,Foreign_Investor,5771950
2026-06-08,2379,0,Foreign_Dealer_Self,0
2026-06-08,2379,2674000,Investment_Trust,19000
2026-06-08,2379,18000,Dealer_self,31343
2026-06-08,2379,150378,Dealer_Hedging,197876
2026-06-09,2379,2173004,Foreign_Investor,4394897
2026-06-09,2379,0,Foreign_Dealer_Self,0
2026-06-09,2379,2666000,Investment_Trust,33000
2026-06-09,2379,9570,Dealer_self,35039
2026-06-09,2379,108192,Dealer_Hedging,169180
2026-06-10,2379,0,Foreign_Dealer_Self,0
2026-06-10,2379,2116126,Foreign_Investor,3534826
2026-06-10,2379,2650005,Investment_Trust,78000
2026-06-10,2379,21154,Dealer_self,69734
2026-06-10,2379,76472,Dealer_Hedging,129444
2026-06-11,2379,2398857,Foreign_Investor,4717469
2026-06-11,2379,0,Foreign_Dealer_Self,0
2026-06-11,2379,2443193,Investment_Trust,3000
2026-06-11,2379,30030,Dealer_self,61457
2026-06-11,2379,37877,Dealer_Hedging,103854
2026-06-12,2379,1521421,Foreign_Investor,2763220
2026-06-12,2379,0,Foreign_Dealer_Self,0
2026-06-12,2379,4000,Investment_Trust,20000
2026-06-12,2379,19000,Dealer_self,19957
2026-06-12,2379,87425,Dealer_Hedging,78166
