date,stock_id,buy,name,sell
2024-05-29,2406,1421000,Foreign_Investor,1148000
2024-05-29,2406,0,Foreign_Dealer_Self,0
2024-05-29,2406,0,Investment_Trust,0
2024-05-29,2406,4300,Dealer_self,0
2024-05-29,2406,0,Dealer_Hedging,0
2024-05-30,2406,463000,Foreign_Investor,1241000
2024-05-30,2406,0,Foreign_Dealer_Self,0
2024-05-30,2406,0,Investment_Trust,0
2024-05-30,2406,2000,Dealer_self,4087
2024-05-30,2406,0,Dealer_Hedging,0
2024-05-31,2406,1942396,Foreign_Investor,420000
2024-05-31,2406,0,Foreign_Dealer_Self,0
2024-05-31,2406,0,Investment_Trust,0
2024-05-31,2406,6308,Dealer_self,5060
2024-05-31,2406,0,Dealer_Hedging,0
2024-06-03,2406,784000,Foreign_Investor,1175000
2024-06-03,2406,0,Foreign_Dealer_Self,0
2024-06-03,2406,0,Investment_Trust,0
2024-06-03,2406,51000,Dealer_self,0
2024-06-03,2406,0,Dealer_Hedging,0
2024-06-04,2406,476000,Foreign_Investor,718000
2024-06-04,2406,0,Foreign_Dealer_Self,0
2024-06-04,2406,0,Investment_Trust,0
2024-06-04,2406,7000,Dealer_self,5100
2024-06-04,2406,0,Dealer_Hedging,0
2024-06-05,2406,635000,Foreign_Investor,333000
2024-06-05,2406,0,Foreign_Dealer_Self,0
2024-06-05,2406,0,Investment_Trust,0
2024-06-05,2406,0,Dealer_self,31111
2024-06-05,2406,0,Dealer_Hedging,0
2024-06-06,2406,343000,Foreign_Investor,947000
2024-06-06,2406,0,Foreign_Dealer_Self,0
2024-06-06,2406,0,Investment_Trust,0
2024-06-06,2406,22270,Dealer_self,13913
2024-06-06,2406,0,Dealer_Hedging,0
2024-06-07,2406,7736000,Foreign_Investor,714000
2024-06-07,2406,0,Foreign_Dealer_Self,0
2024-06-07,2406,0,Investment_Trust,0
2024-06-07,2406,25168,Dealer_self,35000
2024-06-07,2406,0,Dealer_Hedging,0
2024-06-11,2406,1763000,Foreign_Investor,2158045
2024-06-11,2406,0,Foreign_Dealer_Self,0
2024-06-11,2406,0,Investment_Trust,0
2024-06-11,2406,6081,Dealer_self,7688
2024-06-11,2406,0,Dealer_Hedging,0
2024-06-12,2406,1755600,Foreign_Investor,2552000
2024-06-12,2406,0,Foreign_Dealer_Self,0
2024-06-12,2406,0,Investment_Trust,0
2024-06-12,2406,15319,Dealer_self,2753
2024-06-12,2406,0,Dealer_Hedging,0
2024-06-13,2406,808000,Foreign_Investor,1346000
2024-06-13,2406,0,Foreign_Dealer_Self,0
2024-06-13,2406,0,Investment_Trust,0
2024-06-13,2406,435,Dealer_self,8556
2024-06-13,2406,0,Dealer_Hedging,0
2024-06-14,2406,552000,Foreign_Investor,962000
2024-06-14,2406,0,Foreign_Dealer_Self,0
2024-06-14,2406,0,Investment_Trust,0
2024-06-14,2406,0,Dealer_self,116
2024-06-14,2406,0,Dealer_Hedging,0
2024-06-17,2406,1887000,Foreign_Investor,725000
2024-06-17,2406,0,Foreign_Dealer_Self,0
2024-06-17,2406,0,Investment_Trust,0
2024-06-17,2406,0,Dealer_self,3000
2024-06-17,2406,0,Dealer_Hedging,0
2024-06-18,2406,560000,Foreign_Investor,1321000
2024-06-18,2406,0,Foreign_Dealer_Self,0
2024-06-18,2406,0,Investment_Trust,0
2024-06-18,2406,30365,Dealer_self,71
2024-06-18,2406,0,Dealer_Hedging,0
2024-06-19,2406,417000,Foreign_Investor,1946700
2024-06-19,2406,0,Foreign_Dealer_Self,0
2024-06-19,2406,0,Investment_Trust,0
2024-06-19,2406,14366,Dealer_self,9149
2024-06-19,2406,0,Dealer_Hedging,0
2024-06-20,2406,2202000,Foreign_Investor,105000
2024-06-20,2406,0,Foreign_Dealer_Self,0
2024-06-20,2406,0,Investment_Trust,0
2024-06-20,2406,29210,Dealer_self,2000
2024-06-20,2406,0,Dealer_Hedging,0
2024-06-21,2406,0,Foreign_Dealer_Self,0
2024-06-21,2406,0,Investment_Trust,0
2024-06-21,2406,35168,Dealer_self,22154
2024-06-21,2406,0,Dealer_Hedging,0
2024-06-21,2406,13514000,Foreign_Investor,2280000
2024-06-24,2406,1433000,Foreign_Investor,4089000
2024-06-24,2406,0,Foreign_Dealer_Self,0
2024-06-24,2406,0,Investment_Trust,0
2024-06-24,2406,453,Dealer_self,20000
2024-06-24,2406,0,Dealer_Hedging,0
2024-06-25,2406,0,Foreign_Dealer_Self,0
2024-06-25,2406,0,Investment_Trust,0
2024-06-25,2406,23771,Dealer_self,64585
2024-06-25,2406,0,Dealer_Hedging,0
2024-06-25,2406,6892893,Foreign_Investor,14704183
2024-06-26,2406,12761000,Foreign_Investor,7184000
2024-06-26,2406,0,Foreign_Dealer_Self,0
2024-06-26,2406,0,Investment_Trust,0
2024-06-26,2406,17278,Dealer_self,35684
2024-06-26,2406,0,Dealer_Hedging,0
2024-06-27,2406,5979000,Foreign_Investor,7034080
2024-06-27,2406,0,Foreign_Dealer_Self,0
2024-06-27,2406,0,Investment_Trust,0
2024-06-27,2406,2848,Dealer_self,6000
2024-06-27,2406,0,Dealer_Hedging,0
2024-06-28,2406,14372450,Foreign_Investor,26678000
2024-06-28,2406,0,Foreign_Dealer_Self,0
2024-06-28,2406,0,Investment_Trust,0
2024-06-28,2406,47000,Dealer_self,41521
2024-06-28,2406,0,Dealer_Hedging,0
2024-07-01,2406,3990000,Foreign_Investor,6539450
2024-07-01,2406,0,Foreign_Dealer_Self,0
2024-07-01,2406,0,Investment_Trust,0
2024-07-01,2406,11643,Dealer_self,9256
2024-07-01,2406,0,Dealer_Hedging,0
2024-07-02,2406,15951000,Foreign_Investor,18613000
2024-07-02,2406,0,Foreign_Dealer_Self,0
2024-07-02,2406,0,Investment_Trust,0
2024-07-02,2406,30892,Dealer_self,26869
2024-07-02,2406,0,Dealer_Hedging,0
2024-07-03,2406,5479300,Foreign_Investor,8107000
2024-07-03,2406,0,Foreign_Dealer_Self,0
2024-07-03,2406,0,Investment_Trust,0
2024-07-03,2406,27000,Dealer_self,19412
2024-07-03,2406,0,Dealer_Hedging,0
2024-07-04,2406,5811000,Foreign_Investor,3475300
2024-07-04,2406,0,Foreign_Dealer_Self,0
2024-07-04,2406,0,Investment_Trust,0
2024-07-04,2406,25848,Dealer_self,13101
2024-07-04,2406,0,Dealer_Hedging,0
2024-07-05,2406,9075000,Foreign_Investor,3574000
2024-07-05,2406,0,Foreign_Dealer_Self,0
2024-07-05,2406,0,Investment_Trust,0
2024-07-05,2406,7301,Dealer_self,7652
2024-07-05,2406,193716,Dealer_Hedging,0
2024-07-08,2406,2297000,Foreign_Investor,3490000
2024-07-08,2406,0,Foreign_Dealer_Self,0
2024-07-08,2406,0,Investment_Trust,0
2024-07-08,2406,1000,Dealer_self,9102
2024-07-08,2406,0,Dealer_Hedging,144000
2024-07-09,2406,5585000,Foreign_Investor,3508000
2024-07-09,2406,0,Foreign_Dealer_Self,0
2024-07-09,2406,0,Investment_Trust,0
2024-07-09,2406,4335,Dealer_self,3183
2024-07-09,2406,0,Dealer_Hedging,28000
2024-07-10,2406,3078000,Foreign_Investor,7823000
2024-07-10,2406,0,Foreign_Dealer_Self,0
2024-07-10,2406,0,Investment_Trust,0
2024-07-10,2406,6001,Dealer_self,343
2024-07-10,2406,85602,Dealer_Hedging,0
2024-07-11,2406,5942000,Foreign_Investor,2147000
2024-07-11,2406,0,Foreign_Dealer_Self,0
2024-07-11,2406,0,Investment_Trust,0
2024-07-11,2406,87620,Dealer_self,22425
2024-07-11,2406,191244,Dealer_Hedging,0
2024-07-12,2406,7108000,Foreign_Investor,4785000
2024-07-12,2406,0,Foreign_Dealer_Self,0
2024-07-12,2406,0,Investment_Trust,0
2024-07-12,2406,6349,Dealer_self,12623
2024-07-12,2406,16000,Dealer_Hedging,9044
2024-07-15,2406,1527000,Foreign_Investor,3979000
2024-07-15,2406,0,Foreign_Dealer_Self,0
2024-07-15,2406,0,Investment_Trust,0
2024-07-15,2406,8086,Dealer_self,14000
2024-07-15,2406,17182,Dealer_Hedging,8000
2024-07-16,2406,1488000,Foreign_Investor,2059000
2024-07-16,2406,0,Foreign_Dealer_Self,0
2024-07-16,2406,0,Investment_Trust,0
2024-07-16,2406,1000,Dealer_self,6665
2024-07-16,2406,51,Dealer_Hedging,1099
2024-07-17,2406,940000,Foreign_Investor,1085000
2024-07-17,2406,0,Foreign_Dealer_Self,0
2024-07-17,2406,0,Investment_Trust,0
2024-07-17,2406,16180,Dealer_self,2213
2024-07-17,2406,0,Dealer_Hedging,1739
2024-07-18,2406,2536000,Foreign_Investor,2192000
2024-07-18,2406,0,Foreign_Dealer_Self,0
2024-07-18,2406,0,Investment_Trust,0
2024-07-18,2406,9363,Dealer_self,12785
2024-07-18,2406,0,Dealer_Hedging,2650
2024-07-19,2406,2301000,Foreign_Investor,2486000
2024-07-19,2406,0,Foreign_Dealer_Self,0
2024-07-19,2406,0,Investment_Trust,0
2024-07-19,2406,9116,Dealer_self,271
2024-07-19,2406,0,Dealer_Hedging,14052
2024-07-22,2406,2912000,Foreign_Investor,2395000
2024-07-22,2406,0,Foreign_Dealer_Self,0
2024-07-22,2406,0,Investment_Trust,0
2024-07-22,2406,71610,Dealer_self,11002
2024-07-22,2406,0,Dealer_Hedging,48000
2024-07-23,2406,2569270,Foreign_Investor,2185000
2024-07-23,2406,0,Foreign_Dealer_Self,0
2024-07-23,2406,0,Investment_Trust,0
2024-07-23,2406,12588,Dealer_self,57940
2024-07-23,2406,0,Dealer_Hedging,0
2024-07-26,2406,2746000,Foreign_Investor,1586000
2024-07-26,2406,0,Foreign_Dealer_Self,0
2024-07-26,2406,0,Investment_Trust,0
2024-07-26,2406,5000,Dealer_self,29000
2024-07-26,2406,0,Dealer_Hedging,40165
2024-07-29,2406,1172000,Foreign_Investor,1918000
2024-07-29,2406,0,Foreign_Dealer_Self,0
2024-07-29,2406,0,Investment_Trust,0
2024-07-29,2406,1117,Dealer_self,225
2024-07-29,2406,0,Dealer_Hedging,5
2024-07-30,2406,1225000,Foreign_Investor,992000
2024-07-30,2406,0,Foreign_Dealer_Self,0
2024-07-30,2406,0,Investment_Trust,0
2024-07-30,2406,2690,Dealer_self,2078
2024-07-30,2406,0,Dealer_Hedging,0
2024-07-31,2406,1057000,Foreign_Investor,1404000
2024-07-31,2406,0,Foreign_Dealer_Self,0
2024-07-31,2406,0,Investment_Trust,0
2024-07-31,2406,0,Dealer_self,323
2024-07-31,2406,0,Dealer_Hedging,4000
2024-08-01,2406,687000,Foreign_Investor,690000
2024-08-01,2406,0,Foreign_Dealer_Self,0
2024-08-01,2406,0,Investment_Trust,0
2024-08-01,2406,0,Dealer_self,9170
2024-08-01,2406,0,Dealer_Hedging,0
2024-08-02,2406,713000,Foreign_Investor,810000
2024-08-02,2406,0,Foreign_Dealer_Self,0
2024-08-02,2406,0,Investment_Trust,0
2024-08-02,2406,29000,Dealer_self,24305
2024-08-02,2406,0,Dealer_Hedging,4000
2024-08-05,2406,1265000,Foreign_Investor,1382000
2024-08-05,2406,0,Foreign_Dealer_Self,0
2024-08-05,2406,0,Investment_Trust,0
2024-08-05,2406,43000,Dealer_self,85006
2024-08-05,2406,0,Dealer_Hedging,14298
2024-08-06,2406,3427000,Foreign_Investor,1961000
2024-08-06,2406,0,Foreign_Dealer_Self,0
2024-08-06,2406,0,Investment_Trust,0
2024-08-06,2406,27604,Dealer_self,44333
2024-08-06,2406,500,Dealer_Hedging,54077
2024-08-07,2406,1587000,Foreign_Investor,1334000
2024-08-07,2406,0,Foreign_Dealer_Self,0
2024-08-07,2406,0,Investment_Trust,0
2024-08-07,2406,1449,Dealer_self,4166
2024-08-07,2406,0,Dealer_Hedging,0
2024-08-08,2406,976000,Foreign_Investor,1073000
2024-08-08,2406,0,Foreign_Dealer_Self,0
2024-08-08,2406,0,Investment_Trust,0
2024-08-08,2406,102,Dealer_self,14002
2024-08-08,2406,11000,Dealer_Hedging,0
2024-08-09,2406,1132000,Foreign_Investor,669000
2024-08-09,2406,0,Foreign_Dealer_Self,0
2024-08-09,2406,0,Investment_Trust,0
2024-08-09,2406,1011,Dealer_self,29683
2024-08-09,2406,0,Dealer_Hedging,0
2024-08-12,2406,838000,Foreign_Investor,329000
2024-08-12,2406,0,Foreign_Dealer_Self,0
2024-08-12,2406,0,Investment_Trust,0
2024-08-12,2406,2005,Dealer_self,36000
2024-08-12,2406,8000,Dealer_Hedging,0
2024-08-13,2406,2069000,Foreign_Investor,1686000
2024-08-13,2406,0,Foreign_Dealer_Self,0
2024-08-13,2406,0,Investment_Trust,0
2024-08-13,2406,7610,Dealer_self,13609
2024-08-13,2406,0,Dealer_Hedging,0
2024-08-14,2406,1974000,Foreign_Investor,1244000
2024-08-14,2406,0,Foreign_Dealer_Self,0
2024-08-14,2406,0,Investment_Trust,0
2024-08-14,2406,5269,Dealer_self,33530
2024-08-14,2406,0,Dealer_Hedging,0
2024-08-15,2406,1431000,Foreign_Investor,1643486
2024-08-15,2406,0,Foreign_Dealer_Self,0
2024-08-15,2406,0,Investment_Trust,0
2024-08-15,2406,8000,Dealer_self,11469
2024-08-15,2406,0,Dealer_Hedging,0
2024-08-16,2406,1345000,Foreign_Investor,1217000
2024-08-16,2406,0,Foreign_Dealer_Self,0
2024-08-16,2406,0,Investment_Trust,0
2024-08-16,2406,5000,Dealer_self,1671
2024-08-16,2406,0,Dealer_Hedging,0
2024-08-19,2406,616000,Foreign_Investor,762000
2024-08-19,2406,0,Foreign_Dealer_Self,0
2024-08-19,2406,0,Investment_Trust,0
2024-08-19,2406,4000,Dealer_self,7163
2024-08-19,2406,0,Dealer_Hedging,0
2024-08-20,2406,1120000,Foreign_Investor,1387000
2024-08-20,2406,0,Foreign_Dealer_Self,0
2024-08-20,2406,0,Investment_Trust,0
2024-08-20,2406,40,Dealer_self,358
2024-08-20,2406,0,Dealer_Hedging,0
2024-08-21,2406,1045000,Foreign_Investor,1322000
2024-08-21,2406,0,Foreign_Dealer_Self,0
2024-08-21,2406,0,Investment_Trust,0
2024-08-21,2406,1517,Dealer_self,1042
2024-08-21,2406,457,Dealer_Hedging,0
2024-08-22,2406,547000,Foreign_Investor,567000
2024-08-22,2406,0,Foreign_Dealer_Self,0
2024-08-22,2406,0,Investment_Trust,0
2024-08-22,2406,0,Dealer_self,3000
2024-08-22,2406,0,Dealer_Hedging,0
2024-08-23,2406,467000,Foreign_Investor,534000
2024-08-23,2406,0,Foreign_Dealer_Self,0
2024-08-23,2406,0,Investment_Trust,0
2024-08-23,2406,3000,Dealer_self,5775
2024-08-23,2406,0,Dealer_Hedging,0
2024-08-26,2406,431000,Foreign_Investor,451000
2024-08-26,2406,0,Foreign_Dealer_Self,0
2024-08-26,2406,0,Investment_Trust,0
2024-08-26,2406,1,Dealer_self,783
2024-08-26,2406,0,Dealer_Hedging,0
2024-08-27,2406,586000,Foreign_Investor,1145072
2024-08-27,2406,0,Foreign_Dealer_Self,0
2024-08-27,2406,0,Investment_Trust,0
2024-08-27,2406,1000,Dealer_self,4528
2024-08-27,2406,0,Dealer_Hedging,0
2024-08-28,2406,479000,Foreign_Investor,566000
2024-08-28,2406,0,Foreign_Dealer_Self,0
2024-08-28,2406,0,Investment_Trust,0
2024-08-28,2406,2000,Dealer_self,2012
2024-08-28,2406,0,Dealer_Hedging,0
2024-08-29,2406,661000,Foreign_Investor,749000
2024-08-29,2406,0,Foreign_Dealer_Self,0
2024-08-29,2406,0,Investment_Trust,0
2024-08-29,2406,6000,Dealer_self,9184
2024-08-29,2406,0,Dealer_Hedging,0
2024-08-30,2406,484000,Foreign_Investor,238000
2024-08-30,2406,0,Foreign_Dealer_Self,0
2024-08-30,2406,0,Investment_Trust,0
2024-08-30,2406,5000,Dealer_self,1506
2024-08-30,2406,0,Dealer_Hedging,0
2024-09-02,2406,445000,Foreign_Investor,881000
2024-09-02,2406,0,Foreign_Dealer_Self,0
2024-09-02,2406,0,Investment_Trust,0
2024-09-02,2406,1000,Dealer_self,706
2024-09-02,2406,0,Dealer_Hedging,1000
2024-09-03,2406,412000,Foreign_Investor,739000
2024-09-03,2406,0,Foreign_Dealer_Self,0
2024-09-03,2406,0,Investment_Trust,0
2024-09-03,2406,8000,Dealer_self,7753
2024-09-03,2406,0,Dealer_Hedging,0
2024-09-04,2406,824001,Foreign_Investor,1396000
2024-09-04,2406,0,Foreign_Dealer_Self,0
2024-09-04,2406,0,Investment_Trust,0
2024-09-04,2406,20000,Dealer_self,64228
2024-09-04,2406,5000,Dealer_Hedging,32535
2024-09-05,2406,526000,Foreign_Investor,403000
2024-09-05,2406,0,Foreign_Dealer_Self,0
2024-09-05,2406,0,Investment_Trust,0
2024-09-05,2406,5000,Dealer_self,11431
2024-09-05,2406,0,Dealer_Hedging,4041
2024-09-06,2406,340000,Foreign_Investor,358000
2024-09-06,2406,0,Foreign_Dealer_Self,0
2024-09-06,2406,0,Investment_Trust,0
2024-09-06,2406,2000,Dealer_self,8491
2024-09-06,2406,0,Dealer_Hedging,0
2024-09-09,2406,973000,Foreign_Investor,571000
2024-09-09,2406,0,Foreign_Dealer_Self,0
2024-09-09,2406,0,Investment_Trust,0
2024-09-09,2406,4000,Dealer_self,17650
2024-09-09,2406,0,Dealer_Hedging,0
2024-09-10,2406,729000,Foreign_Investor,1178000
2024-09-10,2406,0,Foreign_Dealer_Self,0
2024-09-10,2406,0,Investment_Trust,0
2024-09-10,2406,16000,Dealer_self,13603
2024-09-10,2406,0,Dealer_Hedging,846
2024-09-11,2406,354060,Foreign_Investor,148000
2024-09-11,2406,0,Foreign_Dealer_Self,0
2024-09-11,2406,0,Investment_Trust,0
2024-09-11,2406,8000,Dealer_self,3455
2024-09-11,2406,0,Dealer_Hedging,0
2024-09-12,2406,403000,Foreign_Investor,482000
2024-09-12,2406,0,Foreign_Dealer_Self,0
2024-09-12,2406,0,Investment_Trust,0
2024-09-12,2406,9000,Dealer_self,0
2024-09-12,2406,0,Dealer_Hedging,0
2024-09-13,2406,539000,Foreign_Investor,108000
2024-09-13,2406,0,Foreign_Dealer_Self,0
2024-09-13,2406,0,Investment_Trust,0
2024-09-13,2406,0,Dealer_self,0
2024-09-13,2406,0,Dealer_Hedging,0
2024-09-16,2406,433000,Foreign_Investor,416000
2024-09-16,2406,0,Foreign_Dealer_Self,0
2024-09-16,2406,0,Investment_Trust,0
2024-09-16,2406,2000,Dealer_self,856
2024-09-16,2406,0,Dealer_Hedging,0
2024-09-18,2406,206000,Foreign_Investor,519000
2024-09-18,2406,0,Foreign_Dealer_Self,0
2024-09-18,2406,0,Investment_Trust,0
2024-09-18,2406,5000,Dealer_self,4908
2024-09-18,2406,0,Dealer_Hedging,382
2024-09-19,2406,337000,Foreign_Investor,440000
2024-09-19,2406,0,Foreign_Dealer_Self,0
2024-09-19,2406,0,Investment_Trust,0
2024-09-19,2406,15000,Dealer_self,425
2024-09-19,2406,0,Dealer_Hedging,0
2024-09-20,2406,685000,Foreign_Investor,243000
2024-09-20,2406,0,Foreign_Dealer_Self,0
2024-09-20,2406,0,Investment_Trust,0
2024-09-20,2406,3000,Dealer_self,342
2024-09-20,2406,0,Dealer_Hedging,56
2024-09-23,2406,546000,Foreign_Investor,366000
2024-09-23,2406,0,Foreign_Dealer_Self,0
2024-09-23,2406,0,Investment_Trust,0
2024-09-23,2406,14000,Dealer_self,3908
2024-09-23,2406,0,Dealer_Hedging,0
2024-09-24,2406,316000,Foreign_Investor,456000
2024-09-24,2406,0,Foreign_Dealer_Self,0
2024-09-24,2406,0,Investment_Trust,0
2024-09-24,2406,4001,Dealer_self,4699
2024-09-24,2406,0,Dealer_Hedging,0
2024-09-25,2406,632000,Foreign_Investor,427000
2024-09-25,2406,0,Foreign_Dealer_Self,0
2024-09-25,2406,0,Investment_Trust,0
2024-09-25,2406,23000,Dealer_self,2821
2024-09-25,2406,0,Dealer_Hedging,0
2024-09-26,2406,534000,Foreign_Investor,815000
2024-09-26,2406,0,Foreign_Dealer_Self,0
2024-09-26,2406,0,Investment_Trust,0
2024-09-26,2406,16117,Dealer_self,3324
2024-09-26,2406,0,Dealer_Hedging,62
2024-09-27,2406,1626000,Foreign_Investor,1765000
2024-09-27,2406,0,Foreign_Dealer_Self,0
2024-09-27,2406,0,Investment_Trust,0
2024-09-27,2406,14000,Dealer_self,7268
2024-09-27,2406,0,Dealer_Hedging,50
2024-09-30,2406,534000,Foreign_Investor,937935
2024-09-30,2406,0,Foreign_Dealer_Self,0
2024-09-30,2406,0,Investment_Trust,0
2024-09-30,2406,6000,Dealer_self,3509
2024-09-30,2406,0,Dealer_Hedging,66
2024-10-01,2406,1903000,Foreign_Investor,3844000
2024-10-01,2406,0,Foreign_Dealer_Self,0
2024-10-01,2406,0,Investment_Trust,0
2024-10-01,2406,9880,Dealer_self,7918
2024-10-01,2406,0,Dealer_Hedging,1703
2024-10-04,2406,779000,Foreign_Investor,1105000
2024-10-04,2406,0,Foreign_Dealer_Self,0
2024-10-04,2406,0,Investment_Trust,0
2024-10-04,2406,6000,Dealer_self,23987
2024-10-04,2406,0,Dealer_Hedging,0
2024-10-07,2406,595000,Foreign_Investor,408000
2024-10-07,2406,0,Foreign_Dealer_Self,0
2024-10-07,2406,0,Investment_Trust,0
2024-10-07,2406,13000,Dealer_self,4274
2024-10-07,2406,0,Dealer_Hedging,0
2024-10-08,2406,172000,Foreign_Investor,608000
2024-10-08,2406,0,Foreign_Dealer_Self,0
2024-10-08,2406,0,Investment_Trust,0
2024-10-08,2406,16000,Dealer_self,24301
2024-10-08,2406,1000,Dealer_Hedging,1000
2024-10-09,2406,230000,Foreign_Investor,1471000
2024-10-09,2406,0,Foreign_Dealer_Self,0
2024-10-09,2406,0,Investment_Trust,0
2024-10-09,2406,44000,Dealer_self,23199
2024-10-09,2406,0,Dealer_Hedging,2744
2024-10-11,2406,326010,Foreign_Investor,651000
2024-10-11,2406,0,Foreign_Dealer_Self,0
2024-10-11,2406,0,Investment_Trust,0
2024-10-11,2406,9000,Dealer_self,8600
2024-10-11,2406,0,Dealer_Hedging,0
2024-10-14,2406,488000,Foreign_Investor,265000
2024-10-14,2406,0,Foreign_Dealer_Self,0
2024-10-14,2406,0,Investment_Trust,0
2024-10-14,2406,3000,Dealer_self,2684
2024-10-14,2406,0,Dealer_Hedging,0
2024-10-15,2406,81000,Foreign_Investor,1095000
2024-10-15,2406,0,Foreign_Dealer_Self,0
2024-10-15,2406,0,Investment_Trust,0
2024-10-15,2406,18000,Dealer_self,13795
2024-10-15,2406,0,Dealer_Hedging,0
2024-10-16,2406,727000,Foreign_Investor,609000
2024-10-16,2406,0,Foreign_Dealer_Self,0
2024-10-16,2406,0,Investment_Trust,0
2024-10-16,2406,20000,Dealer_self,18703
2024-10-16,2406,0,Dealer_Hedging,106
2024-10-17,2406,509000,Foreign_Investor,521000
2024-10-17,2406,0,Foreign_Dealer_Self,0
2024-10-17,2406,0,Investment_Trust,0
2024-10-17,2406,7000,Dealer_self,2553
2024-10-17,2406,0,Dealer_Hedging,0
2024-10-18,2406,202000,Foreign_Investor,352000
2024-10-18,2406,0,Foreign_Dealer_Self,0
2024-10-18,2406,0,Investment_Trust,0
2024-10-18,2406,20000,Dealer_self,2199
2024-10-18,2406,0,Dealer_Hedging,79
2024-10-21,2406,824000,Foreign_Investor,771000
2024-10-21,2406,0,Foreign_Dealer_Self,0
2024-10-21,2406,0,Investment_Trust,0
2024-10-21,2406,10000,Dealer_self,3251
2024-10-21,2406,0,Dealer_Hedging,0
2024-10-22,2406,307000,Foreign_Investor,329000
2024-10-22,2406,0,Foreign_Dealer_Self,0
2024-10-22,2406,0,Investment_Trust,0
2024-10-22,2406,6000,Dealer_self,1320
2024-10-22,2406,0,Dealer_Hedging,0
2024-10-23,2406,650000,Foreign_Investor,483000
2024-10-23,2406,0,Foreign_Dealer_Self,0
2024-10-23,2406,0,Investment_Trust,0
2024-10-23,2406,0,Dealer_self,22002
2024-10-23,2406,0,Dealer_Hedging,101
2024-10-24,2406,243000,Foreign_Investor,344000
2024-10-24,2406,0,Foreign_Dealer_Self,0
2024-10-24,2406,0,Investment_Trust,0
2024-10-24,2406,6000,Dealer_self,11931
2024-10-24,2406,0,Dealer_Hedging,1010
2024-10-25,2406,315429,Foreign_Investor,325000
2024-10-25,2406,0,Foreign_Dealer_Self,0
2024-10-25,2406,0,Investment_Trust,0
2024-10-25,2406,0,Dealer_self,770
2024-10-25,2406,0,Dealer_Hedging,105
2024-10-28,2406,818000,Foreign_Investor,460000
2024-10-28,2406,0,Foreign_Dealer_Self,0
2024-10-28,2406,0,Investment_Trust,0
2024-10-28,2406,14000,Dealer_self,1047
2024-10-28,2406,0,Dealer_Hedging,5000
2024-10-29,2406,388000,Foreign_Investor,787000
2024-10-29,2406,0,Foreign_Dealer_Self,0
2024-10-29,2406,0,Investment_Trust,0
2024-10-29,2406,5000,Dealer_self,8439
2024-10-29,2406,0,Dealer_Hedging,235
2024-10-30,2406,255000,Foreign_Investor,557000
2024-10-30,2406,0,Foreign_Dealer_Self,0
2024-10-30,2406,0,Investment_Trust,0
2024-10-30,2406,10000,Dealer_self,11523
2024-10-30,2406,0,Dealer_Hedging,603
2024-11-01,2406,1404000,Foreign_Investor,473000
2024-11-01,2406,0,Foreign_Dealer_Self,0
2024-11-01,2406,0,Investment_Trust,0
2024-11-01,2406,0,Dealer_self,25651
2024-11-01,2406,0,Dealer_Hedging,0
2024-11-04,2406,133000,Foreign_Investor,528000
2024-11-04,2406,0,Foreign_Dealer_Self,0
2024-11-04,2406,0,Investment_Trust,0
2024-11-04,2406,4000,Dealer_self,3223
2024-11-04,2406,0,Dealer_Hedging,0
2024-11-05,2406,227000,Foreign_Investor,234935
2024-11-05,2406,0,Foreign_Dealer_Self,0
2024-11-05,2406,0,Investment_Trust,0
2024-11-05,2406,1000,Dealer_self,2560
2024-11-05,2406,0,Dealer_Hedging,0
2024-11-06,2406,96000,Foreign_Investor,262000
2024-11-06,2406,0,Foreign_Dealer_Self,0
2024-11-06,2406,0,Investment_Trust,0
2024-11-06,2406,20000,Dealer_self,1717
2024-11-06,2406,0,Dealer_Hedging,0
2024-11-07,2406,578000,Foreign_Investor,459000
2024-11-07,2406,0,Foreign_Dealer_Self,0
2024-11-07,2406,0,Investment_Trust,0
2024-11-07,2406,4000,Dealer_self,4022
2024-11-07,2406,0,Dealer_Hedging,354
2024-11-08,2406,204000,Foreign_Investor,983545
2024-11-08,2406,0,Foreign_Dealer_Self,0
2024-11-08,2406,0,Investment_Trust,0
2024-11-08,2406,8000,Dealer_self,7532
2024-11-08,2406,0,Dealer_Hedging,640
2024-11-11,2406,506000,Foreign_Investor,226000
2024-11-11,2406,0,Foreign_Dealer_Self,0
2024-11-11,2406,0,Investment_Trust,0
2024-11-11,2406,1000,Dealer_self,1387
2024-11-11,2406,0,Dealer_Hedging,999
2024-11-12,2406,481000,Foreign_Investor,405000
2024-11-12,2406,0,Foreign_Dealer_Self,0
2024-11-12,2406,0,Investment_Trust,0
2024-11-12,2406,6000,Dealer_self,26942
2024-11-12,2406,0,Dealer_Hedging,9116
2024-11-13,2406,372000,Foreign_Investor,226000
2024-11-13,2406,0,Foreign_Dealer_Self,0
2024-11-13,2406,0,Investment_Trust,0
2024-11-13,2406,3000,Dealer_self,16119
2024-11-13,2406,0,Dealer_Hedging,0
2024-11-14,2406,597000,Foreign_Investor,703000
2024-11-14,2406,0,Foreign_Dealer_Self,0
2024-11-14,2406,0,Investment_Trust,0
2024-11-14,2406,14000,Dealer_self,23874
2024-11-14,2406,0,Dealer_Hedging,1868
2024-11-15,2406,804000,Foreign_Investor,616000
2024-11-15,2406,0,Foreign_Dealer_Self,0
2024-11-15,2406,0,Investment_Trust,0
2024-11-15,2406,3000,Dealer_self,14667
2024-11-15,2406,0,Dealer_Hedging,526
2024-11-18,2406,286000,Foreign_Investor,320000
2024-11-18,2406,0,Foreign_Dealer_Self,0
2024-11-18,2406,0,Investment_Trust,0
2024-11-18,2406,7000,Dealer_self,3616
2024-11-18,2406,0,Dealer_Hedging,3205
2024-11-19,2406,459000,Foreign_Investor,189998
2024-11-19,2406,0,Foreign_Dealer_Self,0
2024-11-19,2406,0,Investment_Trust,0
2024-11-19,2406,11000,Dealer_self,2157
2024-11-19,2406,0,Dealer_Hedging,16
2024-11-20,2406,303000,Foreign_Investor,420000
2024-11-20,2406,0,Foreign_Dealer_Self,0
2024-11-20,2406,0,Investment_Trust,0
2024-11-20,2406,19000,Dealer_self,9706
2024-11-20,2406,0,Dealer_Hedging,0
2024-11-21,2406,538000,Foreign_Investor,654998
2024-11-21,2406,0,Foreign_Dealer_Self,0
2024-11-21,2406,0,Investment_Trust,0
2024-11-21,2406,1000,Dealer_self,3974
2024-11-21,2406,0,Dealer_Hedging,0
2024-11-22,2406,709000,Foreign_Investor,258000
2024-11-22,2406,0,Foreign_Dealer_Self,0
2024-11-22,2406,0,Investment_Trust,0
2024-11-22,2406,3000,Dealer_self,1
2024-11-22,2406,0,Dealer_Hedging,0
2024-11-25,2406,698415,Foreign_Investor,601000
2024-11-25,2406,0,Foreign_Dealer_Self,0
2024-11-25,2406,0,Investment_Trust,0
2024-11-25,2406,6000,Dealer_self,344
2024-11-25,2406,0,Dealer_Hedging,0
2024-11-26,2406,211000,Foreign_Investor,302000
2024-11-26,2406,0,Foreign_Dealer_Self,0
2024-11-26,2406,0,Investment_Trust,0
2024-11-26,2406,4000,Dealer_self,4419
2024-11-26,2406,0,Dealer_Hedging,0
2024-11-27,2406,73000,Foreign_Investor,379000
2024-11-27,2406,0,Foreign_Dealer_Self,0
2024-11-27,2406,0,Investment_Trust,0
2024-11-27,2406,7000,Dealer_self,6524
2024-11-27,2406,0,Dealer_Hedging,3040
2024-11-28,2406,336000,Foreign_Investor,406000
2024-11-28,2406,0,Foreign_Dealer_Self,0
2024-11-28,2406,0,Investment_Trust,0
2024-11-28,2406,6000,Dealer_self,3944
2024-11-28,2406,0,Dealer_Hedging,695
2024-11-29,2406,89000,Foreign_Investor,265000
2024-11-29,2406,0,Foreign_Dealer_Self,0
2024-11-29,2406,0,Investment_Trust,0
2024-11-29,2406,7000,Dealer_self,10034
2024-11-29,2406,0,Dealer_Hedging,0
2024-12-02,2406,164000,Foreign_Investor,441000
2024-12-02,2406,0,Foreign_Dealer_Self,0
2024-12-02,2406,0,Investment_Trust,0
2024-12-02,2406,0,Dealer_self,1393
2024-12-02,2406,0,Dealer_Hedging,51
2024-12-03,2406,293000,Foreign_Investor,152000
2024-12-03,2406,0,Foreign_Dealer_Self,0
2024-12-03,2406,0,Investment_Trust,0
2024-12-03,2406,3000,Dealer_self,1425
2024-12-03,2406,0,Dealer_Hedging,0
2024-12-04,2406,205000,Foreign_Investor,222000
2024-12-04,2406,0,Foreign_Dealer_Self,0
2024-12-04,2406,0,Investment_Trust,0
2024-12-04,2406,2000,Dealer_self,913
2024-12-04,2406,0,Dealer_Hedging,0
2024-12-05,2406,144000,Foreign_Investor,522000
2024-12-05,2406,0,Foreign_Dealer_Self,0
2024-12-05,2406,0,Investment_Trust,0
2024-12-05,2406,2000,Dealer_self,1162
2024-12-05,2406,0,Dealer_Hedging,262
2024-12-06,2406,230000,Foreign_Investor,87000
2024-12-06,2406,0,Foreign_Dealer_Self,0
2024-12-06,2406,0,Investment_Trust,0
2024-12-06,2406,307,Dealer_self,0
2024-12-06,2406,0,Dealer_Hedging,0
2024-12-09,2406,102001,Foreign_Investor,724000
2024-12-09,2406,0,Foreign_Dealer_Self,0
2024-12-09,2406,0,Investment_Trust,0
2024-12-09,2406,4000,Dealer_self,3961
2024-12-09,2406,0,Dealer_Hedging,11916
2024-12-10,2406,297000,Foreign_Investor,315000
2024-12-10,2406,0,Foreign_Dealer_Self,0
2024-12-10,2406,0,Investment_Trust,0
2024-12-10,2406,0,Dealer_self,13260
2024-12-10,2406,0,Dealer_Hedging,7729
2024-12-11,2406,155000,Foreign_Investor,860000
2024-12-11,2406,0,Foreign_Dealer_Self,0
2024-12-11,2406,0,Investment_Trust,0
2024-12-11,2406,3000,Dealer_self,7340
2024-12-11,2406,0,Dealer_Hedging,15943
2024-12-12,2406,247000,Foreign_Investor,302998
2024-12-12,2406,0,Foreign_Dealer_Self,0
2024-12-12,2406,0,Investment_Trust,0
2024-12-12,2406,2025,Dealer_self,2537
2024-12-12,2406,0,Dealer_Hedging,1172
2024-12-13,2406,430000,Foreign_Investor,586998
2024-12-13,2406,0,Foreign_Dealer_Self,0
2024-12-13,2406,0,Investment_Trust,0
2024-12-13,2406,11055,Dealer_self,15949
2024-12-13,2406,0,Dealer_Hedging,6251
2024-12-16,2406,416000,Foreign_Investor,198000
2024-12-16,2406,0,Foreign_Dealer_Self,0
2024-12-16,2406,0,Investment_Trust,0
2024-12-16,2406,5000,Dealer_self,5453
2024-12-16,2406,0,Dealer_Hedging,5696
2024-12-17,2406,164000,Foreign_Investor,244998
2024-12-17,2406,0,Foreign_Dealer_Self,0
2024-12-17,2406,0,Investment_Trust,0
2024-12-17,2406,5000,Dealer_self,4016
2024-12-17,2406,0,Dealer_Hedging,921
2024-12-18,2406,385000,Foreign_Investor,214998
2024-12-18,2406,0,Foreign_Dealer_Self,0
2024-12-18,2406,0,Investment_Trust,0
2024-12-18,2406,3611,Dealer_self,14445
2024-12-18,2406,0,Dealer_Hedging,703
2024-12-19,2406,122000,Foreign_Investor,477000
2024-12-19,2406,0,Foreign_Dealer_Self,0
2024-12-19,2406,0,Investment_Trust,0
2024-12-19,2406,7000,Dealer_self,8572
2024-12-19,2406,0,Dealer_Hedging,522
2024-12-20,2406,273000,Foreign_Investor,759998
2024-12-20,2406,0,Foreign_Dealer_Self,0
2024-12-20,2406,0,Investment_Trust,0
2024-12-20,2406,14899,Dealer_self,16777
2024-12-20,2406,100,Dealer_Hedging,1969
2024-12-23,2406,241000,Foreign_Investor,130000
2024-12-23,2406,0,Foreign_Dealer_Self,0
2024-12-23,2406,0,Investment_Trust,0
2024-12-23,2406,6000,Dealer_self,74
2024-12-23,2406,0,Dealer_Hedging,2329
2024-12-24,2406,325000,Foreign_Investor,200000
2024-12-24,2406,0,Foreign_Dealer_Self,0
2024-12-24,2406,0,Investment_Trust,0
2024-12-24,2406,2000,Dealer_self,8
2024-12-24,2406,10,Dealer_Hedging,1494
2024-12-25,2406,408607,Foreign_Investor,83000
2024-12-25,2406,0,Foreign_Dealer_Self,0
2024-12-25,2406,0,Investment_Trust,0
2024-12-25,2406,22000,Dealer_self,7352
2024-12-25,2406,0,Dealer_Hedging,1648
2024-12-26,2406,695000,Foreign_Investor,1125000
2024-12-26,2406,0,Foreign_Dealer_Self,0
2024-12-26,2406,0,Investment_Trust,0
2024-12-26,2406,0,Dealer_self,58157
2024-12-26,2406,0,Dealer_Hedging,7231
2024-12-27,2406,62000,Foreign_Investor,317000
2024-12-27,2406,0,Foreign_Dealer_Self,0
2024-12-27,2406,0,Investment_Trust,0
2024-12-27,2406,10000,Dealer_self,8425
2024-12-27,2406,0,Dealer_Hedging,2014
2024-12-30,2406,118000,Foreign_Investor,241000
2024-12-30,2406,0,Foreign_Dealer_Self,0
2024-12-30,2406,0,Investment_Trust,0
2024-12-30,2406,1000,Dealer_self,2606
2024-12-30,2406,0,Dealer_Hedging,4193
2024-12-31,2406,298000,Foreign_Investor,366000
2024-12-31,2406,0,Foreign_Dealer_Self,0
2024-12-31,2406,0,Investment_Trust,0
2024-12-31,2406,6000,Dealer_self,5973
2024-12-31,2406,0,Dealer_Hedging,2629
2025-01-02,2406,318000,Foreign_Investor,603107
2025-01-02,2406,0,Foreign_Dealer_Self,0
2025-01-02,2406,0,Investment_Trust,0
2025-01-02,2406,1000,Dealer_self,23923
2025-01-02,2406,300,Dealer_Hedging,2129
2025-01-03,2406,157000,Foreign_Investor,465998
2025-01-03,2406,0,Foreign_Dealer_Self,0
2025-01-03,2406,0,Investment_Trust,0
2025-01-03,2406,6000,Dealer_self,76476
2025-01-03,2406,0,Dealer_Hedging,8048
2025-01-06,2406,399000,Foreign_Investor,252000
2025-01-06,2406,0,Foreign_Dealer_Self,0
2025-01-06,2406,0,Investment_Trust,0
2025-01-06,2406,9000,Dealer_self,8248
2025-01-06,2406,0,Dealer_Hedging,0
2025-01-07,2406,258000,Foreign_Investor,578000
2025-01-07,2406,0,Foreign_Dealer_Self,0
2025-01-07,2406,0,Investment_Trust,0
2025-01-07,2406,6000,Dealer_self,5817
2025-01-07,2406,0,Dealer_Hedging,0
2025-01-08,2406,422000,Foreign_Investor,331000
2025-01-08,2406,0,Foreign_Dealer_Self,0
2025-01-08,2406,0,Investment_Trust,0
2025-01-08,2406,9000,Dealer_self,12498
2025-01-08,2406,0,Dealer_Hedging,0
2025-01-09,2406,246000,Foreign_Investor,476000
2025-01-09,2406,0,Foreign_Dealer_Self,0
2025-01-09,2406,0,Investment_Trust,0
2025-01-09,2406,17000,Dealer_self,17445
2025-01-09,2406,0,Dealer_Hedging,0
2025-01-10,2406,749000,Foreign_Investor,443998
2025-01-10,2406,0,Foreign_Dealer_Self,0
2025-01-10,2406,0,Investment_Trust,0
2025-01-10,2406,6000,Dealer_self,12687
2025-01-10,2406,133,Dealer_Hedging,0
2025-01-13,2406,1068000,Foreign_Investor,872000
2025-01-13,2406,0,Foreign_Dealer_Self,0
2025-01-13,2406,0,Investment_Trust,0
2025-01-13,2406,22000,Dealer_self,25569
2025-01-13,2406,0,Dealer_Hedging,133
2025-01-14,2406,796000,Foreign_Investor,515000
2025-01-14,2406,0,Foreign_Dealer_Self,0
2025-01-14,2406,0,Investment_Trust,0
2025-01-14,2406,8000,Dealer_self,10455
2025-01-14,2406,0,Dealer_Hedging,0
2025-01-15,2406,338001,Foreign_Investor,523000
2025-01-15,2406,0,Foreign_Dealer_Self,0
2025-01-15,2406,0,Investment_Trust,0
2025-01-15,2406,7000,Dealer_self,22726
2025-01-15,2406,0,Dealer_Hedging,0
2025-01-16,2406,154000,Foreign_Investor,308998
2025-01-16,2406,0,Foreign_Dealer_Self,0
2025-01-16,2406,0,Investment_Trust,0
2025-01-16,2406,13000,Dealer_self,5391
2025-01-16,2406,0,Dealer_Hedging,0
2025-01-17,2406,91000,Foreign_Investor,73000
2025-01-17,2406,0,Foreign_Dealer_Self,0
2025-01-17,2406,0,Investment_Trust,0
2025-01-17,2406,4000,Dealer_self,4254
2025-01-17,2406,0,Dealer_Hedging,0
2025-01-20,2406,139000,Foreign_Investor,205000
2025-01-20,2406,0,Foreign_Dealer_Self,0
2025-01-20,2406,0,Investment_Trust,0
2025-01-20,2406,6000,Dealer_self,6330
2025-01-20,2406,0,Dealer_Hedging,0
2025-01-21,2406,84001,Foreign_Investor,229000
2025-01-21,2406,0,Foreign_Dealer_Self,0
2025-01-21,2406,0,Investment_Trust,0
2025-01-21,2406,13000,Dealer_self,10808
2025-01-21,2406,0,Dealer_Hedging,0
2025-01-22,2406,293050,Foreign_Investor,311000
2025-01-22,2406,0,Foreign_Dealer_Self,0
2025-01-22,2406,0,Investment_Trust,0
2025-01-22,2406,24000,Dealer_self,9360
2025-01-22,2406,0,Dealer_Hedging,0
2025-02-03,2406,819000,Foreign_Investor,283000
2025-02-03,2406,0,Foreign_Dealer_Self,0
2025-02-03,2406,0,Investment_Trust,0
2025-02-03,2406,25000,Dealer_self,69470
2025-02-03,2406,0,Dealer_Hedging,0
2025-02-04,2406,279000,Foreign_Investor,249998
2025-02-04,2406,0,Foreign_Dealer_Self,0
2025-02-04,2406,0,Investment_Trust,0
2025-02-04,2406,5000,Dealer_self,10903
2025-02-04,2406,0,Dealer_Hedging,0
2025-02-05,2406,189000,Foreign_Investor,267998
2025-02-05,2406,0,Foreign_Dealer_Self,0
2025-02-05,2406,0,Investment_Trust,0
2025-02-05,2406,2000,Dealer_self,1565
2025-02-05,2406,0,Dealer_Hedging,0
2025-02-06,2406,570000,Foreign_Investor,124000
2025-02-06,2406,0,Foreign_Dealer_Self,0
2025-02-06,2406,0,Investment_Trust,0
2025-02-06,2406,3000,Dealer_self,2479
2025-02-06,2406,0,Dealer_Hedging,0
2025-02-07,2406,89000,Foreign_Investor,320000
2025-02-07,2406,0,Foreign_Dealer_Self,0
2025-02-07,2406,0,Investment_Trust,0
2025-02-07,2406,9000,Dealer_self,9511
2025-02-07,2406,0,Dealer_Hedging,0
2025-02-10,2406,279000,Foreign_Investor,252000
2025-02-10,2406,0,Foreign_Dealer_Self,0
2025-02-10,2406,0,Investment_Trust,0
2025-02-10,2406,7000,Dealer_self,10009
2025-02-10,2406,0,Dealer_Hedging,0
2025-02-11,2406,74000,Foreign_Investor,343000
2025-02-11,2406,0,Foreign_Dealer_Self,0
2025-02-11,2406,0,Investment_Trust,0
2025-02-11,2406,10000,Dealer_self,12401
2025-02-11,2406,0,Dealer_Hedging,0
2025-02-12,2406,220000,Foreign_Investor,206000
2025-02-12,2406,0,Foreign_Dealer_Self,0
2025-02-12,2406,0,Investment_Trust,0
2025-02-12,2406,7000,Dealer_self,10129
2025-02-12,2406,0,Dealer_Hedging,0
2025-02-13,2406,993000,Foreign_Investor,238000
2025-02-13,2406,0,Foreign_Dealer_Self,0
2025-02-13,2406,0,Investment_Trust,0
2025-02-13,2406,6000,Dealer_self,2184
2025-02-13,2406,0,Dealer_Hedging,0
2025-02-14,2406,228099,Foreign_Investor,735000
2025-02-14,2406,0,Foreign_Dealer_Self,0
2025-02-14,2406,0,Investment_Trust,0
2025-02-14,2406,9000,Dealer_self,5656
2025-02-14,2406,0,Dealer_Hedging,0
2025-02-17,2406,164000,Foreign_Investor,436000
2025-02-17,2406,0,Foreign_Dealer_Self,0
2025-02-17,2406,0,Investment_Trust,0
2025-02-17,2406,16000,Dealer_self,9974
2025-02-17,2406,0,Dealer_Hedging,0
2025-02-18,2406,105000,Foreign_Investor,405000
2025-02-18,2406,0,Foreign_Dealer_Self,0
2025-02-18,2406,0,Investment_Trust,0
2025-02-18,2406,9000,Dealer_self,10406
2025-02-18,2406,0,Dealer_Hedging,0
2025-02-19,2406,388000,Foreign_Investor,187000
2025-02-19,2406,0,Foreign_Dealer_Self,0
2025-02-19,2406,0,Investment_Trust,0
2025-02-19,2406,2000,Dealer_self,1570
2025-02-19,2406,0,Dealer_Hedging,0
2025-02-20,2406,177001,Foreign_Investor,248000
2025-02-20,2406,0,Foreign_Dealer_Self,0
2025-02-20,2406,0,Investment_Trust,0
2025-02-20,2406,8000,Dealer_self,5073
2025-02-20,2406,0,Dealer_Hedging,0
2025-02-21,2406,104000,Foreign_Investor,311000
2025-02-21,2406,0,Foreign_Dealer_Self,0
2025-02-21,2406,0,Investment_Trust,0
2025-02-21,2406,5000,Dealer_self,5025
2025-02-21,2406,0,Dealer_Hedging,0
2025-02-24,2406,268000,Foreign_Investor,232000
2025-02-24,2406,0,Foreign_Dealer_Self,0
2025-02-24,2406,0,Investment_Trust,0
2025-02-24,2406,5000,Dealer_self,5599
2025-02-24,2406,0,Dealer_Hedging,0
2025-02-25,2406,686000,Foreign_Investor,1816000
2025-02-25,2406,0,Foreign_Dealer_Self,0
2025-02-25,2406,0,Investment_Trust,0
2025-02-25,2406,11000,Dealer_self,12406
2025-02-25,2406,0,Dealer_Hedging,0
2025-02-26,2406,612000,Foreign_Investor,2050000
2025-02-26,2406,0,Foreign_Dealer_Self,0
2025-02-26,2406,0,Investment_Trust,0
2025-02-26,2406,1000,Dealer_self,3003
2025-02-26,2406,0,Dealer_Hedging,0
2025-02-27,2406,192000,Foreign_Investor,779000
2025-02-27,2406,0,Foreign_Dealer_Self,0
2025-02-27,2406,0,Investment_Trust,0
2025-02-27,2406,12000,Dealer_self,9388
2025-02-27,2406,0,Dealer_Hedging,0
2025-03-03,2406,218000,Foreign_Investor,348000
2025-03-03,2406,0,Foreign_Dealer_Self,0
2025-03-03,2406,0,Investment_Trust,0
2025-03-03,2406,7000,Dealer_self,5215
2025-03-03,2406,0,Dealer_Hedging,0
2025-03-04,2406,506000,Foreign_Investor,743000
2025-03-04,2406,0,Foreign_Dealer_Self,0
2025-03-04,2406,0,Investment_Trust,0
2025-03-04,2406,10000,Dealer_self,10594
2025-03-04,2406,0,Dealer_Hedging,0
2025-03-05,2406,418000,Foreign_Investor,544000
2025-03-05,2406,0,Foreign_Dealer_Self,0
2025-03-05,2406,0,Investment_Trust,0
2025-03-05,2406,6000,Dealer_self,5654
2025-03-05,2406,0,Dealer_Hedging,0
2025-03-06,2406,176000,Foreign_Investor,1001000
2025-03-06,2406,0,Foreign_Dealer_Self,0
2025-03-06,2406,0,Investment_Trust,0
2025-03-06,2406,13000,Dealer_self,10237
2025-03-06,2406,0,Dealer_Hedging,0
2025-03-07,2406,467000,Foreign_Investor,369000
2025-03-07,2406,0,Foreign_Dealer_Self,0
2025-03-07,2406,0,Investment_Trust,0
2025-03-07,2406,7000,Dealer_self,6637
2025-03-07,2406,0,Dealer_Hedging,0
2025-03-10,2406,284000,Foreign_Investor,442000
2025-03-10,2406,0,Foreign_Dealer_Self,0
2025-03-10,2406,0,Investment_Trust,0
2025-03-10,2406,3000,Dealer_self,8948
2025-03-10,2406,0,Dealer_Hedging,0
2025-03-11,2406,527000,Foreign_Investor,684000
2025-03-11,2406,0,Foreign_Dealer_Self,0
2025-03-11,2406,0,Investment_Trust,0
2025-03-11,2406,7000,Dealer_self,23309
2025-03-11,2406,0,Dealer_Hedging,0
2025-03-12,2406,454000,Foreign_Investor,427800
2025-03-12,2406,0,Foreign_Dealer_Self,0
2025-03-12,2406,0,Investment_Trust,0
2025-03-12,2406,10000,Dealer_self,15813
2025-03-12,2406,0,Dealer_Hedging,0
2025-03-13,2406,223000,Foreign_Investor,497000
2025-03-13,2406,0,Foreign_Dealer_Self,0
2025-03-13,2406,0,Investment_Trust,0
2025-03-13,2406,7000,Dealer_self,6310
2025-03-13,2406,0,Dealer_Hedging,0
2025-03-14,2406,934000,Foreign_Investor,592000
2025-03-14,2406,0,Foreign_Dealer_Self,0
2025-03-14,2406,0,Investment_Trust,0
2025-03-14,2406,4000,Dealer_self,2609
2025-03-14,2406,0,Dealer_Hedging,0
2025-03-17,2406,74000,Foreign_Investor,579000
2025-03-17,2406,0,Foreign_Dealer_Self,0
2025-03-17,2406,0,Investment_Trust,0
2025-03-17,2406,0,Dealer_self,13
2025-03-17,2406,0,Dealer_Hedging,0
2025-03-18,2406,120000,Foreign_Investor,528000
2025-03-18,2406,0,Foreign_Dealer_Self,0
2025-03-18,2406,0,Investment_Trust,0
2025-03-18,2406,5000,Dealer_self,1981
2025-03-18,2406,0,Dealer_Hedging,0
2025-03-19,2406,311000,Foreign_Investor,624000
2025-03-19,2406,0,Foreign_Dealer_Self,0
2025-03-19,2406,0,Investment_Trust,0
2025-03-19,2406,9000,Dealer_self,4553
2025-03-19,2406,0,Dealer_Hedging,0
2025-03-20,2406,132000,Foreign_Investor,76000
2025-03-20,2406,0,Foreign_Dealer_Self,0
2025-03-20,2406,0,Investment_Trust,0
2025-03-20,2406,7000,Dealer_self,2037
2025-03-20,2406,0,Dealer_Hedging,0
2025-03-21,2406,337000,Foreign_Investor,254000
2025-03-21,2406,0,Foreign_Dealer_Self,0
2025-03-21,2406,0,Investment_Trust,0
2025-03-21,2406,2000,Dealer_self,1783
2025-03-21,2406,0,Dealer_Hedging,0
2025-03-24,2406,590000,Foreign_Investor,168000
2025-03-24,2406,0,Foreign_Dealer_Self,0
2025-03-24,2406,0,Investment_Trust,0
2025-03-24,2406,0,Dealer_self,2
2025-03-24,2406,0,Dealer_Hedging,0
2025-03-25,2406,89000,Foreign_Investor,718000
2025-03-25,2406,0,Foreign_Dealer_Self,0
2025-03-25,2406,0,Investment_Trust,0
2025-03-25,2406,1000,Dealer_self,1243
2025-03-25,2406,0,Dealer_Hedging,0
2025-03-26,2406,121000,Foreign_Investor,165000
2025-03-26,2406,0,Foreign_Dealer_Self,0
2025-03-26,2406,0,Investment_Trust,0
2025-03-26,2406,7000,Dealer_self,1284
2025-03-26,2406,0,Dealer_Hedging,0
2025-03-27,2406,35000,Foreign_Investor,456000
2025-03-27,2406,0,Foreign_Dealer_Self,0
2025-03-27,2406,0,Investment_Trust,0
2025-03-27,2406,8000,Dealer_self,4005
2025-03-27,2406,0,Dealer_Hedging,0
2025-03-28,2406,216201,Foreign_Investor,533013
2025-03-28,2406,0,Foreign_Dealer_Self,0
2025-03-28,2406,0,Investment_Trust,0
2025-03-28,2406,15000,Dealer_self,17834
2025-03-28,2406,0,Dealer_Hedging,0
2025-03-31,2406,522000,Foreign_Investor,712000
2025-03-31,2406,0,Foreign_Dealer_Self,0
2025-03-31,2406,0,Investment_Trust,0
2025-03-31,2406,31000,Dealer_self,36388
2025-03-31,2406,0,Dealer_Hedging,0
2025-04-01,2406,364000,Foreign_Investor,372000
2025-04-01,2406,0,Foreign_Dealer_Self,0
2025-04-01,2406,0,Investment_Trust,0
2025-04-01,2406,4000,Dealer_self,13950
2025-04-01,2406,0,Dealer_Hedging,0
2025-04-02,2406,310000,Foreign_Investor,296289
2025-04-02,2406,0,Foreign_Dealer_Self,0
2025-04-02,2406,0,Investment_Trust,0
2025-04-02,2406,6000,Dealer_self,6065
2025-04-02,2406,0,Dealer_Hedging,0
2025-04-07,2406,0,Foreign_Investor,15000
2025-04-07,2406,0,Foreign_Dealer_Self,0
2025-04-07,2406,0,Investment_Trust,0
2025-04-07,2406,0,Dealer_self,501
2025-04-07,2406,0,Dealer_Hedging,0
2025-04-08,2406,158011,Foreign_Investor,477000
2025-04-08,2406,0,Foreign_Dealer_Self,0
2025-04-08,2406,0,Investment_Trust,0
2025-04-08,2406,27000,Dealer_self,18178
2025-04-08,2406,0,Dealer_Hedging,0
2025-04-09,2406,1261000,Foreign_Investor,816000
2025-04-09,2406,0,Foreign_Dealer_Self,0
2025-04-09,2406,0,Investment_Trust,0
2025-04-09,2406,34000,Dealer_self,42015
2025-04-09,2406,0,Dealer_Hedging,0
2025-04-10,2406,308001,Foreign_Investor,130000
2025-04-10,2406,0,Foreign_Dealer_Self,0
2025-04-10,2406,0,Investment_Trust,0
2025-04-10,2406,0,Dealer_self,0
2025-04-10,2406,0,Dealer_Hedging,0
2025-04-11,2406,703012,Foreign_Investor,474000
2025-04-11,2406,0,Foreign_Dealer_Self,0
2025-04-11,2406,0,Investment_Trust,0
2025-04-11,2406,7000,Dealer_self,5496
2025-04-11,2406,0,Dealer_Hedging,0
2025-04-14,2406,475000,Foreign_Investor,680012
2025-04-14,2406,0,Foreign_Dealer_Self,0
2025-04-14,2406,0,Investment_Trust,0
2025-04-14,2406,0,Dealer_self,15795
2025-04-14,2406,0,Dealer_Hedging,0
2025-04-15,2406,272508,Foreign_Investor,182000
2025-04-15,2406,0,Foreign_Dealer_Self,0
2025-04-15,2406,0,Investment_Trust,0
2025-04-15,2406,7000,Dealer_self,3000
2025-04-15,2406,0,Dealer_Hedging,0
2025-04-16,2406,132478,Foreign_Investor,385508
2025-04-16,2406,0,Foreign_Dealer_Self,0
2025-04-16,2406,0,Investment_Trust,0
2025-04-16,2406,0,Dealer_self,10000
2025-04-16,2406,0,Dealer_Hedging,0
2025-04-17,2406,267396,Foreign_Investor,153478
2025-04-17,2406,0,Foreign_Dealer_Self,0
2025-04-17,2406,0,Investment_Trust,0
2025-04-17,2406,0,Dealer_self,0
2025-04-17,2406,0,Dealer_Hedging,0
2025-04-18,2406,91621,Foreign_Investor,155396
2025-04-18,2406,0,Foreign_Dealer_Self,0
2025-04-18,2406,0,Investment_Trust,0
2025-04-18,2406,0,Dealer_self,0
2025-04-18,2406,0,Dealer_Hedging,0
2025-04-21,2406,108104,Foreign_Investor,176621
2025-04-21,2406,0,Foreign_Dealer_Self,0
2025-04-21,2406,0,Investment_Trust,0
2025-04-21,2406,0,Dealer_self,2000
2025-04-21,2406,0,Dealer_Hedging,0
2025-04-22,2406,434002,Foreign_Investor,519000
2025-04-22,2406,0,Foreign_Dealer_Self,0
2025-04-22,2406,0,Investment_Trust,0
2025-04-22,2406,12309,Dealer_self,6000
2025-04-22,2406,0,Dealer_Hedging,0
2025-04-23,2406,720002,Foreign_Investor,1047000
2025-04-23,2406,0,Foreign_Dealer_Self,0
2025-04-23,2406,0,Investment_Trust,0
2025-04-23,2406,6013,Dealer_self,6000
2025-04-23,2406,0,Dealer_Hedging,0
2025-04-24,2406,387001,Foreign_Investor,505000
2025-04-24,2406,0,Foreign_Dealer_Self,0
2025-04-24,2406,0,Investment_Trust,0
2025-04-24,2406,1000,Dealer_self,10006
2025-04-24,2406,0,Dealer_Hedging,0
2025-04-25,2406,299000,Foreign_Investor,289000
2025-04-25,2406,0,Foreign_Dealer_Self,0
2025-04-25,2406,0,Investment_Trust,0
2025-04-25,2406,0,Dealer_self,316
2025-04-25,2406,0,Dealer_Hedging,0
2025-04-28,2406,343000,Foreign_Investor,148000
2025-04-28,2406,0,Foreign_Dealer_Self,0
2025-04-28,2406,0,Investment_Trust,0
2025-04-28,2406,0,Dealer_self,0
2025-04-28,2406,0,Dealer_Hedging,0
2025-04-29,2406,323023,Foreign_Investor,548102
2025-04-29,2406,0,Foreign_Dealer_Self,0
2025-04-29,2406,0,Investment_Trust,0
2025-04-29,2406,0,Dealer_self,0
2025-04-29,2406,0,Dealer_Hedging,0
2025-04-30,2406,235000,Foreign_Investor,319023
2025-04-30,2406,0,Foreign_Dealer_Self,0
2025-04-30,2406,0,Investment_Trust,0
2025-04-30,2406,0,Dealer_self,5000
2025-04-30,2406,0,Dealer_Hedging,0
2025-05-02,2406,524208,Foreign_Investor,172000
2025-05-02,2406,0,Foreign_Dealer_Self,0
2025-05-02,2406,0,Investment_Trust,0
2025-05-02,2406,4000,Dealer_self,0
2025-05-02,2406,0,Dealer_Hedging,0
2025-05-05,2406,250000,Foreign_Investor,448208
2025-05-05,2406,0,Foreign_Dealer_Self,0
2025-05-05,2406,0,Investment_Trust,0
2025-05-05,2406,0,Dealer_self,7475
2025-05-05,2406,0,Dealer_Hedging,0
2025-05-06,2406,353002,Foreign_Investor,185000
2025-05-06,2406,0,Foreign_Dealer_Self,0
2025-05-06,2406,0,Investment_Trust,0
2025-05-06,2406,4000,Dealer_self,7000
2025-05-06,2406,0,Dealer_Hedging,0
2025-05-07,2406,84392,Foreign_Investor,110002
2025-05-07,2406,0,Foreign_Dealer_Self,0
2025-05-07,2406,0,Investment_Trust,0
2025-05-07,2406,1000,Dealer_self,8000
2025-05-07,2406,0,Dealer_Hedging,0
2025-05-08,2406,363000,Foreign_Investor,91392
2025-05-08,2406,0,Foreign_Dealer_Self,0
2025-05-08,2406,0,Investment_Trust,0
2025-05-08,2406,36000,Dealer_self,0
2025-05-08,2406,0,Dealer_Hedging,0
2025-05-09,2406,200000,Foreign_Investor,194000
2025-05-09,2406,0,Foreign_Dealer_Self,0
2025-05-09,2406,0,Investment_Trust,0
2025-05-09,2406,52000,Dealer_self,0
2025-05-09,2406,0,Dealer_Hedging,0
2025-05-12,2406,406139,Foreign_Investor,88000
2025-05-12,2406,0,Foreign_Dealer_Self,0
2025-05-12,2406,0,Investment_Trust,0
2025-05-12,2406,49000,Dealer_self,0
2025-05-12,2406,0,Dealer_Hedging,0
2025-05-13,2406,413000,Foreign_Investor,330139
2025-05-13,2406,0,Foreign_Dealer_Self,0
2025-05-13,2406,0,Investment_Trust,0
2025-05-13,2406,35000,Dealer_self,3000
2025-05-13,2406,0,Dealer_Hedging,0
2025-05-14,2406,561750,Foreign_Investor,421000
2025-05-14,2406,0,Foreign_Dealer_Self,0
2025-05-14,2406,0,Investment_Trust,0
2025-05-14,2406,49000,Dealer_self,3000
2025-05-14,2406,0,Dealer_Hedging,0
2025-05-15,2406,39000,Foreign_Investor,381000
2025-05-15,2406,0,Foreign_Dealer_Self,0
2025-05-15,2406,0,Investment_Trust,0
2025-05-15,2406,1000,Dealer_self,0
2025-05-15,2406,0,Dealer_Hedging,0
2025-05-16,2406,998500,Foreign_Investor,378000
2025-05-16,2406,0,Foreign_Dealer_Self,0
2025-05-16,2406,0,Investment_Trust,0
2025-05-16,2406,331000,Dealer_self,0
2025-05-16,2406,0,Dealer_Hedging,0
2025-05-19,2406,714979,Foreign_Investor,1306000
2025-05-19,2406,0,Foreign_Dealer_Self,0
2025-05-19,2406,0,Investment_Trust,0
2025-05-19,2406,1035,Dealer_self,5000
2025-05-19,2406,0,Dealer_Hedging,0
2025-05-20,2406,201922,Foreign_Investor,425979
2025-05-20,2406,0,Foreign_Dealer_Self,0
2025-05-20,2406,0,Investment_Trust,0
2025-05-20,2406,5000,Dealer_self,3014
2025-05-20,2406,0,Dealer_Hedging,0
2025-05-21,2406,1399793,Foreign_Investor,2451922
2025-05-21,2406,0,Foreign_Dealer_Self,0
2025-05-21,2406,0,Investment_Trust,0
2025-05-21,2406,2501,Dealer_self,21
2025-05-21,2406,0,Dealer_Hedging,0
2025-05-22,2406,781477,Foreign_Investor,792693
2025-05-22,2406,0,Foreign_Dealer_Self,0
2025-05-22,2406,0,Investment_Trust,0
2025-05-22,2406,4000,Dealer_self,35719
2025-05-22,2406,0,Dealer_Hedging,0
2025-05-23,2406,481594,Foreign_Investor,430477
2025-05-23,2406,0,Foreign_Dealer_Self,0
2025-05-23,2406,0,Investment_Trust,0
2025-05-23,2406,3000,Dealer_self,6782
2025-05-23,2406,0,Dealer_Hedging,0
2025-05-26,2406,298643,Foreign_Investor,877594
2025-05-26,2406,0,Foreign_Dealer_Self,0
2025-05-26,2406,0,Investment_Trust,0
2025-05-26,2406,3000,Dealer_self,14000
2025-05-26,2406,0,Dealer_Hedging,0
2025-05-27,2406,146303,Foreign_Investor,439243
2025-05-27,2406,0,Foreign_Dealer_Self,0
2025-05-27,2406,0,Investment_Trust,0
2025-05-27,2406,3000,Dealer_self,25000
2025-05-27,2406,0,Dealer_Hedging,0
2025-05-28,2406,198003,Foreign_Investor,308679
2025-05-28,2406,0,Foreign_Dealer_Self,0
2025-05-28,2406,0,Investment_Trust,0
2025-05-28,2406,0,Dealer_self,3926
2025-05-28,2406,0,Dealer_Hedging,0
2025-05-29,2406,63110,Foreign_Investor,155003
2025-05-29,2406,0,Foreign_Dealer_Self,0
2025-05-29,2406,0,Investment_Trust,0
2025-05-29,2406,10000,Dealer_self,1145
2025-05-29,2406,0,Dealer_Hedging,0
2025-06-02,2406,149000,Foreign_Investor,266110
2025-06-02,2406,0,Foreign_Dealer_Self,0
2025-06-02,2406,0,Investment_Trust,0
2025-06-02,2406,3000,Dealer_self,13086
2025-06-02,2406,0,Dealer_Hedging,0
2025-06-03,2406,137001,Foreign_Investor,255000
2025-06-03,2406,0,Foreign_Dealer_Self,0
2025-06-03,2406,0,Investment_Trust,0
2025-06-03,2406,5000,Dealer_self,22843
2025-06-03,2406,0,Dealer_Hedging,0
2025-06-04,2406,194277,Foreign_Investor,221001
2025-06-04,2406,0,Foreign_Dealer_Self,0
2025-06-04,2406,0,Investment_Trust,0
2025-06-04,2406,6000,Dealer_self,7005
2025-06-04,2406,0,Dealer_Hedging,0
2025-06-05,2406,125000,Foreign_Investor,302277
2025-06-05,2406,0,Foreign_Dealer_Self,0
2025-06-05,2406,0,Investment_Trust,0
2025-06-05,2406,0,Dealer_self,3003
2025-06-05,2406,0,Dealer_Hedging,0
2025-06-06,2406,222000,Foreign_Investor,169105
2025-06-06,2406,0,Foreign_Dealer_Self,0
2025-06-06,2406,0,Investment_Trust,0
2025-06-06,2406,0,Dealer_self,19006
2025-06-06,2406,0,Dealer_Hedging,0
2025-06-09,2406,236000,Foreign_Investor,355456
2025-06-09,2406,0,Foreign_Dealer_Self,0
2025-06-09,2406,0,Investment_Trust,0
2025-06-09,2406,4000,Dealer_self,203
2025-06-09,2406,0,Dealer_Hedging,0
2025-06-10,2406,377000,Foreign_Investor,288000
2025-06-10,2406,0,Foreign_Dealer_Self,0
2025-06-10,2406,0,Investment_Trust,0
2025-06-10,2406,22000,Dealer_self,6193
2025-06-10,2406,0,Dealer_Hedging,0
2025-06-11,2406,338000,Foreign_Investor,171796
2025-06-11,2406,0,Foreign_Dealer_Self,0
2025-06-11,2406,0,Investment_Trust,0
2025-06-11,2406,4000,Dealer_self,5914
2025-06-11,2406,0,Dealer_Hedging,0
2025-06-12,2406,108000,Foreign_Investor,186000
2025-06-12,2406,0,Foreign_Dealer_Self,0
2025-06-12,2406,0,Investment_Trust,0
2025-06-12,2406,1000,Dealer_self,732
2025-06-12,2406,0,Dealer_Hedging,0
2025-06-13,2406,222000,Foreign_Investor,411000
2025-06-13,2406,0,Foreign_Dealer_Self,0
2025-06-13,2406,0,Investment_Trust,0
2025-06-13,2406,5000,Dealer_self,91944
2025-06-13,2406,0,Dealer_Hedging,0
2025-06-16,2406,497000,Foreign_Investor,119000
2025-06-16,2406,0,Foreign_Dealer_Self,0
2025-06-16,2406,0,Investment_Trust,0
2025-06-16,2406,4000,Dealer_self,54563
2025-06-16,2406,0,Dealer_Hedging,0
2025-06-17,2406,229000,Foreign_Investor,130464
2025-06-17,2406,0,Foreign_Dealer_Self,0
2025-06-17,2406,0,Investment_Trust,0
2025-06-17,2406,40000,Dealer_self,2006
2025-06-17,2406,0,Dealer_Hedging,0
2025-06-18,2406,323000,Foreign_Investor,100000
2025-06-18,2406,0,Foreign_Dealer_Self,0
2025-06-18,2406,0,Investment_Trust,0
2025-06-18,2406,38000,Dealer_self,38002
2025-06-18,2406,0,Dealer_Hedging,0
2025-06-19,2406,198000,Foreign_Investor,260000
2025-06-19,2406,0,Foreign_Dealer_Self,0
2025-06-19,2406,0,Investment_Trust,0
2025-06-19,2406,6000,Dealer_self,3026
2025-06-19,2406,0,Dealer_Hedging,0
2025-06-20,2406,412000,Foreign_Investor,577894
2025-06-20,2406,0,Foreign_Dealer_Self,0
2025-06-20,2406,0,Investment_Trust,0
2025-06-20,2406,4000,Dealer_self,5644
2025-06-20,2406,0,Dealer_Hedging,0
2025-06-23,2406,286000,Foreign_Investor,194000
2025-06-23,2406,0,Foreign_Dealer_Self,0
2025-06-23,2406,0,Investment_Trust,0
2025-06-23,2406,0,Dealer_self,8001
2025-06-23,2406,0,Dealer_Hedging,0
2025-06-24,2406,433000,Foreign_Investor,144000
2025-06-24,2406,0,Foreign_Dealer_Self,0
2025-06-24,2406,0,Investment_Trust,0
2025-06-24,2406,22000,Dealer_self,2098
2025-06-24,2406,0,Dealer_Hedging,0
2025-06-25,2406,262000,Foreign_Investor,101000
2025-06-25,2406,0,Foreign_Dealer_Self,0
2025-06-25,2406,0,Investment_Trust,0
2025-06-25,2406,0,Dealer_self,1001
2025-06-25,2406,0,Dealer_Hedging,0
2025-06-26,2406,433000,Foreign_Investor,76682
2025-06-26,2406,0,Foreign_Dealer_Self,0
2025-06-26,2406,0,Investment_Trust,0
2025-06-26,2406,0,Dealer_self,21000
2025-06-26,2406,0,Dealer_Hedging,0
2025-06-27,2406,349800,Foreign_Investor,106000
2025-06-27,2406,0,Foreign_Dealer_Self,0
2025-06-27,2406,0,Investment_Trust,0
2025-06-27,2406,0,Dealer_self,66002
2025-06-27,2406,0,Dealer_Hedging,0
2025-06-30,2406,156000,Foreign_Investor,190000
2025-06-30,2406,0,Foreign_Dealer_Self,0
2025-06-30,2406,0,Investment_Trust,0
2025-06-30,2406,4000,Dealer_self,14820
2025-06-30,2406,0,Dealer_Hedging,0
2025-07-01,2406,429000,Foreign_Investor,323000
2025-07-01,2406,0,Foreign_Dealer_Self,0
2025-07-01,2406,0,Investment_Trust,0
2025-07-01,2406,6000,Dealer_self,821
2025-07-01,2406,0,Dealer_Hedging,0
2025-07-02,2406,135000,Foreign_Investor,169000
2025-07-02,2406,0,Foreign_Dealer_Self,0
2025-07-02,2406,0,Investment_Trust,0
2025-07-02,2406,0,Dealer_self,4000
2025-07-02,2406,0,Dealer_Hedging,0
2025-07-03,2406,420000,Foreign_Investor,111000
2025-07-03,2406,0,Foreign_Dealer_Self,0
2025-07-03,2406,0,Investment_Trust,0
2025-07-03,2406,3000,Dealer_self,7001
2025-07-03,2406,0,Dealer_Hedging,0
2025-07-04,2406,141000,Foreign_Investor,153000
2025-07-04,2406,0,Foreign_Dealer_Self,0
2025-07-04,2406,0,Investment_Trust,0
2025-07-04,2406,3000,Dealer_self,2532
2025-07-04,2406,0,Dealer_Hedging,0
2025-07-07,2406,334000,Foreign_Investor,464000
2025-07-07,2406,0,Foreign_Dealer_Self,0
2025-07-07,2406,0,Investment_Trust,0
2025-07-07,2406,4000,Dealer_self,2406
2025-07-07,2406,0,Dealer_Hedging,0
2025-07-08,2406,169000,Foreign_Investor,226000
2025-07-08,2406,0,Foreign_Dealer_Self,0
2025-07-08,2406,0,Investment_Trust,0
2025-07-08,2406,4000,Dealer_self,33936
2025-07-08,2406,0,Dealer_Hedging,0
2025-07-09,2406,196000,Foreign_Investor,169000
2025-07-09,2406,0,Foreign_Dealer_Self,0
2025-07-09,2406,0,Investment_Trust,0
2025-07-09,2406,0,Dealer_self,5
2025-07-09,2406,0,Dealer_Hedging,0
2025-07-10,2406,271000,Foreign_Investor,1181000
2025-07-10,2406,0,Foreign_Dealer_Self,0
2025-07-10,2406,0,Investment_Trust,0
2025-07-10,2406,3000,Dealer_self,52160
2025-07-10,2406,0,Dealer_Hedging,0
2025-07-11,2406,756306,Foreign_Investor,273000
2025-07-11,2406,0,Foreign_Dealer_Self,0
2025-07-11,2406,0,Investment_Trust,0
2025-07-11,2406,1000,Dealer_self,30001
2025-07-11,2406,0,Dealer_Hedging,0
2025-07-14,2406,453000,Foreign_Investor,381000
2025-07-14,2406,0,Foreign_Dealer_Self,0
2025-07-14,2406,0,Investment_Trust,0
2025-07-14,2406,2000,Dealer_self,27004
2025-07-14,2406,0,Dealer_Hedging,0
2025-07-15,2406,207000,Foreign_Investor,301000
2025-07-15,2406,0,Foreign_Dealer_Self,0
2025-07-15,2406,0,Investment_Trust,0
2025-07-15,2406,21000,Dealer_self,3001
2025-07-15,2406,0,Dealer_Hedging,0
2025-07-16,2406,257000,Foreign_Investor,155000
2025-07-16,2406,0,Foreign_Dealer_Self,0
2025-07-16,2406,0,Investment_Trust,0
2025-07-16,2406,8000,Dealer_self,3000
2025-07-16,2406,0,Dealer_Hedging,0
2025-07-17,2406,1359619,Foreign_Investor,1391000
2025-07-17,2406,0,Foreign_Dealer_Self,0
2025-07-17,2406,0,Investment_Trust,0
2025-07-17,2406,37287,Dealer_self,1187
2025-07-17,2406,0,Dealer_Hedging,0
2025-07-18,2406,431000,Foreign_Investor,691000
2025-07-18,2406,0,Foreign_Dealer_Self,0
2025-07-18,2406,0,Investment_Trust,0
2025-07-18,2406,5000,Dealer_self,10
2025-07-18,2406,0,Dealer_Hedging,0
2025-07-21,2406,132000,Foreign_Investor,255000
2025-07-21,2406,0,Foreign_Dealer_Self,0
2025-07-21,2406,0,Investment_Trust,0
2025-07-21,2406,0,Dealer_self,1
2025-07-21,2406,0,Dealer_Hedging,0
2025-07-22,2406,401000,Foreign_Investor,489000
2025-07-22,2406,0,Foreign_Dealer_Self,0
2025-07-22,2406,0,Investment_Trust,0
2025-07-22,2406,2000,Dealer_self,4
2025-07-22,2406,0,Dealer_Hedging,0
2025-07-23,2406,483000,Foreign_Investor,113000
2025-07-23,2406,0,Foreign_Dealer_Self,0
2025-07-23,2406,0,Investment_Trust,0
2025-07-23,2406,22000,Dealer_self,0
2025-07-23,2406,0,Dealer_Hedging,0
2025-07-24,2406,215000,Foreign_Investor,133000
2025-07-24,2406,0,Foreign_Dealer_Self,0
2025-07-24,2406,0,Investment_Trust,0
2025-07-24,2406,0,Dealer_self,1
2025-07-24,2406,0,Dealer_Hedging,0
2025-07-25,2406,690000,Foreign_Investor,312000
2025-07-25,2406,0,Foreign_Dealer_Self,0
2025-07-25,2406,0,Investment_Trust,0
2025-07-25,2406,13,Dealer_self,3000
2025-07-25,2406,0,Dealer_Hedging,0
2025-07-28,2406,478000,Foreign_Investor,277000
2025-07-28,2406,0,Foreign_Dealer_Self,0
2025-07-28,2406,0,Investment_Trust,0
2025-07-28,2406,0,Dealer_self,2
2025-07-28,2406,0,Dealer_Hedging,0
2025-07-29,2406,202000,Foreign_Investor,396000
2025-07-29,2406,0,Foreign_Dealer_Self,0
2025-07-29,2406,0,Investment_Trust,0
2025-07-29,2406,3000,Dealer_self,288
2025-07-29,2406,0,Dealer_Hedging,0
2025-07-30,2406,416000,Foreign_Investor,131000
2025-07-30,2406,0,Foreign_Dealer_Self,0
2025-07-30,2406,0,Investment_Trust,0
2025-07-30,2406,0,Dealer_self,0
2025-07-30,2406,0,Dealer_Hedging,0
2025-07-31,2406,299000,Foreign_Investor,431000
2025-07-31,2406,0,Foreign_Dealer_Self,0
2025-07-31,2406,0,Investment_Trust,0
2025-07-31,2406,7000,Dealer_self,2261
2025-07-31,2406,0,Dealer_Hedging,0
2025-08-01,2406,1102000,Foreign_Investor,1481000
2025-08-01,2406,0,Foreign_Dealer_Self,0
2025-08-01,2406,0,Investment_Trust,0
2025-08-01,2406,7976,Dealer_self,12000
2025-08-01,2406,0,Dealer_Hedging,0
2025-08-04,2406,1486000,Foreign_Investor,3409000
2025-08-04,2406,0,Foreign_Dealer_Self,0
2025-08-04,2406,0,Investment_Trust,0
2025-08-04,2406,15623,Dealer_self,18189
2025-08-04,2406,0,Dealer_Hedging,0
2025-08-05,2406,2179000,Foreign_Investor,2384000
2025-08-05,2406,0,Foreign_Dealer_Self,0
2025-08-05,2406,0,Investment_Trust,0
2025-08-05,2406,3000,Dealer_self,14932
2025-08-05,2406,0,Dealer_Hedging,0
2025-08-06,2406,0,Foreign_Investor,36000
2025-08-06,2406,0,Foreign_Dealer_Self,0
2025-08-06,2406,0,Investment_Trust,0
2025-08-06,2406,2997,Dealer_self,0
2025-08-06,2406,0,Dealer_Hedging,0
2025-08-07,2406,35000,Foreign_Investor,96000
2025-08-07,2406,0,Foreign_Dealer_Self,0
2025-08-07,2406,0,Investment_Trust,0
2025-08-07,2406,995994,Dealer_self,1000
2025-08-07,2406,0,Dealer_Hedging,0
2025-08-08,2406,5341000,Foreign_Investor,3732000
2025-08-08,2406,0,Foreign_Dealer_Self,0
2025-08-08,2406,0,Investment_Trust,0
2025-08-08,2406,63791,Dealer_self,1002603
2025-08-08,2406,0,Dealer_Hedging,0
2025-08-11,2406,5705000,Foreign_Investor,5717000
2025-08-11,2406,0,Foreign_Dealer_Self,0
2025-08-11,2406,0,Investment_Trust,0
2025-08-11,2406,40481,Dealer_self,60103
2025-08-11,2406,0,Dealer_Hedging,0
2025-08-12,2406,694000,Foreign_Investor,1073000
2025-08-12,2406,0,Foreign_Dealer_Self,0
2025-08-12,2406,0,Investment_Trust,0
2025-08-12,2406,172809,Dealer_self,32000
2025-08-12,2406,0,Dealer_Hedging,0
2025-08-13,2406,697000,Foreign_Investor,426000
2025-08-13,2406,0,Foreign_Dealer_Self,0
2025-08-13,2406,0,Investment_Trust,0
2025-08-13,2406,12735,Dealer_self,20000
2025-08-13,2406,15000,Dealer_Hedging,0
2025-08-14,2406,1710000,Foreign_Investor,18000
2025-08-14,2406,0,Foreign_Dealer_Self,0
2025-08-14,2406,0,Investment_Trust,0
2025-08-14,2406,3009,Dealer_self,53000
2025-08-14,2406,204000,Dealer_Hedging,0
2025-08-15,2406,1994000,Foreign_Investor,108000
2025-08-15,2406,0,Foreign_Dealer_Self,0
2025-08-15,2406,0,Investment_Trust,0
2025-08-15,2406,4000,Dealer_self,1000
2025-08-15,2406,0,Dealer_Hedging,0
2025-08-18,2406,1394000,Foreign_Investor,474400
2025-08-18,2406,0,Foreign_Dealer_Self,0
2025-08-18,2406,0,Investment_Trust,0
2025-08-18,2406,27302,Dealer_self,0
2025-08-18,2406,31000,Dealer_Hedging,0
2025-08-19,2406,1428578,Foreign_Investor,383000
2025-08-19,2406,0,Foreign_Dealer_Self,0
2025-08-19,2406,0,Investment_Trust,0
2025-08-19,2406,24000,Dealer_self,6000
2025-08-19,2406,0,Dealer_Hedging,50000
2025-08-20,2406,1195000,Foreign_Investor,30501
2025-08-20,2406,0,Foreign_Dealer_Self,0
2025-08-20,2406,0,Investment_Trust,0
2025-08-20,2406,7000,Dealer_self,17000
2025-08-20,2406,33000,Dealer_Hedging,0
2025-08-21,2406,858000,Foreign_Investor,118000
2025-08-21,2406,0,Foreign_Dealer_Self,0
2025-08-21,2406,0,Investment_Trust,0
2025-08-21,2406,75000,Dealer_self,0
2025-08-21,2406,0,Dealer_Hedging,133000
2025-08-22,2406,715000,Foreign_Investor,187500
2025-08-22,2406,0,Foreign_Dealer_Self,0
2025-08-22,2406,0,Investment_Trust,0
2025-08-22,2406,14000,Dealer_self,1000
2025-08-22,2406,0,Dealer_Hedging,4000
2025-08-25,2406,448000,Foreign_Investor,556100
2025-08-25,2406,0,Foreign_Dealer_Self,0
2025-08-25,2406,0,Investment_Trust,0
2025-08-25,2406,15000,Dealer_self,0
2025-08-25,2406,0,Dealer_Hedging,73000
2025-08-26,2406,2457000,Foreign_Investor,5431000
2025-08-26,2406,0,Foreign_Dealer_Self,0
2025-08-26,2406,0,Investment_Trust,0
2025-08-26,2406,37000,Dealer_self,148481
2025-08-26,2406,0,Dealer_Hedging,0
2025-08-27,2406,4295000,Foreign_Investor,2854000
2025-08-27,2406,0,Foreign_Dealer_Self,0
2025-08-27,2406,0,Investment_Trust,0
2025-08-27,2406,77467,Dealer_self,10000
2025-08-27,2406,0,Dealer_Hedging,0
2025-08-28,2406,818000,Foreign_Investor,1619000
2025-08-28,2406,0,Foreign_Dealer_Self,0
2025-08-28,2406,0,Investment_Trust,0
2025-08-28,2406,62562,Dealer_self,8000
2025-08-28,2406,0,Dealer_Hedging,0
2025-08-29,2406,3792400,Foreign_Investor,8283000
2025-08-29,2406,0,Foreign_Dealer_Self,0
2025-08-29,2406,0,Investment_Trust,0
2025-08-29,2406,96000,Dealer_self,293562
2025-08-29,2406,0,Dealer_Hedging,0
2025-09-01,2406,2386000,Foreign_Investor,3024000
2025-09-01,2406,0,Foreign_Dealer_Self,0
2025-09-01,2406,0,Investment_Trust,0
2025-09-01,2406,2000,Dealer_self,8121
2025-09-01,2406,0,Dealer_Hedging,0
2025-09-02,2406,4848000,Foreign_Investor,2068000
2025-09-02,2406,0,Foreign_Dealer_Self,0
2025-09-02,2406,0,Investment_Trust,0
2025-09-02,2406,8000,Dealer_self,91879
2025-09-02,2406,25000,Dealer_Hedging,0
2025-09-03,2406,1446000,Foreign_Investor,2125000
2025-09-03,2406,0,Foreign_Dealer_Self,0
2025-09-03,2406,0,Investment_Trust,0
2025-09-03,2406,6000,Dealer_self,2077
2025-09-03,2406,0,Dealer_Hedging,0
2025-09-04,2406,1543100,Foreign_Investor,1907520
2025-09-04,2406,0,Foreign_Dealer_Self,0
2025-09-04,2406,0,Investment_Trust,0
2025-09-04,2406,13000,Dealer_self,15858
2025-09-04,2406,0,Dealer_Hedging,0
2025-09-05,2406,1466000,Foreign_Investor,834000
2025-09-05,2406,0,Foreign_Dealer_Self,0
2025-09-05,2406,0,Investment_Trust,0
2025-09-05,2406,6000,Dealer_self,70
2025-09-05,2406,0,Dealer_Hedging,0
2025-09-08,2406,3015000,Foreign_Investor,2490879
2025-09-08,2406,0,Foreign_Dealer_Self,0
2025-09-08,2406,0,Investment_Trust,0
2025-09-08,2406,5754,Dealer_self,8636
2025-09-08,2406,0,Dealer_Hedging,0
2025-09-09,2406,2739000,Foreign_Investor,3840000
2025-09-09,2406,0,Foreign_Dealer_Self,0
2025-09-09,2406,0,Investment_Trust,0
2025-09-09,2406,100025,Dealer_self,7771
2025-09-09,2406,0,Dealer_Hedging,0
2025-09-10,2406,1608000,Foreign_Investor,5411000
2025-09-10,2406,0,Foreign_Dealer_Self,0
2025-09-10,2406,0,Investment_Trust,0
2025-09-10,2406,11000,Dealer_self,96786
2025-09-10,2406,0,Dealer_Hedging,0
2025-09-11,2406,2535000,Foreign_Investor,1528000
2025-09-11,2406,0,Foreign_Dealer_Self,0
2025-09-11,2406,0,Investment_Trust,0
2025-09-11,2406,26000,Dealer_self,31530
2025-09-11,2406,0,Dealer_Hedging,0
2025-09-12,2406,1944000,Foreign_Investor,1516000
2025-09-12,2406,0,Foreign_Dealer_Self,0
2025-09-12,2406,0,Investment_Trust,0
2025-09-12,2406,7000,Dealer_self,1829
2025-09-12,2406,0,Dealer_Hedging,0
2025-09-15,2406,3118000,Foreign_Investor,4696000
2025-09-15,2406,0,Foreign_Dealer_Self,0
2025-09-15,2406,0,Investment_Trust,0
2025-09-15,2406,52000,Dealer_self,14001
2025-09-15,2406,0,Dealer_Hedging,0
2025-09-16,2406,1312983,Foreign_Investor,1888000
2025-09-16,2406,0,Foreign_Dealer_Self,0
2025-09-16,2406,0,Investment_Trust,0
2025-09-16,2406,1000,Dealer_self,868
2025-09-16,2406,0,Dealer_Hedging,0
2025-09-17,2406,2768000,Foreign_Investor,1593750
2025-09-17,2406,0,Foreign_Dealer_Self,0
2025-09-17,2406,0,Investment_Trust,0
2025-09-17,2406,6000,Dealer_self,49300
2025-09-17,2406,0,Dealer_Hedging,0
2025-09-18,2406,6055000,Foreign_Investor,4585100
2025-09-18,2406,0,Foreign_Dealer_Self,0
2025-09-18,2406,0,Investment_Trust,0
2025-09-18,2406,10000,Dealer_self,63904
2025-09-18,2406,0,Dealer_Hedging,0
2025-09-19,2406,1228976,Foreign_Investor,2937000
2025-09-19,2406,0,Foreign_Dealer_Self,0
2025-09-19,2406,0,Investment_Trust,0
2025-09-19,2406,10000,Dealer_self,6752
2025-09-19,2406,0,Dealer_Hedging,0
2025-09-22,2406,2135000,Foreign_Investor,1031000
2025-09-22,2406,0,Foreign_Dealer_Self,0
2025-09-22,2406,0,Investment_Trust,0
2025-09-22,2406,2000,Dealer_self,0
2025-09-22,2406,0,Dealer_Hedging,0
2025-09-23,2406,2215000,Foreign_Investor,1472000
2025-09-23,2406,0,Foreign_Dealer_Self,0
2025-09-23,2406,0,Investment_Trust,0
2025-09-23,2406,1000,Dealer_self,6542
2025-09-23,2406,0,Dealer_Hedging,0
2025-09-24,2406,1530000,Foreign_Investor,1075000
2025-09-24,2406,0,Foreign_Dealer_Self,0
2025-09-24,2406,0,Investment_Trust,0
2025-09-24,2406,6000,Dealer_self,3441
2025-09-24,2406,0,Dealer_Hedging,0
2025-09-25,2406,1170000,Foreign_Investor,1019000
2025-09-25,2406,0,Foreign_Dealer_Self,0
2025-09-25,2406,0,Investment_Trust,0
2025-09-25,2406,7000,Dealer_self,1000
2025-09-25,2406,0,Dealer_Hedging,0
2025-09-26,2406,1946000,Foreign_Investor,1043000
2025-09-26,2406,0,Foreign_Dealer_Self,0
2025-09-26,2406,0,Investment_Trust,0
2025-09-26,2406,8000,Dealer_self,2846
2025-09-26,2406,25000,Dealer_Hedging,0
2025-09-30,2406,965000,Foreign_Investor,1166001
2025-09-30,2406,0,Foreign_Dealer_Self,0
2025-09-30,2406,0,Investment_Trust,0
2025-09-30,2406,10000,Dealer_self,195
2025-09-30,2406,0,Dealer_Hedging,0
2025-10-01,2406,634000,Foreign_Investor,627000
2025-10-01,2406,0,Foreign_Dealer_Self,0
2025-10-01,2406,0,Investment_Trust,0
2025-10-01,2406,4000,Dealer_self,6150
2025-10-01,2406,0,Dealer_Hedging,0
2025-10-02,2406,1428000,Foreign_Investor,877000
2025-10-02,2406,0,Foreign_Dealer_Self,0
2025-10-02,2406,0,Investment_Trust,0
2025-10-02,2406,5000,Dealer_self,3444
2025-10-02,2406,0,Dealer_Hedging,0
2025-10-03,2406,762000,Foreign_Investor,457000
2025-10-03,2406,0,Foreign_Dealer_Self,0
2025-10-03,2406,0,Investment_Trust,0
2025-10-03,2406,2000,Dealer_self,3301
2025-10-03,2406,0,Dealer_Hedging,0
2025-10-07,2406,1232000,Foreign_Investor,1121000
2025-10-07,2406,0,Foreign_Dealer_Self,0
2025-10-07,2406,0,Investment_Trust,0
2025-10-07,2406,15065,Dealer_self,0
2025-10-07,2406,0,Dealer_Hedging,25000
2025-10-08,2406,1298000,Foreign_Investor,786000
2025-10-08,2406,0,Foreign_Dealer_Self,0
2025-10-08,2406,0,Investment_Trust,0
2025-10-08,2406,3000,Dealer_self,9675
2025-10-08,2406,0,Dealer_Hedging,0
2025-10-09,2406,757000,Foreign_Investor,831100
2025-10-09,2406,0,Foreign_Dealer_Self,0
2025-10-09,2406,0,Investment_Trust,0
2025-10-09,2406,1000,Dealer_self,1064
2025-10-09,2406,0,Dealer_Hedging,0
2025-10-13,2406,719000,Foreign_Investor,592000
2025-10-13,2406,0,Foreign_Dealer_Self,0
2025-10-13,2406,0,Investment_Trust,0
2025-10-13,2406,8000,Dealer_self,8964
2025-10-13,2406,0,Dealer_Hedging,0
2025-10-14,2406,1731000,Foreign_Investor,1760000
2025-10-14,2406,0,Foreign_Dealer_Self,0
2025-10-14,2406,0,Investment_Trust,0
2025-10-14,2406,10000,Dealer_self,10204
2025-10-14,2406,25000,Dealer_Hedging,0
2025-10-15,2406,1363000,Foreign_Investor,4296000
2025-10-15,2406,0,Foreign_Dealer_Self,0
2025-10-15,2406,0,Investment_Trust,0
2025-10-15,2406,4000,Dealer_self,18039
2025-10-15,2406,0,Dealer_Hedging,0
2025-10-16,2406,1557000,Foreign_Investor,652800
2025-10-16,2406,0,Foreign_Dealer_Self,0
2025-10-16,2406,0,Investment_Trust,0
2025-10-16,2406,8843,Dealer_self,6000
2025-10-16,2406,0,Dealer_Hedging,0
2025-10-17,2406,534000,Foreign_Investor,765000
2025-10-17,2406,0,Foreign_Dealer_Self,0
2025-10-17,2406,0,Investment_Trust,0
2025-10-17,2406,6451,Dealer_self,0
2025-10-17,2406,0,Dealer_Hedging,0
2025-10-20,2406,975000,Foreign_Investor,603000
2025-10-20,2406,0,Foreign_Dealer_Self,0
2025-10-20,2406,0,Investment_Trust,0
2025-10-20,2406,9000,Dealer_self,0
2025-10-20,2406,0,Dealer_Hedging,0
2025-10-21,2406,2899000,Foreign_Investor,2806000
2025-10-21,2406,0,Foreign_Dealer_Self,0
2025-10-21,2406,0,Investment_Trust,0
2025-10-21,2406,6752,Dealer_self,3000
2025-10-21,2406,0,Dealer_Hedging,0
2025-10-22,2406,615000,Foreign_Investor,3261000
2025-10-22,2406,0,Foreign_Dealer_Self,0
2025-10-22,2406,0,Investment_Trust,0
2025-10-22,2406,30054,Dealer_self,61
2025-10-22,2406,0,Dealer_Hedging,0
2025-10-23,2406,936000,Foreign_Investor,458000
2025-10-23,2406,0,Foreign_Dealer_Self,0
2025-10-23,2406,0,Investment_Trust,0
2025-10-23,2406,4428,Dealer_self,0
2025-10-23,2406,0,Dealer_Hedging,0
2025-10-27,2406,1148000,Foreign_Investor,618000
2025-10-27,2406,0,Foreign_Dealer_Self,0
2025-10-27,2406,0,Investment_Trust,0
2025-10-27,2406,29138,Dealer_self,0
2025-10-27,2406,0,Dealer_Hedging,0
2025-10-28,2406,959000,Foreign_Investor,563000
2025-10-28,2406,0,Foreign_Dealer_Self,0
2025-10-28,2406,0,Investment_Trust,0
2025-10-28,2406,3000,Dealer_self,4000
2025-10-28,2406,0,Dealer_Hedging,0
2025-10-29,2406,747665,Foreign_Investor,1204000
2025-10-29,2406,0,Foreign_Dealer_Self,0
2025-10-29,2406,0,Investment_Trust,0
2025-10-29,2406,4044,Dealer_self,0
2025-10-29,2406,0,Dealer_Hedging,0
2025-10-30,2406,938000,Foreign_Investor,611000
2025-10-30,2406,0,Foreign_Dealer_Self,0
2025-10-30,2406,0,Investment_Trust,0
2025-10-30,2406,6000,Dealer_self,0
2025-10-30,2406,0,Dealer_Hedging,0
2025-10-31,2406,351000,Foreign_Investor,510000
2025-10-31,2406,0,Foreign_Dealer_Self,0
2025-10-31,2406,0,Investment_Trust,0
2025-10-31,2406,9000,Dealer_self,0
2025-10-31,2406,0,Dealer_Hedging,0
2025-11-03,2406,847000,Foreign_Investor,382000
2025-11-03,2406,0,Foreign_Dealer_Self,0
2025-11-03,2406,0,Investment_Trust,0
2025-11-03,2406,4000,Dealer_self,7000
2025-11-03,2406,0,Dealer_Hedging,0
2025-11-04,2406,1285000,Foreign_Investor,374000
2025-11-04,2406,0,Foreign_Dealer_Self,0
2025-11-04,2406,0,Investment_Trust,0
2025-11-04,2406,5000,Dealer_self,2002
2025-11-04,2406,0,Dealer_Hedging,0
2025-11-05,2406,834000,Foreign_Investor,497000
2025-11-05,2406,0,Foreign_Dealer_Self,0
2025-11-05,2406,0,Investment_Trust,0
2025-11-05,2406,0,Dealer_self,6014
2025-11-05,2406,0,Dealer_Hedging,0
2025-11-06,2406,432000,Foreign_Investor,284000
2025-11-06,2406,0,Foreign_Dealer_Self,0
2025-11-06,2406,0,Investment_Trust,0
2025-11-06,2406,7000,Dealer_self,0
2025-11-06,2406,0,Dealer_Hedging,0
2025-11-07,2406,423000,Foreign_Investor,409000
2025-11-07,2406,0,Foreign_Dealer_Self,0
2025-11-07,2406,0,Investment_Trust,0
2025-11-07,2406,0,Dealer_self,6001
2025-11-07,2406,0,Dealer_Hedging,0
2025-11-10,2406,612000,Foreign_Investor,143000
2025-11-10,2406,0,Foreign_Dealer_Self,0
2025-11-10,2406,0,Investment_Trust,0
2025-11-10,2406,6000,Dealer_self,4000
2025-11-10,2406,0,Dealer_Hedging,25000
2025-11-11,2406,1438000,Foreign_Investor,1330000
2025-11-11,2406,0,Foreign_Dealer_Self,0
2025-11-11,2406,0,Investment_Trust,0
2025-11-11,2406,3885,Dealer_self,0
2025-11-11,2406,0,Dealer_Hedging,0
2025-11-12,2406,2608001,Foreign_Investor,1789000
2025-11-12,2406,0,Foreign_Dealer_Self,0
2025-11-12,2406,0,Investment_Trust,0
2025-11-12,2406,5072,Dealer_self,1000
2025-11-12,2406,0,Dealer_Hedging,0
2025-11-13,2406,1137000,Foreign_Investor,1016000
2025-11-13,2406,0,Foreign_Dealer_Self,0
2025-11-13,2406,0,Investment_Trust,0
2025-11-13,2406,2000,Dealer_self,0
2025-11-13,2406,0,Dealer_Hedging,0
2025-11-14,2406,1412000,Foreign_Investor,398000
2025-11-14,2406,0,Foreign_Dealer_Self,0
2025-11-14,2406,0,Investment_Trust,0
2025-11-14,2406,5000,Dealer_self,0
2025-11-14,2406,0,Dealer_Hedging,0
2025-11-17,2406,2433274,Foreign_Investor,1560000
2025-11-17,2406,0,Foreign_Dealer_Self,0
2025-11-17,2406,0,Investment_Trust,0
2025-11-17,2406,1029,Dealer_self,7000
2025-11-17,2406,0,Dealer_Hedging,0
2025-11-18,2406,1496000,Foreign_Investor,1461000
2025-11-18,2406,0,Foreign_Dealer_Self,0
2025-11-18,2406,0,Investment_Trust,0
2025-11-18,2406,0,Dealer_self,8000
2025-11-18,2406,0,Dealer_Hedging,0
2025-11-19,2406,712000,Foreign_Investor,748000
2025-11-19,2406,0,Foreign_Dealer_Self,0
2025-11-19,2406,0,Investment_Trust,0
2025-11-19,2406,7000,Dealer_self,2000
2025-11-19,2406,0,Dealer_Hedging,0
2025-11-20,2406,1532000,Foreign_Investor,577000
2025-11-20,2406,0,Foreign_Dealer_Self,0
2025-11-20,2406,0,Investment_Trust,0
2025-11-20,2406,3000,Dealer_self,0
2025-11-20,2406,25000,Dealer_Hedging,0
2025-11-21,2406,859087,Foreign_Investor,1097000
2025-11-21,2406,0,Foreign_Dealer_Self,0
2025-11-21,2406,0,Investment_Trust,0
2025-11-21,2406,11000,Dealer_self,4000
2025-11-21,2406,0,Dealer_Hedging,0
2025-11-24,2406,973000,Foreign_Investor,960000
2025-11-24,2406,0,Foreign_Dealer_Self,0
2025-11-24,2406,0,Investment_Trust,0
2025-11-24,2406,15000,Dealer_self,2000
2025-11-24,2406,0,Dealer_Hedging,0
2025-11-25,2406,1070000,Foreign_Investor,808000
2025-11-25,2406,0,Foreign_Dealer_Self,0
2025-11-25,2406,0,Investment_Trust,0
2025-11-25,2406,0,Dealer_self,0
2025-11-25,2406,0,Dealer_Hedging,0
2025-11-26,2406,1708000,Foreign_Investor,1412000
2025-11-26,2406,0,Foreign_Dealer_Self,0
2025-11-26,2406,0,Investment_Trust,0
2025-11-26,2406,2000,Dealer_self,0
2025-11-26,2406,0,Dealer_Hedging,0
2025-11-27,2406,2974000,Foreign_Investor,4551000
2025-11-27,2406,0,Foreign_Dealer_Self,0
2025-11-27,2406,0,Investment_Trust,0
2025-11-27,2406,0,Dealer_self,4673
2025-11-27,2406,0,Dealer_Hedging,0
2025-11-28,2406,1281000,Foreign_Investor,2871000
2025-11-28,2406,0,Foreign_Dealer_Self,0
2025-11-28,2406,0,Investment_Trust,0
2025-11-28,2406,18000,Dealer_self,7974
2025-11-28,2406,0,Dealer_Hedging,0
2025-12-01,2406,1092000,Foreign_Investor,1164000
2025-12-01,2406,0,Foreign_Dealer_Self,0
2025-12-01,2406,0,Investment_Trust,0
2025-12-01,2406,2000,Dealer_self,5499
2025-12-01,2406,0,Dealer_Hedging,0
2025-12-02,2406,955000,Foreign_Investor,596000
2025-12-02,2406,0,Foreign_Dealer_Self,0
2025-12-02,2406,0,Investment_Trust,0
2025-12-02,2406,6000,Dealer_self,1898
2025-12-02,2406,0,Dealer_Hedging,0
2025-12-03,2406,2822000,Foreign_Investor,1347000
2025-12-03,2406,0,Foreign_Dealer_Self,0
2025-12-03,2406,0,Investment_Trust,0
2025-12-03,2406,1000,Dealer_self,1592
2025-12-03,2406,0,Dealer_Hedging,0
2025-12-04,2406,6036000,Foreign_Investor,2406000
2025-12-04,2406,0,Foreign_Dealer_Self,0
2025-12-04,2406,0,Investment_Trust,0
2025-12-04,2406,59316,Dealer_self,7000
2025-12-04,2406,0,Dealer_Hedging,0
2025-12-05,2406,8454000,Foreign_Investor,8487000
2025-12-05,2406,0,Foreign_Dealer_Self,0
2025-12-05,2406,0,Investment_Trust,0
2025-12-05,2406,17000,Dealer_self,70116
2025-12-05,2406,0,Dealer_Hedging,0
2025-12-08,2406,2141000,Foreign_Investor,3910000
2025-12-08,2406,0,Foreign_Dealer_Self,0
2025-12-08,2406,0,Investment_Trust,0
2025-12-08,2406,11000,Dealer_self,8321
2025-12-08,2406,0,Dealer_Hedging,0
2025-12-09,2406,2178000,Foreign_Investor,3861000
2025-12-09,2406,0,Foreign_Dealer_Self,0
2025-12-09,2406,0,Investment_Trust,0
2025-12-09,2406,5000,Dealer_self,8167
2025-12-09,2406,0,Dealer_Hedging,0
2025-12-10,2406,3694000,Foreign_Investor,4651000
2025-12-10,2406,0,Foreign_Dealer_Self,0
2025-12-10,2406,0,Investment_Trust,0
2025-12-10,2406,6056,Dealer_self,5474
2025-12-10,2406,0,Dealer_Hedging,0
2025-12-11,2406,2968000,Foreign_Investor,391000
2025-12-11,2406,0,Foreign_Dealer_Self,0
2025-12-11,2406,0,Investment_Trust,0
2025-12-11,2406,92439,Dealer_self,0
2025-12-11,2406,0,Dealer_Hedging,0
2025-12-12,2406,26652150,Foreign_Investor,14320000
2025-12-12,2406,0,Foreign_Dealer_Self,0
2025-12-12,2406,0,Investment_Trust,0
2025-12-12,2406,25303,Dealer_self,109139
2025-12-12,2406,0,Dealer_Hedging,0
2025-12-15,2406,7830000,Foreign_Investor,14603000
2025-12-15,2406,0,Foreign_Dealer_Self,0
2025-12-15,2406,0,Investment_Trust,0
2025-12-15,2406,2045,Dealer_self,137
2025-12-15,2406,0,Dealer_Hedging,0
2025-12-16,2406,10815000,Foreign_Investor,14585000
2025-12-16,2406,0,Foreign_Dealer_Self,0
2025-12-16,2406,0,Investment_Trust,0
2025-12-16,2406,18748,Dealer_self,18388
2025-12-16,2406,0,Dealer_Hedging,0
2025-12-17,2406,12661000,Foreign_Investor,11983000
2025-12-17,2406,0,Foreign_Dealer_Self,0
2025-12-17,2406,0,Investment_Trust,0
2025-12-17,2406,52000,Dealer_self,29184
2025-12-17,2406,0,Dealer_Hedging,0
2025-12-18,2406,4969000,Foreign_Investor,2870400
2025-12-18,2406,0,Foreign_Dealer_Self,0
2025-12-18,2406,0,Investment_Trust,0
2025-12-18,2406,11000,Dealer_self,2000
2025-12-18,2406,0,Dealer_Hedging,0
2025-12-19,2406,2655000,Foreign_Investor,4001000
2025-12-19,2406,0,Foreign_Dealer_Self,0
2025-12-19,2406,0,Investment_Trust,0
2025-12-19,2406,14000,Dealer_self,4451
2025-12-19,2406,0,Dealer_Hedging,0
2025-12-22,2406,5700000,Foreign_Investor,4353000
2025-12-22,2406,0,Foreign_Dealer_Self,0
2025-12-22,2406,0,Investment_Trust,0
2025-12-22,2406,223024,Dealer_self,8222
2025-12-22,2406,0,Dealer_Hedging,0
2025-12-23,2406,10847000,Foreign_Investor,12425000
2025-12-23,2406,0,Foreign_Dealer_Self,0
2025-12-23,2406,0,Investment_Trust,0
2025-12-23,2406,72132,Dealer_self,12187
2025-12-23,2406,0,Dealer_Hedging,0
2025-12-24,2406,3682000,Foreign_Investor,1980000
2025-12-24,2406,0,Foreign_Dealer_Self,0
2025-12-24,2406,0,Investment_Trust,0
2025-12-24,2406,2000,Dealer_self,272533
2025-12-24,2406,0,Dealer_Hedging,0
2025-12-26,2406,6930000,Foreign_Investor,3283000
2025-12-26,2406,0,Foreign_Dealer_Self,0
2025-12-26,2406,0,Investment_Trust,0
2025-12-26,2406,1000,Dealer_self,693
2025-12-26,2406,0,Dealer_Hedging,0
2025-12-29,2406,2465000,Foreign_Investor,8004000
2025-12-29,2406,0,Foreign_Dealer_Self,0
2025-12-29,2406,0,Investment_Trust,0
2025-12-29,2406,10000,Dealer_self,8824
2025-12-29,2406,0,Dealer_Hedging,0
2025-12-30,2406,3729000,Foreign_Investor,1795000
2025-12-30,2406,0,Foreign_Dealer_Self,0
2025-12-30,2406,0,Investment_Trust,0
2025-12-30,2406,0,Dealer_self,4000
2025-12-30,2406,0,Dealer_Hedging,0
2025-12-31,2406,1531000,Foreign_Investor,2096000
2025-12-31,2406,0,Foreign_Dealer_Self,0
2025-12-31,2406,0,Investment_Trust,0
2025-12-31,2406,9000,Dealer_self,6787
2025-12-31,2406,0,Dealer_Hedging,0
2026-01-02,2406,1441000,Foreign_Investor,1500000
2026-01-02,2406,0,Foreign_Dealer_Self,0
2026-01-02,2406,0,Investment_Trust,0
2026-01-02,2406,2000,Dealer_self,1495
2026-01-02,2406,0,Dealer_Hedging,0
2026-01-05,2406,3511001,Foreign_Investor,3668000
2026-01-05,2406,0,Foreign_Dealer_Self,0
2026-01-05,2406,0,Investment_Trust,0
2026-01-05,2406,7000,Dealer_self,13289
2026-01-05,2406,0,Dealer_Hedging,0
2026-01-06,2406,3108000,Foreign_Investor,3155000
2026-01-06,2406,0,Foreign_Dealer_Self,0
2026-01-06,2406,0,Investment_Trust,0
2026-01-06,2406,0,Dealer_self,4000
2026-01-06,2406,0,Dealer_Hedging,0
2026-01-07,2406,3696000,Foreign_Investor,5757000
2026-01-07,2406,0,Foreign_Dealer_Self,0
2026-01-07,2406,0,Investment_Trust,0
2026-01-07,2406,114000,Dealer_self,8397
2026-01-07,2406,0,Dealer_Hedging,0
2026-01-08,2406,4258000,Foreign_Investor,7286000
2026-01-08,2406,0,Foreign_Dealer_Self,0
2026-01-08,2406,0,Investment_Trust,0
2026-01-08,2406,19000,Dealer_self,122347
2026-01-08,2406,0,Dealer_Hedging,0
2026-01-09,2406,5635000,Foreign_Investor,2988000
2026-01-09,2406,0,Foreign_Dealer_Self,0
2026-01-09,2406,0,Investment_Trust,0
2026-01-09,2406,2000,Dealer_self,6837
2026-01-09,2406,0,Dealer_Hedging,0
2026-01-12,2406,2200000,Foreign_Investor,680000
2026-01-12,2406,0,Foreign_Dealer_Self,0
2026-01-12,2406,0,Investment_Trust,0
2026-01-12,2406,182995,Dealer_self,4000
2026-01-12,2406,0,Dealer_Hedging,0
2026-01-13,2406,28257050,Foreign_Investor,7929000
2026-01-13,2406,0,Foreign_Dealer_Self,0
2026-01-13,2406,0,Investment_Trust,0
2026-01-13,2406,690481,Dealer_self,635700
2026-01-13,2406,0,Dealer_Hedging,0
2026-01-14,2406,28921280,Foreign_Investor,26385000
2026-01-14,2406,0,Foreign_Dealer_Self,0
2026-01-14,2406,0,Investment_Trust,0
2026-01-14,2406,74330,Dealer_self,266700
2026-01-14,2406,0,Dealer_Hedging,0
2026-01-15,2406,11128060,Foreign_Investor,10272000
2026-01-15,2406,0,Foreign_Dealer_Self,0
2026-01-15,2406,0,Investment_Trust,0
2026-01-15,2406,19875,Dealer_self,18447
2026-01-15,2406,0,Dealer_Hedging,0
2026-01-16,2406,5111090,Foreign_Investor,12215671
2026-01-16,2406,0,Foreign_Dealer_Self,0
2026-01-16,2406,0,Investment_Trust,0
2026-01-16,2406,40422,Dealer_self,60447
2026-01-16,2406,0,Dealer_Hedging,0
2026-01-19,2406,9352050,Foreign_Investor,6246000
2026-01-19,2406,0,Foreign_Dealer_Self,0
2026-01-19,2406,0,Investment_Trust,0
2026-01-19,2406,10711,Dealer_self,16620
2026-01-19,2406,0,Dealer_Hedging,0
2026-01-20,2406,6994000,Foreign_Investor,7815000
2026-01-20,2406,0,Foreign_Dealer_Self,0
2026-01-20,2406,0,Investment_Trust,0
2026-01-20,2406,5558,Dealer_self,13203
2026-01-20,2406,0,Dealer_Hedging,0
2026-01-21,2406,5617050,Foreign_Investor,5955000
2026-01-21,2406,0,Foreign_Dealer_Self,0
2026-01-21,2406,0,Investment_Trust,0
2026-01-21,2406,6352,Dealer_self,15000
2026-01-21,2406,0,Dealer_Hedging,0
2026-01-22,2406,4212050,Foreign_Investor,7042607
2026-01-22,2406,0,Foreign_Dealer_Self,0
2026-01-22,2406,0,Investment_Trust,0
2026-01-22,2406,27064,Dealer_self,36678
2026-01-22,2406,0,Dealer_Hedging,0
2026-01-23,2406,5162000,Foreign_Investor,2820000
2026-01-23,2406,0,Foreign_Dealer_Self,0
2026-01-23,2406,0,Investment_Trust,0
2026-01-23,2406,2310,Dealer_self,3004
2026-01-23,2406,0,Dealer_Hedging,0
2026-01-26,2406,5116000,Foreign_Investor,5826000
2026-01-26,2406,0,Foreign_Dealer_Self,0
2026-01-26,2406,0,Investment_Trust,0
2026-01-26,2406,306,Dealer_self,86
2026-01-26,2406,0,Dealer_Hedging,0
2026-01-27,2406,2303000,Foreign_Investor,2919000
2026-01-27,2406,0,Foreign_Dealer_Self,0
2026-01-27,2406,0,Investment_Trust,0
2026-01-27,2406,10569,Dealer_self,4499
2026-01-27,2406,0,Dealer_Hedging,0
2026-01-28,2406,3450000,Foreign_Investor,5744000
2026-01-28,2406,0,Foreign_Dealer_Self,0
2026-01-28,2406,0,Investment_Trust,0
2026-01-28,2406,6000,Dealer_self,12686
2026-01-28,2406,0,Dealer_Hedging,0
2026-01-29,2406,5342150,Foreign_Investor,1706000
2026-01-29,2406,0,Foreign_Dealer_Self,0
2026-01-29,2406,0,Investment_Trust,0
2026-01-29,2406,6860,Dealer_self,5000
2026-01-29,2406,0,Dealer_Hedging,0
2026-01-30,2406,4246000,Foreign_Investor,2860000
2026-01-30,2406,0,Foreign_Dealer_Self,0
2026-01-30,2406,0,Investment_Trust,0
2026-01-30,2406,3132,Dealer_self,6032
2026-01-30,2406,0,Dealer_Hedging,0
2026-02-02,2406,5473000,Foreign_Investor,3465001
2026-02-02,2406,0,Foreign_Dealer_Self,0
2026-02-02,2406,0,Investment_Trust,0
2026-02-02,2406,4416,Dealer_self,13200
2026-02-02,2406,0,Dealer_Hedging,0
2026-02-03,2406,5004350,Foreign_Investor,5297000
2026-02-03,2406,0,Foreign_Dealer_Self,0
2026-02-03,2406,0,Investment_Trust,0
2026-02-03,2406,7946,Dealer_self,11000
2026-02-03,2406,0,Dealer_Hedging,0
2026-02-04,2406,8631000,Foreign_Investor,10257000
2026-02-04,2406,0,Foreign_Dealer_Self,0
2026-02-04,2406,0,Investment_Trust,0
2026-02-04,2406,108074,Dealer_self,70390
2026-02-04,2406,0,Dealer_Hedging,0
2026-02-05,2406,13188200,Foreign_Investor,15634100
2026-02-05,2406,0,Foreign_Dealer_Self,0
2026-02-05,2406,0,Investment_Trust,0
2026-02-05,2406,220401,Dealer_self,59724
2026-02-05,2406,0,Dealer_Hedging,0
2026-02-06,2406,14298508,Foreign_Investor,23794061
2026-02-06,2406,0,Foreign_Dealer_Self,0
2026-02-06,2406,0,Investment_Trust,0
2026-02-06,2406,50000,Dealer_self,258338
2026-02-06,2406,0,Dealer_Hedging,0
2026-02-09,2406,14978000,Foreign_Investor,20508500
2026-02-09,2406,0,Foreign_Dealer_Self,0
2026-02-09,2406,0,Investment_Trust,0
2026-02-09,2406,56181,Dealer_self,66230
2026-02-09,2406,0,Dealer_Hedging,0
2026-02-10,2406,3499030,Foreign_Investor,4079500
2026-02-10,2406,0,Foreign_Dealer_Self,0
2026-02-10,2406,0,Investment_Trust,0
2026-02-10,2406,11000,Dealer_self,6953
2026-02-10,2406,0,Dealer_Hedging,0
2026-02-11,2406,7015000,Foreign_Investor,6870339
2026-02-11,2406,0,Foreign_Dealer_Self,0
2026-02-11,2406,0,Investment_Trust,0
2026-02-11,2406,54095,Dealer_self,29574
2026-02-11,2406,0,Dealer_Hedging,0
2026-02-23,2406,6240000,Foreign_Investor,5383000
2026-02-23,2406,0,Foreign_Dealer_Self,0
2026-02-23,2406,0,Investment_Trust,0
2026-02-23,2406,33221,Dealer_self,25000
2026-02-23,2406,0,Dealer_Hedging,0
2026-02-24,2406,11473000,Foreign_Investor,7269000
2026-02-24,2406,0,Foreign_Dealer_Self,0
2026-02-24,2406,0,Investment_Trust,0
2026-02-24,2406,12295,Dealer_self,10879
2026-02-24,2406,0,Dealer_Hedging,0
2026-02-25,2406,8368000,Foreign_Investor,8087180
2026-02-25,2406,0,Foreign_Dealer_Self,0
2026-02-25,2406,0,Investment_Trust,0
2026-02-25,2406,18816,Dealer_self,7051
2026-02-25,2406,0,Dealer_Hedging,0
2026-02-26,2406,20289000,Foreign_Investor,10263330
2026-02-26,2406,0,Foreign_Dealer_Self,0
2026-02-26,2406,0,Investment_Trust,0
2026-02-26,2406,160111,Dealer_self,14294
2026-02-26,2406,0,Dealer_Hedging,0
2026-03-02,2406,22067000,Foreign_Investor,19393000
2026-03-02,2406,0,Foreign_Dealer_Self,0
2026-03-02,2406,0,Investment_Trust,0
2026-03-02,2406,158833,Dealer_self,213200
2026-03-02,2406,0,Dealer_Hedging,0
2026-03-03,2406,25640666,Foreign_Investor,35316000
2026-03-03,2406,0,Foreign_Dealer_Self,0
2026-03-03,2406,0,Investment_Trust,0
2026-03-03,2406,57000,Dealer_self,160956
2026-03-03,2406,0,Dealer_Hedging,0
2026-03-04,2406,8262000,Foreign_Investor,11914000
2026-03-04,2406,0,Foreign_Dealer_Self,0
2026-03-04,2406,0,Investment_Trust,0
2026-03-04,2406,42000,Dealer_self,56775
2026-03-04,2406,0,Dealer_Hedging,0
2026-03-05,2406,9703050,Foreign_Investor,14516000
2026-03-05,2406,0,Foreign_Dealer_Self,0
2026-03-05,2406,0,Investment_Trust,0
2026-03-05,2406,54000,Dealer_self,56225
2026-03-05,2406,0,Dealer_Hedging,0
2026-03-06,2406,17020000,Foreign_Investor,14640000
2026-03-06,2406,0,Foreign_Dealer_Self,0
2026-03-06,2406,0,Investment_Trust,0
2026-03-06,2406,33821,Dealer_self,62487
2026-03-06,2406,0,Dealer_Hedging,0
2026-03-09,2406,5490050,Foreign_Investor,6412000
2026-03-09,2406,0,Foreign_Dealer_Self,0
2026-03-09,2406,0,Investment_Trust,0
2026-03-09,2406,38006,Dealer_self,65768
2026-03-09,2406,0,Dealer_Hedging,0
2026-03-10,2406,7651003,Foreign_Investor,10336579
2026-03-10,2406,0,Foreign_Dealer_Self,0
2026-03-10,2406,0,Investment_Trust,0
2026-03-10,2406,22000,Dealer_self,22022
2026-03-10,2406,0,Dealer_Hedging,0
2026-03-11,2406,14535000,Foreign_Investor,5857941
2026-03-11,2406,0,Foreign_Dealer_Self,0
2026-03-11,2406,0,Investment_Trust,0
2026-03-11,2406,23530,Dealer_self,17180
2026-03-11,2406,0,Dealer_Hedging,0
2026-03-12,2406,9911415,Foreign_Investor,9087000
2026-03-12,2406,0,Foreign_Dealer_Self,0
2026-03-12,2406,0,Investment_Trust,0
2026-03-12,2406,32534,Dealer_self,50563
2026-03-12,2406,0,Dealer_Hedging,0
2026-03-13,2406,4746000,Foreign_Investor,5907700
2026-03-13,2406,0,Foreign_Dealer_Self,0
2026-03-13,2406,0,Investment_Trust,0
2026-03-13,2406,29996,Dealer_self,36305
2026-03-13,2406,0,Dealer_Hedging,0
2026-03-16,2406,10185051,Foreign_Investor,7378460
2026-03-16,2406,0,Foreign_Dealer_Self,0
2026-03-16,2406,0,Investment_Trust,0
2026-03-16,2406,19000,Dealer_self,23643
2026-03-16,2406,0,Dealer_Hedging,0
2026-03-17,2406,21163000,Foreign_Investor,14071716
2026-03-17,2406,0,Foreign_Dealer_Self,0
2026-03-17,2406,0,Investment_Trust,0
2026-03-17,2406,323425,Dealer_self,202889
2026-03-17,2406,0,Dealer_Hedging,0
2026-03-18,2406,12600100,Foreign_Investor,16530861
2026-03-18,2406,0,Foreign_Dealer_Self,0
2026-03-18,2406,0,Investment_Trust,0
2026-03-18,2406,152000,Dealer_self,170297
2026-03-18,2406,0,Dealer_Hedging,0
2026-03-19,2406,10801520,Foreign_Investor,8913815
2026-03-19,2406,0,Foreign_Dealer_Self,0
2026-03-19,2406,0,Investment_Trust,0
2026-03-19,2406,16000,Dealer_self,12383
2026-03-19,2406,0,Dealer_Hedging,0
2026-03-20,2406,0,Foreign_Dealer_Self,0
2026-03-20,2406,0,Investment_Trust,0
2026-03-20,2406,14000,Dealer_self,37120
2026-03-20,2406,0,Dealer_Hedging,0
2026-03-20,2406,24305591,Foreign_Investor,22268000
2026-03-23,2406,7626001,Foreign_Investor,10225197
2026-03-23,2406,0,Foreign_Dealer_Self,0
2026-03-23,2406,0,Investment_Trust,0
2026-03-23,2406,29000,Dealer_self,27833
2026-03-23,2406,0,Dealer_Hedging,0
2026-03-24,2406,6696961,Foreign_Investor,7056000
2026-03-24,2406,0,Foreign_Dealer_Self,0
2026-03-24,2406,0,Investment_Trust,0
2026-03-24,2406,32000,Dealer_self,17052
2026-03-24,2406,0,Dealer_Hedging,0
2026-03-25,2406,7268000,Foreign_Investor,7091129
2026-03-25,2406,0,Foreign_Dealer_Self,0
2026-03-25,2406,0,Investment_Trust,0
2026-03-25,2406,40000,Dealer_self,102341
2026-03-25,2406,0,Dealer_Hedging,0
2026-03-26,2406,14050000,Foreign_Investor,14152000
2026-03-26,2406,0,Foreign_Dealer_Self,0
2026-03-26,2406,0,Investment_Trust,0
2026-03-26,2406,47914,Dealer_self,14146
2026-03-26,2406,0,Dealer_Hedging,0
2026-03-27,2406,3445000,Foreign_Investor,6901328
2026-03-27,2406,0,Foreign_Dealer_Self,0
2026-03-27,2406,0,Investment_Trust,0
2026-03-27,2406,25000,Dealer_self,74769
2026-03-27,2406,0,Dealer_Hedging,0
2026-03-30,2406,3268220,Foreign_Investor,3198000
2026-03-30,2406,0,Foreign_Dealer_Self,0
2026-03-30,2406,0,Investment_Trust,0
2026-03-30,2406,17000,Dealer_self,31343
2026-03-30,2406,0,Dealer_Hedging,0
2026-03-31,2406,4181020,Foreign_Investor,3972000
2026-03-31,2406,0,Foreign_Dealer_Self,0
2026-03-31,2406,0,Investment_Trust,0
2026-03-31,2406,47000,Dealer_self,20075
2026-03-31,2406,0,Dealer_Hedging,0
2026-04-01,2406,2904001,Foreign_Investor,5080098
2026-04-01,2406,0,Foreign_Dealer_Self,0
2026-04-01,2406,0,Investment_Trust,0
2026-04-01,2406,55000,Dealer_self,15616
2026-04-01,2406,0,Dealer_Hedging,0
2026-04-02,2406,4180021,Foreign_Investor,2215902
2026-04-02,2406,0,Foreign_Dealer_Self,0
2026-04-02,2406,0,Investment_Trust,0
2026-04-02,2406,33000,Dealer_self,51559
2026-04-02,2406,0,Dealer_Hedging,0
2026-04-07,2406,1891875,Foreign_Investor,1660000
2026-04-07,2406,0,Foreign_Dealer_Self,0
2026-04-07,2406,0,Investment_Trust,0
2026-04-07,2406,6000,Dealer_self,5468
2026-04-07,2406,0,Dealer_Hedging,0
2026-04-08,2406,3198000,Foreign_Investor,1744000
2026-04-08,2406,0,Foreign_Dealer_Self,0
2026-04-08,2406,0,Investment_Trust,0
2026-04-08,2406,29000,Dealer_self,6612
2026-04-08,2406,0,Dealer_Hedging,0
2026-04-09,2406,696030,Foreign_Investor,2653000
2026-04-09,2406,0,Foreign_Dealer_Self,0
2026-04-09,2406,0,Investment_Trust,0
2026-04-09,2406,7000,Dealer_self,10573
2026-04-09,2406,0,Dealer_Hedging,0
2026-04-10,2406,3400000,Foreign_Investor,3407000
2026-04-10,2406,0,Foreign_Dealer_Self,0
2026-04-10,2406,0,Investment_Trust,0
2026-04-10,2406,3000,Dealer_self,9077
2026-04-10,2406,0,Dealer_Hedging,0
2026-04-13,2406,1263000,Foreign_Investor,2501000
2026-04-13,2406,0,Foreign_Dealer_Self,0
2026-04-13,2406,0,Investment_Trust,0
2026-04-13,2406,4000,Dealer_self,5365
2026-04-13,2406,0,Dealer_Hedging,0
2026-04-14,2406,4361000,Foreign_Investor,2593000
2026-04-14,2406,0,Foreign_Dealer_Self,0
2026-04-14,2406,0,Investment_Trust,0
2026-04-14,2406,16494,Dealer_self,8000
2026-04-14,2406,0,Dealer_Hedging,0
2026-04-15,2406,4999001,Foreign_Investor,5227000
2026-04-15,2406,0,Foreign_Dealer_Self,0
2026-04-15,2406,0,Investment_Trust,0
2026-04-15,2406,5358,Dealer_self,5614
2026-04-15,2406,0,Dealer_Hedging,0
2026-04-16,2406,2114700,Foreign_Investor,4003000
2026-04-16,2406,0,Foreign_Dealer_Self,0
2026-04-16,2406,0,Investment_Trust,0
2026-04-16,2406,7000,Dealer_self,24358
2026-04-16,2406,0,Dealer_Hedging,0
2026-04-17,2406,5936850,Foreign_Investor,1504000
2026-04-17,2406,0,Foreign_Dealer_Self,0
2026-04-17,2406,0,Investment_Trust,0
2026-04-17,2406,7884,Dealer_self,6034
2026-04-17,2406,0,Dealer_Hedging,0
2026-04-20,2406,3873001,Foreign_Investor,4642700
2026-04-20,2406,0,Foreign_Dealer_Self,0
2026-04-20,2406,0,Investment_Trust,0
2026-04-20,2406,5000,Dealer_self,3850
2026-04-20,2406,0,Dealer_Hedging,0
2026-04-21,2406,1044000,Foreign_Investor,1513000
2026-04-21,2406,0,Foreign_Dealer_Self,0
2026-04-21,2406,0,Investment_Trust,0
2026-04-21,2406,735,Dealer_self,0
2026-04-21,2406,0,Dealer_Hedging,0
2026-04-22,2406,939000,Foreign_Investor,1001000
2026-04-22,2406,0,Foreign_Dealer_Self,0
2026-04-22,2406,0,Investment_Trust,0
2026-04-22,2406,1000,Dealer_self,7280
2026-04-22,2406,0,Dealer_Hedging,0
2026-04-23,2406,2912089,Foreign_Investor,3314000
2026-04-23,2406,0,Foreign_Dealer_Self,0
2026-04-23,2406,0,Investment_Trust,0
2026-04-23,2406,5000,Dealer_self,16720
2026-04-23,2406,0,Dealer_Hedging,0
2026-04-24,2406,1994125,Foreign_Investor,1193350
2026-04-24,2406,0,Foreign_Dealer_Self,0
2026-04-24,2406,0,Investment_Trust,0
2026-04-24,2406,4000,Dealer_self,3000
2026-04-24,2406,0,Dealer_Hedging,0
2026-04-27,2406,1695700,Foreign_Investor,1234000
2026-04-27,2406,0,Foreign_Dealer_Self,0
2026-04-27,2406,0,Investment_Trust,0
2026-04-27,2406,0,Dealer_self,6005
2026-04-27,2406,0,Dealer_Hedging,0
2026-04-28,2406,918100,Foreign_Investor,692000
2026-04-28,2406,0,Foreign_Dealer_Self,0
2026-04-28,2406,0,Investment_Trust,0
2026-04-28,2406,1000,Dealer_self,18
2026-04-28,2406,0,Dealer_Hedging,0
2026-04-29,2406,2447000,Foreign_Investor,1243000
2026-04-29,2406,0,Foreign_Dealer_Self,0
2026-04-29,2406,0,Investment_Trust,0
2026-04-29,2406,19000,Dealer_self,12336
2026-04-29,2406,0,Dealer_Hedging,0
2026-04-30,2406,1479000,Foreign_Investor,1183393
2026-04-30,2406,0,Foreign_Dealer_Self,0
2026-04-30,2406,0,Investment_Trust,0
2026-04-30,2406,6000,Dealer_self,5916
2026-04-30,2406,0,Dealer_Hedging,0
2026-05-04,2406,6302000,Foreign_Investor,2234000
2026-05-04,2406,0,Foreign_Dealer_Self,0
2026-05-04,2406,0,Investment_Trust,0
2026-05-04,2406,1275,Dealer_self,5000
2026-05-04,2406,0,Dealer_Hedging,0
2026-05-05,2406,2742000,Foreign_Investor,2530000
2026-05-05,2406,0,Foreign_Dealer_Self,0
2026-05-05,2406,0,Investment_Trust,0
2026-05-05,2406,26000,Dealer_self,0
2026-05-05,2406,7000,Dealer_Hedging,6519
2026-05-06,2406,4419022,Foreign_Investor,3142000
2026-05-06,2406,0,Foreign_Dealer_Self,0
2026-05-06,2406,0,Investment_Trust,0
2026-05-06,2406,1000,Dealer_self,1000
2026-05-06,2406,1000,Dealer_Hedging,1077
2026-05-07,2406,9420161,Foreign_Investor,2614001
2026-05-07,2406,0,Foreign_Dealer_Self,0
2026-05-07,2406,0,Investment_Trust,0
2026-05-07,2406,12000,Dealer_self,29000
2026-05-07,2406,7217,Dealer_Hedging,7138
2026-05-08,2406,3127606,Foreign_Investor,4455606
2026-05-08,2406,0,Foreign_Dealer_Self,0
2026-05-08,2406,0,Investment_Trust,0
2026-05-08,2406,5000,Dealer_self,5000
2026-05-08,2406,1000,Dealer_Hedging,1287
2026-05-11,2406,7364000,Foreign_Investor,1813000
2026-05-11,2406,0,Foreign_Dealer_Self,0
2026-05-11,2406,0,Investment_Trust,0
2026-05-11,2406,2000,Dealer_self,8009
2026-05-11,2406,11805,Dealer_Hedging,11000
2026-05-12,2406,4294394,Foreign_Investor,4868000
2026-05-12,2406,0,Foreign_Dealer_Self,0
2026-05-12,2406,0,Investment_Trust,0
2026-05-12,2406,75000,Dealer_self,8000
2026-05-12,2406,1358,Dealer_Hedging,2208
2026-05-13,2406,4206923,Foreign_Investor,6945450
2026-05-13,2406,0,Foreign_Dealer_Self,0
2026-05-13,2406,0,Investment_Trust,0
2026-05-13,2406,8000,Dealer_self,2000
2026-05-13,2406,2000,Dealer_Hedging,1187
2026-05-14,2406,2576000,Foreign_Investor,2871000
2026-05-14,2406,0,Foreign_Dealer_Self,0
2026-05-14,2406,0,Investment_Trust,0
2026-05-14,2406,7000,Dealer_self,3000
2026-05-14,2406,7000,Dealer_Hedging,7552
2026-05-15,2406,3003150,Foreign_Investor,3587000
2026-05-15,2406,0,Foreign_Dealer_Self,0
2026-05-15,2406,0,Investment_Trust,0
2026-05-15,2406,2000,Dealer_self,0
2026-05-15,2406,10000,Dealer_Hedging,10024
2026-05-18,2406,2630030,Foreign_Investor,2108000
2026-05-18,2406,0,Foreign_Dealer_Self,0
2026-05-18,2406,0,Investment_Trust,0
2026-05-18,2406,0,Dealer_self,62000
2026-05-18,2406,2000,Dealer_Hedging,1744
2026-05-19,2406,2936000,Foreign_Investor,3958000
2026-05-19,2406,0,Foreign_Dealer_Self,0
2026-05-19,2406,0,Investment_Trust,0
2026-05-19,2406,4000,Dealer_self,6000
2026-05-19,2406,2000,Dealer_Hedging,2267
2026-05-20,2406,1433000,Foreign_Investor,3071000
2026-05-20,2406,0,Foreign_Dealer_Self,0
2026-05-20,2406,0,Investment_Trust,0
2026-05-20,2406,14000,Dealer_self,11000
2026-05-20,2406,11000,Dealer_Hedging,10988
2026-05-21,2406,1656000,Foreign_Investor,708000
2026-05-21,2406,0,Foreign_Dealer_Self,0
2026-05-21,2406,0,Investment_Trust,0
2026-05-21,2406,2000,Dealer_self,1000
2026-05-21,2406,1000,Dealer_Hedging,1056
2026-05-22,2406,1739044,Foreign_Investor,705803
2026-05-22,2406,0,Foreign_Dealer_Self,0
2026-05-22,2406,0,Investment_Trust,0
2026-05-22,2406,5000,Dealer_self,5000
2026-05-22,2406,0,Dealer_Hedging,176
2026-05-25,2406,5834000,Foreign_Investor,2585000
2026-05-25,2406,0,Foreign_Dealer_Self,0
2026-05-25,2406,0,Investment_Trust,0
2026-05-25,2406,6000,Dealer_self,4000
2026-05-25,2406,8534,Dealer_Hedging,8106
2026-05-26,2406,7906125,Foreign_Investor,6554053
2026-05-26,2406,0,Foreign_Dealer_Self,0
2026-05-26,2406,0,Investment_Trust,0
2026-05-26,2406,10000,Dealer_self,6000
2026-05-26,2406,23895,Dealer_Hedging,23907
2026-05-27,2406,5385034,Foreign_Investor,7079206
2026-05-27,2406,0,Foreign_Dealer_Self,0
2026-05-27,2406,0,Investment_Trust,0
2026-05-27,2406,2000,Dealer_self,4000
2026-05-27,2406,6377,Dealer_Hedging,6168
2026-05-28,2406,5190000,Foreign_Investor,4558363
2026-05-28,2406,0,Foreign_Dealer_Self,0
2026-05-28,2406,0,Investment_Trust,0
2026-05-28,2406,5000,Dealer_self,30000
2026-05-28,2406,17062,Dealer_Hedging,17384
2026-05-29,2406,3324850,Foreign_Investor,2666388
2026-05-29,2406,0,Foreign_Dealer_Self,0
2026-05-29,2406,0,Investment_Trust,0
2026-05-29,2406,22000,Dealer_self,1000
2026-05-29,2406,94,Dealer_Hedging,0
2026-06-01,2406,12309035,Foreign_Investor,3896828
2026-06-01,2406,0,Foreign_Dealer_Self,0
2026-06-01,2406,0,Investment_Trust,0
2026-06-01,2406,5000,Dealer_self,0
2026-06-01,2406,2981,Dealer_Hedging,2737
2026-06-02,2406,5939895,Foreign_Investor,7221247
2026-06-02,2406,0,Foreign_Dealer_Self,0
2026-06-02,2406,0,Investment_Trust,0
2026-06-02,2406,35000,Dealer_self,12000
2026-06-02,2406,9000,Dealer_Hedging,8937
2026-06-03,2406,14264330,Foreign_Investor,3482736
2026-06-03,2406,0,Foreign_Dealer_Self,0
2026-06-03,2406,0,Investment_Trust,0
2026-06-03,2406,48000,Dealer_self,4000
2026-06-03,2406,9506,Dealer_Hedging,10000
2026-06-04,2406,18666856,Foreign_Investor,24039641
2026-06-04,2406,0,Foreign_Dealer_Self,0
2026-06-04,2406,0,Investment_Trust,0
2026-06-04,2406,223000,Dealer_self,76383
2026-06-04,2406,71037,Dealer_Hedging,70412
2026-06-05,2406,3282089,Foreign_Investor,15812381
2026-06-05,2406,0,Foreign_Dealer_Self,0
2026-06-05,2406,0,Investment_Trust,0
2026-06-05,2406,7000,Dealer_self,13000
2026-06-05,2406,24000,Dealer_Hedging,24872
2026-06-08,2406,3767000,Foreign_Investor,5618582
2026-06-08,2406,0,Foreign_Dealer_Self,0
2026-06-08,2406,0,Investment_Trust,0
2026-06-08,2406,57000,Dealer_self,225000
2026-06-08,2406,26000,Dealer_Hedging,25873
2026-06-09,2406,7615493,Foreign_Investor,6433312
2026-06-09,2406,0,Foreign_Dealer_Self,0
2026-06-09,2406,0,Investment_Trust,0
2026-06-09,2406,16000,Dealer_self,12000
2026-06-09,2406,258118,Dealer_Hedging,257522
2026-06-10,2406,0,Foreign_Dealer_Self,0
2026-06-10,2406,12642636,Foreign_Investor,10903089
2026-06-10,2406,0,Investment_Trust,0
2026-06-10,2406,18000,Dealer_self,20000
2026-06-10,2406,21000,Dealer_Hedging,21145
2026-06-11,2406,21087741,Foreign_Investor,16631938
2026-06-11,2406,0,Foreign_Dealer_Self,0
2026-06-11,2406,0,Investment_Trust,0
2026-06-11,2406,12000,Dealer_self,18000
2026-06-11,2406,127509,Dealer_Hedging,113000
2026-06-12,2406,36878873,Foreign_Investor,20821860
2026-06-12,2406,0,Foreign_Dealer_Self,0
2026-06-12,2406,0,Investment_Trust,0
2026-06-12,2406,4001,Dealer_self,50001
2026-06-12,2406,303485,Dealer_Hedging,318000
