date,stock_id,buy,name,sell
2024-07-17,2412,8044231,Foreign_Investor,3620701
2024-07-17,2412,0,Foreign_Dealer_Self,0
2024-07-17,2412,154968,Investment_Trust,2317000
2024-07-17,2412,0,Dealer_self,211000
2024-07-17,2412,26000,Dealer_Hedging,60000
2024-07-18,2412,13463582,Foreign_Investor,2421000
2024-07-18,2412,0,Foreign_Dealer_Self,0
2024-07-18,2412,234049,Investment_Trust,1941000
2024-07-18,2412,47000,Dealer_self,27000
2024-07-18,2412,79000,Dealer_Hedging,0
2024-07-19,2412,5107003,Foreign_Investor,2764009
2024-07-19,2412,0,Foreign_Dealer_Self,0
2024-07-19,2412,83000,Investment_Trust,1916000
2024-07-19,2412,0,Dealer_self,53500
2024-07-19,2412,13000,Dealer_Hedging,0
2024-07-22,2412,4848080,Foreign_Investor,1391129
2024-07-22,2412,0,Foreign_Dealer_Self,0
2024-07-22,2412,458866,Investment_Trust,1840000
2024-07-22,2412,406000,Dealer_self,734000
2024-07-22,2412,99293,Dealer_Hedging,6433
2024-07-23,2412,10189000,Foreign_Investor,1546080
2024-07-23,2412,0,Foreign_Dealer_Self,0
2024-07-23,2412,395930,Investment_Trust,5000
2024-07-23,2412,0,Dealer_self,347321
2024-07-23,2412,34997,Dealer_Hedging,2307
2024-07-26,2412,12162428,Foreign_Investor,2804406
2024-07-26,2412,0,Foreign_Dealer_Self,0
2024-07-26,2412,277655,Investment_Trust,28000
2024-07-26,2412,14000,Dealer_self,717000
2024-07-26,2412,31868,Dealer_Hedging,28000
2024-07-29,2412,0,Foreign_Dealer_Self,0
2024-07-29,2412,371000,Investment_Trust,0
2024-07-29,2412,0,Dealer_self,140000
2024-07-29,2412,28000,Dealer_Hedging,1066
2024-07-29,2412,7579296,Foreign_Investor,4075794
2024-07-30,2412,0,Foreign_Dealer_Self,0
2024-07-30,2412,1106000,Investment_Trust,0
2024-07-30,2412,99000,Dealer_self,383000
2024-07-30,2412,43647,Dealer_Hedging,4000
2024-07-30,2412,4735480,Foreign_Investor,4176000
2024-07-31,2412,0,Foreign_Dealer_Self,0
2024-07-31,2412,81733,Investment_Trust,7000
2024-07-31,2412,0,Dealer_self,554000
2024-07-31,2412,41000,Dealer_Hedging,0
2024-07-31,2412,6325959,Foreign_Investor,4722114
2024-08-01,2412,4070803,Foreign_Investor,3658505
2024-08-01,2412,0,Foreign_Dealer_Self,0
2024-08-01,2412,66000,Dealer_self,74000
2024-08-01,2412,2000,Dealer_Hedging,0
2024-08-01,2412,524201,Investment_Trust,2000
2024-08-02,2412,17006011,Foreign_Investor,3694829
2024-08-02,2412,0,Foreign_Dealer_Self,0
2024-08-02,2412,971473,Investment_Trust,9000
2024-08-02,2412,197000,Dealer_self,1271000
2024-08-02,2412,79998,Dealer_Hedging,59000
2024-08-05,2412,16685283,Foreign_Investor,7512822
2024-08-05,2412,0,Foreign_Dealer_Self,0
2024-08-05,2412,1350951,Investment_Trust,12000
2024-08-05,2412,113000,Dealer_self,1524753
2024-08-05,2412,97880,Dealer_Hedging,173648
2024-08-06,2412,7912503,Foreign_Investor,9528355
2024-08-06,2412,0,Foreign_Dealer_Self,0
2024-08-06,2412,2271211,Investment_Trust,0
2024-08-06,2412,325000,Dealer_self,324000
2024-08-06,2412,89000,Dealer_Hedging,12000
2024-08-07,2412,10039082,Foreign_Investor,8411841
2024-08-07,2412,0,Foreign_Dealer_Self,0
2024-08-07,2412,312000,Investment_Trust,7504
2024-08-07,2412,60000,Dealer_self,107000
2024-08-07,2412,54000,Dealer_Hedging,67183
2024-08-08,2412,5407209,Foreign_Investor,3053368
2024-08-08,2412,0,Foreign_Dealer_Self,0
2024-08-08,2412,426000,Investment_Trust,9588
2024-08-08,2412,118000,Dealer_self,344000
2024-08-08,2412,0,Dealer_Hedging,71000
2024-08-09,2412,10026960,Foreign_Investor,3842016
2024-08-09,2412,0,Foreign_Dealer_Self,0
2024-08-09,2412,310000,Investment_Trust,15316
2024-08-09,2412,4000,Dealer_self,485000
2024-08-09,2412,11000,Dealer_Hedging,60000
2024-08-12,2412,2564172,Foreign_Investor,1149177
2024-08-12,2412,0,Foreign_Dealer_Self,0
2024-08-12,2412,235777,Investment_Trust,3252
2024-08-12,2412,10000,Dealer_self,0
2024-08-12,2412,5000,Dealer_Hedging,30000
2024-08-13,2412,4101825,Foreign_Investor,1498270
2024-08-13,2412,0,Foreign_Dealer_Self,0
2024-08-13,2412,319466,Investment_Trust,749000
2024-08-13,2412,0,Dealer_self,200247
2024-08-13,2412,0,Dealer_Hedging,1696
2024-08-14,2412,8601469,Foreign_Investor,2916104
2024-08-14,2412,0,Foreign_Dealer_Self,0
2024-08-14,2412,157000,Investment_Trust,460336
2024-08-14,2412,7000,Dealer_self,386000
2024-08-14,2412,13000,Dealer_Hedging,6216
2024-08-15,2412,0,Foreign_Dealer_Self,0
2024-08-15,2412,111000,Investment_Trust,510000
2024-08-15,2412,3000,Dealer_self,250000
2024-08-15,2412,40000,Dealer_Hedging,0
2024-08-15,2412,4423424,Foreign_Investor,2590000
2024-08-16,2412,0,Foreign_Dealer_Self,0
2024-08-16,2412,264667,Investment_Trust,75000
2024-08-16,2412,112000,Dealer_self,163000
2024-08-16,2412,62588,Dealer_Hedging,23000
2024-08-16,2412,8622658,Foreign_Investor,2089700
2024-08-19,2412,1532477,Foreign_Investor,1548000
2024-08-19,2412,0,Foreign_Dealer_Self,0
2024-08-19,2412,136000,Investment_Trust,53339
2024-08-19,2412,16000,Dealer_self,94000
2024-08-19,2412,20000,Dealer_Hedging,2000
2024-08-20,2412,3391294,Foreign_Investor,594426
2024-08-20,2412,0,Foreign_Dealer_Self,0
2024-08-20,2412,109000,Investment_Trust,343178
2024-08-20,2412,0,Dealer_self,30000
2024-08-20,2412,10000,Dealer_Hedging,2999
2024-08-21,2412,4915426,Foreign_Investor,2480816
2024-08-21,2412,0,Foreign_Dealer_Self,0
2024-08-21,2412,142000,Investment_Trust,16089
2024-08-21,2412,4000,Dealer_self,214000
2024-08-21,2412,38000,Dealer_Hedging,2000
2024-08-22,2412,5102497,Foreign_Investor,1422223
2024-08-22,2412,0,Foreign_Dealer_Self,0
2024-08-22,2412,100000,Investment_Trust,1089
2024-08-22,2412,0,Dealer_self,108000
2024-08-22,2412,831,Dealer_Hedging,49200
2024-08-23,2412,5029131,Foreign_Investor,1003654
2024-08-23,2412,0,Foreign_Dealer_Self,0
2024-08-23,2412,165000,Investment_Trust,3089
2024-08-23,2412,0,Dealer_self,91000
2024-08-23,2412,14235,Dealer_Hedging,14000
2024-08-26,2412,3077161,Foreign_Investor,1485083
2024-08-26,2412,0,Foreign_Dealer_Self,0
2024-08-26,2412,66599,Investment_Trust,195089
2024-08-26,2412,0,Dealer_self,50000
2024-08-26,2412,6000,Dealer_Hedging,24000
2024-08-27,2412,2126100,Foreign_Investor,2483972
2024-08-27,2412,0,Foreign_Dealer_Self,0
2024-08-27,2412,165800,Investment_Trust,1089
2024-08-27,2412,0,Dealer_self,83000
2024-08-27,2412,0,Dealer_Hedging,8000
2024-08-28,2412,5619800,Foreign_Investor,3255000
2024-08-28,2412,0,Foreign_Dealer_Self,0
2024-08-28,2412,156000,Investment_Trust,74089
2024-08-28,2412,0,Dealer_self,0
2024-08-28,2412,6815,Dealer_Hedging,0
2024-08-29,2412,2108938,Foreign_Investor,2750908
2024-08-29,2412,0,Foreign_Dealer_Self,0
2024-08-29,2412,205800,Investment_Trust,183000
2024-08-29,2412,20000,Dealer_self,61000
2024-08-29,2412,1000,Dealer_Hedging,6000
2024-08-30,2412,8270203,Foreign_Investor,8157850
2024-08-30,2412,0,Foreign_Dealer_Self,0
2024-08-30,2412,49100,Investment_Trust,30000
2024-08-30,2412,76000,Dealer_self,0
2024-08-30,2412,13000,Dealer_Hedging,16000
2024-09-02,2412,1294000,Foreign_Investor,423000
2024-09-02,2412,0,Foreign_Dealer_Self,0
2024-09-02,2412,127402,Investment_Trust,187378
2024-09-02,2412,0,Dealer_self,2000
2024-09-02,2412,6000,Dealer_Hedging,12000
2024-09-03,2412,0,Foreign_Dealer_Self,0
2024-09-03,2412,78115,Investment_Trust,50000
2024-09-03,2412,0,Dealer_self,0
2024-09-03,2412,12000,Dealer_Hedging,24000
2024-09-03,2412,3325660,Foreign_Investor,1651877
2024-09-04,2412,3037270,Foreign_Investor,7580215
2024-09-04,2412,0,Foreign_Dealer_Self,0
2024-09-04,2412,783132,Investment_Trust,0
2024-09-04,2412,262000,Dealer_self,1089000
2024-09-04,2412,16000,Dealer_Hedging,32368
2024-09-05,2412,2244000,Foreign_Investor,2045172
2024-09-05,2412,0,Foreign_Dealer_Self,0
2024-09-05,2412,337910,Investment_Trust,28178
2024-09-05,2412,60000,Dealer_self,383000
2024-09-05,2412,1000,Dealer_Hedging,34199
2024-09-06,2412,0,Foreign_Dealer_Self,0
2024-09-06,2412,384296,Investment_Trust,7089
2024-09-06,2412,33000,Dealer_self,148000
2024-09-06,2412,21000,Dealer_Hedging,68000
2024-09-06,2412,3001016,Foreign_Investor,1940479
2024-09-09,2412,2067668,Foreign_Investor,2904458
2024-09-09,2412,0,Foreign_Dealer_Self,0
2024-09-09,2412,521092,Investment_Trust,2178
2024-09-09,2412,135000,Dealer_self,311855
2024-09-09,2412,20000,Dealer_Hedging,38000
2024-09-10,2412,3331261,Foreign_Investor,2538229
2024-09-10,2412,0,Foreign_Dealer_Self,0
2024-09-10,2412,154365,Investment_Trust,2178
2024-09-10,2412,61000,Dealer_self,74000
2024-09-10,2412,0,Dealer_Hedging,15000
2024-09-11,2412,2091708,Foreign_Investor,2606000
2024-09-11,2412,0,Foreign_Dealer_Self,0
2024-09-11,2412,442607,Investment_Trust,0
2024-09-11,2412,170000,Dealer_self,70000
2024-09-11,2412,1000,Dealer_Hedging,12000
2024-09-12,2412,3029000,Foreign_Investor,1426190
2024-09-12,2412,0,Foreign_Dealer_Self,0
2024-09-12,2412,85362,Investment_Trust,13178
2024-09-12,2412,188000,Dealer_self,0
2024-09-12,2412,32000,Dealer_Hedging,0
2024-09-13,2412,1427680,Foreign_Investor,714542
2024-09-13,2412,0,Foreign_Dealer_Self,0
2024-09-13,2412,134001,Investment_Trust,0
2024-09-13,2412,0,Dealer_self,8000
2024-09-13,2412,0,Dealer_Hedging,4000
2024-09-16,2412,2722500,Foreign_Investor,1676000
2024-09-16,2412,0,Foreign_Dealer_Self,0
2024-09-16,2412,180334,Investment_Trust,21089
2024-09-16,2412,0,Dealer_self,0
2024-09-16,2412,0,Dealer_Hedging,41000
2024-09-18,2412,2957216,Foreign_Investor,613000
2024-09-18,2412,0,Foreign_Dealer_Self,0
2024-09-18,2412,128304,Investment_Trust,0
2024-09-18,2412,144000,Dealer_self,96000
2024-09-18,2412,0,Dealer_Hedging,1000
2024-09-19,2412,2122000,Foreign_Investor,2105000
2024-09-19,2412,0,Foreign_Dealer_Self,0
2024-09-19,2412,288265,Investment_Trust,163000
2024-09-19,2412,137000,Dealer_self,0
2024-09-19,2412,0,Dealer_Hedging,9000
2024-09-20,2412,0,Foreign_Dealer_Self,0
2024-09-20,2412,952880,Investment_Trust,6000
2024-09-20,2412,97000,Dealer_self,0
2024-09-20,2412,5000,Dealer_Hedging,0
2024-09-20,2412,11603088,Foreign_Investor,6350666
2024-09-23,2412,3610031,Foreign_Investor,1133400
2024-09-23,2412,0,Foreign_Dealer_Self,0
2024-09-23,2412,26000,Investment_Trust,6000
2024-09-23,2412,227000,Dealer_self,0
2024-09-23,2412,20000,Dealer_Hedging,0
2024-09-24,2412,2530660,Foreign_Investor,1686117
2024-09-24,2412,0,Foreign_Dealer_Self,0
2024-09-24,2412,16000,Investment_Trust,35058
2024-09-24,2412,60001,Dealer_self,0
2024-09-24,2412,19000,Dealer_Hedging,0
2024-09-25,2412,4731300,Foreign_Investor,4110486
2024-09-25,2412,0,Foreign_Dealer_Self,0
2024-09-25,2412,11000,Investment_Trust,103635
2024-09-25,2412,467000,Dealer_self,27001
2024-09-25,2412,7999,Dealer_Hedging,26000
2024-09-26,2412,4870700,Foreign_Investor,1471647
2024-09-26,2412,0,Foreign_Dealer_Self,0
2024-09-26,2412,40000,Investment_Trust,132000
2024-09-26,2412,314000,Dealer_self,7000
2024-09-26,2412,62000,Dealer_Hedging,0
2024-09-27,2412,3098446,Foreign_Investor,2489700
2024-09-27,2412,0,Foreign_Dealer_Self,0
2024-09-27,2412,65000,Investment_Trust,210423
2024-09-27,2412,174000,Dealer_self,0
2024-09-27,2412,12000,Dealer_Hedging,1000
2024-09-30,2412,4535254,Foreign_Investor,4698543
2024-09-30,2412,0,Foreign_Dealer_Self,0
2024-09-30,2412,122000,Investment_Trust,39423
2024-09-30,2412,59000,Dealer_self,0
2024-09-30,2412,7000,Dealer_Hedging,70000
2024-10-01,2412,0,Foreign_Dealer_Self,0
2024-10-01,2412,1688000,Investment_Trust,24210
2024-10-01,2412,0,Dealer_self,0
2024-10-01,2412,28000,Dealer_Hedging,6000
2024-10-01,2412,2167020,Foreign_Investor,3648327
2024-10-04,2412,0,Foreign_Dealer_Self,0
2024-10-04,2412,592000,Investment_Trust,91058
2024-10-04,2412,10000,Dealer_self,277000
2024-10-04,2412,65000,Dealer_Hedging,5181
2024-10-04,2412,2211286,Foreign_Investor,6608707
2024-10-07,2412,1446940,Foreign_Investor,5863400
2024-10-07,2412,0,Foreign_Dealer_Self,0
2024-10-07,2412,303000,Investment_Trust,0
2024-10-07,2412,156000,Dealer_self,19000
2024-10-07,2412,41000,Dealer_Hedging,18377
2024-10-08,2412,0,Foreign_Dealer_Self,0
2024-10-08,2412,172000,Investment_Trust,7423
2024-10-08,2412,0,Dealer_self,145000
2024-10-08,2412,17000,Dealer_Hedging,27591
2024-10-08,2412,5776289,Foreign_Investor,9263000
2024-10-09,2412,2622956,Foreign_Investor,3149100
2024-10-09,2412,0,Foreign_Dealer_Self,0
2024-10-09,2412,133000,Dealer_self,113000
2024-10-09,2412,0,Dealer_Hedging,55000
2024-10-09,2412,6000,Investment_Trust,47212
2024-10-11,2412,2582140,Foreign_Investor,2999229
2024-10-11,2412,0,Foreign_Dealer_Self,0
2024-10-11,2412,19000,Investment_Trust,2212
2024-10-11,2412,6000,Dealer_self,69000
2024-10-11,2412,27000,Dealer_Hedging,4000
2024-10-14,2412,1424061,Foreign_Investor,3634000
2024-10-14,2412,0,Foreign_Dealer_Self,0
2024-10-14,2412,154000,Investment_Trust,213212
2024-10-14,2412,43000,Dealer_self,8000
2024-10-14,2412,25000,Dealer_Hedging,0
2024-10-15,2412,7579482,Foreign_Investor,4935800
2024-10-15,2412,0,Foreign_Dealer_Self,0
2024-10-15,2412,72000,Investment_Trust,231807
2024-10-15,2412,97000,Dealer_self,2000
2024-10-15,2412,20000,Dealer_Hedging,0
2024-10-16,2412,2732519,Foreign_Investor,5215809
2024-10-16,2412,0,Foreign_Dealer_Self,0
2024-10-16,2412,220000,Investment_Trust,302270
2024-10-16,2412,327000,Dealer_self,34000
2024-10-16,2412,100000,Dealer_Hedging,27000
2024-10-17,2412,0,Foreign_Dealer_Self,0
2024-10-17,2412,519000,Investment_Trust,0
2024-10-17,2412,165000,Dealer_self,50000
2024-10-17,2412,84000,Dealer_Hedging,2000
2024-10-17,2412,2628517,Foreign_Investor,3996000
2024-10-18,2412,6031690,Foreign_Investor,1009794
2024-10-18,2412,0,Foreign_Dealer_Self,0
2024-10-18,2412,295000,Investment_Trust,8423
2024-10-18,2412,429000,Dealer_self,0
2024-10-18,2412,68000,Dealer_Hedging,0
2024-10-21,2412,2431508,Foreign_Investor,4398000
2024-10-21,2412,0,Foreign_Dealer_Self,0
2024-10-21,2412,226000,Investment_Trust,58212
2024-10-21,2412,230000,Dealer_self,104000
2024-10-21,2412,11000,Dealer_Hedging,1307
2024-10-22,2412,0,Foreign_Dealer_Self,0
2024-10-22,2412,390000,Investment_Trust,14712
2024-10-22,2412,20000,Dealer_self,12000
2024-10-22,2412,2000,Dealer_Hedging,54000
2024-10-22,2412,2693450,Foreign_Investor,5007200
2024-10-23,2412,1179656,Foreign_Investor,4129000
2024-10-23,2412,0,Foreign_Dealer_Self,0
2024-10-23,2412,166837,Investment_Trust,19058
2024-10-23,2412,10000,Dealer_self,274000
2024-10-23,2412,3000,Dealer_Hedging,48000
2024-10-24,2412,0,Foreign_Dealer_Self,0
2024-10-24,2412,203014,Investment_Trust,15212
2024-10-24,2412,0,Dealer_self,153000
2024-10-24,2412,4000,Dealer_Hedging,65000
2024-10-24,2412,3878461,Foreign_Investor,3257815
2024-10-25,2412,1084386,Foreign_Investor,1088590
2024-10-25,2412,0,Foreign_Dealer_Self,0
2024-10-25,2412,117174,Investment_Trust,2212
2024-10-25,2412,10000,Dealer_self,52000
2024-10-25,2412,0,Dealer_Hedging,11000
2024-10-28,2412,2732600,Foreign_Investor,2232000
2024-10-28,2412,0,Foreign_Dealer_Self,0
2024-10-28,2412,180514,Investment_Trust,18605
2024-10-28,2412,184000,Dealer_self,0
2024-10-28,2412,2000,Dealer_Hedging,27000
2024-10-29,2412,1101032,Foreign_Investor,4519890
2024-10-29,2412,0,Foreign_Dealer_Self,0
2024-10-29,2412,82000,Dealer_self,227000
2024-10-29,2412,10000,Dealer_Hedging,53000
2024-10-29,2412,679891,Investment_Trust,4190
2024-10-30,2412,0,Foreign_Dealer_Self,0
2024-10-30,2412,266542,Investment_Trust,182190
2024-10-30,2412,68000,Dealer_self,0
2024-10-30,2412,3000,Dealer_Hedging,28000
2024-10-30,2412,4695879,Foreign_Investor,5905660
2024-11-01,2412,5155965,Foreign_Investor,5687038
2024-11-01,2412,0,Foreign_Dealer_Self,0
2024-11-01,2412,490056,Investment_Trust,0
2024-11-01,2412,120000,Dealer_self,239000
2024-11-01,2412,34000,Dealer_Hedging,81265
2024-11-04,2412,1339283,Foreign_Investor,1945909
2024-11-04,2412,0,Foreign_Dealer_Self,0
2024-11-04,2412,517464,Investment_Trust,0
2024-11-04,2412,0,Dealer_self,0
2024-11-04,2412,0,Dealer_Hedging,0
2024-11-05,2412,1689569,Foreign_Investor,1226892
2024-11-05,2412,0,Foreign_Dealer_Self,0
2024-11-05,2412,376273,Investment_Trust,4000
2024-11-05,2412,0,Dealer_self,37000
2024-11-05,2412,0,Dealer_Hedging,2000
2024-11-06,2412,1227000,Foreign_Investor,2390000
2024-11-06,2412,0,Foreign_Dealer_Self,0
2024-11-06,2412,108311,Investment_Trust,43000
2024-11-06,2412,0,Dealer_self,50000
2024-11-06,2412,40000,Dealer_Hedging,0
2024-11-07,2412,1510000,Foreign_Investor,2175049
2024-11-07,2412,0,Foreign_Dealer_Self,0
2024-11-07,2412,211434,Investment_Trust,0
2024-11-07,2412,44000,Dealer_self,64000
2024-11-07,2412,0,Dealer_Hedging,0
2024-11-08,2412,1307508,Foreign_Investor,3940900
2024-11-08,2412,0,Foreign_Dealer_Self,0
2024-11-08,2412,251881,Investment_Trust,9000
2024-11-08,2412,0,Dealer_self,0
2024-11-08,2412,3000,Dealer_Hedging,51935
2024-11-11,2412,1090353,Foreign_Investor,1548452
2024-11-11,2412,0,Foreign_Dealer_Self,0
2024-11-11,2412,388603,Investment_Trust,159000
2024-11-11,2412,0,Dealer_self,0
2024-11-11,2412,1000,Dealer_Hedging,15000
2024-11-12,2412,0,Foreign_Dealer_Self,0
2024-11-12,2412,891114,Investment_Trust,14000
2024-11-12,2412,189000,Dealer_self,428000
2024-11-12,2412,20000,Dealer_Hedging,15000
2024-11-12,2412,3688490,Foreign_Investor,7879410
2024-11-13,2412,843480,Foreign_Investor,3587000
2024-11-13,2412,0,Foreign_Dealer_Self,0
2024-11-13,2412,1134238,Investment_Trust,129462
2024-11-13,2412,140000,Dealer_self,445000
2024-11-13,2412,28000,Dealer_Hedging,48000
2024-11-14,2412,1558670,Foreign_Investor,2724000
2024-11-14,2412,0,Foreign_Dealer_Self,0
2024-11-14,2412,1371207,Investment_Trust,3000
2024-11-14,2412,261000,Dealer_self,665000
2024-11-14,2412,63998,Dealer_Hedging,89000
2024-11-15,2412,1977610,Foreign_Investor,2790058
2024-11-15,2412,0,Foreign_Dealer_Self,0
2024-11-15,2412,77750,Investment_Trust,84000
2024-11-15,2412,156000,Dealer_self,138000
2024-11-15,2412,24000,Dealer_Hedging,25000
2024-11-18,2412,1312685,Foreign_Investor,2281113
2024-11-18,2412,0,Foreign_Dealer_Self,0
2024-11-18,2412,347735,Investment_Trust,33000
2024-11-18,2412,156000,Dealer_self,281000
2024-11-18,2412,58000,Dealer_Hedging,46000
2024-11-19,2412,3150686,Foreign_Investor,1500002
2024-11-19,2412,0,Foreign_Dealer_Self,0
2024-11-19,2412,321311,Investment_Trust,23226
2024-11-19,2412,343000,Dealer_self,0
2024-11-19,2412,39000,Dealer_Hedging,6000
2024-11-20,2412,1697369,Foreign_Investor,3257718
2024-11-20,2412,0,Foreign_Dealer_Self,0
2024-11-20,2412,1098576,Investment_Trust,0
2024-11-20,2412,379000,Dealer_self,194000
2024-11-20,2412,73000,Dealer_Hedging,1000
2024-11-21,2412,1292000,Foreign_Investor,2110396
2024-11-21,2412,0,Foreign_Dealer_Self,0
2024-11-21,2412,809307,Investment_Trust,49000
2024-11-21,2412,0,Dealer_self,150000
2024-11-21,2412,52000,Dealer_Hedging,33000
2024-11-22,2412,670226,Foreign_Investor,1976979
2024-11-22,2412,0,Foreign_Dealer_Self,0
2024-11-22,2412,714082,Investment_Trust,140000
2024-11-22,2412,118000,Dealer_self,0
2024-11-22,2412,37000,Dealer_Hedging,0
2024-11-25,2412,0,Foreign_Dealer_Self,0
2024-11-25,2412,901737,Investment_Trust,3223
2024-11-25,2412,283000,Dealer_self,20000
2024-11-25,2412,21000,Dealer_Hedging,5000
2024-11-25,2412,11624567,Foreign_Investor,10431924
2024-11-26,2412,1279496,Foreign_Investor,1593304
2024-11-26,2412,0,Foreign_Dealer_Self,0
2024-11-26,2412,537180,Investment_Trust,2000
2024-11-26,2412,10000,Dealer_self,9000
2024-11-26,2412,6000,Dealer_Hedging,19000
2024-11-27,2412,2361927,Foreign_Investor,3321509
2024-11-27,2412,0,Foreign_Dealer_Self,0
2024-11-27,2412,394000,Investment_Trust,110000
2024-11-27,2412,11000,Dealer_self,0
2024-11-27,2412,33000,Dealer_Hedging,6000
2024-11-28,2412,641392,Foreign_Investor,1932900
2024-11-28,2412,0,Foreign_Dealer_Self,0
2024-11-28,2412,711682,Investment_Trust,0
2024-11-28,2412,39000,Dealer_self,48000
2024-11-28,2412,77000,Dealer_Hedging,67000
2024-11-29,2412,1441693,Foreign_Investor,4734463
2024-11-29,2412,0,Foreign_Dealer_Self,0
2024-11-29,2412,943515,Investment_Trust,6000
2024-11-29,2412,68000,Dealer_self,152000
2024-11-29,2412,50000,Dealer_Hedging,1143
2024-12-02,2412,1459000,Foreign_Investor,4276533
2024-12-02,2412,0,Foreign_Dealer_Self,0
2024-12-02,2412,97000,Investment_Trust,140000
2024-12-02,2412,50000,Dealer_self,5000
2024-12-02,2412,19000,Dealer_Hedging,5000
2024-12-03,2412,3780523,Foreign_Investor,2932468
2024-12-03,2412,0,Foreign_Dealer_Self,0
2024-12-03,2412,279000,Investment_Trust,0
2024-12-03,2412,53000,Dealer_self,0
2024-12-03,2412,5000,Dealer_Hedging,2000
2024-12-04,2412,2298905,Foreign_Investor,854452
2024-12-04,2412,0,Foreign_Dealer_Self,0
2024-12-04,2412,95000,Investment_Trust,129000
2024-12-04,2412,21000,Dealer_self,10000
2024-12-04,2412,60000,Dealer_Hedging,0
2024-12-05,2412,777030,Foreign_Investor,1382278
2024-12-05,2412,0,Foreign_Dealer_Self,0
2024-12-05,2412,87000,Investment_Trust,193546
2024-12-05,2412,0,Dealer_self,0
2024-12-05,2412,0,Dealer_Hedging,10000
2024-12-06,2412,737689,Foreign_Investor,1768640
2024-12-06,2412,0,Foreign_Dealer_Self,0
2024-12-06,2412,80000,Investment_Trust,1000
2024-12-06,2412,0,Dealer_self,0
2024-12-06,2412,4000,Dealer_Hedging,7000
2024-12-09,2412,851702,Foreign_Investor,1837120
2024-12-09,2412,0,Foreign_Dealer_Self,0
2024-12-09,2412,95000,Investment_Trust,2000
2024-12-09,2412,100000,Dealer_self,0
2024-12-09,2412,5000,Dealer_Hedging,0
2024-12-10,2412,1338060,Foreign_Investor,2139186
2024-12-10,2412,0,Foreign_Dealer_Self,0
2024-12-10,2412,133000,Investment_Trust,63975
2024-12-10,2412,100000,Dealer_self,26000
2024-12-10,2412,4000,Dealer_Hedging,48000
2024-12-11,2412,0,Foreign_Dealer_Self,0
2024-12-11,2412,67856,Investment_Trust,5469
2024-12-11,2412,100000,Dealer_self,111000
2024-12-11,2412,3000,Dealer_Hedging,18000
2024-12-11,2412,4343728,Foreign_Investor,6120259
2024-12-12,2412,0,Foreign_Dealer_Self,0
2024-12-12,2412,103000,Investment_Trust,0
2024-12-12,2412,0,Dealer_self,0
2024-12-12,2412,2000,Dealer_Hedging,13000
2024-12-12,2412,868841,Foreign_Investor,2435583
2024-12-13,2412,1123300,Foreign_Investor,3596530
2024-12-13,2412,0,Foreign_Dealer_Self,0
2024-12-13,2412,172135,Investment_Trust,65366
2024-12-13,2412,0,Dealer_self,143000
2024-12-13,2412,3000,Dealer_Hedging,4000
2024-12-16,2412,0,Foreign_Dealer_Self,0
2024-12-16,2412,11000,Investment_Trust,42402
2024-12-16,2412,0,Dealer_self,5000
2024-12-16,2412,10000,Dealer_Hedging,6999
2024-12-16,2412,2217895,Foreign_Investor,4705423
2024-12-17,2412,0,Foreign_Dealer_Self,0
2024-12-17,2412,44000,Dealer_self,50000
2024-12-17,2412,5000,Dealer_Hedging,7000
2024-12-17,2412,4186952,Foreign_Investor,6206850
2024-12-17,2412,233999,Investment_Trust,118570
2024-12-18,2412,2594272,Foreign_Investor,2197279
2024-12-18,2412,0,Foreign_Dealer_Self,0
2024-12-18,2412,164279,Investment_Trust,139183
2024-12-18,2412,0,Dealer_self,171000
2024-12-18,2412,40000,Dealer_Hedging,35000
2024-12-19,2412,0,Foreign_Dealer_Self,0
2024-12-19,2412,324180,Investment_Trust,4366
2024-12-19,2412,20000,Dealer_self,22000
2024-12-19,2412,0,Dealer_Hedging,5000
2024-12-19,2412,2389578,Foreign_Investor,4394000
2024-12-20,2412,1626566,Foreign_Investor,6813913
2024-12-20,2412,0,Foreign_Dealer_Self,0
2024-12-20,2412,643990,Investment_Trust,36183
2024-12-20,2412,44000,Dealer_self,98000
2024-12-20,2412,2000,Dealer_Hedging,1000
2024-12-23,2412,2739398,Foreign_Investor,1250833
2024-12-23,2412,0,Foreign_Dealer_Self,0
2024-12-23,2412,65972,Investment_Trust,0
2024-12-23,2412,123000,Dealer_self,0
2024-12-23,2412,41994,Dealer_Hedging,289
2024-12-24,2412,1803845,Foreign_Investor,1281624
2024-12-24,2412,0,Foreign_Dealer_Self,0
2024-12-24,2412,5000,Investment_Trust,51000
2024-12-24,2412,589000,Dealer_self,0
2024-12-24,2412,22000,Dealer_Hedging,4000
2024-12-25,2412,604364,Foreign_Investor,381000
2024-12-25,2412,0,Foreign_Dealer_Self,0
2024-12-25,2412,132000,Investment_Trust,21000
2024-12-25,2412,347000,Dealer_self,0
2024-12-25,2412,10000,Dealer_Hedging,16000
2024-12-26,2412,257005,Foreign_Investor,302000
2024-12-26,2412,0,Foreign_Dealer_Self,0
2024-12-26,2412,64000,Investment_Trust,143000
2024-12-26,2412,295000,Dealer_self,0
2024-12-26,2412,18,Dealer_Hedging,500
2024-12-27,2412,908000,Foreign_Investor,1471180
2024-12-27,2412,0,Foreign_Dealer_Self,0
2024-12-27,2412,257000,Investment_Trust,40183
2024-12-27,2412,290000,Dealer_self,0
2024-12-27,2412,3998,Dealer_Hedging,3000
2024-12-30,2412,720350,Foreign_Investor,1618872
2024-12-30,2412,0,Foreign_Dealer_Self,0
2024-12-30,2412,56874,Investment_Trust,186951
2024-12-30,2412,0,Dealer_self,0
2024-12-30,2412,10000,Dealer_Hedging,4000
2024-12-31,2412,2686711,Foreign_Investor,6686270
2024-12-31,2412,0,Foreign_Dealer_Self,0
2024-12-31,2412,203267,Investment_Trust,125297
2024-12-31,2412,66000,Dealer_self,59000
2024-12-31,2412,4000,Dealer_Hedging,17000
2025-01-02,2412,675538,Foreign_Investor,7953000
2025-01-02,2412,0,Foreign_Dealer_Self,0
2025-01-02,2412,332140,Investment_Trust,14366
2025-01-02,2412,14000,Dealer_self,549000
2025-01-02,2412,11000,Dealer_Hedging,25000
2025-01-03,2412,455719,Foreign_Investor,1981498
2025-01-03,2412,0,Foreign_Dealer_Self,0
2025-01-03,2412,267000,Investment_Trust,19000
2025-01-03,2412,9000,Dealer_self,21000
2025-01-03,2412,52000,Dealer_Hedging,2000
2025-01-06,2412,0,Foreign_Dealer_Self,0
2025-01-06,2412,207000,Investment_Trust,46000
2025-01-06,2412,50000,Dealer_self,53000
2025-01-06,2412,76000,Dealer_Hedging,0
2025-01-06,2412,3202216,Foreign_Investor,2202949
2025-01-07,2412,796180,Foreign_Investor,3758606
2025-01-07,2412,0,Foreign_Dealer_Self,0
2025-01-07,2412,75000,Investment_Trust,105000
2025-01-07,2412,0,Dealer_self,0
2025-01-07,2412,625,Dealer_Hedging,4000
2025-01-08,2412,1509106,Foreign_Investor,3089913
2025-01-08,2412,0,Foreign_Dealer_Self,0
2025-01-08,2412,150000,Investment_Trust,162450
2025-01-08,2412,0,Dealer_self,0
2025-01-08,2412,3998,Dealer_Hedging,11000
2025-01-09,2412,427381,Foreign_Investor,4027923
2025-01-09,2412,0,Foreign_Dealer_Self,0
2025-01-09,2412,22000,Investment_Trust,0
2025-01-09,2412,0,Dealer_self,63000
2025-01-09,2412,1480,Dealer_Hedging,22000
2025-01-10,2412,1244791,Foreign_Investor,3538151
2025-01-10,2412,0,Foreign_Dealer_Self,0
2025-01-10,2412,305000,Investment_Trust,14000
2025-01-10,2412,3000,Dealer_self,66000
2025-01-10,2412,15000,Dealer_Hedging,48000
2025-01-13,2412,2420898,Foreign_Investor,4922495
2025-01-13,2412,0,Foreign_Dealer_Self,0
2025-01-13,2412,680000,Investment_Trust,3140
2025-01-13,2412,88000,Dealer_self,153000
2025-01-13,2412,23000,Dealer_Hedging,48000
2025-01-14,2412,2171340,Foreign_Investor,2857062
2025-01-14,2412,0,Foreign_Dealer_Self,0
2025-01-14,2412,573000,Investment_Trust,0
2025-01-14,2412,0,Dealer_self,38000
2025-01-14,2412,53000,Dealer_Hedging,8000
2025-01-15,2412,1361728,Foreign_Investor,2584191
2025-01-15,2412,0,Foreign_Dealer_Self,0
2025-01-15,2412,195000,Investment_Trust,2000
2025-01-15,2412,2000,Dealer_self,14000
2025-01-15,2412,46000,Dealer_Hedging,0
2025-01-16,2412,1245750,Foreign_Investor,862441
2025-01-16,2412,0,Foreign_Dealer_Self,0
2025-01-16,2412,300000,Investment_Trust,579000
2025-01-16,2412,384000,Dealer_self,65000
2025-01-16,2412,104000,Dealer_Hedging,23000
2025-01-17,2412,0,Foreign_Dealer_Self,0
2025-01-17,2412,1059000,Investment_Trust,33140
2025-01-17,2412,52000,Dealer_self,0
2025-01-17,2412,0,Dealer_Hedging,78000
2025-01-17,2412,1333357,Foreign_Investor,1661012
2025-01-20,2412,695204,Foreign_Investor,952390
2025-01-20,2412,0,Foreign_Dealer_Self,0
2025-01-20,2412,57000,Investment_Trust,151650
2025-01-20,2412,10000,Dealer_self,0
2025-01-20,2412,16000,Dealer_Hedging,25064
2025-01-21,2412,959599,Foreign_Investor,1529677
2025-01-21,2412,0,Foreign_Dealer_Self,0
2025-01-21,2412,67000,Investment_Trust,122140
2025-01-21,2412,131000,Dealer_self,0
2025-01-21,2412,2000,Dealer_Hedging,24000
2025-01-22,2412,3138843,Foreign_Investor,1865884
2025-01-22,2412,0,Foreign_Dealer_Self,0
2025-01-22,2412,118000,Investment_Trust,12648
2025-01-22,2412,119000,Dealer_self,0
2025-01-22,2412,11000,Dealer_Hedging,0
2025-02-03,2412,0,Foreign_Dealer_Self,0
2025-02-03,2412,1258837,Investment_Trust,53081
2025-02-03,2412,262000,Dealer_self,331000
2025-02-03,2412,386000,Dealer_Hedging,42000
2025-02-03,2412,8048217,Foreign_Investor,3339513
2025-02-04,2412,4648039,Foreign_Investor,5665941
2025-02-04,2412,0,Foreign_Dealer_Self,0
2025-02-04,2412,339000,Investment_Trust,20807
2025-02-04,2412,11000,Dealer_self,66000
2025-02-04,2412,16872,Dealer_Hedging,92000
2025-02-05,2412,5823932,Foreign_Investor,3214903
2025-02-05,2412,0,Foreign_Dealer_Self,0
2025-02-05,2412,331000,Investment_Trust,6219
2025-02-05,2412,36000,Dealer_self,0
2025-02-05,2412,32000,Dealer_Hedging,4000
2025-02-06,2412,3403412,Foreign_Investor,1236529
2025-02-06,2412,0,Foreign_Dealer_Self,0
2025-02-06,2412,2798,Dealer_self,6000
2025-02-06,2412,3000,Dealer_Hedging,10000
2025-02-06,2412,336416,Investment_Trust,87221
2025-02-07,2412,946383,Foreign_Investor,4534368
2025-02-07,2412,0,Foreign_Dealer_Self,0
2025-02-07,2412,125000,Investment_Trust,91142
2025-02-07,2412,5000,Dealer_self,0
2025-02-07,2412,22000,Dealer_Hedging,0
2025-02-10,2412,1442074,Foreign_Investor,2608119
2025-02-10,2412,0,Foreign_Dealer_Self,0
2025-02-10,2412,317832,Investment_Trust,168970
2025-02-10,2412,23000,Dealer_self,155000
2025-02-10,2412,11000,Dealer_Hedging,3087
2025-02-11,2412,785000,Foreign_Investor,1215010
2025-02-11,2412,0,Foreign_Dealer_Self,0
2025-02-11,2412,215000,Investment_Trust,37331
2025-02-11,2412,2000,Dealer_self,20000
2025-02-11,2412,4938,Dealer_Hedging,1000
2025-02-12,2412,3145160,Foreign_Investor,2346478
2025-02-12,2412,0,Foreign_Dealer_Self,0
2025-02-12,2412,146000,Investment_Trust,95327
2025-02-12,2412,3000,Dealer_self,60000
2025-02-12,2412,5000,Dealer_Hedging,2000
2025-02-13,2412,2620000,Foreign_Investor,3277635
2025-02-13,2412,0,Foreign_Dealer_Self,0
2025-02-13,2412,161416,Investment_Trust,112436
2025-02-13,2412,67000,Dealer_self,0
2025-02-13,2412,66000,Dealer_Hedging,1000
2025-02-14,2412,1419000,Foreign_Investor,1346000
2025-02-14,2412,0,Foreign_Dealer_Self,0
2025-02-14,2412,186416,Investment_Trust,101771
2025-02-14,2412,0,Dealer_self,0
2025-02-14,2412,0,Dealer_Hedging,20000
2025-02-17,2412,1408946,Foreign_Investor,1691320
2025-02-17,2412,0,Foreign_Dealer_Self,0
2025-02-17,2412,150416,Investment_Trust,260439
2025-02-17,2412,87000,Dealer_self,0
2025-02-17,2412,66000,Dealer_Hedging,0
2025-02-18,2412,1733437,Foreign_Investor,838945
2025-02-18,2412,0,Foreign_Dealer_Self,0
2025-02-18,2412,121000,Investment_Trust,106419
2025-02-18,2412,18000,Dealer_self,46000
2025-02-18,2412,13000,Dealer_Hedging,0
2025-02-19,2412,4234000,Foreign_Investor,4699000
2025-02-19,2412,0,Foreign_Dealer_Self,0
2025-02-19,2412,25000,Investment_Trust,1224440
2025-02-19,2412,3000,Dealer_self,260000
2025-02-19,2412,16999,Dealer_Hedging,59000
2025-02-20,2412,1127892,Foreign_Investor,2141166
2025-02-20,2412,0,Foreign_Dealer_Self,0
2025-02-20,2412,14000,Investment_Trust,204869
2025-02-20,2412,60000,Dealer_self,0
2025-02-20,2412,10000,Dealer_Hedging,45000
2025-02-21,2412,0,Foreign_Dealer_Self,0
2025-02-21,2412,29000,Investment_Trust,93769
2025-02-21,2412,24000,Dealer_self,0
2025-02-21,2412,27000,Dealer_Hedging,3000
2025-02-21,2412,2157154,Foreign_Investor,1830091
2025-02-24,2412,0,Foreign_Dealer_Self,0
2025-02-24,2412,68000,Investment_Trust,38091
2025-02-24,2412,9000,Dealer_self,0
2025-02-24,2412,0,Dealer_Hedging,2000
2025-02-24,2412,1773769,Foreign_Investor,2599000
2025-02-25,2412,1126380,Foreign_Investor,2080200
2025-02-25,2412,0,Foreign_Dealer_Self,0
2025-02-25,2412,135292,Investment_Trust,39482
2025-02-25,2412,60000,Dealer_self,139000
2025-02-25,2412,1000,Dealer_Hedging,51000
2025-02-26,2412,4875671,Foreign_Investor,1628907
2025-02-26,2412,0,Foreign_Dealer_Self,0
2025-02-26,2412,154292,Investment_Trust,92705
2025-02-26,2412,25000,Dealer_self,58000
2025-02-26,2412,77000,Dealer_Hedging,0
2025-02-27,2412,0,Foreign_Dealer_Self,0
2025-02-27,2412,426381,Investment_Trust,97482
2025-02-27,2412,112000,Dealer_self,47000
2025-02-27,2412,31000,Dealer_Hedging,3000
2025-02-27,2412,13004559,Foreign_Investor,11337335
2025-03-03,2412,3435976,Foreign_Investor,3646236
2025-03-03,2412,0,Foreign_Dealer_Self,0
2025-03-03,2412,1089463,Investment_Trust,47000
2025-03-03,2412,95000,Dealer_self,27000
2025-03-03,2412,295873,Dealer_Hedging,0
2025-03-04,2412,1913867,Foreign_Investor,4312218
2025-03-04,2412,0,Foreign_Dealer_Self,0
2025-03-04,2412,771292,Investment_Trust,140000
2025-03-04,2412,154000,Dealer_self,159000
2025-03-04,2412,105000,Dealer_Hedging,17000
2025-03-05,2412,3851004,Foreign_Investor,3026753
2025-03-05,2412,0,Foreign_Dealer_Self,0
2025-03-05,2412,64000,Investment_Trust,69456
2025-03-05,2412,73000,Dealer_self,83000
2025-03-05,2412,22000,Dealer_Hedging,13998
2025-03-06,2412,0,Foreign_Dealer_Self,0
2025-03-06,2412,138000,Investment_Trust,136456
2025-03-06,2412,62000,Dealer_self,0
2025-03-06,2412,8000,Dealer_Hedging,0
2025-03-06,2412,3633513,Foreign_Investor,2688706
2025-03-07,2412,3757178,Foreign_Investor,4166206
2025-03-07,2412,0,Foreign_Dealer_Self,0
2025-03-07,2412,215000,Investment_Trust,23000
2025-03-07,2412,6000,Dealer_self,0
2025-03-07,2412,4000,Dealer_Hedging,40000
2025-03-10,2412,2525814,Foreign_Investor,2375931
2025-03-10,2412,0,Foreign_Dealer_Self,0
2025-03-10,2412,629292,Investment_Trust,61000
2025-03-10,2412,4000,Dealer_self,173000
2025-03-10,2412,22000,Dealer_Hedging,4052
2025-03-11,2412,4812491,Foreign_Investor,5808842
2025-03-11,2412,0,Foreign_Dealer_Self,0
2025-03-11,2412,1248876,Investment_Trust,48000
2025-03-11,2412,315000,Dealer_self,744000
2025-03-11,2412,71000,Dealer_Hedging,11547
2025-03-12,2412,3149859,Foreign_Investor,1715787
2025-03-12,2412,0,Foreign_Dealer_Self,0
2025-03-12,2412,122000,Investment_Trust,61000
2025-03-12,2412,147000,Dealer_self,213000
2025-03-12,2412,32945,Dealer_Hedging,0
2025-03-13,2412,2473585,Foreign_Investor,1192649
2025-03-13,2412,0,Foreign_Dealer_Self,0
2025-03-13,2412,254000,Investment_Trust,20000
2025-03-13,2412,2000,Dealer_self,0
2025-03-13,2412,14967,Dealer_Hedging,1000
2025-03-14,2412,8489291,Foreign_Investor,2994284
2025-03-14,2412,0,Foreign_Dealer_Self,0
2025-03-14,2412,771291,Investment_Trust,72000
2025-03-14,2412,74000,Dealer_self,98000
2025-03-14,2412,52619,Dealer_Hedging,23946
2025-03-17,2412,2935796,Foreign_Investor,2006582
2025-03-17,2412,0,Foreign_Dealer_Self,0
2025-03-17,2412,386000,Investment_Trust,88000
2025-03-17,2412,35000,Dealer_self,5000
2025-03-17,2412,32000,Dealer_Hedging,5000
2025-03-18,2412,5764260,Foreign_Investor,1668796
2025-03-18,2412,0,Foreign_Dealer_Self,0
2025-03-18,2412,173000,Investment_Trust,102000
2025-03-18,2412,57000,Dealer_self,2000
2025-03-18,2412,152022,Dealer_Hedging,4000
2025-03-19,2412,2809240,Foreign_Investor,3000772
2025-03-19,2412,0,Foreign_Dealer_Self,0
2025-03-19,2412,177000,Investment_Trust,11000
2025-03-19,2412,128000,Dealer_self,214000
2025-03-19,2412,332102,Dealer_Hedging,3000
2025-03-20,2412,5512000,Foreign_Investor,1207529
2025-03-20,2412,0,Foreign_Dealer_Self,0
2025-03-20,2412,254000,Investment_Trust,44000
2025-03-20,2412,89000,Dealer_self,0
2025-03-20,2412,50446,Dealer_Hedging,3000
2025-03-21,2412,0,Foreign_Dealer_Self,0
2025-03-21,2412,455445,Investment_Trust,326000
2025-03-21,2412,3000,Dealer_self,2000
2025-03-21,2412,7098,Dealer_Hedging,22999
2025-03-21,2412,12535631,Foreign_Investor,5360607
2025-03-24,2412,2335446,Foreign_Investor,1389000
2025-03-24,2412,0,Foreign_Dealer_Self,0
2025-03-24,2412,329000,Investment_Trust,68253
2025-03-24,2412,10000,Dealer_self,0
2025-03-24,2412,14001,Dealer_Hedging,31000
2025-03-25,2412,2792943,Foreign_Investor,2028255
2025-03-25,2412,0,Foreign_Dealer_Self,0
2025-03-25,2412,267000,Investment_Trust,9000
2025-03-25,2412,2000,Dealer_self,0
2025-03-25,2412,35921,Dealer_Hedging,21000
2025-03-26,2412,1432060,Foreign_Investor,1302000
2025-03-26,2412,0,Foreign_Dealer_Self,0
2025-03-26,2412,373000,Investment_Trust,1000
2025-03-26,2412,104000,Dealer_self,0
2025-03-26,2412,34367,Dealer_Hedging,2833
2025-03-27,2412,5442923,Foreign_Investor,2296000
2025-03-27,2412,0,Foreign_Dealer_Self,0
2025-03-27,2412,680000,Investment_Trust,22000
2025-03-27,2412,2000,Dealer_self,13000
2025-03-27,2412,41039,Dealer_Hedging,19000
2025-03-28,2412,3286144,Foreign_Investor,1894090
2025-03-28,2412,0,Foreign_Dealer_Self,0
2025-03-28,2412,667000,Investment_Trust,0
2025-03-28,2412,116000,Dealer_self,4000
2025-03-28,2412,40374,Dealer_Hedging,48628
2025-03-31,2412,8150026,Foreign_Investor,6461438
2025-03-31,2412,0,Foreign_Dealer_Self,0
2025-03-31,2412,1228301,Investment_Trust,109000
2025-03-31,2412,314000,Dealer_self,304000
2025-03-31,2412,152224,Dealer_Hedging,73000
2025-04-01,2412,4791172,Foreign_Investor,2794331
2025-04-01,2412,0,Foreign_Dealer_Self,0
2025-04-01,2412,812000,Investment_Trust,20000
2025-04-01,2412,47000,Dealer_self,186000
2025-04-01,2412,82576,Dealer_Hedging,6000
2025-04-02,2412,0,Foreign_Dealer_Self,0
2025-04-02,2412,160000,Investment_Trust,0
2025-04-02,2412,1000,Dealer_self,64000
2025-04-02,2412,26992,Dealer_Hedging,12997
2025-04-02,2412,4844051,Foreign_Investor,1903685
2025-04-07,2412,15103642,Foreign_Investor,18503430
2025-04-07,2412,0,Foreign_Dealer_Self,0
2025-04-07,2412,376000,Investment_Trust,100000
2025-04-07,2412,344240,Dealer_self,128000
2025-04-07,2412,112580,Dealer_Hedging,111616
2025-04-08,2412,0,Foreign_Dealer_Self,0
2025-04-08,2412,1443261,Investment_Trust,135000
2025-04-08,2412,425000,Dealer_self,384853
2025-04-08,2412,262999,Dealer_Hedging,261575
2025-04-08,2412,14433756,Foreign_Investor,12710639
2025-04-09,2412,16434272,Foreign_Investor,12328677
2025-04-09,2412,0,Foreign_Dealer_Self,0
2025-04-09,2412,555818,Dealer_self,215000
2025-04-09,2412,396000,Dealer_Hedging,146548
2025-04-09,2412,3995071,Investment_Trust,170000
2025-04-10,2412,11456187,Foreign_Investor,9609868
2025-04-10,2412,0,Foreign_Dealer_Self,0
2025-04-10,2412,3364203,Investment_Trust,115000
2025-04-10,2412,257000,Dealer_self,466000
2025-04-10,2412,222000,Dealer_Hedging,138608
2025-04-11,2412,13246136,Foreign_Investor,6301462
2025-04-11,2412,0,Foreign_Dealer_Self,0
2025-04-11,2412,16000,Dealer_self,255000
2025-04-11,2412,180000,Dealer_Hedging,10000
2025-04-11,2412,3401976,Investment_Trust,915000
2025-04-14,2412,7460009,Foreign_Investor,5890577
2025-04-14,2412,0,Foreign_Dealer_Self,0
2025-04-14,2412,192000,Investment_Trust,542957
2025-04-14,2412,8000,Dealer_self,265000
2025-04-14,2412,53000,Dealer_Hedging,22254
2025-04-15,2412,10798766,Foreign_Investor,3812176
2025-04-15,2412,0,Foreign_Dealer_Self,0
2025-04-15,2412,168361,Investment_Trust,37764
2025-04-15,2412,0,Dealer_self,267000
2025-04-15,2412,0,Dealer_Hedging,12587
2025-04-16,2412,9789720,Foreign_Investor,6424839
2025-04-16,2412,0,Foreign_Dealer_Self,0
2025-04-16,2412,219000,Investment_Trust,14943
2025-04-16,2412,0,Dealer_self,245000
2025-04-16,2412,135000,Dealer_Hedging,89000
2025-04-17,2412,4420242,Foreign_Investor,2201800
2025-04-17,2412,0,Foreign_Dealer_Self,0
2025-04-17,2412,129000,Investment_Trust,70070
2025-04-17,2412,138000,Dealer_self,2000
2025-04-17,2412,2000,Dealer_Hedging,33448
2025-04-18,2412,2356150,Foreign_Investor,1291515
2025-04-18,2412,0,Foreign_Dealer_Self,0
2025-04-18,2412,157000,Investment_Trust,101135
2025-04-18,2412,10000,Dealer_self,12000
2025-04-18,2412,9498,Dealer_Hedging,31057
2025-04-21,2412,1558010,Foreign_Investor,2274000
2025-04-21,2412,0,Foreign_Dealer_Self,0
2025-04-21,2412,171000,Investment_Trust,5000
2025-04-21,2412,36000,Dealer_self,30000
2025-04-21,2412,102762,Dealer_Hedging,43000
2025-04-22,2412,4725640,Foreign_Investor,3519142
2025-04-22,2412,0,Foreign_Dealer_Self,0
2025-04-22,2412,421000,Investment_Trust,16000
2025-04-22,2412,41000,Dealer_self,55000
2025-04-22,2412,48126,Dealer_Hedging,4000
2025-04-23,2412,2999431,Foreign_Investor,5038044
2025-04-23,2412,0,Foreign_Dealer_Self,0
2025-04-23,2412,55000,Investment_Trust,523865
2025-04-23,2412,56000,Dealer_self,58000
2025-04-23,2412,124524,Dealer_Hedging,86573
2025-04-24,2412,0,Foreign_Dealer_Self,0
2025-04-24,2412,40000,Investment_Trust,34398
2025-04-24,2412,42000,Dealer_self,60000
2025-04-24,2412,34000,Dealer_Hedging,57936
2025-04-24,2412,3525775,Foreign_Investor,3482500
2025-04-25,2412,3060650,Foreign_Investor,2672000
2025-04-25,2412,0,Foreign_Dealer_Self,0
2025-04-25,2412,37000,Investment_Trust,1675056
2025-04-25,2412,25000,Dealer_self,8000
2025-04-25,2412,45370,Dealer_Hedging,15393
2025-04-28,2412,6941100,Foreign_Investor,3183267
2025-04-28,2412,0,Foreign_Dealer_Self,0
2025-04-28,2412,67000,Investment_Trust,3863786
2025-04-28,2412,0,Dealer_self,15000
2025-04-28,2412,88164,Dealer_Hedging,24908
2025-04-29,2412,0,Foreign_Dealer_Self,0
2025-04-29,2412,33000,Investment_Trust,51936
2025-04-29,2412,24000,Dealer_self,5000
2025-04-29,2412,26516,Dealer_Hedging,42000
2025-04-29,2412,9088493,Foreign_Investor,3189000
2025-04-30,2412,6982692,Foreign_Investor,2242177
2025-04-30,2412,0,Foreign_Dealer_Self,0
2025-04-30,2412,25000,Investment_Trust,246468
2025-04-30,2412,5000,Dealer_self,179000
2025-04-30,2412,18183,Dealer_Hedging,64995
2025-05-02,2412,2529850,Foreign_Investor,3263000
2025-05-02,2412,0,Foreign_Dealer_Self,0
2025-05-02,2412,0,Investment_Trust,416779
2025-05-02,2412,5000,Dealer_self,7000
2025-05-02,2412,32955,Dealer_Hedging,31311
2025-05-05,2412,7324566,Foreign_Investor,2341000
2025-05-05,2412,0,Foreign_Dealer_Self,0
2025-05-05,2412,85000,Investment_Trust,243214
2025-05-05,2412,115000,Dealer_self,111000
2025-05-05,2412,23569,Dealer_Hedging,220996
2025-05-06,2412,10932809,Foreign_Investor,3948000
2025-05-06,2412,0,Foreign_Dealer_Self,0
2025-05-06,2412,78000,Investment_Trust,113051
2025-05-06,2412,30000,Dealer_self,308967
2025-05-06,2412,20004,Dealer_Hedging,207635
2025-05-07,2412,0,Foreign_Dealer_Self,0
2025-05-07,2412,7000,Investment_Trust,47291
2025-05-07,2412,10000,Dealer_self,105000
2025-05-07,2412,48291,Dealer_Hedging,382335
2025-05-07,2412,9068516,Foreign_Investor,6060666
2025-05-08,2412,0,Foreign_Dealer_Self,0
2025-05-08,2412,0,Investment_Trust,40641
2025-05-08,2412,73000,Dealer_self,1000
2025-05-08,2412,23609,Dealer_Hedging,22304
2025-05-08,2412,4210957,Foreign_Investor,3958979
2025-05-09,2412,7431327,Foreign_Investor,3783781
2025-05-09,2412,0,Foreign_Dealer_Self,0
2025-05-09,2412,8000,Investment_Trust,102952
2025-05-09,2412,0,Dealer_self,132000
2025-05-09,2412,57971,Dealer_Hedging,28166
2025-05-12,2412,3625017,Foreign_Investor,2266000
2025-05-12,2412,0,Foreign_Dealer_Self,0
2025-05-12,2412,0,Investment_Trust,167014
2025-05-12,2412,60000,Dealer_self,114000
2025-05-12,2412,40608,Dealer_Hedging,26262
2025-05-13,2412,0,Foreign_Dealer_Self,0
2025-05-13,2412,34000,Investment_Trust,222270
2025-05-13,2412,168000,Dealer_self,60000
2025-05-13,2412,18898,Dealer_Hedging,20836
2025-05-13,2412,4251413,Foreign_Investor,5389764
2025-05-14,2412,0,Foreign_Dealer_Self,0
2025-05-14,2412,42000,Investment_Trust,265538
2025-05-14,2412,858000,Dealer_self,18000
2025-05-14,2412,160158,Dealer_Hedging,46427
2025-05-14,2412,3774851,Foreign_Investor,8067408
2025-05-15,2412,0,Foreign_Dealer_Self,0
2025-05-15,2412,298000,Investment_Trust,68035
2025-05-15,2412,62000,Dealer_self,16000
2025-05-15,2412,15123,Dealer_Hedging,112130
2025-05-15,2412,6321396,Foreign_Investor,2732361
2025-05-16,2412,2545010,Foreign_Investor,2904000
2025-05-16,2412,0,Foreign_Dealer_Self,0
2025-05-16,2412,2000,Investment_Trust,26925
2025-05-16,2412,25000,Dealer_self,52000
2025-05-16,2412,33693,Dealer_Hedging,47995
2025-05-19,2412,2821173,Foreign_Investor,2639000
2025-05-19,2412,0,Foreign_Dealer_Self,0
2025-05-19,2412,125000,Investment_Trust,240877
2025-05-19,2412,233000,Dealer_self,52000
2025-05-19,2412,12995,Dealer_Hedging,41000
2025-05-20,2412,0,Foreign_Dealer_Self,0
2025-05-20,2412,126000,Investment_Trust,72353
2025-05-20,2412,103000,Dealer_self,74000
2025-05-20,2412,14284,Dealer_Hedging,12007
2025-05-20,2412,5862732,Foreign_Investor,2457974
2025-05-21,2412,4526650,Foreign_Investor,3265492
2025-05-21,2412,0,Foreign_Dealer_Self,0
2025-05-21,2412,853000,Investment_Trust,74288
2025-05-21,2412,53000,Dealer_self,0
2025-05-21,2412,210056,Dealer_Hedging,26870
2025-05-22,2412,6267206,Foreign_Investor,3206860
2025-05-22,2412,0,Foreign_Dealer_Self,0
2025-05-22,2412,0,Investment_Trust,91920
2025-05-22,2412,35000,Dealer_self,60000
2025-05-22,2412,18595,Dealer_Hedging,76864
2025-05-23,2412,1511655,Foreign_Investor,2732692
2025-05-23,2412,0,Foreign_Dealer_Self,0
2025-05-23,2412,270000,Investment_Trust,32139
2025-05-23,2412,8000,Dealer_self,114000
2025-05-23,2412,25310,Dealer_Hedging,128138
2025-05-26,2412,5032603,Foreign_Investor,3074906
2025-05-26,2412,0,Foreign_Dealer_Self,0
2025-05-26,2412,230000,Investment_Trust,228884
2025-05-26,2412,5000,Dealer_self,260000
2025-05-26,2412,44122,Dealer_Hedging,249575
2025-05-27,2412,0,Foreign_Dealer_Self,0
2025-05-27,2412,0,Investment_Trust,2469722
2025-05-27,2412,306000,Dealer_self,608000
2025-05-27,2412,71571,Dealer_Hedging,161574
2025-05-27,2412,6363614,Foreign_Investor,5072244
2025-05-28,2412,5716946,Foreign_Investor,4803224
2025-05-28,2412,0,Foreign_Dealer_Self,0
2025-05-28,2412,12000,Investment_Trust,5244667
2025-05-28,2412,252000,Dealer_self,96000
2025-05-28,2412,95116,Dealer_Hedging,114079
2025-05-29,2412,0,Foreign_Dealer_Self,0
2025-05-29,2412,1256,Investment_Trust,6180000
2025-05-29,2412,1121000,Dealer_self,117000
2025-05-29,2412,9000,Dealer_Hedging,12515
2025-05-29,2412,18946391,Foreign_Investor,18438139
2025-06-02,2412,8219817,Foreign_Investor,5972813
2025-06-02,2412,0,Foreign_Dealer_Self,0
2025-06-02,2412,0,Investment_Trust,904937
2025-06-02,2412,122000,Dealer_self,335000
2025-06-02,2412,117159,Dealer_Hedging,129191
2025-06-03,2412,15097689,Foreign_Investor,4677713
2025-06-03,2412,0,Foreign_Dealer_Self,0
2025-06-03,2412,9000,Investment_Trust,13196799
2025-06-03,2412,1856000,Dealer_self,62000
2025-06-03,2412,125376,Dealer_Hedging,127620
2025-06-04,2412,0,Foreign_Dealer_Self,0
2025-06-04,2412,13000,Investment_Trust,3847474
2025-06-04,2412,907000,Dealer_self,44000
2025-06-04,2412,51000,Dealer_Hedging,45897
2025-06-04,2412,3728245,Foreign_Investor,4161260
2025-06-05,2412,3084211,Foreign_Investor,2995700
2025-06-05,2412,0,Foreign_Dealer_Self,0
2025-06-05,2412,403000,Dealer_self,123000
2025-06-05,2412,27433,Dealer_Hedging,25565
2025-06-05,2412,0,Investment_Trust,1207644
2025-06-06,2412,2923964,Foreign_Investor,678053
2025-06-06,2412,0,Foreign_Dealer_Self,0
2025-06-06,2412,8000,Investment_Trust,9111
2025-06-06,2412,689000,Dealer_self,0
2025-06-06,2412,43421,Dealer_Hedging,25318
2025-06-09,2412,3301449,Foreign_Investor,1562536
2025-06-09,2412,0,Foreign_Dealer_Self,0
2025-06-09,2412,0,Investment_Trust,36390
2025-06-09,2412,83000,Dealer_self,8000
2025-06-09,2412,64136,Dealer_Hedging,48571
2025-06-10,2412,0,Foreign_Dealer_Self,0
2025-06-10,2412,4000,Investment_Trust,161206
2025-06-10,2412,543000,Dealer_self,88000
2025-06-10,2412,68527,Dealer_Hedging,55077
2025-06-10,2412,3778508,Foreign_Investor,3165182
2025-06-11,2412,2047578,Foreign_Investor,2974402
2025-06-11,2412,0,Foreign_Dealer_Self,0
2025-06-11,2412,0,Investment_Trust,101835
2025-06-11,2412,453000,Dealer_self,51000
2025-06-11,2412,56712,Dealer_Hedging,73197
2025-06-12,2412,0,Foreign_Dealer_Self,0
2025-06-12,2412,0,Investment_Trust,146997
2025-06-12,2412,1991000,Dealer_self,0
2025-06-12,2412,37632,Dealer_Hedging,40794
2025-06-12,2412,1690008,Foreign_Investor,2989047
2025-06-13,2412,5208904,Foreign_Investor,2584151
2025-06-13,2412,0,Foreign_Dealer_Self,0
2025-06-13,2412,0,Investment_Trust,45528
2025-06-13,2412,599000,Dealer_self,624000
2025-06-13,2412,74082,Dealer_Hedging,110156
2025-06-16,2412,5265115,Foreign_Investor,5231000
2025-06-16,2412,0,Foreign_Dealer_Self,0
2025-06-16,2412,0,Investment_Trust,6361
2025-06-16,2412,906000,Dealer_self,99000
2025-06-16,2412,72638,Dealer_Hedging,83000
2025-06-17,2412,3234284,Foreign_Investor,5033006
2025-06-17,2412,0,Foreign_Dealer_Self,0
2025-06-17,2412,0,Investment_Trust,49975
2025-06-17,2412,932000,Dealer_self,324000
2025-06-17,2412,12417,Dealer_Hedging,74000
2025-06-18,2412,0,Foreign_Dealer_Self,0
2025-06-18,2412,7000,Investment_Trust,28208
2025-06-18,2412,364000,Dealer_self,455000
2025-06-18,2412,196425,Dealer_Hedging,48345
2025-06-18,2412,3761501,Foreign_Investor,3625421
2025-06-19,2412,2145123,Foreign_Investor,4213000
2025-06-19,2412,0,Foreign_Dealer_Self,0
2025-06-19,2412,0,Investment_Trust,32112
2025-06-19,2412,610000,Dealer_self,986000
2025-06-19,2412,99000,Dealer_Hedging,1000
2025-06-20,2412,0,Foreign_Dealer_Self,0
2025-06-20,2412,65000,Investment_Trust,190361
2025-06-20,2412,384000,Dealer_self,58000
2025-06-20,2412,84953,Dealer_Hedging,49788
2025-06-20,2412,4574126,Foreign_Investor,4878322
2025-06-23,2412,1719088,Foreign_Investor,2822305
2025-06-23,2412,0,Foreign_Dealer_Self,0
2025-06-23,2412,10000,Investment_Trust,50520
2025-06-23,2412,593000,Dealer_self,109000
2025-06-23,2412,87605,Dealer_Hedging,120836
2025-06-24,2412,3250779,Foreign_Investor,5319759
2025-06-24,2412,0,Foreign_Dealer_Self,0
2025-06-24,2412,20000,Investment_Trust,27669
2025-06-24,2412,838000,Dealer_self,120000
2025-06-24,2412,120174,Dealer_Hedging,104612
2025-06-25,2412,2816564,Foreign_Investor,2177941
2025-06-25,2412,0,Foreign_Dealer_Self,0
2025-06-25,2412,269000,Investment_Trust,34255
2025-06-25,2412,278000,Dealer_self,23000
2025-06-25,2412,95152,Dealer_Hedging,83000
2025-06-26,2412,5426658,Foreign_Investor,5216687
2025-06-26,2412,0,Foreign_Dealer_Self,0
2025-06-26,2412,318000,Investment_Trust,95948
2025-06-26,2412,421000,Dealer_self,349000
2025-06-26,2412,87000,Dealer_Hedging,78848
2025-06-27,2412,4712551,Foreign_Investor,5272606
2025-06-27,2412,0,Foreign_Dealer_Self,0
2025-06-27,2412,350000,Investment_Trust,230890
2025-06-27,2412,719000,Dealer_self,556899
2025-06-27,2412,143486,Dealer_Hedging,353491
2025-06-30,2412,3672114,Foreign_Investor,7018579
2025-06-30,2412,0,Foreign_Dealer_Self,0
2025-06-30,2412,617686,Investment_Trust,73057
2025-06-30,2412,140845,Dealer_self,222000
2025-06-30,2412,112000,Dealer_Hedging,148822
2025-07-01,2412,8214140,Foreign_Investor,7514805
2025-07-01,2412,0,Foreign_Dealer_Self,0
2025-07-01,2412,680691,Investment_Trust,2409003
2025-07-01,2412,991000,Dealer_self,35000
2025-07-01,2412,322000,Dealer_Hedging,402257
2025-07-02,2412,3916260,Foreign_Investor,5159237
2025-07-02,2412,0,Foreign_Dealer_Self,0
2025-07-02,2412,771000,Investment_Trust,3000
2025-07-02,2412,170000,Dealer_self,180000
2025-07-02,2412,100896,Dealer_Hedging,201621
2025-07-03,2412,12226211,Foreign_Investor,3532518
2025-07-03,2412,0,Foreign_Dealer_Self,0
2025-07-03,2412,170000,Investment_Trust,1073289
2025-07-03,2412,161000,Dealer_self,2448000
2025-07-03,2412,446948,Dealer_Hedging,136042
2025-07-04,2412,13631360,Foreign_Investor,5768383
2025-07-04,2412,0,Foreign_Dealer_Self,0
2025-07-04,2412,0,Investment_Trust,261765
2025-07-04,2412,77000,Dealer_self,110000
2025-07-04,2412,225758,Dealer_Hedging,197834
2025-07-07,2412,7843438,Foreign_Investor,4983277
2025-07-07,2412,0,Foreign_Dealer_Self,0
2025-07-07,2412,0,Investment_Trust,304613
2025-07-07,2412,6000,Dealer_self,0
2025-07-07,2412,340000,Dealer_Hedging,306429
2025-07-08,2412,3857808,Foreign_Investor,2822721
2025-07-08,2412,0,Foreign_Dealer_Self,0
2025-07-08,2412,8526,Investment_Trust,520000
2025-07-08,2412,100000,Dealer_self,0
2025-07-08,2412,198000,Dealer_Hedging,167619
2025-07-09,2412,2412295,Foreign_Investor,2379455
2025-07-09,2412,0,Foreign_Dealer_Self,0
2025-07-09,2412,7000,Investment_Trust,463599
2025-07-09,2412,23000,Dealer_self,0
2025-07-09,2412,219000,Dealer_Hedging,188414
2025-07-10,2412,7659002,Foreign_Investor,1817429
2025-07-10,2412,0,Foreign_Dealer_Self,0
2025-07-10,2412,0,Investment_Trust,512466
2025-07-10,2412,0,Dealer_self,104000
2025-07-10,2412,238682,Dealer_Hedging,239250
2025-07-11,2412,8211604,Foreign_Investor,2899001
2025-07-11,2412,0,Foreign_Dealer_Self,0
2025-07-11,2412,67000,Investment_Trust,655468
2025-07-11,2412,24000,Dealer_self,109000
2025-07-11,2412,246505,Dealer_Hedging,248594
2025-07-14,2412,5523772,Foreign_Investor,3927505
2025-07-14,2412,0,Foreign_Dealer_Self,0
2025-07-14,2412,0,Investment_Trust,587300
2025-07-14,2412,0,Dealer_self,17000
2025-07-14,2412,233360,Dealer_Hedging,252815
2025-07-15,2412,1713888,Foreign_Investor,2456235
2025-07-15,2412,0,Foreign_Dealer_Self,0
2025-07-15,2412,10000,Investment_Trust,536010
2025-07-15,2412,70000,Dealer_self,71000
2025-07-15,2412,151711,Dealer_Hedging,149393
2025-07-16,2412,5849356,Foreign_Investor,2540432
2025-07-16,2412,0,Foreign_Dealer_Self,0
2025-07-16,2412,124396,Investment_Trust,583068
2025-07-16,2412,210000,Dealer_self,621000
2025-07-16,2412,417152,Dealer_Hedging,242625
2025-07-17,2412,3721703,Foreign_Investor,1430281
2025-07-17,2412,0,Foreign_Dealer_Self,0
2025-07-17,2412,98289,Investment_Trust,960300
2025-07-17,2412,118000,Dealer_self,320000
2025-07-17,2412,197809,Dealer_Hedging,172478
2025-07-18,2412,3841146,Foreign_Investor,3851644
2025-07-18,2412,0,Foreign_Dealer_Self,0
2025-07-18,2412,50000,Investment_Trust,112673
2025-07-18,2412,108000,Dealer_self,59000
2025-07-18,2412,222000,Dealer_Hedging,215001
2025-07-21,2412,3439365,Foreign_Investor,2385736
2025-07-21,2412,0,Foreign_Dealer_Self,0
2025-07-21,2412,12000,Investment_Trust,1007000
2025-07-21,2412,0,Dealer_self,51000
2025-07-21,2412,176255,Dealer_Hedging,175396
2025-07-22,2412,2705418,Foreign_Investor,1366000
2025-07-22,2412,0,Foreign_Dealer_Self,0
2025-07-22,2412,63822,Investment_Trust,1055899
2025-07-22,2412,62309,Dealer_self,466000
2025-07-22,2412,144092,Dealer_Hedging,94587
2025-07-23,2412,3774519,Foreign_Investor,3786453
2025-07-23,2412,0,Foreign_Dealer_Self,0
2025-07-23,2412,48000,Investment_Trust,1018000
2025-07-23,2412,502000,Dealer_self,400000
2025-07-23,2412,213841,Dealer_Hedging,157509
2025-07-24,2412,1730065,Foreign_Investor,5058458
2025-07-24,2412,0,Foreign_Dealer_Self,0
2025-07-24,2412,0,Investment_Trust,1099473
2025-07-24,2412,3000,Dealer_self,0
2025-07-24,2412,132089,Dealer_Hedging,125204
2025-07-25,2412,2239486,Foreign_Investor,875853
2025-07-25,2412,0,Foreign_Dealer_Self,0
2025-07-25,2412,595000,Investment_Trust,138000
2025-07-25,2412,1000,Dealer_self,155000
2025-07-25,2412,103942,Dealer_Hedging,115326
2025-07-28,2412,1779949,Foreign_Investor,1891032
2025-07-28,2412,0,Foreign_Dealer_Self,0
2025-07-28,2412,1000000,Investment_Trust,76473
2025-07-28,2412,0,Dealer_self,55000
2025-07-28,2412,93000,Dealer_Hedging,79414
2025-07-29,2412,2864847,Foreign_Investor,1302000
2025-07-29,2412,0,Foreign_Dealer_Self,0
2025-07-29,2412,1161000,Investment_Trust,85307
2025-07-29,2412,59000,Dealer_self,226000
2025-07-29,2412,116000,Dealer_Hedging,59763
2025-07-30,2412,3308903,Foreign_Investor,3463612
2025-07-30,2412,0,Foreign_Dealer_Self,0
2025-07-30,2412,1154000,Investment_Trust,98000
2025-07-30,2412,55000,Dealer_self,4845
2025-07-30,2412,109976,Dealer_Hedging,93184
2025-07-31,2412,0,Foreign_Dealer_Self,0
2025-07-31,2412,1182000,Investment_Trust,210307
2025-07-31,2412,173000,Dealer_self,45000
2025-07-31,2412,66059,Dealer_Hedging,50768
2025-07-31,2412,2799792,Foreign_Investor,6325648
2025-08-01,2412,4246489,Foreign_Investor,1549498
2025-08-01,2412,0,Foreign_Dealer_Self,0
2025-08-01,2412,1296000,Investment_Trust,101015
2025-08-01,2412,3000,Dealer_self,0
2025-08-01,2412,141399,Dealer_Hedging,164645
2025-08-04,2412,7585204,Foreign_Investor,1784473
2025-08-04,2412,0,Foreign_Dealer_Self,0
2025-08-04,2412,800000,Investment_Trust,13000
2025-08-04,2412,1000,Dealer_self,1161000
2025-08-04,2412,69972,Dealer_Hedging,58607
2025-08-05,2412,7099642,Foreign_Investor,2247982
2025-08-05,2412,0,Foreign_Dealer_Self,0
2025-08-05,2412,290000,Investment_Trust,53307
2025-08-05,2412,9000,Dealer_self,940000
2025-08-05,2412,79983,Dealer_Hedging,60436
2025-08-06,2412,7232016,Foreign_Investor,4425520
2025-08-06,2412,0,Foreign_Dealer_Self,0
2025-08-06,2412,290000,Investment_Trust,37494
2025-08-06,2412,0,Dealer_self,2276000
2025-08-06,2412,125784,Dealer_Hedging,83095
2025-08-07,2412,8072140,Foreign_Investor,3643925
2025-08-07,2412,0,Foreign_Dealer_Self,0
2025-08-07,2412,155325,Investment_Trust,107000
2025-08-07,2412,57000,Dealer_self,2175000
2025-08-07,2412,200395,Dealer_Hedging,189220
2025-08-08,2412,7590523,Foreign_Investor,1863788
2025-08-08,2412,0,Foreign_Dealer_Self,0
2025-08-08,2412,76000,Investment_Trust,59825
2025-08-08,2412,0,Dealer_self,1145000
2025-08-08,2412,157584,Dealer_Hedging,178248
2025-08-11,2412,2697527,Foreign_Investor,4658202
2025-08-11,2412,0,Foreign_Dealer_Self,0
2025-08-11,2412,133000,Investment_Trust,59876
2025-08-11,2412,52000,Dealer_self,45000
2025-08-11,2412,136195,Dealer_Hedging,113289
2025-08-12,2412,5213428,Foreign_Investor,4430266
2025-08-12,2412,0,Foreign_Dealer_Self,0
2025-08-12,2412,303000,Investment_Trust,6824
2025-08-12,2412,0,Dealer_self,247000
2025-08-12,2412,129247,Dealer_Hedging,127638
2025-08-13,2412,4537867,Foreign_Investor,3494076
2025-08-13,2412,0,Foreign_Dealer_Self,0
2025-08-13,2412,136000,Investment_Trust,14650
2025-08-13,2412,60259,Dealer_self,237000
2025-08-13,2412,130028,Dealer_Hedging,107843
2025-08-14,2412,7024376,Foreign_Investor,3375888
2025-08-14,2412,0,Foreign_Dealer_Self,0
2025-08-14,2412,70825,Investment_Trust,17325
2025-08-14,2412,104000,Dealer_self,50000
2025-08-14,2412,31000,Dealer_Hedging,0
2025-08-15,2412,5325333,Foreign_Investor,3023000
2025-08-15,2412,0,Foreign_Dealer_Self,0
2025-08-15,2412,35000,Investment_Trust,166325
2025-08-15,2412,147000,Dealer_self,0
2025-08-15,2412,95175,Dealer_Hedging,52306
2025-08-18,2412,7525200,Foreign_Investor,1047217
2025-08-18,2412,0,Foreign_Dealer_Self,0
2025-08-18,2412,603651,Investment_Trust,25085
2025-08-18,2412,56000,Dealer_self,3259
2025-08-18,2412,139807,Dealer_Hedging,131809
2025-08-19,2412,7095863,Foreign_Investor,1891783
2025-08-19,2412,0,Foreign_Dealer_Self,0
2025-08-19,2412,73825,Investment_Trust,75000
2025-08-19,2412,44000,Dealer_self,5000
2025-08-19,2412,0,Dealer_Hedging,19000
2025-08-20,2412,3602002,Foreign_Investor,2996792
2025-08-20,2412,0,Foreign_Dealer_Self,0
2025-08-20,2412,534651,Investment_Trust,2000
2025-08-20,2412,516000,Dealer_self,42000
2025-08-20,2412,549869,Dealer_Hedging,154355
2025-08-21,2412,5870580,Foreign_Investor,1263000
2025-08-21,2412,0,Foreign_Dealer_Self,0
2025-08-21,2412,46826,Investment_Trust,82000
2025-08-21,2412,0,Dealer_self,8000
2025-08-21,2412,155016,Dealer_Hedging,91619
2025-08-22,2412,4289539,Foreign_Investor,2739224
2025-08-22,2412,0,Foreign_Dealer_Self,0
2025-08-22,2412,0,Investment_Trust,34325
2025-08-22,2412,25000,Dealer_self,18000
2025-08-22,2412,105150,Dealer_Hedging,94890
2025-08-25,2412,4107053,Foreign_Investor,2162005
2025-08-25,2412,0,Foreign_Dealer_Self,0
2025-08-25,2412,13834,Investment_Trust,28650
2025-08-25,2412,0,Dealer_self,0
2025-08-25,2412,196920,Dealer_Hedging,172923
2025-08-26,2412,33300251,Foreign_Investor,34023608
2025-08-26,2412,0,Foreign_Dealer_Self,0
2025-08-26,2412,161,Investment_Trust,10000
2025-08-26,2412,9000,Dealer_self,4000
2025-08-26,2412,165776,Dealer_Hedging,129949
2025-08-27,2412,3422399,Foreign_Investor,1956126
2025-08-27,2412,0,Foreign_Dealer_Self,0
2025-08-27,2412,44000,Investment_Trust,153000
2025-08-27,2412,0,Dealer_self,0
2025-08-27,2412,105988,Dealer_Hedging,100158
2025-08-28,2412,4145662,Foreign_Investor,4814420
2025-08-28,2412,0,Foreign_Dealer_Self,0
2025-08-28,2412,3000,Investment_Trust,80658
2025-08-28,2412,1000,Dealer_self,38000
2025-08-28,2412,34000,Dealer_Hedging,36295
2025-08-29,2412,2652316,Foreign_Investor,5740088
2025-08-29,2412,0,Foreign_Dealer_Self,0
2025-08-29,2412,51000,Dealer_self,11000
2025-08-29,2412,135000,Dealer_Hedging,130618
2025-08-29,2412,46000,Investment_Trust,100000
2025-09-01,2412,2103511,Foreign_Investor,1882070
2025-09-01,2412,0,Foreign_Dealer_Self,0
2025-09-01,2412,68900,Investment_Trust,33000
2025-09-01,2412,0,Dealer_self,4000
2025-09-01,2412,67931,Dealer_Hedging,91931
2025-09-02,2412,2097967,Foreign_Investor,1123561
2025-09-02,2412,0,Foreign_Dealer_Self,0
2025-09-02,2412,17000,Investment_Trust,3000
2025-09-02,2412,0,Dealer_self,0
2025-09-02,2412,42730,Dealer_Hedging,48674
2025-09-03,2412,2526024,Foreign_Investor,3494605
2025-09-03,2412,0,Foreign_Dealer_Self,0
2025-09-03,2412,20000,Investment_Trust,13000
2025-09-03,2412,0,Dealer_self,90000
2025-09-03,2412,23545,Dealer_Hedging,24109
2025-09-04,2412,2518204,Foreign_Investor,1887621
2025-09-04,2412,0,Foreign_Dealer_Self,0
2025-09-04,2412,1000,Investment_Trust,19329
2025-09-04,2412,27000,Dealer_self,0
2025-09-04,2412,58753,Dealer_Hedging,56416
2025-09-05,2412,1489577,Foreign_Investor,2561010
2025-09-05,2412,0,Foreign_Dealer_Self,0
2025-09-05,2412,20000,Investment_Trust,54329
2025-09-05,2412,58000,Dealer_self,0
2025-09-05,2412,83000,Dealer_Hedging,59643
2025-09-08,2412,1595782,Foreign_Investor,1759000
2025-09-08,2412,0,Foreign_Dealer_Self,0
2025-09-08,2412,0,Investment_Trust,35335
2025-09-08,2412,0,Dealer_self,2000
2025-09-08,2412,67000,Dealer_Hedging,68089
2025-09-09,2412,3657472,Foreign_Investor,2607344
2025-09-09,2412,0,Foreign_Dealer_Self,0
2025-09-09,2412,13000,Investment_Trust,88329
2025-09-09,2412,0,Dealer_self,3000
2025-09-09,2412,25481,Dealer_Hedging,18630
2025-09-10,2412,2091112,Foreign_Investor,1144454
2025-09-10,2412,0,Foreign_Dealer_Self,0
2025-09-10,2412,0,Investment_Trust,97289
2025-09-10,2412,87000,Dealer_self,90000
2025-09-10,2412,167000,Dealer_Hedging,104962
2025-09-11,2412,3056403,Foreign_Investor,3096162
2025-09-11,2412,0,Foreign_Dealer_Self,0
2025-09-11,2412,7000,Investment_Trust,288000
2025-09-11,2412,96000,Dealer_self,105000
2025-09-11,2412,96705,Dealer_Hedging,126052
2025-09-12,2412,2200378,Foreign_Investor,1473913
2025-09-12,2412,0,Foreign_Dealer_Self,0
2025-09-12,2412,0,Investment_Trust,112658
2025-09-12,2412,137000,Dealer_self,0
2025-09-12,2412,37071,Dealer_Hedging,26000
2025-09-15,2412,2186207,Foreign_Investor,2268132
2025-09-15,2412,0,Foreign_Dealer_Self,0
2025-09-15,2412,44000,Investment_Trust,98400
2025-09-15,2412,92000,Dealer_self,2000
2025-09-15,2412,69176,Dealer_Hedging,80061
2025-09-16,2412,1412681,Foreign_Investor,2463606
2025-09-16,2412,0,Foreign_Dealer_Self,0
2025-09-16,2412,725,Investment_Trust,134000
2025-09-16,2412,40000,Dealer_self,0
2025-09-16,2412,143760,Dealer_Hedging,131979
2025-09-17,2412,2303768,Foreign_Investor,1844376
2025-09-17,2412,0,Foreign_Dealer_Self,0
2025-09-17,2412,2000,Investment_Trust,98717
2025-09-17,2412,28000,Dealer_self,2000
2025-09-17,2412,129000,Dealer_Hedging,96960
2025-09-18,2412,2258477,Foreign_Investor,2775895
2025-09-18,2412,0,Foreign_Dealer_Self,0
2025-09-18,2412,2000,Investment_Trust,213000
2025-09-18,2412,96000,Dealer_self,0
2025-09-18,2412,93748,Dealer_Hedging,110516
2025-09-19,2412,0,Foreign_Dealer_Self,0
2025-09-19,2412,54175,Investment_Trust,1601486
2025-09-19,2412,82000,Dealer_self,13000
2025-09-19,2412,220185,Dealer_Hedging,252866
2025-09-19,2412,8149976,Foreign_Investor,7999041
2025-09-22,2412,1327154,Foreign_Investor,1492318
2025-09-22,2412,0,Foreign_Dealer_Self,0
2025-09-22,2412,6000,Investment_Trust,82008
2025-09-22,2412,95000,Dealer_self,7000
2025-09-22,2412,116355,Dealer_Hedging,92400
2025-09-23,2412,1156132,Foreign_Investor,2517754
2025-09-23,2412,0,Foreign_Dealer_Self,0
2025-09-23,2412,90000,Investment_Trust,26000
2025-09-23,2412,20000,Dealer_self,18000
2025-09-23,2412,32000,Dealer_Hedging,21901
2025-09-24,2412,2008300,Foreign_Investor,1397311
2025-09-24,2412,0,Foreign_Dealer_Self,0
2025-09-24,2412,0,Investment_Trust,63995
2025-09-24,2412,324000,Dealer_self,17000
2025-09-24,2412,97393,Dealer_Hedging,34725
2025-09-25,2412,2261971,Foreign_Investor,3137425
2025-09-25,2412,0,Foreign_Dealer_Self,0
2025-09-25,2412,0,Investment_Trust,44000
2025-09-25,2412,116000,Dealer_self,0
2025-09-25,2412,130768,Dealer_Hedging,79580
2025-09-26,2412,0,Foreign_Dealer_Self,0
2025-09-26,2412,95000,Investment_Trust,37000
2025-09-26,2412,66000,Dealer_self,0
2025-09-26,2412,265535,Dealer_Hedging,86499
2025-09-26,2412,5877245,Foreign_Investor,3465283
2025-09-30,2412,0,Foreign_Dealer_Self,0
2025-09-30,2412,1637,Investment_Trust,8000
2025-09-30,2412,200000,Dealer_self,0
2025-09-30,2412,202033,Dealer_Hedging,155162
2025-09-30,2412,8109804,Foreign_Investor,10738155
2025-10-01,2412,1945045,Foreign_Investor,1107092
2025-10-01,2412,0,Foreign_Dealer_Self,0
2025-10-01,2412,0,Investment_Trust,270000
2025-10-01,2412,74000,Dealer_self,0
2025-10-01,2412,53484,Dealer_Hedging,23630
2025-10-02,2412,659030,Foreign_Investor,3164779
2025-10-02,2412,0,Foreign_Dealer_Self,0
2025-10-02,2412,5852,Investment_Trust,71000
2025-10-02,2412,11000,Dealer_self,0
2025-10-02,2412,139881,Dealer_Hedging,128802
2025-10-03,2412,2879709,Foreign_Investor,4120342
2025-10-03,2412,0,Foreign_Dealer_Self,0
2025-10-03,2412,0,Investment_Trust,228390
2025-10-03,2412,0,Dealer_self,0
2025-10-03,2412,101227,Dealer_Hedging,94121
2025-10-07,2412,2353105,Foreign_Investor,2292400
2025-10-07,2412,0,Foreign_Dealer_Self,0
2025-10-07,2412,0,Investment_Trust,38000
2025-10-07,2412,301000,Dealer_self,0
2025-10-07,2412,177254,Dealer_Hedging,78962
2025-10-08,2412,1911551,Foreign_Investor,1766126
2025-10-08,2412,0,Foreign_Dealer_Self,0
2025-10-08,2412,12000,Investment_Trust,57000
2025-10-08,2412,44000,Dealer_self,43000
2025-10-08,2412,55000,Dealer_Hedging,2000
2025-10-09,2412,1824938,Foreign_Investor,2089000
2025-10-09,2412,0,Foreign_Dealer_Self,0
2025-10-09,2412,3000,Investment_Trust,76369
2025-10-09,2412,48000,Dealer_self,1000
2025-10-09,2412,44000,Dealer_Hedging,13465
2025-10-13,2412,3982253,Foreign_Investor,8664519
2025-10-13,2412,0,Foreign_Dealer_Self,0
2025-10-13,2412,453000,Investment_Trust,9000
2025-10-13,2412,148000,Dealer_self,94000
2025-10-13,2412,491667,Dealer_Hedging,244852
2025-10-14,2412,2300922,Foreign_Investor,4180868
2025-10-14,2412,0,Foreign_Dealer_Self,0
2025-10-14,2412,323067,Investment_Trust,71000
2025-10-14,2412,112000,Dealer_self,38000
2025-10-14,2412,158916,Dealer_Hedging,88072
2025-10-15,2412,2313222,Foreign_Investor,6582144
2025-10-15,2412,0,Foreign_Dealer_Self,0
2025-10-15,2412,71000,Investment_Trust,25000
2025-10-15,2412,200000,Dealer_self,70000
2025-10-15,2412,160999,Dealer_Hedging,181550
2025-10-16,2412,1610228,Foreign_Investor,1494299
2025-10-16,2412,0,Foreign_Dealer_Self,0
2025-10-16,2412,1000,Investment_Trust,56388
2025-10-16,2412,117000,Dealer_self,1000
2025-10-16,2412,163301,Dealer_Hedging,121692
2025-10-17,2412,2687458,Foreign_Investor,1127392
2025-10-17,2412,0,Foreign_Dealer_Self,0
2025-10-17,2412,55000,Investment_Trust,278000
2025-10-17,2412,17000,Dealer_self,0
2025-10-17,2412,140431,Dealer_Hedging,81637
2025-10-20,2412,1338672,Foreign_Investor,1705193
2025-10-20,2412,0,Foreign_Dealer_Self,0
2025-10-20,2412,112000,Investment_Trust,57000
2025-10-20,2412,101000,Dealer_self,0
2025-10-20,2412,233435,Dealer_Hedging,83578
2025-10-21,2412,1019237,Foreign_Investor,791428
2025-10-21,2412,0,Foreign_Dealer_Self,0
2025-10-21,2412,0,Investment_Trust,159000
2025-10-21,2412,58000,Dealer_self,0
2025-10-21,2412,109927,Dealer_Hedging,74301
2025-10-22,2412,1866605,Foreign_Investor,751830
2025-10-22,2412,0,Foreign_Dealer_Self,0
2025-10-22,2412,23389,Investment_Trust,613000
2025-10-22,2412,194000,Dealer_self,0
2025-10-22,2412,226878,Dealer_Hedging,23944
2025-10-23,2412,2402194,Foreign_Investor,619609
2025-10-23,2412,0,Foreign_Dealer_Self,0
2025-10-23,2412,0,Investment_Trust,289000
2025-10-23,2412,0,Dealer_self,0
2025-10-23,2412,207912,Dealer_Hedging,88778
2025-10-27,2412,4664776,Foreign_Investor,3338096
2025-10-27,2412,0,Foreign_Dealer_Self,0
2025-10-27,2412,2000,Investment_Trust,413404
2025-10-27,2412,695000,Dealer_self,2000
2025-10-27,2412,400100,Dealer_Hedging,126594
2025-10-28,2412,4396366,Foreign_Investor,2553233
2025-10-28,2412,0,Foreign_Dealer_Self,0
2025-10-28,2412,0,Investment_Trust,48000
2025-10-28,2412,88000,Dealer_self,500000
2025-10-28,2412,169646,Dealer_Hedging,112649
2025-10-29,2412,0,Foreign_Dealer_Self,0
2025-10-29,2412,18000,Investment_Trust,65000
2025-10-29,2412,48000,Dealer_self,3000
2025-10-29,2412,57121,Dealer_Hedging,58415
2025-10-29,2412,4476000,Foreign_Investor,2192250
2025-10-30,2412,0,Foreign_Dealer_Self,0
2025-10-30,2412,0,Investment_Trust,6000
2025-10-30,2412,148000,Dealer_self,0
2025-10-30,2412,294459,Dealer_Hedging,199589
2025-10-30,2412,5765956,Foreign_Investor,6164765
2025-10-31,2412,3105582,Foreign_Investor,3483102
2025-10-31,2412,0,Foreign_Dealer_Self,0
2025-10-31,2412,4000,Investment_Trust,5359
2025-10-31,2412,167000,Dealer_self,35000
2025-10-31,2412,147000,Dealer_Hedging,84413
2025-11-03,2412,4826176,Foreign_Investor,1248562
2025-11-03,2412,0,Foreign_Dealer_Self,0
2025-11-03,2412,62555,Investment_Trust,55718
2025-11-03,2412,12000,Dealer_self,78000
2025-11-03,2412,230488,Dealer_Hedging,30429
2025-11-04,2412,3758325,Foreign_Investor,3619414
2025-11-04,2412,0,Foreign_Dealer_Self,0
2025-11-04,2412,189775,Investment_Trust,7000
2025-11-04,2412,65000,Dealer_self,51000
2025-11-04,2412,268235,Dealer_Hedging,107338
2025-11-05,2412,2882941,Foreign_Investor,3426219
2025-11-05,2412,0,Foreign_Dealer_Self,0
2025-11-05,2412,13774,Investment_Trust,1718
2025-11-05,2412,50000,Dealer_self,47000
2025-11-05,2412,194000,Dealer_Hedging,86332
2025-11-06,2412,4206483,Foreign_Investor,4286312
2025-11-06,2412,0,Foreign_Dealer_Self,0
2025-11-06,2412,17000,Investment_Trust,1000
2025-11-06,2412,140000,Dealer_self,0
2025-11-06,2412,251186,Dealer_Hedging,88444
2025-11-07,2412,5533681,Foreign_Investor,2337904
2025-11-07,2412,0,Foreign_Dealer_Self,0
2025-11-07,2412,119000,Investment_Trust,0
2025-11-07,2412,11000,Dealer_self,30000
2025-11-07,2412,135910,Dealer_Hedging,170040
2025-11-10,2412,2005272,Foreign_Investor,1370693
2025-11-10,2412,0,Foreign_Dealer_Self,0
2025-11-10,2412,255835,Investment_Trust,19000
2025-11-10,2412,64000,Dealer_self,0
2025-11-10,2412,72152,Dealer_Hedging,5932
2025-11-11,2412,1591886,Foreign_Investor,2175418
2025-11-11,2412,0,Foreign_Dealer_Self,0
2025-11-11,2412,129388,Investment_Trust,27000
2025-11-11,2412,0,Dealer_self,31000
2025-11-11,2412,113556,Dealer_Hedging,67995
2025-11-12,2412,0,Foreign_Dealer_Self,0
2025-11-12,2412,0,Investment_Trust,3000
2025-11-12,2412,0,Dealer_self,11000
2025-11-12,2412,160427,Dealer_Hedging,23854
2025-11-12,2412,3250175,Foreign_Investor,3044021
2025-11-13,2412,2262129,Foreign_Investor,3884545
2025-11-13,2412,0,Foreign_Dealer_Self,0
2025-11-13,2412,2000,Investment_Trust,2011
2025-11-13,2412,0,Dealer_self,7000
2025-11-13,2412,65170,Dealer_Hedging,9997
2025-11-14,2412,2037617,Foreign_Investor,1984589
2025-11-14,2412,0,Foreign_Dealer_Self,0
2025-11-14,2412,0,Investment_Trust,193000
2025-11-14,2412,0,Dealer_self,15000
2025-11-14,2412,133000,Dealer_Hedging,34943
2025-11-17,2412,4137890,Foreign_Investor,2038049
2025-11-17,2412,0,Foreign_Dealer_Self,0
2025-11-17,2412,1670,Investment_Trust,1078795
2025-11-17,2412,0,Dealer_self,143000
2025-11-17,2412,76170,Dealer_Hedging,33062
2025-11-18,2412,1880803,Foreign_Investor,2781115
2025-11-18,2412,0,Foreign_Dealer_Self,0
2025-11-18,2412,17000,Investment_Trust,778745
2025-11-18,2412,85000,Dealer_self,172000
2025-11-18,2412,229459,Dealer_Hedging,70943
2025-11-19,2412,1952730,Foreign_Investor,1942058
2025-11-19,2412,0,Foreign_Dealer_Self,0
2025-11-19,2412,178835,Investment_Trust,674000
2025-11-19,2412,78000,Dealer_self,27000
2025-11-19,2412,172839,Dealer_Hedging,15536
2025-11-20,2412,2953683,Foreign_Investor,1433180
2025-11-20,2412,0,Foreign_Dealer_Self,0
2025-11-20,2412,100669,Investment_Trust,528000
2025-11-20,2412,17000,Dealer_self,0
2025-11-20,2412,205718,Dealer_Hedging,82362
2025-11-21,2412,4871103,Foreign_Investor,3723547
2025-11-21,2412,0,Foreign_Dealer_Self,0
2025-11-21,2412,0,Investment_Trust,383000
2025-11-21,2412,210000,Dealer_self,23000
2025-11-21,2412,582027,Dealer_Hedging,184144
2025-11-24,2412,0,Foreign_Dealer_Self,0
2025-11-24,2412,52000,Investment_Trust,458230
2025-11-24,2412,147000,Dealer_self,0
2025-11-24,2412,327486,Dealer_Hedging,68483
2025-11-24,2412,18733119,Foreign_Investor,18669687
2025-11-25,2412,1646230,Foreign_Investor,4731915
2025-11-25,2412,0,Foreign_Dealer_Self,0
2025-11-25,2412,0,Investment_Trust,687000
2025-11-25,2412,10000,Dealer_self,0
2025-11-25,2412,144000,Dealer_Hedging,122564
2025-11-26,2412,2199751,Foreign_Investor,3548212
2025-11-26,2412,0,Foreign_Dealer_Self,0
2025-11-26,2412,15834,Investment_Trust,665000
2025-11-26,2412,41000,Dealer_self,0
2025-11-26,2412,172990,Dealer_Hedging,94250
2025-11-27,2412,1428734,Foreign_Investor,1674000
2025-11-27,2412,0,Foreign_Dealer_Self,0
2025-11-27,2412,4000,Investment_Trust,396000
2025-11-27,2412,0,Dealer_self,83000
2025-11-27,2412,100726,Dealer_Hedging,133370
2025-11-28,2412,0,Foreign_Dealer_Self,0
2025-11-28,2412,5000,Investment_Trust,170000
2025-11-28,2412,249000,Dealer_self,25000
2025-11-28,2412,148665,Dealer_Hedging,65792
2025-11-28,2412,1532955,Foreign_Investor,3335000
2025-12-01,2412,1224644,Foreign_Investor,7102645
2025-12-01,2412,0,Foreign_Dealer_Self,0
2025-12-01,2412,5000,Investment_Trust,113000
2025-12-01,2412,21000,Dealer_self,58000
2025-12-01,2412,186038,Dealer_Hedging,166141
2025-12-02,2412,1711161,Foreign_Investor,4078259
2025-12-02,2412,0,Foreign_Dealer_Self,0
2025-12-02,2412,67269,Investment_Trust,110000
2025-12-02,2412,83000,Dealer_self,40000
2025-12-02,2412,65998,Dealer_Hedging,43602
2025-12-03,2412,1123336,Foreign_Investor,3911969
2025-12-03,2412,0,Foreign_Dealer_Self,0
2025-12-03,2412,650000,Investment_Trust,7000
2025-12-03,2412,97000,Dealer_self,0
2025-12-03,2412,87271,Dealer_Hedging,92666
2025-12-04,2412,1153799,Foreign_Investor,4272282
2025-12-04,2412,0,Foreign_Dealer_Self,0
2025-12-04,2412,58000,Investment_Trust,54000
2025-12-04,2412,82000,Dealer_self,8000
2025-12-04,2412,96076,Dealer_Hedging,95130
2025-12-05,2412,2817314,Foreign_Investor,2915862
2025-12-05,2412,0,Foreign_Dealer_Self,0
2025-12-05,2412,36000,Investment_Trust,11000
2025-12-05,2412,192000,Dealer_self,44000
2025-12-05,2412,119946,Dealer_Hedging,69349
2025-12-08,2412,0,Foreign_Dealer_Self,0
2025-12-08,2412,8000,Investment_Trust,14359
2025-12-08,2412,55000,Dealer_self,2000
2025-12-08,2412,105178,Dealer_Hedging,106920
2025-12-08,2412,1153095,Foreign_Investor,3789297
2025-12-09,2412,2479190,Foreign_Investor,3183217
2025-12-09,2412,0,Foreign_Dealer_Self,0
2025-12-09,2412,19000,Investment_Trust,54000
2025-12-09,2412,24000,Dealer_self,58000
2025-12-09,2412,104993,Dealer_Hedging,92009
2025-12-10,2412,1040353,Foreign_Investor,2572654
2025-12-10,2412,0,Foreign_Dealer_Self,0
2025-12-10,2412,38046,Investment_Trust,18174
2025-12-10,2412,76000,Dealer_self,36000
2025-12-10,2412,44000,Dealer_Hedging,25986
2025-12-11,2412,2114682,Foreign_Investor,2263339
2025-12-11,2412,0,Foreign_Dealer_Self,0
2025-12-11,2412,25000,Investment_Trust,21835
2025-12-11,2412,34000,Dealer_self,0
2025-12-11,2412,24772,Dealer_Hedging,14230
2025-12-12,2412,1129965,Foreign_Investor,1044354
2025-12-12,2412,0,Foreign_Dealer_Self,0
2025-12-12,2412,56000,Investment_Trust,3718
2025-12-12,2412,72000,Dealer_self,58000
2025-12-12,2412,116698,Dealer_Hedging,79864
2025-12-15,2412,1391653,Foreign_Investor,2002263
2025-12-15,2412,0,Foreign_Dealer_Self,0
2025-12-15,2412,95000,Investment_Trust,0
2025-12-15,2412,92000,Dealer_self,5000
2025-12-15,2412,98023,Dealer_Hedging,99248
2025-12-16,2412,2335610,Foreign_Investor,3991391
2025-12-16,2412,0,Foreign_Dealer_Self,0
2025-12-16,2412,0,Investment_Trust,38000
2025-12-16,2412,156000,Dealer_self,196000
2025-12-16,2412,120299,Dealer_Hedging,43791
2025-12-17,2412,2000381,Foreign_Investor,2846934
2025-12-17,2412,0,Foreign_Dealer_Self,0
2025-12-17,2412,38000,Investment_Trust,31000
2025-12-17,2412,174000,Dealer_self,4000
2025-12-17,2412,57000,Dealer_Hedging,71315
2025-12-18,2412,1411586,Foreign_Investor,1575470
2025-12-18,2412,0,Foreign_Dealer_Self,0
2025-12-18,2412,14000,Investment_Trust,0
2025-12-18,2412,265000,Dealer_self,0
2025-12-18,2412,140226,Dealer_Hedging,13947
2025-12-19,2412,0,Foreign_Dealer_Self,0
2025-12-19,2412,192704,Investment_Trust,383000
2025-12-19,2412,54000,Dealer_self,58000
2025-12-19,2412,128424,Dealer_Hedging,98000
2025-12-19,2412,4354761,Foreign_Investor,3407136
2025-12-22,2412,1616812,Foreign_Investor,2024857
2025-12-22,2412,0,Foreign_Dealer_Self,0
2025-12-22,2412,11000,Investment_Trust,37000
2025-12-22,2412,16000,Dealer_self,0
2025-12-22,2412,145143,Dealer_Hedging,109415
2025-12-23,2412,1446867,Foreign_Investor,1762348
2025-12-23,2412,0,Foreign_Dealer_Self,0
2025-12-23,2412,0,Investment_Trust,6000
2025-12-23,2412,24000,Dealer_self,60000
2025-12-23,2412,83996,Dealer_Hedging,87941
2025-12-24,2412,554533,Foreign_Investor,442000
2025-12-24,2412,0,Foreign_Dealer_Self,0
2025-12-24,2412,0,Investment_Trust,13000
2025-12-24,2412,26000,Dealer_self,50000
2025-12-24,2412,11869,Dealer_Hedging,39175
2025-12-26,2412,1306662,Foreign_Investor,504490
2025-12-26,2412,0,Foreign_Dealer_Self,0
2025-12-26,2412,0,Investment_Trust,54000
2025-12-26,2412,8000,Dealer_self,45000
2025-12-26,2412,19385,Dealer_Hedging,20070
2025-12-29,2412,1272125,Foreign_Investor,879639
2025-12-29,2412,0,Foreign_Dealer_Self,0
2025-12-29,2412,3000,Investment_Trust,6718
2025-12-29,2412,10000,Dealer_self,0
2025-12-29,2412,155093,Dealer_Hedging,142433
2025-12-30,2412,3254281,Foreign_Investor,3186911
2025-12-30,2412,0,Foreign_Dealer_Self,0
2025-12-30,2412,0,Investment_Trust,400000
2025-12-30,2412,25000,Dealer_self,0
2025-12-30,2412,109265,Dealer_Hedging,74515
2025-12-31,2412,1733581,Foreign_Investor,2562834
2025-12-31,2412,0,Foreign_Dealer_Self,0
2025-12-31,2412,89000,Investment_Trust,95640
2025-12-31,2412,12000,Dealer_self,0
2025-12-31,2412,91994,Dealer_Hedging,296989
2026-01-02,2412,1404055,Foreign_Investor,495000
2026-01-02,2412,0,Foreign_Dealer_Self,0
2026-01-02,2412,846,Investment_Trust,18000
2026-01-02,2412,43000,Dealer_self,165240
2026-01-02,2412,125017,Dealer_Hedging,70054
2026-01-05,2412,1826026,Foreign_Investor,2156824
2026-01-05,2412,0,Foreign_Dealer_Self,0
2026-01-05,2412,6000,Investment_Trust,95000
2026-01-05,2412,0,Dealer_self,178000
2026-01-05,2412,191910,Dealer_Hedging,115089
2026-01-06,2412,1695326,Foreign_Investor,5747252
2026-01-06,2412,0,Foreign_Dealer_Self,0
2026-01-06,2412,0,Investment_Trust,70275
2026-01-06,2412,58000,Dealer_self,46000
2026-01-06,2412,165579,Dealer_Hedging,89983
2026-01-07,2412,1402549,Foreign_Investor,7559601
2026-01-07,2412,0,Foreign_Dealer_Self,0
2026-01-07,2412,2000,Investment_Trust,80750
2026-01-07,2412,20000,Dealer_self,0
2026-01-07,2412,102528,Dealer_Hedging,89534
2026-01-08,2412,1428021,Foreign_Investor,2856841
2026-01-08,2412,0,Foreign_Dealer_Self,0
2026-01-08,2412,6000,Investment_Trust,54000
2026-01-08,2412,16000,Dealer_self,0
2026-01-08,2412,75459,Dealer_Hedging,35000
2026-01-09,2412,1958242,Foreign_Investor,4769148
2026-01-09,2412,0,Foreign_Dealer_Self,0
2026-01-09,2412,0,Investment_Trust,122739
2026-01-09,2412,16000,Dealer_self,0
2026-01-09,2412,76334,Dealer_Hedging,5000
2026-01-12,2412,1140848,Foreign_Investor,2985494
2026-01-12,2412,0,Foreign_Dealer_Self,0
2026-01-12,2412,5000,Investment_Trust,117694
2026-01-12,2412,5000,Dealer_self,80000
2026-01-12,2412,2651,Dealer_Hedging,3484
2026-01-13,2412,2054373,Foreign_Investor,4847000
2026-01-13,2412,0,Foreign_Dealer_Self,0
2026-01-13,2412,1000,Investment_Trust,147847
2026-01-13,2412,5000,Dealer_self,0
2026-01-13,2412,73468,Dealer_Hedging,9468
2026-01-14,2412,2958443,Foreign_Investor,6841412
2026-01-14,2412,0,Foreign_Dealer_Self,0
2026-01-14,2412,1000,Investment_Trust,6000
2026-01-14,2412,121000,Dealer_self,45102
2026-01-14,2412,87141,Dealer_Hedging,45
2026-01-15,2412,5000247,Foreign_Investor,6298633
2026-01-15,2412,0,Foreign_Dealer_Self,0
2026-01-15,2412,0,Investment_Trust,97000
2026-01-15,2412,5000,Dealer_self,122898
2026-01-15,2412,111384,Dealer_Hedging,724
2026-01-16,2412,2791531,Foreign_Investor,7411548
2026-01-16,2412,0,Foreign_Dealer_Self,0
2026-01-16,2412,2000,Investment_Trust,471841
2026-01-16,2412,55000,Dealer_self,0
2026-01-16,2412,36624,Dealer_Hedging,1624
2026-01-19,2412,3576799,Foreign_Investor,1279872
2026-01-19,2412,0,Foreign_Dealer_Self,0
2026-01-19,2412,69000,Investment_Trust,823847
2026-01-19,2412,2000,Dealer_self,72000
2026-01-19,2412,13988,Dealer_Hedging,31989
2026-01-20,2412,1869834,Foreign_Investor,2195783
2026-01-20,2412,0,Foreign_Dealer_Self,0
2026-01-20,2412,1000,Investment_Trust,680225
2026-01-20,2412,5000,Dealer_self,115000
2026-01-20,2412,3553,Dealer_Hedging,10553
2026-01-21,2412,2946011,Foreign_Investor,4308600
2026-01-21,2412,0,Foreign_Dealer_Self,0
2026-01-21,2412,80000,Investment_Trust,558000
2026-01-21,2412,77000,Dealer_self,73000
2026-01-21,2412,75934,Dealer_Hedging,102000
2026-01-22,2412,2851571,Foreign_Investor,3449926
2026-01-22,2412,0,Foreign_Dealer_Self,0
2026-01-22,2412,5000,Investment_Trust,16000
2026-01-22,2412,0,Dealer_self,1000
2026-01-22,2412,234000,Dealer_Hedging,50000
2026-01-23,2412,2553214,Foreign_Investor,2268202
2026-01-23,2412,0,Foreign_Dealer_Self,0
2026-01-23,2412,1000,Investment_Trust,68351
2026-01-23,2412,0,Dealer_self,0
2026-01-23,2412,79227,Dealer_Hedging,1000
2026-01-26,2412,3337413,Foreign_Investor,1364700
2026-01-26,2412,0,Foreign_Dealer_Self,0
2026-01-26,2412,0,Investment_Trust,277847
2026-01-26,2412,5000,Dealer_self,35000
2026-01-26,2412,983,Dealer_Hedging,3877
2026-01-27,2412,0,Foreign_Dealer_Self,0
2026-01-27,2412,1738000,Investment_Trust,417402
2026-01-27,2412,60000,Dealer_self,0
2026-01-27,2412,112000,Dealer_Hedging,881
2026-01-27,2412,4324037,Foreign_Investor,8586549
2026-01-28,2412,3804424,Foreign_Investor,2878394
2026-01-28,2412,0,Foreign_Dealer_Self,0
2026-01-28,2412,2544000,Investment_Trust,85000
2026-01-28,2412,5000,Dealer_self,0
2026-01-28,2412,60248,Dealer_Hedging,0
2026-01-29,2412,0,Foreign_Dealer_Self,0
2026-01-29,2412,874000,Investment_Trust,231000
2026-01-29,2412,58000,Dealer_self,43000
2026-01-29,2412,78811,Dealer_Hedging,42000
2026-01-29,2412,5330211,Foreign_Investor,3864919
2026-01-30,2412,0,Foreign_Dealer_Self,0
2026-01-30,2412,1259000,Investment_Trust,122000
2026-01-30,2412,144000,Dealer_self,0
2026-01-30,2412,32603,Dealer_Hedging,21000
2026-01-30,2412,8103270,Foreign_Investor,8143801
2026-02-02,2412,3351786,Foreign_Investor,4205302
2026-02-02,2412,0,Foreign_Dealer_Self,0
2026-02-02,2412,706000,Investment_Trust,68351
2026-02-02,2412,196000,Dealer_self,47000
2026-02-02,2412,17000,Dealer_Hedging,40000
2026-02-03,2412,3576781,Foreign_Investor,4330267
2026-02-03,2412,0,Foreign_Dealer_Self,0
2026-02-03,2412,1921178,Investment_Trust,24351
2026-02-03,2412,105000,Dealer_self,96000
2026-02-03,2412,26523,Dealer_Hedging,0
2026-02-04,2412,0,Foreign_Dealer_Self,0
2026-02-04,2412,578000,Investment_Trust,32000
2026-02-04,2412,56000,Dealer_self,6000
2026-02-04,2412,35000,Dealer_Hedging,0
2026-02-04,2412,2299890,Foreign_Investor,4107377
2026-02-05,2412,3135489,Foreign_Investor,7907424
2026-02-05,2412,0,Foreign_Dealer_Self,0
2026-02-05,2412,777385,Investment_Trust,26000
2026-02-05,2412,210000,Dealer_self,3000
2026-02-05,2412,20511,Dealer_Hedging,24503
2026-02-06,2412,4269214,Foreign_Investor,8070836
2026-02-06,2412,0,Foreign_Dealer_Self,0
2026-02-06,2412,953293,Investment_Trust,1000
2026-02-06,2412,242000,Dealer_self,101000
2026-02-06,2412,34863,Dealer_Hedging,0
2026-02-09,2412,4512542,Foreign_Investor,5185980
2026-02-09,2412,0,Foreign_Dealer_Self,0
2026-02-09,2412,2000,Investment_Trust,0
2026-02-09,2412,191000,Dealer_self,377000
2026-02-09,2412,102647,Dealer_Hedging,33286
2026-02-10,2412,3311272,Foreign_Investor,4383251
2026-02-10,2412,0,Foreign_Dealer_Self,0
2026-02-10,2412,116000,Investment_Trust,19000
2026-02-10,2412,105000,Dealer_self,3000
2026-02-10,2412,56000,Dealer_Hedging,886
2026-02-11,2412,0,Foreign_Dealer_Self,0
2026-02-11,2412,163000,Investment_Trust,514000
2026-02-11,2412,336000,Dealer_self,0
2026-02-11,2412,77176,Dealer_Hedging,9000
2026-02-11,2412,7746891,Foreign_Investor,4733840
2026-02-23,2412,0,Foreign_Dealer_Self,0
2026-02-23,2412,496000,Investment_Trust,466000
2026-02-23,2412,386000,Dealer_self,376000
2026-02-23,2412,187765,Dealer_Hedging,10000
2026-02-23,2412,14592300,Foreign_Investor,6376035
2026-02-24,2412,8349440,Foreign_Investor,5407405
2026-02-24,2412,0,Foreign_Dealer_Self,0
2026-02-24,2412,352000,Investment_Trust,233351
2026-02-24,2412,223000,Dealer_self,26000
2026-02-24,2412,229857,Dealer_Hedging,2907
2026-02-25,2412,0,Foreign_Dealer_Self,0
2026-02-25,2412,544000,Investment_Trust,715000
2026-02-25,2412,163000,Dealer_self,28000
2026-02-25,2412,184917,Dealer_Hedging,3617
2026-02-25,2412,6046621,Foreign_Investor,3072330
2026-02-26,2412,0,Foreign_Dealer_Self,0
2026-02-26,2412,428000,Investment_Trust,191542
2026-02-26,2412,440000,Dealer_self,14000
2026-02-26,2412,169472,Dealer_Hedging,4037
2026-02-26,2412,19204538,Foreign_Investor,17758190
2026-03-02,2412,0,Foreign_Dealer_Self,0
2026-03-02,2412,537000,Investment_Trust,194000
2026-03-02,2412,101000,Dealer_self,92000
2026-03-02,2412,193402,Dealer_Hedging,161000
2026-03-02,2412,21921160,Foreign_Investor,5467193
2026-03-03,2412,10142975,Foreign_Investor,5395342
2026-03-03,2412,0,Foreign_Dealer_Self,0
2026-03-03,2412,1932000,Investment_Trust,74000
2026-03-03,2412,14000,Dealer_self,48000
2026-03-03,2412,226750,Dealer_Hedging,55682
2026-03-04,2412,13507148,Foreign_Investor,11489164
2026-03-04,2412,0,Foreign_Dealer_Self,0
2026-03-04,2412,384000,Investment_Trust,284000
2026-03-04,2412,746000,Dealer_self,568000
2026-03-04,2412,463150,Dealer_Hedging,180238
2026-03-05,2412,9886817,Foreign_Investor,5706054
2026-03-05,2412,0,Foreign_Dealer_Self,0
2026-03-05,2412,323000,Investment_Trust,9000
2026-03-05,2412,86000,Dealer_self,51000
2026-03-05,2412,96026,Dealer_Hedging,6000
2026-03-06,2412,7643713,Foreign_Investor,3861024
2026-03-06,2412,0,Foreign_Dealer_Self,0
2026-03-06,2412,141000,Investment_Trust,15000
2026-03-06,2412,2000,Dealer_self,0
2026-03-06,2412,124765,Dealer_Hedging,6958
2026-03-09,2412,11948656,Foreign_Investor,4481551
2026-03-09,2412,0,Foreign_Dealer_Self,0
2026-03-09,2412,373846,Investment_Trust,1165000
2026-03-09,2412,164000,Dealer_self,661000
2026-03-09,2412,327235,Dealer_Hedging,58344
2026-03-10,2412,5193299,Foreign_Investor,4612162
2026-03-10,2412,0,Foreign_Dealer_Self,0
2026-03-10,2412,148846,Investment_Trust,21000
2026-03-10,2412,410000,Dealer_self,4000
2026-03-10,2412,76499,Dealer_Hedging,34844
2026-03-11,2412,5002572,Foreign_Investor,2008514
2026-03-11,2412,0,Foreign_Dealer_Self,0
2026-03-11,2412,15000,Investment_Trust,128000
2026-03-11,2412,96000,Dealer_self,54000
2026-03-11,2412,51079,Dealer_Hedging,66000
2026-03-12,2412,8899684,Foreign_Investor,3676698
2026-03-12,2412,0,Foreign_Dealer_Self,0
2026-03-12,2412,74000,Investment_Trust,325000
2026-03-12,2412,10000,Dealer_self,162000
2026-03-12,2412,8000,Dealer_Hedging,33000
2026-03-13,2412,5506142,Foreign_Investor,3944157
2026-03-13,2412,0,Foreign_Dealer_Self,0
2026-03-13,2412,5000,Dealer_self,140000
2026-03-13,2412,6000,Dealer_Hedging,56000
2026-03-13,2412,105000,Investment_Trust,207000
2026-03-16,2412,5119941,Foreign_Investor,3358475
2026-03-16,2412,0,Foreign_Dealer_Self,0
2026-03-16,2412,90029,Investment_Trust,497000
2026-03-16,2412,0,Dealer_self,78000
2026-03-16,2412,110140,Dealer_Hedging,0
2026-03-17,2412,4886917,Foreign_Investor,1560121
2026-03-17,2412,0,Foreign_Dealer_Self,0
2026-03-17,2412,0,Investment_Trust,425000
2026-03-17,2412,147000,Dealer_self,64000
2026-03-17,2412,205065,Dealer_Hedging,22065
2026-03-18,2412,4237132,Foreign_Investor,2558868
2026-03-18,2412,0,Foreign_Dealer_Self,0
2026-03-18,2412,118847,Investment_Trust,110000
2026-03-18,2412,171000,Dealer_self,66000
2026-03-18,2412,78156,Dealer_Hedging,10000
2026-03-19,2412,3214340,Foreign_Investor,2955717
2026-03-19,2412,0,Foreign_Dealer_Self,0
2026-03-19,2412,45000,Investment_Trust,151000
2026-03-19,2412,180000,Dealer_self,0
2026-03-19,2412,11000,Dealer_Hedging,52630
2026-03-20,2412,0,Foreign_Dealer_Self,0
2026-03-20,2412,32321,Investment_Trust,679996
2026-03-20,2412,492000,Dealer_self,52000
2026-03-20,2412,29557,Dealer_Hedging,31877
2026-03-20,2412,15622542,Foreign_Investor,14311460
2026-03-23,2412,7585759,Foreign_Investor,5032803
2026-03-23,2412,0,Foreign_Dealer_Self,0
2026-03-23,2412,1403958,Investment_Trust,4000
2026-03-23,2412,85000,Dealer_self,224000
2026-03-23,2412,228600,Dealer_Hedging,129264
2026-03-24,2412,4449920,Foreign_Investor,2732915
2026-03-24,2412,0,Foreign_Dealer_Self,0
2026-03-24,2412,48000,Investment_Trust,2000
2026-03-24,2412,57000,Dealer_self,35000
2026-03-24,2412,39150,Dealer_Hedging,1706
2026-03-25,2412,5089347,Foreign_Investor,3455682
2026-03-25,2412,0,Foreign_Dealer_Self,0
2026-03-25,2412,23000,Investment_Trust,94333
2026-03-25,2412,141000,Dealer_self,25000
2026-03-25,2412,153210,Dealer_Hedging,3000
2026-03-26,2412,3597544,Foreign_Investor,2945451
2026-03-26,2412,0,Foreign_Dealer_Self,0
2026-03-26,2412,0,Investment_Trust,82249
2026-03-26,2412,52000,Dealer_self,0
2026-03-26,2412,20048,Dealer_Hedging,2018
2026-03-27,2412,2572185,Foreign_Investor,2758478
2026-03-27,2412,0,Foreign_Dealer_Self,0
2026-03-27,2412,31000,Investment_Trust,99490
2026-03-27,2412,252000,Dealer_self,0
2026-03-27,2412,44510,Dealer_Hedging,16000
2026-03-30,2412,5318000,Foreign_Investor,6634674
2026-03-30,2412,0,Foreign_Dealer_Self,0
2026-03-30,2412,114860,Investment_Trust,5568
2026-03-30,2412,161000,Dealer_self,257000
2026-03-30,2412,73505,Dealer_Hedging,40995
2026-03-31,2412,0,Foreign_Dealer_Self,0
2026-03-31,2412,247000,Investment_Trust,3608000
2026-03-31,2412,343000,Dealer_self,21000
2026-03-31,2412,567796,Dealer_Hedging,3186
2026-03-31,2412,6307136,Foreign_Investor,8400107
2026-04-01,2412,4998314,Foreign_Investor,3242742
2026-04-01,2412,0,Foreign_Dealer_Self,0
2026-04-01,2412,243306,Investment_Trust,3277000
2026-04-01,2412,449000,Dealer_self,0
2026-04-01,2412,194360,Dealer_Hedging,0
2026-04-02,2412,2344320,Foreign_Investor,2870107
2026-04-02,2412,0,Foreign_Dealer_Self,0
2026-04-02,2412,272244,Investment_Trust,209000
2026-04-02,2412,0,Dealer_self,0
2026-04-02,2412,1000,Dealer_Hedging,82000
2026-04-07,2412,1414025,Foreign_Investor,2434291
2026-04-07,2412,0,Foreign_Dealer_Self,0
2026-04-07,2412,2000,Dealer_self,0
2026-04-07,2412,43136,Dealer_Hedging,12331
2026-04-07,2412,764881,Investment_Trust,18000
2026-04-08,2412,3691868,Foreign_Investor,4171000
2026-04-08,2412,0,Foreign_Dealer_Self,0
2026-04-08,2412,656718,Investment_Trust,44000
2026-04-08,2412,289000,Dealer_self,0
2026-04-08,2412,68030,Dealer_Hedging,1000
2026-04-09,2412,5664291,Foreign_Investor,6056466
2026-04-09,2412,0,Foreign_Dealer_Self,0
2026-04-09,2412,807919,Investment_Trust,125183
2026-04-09,2412,2000,Dealer_self,199000
2026-04-09,2412,41,Dealer_Hedging,53041
2026-04-10,2412,4438838,Foreign_Investor,3930613
2026-04-10,2412,0,Foreign_Dealer_Self,0
2026-04-10,2412,0,Dealer_self,115000
2026-04-10,2412,27000,Dealer_Hedging,7000
2026-04-10,2412,301824,Investment_Trust,123405
2026-04-13,2412,2977221,Foreign_Investor,2986074
2026-04-13,2412,0,Foreign_Dealer_Self,0
2026-04-13,2412,5000,Dealer_self,5000
2026-04-13,2412,175,Dealer_Hedging,48038
2026-04-13,2412,5381,Investment_Trust,1020174
2026-04-14,2412,0,Foreign_Dealer_Self,0
2026-04-14,2412,2000,Dealer_self,15000
2026-04-14,2412,72487,Dealer_Hedging,4800
2026-04-14,2412,8869059,Foreign_Investor,6865875
2026-04-14,2412,13361,Investment_Trust,1359215
2026-04-15,2412,4923489,Foreign_Investor,2792394
2026-04-15,2412,0,Foreign_Dealer_Self,0
2026-04-15,2412,8008,Investment_Trust,735909
2026-04-15,2412,12000,Dealer_self,149000
2026-04-15,2412,179881,Dealer_Hedging,16881
2026-04-16,2412,6926851,Foreign_Investor,2823056
2026-04-16,2412,0,Foreign_Dealer_Self,0
2026-04-16,2412,16857,Investment_Trust,673000
2026-04-16,2412,44000,Dealer_self,20000
2026-04-16,2412,134000,Dealer_Hedging,8000
2026-04-17,2412,6338004,Foreign_Investor,1017926
2026-04-17,2412,0,Foreign_Dealer_Self,0
2026-04-17,2412,10696,Investment_Trust,553935
2026-04-17,2412,83000,Dealer_self,122000
2026-04-17,2412,10355,Dealer_Hedging,8343
2026-04-20,2412,7885195,Foreign_Investor,4085150
2026-04-20,2412,0,Foreign_Dealer_Self,0
2026-04-20,2412,323524,Investment_Trust,1880000
2026-04-20,2412,40000,Dealer_self,2000
2026-04-20,2412,2000,Dealer_Hedging,0
2026-04-21,2412,0,Foreign_Dealer_Self,0
2026-04-21,2412,945348,Investment_Trust,539000
2026-04-21,2412,17000,Dealer_self,7000
2026-04-21,2412,4008,Dealer_Hedging,4000
2026-04-21,2412,5001591,Foreign_Investor,3387801
2026-04-22,2412,4942315,Foreign_Investor,6966519
2026-04-22,2412,0,Foreign_Dealer_Self,0
2026-04-22,2412,620044,Investment_Trust,502801
2026-04-22,2412,22000,Dealer_self,63000
2026-04-22,2412,12609,Dealer_Hedging,102189
2026-04-23,2412,2254616,Foreign_Investor,2708300
2026-04-23,2412,0,Foreign_Dealer_Self,0
2026-04-23,2412,2000,Investment_Trust,540627
2026-04-23,2412,11000,Dealer_self,200000
2026-04-23,2412,10016,Dealer_Hedging,20000
2026-04-24,2412,2645546,Foreign_Investor,3792699
2026-04-24,2412,0,Foreign_Dealer_Self,0
2026-04-24,2412,0,Investment_Trust,290105
2026-04-24,2412,22000,Dealer_self,26000
2026-04-24,2412,1000,Dealer_Hedging,11000
2026-04-27,2412,2529595,Foreign_Investor,5873007
2026-04-27,2412,0,Foreign_Dealer_Self,0
2026-04-27,2412,0,Investment_Trust,399902
2026-04-27,2412,10000,Dealer_self,127000
2026-04-27,2412,9893,Dealer_Hedging,36000
2026-04-28,2412,2164000,Foreign_Investor,12485000
2026-04-28,2412,0,Foreign_Dealer_Self,0
2026-04-28,2412,0,Investment_Trust,973115
2026-04-28,2412,17000,Dealer_self,0
2026-04-28,2412,23501,Dealer_Hedging,75000
2026-04-29,2412,3247505,Foreign_Investor,4481179
2026-04-29,2412,0,Foreign_Dealer_Self,0
2026-04-29,2412,0,Investment_Trust,360000
2026-04-29,2412,25000,Dealer_self,0
2026-04-29,2412,7152,Dealer_Hedging,21534
2026-04-30,2412,4498634,Foreign_Investor,5320572
2026-04-30,2412,0,Foreign_Dealer_Self,0
2026-04-30,2412,0,Investment_Trust,230000
2026-04-30,2412,66000,Dealer_self,5000
2026-04-30,2412,35000,Dealer_Hedging,75468
2026-05-04,2412,1761122,Foreign_Investor,4286546
2026-05-04,2412,0,Foreign_Dealer_Self,0
2026-05-04,2412,0,Investment_Trust,27511
2026-05-04,2412,0,Dealer_self,14000
2026-05-04,2412,81000,Dealer_Hedging,0
2026-05-05,2412,3063358,Foreign_Investor,2577759
2026-05-05,2412,0,Foreign_Dealer_Self,0
2026-05-05,2412,167667,Investment_Trust,69022
2026-05-05,2412,1000,Dealer_self,7000
2026-05-05,2412,4628,Dealer_Hedging,4628
2026-05-06,2412,5201939,Foreign_Investor,7173000
2026-05-06,2412,0,Foreign_Dealer_Self,0
2026-05-06,2412,215557,Investment_Trust,12000
2026-05-06,2412,5000,Dealer_self,0
2026-05-06,2412,86056,Dealer_Hedging,2000
2026-05-07,2412,3832061,Foreign_Investor,7254595
2026-05-07,2412,0,Foreign_Dealer_Self,0
2026-05-07,2412,362567,Investment_Trust,18350
2026-05-07,2412,50000,Dealer_self,56000
2026-05-07,2412,134072,Dealer_Hedging,10000
2026-05-08,2412,0,Foreign_Dealer_Self,0
2026-05-08,2412,0,Investment_Trust,2000
2026-05-08,2412,85000,Dealer_self,86000
2026-05-08,2412,62032,Dealer_Hedging,1000
2026-05-08,2412,4098789,Foreign_Investor,5133503
2026-05-11,2412,1595679,Foreign_Investor,4138202
2026-05-11,2412,0,Foreign_Dealer_Self,0
2026-05-11,2412,115000,Dealer_self,0
2026-05-11,2412,5008,Dealer_Hedging,45000
2026-05-11,2412,5000,Investment_Trust,16752
2026-05-12,2412,3538333,Foreign_Investor,5346162
2026-05-12,2412,0,Foreign_Dealer_Self,0
2026-05-12,2412,18000,Investment_Trust,86307
2026-05-12,2412,100000,Dealer_self,162899
2026-05-12,2412,9000,Dealer_Hedging,47000
2026-05-13,2412,8308902,Foreign_Investor,2399949
2026-05-13,2412,0,Foreign_Dealer_Self,0
2026-05-13,2412,1715528,Investment_Trust,8000
2026-05-13,2412,0,Dealer_self,50000
2026-05-13,2412,46901,Dealer_Hedging,59289
2026-05-14,2412,11710004,Foreign_Investor,8800841
2026-05-14,2412,0,Foreign_Dealer_Self,0
2026-05-14,2412,154000,Dealer_self,59000
2026-05-14,2412,396286,Dealer_Hedging,195000
2026-05-14,2412,0,Investment_Trust,79000
2026-05-15,2412,5798566,Foreign_Investor,3475545
2026-05-15,2412,0,Foreign_Dealer_Self,0
2026-05-15,2412,70479,Investment_Trust,28807
2026-05-15,2412,250000,Dealer_self,0
2026-05-15,2412,0,Dealer_Hedging,45000
2026-05-18,2412,3136396,Foreign_Investor,4635167
2026-05-18,2412,0,Foreign_Dealer_Self,0
2026-05-18,2412,6000,Investment_Trust,2000
2026-05-18,2412,203000,Dealer_self,4000
2026-05-18,2412,113986,Dealer_Hedging,20602
2026-05-19,2412,28005399,Foreign_Investor,11789437
2026-05-19,2412,0,Foreign_Dealer_Self,0
2026-05-19,2412,7972000,Investment_Trust,99394
2026-05-19,2412,43000,Dealer_self,72000
2026-05-19,2412,228503,Dealer_Hedging,268191
2026-05-20,2412,7823556,Foreign_Investor,13891481
2026-05-20,2412,0,Foreign_Dealer_Self,0
2026-05-20,2412,195000,Investment_Trust,25000
2026-05-20,2412,360000,Dealer_self,264000
2026-05-20,2412,150970,Dealer_Hedging,173459
2026-05-21,2412,0,Foreign_Dealer_Self,0
2026-05-21,2412,416000,Dealer_self,7998
2026-05-21,2412,34000,Dealer_Hedging,45939
2026-05-21,2412,4014476,Foreign_Investor,9406863
2026-05-21,2412,166000,Investment_Trust,732000
2026-05-22,2412,596094,Foreign_Investor,6574603
2026-05-22,2412,0,Foreign_Dealer_Self,0
2026-05-22,2412,232000,Dealer_self,106000
2026-05-22,2412,25947,Dealer_Hedging,141607
2026-05-22,2412,3000,Investment_Trust,37351
2026-05-25,2412,1617500,Foreign_Investor,9125712
2026-05-25,2412,0,Foreign_Dealer_Self,0
2026-05-25,2412,421000,Investment_Trust,62000
2026-05-25,2412,210000,Dealer_self,13000
2026-05-25,2412,41353,Dealer_Hedging,21990
2026-05-26,2412,4172295,Foreign_Investor,13334301
2026-05-26,2412,0,Foreign_Dealer_Self,0
2026-05-26,2412,1893000,Investment_Trust,61000
2026-05-26,2412,250000,Dealer_self,48000
2026-05-26,2412,44225,Dealer_Hedging,9198
2026-05-27,2412,5602363,Foreign_Investor,10805831
2026-05-27,2412,0,Foreign_Dealer_Self,0
2026-05-27,2412,1323000,Investment_Trust,26000
2026-05-27,2412,261000,Dealer_self,3000
2026-05-27,2412,79433,Dealer_Hedging,12177
2026-05-28,2412,4329974,Foreign_Investor,13798156
2026-05-28,2412,0,Foreign_Dealer_Self,0
2026-05-28,2412,3532702,Investment_Trust,14000
2026-05-28,2412,395000,Dealer_self,122000
2026-05-28,2412,91105,Dealer_Hedging,5361
2026-05-29,2412,0,Foreign_Dealer_Self,0
2026-05-29,2412,4983168,Investment_Trust,11000
2026-05-29,2412,1037000,Dealer_self,75000
2026-05-29,2412,12000,Dealer_Hedging,7477
2026-05-29,2412,15807603,Foreign_Investor,22285831
2026-06-01,2412,0,Foreign_Dealer_Self,0
2026-06-01,2412,5941000,Investment_Trust,0
2026-06-01,2412,585000,Dealer_self,47000
2026-06-01,2412,108428,Dealer_Hedging,14000
2026-06-01,2412,14833444,Foreign_Investor,9793508
2026-06-02,2412,6878922,Foreign_Investor,11703198
2026-06-02,2412,0,Foreign_Dealer_Self,0
2026-06-02,2412,7000,Dealer_self,24000
2026-06-02,2412,54105,Dealer_Hedging,58000
2026-06-02,2412,7630000,Investment_Trust,37000
2026-06-03,2412,3619795,Foreign_Investor,7810074
2026-06-03,2412,0,Foreign_Dealer_Self,0
2026-06-03,2412,4179000,Investment_Trust,46801
2026-06-03,2412,240000,Dealer_self,24000
2026-06-03,2412,12014,Dealer_Hedging,16000
2026-06-04,2412,5477260,Foreign_Investor,6494871
2026-06-04,2412,0,Foreign_Dealer_Self,0
2026-06-04,2412,2063000,Investment_Trust,431801
2026-06-04,2412,631000,Dealer_self,0
2026-06-04,2412,198399,Dealer_Hedging,6000
2026-06-05,2412,3265672,Foreign_Investor,8414966
2026-06-05,2412,0,Foreign_Dealer_Self,0
2026-06-05,2412,219000,Investment_Trust,20754
2026-06-05,2412,1105000,Dealer_self,232661
2026-06-05,2412,129147,Dealer_Hedging,21000
2026-06-08,2412,5398854,Foreign_Investor,12557999
2026-06-08,2412,0,Foreign_Dealer_Self,0
2026-06-08,2412,371000,Investment_Trust,10000
2026-06-08,2412,221000,Dealer_self,17970
2026-06-08,2412,102035,Dealer_Hedging,18000
2026-06-09,2412,12226066,Foreign_Investor,10319248
2026-06-09,2412,0,Foreign_Dealer_Self,0
2026-06-09,2412,31000,Investment_Trust,9000
2026-06-09,2412,498000,Dealer_self,118000
2026-06-09,2412,9000,Dealer_Hedging,28000
2026-06-10,2412,0,Foreign_Dealer_Self,0
2026-06-10,2412,10616645,Foreign_Investor,5520427
2026-06-10,2412,130025,Investment_Trust,1000
2026-06-10,2412,189000,Dealer_self,127000
2026-06-10,2412,151063,Dealer_Hedging,26000
2026-06-11,2412,13546443,Foreign_Investor,7693218
2026-06-11,2412,0,Foreign_Dealer_Self,0
2026-06-11,2412,254000,Dealer_self,0
2026-06-11,2412,501130,Dealer_Hedging,45000
2026-06-11,2412,467793,Investment_Trust,193000
2026-06-12,2412,0,Foreign_Dealer_Self,0
2026-06-12,2412,3845646,Foreign_Investor,4890995
2026-06-12,2412,44000,Investment_Trust,92797
2026-06-12,2412,0,Dealer_self,31000
2026-06-12,2412,21000,Dealer_Hedging,29440
2026-06-15,2412,5261181,Foreign_Investor,5695999
2026-06-15,2412,0,Foreign_Dealer_Self,0
2026-06-15,2412,103000,Investment_Trust,14000
2026-06-15,2412,53000,Dealer_self,99000
2026-06-15,2412,110020,Dealer_Hedging,2000
2026-06-16,2412,0,Foreign_Dealer_Self,0
2026-06-16,2412,9084775,Foreign_Investor,6266880
2026-06-16,2412,3000,Investment_Trust,88801
2026-06-16,2412,22000,Dealer_self,42116
2026-06-16,2412,89000,Dealer_Hedging,3000
2026-06-17,2412,0,Foreign_Dealer_Self,0
2026-06-17,2412,3646690,Foreign_Investor,6349670
2026-06-17,2412,319000,Investment_Trust,22655
2026-06-17,2412,258000,Dealer_self,267000
2026-06-17,2412,56088,Dealer_Hedging,115000
2026-06-18,2412,0,Foreign_Dealer_Self,0
2026-06-18,2412,5141036,Foreign_Investor,6941502
2026-06-18,2412,226000,Investment_Trust,917193
2026-06-18,2412,445000,Dealer_self,100002
2026-06-18,2412,22000,Dealer_Hedging,3000
2026-06-19,2412,0,Foreign_Dealer_Self,0
2026-06-19,2412,3822000,Foreign_Investor,1479069
2026-06-19,2412,0,Investment_Trust,30000
2026-06-19,2412,100000,Dealer_self,1502000
2026-06-19,2412,6000,Dealer_Hedging,0
2026-06-22,2412,3481863,Foreign_Investor,4515380
2026-06-22,2412,0,Foreign_Dealer_Self,0
2026-06-22,2412,341818,Investment_Trust,18000
2026-06-22,2412,28000,Dealer_self,27000
2026-06-22,2412,31000,Dealer_Hedging,3000
2026-06-23,2412,4666877,Foreign_Investor,8038808
2026-06-23,2412,0,Foreign_Dealer_Self,0
2026-06-23,2412,721837,Investment_Trust,65000
2026-06-23,2412,194000,Dealer_self,160000
2026-06-23,2412,116925,Dealer_Hedging,0
2026-06-24,2412,4918729,Foreign_Investor,9031105
2026-06-24,2412,0,Foreign_Dealer_Self,0
2026-06-24,2412,699000,Dealer_self,220015
2026-06-24,2412,156825,Dealer_Hedging,1000
2026-06-24,2412,1309000,Investment_Trust,8000
2026-06-25,2412,0,Foreign_Dealer_Self,0
2026-06-25,2412,6301015,Foreign_Investor,6204627
2026-06-25,2412,383000,Investment_Trust,35000
2026-06-25,2412,450000,Dealer_self,3555
2026-06-25,2412,10990,Dealer_Hedging,47000
2026-06-26,2412,0,Foreign_Dealer_Self,0
2026-06-26,2412,3514118,Foreign_Investor,11575540
2026-06-26,2412,3184199,Investment_Trust,0
2026-06-26,2412,696000,Dealer_self,85000
2026-06-26,2412,231720,Dealer_Hedging,10476
2026-06-29,2412,6237197,Foreign_Investor,15747690
2026-06-29,2412,0,Foreign_Dealer_Self,0
2026-06-29,2412,4178556,Investment_Trust,57000
2026-06-29,2412,621000,Dealer_self,10000
2026-06-29,2412,150955,Dealer_Hedging,1000
2026-06-30,2412,0,Foreign_Dealer_Self,0
2026-06-30,2412,3689654,Investment_Trust,3000
2026-06-30,2412,270000,Dealer_self,30000
2026-06-30,2412,35000,Dealer_Hedging,6000
2026-06-30,2412,5362214,Foreign_Investor,16383425
2026-07-01,2412,0,Foreign_Dealer_Self,0
2026-07-01,2412,3263252,Investment_Trust,353000
2026-07-01,2412,304000,Dealer_self,426000
2026-07-01,2412,72000,Dealer_Hedging,2000
2026-07-01,2412,4289503,Foreign_Investor,11616876
2026-07-02,2412,2449849,Foreign_Investor,12810818
2026-07-02,2412,0,Foreign_Dealer_Self,0
2026-07-02,2412,3874978,Investment_Trust,161000
2026-07-02,2412,0,Dealer_self,484
2026-07-02,2412,6000,Dealer_Hedging,1000
2026-07-03,2412,0,Foreign_Dealer_Self,0
2026-07-03,2412,2676887,Foreign_Investor,12769306
2026-07-03,2412,3906450,Investment_Trust,158000
2026-07-03,2412,3000,Dealer_self,56000
2026-07-03,2412,68000,Dealer_Hedging,1000
2026-07-06,2412,3062455,Foreign_Investor,8549466
2026-07-06,2412,0,Foreign_Dealer_Self,0
2026-07-06,2412,3782473,Investment_Trust,32000
2026-07-06,2412,460000,Dealer_self,9000
2026-07-06,2412,69000,Dealer_Hedging,37000
2026-07-07,2412,2975119,Foreign_Investor,14336183
2026-07-07,2412,0,Foreign_Dealer_Self,0
2026-07-07,2412,3663613,Investment_Trust,337000
2026-07-07,2412,21000,Dealer_self,50000
2026-07-07,2412,132007,Dealer_Hedging,2000
2026-07-08,2412,5772697,Foreign_Investor,19265422
2026-07-08,2412,0,Foreign_Dealer_Self,0
2026-07-08,2412,1328968,Investment_Trust,358000
2026-07-08,2412,27000,Dealer_self,203983
2026-07-08,2412,66008,Dealer_Hedging,410473
2026-07-09,2412,20485246,Foreign_Investor,13509275
2026-07-09,2412,0,Foreign_Dealer_Self,0
2026-07-09,2412,47449,Investment_Trust,78000
2026-07-09,2412,381000,Dealer_self,11260128
2026-07-09,2412,206000,Dealer_Hedging,68841
2026-07-13,2412,6201087,Foreign_Investor,6367535
2026-07-13,2412,0,Foreign_Dealer_Self,0
2026-07-13,2412,662221,Investment_Trust,1000
2026-07-13,2412,152000,Dealer_self,1307000
2026-07-13,2412,20006,Dealer_Hedging,67000
2026-07-14,2412,10978007,Foreign_Investor,13299054
2026-07-14,2412,0,Foreign_Dealer_Self,0
2026-07-14,2412,1140389,Investment_Trust,18000
2026-07-14,2412,346000,Dealer_self,57370
2026-07-14,2412,582150,Dealer_Hedging,3000
2026-07-15,2412,6394482,Foreign_Investor,6776850
2026-07-15,2412,0,Foreign_Dealer_Self,0
2026-07-15,2412,145702,Investment_Trust,999603
2026-07-15,2412,74000,Dealer_self,160000
2026-07-15,2412,53000,Dealer_Hedging,27000
2026-07-16,2412,17203353,Foreign_Investor,3594520
2026-07-16,2412,0,Foreign_Dealer_Self,0
2026-07-16,2412,100232,Dealer_self,6000
2026-07-16,2412,93018,Dealer_Hedging,85000
2026-07-16,2412,215984,Investment_Trust,524000
2026-07-17,2412,24020978,Foreign_Investor,6982102
2026-07-17,2412,0,Foreign_Dealer_Self,0
2026-07-17,2412,1150408,Investment_Trust,130000
2026-07-17,2412,129000,Dealer_self,154000
2026-07-17,2412,779450,Dealer_Hedging,27000
2026-07-20,2412,16995292,Foreign_Investor,8532857
2026-07-20,2412,0,Foreign_Dealer_Self,0
2026-07-20,2412,1095470,Investment_Trust,108369
2026-07-20,2412,309000,Dealer_self,0
2026-07-20,2412,761492,Dealer_Hedging,6000
2026-07-21,2412,14364074,Foreign_Investor,6016514
2026-07-21,2412,0,Foreign_Dealer_Self,0
2026-07-21,2412,276367,Investment_Trust,510000
2026-07-21,2412,11000,Dealer_self,123000
2026-07-21,2412,88960,Dealer_Hedging,10000
2026-07-22,2412,9636989,Foreign_Investor,6855244
2026-07-22,2412,0,Foreign_Dealer_Self,0
2026-07-22,2412,549000,Dealer_self,305000
2026-07-22,2412,7000,Dealer_Hedging,33532
2026-07-22,2412,205666,Investment_Trust,376394
2026-07-23,2412,7400166,Foreign_Investor,3752205
2026-07-23,2412,0,Foreign_Dealer_Self,0
2026-07-23,2412,480119,Investment_Trust,525699
2026-07-23,2412,762000,Dealer_self,0
2026-07-23,2412,15000,Dealer_Hedging,7000
2026-07-24,2412,11104092,Foreign_Investor,4339764
2026-07-24,2412,0,Foreign_Dealer_Self,0
2026-07-24,2412,713144,Investment_Trust,17000
2026-07-24,2412,682000,Dealer_self,9000
2026-07-24,2412,77000,Dealer_Hedging,0
2026-07-27,2412,18414384,Foreign_Investor,4808400
2026-07-27,2412,0,Foreign_Dealer_Self,0
2026-07-27,2412,110876,Investment_Trust,17000
2026-07-27,2412,123000,Dealer_self,50000
2026-07-27,2412,236480,Dealer_Hedging,0
2026-07-28,2412,13864478,Foreign_Investor,4174930
2026-07-28,2412,0,Foreign_Dealer_Self,0
2026-07-28,2412,67700,Investment_Trust,4000
2026-07-28,2412,17084,Dealer_self,53000
2026-07-28,2412,900424,Dealer_Hedging,1000
2026-07-29,2412,22710616,Foreign_Investor,9776567
2026-07-29,2412,0,Foreign_Dealer_Self,0
2026-07-29,2412,1038699,Investment_Trust,1603365
2026-07-29,2412,308000,Dealer_self,395000
2026-07-29,2412,815288,Dealer_Hedging,1000
2026-07-30,2412,12981552,Foreign_Investor,5551784
2026-07-30,2412,0,Foreign_Dealer_Self,0
2026-07-30,2412,195038,Investment_Trust,119000
2026-07-30,2412,70000,Dealer_self,24000
2026-07-30,2412,226650,Dealer_Hedging,1000
2026-07-31,2412,0,Foreign_Dealer_Self,0
2026-07-31,2412,1640208,Investment_Trust,1000
2026-07-31,2412,160000,Dealer_self,3000
2026-07-31,2412,44000,Dealer_Hedging,2000
2026-07-31,2412,15699311,Foreign_Investor,8924140
