date,stock_id,buy,name,sell
2024-06-17,2493,30000,Foreign_Investor,51000
2024-06-17,2493,0,Foreign_Dealer_Self,0
2024-06-17,2493,0,Investment_Trust,1700
2024-06-17,2493,1000,Dealer_self,2014
2024-06-17,2493,0,Dealer_Hedging,0
2024-06-18,2493,38000,Foreign_Investor,35000
2024-06-18,2493,0,Foreign_Dealer_Self,0
2024-06-18,2493,0,Investment_Trust,0
2024-06-18,2493,1000,Dealer_self,67
2024-06-18,2493,0,Dealer_Hedging,0
2024-06-19,2493,23000,Foreign_Investor,209000
2024-06-19,2493,0,Foreign_Dealer_Self,0
2024-06-19,2493,0,Investment_Trust,0
2024-06-19,2493,28000,Dealer_self,6167
2024-06-19,2493,0,Dealer_Hedging,0
2024-06-20,2493,130000,Foreign_Investor,19000
2024-06-20,2493,0,Foreign_Dealer_Self,0
2024-06-20,2493,0,Investment_Trust,0
2024-06-20,2493,3000,Dealer_self,0
2024-06-20,2493,0,Dealer_Hedging,0
2024-06-21,2493,76000,Foreign_Investor,10000
2024-06-21,2493,0,Foreign_Dealer_Self,0
2024-06-21,2493,0,Investment_Trust,0
2024-06-21,2493,22,Dealer_self,0
2024-06-21,2493,0,Dealer_Hedging,0
2024-06-24,2493,6000,Foreign_Investor,109000
2024-06-24,2493,0,Foreign_Dealer_Self,0
2024-06-24,2493,0,Investment_Trust,3413
2024-06-24,2493,12000,Dealer_self,505
2024-06-24,2493,0,Dealer_Hedging,0
2024-06-25,2493,24150,Foreign_Investor,77000
2024-06-25,2493,0,Foreign_Dealer_Self,0
2024-06-25,2493,0,Investment_Trust,60000
2024-06-25,2493,1000,Dealer_self,544
2024-06-25,2493,0,Dealer_Hedging,0
2024-06-26,2493,103000,Foreign_Investor,10000
2024-06-26,2493,0,Foreign_Dealer_Self,0
2024-06-26,2493,1000,Investment_Trust,0
2024-06-26,2493,0,Dealer_self,70
2024-06-26,2493,0,Dealer_Hedging,0
2024-06-27,2493,5000,Foreign_Investor,7000
2024-06-27,2493,0,Foreign_Dealer_Self,0
2024-06-27,2493,0,Investment_Trust,0
2024-06-27,2493,0,Dealer_self,1000
2024-06-27,2493,0,Dealer_Hedging,0
2024-06-28,2493,28000,Foreign_Investor,16000
2024-06-28,2493,0,Foreign_Dealer_Self,0
2024-06-28,2493,0,Investment_Trust,0
2024-06-28,2493,7000,Dealer_self,657
2024-06-28,2493,0,Dealer_Hedging,0
2024-07-01,2493,137000,Foreign_Investor,36000
2024-07-01,2493,0,Foreign_Dealer_Self,0
2024-07-01,2493,0,Investment_Trust,48067
2024-07-01,2493,19000,Dealer_self,4001
2024-07-01,2493,0,Dealer_Hedging,2000
2024-07-02,2493,65000,Foreign_Investor,63000
2024-07-02,2493,0,Foreign_Dealer_Self,0
2024-07-02,2493,0,Investment_Trust,55148
2024-07-02,2493,4428,Dealer_self,923
2024-07-02,2493,0,Dealer_Hedging,0
2024-07-03,2493,34000,Foreign_Investor,167000
2024-07-03,2493,0,Foreign_Dealer_Self,0
2024-07-03,2493,1000,Investment_Trust,0
2024-07-03,2493,33000,Dealer_self,1002
2024-07-03,2493,0,Dealer_Hedging,0
2024-07-04,2493,143000,Foreign_Investor,85000
2024-07-04,2493,0,Foreign_Dealer_Self,0
2024-07-04,2493,0,Investment_Trust,0
2024-07-04,2493,3000,Dealer_self,169
2024-07-04,2493,0,Dealer_Hedging,0
2024-07-05,2493,121000,Foreign_Investor,141000
2024-07-05,2493,0,Foreign_Dealer_Self,0
2024-07-05,2493,0,Investment_Trust,0
2024-07-05,2493,4000,Dealer_self,19711
2024-07-05,2493,13050,Dealer_Hedging,0
2024-07-08,2493,78000,Foreign_Investor,514000
2024-07-08,2493,0,Foreign_Dealer_Self,0
2024-07-08,2493,1000,Investment_Trust,0
2024-07-08,2493,19000,Dealer_self,718
2024-07-08,2493,0,Dealer_Hedging,3150
2024-07-09,2493,259000,Foreign_Investor,179000
2024-07-09,2493,0,Foreign_Dealer_Self,0
2024-07-09,2493,2000,Investment_Trust,0
2024-07-09,2493,2000,Dealer_self,3668
2024-07-09,2493,0,Dealer_Hedging,6650
2024-07-10,2493,20000,Foreign_Investor,129000
2024-07-10,2493,0,Foreign_Dealer_Self,0
2024-07-10,2493,1000,Investment_Trust,0
2024-07-10,2493,3000,Dealer_self,1037
2024-07-10,2493,0,Dealer_Hedging,0
2024-07-11,2493,114000,Foreign_Investor,93000
2024-07-11,2493,0,Foreign_Dealer_Self,0
2024-07-11,2493,0,Investment_Trust,0
2024-07-11,2493,35000,Dealer_self,5296
2024-07-11,2493,910,Dealer_Hedging,0
2024-07-12,2493,25000,Foreign_Investor,193000
2024-07-12,2493,0,Foreign_Dealer_Self,0
2024-07-12,2493,0,Investment_Trust,0
2024-07-12,2493,7000,Dealer_self,5079
2024-07-12,2493,0,Dealer_Hedging,2000
2024-07-15,2493,114000,Foreign_Investor,90000
2024-07-15,2493,0,Foreign_Dealer_Self,0
2024-07-15,2493,0,Investment_Trust,0
2024-07-15,2493,3000,Dealer_self,25121
2024-07-15,2493,0,Dealer_Hedging,0
2024-07-16,2493,20000,Foreign_Investor,100000
2024-07-16,2493,0,Foreign_Dealer_Self,0
2024-07-16,2493,6000,Investment_Trust,0
2024-07-16,2493,17000,Dealer_self,2481
2024-07-16,2493,1000,Dealer_Hedging,1000
2024-07-17,2493,19000,Foreign_Investor,145000
2024-07-17,2493,0,Foreign_Dealer_Self,0
2024-07-17,2493,1000,Investment_Trust,0
2024-07-17,2493,1000,Dealer_self,417
2024-07-17,2493,0,Dealer_Hedging,0
2024-07-18,2493,30000,Foreign_Investor,298000
2024-07-18,2493,0,Foreign_Dealer_Self,0
2024-07-18,2493,1000,Investment_Trust,0
2024-07-18,2493,7000,Dealer_self,8804
2024-07-18,2493,0,Dealer_Hedging,0
2024-07-19,2493,40000,Foreign_Investor,233000
2024-07-19,2493,0,Foreign_Dealer_Self,0
2024-07-19,2493,2000,Investment_Trust,0
2024-07-19,2493,6000,Dealer_self,18000
2024-07-19,2493,0,Dealer_Hedging,0
2024-07-22,2493,207000,Foreign_Investor,335000
2024-07-22,2493,0,Foreign_Dealer_Self,0
2024-07-22,2493,0,Investment_Trust,0
2024-07-22,2493,27000,Dealer_self,58000
2024-07-22,2493,0,Dealer_Hedging,0
2024-07-23,2493,80000,Foreign_Investor,161000
2024-07-23,2493,0,Foreign_Dealer_Self,0
2024-07-23,2493,1000,Investment_Trust,0
2024-07-23,2493,0,Dealer_self,204
2024-07-23,2493,0,Dealer_Hedging,0
2024-07-26,2493,49000,Foreign_Investor,52000
2024-07-26,2493,0,Foreign_Dealer_Self,0
2024-07-26,2493,2000,Investment_Trust,0
2024-07-26,2493,4000,Dealer_self,10858
2024-07-26,2493,0,Dealer_Hedging,0
2024-07-29,2493,46000,Foreign_Investor,160000
2024-07-29,2493,0,Foreign_Dealer_Self,0
2024-07-29,2493,0,Investment_Trust,0
2024-07-29,2493,15000,Dealer_self,11106
2024-07-29,2493,0,Dealer_Hedging,1689
2024-07-30,2493,85000,Foreign_Investor,73582
2024-07-30,2493,0,Foreign_Dealer_Self,0
2024-07-30,2493,1000,Investment_Trust,0
2024-07-30,2493,1000,Dealer_self,1628
2024-07-30,2493,0,Dealer_Hedging,0
2024-07-31,2493,22000,Foreign_Investor,137000
2024-07-31,2493,0,Foreign_Dealer_Self,0
2024-07-31,2493,0,Investment_Trust,0
2024-07-31,2493,3000,Dealer_self,2500
2024-07-31,2493,0,Dealer_Hedging,0
2024-08-01,2493,87000,Foreign_Investor,74000
2024-08-01,2493,0,Foreign_Dealer_Self,0
2024-08-01,2493,0,Investment_Trust,0
2024-08-01,2493,4005,Dealer_self,786
2024-08-01,2493,0,Dealer_Hedging,0
2024-08-02,2493,45000,Foreign_Investor,113000
2024-08-02,2493,0,Foreign_Dealer_Self,0
2024-08-02,2493,1000,Investment_Trust,0
2024-08-02,2493,6000,Dealer_self,8320
2024-08-02,2493,0,Dealer_Hedging,0
2024-08-05,2493,173180,Foreign_Investor,278000
2024-08-05,2493,0,Foreign_Dealer_Self,0
2024-08-05,2493,0,Investment_Trust,0
2024-08-05,2493,14000,Dealer_self,57698
2024-08-05,2493,0,Dealer_Hedging,0
2024-08-06,2493,271000,Foreign_Investor,365000
2024-08-06,2493,0,Foreign_Dealer_Self,0
2024-08-06,2493,1000,Investment_Trust,0
2024-08-06,2493,17000,Dealer_self,18616
2024-08-06,2493,0,Dealer_Hedging,0
2024-08-07,2493,99000,Foreign_Investor,117000
2024-08-07,2493,0,Foreign_Dealer_Self,0
2024-08-07,2493,0,Investment_Trust,0
2024-08-07,2493,8000,Dealer_self,280
2024-08-07,2493,0,Dealer_Hedging,0
2024-08-08,2493,48000,Foreign_Investor,81000
2024-08-08,2493,0,Foreign_Dealer_Self,0
2024-08-08,2493,0,Investment_Trust,0
2024-08-08,2493,1000,Dealer_self,2002
2024-08-08,2493,0,Dealer_Hedging,0
2024-08-09,2493,102000,Foreign_Investor,135000
2024-08-09,2493,0,Foreign_Dealer_Self,0
2024-08-09,2493,0,Investment_Trust,0
2024-08-09,2493,9000,Dealer_self,4109
2024-08-09,2493,580,Dealer_Hedging,0
2024-08-12,2493,70208,Foreign_Investor,91000
2024-08-12,2493,0,Foreign_Dealer_Self,0
2024-08-12,2493,0,Investment_Trust,0
2024-08-12,2493,1,Dealer_self,19198
2024-08-12,2493,0,Dealer_Hedging,0
2024-08-13,2493,36000,Foreign_Investor,58000
2024-08-13,2493,0,Foreign_Dealer_Self,0
2024-08-13,2493,0,Investment_Trust,0
2024-08-13,2493,9000,Dealer_self,10015
2024-08-13,2493,0,Dealer_Hedging,0
2024-08-14,2493,34000,Foreign_Investor,23386
2024-08-14,2493,0,Foreign_Dealer_Self,0
2024-08-14,2493,0,Investment_Trust,0
2024-08-14,2493,11000,Dealer_self,12823
2024-08-14,2493,0,Dealer_Hedging,0
2024-08-15,2493,22000,Foreign_Investor,24000
2024-08-15,2493,0,Foreign_Dealer_Self,0
2024-08-15,2493,0,Investment_Trust,0
2024-08-15,2493,4000,Dealer_self,2000
2024-08-15,2493,0,Dealer_Hedging,0
2024-08-16,2493,45000,Foreign_Investor,31000
2024-08-16,2493,0,Foreign_Dealer_Self,0
2024-08-16,2493,0,Investment_Trust,0
2024-08-16,2493,1000,Dealer_self,0
2024-08-16,2493,0,Dealer_Hedging,0
2024-08-19,2493,79000,Foreign_Investor,21000
2024-08-19,2493,0,Foreign_Dealer_Self,0
2024-08-19,2493,0,Investment_Trust,0
2024-08-19,2493,16000,Dealer_self,1000
2024-08-19,2493,0,Dealer_Hedging,0
2024-08-20,2493,7000,Foreign_Investor,38000
2024-08-20,2493,0,Foreign_Dealer_Self,0
2024-08-20,2493,0,Investment_Trust,0
2024-08-20,2493,3000,Dealer_self,1
2024-08-20,2493,0,Dealer_Hedging,0
2024-08-21,2493,45212,Foreign_Investor,39000
2024-08-21,2493,0,Foreign_Dealer_Self,0
2024-08-21,2493,0,Investment_Trust,0
2024-08-21,2493,20000,Dealer_self,5000
2024-08-21,2493,0,Dealer_Hedging,0
2024-08-22,2493,24000,Foreign_Investor,13000
2024-08-22,2493,0,Foreign_Dealer_Self,0
2024-08-22,2493,0,Investment_Trust,0
2024-08-22,2493,0,Dealer_self,1000
2024-08-22,2493,0,Dealer_Hedging,0
2024-08-23,2493,52000,Foreign_Investor,15000
2024-08-23,2493,0,Foreign_Dealer_Self,0
2024-08-23,2493,0,Investment_Trust,0
2024-08-23,2493,3000,Dealer_self,22
2024-08-23,2493,0,Dealer_Hedging,0
2024-08-26,2493,21000,Foreign_Investor,11000
2024-08-26,2493,0,Foreign_Dealer_Self,0
2024-08-26,2493,0,Investment_Trust,0
2024-08-26,2493,2000,Dealer_self,13
2024-08-26,2493,0,Dealer_Hedging,0
2024-08-27,2493,13000,Foreign_Investor,6000
2024-08-27,2493,0,Foreign_Dealer_Self,0
2024-08-27,2493,0,Investment_Trust,0
2024-08-27,2493,1000,Dealer_self,2036
2024-08-27,2493,0,Dealer_Hedging,222
2024-08-28,2493,5000,Foreign_Investor,9000
2024-08-28,2493,0,Foreign_Dealer_Self,0
2024-08-28,2493,0,Investment_Trust,0
2024-08-28,2493,1000,Dealer_self,0
2024-08-28,2493,0,Dealer_Hedging,0
2024-08-29,2493,58000,Foreign_Investor,17000
2024-08-29,2493,0,Foreign_Dealer_Self,0
2024-08-29,2493,0,Investment_Trust,0
2024-08-29,2493,0,Dealer_self,8679
2024-08-29,2493,0,Dealer_Hedging,0
2024-08-30,2493,9000,Foreign_Investor,14000
2024-08-30,2493,0,Foreign_Dealer_Self,0
2024-08-30,2493,0,Investment_Trust,0
2024-08-30,2493,1000,Dealer_self,23
2024-08-30,2493,0,Dealer_Hedging,0
2024-09-02,2493,41399,Foreign_Investor,22000
2024-09-02,2493,0,Foreign_Dealer_Self,0
2024-09-02,2493,0,Investment_Trust,0
2024-09-02,2493,5031,Dealer_self,978
2024-09-02,2493,0,Dealer_Hedging,0
2024-09-03,2493,61000,Foreign_Investor,17000
2024-09-03,2493,0,Foreign_Dealer_Self,0
2024-09-03,2493,0,Investment_Trust,0
2024-09-03,2493,1014,Dealer_self,0
2024-09-03,2493,0,Dealer_Hedging,0
2024-09-04,2493,68001,Foreign_Investor,128000
2024-09-04,2493,0,Foreign_Dealer_Self,0
2024-09-04,2493,0,Investment_Trust,0
2024-09-04,2493,8000,Dealer_self,29550
2024-09-04,2493,0,Dealer_Hedging,0
2024-09-05,2493,16000,Foreign_Investor,32000
2024-09-05,2493,0,Foreign_Dealer_Self,0
2024-09-05,2493,0,Investment_Trust,0
2024-09-05,2493,4000,Dealer_self,10530
2024-09-05,2493,0,Dealer_Hedging,0
2024-09-06,2493,17000,Foreign_Investor,36000
2024-09-06,2493,0,Foreign_Dealer_Self,0
2024-09-06,2493,0,Investment_Trust,0
2024-09-06,2493,1000,Dealer_self,10656
2024-09-06,2493,0,Dealer_Hedging,0
2024-09-09,2493,34000,Foreign_Investor,51000
2024-09-09,2493,0,Foreign_Dealer_Self,0
2024-09-09,2493,0,Investment_Trust,0
2024-09-09,2493,1000,Dealer_self,4702
2024-09-09,2493,0,Dealer_Hedging,0
2024-09-10,2493,38138,Foreign_Investor,70000
2024-09-10,2493,0,Foreign_Dealer_Self,0
2024-09-10,2493,0,Investment_Trust,0
2024-09-10,2493,2000,Dealer_self,2768
2024-09-10,2493,0,Dealer_Hedging,0
2024-09-11,2493,6000,Foreign_Investor,68000
2024-09-11,2493,0,Foreign_Dealer_Self,0
2024-09-11,2493,0,Investment_Trust,0
2024-09-11,2493,3000,Dealer_self,2362
2024-09-11,2493,0,Dealer_Hedging,0
2024-09-12,2493,34000,Foreign_Investor,60000
2024-09-12,2493,0,Foreign_Dealer_Self,0
2024-09-12,2493,0,Investment_Trust,0
2024-09-12,2493,18000,Dealer_self,0
2024-09-12,2493,0,Dealer_Hedging,0
2024-09-13,2493,192000,Foreign_Investor,50000
2024-09-13,2493,0,Foreign_Dealer_Self,0
2024-09-13,2493,0,Investment_Trust,0
2024-09-13,2493,2084,Dealer_self,1000
2024-09-13,2493,0,Dealer_Hedging,0
2024-09-16,2493,95000,Foreign_Investor,160000
2024-09-16,2493,0,Foreign_Dealer_Self,0
2024-09-16,2493,0,Investment_Trust,0
2024-09-16,2493,1000,Dealer_self,3655
2024-09-16,2493,0,Dealer_Hedging,0
2024-09-18,2493,44000,Foreign_Investor,75000
2024-09-18,2493,0,Foreign_Dealer_Self,0
2024-09-18,2493,0,Investment_Trust,0
2024-09-18,2493,4180,Dealer_self,2688
2024-09-18,2493,0,Dealer_Hedging,0
2024-09-19,2493,15000,Foreign_Investor,29000
2024-09-19,2493,0,Foreign_Dealer_Self,0
2024-09-19,2493,0,Investment_Trust,0
2024-09-19,2493,2000,Dealer_self,259
2024-09-19,2493,0,Dealer_Hedging,0
2024-09-20,2493,51000,Foreign_Investor,85000
2024-09-20,2493,0,Foreign_Dealer_Self,0
2024-09-20,2493,0,Investment_Trust,0
2024-09-20,2493,0,Dealer_self,247
2024-09-20,2493,0,Dealer_Hedging,0
2024-09-23,2493,64000,Foreign_Investor,29000
2024-09-23,2493,0,Foreign_Dealer_Self,0
2024-09-23,2493,0,Investment_Trust,0
2024-09-23,2493,3224,Dealer_self,0
2024-09-23,2493,0,Dealer_Hedging,0
2024-09-24,2493,32149,Foreign_Investor,112009
2024-09-24,2493,0,Foreign_Dealer_Self,0
2024-09-24,2493,0,Investment_Trust,0
2024-09-24,2493,3001,Dealer_self,2549
2024-09-24,2493,0,Dealer_Hedging,0
2024-09-25,2493,41000,Foreign_Investor,65000
2024-09-25,2493,0,Foreign_Dealer_Self,0
2024-09-25,2493,0,Investment_Trust,0
2024-09-25,2493,4000,Dealer_self,0
2024-09-25,2493,0,Dealer_Hedging,0
2024-09-26,2493,11000,Foreign_Investor,25000
2024-09-26,2493,0,Foreign_Dealer_Self,0
2024-09-26,2493,0,Investment_Trust,0
2024-09-26,2493,5000,Dealer_self,0
2024-09-26,2493,0,Dealer_Hedging,0
2024-09-27,2493,43000,Foreign_Investor,14000
2024-09-27,2493,0,Foreign_Dealer_Self,0
2024-09-27,2493,0,Investment_Trust,0
2024-09-27,2493,3033,Dealer_self,78
2024-09-27,2493,0,Dealer_Hedging,0
2024-09-30,2493,20252,Foreign_Investor,38000
2024-09-30,2493,0,Foreign_Dealer_Self,0
2024-09-30,2493,0,Investment_Trust,0
2024-09-30,2493,1000,Dealer_self,628
2024-09-30,2493,0,Dealer_Hedging,0
2024-10-01,2493,10000,Foreign_Investor,43000
2024-10-01,2493,0,Foreign_Dealer_Self,0
2024-10-01,2493,0,Investment_Trust,0
2024-10-01,2493,6000,Dealer_self,1925
2024-10-01,2493,0,Dealer_Hedging,0
2024-10-04,2493,160000,Foreign_Investor,139000
2024-10-04,2493,0,Foreign_Dealer_Self,0
2024-10-04,2493,1000,Investment_Trust,0
2024-10-04,2493,2024,Dealer_self,2954
2024-10-04,2493,0,Dealer_Hedging,0
2024-10-07,2493,763000,Foreign_Investor,367000
2024-10-07,2493,0,Foreign_Dealer_Self,0
2024-10-07,2493,0,Investment_Trust,0
2024-10-07,2493,2000,Dealer_self,42954
2024-10-07,2493,80229,Dealer_Hedging,0
2024-10-08,2493,162500,Foreign_Investor,236000
2024-10-08,2493,0,Foreign_Dealer_Self,0
2024-10-08,2493,0,Investment_Trust,0
2024-10-08,2493,963,Dealer_self,8000
2024-10-08,2493,3000,Dealer_Hedging,18687
2024-10-09,2493,203000,Foreign_Investor,320000
2024-10-09,2493,0,Foreign_Dealer_Self,0
2024-10-09,2493,0,Investment_Trust,0
2024-10-09,2493,0,Dealer_self,2000
2024-10-09,2493,770,Dealer_Hedging,37010
2024-10-11,2493,712000,Foreign_Investor,487150
2024-10-11,2493,0,Foreign_Dealer_Self,0
2024-10-11,2493,0,Investment_Trust,0
2024-10-11,2493,5521,Dealer_self,91000
2024-10-11,2493,3810,Dealer_Hedging,5000
2024-10-14,2493,987600,Foreign_Investor,940000
2024-10-14,2493,0,Foreign_Dealer_Self,0
2024-10-14,2493,209000,Investment_Trust,0
2024-10-14,2493,44417,Dealer_self,55000
2024-10-14,2493,4060,Dealer_Hedging,1820
2024-10-15,2493,1359000,Foreign_Investor,810000
2024-10-15,2493,0,Foreign_Dealer_Self,0
2024-10-15,2493,0,Investment_Trust,0
2024-10-15,2493,30415,Dealer_self,4000
2024-10-15,2493,0,Dealer_Hedging,7585
2024-10-16,2493,1267671,Foreign_Investor,1299025
2024-10-16,2493,0,Foreign_Dealer_Self,0
2024-10-16,2493,1000,Investment_Trust,0
2024-10-16,2493,9000,Dealer_self,3000
2024-10-16,2493,13637,Dealer_Hedging,0
2024-10-17,2493,186000,Foreign_Investor,579000
2024-10-17,2493,0,Foreign_Dealer_Self,0
2024-10-17,2493,2000,Investment_Trust,0
2024-10-17,2493,7000,Dealer_self,1001
2024-10-17,2493,0,Dealer_Hedging,8432
2024-10-18,2493,463000,Foreign_Investor,195000
2024-10-18,2493,0,Foreign_Dealer_Self,0
2024-10-18,2493,0,Investment_Trust,0
2024-10-18,2493,16000,Dealer_self,8001
2024-10-18,2493,10800,Dealer_Hedging,7000
2024-10-21,2493,447000,Foreign_Investor,605000
2024-10-21,2493,0,Foreign_Dealer_Self,0
2024-10-21,2493,0,Investment_Trust,0
2024-10-21,2493,11000,Dealer_self,5000
2024-10-21,2493,75000,Dealer_Hedging,13000
2024-10-22,2493,1141618,Foreign_Investor,1615000
2024-10-22,2493,0,Foreign_Dealer_Self,0
2024-10-22,2493,4000,Investment_Trust,0
2024-10-22,2493,5000,Dealer_self,11175
2024-10-22,2493,67000,Dealer_Hedging,28910
2024-10-23,2493,652497,Foreign_Investor,506025
2024-10-23,2493,0,Foreign_Dealer_Self,0
2024-10-23,2493,0,Investment_Trust,0
2024-10-23,2493,2999,Dealer_self,11297
2024-10-23,2493,10000,Dealer_Hedging,70676
2024-10-24,2493,928035,Foreign_Investor,1323000
2024-10-24,2493,0,Foreign_Dealer_Self,0
2024-10-24,2493,0,Investment_Trust,0
2024-10-24,2493,16000,Dealer_self,9862
2024-10-24,2493,24223,Dealer_Hedging,0
2024-10-25,2493,468000,Foreign_Investor,474000
2024-10-25,2493,0,Foreign_Dealer_Self,0
2024-10-25,2493,0,Investment_Trust,0
2024-10-25,2493,1000,Dealer_self,7280
2024-10-25,2493,0,Dealer_Hedging,0
2024-10-28,2493,641000,Foreign_Investor,221000
2024-10-28,2493,0,Foreign_Dealer_Self,0
2024-10-28,2493,0,Investment_Trust,0
2024-10-28,2493,14000,Dealer_self,14000
2024-10-28,2493,0,Dealer_Hedging,7000
2024-10-29,2493,347000,Foreign_Investor,77000
2024-10-29,2493,0,Foreign_Dealer_Self,0
2024-10-29,2493,1000,Investment_Trust,0
2024-10-29,2493,5000,Dealer_self,4002
2024-10-29,2493,0,Dealer_Hedging,10000
2024-10-30,2493,437000,Foreign_Investor,872000
2024-10-30,2493,0,Foreign_Dealer_Self,0
2024-10-30,2493,0,Investment_Trust,0
2024-10-30,2493,9000,Dealer_self,22435
2024-10-30,2493,46413,Dealer_Hedging,4000
2024-11-01,2493,1065000,Foreign_Investor,1410000
2024-11-01,2493,0,Foreign_Dealer_Self,0
2024-11-01,2493,0,Investment_Trust,0
2024-11-01,2493,4000,Dealer_self,11721
2024-11-01,2493,39186,Dealer_Hedging,5000
2024-11-04,2493,1772000,Foreign_Investor,3263015
2024-11-04,2493,0,Foreign_Dealer_Self,0
2024-11-04,2493,0,Investment_Trust,0
2024-11-04,2493,12000,Dealer_self,11901
2024-11-04,2493,30000,Dealer_Hedging,15356
2024-11-05,2493,784000,Foreign_Investor,1254000
2024-11-05,2493,0,Foreign_Dealer_Self,0
2024-11-05,2493,1000,Investment_Trust,0
2024-11-05,2493,4000,Dealer_self,5581
2024-11-05,2493,10000,Dealer_Hedging,12000
2024-11-06,2493,651000,Foreign_Investor,471000
2024-11-06,2493,0,Foreign_Dealer_Self,0
2024-11-06,2493,0,Investment_Trust,0
2024-11-06,2493,2000,Dealer_self,6035
2024-11-06,2493,0,Dealer_Hedging,25000
2024-11-07,2493,590089,Foreign_Investor,330000
2024-11-07,2493,0,Foreign_Dealer_Self,0
2024-11-07,2493,0,Investment_Trust,0
2024-11-07,2493,2174,Dealer_self,1001
2024-11-07,2493,25000,Dealer_Hedging,0
2024-11-08,2493,882000,Foreign_Investor,1562719
2024-11-08,2493,0,Foreign_Dealer_Self,0
2024-11-08,2493,0,Investment_Trust,0
2024-11-08,2493,7000,Dealer_self,5694
2024-11-08,2493,14000,Dealer_Hedging,57000
2024-11-11,2493,888020,Foreign_Investor,450000
2024-11-11,2493,0,Foreign_Dealer_Self,0
2024-11-11,2493,0,Investment_Trust,0
2024-11-11,2493,28000,Dealer_self,9830
2024-11-11,2493,10000,Dealer_Hedging,30624
2024-11-12,2493,808000,Foreign_Investor,409000
2024-11-12,2493,0,Foreign_Dealer_Self,0
2024-11-12,2493,0,Investment_Trust,0
2024-11-12,2493,3000,Dealer_self,34558
2024-11-12,2493,10000,Dealer_Hedging,20000
2024-11-13,2493,783000,Foreign_Investor,581000
2024-11-13,2493,0,Foreign_Dealer_Self,0
2024-11-13,2493,0,Investment_Trust,209000
2024-11-13,2493,3000,Dealer_self,12973
2024-11-13,2493,32751,Dealer_Hedging,0
2024-11-14,2493,384000,Foreign_Investor,830861
2024-11-14,2493,0,Foreign_Dealer_Self,0
2024-11-14,2493,0,Investment_Trust,0
2024-11-14,2493,2000,Dealer_self,17838
2024-11-14,2493,0,Dealer_Hedging,24000
2024-11-15,2493,715000,Foreign_Investor,472000
2024-11-15,2493,0,Foreign_Dealer_Self,0
2024-11-15,2493,0,Investment_Trust,0
2024-11-15,2493,9000,Dealer_self,27459
2024-11-15,2493,0,Dealer_Hedging,21000
2024-11-18,2493,672000,Foreign_Investor,270579
2024-11-18,2493,0,Foreign_Dealer_Self,0
2024-11-18,2493,1000,Investment_Trust,0
2024-11-18,2493,4000,Dealer_self,14528
2024-11-18,2493,0,Dealer_Hedging,17000
2024-11-19,2493,426000,Foreign_Investor,448000
2024-11-19,2493,0,Foreign_Dealer_Self,0
2024-11-19,2493,0,Investment_Trust,0
2024-11-19,2493,11000,Dealer_self,131
2024-11-19,2493,19312,Dealer_Hedging,0
2024-11-20,2493,403030,Foreign_Investor,329000
2024-11-20,2493,0,Foreign_Dealer_Self,0
2024-11-20,2493,0,Investment_Trust,0
2024-11-20,2493,3000,Dealer_self,1002
2024-11-20,2493,0,Dealer_Hedging,3310
2024-11-21,2493,706000,Foreign_Investor,885000
2024-11-21,2493,0,Foreign_Dealer_Self,0
2024-11-21,2493,1000,Investment_Trust,0
2024-11-21,2493,5000,Dealer_self,1542
2024-11-21,2493,6000,Dealer_Hedging,3000
2024-11-22,2493,619000,Foreign_Investor,680000
2024-11-22,2493,0,Foreign_Dealer_Self,0
2024-11-22,2493,0,Investment_Trust,0
2024-11-22,2493,2220,Dealer_self,2717
2024-11-22,2493,16000,Dealer_Hedging,0
2024-11-25,2493,754000,Foreign_Investor,1154000
2024-11-25,2493,0,Foreign_Dealer_Self,0
2024-11-25,2493,0,Investment_Trust,0
2024-11-25,2493,10000,Dealer_self,1712
2024-11-25,2493,22000,Dealer_Hedging,0
2024-11-26,2493,261000,Foreign_Investor,840000
2024-11-26,2493,0,Foreign_Dealer_Self,0
2024-11-26,2493,0,Investment_Trust,0
2024-11-26,2493,0,Dealer_self,20000
2024-11-26,2493,0,Dealer_Hedging,23000
2024-11-27,2493,566000,Foreign_Investor,431000
2024-11-27,2493,0,Foreign_Dealer_Self,0
2024-11-27,2493,0,Investment_Trust,0
2024-11-27,2493,2000,Dealer_self,13286
2024-11-27,2493,0,Dealer_Hedging,10361
2024-11-28,2493,370000,Foreign_Investor,174000
2024-11-28,2493,0,Foreign_Dealer_Self,0
2024-11-28,2493,1000,Investment_Trust,0
2024-11-28,2493,2000,Dealer_self,4228
2024-11-28,2493,0,Dealer_Hedging,55000
2024-11-29,2493,126000,Foreign_Investor,211000
2024-11-29,2493,0,Foreign_Dealer_Self,0
2024-11-29,2493,0,Investment_Trust,0
2024-11-29,2493,2000,Dealer_self,3455
2024-11-29,2493,2000,Dealer_Hedging,8000
2024-12-02,2493,53000,Foreign_Investor,172000
2024-12-02,2493,0,Foreign_Dealer_Self,0
2024-12-02,2493,0,Investment_Trust,0
2024-12-02,2493,19000,Dealer_self,8395
2024-12-02,2493,0,Dealer_Hedging,0
2024-12-03,2493,160000,Foreign_Investor,240000
2024-12-03,2493,0,Foreign_Dealer_Self,0
2024-12-03,2493,0,Investment_Trust,0
2024-12-03,2493,2000,Dealer_self,1332
2024-12-03,2493,0,Dealer_Hedging,0
2024-12-04,2493,266000,Foreign_Investor,269000
2024-12-04,2493,0,Foreign_Dealer_Self,0
2024-12-04,2493,0,Investment_Trust,0
2024-12-04,2493,2000,Dealer_self,2406
2024-12-04,2493,4167,Dealer_Hedging,0
2024-12-05,2493,117000,Foreign_Investor,484000
2024-12-05,2493,0,Foreign_Dealer_Self,0
2024-12-05,2493,0,Investment_Trust,0
2024-12-05,2493,3000,Dealer_self,2552
2024-12-05,2493,0,Dealer_Hedging,0
2024-12-06,2493,288000,Foreign_Investor,1191000
2024-12-06,2493,0,Foreign_Dealer_Self,0
2024-12-06,2493,0,Investment_Trust,0
2024-12-06,2493,12000,Dealer_self,11882
2024-12-06,2493,0,Dealer_Hedging,0
2024-12-09,2493,216043,Foreign_Investor,145000
2024-12-09,2493,0,Foreign_Dealer_Self,0
2024-12-09,2493,0,Investment_Trust,0
2024-12-09,2493,10000,Dealer_self,7139
2024-12-09,2493,0,Dealer_Hedging,3000
2024-12-10,2493,146000,Foreign_Investor,334036
2024-12-10,2493,0,Foreign_Dealer_Self,0
2024-12-10,2493,0,Investment_Trust,0
2024-12-10,2493,10000,Dealer_self,12013
2024-12-10,2493,0,Dealer_Hedging,0
2024-12-11,2493,86000,Foreign_Investor,96000
2024-12-11,2493,0,Foreign_Dealer_Self,0
2024-12-11,2493,0,Investment_Trust,0
2024-12-11,2493,0,Dealer_self,7433
2024-12-11,2493,0,Dealer_Hedging,0
2024-12-12,2493,75000,Foreign_Investor,109000
2024-12-12,2493,0,Foreign_Dealer_Self,0
2024-12-12,2493,0,Investment_Trust,0
2024-12-12,2493,4000,Dealer_self,4389
2024-12-12,2493,0,Dealer_Hedging,0
2024-12-13,2493,305000,Foreign_Investor,110000
2024-12-13,2493,0,Foreign_Dealer_Self,0
2024-12-13,2493,0,Investment_Trust,0
2024-12-13,2493,8000,Dealer_self,9624
2024-12-13,2493,0,Dealer_Hedging,8000
2024-12-16,2493,334000,Foreign_Investor,338000
2024-12-16,2493,0,Foreign_Dealer_Self,0
2024-12-16,2493,0,Investment_Trust,0
2024-12-16,2493,20000,Dealer_self,9467
2024-12-16,2493,0,Dealer_Hedging,4000
2024-12-17,2493,255000,Foreign_Investor,146000
2024-12-17,2493,0,Foreign_Dealer_Self,0
2024-12-17,2493,0,Investment_Trust,0
2024-12-17,2493,1000,Dealer_self,2053
2024-12-17,2493,0,Dealer_Hedging,0
2024-12-18,2493,91000,Foreign_Investor,91000
2024-12-18,2493,0,Foreign_Dealer_Self,0
2024-12-18,2493,0,Investment_Trust,0
2024-12-18,2493,1000,Dealer_self,3165
2024-12-18,2493,0,Dealer_Hedging,0
2024-12-19,2493,97000,Foreign_Investor,193000
2024-12-19,2493,0,Foreign_Dealer_Self,0
2024-12-19,2493,0,Investment_Trust,0
2024-12-19,2493,2000,Dealer_self,19946
2024-12-19,2493,0,Dealer_Hedging,0
2024-12-20,2493,74000,Foreign_Investor,116009
2024-12-20,2493,0,Foreign_Dealer_Self,0
2024-12-20,2493,0,Investment_Trust,0
2024-12-20,2493,5000,Dealer_self,7602
2024-12-20,2493,0,Dealer_Hedging,0
2024-12-23,2493,95000,Foreign_Investor,66000
2024-12-23,2493,0,Foreign_Dealer_Self,0
2024-12-23,2493,0,Investment_Trust,0
2024-12-23,2493,23000,Dealer_self,2501
2024-12-23,2493,0,Dealer_Hedging,0
2024-12-24,2493,66000,Foreign_Investor,59000
2024-12-24,2493,0,Foreign_Dealer_Self,0
2024-12-24,2493,0,Investment_Trust,0
2024-12-24,2493,3000,Dealer_self,1699
2024-12-24,2493,0,Dealer_Hedging,4000
2024-12-25,2493,101000,Foreign_Investor,36000
2024-12-25,2493,0,Foreign_Dealer_Self,0
2024-12-25,2493,0,Investment_Trust,0
2024-12-25,2493,2000,Dealer_self,170
2024-12-25,2493,0,Dealer_Hedging,0
2024-12-26,2493,213000,Foreign_Investor,383000
2024-12-26,2493,0,Foreign_Dealer_Self,0
2024-12-26,2493,0,Investment_Trust,0
2024-12-26,2493,6000,Dealer_self,4209
2024-12-26,2493,0,Dealer_Hedging,0
2024-12-27,2493,70000,Foreign_Investor,145000
2024-12-27,2493,0,Foreign_Dealer_Self,0
2024-12-27,2493,0,Investment_Trust,0
2024-12-27,2493,2000,Dealer_self,1879
2024-12-27,2493,0,Dealer_Hedging,0
2024-12-30,2493,38000,Foreign_Investor,76000
2024-12-30,2493,0,Foreign_Dealer_Self,0
2024-12-30,2493,0,Investment_Trust,0
2024-12-30,2493,1000,Dealer_self,2539
2024-12-30,2493,0,Dealer_Hedging,0
2024-12-31,2493,76000,Foreign_Investor,65053
2024-12-31,2493,0,Foreign_Dealer_Self,0
2024-12-31,2493,0,Investment_Trust,0
2024-12-31,2493,3000,Dealer_self,173
2024-12-31,2493,0,Dealer_Hedging,10000
2025-01-02,2493,61000,Foreign_Investor,48000
2025-01-02,2493,0,Foreign_Dealer_Self,0
2025-01-02,2493,0,Investment_Trust,0
2025-01-02,2493,0,Dealer_self,10009
2025-01-02,2493,0,Dealer_Hedging,0
2025-01-03,2493,88000,Foreign_Investor,279000
2025-01-03,2493,0,Foreign_Dealer_Self,0
2025-01-03,2493,0,Investment_Trust,0
2025-01-03,2493,6000,Dealer_self,18083
2025-01-03,2493,0,Dealer_Hedging,0
2025-01-06,2493,268000,Foreign_Investor,138000
2025-01-06,2493,0,Foreign_Dealer_Self,0
2025-01-06,2493,0,Investment_Trust,0
2025-01-06,2493,1000,Dealer_self,1698
2025-01-06,2493,0,Dealer_Hedging,0
2025-01-07,2493,77000,Foreign_Investor,71000
2025-01-07,2493,0,Foreign_Dealer_Self,0
2025-01-07,2493,0,Investment_Trust,0
2025-01-07,2493,1000,Dealer_self,947
2025-01-07,2493,0,Dealer_Hedging,0
2025-01-08,2493,71000,Foreign_Investor,68000
2025-01-08,2493,0,Foreign_Dealer_Self,0
2025-01-08,2493,0,Investment_Trust,1000
2025-01-08,2493,1000,Dealer_self,0
2025-01-08,2493,0,Dealer_Hedging,0
2025-01-09,2493,40000,Foreign_Investor,103000
2025-01-09,2493,0,Foreign_Dealer_Self,0
2025-01-09,2493,0,Investment_Trust,0
2025-01-09,2493,4000,Dealer_self,3723
2025-01-09,2493,0,Dealer_Hedging,1205
2025-01-10,2493,170000,Foreign_Investor,87947
2025-01-10,2493,0,Foreign_Dealer_Self,0
2025-01-10,2493,0,Investment_Trust,0
2025-01-10,2493,1000,Dealer_self,1002
2025-01-10,2493,0,Dealer_Hedging,0
2025-01-13,2493,156000,Foreign_Investor,222000
2025-01-13,2493,0,Foreign_Dealer_Self,0
2025-01-13,2493,0,Investment_Trust,0
2025-01-13,2493,8000,Dealer_self,10251
2025-01-13,2493,0,Dealer_Hedging,803
2025-01-14,2493,63000,Foreign_Investor,54000
2025-01-14,2493,0,Foreign_Dealer_Self,0
2025-01-14,2493,0,Investment_Trust,0
2025-01-14,2493,0,Dealer_self,226
2025-01-14,2493,0,Dealer_Hedging,0
2025-01-15,2493,69157,Foreign_Investor,63000
2025-01-15,2493,0,Foreign_Dealer_Self,0
2025-01-15,2493,0,Investment_Trust,0
2025-01-15,2493,5000,Dealer_self,4083
2025-01-15,2493,0,Dealer_Hedging,0
2025-01-16,2493,127000,Foreign_Investor,56000
2025-01-16,2493,0,Foreign_Dealer_Self,0
2025-01-16,2493,0,Investment_Trust,0
2025-01-16,2493,9000,Dealer_self,1556
2025-01-16,2493,0,Dealer_Hedging,0
2025-01-17,2493,75000,Foreign_Investor,93000
2025-01-17,2493,0,Foreign_Dealer_Self,0
2025-01-17,2493,0,Investment_Trust,0
2025-01-17,2493,1000,Dealer_self,502
2025-01-17,2493,0,Dealer_Hedging,0
2025-01-20,2493,156000,Foreign_Investor,48000
2025-01-20,2493,0,Foreign_Dealer_Self,0
2025-01-20,2493,0,Investment_Trust,0
2025-01-20,2493,1000,Dealer_self,180
2025-01-20,2493,0,Dealer_Hedging,0
2025-01-21,2493,29000,Foreign_Investor,67000
2025-01-21,2493,0,Foreign_Dealer_Self,0
2025-01-21,2493,0,Investment_Trust,0
2025-01-21,2493,1000,Dealer_self,0
2025-01-21,2493,0,Dealer_Hedging,408
2025-01-22,2493,281000,Foreign_Investor,228000
2025-01-22,2493,0,Foreign_Dealer_Self,0
2025-01-22,2493,0,Investment_Trust,0
2025-01-22,2493,1000,Dealer_self,639
2025-01-22,2493,0,Dealer_Hedging,0
2025-02-03,2493,96000,Foreign_Investor,221042
2025-02-03,2493,0,Foreign_Dealer_Self,0
2025-02-03,2493,1000,Investment_Trust,0
2025-02-03,2493,5000,Dealer_self,10875
2025-02-03,2493,0,Dealer_Hedging,0
2025-02-04,2493,44000,Foreign_Investor,63000
2025-02-04,2493,0,Foreign_Dealer_Self,0
2025-02-04,2493,0,Investment_Trust,0
2025-02-04,2493,2000,Dealer_self,2313
2025-02-04,2493,0,Dealer_Hedging,0
2025-02-05,2493,68000,Foreign_Investor,72000
2025-02-05,2493,0,Foreign_Dealer_Self,0
2025-02-05,2493,0,Investment_Trust,0
2025-02-05,2493,4000,Dealer_self,1468
2025-02-05,2493,0,Dealer_Hedging,0
2025-02-06,2493,112000,Foreign_Investor,38000
2025-02-06,2493,0,Foreign_Dealer_Self,0
2025-02-06,2493,0,Investment_Trust,0
2025-02-06,2493,2000,Dealer_self,516
2025-02-06,2493,0,Dealer_Hedging,0
2025-02-07,2493,51000,Foreign_Investor,28000
2025-02-07,2493,0,Foreign_Dealer_Self,0
2025-02-07,2493,0,Investment_Trust,0
2025-02-07,2493,0,Dealer_self,2004
2025-02-07,2493,0,Dealer_Hedging,0
2025-02-10,2493,63000,Foreign_Investor,33000
2025-02-10,2493,0,Foreign_Dealer_Self,0
2025-02-10,2493,0,Investment_Trust,0
2025-02-10,2493,3000,Dealer_self,1000
2025-02-10,2493,0,Dealer_Hedging,0
2025-02-11,2493,165000,Foreign_Investor,96000
2025-02-11,2493,0,Foreign_Dealer_Self,0
2025-02-11,2493,0,Investment_Trust,0
2025-02-11,2493,1000,Dealer_self,1663
2025-02-11,2493,0,Dealer_Hedging,0
2025-02-12,2493,59000,Foreign_Investor,20000
2025-02-12,2493,0,Foreign_Dealer_Self,0
2025-02-12,2493,0,Investment_Trust,0
2025-02-12,2493,0,Dealer_self,3000
2025-02-12,2493,0,Dealer_Hedging,0
2025-02-13,2493,82000,Foreign_Investor,18000
2025-02-13,2493,0,Foreign_Dealer_Self,0
2025-02-13,2493,0,Investment_Trust,0
2025-02-13,2493,4000,Dealer_self,244
2025-02-13,2493,0,Dealer_Hedging,0
2025-02-14,2493,38000,Foreign_Investor,30000
2025-02-14,2493,0,Foreign_Dealer_Self,0
2025-02-14,2493,0,Investment_Trust,0
2025-02-14,2493,0,Dealer_self,1046
2025-02-14,2493,0,Dealer_Hedging,0
2025-02-17,2493,135000,Foreign_Investor,10000
2025-02-17,2493,0,Foreign_Dealer_Self,0
2025-02-17,2493,0,Investment_Trust,0
2025-02-17,2493,2000,Dealer_self,0
2025-02-17,2493,0,Dealer_Hedging,0
2025-02-18,2493,123001,Foreign_Investor,12000
2025-02-18,2493,0,Foreign_Dealer_Self,0
2025-02-18,2493,0,Investment_Trust,0
2025-02-18,2493,0,Dealer_self,0
2025-02-18,2493,0,Dealer_Hedging,0
2025-02-19,2493,55000,Foreign_Investor,27000
2025-02-19,2493,0,Foreign_Dealer_Self,0
2025-02-19,2493,0,Investment_Trust,0
2025-02-19,2493,0,Dealer_self,0
2025-02-19,2493,0,Dealer_Hedging,0
2025-02-20,2493,37000,Foreign_Investor,57000
2025-02-20,2493,0,Foreign_Dealer_Self,0
2025-02-20,2493,0,Investment_Trust,0
2025-02-20,2493,2000,Dealer_self,1029
2025-02-20,2493,0,Dealer_Hedging,0
2025-02-21,2493,18403,Foreign_Investor,51000
2025-02-21,2493,0,Foreign_Dealer_Self,0
2025-02-21,2493,0,Investment_Trust,0
2025-02-21,2493,2000,Dealer_self,1815
2025-02-21,2493,0,Dealer_Hedging,0
2025-02-24,2493,56000,Foreign_Investor,17000
2025-02-24,2493,0,Foreign_Dealer_Self,0
2025-02-24,2493,0,Investment_Trust,0
2025-02-24,2493,1000,Dealer_self,415
2025-02-24,2493,0,Dealer_Hedging,0
2025-02-25,2493,34000,Foreign_Investor,52000
2025-02-25,2493,0,Foreign_Dealer_Self,0
2025-02-25,2493,0,Investment_Trust,0
2025-02-25,2493,7000,Dealer_self,6964
2025-02-25,2493,0,Dealer_Hedging,0
2025-02-26,2493,24000,Foreign_Investor,41000
2025-02-26,2493,0,Foreign_Dealer_Self,0
2025-02-26,2493,0,Investment_Trust,0
2025-02-26,2493,1000,Dealer_self,2469
2025-02-26,2493,0,Dealer_Hedging,0
2025-02-27,2493,45000,Foreign_Investor,48000
2025-02-27,2493,0,Foreign_Dealer_Self,0
2025-02-27,2493,0,Investment_Trust,0
2025-02-27,2493,4000,Dealer_self,7859
2025-02-27,2493,0,Dealer_Hedging,0
2025-03-03,2493,115000,Foreign_Investor,273000
2025-03-03,2493,0,Foreign_Dealer_Self,0
2025-03-03,2493,1000,Investment_Trust,0
2025-03-03,2493,10000,Dealer_self,9205
2025-03-03,2493,0,Dealer_Hedging,0
2025-03-04,2493,182200,Foreign_Investor,192000
2025-03-04,2493,0,Foreign_Dealer_Self,0
2025-03-04,2493,0,Investment_Trust,0
2025-03-04,2493,5000,Dealer_self,4430
2025-03-04,2493,0,Dealer_Hedging,0
2025-03-05,2493,45300,Foreign_Investor,64000
2025-03-05,2493,0,Foreign_Dealer_Self,0
2025-03-05,2493,0,Investment_Trust,0
2025-03-05,2493,1000,Dealer_self,1171
2025-03-05,2493,0,Dealer_Hedging,0
2025-03-06,2493,55034,Foreign_Investor,68000
2025-03-06,2493,0,Foreign_Dealer_Self,0
2025-03-06,2493,0,Investment_Trust,0
2025-03-06,2493,3000,Dealer_self,3883
2025-03-06,2493,0,Dealer_Hedging,0
2025-03-07,2493,134000,Foreign_Investor,20000
2025-03-07,2493,0,Foreign_Dealer_Self,0
2025-03-07,2493,0,Investment_Trust,0
2025-03-07,2493,2000,Dealer_self,2263
2025-03-07,2493,0,Dealer_Hedging,0
2025-03-10,2493,16000,Foreign_Investor,76000
2025-03-10,2493,0,Foreign_Dealer_Self,0
2025-03-10,2493,0,Investment_Trust,0
2025-03-10,2493,5000,Dealer_self,6681
2025-03-10,2493,0,Dealer_Hedging,0
2025-03-11,2493,99000,Foreign_Investor,102000
2025-03-11,2493,0,Foreign_Dealer_Self,0
2025-03-11,2493,1000,Investment_Trust,0
2025-03-11,2493,1000,Dealer_self,7786
2025-03-11,2493,0,Dealer_Hedging,0
2025-03-12,2493,113885,Foreign_Investor,16000
2025-03-12,2493,0,Foreign_Dealer_Self,0
2025-03-12,2493,0,Investment_Trust,0
2025-03-12,2493,2000,Dealer_self,10624
2025-03-12,2493,0,Dealer_Hedging,0
2025-03-13,2493,786300,Foreign_Investor,328000
2025-03-13,2493,0,Foreign_Dealer_Self,0
2025-03-13,2493,0,Investment_Trust,0
2025-03-13,2493,1494,Dealer_self,13007
2025-03-13,2493,0,Dealer_Hedging,0
2025-03-14,2493,287200,Foreign_Investor,300000
2025-03-14,2493,0,Foreign_Dealer_Self,0
2025-03-14,2493,0,Investment_Trust,0
2025-03-14,2493,1000,Dealer_self,2001
2025-03-14,2493,0,Dealer_Hedging,0
2025-03-17,2493,129000,Foreign_Investor,78000
2025-03-17,2493,0,Foreign_Dealer_Self,0
2025-03-17,2493,0,Investment_Trust,0
2025-03-17,2493,0,Dealer_self,55
2025-03-17,2493,0,Dealer_Hedging,0
2025-03-18,2493,70000,Foreign_Investor,50000
2025-03-18,2493,0,Foreign_Dealer_Self,0
2025-03-18,2493,0,Investment_Trust,0
2025-03-18,2493,1000,Dealer_self,38315
2025-03-18,2493,0,Dealer_Hedging,0
2025-03-19,2493,17000,Foreign_Investor,48000
2025-03-19,2493,0,Foreign_Dealer_Self,0
2025-03-19,2493,0,Investment_Trust,0
2025-03-19,2493,2000,Dealer_self,0
2025-03-19,2493,0,Dealer_Hedging,0
2025-03-20,2493,38000,Foreign_Investor,12000
2025-03-20,2493,0,Foreign_Dealer_Self,0
2025-03-20,2493,0,Investment_Trust,0
2025-03-20,2493,5000,Dealer_self,1
2025-03-20,2493,120,Dealer_Hedging,0
2025-03-21,2493,15046,Foreign_Investor,51000
2025-03-21,2493,0,Foreign_Dealer_Self,0
2025-03-21,2493,0,Investment_Trust,0
2025-03-21,2493,3000,Dealer_self,1000
2025-03-21,2493,0,Dealer_Hedging,120
2025-03-24,2493,48000,Foreign_Investor,45000
2025-03-24,2493,0,Foreign_Dealer_Self,0
2025-03-24,2493,0,Investment_Trust,0
2025-03-24,2493,0,Dealer_self,5
2025-03-24,2493,90,Dealer_Hedging,0
2025-03-25,2493,11000,Foreign_Investor,38000
2025-03-25,2493,0,Foreign_Dealer_Self,0
2025-03-25,2493,0,Investment_Trust,0
2025-03-25,2493,0,Dealer_self,35
2025-03-25,2493,0,Dealer_Hedging,22
2025-03-26,2493,33000,Foreign_Investor,35000
2025-03-26,2493,0,Foreign_Dealer_Self,0
2025-03-26,2493,0,Investment_Trust,0
2025-03-26,2493,2000,Dealer_self,418
2025-03-26,2493,0,Dealer_Hedging,68
2025-03-27,2493,41000,Foreign_Investor,41000
2025-03-27,2493,0,Foreign_Dealer_Self,0
2025-03-27,2493,0,Investment_Trust,0
2025-03-27,2493,2000,Dealer_self,2898
2025-03-27,2493,0,Dealer_Hedging,0
2025-03-28,2493,64445,Foreign_Investor,87000
2025-03-28,2493,0,Foreign_Dealer_Self,0
2025-03-28,2493,0,Investment_Trust,0
2025-03-28,2493,6000,Dealer_self,8569
2025-03-28,2493,0,Dealer_Hedging,0
2025-03-31,2493,69000,Foreign_Investor,269000
2025-03-31,2493,0,Foreign_Dealer_Self,0
2025-03-31,2493,0,Investment_Trust,0
2025-03-31,2493,16000,Dealer_self,12761
2025-03-31,2493,0,Dealer_Hedging,0
2025-04-01,2493,140000,Foreign_Investor,99000
2025-04-01,2493,0,Foreign_Dealer_Self,0
2025-04-01,2493,1000,Investment_Trust,0
2025-04-01,2493,1000,Dealer_self,3112
2025-04-01,2493,418,Dealer_Hedging,0
2025-04-02,2493,55590,Foreign_Investor,46000
2025-04-02,2493,0,Foreign_Dealer_Self,0
2025-04-02,2493,0,Investment_Trust,0
2025-04-02,2493,0,Dealer_self,1460
2025-04-02,2493,0,Dealer_Hedging,418
2025-04-07,2493,3000,Foreign_Investor,13000
2025-04-07,2493,0,Foreign_Dealer_Self,0
2025-04-07,2493,0,Investment_Trust,0
2025-04-07,2493,0,Dealer_self,0
2025-04-07,2493,0,Dealer_Hedging,0
2025-04-08,2493,126170,Foreign_Investor,223000
2025-04-08,2493,0,Foreign_Dealer_Self,0
2025-04-08,2493,0,Investment_Trust,0
2025-04-08,2493,30000,Dealer_self,21428
2025-04-08,2493,0,Dealer_Hedging,0
2025-04-09,2493,386001,Foreign_Investor,276000
2025-04-09,2493,0,Foreign_Dealer_Self,0
2025-04-09,2493,0,Investment_Trust,1000
2025-04-09,2493,14000,Dealer_self,22000
2025-04-09,2493,0,Dealer_Hedging,0
2025-04-10,2493,82000,Foreign_Investor,22000
2025-04-10,2493,0,Foreign_Dealer_Self,0
2025-04-10,2493,0,Investment_Trust,0
2025-04-10,2493,0,Dealer_self,0
2025-04-10,2493,0,Dealer_Hedging,0
2025-04-11,2493,152000,Foreign_Investor,299000
2025-04-11,2493,0,Foreign_Dealer_Self,0
2025-04-11,2493,0,Investment_Trust,0
2025-04-11,2493,5000,Dealer_self,9469
2025-04-11,2493,12,Dealer_Hedging,0
2025-04-14,2493,166085,Foreign_Investor,299000
2025-04-14,2493,0,Foreign_Dealer_Self,0
2025-04-14,2493,0,Investment_Trust,0
2025-04-14,2493,1000,Dealer_self,5088
2025-04-14,2493,0,Dealer_Hedging,12
2025-04-15,2493,67087,Foreign_Investor,156085
2025-04-15,2493,0,Foreign_Dealer_Self,0
2025-04-15,2493,0,Investment_Trust,0
2025-04-15,2493,1000,Dealer_self,1777
2025-04-15,2493,8,Dealer_Hedging,0
2025-04-16,2493,56053,Foreign_Investor,154087
2025-04-16,2493,0,Foreign_Dealer_Self,0
2025-04-16,2493,0,Investment_Trust,0
2025-04-16,2493,6000,Dealer_self,9383
2025-04-16,2493,0,Dealer_Hedging,8
2025-04-17,2493,51002,Foreign_Investor,64000
2025-04-17,2493,0,Foreign_Dealer_Self,0
2025-04-17,2493,0,Investment_Trust,0
2025-04-17,2493,4000,Dealer_self,6144
2025-04-17,2493,0,Dealer_Hedging,0
2025-04-18,2493,62928,Foreign_Investor,60002
2025-04-18,2493,0,Foreign_Dealer_Self,0
2025-04-18,2493,2000,Investment_Trust,0
2025-04-18,2493,1000,Dealer_self,2270
2025-04-18,2493,0,Dealer_Hedging,0
2025-04-21,2493,45006,Foreign_Investor,96928
2025-04-21,2493,0,Foreign_Dealer_Self,0
2025-04-21,2493,0,Investment_Trust,0
2025-04-21,2493,3000,Dealer_self,1678
2025-04-21,2493,0,Dealer_Hedging,0
2025-04-22,2493,36000,Foreign_Investor,50006
2025-04-22,2493,0,Foreign_Dealer_Self,0
2025-04-22,2493,0,Investment_Trust,0
2025-04-22,2493,3000,Dealer_self,2575
2025-04-22,2493,0,Dealer_Hedging,0
2025-04-23,2493,38000,Foreign_Investor,37000
2025-04-23,2493,0,Foreign_Dealer_Self,0
2025-04-23,2493,0,Investment_Trust,0
2025-04-23,2493,1000,Dealer_self,2173
2025-04-23,2493,0,Dealer_Hedging,0
2025-04-24,2493,35000,Foreign_Investor,55000
2025-04-24,2493,0,Foreign_Dealer_Self,0
2025-04-24,2493,0,Investment_Trust,0
2025-04-24,2493,1000,Dealer_self,2436
2025-04-24,2493,0,Dealer_Hedging,0
2025-04-25,2493,35216,Foreign_Investor,14000
2025-04-25,2493,0,Foreign_Dealer_Self,0
2025-04-25,2493,0,Investment_Trust,0
2025-04-25,2493,6000,Dealer_self,2636
2025-04-25,2493,0,Dealer_Hedging,0
2025-04-28,2493,97144,Foreign_Investor,24216
2025-04-28,2493,0,Foreign_Dealer_Self,0
2025-04-28,2493,0,Investment_Trust,0
2025-04-28,2493,1000,Dealer_self,2491
2025-04-28,2493,0,Dealer_Hedging,0
2025-04-29,2493,96000,Foreign_Investor,13135
2025-04-29,2493,0,Foreign_Dealer_Self,0
2025-04-29,2493,0,Investment_Trust,0
2025-04-29,2493,0,Dealer_self,0
2025-04-29,2493,26,Dealer_Hedging,0
2025-04-30,2493,56000,Foreign_Investor,145009
2025-04-30,2493,0,Foreign_Dealer_Self,0
2025-04-30,2493,0,Investment_Trust,1000
2025-04-30,2493,3000,Dealer_self,5135
2025-04-30,2493,0,Dealer_Hedging,26
2025-05-02,2493,101000,Foreign_Investor,63000
2025-05-02,2493,0,Foreign_Dealer_Self,0
2025-05-02,2493,0,Investment_Trust,0
2025-05-02,2493,2000,Dealer_self,1114
2025-05-02,2493,28,Dealer_Hedging,0
2025-05-05,2493,114005,Foreign_Investor,179000
2025-05-05,2493,0,Foreign_Dealer_Self,0
2025-05-05,2493,0,Investment_Trust,0
2025-05-05,2493,6000,Dealer_self,3736
2025-05-05,2493,0,Dealer_Hedging,28
2025-05-06,2493,20000,Foreign_Investor,35005
2025-05-06,2493,0,Foreign_Dealer_Self,0
2025-05-06,2493,0,Investment_Trust,0
2025-05-06,2493,0,Dealer_self,2242
2025-05-06,2493,0,Dealer_Hedging,0
2025-05-07,2493,30000,Foreign_Investor,37000
2025-05-07,2493,0,Foreign_Dealer_Self,0
2025-05-07,2493,0,Investment_Trust,0
2025-05-07,2493,2032,Dealer_self,4896
2025-05-07,2493,0,Dealer_Hedging,0
2025-05-08,2493,99317,Foreign_Investor,12000
2025-05-08,2493,0,Foreign_Dealer_Self,0
2025-05-08,2493,0,Investment_Trust,1000
2025-05-08,2493,1000,Dealer_self,154
2025-05-08,2493,368,Dealer_Hedging,0
2025-05-09,2493,47607,Foreign_Investor,28317
2025-05-09,2493,0,Foreign_Dealer_Self,0
2025-05-09,2493,0,Investment_Trust,0
2025-05-09,2493,1000,Dealer_self,1000
2025-05-09,2493,19,Dealer_Hedging,0
2025-05-12,2493,87000,Foreign_Investor,26091
2025-05-12,2493,0,Foreign_Dealer_Self,0
2025-05-12,2493,0,Investment_Trust,0
2025-05-12,2493,1000,Dealer_self,414
2025-05-12,2493,0,Dealer_Hedging,3
2025-05-13,2493,59000,Foreign_Investor,67000
2025-05-13,2493,0,Foreign_Dealer_Self,0
2025-05-13,2493,0,Investment_Trust,0
2025-05-13,2493,2000,Dealer_self,1312
2025-05-13,2493,0,Dealer_Hedging,0
2025-05-14,2493,72636,Foreign_Investor,15000
2025-05-14,2493,0,Foreign_Dealer_Self,0
2025-05-14,2493,0,Investment_Trust,0
2025-05-14,2493,3000,Dealer_self,1000
2025-05-14,2493,1015,Dealer_Hedging,0
2025-05-15,2493,48333,Foreign_Investor,53386
2025-05-15,2493,0,Foreign_Dealer_Self,0
2025-05-15,2493,0,Investment_Trust,0
2025-05-15,2493,0,Dealer_self,1
2025-05-15,2493,1,Dealer_Hedging,0
2025-05-16,2493,20500,Foreign_Investor,24507
2025-05-16,2493,0,Foreign_Dealer_Self,0
2025-05-16,2493,0,Investment_Trust,0
2025-05-16,2493,0,Dealer_self,0
2025-05-16,2493,0,Dealer_Hedging,0
2025-05-19,2493,21000,Foreign_Investor,40000
2025-05-19,2493,0,Foreign_Dealer_Self,0
2025-05-19,2493,0,Investment_Trust,0
2025-05-19,2493,0,Dealer_self,116
2025-05-19,2493,0,Dealer_Hedging,43
2025-05-20,2493,46692,Foreign_Investor,17000
2025-05-20,2493,0,Foreign_Dealer_Self,0
2025-05-20,2493,0,Investment_Trust,0
2025-05-20,2493,2000,Dealer_self,0
2025-05-20,2493,100,Dealer_Hedging,442
2025-05-21,2493,48000,Foreign_Investor,2218
2025-05-21,2493,0,Foreign_Dealer_Self,0
2025-05-21,2493,0,Investment_Trust,0
2025-05-21,2493,0,Dealer_self,0
2025-05-21,2493,414,Dealer_Hedging,0
2025-05-22,2493,69000,Foreign_Investor,2110
2025-05-22,2493,0,Foreign_Dealer_Self,0
2025-05-22,2493,0,Investment_Trust,0
2025-05-22,2493,0,Dealer_self,0
2025-05-22,2493,529,Dealer_Hedging,0
2025-05-23,2493,94000,Foreign_Investor,10364
2025-05-23,2493,0,Foreign_Dealer_Self,0
2025-05-23,2493,0,Investment_Trust,0
2025-05-23,2493,0,Dealer_self,1000
2025-05-23,2493,985,Dealer_Hedging,200
2025-05-26,2493,160588,Foreign_Investor,27000
2025-05-26,2493,0,Foreign_Dealer_Self,0
2025-05-26,2493,0,Investment_Trust,0
2025-05-26,2493,22,Dealer_self,4000
2025-05-26,2493,1344,Dealer_Hedging,15
2025-05-27,2493,78208,Foreign_Investor,110188
2025-05-27,2493,0,Foreign_Dealer_Self,0
2025-05-27,2493,0,Investment_Trust,0
2025-05-27,2493,0,Dealer_self,9000
2025-05-27,2493,126,Dealer_Hedging,129
2025-05-28,2493,41000,Foreign_Investor,18409
2025-05-28,2493,0,Foreign_Dealer_Self,0
2025-05-28,2493,0,Investment_Trust,0
2025-05-28,2493,0,Dealer_self,2385
2025-05-28,2493,0,Dealer_Hedging,419
2025-05-29,2493,111448,Foreign_Investor,41000
2025-05-29,2493,0,Foreign_Dealer_Self,0
2025-05-29,2493,0,Investment_Trust,0
2025-05-29,2493,3000,Dealer_self,0
2025-05-29,2493,82,Dealer_Hedging,247
2025-06-02,2493,115000,Foreign_Investor,69356
2025-06-02,2493,0,Foreign_Dealer_Self,0
2025-06-02,2493,0,Investment_Trust,0
2025-06-02,2493,0,Dealer_self,7000
2025-06-02,2493,0,Dealer_Hedging,70
2025-06-03,2493,56000,Foreign_Investor,43092
2025-06-03,2493,0,Foreign_Dealer_Self,0
2025-06-03,2493,0,Investment_Trust,0
2025-06-03,2493,0,Dealer_self,1000
2025-06-03,2493,837,Dealer_Hedging,0
2025-06-04,2493,227123,Foreign_Investor,16000
2025-06-04,2493,0,Foreign_Dealer_Self,0
2025-06-04,2493,0,Investment_Trust,0
2025-06-04,2493,1000,Dealer_self,1000
2025-06-04,2493,26,Dealer_Hedging,0
2025-06-05,2493,288001,Foreign_Investor,111112
2025-06-05,2493,0,Foreign_Dealer_Self,0
2025-06-05,2493,0,Investment_Trust,0
2025-06-05,2493,3314,Dealer_self,3000
2025-06-05,2493,554,Dealer_Hedging,0
2025-06-06,2493,178000,Foreign_Investor,58001
2025-06-06,2493,0,Foreign_Dealer_Self,0
2025-06-06,2493,0,Investment_Trust,0
2025-06-06,2493,0,Dealer_self,0
2025-06-06,2493,116,Dealer_Hedging,0
2025-06-09,2493,363115,Foreign_Investor,225000
2025-06-09,2493,0,Foreign_Dealer_Self,0
2025-06-09,2493,0,Investment_Trust,0
2025-06-09,2493,1000,Dealer_self,1
2025-06-09,2493,415,Dealer_Hedging,301
2025-06-10,2493,173000,Foreign_Investor,85000
2025-06-10,2493,0,Foreign_Dealer_Self,0
2025-06-10,2493,0,Investment_Trust,0
2025-06-10,2493,6000,Dealer_self,1000
2025-06-10,2493,35,Dealer_Hedging,0
2025-06-11,2493,194268,Foreign_Investor,104115
2025-06-11,2493,0,Foreign_Dealer_Self,0
2025-06-11,2493,0,Investment_Trust,0
2025-06-11,2493,1000,Dealer_self,1000
2025-06-11,2493,468,Dealer_Hedging,292
2025-06-12,2493,74198,Foreign_Investor,78268
2025-06-12,2493,0,Foreign_Dealer_Self,0
2025-06-12,2493,0,Investment_Trust,2000
2025-06-12,2493,14000,Dealer_self,1
2025-06-12,2493,42,Dealer_Hedging,0
2025-06-13,2493,67000,Foreign_Investor,144177
2025-06-13,2493,0,Foreign_Dealer_Self,0
2025-06-13,2493,0,Investment_Trust,0
2025-06-13,2493,0,Dealer_self,13000
2025-06-13,2493,0,Dealer_Hedging,311
2025-06-16,2493,77000,Foreign_Investor,20021
2025-06-16,2493,0,Foreign_Dealer_Self,0
2025-06-16,2493,0,Investment_Trust,0
2025-06-16,2493,1000,Dealer_self,1000
2025-06-16,2493,0,Dealer_Hedging,0
2025-06-17,2493,67000,Foreign_Investor,23000
2025-06-17,2493,0,Foreign_Dealer_Self,0
2025-06-17,2493,0,Investment_Trust,0
2025-06-17,2493,0,Dealer_self,4000
2025-06-17,2493,0,Dealer_Hedging,410
2025-06-18,2493,71000,Foreign_Investor,19000
2025-06-18,2493,0,Foreign_Dealer_Self,0
2025-06-18,2493,0,Investment_Trust,0
2025-06-18,2493,1000,Dealer_self,5000
2025-06-18,2493,0,Dealer_Hedging,0
2025-06-19,2493,33000,Foreign_Investor,102000
2025-06-19,2493,0,Foreign_Dealer_Self,0
2025-06-19,2493,0,Investment_Trust,0
2025-06-19,2493,0,Dealer_self,3000
2025-06-19,2493,0,Dealer_Hedging,30
2025-06-20,2493,38000,Foreign_Investor,61600
2025-06-20,2493,0,Foreign_Dealer_Self,0
2025-06-20,2493,0,Investment_Trust,0
2025-06-20,2493,1000,Dealer_self,3012
2025-06-20,2493,0,Dealer_Hedging,2145
2025-06-23,2493,41000,Foreign_Investor,27000
2025-06-23,2493,0,Foreign_Dealer_Self,0
2025-06-23,2493,0,Investment_Trust,0
2025-06-23,2493,0,Dealer_self,1118
2025-06-23,2493,0,Dealer_Hedging,156
2025-06-24,2493,80000,Foreign_Investor,51000
2025-06-24,2493,0,Foreign_Dealer_Self,0
2025-06-24,2493,0,Investment_Trust,0
2025-06-24,2493,1000,Dealer_self,477
2025-06-24,2493,0,Dealer_Hedging,697
2025-06-25,2493,14000,Foreign_Investor,27028
2025-06-25,2493,0,Foreign_Dealer_Self,0
2025-06-25,2493,0,Investment_Trust,0
2025-06-25,2493,0,Dealer_self,13
2025-06-25,2493,0,Dealer_Hedging,30
2025-06-26,2493,49000,Foreign_Investor,16000
2025-06-26,2493,0,Foreign_Dealer_Self,0
2025-06-26,2493,0,Investment_Trust,0
2025-06-26,2493,0,Dealer_self,4000
2025-06-26,2493,0,Dealer_Hedging,627
2025-06-27,2493,33200,Foreign_Investor,33000
2025-06-27,2493,0,Foreign_Dealer_Self,0
2025-06-27,2493,0,Investment_Trust,2000
2025-06-27,2493,0,Dealer_self,7285
2025-06-27,2493,216,Dealer_Hedging,215
2025-06-30,2493,23000,Foreign_Investor,47000
2025-06-30,2493,0,Foreign_Dealer_Self,0
2025-06-30,2493,0,Investment_Trust,0
2025-06-30,2493,1000,Dealer_self,2440
2025-06-30,2493,0,Dealer_Hedging,171
2025-07-01,2493,31000,Foreign_Investor,17000
2025-07-01,2493,0,Foreign_Dealer_Self,0
2025-07-01,2493,0,Investment_Trust,0
2025-07-01,2493,11000,Dealer_self,721
2025-07-01,2493,0,Dealer_Hedging,501
2025-07-02,2493,7000,Foreign_Investor,15000
2025-07-02,2493,0,Foreign_Dealer_Self,0
2025-07-02,2493,0,Investment_Trust,0
2025-07-02,2493,0,Dealer_self,1524
2025-07-02,2493,0,Dealer_Hedging,137
2025-07-03,2493,58000,Foreign_Investor,21000
2025-07-03,2493,0,Foreign_Dealer_Self,0
2025-07-03,2493,0,Investment_Trust,0
2025-07-03,2493,3000,Dealer_self,1151
2025-07-03,2493,9,Dealer_Hedging,0
2025-07-04,2493,20000,Foreign_Investor,50000
2025-07-04,2493,0,Foreign_Dealer_Self,0
2025-07-04,2493,0,Investment_Trust,0
2025-07-04,2493,1000,Dealer_self,72
2025-07-04,2493,0,Dealer_Hedging,110
2025-07-07,2493,24000,Foreign_Investor,74000
2025-07-07,2493,0,Foreign_Dealer_Self,0
2025-07-07,2493,0,Investment_Trust,0
2025-07-07,2493,0,Dealer_self,340
2025-07-07,2493,1102,Dealer_Hedging,0
2025-07-08,2493,10000,Foreign_Investor,52000
2025-07-08,2493,0,Foreign_Dealer_Self,0
2025-07-08,2493,0,Investment_Trust,0
2025-07-08,2493,5000,Dealer_self,3606
2025-07-08,2493,0,Dealer_Hedging,781
2025-07-09,2493,19000,Foreign_Investor,5000
2025-07-09,2493,0,Foreign_Dealer_Self,0
2025-07-09,2493,0,Investment_Trust,0
2025-07-09,2493,0,Dealer_self,0
2025-07-09,2493,15,Dealer_Hedging,50
2025-07-10,2493,29000,Foreign_Investor,24000
2025-07-10,2493,0,Foreign_Dealer_Self,0
2025-07-10,2493,0,Investment_Trust,1000
2025-07-10,2493,0,Dealer_self,1346
2025-07-10,2493,0,Dealer_Hedging,1
2025-07-11,2493,34970,Foreign_Investor,16000
2025-07-11,2493,0,Foreign_Dealer_Self,0
2025-07-11,2493,0,Investment_Trust,1000
2025-07-11,2493,0,Dealer_self,373
2025-07-11,2493,0,Dealer_Hedging,6
2025-07-14,2493,20054,Foreign_Investor,22000
2025-07-14,2493,0,Foreign_Dealer_Self,0
2025-07-14,2493,0,Investment_Trust,0
2025-07-14,2493,1000,Dealer_self,1115
2025-07-14,2493,0,Dealer_Hedging,279
2025-07-15,2493,26000,Foreign_Investor,35000
2025-07-15,2493,0,Foreign_Dealer_Self,0
2025-07-15,2493,0,Investment_Trust,0
2025-07-15,2493,10000,Dealer_self,1646
2025-07-15,2493,0,Dealer_Hedging,0
2025-07-16,2493,24000,Foreign_Investor,13000
2025-07-16,2493,0,Foreign_Dealer_Self,0
2025-07-16,2493,0,Investment_Trust,2000
2025-07-16,2493,1000,Dealer_self,1098
2025-07-16,2493,443,Dealer_Hedging,0
2025-07-17,2493,39980,Foreign_Investor,28000
2025-07-17,2493,0,Foreign_Dealer_Self,0
2025-07-17,2493,0,Investment_Trust,0
2025-07-17,2493,3000,Dealer_self,686
2025-07-17,2493,0,Dealer_Hedging,443
2025-07-18,2493,6000,Foreign_Investor,26000
2025-07-18,2493,0,Foreign_Dealer_Self,0
2025-07-18,2493,0,Investment_Trust,0
2025-07-18,2493,3000,Dealer_self,6835
2025-07-18,2493,0,Dealer_Hedging,0
2025-07-21,2493,6000,Foreign_Investor,24000
2025-07-21,2493,0,Foreign_Dealer_Self,0
2025-07-21,2493,0,Investment_Trust,0
2025-07-21,2493,1000,Dealer_self,1578
2025-07-21,2493,0,Dealer_Hedging,0
2025-07-22,2493,7000,Foreign_Investor,111000
2025-07-22,2493,0,Foreign_Dealer_Self,0
2025-07-22,2493,0,Investment_Trust,0
2025-07-22,2493,4000,Dealer_self,2690
2025-07-22,2493,0,Dealer_Hedging,0
2025-07-23,2493,82000,Foreign_Investor,58000
2025-07-23,2493,0,Foreign_Dealer_Self,0
2025-07-23,2493,0,Investment_Trust,0
2025-07-23,2493,9000,Dealer_self,197
2025-07-23,2493,1284,Dealer_Hedging,0
2025-07-24,2493,13000,Foreign_Investor,33000
2025-07-24,2493,0,Foreign_Dealer_Self,0
2025-07-24,2493,0,Investment_Trust,0
2025-07-24,2493,0,Dealer_self,0
2025-07-24,2493,0,Dealer_Hedging,894
2025-07-25,2493,3000,Foreign_Investor,18000
2025-07-25,2493,0,Foreign_Dealer_Self,0
2025-07-25,2493,0,Investment_Trust,0
2025-07-25,2493,0,Dealer_self,0
2025-07-25,2493,0,Dealer_Hedging,0
2025-07-28,2493,13000,Foreign_Investor,20000
2025-07-28,2493,0,Foreign_Dealer_Self,0
2025-07-28,2493,0,Investment_Trust,0
2025-07-28,2493,18,Dealer_self,281
2025-07-28,2493,417,Dealer_Hedging,187
2025-07-29,2493,25000,Foreign_Investor,55000
2025-07-29,2493,0,Foreign_Dealer_Self,0
2025-07-29,2493,0,Investment_Trust,0
2025-07-29,2493,2000,Dealer_self,730
2025-07-29,2493,727,Dealer_Hedging,620
2025-07-30,2493,7000,Foreign_Investor,16000
2025-07-30,2493,0,Foreign_Dealer_Self,0
2025-07-30,2493,0,Investment_Trust,0
2025-07-30,2493,2000,Dealer_self,384
2025-07-30,2493,0,Dealer_Hedging,296
2025-07-31,2493,9000,Foreign_Investor,64000
2025-07-31,2493,0,Foreign_Dealer_Self,0
2025-07-31,2493,0,Investment_Trust,0
2025-07-31,2493,21000,Dealer_self,5193
2025-07-31,2493,0,Dealer_Hedging,431
2025-08-01,2493,59000,Foreign_Investor,44000
2025-08-01,2493,0,Foreign_Dealer_Self,0
2025-08-01,2493,0,Investment_Trust,0
2025-08-01,2493,2000,Dealer_self,1577
2025-08-01,2493,4,Dealer_Hedging,0
2025-08-04,2493,288000,Foreign_Investor,100000
2025-08-04,2493,0,Foreign_Dealer_Self,0
2025-08-04,2493,0,Investment_Trust,0
2025-08-04,2493,20620,Dealer_self,6000
2025-08-04,2493,1054,Dealer_Hedging,4
2025-08-05,2493,569441,Foreign_Investor,803000
2025-08-05,2493,0,Foreign_Dealer_Self,0
2025-08-05,2493,0,Investment_Trust,0
2025-08-05,2493,14774,Dealer_self,52611
2025-08-05,2493,2676,Dealer_Hedging,617
2025-08-06,2493,1376100,Foreign_Investor,1243000
2025-08-06,2493,0,Foreign_Dealer_Self,0
2025-08-06,2493,0,Investment_Trust,0
2025-08-06,2493,18585,Dealer_self,12000
2025-08-06,2493,2838,Dealer_Hedging,0
2025-08-07,2493,1656000,Foreign_Investor,1067000
2025-08-07,2493,0,Foreign_Dealer_Self,0
2025-08-07,2493,0,Investment_Trust,0
2025-08-07,2493,65635,Dealer_self,3304
2025-08-07,2493,7373,Dealer_Hedging,1889
2025-08-08,2493,1302250,Foreign_Investor,1020000
2025-08-08,2493,0,Foreign_Dealer_Self,0
2025-08-08,2493,0,Investment_Trust,0
2025-08-08,2493,57305,Dealer_self,10396
2025-08-08,2493,7010,Dealer_Hedging,2238
2025-08-11,2493,1450747,Foreign_Investor,488000
2025-08-11,2493,0,Foreign_Dealer_Self,0
2025-08-11,2493,0,Investment_Trust,0
2025-08-11,2493,10114,Dealer_self,7162
2025-08-11,2493,10490,Dealer_Hedging,1919
2025-08-12,2493,43000,Foreign_Investor,291000
2025-08-12,2493,0,Foreign_Dealer_Self,0
2025-08-12,2493,0,Investment_Trust,0
2025-08-12,2493,22059,Dealer_self,5000
2025-08-12,2493,0,Dealer_Hedging,0
2025-08-13,2493,188000,Foreign_Investor,681747
2025-08-13,2493,0,Foreign_Dealer_Self,0
2025-08-13,2493,0,Investment_Trust,0
2025-08-13,2493,2483,Dealer_self,5000
2025-08-13,2493,100000,Dealer_Hedging,0
2025-08-14,2493,84100,Foreign_Investor,146000
2025-08-14,2493,0,Foreign_Dealer_Self,0
2025-08-14,2493,0,Investment_Trust,0
2025-08-14,2493,5470,Dealer_self,0
2025-08-14,2493,76000,Dealer_Hedging,0
2025-08-15,2493,119000,Foreign_Investor,30000
2025-08-15,2493,0,Foreign_Dealer_Self,0
2025-08-15,2493,0,Investment_Trust,0
2025-08-15,2493,5000,Dealer_self,3000
2025-08-15,2493,48000,Dealer_Hedging,0
2025-08-18,2493,82000,Foreign_Investor,93000
2025-08-18,2493,0,Foreign_Dealer_Self,0
2025-08-18,2493,0,Investment_Trust,0
2025-08-18,2493,2187,Dealer_self,3000
2025-08-18,2493,7000,Dealer_Hedging,0
2025-08-19,2493,101000,Foreign_Investor,3000
2025-08-19,2493,0,Foreign_Dealer_Self,0
2025-08-19,2493,0,Investment_Trust,0
2025-08-19,2493,3000,Dealer_self,25000
2025-08-19,2493,10000,Dealer_Hedging,7000
2025-08-20,2493,38000,Foreign_Investor,3000
2025-08-20,2493,0,Foreign_Dealer_Self,0
2025-08-20,2493,0,Investment_Trust,0
2025-08-20,2493,3000,Dealer_self,2000
2025-08-20,2493,33000,Dealer_Hedging,0
2025-08-21,2493,123000,Foreign_Investor,18000
2025-08-21,2493,0,Foreign_Dealer_Self,0
2025-08-21,2493,0,Investment_Trust,0
2025-08-21,2493,0,Dealer_self,23000
2025-08-21,2493,0,Dealer_Hedging,61000
2025-08-22,2493,59000,Foreign_Investor,86001
2025-08-22,2493,0,Foreign_Dealer_Self,0
2025-08-22,2493,0,Investment_Trust,0
2025-08-22,2493,0,Dealer_self,0
2025-08-22,2493,2000,Dealer_Hedging,2000
2025-08-25,2493,47000,Foreign_Investor,51000
2025-08-25,2493,0,Foreign_Dealer_Self,0
2025-08-25,2493,0,Investment_Trust,0
2025-08-25,2493,1000,Dealer_self,0
2025-08-25,2493,1000,Dealer_Hedging,12000
2025-08-26,2493,1128040,Foreign_Investor,1770000
2025-08-26,2493,0,Foreign_Dealer_Self,0
2025-08-26,2493,0,Investment_Trust,0
2025-08-26,2493,1286,Dealer_self,23130
2025-08-26,2493,3983,Dealer_Hedging,162638
2025-08-27,2493,963000,Foreign_Investor,1094000
2025-08-27,2493,0,Foreign_Dealer_Self,0
2025-08-27,2493,0,Investment_Trust,0
2025-08-27,2493,3000,Dealer_self,3088
2025-08-27,2493,1081,Dealer_Hedging,3451
2025-08-28,2493,1566630,Foreign_Investor,747000
2025-08-28,2493,0,Foreign_Dealer_Self,0
2025-08-28,2493,0,Investment_Trust,0
2025-08-28,2493,24004,Dealer_self,17832
2025-08-28,2493,3000,Dealer_Hedging,0
2025-08-29,2493,879000,Foreign_Investor,358000
2025-08-29,2493,0,Foreign_Dealer_Self,0
2025-08-29,2493,0,Investment_Trust,0
2025-08-29,2493,54983,Dealer_self,18004
2025-08-29,2493,1857,Dealer_Hedging,0
2025-09-01,2493,2224102,Foreign_Investor,3306000
2025-09-01,2493,0,Foreign_Dealer_Self,0
2025-09-01,2493,63000,Investment_Trust,0
2025-09-01,2493,17001,Dealer_self,66050
2025-09-01,2493,40967,Dealer_Hedging,26610
2025-09-02,2493,1604000,Foreign_Investor,1036000
2025-09-02,2493,0,Foreign_Dealer_Self,0
2025-09-02,2493,146000,Investment_Trust,0
2025-09-02,2493,14000,Dealer_self,28962
2025-09-02,2493,6654,Dealer_Hedging,12104
2025-09-03,2493,451000,Foreign_Investor,994692
2025-09-03,2493,0,Foreign_Dealer_Self,0
2025-09-03,2493,0,Investment_Trust,0
2025-09-03,2493,7000,Dealer_self,6064
2025-09-03,2493,11496,Dealer_Hedging,10159
2025-09-04,2493,280125,Foreign_Investor,938000
2025-09-04,2493,0,Foreign_Dealer_Self,0
2025-09-04,2493,0,Investment_Trust,7000
2025-09-04,2493,58000,Dealer_self,14749
2025-09-04,2493,3128,Dealer_Hedging,32575
2025-09-05,2493,246300,Foreign_Investor,394744
2025-09-05,2493,0,Foreign_Dealer_Self,0
2025-09-05,2493,0,Investment_Trust,0
2025-09-05,2493,16639,Dealer_self,492
2025-09-05,2493,0,Dealer_Hedging,12927
2025-09-08,2493,514540,Foreign_Investor,502000
2025-09-08,2493,0,Foreign_Dealer_Self,0
2025-09-08,2493,0,Investment_Trust,0
2025-09-08,2493,85868,Dealer_self,8788
2025-09-08,2493,18,Dealer_Hedging,1480
2025-09-09,2493,481005,Foreign_Investor,596000
2025-09-09,2493,0,Foreign_Dealer_Self,0
2025-09-09,2493,0,Investment_Trust,0
2025-09-09,2493,40131,Dealer_self,14556
2025-09-09,2493,0,Dealer_Hedging,18
2025-09-10,2493,329624,Foreign_Investor,473000
2025-09-10,2493,0,Foreign_Dealer_Self,0
2025-09-10,2493,0,Investment_Trust,0
2025-09-10,2493,8000,Dealer_self,52197
2025-09-10,2493,0,Dealer_Hedging,0
2025-09-11,2493,867000,Foreign_Investor,503020
2025-09-11,2493,0,Foreign_Dealer_Self,0
2025-09-11,2493,0,Investment_Trust,0
2025-09-11,2493,7000,Dealer_self,11729
2025-09-11,2493,0,Dealer_Hedging,0
2025-09-12,2493,256306,Foreign_Investor,370002
2025-09-12,2493,0,Foreign_Dealer_Self,0
2025-09-12,2493,0,Investment_Trust,0
2025-09-12,2493,7000,Dealer_self,646
2025-09-12,2493,273,Dealer_Hedging,0
2025-09-15,2493,1062948,Foreign_Investor,585000
2025-09-15,2493,0,Foreign_Dealer_Self,0
2025-09-15,2493,3000,Investment_Trust,0
2025-09-15,2493,11000,Dealer_self,9522
2025-09-15,2493,185,Dealer_Hedging,273
2025-09-16,2493,708262,Foreign_Investor,1614054
2025-09-16,2493,0,Foreign_Dealer_Self,0
2025-09-16,2493,0,Investment_Trust,0
2025-09-16,2493,9000,Dealer_self,117352
2025-09-16,2493,21,Dealer_Hedging,185
2025-09-17,2493,315056,Foreign_Investor,468250
2025-09-17,2493,0,Foreign_Dealer_Self,0
2025-09-17,2493,5000,Investment_Trust,0
2025-09-17,2493,8000,Dealer_self,18868
2025-09-17,2493,0,Dealer_Hedging,21
2025-09-18,2493,289165,Foreign_Investor,259000
2025-09-18,2493,0,Foreign_Dealer_Self,0
2025-09-18,2493,1000,Investment_Trust,1000
2025-09-18,2493,6000,Dealer_self,5276
2025-09-18,2493,0,Dealer_Hedging,0
2025-09-19,2493,248000,Foreign_Investor,243000
2025-09-19,2493,0,Foreign_Dealer_Self,0
2025-09-19,2493,0,Investment_Trust,0
2025-09-19,2493,2000,Dealer_self,0
2025-09-19,2493,0,Dealer_Hedging,0
2025-09-22,2493,97076,Foreign_Investor,360000
2025-09-22,2493,0,Foreign_Dealer_Self,0
2025-09-22,2493,0,Investment_Trust,0
2025-09-22,2493,40000,Dealer_self,226
2025-09-22,2493,0,Dealer_Hedging,0
2025-09-23,2493,358105,Foreign_Investor,896028
2025-09-23,2493,0,Foreign_Dealer_Self,0
2025-09-23,2493,0,Investment_Trust,0
2025-09-23,2493,23000,Dealer_self,8496
2025-09-23,2493,0,Dealer_Hedging,0
2025-09-24,2493,1023050,Foreign_Investor,2205840
2025-09-24,2493,0,Foreign_Dealer_Self,0
2025-09-24,2493,0,Investment_Trust,0
2025-09-24,2493,149000,Dealer_self,20864
2025-09-24,2493,0,Dealer_Hedging,0
2025-09-25,2493,954000,Foreign_Investor,1383050
2025-09-25,2493,0,Foreign_Dealer_Self,0
2025-09-25,2493,0,Investment_Trust,0
2025-09-25,2493,27000,Dealer_self,133891
2025-09-25,2493,0,Dealer_Hedging,0
2025-09-26,2493,809025,Foreign_Investor,381000
2025-09-26,2493,0,Foreign_Dealer_Self,0
2025-09-26,2493,0,Investment_Trust,0
2025-09-26,2493,6000,Dealer_self,79586
2025-09-26,2493,0,Dealer_Hedging,0
2025-09-30,2493,518050,Foreign_Investor,448050
2025-09-30,2493,0,Foreign_Dealer_Self,0
2025-09-30,2493,0,Investment_Trust,0
2025-09-30,2493,9600,Dealer_self,6661
2025-09-30,2493,0,Dealer_Hedging,0
2025-10-01,2493,331845,Foreign_Investor,552827
2025-10-01,2493,0,Foreign_Dealer_Self,0
2025-10-01,2493,0,Investment_Trust,99000
2025-10-01,2493,2000,Dealer_self,11615
2025-10-01,2493,0,Dealer_Hedging,0
2025-10-02,2493,503981,Foreign_Investor,228860
2025-10-02,2493,0,Foreign_Dealer_Self,0
2025-10-02,2493,0,Investment_Trust,119000
2025-10-02,2493,1783,Dealer_self,1000
2025-10-02,2493,0,Dealer_Hedging,0
2025-10-03,2493,840171,Foreign_Investor,231308
2025-10-03,2493,0,Foreign_Dealer_Self,0
2025-10-03,2493,0,Investment_Trust,22572
2025-10-03,2493,0,Dealer_self,0
2025-10-03,2493,0,Dealer_Hedging,756
2025-10-07,2493,863020,Foreign_Investor,311000
2025-10-07,2493,0,Foreign_Dealer_Self,0
2025-10-07,2493,0,Investment_Trust,0
2025-10-07,2493,10144,Dealer_self,1000
2025-10-07,2493,0,Dealer_Hedging,842
2025-10-08,2493,513996,Foreign_Investor,603324
2025-10-08,2493,0,Foreign_Dealer_Self,0
2025-10-08,2493,0,Investment_Trust,0
2025-10-08,2493,4000,Dealer_self,2653
2025-10-08,2493,0,Dealer_Hedging,2627
2025-10-09,2493,479000,Foreign_Investor,373864
2025-10-09,2493,0,Foreign_Dealer_Self,0
2025-10-09,2493,0,Investment_Trust,0
2025-10-09,2493,11000,Dealer_self,10084
2025-10-09,2493,0,Dealer_Hedging,511
2025-10-13,2493,819020,Foreign_Investor,612000
2025-10-13,2493,0,Foreign_Dealer_Self,0
2025-10-13,2493,0,Investment_Trust,0
2025-10-13,2493,17000,Dealer_self,16559
2025-10-13,2493,0,Dealer_Hedging,0
2025-10-14,2493,567546,Foreign_Investor,826000
2025-10-14,2493,0,Foreign_Dealer_Self,0
2025-10-14,2493,0,Investment_Trust,0
2025-10-14,2493,53000,Dealer_self,19855
2025-10-14,2493,0,Dealer_Hedging,0
2025-10-15,2493,0,Foreign_Dealer_Self,0
2025-10-15,2493,0,Investment_Trust,0
2025-10-15,2493,4075,Dealer_self,6159
2025-10-15,2493,0,Dealer_Hedging,0
2025-10-15,2493,1711819,Foreign_Investor,1951667
2025-10-16,2493,249784,Foreign_Investor,220545
2025-10-16,2493,0,Foreign_Dealer_Self,0
2025-10-16,2493,0,Investment_Trust,0
2025-10-16,2493,2000,Dealer_self,0
2025-10-16,2493,0,Dealer_Hedging,0
2025-10-17,2493,126027,Foreign_Investor,335000
2025-10-17,2493,0,Foreign_Dealer_Self,0
2025-10-17,2493,0,Investment_Trust,1000
2025-10-17,2493,6000,Dealer_self,6043
2025-10-17,2493,0,Dealer_Hedging,0
2025-10-20,2493,146410,Foreign_Investor,191000
2025-10-20,2493,0,Foreign_Dealer_Self,0
2025-10-20,2493,0,Investment_Trust,0
2025-10-20,2493,4000,Dealer_self,4001
2025-10-20,2493,0,Dealer_Hedging,0
2025-10-21,2493,164000,Foreign_Investor,252000
2025-10-21,2493,0,Foreign_Dealer_Self,0
2025-10-21,2493,0,Investment_Trust,0
2025-10-21,2493,2000,Dealer_self,172
2025-10-21,2493,0,Dealer_Hedging,0
2025-10-22,2493,148188,Foreign_Investor,208648
2025-10-22,2493,0,Foreign_Dealer_Self,0
2025-10-22,2493,0,Investment_Trust,0
2025-10-22,2493,3000,Dealer_self,34724
2025-10-22,2493,0,Dealer_Hedging,0
2025-10-23,2493,106000,Foreign_Investor,149000
2025-10-23,2493,0,Foreign_Dealer_Self,0
2025-10-23,2493,0,Investment_Trust,0
2025-10-23,2493,2000,Dealer_self,1951
2025-10-23,2493,0,Dealer_Hedging,0
2025-10-27,2493,167384,Foreign_Investor,233000
2025-10-27,2493,0,Foreign_Dealer_Self,0
2025-10-27,2493,0,Investment_Trust,0
2025-10-27,2493,12000,Dealer_self,3253
2025-10-27,2493,0,Dealer_Hedging,0
2025-10-28,2493,229164,Foreign_Investor,331000
2025-10-28,2493,0,Foreign_Dealer_Self,0
2025-10-28,2493,0,Investment_Trust,0
2025-10-28,2493,3000,Dealer_self,1159
2025-10-28,2493,0,Dealer_Hedging,0
2025-10-29,2493,149948,Foreign_Investor,312000
2025-10-29,2493,0,Foreign_Dealer_Self,0
2025-10-29,2493,0,Investment_Trust,0
2025-10-29,2493,0,Dealer_self,1540
2025-10-29,2493,0,Dealer_Hedging,0
2025-10-30,2493,283236,Foreign_Investor,373108
2025-10-30,2493,0,Foreign_Dealer_Self,0
2025-10-30,2493,0,Investment_Trust,0
2025-10-30,2493,10000,Dealer_self,9379
2025-10-30,2493,0,Dealer_Hedging,0
2025-10-31,2493,172000,Foreign_Investor,203000
2025-10-31,2493,0,Foreign_Dealer_Self,0
2025-10-31,2493,0,Investment_Trust,0
2025-10-31,2493,5000,Dealer_self,2003
2025-10-31,2493,0,Dealer_Hedging,0
2025-11-03,2493,142000,Foreign_Investor,172301
2025-11-03,2493,0,Foreign_Dealer_Self,0
2025-11-03,2493,0,Investment_Trust,0
2025-11-03,2493,1000,Dealer_self,6000
2025-11-03,2493,0,Dealer_Hedging,0
2025-11-04,2493,302756,Foreign_Investor,244294
2025-11-04,2493,0,Foreign_Dealer_Self,0
2025-11-04,2493,0,Investment_Trust,0
2025-11-04,2493,1000,Dealer_self,1179
2025-11-04,2493,0,Dealer_Hedging,0
2025-11-05,2493,261052,Foreign_Investor,250589
2025-11-05,2493,0,Foreign_Dealer_Self,0
2025-11-05,2493,0,Investment_Trust,0
2025-11-05,2493,2000,Dealer_self,13157
2025-11-05,2493,0,Dealer_Hedging,0
2025-11-06,2493,77324,Foreign_Investor,195000
2025-11-06,2493,0,Foreign_Dealer_Self,0
2025-11-06,2493,0,Investment_Trust,0
2025-11-06,2493,2000,Dealer_self,2217
2025-11-06,2493,0,Dealer_Hedging,0
2025-11-07,2493,117000,Foreign_Investor,136376
2025-11-07,2493,0,Foreign_Dealer_Self,0
2025-11-07,2493,0,Investment_Trust,0
2025-11-07,2493,5000,Dealer_self,4431
2025-11-07,2493,0,Dealer_Hedging,0
2025-11-10,2493,234000,Foreign_Investor,92000
2025-11-10,2493,0,Foreign_Dealer_Self,0
2025-11-10,2493,0,Investment_Trust,0
2025-11-10,2493,2000,Dealer_self,0
2025-11-10,2493,0,Dealer_Hedging,0
2025-11-11,2493,269000,Foreign_Investor,270000
2025-11-11,2493,0,Foreign_Dealer_Self,0
2025-11-11,2493,0,Investment_Trust,0
2025-11-11,2493,0,Dealer_self,0
2025-11-11,2493,0,Dealer_Hedging,0
2025-11-12,2493,396324,Foreign_Investor,1032000
2025-11-12,2493,0,Foreign_Dealer_Self,0
2025-11-12,2493,0,Investment_Trust,0
2025-11-12,2493,2389,Dealer_self,4572
2025-11-12,2493,0,Dealer_Hedging,0
2025-11-13,2493,292500,Foreign_Investor,1721000
2025-11-13,2493,0,Foreign_Dealer_Self,0
2025-11-13,2493,0,Investment_Trust,0
2025-11-13,2493,21000,Dealer_self,21391
2025-11-13,2493,0,Dealer_Hedging,0
2025-11-14,2493,452000,Foreign_Investor,226000
2025-11-14,2493,0,Foreign_Dealer_Self,0
2025-11-14,2493,0,Investment_Trust,0
2025-11-14,2493,2000,Dealer_self,6750
2025-11-14,2493,0,Dealer_Hedging,0
2025-11-17,2493,257099,Foreign_Investor,135218
2025-11-17,2493,0,Foreign_Dealer_Self,0
2025-11-17,2493,0,Investment_Trust,0
2025-11-17,2493,0,Dealer_self,2007
2025-11-17,2493,0,Dealer_Hedging,0
2025-11-18,2493,306000,Foreign_Investor,338000
2025-11-18,2493,0,Foreign_Dealer_Self,0
2025-11-18,2493,0,Investment_Trust,0
2025-11-18,2493,9000,Dealer_self,10437
2025-11-18,2493,0,Dealer_Hedging,0
2025-11-19,2493,197000,Foreign_Investor,105000
2025-11-19,2493,0,Foreign_Dealer_Self,0
2025-11-19,2493,0,Investment_Trust,0
2025-11-19,2493,6000,Dealer_self,813
2025-11-19,2493,0,Dealer_Hedging,0
2025-11-20,2493,379000,Foreign_Investor,99700
2025-11-20,2493,0,Foreign_Dealer_Self,0
2025-11-20,2493,0,Investment_Trust,0
2025-11-20,2493,1000,Dealer_self,0
2025-11-20,2493,0,Dealer_Hedging,0
2025-11-21,2493,105393,Foreign_Investor,207000
2025-11-21,2493,0,Foreign_Dealer_Self,0
2025-11-21,2493,0,Investment_Trust,0
2025-11-21,2493,3000,Dealer_self,4413
2025-11-21,2493,0,Dealer_Hedging,0
2025-11-24,2493,118000,Foreign_Investor,103000
2025-11-24,2493,0,Foreign_Dealer_Self,0
2025-11-24,2493,0,Investment_Trust,0
2025-11-24,2493,3013,Dealer_self,0
2025-11-24,2493,0,Dealer_Hedging,0
2025-11-25,2493,258648,Foreign_Investor,80000
2025-11-25,2493,0,Foreign_Dealer_Self,0
2025-11-25,2493,0,Investment_Trust,0
2025-11-25,2493,1585,Dealer_self,1000
2025-11-25,2493,0,Dealer_Hedging,0
2025-11-26,2493,224000,Foreign_Investor,82000
2025-11-26,2493,0,Foreign_Dealer_Self,0
2025-11-26,2493,0,Investment_Trust,0
2025-11-26,2493,5000,Dealer_self,0
2025-11-26,2493,0,Dealer_Hedging,0
2025-11-27,2493,140896,Foreign_Investor,56000
2025-11-27,2493,0,Foreign_Dealer_Self,0
2025-11-27,2493,0,Investment_Trust,0
2025-11-27,2493,0,Dealer_self,1000
2025-11-27,2493,0,Dealer_Hedging,0
2025-11-28,2493,184000,Foreign_Investor,88000
2025-11-28,2493,0,Foreign_Dealer_Self,0
2025-11-28,2493,0,Investment_Trust,0
2025-11-28,2493,4000,Dealer_self,0
2025-11-28,2493,3182,Dealer_Hedging,0
2025-12-01,2493,116000,Foreign_Investor,220000
2025-12-01,2493,0,Foreign_Dealer_Self,0
2025-12-01,2493,0,Investment_Trust,0
2025-12-01,2493,0,Dealer_self,15000
2025-12-01,2493,785,Dealer_Hedging,0
2025-12-02,2493,68000,Foreign_Investor,132000
2025-12-02,2493,0,Foreign_Dealer_Self,0
2025-12-02,2493,0,Investment_Trust,0
2025-12-02,2493,1000,Dealer_self,0
2025-12-02,2493,325,Dealer_Hedging,0
2025-12-03,2493,143000,Foreign_Investor,90000
2025-12-03,2493,0,Foreign_Dealer_Self,0
2025-12-03,2493,0,Investment_Trust,0
2025-12-03,2493,0,Dealer_self,0
2025-12-03,2493,1178,Dealer_Hedging,0
2025-12-04,2493,189000,Foreign_Investor,67000
2025-12-04,2493,0,Foreign_Dealer_Self,0
2025-12-04,2493,0,Investment_Trust,0
2025-12-04,2493,1000,Dealer_self,0
2025-12-04,2493,1368,Dealer_Hedging,570
2025-12-05,2493,516050,Foreign_Investor,645000
2025-12-05,2493,0,Foreign_Dealer_Self,0
2025-12-05,2493,0,Investment_Trust,0
2025-12-05,2493,16105,Dealer_self,5000
2025-12-05,2493,50892,Dealer_Hedging,0
2025-12-08,2493,3351809,Foreign_Investor,2969896
2025-12-08,2493,0,Foreign_Dealer_Self,0
2025-12-08,2493,0,Investment_Trust,0
2025-12-08,2493,28530,Dealer_self,15249
2025-12-08,2493,86902,Dealer_Hedging,5899
2025-12-09,2493,1826000,Foreign_Investor,2809000
2025-12-09,2493,0,Foreign_Dealer_Self,0
2025-12-09,2493,0,Investment_Trust,0
2025-12-09,2493,24345,Dealer_self,46000
2025-12-09,2493,44505,Dealer_Hedging,11484
2025-12-10,2493,1133003,Foreign_Investor,1825000
2025-12-10,2493,0,Foreign_Dealer_Self,0
2025-12-10,2493,0,Investment_Trust,0
2025-12-10,2493,3000,Dealer_self,2284
2025-12-10,2493,14359,Dealer_Hedging,35107
2025-12-11,2493,1028177,Foreign_Investor,1442025
2025-12-11,2493,0,Foreign_Dealer_Self,0
2025-12-11,2493,0,Investment_Trust,0
2025-12-11,2493,1355,Dealer_self,0
2025-12-11,2493,548,Dealer_Hedging,21718
2025-12-12,2493,257003,Foreign_Investor,538000
2025-12-12,2493,0,Foreign_Dealer_Self,0
2025-12-12,2493,0,Investment_Trust,0
2025-12-12,2493,2000,Dealer_self,1000
2025-12-12,2493,10701,Dealer_Hedging,565
2025-12-15,2493,321009,Foreign_Investor,219065
2025-12-15,2493,0,Foreign_Dealer_Self,0
2025-12-15,2493,0,Investment_Trust,0
2025-12-15,2493,2000,Dealer_self,241
2025-12-15,2493,4000,Dealer_Hedging,1746
2025-12-16,2493,533490,Foreign_Investor,226756
2025-12-16,2493,0,Foreign_Dealer_Self,0
2025-12-16,2493,0,Investment_Trust,0
2025-12-16,2493,11138,Dealer_self,3000
2025-12-16,2493,2210,Dealer_Hedging,44667
2025-12-17,2493,127000,Foreign_Investor,192540
2025-12-17,2493,0,Foreign_Dealer_Self,0
2025-12-17,2493,0,Investment_Trust,0
2025-12-17,2493,0,Dealer_self,0
2025-12-17,2493,0,Dealer_Hedging,1439
2025-12-18,2493,333000,Foreign_Investor,172000
2025-12-18,2493,0,Foreign_Dealer_Self,0
2025-12-18,2493,0,Investment_Trust,0
2025-12-18,2493,5000,Dealer_self,0
2025-12-18,2493,767,Dealer_Hedging,8858
2025-12-19,2493,158000,Foreign_Investor,103971
2025-12-19,2493,0,Foreign_Dealer_Self,0
2025-12-19,2493,0,Investment_Trust,0
2025-12-19,2493,5000,Dealer_self,1000
2025-12-19,2493,1,Dealer_Hedging,3885
2025-12-22,2493,96090,Foreign_Investor,162000
2025-12-22,2493,0,Foreign_Dealer_Self,0
2025-12-22,2493,0,Investment_Trust,0
2025-12-22,2493,1000,Dealer_self,0
2025-12-22,2493,94,Dealer_Hedging,863
2025-12-23,2493,177000,Foreign_Investor,217095
2025-12-23,2493,0,Foreign_Dealer_Self,0
2025-12-23,2493,0,Investment_Trust,0
2025-12-23,2493,0,Dealer_self,0
2025-12-23,2493,2300,Dealer_Hedging,1613
2025-12-24,2493,727095,Foreign_Investor,1412000
2025-12-24,2493,0,Foreign_Dealer_Self,0
2025-12-24,2493,0,Investment_Trust,0
2025-12-24,2493,1046,Dealer_self,6679
2025-12-24,2493,3,Dealer_Hedging,2258
2025-12-26,2493,1232072,Foreign_Investor,955144
2025-12-26,2493,0,Foreign_Dealer_Self,0
2025-12-26,2493,0,Investment_Trust,0
2025-12-26,2493,25,Dealer_self,2046
2025-12-26,2493,106947,Dealer_Hedging,2992
2025-12-29,2493,2307941,Foreign_Investor,2485841
2025-12-29,2493,0,Foreign_Dealer_Self,0
2025-12-29,2493,0,Investment_Trust,0
2025-12-29,2493,13,Dealer_self,144
2025-12-29,2493,268693,Dealer_Hedging,69358
2025-12-30,2493,3395000,Foreign_Investor,1752270
2025-12-30,2493,0,Foreign_Dealer_Self,0
2025-12-30,2493,0,Investment_Trust,0
2025-12-30,2493,71120,Dealer_self,4013
2025-12-30,2493,110041,Dealer_Hedging,131304
2025-12-31,2493,1284000,Foreign_Investor,1605000
2025-12-31,2493,0,Foreign_Dealer_Self,0
2025-12-31,2493,0,Investment_Trust,1000
2025-12-31,2493,21751,Dealer_self,1760
2025-12-31,2493,4110,Dealer_Hedging,121440
2026-01-02,2493,905500,Foreign_Investor,988070
2026-01-02,2493,0,Foreign_Dealer_Self,0
2026-01-02,2493,0,Investment_Trust,0
2026-01-02,2493,24214,Dealer_self,4000
2026-01-02,2493,33833,Dealer_Hedging,14627
2026-01-05,2493,1460000,Foreign_Investor,1001964
2026-01-05,2493,0,Foreign_Dealer_Self,0
2026-01-05,2493,0,Investment_Trust,0
2026-01-05,2493,9000,Dealer_self,27105
2026-01-05,2493,9065,Dealer_Hedging,33720
2026-01-06,2493,397000,Foreign_Investor,466500
2026-01-06,2493,0,Foreign_Dealer_Self,0
2026-01-06,2493,0,Investment_Trust,0
2026-01-06,2493,0,Dealer_self,4000
2026-01-06,2493,1127,Dealer_Hedging,15687
2026-01-07,2493,666000,Foreign_Investor,374000
2026-01-07,2493,0,Foreign_Dealer_Self,0
2026-01-07,2493,0,Investment_Trust,0
2026-01-07,2493,2000,Dealer_self,0
2026-01-07,2493,59123,Dealer_Hedging,5772
2026-01-08,2493,1119000,Foreign_Investor,1421000
2026-01-08,2493,0,Foreign_Dealer_Self,0
2026-01-08,2493,0,Investment_Trust,0
2026-01-08,2493,0,Dealer_self,1000
2026-01-08,2493,45614,Dealer_Hedging,21476
2026-01-09,2493,1446000,Foreign_Investor,1113000
2026-01-09,2493,0,Foreign_Dealer_Self,0
2026-01-09,2493,0,Investment_Trust,0
2026-01-09,2493,122,Dealer_self,3000
2026-01-09,2493,131295,Dealer_Hedging,46423
2026-01-12,2493,966000,Foreign_Investor,751518
2026-01-12,2493,0,Foreign_Dealer_Self,0
2026-01-12,2493,0,Investment_Trust,0
2026-01-12,2493,4000,Dealer_self,2000
2026-01-12,2493,23345,Dealer_Hedging,91917
2026-01-13,2493,1196000,Foreign_Investor,790054
2026-01-13,2493,0,Foreign_Dealer_Self,0
2026-01-13,2493,0,Investment_Trust,0
2026-01-13,2493,1000,Dealer_self,1000
2026-01-13,2493,44045,Dealer_Hedging,8763
2026-01-14,2493,416596,Foreign_Investor,528000
2026-01-14,2493,0,Foreign_Dealer_Self,0
2026-01-14,2493,0,Investment_Trust,0
2026-01-14,2493,2000,Dealer_self,17000
2026-01-14,2493,39040,Dealer_Hedging,44747
2026-01-15,2493,651000,Foreign_Investor,207000
2026-01-15,2493,0,Foreign_Dealer_Self,0
2026-01-15,2493,0,Investment_Trust,0
2026-01-15,2493,7010,Dealer_self,1000
2026-01-15,2493,11745,Dealer_Hedging,18214
2026-01-16,2493,453333,Foreign_Investor,485565
2026-01-16,2493,0,Foreign_Dealer_Self,0
2026-01-16,2493,0,Investment_Trust,0
2026-01-16,2493,10000,Dealer_self,159
2026-01-16,2493,8978,Dealer_Hedging,63932
2026-01-19,2493,721265,Foreign_Investor,323000
2026-01-19,2493,0,Foreign_Dealer_Self,0
2026-01-19,2493,92000,Investment_Trust,44292
2026-01-19,2493,1000,Dealer_self,3189
2026-01-19,2493,7233,Dealer_Hedging,4632
2026-01-20,2493,396715,Foreign_Investor,264000
2026-01-20,2493,0,Foreign_Dealer_Self,0
2026-01-20,2493,89000,Investment_Trust,0
2026-01-20,2493,5000,Dealer_self,8000
2026-01-20,2493,37972,Dealer_Hedging,450
2026-01-21,2493,510288,Foreign_Investor,361000
2026-01-21,2493,0,Foreign_Dealer_Self,0
2026-01-21,2493,84000,Investment_Trust,0
2026-01-21,2493,2000,Dealer_self,2000
2026-01-21,2493,2100,Dealer_Hedging,44426
2026-01-22,2493,308160,Foreign_Investor,420698
2026-01-22,2493,0,Foreign_Dealer_Self,0
2026-01-22,2493,79000,Investment_Trust,0
2026-01-22,2493,5000,Dealer_self,1120
2026-01-22,2493,4318,Dealer_Hedging,423
2026-01-23,2493,446375,Foreign_Investor,390000
2026-01-23,2493,0,Foreign_Dealer_Self,0
2026-01-23,2493,81000,Investment_Trust,0
2026-01-23,2493,1000,Dealer_self,1513
2026-01-23,2493,3000,Dealer_Hedging,17048
2026-01-26,2493,282096,Foreign_Investor,239000
2026-01-26,2493,0,Foreign_Dealer_Self,0
2026-01-26,2493,0,Investment_Trust,2000
2026-01-26,2493,1000,Dealer_self,796
2026-01-26,2493,8000,Dealer_Hedging,23729
2026-01-27,2493,224141,Foreign_Investor,335000
2026-01-27,2493,0,Foreign_Dealer_Self,0
2026-01-27,2493,3000,Investment_Trust,0
2026-01-27,2493,1130,Dealer_self,1000
2026-01-27,2493,3000,Dealer_Hedging,4115
2026-01-28,2493,290080,Foreign_Investor,441000
2026-01-28,2493,0,Foreign_Dealer_Self,0
2026-01-28,2493,0,Investment_Trust,0
2026-01-28,2493,0,Dealer_self,6020
2026-01-28,2493,21000,Dealer_Hedging,5743
2026-01-29,2493,226455,Foreign_Investor,221000
2026-01-29,2493,0,Foreign_Dealer_Self,0
2026-01-29,2493,0,Investment_Trust,4000
2026-01-29,2493,1042,Dealer_self,1000
2026-01-29,2493,5000,Dealer_Hedging,6332
2026-01-30,2493,231000,Foreign_Investor,148040
2026-01-30,2493,0,Foreign_Dealer_Self,0
2026-01-30,2493,0,Investment_Trust,5000
2026-01-30,2493,2000,Dealer_self,0
2026-01-30,2493,1000,Dealer_Hedging,4616
2026-02-02,2493,346340,Foreign_Investor,387040
2026-02-02,2493,0,Foreign_Dealer_Self,0
2026-02-02,2493,0,Investment_Trust,0
2026-02-02,2493,11000,Dealer_self,4000
2026-02-02,2493,40280,Dealer_Hedging,8223
2026-02-03,2493,255091,Foreign_Investor,374000
2026-02-03,2493,0,Foreign_Dealer_Self,0
2026-02-03,2493,0,Investment_Trust,0
2026-02-03,2493,2000,Dealer_self,2000
2026-02-03,2493,1017,Dealer_Hedging,9448
2026-02-04,2493,267200,Foreign_Investor,278300
2026-02-04,2493,0,Foreign_Dealer_Self,0
2026-02-04,2493,0,Investment_Trust,0
2026-02-04,2493,1000,Dealer_self,3000
2026-02-04,2493,0,Dealer_Hedging,10067
2026-02-05,2493,202000,Foreign_Investor,209000
2026-02-05,2493,0,Foreign_Dealer_Self,0
2026-02-05,2493,0,Investment_Trust,0
2026-02-05,2493,1002,Dealer_self,1000
2026-02-05,2493,2000,Dealer_Hedging,2694
2026-02-06,2493,510500,Foreign_Investor,259694
2026-02-06,2493,0,Foreign_Dealer_Self,0
2026-02-06,2493,0,Investment_Trust,0
2026-02-06,2493,2000,Dealer_self,4000
2026-02-06,2493,21327,Dealer_Hedging,37352
2026-02-09,2493,238956,Foreign_Investor,251000
2026-02-09,2493,0,Foreign_Dealer_Self,0
2026-02-09,2493,0,Investment_Trust,0
2026-02-09,2493,1000,Dealer_self,466
2026-02-09,2493,16811,Dealer_Hedging,5614
2026-02-10,2493,131586,Foreign_Investor,205000
2026-02-10,2493,0,Foreign_Dealer_Self,0
2026-02-10,2493,0,Investment_Trust,0
2026-02-10,2493,3000,Dealer_self,2137
2026-02-10,2493,21,Dealer_Hedging,19536
2026-02-11,2493,371380,Foreign_Investor,399000
2026-02-11,2493,0,Foreign_Dealer_Self,0
2026-02-11,2493,0,Investment_Trust,0
2026-02-11,2493,12000,Dealer_self,0
2026-02-11,2493,16784,Dealer_Hedging,66206
2026-02-23,2493,326058,Foreign_Investor,225000
2026-02-23,2493,0,Foreign_Dealer_Self,0
2026-02-23,2493,0,Investment_Trust,1000
2026-02-23,2493,9000,Dealer_self,10000
2026-02-23,2493,19180,Dealer_Hedging,1255
2026-02-24,2493,146057,Foreign_Investor,131000
2026-02-24,2493,0,Foreign_Dealer_Self,0
2026-02-24,2493,0,Investment_Trust,8000
2026-02-24,2493,2094,Dealer_self,1000
2026-02-24,2493,27566,Dealer_Hedging,12600
2026-02-25,2493,232460,Foreign_Investor,515312
2026-02-25,2493,0,Foreign_Dealer_Self,0
2026-02-25,2493,0,Investment_Trust,2000
2026-02-25,2493,28345,Dealer_self,1000
2026-02-25,2493,66067,Dealer_Hedging,18819
2026-02-26,2493,1514716,Foreign_Investor,1981730
2026-02-26,2493,0,Foreign_Dealer_Self,0
2026-02-26,2493,0,Investment_Trust,0
2026-02-26,2493,1000,Dealer_self,27345
2026-02-26,2493,124183,Dealer_Hedging,44640
2026-03-02,2493,522000,Foreign_Investor,1312000
2026-03-02,2493,0,Foreign_Dealer_Self,0
2026-03-02,2493,0,Investment_Trust,4000
2026-03-02,2493,2000,Dealer_self,3000
2026-03-02,2493,25424,Dealer_Hedging,98822
2026-03-03,2493,678000,Foreign_Investor,504000
2026-03-03,2493,0,Foreign_Dealer_Self,0
2026-03-03,2493,0,Investment_Trust,2000
2026-03-03,2493,6000,Dealer_self,81430
2026-03-03,2493,9000,Dealer_Hedging,84083
2026-03-04,2493,1135015,Foreign_Investor,742100
2026-03-04,2493,0,Foreign_Dealer_Self,0
2026-03-04,2493,0,Investment_Trust,3000
2026-03-04,2493,7000,Dealer_self,16040
2026-03-04,2493,42138,Dealer_Hedging,81377
2026-03-05,2493,545110,Foreign_Investor,270000
2026-03-05,2493,0,Foreign_Dealer_Self,0
2026-03-05,2493,0,Investment_Trust,15000
2026-03-05,2493,0,Dealer_self,8000
2026-03-05,2493,17897,Dealer_Hedging,9304
2026-03-06,2493,272060,Foreign_Investor,182080
2026-03-06,2493,0,Foreign_Dealer_Self,0
2026-03-06,2493,0,Investment_Trust,5000
2026-03-06,2493,2000,Dealer_self,1198
2026-03-06,2493,40010,Dealer_Hedging,6277
2026-03-09,2493,548025,Foreign_Investor,590368
2026-03-09,2493,0,Foreign_Dealer_Self,0
2026-03-09,2493,0,Investment_Trust,0
2026-03-09,2493,6000,Dealer_self,17540
2026-03-09,2493,11966,Dealer_Hedging,19077
2026-03-10,2493,267000,Foreign_Investor,219000
2026-03-10,2493,0,Foreign_Dealer_Self,0
2026-03-10,2493,0,Investment_Trust,2000
2026-03-10,2493,1000,Dealer_self,892
2026-03-10,2493,2688,Dealer_Hedging,19262
2026-03-11,2493,263000,Foreign_Investor,172000
2026-03-11,2493,0,Foreign_Dealer_Self,0
2026-03-11,2493,2000,Investment_Trust,0
2026-03-11,2493,1000,Dealer_self,1000
2026-03-11,2493,21273,Dealer_Hedging,568
2026-03-12,2493,193596,Foreign_Investor,174095
2026-03-12,2493,0,Foreign_Dealer_Self,0
2026-03-12,2493,0,Investment_Trust,4000
2026-03-12,2493,0,Dealer_self,4137
2026-03-12,2493,1000,Dealer_Hedging,82826
2026-03-13,2493,155000,Foreign_Investor,167034
2026-03-13,2493,0,Foreign_Dealer_Self,0
2026-03-13,2493,0,Investment_Trust,0
2026-03-13,2493,0,Dealer_self,5104
2026-03-13,2493,5099,Dealer_Hedging,16462
2026-03-16,2493,377100,Foreign_Investor,242000
2026-03-16,2493,0,Foreign_Dealer_Self,0
2026-03-16,2493,0,Investment_Trust,0
2026-03-16,2493,0,Dealer_self,2061
2026-03-16,2493,20873,Dealer_Hedging,3245
2026-03-17,2493,246000,Foreign_Investor,196000
2026-03-17,2493,0,Foreign_Dealer_Self,0
2026-03-17,2493,0,Investment_Trust,0
2026-03-17,2493,4000,Dealer_self,0
2026-03-17,2493,38198,Dealer_Hedging,6476
2026-03-18,2493,547282,Foreign_Investor,678285
2026-03-18,2493,0,Foreign_Dealer_Self,0
2026-03-18,2493,0,Investment_Trust,0
2026-03-18,2493,19159,Dealer_self,1000
2026-03-18,2493,57955,Dealer_Hedging,11189
2026-03-19,2493,349413,Foreign_Investor,314271
2026-03-19,2493,0,Foreign_Dealer_Self,0
2026-03-19,2493,0,Investment_Trust,5000
2026-03-19,2493,10000,Dealer_self,2000
2026-03-19,2493,33467,Dealer_Hedging,33366
2026-03-20,2493,693352,Foreign_Investor,665100
2026-03-20,2493,0,Foreign_Dealer_Self,0
2026-03-20,2493,0,Investment_Trust,2000
2026-03-20,2493,5000,Dealer_self,1075
2026-03-20,2493,127561,Dealer_Hedging,26857
2026-03-23,2493,505352,Foreign_Investor,362000
2026-03-23,2493,0,Foreign_Dealer_Self,0
2026-03-23,2493,0,Investment_Trust,0
2026-03-23,2493,1000,Dealer_self,6932
2026-03-23,2493,16277,Dealer_Hedging,103877
2026-03-24,2493,777613,Foreign_Investor,452110
2026-03-24,2493,0,Foreign_Dealer_Self,0
2026-03-24,2493,0,Investment_Trust,0
2026-03-24,2493,9000,Dealer_self,0
2026-03-24,2493,5000,Dealer_Hedging,52464
2026-03-25,2493,327000,Foreign_Investor,201042
2026-03-25,2493,0,Foreign_Dealer_Self,0
2026-03-25,2493,0,Investment_Trust,2000
2026-03-25,2493,6000,Dealer_self,0
2026-03-25,2493,7100,Dealer_Hedging,9002
2026-03-26,2493,130352,Foreign_Investor,160000
2026-03-26,2493,0,Foreign_Dealer_Self,0
2026-03-26,2493,0,Investment_Trust,2000
2026-03-26,2493,1000,Dealer_self,0
2026-03-26,2493,13595,Dealer_Hedging,2817
2026-03-27,2493,538690,Foreign_Investor,360000
2026-03-27,2493,0,Foreign_Dealer_Self,0
2026-03-27,2493,0,Investment_Trust,2000
2026-03-27,2493,5000,Dealer_self,12000
2026-03-27,2493,102744,Dealer_Hedging,4218
2026-03-30,2493,265000,Foreign_Investor,748090
2026-03-30,2493,0,Foreign_Dealer_Self,0
2026-03-30,2493,0,Investment_Trust,0
2026-03-30,2493,1000,Dealer_self,36000
2026-03-30,2493,10560,Dealer_Hedging,110598
2026-03-31,2493,348031,Foreign_Investor,253000
2026-03-31,2493,0,Foreign_Dealer_Self,0
2026-03-31,2493,0,Investment_Trust,0
2026-03-31,2493,2000,Dealer_self,1000
2026-03-31,2493,1000,Dealer_Hedging,20405
2026-04-01,2493,359676,Foreign_Investor,321000
2026-04-01,2493,0,Foreign_Dealer_Self,0
2026-04-01,2493,0,Investment_Trust,1000
2026-04-01,2493,7000,Dealer_self,0
2026-04-01,2493,15000,Dealer_Hedging,13747
2026-04-02,2493,156676,Foreign_Investor,381000
2026-04-02,2493,0,Foreign_Dealer_Self,0
2026-04-02,2493,0,Investment_Trust,2000
2026-04-02,2493,1000,Dealer_self,2000
2026-04-02,2493,1922,Dealer_Hedging,16759
2026-04-07,2493,226791,Foreign_Investor,169000
2026-04-07,2493,0,Foreign_Dealer_Self,0
2026-04-07,2493,0,Investment_Trust,0
2026-04-07,2493,0,Dealer_self,342
2026-04-07,2493,2408,Dealer_Hedging,4495
2026-04-08,2493,580000,Foreign_Investor,171000
2026-04-08,2493,0,Foreign_Dealer_Self,0
2026-04-08,2493,0,Investment_Trust,0
2026-04-08,2493,16823,Dealer_self,0
2026-04-08,2493,45143,Dealer_Hedging,248
2026-04-09,2493,726784,Foreign_Investor,659001
2026-04-09,2493,0,Foreign_Dealer_Self,0
2026-04-09,2493,0,Investment_Trust,11000
2026-04-09,2493,2028,Dealer_self,15000
2026-04-09,2493,69856,Dealer_Hedging,37537
2026-04-10,2493,511100,Foreign_Investor,554000
2026-04-10,2493,0,Foreign_Dealer_Self,0
2026-04-10,2493,0,Investment_Trust,2000
2026-04-10,2493,25004,Dealer_self,0
2026-04-10,2493,87004,Dealer_Hedging,12850
2026-04-13,2493,2051100,Foreign_Investor,1195000
2026-04-13,2493,0,Foreign_Dealer_Self,0
2026-04-13,2493,0,Investment_Trust,11000
2026-04-13,2493,62946,Dealer_self,28000
2026-04-13,2493,78705,Dealer_Hedging,76887
2026-04-14,2493,2962043,Foreign_Investor,1942000
2026-04-14,2493,0,Foreign_Dealer_Self,0
2026-04-14,2493,0,Investment_Trust,0
2026-04-14,2493,60561,Dealer_self,72833
2026-04-14,2493,84706,Dealer_Hedging,94015
2026-04-15,2493,1759000,Foreign_Investor,2536000
2026-04-15,2493,0,Foreign_Dealer_Self,0
2026-04-15,2493,0,Investment_Trust,2000
2026-04-15,2493,52592,Dealer_self,44000
2026-04-15,2493,257545,Dealer_Hedging,103136
2026-04-16,2493,1993010,Foreign_Investor,2695445
2026-04-16,2493,0,Foreign_Dealer_Self,0
2026-04-16,2493,0,Investment_Trust,6000
2026-04-16,2493,2363,Dealer_self,51990
2026-04-16,2493,26151,Dealer_Hedging,175973
2026-04-17,2493,1485224,Foreign_Investor,1443000
2026-04-17,2493,0,Foreign_Dealer_Self,0
2026-04-17,2493,0,Investment_Trust,11000
2026-04-17,2493,1000,Dealer_self,3000
2026-04-17,2493,43606,Dealer_Hedging,57932
2026-04-20,2493,1119119,Foreign_Investor,784110
2026-04-20,2493,0,Foreign_Dealer_Self,0
2026-04-20,2493,0,Investment_Trust,70000
2026-04-20,2493,5000,Dealer_self,0
2026-04-20,2493,30373,Dealer_Hedging,50678
2026-04-21,2493,1390596,Foreign_Investor,2081983
2026-04-21,2493,0,Foreign_Dealer_Self,0
2026-04-21,2493,0,Investment_Trust,69000
2026-04-21,2493,3000,Dealer_self,0
2026-04-21,2493,104593,Dealer_Hedging,74441
2026-04-22,2493,1166020,Foreign_Investor,1045000
2026-04-22,2493,0,Foreign_Dealer_Self,0
2026-04-22,2493,0,Investment_Trust,64000
2026-04-22,2493,1000,Dealer_self,651
2026-04-22,2493,69583,Dealer_Hedging,71751
2026-04-23,2493,1484000,Foreign_Investor,890000
2026-04-23,2493,0,Foreign_Dealer_Self,0
2026-04-23,2493,0,Investment_Trust,60000
2026-04-23,2493,2091,Dealer_self,3000
2026-04-23,2493,36431,Dealer_Hedging,120390
2026-04-24,2493,523211,Foreign_Investor,1846056
2026-04-24,2493,0,Foreign_Dealer_Self,0
2026-04-24,2493,239000,Investment_Trust,51000
2026-04-24,2493,4000,Dealer_self,5024
2026-04-24,2493,43448,Dealer_Hedging,43940
2026-04-27,2493,586543,Foreign_Investor,850000
2026-04-27,2493,0,Foreign_Dealer_Self,0
2026-04-27,2493,0,Investment_Trust,2000
2026-04-27,2493,0,Dealer_self,6797
2026-04-27,2493,77267,Dealer_Hedging,18098
2026-04-28,2493,452000,Foreign_Investor,799689
2026-04-28,2493,0,Foreign_Dealer_Self,0
2026-04-28,2493,0,Investment_Trust,0
2026-04-28,2493,0,Dealer_self,61
2026-04-28,2493,114157,Dealer_Hedging,30161
2026-04-29,2493,1039540,Foreign_Investor,894594
2026-04-29,2493,0,Foreign_Dealer_Self,0
2026-04-29,2493,0,Investment_Trust,0
2026-04-29,2493,2000,Dealer_self,1000
2026-04-29,2493,12385,Dealer_Hedging,53488
2026-04-30,2493,431000,Foreign_Investor,431000
2026-04-30,2493,0,Foreign_Dealer_Self,0
2026-04-30,2493,0,Investment_Trust,0
2026-04-30,2493,1000,Dealer_self,0
2026-04-30,2493,9782,Dealer_Hedging,17018
2026-05-04,2493,503000,Foreign_Investor,626000
2026-05-04,2493,0,Foreign_Dealer_Self,0
2026-05-04,2493,0,Investment_Trust,0
2026-05-04,2493,11000,Dealer_self,784
2026-05-04,2493,81187,Dealer_Hedging,11409
2026-05-05,2493,503000,Foreign_Investor,847888
2026-05-05,2493,0,Foreign_Dealer_Self,0
2026-05-05,2493,0,Investment_Trust,0
2026-05-05,2493,2000,Dealer_self,2036
2026-05-05,2493,112026,Dealer_Hedging,75221
2026-05-06,2493,1232052,Foreign_Investor,1896000
2026-05-06,2493,0,Foreign_Dealer_Self,0
2026-05-06,2493,1000,Investment_Trust,0
2026-05-06,2493,1001,Dealer_self,7325
2026-05-06,2493,200990,Dealer_Hedging,146874
2026-05-07,2493,1023837,Foreign_Investor,1901818
2026-05-07,2493,0,Foreign_Dealer_Self,0
2026-05-07,2493,2000,Investment_Trust,0
2026-05-07,2493,1000,Dealer_self,2000
2026-05-07,2493,41880,Dealer_Hedging,122567
2026-05-08,2493,660115,Foreign_Investor,1115090
2026-05-08,2493,0,Foreign_Dealer_Self,0
2026-05-08,2493,1000,Investment_Trust,0
2026-05-08,2493,2000,Dealer_self,2000
2026-05-08,2493,39900,Dealer_Hedging,124048
2026-05-11,2493,326647,Foreign_Investor,395710
2026-05-11,2493,0,Foreign_Dealer_Self,0
2026-05-11,2493,0,Investment_Trust,0
2026-05-11,2493,0,Dealer_self,957
2026-05-11,2493,14000,Dealer_Hedging,17323
2026-05-12,2493,481871,Foreign_Investor,287093
2026-05-12,2493,0,Foreign_Dealer_Self,0
2026-05-12,2493,0,Investment_Trust,0
2026-05-12,2493,9000,Dealer_self,2000
2026-05-12,2493,14000,Dealer_Hedging,28740
2026-05-13,2493,386300,Foreign_Investor,375039
2026-05-13,2493,0,Foreign_Dealer_Self,0
2026-05-13,2493,0,Investment_Trust,0
2026-05-13,2493,2000,Dealer_self,2000
2026-05-13,2493,19581,Dealer_Hedging,17981
2026-05-14,2493,558338,Foreign_Investor,800409
2026-05-14,2493,0,Foreign_Dealer_Self,0
2026-05-14,2493,0,Investment_Trust,0
2026-05-14,2493,1000,Dealer_self,2160
2026-05-14,2493,148514,Dealer_Hedging,8156
2026-05-15,2493,1512321,Foreign_Investor,1680199
2026-05-15,2493,0,Foreign_Dealer_Self,0
2026-05-15,2493,0,Investment_Trust,0
2026-05-15,2493,2000,Dealer_self,4000
2026-05-15,2493,50408,Dealer_Hedging,166749
2026-05-18,2493,807000,Foreign_Investor,706139
2026-05-18,2493,0,Foreign_Dealer_Self,0
2026-05-18,2493,0,Investment_Trust,0
2026-05-18,2493,1000,Dealer_self,2000
2026-05-18,2493,26592,Dealer_Hedging,23674
2026-05-19,2493,454638,Foreign_Investor,568000
2026-05-19,2493,0,Foreign_Dealer_Self,0
2026-05-19,2493,2000,Investment_Trust,0
2026-05-19,2493,2000,Dealer_self,0
2026-05-19,2493,52209,Dealer_Hedging,26275
2026-05-20,2493,370224,Foreign_Investor,436000
2026-05-20,2493,0,Foreign_Dealer_Self,0
2026-05-20,2493,0,Investment_Trust,0
2026-05-20,2493,1000,Dealer_self,1000
2026-05-20,2493,19221,Dealer_Hedging,35251
2026-05-21,2493,782432,Foreign_Investor,264000
2026-05-21,2493,0,Foreign_Dealer_Self,0
2026-05-21,2493,0,Investment_Trust,0
2026-05-21,2493,0,Dealer_self,1111
2026-05-21,2493,56671,Dealer_Hedging,12799
2026-05-22,2493,871461,Foreign_Investor,470449
2026-05-22,2493,0,Foreign_Dealer_Self,0
2026-05-22,2493,0,Investment_Trust,0
2026-05-22,2493,37000,Dealer_self,1000
2026-05-22,2493,82077,Dealer_Hedging,69003
2026-05-25,2493,2331084,Foreign_Investor,1351762
2026-05-25,2493,0,Foreign_Dealer_Self,0
2026-05-25,2493,5000,Investment_Trust,0
2026-05-25,2493,24000,Dealer_self,0
2026-05-25,2493,253449,Dealer_Hedging,68384
2026-05-26,2493,3542772,Foreign_Investor,2308368
2026-05-26,2493,0,Foreign_Dealer_Self,0
2026-05-26,2493,0,Investment_Trust,0
2026-05-26,2493,20000,Dealer_self,35000
2026-05-26,2493,213689,Dealer_Hedging,228565
2026-05-27,2493,2391055,Foreign_Investor,2681458
2026-05-27,2493,0,Foreign_Dealer_Self,0
2026-05-27,2493,0,Investment_Trust,0
2026-05-27,2493,3000,Dealer_self,16282
2026-05-27,2493,87185,Dealer_Hedging,168100
2026-05-28,2493,2510048,Foreign_Investor,2710454
2026-05-28,2493,0,Foreign_Dealer_Self,0
2026-05-28,2493,0,Investment_Trust,0
2026-05-28,2493,10000,Dealer_self,28000
2026-05-28,2493,114986,Dealer_Hedging,105823
2026-05-29,2493,598481,Foreign_Investor,2042132
2026-05-29,2493,0,Foreign_Dealer_Self,0
2026-05-29,2493,1000,Investment_Trust,0
2026-05-29,2493,1000,Dealer_self,7000
2026-05-29,2493,83864,Dealer_Hedging,63266
2026-06-01,2493,795628,Foreign_Investor,2047850
2026-06-01,2493,0,Foreign_Dealer_Self,0
2026-06-01,2493,411000,Investment_Trust,0
2026-06-01,2493,1000,Dealer_self,9000
2026-06-01,2493,17281,Dealer_Hedging,60113
2026-06-02,2493,761279,Foreign_Investor,864606
2026-06-02,2493,0,Foreign_Dealer_Self,0
2026-06-02,2493,0,Investment_Trust,0
2026-06-02,2493,0,Dealer_self,10000
2026-06-02,2493,22531,Dealer_Hedging,49603
2026-06-03,2493,1574270,Foreign_Investor,879352
2026-06-03,2493,0,Foreign_Dealer_Self,0
2026-06-03,2493,0,Investment_Trust,0
2026-06-03,2493,37544,Dealer_self,1000
2026-06-03,2493,164613,Dealer_Hedging,21266
2026-06-04,2493,3484550,Foreign_Investor,1557100
2026-06-04,2493,0,Foreign_Dealer_Self,0
2026-06-04,2493,25000,Investment_Trust,0
2026-06-04,2493,67975,Dealer_self,42000
2026-06-04,2493,68590,Dealer_Hedging,120989
2026-06-05,2493,5634000,Foreign_Investor,4875489
2026-06-05,2493,0,Foreign_Dealer_Self,0
2026-06-05,2493,25000,Investment_Trust,0
2026-06-05,2493,32000,Dealer_self,70000
2026-06-05,2493,71208,Dealer_Hedging,120126
2026-06-08,2493,1318000,Foreign_Investor,1578080
2026-06-08,2493,0,Foreign_Dealer_Self,0
2026-06-08,2493,10000,Investment_Trust,0
2026-06-08,2493,2000,Dealer_self,29918
2026-06-08,2493,37424,Dealer_Hedging,98331
2026-06-09,2493,1595107,Foreign_Investor,2231238
2026-06-09,2493,0,Foreign_Dealer_Self,0
2026-06-09,2493,5000,Investment_Trust,0
2026-06-09,2493,0,Dealer_self,6797
2026-06-09,2493,191183,Dealer_Hedging,142105
2026-06-10,2493,0,Foreign_Dealer_Self,0
2026-06-10,2493,4835141,Foreign_Investor,2357367
2026-06-10,2493,0,Investment_Trust,2000
2026-06-10,2493,41977,Dealer_self,11000
2026-06-10,2493,100127,Dealer_Hedging,112150
2026-06-11,2493,4346190,Foreign_Investor,5007603
2026-06-11,2493,0,Foreign_Dealer_Self,0
2026-06-11,2493,103000,Investment_Trust,0
2026-06-11,2493,35000,Dealer_self,37306
2026-06-11,2493,138995,Dealer_Hedging,69431
2026-06-12,2493,0,Foreign_Dealer_Self,0
2026-06-12,2493,0,Investment_Trust,0
2026-06-12,2493,5000,Foreign_Investor,186000
2026-06-12,2493,115920,Dealer_self,1000
2026-06-12,2493,4999,Dealer_Hedging,0
2026-06-15,2493,0,Foreign_Investor,13000
2026-06-15,2493,0,Foreign_Dealer_Self,0
2026-06-15,2493,0,Investment_Trust,0
2026-06-15,2493,76153,Dealer_self,0
2026-06-15,2493,0,Dealer_Hedging,0
2026-06-16,2493,0,Foreign_Dealer_Self,0
2026-06-16,2493,0,Investment_Trust,0
2026-06-16,2493,1764000,Foreign_Investor,614000
2026-06-16,2493,136139,Dealer_self,213000
2026-06-16,2493,76487,Dealer_Hedging,62673
2026-06-17,2493,0,Foreign_Dealer_Self,0
2026-06-17,2493,0,Investment_Trust,0
2026-06-17,2493,4098150,Foreign_Investor,3303170
2026-06-17,2493,20000,Dealer_self,90208
2026-06-17,2493,168299,Dealer_Hedging,198173
2026-06-18,2493,0,Foreign_Dealer_Self,0
2026-06-18,2493,0,Investment_Trust,0
2026-06-18,2493,385093,Foreign_Investor,639000
2026-06-18,2493,5000,Dealer_self,1000
2026-06-18,2493,129868,Dealer_Hedging,41000
2026-06-19,2493,0,Foreign_Dealer_Self,0
2026-06-19,2493,0,Investment_Trust,0
2026-06-19,2493,0,Foreign_Investor,9000
2026-06-19,2493,0,Dealer_self,0
2026-06-19,2493,0,Dealer_Hedging,0
2026-06-22,2493,367431,Foreign_Investor,528000
2026-06-22,2493,0,Foreign_Dealer_Self,0
2026-06-22,2493,0,Investment_Trust,0
2026-06-22,2493,5000,Dealer_self,15000
2026-06-22,2493,7000,Dealer_Hedging,64110
2026-06-23,2493,339000,Foreign_Investor,138200
2026-06-23,2493,0,Foreign_Dealer_Self,0
2026-06-23,2493,0,Investment_Trust,0
2026-06-23,2493,8000,Dealer_self,4000
2026-06-23,2493,94455,Dealer_Hedging,42359
2026-06-24,2493,383049,Foreign_Investor,185080
2026-06-24,2493,0,Foreign_Dealer_Self,0
2026-06-24,2493,0,Investment_Trust,0
2026-06-24,2493,4000,Dealer_self,12000
2026-06-24,2493,9000,Dealer_Hedging,42814
2026-06-25,2493,0,Foreign_Dealer_Self,0
2026-06-25,2493,0,Investment_Trust,0
2026-06-25,2493,419000,Foreign_Investor,15011
2026-06-25,2493,5000,Dealer_self,4000
2026-06-25,2493,51926,Dealer_Hedging,9000
2026-06-26,2493,0,Foreign_Dealer_Self,0
2026-06-26,2493,0,Investment_Trust,0
2026-06-26,2493,273046,Foreign_Investor,61949
2026-06-26,2493,0,Dealer_self,11000
2026-06-26,2493,5199,Dealer_Hedging,95001
2026-06-29,2493,141382,Foreign_Investor,44140
2026-06-29,2493,0,Foreign_Dealer_Self,0
2026-06-29,2493,0,Investment_Trust,0
2026-06-29,2493,0,Dealer_self,9000
2026-06-29,2493,1000,Dealer_Hedging,25103
