date,stock_id,buy,name,sell
2024-04-30,2637,2110000,Foreign_Investor,1525000
2024-04-30,2637,0,Foreign_Dealer_Self,0
2024-04-30,2637,0,Investment_Trust,0
2024-04-30,2637,14311,Dealer_self,8577
2024-04-30,2637,35000,Dealer_Hedging,166000
2024-05-02,2637,1872266,Foreign_Investor,1033001
2024-05-02,2637,0,Foreign_Dealer_Self,0
2024-05-02,2637,116000,Investment_Trust,3000
2024-05-02,2637,31000,Dealer_self,2641
2024-05-02,2637,29000,Dealer_Hedging,158739
2024-05-03,2637,2498000,Foreign_Investor,1086000
2024-05-03,2637,0,Foreign_Dealer_Self,0
2024-05-03,2637,0,Investment_Trust,11000
2024-05-03,2637,329,Dealer_self,6087
2024-05-03,2637,207785,Dealer_Hedging,41026
2024-05-06,2637,2078000,Foreign_Investor,1620250
2024-05-06,2637,0,Foreign_Dealer_Self,0
2024-05-06,2637,6000,Investment_Trust,328000
2024-05-06,2637,69,Dealer_self,14
2024-05-06,2637,125074,Dealer_Hedging,138000
2024-05-07,2637,7533000,Foreign_Investor,3613000
2024-05-07,2637,0,Foreign_Dealer_Self,0
2024-05-07,2637,240000,Investment_Trust,24000
2024-05-07,2637,46256,Dealer_self,60000
2024-05-07,2637,895255,Dealer_Hedging,91488
2024-05-08,2637,6447000,Foreign_Investor,11841266
2024-05-08,2637,0,Foreign_Dealer_Self,0
2024-05-08,2637,195000,Investment_Trust,68000
2024-05-08,2637,152000,Dealer_self,111554
2024-05-08,2637,641000,Dealer_Hedging,1294381
2024-05-09,2637,5493000,Foreign_Investor,4357300
2024-05-09,2637,0,Foreign_Dealer_Self,0
2024-05-09,2637,0,Investment_Trust,32000
2024-05-09,2637,74795,Dealer_self,96486
2024-05-09,2637,132000,Dealer_Hedging,178000
2024-05-10,2637,6340600,Foreign_Investor,7132000
2024-05-10,2637,0,Foreign_Dealer_Self,0
2024-05-10,2637,2626000,Investment_Trust,21000
2024-05-10,2637,140615,Dealer_self,2317
2024-05-10,2637,652030,Dealer_Hedging,164000
2024-05-13,2637,8313000,Foreign_Investor,8893010
2024-05-13,2637,0,Foreign_Dealer_Self,0
2024-05-13,2637,302000,Investment_Trust,16000
2024-05-13,2637,111351,Dealer_self,171022
2024-05-13,2637,916000,Dealer_Hedging,559849
2024-05-14,2637,8381447,Foreign_Investor,5574000
2024-05-14,2637,0,Foreign_Dealer_Self,0
2024-05-14,2637,0,Investment_Trust,59000
2024-05-14,2637,76710,Dealer_self,129877
2024-05-14,2637,120696,Dealer_Hedging,409805
2024-05-15,2637,4995818,Foreign_Investor,2782000
2024-05-15,2637,0,Foreign_Dealer_Self,0
2024-05-15,2637,0,Investment_Trust,44000
2024-05-15,2637,56123,Dealer_self,123312
2024-05-15,2637,26000,Dealer_Hedging,611740
2024-05-16,2637,7543500,Foreign_Investor,1532000
2024-05-16,2637,0,Foreign_Dealer_Self,0
2024-05-16,2637,0,Investment_Trust,78000
2024-05-16,2637,63295,Dealer_self,61000
2024-05-16,2637,1099816,Dealer_Hedging,97000
2024-05-17,2637,2774500,Foreign_Investor,6383000
2024-05-17,2637,0,Foreign_Dealer_Self,0
2024-05-17,2637,239000,Investment_Trust,27000
2024-05-17,2637,53144,Dealer_self,206295
2024-05-17,2637,34000,Dealer_Hedging,975353
2024-05-20,2637,3225510,Foreign_Investor,2774019
2024-05-20,2637,0,Foreign_Dealer_Self,0
2024-05-20,2637,250000,Investment_Trust,204000
2024-05-20,2637,35000,Dealer_self,51232
2024-05-20,2637,10000,Dealer_Hedging,171399
2024-05-21,2637,2123000,Foreign_Investor,2359715
2024-05-21,2637,0,Foreign_Dealer_Self,0
2024-05-21,2637,285000,Investment_Trust,14000
2024-05-21,2637,2000,Dealer_self,8044
2024-05-21,2637,4000,Dealer_Hedging,140000
2024-05-22,2637,4630500,Foreign_Investor,1285000
2024-05-22,2637,0,Foreign_Dealer_Self,0
2024-05-22,2637,15000,Investment_Trust,29000
2024-05-22,2637,1078,Dealer_self,24000
2024-05-22,2637,579034,Dealer_Hedging,36000
2024-05-23,2637,2749020,Foreign_Investor,2374000
2024-05-23,2637,0,Foreign_Dealer_Self,0
2024-05-23,2637,0,Investment_Trust,40000
2024-05-23,2637,18000,Dealer_self,14340
2024-05-23,2637,69000,Dealer_Hedging,423231
2024-05-24,2637,686000,Foreign_Investor,1633000
2024-05-24,2637,0,Foreign_Dealer_Self,0
2024-05-24,2637,46000,Investment_Trust,34000
2024-05-24,2637,15000,Dealer_self,1004
2024-05-24,2637,39193,Dealer_Hedging,41000
2024-05-27,2637,2172000,Foreign_Investor,720100
2024-05-27,2637,0,Foreign_Dealer_Self,0
2024-05-27,2637,6000,Investment_Trust,55000
2024-05-27,2637,4000,Dealer_self,14000
2024-05-27,2637,539147,Dealer_Hedging,42000
2024-05-28,2637,2970400,Foreign_Investor,2408020
2024-05-28,2637,0,Foreign_Dealer_Self,0
2024-05-28,2637,10000,Investment_Trust,14000
2024-05-28,2637,22829,Dealer_self,3581
2024-05-28,2637,561237,Dealer_Hedging,144000
2024-05-29,2637,5692550,Foreign_Investor,2067400
2024-05-29,2637,0,Foreign_Dealer_Self,0
2024-05-29,2637,36000,Investment_Trust,11000
2024-05-29,2637,31302,Dealer_self,36048
2024-05-29,2637,410619,Dealer_Hedging,207330
2024-05-30,2637,2658000,Foreign_Investor,2588400
2024-05-30,2637,0,Foreign_Dealer_Self,0
2024-05-30,2637,35000,Investment_Trust,12000
2024-05-30,2637,8784,Dealer_self,20000
2024-05-30,2637,72000,Dealer_Hedging,330000
2024-05-31,2637,3912000,Foreign_Investor,4264000
2024-05-31,2637,0,Foreign_Dealer_Self,0
2024-05-31,2637,3417000,Investment_Trust,11000
2024-05-31,2637,1225,Dealer_self,2000
2024-05-31,2637,327068,Dealer_Hedging,172000
2024-06-03,2637,969000,Foreign_Investor,2603000
2024-06-03,2637,0,Foreign_Dealer_Self,0
2024-06-03,2637,711000,Investment_Trust,0
2024-06-03,2637,97000,Dealer_self,49347
2024-06-03,2637,28000,Dealer_Hedging,518000
2024-06-04,2637,3090000,Foreign_Investor,2309000
2024-06-04,2637,0,Foreign_Dealer_Self,0
2024-06-04,2637,0,Investment_Trust,39000
2024-06-04,2637,11018,Dealer_self,11472
2024-06-04,2637,54000,Dealer_Hedging,339814
2024-06-05,2637,2160000,Foreign_Investor,1645010
2024-06-05,2637,0,Foreign_Dealer_Self,0
2024-06-05,2637,0,Investment_Trust,128000
2024-06-05,2637,21747,Dealer_self,16527
2024-06-05,2637,349000,Dealer_Hedging,37000
2024-06-06,2637,5446000,Foreign_Investor,4134000
2024-06-06,2637,0,Foreign_Dealer_Self,0
2024-06-06,2637,2000,Investment_Trust,31000
2024-06-06,2637,12185,Dealer_self,17026
2024-06-06,2637,317800,Dealer_Hedging,218070
2024-06-07,2637,1993900,Foreign_Investor,2104880
2024-06-07,2637,0,Foreign_Dealer_Self,0
2024-06-07,2637,0,Investment_Trust,67000
2024-06-07,2637,16052,Dealer_self,6660
2024-06-07,2637,65000,Dealer_Hedging,91722
2024-06-11,2637,3946100,Foreign_Investor,4589000
2024-06-11,2637,0,Foreign_Dealer_Self,0
2024-06-11,2637,0,Investment_Trust,13000
2024-06-11,2637,45000,Dealer_self,122326
2024-06-11,2637,82000,Dealer_Hedging,1078528
2024-06-12,2637,6051515,Foreign_Investor,2902505
2024-06-12,2637,0,Foreign_Dealer_Self,0
2024-06-12,2637,1000,Investment_Trust,4572000
2024-06-12,2637,18000,Dealer_self,32227
2024-06-12,2637,136000,Dealer_Hedging,793259
2024-06-13,2637,4906000,Foreign_Investor,3333000
2024-06-13,2637,0,Foreign_Dealer_Self,0
2024-06-13,2637,20500,Investment_Trust,4369000
2024-06-13,2637,16250,Dealer_self,19697
2024-06-13,2637,60530,Dealer_Hedging,334893
2024-06-14,2637,1968600,Foreign_Investor,1631000
2024-06-14,2637,0,Foreign_Dealer_Self,0
2024-06-14,2637,0,Investment_Trust,12000
2024-06-14,2637,1235,Dealer_self,47508
2024-06-14,2637,113367,Dealer_Hedging,39000
2024-06-17,2637,1826000,Foreign_Investor,2253000
2024-06-17,2637,0,Foreign_Dealer_Self,0
2024-06-17,2637,0,Investment_Trust,2241000
2024-06-17,2637,14000,Dealer_self,23851
2024-06-17,2637,12000,Dealer_Hedging,101180
2024-06-18,2637,727000,Foreign_Investor,862000
2024-06-18,2637,0,Foreign_Dealer_Self,0
2024-06-18,2637,3000,Investment_Trust,20000
2024-06-18,2637,14000,Dealer_self,28552
2024-06-18,2637,0,Dealer_Hedging,22059
2024-06-19,2637,1114250,Foreign_Investor,1083000
2024-06-19,2637,0,Foreign_Dealer_Self,0
2024-06-19,2637,99000,Investment_Trust,0
2024-06-19,2637,54000,Dealer_self,6166
2024-06-19,2637,115000,Dealer_Hedging,7000
2024-06-20,2637,738000,Foreign_Investor,408000
2024-06-20,2637,0,Foreign_Dealer_Self,0
2024-06-20,2637,1000,Investment_Trust,0
2024-06-20,2637,26395,Dealer_self,0
2024-06-20,2637,169000,Dealer_Hedging,52000
2024-06-21,2637,2166400,Foreign_Investor,2288000
2024-06-21,2637,0,Foreign_Dealer_Self,0
2024-06-21,2637,199000,Investment_Trust,11000
2024-06-21,2637,29000,Dealer_self,8915
2024-06-21,2637,56000,Dealer_Hedging,126000
2024-06-24,2637,439000,Foreign_Investor,1301000
2024-06-24,2637,0,Foreign_Dealer_Self,0
2024-06-24,2637,10000,Investment_Trust,23000
2024-06-24,2637,3000,Dealer_self,6142
2024-06-24,2637,42000,Dealer_Hedging,52359
2024-06-25,2637,2976000,Foreign_Investor,2522000
2024-06-25,2637,0,Foreign_Dealer_Self,0
2024-06-25,2637,189000,Investment_Trust,11000
2024-06-25,2637,2000,Dealer_self,368
2024-06-25,2637,120000,Dealer_Hedging,23000
2024-06-26,2637,1325000,Foreign_Investor,2020423
2024-06-26,2637,0,Foreign_Dealer_Self,0
2024-06-26,2637,89000,Investment_Trust,3000
2024-06-26,2637,14456,Dealer_self,4938
2024-06-26,2637,24000,Dealer_Hedging,67000
2024-06-27,2637,2532025,Foreign_Investor,1335000
2024-06-27,2637,0,Foreign_Dealer_Self,0
2024-06-27,2637,45000,Investment_Trust,1065000
2024-06-27,2637,7611,Dealer_self,59000
2024-06-27,2637,1073000,Dealer_Hedging,201000
2024-06-28,2637,2485000,Foreign_Investor,2415000
2024-06-28,2637,0,Foreign_Dealer_Self,0
2024-06-28,2637,3000,Investment_Trust,521000
2024-06-28,2637,35000,Dealer_self,19425
2024-06-28,2637,128000,Dealer_Hedging,559000
2024-07-01,2637,2584000,Foreign_Investor,1816369
2024-07-01,2637,0,Foreign_Dealer_Self,0
2024-07-01,2637,134000,Investment_Trust,86000
2024-07-01,2637,32000,Dealer_self,10813
2024-07-01,2637,63000,Dealer_Hedging,360407
2024-07-02,2637,5019000,Foreign_Investor,3033457
2024-07-02,2637,0,Foreign_Dealer_Self,0
2024-07-02,2637,1332000,Investment_Trust,75000
2024-07-02,2637,213000,Dealer_self,202964
2024-07-02,2637,564384,Dealer_Hedging,250000
2024-07-03,2637,3537712,Foreign_Investor,1833000
2024-07-03,2637,0,Foreign_Dealer_Self,0
2024-07-03,2637,1042000,Investment_Trust,25000
2024-07-03,2637,40097,Dealer_self,5000
2024-07-03,2637,402385,Dealer_Hedging,180000
2024-07-04,2637,921000,Foreign_Investor,1862000
2024-07-04,2637,0,Foreign_Dealer_Self,0
2024-07-04,2637,711000,Investment_Trust,13000
2024-07-04,2637,25481,Dealer_self,4000
2024-07-04,2637,60000,Dealer_Hedging,393881
2024-07-05,2637,263098,Foreign_Investor,1693000
2024-07-05,2637,0,Foreign_Dealer_Self,0
2024-07-05,2637,191000,Investment_Trust,61000
2024-07-05,2637,4093,Dealer_self,1285
2024-07-05,2637,30000,Dealer_Hedging,298261
2024-07-08,2637,2344000,Foreign_Investor,1605000
2024-07-08,2637,0,Foreign_Dealer_Self,0
2024-07-08,2637,363000,Investment_Trust,1314000
2024-07-08,2637,16000,Dealer_self,14619
2024-07-08,2637,46396,Dealer_Hedging,366716
2024-07-09,2637,2174000,Foreign_Investor,1487000
2024-07-09,2637,0,Foreign_Dealer_Self,0
2024-07-09,2637,347000,Investment_Trust,292000
2024-07-09,2637,5000,Dealer_self,11611
2024-07-09,2637,45000,Dealer_Hedging,38000
2024-07-10,2637,2212000,Foreign_Investor,1902000
2024-07-10,2637,0,Foreign_Dealer_Self,0
2024-07-10,2637,372000,Investment_Trust,1846000
2024-07-10,2637,15000,Dealer_self,21021
2024-07-10,2637,39000,Dealer_Hedging,90000
2024-07-11,2637,1913000,Foreign_Investor,1464000
2024-07-11,2637,0,Foreign_Dealer_Self,0
2024-07-11,2637,426000,Investment_Trust,478000
2024-07-11,2637,2000,Dealer_self,31413
2024-07-11,2637,52000,Dealer_Hedging,54696
2024-07-12,2637,874000,Foreign_Investor,1783000
2024-07-12,2637,0,Foreign_Dealer_Self,0
2024-07-12,2637,931000,Investment_Trust,33000
2024-07-12,2637,22050,Dealer_self,26200
2024-07-12,2637,84000,Dealer_Hedging,76000
2024-07-15,2637,1160000,Foreign_Investor,1247000
2024-07-15,2637,0,Foreign_Dealer_Self,0
2024-07-15,2637,709000,Investment_Trust,248000
2024-07-15,2637,31000,Dealer_self,28959
2024-07-15,2637,146000,Dealer_Hedging,97000
2024-07-16,2637,5516902,Foreign_Investor,950010
2024-07-16,2637,0,Foreign_Dealer_Self,0
2024-07-16,2637,279000,Investment_Trust,1820000
2024-07-16,2637,56384,Dealer_self,7000
2024-07-16,2637,282518,Dealer_Hedging,51020
2024-07-17,2637,3494000,Foreign_Investor,1281000
2024-07-17,2637,0,Foreign_Dealer_Self,0
2024-07-17,2637,33000,Investment_Trust,1288000
2024-07-17,2637,11000,Dealer_self,32000
2024-07-17,2637,47000,Dealer_Hedging,102000
2024-07-18,2637,0,Foreign_Dealer_Self,0
2024-07-18,2637,138000,Investment_Trust,1260000
2024-07-18,2637,11662,Dealer_self,39000
2024-07-18,2637,136000,Dealer_Hedging,175000
2024-07-18,2637,3792430,Foreign_Investor,2315430
2024-07-19,2637,2754000,Foreign_Investor,1877000
2024-07-19,2637,0,Foreign_Dealer_Self,0
2024-07-19,2637,189000,Investment_Trust,1148000
2024-07-19,2637,7427,Dealer_self,0
2024-07-19,2637,1000,Dealer_Hedging,258000
2024-07-22,2637,0,Foreign_Dealer_Self,0
2024-07-22,2637,377000,Investment_Trust,1112000
2024-07-22,2637,119000,Dealer_self,48804
2024-07-22,2637,49000,Dealer_Hedging,257460
2024-07-22,2637,2118000,Foreign_Investor,1273000
2024-07-23,2637,3796000,Foreign_Investor,1003000
2024-07-23,2637,0,Foreign_Dealer_Self,0
2024-07-23,2637,5000,Investment_Trust,53000
2024-07-23,2637,5592,Dealer_self,8890
2024-07-23,2637,541867,Dealer_Hedging,54000
2024-07-26,2637,1564262,Foreign_Investor,1773000
2024-07-26,2637,0,Foreign_Dealer_Self,0
2024-07-26,2637,335000,Investment_Trust,0
2024-07-26,2637,38218,Dealer_self,118000
2024-07-26,2637,34000,Dealer_Hedging,263283
2024-07-29,2637,1398000,Foreign_Investor,717000
2024-07-29,2637,0,Foreign_Dealer_Self,0
2024-07-29,2637,133000,Investment_Trust,0
2024-07-29,2637,31986,Dealer_self,5000
2024-07-29,2637,60000,Dealer_Hedging,70000
2024-07-30,2637,1505500,Foreign_Investor,793000
2024-07-30,2637,0,Foreign_Dealer_Self,0
2024-07-30,2637,203000,Investment_Trust,0
2024-07-30,2637,10051,Dealer_self,3000
2024-07-30,2637,60035,Dealer_Hedging,62000
2024-07-31,2637,2449000,Foreign_Investor,1003000
2024-07-31,2637,0,Foreign_Dealer_Self,0
2024-07-31,2637,367000,Investment_Trust,0
2024-07-31,2637,1186,Dealer_self,1000
2024-07-31,2637,187756,Dealer_Hedging,88000
2024-08-01,2637,1797000,Foreign_Investor,917000
2024-08-01,2637,0,Foreign_Dealer_Self,0
2024-08-01,2637,50000,Investment_Trust,0
2024-08-01,2637,8000,Dealer_self,7000
2024-08-01,2637,39000,Dealer_Hedging,89000
2024-08-02,2637,994000,Foreign_Investor,925000
2024-08-02,2637,0,Foreign_Dealer_Self,0
2024-08-02,2637,30000,Investment_Trust,0
2024-08-02,2637,15000,Dealer_self,62060
2024-08-02,2637,23000,Dealer_Hedging,138961
2024-08-05,2637,1097000,Foreign_Investor,1716500
2024-08-05,2637,0,Foreign_Dealer_Self,0
2024-08-05,2637,7000,Investment_Trust,0
2024-08-05,2637,5206,Dealer_self,70462
2024-08-05,2637,68000,Dealer_Hedging,357080
2024-08-06,2637,1684597,Foreign_Investor,2573873
2024-08-06,2637,0,Foreign_Dealer_Self,0
2024-08-06,2637,18000,Investment_Trust,0
2024-08-06,2637,20235,Dealer_self,17774
2024-08-06,2637,174001,Dealer_Hedging,148041
2024-08-07,2637,2026150,Foreign_Investor,711000
2024-08-07,2637,0,Foreign_Dealer_Self,0
2024-08-07,2637,25000,Investment_Trust,30000
2024-08-07,2637,5931,Dealer_self,9000
2024-08-07,2637,316044,Dealer_Hedging,39000
2024-08-08,2637,1854150,Foreign_Investor,1501000
2024-08-08,2637,0,Foreign_Dealer_Self,0
2024-08-08,2637,0,Investment_Trust,0
2024-08-08,2637,560,Dealer_self,21015
2024-08-08,2637,45000,Dealer_Hedging,214514
2024-08-09,2637,2510200,Foreign_Investor,1937359
2024-08-09,2637,0,Foreign_Dealer_Self,0
2024-08-09,2637,0,Investment_Trust,14000
2024-08-09,2637,3,Dealer_self,54180
2024-08-09,2637,96408,Dealer_Hedging,71130
2024-08-12,2637,787010,Foreign_Investor,460169
2024-08-12,2637,0,Foreign_Dealer_Self,0
2024-08-12,2637,7000,Investment_Trust,0
2024-08-12,2637,0,Dealer_self,8455
2024-08-12,2637,46400,Dealer_Hedging,77000
2024-08-13,2637,828000,Foreign_Investor,987000
2024-08-13,2637,0,Foreign_Dealer_Self,0
2024-08-13,2637,1000,Investment_Trust,16000
2024-08-13,2637,4000,Dealer_self,15364
2024-08-13,2637,57000,Dealer_Hedging,57292
2024-08-14,2637,1683000,Foreign_Investor,507000
2024-08-14,2637,0,Foreign_Dealer_Self,0
2024-08-14,2637,0,Investment_Trust,36000
2024-08-14,2637,200,Dealer_self,11001
2024-08-14,2637,38898,Dealer_Hedging,2000
2024-08-15,2637,934000,Foreign_Investor,1115000
2024-08-15,2637,0,Foreign_Dealer_Self,0
2024-08-15,2637,0,Investment_Trust,0
2024-08-15,2637,0,Dealer_self,38049
2024-08-15,2637,17000,Dealer_Hedging,55776
2024-08-16,2637,1005000,Foreign_Investor,528000
2024-08-16,2637,0,Foreign_Dealer_Self,0
2024-08-16,2637,0,Investment_Trust,302000
2024-08-16,2637,7000,Dealer_self,2554
2024-08-16,2637,50000,Dealer_Hedging,32104
2024-08-19,2637,382000,Foreign_Investor,250000
2024-08-19,2637,0,Foreign_Dealer_Self,0
2024-08-19,2637,0,Investment_Trust,93000
2024-08-19,2637,0,Dealer_self,9000
2024-08-19,2637,0,Dealer_Hedging,66610
2024-08-20,2637,469000,Foreign_Investor,760000
2024-08-20,2637,0,Foreign_Dealer_Self,0
2024-08-20,2637,0,Investment_Trust,59000
2024-08-20,2637,0,Dealer_self,9408
2024-08-20,2637,7000,Dealer_Hedging,12442
2024-08-21,2637,748000,Foreign_Investor,576349
2024-08-21,2637,0,Foreign_Dealer_Self,0
2024-08-21,2637,1000,Investment_Trust,17000
2024-08-21,2637,1000,Dealer_self,268
2024-08-21,2637,10000,Dealer_Hedging,22101
2024-08-22,2637,431000,Foreign_Investor,685000
2024-08-22,2637,0,Foreign_Dealer_Self,0
2024-08-22,2637,0,Investment_Trust,31000
2024-08-22,2637,0,Dealer_self,14000
2024-08-22,2637,9000,Dealer_Hedging,5000
2024-08-23,2637,320000,Foreign_Investor,692000
2024-08-23,2637,0,Foreign_Dealer_Self,0
2024-08-23,2637,0,Investment_Trust,2000
2024-08-23,2637,0,Dealer_self,17000
2024-08-23,2637,6000,Dealer_Hedging,19000
2024-08-26,2637,6049000,Foreign_Investor,969000
2024-08-26,2637,0,Foreign_Dealer_Self,0
2024-08-26,2637,20000,Investment_Trust,15000
2024-08-26,2637,18798,Dealer_self,6000
2024-08-26,2637,300279,Dealer_Hedging,20000
2024-08-27,2637,850000,Foreign_Investor,2548000
2024-08-27,2637,0,Foreign_Dealer_Self,0
2024-08-27,2637,0,Investment_Trust,10000
2024-08-27,2637,194,Dealer_self,20642
2024-08-27,2637,42000,Dealer_Hedging,131000
2024-08-28,2637,467000,Foreign_Investor,851000
2024-08-28,2637,0,Foreign_Dealer_Self,0
2024-08-28,2637,0,Investment_Trust,0
2024-08-28,2637,0,Dealer_self,160
2024-08-28,2637,22000,Dealer_Hedging,35000
2024-08-29,2637,335000,Foreign_Investor,801000
2024-08-29,2637,0,Foreign_Dealer_Self,0
2024-08-29,2637,0,Investment_Trust,69000
2024-08-29,2637,4000,Dealer_self,5316
2024-08-29,2637,10000,Dealer_Hedging,35283
2024-08-30,2637,701062,Foreign_Investor,977000
2024-08-30,2637,0,Foreign_Dealer_Self,0
2024-08-30,2637,1000,Investment_Trust,33000
2024-08-30,2637,29000,Dealer_self,5222
2024-08-30,2637,12000,Dealer_Hedging,3000
2024-09-02,2637,571000,Foreign_Investor,645000
2024-09-02,2637,0,Foreign_Dealer_Self,0
2024-09-02,2637,0,Investment_Trust,12000
2024-09-02,2637,17000,Dealer_self,11060
2024-09-02,2637,4000,Dealer_Hedging,30634
2024-09-03,2637,225000,Foreign_Investor,688000
2024-09-03,2637,0,Foreign_Dealer_Self,0
2024-09-03,2637,0,Investment_Trust,65000
2024-09-03,2637,0,Dealer_self,12326
2024-09-03,2637,13000,Dealer_Hedging,17845
2024-09-04,2637,1273000,Foreign_Investor,2711000
2024-09-04,2637,0,Foreign_Dealer_Self,0
2024-09-04,2637,0,Investment_Trust,29000
2024-09-04,2637,16000,Dealer_self,118393
2024-09-04,2637,9000,Dealer_Hedging,260769
2024-09-05,2637,2047010,Foreign_Investor,1680457
2024-09-05,2637,0,Foreign_Dealer_Self,0
2024-09-05,2637,0,Investment_Trust,96000
2024-09-05,2637,248,Dealer_self,34132
2024-09-05,2637,216000,Dealer_Hedging,60093
2024-09-06,2637,1255000,Foreign_Investor,1590078
2024-09-06,2637,0,Foreign_Dealer_Self,0
2024-09-06,2637,0,Investment_Trust,30000
2024-09-06,2637,0,Dealer_self,23276
2024-09-06,2637,4000,Dealer_Hedging,121352
2024-09-09,2637,1289000,Foreign_Investor,1600000
2024-09-09,2637,0,Foreign_Dealer_Self,0
2024-09-09,2637,2000,Investment_Trust,0
2024-09-09,2637,2265,Dealer_self,21261
2024-09-09,2637,26600,Dealer_Hedging,16048
2024-09-10,2637,1825000,Foreign_Investor,1620000
2024-09-10,2637,0,Foreign_Dealer_Self,0
2024-09-10,2637,0,Investment_Trust,25000
2024-09-10,2637,7107,Dealer_self,5207
2024-09-10,2637,20000,Dealer_Hedging,26858
2024-09-11,2637,1793119,Foreign_Investor,1131000
2024-09-11,2637,0,Foreign_Dealer_Self,0
2024-09-11,2637,0,Investment_Trust,697000
2024-09-11,2637,64000,Dealer_self,6000
2024-09-11,2637,10531,Dealer_Hedging,10000
2024-09-12,2637,1293088,Foreign_Investor,864000
2024-09-12,2637,0,Foreign_Dealer_Self,0
2024-09-12,2637,0,Investment_Trust,873000
2024-09-12,2637,22000,Dealer_self,0
2024-09-12,2637,8000,Dealer_Hedging,6696
2024-09-13,2637,1673119,Foreign_Investor,648000
2024-09-13,2637,0,Foreign_Dealer_Self,0
2024-09-13,2637,30000,Investment_Trust,1181000
2024-09-13,2637,0,Dealer_self,378
2024-09-13,2637,27239,Dealer_Hedging,2000
2024-09-16,2637,1124000,Foreign_Investor,450000
2024-09-16,2637,0,Foreign_Dealer_Self,0
2024-09-16,2637,0,Investment_Trust,514000
2024-09-16,2637,0,Dealer_self,0
2024-09-16,2637,23000,Dealer_Hedging,36703
2024-09-18,2637,1690532,Foreign_Investor,339400
2024-09-18,2637,0,Foreign_Dealer_Self,0
2024-09-18,2637,113000,Investment_Trust,1490000
2024-09-18,2637,1000,Dealer_self,747
2024-09-18,2637,15000,Dealer_Hedging,21210
2024-09-19,2637,2430000,Foreign_Investor,614000
2024-09-19,2637,0,Foreign_Dealer_Self,0
2024-09-19,2637,0,Investment_Trust,1007000
2024-09-19,2637,21000,Dealer_self,6097
2024-09-19,2637,37000,Dealer_Hedging,8000
2024-09-20,2637,2353000,Foreign_Investor,835000
2024-09-20,2637,0,Foreign_Dealer_Self,0
2024-09-20,2637,0,Investment_Trust,1003000
2024-09-20,2637,4000,Dealer_self,0
2024-09-20,2637,46096,Dealer_Hedging,3000
2024-09-23,2637,1393000,Foreign_Investor,469000
2024-09-23,2637,0,Foreign_Dealer_Self,0
2024-09-23,2637,0,Investment_Trust,587000
2024-09-23,2637,24000,Dealer_self,0
2024-09-23,2637,46949,Dealer_Hedging,1000
2024-09-24,2637,4131000,Foreign_Investor,1604010
2024-09-24,2637,0,Foreign_Dealer_Self,0
2024-09-24,2637,701000,Investment_Trust,1451000
2024-09-24,2637,5055,Dealer_self,10000
2024-09-24,2637,539749,Dealer_Hedging,38000
2024-09-25,2637,3233000,Foreign_Investor,1363868
2024-09-25,2637,0,Foreign_Dealer_Self,0
2024-09-25,2637,565000,Investment_Trust,39000
2024-09-25,2637,183208,Dealer_self,2000
2024-09-25,2637,163300,Dealer_Hedging,163000
2024-09-26,2637,1824000,Foreign_Investor,1791000
2024-09-26,2637,0,Foreign_Dealer_Self,0
2024-09-26,2637,335000,Investment_Trust,30000
2024-09-26,2637,121274,Dealer_self,5003
2024-09-26,2637,35000,Dealer_Hedging,208000
2024-09-27,2637,7259129,Foreign_Investor,3899010
2024-09-27,2637,0,Foreign_Dealer_Self,0
2024-09-27,2637,1160000,Investment_Trust,49000
2024-09-27,2637,53001,Dealer_self,17000
2024-09-27,2637,621476,Dealer_Hedging,325000
2024-09-30,2637,5189000,Foreign_Investor,6983006
2024-09-30,2637,0,Foreign_Dealer_Self,0
2024-09-30,2637,2110000,Investment_Trust,125000
2024-09-30,2637,227025,Dealer_self,28000
2024-09-30,2637,65667,Dealer_Hedging,377340
2024-10-01,2637,6562000,Foreign_Investor,2804500
2024-10-01,2637,0,Foreign_Dealer_Self,0
2024-10-01,2637,2162000,Investment_Trust,14000
2024-10-01,2637,77610,Dealer_self,38000
2024-10-01,2637,166187,Dealer_Hedging,119000
2024-10-04,2637,3902000,Foreign_Investor,5621000
2024-10-04,2637,0,Foreign_Dealer_Self,0
2024-10-04,2637,570000,Investment_Trust,9000
2024-10-04,2637,100000,Dealer_self,425278
2024-10-04,2637,73422,Dealer_Hedging,441150
2024-10-07,2637,1948000,Foreign_Investor,2573000
2024-10-07,2637,0,Foreign_Dealer_Self,0
2024-10-07,2637,85000,Investment_Trust,7000
2024-10-07,2637,132000,Dealer_self,86069
2024-10-07,2637,51581,Dealer_Hedging,28000
2024-10-08,2637,2305000,Foreign_Investor,2447000
2024-10-08,2637,0,Foreign_Dealer_Self,0
2024-10-08,2637,180000,Investment_Trust,0
2024-10-08,2637,2000,Dealer_self,78000
2024-10-08,2637,33000,Dealer_Hedging,21000
2024-10-09,2637,2825000,Foreign_Investor,2520105
2024-10-09,2637,0,Foreign_Dealer_Self,0
2024-10-09,2637,85000,Investment_Trust,0
2024-10-09,2637,17000,Dealer_self,15203
2024-10-09,2637,4000,Dealer_Hedging,149305
2024-10-11,2637,2145000,Foreign_Investor,1939000
2024-10-11,2637,0,Foreign_Dealer_Self,0
2024-10-11,2637,5000,Investment_Trust,6000
2024-10-11,2637,35000,Dealer_self,13013
2024-10-11,2637,15000,Dealer_Hedging,73766
2024-10-14,2637,1253139,Foreign_Investor,1096000
2024-10-14,2637,0,Foreign_Dealer_Self,0
2024-10-14,2637,85000,Investment_Trust,0
2024-10-14,2637,141010,Dealer_self,10965
2024-10-14,2637,95631,Dealer_Hedging,5000
2024-10-15,2637,1700610,Foreign_Investor,1208000
2024-10-15,2637,0,Foreign_Dealer_Self,0
2024-10-15,2637,9000,Investment_Trust,0
2024-10-15,2637,123454,Dealer_self,15000
2024-10-15,2637,60200,Dealer_Hedging,33000
2024-10-16,2637,2952873,Foreign_Investor,2134000
2024-10-16,2637,0,Foreign_Dealer_Self,0
2024-10-16,2637,22000,Investment_Trust,17000
2024-10-16,2637,31000,Dealer_self,23000
2024-10-16,2637,175000,Dealer_Hedging,71000
2024-10-17,2637,1539000,Foreign_Investor,3821000
2024-10-17,2637,0,Foreign_Dealer_Self,0
2024-10-17,2637,0,Investment_Trust,17000
2024-10-17,2637,51000,Dealer_self,4634
2024-10-17,2637,9000,Dealer_Hedging,131644
2024-10-18,2637,2138000,Foreign_Investor,1999000
2024-10-18,2637,0,Foreign_Dealer_Self,0
2024-10-18,2637,0,Investment_Trust,4000
2024-10-18,2637,52000,Dealer_self,4674
2024-10-18,2637,38000,Dealer_Hedging,129000
2024-10-21,2637,1657000,Foreign_Investor,1604000
2024-10-21,2637,0,Foreign_Dealer_Self,0
2024-10-21,2637,1029000,Investment_Trust,32000
2024-10-21,2637,26000,Dealer_self,14000
2024-10-21,2637,98737,Dealer_Hedging,23000
2024-10-22,2637,1498000,Foreign_Investor,2757000
2024-10-22,2637,0,Foreign_Dealer_Self,0
2024-10-22,2637,1023000,Investment_Trust,18000
2024-10-22,2637,4000,Dealer_self,3935
2024-10-22,2637,22000,Dealer_Hedging,90000
2024-10-23,2637,1084033,Foreign_Investor,1727600
2024-10-23,2637,0,Foreign_Dealer_Self,0
2024-10-23,2637,1018000,Investment_Trust,41000
2024-10-23,2637,1000,Dealer_self,65872
2024-10-23,2637,0,Dealer_Hedging,121372
2024-10-24,2637,1249066,Foreign_Investor,1982000
2024-10-24,2637,0,Foreign_Dealer_Self,0
2024-10-24,2637,1007000,Investment_Trust,16000
2024-10-24,2637,16000,Dealer_self,17155
2024-10-24,2637,5000,Dealer_Hedging,70000
2024-10-25,2637,3261000,Foreign_Investor,1415000
2024-10-25,2637,0,Foreign_Dealer_Self,0
2024-10-25,2637,1606000,Investment_Trust,3000
2024-10-25,2637,0,Dealer_self,7000
2024-10-25,2637,263478,Dealer_Hedging,39000
2024-10-28,2637,1721000,Foreign_Investor,1498000
2024-10-28,2637,0,Foreign_Dealer_Self,0
2024-10-28,2637,49000,Investment_Trust,6000
2024-10-28,2637,22000,Dealer_self,112000
2024-10-28,2637,87000,Dealer_Hedging,133000
2024-10-29,2637,2034000,Foreign_Investor,2476000
2024-10-29,2637,0,Foreign_Dealer_Self,0
2024-10-29,2637,21000,Investment_Trust,0
2024-10-29,2637,7000,Dealer_self,35000
2024-10-29,2637,5000,Dealer_Hedging,93000
2024-10-30,2637,0,Foreign_Dealer_Self,0
2024-10-30,2637,0,Investment_Trust,29000
2024-10-30,2637,7000,Dealer_self,1147
2024-10-30,2637,20000,Dealer_Hedging,88000
2024-10-30,2637,2238868,Foreign_Investor,1643868
2024-11-01,2637,0,Foreign_Dealer_Self,0
2024-11-01,2637,3000,Investment_Trust,0
2024-11-01,2637,44000,Dealer_self,10000
2024-11-01,2637,83000,Dealer_Hedging,31000
2024-11-01,2637,2963000,Foreign_Investor,2074868
2024-11-04,2637,1500000,Foreign_Investor,1428000
2024-11-04,2637,0,Foreign_Dealer_Self,0
2024-11-04,2637,0,Investment_Trust,0
2024-11-04,2637,0,Dealer_self,18000
2024-11-04,2637,4000,Dealer_Hedging,72000
2024-11-05,2637,2622000,Foreign_Investor,3076000
2024-11-05,2637,0,Foreign_Dealer_Self,0
2024-11-05,2637,0,Investment_Trust,3000
2024-11-05,2637,3000,Dealer_self,19783
2024-11-05,2637,150191,Dealer_Hedging,138644
2024-11-06,2637,3587000,Foreign_Investor,1020010
2024-11-06,2637,0,Foreign_Dealer_Self,0
2024-11-06,2637,0,Investment_Trust,10000
2024-11-06,2637,75936,Dealer_self,3000
2024-11-06,2637,133000,Dealer_Hedging,90000
2024-11-07,2637,1949000,Foreign_Investor,1248000
2024-11-07,2637,0,Foreign_Dealer_Self,0
2024-11-07,2637,0,Investment_Trust,0
2024-11-07,2637,46000,Dealer_self,31000
2024-11-07,2637,45297,Dealer_Hedging,118350
2024-11-08,2637,1942138,Foreign_Investor,1196437
2024-11-08,2637,0,Foreign_Dealer_Self,0
2024-11-08,2637,30000,Investment_Trust,0
2024-11-08,2637,24000,Dealer_self,0
2024-11-08,2637,62781,Dealer_Hedging,39000
2024-11-11,2637,4851579,Foreign_Investor,1566278
2024-11-11,2637,0,Foreign_Dealer_Self,0
2024-11-11,2637,0,Investment_Trust,34000
2024-11-11,2637,25000,Dealer_self,0
2024-11-11,2637,251764,Dealer_Hedging,47000
2024-11-12,2637,4221000,Foreign_Investor,3199000
2024-11-12,2637,0,Foreign_Dealer_Self,0
2024-11-12,2637,934000,Investment_Trust,8000
2024-11-12,2637,86000,Dealer_self,122917
2024-11-12,2637,273361,Dealer_Hedging,168000
2024-11-13,2637,2187000,Foreign_Investor,1680000
2024-11-13,2637,0,Foreign_Dealer_Self,0
2024-11-13,2637,19000,Investment_Trust,10000
2024-11-13,2637,27000,Dealer_self,45577
2024-11-13,2637,17000,Dealer_Hedging,198000
2024-11-14,2637,4103000,Foreign_Investor,1790010
2024-11-14,2637,0,Foreign_Dealer_Self,0
2024-11-14,2637,152000,Investment_Trust,0
2024-11-14,2637,12923,Dealer_self,72000
2024-11-14,2637,73000,Dealer_Hedging,39000
2024-11-15,2637,3403000,Foreign_Investor,2121000
2024-11-15,2637,0,Foreign_Dealer_Self,0
2024-11-15,2637,0,Investment_Trust,4000
2024-11-15,2637,38848,Dealer_self,6000
2024-11-15,2637,177000,Dealer_Hedging,116000
2024-11-18,2637,2136000,Foreign_Investor,2667000
2024-11-18,2637,0,Foreign_Dealer_Self,0
2024-11-18,2637,886000,Investment_Trust,18000
2024-11-18,2637,48331,Dealer_self,23000
2024-11-18,2637,31000,Dealer_Hedging,89000
2024-11-19,2637,4165000,Foreign_Investor,4255000
2024-11-19,2637,0,Foreign_Dealer_Self,0
2024-11-19,2637,26000,Investment_Trust,147000
2024-11-19,2637,60000,Dealer_self,237000
2024-11-19,2637,17000,Dealer_Hedging,79563
2024-11-20,2637,3369892,Foreign_Investor,2318000
2024-11-20,2637,0,Foreign_Dealer_Self,0
2024-11-20,2637,0,Investment_Trust,15000
2024-11-20,2637,44000,Dealer_self,28470
2024-11-20,2637,31000,Dealer_Hedging,68883
2024-11-21,2637,2547256,Foreign_Investor,1813000
2024-11-21,2637,0,Foreign_Dealer_Self,0
2024-11-21,2637,13000,Investment_Trust,13000
2024-11-21,2637,25000,Dealer_self,28000
2024-11-21,2637,8000,Dealer_Hedging,37000
2024-11-22,2637,1315405,Foreign_Investor,1310000
2024-11-22,2637,0,Foreign_Dealer_Self,0
2024-11-22,2637,0,Investment_Trust,15000
2024-11-22,2637,21000,Dealer_self,6000
2024-11-22,2637,12000,Dealer_Hedging,16000
2024-11-25,2637,2641845,Foreign_Investor,2684000
2024-11-25,2637,0,Foreign_Dealer_Self,0
2024-11-25,2637,0,Investment_Trust,0
2024-11-25,2637,37000,Dealer_self,31354
2024-11-25,2637,3000,Dealer_Hedging,64990
2024-11-26,2637,1872523,Foreign_Investor,1163000
2024-11-26,2637,0,Foreign_Dealer_Self,0
2024-11-26,2637,0,Investment_Trust,37000
2024-11-26,2637,12000,Dealer_self,8097
2024-11-26,2637,14619,Dealer_Hedging,24000
2024-11-27,2637,2642178,Foreign_Investor,2990000
2024-11-27,2637,0,Foreign_Dealer_Self,0
2024-11-27,2637,160000,Investment_Trust,60000
2024-11-27,2637,8000,Dealer_self,110728
2024-11-27,2637,7000,Dealer_Hedging,187360
2024-11-28,2637,1175008,Foreign_Investor,993000
2024-11-28,2637,0,Foreign_Dealer_Self,0
2024-11-28,2637,0,Investment_Trust,0
2024-11-28,2637,0,Dealer_self,756
2024-11-28,2637,0,Dealer_Hedging,108270
2024-11-29,2637,2385496,Foreign_Investor,1942000
2024-11-29,2637,0,Foreign_Dealer_Self,0
2024-11-29,2637,2000,Investment_Trust,665000
2024-11-29,2637,8000,Dealer_self,17319
2024-11-29,2637,7000,Dealer_Hedging,90293
2024-12-02,2637,2111713,Foreign_Investor,2353000
2024-12-02,2637,0,Foreign_Dealer_Self,0
2024-12-02,2637,1000,Investment_Trust,1838000
2024-12-02,2637,40000,Dealer_self,31341
2024-12-02,2637,27000,Dealer_Hedging,75160
2024-12-03,2637,3996870,Foreign_Investor,2361000
2024-12-03,2637,0,Foreign_Dealer_Self,0
2024-12-03,2637,0,Investment_Trust,2632000
2024-12-03,2637,20000,Dealer_self,16910
2024-12-03,2637,8000,Dealer_Hedging,3360
2024-12-04,2637,4061022,Foreign_Investor,3303000
2024-12-04,2637,0,Foreign_Dealer_Self,0
2024-12-04,2637,7000,Investment_Trust,2720000
2024-12-04,2637,37000,Dealer_self,22014
2024-12-04,2637,31013,Dealer_Hedging,58050
2024-12-05,2637,2365000,Foreign_Investor,2561000
2024-12-05,2637,0,Foreign_Dealer_Self,0
2024-12-05,2637,0,Investment_Trust,150000
2024-12-05,2637,4000,Dealer_self,761
2024-12-05,2637,3000,Dealer_Hedging,1205
2024-12-06,2637,2769917,Foreign_Investor,2547119
2024-12-06,2637,0,Foreign_Dealer_Self,0
2024-12-06,2637,0,Investment_Trust,37000
2024-12-06,2637,4061,Dealer_self,4288
2024-12-06,2637,7000,Dealer_Hedging,14533
2024-12-09,2637,1100842,Foreign_Investor,2421000
2024-12-09,2637,0,Foreign_Dealer_Self,0
2024-12-09,2637,0,Investment_Trust,7000
2024-12-09,2637,5000,Dealer_self,18611
2024-12-09,2637,57000,Dealer_Hedging,30555
2024-12-10,2637,736039,Foreign_Investor,1905000
2024-12-10,2637,0,Foreign_Dealer_Self,0
2024-12-10,2637,0,Investment_Trust,27000
2024-12-10,2637,22000,Dealer_self,19852
2024-12-10,2637,7000,Dealer_Hedging,50315
2024-12-11,2637,734101,Foreign_Investor,1673000
2024-12-11,2637,0,Foreign_Dealer_Self,0
2024-12-11,2637,31000,Investment_Trust,18000
2024-12-11,2637,1000,Dealer_self,29808
2024-12-11,2637,9000,Dealer_Hedging,13566
2024-12-12,2637,1684063,Foreign_Investor,4750361
2024-12-12,2637,0,Foreign_Dealer_Self,0
2024-12-12,2637,3803000,Investment_Trust,1598000
2024-12-12,2637,57000,Dealer_self,7085
2024-12-12,2637,25000,Dealer_Hedging,29031
2024-12-13,2637,1293315,Foreign_Investor,3805000
2024-12-13,2637,0,Foreign_Dealer_Self,0
2024-12-13,2637,3800000,Investment_Trust,158000
2024-12-13,2637,12000,Dealer_self,21559
2024-12-13,2637,0,Dealer_Hedging,6745
2024-12-16,2637,1702320,Foreign_Investor,7003302
2024-12-16,2637,0,Foreign_Dealer_Self,0
2024-12-16,2637,4026000,Investment_Trust,13000
2024-12-16,2637,16000,Dealer_self,12665
2024-12-16,2637,9000,Dealer_Hedging,24600
2024-12-17,2637,4600245,Foreign_Investor,10515100
2024-12-17,2637,0,Foreign_Dealer_Self,0
2024-12-17,2637,5256000,Investment_Trust,16000
2024-12-17,2637,89000,Dealer_self,29429
2024-12-17,2637,30400,Dealer_Hedging,10200
2024-12-18,2637,2372913,Foreign_Investor,11190000
2024-12-18,2637,0,Foreign_Dealer_Self,0
2024-12-18,2637,5207000,Investment_Trust,48000
2024-12-18,2637,42000,Dealer_self,60297
2024-12-18,2637,1000,Dealer_Hedging,51586
2024-12-19,2637,2625761,Foreign_Investor,10733256
2024-12-19,2637,0,Foreign_Dealer_Self,0
2024-12-19,2637,5155000,Investment_Trust,11000
2024-12-19,2637,30000,Dealer_self,60585
2024-12-19,2637,11000,Dealer_Hedging,21368
2024-12-20,2637,1458665,Foreign_Investor,8706222
2024-12-20,2637,0,Foreign_Dealer_Self,0
2024-12-20,2637,5156000,Investment_Trust,5000
2024-12-20,2637,50000,Dealer_self,40672
2024-12-20,2637,0,Dealer_Hedging,12346
2024-12-23,2637,2064884,Foreign_Investor,8064000
2024-12-23,2637,0,Foreign_Dealer_Self,0
2024-12-23,2637,5130000,Investment_Trust,5000
2024-12-23,2637,51151,Dealer_self,17177
2024-12-23,2637,0,Dealer_Hedging,3000
2024-12-24,2637,2774000,Foreign_Investor,8676000
2024-12-24,2637,0,Foreign_Dealer_Self,0
2024-12-24,2637,6159000,Investment_Trust,21000
2024-12-24,2637,18000,Dealer_self,9964
2024-12-24,2637,56000,Dealer_Hedging,3000
2024-12-25,2637,902691,Foreign_Investor,7686000
2024-12-25,2637,0,Foreign_Dealer_Self,0
2024-12-25,2637,6000000,Investment_Trust,5000
2024-12-25,2637,53000,Dealer_self,49390
2024-12-25,2637,4000,Dealer_Hedging,2899
2024-12-26,2637,1136000,Foreign_Investor,7513000
2024-12-26,2637,0,Foreign_Dealer_Self,0
2024-12-26,2637,6049000,Investment_Trust,16000
2024-12-26,2637,15000,Dealer_self,76144
2024-12-26,2637,9000,Dealer_Hedging,17000
2024-12-27,2637,969060,Foreign_Investor,6632000
2024-12-27,2637,0,Foreign_Dealer_Self,0
2024-12-27,2637,6000000,Investment_Trust,172000
2024-12-27,2637,22000,Dealer_self,18243
2024-12-27,2637,0,Dealer_Hedging,0
2024-12-30,2637,964974,Foreign_Investor,5799000
2024-12-30,2637,0,Foreign_Dealer_Self,0
2024-12-30,2637,6000000,Investment_Trust,49000
2024-12-30,2637,4000,Dealer_self,18801
2024-12-30,2637,136600,Dealer_Hedging,4000
2024-12-31,2637,736622,Foreign_Investor,6495000
2024-12-31,2637,0,Foreign_Dealer_Self,0
2024-12-31,2637,6006000,Investment_Trust,4000
2024-12-31,2637,24000,Dealer_self,26693
2024-12-31,2637,31130,Dealer_Hedging,46000
2025-01-02,2637,497061,Foreign_Investor,2964000
2025-01-02,2637,0,Foreign_Dealer_Self,0
2025-01-02,2637,480000,Investment_Trust,54000
2025-01-02,2637,9000,Dealer_self,86210
2025-01-02,2637,29000,Dealer_Hedging,49637
2025-01-03,2637,1050181,Foreign_Investor,2995000
2025-01-03,2637,0,Foreign_Dealer_Self,0
2025-01-03,2637,0,Investment_Trust,18000
2025-01-03,2637,34000,Dealer_self,15015
2025-01-03,2637,4000,Dealer_Hedging,21024
2025-01-06,2637,2162736,Foreign_Investor,1948900
2025-01-06,2637,0,Foreign_Dealer_Self,0
2025-01-06,2637,18000,Investment_Trust,20000
2025-01-06,2637,9000,Dealer_self,19011
2025-01-06,2637,26000,Dealer_Hedging,0
2025-01-07,2637,1034000,Foreign_Investor,3792000
2025-01-07,2637,0,Foreign_Dealer_Self,0
2025-01-07,2637,0,Investment_Trust,38000
2025-01-07,2637,32000,Dealer_self,30041
2025-01-07,2637,3000,Dealer_Hedging,29548
2025-01-08,2637,1403618,Foreign_Investor,1293000
2025-01-08,2637,0,Foreign_Dealer_Self,0
2025-01-08,2637,500000,Investment_Trust,35000
2025-01-08,2637,3000,Dealer_self,3120
2025-01-08,2637,5000,Dealer_Hedging,2000
2025-01-09,2637,1040000,Foreign_Investor,3358000
2025-01-09,2637,0,Foreign_Dealer_Self,0
2025-01-09,2637,14000,Investment_Trust,28000
2025-01-09,2637,39000,Dealer_self,51490
2025-01-09,2637,5000,Dealer_Hedging,29311
2025-01-10,2637,3860000,Foreign_Investor,3339660
2025-01-10,2637,0,Foreign_Dealer_Self,0
2025-01-10,2637,2764000,Investment_Trust,5000
2025-01-10,2637,17751,Dealer_self,32749
2025-01-10,2637,128524,Dealer_Hedging,6428
2025-01-13,2637,1600000,Foreign_Investor,3310000
2025-01-13,2637,0,Foreign_Dealer_Self,0
2025-01-13,2637,2812000,Investment_Trust,2000
2025-01-13,2637,126000,Dealer_self,140000
2025-01-13,2637,35196,Dealer_Hedging,85000
2025-01-14,2637,1226012,Foreign_Investor,3283000
2025-01-14,2637,0,Foreign_Dealer_Self,0
2025-01-14,2637,491000,Investment_Trust,16000
2025-01-14,2637,12000,Dealer_self,9900
2025-01-14,2637,36000,Dealer_Hedging,12634
2025-01-15,2637,1034582,Foreign_Investor,1798000
2025-01-15,2637,0,Foreign_Dealer_Self,0
2025-01-15,2637,13000,Investment_Trust,5000
2025-01-15,2637,12000,Dealer_self,23218
2025-01-15,2637,5000,Dealer_Hedging,164578
2025-01-16,2637,2023946,Foreign_Investor,2375000
2025-01-16,2637,0,Foreign_Dealer_Self,0
2025-01-16,2637,4000,Investment_Trust,59000
2025-01-16,2637,64000,Dealer_self,15790
2025-01-16,2637,6400,Dealer_Hedging,17915
2025-01-17,2637,1542117,Foreign_Investor,1764000
2025-01-17,2637,0,Foreign_Dealer_Self,0
2025-01-17,2637,1991000,Investment_Trust,1102000
2025-01-17,2637,0,Dealer_self,11484
2025-01-17,2637,3704,Dealer_Hedging,3752
2025-01-20,2637,1276014,Foreign_Investor,1200789
2025-01-20,2637,0,Foreign_Dealer_Self,0
2025-01-20,2637,53000,Investment_Trust,1099000
2025-01-20,2637,29000,Dealer_self,136
2025-01-20,2637,2,Dealer_Hedging,1384
2025-01-21,2637,1322768,Foreign_Investor,1208000
2025-01-21,2637,0,Foreign_Dealer_Self,0
2025-01-21,2637,0,Investment_Trust,1064000
2025-01-21,2637,4000,Dealer_self,6411
2025-01-21,2637,0,Dealer_Hedging,6508
2025-01-22,2637,1917497,Foreign_Investor,2317000
2025-01-22,2637,0,Foreign_Dealer_Self,0
2025-01-22,2637,0,Investment_Trust,1068000
2025-01-22,2637,26000,Dealer_self,16324
2025-01-22,2637,6000,Dealer_Hedging,18043
2025-02-03,2637,3098643,Foreign_Investor,1676070
2025-02-03,2637,0,Foreign_Dealer_Self,0
2025-02-03,2637,200000,Investment_Trust,1071000
2025-02-03,2637,138299,Dealer_self,218898
2025-02-03,2637,19000,Dealer_Hedging,18000
2025-02-04,2637,527819,Foreign_Investor,1910000
2025-02-04,2637,0,Foreign_Dealer_Self,0
2025-02-04,2637,225000,Investment_Trust,12000
2025-02-04,2637,30000,Dealer_self,24938
2025-02-04,2637,70000,Dealer_Hedging,22761
2025-02-05,2637,1293011,Foreign_Investor,725000
2025-02-05,2637,0,Foreign_Dealer_Self,0
2025-02-05,2637,407000,Investment_Trust,7000
2025-02-05,2637,3000,Dealer_self,723
2025-02-05,2637,10000,Dealer_Hedging,0
2025-02-06,2637,1109993,Foreign_Investor,1531000
2025-02-06,2637,0,Foreign_Dealer_Self,0
2025-02-06,2637,5000,Investment_Trust,8000
2025-02-06,2637,19000,Dealer_self,347
2025-02-06,2637,7,Dealer_Hedging,36180
2025-02-07,2637,603830,Foreign_Investor,1240000
2025-02-07,2637,0,Foreign_Dealer_Self,0
2025-02-07,2637,8000,Investment_Trust,15000
2025-02-07,2637,4045,Dealer_self,5708
2025-02-07,2637,1000,Dealer_Hedging,1944
2025-02-10,2637,1169000,Foreign_Investor,627000
2025-02-10,2637,0,Foreign_Dealer_Self,0
2025-02-10,2637,418000,Investment_Trust,8000
2025-02-10,2637,0,Dealer_self,39536
2025-02-10,2637,28000,Dealer_Hedging,8754
2025-02-11,2637,524044,Foreign_Investor,1141000
2025-02-11,2637,0,Foreign_Dealer_Self,0
2025-02-11,2637,2000,Investment_Trust,7000
2025-02-11,2637,8000,Dealer_self,13249
2025-02-11,2637,5000,Dealer_Hedging,31288
2025-02-12,2637,3496132,Foreign_Investor,1852000
2025-02-12,2637,0,Foreign_Dealer_Self,0
2025-02-12,2637,11236,Dealer_self,66340
2025-02-12,2637,42868,Dealer_Hedging,6000
2025-02-12,2637,161000,Investment_Trust,8000
2025-02-13,2637,5662000,Foreign_Investor,7312000
2025-02-13,2637,0,Foreign_Dealer_Self,0
2025-02-13,2637,532596,Dealer_self,64162
2025-02-13,2637,256001,Dealer_Hedging,9943
2025-02-13,2637,1030000,Investment_Trust,3000
2025-02-14,2637,5557800,Foreign_Investor,9758000
2025-02-14,2637,0,Foreign_Dealer_Self,0
2025-02-14,2637,435495,Dealer_self,20755
2025-02-14,2637,137752,Dealer_Hedging,46171
2025-02-14,2637,2029000,Investment_Trust,37000
2025-02-17,2637,7018855,Foreign_Investor,5722515
2025-02-17,2637,0,Foreign_Dealer_Self,0
2025-02-17,2637,254591,Dealer_self,10591
2025-02-17,2637,296793,Dealer_Hedging,33681
2025-02-17,2637,3393000,Investment_Trust,24000
2025-02-18,2637,2119000,Foreign_Investor,4488000
2025-02-18,2637,0,Foreign_Dealer_Self,0
2025-02-18,2637,294000,Investment_Trust,71000
2025-02-18,2637,195061,Dealer_self,37960
2025-02-18,2637,43891,Dealer_Hedging,146224
2025-02-19,2637,4085000,Foreign_Investor,4761000
2025-02-19,2637,0,Foreign_Dealer_Self,0
2025-02-19,2637,1000,Investment_Trust,51000
2025-02-19,2637,60000,Dealer_self,174660
2025-02-19,2637,51034,Dealer_Hedging,79188
2025-02-20,2637,3377000,Foreign_Investor,4936974
2025-02-20,2637,0,Foreign_Dealer_Self,0
2025-02-20,2637,690000,Investment_Trust,56000
2025-02-20,2637,490000,Dealer_self,224593
2025-02-20,2637,80032,Dealer_Hedging,45921
2025-02-21,2637,3345306,Foreign_Investor,3759000
2025-02-21,2637,0,Foreign_Dealer_Self,0
2025-02-21,2637,0,Investment_Trust,36000
2025-02-21,2637,454000,Dealer_self,11001
2025-02-21,2637,82000,Dealer_Hedging,51450
2025-02-24,2637,8534454,Foreign_Investor,5656110
2025-02-24,2637,0,Foreign_Dealer_Self,0
2025-02-24,2637,298465,Dealer_self,187324
2025-02-24,2637,388860,Dealer_Hedging,76473
2025-02-24,2637,1943000,Investment_Trust,328000
2025-02-25,2637,12588772,Foreign_Investor,11887000
2025-02-25,2637,0,Foreign_Dealer_Self,0
2025-02-25,2637,474218,Dealer_self,414107
2025-02-25,2637,103927,Dealer_Hedging,304221
2025-02-25,2637,603000,Investment_Trust,2961000
2025-02-26,2637,3871790,Foreign_Investor,6459000
2025-02-26,2637,0,Foreign_Dealer_Self,0
2025-02-26,2637,0,Investment_Trust,442000
2025-02-26,2637,235119,Dealer_self,311272
2025-02-26,2637,57000,Dealer_Hedging,143256
2025-02-27,2637,23826743,Foreign_Investor,10562109
2025-02-27,2637,0,Foreign_Dealer_Self,0
2025-02-27,2637,393889,Dealer_self,385329
2025-02-27,2637,558263,Dealer_Hedging,232387
2025-02-27,2637,2101000,Investment_Trust,10444000
2025-03-03,2637,5324094,Foreign_Investor,7711800
2025-03-03,2637,0,Foreign_Dealer_Self,0
2025-03-03,2637,185000,Dealer_self,94418
2025-03-03,2637,314495,Dealer_Hedging,289897
2025-03-03,2637,796000,Investment_Trust,20000
2025-03-04,2637,9719535,Foreign_Investor,12383138
2025-03-04,2637,0,Foreign_Dealer_Self,0
2025-03-04,2637,3094000,Investment_Trust,38000
2025-03-04,2637,483523,Dealer_self,628558
2025-03-04,2637,919818,Dealer_Hedging,336525
2025-03-05,2637,6618130,Foreign_Investor,15762010
2025-03-05,2637,0,Foreign_Dealer_Self,0
2025-03-05,2637,3985000,Investment_Trust,43000
2025-03-05,2637,389480,Dealer_self,320535
2025-03-05,2637,506605,Dealer_Hedging,593705
2025-03-06,2637,2670608,Foreign_Investor,4345000
2025-03-06,2637,0,Foreign_Dealer_Self,0
2025-03-06,2637,1533000,Investment_Trust,1581000
2025-03-06,2637,24000,Dealer_self,365029
2025-03-06,2637,387000,Dealer_Hedging,69014
2025-03-07,2637,3714000,Foreign_Investor,6578000
2025-03-07,2637,0,Foreign_Dealer_Self,0
2025-03-07,2637,2373000,Investment_Trust,1521000
2025-03-07,2637,94077,Dealer_self,354348
2025-03-07,2637,114000,Dealer_Hedging,399399
2025-03-10,2637,3580500,Foreign_Investor,4269000
2025-03-10,2637,0,Foreign_Dealer_Self,0
2025-03-10,2637,3783000,Investment_Trust,8000
2025-03-10,2637,42690,Dealer_self,299961
2025-03-10,2637,154800,Dealer_Hedging,92999
2025-03-11,2637,4678000,Foreign_Investor,4768000
2025-03-11,2637,0,Foreign_Dealer_Self,0
2025-03-11,2637,3122000,Investment_Trust,226000
2025-03-11,2637,512268,Dealer_self,510211
2025-03-11,2637,186036,Dealer_Hedging,154800
2025-03-12,2637,4212510,Foreign_Investor,4025363
2025-03-12,2637,0,Foreign_Dealer_Self,0
2025-03-12,2637,2000,Investment_Trust,5418000
2025-03-12,2637,58000,Dealer_self,206698
2025-03-12,2637,96000,Dealer_Hedging,401664
2025-03-13,2637,7306500,Foreign_Investor,3081000
2025-03-13,2637,0,Foreign_Dealer_Self,0
2025-03-13,2637,8000,Investment_Trust,5012000
2025-03-13,2637,27000,Dealer_self,226570
2025-03-13,2637,102000,Dealer_Hedging,184759
2025-03-14,2637,9742007,Foreign_Investor,8444025
2025-03-14,2637,0,Foreign_Dealer_Self,0
2025-03-14,2637,9405000,Investment_Trust,24000
2025-03-14,2637,232303,Dealer_self,684720
2025-03-14,2637,1425688,Dealer_Hedging,251000
2025-03-17,2637,3919012,Foreign_Investor,8357007
2025-03-17,2637,0,Foreign_Dealer_Self,0
2025-03-17,2637,1259000,Investment_Trust,47000
2025-03-17,2637,107752,Dealer_self,90321
2025-03-17,2637,181996,Dealer_Hedging,961211
2025-03-18,2637,2876500,Foreign_Investor,5543999
2025-03-18,2637,0,Foreign_Dealer_Self,0
2025-03-18,2637,10000,Investment_Trust,17000
2025-03-18,2637,180000,Dealer_self,47470
2025-03-18,2637,135018,Dealer_Hedging,330954
2025-03-19,2637,3895257,Foreign_Investor,7131000
2025-03-19,2637,0,Foreign_Dealer_Self,0
2025-03-19,2637,17000,Investment_Trust,75000
2025-03-19,2637,91751,Dealer_self,172234
2025-03-19,2637,103710,Dealer_Hedging,130338
2025-03-20,2637,1364730,Foreign_Investor,4066000
2025-03-20,2637,0,Foreign_Dealer_Self,0
2025-03-20,2637,2000,Investment_Trust,855000
2025-03-20,2637,49000,Dealer_self,205673
2025-03-20,2637,243742,Dealer_Hedging,286991
2025-03-21,2637,0,Foreign_Dealer_Self,0
2025-03-21,2637,0,Investment_Trust,39000
2025-03-21,2637,21000,Dealer_self,59915
2025-03-21,2637,44000,Dealer_Hedging,188046
2025-03-21,2637,5690106,Foreign_Investor,7866283
2025-03-24,2637,2266250,Foreign_Investor,1679530
2025-03-24,2637,0,Foreign_Dealer_Self,0
2025-03-24,2637,1000,Investment_Trust,12000
2025-03-24,2637,15000,Dealer_self,24171
2025-03-24,2637,19103,Dealer_Hedging,102897
2025-03-25,2637,2694020,Foreign_Investor,3236000
2025-03-25,2637,0,Foreign_Dealer_Self,0
2025-03-25,2637,3000,Investment_Trust,177000
2025-03-25,2637,20000,Dealer_self,68466
2025-03-25,2637,13000,Dealer_Hedging,185822
2025-03-26,2637,1622351,Foreign_Investor,2113416
2025-03-26,2637,0,Foreign_Dealer_Self,0
2025-03-26,2637,6000,Investment_Trust,0
2025-03-26,2637,22000,Dealer_self,16259
2025-03-26,2637,130783,Dealer_Hedging,20248
2025-03-27,2637,3213000,Foreign_Investor,3830050
2025-03-27,2637,0,Foreign_Dealer_Self,0
2025-03-27,2637,4000,Investment_Trust,7000
2025-03-27,2637,16000,Dealer_self,29385
2025-03-27,2637,516843,Dealer_Hedging,163782
2025-03-28,2637,2497000,Foreign_Investor,3501405
2025-03-28,2637,0,Foreign_Dealer_Self,0
2025-03-28,2637,15000,Investment_Trust,54000
2025-03-28,2637,11000,Dealer_self,23898
2025-03-28,2637,114079,Dealer_Hedging,1024598
2025-03-31,2637,4119000,Foreign_Investor,2244000
2025-03-31,2637,0,Foreign_Dealer_Self,0
2025-03-31,2637,43000,Investment_Trust,41000
2025-03-31,2637,140000,Dealer_self,166026
2025-03-31,2637,122567,Dealer_Hedging,177975
2025-04-01,2637,617063,Foreign_Investor,3763000
2025-04-01,2637,0,Foreign_Dealer_Self,0
2025-04-01,2637,19000,Investment_Trust,0
2025-04-01,2637,38376,Dealer_self,29320
2025-04-01,2637,43000,Dealer_Hedging,79947
2025-04-02,2637,1556577,Foreign_Investor,1113789
2025-04-02,2637,0,Foreign_Dealer_Self,0
2025-04-02,2637,3000,Investment_Trust,350000
2025-04-02,2637,11000,Dealer_self,24918
2025-04-02,2637,34000,Dealer_Hedging,16000
2025-04-07,2637,202000,Foreign_Investor,0
2025-04-07,2637,0,Foreign_Dealer_Self,0
2025-04-07,2637,0,Investment_Trust,0
2025-04-07,2637,0,Dealer_self,0
2025-04-07,2637,0,Dealer_Hedging,58175
2025-04-08,2637,2878200,Foreign_Investor,2429000
2025-04-08,2637,0,Foreign_Dealer_Self,0
2025-04-08,2637,20000,Investment_Trust,1113000
2025-04-08,2637,58000,Dealer_self,74305
2025-04-08,2637,28000,Dealer_Hedging,152718
2025-04-09,2637,5042000,Foreign_Investor,5835000
2025-04-09,2637,0,Foreign_Dealer_Self,0
2025-04-09,2637,226397,Dealer_self,298478
2025-04-09,2637,38000,Dealer_Hedging,184229
2025-04-09,2637,0,Investment_Trust,728000
2025-04-10,2637,5113000,Foreign_Investor,6171000
2025-04-10,2637,0,Foreign_Dealer_Self,0
2025-04-10,2637,10000,Dealer_self,14000
2025-04-10,2637,138000,Dealer_Hedging,4904
2025-04-10,2637,224000,Investment_Trust,2459000
2025-04-11,2637,9426497,Foreign_Investor,12218000
2025-04-11,2637,0,Foreign_Dealer_Self,0
2025-04-11,2637,46088,Dealer_self,60057
2025-04-11,2637,82295,Dealer_Hedging,136994
2025-04-11,2637,2000,Investment_Trust,924000
2025-04-14,2637,6964948,Foreign_Investor,7050400
2025-04-14,2637,0,Foreign_Dealer_Self,0
2025-04-14,2637,44343,Dealer_self,59883
2025-04-14,2637,54000,Dealer_Hedging,48993
2025-04-14,2637,1000,Investment_Trust,419000
2025-04-15,2637,2877746,Foreign_Investor,3243483
2025-04-15,2637,0,Foreign_Dealer_Self,0
2025-04-15,2637,0,Investment_Trust,73000
2025-04-15,2637,6606,Dealer_self,13345
2025-04-15,2637,33673,Dealer_Hedging,16000
2025-04-16,2637,1415097,Foreign_Investor,3104373
2025-04-16,2637,0,Foreign_Dealer_Self,0
2025-04-16,2637,0,Investment_Trust,15000
2025-04-16,2637,24000,Dealer_self,35601
2025-04-16,2637,19000,Dealer_Hedging,35999
2025-04-17,2637,1574001,Foreign_Investor,1422001
2025-04-17,2637,0,Foreign_Dealer_Self,0
2025-04-17,2637,0,Investment_Trust,12000
2025-04-17,2637,18000,Dealer_self,13629
2025-04-17,2637,4000,Dealer_Hedging,32067
2025-04-18,2637,2032001,Foreign_Investor,3949000
2025-04-18,2637,0,Foreign_Dealer_Self,0
2025-04-18,2637,0,Investment_Trust,308000
2025-04-18,2637,57000,Dealer_self,7765
2025-04-18,2637,85000,Dealer_Hedging,16000
2025-04-21,2637,4340310,Foreign_Investor,6824000
2025-04-21,2637,0,Foreign_Dealer_Self,0
2025-04-21,2637,0,Investment_Trust,711000
2025-04-21,2637,65069,Dealer_self,41778
2025-04-21,2637,34000,Dealer_Hedging,64000
2025-04-22,2637,2293001,Foreign_Investor,2284012
2025-04-22,2637,0,Foreign_Dealer_Self,0
2025-04-22,2637,0,Investment_Trust,1019000
2025-04-22,2637,14000,Dealer_self,8844
2025-04-22,2637,9000,Dealer_Hedging,3000
2025-04-23,2637,3115736,Foreign_Investor,1421001
2025-04-23,2637,0,Foreign_Dealer_Self,0
2025-04-23,2637,1000,Investment_Trust,224000
2025-04-23,2637,9000,Dealer_self,17393
2025-04-23,2637,60620,Dealer_Hedging,3000
2025-04-24,2637,1713000,Foreign_Investor,1508057
2025-04-24,2637,0,Foreign_Dealer_Self,0
2025-04-24,2637,52000,Investment_Trust,247000
2025-04-24,2637,10097,Dealer_self,7317
2025-04-24,2637,49999,Dealer_Hedging,15000
2025-04-25,2637,0,Foreign_Dealer_Self,0
2025-04-25,2637,0,Investment_Trust,2000
2025-04-25,2637,119150,Dealer_self,11073
2025-04-25,2637,44000,Dealer_Hedging,54899
2025-04-25,2637,2672000,Foreign_Investor,3802375
2025-04-28,2637,0,Foreign_Dealer_Self,0
2025-04-28,2637,47000,Investment_Trust,1000
2025-04-28,2637,27600,Dealer_self,1466
2025-04-28,2637,16001,Dealer_Hedging,12000
2025-04-28,2637,1692062,Foreign_Investor,1110015
2025-04-29,2637,1615301,Foreign_Investor,2072426
2025-04-29,2637,0,Foreign_Dealer_Self,0
2025-04-29,2637,53000,Investment_Trust,404000
2025-04-29,2637,625,Dealer_self,29808
2025-04-29,2637,2000,Dealer_Hedging,85000
2025-04-30,2637,2132357,Foreign_Investor,4422201
2025-04-30,2637,0,Foreign_Dealer_Self,0
2025-04-30,2637,0,Investment_Trust,42000
2025-04-30,2637,48000,Dealer_self,45473
2025-04-30,2637,22000,Dealer_Hedging,21997
2025-05-02,2637,4988347,Foreign_Investor,5071000
2025-05-02,2637,0,Foreign_Dealer_Self,0
2025-05-02,2637,203000,Investment_Trust,0
2025-05-02,2637,172146,Dealer_self,57844
2025-05-02,2637,707570,Dealer_Hedging,6998
2025-05-05,2637,2242000,Foreign_Investor,4193347
2025-05-05,2637,0,Foreign_Dealer_Self,0
2025-05-05,2637,2000,Investment_Trust,59000
2025-05-05,2637,129100,Dealer_self,142331
2025-05-05,2637,15000,Dealer_Hedging,626206
2025-05-06,2637,1215000,Foreign_Investor,2102000
2025-05-06,2637,0,Foreign_Dealer_Self,0
2025-05-06,2637,16000,Investment_Trust,21000
2025-05-06,2637,1000,Dealer_self,111664
2025-05-06,2637,16000,Dealer_Hedging,6000
2025-05-07,2637,1383543,Foreign_Investor,2747000
2025-05-07,2637,0,Foreign_Dealer_Self,0
2025-05-07,2637,10000,Investment_Trust,3014000
2025-05-07,2637,22000,Dealer_self,198969
2025-05-07,2637,22000,Dealer_Hedging,66807
2025-05-08,2637,680100,Foreign_Investor,1346000
2025-05-08,2637,0,Foreign_Dealer_Self,0
2025-05-08,2637,14000,Investment_Trust,141000
2025-05-08,2637,136000,Dealer_self,2896
2025-05-08,2637,4000,Dealer_Hedging,1400
2025-05-09,2637,686025,Foreign_Investor,1002100
2025-05-09,2637,0,Foreign_Dealer_Self,0
2025-05-09,2637,6000,Investment_Trust,34000
2025-05-09,2637,3000,Dealer_self,3959
2025-05-09,2637,0,Dealer_Hedging,0
2025-05-12,2637,1840533,Foreign_Investor,1521100
2025-05-12,2637,0,Foreign_Dealer_Self,0
2025-05-12,2637,3000,Investment_Trust,34000
2025-05-12,2637,22270,Dealer_self,101566
2025-05-12,2637,5000,Dealer_Hedging,5000
2025-05-13,2637,4913214,Foreign_Investor,3033533
2025-05-13,2637,0,Foreign_Dealer_Self,0
2025-05-13,2637,12000,Investment_Trust,0
2025-05-13,2637,35000,Dealer_self,12445
2025-05-13,2637,93720,Dealer_Hedging,2000
2025-05-14,2637,1929025,Foreign_Investor,4594000
2025-05-14,2637,0,Foreign_Dealer_Self,0
2025-05-14,2637,19000,Investment_Trust,21000
2025-05-14,2637,61000,Dealer_self,40588
2025-05-14,2637,75527,Dealer_Hedging,28999
2025-05-15,2637,1902000,Foreign_Investor,2877472
2025-05-15,2637,0,Foreign_Dealer_Self,0
2025-05-15,2637,11000,Investment_Trust,9000
2025-05-15,2637,20000,Dealer_self,36006
2025-05-15,2637,31379,Dealer_Hedging,29898
2025-05-16,2637,4003215,Foreign_Investor,4451000
2025-05-16,2637,0,Foreign_Dealer_Self,0
2025-05-16,2637,0,Investment_Trust,52000
2025-05-16,2637,58633,Dealer_self,147125
2025-05-16,2637,496910,Dealer_Hedging,32158
2025-05-19,2637,2852675,Foreign_Investor,6017590
2025-05-19,2637,0,Foreign_Dealer_Self,0
2025-05-19,2637,113000,Investment_Trust,257000
2025-05-19,2637,11090,Dealer_self,23130
2025-05-19,2637,38423,Dealer_Hedging,267425
2025-05-20,2637,1858000,Foreign_Investor,3181675
2025-05-20,2637,0,Foreign_Dealer_Self,0
2025-05-20,2637,1000,Investment_Trust,251000
2025-05-20,2637,16000,Dealer_self,9010
2025-05-20,2637,22000,Dealer_Hedging,105534
2025-05-21,2637,1194469,Foreign_Investor,1385000
2025-05-21,2637,0,Foreign_Dealer_Self,0
2025-05-21,2637,0,Investment_Trust,251000
2025-05-21,2637,114000,Dealer_self,5702
2025-05-21,2637,7201,Dealer_Hedging,70460
2025-05-22,2637,1665321,Foreign_Investor,1536000
2025-05-22,2637,0,Foreign_Dealer_Self,0
2025-05-22,2637,2000,Investment_Trust,285000
2025-05-22,2637,55000,Dealer_self,62467
2025-05-22,2637,16010,Dealer_Hedging,38028
2025-05-23,2637,1996010,Foreign_Investor,2850086
2025-05-23,2637,0,Foreign_Dealer_Self,0
2025-05-23,2637,0,Investment_Trust,1029000
2025-05-23,2637,192000,Dealer_self,135265
2025-05-23,2637,219688,Dealer_Hedging,35600
2025-05-26,2637,1579840,Foreign_Investor,4705000
2025-05-26,2637,0,Foreign_Dealer_Self,0
2025-05-26,2637,0,Investment_Trust,292000
2025-05-26,2637,240000,Dealer_self,17000
2025-05-26,2637,35290,Dealer_Hedging,88026
2025-05-27,2637,1551000,Foreign_Investor,2117000
2025-05-27,2637,0,Foreign_Dealer_Self,0
2025-05-27,2637,156000,Investment_Trust,60000
2025-05-27,2637,197000,Dealer_self,68000
2025-05-27,2637,81194,Dealer_Hedging,81373
2025-05-28,2637,883000,Foreign_Investor,4732810
2025-05-28,2637,0,Foreign_Dealer_Self,0
2025-05-28,2637,1000,Investment_Trust,248000
2025-05-28,2637,184000,Dealer_self,21092
2025-05-28,2637,19000,Dealer_Hedging,147507
2025-05-29,2637,3580640,Foreign_Investor,1784000
2025-05-29,2637,0,Foreign_Dealer_Self,0
2025-05-29,2637,0,Investment_Trust,0
2025-05-29,2637,80000,Dealer_self,2507
2025-05-29,2637,119969,Dealer_Hedging,14158
2025-06-02,2637,2118668,Foreign_Investor,2033270
2025-06-02,2637,0,Foreign_Dealer_Self,0
2025-06-02,2637,25500,Investment_Trust,13000
2025-06-02,2637,166000,Dealer_self,36000
2025-06-02,2637,21034,Dealer_Hedging,105673
2025-06-03,2637,6499330,Foreign_Investor,2109534
2025-06-03,2637,0,Foreign_Dealer_Self,0
2025-06-03,2637,2000,Investment_Trust,4919000
2025-06-03,2637,284000,Dealer_self,364000
2025-06-03,2637,137549,Dealer_Hedging,106548
2025-06-04,2637,2440757,Foreign_Investor,2829053
2025-06-04,2637,0,Foreign_Dealer_Self,0
2025-06-04,2637,5000,Investment_Trust,2547000
2025-06-04,2637,140000,Dealer_self,63000
2025-06-04,2637,37697,Dealer_Hedging,83398
2025-06-05,2637,2214186,Foreign_Investor,5094739
2025-06-05,2637,0,Foreign_Dealer_Self,0
2025-06-05,2637,1000,Investment_Trust,1347500
2025-06-05,2637,250000,Dealer_self,120797
2025-06-05,2637,279000,Dealer_Hedging,347920
2025-06-06,2637,3986567,Foreign_Investor,1391186
2025-06-06,2637,0,Foreign_Dealer_Self,0
2025-06-06,2637,11000,Investment_Trust,0
2025-06-06,2637,146000,Dealer_self,81000
2025-06-06,2637,103109,Dealer_Hedging,62037
2025-06-09,2637,2855039,Foreign_Investor,2243196
2025-06-09,2637,0,Foreign_Dealer_Self,0
2025-06-09,2637,0,Investment_Trust,0
2025-06-09,2637,161000,Dealer_self,1000
2025-06-09,2637,35204,Dealer_Hedging,34000
2025-06-10,2637,3236000,Foreign_Investor,2754000
2025-06-10,2637,0,Foreign_Dealer_Self,0
2025-06-10,2637,4000,Investment_Trust,2700
2025-06-10,2637,189000,Dealer_self,12000
2025-06-10,2637,53000,Dealer_Hedging,82100
2025-06-11,2637,4945000,Foreign_Investor,3521578
2025-06-11,2637,0,Foreign_Dealer_Self,0
2025-06-11,2637,12000,Investment_Trust,63000
2025-06-11,2637,157000,Dealer_self,5000
2025-06-11,2637,17000,Dealer_Hedging,23000
2025-06-12,2637,3659000,Foreign_Investor,4206020
2025-06-12,2637,0,Foreign_Dealer_Self,0
2025-06-12,2637,0,Investment_Trust,0
2025-06-12,2637,91000,Dealer_self,42000
2025-06-12,2637,95000,Dealer_Hedging,76429
2025-06-13,2637,4736000,Foreign_Investor,2803000
2025-06-13,2637,0,Foreign_Dealer_Self,0
2025-06-13,2637,16000,Investment_Trust,0
2025-06-13,2637,101000,Dealer_self,134477
2025-06-13,2637,113460,Dealer_Hedging,14495
2025-06-16,2637,5523000,Foreign_Investor,1148000
2025-06-16,2637,0,Foreign_Dealer_Self,0
2025-06-16,2637,0,Investment_Trust,18000
2025-06-16,2637,130814,Dealer_self,1000
2025-06-16,2637,144893,Dealer_Hedging,115000
2025-06-17,2637,1384344,Foreign_Investor,4287029
2025-06-17,2637,0,Foreign_Dealer_Self,0
2025-06-17,2637,22000,Investment_Trust,1400
2025-06-17,2637,305000,Dealer_self,482112
2025-06-17,2637,71544,Dealer_Hedging,208590
2025-06-18,2637,1191000,Foreign_Investor,965000
2025-06-18,2637,0,Foreign_Dealer_Self,0
2025-06-18,2637,0,Investment_Trust,0
2025-06-18,2637,7000,Dealer_self,154805
2025-06-18,2637,23000,Dealer_Hedging,76294
2025-06-19,2637,555148,Foreign_Investor,1825000
2025-06-19,2637,0,Foreign_Dealer_Self,0
2025-06-19,2637,0,Investment_Trust,0
2025-06-19,2637,27000,Dealer_self,46195
2025-06-19,2637,47000,Dealer_Hedging,86956
2025-06-20,2637,3401000,Foreign_Investor,4819000
2025-06-20,2637,0,Foreign_Dealer_Self,0
2025-06-20,2637,57300,Investment_Trust,0
2025-06-20,2637,15000,Dealer_self,61320
2025-06-20,2637,34000,Dealer_Hedging,104189
2025-06-23,2637,2357000,Foreign_Investor,1762000
2025-06-23,2637,0,Foreign_Dealer_Self,0
2025-06-23,2637,0,Investment_Trust,11000
2025-06-23,2637,0,Dealer_self,23000
2025-06-23,2637,29000,Dealer_Hedging,111152
2025-06-24,2637,1919213,Foreign_Investor,973892
2025-06-24,2637,0,Foreign_Dealer_Self,0
2025-06-24,2637,3000,Investment_Trust,0
2025-06-24,2637,10000,Dealer_self,0
2025-06-24,2637,29789,Dealer_Hedging,11000
2025-06-25,2637,378000,Foreign_Investor,1191246
2025-06-25,2637,0,Foreign_Dealer_Self,0
2025-06-25,2637,3000,Investment_Trust,0
2025-06-25,2637,0,Dealer_self,5000
2025-06-25,2637,19000,Dealer_Hedging,8000
2025-06-26,2637,751512,Foreign_Investor,897000
2025-06-26,2637,0,Foreign_Dealer_Self,0
2025-06-26,2637,1000,Investment_Trust,0
2025-06-26,2637,3000,Dealer_self,57000
2025-06-26,2637,21000,Dealer_Hedging,3135
2025-06-27,2637,605086,Foreign_Investor,1600000
2025-06-27,2637,0,Foreign_Dealer_Self,0
2025-06-27,2637,66000,Investment_Trust,1000
2025-06-27,2637,0,Dealer_self,72000
2025-06-27,2637,1001,Dealer_Hedging,7000
2025-06-30,2637,635067,Foreign_Investor,1003000
2025-06-30,2637,0,Foreign_Dealer_Self,0
2025-06-30,2637,30000,Investment_Trust,9600
2025-06-30,2637,22000,Dealer_self,44680
2025-06-30,2637,0,Dealer_Hedging,16407
2025-07-01,2637,859800,Foreign_Investor,603000
2025-07-01,2637,0,Foreign_Dealer_Self,0
2025-07-01,2637,51000,Investment_Trust,0
2025-07-01,2637,40000,Dealer_self,4417
2025-07-01,2637,1000,Dealer_Hedging,4000
2025-07-02,2637,841000,Foreign_Investor,727000
2025-07-02,2637,0,Foreign_Dealer_Self,0
2025-07-02,2637,6000,Investment_Trust,0
2025-07-02,2637,1000,Dealer_self,11104
2025-07-02,2637,19338,Dealer_Hedging,0
2025-07-03,2637,1440000,Foreign_Investor,441000
2025-07-03,2637,0,Foreign_Dealer_Self,0
2025-07-03,2637,40000,Investment_Trust,0
2025-07-03,2637,7000,Dealer_self,13194
2025-07-03,2637,2000,Dealer_Hedging,5000
2025-07-04,2637,789000,Foreign_Investor,1880000
2025-07-04,2637,0,Foreign_Dealer_Self,0
2025-07-04,2637,5000,Investment_Trust,110000
2025-07-04,2637,10000,Dealer_self,13907
2025-07-04,2637,1000,Dealer_Hedging,35557
2025-07-07,2637,742283,Foreign_Investor,449000
2025-07-07,2637,0,Foreign_Dealer_Self,0
2025-07-07,2637,3000,Investment_Trust,0
2025-07-07,2637,6000,Dealer_self,5902
2025-07-07,2637,22623,Dealer_Hedging,30000
2025-07-08,2637,459208,Foreign_Investor,521000
2025-07-08,2637,0,Foreign_Dealer_Self,0
2025-07-08,2637,10000,Investment_Trust,5000
2025-07-08,2637,25117,Dealer_self,6475
2025-07-08,2637,19242,Dealer_Hedging,7210
2025-07-09,2637,638010,Foreign_Investor,362383
2025-07-09,2637,0,Foreign_Dealer_Self,0
2025-07-09,2637,6000,Investment_Trust,16400
2025-07-09,2637,2000,Dealer_self,1316
2025-07-09,2637,8676,Dealer_Hedging,12438
2025-07-10,2637,651146,Foreign_Investor,804000
2025-07-10,2637,0,Foreign_Dealer_Self,0
2025-07-10,2637,35000,Investment_Trust,0
2025-07-10,2637,4000,Dealer_self,16021
2025-07-10,2637,15041,Dealer_Hedging,11578
2025-07-11,2637,2125200,Foreign_Investor,713704
2025-07-11,2637,0,Foreign_Dealer_Self,0
2025-07-11,2637,122000,Investment_Trust,124000
2025-07-11,2637,1000,Dealer_self,0
2025-07-11,2637,96577,Dealer_Hedging,6342
2025-07-14,2637,1297189,Foreign_Investor,1755000
2025-07-14,2637,0,Foreign_Dealer_Self,0
2025-07-14,2637,178000,Investment_Trust,0
2025-07-14,2637,50000,Dealer_self,4000
2025-07-14,2637,51025,Dealer_Hedging,21613
2025-07-15,2637,1008167,Foreign_Investor,1250000
2025-07-15,2637,0,Foreign_Dealer_Self,0
2025-07-15,2637,204000,Investment_Trust,41000
2025-07-15,2637,7000,Dealer_self,8017
2025-07-15,2637,1071,Dealer_Hedging,33147
2025-07-16,2637,1810082,Foreign_Investor,403000
2025-07-16,2637,0,Foreign_Dealer_Self,0
2025-07-16,2637,272000,Investment_Trust,1059000
2025-07-16,2637,17000,Dealer_self,79000
2025-07-16,2637,6594,Dealer_Hedging,4084
2025-07-17,2637,1759120,Foreign_Investor,635000
2025-07-17,2637,0,Foreign_Dealer_Self,0
2025-07-17,2637,134000,Investment_Trust,1060000
2025-07-17,2637,15000,Dealer_self,4000
2025-07-17,2637,2000,Dealer_Hedging,10296
2025-07-18,2637,1943100,Foreign_Investor,867000
2025-07-18,2637,0,Foreign_Dealer_Self,0
2025-07-18,2637,0,Investment_Trust,1043000
2025-07-18,2637,75090,Dealer_self,3049
2025-07-18,2637,23936,Dealer_Hedging,1020
2025-07-21,2637,1667847,Foreign_Investor,164000
2025-07-21,2637,0,Foreign_Dealer_Self,0
2025-07-21,2637,0,Investment_Trust,1028000
2025-07-21,2637,749,Dealer_self,16448
2025-07-21,2637,29134,Dealer_Hedging,2000
2025-07-22,2637,1925130,Foreign_Investor,657000
2025-07-22,2637,0,Foreign_Dealer_Self,0
2025-07-22,2637,0,Investment_Trust,1032000
2025-07-22,2637,6000,Dealer_self,61109
2025-07-22,2637,5000,Dealer_Hedging,32229
2025-07-23,2637,1726126,Foreign_Investor,304040
2025-07-23,2637,0,Foreign_Dealer_Self,0
2025-07-23,2637,0,Investment_Trust,0
2025-07-23,2637,57626,Dealer_self,0
2025-07-23,2637,2103,Dealer_Hedging,14100
2025-07-24,2637,5827000,Foreign_Investor,2413782
2025-07-24,2637,0,Foreign_Dealer_Self,0
2025-07-24,2637,0,Investment_Trust,0
2025-07-24,2637,1059842,Dealer_self,17176
2025-07-24,2637,261113,Dealer_Hedging,16000
2025-07-25,2637,2523000,Foreign_Investor,5625000
2025-07-25,2637,0,Foreign_Dealer_Self,0
2025-07-25,2637,0,Investment_Trust,0
2025-07-25,2637,125085,Dealer_self,24285
2025-07-25,2637,29000,Dealer_Hedging,88743
2025-07-28,2637,1295000,Foreign_Investor,1043000
2025-07-28,2637,0,Foreign_Dealer_Self,0
2025-07-28,2637,0,Investment_Trust,1400
2025-07-28,2637,35000,Dealer_self,1050
2025-07-28,2637,20,Dealer_Hedging,51201
2025-07-29,2637,423000,Foreign_Investor,781000
2025-07-29,2637,0,Foreign_Dealer_Self,0
2025-07-29,2637,1300,Investment_Trust,0
2025-07-29,2637,27286,Dealer_self,24176
2025-07-29,2637,13000,Dealer_Hedging,52441
2025-07-30,2637,1097000,Foreign_Investor,791246
2025-07-30,2637,0,Foreign_Dealer_Self,0
2025-07-30,2637,0,Investment_Trust,3000
2025-07-30,2637,11000,Dealer_self,578
2025-07-30,2637,8037,Dealer_Hedging,8097
2025-07-31,2637,410000,Foreign_Investor,1651000
2025-07-31,2637,0,Foreign_Dealer_Self,0
2025-07-31,2637,0,Investment_Trust,0
2025-07-31,2637,30000,Dealer_self,37551
2025-07-31,2637,0,Dealer_Hedging,50441
2025-08-01,2637,718000,Foreign_Investor,628000
2025-08-01,2637,0,Foreign_Dealer_Self,0
2025-08-01,2637,20000,Investment_Trust,1000
2025-08-01,2637,11000,Dealer_self,43172
2025-08-01,2637,9000,Dealer_Hedging,5609
2025-08-04,2637,685019,Foreign_Investor,388000
2025-08-04,2637,0,Foreign_Dealer_Self,0
2025-08-04,2637,0,Investment_Trust,6000
2025-08-04,2637,2000,Dealer_self,77361
2025-08-04,2637,1000,Dealer_Hedging,11000
2025-08-05,2637,365000,Foreign_Investor,362691
2025-08-05,2637,0,Foreign_Dealer_Self,0
2025-08-05,2637,0,Investment_Trust,0
2025-08-05,2637,7000,Dealer_self,12968
2025-08-05,2637,0,Dealer_Hedging,13401
2025-08-06,2637,543474,Foreign_Investor,290000
2025-08-06,2637,0,Foreign_Dealer_Self,0
2025-08-06,2637,0,Investment_Trust,5000
2025-08-06,2637,2000,Dealer_self,27005
2025-08-06,2637,0,Dealer_Hedging,0
2025-08-07,2637,501000,Foreign_Investor,304014
2025-08-07,2637,0,Foreign_Dealer_Self,0
2025-08-07,2637,27000,Investment_Trust,1000
2025-08-07,2637,7199,Dealer_self,42986
2025-08-07,2637,14010,Dealer_Hedging,9000
2025-08-08,2637,1577322,Foreign_Investor,1143000
2025-08-08,2637,0,Foreign_Dealer_Self,0
2025-08-08,2637,32000,Investment_Trust,3300
2025-08-08,2637,54373,Dealer_self,13774
2025-08-08,2637,214230,Dealer_Hedging,1928
2025-08-11,2637,1651444,Foreign_Investor,1157000
2025-08-11,2637,0,Foreign_Dealer_Self,0
2025-08-11,2637,130000,Investment_Trust,0
2025-08-11,2637,33374,Dealer_self,53001
2025-08-11,2637,20774,Dealer_Hedging,133100
2025-08-12,2637,1409000,Foreign_Investor,776000
2025-08-12,2637,0,Foreign_Dealer_Self,0
2025-08-12,2637,47000,Investment_Trust,0
2025-08-12,2637,0,Dealer_self,2000
2025-08-12,2637,53724,Dealer_Hedging,19000
2025-08-13,2637,1154000,Foreign_Investor,1658000
2025-08-13,2637,0,Foreign_Dealer_Self,0
2025-08-13,2637,2000,Investment_Trust,5000
2025-08-13,2637,16340,Dealer_self,3659
2025-08-13,2637,3000,Dealer_Hedging,63643
2025-08-14,2637,2010243,Foreign_Investor,1519000
2025-08-14,2637,0,Foreign_Dealer_Self,0
2025-08-14,2637,153000,Investment_Trust,0
2025-08-14,2637,35320,Dealer_self,0
2025-08-14,2637,34504,Dealer_Hedging,2668
2025-08-15,2637,2267000,Foreign_Investor,871000
2025-08-15,2637,0,Foreign_Dealer_Self,0
2025-08-15,2637,880800,Investment_Trust,0
2025-08-15,2637,55000,Dealer_self,6000
2025-08-15,2637,94273,Dealer_Hedging,0
2025-08-18,2637,2152102,Foreign_Investor,4616200
2025-08-18,2637,0,Foreign_Dealer_Self,0
2025-08-18,2637,1008000,Investment_Trust,0
2025-08-18,2637,22000,Dealer_self,7732
2025-08-18,2637,301681,Dealer_Hedging,45528
2025-08-19,2637,2349000,Foreign_Investor,2103000
2025-08-19,2637,0,Foreign_Dealer_Self,0
2025-08-19,2637,590000,Investment_Trust,5000
2025-08-19,2637,9310,Dealer_self,4000
2025-08-19,2637,278853,Dealer_Hedging,115444
2025-08-20,2637,1512000,Foreign_Investor,1263000
2025-08-20,2637,0,Foreign_Dealer_Self,0
2025-08-20,2637,70000,Investment_Trust,0
2025-08-20,2637,180188,Dealer_self,29281
2025-08-20,2637,53000,Dealer_Hedging,163385
2025-08-21,2637,889739,Foreign_Investor,856000
2025-08-21,2637,0,Foreign_Dealer_Self,0
2025-08-21,2637,58000,Investment_Trust,17000
2025-08-21,2637,36000,Dealer_self,179692
2025-08-21,2637,22100,Dealer_Hedging,36979
2025-08-22,2637,1409200,Foreign_Investor,1230604
2025-08-22,2637,0,Foreign_Dealer_Self,0
2025-08-22,2637,0,Investment_Trust,0
2025-08-22,2637,5000,Dealer_self,3118
2025-08-22,2637,1000,Dealer_Hedging,108670
2025-08-25,2637,1702000,Foreign_Investor,1230000
2025-08-25,2637,0,Foreign_Dealer_Self,0
2025-08-25,2637,0,Investment_Trust,0
2025-08-25,2637,2000,Dealer_self,55043
2025-08-25,2637,65846,Dealer_Hedging,1102
2025-08-26,2637,1478093,Foreign_Investor,3578000
2025-08-26,2637,0,Foreign_Dealer_Self,0
2025-08-26,2637,4000,Investment_Trust,0
2025-08-26,2637,7000,Dealer_self,7060
2025-08-26,2637,27000,Dealer_Hedging,40758
2025-08-27,2637,2476000,Foreign_Investor,827000
2025-08-27,2637,0,Foreign_Dealer_Self,0
2025-08-27,2637,0,Investment_Trust,500
2025-08-27,2637,20407,Dealer_self,25131
2025-08-27,2637,64160,Dealer_Hedging,4000
2025-08-28,2637,1474296,Foreign_Investor,1482861
2025-08-28,2637,0,Foreign_Dealer_Self,0
2025-08-28,2637,0,Investment_Trust,12600
2025-08-28,2637,11000,Dealer_self,10088
2025-08-28,2637,65007,Dealer_Hedging,75210
2025-08-29,2637,536056,Foreign_Investor,2242662
2025-08-29,2637,0,Foreign_Dealer_Self,0
2025-08-29,2637,3900,Investment_Trust,5000
2025-08-29,2637,18000,Dealer_self,33074
2025-08-29,2637,47000,Dealer_Hedging,85189
2025-09-01,2637,1007000,Foreign_Investor,1282000
2025-09-01,2637,0,Foreign_Dealer_Self,0
2025-09-01,2637,183000,Investment_Trust,4000
2025-09-01,2637,15040,Dealer_self,5000
2025-09-01,2637,9000,Dealer_Hedging,110972
2025-09-02,2637,572000,Foreign_Investor,1464000
2025-09-02,2637,0,Foreign_Dealer_Self,0
2025-09-02,2637,158800,Investment_Trust,0
2025-09-02,2637,9000,Dealer_self,9587
2025-09-02,2637,2000,Dealer_Hedging,45439
2025-09-03,2637,299660,Foreign_Investor,2084000
2025-09-03,2637,0,Foreign_Dealer_Self,0
2025-09-03,2637,165000,Investment_Trust,6700
2025-09-03,2637,16000,Dealer_self,15746
2025-09-03,2637,22000,Dealer_Hedging,69959
2025-09-04,2637,1261723,Foreign_Investor,803000
2025-09-04,2637,0,Foreign_Dealer_Self,0
2025-09-04,2637,3300,Investment_Trust,0
2025-09-04,2637,4000,Dealer_self,1999
2025-09-04,2637,23281,Dealer_Hedging,12000
2025-09-05,2637,708000,Foreign_Investor,1186000
2025-09-05,2637,0,Foreign_Dealer_Self,0
2025-09-05,2637,0,Investment_Trust,14000
2025-09-05,2637,17000,Dealer_self,9279
2025-09-05,2637,2449,Dealer_Hedging,34877
2025-09-08,2637,641000,Foreign_Investor,1113000
2025-09-08,2637,0,Foreign_Dealer_Self,0
2025-09-08,2637,0,Investment_Trust,7000
2025-09-08,2637,8000,Dealer_self,8191
2025-09-08,2637,0,Dealer_Hedging,30060
2025-09-09,2637,869000,Foreign_Investor,727000
2025-09-09,2637,0,Foreign_Dealer_Self,0
2025-09-09,2637,0,Investment_Trust,20000
2025-09-09,2637,1000,Dealer_self,18436
2025-09-09,2637,0,Dealer_Hedging,0
2025-09-10,2637,2217000,Foreign_Investor,1272000
2025-09-10,2637,0,Foreign_Dealer_Self,0
2025-09-10,2637,280000,Investment_Trust,28500
2025-09-10,2637,19122,Dealer_self,14946
2025-09-10,2637,69170,Dealer_Hedging,9099
2025-09-11,2637,1068025,Foreign_Investor,1509000
2025-09-11,2637,0,Foreign_Dealer_Self,0
2025-09-11,2637,0,Investment_Trust,11000
2025-09-11,2637,14280,Dealer_self,15376
2025-09-11,2637,42290,Dealer_Hedging,39534
2025-09-12,2637,529551,Foreign_Investor,801855
2025-09-12,2637,0,Foreign_Dealer_Self,0
2025-09-12,2637,1000,Investment_Trust,2000
2025-09-12,2637,20000,Dealer_self,2993
2025-09-12,2637,19000,Dealer_Hedging,5000
2025-09-15,2637,583000,Foreign_Investor,692000
2025-09-15,2637,0,Foreign_Dealer_Self,0
2025-09-15,2637,7600,Investment_Trust,13000
2025-09-15,2637,12000,Dealer_self,5240
2025-09-15,2637,25000,Dealer_Hedging,27903
2025-09-16,2637,1194000,Foreign_Investor,1254000
2025-09-16,2637,0,Foreign_Dealer_Self,0
2025-09-16,2637,316000,Investment_Trust,71000
2025-09-16,2637,6000,Dealer_self,14650
2025-09-16,2637,303479,Dealer_Hedging,22080
2025-09-17,2637,1205000,Foreign_Investor,1077000
2025-09-17,2637,0,Foreign_Dealer_Self,0
2025-09-17,2637,327000,Investment_Trust,120000
2025-09-17,2637,31000,Dealer_self,56091
2025-09-17,2637,7000,Dealer_Hedging,139582
2025-09-18,2637,1215506,Foreign_Investor,596000
2025-09-18,2637,0,Foreign_Dealer_Self,0
2025-09-18,2637,284000,Investment_Trust,44000
2025-09-18,2637,59000,Dealer_self,1060
2025-09-18,2637,11010,Dealer_Hedging,11840
2025-09-19,2637,1870000,Foreign_Investor,582080
2025-09-19,2637,0,Foreign_Dealer_Self,0
2025-09-19,2637,6000,Investment_Trust,466000
2025-09-19,2637,9000,Dealer_self,11000
2025-09-19,2637,74061,Dealer_Hedging,18000
2025-09-22,2637,541000,Foreign_Investor,2243000
2025-09-22,2637,0,Foreign_Dealer_Self,0
2025-09-22,2637,0,Investment_Trust,26000
2025-09-22,2637,19000,Dealer_self,385521
2025-09-22,2637,18000,Dealer_Hedging,38656
2025-09-23,2637,830000,Foreign_Investor,1261051
2025-09-23,2637,0,Foreign_Dealer_Self,0
2025-09-23,2637,0,Investment_Trust,25000
2025-09-23,2637,10000,Dealer_self,29354
2025-09-23,2637,1000,Dealer_Hedging,23697
2025-09-24,2637,1340000,Foreign_Investor,486467
2025-09-24,2637,0,Foreign_Dealer_Self,0
2025-09-24,2637,1500,Investment_Trust,43000
2025-09-24,2637,36081,Dealer_self,115064
2025-09-24,2637,6000,Dealer_Hedging,1000
2025-09-25,2637,3633035,Foreign_Investor,651000
2025-09-25,2637,0,Foreign_Dealer_Self,0
2025-09-25,2637,1800,Investment_Trust,15000
2025-09-25,2637,12936,Dealer_self,27000
2025-09-25,2637,122791,Dealer_Hedging,6000
2025-09-26,2637,661000,Foreign_Investor,1754000
2025-09-26,2637,0,Foreign_Dealer_Self,0
2025-09-26,2637,0,Investment_Trust,2000
2025-09-26,2637,36277,Dealer_self,26219
2025-09-26,2637,12000,Dealer_Hedging,78202
2025-09-30,2637,1405000,Foreign_Investor,2054598
2025-09-30,2637,0,Foreign_Dealer_Self,0
2025-09-30,2637,1300,Investment_Trust,0
2025-09-30,2637,26000,Dealer_self,7836
2025-09-30,2637,10000,Dealer_Hedging,68840
2025-10-01,2637,959076,Foreign_Investor,1517000
2025-10-01,2637,0,Foreign_Dealer_Self,0
2025-10-01,2637,0,Investment_Trust,38000
2025-10-01,2637,11000,Dealer_self,4516
2025-10-01,2637,13000,Dealer_Hedging,77804
2025-10-02,2637,657025,Foreign_Investor,2638000
2025-10-02,2637,0,Foreign_Dealer_Self,0
2025-10-02,2637,1000,Investment_Trust,130000
2025-10-02,2637,12000,Dealer_self,12728
2025-10-02,2637,1000,Dealer_Hedging,98771
2025-10-03,2637,863010,Foreign_Investor,647000
2025-10-03,2637,0,Foreign_Dealer_Self,0
2025-10-03,2637,2000,Investment_Trust,102000
2025-10-03,2637,0,Dealer_self,3005
2025-10-03,2637,7000,Dealer_Hedging,42498
2025-10-07,2637,1506000,Foreign_Investor,819863
2025-10-07,2637,0,Foreign_Dealer_Self,0
2025-10-07,2637,0,Investment_Trust,78000
2025-10-07,2637,28000,Dealer_self,28979
2025-10-07,2637,27070,Dealer_Hedging,3000
2025-10-08,2637,1395000,Foreign_Investor,739000
2025-10-08,2637,0,Foreign_Dealer_Self,0
2025-10-08,2637,60000,Investment_Trust,43000
2025-10-08,2637,22000,Dealer_self,6416
2025-10-08,2637,15977,Dealer_Hedging,12000
2025-10-09,2637,4457020,Foreign_Investor,1420000
2025-10-09,2637,0,Foreign_Dealer_Self,0
2025-10-09,2637,63000,Investment_Trust,23000
2025-10-09,2637,186,Dealer_self,1000
2025-10-09,2637,63564,Dealer_Hedging,12000
2025-10-13,2637,4632000,Foreign_Investor,1722017
2025-10-13,2637,0,Foreign_Dealer_Self,0
2025-10-13,2637,43000,Investment_Trust,21000
2025-10-13,2637,13691,Dealer_self,8000
2025-10-13,2637,128784,Dealer_Hedging,47000
2025-10-14,2637,11846000,Foreign_Investor,10200000
2025-10-14,2637,0,Foreign_Dealer_Self,0
2025-10-14,2637,94300,Investment_Trust,1221000
2025-10-14,2637,130928,Dealer_self,359474
2025-10-14,2637,885749,Dealer_Hedging,167818
2025-10-15,2637,0,Foreign_Dealer_Self,0
2025-10-15,2637,172500,Investment_Trust,9000
2025-10-15,2637,38345,Dealer_self,10125
2025-10-15,2637,34717,Dealer_Hedging,235374
2025-10-15,2637,6722098,Foreign_Investor,7153515
2025-10-16,2637,2088000,Foreign_Investor,971800
2025-10-16,2637,0,Foreign_Dealer_Self,0
2025-10-16,2637,7000,Investment_Trust,64000
2025-10-16,2637,11000,Dealer_self,33244
2025-10-16,2637,12959,Dealer_Hedging,67138
2025-10-17,2637,2524235,Foreign_Investor,4915000
2025-10-17,2637,0,Foreign_Dealer_Self,0
2025-10-17,2637,73000,Investment_Trust,140000
2025-10-17,2637,67000,Dealer_self,68427
2025-10-17,2637,37000,Dealer_Hedging,10638
2025-10-20,2637,1935025,Foreign_Investor,1315000
2025-10-20,2637,0,Foreign_Dealer_Self,0
2025-10-20,2637,8000,Investment_Trust,22000
2025-10-20,2637,3000,Dealer_self,1864
2025-10-20,2637,5000,Dealer_Hedging,144261
2025-10-21,2637,2166000,Foreign_Investor,1071000
2025-10-21,2637,0,Foreign_Dealer_Self,0
2025-10-21,2637,0,Investment_Trust,289000
2025-10-21,2637,6282,Dealer_self,75
2025-10-21,2637,24152,Dealer_Hedging,32018
2025-10-22,2637,3699000,Foreign_Investor,1757000
2025-10-22,2637,0,Foreign_Dealer_Self,0
2025-10-22,2637,0,Investment_Trust,240000
2025-10-22,2637,11000,Dealer_self,5000
2025-10-22,2637,100083,Dealer_Hedging,10000
2025-10-23,2637,992615,Foreign_Investor,1018000
2025-10-23,2637,0,Foreign_Dealer_Self,0
2025-10-23,2637,0,Investment_Trust,91000
2025-10-23,2637,2000,Dealer_self,3339
2025-10-23,2637,25530,Dealer_Hedging,84077
2025-10-27,2637,1482000,Foreign_Investor,2033000
2025-10-27,2637,0,Foreign_Dealer_Self,0
2025-10-27,2637,0,Investment_Trust,206809
2025-10-27,2637,36000,Dealer_self,1000
2025-10-27,2637,19000,Dealer_Hedging,65469
2025-10-28,2637,2443097,Foreign_Investor,1627000
2025-10-28,2637,0,Foreign_Dealer_Self,0
2025-10-28,2637,0,Investment_Trust,10000
2025-10-28,2637,6107,Dealer_self,4800
2025-10-28,2637,24313,Dealer_Hedging,31000
2025-10-29,2637,1333975,Foreign_Investor,1060000
2025-10-29,2637,0,Foreign_Dealer_Self,0
2025-10-29,2637,0,Investment_Trust,13000
2025-10-29,2637,8000,Dealer_self,25048
2025-10-29,2637,27430,Dealer_Hedging,15015
2025-10-30,2637,3655000,Foreign_Investor,2567315
2025-10-30,2637,0,Foreign_Dealer_Self,0
2025-10-30,2637,0,Investment_Trust,922000
2025-10-30,2637,2099,Dealer_self,125921
2025-10-30,2637,585028,Dealer_Hedging,42039
2025-10-31,2637,2345119,Foreign_Investor,4144889
2025-10-31,2637,0,Foreign_Dealer_Self,0
2025-10-31,2637,0,Investment_Trust,228000
2025-10-31,2637,25200,Dealer_self,6339
2025-10-31,2637,36155,Dealer_Hedging,376304
2025-11-03,2637,1228000,Foreign_Investor,295000
2025-11-03,2637,0,Foreign_Dealer_Self,0
2025-11-03,2637,0,Investment_Trust,191000
2025-11-03,2637,120000,Dealer_self,8000
2025-11-03,2637,13000,Dealer_Hedging,46000
2025-11-04,2637,1067356,Foreign_Investor,1050000
2025-11-04,2637,0,Foreign_Dealer_Self,0
2025-11-04,2637,0,Investment_Trust,63300
2025-11-04,2637,15000,Dealer_self,12793
2025-11-04,2637,10000,Dealer_Hedging,114673
2025-11-05,2637,2000000,Foreign_Investor,714050
2025-11-05,2637,0,Foreign_Dealer_Self,0
2025-11-05,2637,404860,Investment_Trust,121000
2025-11-05,2637,2011,Dealer_self,810779
2025-11-05,2637,6350,Dealer_Hedging,48729
2025-11-06,2637,1937000,Foreign_Investor,931000
2025-11-06,2637,0,Foreign_Dealer_Self,0
2025-11-06,2637,409900,Investment_Trust,219000
2025-11-06,2637,41100,Dealer_self,344012
2025-11-06,2637,57957,Dealer_Hedging,12000
2025-11-07,2637,1164000,Foreign_Investor,1471000
2025-11-07,2637,0,Foreign_Dealer_Self,0
2025-11-07,2637,386256,Investment_Trust,6000
2025-11-07,2637,0,Dealer_self,622511
2025-11-07,2637,7000,Dealer_Hedging,42013
2025-11-10,2637,1016000,Foreign_Investor,769000
2025-11-10,2637,0,Foreign_Dealer_Self,0
2025-11-10,2637,0,Investment_Trust,4900
2025-11-10,2637,6393,Dealer_self,52
2025-11-10,2637,13000,Dealer_Hedging,24149
2025-11-11,2637,724692,Foreign_Investor,736000
2025-11-11,2637,0,Foreign_Dealer_Self,0
2025-11-11,2637,5100,Investment_Trust,107275
2025-11-11,2637,1055,Dealer_self,7493
2025-11-11,2637,37000,Dealer_Hedging,12000
2025-11-12,2637,1764478,Foreign_Investor,740000
2025-11-12,2637,0,Foreign_Dealer_Self,0
2025-11-12,2637,0,Investment_Trust,225410
2025-11-12,2637,300,Dealer_self,11000
2025-11-12,2637,20000,Dealer_Hedging,9000
2025-11-13,2637,1683478,Foreign_Investor,1093000
2025-11-13,2637,0,Foreign_Dealer_Self,0
2025-11-13,2637,3300,Investment_Trust,301000
2025-11-13,2637,1115,Dealer_self,2271
2025-11-13,2637,70683,Dealer_Hedging,27207
2025-11-14,2637,4129000,Foreign_Investor,1646000
2025-11-14,2637,0,Foreign_Dealer_Self,0
2025-11-14,2637,0,Investment_Trust,1294549
2025-11-14,2637,974,Dealer_self,5519
2025-11-14,2637,115517,Dealer_Hedging,96030
2025-11-17,2637,2459582,Foreign_Investor,989000
2025-11-17,2637,0,Foreign_Dealer_Self,0
2025-11-17,2637,0,Investment_Trust,11000
2025-11-17,2637,14451,Dealer_self,12107
2025-11-17,2637,70052,Dealer_Hedging,71254
2025-11-18,2637,3019030,Foreign_Investor,1649000
2025-11-18,2637,0,Foreign_Dealer_Self,0
2025-11-18,2637,0,Investment_Trust,17589
2025-11-18,2637,27548,Dealer_self,16565
2025-11-18,2637,100989,Dealer_Hedging,70508
2025-11-19,2637,2199684,Foreign_Investor,2261000
2025-11-19,2637,0,Foreign_Dealer_Self,0
2025-11-19,2637,9000,Investment_Trust,15000
2025-11-19,2637,24573,Dealer_self,2200
2025-11-19,2637,47999,Dealer_Hedging,111807
2025-11-20,2637,6180680,Foreign_Investor,1861000
2025-11-20,2637,0,Foreign_Dealer_Self,0
2025-11-20,2637,8000,Investment_Trust,14242
2025-11-20,2637,48000,Dealer_self,3000
2025-11-20,2637,145342,Dealer_Hedging,13351
2025-11-21,2637,1664033,Foreign_Investor,4460000
2025-11-21,2637,0,Foreign_Dealer_Self,0
2025-11-21,2637,5900,Investment_Trust,11000
2025-11-21,2637,62000,Dealer_self,11443
2025-11-21,2637,31000,Dealer_Hedging,160103
2025-11-24,2637,1510000,Foreign_Investor,1646187
2025-11-24,2637,0,Foreign_Dealer_Self,0
2025-11-24,2637,0,Investment_Trust,3000
2025-11-24,2637,87073,Dealer_self,245
2025-11-24,2637,43924,Dealer_Hedging,12000
2025-11-25,2637,4038000,Foreign_Investor,1700025
2025-11-25,2637,0,Foreign_Dealer_Self,0
2025-11-25,2637,0,Investment_Trust,18242
2025-11-25,2637,52000,Dealer_self,1000
2025-11-25,2637,481806,Dealer_Hedging,46100
2025-11-26,2637,4841000,Foreign_Investor,5263000
2025-11-26,2637,0,Foreign_Dealer_Self,0
2025-11-26,2637,0,Investment_Trust,4000
2025-11-26,2637,55296,Dealer_self,378
2025-11-26,2637,264581,Dealer_Hedging,356229
2025-11-27,2637,2469000,Foreign_Investor,2167000
2025-11-27,2637,0,Foreign_Dealer_Self,0
2025-11-27,2637,0,Investment_Trust,753484
2025-11-27,2637,7000,Dealer_self,6000
2025-11-27,2637,24298,Dealer_Hedging,140752
2025-11-28,2637,4127000,Foreign_Investor,6943000
2025-11-28,2637,0,Foreign_Dealer_Self,0
2025-11-28,2637,0,Investment_Trust,3000
2025-11-28,2637,52115,Dealer_self,713
2025-11-28,2637,216285,Dealer_Hedging,23621
2025-12-01,2637,8075000,Foreign_Investor,2300000
2025-12-01,2637,0,Foreign_Dealer_Self,0
2025-12-01,2637,0,Investment_Trust,243000
2025-12-01,2637,5000,Dealer_self,7611
2025-12-01,2637,602381,Dealer_Hedging,72163
2025-12-02,2637,5732000,Foreign_Investor,5268000
2025-12-02,2637,0,Foreign_Dealer_Self,0
2025-12-02,2637,0,Investment_Trust,205000
2025-12-02,2637,44209,Dealer_self,732
2025-12-02,2637,341129,Dealer_Hedging,160866
2025-12-03,2637,3671000,Foreign_Investor,3210000
2025-12-03,2637,0,Foreign_Dealer_Self,0
2025-12-03,2637,0,Investment_Trust,5242
2025-12-03,2637,27000,Dealer_self,106000
2025-12-03,2637,85001,Dealer_Hedging,164444
2025-12-04,2637,9999812,Foreign_Investor,11280000
2025-12-04,2637,0,Foreign_Dealer_Self,0
2025-12-04,2637,163000,Investment_Trust,11484
2025-12-04,2637,97502,Dealer_self,42964
2025-12-04,2637,1644933,Dealer_Hedging,573894
2025-12-05,2637,5572000,Foreign_Investor,5817120
2025-12-05,2637,0,Foreign_Dealer_Self,0
2025-12-05,2637,5000,Investment_Trust,1000
2025-12-05,2637,33020,Dealer_self,101685
2025-12-05,2637,183000,Dealer_Hedging,1150357
2025-12-08,2637,3222000,Foreign_Investor,2887000
2025-12-08,2637,0,Foreign_Dealer_Self,0
2025-12-08,2637,5100,Investment_Trust,3000
2025-12-08,2637,6000,Dealer_self,83000
2025-12-08,2637,178803,Dealer_Hedging,211345
2025-12-09,2637,2451000,Foreign_Investor,1246000
2025-12-09,2637,0,Foreign_Dealer_Self,0
2025-12-09,2637,8500,Investment_Trust,6484
2025-12-09,2637,1000,Dealer_self,34157
2025-12-09,2637,302881,Dealer_Hedging,85595
2025-12-10,2637,981200,Foreign_Investor,2985000
2025-12-10,2637,0,Foreign_Dealer_Self,0
2025-12-10,2637,3500,Investment_Trust,5484
2025-12-10,2637,28000,Dealer_self,24414
2025-12-10,2637,22000,Dealer_Hedging,512086
2025-12-11,2637,4014000,Foreign_Investor,2678855
2025-12-11,2637,0,Foreign_Dealer_Self,0
2025-12-11,2637,0,Investment_Trust,2242
2025-12-11,2637,0,Dealer_self,3187
2025-12-11,2637,5013,Dealer_Hedging,42275
2025-12-12,2637,1645073,Foreign_Investor,4061000
2025-12-12,2637,0,Foreign_Dealer_Self,0
2025-12-12,2637,0,Investment_Trust,4584
2025-12-12,2637,9000,Dealer_self,17002
2025-12-12,2637,4000,Dealer_Hedging,370626
2025-12-15,2637,2173000,Foreign_Investor,903000
2025-12-15,2637,0,Foreign_Dealer_Self,0
2025-12-15,2637,0,Investment_Trust,0
2025-12-15,2637,61000,Dealer_self,63
2025-12-15,2637,83085,Dealer_Hedging,9020
2025-12-16,2637,3583000,Foreign_Investor,3471000
2025-12-16,2637,0,Foreign_Dealer_Self,0
2025-12-16,2637,5600,Investment_Trust,8242
2025-12-16,2637,93892,Dealer_self,22000
2025-12-16,2637,140142,Dealer_Hedging,210289
2025-12-17,2637,5845000,Foreign_Investor,2300000
2025-12-17,2637,0,Foreign_Dealer_Self,0
2025-12-17,2637,0,Investment_Trust,0
2025-12-17,2637,2000,Dealer_self,5000
2025-12-17,2637,509741,Dealer_Hedging,42000
2025-12-18,2637,2875010,Foreign_Investor,3040000
2025-12-18,2637,0,Foreign_Dealer_Self,0
2025-12-18,2637,0,Investment_Trust,202243
2025-12-18,2637,50000,Dealer_self,15336
2025-12-18,2637,184556,Dealer_Hedging,539887
2025-12-19,2637,1448000,Foreign_Investor,589000
2025-12-19,2637,0,Foreign_Dealer_Self,0
2025-12-19,2637,0,Investment_Trust,228000
2025-12-19,2637,3000,Dealer_self,17000
2025-12-19,2637,80063,Dealer_Hedging,97577
2025-12-22,2637,2282615,Foreign_Investor,467000
2025-12-22,2637,0,Foreign_Dealer_Self,0
2025-12-22,2637,0,Investment_Trust,2243
2025-12-22,2637,3000,Dealer_self,40000
2025-12-22,2637,62047,Dealer_Hedging,15000
2025-12-23,2637,2348500,Foreign_Investor,609000
2025-12-23,2637,0,Foreign_Dealer_Self,0
2025-12-23,2637,0,Investment_Trust,7000
2025-12-23,2637,1000,Dealer_self,1000
2025-12-23,2637,119212,Dealer_Hedging,79483
2025-12-24,2637,1368000,Foreign_Investor,977000
2025-12-24,2637,0,Foreign_Dealer_Self,0
2025-12-24,2637,0,Investment_Trust,14000
2025-12-24,2637,15000,Dealer_self,0
2025-12-24,2637,15120,Dealer_Hedging,242346
2025-12-26,2637,2384000,Foreign_Investor,655000
2025-12-26,2637,0,Foreign_Dealer_Self,0
2025-12-26,2637,0,Investment_Trust,6000
2025-12-26,2637,5000,Dealer_self,0
2025-12-26,2637,39239,Dealer_Hedging,2000
2025-12-29,2637,1064000,Foreign_Investor,588000
2025-12-29,2637,0,Foreign_Dealer_Self,0
2025-12-29,2637,0,Investment_Trust,73800
2025-12-29,2637,17000,Dealer_self,0
2025-12-29,2637,3400,Dealer_Hedging,78136
2025-12-30,2637,1040000,Foreign_Investor,376000
2025-12-30,2637,0,Foreign_Dealer_Self,0
2025-12-30,2637,42000,Investment_Trust,418000
2025-12-30,2637,0,Dealer_self,1000
2025-12-30,2637,1236,Dealer_Hedging,41000
2025-12-31,2637,1136030,Foreign_Investor,432000
2025-12-31,2637,0,Foreign_Dealer_Self,0
2025-12-31,2637,0,Investment_Trust,430000
2025-12-31,2637,0,Dealer_self,1000
2025-12-31,2637,0,Dealer_Hedging,131999
2026-01-02,2637,1185020,Foreign_Investor,556000
2026-01-02,2637,0,Foreign_Dealer_Self,0
2026-01-02,2637,1900,Investment_Trust,408243
2026-01-02,2637,25467,Dealer_self,27000
2026-01-02,2637,16871,Dealer_Hedging,31000
2026-01-05,2637,853114,Foreign_Investor,623000
2026-01-05,2637,0,Foreign_Dealer_Self,0
2026-01-05,2637,6800,Investment_Trust,219729
2026-01-05,2637,8000,Dealer_self,17022
2026-01-05,2637,12284,Dealer_Hedging,456639
2026-01-06,2637,1243000,Foreign_Investor,468000
2026-01-06,2637,0,Foreign_Dealer_Self,0
2026-01-06,2637,0,Investment_Trust,246731
2026-01-06,2637,601,Dealer_self,11000
2026-01-06,2637,11630,Dealer_Hedging,98513
2026-01-07,2637,4267958,Foreign_Investor,777000
2026-01-07,2637,0,Foreign_Dealer_Self,0
2026-01-07,2637,0,Investment_Trust,1283217
2026-01-07,2637,3441,Dealer_self,0
2026-01-07,2637,58339,Dealer_Hedging,9000
2026-01-08,2637,4237500,Foreign_Investor,1142000
2026-01-08,2637,0,Foreign_Dealer_Self,0
2026-01-08,2637,0,Investment_Trust,710486
2026-01-08,2637,2021,Dealer_self,0
2026-01-08,2637,43566,Dealer_Hedging,27000
2026-01-09,2637,8228055,Foreign_Investor,2007800
2026-01-09,2637,0,Foreign_Dealer_Self,0
2026-01-09,2637,2000,Investment_Trust,934000
2026-01-09,2637,8979,Dealer_self,33000
2026-01-09,2637,179747,Dealer_Hedging,137000
2026-01-12,2637,3528000,Foreign_Investor,1264000
2026-01-12,2637,0,Foreign_Dealer_Self,0
2026-01-12,2637,1000,Investment_Trust,733487
2026-01-12,2637,0,Dealer_self,2000
2026-01-12,2637,50692,Dealer_Hedging,185765
2026-01-13,2637,2054000,Foreign_Investor,1285000
2026-01-13,2637,0,Foreign_Dealer_Self,0
2026-01-13,2637,1000,Investment_Trust,262488
2026-01-13,2637,101,Dealer_self,0
2026-01-13,2637,253,Dealer_Hedging,85020
2026-01-14,2637,2509010,Foreign_Investor,1052000
2026-01-14,2637,0,Foreign_Dealer_Self,0
2026-01-14,2637,5000,Investment_Trust,278976
2026-01-14,2637,7000,Dealer_self,5000
2026-01-14,2637,7749,Dealer_Hedging,30000
2026-01-15,2637,1363000,Foreign_Investor,354161
2026-01-15,2637,0,Foreign_Dealer_Self,0
2026-01-15,2637,1000,Investment_Trust,143731
2026-01-15,2637,1000,Dealer_self,42000
2026-01-15,2637,2973,Dealer_Hedging,6000
2026-01-16,2637,1335846,Foreign_Investor,980175
2026-01-16,2637,0,Foreign_Dealer_Self,0
2026-01-16,2637,0,Investment_Trust,168431
2026-01-16,2637,1000,Dealer_self,1297
2026-01-16,2637,502,Dealer_Hedging,87706
2026-01-19,2637,1858000,Foreign_Investor,363000
2026-01-19,2637,0,Foreign_Dealer_Self,0
2026-01-19,2637,1800,Investment_Trust,323706
2026-01-19,2637,2094,Dealer_self,19000
2026-01-19,2637,8760,Dealer_Hedging,2000
2026-01-20,2637,996000,Foreign_Investor,872000
2026-01-20,2637,0,Foreign_Dealer_Self,0
2026-01-20,2637,3100,Investment_Trust,60487
2026-01-20,2637,1,Dealer_self,15001
2026-01-20,2637,0,Dealer_Hedging,0
2026-01-21,2637,3539000,Foreign_Investor,1037000
2026-01-21,2637,0,Foreign_Dealer_Self,0
2026-01-21,2637,3300,Investment_Trust,700487
2026-01-21,2637,19151,Dealer_self,9000
2026-01-21,2637,13775,Dealer_Hedging,9000
2026-01-22,2637,2996511,Foreign_Investor,2016023
2026-01-22,2637,0,Foreign_Dealer_Self,0
2026-01-22,2637,0,Investment_Trust,424487
2026-01-22,2637,11139,Dealer_self,5850
2026-01-22,2637,90588,Dealer_Hedging,8000
2026-01-23,2637,738000,Foreign_Investor,1739000
2026-01-23,2637,0,Foreign_Dealer_Self,0
2026-01-23,2637,0,Investment_Trust,2244
2026-01-23,2637,296,Dealer_self,4402
2026-01-23,2637,131592,Dealer_Hedging,25000
2026-01-26,2637,2290000,Foreign_Investor,743710
2026-01-26,2637,0,Foreign_Dealer_Self,0
2026-01-26,2637,0,Investment_Trust,358731
2026-01-26,2637,1,Dealer_self,727
2026-01-26,2637,46338,Dealer_Hedging,14000
2026-01-27,2637,2079000,Foreign_Investor,1217122
2026-01-27,2637,0,Foreign_Dealer_Self,0
2026-01-27,2637,0,Investment_Trust,712000
2026-01-27,2637,1431,Dealer_self,9448
2026-01-27,2637,75279,Dealer_Hedging,34021
2026-01-28,2637,3529000,Foreign_Investor,4355000
2026-01-28,2637,0,Foreign_Dealer_Self,0
2026-01-28,2637,2700,Investment_Trust,164244
2026-01-28,2637,3496,Dealer_self,14688
2026-01-28,2637,145627,Dealer_Hedging,33000
2026-01-29,2637,1594000,Foreign_Investor,1206750
2026-01-29,2637,0,Foreign_Dealer_Self,0
2026-01-29,2637,3500,Investment_Trust,138488
2026-01-29,2637,15286,Dealer_self,4602
2026-01-29,2637,38861,Dealer_Hedging,39240
2026-01-30,2637,1360030,Foreign_Investor,1506250
2026-01-30,2637,0,Foreign_Dealer_Self,0
2026-01-30,2637,0,Investment_Trust,225232
2026-01-30,2637,38136,Dealer_self,1169
2026-01-30,2637,12000,Dealer_Hedging,24298
2026-02-02,2637,1330000,Foreign_Investor,1582420
2026-02-02,2637,0,Foreign_Dealer_Self,0
2026-02-02,2637,9700,Investment_Trust,136132
2026-02-02,2637,5000,Dealer_self,43000
2026-02-02,2637,25986,Dealer_Hedging,114155
2026-02-03,2637,1515000,Foreign_Investor,657290
2026-02-03,2637,0,Foreign_Dealer_Self,0
2026-02-03,2637,0,Investment_Trust,219000
2026-02-03,2637,8000,Dealer_self,6000
2026-02-03,2637,4103,Dealer_Hedging,7000
2026-02-04,2637,916000,Foreign_Investor,489010
2026-02-04,2637,0,Foreign_Dealer_Self,0
2026-02-04,2637,5400,Investment_Trust,5000
2026-02-04,2637,3000,Dealer_self,3000
2026-02-04,2637,41184,Dealer_Hedging,51000
2026-02-05,2637,752000,Foreign_Investor,1469500
2026-02-05,2637,0,Foreign_Dealer_Self,0
2026-02-05,2637,7300,Investment_Trust,62244
2026-02-05,2637,0,Dealer_self,5763
2026-02-05,2637,13000,Dealer_Hedging,160707
2026-02-06,2637,1043500,Foreign_Investor,725390
2026-02-06,2637,0,Foreign_Dealer_Self,0
2026-02-06,2637,1800,Investment_Trust,4000
2026-02-06,2637,1000,Dealer_self,13004
2026-02-06,2637,39627,Dealer_Hedging,39400
2026-02-09,2637,1668846,Foreign_Investor,457000
2026-02-09,2637,0,Foreign_Dealer_Self,0
2026-02-09,2637,3000,Investment_Trust,104000
2026-02-09,2637,6000,Dealer_self,14053
2026-02-09,2637,83297,Dealer_Hedging,34034
2026-02-10,2637,1654538,Foreign_Investor,495000
2026-02-10,2637,0,Foreign_Dealer_Self,0
2026-02-10,2637,3100,Investment_Trust,124000
2026-02-10,2637,8000,Dealer_self,3002
2026-02-10,2637,27000,Dealer_Hedging,96582
2026-02-11,2637,882010,Foreign_Investor,333200
2026-02-11,2637,0,Foreign_Dealer_Self,0
2026-02-11,2637,0,Investment_Trust,100000
2026-02-11,2637,37000,Dealer_self,0
2026-02-11,2637,7000,Dealer_Hedging,26739
2026-02-23,2637,2640755,Foreign_Investor,637000
2026-02-23,2637,0,Foreign_Dealer_Self,0
2026-02-23,2637,0,Investment_Trust,776734
2026-02-23,2637,39267,Dealer_self,61000
2026-02-23,2637,83062,Dealer_Hedging,14000
2026-02-24,2637,2652843,Foreign_Investor,685400
2026-02-24,2637,0,Foreign_Dealer_Self,0
2026-02-24,2637,2400,Investment_Trust,319488
2026-02-24,2637,8000,Dealer_self,0
2026-02-24,2637,166311,Dealer_Hedging,45000
2026-02-25,2637,2327000,Foreign_Investor,826000
2026-02-25,2637,0,Foreign_Dealer_Self,0
2026-02-25,2637,0,Investment_Trust,310977
2026-02-25,2637,1000,Dealer_self,22001
2026-02-25,2637,75818,Dealer_Hedging,108939
2026-02-26,2637,3803037,Foreign_Investor,1418000
2026-02-26,2637,0,Foreign_Dealer_Self,0
2026-02-26,2637,3100,Investment_Trust,926653
2026-02-26,2637,83,Dealer_self,8000
2026-02-26,2637,83260,Dealer_Hedging,60000
2026-03-02,2637,3296846,Foreign_Investor,3473000
2026-03-02,2637,0,Foreign_Dealer_Self,0
2026-03-02,2637,27100,Investment_Trust,8637
2026-03-02,2637,19000,Dealer_self,42487
2026-03-02,2637,17488,Dealer_Hedging,166489
2026-03-03,2637,4234700,Foreign_Investor,1680010
2026-03-03,2637,0,Foreign_Dealer_Self,0
2026-03-03,2637,3000,Investment_Trust,3000
2026-03-03,2637,58908,Dealer_self,29543
2026-03-03,2637,113018,Dealer_Hedging,36999
2026-03-04,2637,2738000,Foreign_Investor,3273000
2026-03-04,2637,0,Foreign_Dealer_Self,0
2026-03-04,2637,0,Investment_Trust,7212
2026-03-04,2637,335480,Dealer_self,257170
2026-03-04,2637,48230,Dealer_Hedging,78337
2026-03-05,2637,2025110,Foreign_Investor,1950000
2026-03-05,2637,0,Foreign_Dealer_Self,0
2026-03-05,2637,0,Investment_Trust,5000
2026-03-05,2637,9000,Dealer_self,157134
2026-03-05,2637,36071,Dealer_Hedging,36028
2026-03-06,2637,730010,Foreign_Investor,1116000
2026-03-06,2637,0,Foreign_Dealer_Self,0
2026-03-06,2637,1900,Investment_Trust,2000
2026-03-06,2637,5000,Dealer_self,12712
2026-03-06,2637,5535,Dealer_Hedging,8918
2026-03-09,2637,3464000,Foreign_Investor,1878000
2026-03-09,2637,0,Foreign_Dealer_Self,0
2026-03-09,2637,0,Investment_Trust,2211
2026-03-09,2637,168130,Dealer_self,226932
2026-03-09,2637,19000,Dealer_Hedging,180294
2026-03-10,2637,1417060,Foreign_Investor,831000
2026-03-10,2637,0,Foreign_Dealer_Self,0
2026-03-10,2637,1600,Investment_Trust,1000
2026-03-10,2637,22000,Dealer_self,9650
2026-03-10,2637,8058,Dealer_Hedging,2000
2026-03-11,2637,733000,Foreign_Investor,726000
2026-03-11,2637,0,Foreign_Dealer_Self,0
2026-03-11,2637,1600,Investment_Trust,9000
2026-03-11,2637,4000,Dealer_self,6360
2026-03-11,2637,12437,Dealer_Hedging,1000
2026-03-12,2637,1135000,Foreign_Investor,406000
2026-03-12,2637,0,Foreign_Dealer_Self,0
2026-03-12,2637,0,Investment_Trust,67211
2026-03-12,2637,649,Dealer_self,19299
2026-03-12,2637,1,Dealer_Hedging,3000
2026-03-13,2637,370000,Foreign_Investor,2521100
2026-03-13,2637,0,Foreign_Dealer_Self,0
2026-03-13,2637,1700,Investment_Trust,5211
2026-03-13,2637,4000,Dealer_self,45202
2026-03-13,2637,11000,Dealer_Hedging,32242
2026-03-16,2637,2390213,Foreign_Investor,593880
2026-03-16,2637,0,Foreign_Dealer_Self,0
2026-03-16,2637,3100,Investment_Trust,6187
2026-03-16,2637,761,Dealer_self,14946
2026-03-16,2637,118604,Dealer_Hedging,51000
2026-03-17,2637,1372000,Foreign_Investor,589000
2026-03-17,2637,0,Foreign_Dealer_Self,0
2026-03-17,2637,1500,Investment_Trust,6631
2026-03-17,2637,11000,Dealer_self,0
2026-03-17,2637,77678,Dealer_Hedging,21495
2026-03-18,2637,853000,Foreign_Investor,256000
2026-03-18,2637,0,Foreign_Dealer_Self,0
2026-03-18,2637,0,Investment_Trust,9630
2026-03-18,2637,21000,Dealer_self,0
2026-03-18,2637,21820,Dealer_Hedging,87407
2026-03-19,2637,1625500,Foreign_Investor,552297
2026-03-19,2637,0,Foreign_Dealer_Self,0
2026-03-19,2637,1000,Investment_Trust,8420
2026-03-19,2637,21000,Dealer_self,0
2026-03-19,2637,36146,Dealer_Hedging,26731
2026-03-20,2637,5320378,Foreign_Investor,5794000
2026-03-20,2637,0,Foreign_Dealer_Self,0
2026-03-20,2637,7196,Investment_Trust,0
2026-03-20,2637,10000,Dealer_self,23311
2026-03-20,2637,3000,Dealer_Hedging,59496
2026-03-23,2637,822200,Foreign_Investor,1056000
2026-03-23,2637,0,Foreign_Dealer_Self,0
2026-03-23,2637,8400,Investment_Trust,8630
2026-03-23,2637,17000,Dealer_self,56465
2026-03-23,2637,0,Dealer_Hedging,87918
2026-03-24,2637,1211000,Foreign_Investor,689000
2026-03-24,2637,0,Foreign_Dealer_Self,0
2026-03-24,2637,0,Investment_Trust,0
2026-03-24,2637,7000,Dealer_self,7079
2026-03-24,2637,2000,Dealer_Hedging,13214
2026-03-25,2637,986000,Foreign_Investor,520787
2026-03-25,2637,0,Foreign_Dealer_Self,0
2026-03-25,2637,1700,Investment_Trust,4000
2026-03-25,2637,44000,Dealer_self,15359
2026-03-25,2637,13653,Dealer_Hedging,7
2026-03-26,2637,557000,Foreign_Investor,971000
2026-03-26,2637,0,Foreign_Dealer_Self,0
2026-03-26,2637,0,Investment_Trust,1000
2026-03-26,2637,4000,Dealer_self,6011
2026-03-26,2637,1001,Dealer_Hedging,1831
2026-03-27,2637,1112000,Foreign_Investor,715000
2026-03-27,2637,0,Foreign_Dealer_Self,0
2026-03-27,2637,0,Investment_Trust,0
2026-03-27,2637,2000,Dealer_self,23100
2026-03-27,2637,29531,Dealer_Hedging,9838
2026-03-30,2637,893000,Foreign_Investor,854000
2026-03-30,2637,0,Foreign_Dealer_Self,0
2026-03-30,2637,1000,Investment_Trust,2000
2026-03-30,2637,3000,Dealer_self,24095
2026-03-30,2637,52000,Dealer_Hedging,75564
2026-03-31,2637,741000,Foreign_Investor,1200000
2026-03-31,2637,0,Foreign_Dealer_Self,0
2026-03-31,2637,7000,Investment_Trust,7000
2026-03-31,2637,42000,Dealer_self,6919
2026-03-31,2637,21076,Dealer_Hedging,49484
2026-04-01,2637,1199000,Foreign_Investor,477000
2026-04-01,2637,0,Foreign_Dealer_Self,0
2026-04-01,2637,17100,Investment_Trust,0
2026-04-01,2637,46000,Dealer_self,0
2026-04-01,2637,13000,Dealer_Hedging,8076
2026-04-02,2637,744667,Foreign_Investor,729000
2026-04-02,2637,0,Foreign_Dealer_Self,0
2026-04-02,2637,5000,Investment_Trust,5213
2026-04-02,2637,2000,Dealer_self,9844
2026-04-02,2637,922,Dealer_Hedging,11999
2026-04-07,2637,236692,Foreign_Investor,259000
2026-04-07,2637,0,Foreign_Dealer_Self,0
2026-04-07,2637,8000,Investment_Trust,7212
2026-04-07,2637,0,Dealer_self,3544
2026-04-07,2637,4001,Dealer_Hedging,78724
2026-04-08,2637,1115000,Foreign_Investor,1170000
2026-04-08,2637,0,Foreign_Dealer_Self,0
2026-04-08,2637,8500,Investment_Trust,0
2026-04-08,2637,41069,Dealer_self,16509
2026-04-08,2637,28457,Dealer_Hedging,2923
2026-04-09,2637,1223000,Foreign_Investor,916000
2026-04-09,2637,0,Foreign_Dealer_Self,0
2026-04-09,2637,5000,Investment_Trust,8426
2026-04-09,2637,0,Dealer_self,9048
2026-04-09,2637,49357,Dealer_Hedging,1457
2026-04-10,2637,605000,Foreign_Investor,463000
2026-04-10,2637,0,Foreign_Dealer_Self,0
2026-04-10,2637,5000,Investment_Trust,10638
2026-04-10,2637,0,Dealer_self,3000
2026-04-10,2637,8000,Dealer_Hedging,1000
2026-04-13,2637,1838000,Foreign_Investor,1807000
2026-04-13,2637,0,Foreign_Dealer_Self,0
2026-04-13,2637,3000,Investment_Trust,188646
2026-04-13,2637,7000,Dealer_self,4329
2026-04-13,2637,29923,Dealer_Hedging,11775
2026-04-14,2637,879015,Foreign_Investor,1012000
2026-04-14,2637,0,Foreign_Dealer_Self,0
2026-04-14,2637,8000,Investment_Trust,7645
2026-04-14,2637,6166,Dealer_self,138
2026-04-14,2637,2061,Dealer_Hedging,15399
2026-04-15,2637,3525000,Foreign_Investor,1297000
2026-04-15,2637,0,Foreign_Dealer_Self,0
2026-04-15,2637,8000,Investment_Trust,187293
2026-04-15,2637,2226,Dealer_self,18145
2026-04-15,2637,114969,Dealer_Hedging,2561
2026-04-16,2637,3529999,Foreign_Investor,1260000
2026-04-16,2637,0,Foreign_Dealer_Self,0
2026-04-16,2637,12600,Investment_Trust,11077
2026-04-16,2637,10015,Dealer_self,17000
2026-04-16,2637,87094,Dealer_Hedging,67000
2026-04-17,2637,4205702,Foreign_Investor,1979015
2026-04-17,2637,0,Foreign_Dealer_Self,0
2026-04-17,2637,6000,Investment_Trust,20647
2026-04-17,2637,11929,Dealer_self,32000
2026-04-17,2637,112646,Dealer_Hedging,21000
2026-04-20,2637,1310530,Foreign_Investor,1677000
2026-04-20,2637,0,Foreign_Dealer_Self,0
2026-04-20,2637,322600,Investment_Trust,11075
2026-04-20,2637,13000,Dealer_self,12000
2026-04-20,2637,6600,Dealer_Hedging,108942
2026-04-21,2637,2210499,Foreign_Investor,765000
2026-04-21,2637,0,Foreign_Dealer_Self,0
2026-04-21,2637,308000,Investment_Trust,169934
2026-04-21,2637,230,Dealer_self,15045
2026-04-21,2637,22448,Dealer_Hedging,34000
2026-04-22,2637,1836000,Foreign_Investor,707000
2026-04-22,2637,0,Foreign_Dealer_Self,0
2026-04-22,2637,315000,Investment_Trust,8600
2026-04-22,2637,2979,Dealer_self,34849
2026-04-22,2637,33807,Dealer_Hedging,22000
2026-04-23,2637,1014000,Foreign_Investor,1194000
2026-04-23,2637,0,Foreign_Dealer_Self,0
2026-04-23,2637,2000,Investment_Trust,11074
2026-04-23,2637,29692,Dealer_self,14000
2026-04-23,2637,7322,Dealer_Hedging,82873
2026-04-24,2637,864696,Foreign_Investor,1278000
2026-04-24,2637,0,Foreign_Dealer_Self,0
2026-04-24,2637,0,Investment_Trust,10646
2026-04-24,2637,3000,Dealer_self,2737
2026-04-24,2637,2848,Dealer_Hedging,26621
2026-04-27,2637,910000,Foreign_Investor,853000
2026-04-27,2637,0,Foreign_Dealer_Self,0
2026-04-27,2637,0,Investment_Trust,14649
2026-04-27,2637,1000,Dealer_self,20052
2026-04-27,2637,26225,Dealer_Hedging,14285
2026-04-28,2637,797000,Foreign_Investor,442000
2026-04-28,2637,0,Foreign_Dealer_Self,0
2026-04-28,2637,5500,Investment_Trust,4217
2026-04-28,2637,3799,Dealer_self,1051
2026-04-28,2637,18728,Dealer_Hedging,16294
2026-04-29,2637,587000,Foreign_Investor,212000
2026-04-29,2637,0,Foreign_Dealer_Self,0
2026-04-29,2637,0,Investment_Trust,0
2026-04-29,2637,3000,Dealer_self,54
2026-04-29,2637,23000,Dealer_Hedging,17010
2026-04-30,2637,872000,Foreign_Investor,506000
2026-04-30,2637,0,Foreign_Dealer_Self,0
2026-04-30,2637,2590,Investment_Trust,1000
2026-04-30,2637,16000,Dealer_self,0
2026-04-30,2637,21314,Dealer_Hedging,10020
2026-05-04,2637,1434000,Foreign_Investor,480846
2026-05-04,2637,0,Foreign_Dealer_Self,0
2026-05-04,2637,21800,Investment_Trust,4267
2026-05-04,2637,0,Dealer_self,18185
2026-05-04,2637,35056,Dealer_Hedging,2000
2026-05-05,2637,1545000,Foreign_Investor,1005000
2026-05-05,2637,0,Foreign_Dealer_Self,0
2026-05-05,2637,4805,Investment_Trust,140000
2026-05-05,2637,0,Dealer_self,7089
2026-05-05,2637,41360,Dealer_Hedging,7000
2026-05-06,2637,3617000,Foreign_Investor,928010
2026-05-06,2637,0,Foreign_Dealer_Self,0
2026-05-06,2637,6000,Investment_Trust,106735
2026-05-06,2637,6134,Dealer_self,2000
2026-05-06,2637,171645,Dealer_Hedging,6000
2026-05-07,2637,2846000,Foreign_Investor,1154426
2026-05-07,2637,0,Foreign_Dealer_Self,0
2026-05-07,2637,800,Investment_Trust,319794
2026-05-07,2637,15796,Dealer_self,6308
2026-05-07,2637,25720,Dealer_Hedging,91162
2026-05-08,2637,737000,Foreign_Investor,1591000
2026-05-08,2637,0,Foreign_Dealer_Self,0
2026-05-08,2637,0,Investment_Trust,12575
2026-05-08,2637,8858,Dealer_self,9002
2026-05-08,2637,2224,Dealer_Hedging,45046
2026-05-11,2637,869000,Foreign_Investor,705000
2026-05-11,2637,0,Foreign_Dealer_Self,0
2026-05-11,2637,1000,Investment_Trust,16457
2026-05-11,2637,5150,Dealer_self,9
2026-05-11,2637,0,Dealer_Hedging,18859
2026-05-12,2637,743500,Foreign_Investor,1617000
2026-05-12,2637,0,Foreign_Dealer_Self,0
2026-05-12,2637,3800,Investment_Trust,14213
2026-05-12,2637,0,Dealer_self,11000
2026-05-12,2637,1000,Dealer_Hedging,22805
2026-05-13,2637,1258000,Foreign_Investor,560000
2026-05-13,2637,0,Foreign_Dealer_Self,0
2026-05-13,2637,0,Investment_Trust,79727
2026-05-13,2637,0,Dealer_self,156
2026-05-13,2637,8674,Dealer_Hedging,2000
2026-05-14,2637,1404153,Foreign_Investor,1117000
2026-05-14,2637,0,Foreign_Dealer_Self,0
2026-05-14,2637,0,Investment_Trust,14213
2026-05-14,2637,0,Dealer_self,25000
2026-05-14,2637,14287,Dealer_Hedging,10621
