date,stock_id,buy,name,sell
2024-05-27,2850,125000,Foreign_Investor,139000
2024-05-27,2850,0,Foreign_Dealer_Self,0
2024-05-27,2850,0,Investment_Trust,0
2024-05-27,2850,6000,Dealer_self,7634
2024-05-27,2850,0,Dealer_Hedging,0
2024-05-28,2850,280000,Foreign_Investor,275000
2024-05-28,2850,0,Foreign_Dealer_Self,0
2024-05-28,2850,0,Investment_Trust,0
2024-05-28,2850,1000,Dealer_self,184
2024-05-28,2850,0,Dealer_Hedging,0
2024-05-29,2850,65000,Foreign_Investor,208000
2024-05-29,2850,0,Foreign_Dealer_Self,0
2024-05-29,2850,0,Investment_Trust,0
2024-05-29,2850,11000,Dealer_self,5423
2024-05-29,2850,0,Dealer_Hedging,0
2024-05-30,2850,52000,Foreign_Investor,69000
2024-05-30,2850,0,Foreign_Dealer_Self,0
2024-05-30,2850,0,Investment_Trust,0
2024-05-30,2850,0,Dealer_self,523
2024-05-30,2850,0,Dealer_Hedging,0
2024-05-31,2850,515000,Foreign_Investor,350208
2024-05-31,2850,0,Foreign_Dealer_Self,0
2024-05-31,2850,1000,Investment_Trust,0
2024-05-31,2850,3000,Dealer_self,10124
2024-05-31,2850,0,Dealer_Hedging,0
2024-06-03,2850,223000,Foreign_Investor,229000
2024-06-03,2850,0,Foreign_Dealer_Self,0
2024-06-03,2850,0,Investment_Trust,0
2024-06-03,2850,8000,Dealer_self,0
2024-06-03,2850,0,Dealer_Hedging,0
2024-06-04,2850,256000,Foreign_Investor,511000
2024-06-04,2850,0,Foreign_Dealer_Self,0
2024-06-04,2850,0,Investment_Trust,0
2024-06-04,2850,30000,Dealer_self,10000
2024-06-04,2850,0,Dealer_Hedging,0
2024-06-05,2850,404849,Foreign_Investor,858000
2024-06-05,2850,0,Foreign_Dealer_Self,0
2024-06-05,2850,0,Investment_Trust,0
2024-06-05,2850,22000,Dealer_self,33601
2024-06-05,2850,0,Dealer_Hedging,0
2024-06-06,2850,385000,Foreign_Investor,440000
2024-06-06,2850,0,Foreign_Dealer_Self,0
2024-06-06,2850,0,Investment_Trust,0
2024-06-06,2850,13000,Dealer_self,10000
2024-06-06,2850,0,Dealer_Hedging,0
2024-06-07,2850,338000,Foreign_Investor,702000
2024-06-07,2850,0,Foreign_Dealer_Self,0
2024-06-07,2850,0,Investment_Trust,0
2024-06-07,2850,47000,Dealer_self,5584
2024-06-07,2850,0,Dealer_Hedging,0
2024-06-11,2850,378000,Foreign_Investor,873000
2024-06-11,2850,0,Foreign_Dealer_Self,0
2024-06-11,2850,0,Investment_Trust,0
2024-06-11,2850,170000,Dealer_self,16208
2024-06-11,2850,0,Dealer_Hedging,0
2024-06-12,2850,1714000,Foreign_Investor,860000
2024-06-12,2850,0,Foreign_Dealer_Self,0
2024-06-12,2850,1000,Investment_Trust,0
2024-06-12,2850,33000,Dealer_self,34962
2024-06-12,2850,0,Dealer_Hedging,0
2024-06-13,2850,649000,Foreign_Investor,197000
2024-06-13,2850,0,Foreign_Dealer_Self,0
2024-06-13,2850,0,Investment_Trust,0
2024-06-13,2850,11000,Dealer_self,1000
2024-06-13,2850,0,Dealer_Hedging,0
2024-06-14,2850,212000,Foreign_Investor,365000
2024-06-14,2850,0,Foreign_Dealer_Self,0
2024-06-14,2850,0,Investment_Trust,0
2024-06-14,2850,168000,Dealer_self,3
2024-06-14,2850,0,Dealer_Hedging,0
2024-06-17,2850,178000,Foreign_Investor,327653
2024-06-17,2850,0,Foreign_Dealer_Self,0
2024-06-17,2850,238000,Investment_Trust,0
2024-06-17,2850,1000,Dealer_self,4016
2024-06-17,2850,0,Dealer_Hedging,0
2024-06-18,2850,287000,Foreign_Investor,300000
2024-06-18,2850,0,Foreign_Dealer_Self,0
2024-06-18,2850,326000,Investment_Trust,0
2024-06-18,2850,7844,Dealer_self,1000
2024-06-18,2850,0,Dealer_Hedging,0
2024-06-19,2850,430013,Foreign_Investor,698000
2024-06-19,2850,0,Foreign_Dealer_Self,0
2024-06-19,2850,1478000,Investment_Trust,0
2024-06-19,2850,27000,Dealer_self,1000
2024-06-19,2850,0,Dealer_Hedging,0
2024-06-20,2850,446000,Foreign_Investor,1338000
2024-06-20,2850,0,Foreign_Dealer_Self,0
2024-06-20,2850,1262000,Investment_Trust,0
2024-06-20,2850,47000,Dealer_self,39000
2024-06-20,2850,0,Dealer_Hedging,0
2024-06-21,2850,0,Foreign_Dealer_Self,0
2024-06-21,2850,1529000,Investment_Trust,0
2024-06-21,2850,19000,Dealer_self,31000
2024-06-21,2850,0,Dealer_Hedging,0
2024-06-21,2850,280000,Foreign_Investor,1078550
2024-06-24,2850,852000,Foreign_Investor,1193000
2024-06-24,2850,0,Foreign_Dealer_Self,0
2024-06-24,2850,1679000,Investment_Trust,0
2024-06-24,2850,9244,Dealer_self,101000
2024-06-24,2850,1000,Dealer_Hedging,0
2024-06-25,2850,336000,Foreign_Investor,1158000
2024-06-25,2850,0,Foreign_Dealer_Self,0
2024-06-25,2850,355000,Investment_Trust,0
2024-06-25,2850,38376,Dealer_self,5127
2024-06-25,2850,0,Dealer_Hedging,0
2024-06-26,2850,158000,Foreign_Investor,734013
2024-06-26,2850,0,Foreign_Dealer_Self,0
2024-06-26,2850,263000,Investment_Trust,0
2024-06-26,2850,17000,Dealer_self,35646
2024-06-26,2850,0,Dealer_Hedging,0
2024-06-27,2850,135000,Foreign_Investor,458000
2024-06-27,2850,0,Foreign_Dealer_Self,0
2024-06-27,2850,510000,Investment_Trust,0
2024-06-27,2850,11000,Dealer_self,21296
2024-06-27,2850,0,Dealer_Hedging,0
2024-06-28,2850,118000,Foreign_Investor,867000
2024-06-28,2850,0,Foreign_Dealer_Self,0
2024-06-28,2850,460000,Investment_Trust,0
2024-06-28,2850,140000,Dealer_self,12225
2024-06-28,2850,0,Dealer_Hedging,0
2024-07-01,2850,111000,Foreign_Investor,204000
2024-07-01,2850,0,Foreign_Dealer_Self,0
2024-07-01,2850,5000,Investment_Trust,0
2024-07-01,2850,15231,Dealer_self,10
2024-07-01,2850,4500,Dealer_Hedging,409
2024-07-02,2850,204000,Foreign_Investor,520000
2024-07-02,2850,0,Foreign_Dealer_Self,0
2024-07-02,2850,9000,Investment_Trust,0
2024-07-02,2850,3000,Dealer_self,0
2024-07-02,2850,8000,Dealer_Hedging,8068
2024-07-03,2850,168000,Foreign_Investor,184000
2024-07-03,2850,0,Foreign_Dealer_Self,0
2024-07-03,2850,1000,Investment_Trust,0
2024-07-03,2850,21000,Dealer_self,0
2024-07-03,2850,7000,Dealer_Hedging,6794
2024-07-04,2850,76000,Foreign_Investor,536000
2024-07-04,2850,0,Foreign_Dealer_Self,0
2024-07-04,2850,37000,Investment_Trust,0
2024-07-04,2850,9000,Dealer_self,4000
2024-07-04,2850,17000,Dealer_Hedging,17349
2024-07-05,2850,86000,Foreign_Investor,188000
2024-07-05,2850,0,Foreign_Dealer_Self,0
2024-07-05,2850,2000,Investment_Trust,0
2024-07-05,2850,0,Dealer_self,3923
2024-07-05,2850,2300,Dealer_Hedging,2005
2024-07-08,2850,154000,Foreign_Investor,344000
2024-07-08,2850,0,Foreign_Dealer_Self,0
2024-07-08,2850,136000,Investment_Trust,0
2024-07-08,2850,0,Dealer_self,4106
2024-07-08,2850,11000,Dealer_Hedging,10744
2024-07-09,2850,375000,Foreign_Investor,615000
2024-07-09,2850,0,Foreign_Dealer_Self,0
2024-07-09,2850,22000,Investment_Trust,0
2024-07-09,2850,5000,Dealer_self,17120
2024-07-09,2850,6000,Dealer_Hedging,6453
2024-07-10,2850,454000,Foreign_Investor,420796
2024-07-10,2850,0,Foreign_Dealer_Self,0
2024-07-10,2850,41000,Investment_Trust,0
2024-07-10,2850,6000,Dealer_self,5000
2024-07-10,2850,3000,Dealer_Hedging,2228
2024-07-11,2850,238000,Foreign_Investor,315000
2024-07-11,2850,0,Foreign_Dealer_Self,0
2024-07-11,2850,42000,Investment_Trust,0
2024-07-11,2850,2000,Dealer_self,15329
2024-07-11,2850,0,Dealer_Hedging,641
2024-07-12,2850,337000,Foreign_Investor,265778
2024-07-12,2850,0,Foreign_Dealer_Self,0
2024-07-12,2850,24000,Investment_Trust,0
2024-07-12,2850,1000,Dealer_self,6000
2024-07-12,2850,1000,Dealer_Hedging,539
2024-07-15,2850,73000,Foreign_Investor,284000
2024-07-15,2850,0,Foreign_Dealer_Self,0
2024-07-15,2850,60000,Investment_Trust,0
2024-07-15,2850,4000,Dealer_self,1000
2024-07-15,2850,9000,Dealer_Hedging,9195
2024-07-16,2850,166000,Foreign_Investor,199000
2024-07-16,2850,0,Foreign_Dealer_Self,0
2024-07-16,2850,67000,Investment_Trust,0
2024-07-16,2850,6000,Dealer_self,3000
2024-07-16,2850,2000,Dealer_Hedging,1779
2024-07-17,2850,188000,Foreign_Investor,185000
2024-07-17,2850,0,Foreign_Dealer_Self,0
2024-07-17,2850,58000,Investment_Trust,0
2024-07-17,2850,0,Dealer_self,2000
2024-07-17,2850,0,Dealer_Hedging,0
2024-07-18,2850,0,Foreign_Dealer_Self,0
2024-07-18,2850,41000,Investment_Trust,0
2024-07-18,2850,1000,Dealer_self,2000
2024-07-18,2850,0,Dealer_Hedging,236
2024-07-18,2850,658000,Foreign_Investor,565213
2024-07-19,2850,460000,Foreign_Investor,269000
2024-07-19,2850,0,Foreign_Dealer_Self,0
2024-07-19,2850,165000,Investment_Trust,0
2024-07-19,2850,3000,Dealer_self,9000
2024-07-19,2850,0,Dealer_Hedging,0
2024-07-22,2850,0,Foreign_Dealer_Self,0
2024-07-22,2850,94000,Investment_Trust,0
2024-07-22,2850,23000,Dealer_self,1000
2024-07-22,2850,0,Dealer_Hedging,0
2024-07-22,2850,641000,Foreign_Investor,475000
2024-07-23,2850,413000,Foreign_Investor,181547
2024-07-23,2850,0,Foreign_Dealer_Self,0
2024-07-23,2850,15000,Investment_Trust,0
2024-07-23,2850,5000,Dealer_self,3000
2024-07-23,2850,0,Dealer_Hedging,0
2024-07-26,2850,137281,Foreign_Investor,92000
2024-07-26,2850,0,Foreign_Dealer_Self,0
2024-07-26,2850,5000,Investment_Trust,8000
2024-07-26,2850,1000,Dealer_self,24000
2024-07-26,2850,0,Dealer_Hedging,0
2024-07-29,2850,177000,Foreign_Investor,100000
2024-07-29,2850,0,Foreign_Dealer_Self,0
2024-07-29,2850,54000,Investment_Trust,0
2024-07-29,2850,7000,Dealer_self,4000
2024-07-29,2850,0,Dealer_Hedging,0
2024-07-30,2850,159000,Foreign_Investor,242000
2024-07-30,2850,0,Foreign_Dealer_Self,0
2024-07-30,2850,81000,Investment_Trust,0
2024-07-30,2850,4000,Dealer_self,0
2024-07-30,2850,0,Dealer_Hedging,0
2024-07-31,2850,270000,Foreign_Investor,40281
2024-07-31,2850,0,Foreign_Dealer_Self,0
2024-07-31,2850,67000,Investment_Trust,0
2024-07-31,2850,0,Dealer_self,0
2024-07-31,2850,0,Dealer_Hedging,0
2024-08-01,2850,449000,Foreign_Investor,64000
2024-08-01,2850,0,Foreign_Dealer_Self,0
2024-08-01,2850,15000,Investment_Trust,0
2024-08-01,2850,2000,Dealer_self,5000
2024-08-01,2850,0,Dealer_Hedging,0
2024-08-02,2850,193000,Foreign_Investor,906000
2024-08-02,2850,0,Foreign_Dealer_Self,0
2024-08-02,2850,4000,Investment_Trust,0
2024-08-02,2850,3000,Dealer_self,23000
2024-08-02,2850,13000,Dealer_Hedging,12688
2024-08-05,2850,447000,Foreign_Investor,529000
2024-08-05,2850,0,Foreign_Dealer_Self,0
2024-08-05,2850,72000,Investment_Trust,0
2024-08-05,2850,10000,Dealer_self,85689
2024-08-05,2850,16000,Dealer_Hedging,16237
2024-08-06,2850,417000,Foreign_Investor,380000
2024-08-06,2850,0,Foreign_Dealer_Self,0
2024-08-06,2850,57000,Investment_Trust,0
2024-08-06,2850,28000,Dealer_self,21000
2024-08-06,2850,7000,Dealer_Hedging,7309
2024-08-07,2850,310000,Foreign_Investor,225000
2024-08-07,2850,0,Foreign_Dealer_Self,0
2024-08-07,2850,43000,Investment_Trust,0
2024-08-07,2850,2000,Dealer_self,4000
2024-08-07,2850,2000,Dealer_Hedging,1669
2024-08-08,2850,60000,Foreign_Investor,157000
2024-08-08,2850,0,Foreign_Dealer_Self,0
2024-08-08,2850,37000,Investment_Trust,0
2024-08-08,2850,0,Dealer_self,14215
2024-08-08,2850,4000,Dealer_Hedging,3675
2024-08-09,2850,169000,Foreign_Investor,111201
2024-08-09,2850,0,Foreign_Dealer_Self,0
2024-08-09,2850,0,Investment_Trust,0
2024-08-09,2850,0,Dealer_self,23000
2024-08-09,2850,1000,Dealer_Hedging,1200
2024-08-12,2850,96000,Foreign_Investor,72000
2024-08-12,2850,0,Foreign_Dealer_Self,0
2024-08-12,2850,33000,Investment_Trust,0
2024-08-12,2850,10000,Dealer_self,4000
2024-08-12,2850,0,Dealer_Hedging,62
2024-08-13,2850,108000,Foreign_Investor,59000
2024-08-13,2850,0,Foreign_Dealer_Self,0
2024-08-13,2850,43000,Investment_Trust,0
2024-08-13,2850,0,Dealer_self,6000
2024-08-13,2850,0,Dealer_Hedging,0
2024-08-14,2850,373000,Foreign_Investor,223000
2024-08-14,2850,0,Foreign_Dealer_Self,0
2024-08-14,2850,13000,Investment_Trust,0
2024-08-14,2850,0,Dealer_self,30000
2024-08-14,2850,0,Dealer_Hedging,2
2024-08-15,2850,74000,Foreign_Investor,301000
2024-08-15,2850,0,Foreign_Dealer_Self,0
2024-08-15,2850,0,Investment_Trust,0
2024-08-15,2850,3000,Dealer_self,29000
2024-08-15,2850,3000,Dealer_Hedging,2960
2024-08-16,2850,296000,Foreign_Investor,98000
2024-08-16,2850,0,Foreign_Dealer_Self,0
2024-08-16,2850,15000,Investment_Trust,0
2024-08-16,2850,25000,Dealer_self,4000
2024-08-16,2850,0,Dealer_Hedging,263
2024-08-19,2850,47000,Foreign_Investor,96000
2024-08-19,2850,0,Foreign_Dealer_Self,0
2024-08-19,2850,26000,Investment_Trust,0
2024-08-19,2850,0,Dealer_self,5000
2024-08-19,2850,0,Dealer_Hedging,353
2024-08-20,2850,220000,Foreign_Investor,94000
2024-08-20,2850,0,Foreign_Dealer_Self,0
2024-08-20,2850,42000,Investment_Trust,0
2024-08-20,2850,10000,Dealer_self,0
2024-08-20,2850,1000,Dealer_Hedging,603
2024-08-21,2850,766850,Foreign_Investor,187000
2024-08-21,2850,0,Foreign_Dealer_Self,0
2024-08-21,2850,16000,Investment_Trust,0
2024-08-21,2850,53000,Dealer_self,0
2024-08-21,2850,0,Dealer_Hedging,0
2024-08-22,2850,70000,Foreign_Investor,166000
2024-08-22,2850,0,Foreign_Dealer_Self,0
2024-08-22,2850,9000,Investment_Trust,8000
2024-08-22,2850,0,Dealer_self,4000
2024-08-22,2850,0,Dealer_Hedging,0
2024-08-23,2850,34000,Foreign_Investor,82000
2024-08-23,2850,0,Foreign_Dealer_Self,0
2024-08-23,2850,12000,Investment_Trust,0
2024-08-23,2850,0,Dealer_self,7000
2024-08-23,2850,0,Dealer_Hedging,1
2024-08-26,2850,68000,Foreign_Investor,113000
2024-08-26,2850,0,Foreign_Dealer_Self,0
2024-08-26,2850,42000,Investment_Trust,0
2024-08-26,2850,0,Dealer_self,3000
2024-08-26,2850,0,Dealer_Hedging,0
2024-08-27,2850,96000,Foreign_Investor,94000
2024-08-27,2850,0,Foreign_Dealer_Self,0
2024-08-27,2850,52000,Investment_Trust,0
2024-08-27,2850,0,Dealer_self,4000
2024-08-27,2850,0,Dealer_Hedging,302
2024-08-28,2850,34000,Foreign_Investor,83000
2024-08-28,2850,0,Foreign_Dealer_Self,0
2024-08-28,2850,51000,Investment_Trust,0
2024-08-28,2850,0,Dealer_self,0
2024-08-28,2850,0,Dealer_Hedging,0
2024-08-29,2850,170000,Foreign_Investor,53000
2024-08-29,2850,0,Foreign_Dealer_Self,0
2024-08-29,2850,0,Investment_Trust,0
2024-08-29,2850,0,Dealer_self,12000
2024-08-29,2850,0,Dealer_Hedging,0
2024-08-30,2850,276000,Foreign_Investor,185000
2024-08-30,2850,0,Foreign_Dealer_Self,0
2024-08-30,2850,37000,Investment_Trust,0
2024-08-30,2850,74000,Dealer_self,15000
2024-08-30,2850,0,Dealer_Hedging,0
2024-09-02,2850,85000,Foreign_Investor,170037
2024-09-02,2850,0,Foreign_Dealer_Self,0
2024-09-02,2850,92000,Investment_Trust,0
2024-09-02,2850,0,Dealer_self,6000
2024-09-02,2850,0,Dealer_Hedging,2016
2024-09-03,2850,119000,Foreign_Investor,93000
2024-09-03,2850,0,Foreign_Dealer_Self,0
2024-09-03,2850,79000,Investment_Trust,0
2024-09-03,2850,1000,Dealer_self,6000
2024-09-03,2850,0,Dealer_Hedging,0
2024-09-04,2850,250000,Foreign_Investor,498000
2024-09-04,2850,0,Foreign_Dealer_Self,0
2024-09-04,2850,155000,Investment_Trust,0
2024-09-04,2850,48000,Dealer_self,111000
2024-09-04,2850,2000,Dealer_Hedging,1710
2024-09-05,2850,112000,Foreign_Investor,252000
2024-09-05,2850,0,Foreign_Dealer_Self,0
2024-09-05,2850,159000,Investment_Trust,0
2024-09-05,2850,26000,Dealer_self,30000
2024-09-05,2850,0,Dealer_Hedging,0
2024-09-06,2850,44000,Foreign_Investor,134000
2024-09-06,2850,0,Foreign_Dealer_Self,0
2024-09-06,2850,88000,Investment_Trust,0
2024-09-06,2850,7000,Dealer_self,18000
2024-09-06,2850,1000,Dealer_Hedging,754
2024-09-09,2850,105000,Foreign_Investor,209000
2024-09-09,2850,0,Foreign_Dealer_Self,0
2024-09-09,2850,94000,Investment_Trust,0
2024-09-09,2850,24000,Dealer_self,42000
2024-09-09,2850,0,Dealer_Hedging,28
2024-09-10,2850,178000,Foreign_Investor,144000
2024-09-10,2850,0,Foreign_Dealer_Self,0
2024-09-10,2850,37000,Investment_Trust,0
2024-09-10,2850,3000,Dealer_self,8000
2024-09-10,2850,1000,Dealer_Hedging,1507
2024-09-11,2850,37000,Foreign_Investor,190000
2024-09-11,2850,0,Foreign_Dealer_Self,0
2024-09-11,2850,34000,Investment_Trust,0
2024-09-11,2850,14000,Dealer_self,9000
2024-09-11,2850,2000,Dealer_Hedging,2211
2024-09-12,2850,68000,Foreign_Investor,174000
2024-09-12,2850,0,Foreign_Dealer_Self,0
2024-09-12,2850,144000,Investment_Trust,0
2024-09-12,2850,15000,Dealer_self,0
2024-09-12,2850,4000,Dealer_Hedging,366
2024-09-13,2850,28000,Foreign_Investor,60000
2024-09-13,2850,0,Foreign_Dealer_Self,0
2024-09-13,2850,33000,Investment_Trust,0
2024-09-13,2850,6000,Dealer_self,7000
2024-09-13,2850,0,Dealer_Hedging,3392
2024-09-16,2850,36000,Foreign_Investor,45000
2024-09-16,2850,0,Foreign_Dealer_Self,0
2024-09-16,2850,11000,Investment_Trust,0
2024-09-16,2850,10000,Dealer_self,9000
2024-09-16,2850,1000,Dealer_Hedging,899
2024-09-18,2850,274000,Foreign_Investor,173000
2024-09-18,2850,0,Foreign_Dealer_Self,0
2024-09-18,2850,30000,Investment_Trust,0
2024-09-18,2850,57000,Dealer_self,54000
2024-09-18,2850,1425,Dealer_Hedging,1073
2024-09-19,2850,131000,Foreign_Investor,97000
2024-09-19,2850,0,Foreign_Dealer_Self,0
2024-09-19,2850,64000,Investment_Trust,0
2024-09-19,2850,22000,Dealer_self,9000
2024-09-19,2850,9,Dealer_Hedging,0
2024-09-20,2850,307000,Foreign_Investor,177000
2024-09-20,2850,0,Foreign_Dealer_Self,0
2024-09-20,2850,32000,Investment_Trust,0
2024-09-20,2850,1000,Dealer_self,27000
2024-09-20,2850,0,Dealer_Hedging,0
2024-09-23,2850,51000,Foreign_Investor,185146
2024-09-23,2850,0,Foreign_Dealer_Self,0
2024-09-23,2850,14000,Investment_Trust,0
2024-09-23,2850,28000,Dealer_self,1000
2024-09-23,2850,0,Dealer_Hedging,0
2024-09-24,2850,77000,Foreign_Investor,37010
2024-09-24,2850,0,Foreign_Dealer_Self,0
2024-09-24,2850,0,Investment_Trust,1000
2024-09-24,2850,1,Dealer_self,0
2024-09-24,2850,0,Dealer_Hedging,0
2024-09-25,2850,149000,Foreign_Investor,31000
2024-09-25,2850,0,Foreign_Dealer_Self,0
2024-09-25,2850,2000,Investment_Trust,0
2024-09-25,2850,31000,Dealer_self,1000
2024-09-25,2850,0,Dealer_Hedging,0
2024-09-26,2850,98000,Foreign_Investor,97379
2024-09-26,2850,0,Foreign_Dealer_Self,0
2024-09-26,2850,29000,Investment_Trust,0
2024-09-26,2850,25000,Dealer_self,0
2024-09-26,2850,1,Dealer_Hedging,0
2024-09-27,2850,103000,Foreign_Investor,84000
2024-09-27,2850,0,Foreign_Dealer_Self,0
2024-09-27,2850,0,Investment_Trust,0
2024-09-27,2850,11000,Dealer_self,7000
2024-09-27,2850,0,Dealer_Hedging,0
2024-09-30,2850,40000,Foreign_Investor,40000
2024-09-30,2850,0,Foreign_Dealer_Self,0
2024-09-30,2850,0,Investment_Trust,0
2024-09-30,2850,53000,Dealer_self,1
2024-09-30,2850,0,Dealer_Hedging,0
2024-10-01,2850,16000,Foreign_Investor,57000
2024-10-01,2850,0,Foreign_Dealer_Self,0
2024-10-01,2850,31000,Investment_Trust,0
2024-10-01,2850,8000,Dealer_self,1000
2024-10-01,2850,2000,Dealer_Hedging,1001
2024-10-04,2850,98000,Foreign_Investor,54000
2024-10-04,2850,0,Foreign_Dealer_Self,0
2024-10-04,2850,44000,Investment_Trust,0
2024-10-04,2850,1000,Dealer_self,13000
2024-10-04,2850,0,Dealer_Hedging,0
2024-10-07,2850,77000,Foreign_Investor,78000
2024-10-07,2850,0,Foreign_Dealer_Self,0
2024-10-07,2850,52000,Investment_Trust,0
2024-10-07,2850,11000,Dealer_self,3000
2024-10-07,2850,0,Dealer_Hedging,27
2024-10-08,2850,67000,Foreign_Investor,77289
2024-10-08,2850,0,Foreign_Dealer_Self,0
2024-10-08,2850,57000,Investment_Trust,0
2024-10-08,2850,1000,Dealer_self,12000
2024-10-08,2850,0,Dealer_Hedging,201
2024-10-09,2850,89000,Foreign_Investor,118000
2024-10-09,2850,0,Foreign_Dealer_Self,0
2024-10-09,2850,52000,Investment_Trust,0
2024-10-09,2850,0,Dealer_self,13000
2024-10-09,2850,0,Dealer_Hedging,0
2024-10-11,2850,840000,Foreign_Investor,133000
2024-10-11,2850,0,Foreign_Dealer_Self,0
2024-10-11,2850,11000,Investment_Trust,0
2024-10-11,2850,0,Dealer_self,13000
2024-10-11,2850,8743,Dealer_Hedging,0
2024-10-14,2850,154000,Foreign_Investor,246000
2024-10-14,2850,0,Foreign_Dealer_Self,0
2024-10-14,2850,89000,Investment_Trust,0
2024-10-14,2850,2000,Dealer_self,6000
2024-10-14,2850,3000,Dealer_Hedging,0
2024-10-15,2850,359000,Foreign_Investor,131000
2024-10-15,2850,0,Foreign_Dealer_Self,0
2024-10-15,2850,69000,Investment_Trust,0
2024-10-15,2850,6000,Dealer_self,0
2024-10-15,2850,0,Dealer_Hedging,0
2024-10-16,2850,217000,Foreign_Investor,289175
2024-10-16,2850,0,Foreign_Dealer_Self,0
2024-10-16,2850,68000,Investment_Trust,9000
2024-10-16,2850,22000,Dealer_self,0
2024-10-16,2850,0,Dealer_Hedging,0
2024-10-17,2850,110000,Foreign_Investor,99000
2024-10-17,2850,0,Foreign_Dealer_Self,0
2024-10-17,2850,72000,Investment_Trust,0
2024-10-17,2850,10000,Dealer_self,0
2024-10-17,2850,3000,Dealer_Hedging,3000
2024-10-18,2850,145000,Foreign_Investor,22000
2024-10-18,2850,0,Foreign_Dealer_Self,0
2024-10-18,2850,1000,Investment_Trust,0
2024-10-18,2850,27000,Dealer_self,0
2024-10-18,2850,0,Dealer_Hedging,0
2024-10-21,2850,82000,Foreign_Investor,124000
2024-10-21,2850,0,Foreign_Dealer_Self,0
2024-10-21,2850,67000,Investment_Trust,4000
2024-10-21,2850,11000,Dealer_self,3000
2024-10-21,2850,0,Dealer_Hedging,1117
2024-10-22,2850,59000,Foreign_Investor,300000
2024-10-22,2850,0,Foreign_Dealer_Self,0
2024-10-22,2850,10000,Investment_Trust,0
2024-10-22,2850,1000,Dealer_self,29000
2024-10-22,2850,15000,Dealer_Hedging,14510
2024-10-23,2850,235000,Foreign_Investor,73000
2024-10-23,2850,0,Foreign_Dealer_Self,0
2024-10-23,2850,67000,Investment_Trust,0
2024-10-23,2850,0,Dealer_self,68000
2024-10-23,2850,0,Dealer_Hedging,19
2024-10-24,2850,61001,Foreign_Investor,47000
2024-10-24,2850,0,Foreign_Dealer_Self,0
2024-10-24,2850,2000,Investment_Trust,0
2024-10-24,2850,2000,Dealer_self,10000
2024-10-24,2850,0,Dealer_Hedging,0
2024-10-25,2850,91000,Foreign_Investor,76000
2024-10-25,2850,0,Foreign_Dealer_Self,0
2024-10-25,2850,0,Investment_Trust,0
2024-10-25,2850,0,Dealer_self,5634
2024-10-25,2850,5000,Dealer_Hedging,5181
2024-10-28,2850,89000,Foreign_Investor,32000
2024-10-28,2850,0,Foreign_Dealer_Self,0
2024-10-28,2850,0,Investment_Trust,0
2024-10-28,2850,13000,Dealer_self,0
2024-10-28,2850,2000,Dealer_Hedging,1847
2024-10-29,2850,55000,Foreign_Investor,113000
2024-10-29,2850,0,Foreign_Dealer_Self,0
2024-10-29,2850,10000,Investment_Trust,2000
2024-10-29,2850,6000,Dealer_self,28000
2024-10-29,2850,3000,Dealer_Hedging,4220
2024-10-30,2850,34000,Foreign_Investor,117771
2024-10-30,2850,0,Foreign_Dealer_Self,0
2024-10-30,2850,7000,Investment_Trust,0
2024-10-30,2850,67000,Dealer_self,0
2024-10-30,2850,2000,Dealer_Hedging,2450
2024-11-01,2850,335000,Foreign_Investor,202000
2024-11-01,2850,0,Foreign_Dealer_Self,0
2024-11-01,2850,33000,Investment_Trust,0
2024-11-01,2850,13000,Dealer_self,27000
2024-11-01,2850,0,Dealer_Hedging,0
2024-11-04,2850,28000,Foreign_Investor,163000
2024-11-04,2850,0,Foreign_Dealer_Self,0
2024-11-04,2850,0,Investment_Trust,2000
2024-11-04,2850,0,Dealer_self,0
2024-11-04,2850,1000,Dealer_Hedging,453
2024-11-05,2850,29000,Foreign_Investor,100000
2024-11-05,2850,0,Foreign_Dealer_Self,0
2024-11-05,2850,51000,Investment_Trust,0
2024-11-05,2850,2000,Dealer_self,1000
2024-11-05,2850,0,Dealer_Hedging,0
2024-11-06,2850,35000,Foreign_Investor,104000
2024-11-06,2850,0,Foreign_Dealer_Self,0
2024-11-06,2850,50000,Investment_Trust,0
2024-11-06,2850,7000,Dealer_self,0
2024-11-06,2850,2000,Dealer_Hedging,1835
2024-11-07,2850,63000,Foreign_Investor,162000
2024-11-07,2850,0,Foreign_Dealer_Self,0
2024-11-07,2850,0,Investment_Trust,0
2024-11-07,2850,3000,Dealer_self,3000
2024-11-07,2850,2000,Dealer_Hedging,2558
2024-11-08,2850,310000,Foreign_Investor,118000
2024-11-08,2850,0,Foreign_Dealer_Self,0
2024-11-08,2850,57000,Investment_Trust,0
2024-11-08,2850,0,Dealer_self,2000
2024-11-08,2850,0,Dealer_Hedging,27
2024-11-11,2850,81000,Foreign_Investor,126000
2024-11-11,2850,0,Foreign_Dealer_Self,0
2024-11-11,2850,70000,Investment_Trust,2000
2024-11-11,2850,8000,Dealer_self,0
2024-11-11,2850,6000,Dealer_Hedging,4832
2024-11-12,2850,62000,Foreign_Investor,145000
2024-11-12,2850,0,Foreign_Dealer_Self,0
2024-11-12,2850,4000,Investment_Trust,0
2024-11-12,2850,0,Dealer_self,21000
2024-11-12,2850,0,Dealer_Hedging,1061
2024-11-13,2850,81000,Foreign_Investor,138000
2024-11-13,2850,0,Foreign_Dealer_Self,0
2024-11-13,2850,1000,Investment_Trust,0
2024-11-13,2850,0,Dealer_self,15000
2024-11-13,2850,4000,Dealer_Hedging,3377
2024-11-14,2850,85000,Foreign_Investor,246537
2024-11-14,2850,0,Foreign_Dealer_Self,0
2024-11-14,2850,46000,Investment_Trust,0
2024-11-14,2850,23000,Dealer_self,13000
2024-11-14,2850,2000,Dealer_Hedging,2443
2024-11-15,2850,275000,Foreign_Investor,143000
2024-11-15,2850,0,Foreign_Dealer_Self,0
2024-11-15,2850,31000,Investment_Trust,0
2024-11-15,2850,29000,Dealer_self,30000
2024-11-15,2850,0,Dealer_Hedging,0
2024-11-18,2850,126000,Foreign_Investor,73000
2024-11-18,2850,0,Foreign_Dealer_Self,0
2024-11-18,2850,132000,Investment_Trust,0
2024-11-18,2850,32000,Dealer_self,1000
2024-11-18,2850,0,Dealer_Hedging,0
2024-11-19,2850,91000,Foreign_Investor,50000
2024-11-19,2850,0,Foreign_Dealer_Self,0
2024-11-19,2850,96000,Investment_Trust,0
2024-11-19,2850,27000,Dealer_self,0
2024-11-19,2850,0,Dealer_Hedging,0
2024-11-20,2850,67000,Foreign_Investor,70000
2024-11-20,2850,0,Foreign_Dealer_Self,0
2024-11-20,2850,118000,Investment_Trust,0
2024-11-20,2850,13000,Dealer_self,30000
2024-11-20,2850,0,Dealer_Hedging,0
2024-11-21,2850,30000,Foreign_Investor,51000
2024-11-21,2850,0,Foreign_Dealer_Self,0
2024-11-21,2850,82000,Investment_Trust,0
2024-11-21,2850,0,Dealer_self,0
2024-11-21,2850,0,Dealer_Hedging,0
2024-11-22,2850,26000,Foreign_Investor,19000
2024-11-22,2850,0,Foreign_Dealer_Self,0
2024-11-22,2850,0,Investment_Trust,0
2024-11-22,2850,12000,Dealer_self,0
2024-11-22,2850,0,Dealer_Hedging,0
2024-11-25,2850,227246,Foreign_Investor,59000
2024-11-25,2850,0,Foreign_Dealer_Self,0
2024-11-25,2850,0,Investment_Trust,0
2024-11-25,2850,24000,Dealer_self,0
2024-11-25,2850,319,Dealer_Hedging,1000
2024-11-26,2850,72167,Foreign_Investor,38000
2024-11-26,2850,0,Foreign_Dealer_Self,0
2024-11-26,2850,32000,Investment_Trust,2000
2024-11-26,2850,1000,Dealer_self,9000
2024-11-26,2850,441,Dealer_Hedging,1000
2024-11-27,2850,27204,Foreign_Investor,79000
2024-11-27,2850,0,Foreign_Dealer_Self,0
2024-11-27,2850,1000,Investment_Trust,0
2024-11-27,2850,3000,Dealer_self,0
2024-11-27,2850,0,Dealer_Hedging,0
2024-11-28,2850,66006,Foreign_Investor,49000
2024-11-28,2850,0,Foreign_Dealer_Self,0
2024-11-28,2850,1000,Investment_Trust,0
2024-11-28,2850,2000,Dealer_self,0
2024-11-28,2850,0,Dealer_Hedging,0
2024-11-29,2850,50581,Foreign_Investor,115000
2024-11-29,2850,0,Foreign_Dealer_Self,0
2024-11-29,2850,80000,Investment_Trust,0
2024-11-29,2850,32000,Dealer_self,9000
2024-11-29,2850,1000,Dealer_Hedging,738
2024-12-02,2850,82639,Foreign_Investor,37000
2024-12-02,2850,0,Foreign_Dealer_Self,0
2024-12-02,2850,95000,Investment_Trust,0
2024-12-02,2850,1000,Dealer_self,0
2024-12-02,2850,0,Dealer_Hedging,0
2024-12-03,2850,96532,Foreign_Investor,68000
2024-12-03,2850,0,Foreign_Dealer_Self,0
2024-12-03,2850,42000,Investment_Trust,40000
2024-12-03,2850,10000,Dealer_self,0
2024-12-03,2850,1000,Dealer_Hedging,0
2024-12-04,2850,138105,Foreign_Investor,92000
2024-12-04,2850,0,Foreign_Dealer_Self,0
2024-12-04,2850,58000,Investment_Trust,3000
2024-12-04,2850,4000,Dealer_self,0
2024-12-04,2850,0,Dealer_Hedging,1000
2024-12-05,2850,108000,Foreign_Investor,23000
2024-12-05,2850,0,Foreign_Dealer_Self,0
2024-12-05,2850,28000,Investment_Trust,6000
2024-12-05,2850,0,Dealer_self,0
2024-12-05,2850,0,Dealer_Hedging,0
2024-12-06,2850,377797,Foreign_Investor,92000
2024-12-06,2850,0,Foreign_Dealer_Self,0
2024-12-06,2850,84000,Investment_Trust,0
2024-12-06,2850,0,Dealer_self,81000
2024-12-06,2850,4019,Dealer_Hedging,3676
2024-12-09,2850,55447,Foreign_Investor,53000
2024-12-09,2850,0,Foreign_Dealer_Self,0
2024-12-09,2850,50000,Investment_Trust,0
2024-12-09,2850,1000,Dealer_self,6000
2024-12-09,2850,1000,Dealer_Hedging,1278
2024-12-10,2850,42663,Foreign_Investor,79000
2024-12-10,2850,0,Foreign_Dealer_Self,0
2024-12-10,2850,0,Investment_Trust,0
2024-12-10,2850,1000,Dealer_self,2000
2024-12-10,2850,1000,Dealer_Hedging,1003
2024-12-11,2850,68167,Foreign_Investor,26677
2024-12-11,2850,0,Foreign_Dealer_Self,0
2024-12-11,2850,0,Investment_Trust,1000
2024-12-11,2850,1000,Dealer_self,8000
2024-12-11,2850,0,Dealer_Hedging,0
2024-12-12,2850,54683,Foreign_Investor,74467
2024-12-12,2850,0,Foreign_Dealer_Self,0
2024-12-12,2850,0,Investment_Trust,0
2024-12-12,2850,2000,Dealer_self,0
2024-12-12,2850,0,Dealer_Hedging,0
2024-12-13,2850,51555,Foreign_Investor,174000
2024-12-13,2850,0,Foreign_Dealer_Self,0
2024-12-13,2850,98000,Investment_Trust,0
2024-12-13,2850,11000,Dealer_self,8000
2024-12-13,2850,1000,Dealer_Hedging,1009
2024-12-16,2850,456774,Foreign_Investor,86000
2024-12-16,2850,0,Foreign_Dealer_Self,0
2024-12-16,2850,0,Investment_Trust,75000
2024-12-16,2850,3000,Dealer_self,101000
2024-12-16,2850,1000,Dealer_Hedging,17003
2024-12-17,2850,141507,Foreign_Investor,136000
2024-12-17,2850,0,Foreign_Dealer_Self,0
2024-12-17,2850,0,Investment_Trust,1000
2024-12-17,2850,4000,Dealer_self,4000
2024-12-17,2850,2000,Dealer_Hedging,1750
2024-12-18,2850,165566,Foreign_Investor,96000
2024-12-18,2850,0,Foreign_Dealer_Self,0
2024-12-18,2850,59000,Investment_Trust,2000
2024-12-18,2850,0,Dealer_self,8000
2024-12-18,2850,0,Dealer_Hedging,52
2024-12-19,2850,130671,Foreign_Investor,213000
2024-12-19,2850,0,Foreign_Dealer_Self,0
2024-12-19,2850,0,Investment_Trust,41000
2024-12-19,2850,12000,Dealer_self,13000
2024-12-19,2850,1200,Dealer_Hedging,11802
2024-12-20,2850,254147,Foreign_Investor,84000
2024-12-20,2850,0,Foreign_Dealer_Self,0
2024-12-20,2850,0,Investment_Trust,287000
2024-12-20,2850,21000,Dealer_self,6000
2024-12-20,2850,7000,Dealer_Hedging,5078
2024-12-23,2850,204544,Foreign_Investor,69000
2024-12-23,2850,0,Foreign_Dealer_Self,0
2024-12-23,2850,59000,Investment_Trust,0
2024-12-23,2850,26000,Dealer_self,0
2024-12-23,2850,3000,Dealer_Hedging,3134
2024-12-24,2850,76000,Foreign_Investor,36000
2024-12-24,2850,0,Foreign_Dealer_Self,0
2024-12-24,2850,0,Investment_Trust,11000
2024-12-24,2850,3000,Dealer_self,1000
2024-12-24,2850,1,Dealer_Hedging,6000
2024-12-25,2850,49305,Foreign_Investor,100000
2024-12-25,2850,0,Foreign_Dealer_Self,0
2024-12-25,2850,0,Investment_Trust,8000
2024-12-25,2850,11000,Dealer_self,3000
2024-12-25,2850,3000,Dealer_Hedging,3225
2024-12-26,2850,97000,Foreign_Investor,7000
2024-12-26,2850,0,Foreign_Dealer_Self,0
2024-12-26,2850,0,Investment_Trust,95000
2024-12-26,2850,1000,Dealer_self,2000
2024-12-26,2850,0,Dealer_Hedging,4
2024-12-27,2850,181680,Foreign_Investor,8000
2024-12-27,2850,0,Foreign_Dealer_Self,0
2024-12-27,2850,0,Investment_Trust,81000
2024-12-27,2850,3000,Dealer_self,0
2024-12-27,2850,0,Dealer_Hedging,16000
2024-12-30,2850,91524,Foreign_Investor,25000
2024-12-30,2850,0,Foreign_Dealer_Self,0
2024-12-30,2850,14000,Investment_Trust,3000
2024-12-30,2850,0,Dealer_self,2000
2024-12-30,2850,0,Dealer_Hedging,199
2024-12-31,2850,19352,Foreign_Investor,91000
2024-12-31,2850,0,Foreign_Dealer_Self,0
2024-12-31,2850,0,Investment_Trust,0
2024-12-31,2850,154000,Dealer_self,32000
2024-12-31,2850,0,Dealer_Hedging,8807
2025-01-02,2850,80591,Foreign_Investor,88000
2025-01-02,2850,0,Foreign_Dealer_Self,0
2025-01-02,2850,22000,Investment_Trust,0
2025-01-02,2850,26000,Dealer_self,53000
2025-01-02,2850,5000,Dealer_Hedging,4336
2025-01-03,2850,24529,Foreign_Investor,45000
2025-01-03,2850,0,Foreign_Dealer_Self,0
2025-01-03,2850,47000,Investment_Trust,0
2025-01-03,2850,0,Dealer_self,0
2025-01-03,2850,1000,Dealer_Hedging,0
2025-01-06,2850,42113,Foreign_Investor,31000
2025-01-06,2850,0,Foreign_Dealer_Self,0
2025-01-06,2850,37000,Investment_Trust,0
2025-01-06,2850,12000,Dealer_self,0
2025-01-06,2850,1000,Dealer_Hedging,1173
2025-01-07,2850,46008,Foreign_Investor,83000
2025-01-07,2850,0,Foreign_Dealer_Self,0
2025-01-07,2850,55000,Investment_Trust,6000
2025-01-07,2850,1000,Dealer_self,0
2025-01-07,2850,2000,Dealer_Hedging,171
2025-01-08,2850,83846,Foreign_Investor,43000
2025-01-08,2850,0,Foreign_Dealer_Self,0
2025-01-08,2850,51000,Investment_Trust,32000
2025-01-08,2850,0,Dealer_self,0
2025-01-08,2850,0,Dealer_Hedging,0
2025-01-09,2850,35000,Foreign_Investor,64000
2025-01-09,2850,0,Foreign_Dealer_Self,0
2025-01-09,2850,0,Investment_Trust,5000
2025-01-09,2850,5000,Dealer_self,14000
2025-01-09,2850,4000,Dealer_Hedging,4190
2025-01-10,2850,56000,Foreign_Investor,124164
2025-01-10,2850,0,Foreign_Dealer_Self,0
2025-01-10,2850,56000,Investment_Trust,2000
2025-01-10,2850,1000,Dealer_self,9000
2025-01-10,2850,0,Dealer_Hedging,1531
2025-01-13,2850,117000,Foreign_Investor,141000
2025-01-13,2850,0,Foreign_Dealer_Self,0
2025-01-13,2850,35000,Investment_Trust,0
2025-01-13,2850,7000,Dealer_self,40000
2025-01-13,2850,3000,Dealer_Hedging,4132
2025-01-14,2850,24008,Foreign_Investor,52000
2025-01-14,2850,0,Foreign_Dealer_Self,0
2025-01-14,2850,7000,Investment_Trust,2000
2025-01-14,2850,1000,Dealer_self,2000
2025-01-14,2850,0,Dealer_Hedging,16
2025-01-15,2850,18006,Foreign_Investor,59000
2025-01-15,2850,0,Foreign_Dealer_Self,0
2025-01-15,2850,0,Investment_Trust,0
2025-01-15,2850,3000,Dealer_self,3000
2025-01-15,2850,0,Dealer_Hedging,0
2025-01-16,2850,26507,Foreign_Investor,77000
2025-01-16,2850,0,Foreign_Dealer_Self,0
2025-01-16,2850,0,Investment_Trust,1000
2025-01-16,2850,27000,Dealer_self,5000
2025-01-16,2850,1000,Dealer_Hedging,3221
2025-01-17,2850,38188,Foreign_Investor,27000
2025-01-17,2850,0,Foreign_Dealer_Self,0
2025-01-17,2850,2000,Investment_Trust,1000
2025-01-17,2850,0,Dealer_self,7000
2025-01-17,2850,1000,Dealer_Hedging,1066
2025-01-20,2850,11010,Foreign_Investor,25000
2025-01-20,2850,0,Foreign_Dealer_Self,0
2025-01-20,2850,0,Investment_Trust,0
2025-01-20,2850,0,Dealer_self,0
2025-01-20,2850,2000,Dealer_Hedging,2001
2025-01-21,2850,24148,Foreign_Investor,46000
2025-01-21,2850,0,Foreign_Dealer_Self,0
2025-01-21,2850,0,Investment_Trust,3000
2025-01-21,2850,3000,Dealer_self,4000
2025-01-21,2850,0,Dealer_Hedging,0
2025-01-22,2850,20155,Foreign_Investor,44000
2025-01-22,2850,0,Foreign_Dealer_Self,0
2025-01-22,2850,0,Investment_Trust,0
2025-01-22,2850,76000,Dealer_self,6000
2025-01-22,2850,0,Dealer_Hedging,0
2025-02-03,2850,65771,Foreign_Investor,96002
2025-02-03,2850,0,Foreign_Dealer_Self,0
2025-02-03,2850,12000,Investment_Trust,0
2025-02-03,2850,9000,Dealer_self,35000
2025-02-03,2850,8049,Dealer_Hedging,6778
2025-02-04,2850,45413,Foreign_Investor,40000
2025-02-04,2850,0,Foreign_Dealer_Self,0
2025-02-04,2850,0,Investment_Trust,3000
2025-02-04,2850,3000,Dealer_self,9000
2025-02-04,2850,3000,Dealer_Hedging,3000
2025-02-05,2850,107008,Foreign_Investor,82000
2025-02-05,2850,0,Foreign_Dealer_Self,0
2025-02-05,2850,0,Investment_Trust,0
2025-02-05,2850,2000,Dealer_self,2000
2025-02-05,2850,1000,Dealer_Hedging,1028
2025-02-06,2850,48105,Foreign_Investor,45000
2025-02-06,2850,0,Foreign_Dealer_Self,0
2025-02-06,2850,0,Investment_Trust,0
2025-02-06,2850,2000,Dealer_self,2049
2025-02-06,2850,0,Dealer_Hedging,0
2025-02-07,2850,49000,Foreign_Investor,53000
2025-02-07,2850,0,Foreign_Dealer_Self,0
2025-02-07,2850,0,Investment_Trust,12000
2025-02-07,2850,0,Dealer_self,401
2025-02-07,2850,0,Dealer_Hedging,0
2025-02-10,2850,63000,Foreign_Investor,183000
2025-02-10,2850,0,Foreign_Dealer_Self,0
2025-02-10,2850,0,Investment_Trust,3000
2025-02-10,2850,0,Dealer_self,17000
2025-02-10,2850,13000,Dealer_Hedging,13477
2025-02-11,2850,48578,Foreign_Investor,126000
2025-02-11,2850,0,Foreign_Dealer_Self,0
2025-02-11,2850,15000,Investment_Trust,0
2025-02-11,2850,4000,Dealer_self,7000
2025-02-11,2850,3000,Dealer_Hedging,3052
2025-02-12,2850,34271,Foreign_Investor,108000
2025-02-12,2850,0,Foreign_Dealer_Self,0
2025-02-12,2850,2000,Investment_Trust,0
2025-02-12,2850,4000,Dealer_self,8000
2025-02-12,2850,3000,Dealer_Hedging,3228
2025-02-13,2850,142000,Foreign_Investor,87000
2025-02-13,2850,0,Foreign_Dealer_Self,0
2025-02-13,2850,0,Investment_Trust,0
2025-02-13,2850,11000,Dealer_self,0
2025-02-13,2850,0,Dealer_Hedging,0
2025-02-14,2850,155000,Foreign_Investor,625210
2025-02-14,2850,0,Foreign_Dealer_Self,0
2025-02-14,2850,1000,Investment_Trust,5000
2025-02-14,2850,3000,Dealer_self,0
2025-02-14,2850,28000,Dealer_Hedging,27252
2025-02-17,2850,97900,Foreign_Investor,30000
2025-02-17,2850,0,Foreign_Dealer_Self,0
2025-02-17,2850,0,Investment_Trust,1000
2025-02-17,2850,4000,Dealer_self,0
2025-02-17,2850,0,Dealer_Hedging,149
2025-02-18,2850,19000,Foreign_Investor,12000
2025-02-18,2850,0,Foreign_Dealer_Self,0
2025-02-18,2850,0,Investment_Trust,10000
2025-02-18,2850,2000,Dealer_self,3000
2025-02-18,2850,0,Dealer_Hedging,0
2025-02-19,2850,24000,Foreign_Investor,12000
2025-02-19,2850,0,Foreign_Dealer_Self,0
2025-02-19,2850,0,Investment_Trust,8000
2025-02-19,2850,4000,Dealer_self,0
2025-02-19,2850,0,Dealer_Hedging,0
2025-02-20,2850,47000,Foreign_Investor,22000
2025-02-20,2850,0,Foreign_Dealer_Self,0
2025-02-20,2850,0,Investment_Trust,2000
2025-02-20,2850,4000,Dealer_self,0
2025-02-20,2850,0,Dealer_Hedging,449
2025-02-21,2850,38050,Foreign_Investor,51000
2025-02-21,2850,0,Foreign_Dealer_Self,0
2025-02-21,2850,1000,Investment_Trust,2000
2025-02-21,2850,2000,Dealer_self,2000
2025-02-21,2850,0,Dealer_Hedging,0
2025-02-24,2850,32000,Foreign_Investor,15000
2025-02-24,2850,0,Foreign_Dealer_Self,0
2025-02-24,2850,0,Investment_Trust,2000
2025-02-24,2850,0,Dealer_self,0
2025-02-24,2850,0,Dealer_Hedging,0
2025-02-25,2850,61000,Foreign_Investor,44000
2025-02-25,2850,0,Foreign_Dealer_Self,0
2025-02-25,2850,0,Investment_Trust,0
2025-02-25,2850,7000,Dealer_self,10000
2025-02-25,2850,1000,Dealer_Hedging,409
2025-02-26,2850,49000,Foreign_Investor,32000
2025-02-26,2850,0,Foreign_Dealer_Self,0
2025-02-26,2850,0,Investment_Trust,24000
2025-02-26,2850,1000,Dealer_self,4000
2025-02-26,2850,1000,Dealer_Hedging,842
2025-02-27,2850,77413,Foreign_Investor,55000
2025-02-27,2850,0,Foreign_Dealer_Self,0
2025-02-27,2850,1000,Investment_Trust,2000
2025-02-27,2850,7000,Dealer_self,11000
2025-02-27,2850,0,Dealer_Hedging,0
2025-03-03,2850,44287,Foreign_Investor,30000
2025-03-03,2850,0,Foreign_Dealer_Self,0
2025-03-03,2850,0,Investment_Trust,0
2025-03-03,2850,4000,Dealer_self,1000
2025-03-03,2850,0,Dealer_Hedging,0
2025-03-04,2850,83000,Foreign_Investor,120000
2025-03-04,2850,0,Foreign_Dealer_Self,0
2025-03-04,2850,0,Investment_Trust,0
2025-03-04,2850,0,Dealer_self,10000
2025-03-04,2850,0,Dealer_Hedging,0
2025-03-05,2850,43000,Foreign_Investor,29000
2025-03-05,2850,0,Foreign_Dealer_Self,0
2025-03-05,2850,0,Investment_Trust,6000
2025-03-05,2850,5000,Dealer_self,6000
2025-03-05,2850,0,Dealer_Hedging,0
2025-03-06,2850,30002,Foreign_Investor,14000
2025-03-06,2850,0,Foreign_Dealer_Self,0
2025-03-06,2850,0,Investment_Trust,3000
2025-03-06,2850,4000,Dealer_self,0
2025-03-06,2850,0,Dealer_Hedging,0
2025-03-07,2850,27000,Foreign_Investor,53000
2025-03-07,2850,0,Foreign_Dealer_Self,0
2025-03-07,2850,0,Investment_Trust,0
2025-03-07,2850,0,Dealer_self,3000
2025-03-07,2850,0,Dealer_Hedging,0
2025-03-10,2850,32000,Foreign_Investor,85000
2025-03-10,2850,0,Foreign_Dealer_Self,0
2025-03-10,2850,0,Investment_Trust,2000
2025-03-10,2850,1000,Dealer_self,9000
2025-03-10,2850,0,Dealer_Hedging,0
2025-03-11,2850,764000,Foreign_Investor,714765
2025-03-11,2850,0,Foreign_Dealer_Self,0
2025-03-11,2850,0,Investment_Trust,0
2025-03-11,2850,35000,Dealer_self,160000
2025-03-11,2850,5000,Dealer_Hedging,5240
2025-03-12,2850,491860,Foreign_Investor,75000
2025-03-12,2850,0,Foreign_Dealer_Self,0
2025-03-12,2850,0,Investment_Trust,1000
2025-03-12,2850,21000,Dealer_self,29000
2025-03-12,2850,0,Dealer_Hedging,0
2025-03-13,2850,149000,Foreign_Investor,73000
2025-03-13,2850,0,Foreign_Dealer_Self,0
2025-03-13,2850,0,Investment_Trust,0
2025-03-13,2850,2000,Dealer_self,0
2025-03-13,2850,0,Dealer_Hedging,1
2025-03-14,2850,200000,Foreign_Investor,38000
2025-03-14,2850,0,Foreign_Dealer_Self,0
2025-03-14,2850,0,Investment_Trust,0
2025-03-14,2850,7000,Dealer_self,12000
2025-03-14,2850,5000,Dealer_Hedging,5000
2025-03-17,2850,129050,Foreign_Investor,102000
2025-03-17,2850,0,Foreign_Dealer_Self,0
2025-03-17,2850,0,Investment_Trust,3000
2025-03-17,2850,20000,Dealer_self,0
2025-03-17,2850,0,Dealer_Hedging,0
2025-03-18,2850,123000,Foreign_Investor,25000
2025-03-18,2850,0,Foreign_Dealer_Self,0
2025-03-18,2850,0,Investment_Trust,0
2025-03-18,2850,28000,Dealer_self,1000
2025-03-18,2850,0,Dealer_Hedging,0
2025-03-19,2850,76935,Foreign_Investor,105000
2025-03-19,2850,0,Foreign_Dealer_Self,0
2025-03-19,2850,0,Investment_Trust,0
2025-03-19,2850,27000,Dealer_self,3000
2025-03-19,2850,0,Dealer_Hedging,5
2025-03-20,2850,97006,Foreign_Investor,17000
2025-03-20,2850,0,Foreign_Dealer_Self,0
2025-03-20,2850,0,Investment_Trust,1000
2025-03-20,2850,7000,Dealer_self,30000
2025-03-20,2850,4000,Dealer_Hedging,3476
2025-03-21,2850,0,Foreign_Dealer_Self,0
2025-03-21,2850,0,Investment_Trust,2000
2025-03-21,2850,8000,Dealer_self,10000
2025-03-21,2850,6000,Dealer_Hedging,7003
2025-03-21,2850,126001,Foreign_Investor,122000
2025-03-24,2850,93877,Foreign_Investor,72000
2025-03-24,2850,0,Foreign_Dealer_Self,0
2025-03-24,2850,0,Investment_Trust,0
2025-03-24,2850,0,Dealer_self,0
2025-03-24,2850,1000,Dealer_Hedging,1073
2025-03-25,2850,64000,Foreign_Investor,47000
2025-03-25,2850,0,Foreign_Dealer_Self,0
2025-03-25,2850,0,Investment_Trust,0
2025-03-25,2850,0,Dealer_self,0
2025-03-25,2850,0,Dealer_Hedging,0
2025-03-26,2850,125000,Foreign_Investor,49000
2025-03-26,2850,0,Foreign_Dealer_Self,0
2025-03-26,2850,0,Investment_Trust,0
2025-03-26,2850,7000,Dealer_self,0
2025-03-26,2850,0,Dealer_Hedging,0
2025-03-27,2850,108000,Foreign_Investor,61000
2025-03-27,2850,0,Foreign_Dealer_Self,0
2025-03-27,2850,34000,Investment_Trust,0
2025-03-27,2850,1000,Dealer_self,4000
2025-03-27,2850,0,Dealer_Hedging,0
2025-03-28,2850,31000,Foreign_Investor,84000
2025-03-28,2850,0,Foreign_Dealer_Self,0
2025-03-28,2850,34000,Investment_Trust,1000
2025-03-28,2850,0,Dealer_self,11000
2025-03-28,2850,2000,Dealer_Hedging,1259
2025-03-31,2850,84000,Foreign_Investor,107000
2025-03-31,2850,0,Foreign_Dealer_Self,0
2025-03-31,2850,0,Investment_Trust,0
2025-03-31,2850,33000,Dealer_self,33000
2025-03-31,2850,1000,Dealer_Hedging,1873
2025-04-01,2850,54000,Foreign_Investor,37000
2025-04-01,2850,0,Foreign_Dealer_Self,0
2025-04-01,2850,2000,Investment_Trust,0
2025-04-01,2850,29000,Dealer_self,10000
2025-04-01,2850,1000,Dealer_Hedging,144
2025-04-02,2850,15000,Foreign_Investor,26000
2025-04-02,2850,0,Foreign_Dealer_Self,0
2025-04-02,2850,0,Investment_Trust,0
2025-04-02,2850,0,Dealer_self,4000
2025-04-02,2850,1000,Dealer_Hedging,1123
2025-04-07,2850,155000,Foreign_Investor,350000
2025-04-07,2850,0,Foreign_Dealer_Self,0
2025-04-07,2850,0,Investment_Trust,0
2025-04-07,2850,50000,Dealer_self,9000
2025-04-07,2850,19000,Dealer_Hedging,19575
2025-04-08,2850,444100,Foreign_Investor,488000
2025-04-08,2850,0,Foreign_Dealer_Self,0
2025-04-08,2850,0,Investment_Trust,1000
2025-04-08,2850,36000,Dealer_self,44479
2025-04-08,2850,18000,Dealer_Hedging,15352
2025-04-09,2850,225000,Foreign_Investor,384324
2025-04-09,2850,0,Foreign_Dealer_Self,0
2025-04-09,2850,0,Investment_Trust,0
2025-04-09,2850,15000,Dealer_self,20000
2025-04-09,2850,13000,Dealer_Hedging,15160
2025-04-10,2850,149000,Foreign_Investor,188001
2025-04-10,2850,0,Foreign_Dealer_Self,0
2025-04-10,2850,0,Investment_Trust,0
2025-04-10,2850,40000,Dealer_self,0
2025-04-10,2850,0,Dealer_Hedging,0
2025-04-11,2850,336043,Foreign_Investor,174000
2025-04-11,2850,0,Foreign_Dealer_Self,0
2025-04-11,2850,0,Investment_Trust,0
2025-04-11,2850,27000,Dealer_self,37189
2025-04-11,2850,28000,Dealer_Hedging,19981
2025-04-14,2850,108000,Foreign_Investor,188043
2025-04-14,2850,0,Foreign_Dealer_Self,0
2025-04-14,2850,0,Investment_Trust,0
2025-04-14,2850,0,Dealer_self,21000
2025-04-14,2850,16000,Dealer_Hedging,19756
2025-04-15,2850,112154,Foreign_Investor,71000
2025-04-15,2850,0,Foreign_Dealer_Self,0
2025-04-15,2850,0,Investment_Trust,0
2025-04-15,2850,0,Dealer_self,9399
2025-04-15,2850,0,Dealer_Hedging,413
2025-04-16,2850,94700,Foreign_Investor,75061
2025-04-16,2850,0,Foreign_Dealer_Self,0
2025-04-16,2850,0,Investment_Trust,0
2025-04-16,2850,49000,Dealer_self,17000
2025-04-16,2850,0,Dealer_Hedging,2002
2025-04-17,2850,55107,Foreign_Investor,23000
2025-04-17,2850,0,Foreign_Dealer_Self,0
2025-04-17,2850,0,Investment_Trust,0
2025-04-17,2850,0,Dealer_self,410
2025-04-17,2850,0,Dealer_Hedging,0
2025-04-18,2850,32000,Foreign_Investor,46107
2025-04-18,2850,0,Foreign_Dealer_Self,0
2025-04-18,2850,0,Investment_Trust,0
2025-04-18,2850,0,Dealer_self,4371
2025-04-18,2850,0,Dealer_Hedging,0
2025-04-21,2850,78344,Foreign_Investor,55000
2025-04-21,2850,0,Foreign_Dealer_Self,0
2025-04-21,2850,0,Investment_Trust,0
2025-04-21,2850,2000,Dealer_self,13479
2025-04-21,2850,0,Dealer_Hedging,3002
2025-04-22,2850,151270,Foreign_Investor,107344
2025-04-22,2850,0,Foreign_Dealer_Self,0
2025-04-22,2850,0,Investment_Trust,2000
2025-04-22,2850,5000,Dealer_self,0
2025-04-22,2850,3000,Dealer_Hedging,3000
2025-04-23,2850,103000,Foreign_Investor,55000
2025-04-23,2850,0,Foreign_Dealer_Self,0
2025-04-23,2850,0,Investment_Trust,0
2025-04-23,2850,3000,Dealer_self,17436
2025-04-23,2850,0,Dealer_Hedging,5000
2025-04-24,2850,14000,Foreign_Investor,186270
2025-04-24,2850,0,Foreign_Dealer_Self,0
2025-04-24,2850,0,Investment_Trust,0
2025-04-24,2850,4000,Dealer_self,12948
2025-04-24,2850,5000,Dealer_Hedging,4824
2025-04-25,2850,0,Foreign_Dealer_Self,0
2025-04-25,2850,0,Investment_Trust,0
2025-04-25,2850,3000,Dealer_self,0
2025-04-25,2850,6000,Dealer_Hedging,8415
2025-04-25,2850,160000,Foreign_Investor,276000
2025-04-28,2850,9000,Foreign_Investor,33000
2025-04-28,2850,0,Foreign_Dealer_Self,0
2025-04-28,2850,0,Investment_Trust,0
2025-04-28,2850,0,Dealer_self,0
2025-04-28,2850,1000,Dealer_Hedging,712
2025-04-29,2850,107872,Foreign_Investor,42000
2025-04-29,2850,0,Foreign_Dealer_Self,0
2025-04-29,2850,0,Investment_Trust,0
2025-04-29,2850,3000,Dealer_self,2000
2025-04-29,2850,2000,Dealer_Hedging,2000
2025-04-30,2850,215690,Foreign_Investor,201872
2025-04-30,2850,0,Foreign_Dealer_Self,0
2025-04-30,2850,56000,Investment_Trust,0
2025-04-30,2850,2000,Dealer_self,21000
2025-04-30,2850,2000,Dealer_Hedging,2362
2025-05-02,2850,165308,Foreign_Investor,73968
2025-05-02,2850,0,Foreign_Dealer_Self,0
2025-05-02,2850,2000,Investment_Trust,0
2025-05-02,2850,0,Dealer_self,6000
2025-05-02,2850,1000,Dealer_Hedging,243
2025-05-05,2850,242000,Foreign_Investor,100020
2025-05-05,2850,0,Foreign_Dealer_Self,0
2025-05-05,2850,0,Investment_Trust,0
2025-05-05,2850,10000,Dealer_self,8000
2025-05-05,2850,1000,Dealer_Hedging,2447
2025-05-06,2850,135000,Foreign_Investor,91000
2025-05-06,2850,0,Foreign_Dealer_Self,0
2025-05-06,2850,4000,Investment_Trust,2000
2025-05-06,2850,0,Dealer_self,18000
2025-05-06,2850,1000,Dealer_Hedging,8579
2025-05-07,2850,121150,Foreign_Investor,85000
2025-05-07,2850,0,Foreign_Dealer_Self,0
2025-05-07,2850,0,Investment_Trust,1000
2025-05-07,2850,0,Dealer_self,9782
2025-05-07,2850,4000,Dealer_Hedging,13118
2025-05-08,2850,7000,Foreign_Investor,119700
2025-05-08,2850,0,Foreign_Dealer_Self,0
2025-05-08,2850,0,Investment_Trust,0
2025-05-08,2850,6000,Dealer_self,0
2025-05-08,2850,1000,Dealer_Hedging,1456
2025-05-09,2850,78001,Foreign_Investor,91000
2025-05-09,2850,0,Foreign_Dealer_Self,0
2025-05-09,2850,0,Investment_Trust,0
2025-05-09,2850,3000,Dealer_self,3000
2025-05-09,2850,0,Dealer_Hedging,5000
2025-05-12,2850,75100,Foreign_Investor,145000
2025-05-12,2850,0,Foreign_Dealer_Self,0
2025-05-12,2850,0,Investment_Trust,0
2025-05-12,2850,5000,Dealer_self,0
2025-05-12,2850,0,Dealer_Hedging,1000
2025-05-13,2850,139000,Foreign_Investor,164160
2025-05-13,2850,0,Foreign_Dealer_Self,0
2025-05-13,2850,0,Investment_Trust,0
2025-05-13,2850,86000,Dealer_self,6207
2025-05-13,2850,0,Dealer_Hedging,2000
2025-05-14,2850,88700,Foreign_Investor,150000
2025-05-14,2850,0,Foreign_Dealer_Self,0
2025-05-14,2850,0,Investment_Trust,0
2025-05-14,2850,44000,Dealer_self,0
2025-05-14,2850,0,Dealer_Hedging,356
2025-05-15,2850,118212,Foreign_Investor,149100
2025-05-15,2850,0,Foreign_Dealer_Self,0
2025-05-15,2850,0,Investment_Trust,0
2025-05-15,2850,8000,Dealer_self,0
2025-05-15,2850,0,Dealer_Hedging,0
2025-05-16,2850,269400,Foreign_Investor,115612
2025-05-16,2850,0,Foreign_Dealer_Self,0
2025-05-16,2850,0,Investment_Trust,2000
2025-05-16,2850,9000,Dealer_self,21000
2025-05-16,2850,0,Dealer_Hedging,0
2025-05-19,2850,92000,Foreign_Investor,121900
2025-05-19,2850,0,Foreign_Dealer_Self,0
2025-05-19,2850,0,Investment_Trust,73000
2025-05-19,2850,2000,Dealer_self,2000
2025-05-19,2850,0,Dealer_Hedging,2001
2025-05-20,2850,19000,Foreign_Investor,119410
2025-05-20,2850,0,Foreign_Dealer_Self,0
2025-05-20,2850,0,Investment_Trust,84000
2025-05-20,2850,70000,Dealer_self,1000
2025-05-20,2850,0,Dealer_Hedging,0
2025-05-21,2850,144922,Foreign_Investor,140431
2025-05-21,2850,0,Foreign_Dealer_Self,0
2025-05-21,2850,66000,Investment_Trust,85000
2025-05-21,2850,1000,Dealer_self,12000
2025-05-21,2850,1000,Dealer_Hedging,2021
2025-05-22,2850,20000,Foreign_Investor,30022
2025-05-22,2850,0,Foreign_Dealer_Self,0
2025-05-22,2850,0,Investment_Trust,13000
2025-05-22,2850,1000,Dealer_self,18334
2025-05-22,2850,0,Dealer_Hedging,1079
2025-05-23,2850,28500,Foreign_Investor,29000
2025-05-23,2850,0,Foreign_Dealer_Self,0
2025-05-23,2850,0,Investment_Trust,3000
2025-05-23,2850,0,Dealer_self,10123
2025-05-23,2850,0,Dealer_Hedging,0
2025-05-26,2850,178900,Foreign_Investor,76000
2025-05-26,2850,0,Foreign_Dealer_Self,0
2025-05-26,2850,0,Investment_Trust,30000
2025-05-26,2850,0,Dealer_self,22000
2025-05-26,2850,0,Dealer_Hedging,0
2025-05-27,2850,62528,Foreign_Investor,251000
2025-05-27,2850,0,Foreign_Dealer_Self,0
2025-05-27,2850,0,Investment_Trust,0
2025-05-27,2850,0,Dealer_self,26486
2025-05-27,2850,0,Dealer_Hedging,4000
2025-05-28,2850,56000,Foreign_Investor,181782
2025-05-28,2850,0,Foreign_Dealer_Self,0
2025-05-28,2850,0,Investment_Trust,0
2025-05-28,2850,0,Dealer_self,357
2025-05-28,2850,0,Dealer_Hedging,446
2025-05-29,2850,83222,Foreign_Investor,276000
2025-05-29,2850,0,Foreign_Dealer_Self,0
2025-05-29,2850,0,Investment_Trust,60000
2025-05-29,2850,11000,Dealer_self,1000
2025-05-29,2850,6000,Dealer_Hedging,5884
2025-06-02,2850,59558,Foreign_Investor,447718
2025-06-02,2850,0,Foreign_Dealer_Self,0
2025-06-02,2850,0,Investment_Trust,0
2025-06-02,2850,16000,Dealer_self,14000
2025-06-02,2850,6000,Dealer_Hedging,8128
2025-06-03,2850,205000,Foreign_Investor,233000
2025-06-03,2850,0,Foreign_Dealer_Self,0
2025-06-03,2850,0,Investment_Trust,0
2025-06-03,2850,2000,Dealer_self,9000
2025-06-03,2850,0,Dealer_Hedging,0
2025-06-04,2850,146000,Foreign_Investor,166000
2025-06-04,2850,0,Foreign_Dealer_Self,0
2025-06-04,2850,0,Investment_Trust,22000
2025-06-04,2850,0,Dealer_self,3000
2025-06-04,2850,2000,Dealer_Hedging,2246
2025-06-05,2850,16100,Foreign_Investor,158000
2025-06-05,2850,0,Foreign_Dealer_Self,0
2025-06-05,2850,0,Investment_Trust,28000
2025-06-05,2850,2000,Dealer_self,4000
2025-06-05,2850,3000,Dealer_Hedging,2706
2025-06-06,2850,188245,Foreign_Investor,162262
2025-06-06,2850,0,Foreign_Dealer_Self,0
2025-06-06,2850,0,Investment_Trust,30000
2025-06-06,2850,0,Dealer_self,1000
2025-06-06,2850,0,Dealer_Hedging,965
2025-06-09,2850,82000,Foreign_Investor,89245
2025-06-09,2850,0,Foreign_Dealer_Self,0
2025-06-09,2850,0,Investment_Trust,28000
2025-06-09,2850,9000,Dealer_self,7000
2025-06-09,2850,0,Dealer_Hedging,17
2025-06-10,2850,195986,Foreign_Investor,126000
2025-06-10,2850,0,Foreign_Dealer_Self,0
2025-06-10,2850,0,Investment_Trust,0
2025-06-10,2850,31000,Dealer_self,18000
2025-06-10,2850,0,Dealer_Hedging,356
2025-06-11,2850,167000,Foreign_Investor,97839
2025-06-11,2850,0,Foreign_Dealer_Self,0
2025-06-11,2850,0,Investment_Trust,0
2025-06-11,2850,36000,Dealer_self,8000
2025-06-11,2850,3000,Dealer_Hedging,3000
2025-06-12,2850,102000,Foreign_Investor,79000
2025-06-12,2850,0,Foreign_Dealer_Self,0
2025-06-12,2850,0,Investment_Trust,0
2025-06-12,2850,40000,Dealer_self,117000
2025-06-12,2850,0,Dealer_Hedging,0
2025-06-13,2850,228000,Foreign_Investor,175000
2025-06-13,2850,0,Foreign_Dealer_Self,0
2025-06-13,2850,0,Investment_Trust,0
2025-06-13,2850,52000,Dealer_self,128000
2025-06-13,2850,1000,Dealer_Hedging,13099
2025-06-16,2850,215070,Foreign_Investor,150000
2025-06-16,2850,0,Foreign_Dealer_Self,0
2025-06-16,2850,0,Investment_Trust,88000
2025-06-16,2850,52000,Dealer_self,76000
2025-06-16,2850,1000,Dealer_Hedging,1000
2025-06-17,2850,587119,Foreign_Investor,260000
2025-06-17,2850,0,Foreign_Dealer_Self,0
2025-06-17,2850,0,Investment_Trust,388000
2025-06-17,2850,13000,Dealer_self,109000
2025-06-17,2850,1000,Dealer_Hedging,1461
2025-06-18,2850,536090,Foreign_Investor,272000
2025-06-18,2850,0,Foreign_Dealer_Self,0
2025-06-18,2850,7000,Investment_Trust,408000
2025-06-18,2850,90000,Dealer_self,3000
2025-06-18,2850,53000,Dealer_Hedging,2
2025-06-19,2850,251064,Foreign_Investor,262000
2025-06-19,2850,0,Foreign_Dealer_Self,0
2025-06-19,2850,0,Investment_Trust,411000
2025-06-19,2850,60000,Dealer_self,27000
2025-06-19,2850,120000,Dealer_Hedging,1001
2025-06-20,2850,788300,Foreign_Investor,854000
2025-06-20,2850,0,Foreign_Dealer_Self,0
2025-06-20,2850,0,Investment_Trust,255000
2025-06-20,2850,13000,Dealer_self,5000
2025-06-20,2850,98000,Dealer_Hedging,848
2025-06-23,2850,389000,Foreign_Investor,423000
2025-06-23,2850,0,Foreign_Dealer_Self,0
2025-06-23,2850,0,Investment_Trust,227000
2025-06-23,2850,95000,Dealer_self,8000
2025-06-23,2850,136000,Dealer_Hedging,1453
2025-06-24,2850,406098,Foreign_Investor,826000
2025-06-24,2850,0,Foreign_Dealer_Self,0
2025-06-24,2850,0,Investment_Trust,83000
2025-06-24,2850,23000,Dealer_self,50000
2025-06-24,2850,148000,Dealer_Hedging,4675
2025-06-25,2850,271797,Foreign_Investor,425646
2025-06-25,2850,0,Foreign_Dealer_Self,0
2025-06-25,2850,0,Investment_Trust,63000
2025-06-25,2850,8000,Dealer_self,1000
2025-06-25,2850,112000,Dealer_Hedging,76426
2025-06-26,2850,289003,Foreign_Investor,309000
2025-06-26,2850,0,Foreign_Dealer_Self,0
2025-06-26,2850,0,Investment_Trust,226000
2025-06-26,2850,55000,Dealer_self,9000
2025-06-26,2850,123000,Dealer_Hedging,76659
2025-06-27,2850,1123825,Foreign_Investor,614000
2025-06-27,2850,0,Foreign_Dealer_Self,0
2025-06-27,2850,0,Investment_Trust,12000
2025-06-27,2850,1000,Dealer_self,43000
2025-06-27,2850,26000,Dealer_Hedging,788743
2025-06-30,2850,844175,Foreign_Investor,697000
2025-06-30,2850,0,Foreign_Dealer_Self,0
2025-06-30,2850,0,Investment_Trust,393000
2025-06-30,2850,13000,Dealer_self,26000
2025-06-30,2850,133000,Dealer_Hedging,3654
2025-07-01,2850,211314,Foreign_Investor,107540
2025-07-01,2850,0,Foreign_Dealer_Self,0
2025-07-01,2850,0,Investment_Trust,40000
2025-07-01,2850,188000,Dealer_self,811
2025-07-01,2850,0,Dealer_Hedging,0
2025-07-02,2850,28240,Foreign_Investor,173314
2025-07-02,2850,0,Foreign_Dealer_Self,0
2025-07-02,2850,51000,Investment_Trust,0
2025-07-02,2850,64000,Dealer_self,8189
2025-07-02,2850,0,Dealer_Hedging,0
2025-07-03,2850,106000,Foreign_Investor,254000
2025-07-03,2850,0,Foreign_Dealer_Self,0
2025-07-03,2850,25000,Investment_Trust,0
2025-07-03,2850,37000,Dealer_self,4000
2025-07-03,2850,0,Dealer_Hedging,0
2025-07-04,2850,147686,Foreign_Investor,67000
2025-07-04,2850,0,Foreign_Dealer_Self,0
2025-07-04,2850,53000,Investment_Trust,0
2025-07-04,2850,0,Dealer_self,7501
2025-07-04,2850,0,Dealer_Hedging,0
2025-07-07,2850,52130,Foreign_Investor,21000
2025-07-07,2850,0,Foreign_Dealer_Self,0
2025-07-07,2850,0,Investment_Trust,0
2025-07-07,2850,13000,Dealer_self,0
2025-07-07,2850,0,Dealer_Hedging,0
2025-07-08,2850,43000,Foreign_Investor,163000
2025-07-08,2850,0,Foreign_Dealer_Self,0
2025-07-08,2850,0,Investment_Trust,3000
2025-07-08,2850,14000,Dealer_self,1499
2025-07-08,2850,0,Dealer_Hedging,0
2025-07-09,2850,212000,Foreign_Investor,804414
2025-07-09,2850,0,Foreign_Dealer_Self,0
2025-07-09,2850,0,Investment_Trust,1000
2025-07-09,2850,2000,Dealer_self,7999
2025-07-09,2850,0,Dealer_Hedging,0
2025-07-10,2850,64068,Foreign_Investor,158830
2025-07-10,2850,0,Foreign_Dealer_Self,0
2025-07-10,2850,0,Investment_Trust,2000
2025-07-10,2850,1000,Dealer_self,64999
2025-07-10,2850,0,Dealer_Hedging,0
2025-07-11,2850,144000,Foreign_Investor,166919
2025-07-11,2850,0,Foreign_Dealer_Self,0
2025-07-11,2850,0,Investment_Trust,44000
2025-07-11,2850,2000,Dealer_self,64001
2025-07-11,2850,0,Dealer_Hedging,0
2025-07-14,2850,256000,Foreign_Investor,204000
2025-07-14,2850,0,Foreign_Dealer_Self,0
2025-07-14,2850,0,Investment_Trust,1000
2025-07-14,2850,1000,Dealer_self,67933
2025-07-14,2850,0,Dealer_Hedging,0
2025-07-15,2850,42077,Foreign_Investor,126000
2025-07-15,2850,0,Foreign_Dealer_Self,0
2025-07-15,2850,0,Investment_Trust,0
2025-07-15,2850,7000,Dealer_self,5068
2025-07-15,2850,0,Dealer_Hedging,0
2025-07-16,2850,108000,Foreign_Investor,261000
2025-07-16,2850,0,Foreign_Dealer_Self,0
2025-07-16,2850,3000,Investment_Trust,6000
2025-07-16,2850,14000,Dealer_self,10000
2025-07-16,2850,0,Dealer_Hedging,0
2025-07-17,2850,23055,Foreign_Investor,106000
2025-07-17,2850,0,Foreign_Dealer_Self,0
2025-07-17,2850,0,Investment_Trust,0
2025-07-17,2850,9000,Dealer_self,7000
2025-07-17,2850,0,Dealer_Hedging,0
2025-07-18,2850,126000,Foreign_Investor,244000
2025-07-18,2850,0,Foreign_Dealer_Self,0
2025-07-18,2850,0,Investment_Trust,2000
2025-07-18,2850,16000,Dealer_self,2000
2025-07-18,2850,0,Dealer_Hedging,0
2025-07-21,2850,32000,Foreign_Investor,73000
2025-07-21,2850,0,Foreign_Dealer_Self,0
2025-07-21,2850,3000,Investment_Trust,1000
2025-07-21,2850,6000,Dealer_self,0
2025-07-21,2850,0,Dealer_Hedging,0
2025-07-22,2850,117000,Foreign_Investor,146600
2025-07-22,2850,0,Foreign_Dealer_Self,0
2025-07-22,2850,0,Investment_Trust,2000
2025-07-22,2850,5000,Dealer_self,1122
2025-07-22,2850,0,Dealer_Hedging,0
2025-07-23,2850,246058,Foreign_Investor,30000
2025-07-23,2850,0,Foreign_Dealer_Self,0
2025-07-23,2850,0,Investment_Trust,0
2025-07-23,2850,45000,Dealer_self,1386
2025-07-23,2850,0,Dealer_Hedging,0
2025-07-24,2850,22000,Foreign_Investor,167135
2025-07-24,2850,0,Foreign_Dealer_Self,0
2025-07-24,2850,0,Investment_Trust,2000
2025-07-24,2850,3000,Dealer_self,1522
2025-07-24,2850,0,Dealer_Hedging,0
2025-07-25,2850,45435,Foreign_Investor,280000
2025-07-25,2850,0,Foreign_Dealer_Self,0
2025-07-25,2850,111000,Investment_Trust,3000
2025-07-25,2850,2000,Dealer_self,9000
2025-07-25,2850,0,Dealer_Hedging,0
2025-07-28,2850,72100,Foreign_Investor,453000
2025-07-28,2850,0,Foreign_Dealer_Self,0
2025-07-28,2850,89000,Investment_Trust,1000
2025-07-28,2850,5000,Dealer_self,3000
2025-07-28,2850,1000,Dealer_Hedging,0
2025-07-29,2850,47125,Foreign_Investor,419000
2025-07-29,2850,0,Foreign_Dealer_Self,0
2025-07-29,2850,8000,Investment_Trust,0
2025-07-29,2850,16000,Dealer_self,6000
2025-07-29,2850,0,Dealer_Hedging,0
2025-07-30,2850,48000,Foreign_Investor,106000
2025-07-30,2850,0,Foreign_Dealer_Self,0
2025-07-30,2850,20000,Investment_Trust,0
2025-07-30,2850,10000,Dealer_self,1937
2025-07-30,2850,613,Dealer_Hedging,0
2025-07-31,2850,54000,Foreign_Investor,144000
2025-07-31,2850,0,Foreign_Dealer_Self,0
2025-07-31,2850,9000,Investment_Trust,18000
2025-07-31,2850,19000,Dealer_self,8170
2025-07-31,2850,0,Dealer_Hedging,0
2025-08-01,2850,81000,Foreign_Investor,34000
2025-08-01,2850,0,Foreign_Dealer_Self,0
2025-08-01,2850,0,Investment_Trust,18000
2025-08-01,2850,8000,Dealer_self,9000
2025-08-01,2850,0,Dealer_Hedging,0
2025-08-04,2850,275067,Foreign_Investor,104000
2025-08-04,2850,0,Foreign_Dealer_Self,0
2025-08-04,2850,49000,Investment_Trust,1000
2025-08-04,2850,4000,Dealer_self,110001
2025-08-04,2850,0,Dealer_Hedging,0
2025-08-05,2850,184419,Foreign_Investor,97453
2025-08-05,2850,0,Foreign_Dealer_Self,0
2025-08-05,2850,48000,Investment_Trust,1000
2025-08-05,2850,1000,Dealer_self,6000
2025-08-05,2850,0,Dealer_Hedging,0
2025-08-06,2850,313000,Foreign_Investor,43000
2025-08-06,2850,0,Foreign_Dealer_Self,0
2025-08-06,2850,0,Investment_Trust,58000
2025-08-06,2850,0,Dealer_self,83000
2025-08-06,2850,0,Dealer_Hedging,0
2025-08-07,2850,1483000,Foreign_Investor,388530
2025-08-07,2850,0,Foreign_Dealer_Self,0
2025-08-07,2850,24000,Investment_Trust,1000
2025-08-07,2850,7983,Dealer_self,145000
2025-08-07,2850,1000,Dealer_Hedging,1000
2025-08-08,2850,70010,Foreign_Investor,171000
2025-08-08,2850,0,Foreign_Dealer_Self,0
2025-08-08,2850,0,Investment_Trust,2000
2025-08-08,2850,12000,Dealer_self,15000
2025-08-08,2850,0,Dealer_Hedging,0
2025-08-11,2850,54000,Foreign_Investor,92000
2025-08-11,2850,0,Foreign_Dealer_Self,0
2025-08-11,2850,0,Investment_Trust,0
2025-08-11,2850,4000,Dealer_self,6000
2025-08-11,2850,0,Dealer_Hedging,0
2025-08-12,2850,264000,Foreign_Investor,135000
2025-08-12,2850,0,Foreign_Dealer_Self,0
2025-08-12,2850,216000,Investment_Trust,0
2025-08-12,2850,15000,Dealer_self,17000
2025-08-12,2850,0,Dealer_Hedging,613
2025-08-13,2850,58000,Foreign_Investor,99000
2025-08-13,2850,0,Foreign_Dealer_Self,0
2025-08-13,2850,3000,Investment_Trust,0
2025-08-13,2850,68000,Dealer_self,17000
2025-08-13,2850,0,Dealer_Hedging,0
2025-08-14,2850,288113,Foreign_Investor,57000
2025-08-14,2850,0,Foreign_Dealer_Self,0
2025-08-14,2850,1000,Investment_Trust,1000
2025-08-14,2850,63000,Dealer_self,2000
2025-08-14,2850,0,Dealer_Hedging,0
2025-08-15,2850,51000,Foreign_Investor,49000
2025-08-15,2850,0,Foreign_Dealer_Self,0
2025-08-15,2850,0,Investment_Trust,4000
2025-08-15,2850,65478,Dealer_self,22000
2025-08-15,2850,0,Dealer_Hedging,0
2025-08-18,2850,35000,Foreign_Investor,84000
2025-08-18,2850,0,Foreign_Dealer_Self,0
2025-08-18,2850,0,Investment_Trust,1000
2025-08-18,2850,4000,Dealer_self,9000
2025-08-18,2850,0,Dealer_Hedging,0
2025-08-19,2850,43000,Foreign_Investor,29000
2025-08-19,2850,0,Foreign_Dealer_Self,0
2025-08-19,2850,0,Investment_Trust,2000
2025-08-19,2850,3000,Dealer_self,9000
2025-08-19,2850,0,Dealer_Hedging,0
2025-08-20,2850,32000,Foreign_Investor,83000
2025-08-20,2850,0,Foreign_Dealer_Self,0
2025-08-20,2850,1000,Investment_Trust,0
2025-08-20,2850,13000,Dealer_self,27000
2025-08-20,2850,0,Dealer_Hedging,0
2025-08-21,2850,73021,Foreign_Investor,49000
2025-08-21,2850,0,Foreign_Dealer_Self,0
2025-08-21,2850,0,Investment_Trust,0
2025-08-21,2850,1000,Dealer_self,21001
2025-08-21,2850,1000,Dealer_Hedging,39
2025-08-22,2850,29000,Foreign_Investor,69000
2025-08-22,2850,0,Foreign_Dealer_Self,0
2025-08-22,2850,0,Investment_Trust,0
2025-08-22,2850,4000,Dealer_self,28120
2025-08-22,2850,0,Dealer_Hedging,0
2025-08-25,2850,54000,Foreign_Investor,24000
2025-08-25,2850,0,Foreign_Dealer_Self,0
2025-08-25,2850,0,Investment_Trust,0
2025-08-25,2850,15282,Dealer_self,16000
2025-08-25,2850,0,Dealer_Hedging,0
2025-08-26,2850,129776,Foreign_Investor,108000
2025-08-26,2850,0,Foreign_Dealer_Self,0
2025-08-26,2850,0,Investment_Trust,0
2025-08-26,2850,1000,Dealer_self,34000
2025-08-26,2850,0,Dealer_Hedging,0
2025-08-27,2850,110000,Foreign_Investor,38000
2025-08-27,2850,0,Foreign_Dealer_Self,0
2025-08-27,2850,0,Investment_Trust,0
2025-08-27,2850,1437,Dealer_self,20000
2025-08-27,2850,0,Dealer_Hedging,0
2025-08-28,2850,93000,Foreign_Investor,27411
2025-08-28,2850,0,Foreign_Dealer_Self,0
2025-08-28,2850,0,Investment_Trust,2000
2025-08-28,2850,2000,Dealer_self,11000
2025-08-28,2850,0,Dealer_Hedging,0
2025-08-29,2850,346026,Foreign_Investor,34000
2025-08-29,2850,0,Foreign_Dealer_Self,0
2025-08-29,2850,58000,Investment_Trust,2000
2025-08-29,2850,8600,Dealer_self,23000
2025-08-29,2850,0,Dealer_Hedging,0
2025-09-01,2850,429000,Foreign_Investor,52000
2025-09-01,2850,0,Foreign_Dealer_Self,0
2025-09-01,2850,0,Investment_Trust,4000
2025-09-01,2850,1235,Dealer_self,2000
2025-09-01,2850,0,Dealer_Hedging,0
2025-09-02,2850,241584,Foreign_Investor,63500
2025-09-02,2850,0,Foreign_Dealer_Self,0
2025-09-02,2850,0,Investment_Trust,0
2025-09-02,2850,181,Dealer_self,1000
2025-09-02,2850,0,Dealer_Hedging,0
2025-09-03,2850,494000,Foreign_Investor,112060
2025-09-03,2850,0,Foreign_Dealer_Self,0
2025-09-03,2850,1000,Investment_Trust,0
2025-09-03,2850,6649,Dealer_self,33000
2025-09-03,2850,0,Dealer_Hedging,0
2025-09-04,2850,205002,Foreign_Investor,76000
2025-09-04,2850,0,Foreign_Dealer_Self,0
2025-09-04,2850,0,Investment_Trust,20000
2025-09-04,2850,3255,Dealer_self,3000
2025-09-04,2850,0,Dealer_Hedging,0
2025-09-05,2850,401000,Foreign_Investor,58000
2025-09-05,2850,0,Foreign_Dealer_Self,0
2025-09-05,2850,0,Investment_Trust,0
2025-09-05,2850,4000,Dealer_self,16000
2025-09-05,2850,0,Dealer_Hedging,0
2025-09-08,2850,119258,Foreign_Investor,99000
2025-09-08,2850,0,Foreign_Dealer_Self,0
2025-09-08,2850,0,Investment_Trust,0
2025-09-08,2850,4000,Dealer_self,12000
2025-09-08,2850,0,Dealer_Hedging,0
2025-09-09,2850,398000,Foreign_Investor,112008
2025-09-09,2850,0,Foreign_Dealer_Self,0
2025-09-09,2850,0,Investment_Trust,1000
2025-09-09,2850,13000,Dealer_self,145000
2025-09-09,2850,0,Dealer_Hedging,0
2025-09-10,2850,251000,Foreign_Investor,39000
2025-09-10,2850,0,Foreign_Dealer_Self,0
2025-09-10,2850,0,Investment_Trust,19000
2025-09-10,2850,8000,Dealer_self,137000
2025-09-10,2850,0,Dealer_Hedging,961
2025-09-11,2850,433000,Foreign_Investor,87000
2025-09-11,2850,0,Foreign_Dealer_Self,0
2025-09-11,2850,0,Investment_Trust,205000
2025-09-11,2850,8000,Dealer_self,237001
2025-09-11,2850,0,Dealer_Hedging,0
2025-09-12,2850,112000,Foreign_Investor,71405
2025-09-12,2850,0,Foreign_Dealer_Self,0
2025-09-12,2850,0,Investment_Trust,65000
2025-09-12,2850,9000,Dealer_self,2000
2025-09-12,2850,0,Dealer_Hedging,0
2025-09-15,2850,35067,Foreign_Investor,44000
2025-09-15,2850,0,Foreign_Dealer_Self,0
2025-09-15,2850,0,Investment_Trust,19000
2025-09-15,2850,2000,Dealer_self,1001
2025-09-15,2850,0,Dealer_Hedging,0
2025-09-16,2850,71000,Foreign_Investor,106000
2025-09-16,2850,0,Foreign_Dealer_Self,0
2025-09-16,2850,0,Investment_Trust,78000
2025-09-16,2850,1000,Dealer_self,1880
2025-09-16,2850,0,Dealer_Hedging,0
2025-09-17,2850,85000,Foreign_Investor,214700
2025-09-17,2850,0,Foreign_Dealer_Self,0
2025-09-17,2850,0,Investment_Trust,135000
2025-09-17,2850,9000,Dealer_self,3572
2025-09-17,2850,0,Dealer_Hedging,0
2025-09-18,2850,208233,Foreign_Investor,127000
2025-09-18,2850,0,Foreign_Dealer_Self,0
2025-09-18,2850,0,Investment_Trust,232000
2025-09-18,2850,65000,Dealer_self,1788
2025-09-18,2850,0,Dealer_Hedging,0
2025-09-19,2850,181000,Foreign_Investor,140000
2025-09-19,2850,0,Foreign_Dealer_Self,0
2025-09-19,2850,0,Investment_Trust,129000
2025-09-19,2850,10000,Dealer_self,23562
2025-09-19,2850,0,Dealer_Hedging,2000
2025-09-22,2850,160000,Foreign_Investor,228000
2025-09-22,2850,0,Foreign_Dealer_Self,0
2025-09-22,2850,0,Investment_Trust,0
2025-09-22,2850,4000,Dealer_self,305
2025-09-22,2850,0,Dealer_Hedging,2000
2025-09-23,2850,158000,Foreign_Investor,104001
2025-09-23,2850,0,Foreign_Dealer_Self,0
2025-09-23,2850,0,Investment_Trust,16000
2025-09-23,2850,26000,Dealer_self,5322
2025-09-23,2850,0,Dealer_Hedging,3000
2025-09-24,2850,323000,Foreign_Investor,138066
2025-09-24,2850,0,Foreign_Dealer_Self,0
2025-09-24,2850,0,Investment_Trust,15000
2025-09-24,2850,64000,Dealer_self,11695
2025-09-24,2850,0,Dealer_Hedging,2000
2025-09-25,2850,190016,Foreign_Investor,265000
2025-09-25,2850,0,Foreign_Dealer_Self,0
2025-09-25,2850,0,Investment_Trust,0
2025-09-25,2850,10000,Dealer_self,3
2025-09-25,2850,0,Dealer_Hedging,2000
2025-09-26,2850,221000,Foreign_Investor,154000
2025-09-26,2850,0,Foreign_Dealer_Self,0
2025-09-26,2850,0,Investment_Trust,15000
2025-09-26,2850,4000,Dealer_self,1003
2025-09-26,2850,0,Dealer_Hedging,0
2025-09-30,2850,848000,Foreign_Investor,847177
2025-09-30,2850,0,Foreign_Dealer_Self,0
2025-09-30,2850,0,Investment_Trust,14000
2025-09-30,2850,59000,Dealer_self,0
2025-09-30,2850,0,Dealer_Hedging,0
2025-10-01,2850,45000,Foreign_Investor,64000
2025-10-01,2850,0,Foreign_Dealer_Self,0
2025-10-01,2850,40000,Investment_Trust,15000
2025-10-01,2850,5000,Dealer_self,7000
2025-10-01,2850,2000,Dealer_Hedging,0
2025-10-02,2850,36000,Foreign_Investor,103000
2025-10-02,2850,0,Foreign_Dealer_Self,0
2025-10-02,2850,36000,Investment_Trust,0
2025-10-02,2850,1000,Dealer_self,3
2025-10-02,2850,0,Dealer_Hedging,0
2025-10-03,2850,24000,Foreign_Investor,73000
2025-10-03,2850,0,Foreign_Dealer_Self,0
2025-10-03,2850,14000,Investment_Trust,14000
2025-10-03,2850,3000,Dealer_self,0
2025-10-03,2850,0,Dealer_Hedging,0
2025-10-07,2850,97000,Foreign_Investor,70000
2025-10-07,2850,0,Foreign_Dealer_Self,0
2025-10-07,2850,0,Investment_Trust,0
2025-10-07,2850,21000,Dealer_self,2206
2025-10-07,2850,0,Dealer_Hedging,0
2025-10-08,2850,59000,Foreign_Investor,34288
2025-10-08,2850,0,Foreign_Dealer_Self,0
2025-10-08,2850,11000,Investment_Trust,64000
2025-10-08,2850,6000,Dealer_self,2542
2025-10-08,2850,0,Dealer_Hedging,0
2025-10-09,2850,31000,Foreign_Investor,177000
2025-10-09,2850,0,Foreign_Dealer_Self,0
2025-10-09,2850,3000,Investment_Trust,0
2025-10-09,2850,8000,Dealer_self,14647
2025-10-09,2850,0,Dealer_Hedging,0
2025-10-13,2850,101000,Foreign_Investor,119000
2025-10-13,2850,0,Foreign_Dealer_Self,0
2025-10-13,2850,8000,Investment_Trust,62000
2025-10-13,2850,14000,Dealer_self,12140
2025-10-13,2850,0,Dealer_Hedging,0
2025-10-14,2850,52000,Foreign_Investor,126000
2025-10-14,2850,0,Foreign_Dealer_Self,0
2025-10-14,2850,13000,Investment_Trust,0
2025-10-14,2850,14000,Dealer_self,10860
2025-10-14,2850,0,Dealer_Hedging,0
2025-10-15,2850,71383,Foreign_Investor,56100
2025-10-15,2850,0,Foreign_Dealer_Self,0
2025-10-15,2850,13000,Investment_Trust,24000
2025-10-15,2850,3000,Dealer_self,2248
2025-10-15,2850,0,Dealer_Hedging,0
2025-10-16,2850,39000,Foreign_Investor,81800
2025-10-16,2850,0,Foreign_Dealer_Self,0
2025-10-16,2850,1000,Investment_Trust,24000
2025-10-16,2850,7000,Dealer_self,3251
2025-10-16,2850,0,Dealer_Hedging,0
2025-10-17,2850,65000,Foreign_Investor,73000
2025-10-17,2850,0,Foreign_Dealer_Self,0
2025-10-17,2850,4000,Investment_Trust,80000
2025-10-17,2850,2000,Dealer_self,1036
2025-10-17,2850,0,Dealer_Hedging,0
2025-10-20,2850,69030,Foreign_Investor,52000
2025-10-20,2850,0,Foreign_Dealer_Self,0
2025-10-20,2850,2000,Investment_Trust,27000
2025-10-20,2850,2000,Dealer_self,2386
2025-10-20,2850,3000,Dealer_Hedging,0
2025-10-21,2850,50000,Foreign_Investor,44000
2025-10-21,2850,0,Foreign_Dealer_Self,0
2025-10-21,2850,0,Investment_Trust,39000
2025-10-21,2850,5000,Dealer_self,1340
2025-10-21,2850,0,Dealer_Hedging,0
2025-10-22,2850,21000,Foreign_Investor,16000
2025-10-22,2850,0,Foreign_Dealer_Self,0
2025-10-22,2850,0,Investment_Trust,11000
2025-10-22,2850,11000,Dealer_self,1330
2025-10-22,2850,0,Dealer_Hedging,3000
2025-10-23,2850,5000,Foreign_Investor,22000
2025-10-23,2850,0,Foreign_Dealer_Self,0
2025-10-23,2850,0,Investment_Trust,0
2025-10-23,2850,0,Dealer_self,0
2025-10-23,2850,0,Dealer_Hedging,0
2025-10-27,2850,65000,Foreign_Investor,230000
2025-10-27,2850,0,Foreign_Dealer_Self,0
2025-10-27,2850,6000,Investment_Trust,11000
2025-10-27,2850,32000,Dealer_self,6726
2025-10-27,2850,5000,Dealer_Hedging,0
2025-10-28,2850,21045,Foreign_Investor,19000
2025-10-28,2850,0,Foreign_Dealer_Self,0
2025-10-28,2850,0,Investment_Trust,11000
2025-10-28,2850,3000,Dealer_self,3000
2025-10-28,2850,0,Dealer_Hedging,0
2025-10-29,2850,19000,Foreign_Investor,52000
2025-10-29,2850,0,Foreign_Dealer_Self,0
2025-10-29,2850,0,Investment_Trust,47000
2025-10-29,2850,2000,Dealer_self,0
2025-10-29,2850,0,Dealer_Hedging,0
2025-10-30,2850,24000,Foreign_Investor,105000
2025-10-30,2850,0,Foreign_Dealer_Self,0
2025-10-30,2850,0,Investment_Trust,23000
2025-10-30,2850,2000,Dealer_self,2569
2025-10-30,2850,4000,Dealer_Hedging,0
2025-10-31,2850,60000,Foreign_Investor,101000
2025-10-31,2850,0,Foreign_Dealer_Self,0
2025-10-31,2850,0,Investment_Trust,56000
2025-10-31,2850,15000,Dealer_self,5000
2025-10-31,2850,0,Dealer_Hedging,0
2025-11-03,2850,27000,Foreign_Investor,60000
2025-11-03,2850,0,Foreign_Dealer_Self,0
2025-11-03,2850,0,Investment_Trust,71000
2025-11-03,2850,4000,Dealer_self,19965
2025-11-03,2850,0,Dealer_Hedging,0
2025-11-04,2850,52000,Foreign_Investor,43000
2025-11-04,2850,0,Foreign_Dealer_Self,0
2025-11-04,2850,0,Investment_Trust,71000
2025-11-04,2850,5000,Dealer_self,3000
2025-11-04,2850,0,Dealer_Hedging,0
2025-11-05,2850,60000,Foreign_Investor,52000
2025-11-05,2850,0,Foreign_Dealer_Self,0
2025-11-05,2850,0,Investment_Trust,20000
2025-11-05,2850,3000,Dealer_self,9095
2025-11-05,2850,0,Dealer_Hedging,0
2025-11-06,2850,78000,Foreign_Investor,199000
2025-11-06,2850,0,Foreign_Dealer_Self,0
2025-11-06,2850,0,Investment_Trust,0
2025-11-06,2850,13000,Dealer_self,2277
2025-11-06,2850,0,Dealer_Hedging,3000
2025-11-07,2850,125000,Foreign_Investor,148000
2025-11-07,2850,0,Foreign_Dealer_Self,0
2025-11-07,2850,0,Investment_Trust,0
2025-11-07,2850,0,Dealer_self,5818
2025-11-07,2850,0,Dealer_Hedging,0
2025-11-10,2850,107000,Foreign_Investor,656018
2025-11-10,2850,0,Foreign_Dealer_Self,0
2025-11-10,2850,0,Investment_Trust,0
2025-11-10,2850,11000,Dealer_self,10053
2025-11-10,2850,0,Dealer_Hedging,0
2025-11-11,2850,171000,Foreign_Investor,74000
2025-11-11,2850,0,Foreign_Dealer_Self,0
2025-11-11,2850,2000,Investment_Trust,0
2025-11-11,2850,0,Dealer_self,4615
2025-11-11,2850,0,Dealer_Hedging,0
2025-11-12,2850,94000,Foreign_Investor,31000
2025-11-12,2850,0,Foreign_Dealer_Self,0
2025-11-12,2850,0,Investment_Trust,0
2025-11-12,2850,0,Dealer_self,1108
2025-11-12,2850,0,Dealer_Hedging,5000
2025-11-13,2850,193000,Foreign_Investor,35000
2025-11-13,2850,0,Foreign_Dealer_Self,0
2025-11-13,2850,0,Investment_Trust,1000
2025-11-13,2850,0,Dealer_self,2000
2025-11-13,2850,0,Dealer_Hedging,0
2025-11-14,2850,75000,Foreign_Investor,45000
2025-11-14,2850,0,Foreign_Dealer_Self,0
2025-11-14,2850,0,Investment_Trust,0
2025-11-14,2850,0,Dealer_self,3127
2025-11-14,2850,0,Dealer_Hedging,1000
2025-11-17,2850,30245,Foreign_Investor,32000
2025-11-17,2850,0,Foreign_Dealer_Self,0
2025-11-17,2850,0,Investment_Trust,2000
2025-11-17,2850,20000,Dealer_self,11103
2025-11-17,2850,0,Dealer_Hedging,0
2025-11-18,2850,50000,Foreign_Investor,58000
2025-11-18,2850,0,Foreign_Dealer_Self,0
2025-11-18,2850,0,Investment_Trust,58000
2025-11-18,2850,4000,Dealer_self,7000
2025-11-18,2850,0,Dealer_Hedging,0
2025-11-19,2850,49000,Foreign_Investor,65000
2025-11-19,2850,0,Foreign_Dealer_Self,0
2025-11-19,2850,1000,Investment_Trust,0
2025-11-19,2850,14000,Dealer_self,5693
2025-11-19,2850,0,Dealer_Hedging,2000
2025-11-20,2850,86000,Foreign_Investor,30000
2025-11-20,2850,0,Foreign_Dealer_Self,0
2025-11-20,2850,0,Investment_Trust,0
2025-11-20,2850,5000,Dealer_self,0
2025-11-20,2850,0,Dealer_Hedging,2000
2025-11-21,2850,130979,Foreign_Investor,22000
2025-11-21,2850,0,Foreign_Dealer_Self,0
2025-11-21,2850,0,Investment_Trust,41000
2025-11-21,2850,11000,Dealer_self,0
2025-11-21,2850,0,Dealer_Hedging,0
2025-11-24,2850,291000,Foreign_Investor,108957
2025-11-24,2850,0,Foreign_Dealer_Self,0
2025-11-24,2850,0,Investment_Trust,0
2025-11-24,2850,9000,Dealer_self,6000
2025-11-24,2850,0,Dealer_Hedging,1000
2025-11-25,2850,7400,Foreign_Investor,77000
2025-11-25,2850,0,Foreign_Dealer_Self,0
2025-11-25,2850,0,Investment_Trust,0
2025-11-25,2850,5000,Dealer_self,1
2025-11-25,2850,0,Dealer_Hedging,0
2025-11-26,2850,33000,Foreign_Investor,14000
2025-11-26,2850,0,Foreign_Dealer_Self,0
2025-11-26,2850,0,Investment_Trust,0
2025-11-26,2850,1000,Dealer_self,0
2025-11-26,2850,0,Dealer_Hedging,0
2025-11-27,2850,114000,Foreign_Investor,19000
2025-11-27,2850,0,Foreign_Dealer_Self,0
2025-11-27,2850,0,Investment_Trust,0
2025-11-27,2850,0,Dealer_self,4000
2025-11-27,2850,0,Dealer_Hedging,0
2025-11-28,2850,15000,Foreign_Investor,113000
2025-11-28,2850,0,Foreign_Dealer_Self,0
2025-11-28,2850,0,Investment_Trust,0
2025-11-28,2850,20000,Dealer_self,231
2025-11-28,2850,0,Dealer_Hedging,0
2025-12-01,2850,10000,Foreign_Investor,43000
2025-12-01,2850,0,Foreign_Dealer_Self,0
2025-12-01,2850,0,Investment_Trust,0
2025-12-01,2850,1000,Dealer_self,4000
2025-12-01,2850,0,Dealer_Hedging,0
2025-12-02,2850,9000,Foreign_Investor,64000
2025-12-02,2850,0,Foreign_Dealer_Self,0
2025-12-02,2850,0,Investment_Trust,1000
2025-12-02,2850,3000,Dealer_self,36
2025-12-02,2850,0,Dealer_Hedging,0
2025-12-03,2850,54400,Foreign_Investor,37000
2025-12-03,2850,0,Foreign_Dealer_Self,0
2025-12-03,2850,0,Investment_Trust,99000
2025-12-03,2850,7000,Dealer_self,1639
2025-12-03,2850,0,Dealer_Hedging,0
2025-12-04,2850,63000,Foreign_Investor,14000
2025-12-04,2850,0,Foreign_Dealer_Self,0
2025-12-04,2850,0,Investment_Trust,32000
2025-12-04,2850,4000,Dealer_self,21
2025-12-04,2850,0,Dealer_Hedging,0
2025-12-05,2850,21000,Foreign_Investor,59000
2025-12-05,2850,0,Foreign_Dealer_Self,0
2025-12-05,2850,0,Investment_Trust,0
2025-12-05,2850,14000,Dealer_self,3783
2025-12-05,2850,0,Dealer_Hedging,0
2025-12-08,2850,48000,Foreign_Investor,74000
2025-12-08,2850,0,Foreign_Dealer_Self,0
2025-12-08,2850,0,Investment_Trust,10000
2025-12-08,2850,8000,Dealer_self,0
2025-12-08,2850,0,Dealer_Hedging,0
2025-12-09,2850,68000,Foreign_Investor,78000
2025-12-09,2850,0,Foreign_Dealer_Self,0
2025-12-09,2850,0,Investment_Trust,9000
2025-12-09,2850,0,Dealer_self,4000
2025-12-09,2850,0,Dealer_Hedging,0
2025-12-10,2850,43000,Foreign_Investor,35000
2025-12-10,2850,0,Foreign_Dealer_Self,0
2025-12-10,2850,0,Investment_Trust,7000
2025-12-10,2850,1000,Dealer_self,2000
2025-12-10,2850,0,Dealer_Hedging,0
2025-12-11,2850,136000,Foreign_Investor,45000
2025-12-11,2850,0,Foreign_Dealer_Self,0
2025-12-11,2850,0,Investment_Trust,0
2025-12-11,2850,1000,Dealer_self,23000
2025-12-11,2850,0,Dealer_Hedging,0
2025-12-12,2850,83000,Foreign_Investor,89000
2025-12-12,2850,0,Foreign_Dealer_Self,0
2025-12-12,2850,0,Investment_Trust,0
2025-12-12,2850,8000,Dealer_self,4000
2025-12-12,2850,0,Dealer_Hedging,0
2025-12-15,2850,88000,Foreign_Investor,40000
2025-12-15,2850,0,Foreign_Dealer_Self,0
2025-12-15,2850,32000,Investment_Trust,2000
2025-12-15,2850,3000,Dealer_self,0
2025-12-15,2850,0,Dealer_Hedging,0
2025-12-16,2850,132000,Foreign_Investor,222000
2025-12-16,2850,0,Foreign_Dealer_Self,0
2025-12-16,2850,30000,Investment_Trust,0
2025-12-16,2850,16000,Dealer_self,14504
2025-12-16,2850,0,Dealer_Hedging,0
2025-12-17,2850,214000,Foreign_Investor,186000
2025-12-17,2850,0,Foreign_Dealer_Self,0
2025-12-17,2850,32000,Investment_Trust,0
2025-12-17,2850,0,Dealer_self,1000
2025-12-17,2850,0,Dealer_Hedging,0
2025-12-18,2850,74000,Foreign_Investor,268000
2025-12-18,2850,0,Foreign_Dealer_Self,0
2025-12-18,2850,14000,Investment_Trust,0
2025-12-18,2850,23000,Dealer_self,927
2025-12-18,2850,0,Dealer_Hedging,0
2025-12-19,2850,124576,Foreign_Investor,306000
2025-12-19,2850,0,Foreign_Dealer_Self,0
2025-12-19,2850,0,Investment_Trust,7000
2025-12-19,2850,6000,Dealer_self,6196
2025-12-19,2850,0,Dealer_Hedging,0
2025-12-22,2850,47000,Foreign_Investor,109000
2025-12-22,2850,0,Foreign_Dealer_Self,0
2025-12-22,2850,0,Investment_Trust,6000
2025-12-22,2850,8000,Dealer_self,3015
2025-12-22,2850,3000,Dealer_Hedging,0
2025-12-23,2850,71000,Foreign_Investor,115002
2025-12-23,2850,0,Foreign_Dealer_Self,0
2025-12-23,2850,0,Investment_Trust,11000
2025-12-23,2850,29000,Dealer_self,666
2025-12-23,2850,5000,Dealer_Hedging,0
2025-12-24,2850,3000,Foreign_Investor,81000
2025-12-24,2850,0,Foreign_Dealer_Self,0
2025-12-24,2850,0,Investment_Trust,35000
2025-12-24,2850,0,Dealer_self,180
2025-12-24,2850,0,Dealer_Hedging,0
2025-12-26,2850,11000,Foreign_Investor,107000
2025-12-26,2850,0,Foreign_Dealer_Self,0
2025-12-26,2850,0,Investment_Trust,97000
2025-12-26,2850,1000,Dealer_self,873
2025-12-26,2850,0,Dealer_Hedging,0
2025-12-29,2850,34000,Foreign_Investor,101000
2025-12-29,2850,0,Foreign_Dealer_Self,0
2025-12-29,2850,59000,Investment_Trust,0
2025-12-29,2850,3000,Dealer_self,3206
2025-12-29,2850,6000,Dealer_Hedging,0
2025-12-30,2850,16000,Foreign_Investor,72000
2025-12-30,2850,0,Foreign_Dealer_Self,0
2025-12-30,2850,0,Investment_Trust,0
2025-12-30,2850,0,Dealer_self,37
2025-12-30,2850,0,Dealer_Hedging,0
2025-12-31,2850,12000,Foreign_Investor,62000
2025-12-31,2850,0,Foreign_Dealer_Self,0
2025-12-31,2850,0,Investment_Trust,2000
2025-12-31,2850,20000,Dealer_self,1959
2025-12-31,2850,0,Dealer_Hedging,0
2026-01-02,2850,16000,Foreign_Investor,103000
2026-01-02,2850,0,Foreign_Dealer_Self,0
2026-01-02,2850,0,Investment_Trust,34000
2026-01-02,2850,3000,Dealer_self,1406
2026-01-02,2850,0,Dealer_Hedging,0
2026-01-05,2850,43000,Foreign_Investor,156000
2026-01-05,2850,0,Foreign_Dealer_Self,0
2026-01-05,2850,0,Investment_Trust,0
2026-01-05,2850,5000,Dealer_self,9744
2026-01-05,2850,0,Dealer_Hedging,0
2026-01-06,2850,55000,Foreign_Investor,91000
2026-01-06,2850,0,Foreign_Dealer_Self,0
2026-01-06,2850,6000,Investment_Trust,0
2026-01-06,2850,7000,Dealer_self,34224
2026-01-06,2850,0,Dealer_Hedging,0
2026-01-07,2850,73000,Foreign_Investor,91000
2026-01-07,2850,0,Foreign_Dealer_Self,0
2026-01-07,2850,0,Investment_Trust,19000
2026-01-07,2850,0,Dealer_self,598
2026-01-07,2850,0,Dealer_Hedging,0
2026-01-08,2850,138000,Foreign_Investor,74000
2026-01-08,2850,0,Foreign_Dealer_Self,0
2026-01-08,2850,0,Investment_Trust,57000
2026-01-08,2850,1000,Dealer_self,464
2026-01-08,2850,0,Dealer_Hedging,0
2026-01-09,2850,112000,Foreign_Investor,108000
2026-01-09,2850,0,Foreign_Dealer_Self,0
2026-01-09,2850,1000,Investment_Trust,0
2026-01-09,2850,0,Dealer_self,2363
2026-01-09,2850,0,Dealer_Hedging,0
2026-01-12,2850,73000,Foreign_Investor,210000
2026-01-12,2850,0,Foreign_Dealer_Self,0
2026-01-12,2850,0,Investment_Trust,8000
2026-01-12,2850,2000,Dealer_self,2148
2026-01-12,2850,0,Dealer_Hedging,0
2026-01-13,2850,35000,Foreign_Investor,32000
2026-01-13,2850,0,Foreign_Dealer_Self,0
2026-01-13,2850,0,Investment_Trust,21000
2026-01-13,2850,1000,Dealer_self,9029
2026-01-13,2850,0,Dealer_Hedging,0
2026-01-14,2850,87000,Foreign_Investor,35000
2026-01-14,2850,0,Foreign_Dealer_Self,0
2026-01-14,2850,4000,Investment_Trust,42000
2026-01-14,2850,3000,Dealer_self,16000
2026-01-14,2850,0,Dealer_Hedging,0
2026-01-15,2850,24000,Foreign_Investor,128000
2026-01-15,2850,0,Foreign_Dealer_Self,0
2026-01-15,2850,0,Investment_Trust,10000
2026-01-15,2850,2000,Dealer_self,130
2026-01-15,2850,0,Dealer_Hedging,0
2026-01-16,2850,108034,Foreign_Investor,230000
2026-01-16,2850,0,Foreign_Dealer_Self,0
2026-01-16,2850,0,Investment_Trust,18000
2026-01-16,2850,1000,Dealer_self,6043
2026-01-16,2850,0,Dealer_Hedging,0
2026-01-19,2850,109000,Foreign_Investor,51000
2026-01-19,2850,0,Foreign_Dealer_Self,0
2026-01-19,2850,0,Investment_Trust,53000
2026-01-19,2850,0,Dealer_self,10460
2026-01-19,2850,0,Dealer_Hedging,0
2026-01-20,2850,162000,Foreign_Investor,224000
2026-01-20,2850,0,Foreign_Dealer_Self,0
2026-01-20,2850,0,Investment_Trust,0
2026-01-20,2850,0,Dealer_self,10000
2026-01-20,2850,0,Dealer_Hedging,0
2026-01-21,2850,34000,Foreign_Investor,104000
2026-01-21,2850,0,Foreign_Dealer_Self,0
2026-01-21,2850,0,Investment_Trust,17000
2026-01-21,2850,5000,Dealer_self,7000
2026-01-21,2850,0,Dealer_Hedging,2000
2026-01-22,2850,46000,Foreign_Investor,74000
2026-01-22,2850,0,Foreign_Dealer_Self,0
2026-01-22,2850,0,Investment_Trust,83000
2026-01-22,2850,1000,Dealer_self,948
2026-01-22,2850,0,Dealer_Hedging,0
2026-01-23,2850,12000,Foreign_Investor,105000
2026-01-23,2850,0,Foreign_Dealer_Self,0
2026-01-23,2850,0,Investment_Trust,68000
2026-01-23,2850,0,Dealer_self,2
2026-01-23,2850,5000,Dealer_Hedging,0
2026-01-26,2850,17000,Foreign_Investor,108000
2026-01-26,2850,0,Foreign_Dealer_Self,0
2026-01-26,2850,0,Investment_Trust,22000
2026-01-26,2850,0,Dealer_self,0
2026-01-26,2850,0,Dealer_Hedging,0
2026-01-27,2850,81000,Foreign_Investor,104000
2026-01-27,2850,0,Foreign_Dealer_Self,0
2026-01-27,2850,0,Investment_Trust,26000
2026-01-27,2850,0,Dealer_self,4000
2026-01-27,2850,5000,Dealer_Hedging,0
2026-01-28,2850,52000,Foreign_Investor,463000
2026-01-28,2850,0,Foreign_Dealer_Self,0
2026-01-28,2850,0,Investment_Trust,23000
2026-01-28,2850,15000,Dealer_self,41383
2026-01-28,2850,0,Dealer_Hedging,0
2026-01-29,2850,58000,Foreign_Investor,125000
2026-01-29,2850,0,Foreign_Dealer_Self,0
2026-01-29,2850,0,Investment_Trust,26000
2026-01-29,2850,3000,Dealer_self,4162
2026-01-29,2850,0,Dealer_Hedging,0
2026-01-30,2850,41000,Foreign_Investor,208440
2026-01-30,2850,0,Foreign_Dealer_Self,0
2026-01-30,2850,19000,Investment_Trust,0
2026-01-30,2850,3000,Dealer_self,680
2026-01-30,2850,0,Dealer_Hedging,0
2026-02-02,2850,68000,Foreign_Investor,94000
2026-02-02,2850,0,Foreign_Dealer_Self,0
2026-02-02,2850,0,Investment_Trust,8000
2026-02-02,2850,43000,Dealer_self,95771
2026-02-02,2850,0,Dealer_Hedging,0
2026-02-03,2850,49000,Foreign_Investor,42000
2026-02-03,2850,0,Foreign_Dealer_Self,0
2026-02-03,2850,0,Investment_Trust,9000
2026-02-03,2850,4000,Dealer_self,33947
2026-02-03,2850,0,Dealer_Hedging,0
2026-02-04,2850,51000,Foreign_Investor,31000
2026-02-04,2850,0,Foreign_Dealer_Self,0
2026-02-04,2850,1000,Investment_Trust,4000
2026-02-04,2850,2000,Dealer_self,1000
2026-02-04,2850,0,Dealer_Hedging,0
2026-02-05,2850,60000,Foreign_Investor,58000
2026-02-05,2850,0,Foreign_Dealer_Self,0
2026-02-05,2850,2000,Investment_Trust,0
2026-02-05,2850,1000,Dealer_self,62224
2026-02-05,2850,0,Dealer_Hedging,0
2026-02-06,2850,93500,Foreign_Investor,72173
2026-02-06,2850,0,Foreign_Dealer_Self,0
2026-02-06,2850,3000,Investment_Trust,0
2026-02-06,2850,2000,Dealer_self,9233
2026-02-06,2850,0,Dealer_Hedging,9000
2026-02-09,2850,20000,Foreign_Investor,118000
2026-02-09,2850,0,Foreign_Dealer_Self,0
2026-02-09,2850,0,Investment_Trust,17000
2026-02-09,2850,4000,Dealer_self,575
2026-02-09,2850,1000,Dealer_Hedging,0
2026-02-10,2850,76000,Foreign_Investor,65000
2026-02-10,2850,0,Foreign_Dealer_Self,0
2026-02-10,2850,0,Investment_Trust,0
2026-02-10,2850,4000,Dealer_self,37347
2026-02-10,2850,6000,Dealer_Hedging,0
2026-02-11,2850,96000,Foreign_Investor,78000
2026-02-11,2850,0,Foreign_Dealer_Self,0
2026-02-11,2850,0,Investment_Trust,1000
2026-02-11,2850,30000,Dealer_self,507
2026-02-11,2850,0,Dealer_Hedging,0
2026-02-23,2850,199047,Foreign_Investor,103800
2026-02-23,2850,0,Foreign_Dealer_Self,0
2026-02-23,2850,0,Investment_Trust,35000
2026-02-23,2850,29000,Dealer_self,28125
2026-02-23,2850,0,Dealer_Hedging,13000
2026-02-24,2850,166000,Foreign_Investor,65000
2026-02-24,2850,0,Foreign_Dealer_Self,0
2026-02-24,2850,0,Investment_Trust,63000
2026-02-24,2850,10151,Dealer_self,39
2026-02-24,2850,3000,Dealer_Hedging,0
2026-02-25,2850,87000,Foreign_Investor,58403
2026-02-25,2850,0,Foreign_Dealer_Self,0
2026-02-25,2850,0,Investment_Trust,64000
2026-02-25,2850,1000,Dealer_self,1000
2026-02-25,2850,7000,Dealer_Hedging,0
2026-02-26,2850,163502,Foreign_Investor,96000
2026-02-26,2850,0,Foreign_Dealer_Self,0
2026-02-26,2850,0,Investment_Trust,51000
2026-02-26,2850,0,Dealer_self,2000
2026-02-26,2850,0,Dealer_Hedging,0
2026-03-02,2850,361000,Foreign_Investor,71000
2026-03-02,2850,0,Foreign_Dealer_Self,0
2026-03-02,2850,16000,Investment_Trust,10000
2026-03-02,2850,6000,Dealer_self,18000
2026-03-02,2850,0,Dealer_Hedging,0
2026-03-03,2850,550000,Foreign_Investor,47000
2026-03-03,2850,0,Foreign_Dealer_Self,0
2026-03-03,2850,2000,Investment_Trust,0
2026-03-03,2850,11311,Dealer_self,9000
2026-03-03,2850,0,Dealer_Hedging,5000
2026-03-04,2850,332046,Foreign_Investor,222000
2026-03-04,2850,0,Foreign_Dealer_Self,0
2026-03-04,2850,0,Investment_Trust,1000
2026-03-04,2850,12014,Dealer_self,32019
2026-03-04,2850,0,Dealer_Hedging,7000
2026-03-05,2850,303000,Foreign_Investor,96000
2026-03-05,2850,0,Foreign_Dealer_Self,0
2026-03-05,2850,0,Investment_Trust,51000
2026-03-05,2850,1000,Dealer_self,15001
2026-03-05,2850,0,Dealer_Hedging,0
2026-03-06,2850,29000,Foreign_Investor,61000
2026-03-06,2850,0,Foreign_Dealer_Self,0
2026-03-06,2850,0,Investment_Trust,0
2026-03-06,2850,0,Dealer_self,3
2026-03-06,2850,4000,Dealer_Hedging,0
2026-03-09,2850,203000,Foreign_Investor,233300
2026-03-09,2850,0,Foreign_Dealer_Self,0
2026-03-09,2850,0,Investment_Trust,0
2026-03-09,2850,0,Dealer_self,35967
2026-03-09,2850,0,Dealer_Hedging,0
2026-03-10,2850,64000,Foreign_Investor,53000
2026-03-10,2850,0,Foreign_Dealer_Self,0
2026-03-10,2850,0,Investment_Trust,1000
2026-03-10,2850,2000,Dealer_self,0
2026-03-10,2850,0,Dealer_Hedging,0
2026-03-11,2850,305000,Foreign_Investor,72000
2026-03-11,2850,0,Foreign_Dealer_Self,0
2026-03-11,2850,0,Investment_Trust,0
2026-03-11,2850,5000,Dealer_self,5004
2026-03-11,2850,0,Dealer_Hedging,0
2026-03-12,2850,83000,Foreign_Investor,99000
2026-03-12,2850,0,Foreign_Dealer_Self,0
2026-03-12,2850,3000,Investment_Trust,55000
2026-03-12,2850,0,Dealer_self,8805
2026-03-12,2850,0,Dealer_Hedging,0
2026-03-13,2850,242000,Foreign_Investor,168808
2026-03-13,2850,0,Foreign_Dealer_Self,0
2026-03-13,2850,0,Investment_Trust,1000
2026-03-13,2850,47,Dealer_self,10002
2026-03-13,2850,0,Dealer_Hedging,3000
2026-03-16,2850,209000,Foreign_Investor,356307
2026-03-16,2850,0,Foreign_Dealer_Self,0
2026-03-16,2850,1000,Investment_Trust,2000
2026-03-16,2850,4000,Dealer_self,8528
2026-03-16,2850,0,Dealer_Hedging,0
2026-03-17,2850,47000,Foreign_Investor,125000
2026-03-17,2850,0,Foreign_Dealer_Self,0
2026-03-17,2850,0,Investment_Trust,0
2026-03-17,2850,4000,Dealer_self,0
2026-03-17,2850,0,Dealer_Hedging,0
2026-03-18,2850,172000,Foreign_Investor,106000
2026-03-18,2850,0,Foreign_Dealer_Self,0
2026-03-18,2850,0,Investment_Trust,54000
2026-03-18,2850,13000,Dealer_self,0
2026-03-18,2850,0,Dealer_Hedging,5000
2026-03-19,2850,77078,Foreign_Investor,179188
2026-03-19,2850,0,Foreign_Dealer_Self,0
2026-03-19,2850,0,Investment_Trust,127000
2026-03-19,2850,3000,Dealer_self,153
2026-03-19,2850,0,Dealer_Hedging,0
2026-03-20,2850,66000,Foreign_Investor,77000
2026-03-20,2850,0,Foreign_Dealer_Self,0
2026-03-20,2850,2179,Investment_Trust,0
2026-03-20,2850,0,Dealer_self,4000
2026-03-20,2850,0,Dealer_Hedging,0
2026-03-23,2850,98000,Foreign_Investor,195000
2026-03-23,2850,0,Foreign_Dealer_Self,0
2026-03-23,2850,0,Investment_Trust,0
2026-03-23,2850,0,Dealer_self,19044
2026-03-23,2850,0,Dealer_Hedging,2000
2026-03-24,2850,71000,Foreign_Investor,75000
2026-03-24,2850,0,Foreign_Dealer_Self,0
2026-03-24,2850,0,Investment_Trust,1000
2026-03-24,2850,3000,Dealer_self,8000
2026-03-24,2850,0,Dealer_Hedging,0
2026-03-25,2850,91000,Foreign_Investor,97500
2026-03-25,2850,0,Foreign_Dealer_Self,0
2026-03-25,2850,0,Investment_Trust,100000
2026-03-25,2850,25000,Dealer_self,0
2026-03-25,2850,0,Dealer_Hedging,0
2026-03-26,2850,27000,Foreign_Investor,33000
2026-03-26,2850,0,Foreign_Dealer_Self,0
2026-03-26,2850,0,Investment_Trust,0
2026-03-26,2850,3000,Dealer_self,2
2026-03-26,2850,0,Dealer_Hedging,0
2026-03-27,2850,66000,Foreign_Investor,38000
2026-03-27,2850,0,Foreign_Dealer_Self,0
2026-03-27,2850,0,Investment_Trust,0
2026-03-27,2850,0,Dealer_self,1051
2026-03-27,2850,0,Dealer_Hedging,0
2026-03-30,2850,51000,Foreign_Investor,42000
2026-03-30,2850,0,Foreign_Dealer_Self,0
2026-03-30,2850,0,Investment_Trust,0
2026-03-30,2850,0,Dealer_self,14000
2026-03-30,2850,0,Dealer_Hedging,0
2026-03-31,2850,157000,Foreign_Investor,116000
2026-03-31,2850,0,Foreign_Dealer_Self,0
2026-03-31,2850,0,Investment_Trust,0
2026-03-31,2850,5000,Dealer_self,5014
2026-03-31,2850,0,Dealer_Hedging,0
2026-04-01,2850,36000,Foreign_Investor,32000
2026-04-01,2850,0,Foreign_Dealer_Self,0
2026-04-01,2850,2000,Investment_Trust,0
2026-04-01,2850,18000,Dealer_self,32000
2026-04-01,2850,0,Dealer_Hedging,0
2026-04-02,2850,46000,Foreign_Investor,14000
2026-04-02,2850,0,Foreign_Dealer_Self,0
2026-04-02,2850,0,Investment_Trust,0
2026-04-02,2850,0,Dealer_self,2
2026-04-02,2850,0,Dealer_Hedging,0
2026-04-07,2850,26000,Foreign_Investor,29000
2026-04-07,2850,0,Foreign_Dealer_Self,0
2026-04-07,2850,4000,Investment_Trust,16000
2026-04-07,2850,0,Dealer_self,0
2026-04-07,2850,0,Dealer_Hedging,0
2026-04-08,2850,407000,Foreign_Investor,96000
2026-04-08,2850,0,Foreign_Dealer_Self,0
2026-04-08,2850,3000,Investment_Trust,0
2026-04-08,2850,33000,Dealer_self,5000
2026-04-08,2850,4000,Dealer_Hedging,0
2026-04-09,2850,36000,Foreign_Investor,68000
2026-04-09,2850,0,Foreign_Dealer_Self,0
2026-04-09,2850,3000,Investment_Trust,0
2026-04-09,2850,0,Dealer_self,4000
2026-04-09,2850,0,Dealer_Hedging,0
2026-04-10,2850,535000,Foreign_Investor,39000
2026-04-10,2850,0,Foreign_Dealer_Self,0
2026-04-10,2850,3000,Investment_Trust,0
2026-04-10,2850,168,Dealer_self,3000
2026-04-10,2850,3000,Dealer_Hedging,0
2026-04-13,2850,150700,Foreign_Investor,117000
2026-04-13,2850,0,Foreign_Dealer_Self,0
2026-04-13,2850,4000,Investment_Trust,0
2026-04-13,2850,1000,Dealer_self,3000
2026-04-13,2850,0,Dealer_Hedging,0
2026-04-14,2850,196000,Foreign_Investor,44000
2026-04-14,2850,0,Foreign_Dealer_Self,0
2026-04-14,2850,4000,Investment_Trust,0
2026-04-14,2850,2000,Dealer_self,0
2026-04-14,2850,0,Dealer_Hedging,0
2026-04-15,2850,199110,Foreign_Investor,64039
2026-04-15,2850,0,Foreign_Dealer_Self,0
2026-04-15,2850,4000,Investment_Trust,10000
2026-04-15,2850,10000,Dealer_self,2000
2026-04-15,2850,0,Dealer_Hedging,0
2026-04-16,2850,167000,Foreign_Investor,176000
2026-04-16,2850,0,Foreign_Dealer_Self,0
2026-04-16,2850,4000,Investment_Trust,3000
2026-04-16,2850,4000,Dealer_self,14
2026-04-16,2850,0,Dealer_Hedging,0
2026-04-17,2850,158945,Foreign_Investor,56000
2026-04-17,2850,0,Foreign_Dealer_Self,0
2026-04-17,2850,4000,Investment_Trust,54000
2026-04-17,2850,14000,Dealer_self,8333
2026-04-17,2850,4000,Dealer_Hedging,0
2026-04-20,2850,94000,Foreign_Investor,65000
2026-04-20,2850,0,Foreign_Dealer_Self,0
2026-04-20,2850,1000,Investment_Trust,40000
2026-04-20,2850,3000,Dealer_self,3068
2026-04-20,2850,0,Dealer_Hedging,0
2026-04-21,2850,121000,Foreign_Investor,67000
2026-04-21,2850,0,Foreign_Dealer_Self,0
2026-04-21,2850,0,Investment_Trust,86000
2026-04-21,2850,8000,Dealer_self,8055
2026-04-21,2850,0,Dealer_Hedging,0
2026-04-22,2850,39000,Foreign_Investor,13371
2026-04-22,2850,0,Foreign_Dealer_Self,0
2026-04-22,2850,0,Investment_Trust,28000
2026-04-22,2850,1000,Dealer_self,8000
2026-04-22,2850,0,Dealer_Hedging,0
2026-04-23,2850,105232,Foreign_Investor,229000
2026-04-23,2850,0,Foreign_Dealer_Self,0
2026-04-23,2850,0,Investment_Trust,8000
2026-04-23,2850,2000,Dealer_self,7728
2026-04-23,2850,0,Dealer_Hedging,0
2026-04-24,2850,40000,Foreign_Investor,60232
2026-04-24,2850,0,Foreign_Dealer_Self,0
2026-04-24,2850,0,Investment_Trust,3000
2026-04-24,2850,2000,Dealer_self,4000
2026-04-24,2850,0,Dealer_Hedging,0
2026-04-27,2850,168000,Foreign_Investor,64000
2026-04-27,2850,0,Foreign_Dealer_Self,0
2026-04-27,2850,0,Investment_Trust,50000
2026-04-27,2850,1000,Dealer_self,3000
2026-04-27,2850,0,Dealer_Hedging,0
2026-04-28,2850,189000,Foreign_Investor,73000
2026-04-28,2850,0,Foreign_Dealer_Self,0
2026-04-28,2850,0,Investment_Trust,0
2026-04-28,2850,10000,Dealer_self,0
2026-04-28,2850,0,Dealer_Hedging,8000
2026-04-29,2850,186000,Foreign_Investor,89000
2026-04-29,2850,0,Foreign_Dealer_Self,0
2026-04-29,2850,0,Investment_Trust,67000
2026-04-29,2850,3000,Dealer_self,915
2026-04-29,2850,0,Dealer_Hedging,2000
2026-04-30,2850,391000,Foreign_Investor,249000
2026-04-30,2850,0,Foreign_Dealer_Self,0
2026-04-30,2850,0,Investment_Trust,79000
2026-04-30,2850,17018,Dealer_self,3001
2026-04-30,2850,0,Dealer_Hedging,2000
2026-05-04,2850,121000,Foreign_Investor,493000
2026-05-04,2850,0,Foreign_Dealer_Self,0
2026-05-04,2850,7000,Investment_Trust,5000
2026-05-04,2850,19000,Dealer_self,19661
2026-05-04,2850,0,Dealer_Hedging,0
2026-05-05,2850,118000,Foreign_Investor,73000
2026-05-05,2850,0,Foreign_Dealer_Self,0
2026-05-05,2850,1000,Investment_Trust,7000
2026-05-05,2850,2000,Dealer_self,5295
2026-05-05,2850,0,Dealer_Hedging,0
2026-05-06,2850,78000,Foreign_Investor,54026
2026-05-06,2850,0,Foreign_Dealer_Self,0
2026-05-06,2850,0,Investment_Trust,33000
2026-05-06,2850,0,Dealer_self,1257
2026-05-06,2850,0,Dealer_Hedging,0
2026-05-07,2850,195000,Foreign_Investor,73079
2026-05-07,2850,0,Foreign_Dealer_Self,0
2026-05-07,2850,0,Investment_Trust,32000
2026-05-07,2850,3000,Dealer_self,3614
2026-05-07,2850,0,Dealer_Hedging,0
2026-05-08,2850,0,Foreign_Dealer_Self,0
2026-05-08,2850,0,Investment_Trust,54000
2026-05-08,2850,6000,Dealer_self,4611
2026-05-08,2850,0,Dealer_Hedging,0
2026-05-08,2850,132035,Foreign_Investor,80000
2026-05-11,2850,159000,Foreign_Investor,61000
2026-05-11,2850,0,Foreign_Dealer_Self,0
2026-05-11,2850,0,Investment_Trust,0
2026-05-11,2850,10000,Dealer_self,3030
2026-05-11,2850,0,Dealer_Hedging,0
2026-05-12,2850,117028,Foreign_Investor,179000
2026-05-12,2850,0,Foreign_Dealer_Self,0
2026-05-12,2850,0,Investment_Trust,27000
2026-05-12,2850,6000,Dealer_self,11181
2026-05-12,2850,0,Dealer_Hedging,0
2026-05-13,2850,105268,Foreign_Investor,39000
2026-05-13,2850,0,Foreign_Dealer_Self,0
2026-05-13,2850,0,Investment_Trust,27000
2026-05-13,2850,2000,Dealer_self,646
2026-05-13,2850,0,Dealer_Hedging,3000
2026-05-14,2850,46000,Foreign_Investor,139000
2026-05-14,2850,0,Foreign_Dealer_Self,0
2026-05-14,2850,0,Investment_Trust,18000
2026-05-14,2850,14000,Dealer_self,39908
2026-05-14,2850,0,Dealer_Hedging,0
2026-05-15,2850,54000,Foreign_Investor,49080
2026-05-15,2850,0,Foreign_Dealer_Self,0
2026-05-15,2850,0,Investment_Trust,7000
2026-05-15,2850,0,Dealer_self,30
2026-05-15,2850,0,Dealer_Hedging,0
2026-05-18,2850,324592,Foreign_Investor,165000
2026-05-18,2850,0,Foreign_Dealer_Self,0
2026-05-18,2850,0,Investment_Trust,1000
2026-05-18,2850,2,Dealer_self,0
2026-05-18,2850,0,Dealer_Hedging,2000
2026-05-19,2850,145000,Foreign_Investor,114000
2026-05-19,2850,0,Foreign_Dealer_Self,0
2026-05-19,2850,0,Investment_Trust,7000
2026-05-19,2850,0,Dealer_self,0
2026-05-19,2850,0,Dealer_Hedging,0
2026-05-20,2850,214000,Foreign_Investor,97000
2026-05-20,2850,0,Foreign_Dealer_Self,0
2026-05-20,2850,0,Investment_Trust,0
2026-05-20,2850,5000,Dealer_self,13000
2026-05-20,2850,0,Dealer_Hedging,0
2026-05-21,2850,190021,Foreign_Investor,227000
2026-05-21,2850,0,Foreign_Dealer_Self,0
2026-05-21,2850,0,Investment_Trust,0
2026-05-21,2850,7000,Dealer_self,10000
2026-05-21,2850,0,Dealer_Hedging,0
2026-05-22,2850,94238,Foreign_Investor,210000
2026-05-22,2850,0,Foreign_Dealer_Self,0
2026-05-22,2850,0,Investment_Trust,6000
2026-05-22,2850,8000,Dealer_self,7990
2026-05-22,2850,0,Dealer_Hedging,0
2026-05-25,2850,161000,Foreign_Investor,279300
2026-05-25,2850,0,Foreign_Dealer_Self,0
2026-05-25,2850,0,Investment_Trust,4000
2026-05-25,2850,6000,Dealer_self,3035
2026-05-25,2850,0,Dealer_Hedging,0
2026-05-26,2850,61312,Foreign_Investor,241000
2026-05-26,2850,0,Foreign_Dealer_Self,0
2026-05-26,2850,0,Investment_Trust,4000
2026-05-26,2850,0,Dealer_self,2170
2026-05-26,2850,0,Dealer_Hedging,0
2026-05-27,2850,285034,Foreign_Investor,172000
2026-05-27,2850,0,Foreign_Dealer_Self,0
2026-05-27,2850,0,Investment_Trust,4000
2026-05-27,2850,2000,Dealer_self,7000
2026-05-27,2850,0,Dealer_Hedging,0
2026-05-28,2850,72000,Foreign_Investor,352000
2026-05-28,2850,0,Foreign_Dealer_Self,0
2026-05-28,2850,0,Investment_Trust,4000
2026-05-28,2850,4000,Dealer_self,4594
2026-05-28,2850,0,Dealer_Hedging,0
2026-05-29,2850,1164881,Foreign_Investor,893292
2026-05-29,2850,0,Foreign_Dealer_Self,0
2026-05-29,2850,0,Investment_Trust,4000
2026-05-29,2850,6000,Dealer_self,46000
2026-05-29,2850,0,Dealer_Hedging,2000
2026-06-01,2850,400000,Foreign_Investor,748877
2026-06-01,2850,0,Foreign_Dealer_Self,0
2026-06-01,2850,0,Investment_Trust,121000
2026-06-01,2850,51000,Dealer_self,1818
2026-06-01,2850,0,Dealer_Hedging,0
2026-06-02,2850,361866,Foreign_Investor,287000
2026-06-02,2850,0,Foreign_Dealer_Self,0
2026-06-02,2850,0,Investment_Trust,29000
2026-06-02,2850,36000,Dealer_self,3000
2026-06-02,2850,0,Dealer_Hedging,7000
2026-06-03,2850,346849,Foreign_Investor,209360
2026-06-03,2850,0,Foreign_Dealer_Self,0
2026-06-03,2850,0,Investment_Trust,25000
2026-06-03,2850,34000,Dealer_self,2000
2026-06-03,2850,2000,Dealer_Hedging,2000
2026-06-04,2850,326492,Foreign_Investor,194842
2026-06-04,2850,0,Foreign_Dealer_Self,0
2026-06-04,2850,0,Investment_Trust,25000
2026-06-04,2850,45000,Dealer_self,0
2026-06-04,2850,0,Dealer_Hedging,2000
2026-06-05,2850,169100,Foreign_Investor,240020
2026-06-05,2850,0,Foreign_Dealer_Self,0
2026-06-05,2850,0,Investment_Trust,0
2026-06-05,2850,36000,Dealer_self,8000
2026-06-05,2850,0,Dealer_Hedging,0
2026-06-08,2850,324847,Foreign_Investor,643542
2026-06-08,2850,0,Foreign_Dealer_Self,0
2026-06-08,2850,0,Investment_Trust,0
2026-06-08,2850,25000,Dealer_self,5084
2026-06-08,2850,0,Dealer_Hedging,2000
