date,stock_id,buy,name,sell
2024-06-03,2851,727000,Foreign_Investor,280000
2024-06-03,2851,0,Foreign_Dealer_Self,0
2024-06-03,2851,0,Investment_Trust,0
2024-06-03,2851,215000,Dealer_self,0
2024-06-03,2851,0,Dealer_Hedging,0
2024-06-04,2851,607000,Foreign_Investor,855000
2024-06-04,2851,0,Foreign_Dealer_Self,0
2024-06-04,2851,0,Investment_Trust,0
2024-06-04,2851,6000,Dealer_self,29560
2024-06-04,2851,0,Dealer_Hedging,0
2024-06-05,2851,1089000,Foreign_Investor,335000
2024-06-05,2851,0,Foreign_Dealer_Self,0
2024-06-05,2851,0,Investment_Trust,0
2024-06-05,2851,5000,Dealer_self,31592
2024-06-05,2851,0,Dealer_Hedging,0
2024-06-06,2851,820000,Foreign_Investor,1627000
2024-06-06,2851,0,Foreign_Dealer_Self,0
2024-06-06,2851,0,Investment_Trust,0
2024-06-06,2851,28000,Dealer_self,26168
2024-06-06,2851,0,Dealer_Hedging,0
2024-06-07,2851,1144000,Foreign_Investor,616000
2024-06-07,2851,0,Foreign_Dealer_Self,0
2024-06-07,2851,0,Investment_Trust,8000
2024-06-07,2851,206000,Dealer_self,17287
2024-06-07,2851,0,Dealer_Hedging,100000
2024-06-11,2851,409000,Foreign_Investor,5303000
2024-06-11,2851,0,Foreign_Dealer_Self,0
2024-06-11,2851,0,Investment_Trust,15000
2024-06-11,2851,52000,Dealer_self,65520
2024-06-11,2851,0,Dealer_Hedging,200000
2024-06-12,2851,296000,Foreign_Investor,3734000
2024-06-12,2851,0,Foreign_Dealer_Self,0
2024-06-12,2851,0,Investment_Trust,0
2024-06-12,2851,27000,Dealer_self,35000
2024-06-12,2851,0,Dealer_Hedging,280000
2024-06-13,2851,1800000,Foreign_Investor,1221000
2024-06-13,2851,0,Foreign_Dealer_Self,0
2024-06-13,2851,0,Investment_Trust,0
2024-06-13,2851,2000,Dealer_self,2562
2024-06-13,2851,500000,Dealer_Hedging,0
2024-06-14,2851,43000,Foreign_Investor,1096000
2024-06-14,2851,0,Foreign_Dealer_Self,0
2024-06-14,2851,0,Investment_Trust,13000
2024-06-14,2851,5000,Dealer_self,5173
2024-06-14,2851,80000,Dealer_Hedging,0
2024-06-17,2851,184000,Foreign_Investor,391000
2024-06-17,2851,0,Foreign_Dealer_Self,0
2024-06-17,2851,0,Investment_Trust,0
2024-06-17,2851,3000,Dealer_self,2945
2024-06-17,2851,0,Dealer_Hedging,0
2024-06-18,2851,408000,Foreign_Investor,356983
2024-06-18,2851,0,Foreign_Dealer_Self,0
2024-06-18,2851,0,Investment_Trust,0
2024-06-18,2851,18000,Dealer_self,2777
2024-06-18,2851,0,Dealer_Hedging,0
2024-06-19,2851,1879000,Foreign_Investor,224000
2024-06-19,2851,0,Foreign_Dealer_Self,0
2024-06-19,2851,0,Investment_Trust,0
2024-06-19,2851,86000,Dealer_self,14257
2024-06-19,2851,0,Dealer_Hedging,0
2024-06-20,2851,726000,Foreign_Investor,501000
2024-06-20,2851,0,Foreign_Dealer_Self,0
2024-06-20,2851,0,Investment_Trust,0
2024-06-20,2851,106000,Dealer_self,104
2024-06-20,2851,0,Dealer_Hedging,0
2024-06-21,2851,758800,Foreign_Investor,340000
2024-06-21,2851,0,Foreign_Dealer_Self,0
2024-06-21,2851,0,Investment_Trust,3000
2024-06-21,2851,10000,Dealer_self,2509
2024-06-21,2851,0,Dealer_Hedging,0
2024-06-24,2851,542000,Foreign_Investor,441000
2024-06-24,2851,0,Foreign_Dealer_Self,0
2024-06-24,2851,0,Investment_Trust,0
2024-06-24,2851,2000,Dealer_self,62502
2024-06-24,2851,0,Dealer_Hedging,0
2024-06-25,2851,755000,Foreign_Investor,317000
2024-06-25,2851,0,Foreign_Dealer_Self,0
2024-06-25,2851,0,Investment_Trust,17000
2024-06-25,2851,1000,Dealer_self,15263
2024-06-25,2851,0,Dealer_Hedging,0
2024-06-26,2851,506000,Foreign_Investor,417000
2024-06-26,2851,0,Foreign_Dealer_Self,0
2024-06-26,2851,0,Investment_Trust,6000
2024-06-26,2851,25000,Dealer_self,1099
2024-06-26,2851,0,Dealer_Hedging,0
2024-06-27,2851,218000,Foreign_Investor,2440000
2024-06-27,2851,0,Foreign_Dealer_Self,0
2024-06-27,2851,0,Investment_Trust,0
2024-06-27,2851,8000,Dealer_self,17420
2024-06-27,2851,0,Dealer_Hedging,0
2024-06-28,2851,431000,Foreign_Investor,152057
2024-06-28,2851,0,Foreign_Dealer_Self,0
2024-06-28,2851,0,Investment_Trust,0
2024-06-28,2851,40000,Dealer_self,8197
2024-06-28,2851,0,Dealer_Hedging,0
2024-07-01,2851,303000,Foreign_Investor,516000
2024-07-01,2851,0,Foreign_Dealer_Self,0
2024-07-01,2851,0,Investment_Trust,0
2024-07-01,2851,68000,Dealer_self,83414
2024-07-01,2851,0,Dealer_Hedging,0
2024-07-02,2851,897000,Foreign_Investor,367000
2024-07-02,2851,0,Foreign_Dealer_Self,0
2024-07-02,2851,0,Investment_Trust,0
2024-07-02,2851,1000,Dealer_self,62488
2024-07-02,2851,0,Dealer_Hedging,0
2024-07-03,2851,818000,Foreign_Investor,254523
2024-07-03,2851,0,Foreign_Dealer_Self,0
2024-07-03,2851,0,Investment_Trust,4000
2024-07-03,2851,23000,Dealer_self,90
2024-07-03,2851,0,Dealer_Hedging,0
2024-07-04,2851,299000,Foreign_Investor,893000
2024-07-04,2851,0,Foreign_Dealer_Self,0
2024-07-04,2851,0,Investment_Trust,15000
2024-07-04,2851,15000,Dealer_self,3401
2024-07-04,2851,0,Dealer_Hedging,0
2024-07-05,2851,97000,Foreign_Investor,1117000
2024-07-05,2851,0,Foreign_Dealer_Self,0
2024-07-05,2851,0,Investment_Trust,0
2024-07-05,2851,2000,Dealer_self,17450
2024-07-05,2851,0,Dealer_Hedging,0
2024-07-08,2851,118000,Foreign_Investor,617000
2024-07-08,2851,0,Foreign_Dealer_Self,0
2024-07-08,2851,0,Investment_Trust,8000
2024-07-08,2851,2000,Dealer_self,21605
2024-07-08,2851,0,Dealer_Hedging,0
2024-07-09,2851,130000,Foreign_Investor,1407000
2024-07-09,2851,0,Foreign_Dealer_Self,0
2024-07-09,2851,0,Investment_Trust,0
2024-07-09,2851,6000,Dealer_self,37049
2024-07-09,2851,0,Dealer_Hedging,0
2024-07-10,2851,1540000,Foreign_Investor,138000
2024-07-10,2851,0,Foreign_Dealer_Self,0
2024-07-10,2851,0,Investment_Trust,0
2024-07-10,2851,26000,Dealer_self,8103
2024-07-10,2851,0,Dealer_Hedging,0
2024-07-11,2851,3503000,Foreign_Investor,785000
2024-07-11,2851,0,Foreign_Dealer_Self,0
2024-07-11,2851,0,Investment_Trust,8000
2024-07-11,2851,5000,Dealer_self,27001
2024-07-11,2851,44000,Dealer_Hedging,0
2024-07-12,2851,3295000,Foreign_Investor,1069000
2024-07-12,2851,0,Foreign_Dealer_Self,0
2024-07-12,2851,0,Investment_Trust,17000
2024-07-12,2851,8155,Dealer_self,30000
2024-07-12,2851,50020,Dealer_Hedging,0
2024-07-15,2851,379000,Foreign_Investor,655000
2024-07-15,2851,0,Foreign_Dealer_Self,0
2024-07-15,2851,0,Investment_Trust,16000
2024-07-15,2851,6000,Dealer_self,7221
2024-07-15,2851,0,Dealer_Hedging,0
2024-07-16,2851,902000,Foreign_Investor,61000
2024-07-16,2851,0,Foreign_Dealer_Self,0
2024-07-16,2851,0,Investment_Trust,443000
2024-07-16,2851,52000,Dealer_self,3000
2024-07-16,2851,0,Dealer_Hedging,57000
2024-07-17,2851,996000,Foreign_Investor,329000
2024-07-17,2851,0,Foreign_Dealer_Self,0
2024-07-17,2851,0,Investment_Trust,398000
2024-07-17,2851,2000,Dealer_self,6000
2024-07-17,2851,0,Dealer_Hedging,11000
2024-07-18,2851,3132784,Foreign_Investor,555058
2024-07-18,2851,0,Foreign_Dealer_Self,0
2024-07-18,2851,0,Investment_Trust,392000
2024-07-18,2851,2000,Dealer_self,68000
2024-07-18,2851,107000,Dealer_Hedging,0
2024-07-19,2851,1732000,Foreign_Investor,1206000
2024-07-19,2851,0,Foreign_Dealer_Self,0
2024-07-19,2851,0,Investment_Trust,411000
2024-07-19,2851,0,Dealer_self,23000
2024-07-19,2851,0,Dealer_Hedging,36000
2024-07-22,2851,1128000,Foreign_Investor,691000
2024-07-22,2851,0,Foreign_Dealer_Self,0
2024-07-22,2851,0,Investment_Trust,360000
2024-07-22,2851,127000,Dealer_self,8000
2024-07-22,2851,0,Dealer_Hedging,57052
2024-07-23,2851,490000,Foreign_Investor,264000
2024-07-23,2851,0,Foreign_Dealer_Self,0
2024-07-23,2851,0,Investment_Trust,0
2024-07-23,2851,100,Dealer_self,0
2024-07-23,2851,0,Dealer_Hedging,1000
2024-07-26,2851,791000,Foreign_Investor,2783000
2024-07-26,2851,0,Foreign_Dealer_Self,0
2024-07-26,2851,0,Investment_Trust,0
2024-07-26,2851,57000,Dealer_self,56001
2024-07-26,2851,0,Dealer_Hedging,1000
2024-07-29,2851,1586000,Foreign_Investor,453000
2024-07-29,2851,0,Foreign_Dealer_Self,0
2024-07-29,2851,0,Investment_Trust,0
2024-07-29,2851,0,Dealer_self,158505
2024-07-29,2851,72000,Dealer_Hedging,4000
2024-07-30,2851,247000,Foreign_Investor,804000
2024-07-30,2851,0,Foreign_Dealer_Self,0
2024-07-30,2851,0,Investment_Trust,0
2024-07-30,2851,109000,Dealer_self,2
2024-07-30,2851,6000,Dealer_Hedging,0
2024-07-31,2851,205000,Foreign_Investor,362000
2024-07-31,2851,0,Foreign_Dealer_Self,0
2024-07-31,2851,0,Investment_Trust,0
2024-07-31,2851,0,Dealer_self,96108
2024-07-31,2851,0,Dealer_Hedging,0
2024-08-01,2851,702000,Foreign_Investor,278000
2024-08-01,2851,0,Foreign_Dealer_Self,0
2024-08-01,2851,0,Investment_Trust,0
2024-08-01,2851,62000,Dealer_self,1204
2024-08-01,2851,0,Dealer_Hedging,0
2024-08-02,2851,407000,Foreign_Investor,1073000
2024-08-02,2851,0,Foreign_Dealer_Self,0
2024-08-02,2851,0,Investment_Trust,0
2024-08-02,2851,13000,Dealer_self,48437
2024-08-02,2851,0,Dealer_Hedging,87890
2024-08-05,2851,791000,Foreign_Investor,2937284
2024-08-05,2851,0,Foreign_Dealer_Self,0
2024-08-05,2851,0,Investment_Trust,0
2024-08-05,2851,59000,Dealer_self,341367
2024-08-05,2851,0,Dealer_Hedging,0
2024-08-06,2851,1104000,Foreign_Investor,1233309
2024-08-06,2851,0,Foreign_Dealer_Self,0
2024-08-06,2851,0,Investment_Trust,0
2024-08-06,2851,43000,Dealer_self,57762
2024-08-06,2851,18000,Dealer_Hedging,2000
2024-08-07,2851,427000,Foreign_Investor,412000
2024-08-07,2851,0,Foreign_Dealer_Self,0
2024-08-07,2851,0,Investment_Trust,0
2024-08-07,2851,5000,Dealer_self,7001
2024-08-07,2851,0,Dealer_Hedging,0
2024-08-08,2851,517000,Foreign_Investor,498000
2024-08-08,2851,0,Foreign_Dealer_Self,0
2024-08-08,2851,0,Investment_Trust,0
2024-08-08,2851,8000,Dealer_self,39919
2024-08-08,2851,0,Dealer_Hedging,0
2024-08-09,2851,1185000,Foreign_Investor,318000
2024-08-09,2851,0,Foreign_Dealer_Self,0
2024-08-09,2851,0,Investment_Trust,0
2024-08-09,2851,18000,Dealer_self,123000
2024-08-09,2851,44660,Dealer_Hedging,24000
2024-08-12,2851,331000,Foreign_Investor,471000
2024-08-12,2851,0,Foreign_Dealer_Self,0
2024-08-12,2851,0,Investment_Trust,0
2024-08-12,2851,1000,Dealer_self,12742
2024-08-12,2851,0,Dealer_Hedging,30000
2024-08-13,2851,815000,Foreign_Investor,115000
2024-08-13,2851,0,Foreign_Dealer_Self,0
2024-08-13,2851,0,Investment_Trust,0
2024-08-13,2851,0,Dealer_self,27251
2024-08-13,2851,0,Dealer_Hedging,0
2024-08-14,2851,406000,Foreign_Investor,709000
2024-08-14,2851,0,Foreign_Dealer_Self,0
2024-08-14,2851,0,Investment_Trust,0
2024-08-14,2851,1000,Dealer_self,65316
2024-08-14,2851,0,Dealer_Hedging,0
2024-08-15,2851,245000,Foreign_Investor,301000
2024-08-15,2851,0,Foreign_Dealer_Self,0
2024-08-15,2851,0,Investment_Trust,0
2024-08-15,2851,10000,Dealer_self,217463
2024-08-15,2851,0,Dealer_Hedging,0
2024-08-16,2851,454000,Foreign_Investor,404000
2024-08-16,2851,0,Foreign_Dealer_Self,0
2024-08-16,2851,0,Investment_Trust,0
2024-08-16,2851,19000,Dealer_self,94831
2024-08-16,2851,38000,Dealer_Hedging,0
2024-08-19,2851,301000,Foreign_Investor,228000
2024-08-19,2851,0,Foreign_Dealer_Self,0
2024-08-19,2851,0,Investment_Trust,0
2024-08-19,2851,0,Dealer_self,52000
2024-08-19,2851,0,Dealer_Hedging,0
2024-08-20,2851,269000,Foreign_Investor,248000
2024-08-20,2851,0,Foreign_Dealer_Self,0
2024-08-20,2851,0,Investment_Trust,0
2024-08-20,2851,0,Dealer_self,188
2024-08-20,2851,0,Dealer_Hedging,0
2024-08-21,2851,606000,Foreign_Investor,281000
2024-08-21,2851,0,Foreign_Dealer_Self,0
2024-08-21,2851,0,Investment_Trust,0
2024-08-21,2851,0,Dealer_self,0
2024-08-21,2851,97650,Dealer_Hedging,0
2024-08-22,2851,5845000,Foreign_Investor,1181000
2024-08-22,2851,0,Foreign_Dealer_Self,0
2024-08-22,2851,0,Investment_Trust,0
2024-08-22,2851,0,Dealer_self,449000
2024-08-22,2851,51000,Dealer_Hedging,0
2024-08-23,2851,1046000,Foreign_Investor,648000
2024-08-23,2851,0,Foreign_Dealer_Self,0
2024-08-23,2851,0,Investment_Trust,0
2024-08-23,2851,0,Dealer_self,10000
2024-08-23,2851,0,Dealer_Hedging,59640
2024-08-26,2851,915000,Foreign_Investor,1671000
2024-08-26,2851,0,Foreign_Dealer_Self,0
2024-08-26,2851,0,Investment_Trust,0
2024-08-26,2851,4000,Dealer_self,4156
2024-08-26,2851,0,Dealer_Hedging,0
2024-08-27,2851,1094000,Foreign_Investor,923000
2024-08-27,2851,0,Foreign_Dealer_Self,0
2024-08-27,2851,0,Investment_Trust,0
2024-08-27,2851,2000,Dealer_self,10290
2024-08-27,2851,3000,Dealer_Hedging,59000
2024-08-28,2851,360000,Foreign_Investor,426051
2024-08-28,2851,0,Foreign_Dealer_Self,0
2024-08-28,2851,0,Investment_Trust,0
2024-08-28,2851,0,Dealer_self,671
2024-08-28,2851,0,Dealer_Hedging,13000
2024-08-29,2851,807000,Foreign_Investor,329000
2024-08-29,2851,0,Foreign_Dealer_Self,0
2024-08-29,2851,0,Investment_Trust,0
2024-08-29,2851,6000,Dealer_self,10218
2024-08-29,2851,236132,Dealer_Hedging,0
2024-08-30,2851,2877000,Foreign_Investor,259000
2024-08-30,2851,0,Foreign_Dealer_Self,0
2024-08-30,2851,0,Investment_Trust,0
2024-08-30,2851,14000,Dealer_self,7000
2024-08-30,2851,121999,Dealer_Hedging,34000
2024-09-02,2851,197286,Foreign_Investor,1488000
2024-09-02,2851,0,Foreign_Dealer_Self,0
2024-09-02,2851,0,Investment_Trust,0
2024-09-02,2851,3000,Dealer_self,76335
2024-09-02,2851,0,Dealer_Hedging,13000
2024-09-03,2851,826200,Foreign_Investor,215000
2024-09-03,2851,0,Foreign_Dealer_Self,0
2024-09-03,2851,0,Investment_Trust,0
2024-09-03,2851,1000,Dealer_self,1579
2024-09-03,2851,0,Dealer_Hedging,302440
2024-09-04,2851,900000,Foreign_Investor,1670000
2024-09-04,2851,0,Foreign_Dealer_Self,0
2024-09-04,2851,0,Investment_Trust,0
2024-09-04,2851,7000,Dealer_self,151465
2024-09-04,2851,0,Dealer_Hedging,14000
2024-09-05,2851,334000,Foreign_Investor,1142000
2024-09-05,2851,0,Foreign_Dealer_Self,0
2024-09-05,2851,157000,Investment_Trust,0
2024-09-05,2851,7000,Dealer_self,27054
2024-09-05,2851,0,Dealer_Hedging,28000
2024-09-06,2851,927000,Foreign_Investor,798000
2024-09-06,2851,0,Foreign_Dealer_Self,0
2024-09-06,2851,52000,Investment_Trust,0
2024-09-06,2851,2000,Dealer_self,22660
2024-09-06,2851,0,Dealer_Hedging,0
2024-09-09,2851,902000,Foreign_Investor,466700
2024-09-09,2851,0,Foreign_Dealer_Self,0
2024-09-09,2851,0,Investment_Trust,0
2024-09-09,2851,3000,Dealer_self,37386
2024-09-09,2851,0,Dealer_Hedging,0
2024-09-10,2851,123000,Foreign_Investor,654000
2024-09-10,2851,0,Foreign_Dealer_Self,0
2024-09-10,2851,0,Investment_Trust,0
2024-09-10,2851,13000,Dealer_self,8676
2024-09-10,2851,0,Dealer_Hedging,0
2024-09-11,2851,330000,Foreign_Investor,3056300
2024-09-11,2851,0,Foreign_Dealer_Self,0
2024-09-11,2851,0,Investment_Trust,0
2024-09-11,2851,157000,Dealer_self,23567
2024-09-11,2851,0,Dealer_Hedging,0
2024-09-12,2851,301000,Foreign_Investor,875186
2024-09-12,2851,0,Foreign_Dealer_Self,0
2024-09-12,2851,0,Investment_Trust,0
2024-09-12,2851,43000,Dealer_self,8049
2024-09-12,2851,0,Dealer_Hedging,7000
2024-09-13,2851,370000,Foreign_Investor,352000
2024-09-13,2851,0,Foreign_Dealer_Self,0
2024-09-13,2851,0,Investment_Trust,0
2024-09-13,2851,3000,Dealer_self,2591
2024-09-13,2851,0,Dealer_Hedging,0
2024-09-16,2851,381000,Foreign_Investor,145000
2024-09-16,2851,0,Foreign_Dealer_Self,0
2024-09-16,2851,0,Investment_Trust,0
2024-09-16,2851,0,Dealer_self,1225
2024-09-16,2851,0,Dealer_Hedging,0
2024-09-18,2851,88000,Foreign_Investor,441000
2024-09-18,2851,0,Foreign_Dealer_Self,0
2024-09-18,2851,2000,Investment_Trust,0
2024-09-18,2851,4000,Dealer_self,5009
2024-09-18,2851,0,Dealer_Hedging,0
2024-09-19,2851,238000,Foreign_Investor,470000
2024-09-19,2851,0,Foreign_Dealer_Self,0
2024-09-19,2851,0,Investment_Trust,0
2024-09-19,2851,63000,Dealer_self,1249
2024-09-19,2851,0,Dealer_Hedging,0
2024-09-20,2851,355000,Foreign_Investor,485000
2024-09-20,2851,0,Foreign_Dealer_Self,0
2024-09-20,2851,1000,Investment_Trust,0
2024-09-20,2851,11000,Dealer_self,180
2024-09-20,2851,0,Dealer_Hedging,0
2024-09-23,2851,69000,Foreign_Investor,487000
2024-09-23,2851,0,Foreign_Dealer_Self,0
2024-09-23,2851,0,Investment_Trust,0
2024-09-23,2851,37000,Dealer_self,0
2024-09-23,2851,0,Dealer_Hedging,0
2024-09-24,2851,224000,Foreign_Investor,163000
2024-09-24,2851,0,Foreign_Dealer_Self,0
2024-09-24,2851,0,Investment_Trust,0
2024-09-24,2851,1001,Dealer_self,3625
2024-09-24,2851,0,Dealer_Hedging,0
2024-09-25,2851,212000,Foreign_Investor,287000
2024-09-25,2851,0,Foreign_Dealer_Self,0
2024-09-25,2851,0,Investment_Trust,0
2024-09-25,2851,77000,Dealer_self,2082
2024-09-25,2851,0,Dealer_Hedging,0
2024-09-26,2851,158000,Foreign_Investor,155000
2024-09-26,2851,0,Foreign_Dealer_Self,0
2024-09-26,2851,0,Investment_Trust,0
2024-09-26,2851,61000,Dealer_self,10108
2024-09-26,2851,0,Dealer_Hedging,0
2024-09-27,2851,262000,Foreign_Investor,180000
2024-09-27,2851,0,Foreign_Dealer_Self,0
2024-09-27,2851,0,Investment_Trust,212000
2024-09-27,2851,25000,Dealer_self,0
2024-09-27,2851,0,Dealer_Hedging,0
2024-09-30,2851,376000,Foreign_Investor,225000
2024-09-30,2851,0,Foreign_Dealer_Self,0
2024-09-30,2851,0,Investment_Trust,0
2024-09-30,2851,18000,Dealer_self,2812
2024-09-30,2851,0,Dealer_Hedging,0
2024-10-01,2851,390000,Foreign_Investor,613800
2024-10-01,2851,0,Foreign_Dealer_Self,0
2024-10-01,2851,0,Investment_Trust,0
2024-10-01,2851,1000,Dealer_self,515
2024-10-01,2851,0,Dealer_Hedging,0
2024-10-04,2851,504000,Foreign_Investor,660000
2024-10-04,2851,0,Foreign_Dealer_Self,0
2024-10-04,2851,0,Investment_Trust,0
2024-10-04,2851,8000,Dealer_self,41518
2024-10-04,2851,0,Dealer_Hedging,0
2024-10-07,2851,1153000,Foreign_Investor,321000
2024-10-07,2851,0,Foreign_Dealer_Self,0
2024-10-07,2851,0,Investment_Trust,0
2024-10-07,2851,25000,Dealer_self,0
2024-10-07,2851,0,Dealer_Hedging,0
2024-10-08,2851,120000,Foreign_Investor,947052
2024-10-08,2851,0,Foreign_Dealer_Self,0
2024-10-08,2851,0,Investment_Trust,0
2024-10-08,2851,1000,Dealer_self,23599
2024-10-08,2851,0,Dealer_Hedging,11000
2024-10-09,2851,94000,Foreign_Investor,831000
2024-10-09,2851,0,Foreign_Dealer_Self,0
2024-10-09,2851,0,Investment_Trust,0
2024-10-09,2851,13000,Dealer_self,24827
2024-10-09,2851,0,Dealer_Hedging,20000
2024-10-11,2851,227000,Foreign_Investor,243000
2024-10-11,2851,0,Foreign_Dealer_Self,0
2024-10-11,2851,0,Investment_Trust,0
2024-10-11,2851,1000,Dealer_self,18886
2024-10-11,2851,0,Dealer_Hedging,0
2024-10-14,2851,1285000,Foreign_Investor,141000
2024-10-14,2851,0,Foreign_Dealer_Self,0
2024-10-14,2851,0,Investment_Trust,0
2024-10-14,2851,29000,Dealer_self,0
2024-10-14,2851,0,Dealer_Hedging,0
2024-10-15,2851,832000,Foreign_Investor,155000
2024-10-15,2851,0,Foreign_Dealer_Self,0
2024-10-15,2851,0,Investment_Trust,0
2024-10-15,2851,16000,Dealer_self,1560
2024-10-15,2851,0,Dealer_Hedging,0
2024-10-16,2851,2806911,Foreign_Investor,1810000
2024-10-16,2851,0,Foreign_Dealer_Self,0
2024-10-16,2851,0,Investment_Trust,0
2024-10-16,2851,71000,Dealer_self,0
2024-10-16,2851,0,Dealer_Hedging,0
2024-10-17,2851,475000,Foreign_Investor,382000
2024-10-17,2851,0,Foreign_Dealer_Self,0
2024-10-17,2851,0,Investment_Trust,0
2024-10-17,2851,43000,Dealer_self,0
2024-10-17,2851,0,Dealer_Hedging,0
2024-10-18,2851,2017000,Foreign_Investor,229000
2024-10-18,2851,0,Foreign_Dealer_Self,0
2024-10-18,2851,0,Investment_Trust,0
2024-10-18,2851,70000,Dealer_self,0
2024-10-18,2851,0,Dealer_Hedging,0
2024-10-21,2851,825000,Foreign_Investor,800000
2024-10-21,2851,0,Foreign_Dealer_Self,0
2024-10-21,2851,0,Investment_Trust,0
2024-10-21,2851,32000,Dealer_self,7000
2024-10-21,2851,34001,Dealer_Hedging,0
2024-10-22,2851,427000,Foreign_Investor,384000
2024-10-22,2851,0,Foreign_Dealer_Self,0
2024-10-22,2851,0,Investment_Trust,0
2024-10-22,2851,0,Dealer_self,0
2024-10-22,2851,125519,Dealer_Hedging,0
2024-10-23,2851,345000,Foreign_Investor,315867
2024-10-23,2851,0,Foreign_Dealer_Self,0
2024-10-23,2851,0,Investment_Trust,0
2024-10-23,2851,0,Dealer_self,83405
2024-10-23,2851,130975,Dealer_Hedging,1
2024-10-24,2851,425002,Foreign_Investor,637000
2024-10-24,2851,0,Foreign_Dealer_Self,0
2024-10-24,2851,0,Investment_Trust,0
2024-10-24,2851,1000,Dealer_self,35917
2024-10-24,2851,314193,Dealer_Hedging,0
2024-10-25,2851,227000,Foreign_Investor,159051
2024-10-25,2851,0,Foreign_Dealer_Self,0
2024-10-25,2851,0,Investment_Trust,0
2024-10-25,2851,4000,Dealer_self,12648
2024-10-25,2851,0,Dealer_Hedging,29000
2024-10-28,2851,246000,Foreign_Investor,303000
2024-10-28,2851,0,Foreign_Dealer_Self,0
2024-10-28,2851,0,Investment_Trust,0
2024-10-28,2851,93000,Dealer_self,215
2024-10-28,2851,6000,Dealer_Hedging,20000
2024-10-29,2851,128000,Foreign_Investor,931000
2024-10-29,2851,0,Foreign_Dealer_Self,0
2024-10-29,2851,0,Investment_Trust,0
2024-10-29,2851,14000,Dealer_self,50620
2024-10-29,2851,0,Dealer_Hedging,14000
2024-10-30,2851,237000,Foreign_Investor,541000
2024-10-30,2851,0,Foreign_Dealer_Self,0
2024-10-30,2851,0,Investment_Trust,0
2024-10-30,2851,15000,Dealer_self,5010
2024-10-30,2851,15000,Dealer_Hedging,0
2024-11-01,2851,1532000,Foreign_Investor,362000
2024-11-01,2851,0,Foreign_Dealer_Self,0
2024-11-01,2851,0,Investment_Trust,0
2024-11-01,2851,3000,Dealer_self,25000
2024-11-01,2851,71000,Dealer_Hedging,0
2024-11-04,2851,317000,Foreign_Investor,199000
2024-11-04,2851,0,Foreign_Dealer_Self,0
2024-11-04,2851,0,Investment_Trust,0
2024-11-04,2851,0,Dealer_self,0
2024-11-04,2851,0,Dealer_Hedging,19000
2024-11-05,2851,155000,Foreign_Investor,1046000
2024-11-05,2851,0,Foreign_Dealer_Self,0
2024-11-05,2851,0,Investment_Trust,0
2024-11-05,2851,9000,Dealer_self,5789
2024-11-05,2851,0,Dealer_Hedging,9000
2024-11-06,2851,156000,Foreign_Investor,195000
2024-11-06,2851,0,Foreign_Dealer_Self,0
2024-11-06,2851,0,Investment_Trust,0
2024-11-06,2851,1000,Dealer_self,25257
2024-11-06,2851,0,Dealer_Hedging,0
2024-11-07,2851,352000,Foreign_Investor,2196000
2024-11-07,2851,0,Foreign_Dealer_Self,0
2024-11-07,2851,0,Investment_Trust,0
2024-11-07,2851,28000,Dealer_self,66230
2024-11-07,2851,0,Dealer_Hedging,112000
2024-11-08,2851,234000,Foreign_Investor,1321708
2024-11-08,2851,0,Foreign_Dealer_Self,0
2024-11-08,2851,0,Investment_Trust,0
2024-11-08,2851,13000,Dealer_self,52745
2024-11-08,2851,0,Dealer_Hedging,14000
2024-11-11,2851,664000,Foreign_Investor,705000
2024-11-11,2851,0,Foreign_Dealer_Self,0
2024-11-11,2851,0,Investment_Trust,0
2024-11-11,2851,6000,Dealer_self,5941
2024-11-11,2851,0,Dealer_Hedging,0
2024-11-12,2851,511000,Foreign_Investor,1790000
2024-11-12,2851,0,Foreign_Dealer_Self,0
2024-11-12,2851,0,Investment_Trust,0
2024-11-12,2851,9000,Dealer_self,96821
2024-11-12,2851,341114,Dealer_Hedging,8000
2024-11-13,2851,222000,Foreign_Investor,1100000
2024-11-13,2851,0,Foreign_Dealer_Self,0
2024-11-13,2851,0,Investment_Trust,0
2024-11-13,2851,7000,Dealer_self,51421
2024-11-13,2851,0,Dealer_Hedging,0
2024-11-14,2851,466005,Foreign_Investor,1689055
2024-11-14,2851,0,Foreign_Dealer_Self,0
2024-11-14,2851,0,Investment_Trust,0
2024-11-14,2851,12000,Dealer_self,52691
2024-11-14,2851,192000,Dealer_Hedging,0
2024-11-15,2851,723171,Foreign_Investor,418000
2024-11-15,2851,0,Foreign_Dealer_Self,0
2024-11-15,2851,0,Investment_Trust,0
2024-11-15,2851,18000,Dealer_self,3001
2024-11-15,2851,43530,Dealer_Hedging,0
2024-11-18,2851,57000,Foreign_Investor,440000
2024-11-18,2851,0,Foreign_Dealer_Self,0
2024-11-18,2851,0,Investment_Trust,0
2024-11-18,2851,43000,Dealer_self,2447
2024-11-18,2851,0,Dealer_Hedging,0
2024-11-19,2851,639000,Foreign_Investor,717000
2024-11-19,2851,0,Foreign_Dealer_Self,0
2024-11-19,2851,0,Investment_Trust,0
2024-11-19,2851,58000,Dealer_self,0
2024-11-19,2851,14000,Dealer_Hedging,0
2024-11-20,2851,63827,Foreign_Investor,516000
2024-11-20,2851,0,Foreign_Dealer_Self,0
2024-11-20,2851,0,Investment_Trust,0
2024-11-20,2851,36000,Dealer_self,9381
2024-11-20,2851,0,Dealer_Hedging,0
2024-11-21,2851,47000,Foreign_Investor,451000
2024-11-21,2851,0,Foreign_Dealer_Self,0
2024-11-21,2851,0,Investment_Trust,0
2024-11-21,2851,3000,Dealer_self,12168
2024-11-21,2851,0,Dealer_Hedging,0
2024-11-22,2851,221000,Foreign_Investor,69000
2024-11-22,2851,0,Foreign_Dealer_Self,0
2024-11-22,2851,0,Investment_Trust,0
2024-11-22,2851,24000,Dealer_self,422
2024-11-22,2851,4000,Dealer_Hedging,0
2024-11-25,2851,1861881,Foreign_Investor,758000
2024-11-25,2851,0,Foreign_Dealer_Self,0
2024-11-25,2851,0,Investment_Trust,0
2024-11-25,2851,60000,Dealer_self,10967
2024-11-25,2851,14501,Dealer_Hedging,0
2024-11-26,2851,291778,Foreign_Investor,479000
2024-11-26,2851,0,Foreign_Dealer_Self,0
2024-11-26,2851,0,Investment_Trust,0
2024-11-26,2851,1000,Dealer_self,3554
2024-11-26,2851,0,Dealer_Hedging,0
2024-11-27,2851,560617,Foreign_Investor,321000
2024-11-27,2851,0,Foreign_Dealer_Self,0
2024-11-27,2851,0,Investment_Trust,0
2024-11-27,2851,0,Dealer_self,3
2024-11-27,2851,0,Dealer_Hedging,9062
2024-11-28,2851,208627,Foreign_Investor,230410
2024-11-28,2851,0,Foreign_Dealer_Self,0
2024-11-28,2851,0,Investment_Trust,0
2024-11-28,2851,16000,Dealer_self,1895
2024-11-28,2851,0,Dealer_Hedging,37507
2024-11-29,2851,569429,Foreign_Investor,268000
2024-11-29,2851,0,Foreign_Dealer_Self,0
2024-11-29,2851,0,Investment_Trust,0
2024-11-29,2851,11000,Dealer_self,23658
2024-11-29,2851,46000,Dealer_Hedging,0
2024-12-02,2851,388565,Foreign_Investor,47000
2024-12-02,2851,0,Foreign_Dealer_Self,0
2024-12-02,2851,0,Investment_Trust,0
2024-12-02,2851,2000,Dealer_self,2136
2024-12-02,2851,2000,Dealer_Hedging,0
2024-12-03,2851,758669,Foreign_Investor,353000
2024-12-03,2851,0,Foreign_Dealer_Self,0
2024-12-03,2851,0,Investment_Trust,0
2024-12-03,2851,12000,Dealer_self,1488
2024-12-03,2851,38000,Dealer_Hedging,0
2024-12-04,2851,375311,Foreign_Investor,217000
2024-12-04,2851,0,Foreign_Dealer_Self,0
2024-12-04,2851,0,Investment_Trust,0
2024-12-04,2851,4000,Dealer_self,0
2024-12-04,2851,19000,Dealer_Hedging,0
2024-12-05,2851,689000,Foreign_Investor,58000
2024-12-05,2851,0,Foreign_Dealer_Self,0
2024-12-05,2851,0,Investment_Trust,0
2024-12-05,2851,0,Dealer_self,0
2024-12-05,2851,0,Dealer_Hedging,0
2024-12-06,2851,555938,Foreign_Investor,36410
2024-12-06,2851,0,Foreign_Dealer_Self,0
2024-12-06,2851,0,Investment_Trust,0
2024-12-06,2851,0,Dealer_self,0
2024-12-06,2851,0,Dealer_Hedging,0
2024-12-09,2851,106464,Foreign_Investor,237414
2024-12-09,2851,0,Foreign_Dealer_Self,0
2024-12-09,2851,0,Investment_Trust,0
2024-12-09,2851,1000,Dealer_self,963
2024-12-09,2851,0,Dealer_Hedging,0
2024-12-10,2851,60977,Foreign_Investor,346000
2024-12-10,2851,0,Foreign_Dealer_Self,0
2024-12-10,2851,0,Investment_Trust,0
2024-12-10,2851,3000,Dealer_self,7885
2024-12-10,2851,0,Dealer_Hedging,15000
2024-12-11,2851,130456,Foreign_Investor,286000
2024-12-11,2851,0,Foreign_Dealer_Self,0
2024-12-11,2851,0,Investment_Trust,0
2024-12-11,2851,0,Dealer_self,16122
2024-12-11,2851,0,Dealer_Hedging,367558
2024-12-12,2851,121022,Foreign_Investor,72000
2024-12-12,2851,0,Foreign_Dealer_Self,0
2024-12-12,2851,0,Investment_Trust,0
2024-12-12,2851,0,Dealer_self,0
2024-12-12,2851,0,Dealer_Hedging,361855
2024-12-13,2851,56513,Foreign_Investor,155000
2024-12-13,2851,0,Foreign_Dealer_Self,0
2024-12-13,2851,0,Investment_Trust,0
2024-12-13,2851,0,Dealer_self,22598
2024-12-13,2851,0,Dealer_Hedging,232622
2024-12-16,2851,229208,Foreign_Investor,71000
2024-12-16,2851,0,Foreign_Dealer_Self,0
2024-12-16,2851,0,Investment_Trust,0
2024-12-16,2851,3000,Dealer_self,3417
2024-12-16,2851,0,Dealer_Hedging,0
2024-12-17,2851,47682,Foreign_Investor,235000
2024-12-17,2851,0,Foreign_Dealer_Self,0
2024-12-17,2851,0,Investment_Trust,0
2024-12-17,2851,7000,Dealer_self,7316
2024-12-17,2851,0,Dealer_Hedging,0
2024-12-18,2851,41000,Foreign_Investor,233000
2024-12-18,2851,0,Foreign_Dealer_Self,0
2024-12-18,2851,0,Investment_Trust,0
2024-12-18,2851,0,Dealer_self,19000
2024-12-18,2851,0,Dealer_Hedging,0
2024-12-19,2851,153609,Foreign_Investor,1007000
2024-12-19,2851,0,Foreign_Dealer_Self,0
2024-12-19,2851,0,Investment_Trust,0
2024-12-19,2851,4000,Dealer_self,17343
2024-12-19,2851,0,Dealer_Hedging,5000
2024-12-20,2851,51000,Foreign_Investor,324001
2024-12-20,2851,0,Foreign_Dealer_Self,0
2024-12-20,2851,0,Investment_Trust,0
2024-12-20,2851,8000,Dealer_self,12850
2024-12-20,2851,0,Dealer_Hedging,0
2024-12-23,2851,128816,Foreign_Investor,138000
2024-12-23,2851,0,Foreign_Dealer_Self,0
2024-12-23,2851,0,Investment_Trust,0
2024-12-23,2851,28000,Dealer_self,1353
2024-12-23,2851,0,Dealer_Hedging,0
2024-12-24,2851,35000,Foreign_Investor,123000
2024-12-24,2851,0,Foreign_Dealer_Self,0
2024-12-24,2851,0,Investment_Trust,0
2024-12-24,2851,6000,Dealer_self,3037
2024-12-24,2851,0,Dealer_Hedging,0
2024-12-25,2851,25075,Foreign_Investor,129000
2024-12-25,2851,0,Foreign_Dealer_Self,0
2024-12-25,2851,0,Investment_Trust,0
2024-12-25,2851,30000,Dealer_self,14552
2024-12-25,2851,0,Dealer_Hedging,0
2024-12-26,2851,55000,Foreign_Investor,52000
2024-12-26,2851,0,Foreign_Dealer_Self,0
2024-12-26,2851,0,Investment_Trust,0
2024-12-26,2851,1000,Dealer_self,11798
2024-12-26,2851,0,Dealer_Hedging,0
2024-12-27,2851,253016,Foreign_Investor,106000
2024-12-27,2851,0,Foreign_Dealer_Self,0
2024-12-27,2851,0,Investment_Trust,0
2024-12-27,2851,0,Dealer_self,0
2024-12-27,2851,0,Dealer_Hedging,0
2024-12-30,2851,189000,Foreign_Investor,112000
2024-12-30,2851,0,Foreign_Dealer_Self,0
2024-12-30,2851,0,Investment_Trust,0
2024-12-30,2851,1000,Dealer_self,1451
2024-12-30,2851,0,Dealer_Hedging,0
2024-12-31,2851,124150,Foreign_Investor,216000
2024-12-31,2851,0,Foreign_Dealer_Self,0
2024-12-31,2851,0,Investment_Trust,0
2024-12-31,2851,9000,Dealer_self,9002
2024-12-31,2851,0,Dealer_Hedging,0
2025-01-02,2851,347132,Foreign_Investor,182000
2025-01-02,2851,0,Foreign_Dealer_Self,0
2025-01-02,2851,0,Investment_Trust,0
2025-01-02,2851,0,Dealer_self,120000
2025-01-02,2851,0,Dealer_Hedging,0
2025-01-03,2851,53000,Foreign_Investor,30000
2025-01-03,2851,0,Foreign_Dealer_Self,0
2025-01-03,2851,0,Investment_Trust,0
2025-01-03,2851,0,Dealer_self,10000
2025-01-03,2851,0,Dealer_Hedging,0
2025-01-06,2851,299573,Foreign_Investor,180000
2025-01-06,2851,0,Foreign_Dealer_Self,0
2025-01-06,2851,0,Investment_Trust,0
2025-01-06,2851,8000,Dealer_self,0
2025-01-06,2851,0,Dealer_Hedging,0
2025-01-07,2851,31000,Foreign_Investor,117000
2025-01-07,2851,0,Foreign_Dealer_Self,0
2025-01-07,2851,0,Investment_Trust,0
2025-01-07,2851,2000,Dealer_self,2
2025-01-07,2851,0,Dealer_Hedging,0
2025-01-08,2851,188580,Foreign_Investor,37000
2025-01-08,2851,0,Foreign_Dealer_Self,0
2025-01-08,2851,0,Investment_Trust,0
2025-01-08,2851,0,Dealer_self,0
2025-01-08,2851,0,Dealer_Hedging,0
2025-01-09,2851,318000,Foreign_Investor,161000
2025-01-09,2851,0,Foreign_Dealer_Self,0
2025-01-09,2851,0,Investment_Trust,0
2025-01-09,2851,2000,Dealer_self,25498
2025-01-09,2851,0,Dealer_Hedging,3011
2025-01-10,2851,180237,Foreign_Investor,452000
2025-01-10,2851,0,Foreign_Dealer_Self,0
2025-01-10,2851,0,Investment_Trust,0
2025-01-10,2851,2000,Dealer_self,25074
2025-01-10,2851,0,Dealer_Hedging,1000
2025-01-13,2851,196000,Foreign_Investor,827000
2025-01-13,2851,0,Foreign_Dealer_Self,0
2025-01-13,2851,0,Investment_Trust,0
2025-01-13,2851,16000,Dealer_self,40147
2025-01-13,2851,0,Dealer_Hedging,3000
2025-01-14,2851,51000,Foreign_Investor,255000
2025-01-14,2851,0,Foreign_Dealer_Self,0
2025-01-14,2851,0,Investment_Trust,0
2025-01-14,2851,2000,Dealer_self,7537
2025-01-14,2851,0,Dealer_Hedging,0
2025-01-15,2851,130006,Foreign_Investor,668000
2025-01-15,2851,0,Foreign_Dealer_Self,0
2025-01-15,2851,0,Investment_Trust,0
2025-01-15,2851,59000,Dealer_self,8882
2025-01-15,2851,0,Dealer_Hedging,2760
2025-01-16,2851,169527,Foreign_Investor,147000
2025-01-16,2851,0,Foreign_Dealer_Self,0
2025-01-16,2851,0,Investment_Trust,0
2025-01-16,2851,69000,Dealer_self,12249
2025-01-16,2851,0,Dealer_Hedging,0
2025-01-17,2851,123108,Foreign_Investor,159000
2025-01-17,2851,0,Foreign_Dealer_Self,0
2025-01-17,2851,0,Investment_Trust,0
2025-01-17,2851,0,Dealer_self,215
2025-01-17,2851,0,Dealer_Hedging,0
2025-01-20,2851,43237,Foreign_Investor,154000
2025-01-20,2851,0,Foreign_Dealer_Self,0
2025-01-20,2851,0,Investment_Trust,0
2025-01-20,2851,0,Dealer_self,283
2025-01-20,2851,0,Dealer_Hedging,0
2025-01-21,2851,82184,Foreign_Investor,93000
2025-01-21,2851,0,Foreign_Dealer_Self,0
2025-01-21,2851,0,Investment_Trust,0
2025-01-21,2851,6000,Dealer_self,6000
2025-01-21,2851,0,Dealer_Hedging,4896
2025-01-22,2851,215000,Foreign_Investor,192000
2025-01-22,2851,0,Foreign_Dealer_Self,0
2025-01-22,2851,0,Investment_Trust,0
2025-01-22,2851,21000,Dealer_self,639
2025-01-22,2851,0,Dealer_Hedging,0
2025-02-03,2851,217765,Foreign_Investor,436003
2025-02-03,2851,0,Foreign_Dealer_Self,0
2025-02-03,2851,0,Investment_Trust,0
2025-02-03,2851,9000,Dealer_self,55309
2025-02-03,2851,7000,Dealer_Hedging,0
2025-02-04,2851,89000,Foreign_Investor,842000
2025-02-04,2851,0,Foreign_Dealer_Self,0
2025-02-04,2851,0,Investment_Trust,0
2025-02-04,2851,6000,Dealer_self,23175
2025-02-04,2851,0,Dealer_Hedging,0
2025-02-05,2851,116000,Foreign_Investor,219000
2025-02-05,2851,0,Foreign_Dealer_Self,0
2025-02-05,2851,0,Investment_Trust,0
2025-02-05,2851,8000,Dealer_self,20559
2025-02-05,2851,0,Dealer_Hedging,0
2025-02-06,2851,125036,Foreign_Investor,197000
2025-02-06,2851,0,Foreign_Dealer_Self,0
2025-02-06,2851,0,Investment_Trust,0
2025-02-06,2851,0,Dealer_self,7129
2025-02-06,2851,0,Dealer_Hedging,0
2025-02-07,2851,34127,Foreign_Investor,186000
2025-02-07,2851,0,Foreign_Dealer_Self,0
2025-02-07,2851,0,Investment_Trust,0
2025-02-07,2851,0,Dealer_self,2756
2025-02-07,2851,0,Dealer_Hedging,0
2025-02-10,2851,49000,Foreign_Investor,188000
2025-02-10,2851,0,Foreign_Dealer_Self,0
2025-02-10,2851,0,Investment_Trust,0
2025-02-10,2851,3000,Dealer_self,106254
2025-02-10,2851,0,Dealer_Hedging,0
2025-02-11,2851,248648,Foreign_Investor,975000
2025-02-11,2851,0,Foreign_Dealer_Self,0
2025-02-11,2851,0,Investment_Trust,0
2025-02-11,2851,0,Dealer_self,20000
2025-02-11,2851,0,Dealer_Hedging,0
2025-02-12,2851,226944,Foreign_Investor,278000
2025-02-12,2851,0,Foreign_Dealer_Self,0
2025-02-12,2851,0,Investment_Trust,0
2025-02-12,2851,0,Dealer_self,29001
2025-02-12,2851,0,Dealer_Hedging,0
2025-02-13,2851,294000,Foreign_Investor,206000
2025-02-13,2851,0,Foreign_Dealer_Self,0
2025-02-13,2851,0,Investment_Trust,0
2025-02-13,2851,311000,Dealer_self,0
2025-02-13,2851,0,Dealer_Hedging,0
2025-02-14,2851,69000,Foreign_Investor,93000
2025-02-14,2851,0,Foreign_Dealer_Self,0
2025-02-14,2851,0,Investment_Trust,0
2025-02-14,2851,6000,Dealer_self,10000
2025-02-14,2851,0,Dealer_Hedging,0
2025-02-17,2851,130713,Foreign_Investor,102000
2025-02-17,2851,0,Foreign_Dealer_Self,0
2025-02-17,2851,0,Investment_Trust,0
2025-02-17,2851,10000,Dealer_self,6000
2025-02-17,2851,0,Dealer_Hedging,0
2025-02-18,2851,148126,Foreign_Investor,91000
2025-02-18,2851,0,Foreign_Dealer_Self,0
2025-02-18,2851,0,Investment_Trust,0
2025-02-18,2851,15000,Dealer_self,7000
2025-02-18,2851,0,Dealer_Hedging,0
2025-02-19,2851,236000,Foreign_Investor,52000
2025-02-19,2851,0,Foreign_Dealer_Self,0
2025-02-19,2851,0,Investment_Trust,0
2025-02-19,2851,15000,Dealer_self,0
2025-02-19,2851,0,Dealer_Hedging,0
2025-02-20,2851,471000,Foreign_Investor,328054
2025-02-20,2851,0,Foreign_Dealer_Self,0
2025-02-20,2851,0,Investment_Trust,0
2025-02-20,2851,43000,Dealer_self,0
2025-02-20,2851,0,Dealer_Hedging,0
2025-02-21,2851,326080,Foreign_Investor,186000
2025-02-21,2851,0,Foreign_Dealer_Self,0
2025-02-21,2851,0,Investment_Trust,0
2025-02-21,2851,0,Dealer_self,28000
2025-02-21,2851,0,Dealer_Hedging,0
2025-02-24,2851,221462,Foreign_Investor,303000
2025-02-24,2851,0,Foreign_Dealer_Self,0
2025-02-24,2851,0,Investment_Trust,0
2025-02-24,2851,5000,Dealer_self,133
2025-02-24,2851,0,Dealer_Hedging,0
2025-02-25,2851,850425,Foreign_Investor,186000
2025-02-25,2851,0,Foreign_Dealer_Self,0
2025-02-25,2851,0,Investment_Trust,0
2025-02-25,2851,45043,Dealer_self,34003
2025-02-25,2851,0,Dealer_Hedging,0
2025-02-26,2851,234971,Foreign_Investor,223000
2025-02-26,2851,0,Foreign_Dealer_Self,0
2025-02-26,2851,0,Investment_Trust,0
2025-02-26,2851,4000,Dealer_self,15000
2025-02-26,2851,0,Dealer_Hedging,0
2025-02-27,2851,470173,Foreign_Investor,129000
2025-02-27,2851,0,Foreign_Dealer_Self,0
2025-02-27,2851,0,Investment_Trust,0
2025-02-27,2851,17000,Dealer_self,7001
2025-02-27,2851,0,Dealer_Hedging,0
2025-03-03,2851,598355,Foreign_Investor,58000
2025-03-03,2851,0,Foreign_Dealer_Self,0
2025-03-03,2851,0,Investment_Trust,0
2025-03-03,2851,10000,Dealer_self,4000
2025-03-03,2851,0,Dealer_Hedging,0
2025-03-04,2851,355000,Foreign_Investor,120000
2025-03-04,2851,0,Foreign_Dealer_Self,0
2025-03-04,2851,0,Investment_Trust,0
2025-03-04,2851,12000,Dealer_self,45000
2025-03-04,2851,0,Dealer_Hedging,0
2025-03-05,2851,645000,Foreign_Investor,153000
2025-03-05,2851,0,Foreign_Dealer_Self,0
2025-03-05,2851,0,Investment_Trust,0
2025-03-05,2851,29000,Dealer_self,21000
2025-03-05,2851,0,Dealer_Hedging,0
2025-03-06,2851,579002,Foreign_Investor,576340
2025-03-06,2851,0,Foreign_Dealer_Self,0
2025-03-06,2851,0,Investment_Trust,0
2025-03-06,2851,11000,Dealer_self,22000
2025-03-06,2851,0,Dealer_Hedging,0
2025-03-07,2851,267000,Foreign_Investor,339000
2025-03-07,2851,0,Foreign_Dealer_Self,0
2025-03-07,2851,0,Investment_Trust,0
2025-03-07,2851,0,Dealer_self,9000
2025-03-07,2851,0,Dealer_Hedging,0
2025-03-10,2851,5006600,Foreign_Investor,848000
2025-03-10,2851,0,Foreign_Dealer_Self,0
2025-03-10,2851,0,Investment_Trust,0
2025-03-10,2851,13670,Dealer_self,18000
2025-03-10,2851,0,Dealer_Hedging,0
2025-03-11,2851,2058000,Foreign_Investor,582000
2025-03-11,2851,0,Foreign_Dealer_Self,0
2025-03-11,2851,0,Investment_Trust,0
2025-03-11,2851,0,Dealer_self,127000
2025-03-11,2851,0,Dealer_Hedging,0
2025-03-12,2851,1490506,Foreign_Investor,372000
2025-03-12,2851,0,Foreign_Dealer_Self,0
2025-03-12,2851,0,Investment_Trust,0
2025-03-12,2851,25000,Dealer_self,94000
2025-03-12,2851,0,Dealer_Hedging,0
2025-03-13,2851,690000,Foreign_Investor,1269500
2025-03-13,2851,0,Foreign_Dealer_Self,0
2025-03-13,2851,0,Investment_Trust,0
2025-03-13,2851,0,Dealer_self,1040
2025-03-13,2851,0,Dealer_Hedging,0
2025-03-14,2851,486000,Foreign_Investor,235000
2025-03-14,2851,0,Foreign_Dealer_Self,0
2025-03-14,2851,0,Investment_Trust,0
2025-03-14,2851,22000,Dealer_self,481
2025-03-14,2851,0,Dealer_Hedging,1000
2025-03-17,2851,596310,Foreign_Investor,157500
2025-03-17,2851,0,Foreign_Dealer_Self,0
2025-03-17,2851,0,Investment_Trust,0
2025-03-17,2851,37000,Dealer_self,34525
2025-03-17,2851,0,Dealer_Hedging,0
2025-03-18,2851,607000,Foreign_Investor,140000
2025-03-18,2851,0,Foreign_Dealer_Self,0
2025-03-18,2851,0,Investment_Trust,0
2025-03-18,2851,19000,Dealer_self,970
2025-03-18,2851,0,Dealer_Hedging,0
2025-03-19,2851,880000,Foreign_Investor,111000
2025-03-19,2851,0,Foreign_Dealer_Self,0
2025-03-19,2851,0,Investment_Trust,0
2025-03-19,2851,151000,Dealer_self,6189
2025-03-19,2851,0,Dealer_Hedging,0
2025-03-20,2851,705759,Foreign_Investor,146000
2025-03-20,2851,0,Foreign_Dealer_Self,0
2025-03-20,2851,0,Investment_Trust,0
2025-03-20,2851,14000,Dealer_self,200
2025-03-20,2851,0,Dealer_Hedging,0
2025-03-21,2851,321003,Foreign_Investor,136000
2025-03-21,2851,0,Foreign_Dealer_Self,0
2025-03-21,2851,0,Investment_Trust,0
2025-03-21,2851,14000,Dealer_self,742
2025-03-21,2851,0,Dealer_Hedging,1000
2025-03-24,2851,328000,Foreign_Investor,153000
2025-03-24,2851,0,Foreign_Dealer_Self,0
2025-03-24,2851,0,Investment_Trust,0
2025-03-24,2851,4000,Dealer_self,35756
2025-03-24,2851,0,Dealer_Hedging,0
2025-03-25,2851,147000,Foreign_Investor,785000
2025-03-25,2851,0,Foreign_Dealer_Self,0
2025-03-25,2851,0,Investment_Trust,0
2025-03-25,2851,4000,Dealer_self,9031
2025-03-25,2851,0,Dealer_Hedging,0
2025-03-26,2851,208000,Foreign_Investor,60000
2025-03-26,2851,0,Foreign_Dealer_Self,0
2025-03-26,2851,0,Investment_Trust,0
2025-03-26,2851,18000,Dealer_self,7071
2025-03-26,2851,0,Dealer_Hedging,0
2025-03-27,2851,358000,Foreign_Investor,124000
2025-03-27,2851,0,Foreign_Dealer_Self,0
2025-03-27,2851,0,Investment_Trust,0
2025-03-27,2851,6000,Dealer_self,3888
2025-03-27,2851,0,Dealer_Hedging,0
2025-03-28,2851,374000,Foreign_Investor,472670
2025-03-28,2851,0,Foreign_Dealer_Self,0
2025-03-28,2851,0,Investment_Trust,0
2025-03-28,2851,7000,Dealer_self,43014
2025-03-28,2851,0,Dealer_Hedging,8000
2025-03-31,2851,442000,Foreign_Investor,828164
2025-03-31,2851,0,Foreign_Dealer_Self,0
2025-03-31,2851,0,Investment_Trust,0
2025-03-31,2851,26000,Dealer_self,93900
2025-03-31,2851,0,Dealer_Hedging,0
2025-04-01,2851,219000,Foreign_Investor,718001
2025-04-01,2851,0,Foreign_Dealer_Self,0
2025-04-01,2851,0,Investment_Trust,0
2025-04-01,2851,24000,Dealer_self,75000
2025-04-01,2851,0,Dealer_Hedging,0
2025-04-02,2851,203220,Foreign_Investor,383895
2025-04-02,2851,0,Foreign_Dealer_Self,0
2025-04-02,2851,0,Investment_Trust,0
2025-04-02,2851,23000,Dealer_self,15688
2025-04-02,2851,0,Dealer_Hedging,0
2025-04-07,2851,521000,Foreign_Investor,1381000
2025-04-07,2851,0,Foreign_Dealer_Self,0
2025-04-07,2851,0,Investment_Trust,0
2025-04-07,2851,20000,Dealer_self,19533
2025-04-07,2851,0,Dealer_Hedging,0
2025-04-08,2851,1584001,Foreign_Investor,2797000
2025-04-08,2851,0,Foreign_Dealer_Self,0
2025-04-08,2851,0,Investment_Trust,0
2025-04-08,2851,51000,Dealer_self,67163
2025-04-08,2851,0,Dealer_Hedging,0
2025-04-09,2851,961000,Foreign_Investor,3039000
2025-04-09,2851,0,Foreign_Dealer_Self,0
2025-04-09,2851,0,Investment_Trust,0
2025-04-09,2851,25000,Dealer_self,168195
2025-04-09,2851,0,Dealer_Hedging,0
2025-04-10,2851,600000,Foreign_Investor,1485000
2025-04-10,2851,0,Foreign_Dealer_Self,0
2025-04-10,2851,0,Investment_Trust,0
2025-04-10,2851,137000,Dealer_self,7627
2025-04-10,2851,0,Dealer_Hedging,0
2025-04-11,2851,1313000,Foreign_Investor,1992001
2025-04-11,2851,0,Foreign_Dealer_Self,0
2025-04-11,2851,0,Investment_Trust,0
2025-04-11,2851,9000,Dealer_self,140398
2025-04-11,2851,0,Dealer_Hedging,0
2025-04-14,2851,376000,Foreign_Investor,2007105
2025-04-14,2851,0,Foreign_Dealer_Self,0
2025-04-14,2851,0,Investment_Trust,0
2025-04-14,2851,13000,Dealer_self,50934
2025-04-14,2851,0,Dealer_Hedging,0
2025-04-15,2851,607394,Foreign_Investor,350600
2025-04-15,2851,0,Foreign_Dealer_Self,0
2025-04-15,2851,0,Investment_Trust,0
2025-04-15,2851,1000,Dealer_self,11976
2025-04-15,2851,0,Dealer_Hedging,0
2025-04-16,2851,162003,Foreign_Investor,324006
2025-04-16,2851,0,Foreign_Dealer_Self,0
2025-04-16,2851,0,Investment_Trust,0
2025-04-16,2851,2000,Dealer_self,33317
2025-04-16,2851,0,Dealer_Hedging,0
2025-04-17,2851,125000,Foreign_Investor,328000
2025-04-17,2851,0,Foreign_Dealer_Self,0
2025-04-17,2851,0,Investment_Trust,0
2025-04-17,2851,14000,Dealer_self,544
2025-04-17,2851,0,Dealer_Hedging,0
2025-04-18,2851,60000,Foreign_Investor,99000
2025-04-18,2851,0,Foreign_Dealer_Self,0
2025-04-18,2851,0,Investment_Trust,0
2025-04-18,2851,1000,Dealer_self,692
2025-04-18,2851,0,Dealer_Hedging,0
2025-04-21,2851,296000,Foreign_Investor,239000
2025-04-21,2851,0,Foreign_Dealer_Self,0
2025-04-21,2851,0,Investment_Trust,0
2025-04-21,2851,35000,Dealer_self,7599
2025-04-21,2851,0,Dealer_Hedging,0
2025-04-22,2851,132000,Foreign_Investor,363000
2025-04-22,2851,0,Foreign_Dealer_Self,0
2025-04-22,2851,0,Investment_Trust,0
2025-04-22,2851,11000,Dealer_self,3945
2025-04-22,2851,0,Dealer_Hedging,0
2025-04-23,2851,346000,Foreign_Investor,311000
2025-04-23,2851,0,Foreign_Dealer_Self,0
2025-04-23,2851,0,Investment_Trust,0
2025-04-23,2851,10000,Dealer_self,25162
2025-04-23,2851,0,Dealer_Hedging,0
2025-04-24,2851,118000,Foreign_Investor,218000
2025-04-24,2851,0,Foreign_Dealer_Self,0
2025-04-24,2851,0,Investment_Trust,0
2025-04-24,2851,2000,Dealer_self,12007
2025-04-24,2851,0,Dealer_Hedging,0
2025-04-25,2851,283000,Foreign_Investor,171000
2025-04-25,2851,0,Foreign_Dealer_Self,0
2025-04-25,2851,0,Investment_Trust,0
2025-04-25,2851,1000,Dealer_self,9771
2025-04-25,2851,0,Dealer_Hedging,0
2025-04-28,2851,46000,Foreign_Investor,228845
2025-04-28,2851,0,Foreign_Dealer_Self,0
2025-04-28,2851,0,Investment_Trust,0
2025-04-28,2851,0,Dealer_self,269
2025-04-28,2851,0,Dealer_Hedging,0
2025-04-29,2851,523000,Foreign_Investor,159000
2025-04-29,2851,0,Foreign_Dealer_Self,0
2025-04-29,2851,0,Investment_Trust,0
2025-04-29,2851,1000,Dealer_self,2530
2025-04-29,2851,0,Dealer_Hedging,0
2025-04-30,2851,316000,Foreign_Investor,397000
2025-04-30,2851,0,Foreign_Dealer_Self,0
2025-04-30,2851,0,Investment_Trust,0
2025-04-30,2851,2000,Dealer_self,22861
2025-04-30,2851,0,Dealer_Hedging,0
2025-05-02,2851,814000,Foreign_Investor,237000
2025-05-02,2851,0,Foreign_Dealer_Self,0
2025-05-02,2851,0,Investment_Trust,0
2025-05-02,2851,1000,Dealer_self,10636
2025-05-02,2851,0,Dealer_Hedging,0
2025-05-05,2851,1119000,Foreign_Investor,1363000
2025-05-05,2851,0,Foreign_Dealer_Self,0
2025-05-05,2851,0,Investment_Trust,0
2025-05-05,2851,34000,Dealer_self,67777
2025-05-05,2851,0,Dealer_Hedging,0
2025-05-06,2851,438000,Foreign_Investor,385000
2025-05-06,2851,0,Foreign_Dealer_Self,0
2025-05-06,2851,0,Investment_Trust,0
2025-05-06,2851,34000,Dealer_self,21702
2025-05-06,2851,0,Dealer_Hedging,0
2025-05-07,2851,72000,Foreign_Investor,237000
2025-05-07,2851,0,Foreign_Dealer_Self,0
2025-05-07,2851,0,Investment_Trust,0
2025-05-07,2851,12000,Dealer_self,56027
2025-05-07,2851,0,Dealer_Hedging,0
2025-05-08,2851,103000,Foreign_Investor,450000
2025-05-08,2851,0,Foreign_Dealer_Self,0
2025-05-08,2851,0,Investment_Trust,0
2025-05-08,2851,50000,Dealer_self,7000
2025-05-08,2851,0,Dealer_Hedging,0
2025-05-09,2851,343703,Foreign_Investor,318800
2025-05-09,2851,0,Foreign_Dealer_Self,0
2025-05-09,2851,0,Investment_Trust,0
2025-05-09,2851,11000,Dealer_self,63511
2025-05-09,2851,0,Dealer_Hedging,0
2025-05-12,2851,162000,Foreign_Investor,1075829
2025-05-12,2851,0,Foreign_Dealer_Self,0
2025-05-12,2851,0,Investment_Trust,0
2025-05-12,2851,40000,Dealer_self,24315
2025-05-12,2851,0,Dealer_Hedging,0
2025-05-13,2851,192000,Foreign_Investor,1423000
2025-05-13,2851,0,Foreign_Dealer_Self,0
2025-05-13,2851,0,Investment_Trust,0
2025-05-13,2851,30000,Dealer_self,39326
2025-05-13,2851,0,Dealer_Hedging,0
2025-05-14,2851,156750,Foreign_Investor,388219
2025-05-14,2851,0,Foreign_Dealer_Self,0
2025-05-14,2851,0,Investment_Trust,0
2025-05-14,2851,89000,Dealer_self,41099
2025-05-14,2851,0,Dealer_Hedging,0
2025-05-15,2851,207000,Foreign_Investor,473829
2025-05-15,2851,0,Foreign_Dealer_Self,0
2025-05-15,2851,0,Investment_Trust,0
2025-05-15,2851,80000,Dealer_self,91811
2025-05-15,2851,0,Dealer_Hedging,0
2025-05-16,2851,807500,Foreign_Investor,396000
2025-05-16,2851,0,Foreign_Dealer_Self,0
2025-05-16,2851,0,Investment_Trust,0
2025-05-16,2851,97000,Dealer_self,55679
2025-05-16,2851,0,Dealer_Hedging,0
2025-05-19,2851,319000,Foreign_Investor,466372
2025-05-19,2851,0,Foreign_Dealer_Self,0
2025-05-19,2851,0,Investment_Trust,0
2025-05-19,2851,5000,Dealer_self,36697
2025-05-19,2851,0,Dealer_Hedging,0
2025-05-20,2851,69000,Foreign_Investor,178275
2025-05-20,2851,0,Foreign_Dealer_Self,0
2025-05-20,2851,0,Investment_Trust,0
2025-05-20,2851,27000,Dealer_self,54172
2025-05-20,2851,0,Dealer_Hedging,0
2025-05-21,2851,274000,Foreign_Investor,288263
2025-05-21,2851,0,Foreign_Dealer_Self,0
2025-05-21,2851,0,Investment_Trust,0
2025-05-21,2851,15000,Dealer_self,93198
2025-05-21,2851,0,Dealer_Hedging,0
2025-05-22,2851,132500,Foreign_Investor,122000
2025-05-22,2851,0,Foreign_Dealer_Self,0
2025-05-22,2851,0,Investment_Trust,0
2025-05-22,2851,0,Dealer_self,80460
2025-05-22,2851,0,Dealer_Hedging,0
2025-05-23,2851,192000,Foreign_Investor,70493
2025-05-23,2851,0,Foreign_Dealer_Self,0
2025-05-23,2851,0,Investment_Trust,0
2025-05-23,2851,1000,Dealer_self,59759
2025-05-23,2851,0,Dealer_Hedging,0
2025-05-26,2851,241900,Foreign_Investor,330000
2025-05-26,2851,0,Foreign_Dealer_Self,0
2025-05-26,2851,0,Investment_Trust,0
2025-05-26,2851,5000,Dealer_self,86936
2025-05-26,2851,0,Dealer_Hedging,0
2025-05-27,2851,291000,Foreign_Investor,984473
2025-05-27,2851,0,Foreign_Dealer_Self,0
2025-05-27,2851,0,Investment_Trust,0
2025-05-27,2851,13000,Dealer_self,169248
2025-05-27,2851,0,Dealer_Hedging,0
2025-05-28,2851,203253,Foreign_Investor,455957
2025-05-28,2851,0,Foreign_Dealer_Self,0
2025-05-28,2851,0,Investment_Trust,0
2025-05-28,2851,15000,Dealer_self,25858
2025-05-28,2851,0,Dealer_Hedging,0
2025-05-29,2851,472888,Foreign_Investor,1157290
2025-05-29,2851,0,Foreign_Dealer_Self,0
2025-05-29,2851,0,Investment_Trust,0
2025-05-29,2851,39000,Dealer_self,7299
2025-05-29,2851,0,Dealer_Hedging,0
2025-06-02,2851,125099,Foreign_Investor,744000
2025-06-02,2851,0,Foreign_Dealer_Self,0
2025-06-02,2851,0,Investment_Trust,0
2025-06-02,2851,19000,Dealer_self,68243
2025-06-02,2851,0,Dealer_Hedging,0
2025-06-03,2851,179000,Foreign_Investor,799000
2025-06-03,2851,0,Foreign_Dealer_Self,0
2025-06-03,2851,0,Investment_Trust,0
2025-06-03,2851,4000,Dealer_self,18807
2025-06-03,2851,0,Dealer_Hedging,0
2025-06-04,2851,723106,Foreign_Investor,373000
2025-06-04,2851,0,Foreign_Dealer_Self,0
2025-06-04,2851,0,Investment_Trust,0
2025-06-04,2851,6000,Dealer_self,60000
2025-06-04,2851,0,Dealer_Hedging,0
2025-06-05,2851,227000,Foreign_Investor,586000
2025-06-05,2851,0,Foreign_Dealer_Self,0
2025-06-05,2851,0,Investment_Trust,0
2025-06-05,2851,6000,Dealer_self,70001
2025-06-05,2851,0,Dealer_Hedging,0
2025-06-06,2851,420992,Foreign_Investor,356000
2025-06-06,2851,0,Foreign_Dealer_Self,0
2025-06-06,2851,0,Investment_Trust,0
2025-06-06,2851,0,Dealer_self,110002
2025-06-06,2851,0,Dealer_Hedging,0
2025-06-09,2851,63000,Foreign_Investor,339000
2025-06-09,2851,0,Foreign_Dealer_Self,0
2025-06-09,2851,0,Investment_Trust,0
2025-06-09,2851,10000,Dealer_self,73000
2025-06-09,2851,0,Dealer_Hedging,0
2025-06-10,2851,217000,Foreign_Investor,620000
2025-06-10,2851,0,Foreign_Dealer_Self,0
2025-06-10,2851,0,Investment_Trust,0
2025-06-10,2851,99000,Dealer_self,93004
2025-06-10,2851,0,Dealer_Hedging,0
2025-06-11,2851,437267,Foreign_Investor,1053000
2025-06-11,2851,0,Foreign_Dealer_Self,0
2025-06-11,2851,0,Investment_Trust,0
2025-06-11,2851,204000,Dealer_self,96826
2025-06-11,2851,0,Dealer_Hedging,0
2025-06-12,2851,816000,Foreign_Investor,191000
2025-06-12,2851,0,Foreign_Dealer_Self,0
2025-06-12,2851,0,Investment_Trust,0
2025-06-12,2851,119000,Dealer_self,84000
2025-06-12,2851,0,Dealer_Hedging,0
2025-06-13,2851,709608,Foreign_Investor,238000
2025-06-13,2851,0,Foreign_Dealer_Self,0
2025-06-13,2851,0,Investment_Trust,0
2025-06-13,2851,52000,Dealer_self,210000
2025-06-13,2851,0,Dealer_Hedging,0
2025-06-16,2851,1272000,Foreign_Investor,247100
2025-06-16,2851,0,Foreign_Dealer_Self,0
2025-06-16,2851,0,Investment_Trust,0
2025-06-16,2851,171000,Dealer_self,92000
2025-06-16,2851,0,Dealer_Hedging,0
2025-06-17,2851,1230144,Foreign_Investor,143000
2025-06-17,2851,0,Foreign_Dealer_Self,0
2025-06-17,2851,0,Investment_Trust,0
2025-06-17,2851,76000,Dealer_self,52000
2025-06-17,2851,0,Dealer_Hedging,0
2025-06-18,2851,557000,Foreign_Investor,396000
2025-06-18,2851,0,Foreign_Dealer_Self,0
2025-06-18,2851,0,Investment_Trust,0
2025-06-18,2851,188000,Dealer_self,22000
2025-06-18,2851,0,Dealer_Hedging,0
2025-06-19,2851,521120,Foreign_Investor,415000
2025-06-19,2851,0,Foreign_Dealer_Self,0
2025-06-19,2851,0,Investment_Trust,0
2025-06-19,2851,33000,Dealer_self,68000
2025-06-19,2851,0,Dealer_Hedging,0
2025-06-20,2851,317994,Foreign_Investor,514000
2025-06-20,2851,0,Foreign_Dealer_Self,0
2025-06-20,2851,0,Investment_Trust,0
2025-06-20,2851,208000,Dealer_self,12000
2025-06-20,2851,0,Dealer_Hedging,0
2025-06-23,2851,120000,Foreign_Investor,1564870
2025-06-23,2851,0,Foreign_Dealer_Self,0
2025-06-23,2851,0,Investment_Trust,0
2025-06-23,2851,208000,Dealer_self,17001
2025-06-23,2851,495000,Dealer_Hedging,0
2025-06-24,2851,305358,Foreign_Investor,1363000
2025-06-24,2851,0,Foreign_Dealer_Self,0
2025-06-24,2851,0,Investment_Trust,0
2025-06-24,2851,623000,Dealer_self,1038
2025-06-24,2851,506000,Dealer_Hedging,0
2025-06-25,2851,126000,Foreign_Investor,2022000
2025-06-25,2851,0,Foreign_Dealer_Self,0
2025-06-25,2851,0,Investment_Trust,0
2025-06-25,2851,315000,Dealer_self,4000
2025-06-25,2851,505000,Dealer_Hedging,0
2025-06-26,2851,359847,Foreign_Investor,1685000
2025-06-26,2851,0,Foreign_Dealer_Self,0
2025-06-26,2851,0,Investment_Trust,0
2025-06-26,2851,1000,Dealer_self,27000
2025-06-26,2851,501000,Dealer_Hedging,0
2025-06-27,2851,2261046,Foreign_Investor,1444000
2025-06-27,2851,0,Foreign_Dealer_Self,0
2025-06-27,2851,0,Investment_Trust,0
2025-06-27,2851,11000,Dealer_self,61000
2025-06-27,2851,0,Dealer_Hedging,2007000
2025-06-30,2851,79946,Foreign_Investor,1160000
2025-06-30,2851,0,Foreign_Dealer_Self,0
2025-06-30,2851,0,Investment_Trust,0
2025-06-30,2851,34000,Dealer_self,33999
2025-06-30,2851,0,Dealer_Hedging,0
2025-07-01,2851,393000,Foreign_Investor,964000
2025-07-01,2851,0,Foreign_Dealer_Self,0
2025-07-01,2851,0,Investment_Trust,0
2025-07-01,2851,93000,Dealer_self,17000
2025-07-01,2851,0,Dealer_Hedging,0
2025-07-02,2851,89823,Foreign_Investor,861000
2025-07-02,2851,0,Foreign_Dealer_Self,0
2025-07-02,2851,0,Investment_Trust,0
2025-07-02,2851,0,Dealer_self,12000
2025-07-02,2851,0,Dealer_Hedging,0
2025-07-03,2851,196000,Foreign_Investor,1085000
2025-07-03,2851,0,Foreign_Dealer_Self,0
2025-07-03,2851,0,Investment_Trust,0
2025-07-03,2851,35000,Dealer_self,23000
2025-07-03,2851,0,Dealer_Hedging,0
2025-07-04,2851,64000,Foreign_Investor,1236000
2025-07-04,2851,0,Foreign_Dealer_Self,0
2025-07-04,2851,0,Investment_Trust,0
2025-07-04,2851,8000,Dealer_self,0
2025-07-04,2851,0,Dealer_Hedging,0
2025-07-07,2851,344248,Foreign_Investor,893000
2025-07-07,2851,0,Foreign_Dealer_Self,0
2025-07-07,2851,0,Investment_Trust,0
2025-07-07,2851,9000,Dealer_self,0
2025-07-07,2851,0,Dealer_Hedging,0
2025-07-08,2851,196460,Foreign_Investor,771000
2025-07-08,2851,0,Foreign_Dealer_Self,0
2025-07-08,2851,0,Investment_Trust,0
2025-07-08,2851,33000,Dealer_self,0
2025-07-08,2851,0,Dealer_Hedging,0
2025-07-09,2851,509000,Foreign_Investor,733000
2025-07-09,2851,0,Foreign_Dealer_Self,0
2025-07-09,2851,0,Investment_Trust,0
2025-07-09,2851,28000,Dealer_self,0
2025-07-09,2851,0,Dealer_Hedging,0
2025-07-10,2851,639128,Foreign_Investor,675000
2025-07-10,2851,0,Foreign_Dealer_Self,0
2025-07-10,2851,0,Investment_Trust,0
2025-07-10,2851,0,Dealer_self,66000
2025-07-10,2851,0,Dealer_Hedging,0
2025-07-11,2851,710000,Foreign_Investor,536385
2025-07-11,2851,0,Foreign_Dealer_Self,0
2025-07-11,2851,0,Investment_Trust,0
2025-07-11,2851,23000,Dealer_self,10000
2025-07-11,2851,0,Dealer_Hedging,0
2025-07-14,2851,202000,Foreign_Investor,357000
2025-07-14,2851,0,Foreign_Dealer_Self,0
2025-07-14,2851,0,Investment_Trust,0
2025-07-14,2851,20000,Dealer_self,13000
2025-07-14,2851,0,Dealer_Hedging,0
2025-07-15,2851,265147,Foreign_Investor,363000
2025-07-15,2851,0,Foreign_Dealer_Self,0
2025-07-15,2851,0,Investment_Trust,0
2025-07-15,2851,34000,Dealer_self,12000
2025-07-15,2851,0,Dealer_Hedging,0
2025-07-16,2851,317000,Foreign_Investor,297000
2025-07-16,2851,0,Foreign_Dealer_Self,0
2025-07-16,2851,0,Investment_Trust,0
2025-07-16,2851,52000,Dealer_self,21000
2025-07-16,2851,0,Dealer_Hedging,0
2025-07-17,2851,520106,Foreign_Investor,131000
2025-07-17,2851,0,Foreign_Dealer_Self,0
2025-07-17,2851,0,Investment_Trust,0
2025-07-17,2851,29000,Dealer_self,8000
2025-07-17,2851,0,Dealer_Hedging,0
2025-07-18,2851,56000,Foreign_Investor,506460
2025-07-18,2851,0,Foreign_Dealer_Self,0
2025-07-18,2851,0,Investment_Trust,0
2025-07-18,2851,38000,Dealer_self,0
2025-07-18,2851,0,Dealer_Hedging,0
2025-07-21,2851,123000,Foreign_Investor,200000
2025-07-21,2851,0,Foreign_Dealer_Self,0
2025-07-21,2851,0,Investment_Trust,0
2025-07-21,2851,0,Dealer_self,0
2025-07-21,2851,0,Dealer_Hedging,0
2025-07-22,2851,406000,Foreign_Investor,501000
2025-07-22,2851,0,Foreign_Dealer_Self,0
2025-07-22,2851,0,Investment_Trust,0
2025-07-22,2851,9000,Dealer_self,0
2025-07-22,2851,0,Dealer_Hedging,0
2025-07-23,2851,1017110,Foreign_Investor,223000
2025-07-23,2851,0,Foreign_Dealer_Self,0
2025-07-23,2851,0,Investment_Trust,0
2025-07-23,2851,105000,Dealer_self,0
2025-07-23,2851,0,Dealer_Hedging,0
2025-07-24,2851,179000,Foreign_Investor,265232
2025-07-24,2851,0,Foreign_Dealer_Self,0
2025-07-24,2851,0,Investment_Trust,0
2025-07-24,2851,0,Dealer_self,128000
2025-07-24,2851,0,Dealer_Hedging,0
2025-07-25,2851,136000,Foreign_Investor,301000
2025-07-25,2851,0,Foreign_Dealer_Self,0
2025-07-25,2851,0,Investment_Trust,0
2025-07-25,2851,1000,Dealer_self,136000
2025-07-25,2851,0,Dealer_Hedging,0
2025-07-28,2851,199000,Foreign_Investor,1350236
2025-07-28,2851,0,Foreign_Dealer_Self,0
2025-07-28,2851,0,Investment_Trust,0
2025-07-28,2851,102276,Dealer_self,119000
2025-07-28,2851,0,Dealer_Hedging,0
2025-07-29,2851,336000,Foreign_Investor,253000
2025-07-29,2851,0,Foreign_Dealer_Self,0
2025-07-29,2851,0,Investment_Trust,0
2025-07-29,2851,10000,Dealer_self,314000
2025-07-29,2851,0,Dealer_Hedging,0
2025-07-30,2851,778000,Foreign_Investor,268000
2025-07-30,2851,0,Foreign_Dealer_Self,0
2025-07-30,2851,0,Investment_Trust,0
2025-07-30,2851,21416,Dealer_self,326000
2025-07-30,2851,0,Dealer_Hedging,0
2025-07-31,2851,178000,Foreign_Investor,388000
2025-07-31,2851,0,Foreign_Dealer_Self,0
2025-07-31,2851,0,Investment_Trust,0
2025-07-31,2851,26000,Dealer_self,83000
2025-07-31,2851,0,Dealer_Hedging,0
2025-08-01,2851,314000,Foreign_Investor,250000
2025-08-01,2851,0,Foreign_Dealer_Self,0
2025-08-01,2851,0,Investment_Trust,0
2025-08-01,2851,2000,Dealer_self,88000
2025-08-01,2851,0,Dealer_Hedging,0
2025-08-04,2851,714002,Foreign_Investor,217000
2025-08-04,2851,0,Foreign_Dealer_Self,0
2025-08-04,2851,0,Investment_Trust,0
2025-08-04,2851,10000,Dealer_self,96000
2025-08-04,2851,0,Dealer_Hedging,0
2025-08-05,2851,160000,Foreign_Investor,293000
2025-08-05,2851,0,Foreign_Dealer_Self,0
2025-08-05,2851,0,Investment_Trust,0
2025-08-05,2851,0,Dealer_self,53000
2025-08-05,2851,0,Dealer_Hedging,0
2025-08-06,2851,1168000,Foreign_Investor,429552
2025-08-06,2851,0,Foreign_Dealer_Self,0
2025-08-06,2851,0,Investment_Trust,0
2025-08-06,2851,0,Dealer_self,65000
2025-08-06,2851,0,Dealer_Hedging,0
2025-08-07,2851,155000,Foreign_Investor,510827
2025-08-07,2851,0,Foreign_Dealer_Self,0
2025-08-07,2851,0,Investment_Trust,0
2025-08-07,2851,18000,Dealer_self,48000
2025-08-07,2851,0,Dealer_Hedging,0
2025-08-08,2851,606019,Foreign_Investor,211000
2025-08-08,2851,0,Foreign_Dealer_Self,0
2025-08-08,2851,0,Investment_Trust,0
2025-08-08,2851,17000,Dealer_self,65000
2025-08-08,2851,0,Dealer_Hedging,0
2025-08-11,2851,307000,Foreign_Investor,245000
2025-08-11,2851,0,Foreign_Dealer_Self,0
2025-08-11,2851,0,Investment_Trust,0
2025-08-11,2851,8000,Dealer_self,55000
2025-08-11,2851,0,Dealer_Hedging,0
2025-08-12,2851,622000,Foreign_Investor,243000
2025-08-12,2851,0,Foreign_Dealer_Self,0
2025-08-12,2851,0,Investment_Trust,0
2025-08-12,2851,0,Dealer_self,44000
2025-08-12,2851,0,Dealer_Hedging,0
2025-08-13,2851,521000,Foreign_Investor,217000
2025-08-13,2851,0,Foreign_Dealer_Self,0
2025-08-13,2851,0,Investment_Trust,0
2025-08-13,2851,8000,Dealer_self,60000
2025-08-13,2851,0,Dealer_Hedging,0
2025-08-14,2851,1197213,Foreign_Investor,186000
2025-08-14,2851,0,Foreign_Dealer_Self,0
2025-08-14,2851,0,Investment_Trust,0
2025-08-14,2851,18000,Dealer_self,29000
2025-08-14,2851,0,Dealer_Hedging,0
2025-08-15,2851,298000,Foreign_Investor,546000
2025-08-15,2851,0,Foreign_Dealer_Self,0
2025-08-15,2851,0,Investment_Trust,0
2025-08-15,2851,64000,Dealer_self,125000
2025-08-15,2851,0,Dealer_Hedging,0
2025-08-18,2851,188000,Foreign_Investor,271000
2025-08-18,2851,0,Foreign_Dealer_Self,0
2025-08-18,2851,0,Investment_Trust,0
2025-08-18,2851,10000,Dealer_self,66000
2025-08-18,2851,0,Dealer_Hedging,0
2025-08-19,2851,333000,Foreign_Investor,181000
2025-08-19,2851,0,Foreign_Dealer_Self,0
2025-08-19,2851,0,Investment_Trust,0
2025-08-19,2851,5000,Dealer_self,98000
2025-08-19,2851,0,Dealer_Hedging,0
2025-08-20,2851,184000,Foreign_Investor,360000
2025-08-20,2851,0,Foreign_Dealer_Self,0
2025-08-20,2851,0,Investment_Trust,0
2025-08-20,2851,45000,Dealer_self,70000
2025-08-20,2851,0,Dealer_Hedging,0
2025-08-21,2851,358040,Foreign_Investor,181000
2025-08-21,2851,0,Foreign_Dealer_Self,0
2025-08-21,2851,0,Investment_Trust,0
2025-08-21,2851,0,Dealer_self,35000
2025-08-21,2851,0,Dealer_Hedging,0
2025-08-22,2851,406000,Foreign_Investor,651000
2025-08-22,2851,0,Foreign_Dealer_Self,0
2025-08-22,2851,0,Investment_Trust,0
2025-08-22,2851,5000,Dealer_self,48000
2025-08-22,2851,0,Dealer_Hedging,0
2025-08-25,2851,82000,Foreign_Investor,196000
2025-08-25,2851,0,Foreign_Dealer_Self,0
2025-08-25,2851,0,Investment_Trust,0
2025-08-25,2851,0,Dealer_self,42000
2025-08-25,2851,0,Dealer_Hedging,0
2025-08-26,2851,189688,Foreign_Investor,492000
2025-08-26,2851,0,Foreign_Dealer_Self,0
2025-08-26,2851,0,Investment_Trust,0
2025-08-26,2851,33000,Dealer_self,75000
2025-08-26,2851,0,Dealer_Hedging,0
2025-08-27,2851,56000,Foreign_Investor,132000
2025-08-27,2851,0,Foreign_Dealer_Self,0
2025-08-27,2851,0,Investment_Trust,0
2025-08-27,2851,2000,Dealer_self,82000
2025-08-27,2851,0,Dealer_Hedging,0
2025-08-28,2851,196000,Foreign_Investor,237549
2025-08-28,2851,0,Foreign_Dealer_Self,0
2025-08-28,2851,0,Investment_Trust,0
2025-08-28,2851,7000,Dealer_self,102000
2025-08-28,2851,0,Dealer_Hedging,0
2025-08-29,2851,42055,Foreign_Investor,166000
2025-08-29,2851,0,Foreign_Dealer_Self,0
2025-08-29,2851,0,Investment_Trust,0
2025-08-29,2851,9000,Dealer_self,40000
2025-08-29,2851,0,Dealer_Hedging,0
2025-09-01,2851,165000,Foreign_Investor,181000
2025-09-01,2851,0,Foreign_Dealer_Self,0
2025-09-01,2851,0,Investment_Trust,0
2025-09-01,2851,0,Dealer_self,61000
2025-09-01,2851,0,Dealer_Hedging,0
2025-09-02,2851,389000,Foreign_Investor,145000
2025-09-02,2851,0,Foreign_Dealer_Self,0
2025-09-02,2851,0,Investment_Trust,0
2025-09-02,2851,10000,Dealer_self,76000
2025-09-02,2851,0,Dealer_Hedging,0
2025-09-03,2851,129000,Foreign_Investor,75000
2025-09-03,2851,0,Foreign_Dealer_Self,0
2025-09-03,2851,0,Investment_Trust,0
2025-09-03,2851,0,Dealer_self,115000
2025-09-03,2851,0,Dealer_Hedging,10000
2025-09-04,2851,356003,Foreign_Investor,59000
2025-09-04,2851,0,Foreign_Dealer_Self,0
2025-09-04,2851,0,Investment_Trust,0
2025-09-04,2851,3000,Dealer_self,113000
2025-09-04,2851,0,Dealer_Hedging,0
2025-09-05,2851,141000,Foreign_Investor,191000
2025-09-05,2851,0,Foreign_Dealer_Self,0
2025-09-05,2851,0,Investment_Trust,0
2025-09-05,2851,10000,Dealer_self,65000
2025-09-05,2851,0,Dealer_Hedging,0
2025-09-08,2851,133000,Foreign_Investor,187000
2025-09-08,2851,0,Foreign_Dealer_Self,0
2025-09-08,2851,0,Investment_Trust,0
2025-09-08,2851,0,Dealer_self,77000
2025-09-08,2851,0,Dealer_Hedging,0
2025-09-09,2851,749000,Foreign_Investor,142000
2025-09-09,2851,0,Foreign_Dealer_Self,0
2025-09-09,2851,0,Investment_Trust,0
2025-09-09,2851,0,Dealer_self,118000
2025-09-09,2851,0,Dealer_Hedging,0
2025-09-10,2851,329470,Foreign_Investor,79000
2025-09-10,2851,0,Foreign_Dealer_Self,0
2025-09-10,2851,0,Investment_Trust,0
2025-09-10,2851,25000,Dealer_self,93000
2025-09-10,2851,0,Dealer_Hedging,0
2025-09-11,2851,1214000,Foreign_Investor,54000
2025-09-11,2851,0,Foreign_Dealer_Self,0
2025-09-11,2851,0,Investment_Trust,0
2025-09-11,2851,33000,Dealer_self,102000
2025-09-11,2851,0,Dealer_Hedging,0
2025-09-12,2851,153000,Foreign_Investor,236535
2025-09-12,2851,0,Foreign_Dealer_Self,0
2025-09-12,2851,0,Investment_Trust,0
2025-09-12,2851,30000,Dealer_self,50000
2025-09-12,2851,0,Dealer_Hedging,0
2025-09-15,2851,119000,Foreign_Investor,74000
2025-09-15,2851,0,Foreign_Dealer_Self,0
2025-09-15,2851,0,Investment_Trust,0
2025-09-15,2851,32000,Dealer_self,32000
2025-09-15,2851,0,Dealer_Hedging,0
2025-09-16,2851,204000,Foreign_Investor,222000
2025-09-16,2851,0,Foreign_Dealer_Self,0
2025-09-16,2851,0,Investment_Trust,0
2025-09-16,2851,49000,Dealer_self,53000
2025-09-16,2851,0,Dealer_Hedging,0
2025-09-17,2851,201000,Foreign_Investor,186750
2025-09-17,2851,0,Foreign_Dealer_Self,0
2025-09-17,2851,0,Investment_Trust,0
2025-09-17,2851,0,Dealer_self,40000
2025-09-17,2851,0,Dealer_Hedging,0
2025-09-18,2851,134491,Foreign_Investor,114000
2025-09-18,2851,0,Foreign_Dealer_Self,0
2025-09-18,2851,0,Investment_Trust,0
2025-09-18,2851,22000,Dealer_self,51000
2025-09-18,2851,0,Dealer_Hedging,0
2025-09-19,2851,447000,Foreign_Investor,161000
2025-09-19,2851,0,Foreign_Dealer_Self,0
2025-09-19,2851,0,Investment_Trust,0
2025-09-19,2851,49000,Dealer_self,67000
2025-09-19,2851,0,Dealer_Hedging,0
2025-09-22,2851,364000,Foreign_Investor,340000
2025-09-22,2851,0,Foreign_Dealer_Self,0
2025-09-22,2851,0,Investment_Trust,0
2025-09-22,2851,12000,Dealer_self,36000
2025-09-22,2851,0,Dealer_Hedging,0
2025-09-23,2851,292000,Foreign_Investor,143002
2025-09-23,2851,0,Foreign_Dealer_Self,0
2025-09-23,2851,0,Investment_Trust,0
2025-09-23,2851,2000,Dealer_self,50000
2025-09-23,2851,0,Dealer_Hedging,0
2025-09-24,2851,195000,Foreign_Investor,62000
2025-09-24,2851,0,Foreign_Dealer_Self,0
2025-09-24,2851,0,Investment_Trust,0
2025-09-24,2851,25000,Dealer_self,35000
2025-09-24,2851,0,Dealer_Hedging,0
2025-09-25,2851,642034,Foreign_Investor,64000
2025-09-25,2851,0,Foreign_Dealer_Self,0
2025-09-25,2851,0,Investment_Trust,0
2025-09-25,2851,36000,Dealer_self,40000
2025-09-25,2851,0,Dealer_Hedging,0
2025-09-26,2851,257000,Foreign_Investor,239000
2025-09-26,2851,0,Foreign_Dealer_Self,0
2025-09-26,2851,0,Investment_Trust,0
2025-09-26,2851,20000,Dealer_self,70000
2025-09-26,2851,0,Dealer_Hedging,0
2025-09-30,2851,113000,Foreign_Investor,82003
2025-09-30,2851,0,Foreign_Dealer_Self,0
2025-09-30,2851,0,Investment_Trust,0
2025-09-30,2851,32000,Dealer_self,49000
2025-09-30,2851,0,Dealer_Hedging,0
2025-10-01,2851,265000,Foreign_Investor,145000
2025-10-01,2851,0,Foreign_Dealer_Self,0
2025-10-01,2851,0,Investment_Trust,0
2025-10-01,2851,25000,Dealer_self,33000
2025-10-01,2851,0,Dealer_Hedging,0
2025-10-02,2851,368000,Foreign_Investor,75000
2025-10-02,2851,0,Foreign_Dealer_Self,0
2025-10-02,2851,0,Investment_Trust,0
2025-10-02,2851,1000,Dealer_self,73000
2025-10-02,2851,0,Dealer_Hedging,0
2025-10-03,2851,298000,Foreign_Investor,140000
2025-10-03,2851,0,Foreign_Dealer_Self,0
2025-10-03,2851,0,Investment_Trust,0
2025-10-03,2851,1000,Dealer_self,45000
2025-10-03,2851,0,Dealer_Hedging,0
2025-10-07,2851,326000,Foreign_Investor,749000
2025-10-07,2851,0,Foreign_Dealer_Self,0
2025-10-07,2851,0,Investment_Trust,0
2025-10-07,2851,46000,Dealer_self,47000
2025-10-07,2851,0,Dealer_Hedging,0
2025-10-08,2851,599000,Foreign_Investor,177000
2025-10-08,2851,0,Foreign_Dealer_Self,0
2025-10-08,2851,0,Investment_Trust,0
2025-10-08,2851,7000,Dealer_self,88000
2025-10-08,2851,0,Dealer_Hedging,0
2025-10-09,2851,613000,Foreign_Investor,752000
2025-10-09,2851,0,Foreign_Dealer_Self,0
2025-10-09,2851,0,Investment_Trust,0
2025-10-09,2851,0,Dealer_self,85000
2025-10-09,2851,0,Dealer_Hedging,0
2025-10-13,2851,206000,Foreign_Investor,741000
2025-10-13,2851,0,Foreign_Dealer_Self,0
2025-10-13,2851,0,Investment_Trust,0
2025-10-13,2851,22000,Dealer_self,104000
2025-10-13,2851,0,Dealer_Hedging,0
2025-10-14,2851,539000,Foreign_Investor,420000
2025-10-14,2851,0,Foreign_Dealer_Self,0
2025-10-14,2851,0,Investment_Trust,0
2025-10-14,2851,17000,Dealer_self,84000
2025-10-14,2851,0,Dealer_Hedging,0
2025-10-15,2851,0,Foreign_Dealer_Self,0
2025-10-15,2851,0,Investment_Trust,0
2025-10-15,2851,18000,Dealer_self,66000
2025-10-15,2851,0,Dealer_Hedging,0
2025-10-15,2851,1923000,Foreign_Investor,1435111
2025-10-16,2851,460000,Foreign_Investor,148000
2025-10-16,2851,0,Foreign_Dealer_Self,0
2025-10-16,2851,0,Investment_Trust,0
2025-10-16,2851,16000,Dealer_self,17000
2025-10-16,2851,0,Dealer_Hedging,0
2025-10-17,2851,1260000,Foreign_Investor,79000
2025-10-17,2851,0,Foreign_Dealer_Self,0
2025-10-17,2851,0,Investment_Trust,0
2025-10-17,2851,2000,Dealer_self,0
2025-10-17,2851,0,Dealer_Hedging,0
2025-10-20,2851,262000,Foreign_Investor,290000
2025-10-20,2851,0,Foreign_Dealer_Self,0
2025-10-20,2851,0,Investment_Trust,0
2025-10-20,2851,2000,Dealer_self,80000
2025-10-20,2851,0,Dealer_Hedging,0
2025-10-21,2851,334000,Foreign_Investor,100000
2025-10-21,2851,0,Foreign_Dealer_Self,0
2025-10-21,2851,0,Investment_Trust,0
2025-10-21,2851,10000,Dealer_self,60000
2025-10-21,2851,0,Dealer_Hedging,0
2025-10-22,2851,470000,Foreign_Investor,80000
2025-10-22,2851,0,Foreign_Dealer_Self,0
2025-10-22,2851,0,Investment_Trust,0
2025-10-22,2851,17000,Dealer_self,60000
2025-10-22,2851,0,Dealer_Hedging,0
2025-10-23,2851,285000,Foreign_Investor,156000
2025-10-23,2851,0,Foreign_Dealer_Self,0
2025-10-23,2851,0,Investment_Trust,0
2025-10-23,2851,0,Dealer_self,64000
2025-10-23,2851,0,Dealer_Hedging,0
2025-10-27,2851,122000,Foreign_Investor,723000
2025-10-27,2851,0,Foreign_Dealer_Self,0
2025-10-27,2851,0,Investment_Trust,0
2025-10-27,2851,51000,Dealer_self,64000
2025-10-27,2851,0,Dealer_Hedging,0
2025-10-28,2851,319095,Foreign_Investor,46000
2025-10-28,2851,0,Foreign_Dealer_Self,0
2025-10-28,2851,0,Investment_Trust,0
2025-10-28,2851,11000,Dealer_self,70000
2025-10-28,2851,0,Dealer_Hedging,0
2025-10-29,2851,280700,Foreign_Investor,236000
2025-10-29,2851,0,Foreign_Dealer_Self,0
2025-10-29,2851,0,Investment_Trust,0
2025-10-29,2851,19000,Dealer_self,50000
2025-10-29,2851,0,Dealer_Hedging,0
2025-10-30,2851,151000,Foreign_Investor,210000
2025-10-30,2851,0,Foreign_Dealer_Self,0
2025-10-30,2851,0,Investment_Trust,0
2025-10-30,2851,12836,Dealer_self,56000
2025-10-30,2851,0,Dealer_Hedging,0
2025-10-31,2851,158000,Foreign_Investor,325000
2025-10-31,2851,0,Foreign_Dealer_Self,0
2025-10-31,2851,0,Investment_Trust,0
2025-10-31,2851,26000,Dealer_self,35000
2025-10-31,2851,0,Dealer_Hedging,0
2025-11-03,2851,274000,Foreign_Investor,56000
2025-11-03,2851,0,Foreign_Dealer_Self,0
2025-11-03,2851,0,Investment_Trust,0
2025-11-03,2851,0,Dealer_self,92000
2025-11-03,2851,0,Dealer_Hedging,0
2025-11-04,2851,136000,Foreign_Investor,118000
2025-11-04,2851,0,Foreign_Dealer_Self,0
2025-11-04,2851,0,Investment_Trust,0
2025-11-04,2851,11000,Dealer_self,83000
2025-11-04,2851,0,Dealer_Hedging,0
2025-11-05,2851,167000,Foreign_Investor,335000
2025-11-05,2851,0,Foreign_Dealer_Self,0
2025-11-05,2851,0,Investment_Trust,0
2025-11-05,2851,0,Dealer_self,86000
2025-11-05,2851,0,Dealer_Hedging,0
2025-11-06,2851,398000,Foreign_Investor,123000
2025-11-06,2851,0,Foreign_Dealer_Self,0
2025-11-06,2851,0,Investment_Trust,0
2025-11-06,2851,26000,Dealer_self,50000
2025-11-06,2851,0,Dealer_Hedging,0
2025-11-07,2851,1800000,Foreign_Investor,159000
2025-11-07,2851,0,Foreign_Dealer_Self,0
2025-11-07,2851,0,Investment_Trust,0
2025-11-07,2851,68000,Dealer_self,85000
2025-11-07,2851,0,Dealer_Hedging,0
2025-11-10,2851,177000,Foreign_Investor,229000
2025-11-10,2851,0,Foreign_Dealer_Self,0
2025-11-10,2851,0,Investment_Trust,0
2025-11-10,2851,31000,Dealer_self,36000
2025-11-10,2851,0,Dealer_Hedging,0
2025-11-11,2851,0,Foreign_Dealer_Self,0
2025-11-11,2851,0,Investment_Trust,0
2025-11-11,2851,90000,Dealer_self,702000
2025-11-11,2851,0,Dealer_Hedging,0
2025-11-11,2851,1987000,Foreign_Investor,138000
2025-11-12,2851,0,Foreign_Dealer_Self,0
2025-11-12,2851,0,Investment_Trust,0
2025-11-12,2851,147474,Dealer_self,628000
2025-11-12,2851,0,Dealer_Hedging,0
2025-11-12,2851,1850000,Foreign_Investor,256000
2025-11-13,2851,2277000,Foreign_Investor,139000
2025-11-13,2851,0,Foreign_Dealer_Self,0
2025-11-13,2851,0,Investment_Trust,0
2025-11-13,2851,73000,Dealer_self,342000
2025-11-13,2851,0,Dealer_Hedging,0
2025-11-14,2851,1504000,Foreign_Investor,165000
2025-11-14,2851,0,Foreign_Dealer_Self,0
2025-11-14,2851,0,Investment_Trust,0
2025-11-14,2851,64000,Dealer_self,387000
2025-11-14,2851,0,Dealer_Hedging,0
2025-11-17,2851,652624,Foreign_Investor,587000
2025-11-17,2851,0,Foreign_Dealer_Self,0
2025-11-17,2851,0,Investment_Trust,0
2025-11-17,2851,37000,Dealer_self,163000
2025-11-17,2851,0,Dealer_Hedging,0
2025-11-18,2851,625000,Foreign_Investor,517000
2025-11-18,2851,0,Foreign_Dealer_Self,0
2025-11-18,2851,0,Investment_Trust,0
2025-11-18,2851,19000,Dealer_self,53000
2025-11-18,2851,0,Dealer_Hedging,0
2025-11-19,2851,256000,Foreign_Investor,449000
2025-11-19,2851,0,Foreign_Dealer_Self,0
2025-11-19,2851,0,Investment_Trust,0
2025-11-19,2851,20000,Dealer_self,53000
2025-11-19,2851,0,Dealer_Hedging,0
2025-11-20,2851,278000,Foreign_Investor,247212
2025-11-20,2851,0,Foreign_Dealer_Self,0
2025-11-20,2851,0,Investment_Trust,0
2025-11-20,2851,26000,Dealer_self,35000
2025-11-20,2851,0,Dealer_Hedging,0
2025-11-21,2851,802480,Foreign_Investor,194000
2025-11-21,2851,0,Foreign_Dealer_Self,0
2025-11-21,2851,0,Investment_Trust,0
2025-11-21,2851,71000,Dealer_self,65000
2025-11-21,2851,0,Dealer_Hedging,0
2025-11-24,2851,1881000,Foreign_Investor,1139792
2025-11-24,2851,0,Foreign_Dealer_Self,0
2025-11-24,2851,0,Investment_Trust,0
2025-11-24,2851,37000,Dealer_self,102000
2025-11-24,2851,0,Dealer_Hedging,0
2025-11-25,2851,280200,Foreign_Investor,358000
2025-11-25,2851,0,Foreign_Dealer_Self,0
2025-11-25,2851,0,Investment_Trust,0
2025-11-25,2851,6000,Dealer_self,41000
2025-11-25,2851,0,Dealer_Hedging,0
2025-11-26,2851,522000,Foreign_Investor,142000
2025-11-26,2851,0,Foreign_Dealer_Self,0
2025-11-26,2851,0,Investment_Trust,0
2025-11-26,2851,5000,Dealer_self,12000
2025-11-26,2851,0,Dealer_Hedging,0
2025-11-27,2851,209000,Foreign_Investor,337000
2025-11-27,2851,0,Foreign_Dealer_Self,0
2025-11-27,2851,0,Investment_Trust,0
2025-11-27,2851,0,Dealer_self,24000
2025-11-27,2851,0,Dealer_Hedging,0
2025-11-28,2851,71000,Foreign_Investor,361000
2025-11-28,2851,0,Foreign_Dealer_Self,0
2025-11-28,2851,0,Investment_Trust,0
2025-11-28,2851,49000,Dealer_self,0
2025-11-28,2851,0,Dealer_Hedging,0
2025-12-01,2851,280000,Foreign_Investor,246000
2025-12-01,2851,0,Foreign_Dealer_Self,0
2025-12-01,2851,193000,Investment_Trust,0
2025-12-01,2851,0,Dealer_self,50000
2025-12-01,2851,0,Dealer_Hedging,0
2025-12-02,2851,1097000,Foreign_Investor,148000
2025-12-02,2851,0,Foreign_Dealer_Self,0
2025-12-02,2851,196000,Investment_Trust,0
2025-12-02,2851,17000,Dealer_self,70000
2025-12-02,2851,0,Dealer_Hedging,0
2025-12-03,2851,401000,Foreign_Investor,605000
2025-12-03,2851,0,Foreign_Dealer_Self,0
2025-12-03,2851,0,Investment_Trust,0
2025-12-03,2851,94000,Dealer_self,36000
2025-12-03,2851,0,Dealer_Hedging,0
2025-12-04,2851,265000,Foreign_Investor,96000
2025-12-04,2851,0,Foreign_Dealer_Self,0
2025-12-04,2851,0,Investment_Trust,0
2025-12-04,2851,10000,Dealer_self,40000
2025-12-04,2851,0,Dealer_Hedging,0
2025-12-05,2851,245000,Foreign_Investor,293000
2025-12-05,2851,0,Foreign_Dealer_Self,0
2025-12-05,2851,0,Investment_Trust,0
2025-12-05,2851,48000,Dealer_self,37000
2025-12-05,2851,0,Dealer_Hedging,0
2025-12-08,2851,259000,Foreign_Investor,55000
2025-12-08,2851,0,Foreign_Dealer_Self,0
2025-12-08,2851,0,Investment_Trust,0
2025-12-08,2851,14045,Dealer_self,41000
2025-12-08,2851,0,Dealer_Hedging,0
2025-12-09,2851,341000,Foreign_Investor,53000
2025-12-09,2851,0,Foreign_Dealer_Self,0
2025-12-09,2851,0,Investment_Trust,6000
2025-12-09,2851,2000,Dealer_self,64000
2025-12-09,2851,0,Dealer_Hedging,0
2025-12-10,2851,142000,Foreign_Investor,54000
2025-12-10,2851,0,Foreign_Dealer_Self,0
2025-12-10,2851,0,Investment_Trust,0
2025-12-10,2851,4000,Dealer_self,59000
2025-12-10,2851,0,Dealer_Hedging,0
2025-12-11,2851,619000,Foreign_Investor,146000
2025-12-11,2851,0,Foreign_Dealer_Self,0
2025-12-11,2851,0,Investment_Trust,0
2025-12-11,2851,7000,Dealer_self,166000
2025-12-11,2851,0,Dealer_Hedging,0
2025-12-12,2851,451000,Foreign_Investor,87000
2025-12-12,2851,0,Foreign_Dealer_Self,0
2025-12-12,2851,0,Investment_Trust,0
2025-12-12,2851,16000,Dealer_self,98000
2025-12-12,2851,0,Dealer_Hedging,0
2025-12-15,2851,282000,Foreign_Investor,51000
2025-12-15,2851,0,Foreign_Dealer_Self,0
2025-12-15,2851,0,Investment_Trust,0
2025-12-15,2851,5000,Dealer_self,60000
2025-12-15,2851,0,Dealer_Hedging,0
2025-12-16,2851,961000,Foreign_Investor,232000
2025-12-16,2851,0,Foreign_Dealer_Self,0
2025-12-16,2851,0,Investment_Trust,0
2025-12-16,2851,46000,Dealer_self,126000
2025-12-16,2851,0,Dealer_Hedging,0
2025-12-17,2851,355000,Foreign_Investor,382000
2025-12-17,2851,0,Foreign_Dealer_Self,0
2025-12-17,2851,0,Investment_Trust,0
2025-12-17,2851,41000,Dealer_self,70000
2025-12-17,2851,0,Dealer_Hedging,0
2025-12-18,2851,288000,Foreign_Investor,274000
2025-12-18,2851,0,Foreign_Dealer_Self,0
2025-12-18,2851,0,Investment_Trust,0
2025-12-18,2851,48000,Dealer_self,53000
2025-12-18,2851,0,Dealer_Hedging,0
2025-12-19,2851,407000,Foreign_Investor,163000
2025-12-19,2851,0,Foreign_Dealer_Self,0
2025-12-19,2851,0,Investment_Trust,0
2025-12-19,2851,15000,Dealer_self,55000
2025-12-19,2851,0,Dealer_Hedging,0
2025-12-22,2851,257000,Foreign_Investor,146000
2025-12-22,2851,0,Foreign_Dealer_Self,0
2025-12-22,2851,0,Investment_Trust,0
2025-12-22,2851,9000,Dealer_self,55000
2025-12-22,2851,0,Dealer_Hedging,0
2025-12-23,2851,64000,Foreign_Investor,72000
2025-12-23,2851,0,Foreign_Dealer_Self,0
2025-12-23,2851,0,Investment_Trust,0
2025-12-23,2851,0,Dealer_self,50000
2025-12-23,2851,0,Dealer_Hedging,0
2025-12-24,2851,115000,Foreign_Investor,383000
2025-12-24,2851,0,Foreign_Dealer_Self,0
2025-12-24,2851,0,Investment_Trust,0
2025-12-24,2851,0,Dealer_self,45000
2025-12-24,2851,0,Dealer_Hedging,0
2025-12-26,2851,257000,Foreign_Investor,182000
2025-12-26,2851,0,Foreign_Dealer_Self,0
2025-12-26,2851,0,Investment_Trust,0
2025-12-26,2851,0,Dealer_self,101000
2025-12-26,2851,0,Dealer_Hedging,0
2025-12-29,2851,1225000,Foreign_Investor,149000
2025-12-29,2851,0,Foreign_Dealer_Self,0
2025-12-29,2851,0,Investment_Trust,0
2025-12-29,2851,5000,Dealer_self,70000
2025-12-29,2851,0,Dealer_Hedging,0
2025-12-30,2851,113000,Foreign_Investor,257000
2025-12-30,2851,0,Foreign_Dealer_Self,0
2025-12-30,2851,0,Investment_Trust,0
2025-12-30,2851,2449,Dealer_self,35000
2025-12-30,2851,0,Dealer_Hedging,0
2025-12-31,2851,96000,Foreign_Investor,179000
2025-12-31,2851,0,Foreign_Dealer_Self,0
2025-12-31,2851,0,Investment_Trust,0
2025-12-31,2851,0,Dealer_self,46000
2025-12-31,2851,0,Dealer_Hedging,0
2026-01-02,2851,107000,Foreign_Investor,109000
2026-01-02,2851,0,Foreign_Dealer_Self,0
2026-01-02,2851,0,Investment_Trust,0
2026-01-02,2851,1000,Dealer_self,9000
2026-01-02,2851,0,Dealer_Hedging,0
2026-01-05,2851,593000,Foreign_Investor,130000
2026-01-05,2851,0,Foreign_Dealer_Self,0
2026-01-05,2851,0,Investment_Trust,0
2026-01-05,2851,0,Dealer_self,10000
2026-01-05,2851,0,Dealer_Hedging,0
2026-01-06,2851,235000,Foreign_Investor,74000
2026-01-06,2851,0,Foreign_Dealer_Self,0
2026-01-06,2851,16000,Investment_Trust,0
2026-01-06,2851,5000,Dealer_self,10000
2026-01-06,2851,0,Dealer_Hedging,0
2026-01-07,2851,648000,Foreign_Investor,262000
2026-01-07,2851,0,Foreign_Dealer_Self,0
2026-01-07,2851,0,Investment_Trust,0
2026-01-07,2851,0,Dealer_self,0
2026-01-07,2851,0,Dealer_Hedging,0
2026-01-08,2851,1057000,Foreign_Investor,140000
2026-01-08,2851,0,Foreign_Dealer_Self,0
2026-01-08,2851,0,Investment_Trust,0
2026-01-08,2851,0,Dealer_self,0
2026-01-08,2851,0,Dealer_Hedging,0
2026-01-09,2851,429000,Foreign_Investor,180000
2026-01-09,2851,0,Foreign_Dealer_Self,0
2026-01-09,2851,7000,Investment_Trust,0
2026-01-09,2851,0,Dealer_self,1000
2026-01-09,2851,0,Dealer_Hedging,0
2026-01-12,2851,307000,Foreign_Investor,256000
2026-01-12,2851,0,Foreign_Dealer_Self,0
2026-01-12,2851,1000,Investment_Trust,0
2026-01-12,2851,0,Dealer_self,1000
2026-01-12,2851,0,Dealer_Hedging,0
2026-01-13,2851,1327000,Foreign_Investor,120000
2026-01-13,2851,0,Foreign_Dealer_Self,0
2026-01-13,2851,3000,Investment_Trust,0
2026-01-13,2851,0,Dealer_self,0
2026-01-13,2851,0,Dealer_Hedging,0
2026-01-14,2851,292000,Foreign_Investor,309000
2026-01-14,2851,0,Foreign_Dealer_Self,0
2026-01-14,2851,11000,Investment_Trust,0
2026-01-14,2851,7000,Dealer_self,6000
2026-01-14,2851,0,Dealer_Hedging,0
2026-01-15,2851,695000,Foreign_Investor,57000
2026-01-15,2851,0,Foreign_Dealer_Self,0
2026-01-15,2851,4000,Investment_Trust,0
2026-01-15,2851,5000,Dealer_self,0
2026-01-15,2851,0,Dealer_Hedging,0
2026-01-16,2851,165000,Foreign_Investor,431920
2026-01-16,2851,0,Foreign_Dealer_Self,0
2026-01-16,2851,0,Investment_Trust,0
2026-01-16,2851,0,Dealer_self,38483
2026-01-16,2851,0,Dealer_Hedging,0
2026-01-19,2851,1029000,Foreign_Investor,159000
2026-01-19,2851,0,Foreign_Dealer_Self,0
2026-01-19,2851,268000,Investment_Trust,0
2026-01-19,2851,0,Dealer_self,46537
2026-01-19,2851,0,Dealer_Hedging,0
2026-01-20,2851,238000,Foreign_Investor,369000
2026-01-20,2851,0,Foreign_Dealer_Self,0
2026-01-20,2851,0,Investment_Trust,0
2026-01-20,2851,0,Dealer_self,21278
2026-01-20,2851,0,Dealer_Hedging,0
2026-01-21,2851,421000,Foreign_Investor,210000
2026-01-21,2851,0,Foreign_Dealer_Self,0
2026-01-21,2851,0,Investment_Trust,0
2026-01-21,2851,54000,Dealer_self,46000
2026-01-21,2851,0,Dealer_Hedging,0
2026-01-22,2851,352000,Foreign_Investor,73800
2026-01-22,2851,0,Foreign_Dealer_Self,0
2026-01-22,2851,0,Investment_Trust,0
2026-01-22,2851,7000,Dealer_self,0
2026-01-22,2851,0,Dealer_Hedging,0
2026-01-23,2851,72000,Foreign_Investor,501000
2026-01-23,2851,0,Foreign_Dealer_Self,0
2026-01-23,2851,0,Investment_Trust,0
2026-01-23,2851,0,Dealer_self,0
2026-01-23,2851,0,Dealer_Hedging,0
2026-01-26,2851,157000,Foreign_Investor,63000
2026-01-26,2851,0,Foreign_Dealer_Self,0
2026-01-26,2851,0,Investment_Trust,0
2026-01-26,2851,0,Dealer_self,26000
2026-01-26,2851,0,Dealer_Hedging,0
2026-01-27,2851,289000,Foreign_Investor,81052
2026-01-27,2851,0,Foreign_Dealer_Self,0
2026-01-27,2851,0,Investment_Trust,0
2026-01-27,2851,12000,Dealer_self,13000
2026-01-27,2851,0,Dealer_Hedging,0
2026-01-28,2851,92000,Foreign_Investor,965000
2026-01-28,2851,0,Foreign_Dealer_Self,0
2026-01-28,2851,0,Investment_Trust,0
2026-01-28,2851,0,Dealer_self,8000
2026-01-28,2851,0,Dealer_Hedging,0
2026-01-29,2851,301000,Foreign_Investor,63000
2026-01-29,2851,0,Foreign_Dealer_Self,0
2026-01-29,2851,0,Investment_Trust,0
2026-01-29,2851,8000,Dealer_self,15000
2026-01-29,2851,0,Dealer_Hedging,0
2026-01-30,2851,268000,Foreign_Investor,245000
2026-01-30,2851,0,Foreign_Dealer_Self,0
2026-01-30,2851,0,Investment_Trust,0
2026-01-30,2851,5000,Dealer_self,0
2026-01-30,2851,0,Dealer_Hedging,0
2026-02-02,2851,569000,Foreign_Investor,393000
2026-02-02,2851,0,Foreign_Dealer_Self,0
2026-02-02,2851,0,Investment_Trust,28000
2026-02-02,2851,6000,Dealer_self,23000
2026-02-02,2851,0,Dealer_Hedging,0
2026-02-03,2851,305000,Foreign_Investor,369000
2026-02-03,2851,0,Foreign_Dealer_Self,0
2026-02-03,2851,0,Investment_Trust,34000
2026-02-03,2851,6000,Dealer_self,13000
2026-02-03,2851,0,Dealer_Hedging,0
2026-02-04,2851,490000,Foreign_Investor,72000
2026-02-04,2851,0,Foreign_Dealer_Self,0
2026-02-04,2851,4000,Investment_Trust,0
2026-02-04,2851,4000,Dealer_self,26000
2026-02-04,2851,0,Dealer_Hedging,0
2026-02-05,2851,1356000,Foreign_Investor,231000
2026-02-05,2851,0,Foreign_Dealer_Self,0
2026-02-05,2851,11000,Investment_Trust,0
2026-02-05,2851,55000,Dealer_self,6000
2026-02-05,2851,0,Dealer_Hedging,0
2026-02-06,2851,471000,Foreign_Investor,189728
2026-02-06,2851,0,Foreign_Dealer_Self,0
2026-02-06,2851,0,Investment_Trust,0
2026-02-06,2851,3000,Dealer_self,33000
2026-02-06,2851,0,Dealer_Hedging,0
2026-02-09,2851,672000,Foreign_Investor,49000
2026-02-09,2851,0,Foreign_Dealer_Self,0
2026-02-09,2851,0,Investment_Trust,0
2026-02-09,2851,82000,Dealer_self,0
2026-02-09,2851,0,Dealer_Hedging,0
2026-02-10,2851,607000,Foreign_Investor,147000
2026-02-10,2851,0,Foreign_Dealer_Self,0
2026-02-10,2851,0,Investment_Trust,0
2026-02-10,2851,9000,Dealer_self,8000
2026-02-10,2851,0,Dealer_Hedging,0
2026-02-11,2851,602000,Foreign_Investor,132000
2026-02-11,2851,0,Foreign_Dealer_Self,0
2026-02-11,2851,0,Investment_Trust,0
2026-02-11,2851,80000,Dealer_self,0
2026-02-11,2851,0,Dealer_Hedging,0
2026-02-23,2851,1124000,Foreign_Investor,565000
2026-02-23,2851,0,Foreign_Dealer_Self,0
2026-02-23,2851,0,Investment_Trust,0
2026-02-23,2851,67000,Dealer_self,63000
2026-02-23,2851,0,Dealer_Hedging,0
2026-02-24,2851,814000,Foreign_Investor,105000
2026-02-24,2851,0,Foreign_Dealer_Self,0
2026-02-24,2851,0,Investment_Trust,0
2026-02-24,2851,28000,Dealer_self,0
2026-02-24,2851,0,Dealer_Hedging,0
2026-02-25,2851,323000,Foreign_Investor,536000
2026-02-25,2851,0,Foreign_Dealer_Self,0
2026-02-25,2851,0,Investment_Trust,0
2026-02-25,2851,0,Dealer_self,18000
2026-02-25,2851,0,Dealer_Hedging,0
2026-02-26,2851,510684,Foreign_Investor,166000
2026-02-26,2851,0,Foreign_Dealer_Self,0
2026-02-26,2851,0,Investment_Trust,0
2026-02-26,2851,0,Dealer_self,0
2026-02-26,2851,0,Dealer_Hedging,0
2026-03-02,2851,343000,Foreign_Investor,272000
2026-03-02,2851,0,Foreign_Dealer_Self,0
2026-03-02,2851,59000,Investment_Trust,2000
2026-03-02,2851,7000,Dealer_self,9000
2026-03-02,2851,0,Dealer_Hedging,0
2026-03-03,2851,362000,Foreign_Investor,288000
2026-03-03,2851,0,Foreign_Dealer_Self,0
2026-03-03,2851,7000,Investment_Trust,0
2026-03-03,2851,3000,Dealer_self,56000
2026-03-03,2851,0,Dealer_Hedging,0
2026-03-04,2851,498000,Foreign_Investor,1108000
2026-03-04,2851,0,Foreign_Dealer_Self,0
2026-03-04,2851,0,Investment_Trust,1000
2026-03-04,2851,17000,Dealer_self,71000
2026-03-04,2851,0,Dealer_Hedging,0
2026-03-05,2851,508000,Foreign_Investor,224000
2026-03-05,2851,0,Foreign_Dealer_Self,0
2026-03-05,2851,0,Investment_Trust,0
2026-03-05,2851,0,Dealer_self,44000
2026-03-05,2851,0,Dealer_Hedging,0
2026-03-06,2851,89000,Foreign_Investor,196000
2026-03-06,2851,0,Foreign_Dealer_Self,0
2026-03-06,2851,0,Investment_Trust,0
2026-03-06,2851,0,Dealer_self,0
2026-03-06,2851,0,Dealer_Hedging,0
2026-03-09,2851,315000,Foreign_Investor,814668
2026-03-09,2851,0,Foreign_Dealer_Self,0
2026-03-09,2851,0,Investment_Trust,0
2026-03-09,2851,3000,Dealer_self,120000
2026-03-09,2851,0,Dealer_Hedging,0
2026-03-10,2851,247000,Foreign_Investor,200000
2026-03-10,2851,0,Foreign_Dealer_Self,0
2026-03-10,2851,0,Investment_Trust,4000
2026-03-10,2851,9000,Dealer_self,5269
2026-03-10,2851,0,Dealer_Hedging,0
2026-03-11,2851,3901000,Foreign_Investor,438000
2026-03-11,2851,0,Foreign_Dealer_Self,0
2026-03-11,2851,0,Investment_Trust,0
2026-03-11,2851,25022,Dealer_self,6000
2026-03-11,2851,0,Dealer_Hedging,0
2026-03-12,2851,852000,Foreign_Investor,557000
2026-03-12,2851,0,Foreign_Dealer_Self,0
2026-03-12,2851,0,Investment_Trust,3000
2026-03-12,2851,2000,Dealer_self,41792
2026-03-12,2851,0,Dealer_Hedging,0
2026-03-13,2851,773000,Foreign_Investor,274000
2026-03-13,2851,0,Foreign_Dealer_Self,0
2026-03-13,2851,0,Investment_Trust,0
2026-03-13,2851,0,Dealer_self,50602
2026-03-13,2851,0,Dealer_Hedging,0
2026-03-16,2851,833000,Foreign_Investor,281460
2026-03-16,2851,0,Foreign_Dealer_Self,0
2026-03-16,2851,5000,Investment_Trust,0
2026-03-16,2851,1000,Dealer_self,100958
2026-03-16,2851,0,Dealer_Hedging,0
2026-03-17,2851,528000,Foreign_Investor,279000
2026-03-17,2851,0,Foreign_Dealer_Self,0
2026-03-17,2851,0,Investment_Trust,0
2026-03-17,2851,15937,Dealer_self,9000
2026-03-17,2851,0,Dealer_Hedging,0
2026-03-18,2851,915000,Foreign_Investor,202000
2026-03-18,2851,0,Foreign_Dealer_Self,0
2026-03-18,2851,0,Investment_Trust,1000
2026-03-18,2851,60000,Dealer_self,0
2026-03-18,2851,0,Dealer_Hedging,0
2026-03-19,2851,1130000,Foreign_Investor,969000
2026-03-19,2851,0,Foreign_Dealer_Self,0
2026-03-19,2851,0,Investment_Trust,0
2026-03-19,2851,31000,Dealer_self,0
2026-03-19,2851,0,Dealer_Hedging,0
2026-03-20,2851,813000,Foreign_Investor,133000
2026-03-20,2851,0,Foreign_Dealer_Self,0
2026-03-20,2851,0,Investment_Trust,1000
2026-03-20,2851,2000,Dealer_self,22021
2026-03-20,2851,0,Dealer_Hedging,0
2026-03-23,2851,1815000,Foreign_Investor,147000
2026-03-23,2851,0,Foreign_Dealer_Self,0
2026-03-23,2851,0,Investment_Trust,0
2026-03-23,2851,0,Dealer_self,48341
2026-03-23,2851,0,Dealer_Hedging,0
2026-03-24,2851,1319000,Foreign_Investor,882000
2026-03-24,2851,0,Foreign_Dealer_Self,0
2026-03-24,2851,0,Investment_Trust,1000
2026-03-24,2851,6000,Dealer_self,46001
2026-03-24,2851,0,Dealer_Hedging,0
2026-03-25,2851,2165000,Foreign_Investor,250000
2026-03-25,2851,0,Foreign_Dealer_Self,0
2026-03-25,2851,0,Investment_Trust,0
2026-03-25,2851,84000,Dealer_self,30000
2026-03-25,2851,0,Dealer_Hedging,0
2026-03-26,2851,1926000,Foreign_Investor,1322000
2026-03-26,2851,0,Foreign_Dealer_Self,0
2026-03-26,2851,0,Investment_Trust,0
2026-03-26,2851,19000,Dealer_self,31000
2026-03-26,2851,0,Dealer_Hedging,0
2026-03-27,2851,1296000,Foreign_Investor,167000
2026-03-27,2851,0,Foreign_Dealer_Self,0
2026-03-27,2851,0,Investment_Trust,0
2026-03-27,2851,2000,Dealer_self,37000
2026-03-27,2851,0,Dealer_Hedging,0
2026-03-30,2851,459000,Foreign_Investor,293000
2026-03-30,2851,0,Foreign_Dealer_Self,0
2026-03-30,2851,0,Investment_Trust,0
2026-03-30,2851,4000,Dealer_self,47862
2026-03-30,2851,0,Dealer_Hedging,0
2026-03-31,2851,1031000,Foreign_Investor,288000
2026-03-31,2851,0,Foreign_Dealer_Self,0
2026-03-31,2851,0,Investment_Trust,0
2026-03-31,2851,13000,Dealer_self,5288
2026-03-31,2851,0,Dealer_Hedging,0
2026-04-01,2851,695000,Foreign_Investor,410000
2026-04-01,2851,0,Foreign_Dealer_Self,0
2026-04-01,2851,0,Investment_Trust,22000
2026-04-01,2851,51000,Dealer_self,575
2026-04-01,2851,0,Dealer_Hedging,0
2026-04-02,2851,743000,Foreign_Investor,386000
2026-04-02,2851,0,Foreign_Dealer_Self,0
2026-04-02,2851,0,Investment_Trust,0
2026-04-02,2851,3000,Dealer_self,5933
2026-04-02,2851,0,Dealer_Hedging,0
2026-04-07,2851,589000,Foreign_Investor,28000
2026-04-07,2851,0,Foreign_Dealer_Self,0
2026-04-07,2851,5000,Investment_Trust,0
2026-04-07,2851,3000,Dealer_self,6715
2026-04-07,2851,0,Dealer_Hedging,0
2026-04-08,2851,1148000,Foreign_Investor,90000
2026-04-08,2851,0,Foreign_Dealer_Self,0
2026-04-08,2851,9000,Investment_Trust,0
2026-04-08,2851,100000,Dealer_self,25000
2026-04-08,2851,0,Dealer_Hedging,0
2026-04-09,2851,439000,Foreign_Investor,373000
2026-04-09,2851,0,Foreign_Dealer_Self,0
2026-04-09,2851,12000,Investment_Trust,0
2026-04-09,2851,3000,Dealer_self,14000
2026-04-09,2851,0,Dealer_Hedging,0
2026-04-10,2851,720000,Foreign_Investor,200000
2026-04-10,2851,0,Foreign_Dealer_Self,0
2026-04-10,2851,11000,Investment_Trust,0
2026-04-10,2851,231000,Dealer_self,20000
2026-04-10,2851,0,Dealer_Hedging,0
2026-04-13,2851,877000,Foreign_Investor,314000
2026-04-13,2851,0,Foreign_Dealer_Self,0
2026-04-13,2851,6000,Investment_Trust,1000
2026-04-13,2851,1000,Dealer_self,55000
2026-04-13,2851,0,Dealer_Hedging,0
2026-04-14,2851,449000,Foreign_Investor,682000
2026-04-14,2851,0,Foreign_Dealer_Self,0
2026-04-14,2851,18000,Investment_Trust,2000
2026-04-14,2851,297000,Dealer_self,45000
2026-04-14,2851,0,Dealer_Hedging,0
2026-04-15,2851,570000,Foreign_Investor,470000
2026-04-15,2851,0,Foreign_Dealer_Self,0
2026-04-15,2851,16000,Investment_Trust,1000
2026-04-15,2851,8000,Dealer_self,42285
2026-04-15,2851,0,Dealer_Hedging,0
2026-04-16,2851,992000,Foreign_Investor,4954000
2026-04-16,2851,0,Foreign_Dealer_Self,0
2026-04-16,2851,15000,Investment_Trust,0
2026-04-16,2851,44000,Dealer_self,41000
2026-04-16,2851,0,Dealer_Hedging,0
2026-04-17,2851,1190972,Foreign_Investor,1469000
2026-04-17,2851,0,Foreign_Dealer_Self,0
2026-04-17,2851,15000,Investment_Trust,5000
2026-04-17,2851,13000,Dealer_self,23000
2026-04-17,2851,0,Dealer_Hedging,0
2026-04-20,2851,835000,Foreign_Investor,490000
2026-04-20,2851,0,Foreign_Dealer_Self,0
2026-04-20,2851,1000,Investment_Trust,5000
2026-04-20,2851,0,Dealer_self,58000
2026-04-20,2851,0,Dealer_Hedging,0
2026-04-21,2851,591000,Foreign_Investor,653000
2026-04-21,2851,0,Foreign_Dealer_Self,0
2026-04-21,2851,0,Investment_Trust,0
2026-04-21,2851,0,Dealer_self,35000
2026-04-21,2851,0,Dealer_Hedging,0
2026-04-22,2851,895492,Foreign_Investor,157000
2026-04-22,2851,0,Foreign_Dealer_Self,0
2026-04-22,2851,0,Investment_Trust,0
2026-04-22,2851,24000,Dealer_self,76000
2026-04-22,2851,0,Dealer_Hedging,0
2026-04-23,2851,743000,Foreign_Investor,819000
2026-04-23,2851,0,Foreign_Dealer_Self,0
2026-04-23,2851,0,Investment_Trust,1000
2026-04-23,2851,0,Dealer_self,43000
2026-04-23,2851,0,Dealer_Hedging,0
2026-04-24,2851,262000,Foreign_Investor,330000
2026-04-24,2851,0,Foreign_Dealer_Self,0
2026-04-24,2851,0,Investment_Trust,3000
2026-04-24,2851,2000,Dealer_self,12045
2026-04-24,2851,0,Dealer_Hedging,0
2026-04-27,2851,1139000,Foreign_Investor,156000
2026-04-27,2851,0,Foreign_Dealer_Self,0
2026-04-27,2851,0,Investment_Trust,2000
2026-04-27,2851,0,Dealer_self,23000
2026-04-27,2851,0,Dealer_Hedging,0
2026-04-28,2851,912000,Foreign_Investor,466000
2026-04-28,2851,0,Foreign_Dealer_Self,0
2026-04-28,2851,0,Investment_Trust,0
2026-04-28,2851,0,Dealer_self,0
2026-04-28,2851,0,Dealer_Hedging,0
2026-04-29,2851,193000,Foreign_Investor,386000
2026-04-29,2851,0,Foreign_Dealer_Self,0
2026-04-29,2851,0,Investment_Trust,0
2026-04-29,2851,1000,Dealer_self,2000
2026-04-29,2851,0,Dealer_Hedging,0
2026-04-30,2851,246000,Foreign_Investor,835000
2026-04-30,2851,0,Foreign_Dealer_Self,0
2026-04-30,2851,0,Investment_Trust,0
2026-04-30,2851,8000,Dealer_self,7438
2026-04-30,2851,0,Dealer_Hedging,0
2026-05-04,2851,436000,Foreign_Investor,401000
2026-05-04,2851,0,Foreign_Dealer_Self,0
2026-05-04,2851,79000,Investment_Trust,0
2026-05-04,2851,2000,Dealer_self,13000
2026-05-04,2851,10000,Dealer_Hedging,0
2026-05-05,2851,1283000,Foreign_Investor,449000
2026-05-05,2851,0,Foreign_Dealer_Self,0
2026-05-05,2851,18000,Investment_Trust,0
2026-05-05,2851,0,Dealer_self,11000
2026-05-05,2851,7000,Dealer_Hedging,7000
2026-05-06,2851,1239746,Foreign_Investor,560000
2026-05-06,2851,0,Foreign_Dealer_Self,0
2026-05-06,2851,0,Investment_Trust,0
2026-05-06,2851,41000,Dealer_self,17000
2026-05-06,2851,10000,Dealer_Hedging,0
2026-05-07,2851,415000,Foreign_Investor,711000
2026-05-07,2851,0,Foreign_Dealer_Self,0
2026-05-07,2851,0,Investment_Trust,0
2026-05-07,2851,32000,Dealer_self,39000
2026-05-07,2851,0,Dealer_Hedging,0
2026-05-08,2851,315000,Foreign_Investor,593000
2026-05-08,2851,0,Foreign_Dealer_Self,0
2026-05-08,2851,0,Investment_Trust,0
2026-05-08,2851,20000,Dealer_self,17000
2026-05-08,2851,0,Dealer_Hedging,0
2026-05-11,2851,1449000,Foreign_Investor,457000
2026-05-11,2851,0,Foreign_Dealer_Self,0
2026-05-11,2851,7000,Investment_Trust,0
2026-05-11,2851,83000,Dealer_self,42226
2026-05-11,2851,0,Dealer_Hedging,5000
2026-05-12,2851,5400000,Foreign_Investor,1119000
2026-05-12,2851,0,Foreign_Dealer_Self,0
2026-05-12,2851,10000,Investment_Trust,0
2026-05-12,2851,27141,Dealer_self,45816
2026-05-12,2851,5000,Dealer_Hedging,0
2026-05-13,2851,1177000,Foreign_Investor,1069000
2026-05-13,2851,0,Foreign_Dealer_Self,0
2026-05-13,2851,0,Investment_Trust,0
2026-05-13,2851,51000,Dealer_self,14598
2026-05-13,2851,1000,Dealer_Hedging,0
2026-05-14,2851,385000,Foreign_Investor,1716000
2026-05-14,2851,0,Foreign_Dealer_Self,0
2026-05-14,2851,0,Investment_Trust,1000
2026-05-14,2851,7000,Dealer_self,49587
2026-05-14,2851,0,Dealer_Hedging,0
2026-05-15,2851,592000,Foreign_Investor,405000
2026-05-15,2851,0,Foreign_Dealer_Self,0
2026-05-15,2851,0,Investment_Trust,0
2026-05-15,2851,2000,Dealer_self,548656
2026-05-15,2851,0,Dealer_Hedging,0
2026-05-18,2851,3786399,Foreign_Investor,841000
2026-05-18,2851,0,Foreign_Dealer_Self,0
2026-05-18,2851,0,Investment_Trust,0
2026-05-18,2851,13000,Dealer_self,8099
2026-05-18,2851,0,Dealer_Hedging,6000
2026-05-19,2851,1597000,Foreign_Investor,582000
2026-05-19,2851,0,Foreign_Dealer_Self,0
2026-05-19,2851,0,Investment_Trust,0
2026-05-19,2851,17000,Dealer_self,13000
2026-05-19,2851,15000,Dealer_Hedging,0
2026-05-20,2851,1366000,Foreign_Investor,773000
2026-05-20,2851,0,Foreign_Dealer_Self,0
2026-05-20,2851,0,Investment_Trust,0
2026-05-20,2851,17000,Dealer_self,22877
2026-05-20,2851,0,Dealer_Hedging,0
2026-05-21,2851,1259000,Foreign_Investor,744000
2026-05-21,2851,0,Foreign_Dealer_Self,0
2026-05-21,2851,0,Investment_Trust,0
2026-05-21,2851,1000,Dealer_self,32000
2026-05-21,2851,0,Dealer_Hedging,0
2026-05-22,2851,1091000,Foreign_Investor,2046200
2026-05-22,2851,0,Foreign_Dealer_Self,0
2026-05-22,2851,0,Investment_Trust,0
2026-05-22,2851,14000,Dealer_self,24352
2026-05-22,2851,3000,Dealer_Hedging,0
2026-05-25,2851,696000,Foreign_Investor,412100
2026-05-25,2851,0,Foreign_Dealer_Self,0
2026-05-25,2851,0,Investment_Trust,0
2026-05-25,2851,15000,Dealer_self,14265
2026-05-25,2851,0,Dealer_Hedging,0
2026-05-26,2851,340000,Foreign_Investor,423050
2026-05-26,2851,0,Foreign_Dealer_Self,0
2026-05-26,2851,0,Investment_Trust,0
2026-05-26,2851,8000,Dealer_self,22869
2026-05-26,2851,0,Dealer_Hedging,0
2026-05-27,2851,2098000,Foreign_Investor,189000
2026-05-27,2851,0,Foreign_Dealer_Self,0
2026-05-27,2851,0,Investment_Trust,0
2026-05-27,2851,19000,Dealer_self,19000
2026-05-27,2851,0,Dealer_Hedging,0
2026-05-28,2851,1720000,Foreign_Investor,192000
2026-05-28,2851,0,Foreign_Dealer_Self,0
2026-05-28,2851,0,Investment_Trust,0
2026-05-28,2851,15000,Dealer_self,26423
2026-05-28,2851,0,Dealer_Hedging,0
2026-05-29,2851,625000,Foreign_Investor,809058
2026-05-29,2851,0,Foreign_Dealer_Self,0
2026-05-29,2851,0,Investment_Trust,0
2026-05-29,2851,7000,Dealer_self,4000
2026-05-29,2851,0,Dealer_Hedging,0
2026-06-01,2851,1207399,Foreign_Investor,452185
2026-06-01,2851,0,Foreign_Dealer_Self,0
2026-06-01,2851,0,Investment_Trust,487000
2026-06-01,2851,4000,Dealer_self,21025
2026-06-01,2851,0,Dealer_Hedging,0
2026-06-02,2851,521372,Foreign_Investor,384746
2026-06-02,2851,0,Foreign_Dealer_Self,0
2026-06-02,2851,0,Investment_Trust,163000
2026-06-02,2851,2000,Dealer_self,13000
2026-06-02,2851,0,Dealer_Hedging,0
2026-06-03,2851,1326593,Foreign_Investor,409103
2026-06-03,2851,0,Foreign_Dealer_Self,0
2026-06-03,2851,0,Investment_Trust,0
2026-06-03,2851,6000,Dealer_self,36315
2026-06-03,2851,0,Dealer_Hedging,5000
2026-06-04,2851,717036,Foreign_Investor,112000
2026-06-04,2851,0,Foreign_Dealer_Self,0
2026-06-04,2851,0,Investment_Trust,0
2026-06-04,2851,15000,Dealer_self,17000
2026-06-04,2851,0,Dealer_Hedging,0
2026-06-05,2851,632000,Foreign_Investor,367000
2026-06-05,2851,0,Foreign_Dealer_Self,0
2026-06-05,2851,0,Investment_Trust,0
2026-06-05,2851,25000,Dealer_self,55000
2026-06-05,2851,0,Dealer_Hedging,0
2026-06-08,2851,952050,Foreign_Investor,1112207
2026-06-08,2851,0,Foreign_Dealer_Self,0
2026-06-08,2851,0,Investment_Trust,0
2026-06-08,2851,15000,Dealer_self,26416
2026-06-08,2851,5000,Dealer_Hedging,10000
2026-06-09,2851,1704402,Foreign_Investor,794115
2026-06-09,2851,0,Foreign_Dealer_Self,0
2026-06-09,2851,0,Investment_Trust,0
2026-06-09,2851,6000,Dealer_self,41006
2026-06-09,2851,0,Dealer_Hedging,3000
2026-06-10,2851,0,Foreign_Dealer_Self,0
2026-06-10,2851,0,Investment_Trust,0
2026-06-10,2851,0,Dealer_Hedging,0
2026-06-10,2851,365000,Foreign_Investor,521364
2026-06-10,2851,31000,Dealer_self,44415
2026-06-11,2851,448528,Foreign_Investor,477384
2026-06-11,2851,0,Foreign_Dealer_Self,0
2026-06-11,2851,0,Investment_Trust,0
2026-06-11,2851,28000,Dealer_self,17095
2026-06-11,2851,0,Dealer_Hedging,0
2026-06-12,2851,0,Foreign_Dealer_Self,0
2026-06-12,2851,0,Investment_Trust,0
2026-06-12,2851,0,Dealer_Hedging,0
2026-06-12,2851,602000,Foreign_Investor,611462
2026-06-12,2851,3000,Dealer_self,27000
2026-06-15,2851,1161286,Foreign_Investor,1269499
2026-06-15,2851,0,Foreign_Dealer_Self,0
2026-06-15,2851,0,Investment_Trust,0
2026-06-15,2851,14000,Dealer_self,32000
2026-06-15,2851,0,Dealer_Hedging,0
2026-06-16,2851,2689807,Foreign_Investor,842417
2026-06-16,2851,0,Foreign_Dealer_Self,0
2026-06-16,2851,0,Investment_Trust,0
2026-06-16,2851,4000,Dealer_self,59000
2026-06-16,2851,1000,Dealer_Hedging,0
