date,stock_id,buy,name,sell
2024-05-21,2881,5268440,Foreign_Investor,6686614
2024-05-21,2881,0,Foreign_Dealer_Self,0
2024-05-21,2881,5000,Dealer_self,435000
2024-05-21,2881,113000,Dealer_Hedging,194000
2024-05-21,2881,40000,Investment_Trust,157600
2024-05-22,2881,6593016,Foreign_Investor,4083331
2024-05-22,2881,0,Foreign_Dealer_Self,0
2024-05-22,2881,39000,Investment_Trust,11767
2024-05-22,2881,27000,Dealer_self,47000
2024-05-22,2881,105000,Dealer_Hedging,66000
2024-05-23,2881,4924160,Foreign_Investor,4152259
2024-05-23,2881,0,Foreign_Dealer_Self,0
2024-05-23,2881,343000,Investment_Trust,50566
2024-05-23,2881,10000,Dealer_self,456000
2024-05-23,2881,115000,Dealer_Hedging,122000
2024-05-24,2881,13437391,Foreign_Investor,6257120
2024-05-24,2881,0,Foreign_Dealer_Self,0
2024-05-24,2881,150997,Dealer_self,183000
2024-05-24,2881,472000,Dealer_Hedging,191000
2024-05-24,2881,1440000,Investment_Trust,274669
2024-05-27,2881,6491229,Foreign_Investor,5703200
2024-05-27,2881,0,Foreign_Dealer_Self,0
2024-05-27,2881,59000,Investment_Trust,92078
2024-05-27,2881,83000,Dealer_self,171000
2024-05-27,2881,377000,Dealer_Hedging,283000
2024-05-28,2881,0,Foreign_Dealer_Self,0
2024-05-28,2881,49000,Investment_Trust,28474
2024-05-28,2881,151000,Dealer_self,40000
2024-05-28,2881,196000,Dealer_Hedging,172999
2024-05-28,2881,5996600,Foreign_Investor,3752292
2024-05-29,2881,10488572,Foreign_Investor,17259600
2024-05-29,2881,0,Foreign_Dealer_Self,0
2024-05-29,2881,626000,Investment_Trust,64316
2024-05-29,2881,124000,Dealer_self,197100
2024-05-29,2881,82000,Dealer_Hedging,342246
2024-05-30,2881,0,Foreign_Dealer_Self,0
2024-05-30,2881,0,Dealer_self,0
2024-05-30,2881,129000,Dealer_Hedging,139825
2024-05-30,2881,15870300,Foreign_Investor,17962736
2024-05-30,2881,681000,Investment_Trust,12000
2024-05-31,2881,0,Foreign_Dealer_Self,0
2024-05-31,2881,878000,Investment_Trust,26053
2024-05-31,2881,68100,Dealer_self,35000
2024-05-31,2881,402000,Dealer_Hedging,81000
2024-05-31,2881,29550028,Foreign_Investor,22289242
2024-06-03,2881,4578340,Foreign_Investor,3277046
2024-06-03,2881,0,Foreign_Dealer_Self,0
2024-06-03,2881,625000,Investment_Trust,68000
2024-06-03,2881,305000,Dealer_self,0
2024-06-03,2881,248000,Dealer_Hedging,190000
2024-06-04,2881,6243073,Foreign_Investor,7821984
2024-06-04,2881,0,Foreign_Dealer_Self,0
2024-06-04,2881,500000,Investment_Trust,0
2024-06-04,2881,10000,Dealer_self,236000
2024-06-04,2881,70000,Dealer_Hedging,296000
2024-06-05,2881,0,Foreign_Dealer_Self,0
2024-06-05,2881,127000,Investment_Trust,0
2024-06-05,2881,79316,Dealer_self,217000
2024-06-05,2881,285425,Dealer_Hedging,144000
2024-06-05,2881,9619419,Foreign_Investor,7689000
2024-06-06,2881,12519900,Foreign_Investor,3234104
2024-06-06,2881,0,Foreign_Dealer_Self,0
2024-06-06,2881,103037,Dealer_self,219000
2024-06-06,2881,358672,Dealer_Hedging,264000
2024-06-06,2881,353000,Investment_Trust,112889
2024-06-07,2881,10140860,Foreign_Investor,4764477
2024-06-07,2881,0,Foreign_Dealer_Self,0
2024-06-07,2881,20000,Investment_Trust,8172
2024-06-07,2881,60307,Dealer_self,356000
2024-06-07,2881,458732,Dealer_Hedging,292000
2024-06-11,2881,15259077,Foreign_Investor,9737834
2024-06-11,2881,0,Foreign_Dealer_Self,0
2024-06-11,2881,21000,Investment_Trust,2353
2024-06-11,2881,132000,Dealer_self,654000
2024-06-11,2881,533857,Dealer_Hedging,544000
2024-06-12,2881,4826292,Foreign_Investor,7167315
2024-06-12,2881,0,Foreign_Dealer_Self,0
2024-06-12,2881,407367,Investment_Trust,800353
2024-06-12,2881,9000,Dealer_self,158000
2024-06-12,2881,89000,Dealer_Hedging,363000
2024-06-13,2881,4263092,Foreign_Investor,3096962
2024-06-13,2881,0,Foreign_Dealer_Self,0
2024-06-13,2881,65819,Investment_Trust,1602015
2024-06-13,2881,58000,Dealer_self,610000
2024-06-13,2881,86998,Dealer_Hedging,139000
2024-06-14,2881,8702040,Foreign_Investor,2451840
2024-06-14,2881,0,Foreign_Dealer_Self,0
2024-06-14,2881,293000,Investment_Trust,2725000
2024-06-14,2881,2000,Dealer_self,101000
2024-06-14,2881,148726,Dealer_Hedging,44997
2024-06-17,2881,2924108,Foreign_Investor,4336000
2024-06-17,2881,0,Foreign_Dealer_Self,0
2024-06-17,2881,66000,Investment_Trust,2442791
2024-06-17,2881,14000,Dealer_self,61180
2024-06-17,2881,99000,Dealer_Hedging,178364
2024-06-18,2881,8280472,Foreign_Investor,2193136
2024-06-18,2881,0,Foreign_Dealer_Self,0
2024-06-18,2881,109507,Investment_Trust,1247177
2024-06-18,2881,87000,Dealer_self,70000
2024-06-18,2881,321000,Dealer_Hedging,101000
2024-06-19,2881,11922215,Foreign_Investor,2135824
2024-06-19,2881,0,Foreign_Dealer_Self,0
2024-06-19,2881,441264,Investment_Trust,4707
2024-06-19,2881,805000,Dealer_self,362000
2024-06-19,2881,450922,Dealer_Hedging,361000
2024-06-20,2881,6449099,Foreign_Investor,2677325
2024-06-20,2881,0,Foreign_Dealer_Self,0
2024-06-20,2881,212188,Investment_Trust,2401000
2024-06-20,2881,601000,Dealer_self,0
2024-06-20,2881,292000,Dealer_Hedging,251000
2024-06-21,2881,0,Foreign_Dealer_Self,0
2024-06-21,2881,10000,Investment_Trust,2397177
2024-06-21,2881,122993,Dealer_self,8000
2024-06-21,2881,268000,Dealer_Hedging,224000
2024-06-21,2881,22460220,Foreign_Investor,11708838
2024-06-24,2881,13415550,Foreign_Investor,5943591
2024-06-24,2881,0,Foreign_Dealer_Self,0
2024-06-24,2881,16000,Dealer_self,11000
2024-06-24,2881,47000,Dealer_Hedging,301000
2024-06-24,2881,377767,Investment_Trust,1329200
2024-06-25,2881,10344459,Foreign_Investor,4675700
2024-06-25,2881,0,Foreign_Dealer_Self,0
2024-06-25,2881,152385,Investment_Trust,0
2024-06-25,2881,2000,Dealer_self,20000
2024-06-25,2881,45000,Dealer_Hedging,99000
2024-06-26,2881,11003269,Foreign_Investor,11791627
2024-06-26,2881,0,Foreign_Dealer_Self,0
2024-06-26,2881,74385,Investment_Trust,10000
2024-06-26,2881,146000,Dealer_self,68379
2024-06-26,2881,168000,Dealer_Hedging,34000
2024-06-27,2881,0,Foreign_Dealer_Self,0
2024-06-27,2881,45692,Investment_Trust,0
2024-06-27,2881,103805,Dealer_self,129000
2024-06-27,2881,163000,Dealer_Hedging,70000
2024-06-27,2881,9949546,Foreign_Investor,7280888
2024-06-28,2881,0,Foreign_Dealer_Self,0
2024-06-28,2881,93077,Investment_Trust,0
2024-06-28,2881,466300,Dealer_self,106000
2024-06-28,2881,515432,Dealer_Hedging,164000
2024-06-28,2881,27387927,Foreign_Investor,17819444
2024-07-01,2881,0,Foreign_Dealer_Self,0
2024-07-01,2881,852692,Investment_Trust,2353
2024-07-01,2881,200425,Dealer_self,62000
2024-07-01,2881,415000,Dealer_Hedging,277002
2024-07-01,2881,9573295,Foreign_Investor,6752599
2024-07-02,2881,9502687,Foreign_Investor,10370205
2024-07-02,2881,0,Foreign_Dealer_Self,0
2024-07-02,2881,32769,Investment_Trust,4707
2024-07-02,2881,56133,Dealer_self,4000
2024-07-02,2881,315000,Dealer_Hedging,424000
2024-07-03,2881,18885684,Foreign_Investor,3632250
2024-07-03,2881,0,Foreign_Dealer_Self,0
2024-07-03,2881,1401881,Investment_Trust,159413
2024-07-03,2881,583241,Dealer_self,12000
2024-07-03,2881,808997,Dealer_Hedging,418000
2024-07-04,2881,8059492,Foreign_Investor,7612223
2024-07-04,2881,0,Foreign_Dealer_Self,0
2024-07-04,2881,891436,Investment_Trust,235883
2024-07-04,2881,472958,Dealer_self,54000
2024-07-04,2881,196219,Dealer_Hedging,670000
2024-07-05,2881,0,Foreign_Dealer_Self,0
2024-07-05,2881,108434,Investment_Trust,4707
2024-07-05,2881,72996,Dealer_self,4000
2024-07-05,2881,252000,Dealer_Hedging,407000
2024-07-05,2881,10831411,Foreign_Investor,7939000
2024-07-08,2881,10289425,Foreign_Investor,6882920
2024-07-08,2881,0,Foreign_Dealer_Self,0
2024-07-08,2881,1107000,Investment_Trust,101128
2024-07-08,2881,147196,Dealer_self,147000
2024-07-08,2881,553984,Dealer_Hedging,290000
2024-07-09,2881,8521100,Foreign_Investor,7324000
2024-07-09,2881,0,Foreign_Dealer_Self,0
2024-07-09,2881,795000,Investment_Trust,19849
2024-07-09,2881,43998,Dealer_self,19000
2024-07-09,2881,292000,Dealer_Hedging,271000
2024-07-10,2881,18394706,Foreign_Investor,17847550
2024-07-10,2881,0,Foreign_Dealer_Self,0
2024-07-10,2881,353000,Investment_Trust,119000
2024-07-10,2881,634261,Dealer_self,225000
2024-07-10,2881,479990,Dealer_Hedging,291000
2024-07-11,2881,25581590,Foreign_Investor,16992325
2024-07-11,2881,0,Foreign_Dealer_Self,0
2024-07-11,2881,895000,Investment_Trust,0
2024-07-11,2881,955586,Dealer_self,467000
2024-07-11,2881,990443,Dealer_Hedging,583000
2024-07-12,2881,19764263,Foreign_Investor,18175250
2024-07-12,2881,0,Foreign_Dealer_Self,0
2024-07-12,2881,244370,Investment_Trust,16000
2024-07-12,2881,529402,Dealer_self,444429
2024-07-12,2881,225995,Dealer_Hedging,721436
2024-07-15,2881,20040647,Foreign_Investor,8572732
2024-07-15,2881,0,Foreign_Dealer_Self,0
2024-07-15,2881,34458,Investment_Trust,1062000
2024-07-15,2881,370000,Dealer_self,236767
2024-07-15,2881,79230,Dealer_Hedging,286460
2024-07-16,2881,0,Foreign_Dealer_Self,0
2024-07-16,2881,8107090,Investment_Trust,2000
2024-07-16,2881,181819,Dealer_self,250000
2024-07-16,2881,146000,Dealer_Hedging,124052
2024-07-16,2881,12115859,Foreign_Investor,12415161
2024-07-17,2881,0,Foreign_Dealer_Self,0
2024-07-17,2881,6057359,Investment_Trust,18000
2024-07-17,2881,721000,Dealer_self,222068
2024-07-17,2881,159999,Dealer_Hedging,476471
2024-07-17,2881,14093010,Foreign_Investor,20111498
2024-07-18,2881,16580587,Foreign_Investor,12869970
2024-07-18,2881,0,Foreign_Dealer_Self,0
2024-07-18,2881,6644914,Investment_Trust,50000
2024-07-18,2881,892000,Dealer_self,530220
2024-07-18,2881,473000,Dealer_Hedging,422581
2024-07-19,2881,23871663,Foreign_Investor,15051720
2024-07-19,2881,0,Foreign_Dealer_Self,0
2024-07-19,2881,3676000,Investment_Trust,1062000
2024-07-19,2881,1000000,Dealer_self,287230
2024-07-19,2881,341000,Dealer_Hedging,312495
2024-07-22,2881,0,Foreign_Dealer_Self,0
2024-07-22,2881,3153305,Investment_Trust,2459000
2024-07-22,2881,1522000,Dealer_self,707780
2024-07-22,2881,339997,Dealer_Hedging,165713
2024-07-22,2881,21296613,Foreign_Investor,8346717
2024-07-23,2881,11717933,Foreign_Investor,4581000
2024-07-23,2881,0,Foreign_Dealer_Self,0
2024-07-23,2881,807604,Investment_Trust,1061000
2024-07-23,2881,333000,Dealer_self,63737
2024-07-23,2881,372759,Dealer_Hedging,156000
2024-07-26,2881,10243882,Foreign_Investor,8884835
2024-07-26,2881,0,Foreign_Dealer_Self,0
2024-07-26,2881,320836,Investment_Trust,52000
2024-07-26,2881,99000,Dealer_self,746999
2024-07-26,2881,140188,Dealer_Hedging,177802
2024-07-29,2881,0,Foreign_Dealer_Self,0
2024-07-29,2881,4382000,Investment_Trust,0
2024-07-29,2881,97415,Dealer_self,6419
2024-07-29,2881,756168,Dealer_Hedging,169000
2024-07-29,2881,12067112,Foreign_Investor,11973709
2024-07-30,2881,5161840,Foreign_Investor,8589000
2024-07-30,2881,0,Foreign_Dealer_Self,0
2024-07-30,2881,1110000,Investment_Trust,0
2024-07-30,2881,193000,Dealer_self,211335
2024-07-30,2881,69000,Dealer_Hedging,379151
2024-07-31,2881,0,Foreign_Dealer_Self,0
2024-07-31,2881,1039514,Investment_Trust,15000
2024-07-31,2881,81432,Dealer_self,41000
2024-07-31,2881,671216,Dealer_Hedging,49000
2024-07-31,2881,12653329,Foreign_Investor,8354767
2024-08-01,2881,11653715,Foreign_Investor,8800950
2024-08-01,2881,0,Foreign_Dealer_Self,0
2024-08-01,2881,181999,Dealer_self,564122
2024-08-01,2881,104000,Dealer_Hedging,1088803
2024-08-01,2881,1795541,Investment_Trust,0
2024-08-02,2881,10920605,Foreign_Investor,8910861
2024-08-02,2881,0,Foreign_Dealer_Self,0
2024-08-02,2881,749039,Investment_Trust,16000
2024-08-02,2881,428000,Dealer_self,1354845
2024-08-02,2881,230000,Dealer_Hedging,285925
2024-08-05,2881,0,Foreign_Dealer_Self,0
2024-08-05,2881,2427087,Investment_Trust,23000
2024-08-05,2881,721915,Dealer_self,3869229
2024-08-05,2881,444000,Dealer_Hedging,992500
2024-08-05,2881,20391097,Foreign_Investor,21675650
2024-08-06,2881,17579113,Foreign_Investor,13172693
2024-08-06,2881,0,Foreign_Dealer_Self,0
2024-08-06,2881,2087034,Investment_Trust,2020000
2024-08-06,2881,993114,Dealer_self,802713
2024-08-06,2881,600995,Dealer_Hedging,520894
2024-08-07,2881,8953305,Foreign_Investor,11440967
2024-08-07,2881,0,Foreign_Dealer_Self,0
2024-08-07,2881,1702261,Investment_Trust,13078
2024-08-07,2881,287124,Dealer_self,438958
2024-08-07,2881,332000,Dealer_Hedging,31000
2024-08-08,2881,13030468,Foreign_Investor,8512553
2024-08-08,2881,0,Foreign_Dealer_Self,0
2024-08-08,2881,868631,Investment_Trust,14257
2024-08-08,2881,323116,Dealer_self,941340
2024-08-08,2881,194249,Dealer_Hedging,215010
2024-08-09,2881,13424285,Foreign_Investor,9823572
2024-08-09,2881,0,Foreign_Dealer_Self,0
2024-08-09,2881,731631,Investment_Trust,19230
2024-08-09,2881,577289,Dealer_self,1159149
2024-08-09,2881,614558,Dealer_Hedging,285000
2024-08-12,2881,4601153,Foreign_Investor,8251978
2024-08-12,2881,0,Foreign_Dealer_Self,0
2024-08-12,2881,734631,Investment_Trust,7539
2024-08-12,2881,152000,Dealer_self,658118
2024-08-12,2881,119998,Dealer_Hedging,434999
2024-08-13,2881,5931100,Foreign_Investor,4195456
2024-08-13,2881,0,Foreign_Dealer_Self,0
2024-08-13,2881,1220739,Investment_Trust,0
2024-08-13,2881,177487,Dealer_self,148000
2024-08-13,2881,100000,Dealer_Hedging,109000
2024-08-14,2881,17509100,Foreign_Investor,6661533
2024-08-14,2881,0,Foreign_Dealer_Self,0
2024-08-14,2881,584000,Investment_Trust,344718
2024-08-14,2881,318340,Dealer_self,418000
2024-08-14,2881,244283,Dealer_Hedging,180000
2024-08-15,2881,8210586,Foreign_Investor,6675410
2024-08-15,2881,0,Foreign_Dealer_Self,0
2024-08-15,2881,147631,Investment_Trust,735000
2024-08-15,2881,608891,Dealer_self,677000
2024-08-15,2881,60000,Dealer_Hedging,276000
2024-08-16,2881,0,Foreign_Dealer_Self,0
2024-08-16,2881,1067672,Investment_Trust,30000
2024-08-16,2881,1364817,Dealer_self,761000
2024-08-16,2881,863350,Dealer_Hedging,241555
2024-08-16,2881,32147788,Foreign_Investor,5875524
2024-08-19,2881,5456620,Foreign_Investor,14680390
2024-08-19,2881,0,Foreign_Dealer_Self,0
2024-08-19,2881,912962,Investment_Trust,97814
2024-08-19,2881,205000,Dealer_self,480250
2024-08-19,2881,119000,Dealer_Hedging,440390
2024-08-20,2881,5795081,Foreign_Investor,5955589
2024-08-20,2881,0,Foreign_Dealer_Self,0
2024-08-20,2881,167560,Investment_Trust,235371
2024-08-20,2881,130000,Dealer_self,93991
2024-08-20,2881,123000,Dealer_Hedging,289188
2024-08-21,2881,0,Foreign_Dealer_Self,0
2024-08-21,2881,378287,Investment_Trust,55185
2024-08-21,2881,19000,Dealer_self,303794
2024-08-21,2881,55000,Dealer_Hedging,429234
2024-08-21,2881,6080552,Foreign_Investor,3757687
2024-08-22,2881,6023150,Foreign_Investor,7139983
2024-08-22,2881,0,Foreign_Dealer_Self,0
2024-08-22,2881,272548,Investment_Trust,1185
2024-08-22,2881,130000,Dealer_self,454364
2024-08-22,2881,42000,Dealer_Hedging,240561
2024-08-23,2881,6299000,Foreign_Investor,1975123
2024-08-23,2881,0,Foreign_Dealer_Self,0
2024-08-23,2881,383000,Investment_Trust,8185
2024-08-23,2881,341490,Dealer_self,271304
2024-08-23,2881,162587,Dealer_Hedging,19000
2024-08-26,2881,19547016,Foreign_Investor,4887626
2024-08-26,2881,0,Foreign_Dealer_Self,0
2024-08-26,2881,296500,Investment_Trust,1185
2024-08-26,2881,935569,Dealer_self,234000
2024-08-26,2881,653941,Dealer_Hedging,115000
2024-08-27,2881,12580286,Foreign_Investor,6695175
2024-08-27,2881,0,Foreign_Dealer_Self,0
2024-08-27,2881,443250,Investment_Trust,1185
2024-08-27,2881,201830,Dealer_self,385000
2024-08-27,2881,71998,Dealer_Hedging,854998
2024-08-28,2881,6569600,Foreign_Investor,4497780
2024-08-28,2881,0,Foreign_Dealer_Self,0
2024-08-28,2881,289000,Investment_Trust,1185
2024-08-28,2881,145000,Dealer_self,204000
2024-08-28,2881,134455,Dealer_Hedging,160999
2024-08-29,2881,6193752,Foreign_Investor,6151744
2024-08-29,2881,0,Foreign_Dealer_Self,0
2024-08-29,2881,349250,Investment_Trust,0
2024-08-29,2881,50000,Dealer_self,198000
2024-08-29,2881,72653,Dealer_Hedging,79000
2024-08-30,2881,22600433,Foreign_Investor,16533944
2024-08-30,2881,0,Foreign_Dealer_Self,0
2024-08-30,2881,1496100,Investment_Trust,0
2024-08-30,2881,379000,Dealer_self,46000
2024-08-30,2881,38999,Dealer_Hedging,139490
2024-09-02,2881,21207621,Foreign_Investor,5138280
2024-09-02,2881,0,Foreign_Dealer_Self,0
2024-09-02,2881,387754,Investment_Trust,6371
2024-09-02,2881,864245,Dealer_self,193000
2024-09-02,2881,302959,Dealer_Hedging,79000
2024-09-03,2881,6314300,Foreign_Investor,6974930
2024-09-03,2881,0,Foreign_Dealer_Self,0
2024-09-03,2881,357768,Investment_Trust,0
2024-09-03,2881,55000,Dealer_self,268000
2024-09-03,2881,54000,Dealer_Hedging,177961
2024-09-04,2881,13844904,Foreign_Investor,18267695
2024-09-04,2881,0,Foreign_Dealer_Self,0
2024-09-04,2881,1294616,Investment_Trust,0
2024-09-04,2881,1320000,Dealer_self,2739563
2024-09-04,2881,257000,Dealer_Hedging,496259
2024-09-05,2881,18207590,Foreign_Investor,9116282
2024-09-05,2881,0,Foreign_Dealer_Self,0
2024-09-05,2881,676617,Investment_Trust,422938
2024-09-05,2881,304000,Dealer_self,1363691
2024-09-05,2881,214248,Dealer_Hedging,170697
2024-09-06,2881,0,Foreign_Dealer_Self,0
2024-09-06,2881,693105,Investment_Trust,4185
2024-09-06,2881,386000,Dealer_self,596998
2024-09-06,2881,351120,Dealer_Hedging,298016
2024-09-06,2881,8534716,Foreign_Investor,6160616
2024-09-09,2881,4410441,Foreign_Investor,26382801
2024-09-09,2881,0,Foreign_Dealer_Self,0
2024-09-09,2881,960003,Investment_Trust,2371
2024-09-09,2881,782000,Dealer_self,830389
2024-09-09,2881,367000,Dealer_Hedging,699856
2024-09-10,2881,13482720,Foreign_Investor,6073836
2024-09-10,2881,0,Foreign_Dealer_Self,0
2024-09-10,2881,342070,Investment_Trust,2489
2024-09-10,2881,382000,Dealer_self,517678
2024-09-10,2881,143210,Dealer_Hedging,184494
2024-09-11,2881,7212328,Foreign_Investor,10312052
2024-09-11,2881,0,Foreign_Dealer_Self,0
2024-09-11,2881,952014,Investment_Trust,0
2024-09-11,2881,641000,Dealer_self,618607
2024-09-11,2881,104000,Dealer_Hedging,329838
2024-09-12,2881,8243000,Foreign_Investor,8269657
2024-09-12,2881,0,Foreign_Dealer_Self,0
2024-09-12,2881,155009,Investment_Trust,23489
2024-09-12,2881,504000,Dealer_self,193506
2024-09-12,2881,249000,Dealer_Hedging,36000
2024-09-13,2881,7503841,Foreign_Investor,5993955
2024-09-13,2881,0,Foreign_Dealer_Self,0
2024-09-13,2881,238027,Investment_Trust,0
2024-09-13,2881,65000,Dealer_self,156669
2024-09-13,2881,78015,Dealer_Hedging,155000
2024-09-16,2881,5121168,Foreign_Investor,3581000
2024-09-16,2881,0,Foreign_Dealer_Self,0
2024-09-16,2881,359966,Investment_Trust,1245
2024-09-16,2881,100000,Dealer_self,112877
2024-09-16,2881,11000,Dealer_Hedging,77882
2024-09-18,2881,12052732,Foreign_Investor,8342843
2024-09-18,2881,0,Foreign_Dealer_Self,0
2024-09-18,2881,494818,Investment_Trust,0
2024-09-18,2881,269000,Dealer_self,398900
2024-09-18,2881,289999,Dealer_Hedging,741244
2024-09-19,2881,16053700,Foreign_Investor,5895173
2024-09-19,2881,0,Foreign_Dealer_Self,0
2024-09-19,2881,349460,Investment_Trust,0
2024-09-19,2881,1120151,Dealer_self,137600
2024-09-19,2881,597520,Dealer_Hedging,297998
2024-09-20,2881,22337587,Foreign_Investor,14409338
2024-09-20,2881,0,Foreign_Dealer_Self,0
2024-09-20,2881,3138014,Investment_Trust,9000
2024-09-20,2881,483000,Dealer_self,241200
2024-09-20,2881,210000,Dealer_Hedging,598999
2024-09-23,2881,15331607,Foreign_Investor,8105065
2024-09-23,2881,0,Foreign_Dealer_Self,0
2024-09-23,2881,728000,Investment_Trust,11000
2024-09-23,2881,725650,Dealer_self,28100
2024-09-23,2881,230411,Dealer_Hedging,98000
2024-09-24,2881,12827280,Foreign_Investor,4541305
2024-09-24,2881,0,Foreign_Dealer_Self,0
2024-09-24,2881,564000,Investment_Trust,60321
2024-09-24,2881,528011,Dealer_self,242074
2024-09-24,2881,185995,Dealer_Hedging,175000
2024-09-25,2881,17626390,Foreign_Investor,9144155
2024-09-25,2881,0,Foreign_Dealer_Self,0
2024-09-25,2881,756000,Investment_Trust,9193
2024-09-25,2881,935998,Dealer_self,165000
2024-09-25,2881,109984,Dealer_Hedging,121000
2024-09-26,2881,9381824,Foreign_Investor,6709011
2024-09-26,2881,0,Foreign_Dealer_Self,0
2024-09-26,2881,102000,Investment_Trust,4077
2024-09-26,2881,629048,Dealer_self,434000
2024-09-26,2881,117500,Dealer_Hedging,150245
2024-09-27,2881,11171837,Foreign_Investor,9534764
2024-09-27,2881,0,Foreign_Dealer_Self,0
2024-09-27,2881,130000,Investment_Trust,11128
2024-09-27,2881,284000,Dealer_self,649837
2024-09-27,2881,64000,Dealer_Hedging,209956
2024-09-30,2881,17287023,Foreign_Investor,9563482
2024-09-30,2881,0,Foreign_Dealer_Self,0
2024-09-30,2881,192000,Investment_Trust,481384
2024-09-30,2881,490000,Dealer_self,232154
2024-09-30,2881,56000,Dealer_Hedging,216938
2024-10-01,2881,8442422,Foreign_Investor,11901001
2024-10-01,2881,0,Foreign_Dealer_Self,0
2024-10-01,2881,358000,Investment_Trust,43060
2024-10-01,2881,137000,Dealer_self,229011
2024-10-01,2881,195000,Dealer_Hedging,77888
2024-10-04,2881,0,Foreign_Dealer_Self,0
2024-10-04,2881,226000,Investment_Trust,195321
2024-10-04,2881,115000,Dealer_self,581688
2024-10-04,2881,236998,Dealer_Hedging,59000
2024-10-04,2881,11226343,Foreign_Investor,12931390
2024-10-07,2881,0,Foreign_Dealer_Self,0
2024-10-07,2881,626539,Investment_Trust,0
2024-10-07,2881,687633,Dealer_self,135243
2024-10-07,2881,398233,Dealer_Hedging,50000
2024-10-07,2881,8489613,Foreign_Investor,8196000
2024-10-08,2881,0,Foreign_Dealer_Self,0
2024-10-08,2881,1575899,Investment_Trust,7128
2024-10-08,2881,85000,Dealer_self,318041
2024-10-08,2881,115000,Dealer_Hedging,290000
2024-10-08,2881,10305625,Foreign_Investor,13602707
2024-10-09,2881,8640749,Foreign_Investor,9934847
2024-10-09,2881,0,Foreign_Dealer_Self,0
2024-10-09,2881,36479,Investment_Trust,30064
2024-10-09,2881,66000,Dealer_self,545000
2024-10-09,2881,109000,Dealer_Hedging,87000
2024-10-11,2881,4483986,Foreign_Investor,5824000
2024-10-11,2881,0,Foreign_Dealer_Self,0
2024-10-11,2881,96575,Investment_Trust,3064
2024-10-11,2881,116000,Dealer_self,77553
2024-10-11,2881,135000,Dealer_Hedging,41999
2024-10-14,2881,4379847,Foreign_Investor,3480150
2024-10-14,2881,0,Foreign_Dealer_Self,0
2024-10-14,2881,297671,Investment_Trust,3064
2024-10-14,2881,146000,Dealer_self,172404
2024-10-14,2881,91000,Dealer_Hedging,59822
2024-10-15,2881,13355454,Foreign_Investor,3783802
2024-10-15,2881,0,Foreign_Dealer_Self,0
2024-10-15,2881,288288,Investment_Trust,133040
2024-10-15,2881,469456,Dealer_self,29250
2024-10-15,2881,267000,Dealer_Hedging,151000
2024-10-16,2881,6312144,Foreign_Investor,12391856
2024-10-16,2881,0,Foreign_Dealer_Self,0
2024-10-16,2881,413096,Investment_Trust,3304385
2024-10-16,2881,1260000,Dealer_self,420768
2024-10-16,2881,806000,Dealer_Hedging,658175
2024-10-17,2881,9270047,Foreign_Investor,4597475
2024-10-17,2881,0,Foreign_Dealer_Self,0
2024-10-17,2881,670192,Investment_Trust,887050
2024-10-17,2881,541940,Dealer_self,143850
2024-10-17,2881,406971,Dealer_Hedging,34000
2024-10-18,2881,30851956,Foreign_Investor,4130914
2024-10-18,2881,0,Foreign_Dealer_Self,0
2024-10-18,2881,53000,Investment_Trust,1151128
2024-10-18,2881,1197278,Dealer_self,352000
2024-10-18,2881,402998,Dealer_Hedging,44200
2024-10-21,2881,5351948,Foreign_Investor,21498448
2024-10-21,2881,0,Foreign_Dealer_Self,0
2024-10-21,2881,1169629,Investment_Trust,1471064
2024-10-21,2881,601000,Dealer_self,703386
2024-10-21,2881,173000,Dealer_Hedging,338360
2024-10-22,2881,22308100,Foreign_Investor,5118827
2024-10-22,2881,0,Foreign_Dealer_Self,0
2024-10-22,2881,3584232,Investment_Trust,1201064
2024-10-22,2881,252373,Dealer_self,175000
2024-10-22,2881,282913,Dealer_Hedging,135000
2024-10-23,2881,4992200,Foreign_Investor,5447350
2024-10-23,2881,0,Foreign_Dealer_Self,0
2024-10-23,2881,536246,Investment_Trust,298921
2024-10-23,2881,19000,Dealer_self,737000
2024-10-23,2881,29000,Dealer_Hedging,246000
2024-10-24,2881,5585650,Foreign_Investor,6667584
2024-10-24,2881,0,Foreign_Dealer_Self,0
2024-10-24,2881,478814,Investment_Trust,10064
2024-10-24,2881,33221,Dealer_self,585000
2024-10-24,2881,4000,Dealer_Hedging,185550
2024-10-25,2881,4492165,Foreign_Investor,2286792
2024-10-25,2881,0,Foreign_Dealer_Self,0
2024-10-25,2881,243490,Investment_Trust,7714
2024-10-25,2881,112241,Dealer_self,62000
2024-10-25,2881,78998,Dealer_Hedging,460000
2024-10-28,2881,7351370,Foreign_Investor,5309301
2024-10-28,2881,0,Foreign_Dealer_Self,0
2024-10-28,2881,596365,Investment_Trust,536756
2024-10-28,2881,299000,Dealer_self,406000
2024-10-28,2881,113000,Dealer_Hedging,29000
2024-10-29,2881,5105213,Foreign_Investor,7765588
2024-10-29,2881,0,Foreign_Dealer_Self,0
2024-10-29,2881,275000,Dealer_self,523931
2024-10-29,2881,32000,Dealer_Hedging,464653
2024-10-29,2881,1660752,Investment_Trust,53036
2024-10-30,2881,0,Foreign_Dealer_Self,0
2024-10-30,2881,560520,Investment_Trust,3036
2024-10-30,2881,207000,Dealer_self,110590
2024-10-30,2881,70000,Dealer_Hedging,39999
2024-10-30,2881,6012400,Foreign_Investor,8808591
2024-11-01,2881,13490371,Foreign_Investor,21514168
2024-11-01,2881,0,Foreign_Dealer_Self,0
2024-11-01,2881,1264635,Investment_Trust,0
2024-11-01,2881,534000,Dealer_self,815450
2024-11-01,2881,243000,Dealer_Hedging,428500
2024-11-04,2881,14194596,Foreign_Investor,3326570
2024-11-04,2881,0,Foreign_Dealer_Self,0
2024-11-04,2881,1194638,Investment_Trust,0
2024-11-04,2881,231571,Dealer_self,128000
2024-11-04,2881,101999,Dealer_Hedging,100000
2024-11-05,2881,4210990,Foreign_Investor,3863890
2024-11-05,2881,0,Foreign_Dealer_Self,0
2024-11-05,2881,536305,Investment_Trust,95717
2024-11-05,2881,44000,Dealer_self,259998
2024-11-05,2881,116000,Dealer_Hedging,69000
2024-11-06,2881,2886373,Foreign_Investor,4907889
2024-11-06,2881,0,Foreign_Dealer_Self,0
2024-11-06,2881,409972,Investment_Trust,16000
2024-11-06,2881,53000,Dealer_self,116000
2024-11-06,2881,15000,Dealer_Hedging,51521
2024-11-07,2881,9073040,Foreign_Investor,7804871
2024-11-07,2881,0,Foreign_Dealer_Self,0
2024-11-07,2881,410928,Investment_Trust,2263000
2024-11-07,2881,507098,Dealer_self,226100
2024-11-07,2881,83999,Dealer_Hedging,18000
2024-11-08,2881,0,Foreign_Dealer_Self,0
2024-11-08,2881,374143,Investment_Trust,21000
2024-11-08,2881,108000,Dealer_self,88000
2024-11-08,2881,119999,Dealer_Hedging,70000
2024-11-08,2881,8380641,Foreign_Investor,4329521
2024-11-11,2881,3095863,Foreign_Investor,9059804
2024-11-11,2881,0,Foreign_Dealer_Self,0
2024-11-11,2881,719573,Investment_Trust,0
2024-11-11,2881,80000,Dealer_self,256084
2024-11-11,2881,67000,Dealer_Hedging,158999
2024-11-12,2881,14858917,Foreign_Investor,13791969
2024-11-12,2881,0,Foreign_Dealer_Self,0
2024-11-12,2881,1717152,Investment_Trust,72000
2024-11-12,2881,372000,Dealer_self,697000
2024-11-12,2881,186743,Dealer_Hedging,116944
2024-11-13,2881,7917349,Foreign_Investor,17891550
2024-11-13,2881,0,Foreign_Dealer_Self,0
2024-11-13,2881,2048366,Investment_Trust,39748
2024-11-13,2881,341000,Dealer_self,928532
2024-11-13,2881,139000,Dealer_Hedging,690296
2024-11-14,2881,7693713,Foreign_Investor,9984895
2024-11-14,2881,0,Foreign_Dealer_Self,0
2024-11-14,2881,2252139,Investment_Trust,1867000
2024-11-14,2881,657000,Dealer_self,1365146
2024-11-14,2881,245000,Dealer_Hedging,301893
2024-11-15,2881,0,Foreign_Dealer_Self,0
2024-11-15,2881,98403,Investment_Trust,6495849
2024-11-15,2881,375998,Dealer_self,343528
2024-11-15,2881,494287,Dealer_Hedging,164000
2024-11-15,2881,18527094,Foreign_Investor,7458716
2024-11-18,2881,0,Foreign_Dealer_Self,0
2024-11-18,2881,6239524,Investment_Trust,5945000
2024-11-18,2881,842000,Dealer_self,807456
2024-11-18,2881,364000,Dealer_Hedging,854951
2024-11-18,2881,7504597,Foreign_Investor,19971473
2024-11-19,2881,0,Foreign_Dealer_Self,0
2024-11-19,2881,9700209,Investment_Trust,7723856
2024-11-19,2881,764000,Dealer_self,148089
2024-11-19,2881,398000,Dealer_Hedging,142071
2024-11-19,2881,16378641,Foreign_Investor,16874367
2024-11-20,2881,0,Foreign_Dealer_Self,0
2024-11-20,2881,6490418,Investment_Trust,7740880
2024-11-20,2881,667000,Dealer_self,238236
2024-11-20,2881,190000,Dealer_Hedging,181000
2024-11-20,2881,15226538,Foreign_Investor,11909981
2024-11-21,2881,11380782,Foreign_Investor,17610782
2024-11-21,2881,0,Foreign_Dealer_Self,0
2024-11-21,2881,6651785,Investment_Trust,8332000
2024-11-21,2881,69367,Dealer_self,6318
2024-11-21,2881,84000,Dealer_Hedging,21043
2024-11-22,2881,13401882,Foreign_Investor,12075120
2024-11-22,2881,0,Foreign_Dealer_Self,0
2024-11-22,2881,3684737,Investment_Trust,3366900
2024-11-22,2881,233000,Dealer_self,39160
2024-11-22,2881,347000,Dealer_Hedging,17000
2024-11-25,2881,33991468,Foreign_Investor,25563155
2024-11-25,2881,0,Foreign_Dealer_Self,0
2024-11-25,2881,462689,Investment_Trust,3129000
2024-11-25,2881,474000,Dealer_self,0
2024-11-25,2881,365604,Dealer_Hedging,10000
2024-11-26,2881,10170262,Foreign_Investor,11230611
2024-11-26,2881,0,Foreign_Dealer_Self,0
2024-11-26,2881,720124,Investment_Trust,1607000
2024-11-26,2881,11000,Dealer_self,70055
2024-11-26,2881,30000,Dealer_Hedging,268686
2024-11-27,2881,3992963,Foreign_Investor,15001285
2024-11-27,2881,0,Foreign_Dealer_Self,0
2024-11-27,2881,580000,Investment_Trust,67920
2024-11-27,2881,111000,Dealer_self,280526
2024-11-27,2881,70000,Dealer_Hedging,571513
2024-11-28,2881,3940102,Foreign_Investor,7133151
2024-11-28,2881,0,Foreign_Dealer_Self,0
2024-11-28,2881,711289,Investment_Trust,1000
2024-11-28,2881,219000,Dealer_self,123513
2024-11-28,2881,186000,Dealer_Hedging,308609
2024-11-29,2881,7795027,Foreign_Investor,15844473
2024-11-29,2881,0,Foreign_Dealer_Self,0
2024-11-29,2881,427756,Investment_Trust,15000
2024-11-29,2881,320000,Dealer_self,306335
2024-11-29,2881,70000,Dealer_Hedging,116267
2024-12-02,2881,0,Foreign_Dealer_Self,0
2024-12-02,2881,3238000,Investment_Trust,0
2024-12-02,2881,30000,Dealer_self,7000
2024-12-02,2881,209000,Dealer_Hedging,18000
2024-12-02,2881,11723829,Foreign_Investor,9380050
2024-12-03,2881,0,Foreign_Dealer_Self,0
2024-12-03,2881,504000,Investment_Trust,0
2024-12-03,2881,116384,Dealer_self,62000
2024-12-03,2881,66000,Dealer_Hedging,93670
2024-12-03,2881,14127819,Foreign_Investor,7269508
2024-12-04,2881,0,Foreign_Dealer_Self,0
2024-12-04,2881,129000,Investment_Trust,62840
2024-12-04,2881,56100,Dealer_self,4000
2024-12-04,2881,86600,Dealer_Hedging,173000
2024-12-04,2881,6913899,Foreign_Investor,7834015
2024-12-05,2881,10777683,Foreign_Investor,6556526
2024-12-05,2881,0,Foreign_Dealer_Self,0
2024-12-05,2881,115000,Investment_Trust,142056
2024-12-05,2881,1327,Dealer_self,2000
2024-12-05,2881,51500,Dealer_Hedging,73000
2024-12-06,2881,14961072,Foreign_Investor,3560013
2024-12-06,2881,0,Foreign_Dealer_Self,0
2024-12-06,2881,106000,Investment_Trust,95960
2024-12-06,2881,30843,Dealer_self,25000
2024-12-06,2881,203766,Dealer_Hedging,185000
2024-12-09,2881,0,Foreign_Dealer_Self,0
2024-12-09,2881,158000,Investment_Trust,163000
2024-12-09,2881,12000,Dealer_self,1000
2024-12-09,2881,31000,Dealer_Hedging,233214
2024-12-09,2881,4556294,Foreign_Investor,6154100
2024-12-10,2881,6601383,Foreign_Investor,5318488
2024-12-10,2881,0,Foreign_Dealer_Self,0
2024-12-10,2881,177000,Investment_Trust,380783
2024-12-10,2881,9602,Dealer_self,64000
2024-12-10,2881,18555,Dealer_Hedging,124000
2024-12-11,2881,6616520,Foreign_Investor,5261096
2024-12-11,2881,0,Foreign_Dealer_Self,0
2024-12-11,2881,309480,Investment_Trust,11541
2024-12-11,2881,56000,Dealer_self,257000
2024-12-11,2881,55000,Dealer_Hedging,124000
2024-12-12,2881,0,Foreign_Dealer_Self,0
2024-12-12,2881,137000,Investment_Trust,0
2024-12-12,2881,181603,Dealer_self,108000
2024-12-12,2881,545246,Dealer_Hedging,122000
2024-12-12,2881,31531966,Foreign_Investor,7342991
2024-12-13,2881,3811004,Foreign_Investor,4642937
2024-12-13,2881,0,Foreign_Dealer_Self,0
2024-12-13,2881,231077,Investment_Trust,318552
2024-12-13,2881,42000,Dealer_self,263000
2024-12-13,2881,91000,Dealer_Hedging,307450
2024-12-16,2881,9484862,Foreign_Investor,5627974
2024-12-16,2881,0,Foreign_Dealer_Self,0
2024-12-16,2881,1000000,Investment_Trust,583492
2024-12-16,2881,458542,Dealer_self,129000
2024-12-16,2881,151022,Dealer_Hedging,77300
2024-12-17,2881,10276890,Foreign_Investor,12450906
2024-12-17,2881,0,Foreign_Dealer_Self,0
2024-12-17,2881,310283,Investment_Trust,4295526
2024-12-17,2881,103442,Dealer_self,147000
2024-12-17,2881,94000,Dealer_Hedging,246787
2024-12-18,2881,8575749,Foreign_Investor,5035850
2024-12-18,2881,0,Foreign_Dealer_Self,0
2024-12-18,2881,269598,Investment_Trust,3878026
2024-12-18,2881,15000,Dealer_self,651000
2024-12-18,2881,126000,Dealer_Hedging,92342
2024-12-19,2881,7454384,Foreign_Investor,16361556
2024-12-19,2881,0,Foreign_Dealer_Self,0
2024-12-19,2881,499183,Investment_Trust,4089052
2024-12-19,2881,9000,Dealer_self,90331
2024-12-19,2881,32000,Dealer_Hedging,166102
2024-12-20,2881,0,Foreign_Dealer_Self,0
2024-12-20,2881,1307277,Investment_Trust,3970026
2024-12-20,2881,143000,Dealer_self,191879
2024-12-20,2881,48553,Dealer_Hedging,114693
2024-12-20,2881,14087446,Foreign_Investor,14426499
2024-12-23,2881,7594932,Foreign_Investor,1240042
2024-12-23,2881,0,Foreign_Dealer_Self,0
2024-12-23,2881,105584,Investment_Trust,3674850
2024-12-23,2881,415000,Dealer_self,0
2024-12-23,2881,402181,Dealer_Hedging,14000
2024-12-24,2881,5100493,Foreign_Investor,1156036
2024-12-24,2881,0,Foreign_Dealer_Self,0
2024-12-24,2881,460000,Investment_Trust,58000
2024-12-24,2881,167400,Dealer_self,8000
2024-12-24,2881,118993,Dealer_Hedging,106000
2024-12-25,2881,1413015,Foreign_Investor,1682001
2024-12-25,2881,0,Foreign_Dealer_Self,0
2024-12-25,2881,182000,Investment_Trust,876000
2024-12-25,2881,587000,Dealer_self,5120
2024-12-25,2881,36000,Dealer_Hedging,56517
2024-12-26,2881,1936000,Foreign_Investor,810000
2024-12-26,2881,0,Foreign_Dealer_Self,0
2024-12-26,2881,94000,Investment_Trust,23000
2024-12-26,2881,70000,Dealer_self,9309
2024-12-26,2881,63000,Dealer_Hedging,2000
2024-12-27,2881,0,Foreign_Dealer_Self,0
2024-12-27,2881,20000,Investment_Trust,156026
2024-12-27,2881,5000,Dealer_self,28386
2024-12-27,2881,63000,Dealer_Hedging,44000
2024-12-27,2881,3941331,Foreign_Investor,2275606
2024-12-30,2881,3469718,Foreign_Investor,4108631
2024-12-30,2881,0,Foreign_Dealer_Self,0
2024-12-30,2881,109460,Investment_Trust,191569
2024-12-30,2881,72000,Dealer_self,28481
2024-12-30,2881,37000,Dealer_Hedging,59854
2024-12-31,2881,4177550,Foreign_Investor,10701427
2024-12-31,2881,0,Foreign_Dealer_Self,0
2024-12-31,2881,1240999,Investment_Trust,2434471
2024-12-31,2881,306000,Dealer_self,231749
2024-12-31,2881,23000,Dealer_Hedging,131771
2025-01-02,2881,5554593,Foreign_Investor,6274000
2025-01-02,2881,0,Foreign_Dealer_Self,0
2025-01-02,2881,437799,Investment_Trust,404052
2025-01-02,2881,47000,Dealer_self,998421
2025-01-02,2881,54000,Dealer_Hedging,116090
2025-01-03,2881,3016562,Foreign_Investor,2337519
2025-01-03,2881,0,Foreign_Dealer_Self,0
2025-01-03,2881,388000,Investment_Trust,92000
2025-01-03,2881,23000,Dealer_self,68000
2025-01-03,2881,80000,Dealer_Hedging,37000
2025-01-06,2881,7281162,Foreign_Investor,3305561
2025-01-06,2881,0,Foreign_Dealer_Self,0
2025-01-06,2881,15000,Investment_Trust,33000
2025-01-06,2881,156000,Dealer_self,61000
2025-01-06,2881,395189,Dealer_Hedging,27000
2025-01-07,2881,6548050,Foreign_Investor,4764730
2025-01-07,2881,0,Foreign_Dealer_Self,0
2025-01-07,2881,0,Investment_Trust,1197000
2025-01-07,2881,10000,Dealer_self,127020
2025-01-07,2881,386000,Dealer_Hedging,210310
2025-01-08,2881,0,Foreign_Dealer_Self,0
2025-01-08,2881,0,Investment_Trust,236773
2025-01-08,2881,14000,Dealer_self,6000
2025-01-08,2881,16000,Dealer_Hedging,61099
2025-01-08,2881,4634661,Foreign_Investor,4978543
2025-01-09,2881,9406789,Foreign_Investor,4331910
2025-01-09,2881,0,Foreign_Dealer_Self,0
2025-01-09,2881,20000,Investment_Trust,1702000
2025-01-09,2881,22068,Dealer_self,316000
2025-01-09,2881,83050,Dealer_Hedging,286217
2025-01-10,2881,6079060,Foreign_Investor,18005197
2025-01-10,2881,0,Foreign_Dealer_Self,0
2025-01-10,2881,325260,Investment_Trust,110000
2025-01-10,2881,60000,Dealer_self,275658
2025-01-10,2881,41000,Dealer_Hedging,397974
2025-01-13,2881,11332862,Foreign_Investor,13821132
2025-01-13,2881,0,Foreign_Dealer_Self,0
2025-01-13,2881,868000,Investment_Trust,5800
2025-01-13,2881,287000,Dealer_self,606554
2025-01-13,2881,39000,Dealer_Hedging,253167
2025-01-14,2881,0,Foreign_Dealer_Self,0
2025-01-14,2881,1299000,Investment_Trust,0
2025-01-14,2881,67000,Dealer_self,164000
2025-01-14,2881,232829,Dealer_Hedging,75500
2025-01-14,2881,10840410,Foreign_Investor,8481123
2025-01-15,2881,5503491,Foreign_Investor,5861250
2025-01-15,2881,0,Foreign_Dealer_Self,0
2025-01-15,2881,325000,Investment_Trust,0
2025-01-15,2881,237200,Dealer_self,190000
2025-01-15,2881,127000,Dealer_Hedging,51000
2025-01-16,2881,0,Foreign_Dealer_Self,0
2025-01-16,2881,409259,Investment_Trust,760000
2025-01-16,2881,1118959,Dealer_self,151000
2025-01-16,2881,222389,Dealer_Hedging,48000
2025-01-16,2881,9394822,Foreign_Investor,4637716
2025-01-17,2881,3189803,Foreign_Investor,3667779
2025-01-17,2881,0,Foreign_Dealer_Self,0
2025-01-17,2881,167000,Investment_Trust,17647
2025-01-17,2881,6000,Dealer_self,55000
2025-01-17,2881,31000,Dealer_Hedging,156304
2025-01-20,2881,3272865,Foreign_Investor,4030901
2025-01-20,2881,0,Foreign_Dealer_Self,0
2025-01-20,2881,62000,Investment_Trust,9079
2025-01-20,2881,71000,Dealer_self,27629
2025-01-20,2881,66000,Dealer_Hedging,7612
2025-01-21,2881,10955720,Foreign_Investor,3730212
2025-01-21,2881,0,Foreign_Dealer_Self,0
2025-01-21,2881,125297,Investment_Trust,43800
2025-01-21,2881,114000,Dealer_self,12000
2025-01-21,2881,170382,Dealer_Hedging,92000
2025-01-22,2881,20190848,Foreign_Investor,9837420
2025-01-22,2881,0,Foreign_Dealer_Self,0
2025-01-22,2881,173000,Investment_Trust,55654
2025-01-22,2881,545341,Dealer_self,138850
2025-01-22,2881,148807,Dealer_Hedging,66000
2025-02-03,2881,7402726,Foreign_Investor,13736360
2025-02-03,2881,0,Foreign_Dealer_Self,0
2025-02-03,2881,2059050,Investment_Trust,78943
2025-02-03,2881,570000,Dealer_self,629264
2025-02-03,2881,912000,Dealer_Hedging,216012
2025-02-04,2881,5029593,Foreign_Investor,10963300
2025-02-04,2881,0,Foreign_Dealer_Self,0
2025-02-04,2881,527000,Investment_Trust,45405
2025-02-04,2881,14000,Dealer_self,190501
2025-02-04,2881,139000,Dealer_Hedging,147016
2025-02-05,2881,8803032,Foreign_Investor,5038079
2025-02-05,2881,0,Foreign_Dealer_Self,0
2025-02-05,2881,398000,Investment_Trust,230505
2025-02-05,2881,106000,Dealer_self,4000
2025-02-05,2881,153000,Dealer_Hedging,58496
2025-02-06,2881,13670494,Foreign_Investor,2737207
2025-02-06,2881,0,Foreign_Dealer_Self,0
2025-02-06,2881,117349,Dealer_self,77000
2025-02-06,2881,63325,Dealer_Hedging,38357
2025-02-06,2881,589520,Investment_Trust,47508
2025-02-07,2881,2939634,Foreign_Investor,6511714
2025-02-07,2881,0,Foreign_Dealer_Self,0
2025-02-07,2881,172000,Investment_Trust,80506
2025-02-07,2881,84000,Dealer_self,1000
2025-02-07,2881,25463,Dealer_Hedging,101987
2025-02-10,2881,13514426,Foreign_Investor,4937942
2025-02-10,2881,0,Foreign_Dealer_Self,0
2025-02-10,2881,774039,Investment_Trust,144463
2025-02-10,2881,52128,Dealer_self,363000
2025-02-10,2881,71748,Dealer_Hedging,99000
2025-02-11,2881,0,Foreign_Dealer_Self,0
2025-02-11,2881,70000,Dealer_self,109000
2025-02-11,2881,135999,Dealer_Hedging,158000
2025-02-11,2881,9136953,Foreign_Investor,5651859
2025-02-11,2881,406000,Investment_Trust,84562
2025-02-12,2881,0,Foreign_Dealer_Self,0
2025-02-12,2881,218000,Investment_Trust,263657
2025-02-12,2881,10000,Dealer_self,113000
2025-02-12,2881,37000,Dealer_Hedging,216064
2025-02-12,2881,4481820,Foreign_Investor,5371230
2025-02-13,2881,5084127,Foreign_Investor,7858705
2025-02-13,2881,0,Foreign_Dealer_Self,0
2025-02-13,2881,340520,Investment_Trust,87008
2025-02-13,2881,135000,Dealer_self,0
2025-02-13,2881,315242,Dealer_Hedging,139995
2025-02-14,2881,0,Foreign_Dealer_Self,0
2025-02-14,2881,331520,Investment_Trust,118064
2025-02-14,2881,0,Dealer_self,39000
2025-02-14,2881,19000,Dealer_Hedging,101000
2025-02-14,2881,4834311,Foreign_Investor,6422976
2025-02-17,2881,5833513,Foreign_Investor,2488339
2025-02-17,2881,0,Foreign_Dealer_Self,0
2025-02-17,2881,250520,Investment_Trust,437698
2025-02-17,2881,137000,Dealer_self,0
2025-02-17,2881,325350,Dealer_Hedging,16000
2025-02-18,2881,5292310,Foreign_Investor,3719753
2025-02-18,2881,0,Foreign_Dealer_Self,0
2025-02-18,2881,729000,Investment_Trust,447906
2025-02-18,2881,35000,Dealer_self,177000
2025-02-18,2881,30835,Dealer_Hedging,195998
2025-02-19,2881,4063822,Foreign_Investor,19611200
2025-02-19,2881,0,Foreign_Dealer_Self,0
2025-02-19,2881,52000,Investment_Trust,1380014
2025-02-19,2881,174000,Dealer_self,264605
2025-02-19,2881,120000,Dealer_Hedging,70429
2025-02-20,2881,0,Foreign_Dealer_Self,0
2025-02-20,2881,514000,Investment_Trust,720595
2025-02-20,2881,259000,Dealer_self,108196
2025-02-20,2881,76000,Dealer_Hedging,38528
2025-02-20,2881,5263296,Foreign_Investor,11320187
2025-02-21,2881,5332780,Foreign_Investor,5035311
2025-02-21,2881,0,Foreign_Dealer_Self,0
2025-02-21,2881,76000,Investment_Trust,197008
2025-02-21,2881,31000,Dealer_self,21673
2025-02-21,2881,114446,Dealer_Hedging,12000
2025-02-24,2881,0,Foreign_Dealer_Self,0
2025-02-24,2881,245000,Investment_Trust,63366
2025-02-24,2881,55000,Dealer_self,54192
2025-02-24,2881,61282,Dealer_Hedging,49999
2025-02-24,2881,5839531,Foreign_Investor,16366990
2025-02-25,2881,0,Foreign_Dealer_Self,0
2025-02-25,2881,369279,Investment_Trust,21190
2025-02-25,2881,159000,Dealer_self,270357
2025-02-25,2881,67000,Dealer_Hedging,129914
2025-02-25,2881,6761140,Foreign_Investor,7093000
2025-02-26,2881,11355616,Foreign_Investor,8078475
2025-02-26,2881,0,Foreign_Dealer_Self,0
2025-02-26,2881,341279,Investment_Trust,252109
2025-02-26,2881,118000,Dealer_self,121000
2025-02-26,2881,100000,Dealer_Hedging,48904
2025-02-27,2881,0,Foreign_Dealer_Self,0
2025-02-27,2881,551278,Investment_Trust,62317
2025-02-27,2881,172000,Dealer_self,77000
2025-02-27,2881,34000,Dealer_Hedging,87000
2025-02-27,2881,26676739,Foreign_Investor,26806370
2025-03-03,2881,8828701,Foreign_Investor,7303923
2025-03-03,2881,0,Foreign_Dealer_Self,0
2025-03-03,2881,1813394,Investment_Trust,33927
2025-03-03,2881,183000,Dealer_self,75110
2025-03-03,2881,746490,Dealer_Hedging,21861
2025-03-04,2881,0,Foreign_Dealer_Self,0
2025-03-04,2881,1213277,Investment_Trust,41000
2025-03-04,2881,297000,Dealer_self,324140
2025-03-04,2881,343527,Dealer_Hedging,157260
2025-03-04,2881,6652263,Foreign_Investor,19628702
2025-03-05,2881,8616178,Foreign_Investor,6755012
2025-03-05,2881,0,Foreign_Dealer_Self,0
2025-03-05,2881,132000,Investment_Trust,76735
2025-03-05,2881,117000,Dealer_self,197000
2025-03-05,2881,75721,Dealer_Hedging,62000
2025-03-06,2881,5296054,Foreign_Investor,3103558
2025-03-06,2881,0,Foreign_Dealer_Self,0
2025-03-06,2881,270000,Investment_Trust,434578
2025-03-06,2881,124000,Dealer_self,0
2025-03-06,2881,17530,Dealer_Hedging,44984
2025-03-07,2881,0,Foreign_Dealer_Self,0
2025-03-07,2881,327000,Investment_Trust,398732
2025-03-07,2881,96000,Dealer_self,81749
2025-03-07,2881,82132,Dealer_Hedging,127948
2025-03-07,2881,4926190,Foreign_Investor,17669399
2025-03-10,2881,6683825,Foreign_Investor,9824157
2025-03-10,2881,0,Foreign_Dealer_Self,0
2025-03-10,2881,61000,Dealer_self,403197
2025-03-10,2881,69000,Dealer_Hedging,24364
2025-03-10,2881,754277,Investment_Trust,80372
2025-03-11,2881,6821100,Foreign_Investor,29881749
2025-03-11,2881,0,Foreign_Dealer_Self,0
2025-03-11,2881,1708834,Investment_Trust,0
2025-03-11,2881,747000,Dealer_self,1533660
2025-03-11,2881,334864,Dealer_Hedging,308531
2025-03-12,2881,4368127,Foreign_Investor,15259254
2025-03-12,2881,0,Foreign_Dealer_Self,0
2025-03-12,2881,1438000,Investment_Trust,278696
2025-03-12,2881,297000,Dealer_self,455058
2025-03-12,2881,40666,Dealer_Hedging,138000
2025-03-13,2881,5407710,Foreign_Investor,11052233
2025-03-13,2881,0,Foreign_Dealer_Self,0
2025-03-13,2881,307000,Investment_Trust,5686
2025-03-13,2881,71000,Dealer_self,20132
2025-03-13,2881,134000,Dealer_Hedging,37022
2025-03-14,2881,6548365,Foreign_Investor,19437120
2025-03-14,2881,0,Foreign_Dealer_Self,0
2025-03-14,2881,1093276,Investment_Trust,0
2025-03-14,2881,437000,Dealer_self,305190
2025-03-14,2881,134444,Dealer_Hedging,80706
2025-03-17,2881,12395120,Foreign_Investor,9319583
2025-03-17,2881,0,Foreign_Dealer_Self,0
2025-03-17,2881,4278000,Investment_Trust,295843
2025-03-17,2881,2000,Dealer_self,45000
2025-03-17,2881,190900,Dealer_Hedging,7000
2025-03-18,2881,6527544,Foreign_Investor,15390003
2025-03-18,2881,0,Foreign_Dealer_Self,0
2025-03-18,2881,5614000,Investment_Trust,3912
2025-03-18,2881,101000,Dealer_self,75384
2025-03-18,2881,290269,Dealer_Hedging,44640
2025-03-19,2881,2878184,Foreign_Investor,11672728
2025-03-19,2881,0,Foreign_Dealer_Self,0
2025-03-19,2881,368000,Investment_Trust,1039830
2025-03-19,2881,345000,Dealer_self,774681
2025-03-19,2881,778632,Dealer_Hedging,133308
2025-03-20,2881,5409000,Foreign_Investor,3551439
2025-03-20,2881,0,Foreign_Dealer_Self,0
2025-03-20,2881,444000,Investment_Trust,10830
2025-03-20,2881,292000,Dealer_self,13000
2025-03-20,2881,222973,Dealer_Hedging,7324
2025-03-21,2881,0,Foreign_Dealer_Self,0
2025-03-21,2881,179000,Investment_Trust,719064
2025-03-21,2881,44000,Dealer_self,49227
2025-03-21,2881,2000,Dealer_Hedging,76062
2025-03-21,2881,10144851,Foreign_Investor,12800243
2025-03-24,2881,3738747,Foreign_Investor,4275243
2025-03-24,2881,0,Foreign_Dealer_Self,0
2025-03-24,2881,416000,Investment_Trust,63701
2025-03-24,2881,25000,Dealer_self,2064
2025-03-24,2881,62000,Dealer_Hedging,73220
2025-03-25,2881,0,Foreign_Dealer_Self,0
2025-03-25,2881,277000,Investment_Trust,42837
2025-03-25,2881,29000,Dealer_self,27386
2025-03-25,2881,120495,Dealer_Hedging,135000
2025-03-25,2881,5894522,Foreign_Investor,5070742
2025-03-26,2881,3454442,Foreign_Investor,3510998
2025-03-26,2881,0,Foreign_Dealer_Self,0
2025-03-26,2881,591000,Investment_Trust,1000
2025-03-26,2881,182000,Dealer_self,0
2025-03-26,2881,152000,Dealer_Hedging,19000
2025-03-27,2881,6725536,Foreign_Investor,6682000
2025-03-27,2881,0,Foreign_Dealer_Self,0
2025-03-27,2881,1097225,Investment_Trust,0
2025-03-27,2881,5000,Dealer_self,133322
2025-03-27,2881,96591,Dealer_Hedging,86780
2025-03-28,2881,3312713,Foreign_Investor,13315180
2025-03-28,2881,0,Foreign_Dealer_Self,0
2025-03-28,2881,978000,Investment_Trust,10000
2025-03-28,2881,305000,Dealer_self,505878
2025-03-28,2881,81772,Dealer_Hedging,176106
2025-03-31,2881,0,Foreign_Dealer_Self,0
2025-03-31,2881,2184295,Investment_Trust,0
2025-03-31,2881,674000,Dealer_self,935870
2025-03-31,2881,178192,Dealer_Hedging,229156
2025-03-31,2881,12419413,Foreign_Investor,22875088
2025-04-01,2881,8808785,Foreign_Investor,10215719
2025-04-01,2881,0,Foreign_Dealer_Self,0
2025-04-01,2881,606000,Investment_Trust,0
2025-04-01,2881,225000,Dealer_self,300535
2025-04-01,2881,312809,Dealer_Hedging,11467
2025-04-02,2881,5794248,Foreign_Investor,6659001
2025-04-02,2881,0,Foreign_Dealer_Self,0
2025-04-02,2881,244000,Investment_Trust,1000
2025-04-02,2881,22000,Dealer_self,175679
2025-04-02,2881,80626,Dealer_Hedging,111000
2025-04-07,2881,2071807,Foreign_Investor,1957543
2025-04-07,2881,0,Foreign_Dealer_Self,0
2025-04-07,2881,28000,Investment_Trust,0
2025-04-07,2881,2000,Dealer_self,115019
2025-04-07,2881,0,Dealer_Hedging,202002
2025-04-08,2881,0,Foreign_Dealer_Self,0
2025-04-08,2881,3015656,Investment_Trust,178000
2025-04-08,2881,863896,Dealer_self,900418
2025-04-08,2881,899000,Dealer_Hedging,881208
2025-04-08,2881,21522518,Foreign_Investor,35986527
2025-04-09,2881,14040200,Foreign_Investor,27679697
2025-04-09,2881,0,Foreign_Dealer_Self,0
2025-04-09,2881,327000,Dealer_self,792896
2025-04-09,2881,1284516,Dealer_Hedging,737192
2025-04-09,2881,2233709,Investment_Trust,168842
2025-04-10,2881,2345949,Foreign_Investor,3631238
2025-04-10,2881,0,Foreign_Dealer_Self,0
2025-04-10,2881,0,Investment_Trust,0
2025-04-10,2881,0,Dealer_self,0
2025-04-10,2881,92998,Dealer_Hedging,0
2025-04-11,2881,12107783,Foreign_Investor,17325529
2025-04-11,2881,0,Foreign_Dealer_Self,0
2025-04-11,2881,3208280,Investment_Trust,20000
2025-04-11,2881,124000,Dealer_self,437700
2025-04-11,2881,300525,Dealer_Hedging,147056
2025-04-14,2881,11321795,Foreign_Investor,14559115
2025-04-14,2881,0,Foreign_Dealer_Self,0
2025-04-14,2881,92000,Dealer_self,595199
2025-04-14,2881,36924,Dealer_Hedging,163748
2025-04-14,2881,595000,Investment_Trust,766686
2025-04-15,2881,8538114,Foreign_Investor,8316653
2025-04-15,2881,0,Foreign_Dealer_Self,0
2025-04-15,2881,360876,Investment_Trust,214303
2025-04-15,2881,18000,Dealer_self,226933
2025-04-15,2881,62860,Dealer_Hedging,132000
2025-04-16,2881,7874881,Foreign_Investor,18443492
2025-04-16,2881,0,Foreign_Dealer_Self,0
2025-04-16,2881,418000,Investment_Trust,760107
2025-04-16,2881,106000,Dealer_self,827535
2025-04-16,2881,483642,Dealer_Hedging,479492
2025-04-17,2881,6105568,Foreign_Investor,8842014
2025-04-17,2881,0,Foreign_Dealer_Self,0
2025-04-17,2881,214000,Investment_Trust,4693
2025-04-17,2881,142000,Dealer_self,1792
2025-04-17,2881,54000,Dealer_Hedging,155247
2025-04-18,2881,3877200,Foreign_Investor,3326998
2025-04-18,2881,0,Foreign_Dealer_Self,0
2025-04-18,2881,83000,Investment_Trust,3295980
2025-04-18,2881,41000,Dealer_self,12073
2025-04-18,2881,50596,Dealer_Hedging,134000
2025-04-21,2881,3564200,Foreign_Investor,2717000
2025-04-21,2881,0,Foreign_Dealer_Self,0
2025-04-21,2881,150000,Investment_Trust,100000
2025-04-21,2881,53000,Dealer_self,138770
2025-04-21,2881,127394,Dealer_Hedging,169540
2025-04-22,2881,0,Foreign_Dealer_Self,0
2025-04-22,2881,197000,Investment_Trust,487000
2025-04-22,2881,207000,Dealer_self,176033
2025-04-22,2881,108116,Dealer_Hedging,399911
2025-04-22,2881,4606206,Foreign_Investor,9338545
2025-04-23,2881,8101430,Foreign_Investor,8387944
2025-04-23,2881,0,Foreign_Dealer_Self,0
2025-04-23,2881,103000,Investment_Trust,1105398
2025-04-23,2881,73000,Dealer_self,294680
2025-04-23,2881,305000,Dealer_Hedging,60272
2025-04-24,2881,0,Foreign_Dealer_Self,0
2025-04-24,2881,46000,Investment_Trust,807972
2025-04-24,2881,33092,Dealer_self,119162
2025-04-24,2881,3000,Dealer_Hedging,223234
2025-04-24,2881,7958642,Foreign_Investor,11921742
2025-04-25,2881,0,Foreign_Dealer_Self,0
2025-04-25,2881,79000,Investment_Trust,1695318
2025-04-25,2881,262975,Dealer_self,7279
2025-04-25,2881,304260,Dealer_Hedging,67000
2025-04-25,2881,8251265,Foreign_Investor,7730016
2025-04-28,2881,5116550,Foreign_Investor,13902955
2025-04-28,2881,0,Foreign_Dealer_Self,0
2025-04-28,2881,155000,Investment_Trust,183302
2025-04-28,2881,83000,Dealer_self,24755
2025-04-28,2881,478801,Dealer_Hedging,228307
2025-04-29,2881,0,Foreign_Dealer_Self,0
2025-04-29,2881,376000,Investment_Trust,326434
2025-04-29,2881,38029,Dealer_self,55000
2025-04-29,2881,263425,Dealer_Hedging,138000
2025-04-29,2881,12266984,Foreign_Investor,11283609
2025-04-30,2881,0,Foreign_Dealer_Self,0
2025-04-30,2881,6003000,Investment_Trust,490193
2025-04-30,2881,287569,Dealer_self,569450
2025-04-30,2881,232463,Dealer_Hedging,668883
2025-04-30,2881,21445286,Foreign_Investor,19521478
2025-05-02,2881,10318463,Foreign_Investor,14916000
2025-05-02,2881,0,Foreign_Dealer_Self,0
2025-05-02,2881,1816000,Investment_Trust,220776
2025-05-02,2881,110000,Dealer_self,3001
2025-05-02,2881,372567,Dealer_Hedging,40786
2025-05-05,2881,23348835,Foreign_Investor,37095480
2025-05-05,2881,0,Foreign_Dealer_Self,0
2025-05-05,2881,0,Investment_Trust,931187
2025-05-05,2881,199000,Dealer_self,708520
2025-05-05,2881,188000,Dealer_Hedging,1211366
2025-05-06,2881,21711652,Foreign_Investor,45687100
2025-05-06,2881,0,Foreign_Dealer_Self,0
2025-05-06,2881,72000,Investment_Trust,921156
2025-05-06,2881,50000,Dealer_self,333153
2025-05-06,2881,26000,Dealer_Hedging,519607
2025-05-07,2881,24025759,Foreign_Investor,34172841
2025-05-07,2881,0,Foreign_Dealer_Self,0
2025-05-07,2881,188000,Dealer_self,92815
2025-05-07,2881,4006,Dealer_Hedging,862273
2025-05-07,2881,0,Investment_Trust,2335471
2025-05-08,2881,0,Foreign_Dealer_Self,0
2025-05-08,2881,0,Investment_Trust,608866
2025-05-08,2881,143000,Dealer_self,610000
2025-05-08,2881,16197,Dealer_Hedging,196316
2025-05-08,2881,14676020,Foreign_Investor,17091848
2025-05-09,2881,0,Foreign_Dealer_Self,0
2025-05-09,2881,0,Investment_Trust,2463120
2025-05-09,2881,75000,Dealer_self,388270
2025-05-09,2881,27000,Dealer_Hedging,39539
2025-05-09,2881,16291733,Foreign_Investor,30249524
2025-05-12,2881,7708239,Foreign_Investor,9864035
2025-05-12,2881,0,Foreign_Dealer_Self,0
2025-05-12,2881,0,Investment_Trust,2984795
2025-05-12,2881,154533,Dealer_self,83951
2025-05-12,2881,317000,Dealer_Hedging,2569
2025-05-13,2881,0,Foreign_Dealer_Self,0
2025-05-13,2881,268000,Investment_Trust,72547
2025-05-13,2881,978000,Dealer_self,396000
2025-05-13,2881,151999,Dealer_Hedging,40371
2025-05-13,2881,19715236,Foreign_Investor,23614979
2025-05-14,2881,0,Foreign_Dealer_Self,0
2025-05-14,2881,81000,Investment_Trust,919442
2025-05-14,2881,1100000,Dealer_self,276105
2025-05-14,2881,369435,Dealer_Hedging,153874
2025-05-14,2881,28608259,Foreign_Investor,27279946
2025-05-15,2881,0,Foreign_Dealer_Self,0
2025-05-15,2881,621000,Investment_Trust,1384425
2025-05-15,2881,122000,Dealer_self,21994
2025-05-15,2881,262999,Dealer_Hedging,263420
2025-05-15,2881,21459360,Foreign_Investor,23804809
2025-05-16,2881,18899356,Foreign_Investor,16567220
2025-05-16,2881,0,Foreign_Dealer_Self,0
2025-05-16,2881,674000,Investment_Trust,411261
2025-05-16,2881,353000,Dealer_self,52141
2025-05-16,2881,448996,Dealer_Hedging,154000
2025-05-19,2881,11329164,Foreign_Investor,14631866
2025-05-19,2881,0,Foreign_Dealer_Self,0
2025-05-19,2881,0,Investment_Trust,1777346
2025-05-19,2881,346000,Dealer_self,293756
2025-05-19,2881,175000,Dealer_Hedging,200245
2025-05-20,2881,0,Foreign_Dealer_Self,0
2025-05-20,2881,1000,Investment_Trust,1595192
2025-05-20,2881,160000,Dealer_self,1198
2025-05-20,2881,117000,Dealer_Hedging,56328
2025-05-20,2881,11752486,Foreign_Investor,6679000
2025-05-21,2881,0,Foreign_Dealer_Self,0
2025-05-21,2881,0,Investment_Trust,1273458
2025-05-21,2881,23000,Dealer_self,492328
2025-05-21,2881,1156931,Dealer_Hedging,217000
2025-05-21,2881,21749450,Foreign_Investor,11262688
2025-05-22,2881,15829306,Foreign_Investor,9968550
2025-05-22,2881,0,Foreign_Dealer_Self,0
2025-05-22,2881,0,Investment_Trust,1529554
2025-05-22,2881,111000,Dealer_self,700000
2025-05-22,2881,300831,Dealer_Hedging,486638
2025-05-23,2881,11040379,Foreign_Investor,11200270
2025-05-23,2881,0,Foreign_Dealer_Self,0
2025-05-23,2881,0,Investment_Trust,812189
2025-05-23,2881,128000,Dealer_self,743024
2025-05-23,2881,44989,Dealer_Hedging,739236
2025-05-26,2881,11967851,Foreign_Investor,10152684
2025-05-26,2881,0,Foreign_Dealer_Self,0
2025-05-26,2881,0,Investment_Trust,750960
2025-05-26,2881,30000,Dealer_self,841844
2025-05-26,2881,90926,Dealer_Hedging,773166
2025-05-27,2881,9597462,Foreign_Investor,11168235
2025-05-27,2881,0,Foreign_Dealer_Self,0
2025-05-27,2881,0,Investment_Trust,45324
2025-05-27,2881,38000,Dealer_self,1755242
2025-05-27,2881,0,Dealer_Hedging,77337
2025-05-28,2881,9803387,Foreign_Investor,13934266
2025-05-28,2881,0,Foreign_Dealer_Self,0
2025-05-28,2881,0,Investment_Trust,1298318
2025-05-28,2881,57000,Dealer_self,429968
2025-05-28,2881,2000,Dealer_Hedging,64870
2025-05-29,2881,31279798,Foreign_Investor,43852966
2025-05-29,2881,0,Foreign_Dealer_Self,0
2025-05-29,2881,16500549,Investment_Trust,485840
2025-05-29,2881,474000,Dealer_self,116202
2025-05-29,2881,97310,Dealer_Hedging,63999
2025-06-02,2881,0,Foreign_Dealer_Self,0
2025-06-02,2881,23886000,Investment_Trust,265506
2025-06-02,2881,77112,Dealer_self,1067115
2025-06-02,2881,218605,Dealer_Hedging,97400
2025-06-02,2881,39937350,Foreign_Investor,43138506
2025-06-03,2881,0,Foreign_Dealer_Self,0
2025-06-03,2881,44170000,Investment_Trust,363673
2025-06-03,2881,47082,Dealer_self,430000
2025-06-03,2881,63461,Dealer_Hedging,173091
2025-06-03,2881,14825761,Foreign_Investor,43255254
2025-06-04,2881,55440272,Foreign_Investor,58369778
2025-06-04,2881,0,Foreign_Dealer_Self,0
2025-06-04,2881,62431000,Investment_Trust,636056
2025-06-04,2881,324591,Dealer_self,668000
2025-06-04,2881,688897,Dealer_Hedging,725354
2025-06-05,2881,20510354,Foreign_Investor,55920632
2025-06-05,2881,0,Foreign_Dealer_Self,0
2025-06-05,2881,346305,Dealer_self,1459000
2025-06-05,2881,600944,Dealer_Hedging,666000
2025-06-05,2881,59000000,Investment_Trust,591268
2025-06-06,2881,21752299,Foreign_Investor,52039746
2025-06-06,2881,0,Foreign_Dealer_Self,0
2025-06-06,2881,59014000,Investment_Trust,730688
2025-06-06,2881,216427,Dealer_self,733000
2025-06-06,2881,334487,Dealer_Hedging,401659
2025-06-09,2881,0,Foreign_Dealer_Self,0
2025-06-09,2881,59500000,Investment_Trust,2162317
2025-06-09,2881,259251,Dealer_self,577000
2025-06-09,2881,360477,Dealer_Hedging,510000
2025-06-09,2881,10129400,Foreign_Investor,56292167
2025-06-10,2881,0,Foreign_Dealer_Self,0
2025-06-10,2881,53526000,Investment_Trust,318316
2025-06-10,2881,856299,Dealer_self,746000
2025-06-10,2881,380609,Dealer_Hedging,727753
2025-06-10,2881,22446412,Foreign_Investor,65606454
2025-06-11,2881,0,Foreign_Dealer_Self,0
2025-06-11,2881,80961000,Investment_Trust,1784763
2025-06-11,2881,1717165,Dealer_self,2359000
2025-06-11,2881,500107,Dealer_Hedging,708960
2025-06-11,2881,13636977,Foreign_Investor,65149971
2025-06-12,2881,0,Foreign_Dealer_Self,0
2025-06-12,2881,21000000,Investment_Trust,242006
2025-06-12,2881,454000,Dealer_self,891000
2025-06-12,2881,670000,Dealer_Hedging,919899
2025-06-12,2881,4711433,Foreign_Investor,37476567
2025-06-13,2881,14959483,Foreign_Investor,30959020
2025-06-13,2881,0,Foreign_Dealer_Self,0
2025-06-13,2881,14150000,Investment_Trust,171886
2025-06-13,2881,540000,Dealer_self,1376878
2025-06-13,2881,456154,Dealer_Hedging,2033799
2025-06-16,2881,0,Foreign_Dealer_Self,0
2025-06-16,2881,15000000,Investment_Trust,26285
2025-06-16,2881,810000,Dealer_self,199467
2025-06-16,2881,993509,Dealer_Hedging,683312
2025-06-16,2881,13888956,Foreign_Investor,33836983
2025-06-17,2881,13849664,Foreign_Investor,28303625
2025-06-17,2881,0,Foreign_Dealer_Self,0
2025-06-17,2881,12476000,Investment_Trust,77472
2025-06-17,2881,1922998,Dealer_self,2188778
2025-06-17,2881,1616764,Dealer_Hedging,1291651
2025-06-18,2881,0,Foreign_Dealer_Self,0
2025-06-18,2881,4386000,Investment_Trust,274121
2025-06-18,2881,1925000,Dealer_self,563996
2025-06-18,2881,267685,Dealer_Hedging,408064
2025-06-18,2881,15771468,Foreign_Investor,19379000
2025-06-19,2881,7018282,Foreign_Investor,22886513
2025-06-19,2881,0,Foreign_Dealer_Self,0
2025-06-19,2881,3899000,Investment_Trust,79495
2025-06-19,2881,229000,Dealer_self,550819
2025-06-19,2881,772510,Dealer_Hedging,390706
2025-06-20,2881,0,Foreign_Dealer_Self,0
2025-06-20,2881,4145000,Investment_Trust,781779
2025-06-20,2881,185000,Dealer_self,143121
2025-06-20,2881,412820,Dealer_Hedging,287908
2025-06-20,2881,12335597,Foreign_Investor,27475207
2025-06-23,2881,6430598,Foreign_Investor,15203147
2025-06-23,2881,0,Foreign_Dealer_Self,0
2025-06-23,2881,4670000,Investment_Trust,221688
2025-06-23,2881,408000,Dealer_self,283320
2025-06-23,2881,996753,Dealer_Hedging,676088
2025-06-24,2881,8408624,Foreign_Investor,15190596
2025-06-24,2881,0,Foreign_Dealer_Self,0
2025-06-24,2881,4153000,Investment_Trust,46477
2025-06-24,2881,148000,Dealer_self,92285
2025-06-24,2881,572998,Dealer_Hedging,212698
2025-06-25,2881,10883076,Foreign_Investor,22045412
2025-06-25,2881,0,Foreign_Dealer_Self,0
2025-06-25,2881,3726000,Investment_Trust,113398
2025-06-25,2881,197486,Dealer_self,23108
2025-06-25,2881,258000,Dealer_Hedging,97619
2025-06-26,2881,13031083,Foreign_Investor,21121346
2025-06-26,2881,0,Foreign_Dealer_Self,0
2025-06-26,2881,7012000,Investment_Trust,225430
2025-06-26,2881,81026,Dealer_self,676734
2025-06-26,2881,480000,Dealer_Hedging,233441
2025-06-27,2881,20118623,Foreign_Investor,16767644
2025-06-27,2881,0,Foreign_Dealer_Self,0
2025-06-27,2881,1108000,Investment_Trust,316699
2025-06-27,2881,1000,Dealer_self,756234
2025-06-27,2881,145000,Dealer_Hedging,301216
2025-06-30,2881,0,Foreign_Dealer_Self,0
2025-06-30,2881,77242597,Investment_Trust,215094
2025-06-30,2881,539142,Dealer_self,715349
2025-06-30,2881,3665292,Dealer_Hedging,2644011
2025-06-30,2881,17855782,Foreign_Investor,56716500
2025-07-01,2881,0,Foreign_Dealer_Self,0
2025-07-01,2881,5779872,Investment_Trust,2995000
2025-07-01,2881,134000,Dealer_self,58308
2025-07-01,2881,953998,Dealer_Hedging,3781601
2025-07-01,2881,31227749,Foreign_Investor,23227518
2025-07-02,2881,8582753,Foreign_Investor,17804803
2025-07-02,2881,0,Foreign_Dealer_Self,0
2025-07-02,2881,6632000,Investment_Trust,317906
2025-07-02,2881,60763,Dealer_self,164000
2025-07-02,2881,468702,Dealer_Hedging,290066
2025-07-03,2881,6897045,Foreign_Investor,12150350
2025-07-03,2881,0,Foreign_Dealer_Self,0
2025-07-03,2881,6009000,Investment_Trust,1031727
2025-07-03,2881,146700,Dealer_self,254000
2025-07-03,2881,280000,Dealer_Hedging,132144
2025-07-04,2881,6215752,Foreign_Investor,22378876
2025-07-04,2881,0,Foreign_Dealer_Self,0
2025-07-04,2881,5700000,Investment_Trust,1702024
2025-07-04,2881,86000,Dealer_self,25000
2025-07-04,2881,272000,Dealer_Hedging,266497
2025-07-07,2881,8937005,Foreign_Investor,11448265
2025-07-07,2881,0,Foreign_Dealer_Self,0
2025-07-07,2881,5704106,Investment_Trust,1332807
2025-07-07,2881,20000,Dealer_self,63000
2025-07-07,2881,474004,Dealer_Hedging,497455
2025-07-08,2881,9186892,Foreign_Investor,9587507
2025-07-08,2881,0,Foreign_Dealer_Self,0
2025-07-08,2881,138188,Investment_Trust,1239000
2025-07-08,2881,95000,Dealer_self,7200
2025-07-08,2881,231000,Dealer_Hedging,342926
2025-07-09,2881,9012821,Foreign_Investor,12052083
2025-07-09,2881,0,Foreign_Dealer_Self,0
2025-07-09,2881,0,Investment_Trust,4052675
2025-07-09,2881,6000,Dealer_self,200000
2025-07-09,2881,336000,Dealer_Hedging,98997
2025-07-10,2881,15208363,Foreign_Investor,9322242
2025-07-10,2881,0,Foreign_Dealer_Self,0
2025-07-10,2881,0,Investment_Trust,1352284
2025-07-10,2881,4000,Dealer_self,106000
2025-07-10,2881,229679,Dealer_Hedging,161668
2025-07-11,2881,15341194,Foreign_Investor,9989532
2025-07-11,2881,0,Foreign_Dealer_Self,0
2025-07-11,2881,21000,Investment_Trust,7313579
2025-07-11,2881,34000,Dealer_self,49000
2025-07-11,2881,655821,Dealer_Hedging,165507
2025-07-14,2881,15883580,Foreign_Investor,8548448
2025-07-14,2881,0,Foreign_Dealer_Self,0
2025-07-14,2881,14000,Investment_Trust,5809501
2025-07-14,2881,8000,Dealer_self,79000
2025-07-14,2881,117545,Dealer_Hedging,154631
2025-07-15,2881,8420055,Foreign_Investor,5241580
2025-07-15,2881,0,Foreign_Dealer_Self,0
2025-07-15,2881,200000,Investment_Trust,869236
2025-07-15,2881,167308,Dealer_self,132000
2025-07-15,2881,264992,Dealer_Hedging,211561
2025-07-16,2881,12986563,Foreign_Investor,9666775
2025-07-16,2881,0,Foreign_Dealer_Self,0
2025-07-16,2881,2817245,Investment_Trust,1225269
2025-07-16,2881,329000,Dealer_self,650000
2025-07-16,2881,757955,Dealer_Hedging,257300
2025-07-17,2881,5478104,Foreign_Investor,8791230
2025-07-17,2881,0,Foreign_Dealer_Self,0
2025-07-17,2881,4504016,Investment_Trust,1041359
2025-07-17,2881,206000,Dealer_self,10000
2025-07-17,2881,111084,Dealer_Hedging,253803
2025-07-18,2881,8728420,Foreign_Investor,14488346
2025-07-18,2881,0,Foreign_Dealer_Self,0
2025-07-18,2881,3322000,Investment_Trust,335344
2025-07-18,2881,199146,Dealer_self,2000
2025-07-18,2881,250000,Dealer_Hedging,57605
2025-07-21,2881,6703998,Foreign_Investor,7032154
2025-07-21,2881,0,Foreign_Dealer_Self,0
2025-07-21,2881,686000,Investment_Trust,1440963
2025-07-21,2881,161000,Dealer_self,12000
2025-07-21,2881,1296000,Dealer_Hedging,7078
2025-07-22,2881,6031106,Foreign_Investor,7362200
2025-07-22,2881,0,Foreign_Dealer_Self,0
2025-07-22,2881,1250753,Investment_Trust,1575627
2025-07-22,2881,153000,Dealer_self,2000
2025-07-22,2881,484855,Dealer_Hedging,143560
2025-07-23,2881,9911420,Foreign_Investor,9015251
2025-07-23,2881,0,Foreign_Dealer_Self,0
2025-07-23,2881,2388000,Investment_Trust,1229000
2025-07-23,2881,985000,Dealer_self,5000
2025-07-23,2881,264691,Dealer_Hedging,64956
2025-07-24,2881,3957574,Foreign_Investor,5652724
2025-07-24,2881,0,Foreign_Dealer_Self,0
2025-07-24,2881,1600000,Investment_Trust,991358
2025-07-24,2881,59000,Dealer_self,37000
2025-07-24,2881,122000,Dealer_Hedging,76407
2025-07-25,2881,3183399,Foreign_Investor,5084318
2025-07-25,2881,0,Foreign_Dealer_Self,0
2025-07-25,2881,10000,Dealer_self,259863
2025-07-25,2881,92000,Dealer_Hedging,224689
2025-07-25,2881,2704000,Investment_Trust,837758
2025-07-28,2881,4564704,Foreign_Investor,6283416
2025-07-28,2881,0,Foreign_Dealer_Self,0
2025-07-28,2881,2700000,Investment_Trust,269553
2025-07-28,2881,103000,Dealer_self,21000
2025-07-28,2881,370628,Dealer_Hedging,68048
2025-07-29,2881,4953209,Foreign_Investor,8950500
2025-07-29,2881,0,Foreign_Dealer_Self,0
2025-07-29,2881,3606000,Investment_Trust,259708
2025-07-29,2881,179000,Dealer_self,0
2025-07-29,2881,550662,Dealer_Hedging,106151
2025-07-30,2881,7400901,Foreign_Investor,4586226
2025-07-30,2881,0,Foreign_Dealer_Self,0
2025-07-30,2881,1404000,Investment_Trust,210000
2025-07-30,2881,83000,Dealer_self,9000
2025-07-30,2881,350984,Dealer_Hedging,38643
2025-07-31,2881,8624461,Foreign_Investor,8284126
2025-07-31,2881,0,Foreign_Dealer_Self,0
2025-07-31,2881,1473000,Investment_Trust,741297
2025-07-31,2881,376000,Dealer_self,126224
2025-07-31,2881,336000,Dealer_Hedging,228341
2025-08-01,2881,5519563,Foreign_Investor,7862547
2025-08-01,2881,0,Foreign_Dealer_Self,0
2025-08-01,2881,1666000,Investment_Trust,459717
2025-08-01,2881,194000,Dealer_self,1000
2025-08-01,2881,392991,Dealer_Hedging,139027
2025-08-04,2881,0,Foreign_Dealer_Self,0
2025-08-04,2881,4053000,Investment_Trust,123859
2025-08-04,2881,16000,Dealer_self,327996
2025-08-04,2881,195914,Dealer_Hedging,673755
2025-08-04,2881,8400263,Foreign_Investor,6152646
2025-08-05,2881,4933336,Foreign_Investor,8132838
2025-08-05,2881,0,Foreign_Dealer_Self,0
2025-08-05,2881,4445000,Investment_Trust,433005
2025-08-05,2881,24000,Dealer_self,147000
2025-08-05,2881,309088,Dealer_Hedging,35549
2025-08-06,2881,8308228,Foreign_Investor,7795522
2025-08-06,2881,0,Foreign_Dealer_Self,0
2025-08-06,2881,3525000,Investment_Trust,214057
2025-08-06,2881,29000,Dealer_self,1000
2025-08-06,2881,285718,Dealer_Hedging,21036
2025-08-07,2881,9109142,Foreign_Investor,5358825
2025-08-07,2881,0,Foreign_Dealer_Self,0
2025-08-07,2881,1087391,Investment_Trust,245697
2025-08-07,2881,120000,Dealer_self,6000
2025-08-07,2881,307911,Dealer_Hedging,215000
2025-08-08,2881,5049229,Foreign_Investor,3858452
2025-08-08,2881,0,Foreign_Dealer_Self,0
2025-08-08,2881,2666000,Investment_Trust,778759
2025-08-08,2881,110000,Dealer_self,199000
2025-08-08,2881,93810,Dealer_Hedging,96000
2025-08-11,2881,4266275,Foreign_Investor,1609259
2025-08-11,2881,0,Foreign_Dealer_Self,0
2025-08-11,2881,2157000,Investment_Trust,445498
2025-08-11,2881,98000,Dealer_self,21000
2025-08-11,2881,136648,Dealer_Hedging,149000
2025-08-12,2881,0,Foreign_Dealer_Self,0
2025-08-12,2881,212000,Investment_Trust,75761
2025-08-12,2881,69175,Dealer_self,38000
2025-08-12,2881,132434,Dealer_Hedging,109000
2025-08-12,2881,12794535,Foreign_Investor,9028716
2025-08-13,2881,0,Foreign_Dealer_Self,0
2025-08-13,2881,1622000,Investment_Trust,120846
2025-08-13,2881,398000,Dealer_self,112000
2025-08-13,2881,101354,Dealer_Hedging,119401
2025-08-13,2881,10630836,Foreign_Investor,5057405
2025-08-14,2881,0,Foreign_Dealer_Self,0
2025-08-14,2881,2063761,Investment_Trust,264430
2025-08-14,2881,372000,Dealer_self,55000
2025-08-14,2881,611499,Dealer_Hedging,129000
2025-08-14,2881,15838264,Foreign_Investor,4069990
2025-08-15,2881,0,Foreign_Dealer_Self,0
2025-08-15,2881,109000,Investment_Trust,661736
2025-08-15,2881,279000,Dealer_self,35000
2025-08-15,2881,172981,Dealer_Hedging,70829
2025-08-15,2881,8458419,Foreign_Investor,6208390
2025-08-18,2881,10230167,Foreign_Investor,7742152
2025-08-18,2881,0,Foreign_Dealer_Self,0
2025-08-18,2881,1684522,Investment_Trust,218430
2025-08-18,2881,82000,Dealer_self,35000
2025-08-18,2881,197883,Dealer_Hedging,186194
2025-08-19,2881,0,Foreign_Dealer_Self,0
2025-08-19,2881,1163761,Investment_Trust,348941
2025-08-19,2881,139000,Dealer_self,0
2025-08-19,2881,121200,Dealer_Hedging,33737
2025-08-19,2881,9539847,Foreign_Investor,11817545
2025-08-20,2881,9799440,Foreign_Investor,15506450
2025-08-20,2881,0,Foreign_Dealer_Self,0
2025-08-20,2881,2322522,Investment_Trust,71940
2025-08-20,2881,690000,Dealer_self,16000
2025-08-20,2881,1425510,Dealer_Hedging,177445
2025-08-21,2881,7477959,Foreign_Investor,8067014
2025-08-21,2881,0,Foreign_Dealer_Self,0
2025-08-21,2881,2791762,Investment_Trust,262902
2025-08-21,2881,7000,Dealer_self,42000
2025-08-21,2881,321553,Dealer_Hedging,150000
2025-08-22,2881,0,Foreign_Dealer_Self,0
2025-08-22,2881,53000,Dealer_self,32000
2025-08-22,2881,135225,Dealer_Hedging,50000
2025-08-22,2881,8421419,Foreign_Investor,8315923
2025-08-22,2881,540000,Investment_Trust,279361
2025-08-25,2881,0,Foreign_Dealer_Self,0
2025-08-25,2881,3186912,Investment_Trust,134846
2025-08-25,2881,100812,Dealer_self,0
2025-08-25,2881,207087,Dealer_Hedging,128000
2025-08-25,2881,14777958,Foreign_Investor,8062104
2025-08-26,2881,0,Foreign_Dealer_Self,0
2025-08-26,2881,244000,Dealer_self,15000
2025-08-26,2881,233000,Dealer_Hedging,137635
2025-08-26,2881,22209931,Foreign_Investor,31156868
2025-08-26,2881,703349,Investment_Trust,167000
2025-08-27,2881,5656297,Foreign_Investor,21931238
2025-08-27,2881,0,Foreign_Dealer_Self,0
2025-08-27,2881,381000,Dealer_self,59859
2025-08-27,2881,379000,Dealer_Hedging,150554
2025-08-27,2881,2100000,Investment_Trust,813000
2025-08-28,2881,8511126,Foreign_Investor,15462111
2025-08-28,2881,0,Foreign_Dealer_Self,0
2025-08-28,2881,3054000,Investment_Trust,346627
2025-08-28,2881,98000,Dealer_self,70993
2025-08-28,2881,226000,Dealer_Hedging,202556
2025-08-29,2881,0,Foreign_Dealer_Self,0
2025-08-29,2881,170000,Dealer_self,2874
2025-08-29,2881,481000,Dealer_Hedging,397843
2025-08-29,2881,8816082,Foreign_Investor,20942157
2025-08-29,2881,124000,Investment_Trust,442944
2025-09-01,2881,6344309,Foreign_Investor,5758000
2025-09-01,2881,0,Foreign_Dealer_Self,0
2025-09-01,2881,1392921,Investment_Trust,648000
2025-09-01,2881,152000,Dealer_self,59000
2025-09-01,2881,77432,Dealer_Hedging,121547
2025-09-02,2881,13473510,Foreign_Investor,6596861
2025-09-02,2881,0,Foreign_Dealer_Self,0
2025-09-02,2881,60000,Dealer_self,106000
2025-09-02,2881,79829,Dealer_Hedging,202927
2025-09-02,2881,3280000,Investment_Trust,131889
2025-09-03,2881,6091234,Foreign_Investor,10172438
2025-09-03,2881,0,Foreign_Dealer_Self,0
2025-09-03,2881,60000,Dealer_self,0
2025-09-03,2881,151000,Dealer_Hedging,140418
2025-09-03,2881,2475000,Investment_Trust,155831
2025-09-04,2881,0,Foreign_Dealer_Self,0
2025-09-04,2881,4000,Investment_Trust,230427
2025-09-04,2881,105000,Dealer_self,78000
2025-09-04,2881,9674,Dealer_Hedging,7000
2025-09-04,2881,8946984,Foreign_Investor,7584644
2025-09-05,2881,0,Foreign_Dealer_Self,0
2025-09-05,2881,106000,Dealer_self,0
2025-09-05,2881,18996,Dealer_Hedging,103113
2025-09-05,2881,6037403,Foreign_Investor,5078879
2025-09-05,2881,630000,Investment_Trust,701388
2025-09-08,2881,0,Foreign_Dealer_Self,0
2025-09-08,2881,700000,Investment_Trust,459636
2025-09-08,2881,6000,Dealer_self,14474
2025-09-08,2881,83217,Dealer_Hedging,96076
2025-09-08,2881,10506622,Foreign_Investor,13479513
2025-09-09,2881,8870312,Foreign_Investor,9831064
2025-09-09,2881,0,Foreign_Dealer_Self,0
2025-09-09,2881,473000,Investment_Trust,489310
2025-09-09,2881,2000,Dealer_self,62000
2025-09-09,2881,41000,Dealer_Hedging,20740
2025-09-10,2881,9705723,Foreign_Investor,6277526
2025-09-10,2881,0,Foreign_Dealer_Self,0
2025-09-10,2881,2500000,Investment_Trust,302247
2025-09-10,2881,170000,Dealer_self,343628
2025-09-10,2881,183327,Dealer_Hedging,140000
2025-09-11,2881,11425612,Foreign_Investor,12530200
2025-09-11,2881,0,Foreign_Dealer_Self,0
2025-09-11,2881,829000,Investment_Trust,806807
2025-09-11,2881,324000,Dealer_self,418000
2025-09-11,2881,200000,Dealer_Hedging,71893
2025-09-12,2881,13043938,Foreign_Investor,5638231
2025-09-12,2881,0,Foreign_Dealer_Self,0
2025-09-12,2881,200000,Dealer_self,68000
2025-09-12,2881,78712,Dealer_Hedging,304728
2025-09-12,2881,2443000,Investment_Trust,577774
2025-09-15,2881,10542171,Foreign_Investor,4350720
2025-09-15,2881,0,Foreign_Dealer_Self,0
2025-09-15,2881,2928000,Investment_Trust,932454
2025-09-15,2881,148000,Dealer_self,36000
2025-09-15,2881,211055,Dealer_Hedging,70000
2025-09-16,2881,12216192,Foreign_Investor,8767604
2025-09-16,2881,0,Foreign_Dealer_Self,0
2025-09-16,2881,244057,Investment_Trust,1250197
2025-09-16,2881,32000,Dealer_self,0
2025-09-16,2881,169081,Dealer_Hedging,54962
2025-09-17,2881,10321453,Foreign_Investor,8938396
2025-09-17,2881,0,Foreign_Dealer_Self,0
2025-09-17,2881,20000,Dealer_self,63000
2025-09-17,2881,200864,Dealer_Hedging,101794
2025-09-17,2881,698000,Investment_Trust,689904
2025-09-18,2881,7488594,Foreign_Investor,8919471
2025-09-18,2881,0,Foreign_Dealer_Self,0
2025-09-18,2881,650000,Investment_Trust,418236
2025-09-18,2881,227000,Dealer_self,27000
2025-09-18,2881,19000,Dealer_Hedging,168173
2025-09-19,2881,0,Foreign_Dealer_Self,0
2025-09-19,2881,6906,Investment_Trust,2682867
2025-09-19,2881,246000,Dealer_self,40000
2025-09-19,2881,8000,Dealer_Hedging,22512
2025-09-19,2881,16011304,Foreign_Investor,17332590
2025-09-22,2881,6583283,Foreign_Investor,9704902
2025-09-22,2881,0,Foreign_Dealer_Self,0
2025-09-22,2881,105000,Dealer_self,24000
2025-09-22,2881,256357,Dealer_Hedging,15173
2025-09-22,2881,60000,Investment_Trust,325931
2025-09-23,2881,4693902,Foreign_Investor,8172713
2025-09-23,2881,0,Foreign_Dealer_Self,0
2025-09-23,2881,172000,Investment_Trust,622908
2025-09-23,2881,43000,Dealer_self,40000
2025-09-23,2881,64985,Dealer_Hedging,31000
2025-09-24,2881,11969330,Foreign_Investor,10769699
2025-09-24,2881,0,Foreign_Dealer_Self,0
2025-09-24,2881,380221,Dealer_self,164000
2025-09-24,2881,282080,Dealer_Hedging,110502
2025-09-24,2881,40000,Investment_Trust,2379830
2025-09-25,2881,0,Foreign_Dealer_Self,0
2025-09-25,2881,342000,Dealer_self,22000
2025-09-25,2881,667000,Dealer_Hedging,230407
2025-09-25,2881,7070225,Foreign_Investor,17939443
2025-09-25,2881,179000,Investment_Trust,1119254
2025-09-26,2881,0,Foreign_Dealer_Self,0
2025-09-26,2881,0,Investment_Trust,173147
2025-09-26,2881,139000,Dealer_self,110000
2025-09-26,2881,973553,Dealer_Hedging,467709
2025-09-26,2881,11635805,Foreign_Investor,12434741
2025-09-30,2881,0,Foreign_Dealer_Self,0
2025-09-30,2881,484000,Dealer_self,56000
2025-09-30,2881,325816,Dealer_Hedging,356550
2025-09-30,2881,17563824,Foreign_Investor,10535069
2025-09-30,2881,43580,Investment_Trust,140000
2025-10-01,2881,10314947,Foreign_Investor,6797004
2025-10-01,2881,0,Foreign_Dealer_Self,0
2025-10-01,2881,457000,Investment_Trust,2132660
2025-10-01,2881,176000,Dealer_self,29000
2025-10-01,2881,284822,Dealer_Hedging,193440
2025-10-02,2881,3827000,Foreign_Investor,3733709
2025-10-02,2881,0,Foreign_Dealer_Self,0
2025-10-02,2881,37000,Dealer_self,0
2025-10-02,2881,185603,Dealer_Hedging,22000
2025-10-02,2881,560863,Investment_Trust,466098
2025-10-03,2881,4648058,Foreign_Investor,8832000
2025-10-03,2881,0,Foreign_Dealer_Self,0
2025-10-03,2881,86000,Investment_Trust,427782
2025-10-03,2881,23000,Dealer_self,20000
2025-10-03,2881,197000,Dealer_Hedging,117333
2025-10-07,2881,9372000,Foreign_Investor,5244792
2025-10-07,2881,0,Foreign_Dealer_Self,0
2025-10-07,2881,562000,Dealer_self,24001
2025-10-07,2881,440188,Dealer_Hedging,213553
2025-10-07,2881,36000,Investment_Trust,2786811
2025-10-08,2881,7832433,Foreign_Investor,2393989
2025-10-08,2881,0,Foreign_Dealer_Self,0
2025-10-08,2881,181000,Investment_Trust,603305
2025-10-08,2881,105000,Dealer_self,71000
2025-10-08,2881,182025,Dealer_Hedging,98000
2025-10-09,2881,18658498,Foreign_Investor,5747848
2025-10-09,2881,0,Foreign_Dealer_Self,0
2025-10-09,2881,47000,Investment_Trust,1364162
2025-10-09,2881,219000,Dealer_self,77000
2025-10-09,2881,811211,Dealer_Hedging,428730
2025-10-13,2881,8609164,Foreign_Investor,13086878
2025-10-13,2881,0,Foreign_Dealer_Self,0
2025-10-13,2881,156000,Investment_Trust,416326
2025-10-13,2881,322000,Dealer_self,195000
2025-10-13,2881,549000,Dealer_Hedging,332922
2025-10-14,2881,17839640,Foreign_Investor,9181390
2025-10-14,2881,0,Foreign_Dealer_Self,0
2025-10-14,2881,160150,Investment_Trust,1151152
2025-10-14,2881,526672,Dealer_self,296000
2025-10-14,2881,146005,Dealer_Hedging,484226
2025-10-15,2881,0,Foreign_Dealer_Self,0
2025-10-15,2881,278000,Investment_Trust,70112
2025-10-15,2881,2171000,Dealer_self,249000
2025-10-15,2881,634852,Dealer_Hedging,373254
2025-10-15,2881,18560781,Foreign_Investor,17338867
2025-10-16,2881,17275044,Foreign_Investor,9788793
2025-10-16,2881,0,Foreign_Dealer_Self,0
2025-10-16,2881,890000,Investment_Trust,433777
2025-10-16,2881,491700,Dealer_self,222000
2025-10-16,2881,231278,Dealer_Hedging,143000
2025-10-17,2881,13846758,Foreign_Investor,6319628
2025-10-17,2881,0,Foreign_Dealer_Self,0
2025-10-17,2881,486000,Investment_Trust,1197000
2025-10-17,2881,132000,Dealer_self,29000
2025-10-17,2881,157186,Dealer_Hedging,52184
2025-10-20,2881,5533671,Foreign_Investor,6104119
2025-10-20,2881,0,Foreign_Dealer_Self,0
2025-10-20,2881,199000,Dealer_self,2000
2025-10-20,2881,360641,Dealer_Hedging,885
2025-10-20,2881,195000,Investment_Trust,526295
2025-10-21,2881,19345453,Foreign_Investor,6134397
2025-10-21,2881,0,Foreign_Dealer_Self,0
2025-10-21,2881,1056000,Investment_Trust,2350597
2025-10-21,2881,407088,Dealer_self,33000
2025-10-21,2881,640449,Dealer_Hedging,183316
2025-10-22,2881,11477105,Foreign_Investor,2916834
2025-10-22,2881,0,Foreign_Dealer_Self,0
2025-10-22,2881,1871779,Investment_Trust,1903584
2025-10-22,2881,368000,Dealer_self,1000
2025-10-22,2881,477012,Dealer_Hedging,126455
2025-10-23,2881,6437307,Foreign_Investor,4441015
2025-10-23,2881,0,Foreign_Dealer_Self,0
2025-10-23,2881,953000,Investment_Trust,320000
2025-10-23,2881,212414,Dealer_self,160000
2025-10-23,2881,413836,Dealer_Hedging,54000
2025-10-27,2881,10403044,Foreign_Investor,10568017
2025-10-27,2881,0,Foreign_Dealer_Self,0
2025-10-27,2881,4057000,Investment_Trust,469035
2025-10-27,2881,772829,Dealer_self,98000
2025-10-27,2881,678324,Dealer_Hedging,146000
2025-10-28,2881,0,Foreign_Dealer_Self,0
2025-10-28,2881,1320000,Investment_Trust,173081
2025-10-28,2881,147000,Dealer_self,3000
2025-10-28,2881,141000,Dealer_Hedging,68045
2025-10-28,2881,9370086,Foreign_Investor,12377196
2025-10-29,2881,6873161,Foreign_Investor,3460000
2025-10-29,2881,0,Foreign_Dealer_Self,0
2025-10-29,2881,338000,Investment_Trust,301162
2025-10-29,2881,204000,Dealer_self,41000
2025-10-29,2881,179755,Dealer_Hedging,142000
2025-10-30,2881,11194754,Foreign_Investor,6517225
2025-10-30,2881,0,Foreign_Dealer_Self,0
2025-10-30,2881,0,Investment_Trust,1109277
2025-10-30,2881,3450,Dealer_self,121000
2025-10-30,2881,398718,Dealer_Hedging,181011
2025-10-31,2881,8105088,Foreign_Investor,7448547
2025-10-31,2881,0,Foreign_Dealer_Self,0
2025-10-31,2881,73000,Investment_Trust,766321
2025-10-31,2881,356000,Dealer_self,79000
2025-10-31,2881,456580,Dealer_Hedging,54197
2025-11-03,2881,0,Foreign_Dealer_Self,0
2025-11-03,2881,380112,Investment_Trust,974263
2025-11-03,2881,201000,Dealer_self,151000
2025-11-03,2881,401828,Dealer_Hedging,4000
2025-11-03,2881,12323222,Foreign_Investor,5416080
2025-11-04,2881,0,Foreign_Dealer_Self,0
2025-11-04,2881,492551,Investment_Trust,1888390
2025-11-04,2881,232999,Dealer_self,134000
2025-11-04,2881,274824,Dealer_Hedging,295000
2025-11-04,2881,14354899,Foreign_Investor,6785550
2025-11-05,2881,7016972,Foreign_Investor,12022540
2025-11-05,2881,0,Foreign_Dealer_Self,0
2025-11-05,2881,65548,Investment_Trust,5183
2025-11-05,2881,49000,Dealer_self,144000
2025-11-05,2881,429000,Dealer_Hedging,232496
2025-11-06,2881,10152944,Foreign_Investor,8150214
2025-11-06,2881,0,Foreign_Dealer_Self,0
2025-11-06,2881,239000,Investment_Trust,22238
2025-11-06,2881,434000,Dealer_self,157002
2025-11-06,2881,214059,Dealer_Hedging,271013
2025-11-07,2881,5801621,Foreign_Investor,5877252
2025-11-07,2881,0,Foreign_Dealer_Self,0
2025-11-07,2881,209000,Investment_Trust,669136
2025-11-07,2881,29000,Dealer_self,145961
2025-11-07,2881,143000,Dealer_Hedging,125022
2025-11-10,2881,0,Foreign_Dealer_Self,0
2025-11-10,2881,820825,Investment_Trust,0
2025-11-10,2881,422375,Dealer_self,8000
2025-11-10,2881,223609,Dealer_Hedging,255906
2025-11-10,2881,7950186,Foreign_Investor,8168426
2025-11-11,2881,12166568,Foreign_Investor,8579513
2025-11-11,2881,0,Foreign_Dealer_Self,0
2025-11-11,2881,683776,Investment_Trust,4062368
2025-11-11,2881,14000,Dealer_self,218000
2025-11-11,2881,195450,Dealer_Hedging,329000
2025-11-12,2881,0,Foreign_Dealer_Self,0
2025-11-12,2881,159000,Investment_Trust,1847369
2025-11-12,2881,224350,Dealer_self,21177
2025-11-12,2881,393419,Dealer_Hedging,274000
2025-11-12,2881,11871867,Foreign_Investor,7506487
2025-11-13,2881,47263637,Foreign_Investor,18691629
2025-11-13,2881,0,Foreign_Dealer_Self,0
2025-11-13,2881,107000,Investment_Trust,2485458
2025-11-13,2881,271766,Dealer_self,253837
2025-11-13,2881,821453,Dealer_Hedging,638000
2025-11-14,2881,21291950,Foreign_Investor,25998870
2025-11-14,2881,0,Foreign_Dealer_Self,0
2025-11-14,2881,8708000,Investment_Trust,516713
2025-11-14,2881,81100,Dealer_self,37550
2025-11-14,2881,730025,Dealer_Hedging,371250
2025-11-17,2881,29717684,Foreign_Investor,41463147
2025-11-17,2881,0,Foreign_Dealer_Self,0
2025-11-17,2881,12471651,Investment_Trust,1042623
2025-11-17,2881,51000,Dealer_self,272100
2025-11-17,2881,350056,Dealer_Hedging,553703
2025-11-18,2881,30077623,Foreign_Investor,53053291
2025-11-18,2881,0,Foreign_Dealer_Self,0
2025-11-18,2881,19800000,Investment_Trust,34489
2025-11-18,2881,103000,Dealer_self,360000
2025-11-18,2881,750120,Dealer_Hedging,431385
2025-11-19,2881,0,Foreign_Dealer_Self,0
2025-11-19,2881,25417825,Investment_Trust,7053
2025-11-19,2881,153000,Dealer_self,232335
2025-11-19,2881,715000,Dealer_Hedging,462286
2025-11-19,2881,27155734,Foreign_Investor,66855696
2025-11-20,2881,24318268,Foreign_Investor,53485343
2025-11-20,2881,0,Foreign_Dealer_Self,0
2025-11-20,2881,57000,Dealer_self,20317
2025-11-20,2881,442068,Dealer_Hedging,353258
2025-11-20,2881,31799649,Investment_Trust,292053
2025-11-21,2881,26447169,Foreign_Investor,56346319
2025-11-21,2881,0,Foreign_Dealer_Self,0
2025-11-21,2881,35522000,Investment_Trust,7000
2025-11-21,2881,430000,Dealer_self,269019
2025-11-21,2881,1314169,Dealer_Hedging,422820
2025-11-24,2881,0,Foreign_Dealer_Self,0
2025-11-24,2881,272472,Dealer_self,303100
2025-11-24,2881,806154,Dealer_Hedging,329547
2025-11-24,2881,42304346,Foreign_Investor,68852525
2025-11-24,2881,42864000,Investment_Trust,6507
2025-11-25,2881,0,Foreign_Dealer_Self,0
2025-11-25,2881,93352,Dealer_self,163000
2025-11-25,2881,283946,Dealer_Hedging,574046
2025-11-25,2881,13929913,Foreign_Investor,42269242
2025-11-25,2881,46859000,Investment_Trust,262000
2025-11-26,2881,8533727,Foreign_Investor,32307869
2025-11-26,2881,0,Foreign_Dealer_Self,0
2025-11-26,2881,133345,Dealer_self,95522
2025-11-26,2881,521778,Dealer_Hedging,420815
2025-11-26,2881,32634825,Investment_Trust,1721844
2025-11-27,2881,0,Foreign_Dealer_Self,0
2025-11-27,2881,30962000,Investment_Trust,553402
2025-11-27,2881,45210,Dealer_self,192000
2025-11-27,2881,327030,Dealer_Hedging,525850
2025-11-27,2881,11404657,Foreign_Investor,28166021
2025-11-28,2881,9823872,Foreign_Investor,16710300
2025-11-28,2881,0,Foreign_Dealer_Self,0
2025-11-28,2881,620779,Dealer_self,13000
2025-11-28,2881,327000,Dealer_Hedging,56812
2025-11-28,2881,835000,Investment_Trust,462435
2025-12-01,2881,7499693,Foreign_Investor,10441826
2025-12-01,2881,0,Foreign_Dealer_Self,0
2025-12-01,2881,184000,Investment_Trust,458000
2025-12-01,2881,92975,Dealer_self,104000
2025-12-01,2881,337000,Dealer_Hedging,64497
2025-12-02,2881,19220899,Foreign_Investor,13249144
2025-12-02,2881,0,Foreign_Dealer_Self,0
2025-12-02,2881,20539,Investment_Trust,265000
2025-12-02,2881,390975,Dealer_self,23000
2025-12-02,2881,301134,Dealer_Hedging,137354
2025-12-03,2881,0,Foreign_Dealer_Self,0
2025-12-03,2881,1473000,Investment_Trust,155087
2025-12-03,2881,228364,Dealer_self,23000
2025-12-03,2881,62029,Dealer_Hedging,15866
2025-12-03,2881,14302360,Foreign_Investor,8240640
2025-12-04,2881,21679071,Foreign_Investor,6947254
2025-12-04,2881,0,Foreign_Dealer_Self,0
2025-12-04,2881,0,Investment_Trust,999017
2025-12-04,2881,447523,Dealer_self,156000
2025-12-04,2881,271513,Dealer_Hedging,359000
2025-12-05,2881,8858727,Foreign_Investor,6930069
2025-12-05,2881,0,Foreign_Dealer_Self,0
2025-12-05,2881,10000,Investment_Trust,54036
2025-12-05,2881,440000,Dealer_self,140000
2025-12-05,2881,204712,Dealer_Hedging,41527
2025-12-08,2881,0,Foreign_Dealer_Self,0
2025-12-08,2881,30000,Investment_Trust,120070
2025-12-08,2881,206000,Dealer_self,42600
2025-12-08,2881,57495,Dealer_Hedging,70000
2025-12-08,2881,12722430,Foreign_Investor,3882726
2025-12-09,2881,14323012,Foreign_Investor,5911979
2025-12-09,2881,0,Foreign_Dealer_Self,0
2025-12-09,2881,35000,Investment_Trust,378318
2025-12-09,2881,109380,Dealer_self,157000
2025-12-09,2881,107344,Dealer_Hedging,29000
2025-12-10,2881,0,Foreign_Dealer_Self,0
2025-12-10,2881,101,Investment_Trust,268195
2025-12-10,2881,196000,Dealer_self,138049
2025-12-10,2881,130000,Dealer_Hedging,115938
2025-12-10,2881,7267597,Foreign_Investor,6001404
2025-12-11,2881,0,Foreign_Dealer_Self,0
2025-12-11,2881,0,Investment_Trust,155191
2025-12-11,2881,210197,Dealer_self,57000
2025-12-11,2881,49997,Dealer_Hedging,96447
2025-12-11,2881,7600426,Foreign_Investor,6841313
2025-12-12,2881,12755167,Foreign_Investor,7845072
2025-12-12,2881,0,Foreign_Dealer_Self,0
2025-12-12,2881,1610000,Investment_Trust,296282
2025-12-12,2881,1606312,Dealer_self,327197
2025-12-12,2881,1045249,Dealer_Hedging,594000
2025-12-15,2881,7962255,Foreign_Investor,7931170
2025-12-15,2881,0,Foreign_Dealer_Self,0
2025-12-15,2881,269000,Investment_Trust,1254000
2025-12-15,2881,351000,Dealer_self,559581
2025-12-15,2881,262232,Dealer_Hedging,407807
2025-12-16,2881,0,Foreign_Dealer_Self,0
2025-12-16,2881,380000,Investment_Trust,14647081
2025-12-16,2881,531000,Dealer_self,542000
2025-12-16,2881,995382,Dealer_Hedging,348637
2025-12-16,2881,22536459,Foreign_Investor,8598600
2025-12-17,2881,26585722,Foreign_Investor,14793700
2025-12-17,2881,0,Foreign_Dealer_Self,0
2025-12-17,2881,446000,Investment_Trust,6748154
2025-12-17,2881,245000,Dealer_self,82000
2025-12-17,2881,154961,Dealer_Hedging,933000
2025-12-18,2881,16483990,Foreign_Investor,10645625
2025-12-18,2881,0,Foreign_Dealer_Self,0
2025-12-18,2881,4000,Investment_Trust,6696000
2025-12-18,2881,842000,Dealer_self,230001
2025-12-18,2881,609790,Dealer_Hedging,271783
2025-12-19,2881,0,Foreign_Dealer_Self,0
2025-12-19,2881,372585,Investment_Trust,8288500
2025-12-19,2881,533998,Dealer_self,170000
2025-12-19,2881,65000,Dealer_Hedging,146000
2025-12-19,2881,17815199,Foreign_Investor,6444720
2025-12-22,2881,17158026,Foreign_Investor,2479290
2025-12-22,2881,0,Foreign_Dealer_Self,0
2025-12-22,2881,28000,Investment_Trust,9100185
2025-12-22,2881,58000,Dealer_self,207000
2025-12-22,2881,353438,Dealer_Hedging,195000
2025-12-23,2881,10061594,Foreign_Investor,4371976
2025-12-23,2881,0,Foreign_Dealer_Self,0
2025-12-23,2881,0,Investment_Trust,7869026
2025-12-23,2881,164000,Dealer_self,147000
2025-12-23,2881,180247,Dealer_Hedging,68013
2025-12-24,2881,8403238,Foreign_Investor,2183150
2025-12-24,2881,0,Foreign_Dealer_Self,0
2025-12-24,2881,72000,Dealer_self,269000
2025-12-24,2881,109799,Dealer_Hedging,65010
2025-12-24,2881,145000,Investment_Trust,8794024
2025-12-26,2881,6125088,Foreign_Investor,599575
2025-12-26,2881,0,Foreign_Dealer_Self,0
2025-12-26,2881,68000,Dealer_self,54000
2025-12-26,2881,4000,Dealer_Hedging,51736
2025-12-26,2881,109000,Investment_Trust,8780941
2025-12-29,2881,4844708,Foreign_Investor,1000021
2025-12-29,2881,0,Foreign_Dealer_Self,0
2025-12-29,2881,90000,Investment_Trust,490103
2025-12-29,2881,168000,Dealer_self,176000
2025-12-29,2881,39279,Dealer_Hedging,58000
2025-12-30,2881,0,Foreign_Dealer_Self,0
2025-12-30,2881,0,Investment_Trust,1867175
2025-12-30,2881,84000,Dealer_self,108000
2025-12-30,2881,64000,Dealer_Hedging,64536
2025-12-30,2881,4195546,Foreign_Investor,5672715
2025-12-31,2881,7575895,Foreign_Investor,4395474
2025-12-31,2881,0,Foreign_Dealer_Self,0
2025-12-31,2881,81000,Dealer_self,484972
2025-12-31,2881,259000,Dealer_Hedging,137036
2025-12-31,2881,177000,Investment_Trust,5178434
2026-01-02,2881,7704637,Foreign_Investor,2404610
2026-01-02,2881,0,Foreign_Dealer_Self,0
2026-01-02,2881,1849,Investment_Trust,7089052
2026-01-02,2881,247000,Dealer_self,45081
2026-01-02,2881,220000,Dealer_Hedging,112996
2026-01-05,2881,0,Foreign_Dealer_Self,0
2026-01-05,2881,15000,Investment_Trust,2117719
2026-01-05,2881,221679,Dealer_self,147000
2026-01-05,2881,521735,Dealer_Hedging,10568
2026-01-05,2881,15772678,Foreign_Investor,11118155
2026-01-06,2881,7386778,Foreign_Investor,6032503
2026-01-06,2881,0,Foreign_Dealer_Self,0
2026-01-06,2881,88000,Investment_Trust,3338953
2026-01-06,2881,116000,Dealer_self,69702
2026-01-06,2881,86000,Dealer_Hedging,45841
2026-01-07,2881,9156345,Foreign_Investor,5134302
2026-01-07,2881,0,Foreign_Dealer_Self,0
2026-01-07,2881,0,Investment_Trust,3311411
2026-01-07,2881,81000,Dealer_self,67216
2026-01-07,2881,251000,Dealer_Hedging,255904
2026-01-08,2881,0,Foreign_Dealer_Self,0
2026-01-08,2881,0,Investment_Trust,780656
2026-01-08,2881,21000,Dealer_self,15000
2026-01-08,2881,169121,Dealer_Hedging,53241
2026-01-08,2881,8055012,Foreign_Investor,5079557
2026-01-09,2881,5772741,Foreign_Investor,8655643
2026-01-09,2881,0,Foreign_Dealer_Self,0
2026-01-09,2881,24000,Investment_Trust,3094207
2026-01-09,2881,90000,Dealer_self,36364
2026-01-09,2881,285000,Dealer_Hedging,209326
2026-01-12,2881,7695823,Foreign_Investor,4690044
2026-01-12,2881,0,Foreign_Dealer_Self,0
2026-01-12,2881,7000,Investment_Trust,6155441
2026-01-12,2881,32000,Dealer_self,24175
2026-01-12,2881,448135,Dealer_Hedging,252199
2026-01-13,2881,9707063,Foreign_Investor,8008332
2026-01-13,2881,0,Foreign_Dealer_Self,0
2026-01-13,2881,14500,Investment_Trust,6374904
2026-01-13,2881,58000,Dealer_self,340250
2026-01-13,2881,498000,Dealer_Hedging,255936
2026-01-14,2881,11363615,Foreign_Investor,6474677
2026-01-14,2881,0,Foreign_Dealer_Self,0
2026-01-14,2881,46500,Investment_Trust,8475644
2026-01-14,2881,95000,Dealer_self,68305
2026-01-14,2881,437689,Dealer_Hedging,137120
2026-01-15,2881,0,Foreign_Dealer_Self,0
2026-01-15,2881,30000,Investment_Trust,4009932
2026-01-15,2881,101000,Dealer_self,70236
2026-01-15,2881,471802,Dealer_Hedging,273008
2026-01-15,2881,11845871,Foreign_Investor,5574042
2026-01-16,2881,14799037,Foreign_Investor,5670786
2026-01-16,2881,0,Foreign_Dealer_Self,0
2026-01-16,2881,29000,Investment_Trust,5753283
2026-01-16,2881,40000,Dealer_self,38450
2026-01-16,2881,266507,Dealer_Hedging,14667
2026-01-19,2881,8962225,Foreign_Investor,5485000
2026-01-19,2881,0,Foreign_Dealer_Self,0
2026-01-19,2881,422000,Investment_Trust,2871036
2026-01-19,2881,21000,Dealer_self,162640
2026-01-19,2881,64504,Dealer_Hedging,230893
2026-01-20,2881,9606523,Foreign_Investor,6711138
2026-01-20,2881,0,Foreign_Dealer_Self,0
2026-01-20,2881,3000,Investment_Trust,5166228
2026-01-20,2881,19000,Dealer_self,301502
2026-01-20,2881,246001,Dealer_Hedging,445504
2026-01-21,2881,9653460,Foreign_Investor,9631942
2026-01-21,2881,0,Foreign_Dealer_Self,0
2026-01-21,2881,0,Investment_Trust,3982783
2026-01-21,2881,341000,Dealer_self,509985
2026-01-21,2881,195000,Dealer_Hedging,350524
2026-01-22,2881,9493596,Foreign_Investor,10462035
2026-01-22,2881,0,Foreign_Dealer_Self,0
2026-01-22,2881,0,Investment_Trust,927856
2026-01-22,2881,6000,Dealer_self,11611
2026-01-22,2881,535867,Dealer_Hedging,118968
2026-01-23,2881,6965047,Foreign_Investor,6955325
2026-01-23,2881,0,Foreign_Dealer_Self,0
2026-01-23,2881,2000,Investment_Trust,1116756
2026-01-23,2881,86000,Dealer_self,84020
2026-01-23,2881,226000,Dealer_Hedging,86422
2026-01-26,2881,9341193,Foreign_Investor,5945300
2026-01-26,2881,0,Foreign_Dealer_Self,0
2026-01-26,2881,0,Investment_Trust,3906450
2026-01-26,2881,116000,Dealer_self,34998
2026-01-26,2881,48768,Dealer_Hedging,77639
2026-01-27,2881,11917912,Foreign_Investor,8500863
2026-01-27,2881,0,Foreign_Dealer_Self,0
2026-01-27,2881,3000,Investment_Trust,6790190
2026-01-27,2881,96000,Dealer_self,3846
2026-01-27,2881,681953,Dealer_Hedging,514889
2026-01-28,2881,7426199,Foreign_Investor,10456813
2026-01-28,2881,0,Foreign_Dealer_Self,0
2026-01-28,2881,0,Investment_Trust,1224172
2026-01-28,2881,111000,Dealer_self,111864
2026-01-28,2881,422768,Dealer_Hedging,327889
2026-01-29,2881,0,Foreign_Dealer_Self,0
2026-01-29,2881,0,Investment_Trust,4286706
2026-01-29,2881,155000,Dealer_self,237000
2026-01-29,2881,265094,Dealer_Hedging,143142
2026-01-29,2881,10927594,Foreign_Investor,4982480
2026-01-30,2881,0,Foreign_Dealer_Self,0
2026-01-30,2881,0,Investment_Trust,2435652
2026-01-30,2881,101000,Dealer_self,5999
2026-01-30,2881,377000,Dealer_Hedging,306965
2026-01-30,2881,12180743,Foreign_Investor,17235486
2026-02-02,2881,11517550,Foreign_Investor,7031741
2026-02-02,2881,0,Foreign_Dealer_Self,0
2026-02-02,2881,1242000,Investment_Trust,2448234
2026-02-02,2881,118000,Dealer_self,223000
2026-02-02,2881,143330,Dealer_Hedging,209512
2026-02-03,2881,9124121,Foreign_Investor,3633822
2026-02-03,2881,0,Foreign_Dealer_Self,0
2026-02-03,2881,1377357,Investment_Trust,566905
2026-02-03,2881,174000,Dealer_self,160000
2026-02-03,2881,149269,Dealer_Hedging,73145
2026-02-04,2881,0,Foreign_Dealer_Self,0
2026-02-04,2881,473000,Investment_Trust,173000
2026-02-04,2881,98000,Dealer_self,21000
2026-02-04,2881,109863,Dealer_Hedging,93343
2026-02-04,2881,12453489,Foreign_Investor,7127083
2026-02-05,2881,0,Foreign_Dealer_Self,0
2026-02-05,2881,64000,Dealer_self,53000
2026-02-05,2881,94168,Dealer_Hedging,156836
2026-02-05,2881,10352114,Foreign_Investor,6675326
2026-02-05,2881,978770,Investment_Trust,476778
2026-02-06,2881,0,Foreign_Dealer_Self,0
2026-02-06,2881,543586,Investment_Trust,10000
2026-02-06,2881,66000,Dealer_self,215608
2026-02-06,2881,168378,Dealer_Hedging,127525
2026-02-06,2881,5670699,Foreign_Investor,10613981
2026-02-09,2881,11159941,Foreign_Investor,3843654
2026-02-09,2881,0,Foreign_Dealer_Self,0
2026-02-09,2881,44000,Investment_Trust,526000
2026-02-09,2881,96000,Dealer_self,131025
2026-02-09,2881,238802,Dealer_Hedging,29203
2026-02-10,2881,0,Foreign_Dealer_Self,0
2026-02-10,2881,264000,Investment_Trust,799535
2026-02-10,2881,147000,Dealer_self,38000
2026-02-10,2881,92711,Dealer_Hedging,62322
2026-02-10,2881,12005348,Foreign_Investor,6073856
2026-02-11,2881,12810998,Foreign_Investor,4235112
2026-02-11,2881,0,Foreign_Dealer_Self,0
2026-02-11,2881,406000,Investment_Trust,1298000
2026-02-11,2881,599219,Dealer_self,141000
2026-02-11,2881,165265,Dealer_Hedging,569799
2026-02-23,2881,0,Foreign_Dealer_Self,0
2026-02-23,2881,1045000,Investment_Trust,6571551
2026-02-23,2881,878000,Dealer_self,881000
2026-02-23,2881,879205,Dealer_Hedging,1082579
2026-02-23,2881,29484363,Foreign_Investor,17374834
2026-02-24,2881,11056967,Foreign_Investor,16602714
2026-02-24,2881,0,Foreign_Dealer_Self,0
2026-02-24,2881,697000,Investment_Trust,2472554
2026-02-24,2881,240000,Dealer_self,22298
2026-02-24,2881,460334,Dealer_Hedging,42977
2026-02-25,2881,0,Foreign_Dealer_Self,0
2026-02-25,2881,186000,Dealer_self,56929
2026-02-25,2881,1150465,Dealer_Hedging,526110
2026-02-25,2881,13692799,Foreign_Investor,15357026
2026-02-25,2881,1002000,Investment_Trust,8266864
2026-02-26,2881,0,Foreign_Dealer_Self,0
2026-02-26,2881,398000,Dealer_self,146000
2026-02-26,2881,726408,Dealer_Hedging,57743
2026-02-26,2881,28142740,Foreign_Investor,22671589
2026-02-26,2881,1639000,Investment_Trust,3721912
2026-03-02,2881,0,Foreign_Dealer_Self,0
2026-03-02,2881,195000,Dealer_self,244000
2026-03-02,2881,237314,Dealer_Hedging,186863
2026-03-02,2881,12293514,Foreign_Investor,15552477
2026-03-02,2881,1261000,Investment_Trust,1607197
2026-03-03,2881,0,Foreign_Dealer_Self,0
2026-03-03,2881,540000,Investment_Trust,491085
2026-03-03,2881,22232,Dealer_self,94000
2026-03-03,2881,1010838,Dealer_Hedging,111029
2026-03-03,2881,8870864,Foreign_Investor,7650898
2026-03-04,2881,0,Foreign_Dealer_Self,0
2026-03-04,2881,1600000,Dealer_self,2449281
2026-03-04,2881,1890168,Dealer_Hedging,904381
2026-03-04,2881,11435462,Foreign_Investor,26301630
2026-03-04,2881,2774000,Investment_Trust,479348
2026-03-05,2881,5354845,Foreign_Investor,14497417
2026-03-05,2881,0,Foreign_Dealer_Self,0
2026-03-05,2881,83107,Dealer_self,323368
2026-03-05,2881,303569,Dealer_Hedging,526045
2026-03-05,2881,5063000,Investment_Trust,247092
2026-03-06,2881,6513544,Foreign_Investor,31067097
2026-03-06,2881,0,Foreign_Dealer_Self,0
2026-03-06,2881,1808000,Investment_Trust,54360
2026-03-06,2881,86000,Dealer_self,29707
2026-03-06,2881,1138922,Dealer_Hedging,930375
2026-03-09,2881,18851952,Foreign_Investor,26467506
2026-03-09,2881,0,Foreign_Dealer_Self,0
2026-03-09,2881,3467850,Investment_Trust,139737
2026-03-09,2881,1361000,Dealer_self,2488760
2026-03-09,2881,1801354,Dealer_Hedging,741644
2026-03-10,2881,10740645,Foreign_Investor,11529478
2026-03-10,2881,0,Foreign_Dealer_Self,0
2026-03-10,2881,26000,Dealer_self,32890
2026-03-10,2881,493745,Dealer_Hedging,513218
2026-03-10,2881,920851,Investment_Trust,692000
2026-03-11,2881,10533594,Foreign_Investor,8421606
2026-03-11,2881,0,Foreign_Dealer_Self,0
2026-03-11,2881,389000,Investment_Trust,174005
2026-03-11,2881,83000,Dealer_self,94000
2026-03-11,2881,198503,Dealer_Hedging,129394
2026-03-12,2881,0,Foreign_Dealer_Self,0
2026-03-12,2881,6540000,Investment_Trust,275710
2026-03-12,2881,26000,Dealer_self,197434
2026-03-12,2881,356665,Dealer_Hedging,403061
2026-03-12,2881,10242120,Foreign_Investor,16973486
2026-03-13,2881,0,Foreign_Dealer_Self,0
2026-03-13,2881,49000,Dealer_self,335395
2026-03-13,2881,531000,Dealer_Hedging,557073
2026-03-13,2881,4910872,Foreign_Investor,16808820
2026-03-13,2881,5675000,Investment_Trust,1160459
2026-03-16,2881,7511307,Foreign_Investor,6185999
2026-03-16,2881,0,Foreign_Dealer_Self,0
2026-03-16,2881,136000,Dealer_self,153630
2026-03-16,2881,398382,Dealer_Hedging,238485
2026-03-16,2881,98060,Investment_Trust,1266986
2026-03-17,2881,17439665,Foreign_Investor,11293808
2026-03-17,2881,0,Foreign_Dealer_Self,0
2026-03-17,2881,292000,Investment_Trust,3584329
2026-03-17,2881,271000,Dealer_self,86000
2026-03-17,2881,682124,Dealer_Hedging,214338
2026-03-18,2881,0,Foreign_Dealer_Self,0
2026-03-18,2881,68852,Investment_Trust,84731
2026-03-18,2881,270000,Dealer_self,0
2026-03-18,2881,473945,Dealer_Hedging,48357
2026-03-18,2881,6034556,Foreign_Investor,8402622
2026-03-19,2881,2338410,Foreign_Investor,19948776
2026-03-19,2881,0,Foreign_Dealer_Self,0
2026-03-19,2881,7730000,Investment_Trust,219000
2026-03-19,2881,32000,Dealer_self,60421
2026-03-19,2881,536000,Dealer_Hedging,487594
2026-03-20,2881,0,Foreign_Dealer_Self,0
2026-03-20,2881,13054017,Investment_Trust,2343116
2026-03-20,2881,151000,Dealer_self,218908
2026-03-20,2881,292078,Dealer_Hedging,419164
2026-03-20,2881,10938785,Foreign_Investor,21845866
2026-03-23,2881,5473018,Foreign_Investor,19711090
2026-03-23,2881,0,Foreign_Dealer_Self,0
2026-03-23,2881,7770949,Investment_Trust,8707
2026-03-23,2881,181000,Dealer_self,532526
2026-03-23,2881,1374327,Dealer_Hedging,1026245
2026-03-24,2881,5684420,Foreign_Investor,9629077
2026-03-24,2881,0,Foreign_Dealer_Self,0
2026-03-24,2881,97000,Dealer_self,78000
2026-03-24,2881,134607,Dealer_Hedging,355208
2026-03-24,2881,2729000,Investment_Trust,42000
2026-03-25,2881,10267121,Foreign_Investor,6516644
2026-03-25,2881,0,Foreign_Dealer_Self,0
2026-03-25,2881,710000,Investment_Trust,1462000
2026-03-25,2881,271000,Dealer_self,2000
2026-03-25,2881,194104,Dealer_Hedging,63676
2026-03-26,2881,7717090,Foreign_Investor,8962592
2026-03-26,2881,0,Foreign_Dealer_Self,0
2026-03-26,2881,1419000,Investment_Trust,51923
2026-03-26,2881,84000,Dealer_self,70000
2026-03-26,2881,244406,Dealer_Hedging,166759
2026-03-27,2881,5630181,Foreign_Investor,12326662
2026-03-27,2881,0,Foreign_Dealer_Self,0
2026-03-27,2881,1787000,Investment_Trust,5000
2026-03-27,2881,2000,Dealer_self,525
2026-03-27,2881,240480,Dealer_Hedging,149899
2026-03-30,2881,0,Foreign_Dealer_Self,0
2026-03-30,2881,2441877,Investment_Trust,60000
2026-03-30,2881,45000,Dealer_self,503437
2026-03-30,2881,485480,Dealer_Hedging,239837
2026-03-30,2881,10514132,Foreign_Investor,15188929
2026-03-31,2881,0,Foreign_Dealer_Self,0
2026-03-31,2881,1184000,Investment_Trust,143000
2026-03-31,2881,182000,Dealer_self,151967
2026-03-31,2881,1722709,Dealer_Hedging,65300
2026-03-31,2881,13289078,Foreign_Investor,16054013
2026-04-01,2881,8275003,Foreign_Investor,9280406
2026-04-01,2881,0,Foreign_Dealer_Self,0
2026-04-01,2881,1948877,Investment_Trust,0
2026-04-01,2881,661000,Dealer_self,60000
2026-04-01,2881,177424,Dealer_Hedging,21125
2026-04-02,2881,6061180,Foreign_Investor,7006679
2026-04-02,2881,0,Foreign_Dealer_Self,0
2026-04-02,2881,1719663,Investment_Trust,30000
2026-04-02,2881,1000,Dealer_self,140000
2026-04-02,2881,135922,Dealer_Hedging,160263
2026-04-07,2881,0,Foreign_Dealer_Self,0
2026-04-07,2881,45000,Dealer_self,86178
2026-04-07,2881,194756,Dealer_Hedging,302718
2026-04-07,2881,5216272,Foreign_Investor,11581748
2026-04-07,2881,2499880,Investment_Trust,200000
2026-04-08,2881,8980580,Foreign_Investor,10292642
2026-04-08,2881,0,Foreign_Dealer_Self,0
2026-04-08,2881,1848765,Investment_Trust,464112
2026-04-08,2881,566000,Dealer_self,39000
2026-04-08,2881,90119,Dealer_Hedging,372043
2026-04-09,2881,9897956,Foreign_Investor,17527120
2026-04-09,2881,0,Foreign_Dealer_Self,0
2026-04-09,2881,2123906,Investment_Trust,771292
2026-04-09,2881,18000,Dealer_self,206314
2026-04-09,2881,328024,Dealer_Hedging,252298
2026-04-10,2881,7438492,Foreign_Investor,17509820
2026-04-10,2881,0,Foreign_Dealer_Self,0
2026-04-10,2881,1253632,Investment_Trust,1158062
2026-04-10,2881,33000,Dealer_self,19790
2026-04-10,2881,350000,Dealer_Hedging,158653
2026-04-13,2881,5610373,Foreign_Investor,10785013
2026-04-13,2881,0,Foreign_Dealer_Self,0
2026-04-13,2881,64000,Dealer_self,5693
2026-04-13,2881,85000,Dealer_Hedging,333950
2026-04-13,2881,35891,Investment_Trust,3147023
2026-04-14,2881,13226039,Foreign_Investor,9580000
2026-04-14,2881,0,Foreign_Dealer_Self,0
2026-04-14,2881,20000,Dealer_self,17000
2026-04-14,2881,276167,Dealer_Hedging,113412
2026-04-14,2881,86526,Investment_Trust,2895622
2026-04-15,2881,11558943,Foreign_Investor,9251989
2026-04-15,2881,0,Foreign_Dealer_Self,0
2026-04-15,2881,79000,Dealer_self,80100
2026-04-15,2881,205444,Dealer_Hedging,466485
2026-04-15,2881,78513,Investment_Trust,3004559
2026-04-16,2881,10518424,Foreign_Investor,9545892
2026-04-16,2881,0,Foreign_Dealer_Self,0
2026-04-16,2881,91607,Investment_Trust,2845313
2026-04-16,2881,520000,Dealer_self,93000
2026-04-16,2881,415925,Dealer_Hedging,237884
2026-04-17,2881,7449011,Foreign_Investor,12013065
2026-04-17,2881,0,Foreign_Dealer_Self,0
2026-04-17,2881,69389,Investment_Trust,3072909
2026-04-17,2881,265000,Dealer_self,378000
2026-04-17,2881,447762,Dealer_Hedging,316400
2026-04-20,2881,0,Foreign_Dealer_Self,0
2026-04-20,2881,236851,Investment_Trust,6668840
2026-04-20,2881,27000,Dealer_self,8999
2026-04-20,2881,497997,Dealer_Hedging,330677
2026-04-20,2881,11408592,Foreign_Investor,10720403
2026-04-21,2881,0,Foreign_Dealer_Self,0
2026-04-21,2881,317588,Investment_Trust,3426611
2026-04-21,2881,22000,Dealer_self,2000
2026-04-21,2881,148594,Dealer_Hedging,17645
2026-04-21,2881,12203977,Foreign_Investor,10368303
2026-04-22,2881,18487035,Foreign_Investor,6844764
2026-04-22,2881,0,Foreign_Dealer_Self,0
2026-04-22,2881,179112,Investment_Trust,4169231
2026-04-22,2881,614000,Dealer_self,113000
2026-04-22,2881,244823,Dealer_Hedging,479601
2026-04-23,2881,17228448,Foreign_Investor,11047162
2026-04-23,2881,0,Foreign_Dealer_Self,0
2026-04-23,2881,4033,Investment_Trust,2826928
2026-04-23,2881,17000,Dealer_self,973000
2026-04-23,2881,326186,Dealer_Hedging,97555
2026-04-24,2881,5184959,Foreign_Investor,11883557
2026-04-24,2881,0,Foreign_Dealer_Self,0
2026-04-24,2881,11937,Investment_Trust,1504219
2026-04-24,2881,49000,Dealer_self,49000
2026-04-24,2881,108116,Dealer_Hedging,80617
2026-04-27,2881,16587950,Foreign_Investor,12391000
2026-04-27,2881,0,Foreign_Dealer_Self,0
2026-04-27,2881,0,Investment_Trust,3020926
2026-04-27,2881,44000,Dealer_self,178870
2026-04-27,2881,648657,Dealer_Hedging,588177
2026-04-28,2881,12514958,Foreign_Investor,9319000
2026-04-28,2881,0,Foreign_Dealer_Self,0
2026-04-28,2881,0,Investment_Trust,2555074
2026-04-28,2881,91000,Dealer_self,10000
2026-04-28,2881,144337,Dealer_Hedging,129000
2026-04-29,2881,0,Foreign_Dealer_Self,0
2026-04-29,2881,1316000,Investment_Trust,1794250
2026-04-29,2881,278000,Dealer_self,527000
2026-04-29,2881,282829,Dealer_Hedging,204514
2026-04-29,2881,25072708,Foreign_Investor,14252007
2026-04-30,2881,18711373,Foreign_Investor,18055214
2026-04-30,2881,0,Foreign_Dealer_Self,0
2026-04-30,2881,0,Investment_Trust,3762837
2026-04-30,2881,148000,Dealer_self,24000
2026-04-30,2881,346631,Dealer_Hedging,130215
2026-05-04,2881,34356468,Foreign_Investor,16120107
2026-05-04,2881,0,Foreign_Dealer_Self,0
2026-05-04,2881,266674,Dealer_self,47428
2026-05-04,2881,304946,Dealer_Hedging,168044
2026-05-04,2881,681000,Investment_Trust,10966914
2026-05-05,2881,15434184,Foreign_Investor,11256709
2026-05-05,2881,0,Foreign_Dealer_Self,0
2026-05-05,2881,240735,Investment_Trust,5299656
2026-05-05,2881,120000,Dealer_self,9000
2026-05-05,2881,41613,Dealer_Hedging,307535
2026-05-06,2881,17272916,Foreign_Investor,6846003
2026-05-06,2881,0,Foreign_Dealer_Self,0
2026-05-06,2881,253938,Investment_Trust,4049962
2026-05-06,2881,72393,Dealer_self,75000
2026-05-06,2881,173287,Dealer_Hedging,167000
2026-05-07,2881,22846108,Foreign_Investor,10610145
2026-05-07,2881,0,Foreign_Dealer_Self,0
2026-05-07,2881,1698362,Investment_Trust,3544803
2026-05-07,2881,184401,Dealer_self,319000
2026-05-07,2881,379308,Dealer_Hedging,270476
2026-05-08,2881,0,Foreign_Dealer_Self,0
2026-05-08,2881,612000,Investment_Trust,7460620
2026-05-08,2881,476161,Dealer_self,255000
2026-05-08,2881,541525,Dealer_Hedging,541000
2026-05-08,2881,50261729,Foreign_Investor,12762451
2026-05-11,2881,9964992,Foreign_Investor,13499734
2026-05-11,2881,0,Foreign_Dealer_Self,0
2026-05-11,2881,61000,Dealer_self,335000
2026-05-11,2881,218138,Dealer_Hedging,107980
2026-05-11,2881,11000,Investment_Trust,1952143
2026-05-12,2881,20140933,Foreign_Investor,21751475
2026-05-12,2881,0,Foreign_Dealer_Self,0
2026-05-12,2881,17000,Investment_Trust,6089843
2026-05-12,2881,70000,Dealer_self,265264
2026-05-12,2881,154474,Dealer_Hedging,538679
2026-05-13,2881,14332716,Foreign_Investor,7010279
2026-05-13,2881,0,Foreign_Dealer_Self,0
2026-05-13,2881,662724,Investment_Trust,2873000
2026-05-13,2881,46173,Dealer_self,40000
2026-05-13,2881,962369,Dealer_Hedging,409000
2026-05-14,2881,16121094,Foreign_Investor,8938292
2026-05-14,2881,0,Foreign_Dealer_Self,0
2026-05-14,2881,1211,Dealer_self,158000
2026-05-14,2881,259209,Dealer_Hedging,59427
2026-05-14,2881,0,Investment_Trust,5074384
2026-05-15,2881,81031797,Foreign_Investor,20409989
2026-05-15,2881,0,Foreign_Dealer_Self,0
2026-05-15,2881,60052,Investment_Trust,36812871
2026-05-15,2881,347531,Dealer_self,61000
2026-05-15,2881,592729,Dealer_Hedging,526516
2026-05-18,2881,15406924,Foreign_Investor,16043192
2026-05-18,2881,0,Foreign_Dealer_Self,0
2026-05-18,2881,4000,Dealer_self,194310
2026-05-18,2881,666102,Dealer_Hedging,143176
2026-05-18,2881,430000,Investment_Trust,5437693
2026-05-19,2881,27411661,Foreign_Investor,12982073
2026-05-19,2881,0,Foreign_Dealer_Self,0
2026-05-19,2881,1315000,Investment_Trust,4156903
2026-05-19,2881,473000,Dealer_self,199000
2026-05-19,2881,504775,Dealer_Hedging,432757
2026-05-20,2881,16457480,Foreign_Investor,24795248
2026-05-20,2881,0,Foreign_Dealer_Self,0
2026-05-20,2881,683000,Investment_Trust,459794
2026-05-20,2881,325000,Dealer_self,410388
2026-05-20,2881,179130,Dealer_Hedging,961948
2026-05-21,2881,0,Foreign_Dealer_Self,0
2026-05-21,2881,108000,Dealer_self,284000
2026-05-21,2881,269254,Dealer_Hedging,65628
2026-05-21,2881,21095392,Foreign_Investor,13104359
2026-05-21,2881,476000,Investment_Trust,14485000
2026-05-22,2881,24035150,Foreign_Investor,20303921
2026-05-22,2881,0,Foreign_Dealer_Self,0
2026-05-22,2881,228000,Dealer_self,506716
2026-05-22,2881,196000,Dealer_Hedging,124774
2026-05-22,2881,587000,Investment_Trust,16799551
2026-05-25,2881,40245972,Foreign_Investor,20646837
2026-05-25,2881,0,Foreign_Dealer_Self,0
2026-05-25,2881,1261000,Investment_Trust,14018000
2026-05-25,2881,173403,Dealer_self,62129
2026-05-25,2881,253662,Dealer_Hedging,159968
2026-05-26,2881,81125165,Foreign_Investor,22160689
2026-05-26,2881,0,Foreign_Dealer_Self,0
2026-05-26,2881,263000,Investment_Trust,15542493
2026-05-26,2881,208000,Dealer_self,223000
2026-05-26,2881,866174,Dealer_Hedging,762757
2026-05-27,2881,0,Foreign_Dealer_Self,0
2026-05-27,2881,494879,Investment_Trust,26018997
2026-05-27,2881,164000,Dealer_self,82000
2026-05-27,2881,824672,Dealer_Hedging,593684
2026-05-27,2881,76923114,Foreign_Investor,30966707
2026-05-28,2881,0,Foreign_Dealer_Self,0
2026-05-28,2881,100218,Investment_Trust,29234000
2026-05-28,2881,12000,Dealer_self,39000
2026-05-28,2881,376193,Dealer_Hedging,788633
2026-05-28,2881,60483265,Foreign_Investor,26576836
2026-05-29,2881,119697989,Foreign_Investor,92984135
2026-05-29,2881,0,Foreign_Dealer_Self,0
2026-05-29,2881,204373,Investment_Trust,26281000
2026-05-29,2881,26000,Dealer_self,26000
2026-05-29,2881,284230,Dealer_Hedging,136002
2026-06-01,2881,31501369,Foreign_Investor,24283120
2026-06-01,2881,0,Foreign_Dealer_Self,0
2026-06-01,2881,22338000,Investment_Trust,31717979
2026-06-01,2881,43000,Dealer_self,48000
2026-06-01,2881,523056,Dealer_Hedging,117215
2026-06-02,2881,35891642,Foreign_Investor,30131343
2026-06-02,2881,0,Foreign_Dealer_Self,0
2026-06-02,2881,39000,Dealer_self,91000
2026-06-02,2881,497893,Dealer_Hedging,482413
2026-06-02,2881,34502000,Investment_Trust,31024368
2026-06-03,2881,33020031,Foreign_Investor,21409747
2026-06-03,2881,0,Foreign_Dealer_Self,0
2026-06-03,2881,6560000,Investment_Trust,30507140
2026-06-03,2881,268000,Dealer_self,65000
2026-06-03,2881,395468,Dealer_Hedging,187141
2026-06-04,2881,32389780,Foreign_Investor,13362753
2026-06-04,2881,0,Foreign_Dealer_Self,0
2026-06-04,2881,3908000,Investment_Trust,24620667
2026-06-04,2881,134000,Dealer_self,2000
2026-06-04,2881,522363,Dealer_Hedging,87787
