date,stock_id,buy,name,sell
2024-06-03,2882,10194059,Foreign_Investor,7885018
2024-06-03,2882,0,Foreign_Dealer_Self,0
2024-06-03,2882,373000,Investment_Trust,0
2024-06-03,2882,622000,Dealer_self,82000
2024-06-03,2882,407311,Dealer_Hedging,349000
2024-06-04,2882,6903043,Foreign_Investor,11654815
2024-06-04,2882,0,Foreign_Dealer_Self,0
2024-06-04,2882,444000,Investment_Trust,0
2024-06-04,2882,72000,Dealer_self,515000
2024-06-04,2882,88054,Dealer_Hedging,567000
2024-06-05,2882,7157993,Foreign_Investor,6700800
2024-06-05,2882,0,Foreign_Dealer_Self,0
2024-06-05,2882,153000,Investment_Trust,300000
2024-06-05,2882,52000,Dealer_self,272000
2024-06-05,2882,476000,Dealer_Hedging,101000
2024-06-06,2882,27067050,Foreign_Investor,6052954
2024-06-06,2882,0,Foreign_Dealer_Self,0
2024-06-06,2882,845488,Dealer_self,249000
2024-06-06,2882,1090297,Dealer_Hedging,344000
2024-06-06,2882,464000,Investment_Trust,81000
2024-06-07,2882,14432100,Foreign_Investor,7151000
2024-06-07,2882,0,Foreign_Dealer_Self,0
2024-06-07,2882,323000,Investment_Trust,14889
2024-06-07,2882,268995,Dealer_self,537000
2024-06-07,2882,751000,Dealer_Hedging,466000
2024-06-11,2882,24222005,Foreign_Investor,19965466
2024-06-11,2882,0,Foreign_Dealer_Self,0
2024-06-11,2882,325000,Investment_Trust,8429
2024-06-11,2882,448426,Dealer_self,809000
2024-06-11,2882,1064000,Dealer_Hedging,898000
2024-06-12,2882,8216134,Foreign_Investor,16709957
2024-06-12,2882,0,Foreign_Dealer_Self,0
2024-06-12,2882,59111,Investment_Trust,95429
2024-06-12,2882,380000,Dealer_self,58426
2024-06-12,2882,136000,Dealer_Hedging,862000
2024-06-13,2882,18458155,Foreign_Investor,9884158
2024-06-13,2882,0,Foreign_Dealer_Self,0
2024-06-13,2882,77460,Investment_Trust,123858
2024-06-13,2882,378000,Dealer_self,1193000
2024-06-13,2882,273000,Dealer_Hedging,322000
2024-06-14,2882,10173000,Foreign_Investor,9602776
2024-06-14,2882,0,Foreign_Dealer_Self,0
2024-06-14,2882,105000,Investment_Trust,237000
2024-06-14,2882,58000,Dealer_self,451000
2024-06-14,2882,215000,Dealer_Hedging,320000
2024-06-17,2882,3449377,Foreign_Investor,9827000
2024-06-17,2882,0,Foreign_Dealer_Self,0
2024-06-17,2882,77000,Investment_Trust,22215
2024-06-17,2882,65000,Dealer_self,541634
2024-06-17,2882,63000,Dealer_Hedging,323000
2024-06-18,2882,18216130,Foreign_Investor,4222726
2024-06-18,2882,0,Foreign_Dealer_Self,0
2024-06-18,2882,2623427,Investment_Trust,51215
2024-06-18,2882,588562,Dealer_self,285000
2024-06-18,2882,927000,Dealer_Hedging,114000
2024-06-19,2882,0,Foreign_Dealer_Self,0
2024-06-19,2882,2418396,Investment_Trust,56858
2024-06-19,2882,1227403,Dealer_self,566000
2024-06-19,2882,704000,Dealer_Hedging,436000
2024-06-19,2882,18736484,Foreign_Investor,15053325
2024-06-20,2882,20900000,Foreign_Investor,8332760
2024-06-20,2882,0,Foreign_Dealer_Self,0
2024-06-20,2882,2109208,Investment_Trust,136000
2024-06-20,2882,1423030,Dealer_self,202000
2024-06-20,2882,1188477,Dealer_Hedging,179000
2024-06-21,2882,0,Foreign_Dealer_Self,0
2024-06-21,2882,1812000,Investment_Trust,215215
2024-06-21,2882,581829,Dealer_self,53000
2024-06-21,2882,267999,Dealer_Hedging,531000
2024-06-21,2882,26029996,Foreign_Investor,27372997
2024-06-24,2882,16696100,Foreign_Investor,6654145
2024-06-24,2882,0,Foreign_Dealer_Self,0
2024-06-24,2882,42000,Investment_Trust,547723
2024-06-24,2882,232523,Dealer_self,128000
2024-06-24,2882,55000,Dealer_Hedging,377000
2024-06-25,2882,15364316,Foreign_Investor,12799330
2024-06-25,2882,0,Foreign_Dealer_Self,0
2024-06-25,2882,324097,Investment_Trust,1000
2024-06-25,2882,159653,Dealer_self,391000
2024-06-25,2882,83000,Dealer_Hedging,248000
2024-06-26,2882,17494000,Foreign_Investor,17026195
2024-06-26,2882,0,Foreign_Dealer_Self,0
2024-06-26,2882,95097,Investment_Trust,57000
2024-06-26,2882,822000,Dealer_self,284121
2024-06-26,2882,194000,Dealer_Hedging,172000
2024-06-27,2882,26336410,Foreign_Investor,17418000
2024-06-27,2882,0,Foreign_Dealer_Self,0
2024-06-27,2882,1767549,Investment_Trust,0
2024-06-27,2882,510000,Dealer_self,505990
2024-06-27,2882,471000,Dealer_Hedging,72000
2024-06-28,2882,0,Foreign_Dealer_Self,0
2024-06-28,2882,2305646,Investment_Trust,521000
2024-06-28,2882,738000,Dealer_self,386554
2024-06-28,2882,1078207,Dealer_Hedging,138000
2024-06-28,2882,26087440,Foreign_Investor,20869591
2024-07-01,2882,0,Foreign_Dealer_Self,0
2024-07-01,2882,1309549,Investment_Trust,7008429
2024-07-01,2882,1220000,Dealer_self,1423180
2024-07-01,2882,431000,Dealer_Hedging,1009035
2024-07-01,2882,39534626,Foreign_Investor,12674055
2024-07-02,2882,17699371,Foreign_Investor,11569000
2024-07-02,2882,0,Foreign_Dealer_Self,0
2024-07-02,2882,243194,Investment_Trust,16858
2024-07-02,2882,84000,Dealer_self,203755
2024-07-02,2882,357217,Dealer_Hedging,224679
2024-07-03,2882,0,Foreign_Dealer_Self,0
2024-07-03,2882,24903000,Investment_Trust,202717
2024-07-03,2882,1429126,Dealer_self,808000
2024-07-03,2882,1910168,Dealer_Hedging,210217
2024-07-03,2882,40049298,Foreign_Investor,13270560
2024-07-04,2882,28364119,Foreign_Investor,16878935
2024-07-04,2882,0,Foreign_Dealer_Self,0
2024-07-04,2882,335000,Investment_Trust,571073
2024-07-04,2882,708000,Dealer_self,588660
2024-07-04,2882,191000,Dealer_Hedging,1068949
2024-07-05,2882,25797481,Foreign_Investor,6818000
2024-07-05,2882,0,Foreign_Dealer_Self,0
2024-07-05,2882,415000,Investment_Trust,16858
2024-07-05,2882,394995,Dealer_self,251000
2024-07-05,2882,70000,Dealer_Hedging,193000
2024-07-08,2882,26404732,Foreign_Investor,7869920
2024-07-08,2882,0,Foreign_Dealer_Self,0
2024-07-08,2882,1104000,Investment_Trust,128320
2024-07-08,2882,474036,Dealer_self,316000
2024-07-08,2882,918345,Dealer_Hedging,294000
2024-07-09,2882,24970100,Foreign_Investor,14485000
2024-07-09,2882,0,Foreign_Dealer_Self,0
2024-07-09,2882,3108000,Investment_Trust,71096
2024-07-09,2882,151548,Dealer_self,520164
2024-07-09,2882,446998,Dealer_Hedging,796000
2024-07-10,2882,29428100,Foreign_Investor,8542305
2024-07-10,2882,0,Foreign_Dealer_Self,0
2024-07-10,2882,425000,Investment_Trust,19000
2024-07-10,2882,286063,Dealer_self,570000
2024-07-10,2882,770774,Dealer_Hedging,597000
2024-07-11,2882,0,Foreign_Dealer_Self,0
2024-07-11,2882,1109603,Dealer_self,1156000
2024-07-11,2882,1734002,Dealer_Hedging,619418
2024-07-11,2882,35578200,Foreign_Investor,23472005
2024-07-11,2882,1058000,Investment_Trust,0
2024-07-12,2882,21737542,Foreign_Investor,12834000
2024-07-12,2882,0,Foreign_Dealer_Self,0
2024-07-12,2882,285000,Investment_Trust,643000
2024-07-12,2882,258933,Dealer_self,602000
2024-07-12,2882,253000,Dealer_Hedging,1182382
2024-07-15,2882,19392656,Foreign_Investor,15839251
2024-07-15,2882,0,Foreign_Dealer_Self,0
2024-07-15,2882,43000,Investment_Trust,596000
2024-07-15,2882,177000,Dealer_self,897815
2024-07-15,2882,50000,Dealer_Hedging,653564
2024-07-16,2882,21190930,Foreign_Investor,10871293
2024-07-16,2882,0,Foreign_Dealer_Self,0
2024-07-16,2882,3078000,Investment_Trust,242000
2024-07-16,2882,10000,Dealer_self,1042000
2024-07-16,2882,103998,Dealer_Hedging,393000
2024-07-17,2882,19507000,Foreign_Investor,15117705
2024-07-17,2882,0,Foreign_Dealer_Self,0
2024-07-17,2882,776000,Investment_Trust,17000
2024-07-17,2882,335000,Dealer_self,1821000
2024-07-17,2882,286408,Dealer_Hedging,882000
2024-07-18,2882,0,Foreign_Dealer_Self,0
2024-07-18,2882,403000,Investment_Trust,300000
2024-07-18,2882,309289,Dealer_self,175100
2024-07-18,2882,868000,Dealer_Hedging,1239000
2024-07-18,2882,27917530,Foreign_Investor,11988500
2024-07-19,2882,23093366,Foreign_Investor,15730000
2024-07-19,2882,0,Foreign_Dealer_Self,0
2024-07-19,2882,731000,Investment_Trust,2694000
2024-07-19,2882,260995,Dealer_self,1164631
2024-07-19,2882,262000,Dealer_Hedging,1277321
2024-07-22,2882,22462010,Foreign_Investor,9927600
2024-07-22,2882,0,Foreign_Dealer_Self,0
2024-07-22,2882,586267,Investment_Trust,646000
2024-07-22,2882,1511000,Dealer_self,410362
2024-07-22,2882,262437,Dealer_Hedging,773017
2024-07-23,2882,13326700,Foreign_Investor,8388100
2024-07-23,2882,0,Foreign_Dealer_Self,0
2024-07-23,2882,205000,Investment_Trust,34000
2024-07-23,2882,251427,Dealer_self,329000
2024-07-23,2882,338000,Dealer_Hedging,73000
2024-07-26,2882,28704663,Foreign_Investor,18856114
2024-07-26,2882,0,Foreign_Dealer_Self,0
2024-07-26,2882,877000,Investment_Trust,52000
2024-07-26,2882,121000,Dealer_self,1083462
2024-07-26,2882,507178,Dealer_Hedging,224000
2024-07-29,2882,16284617,Foreign_Investor,14306954
2024-07-29,2882,0,Foreign_Dealer_Self,0
2024-07-29,2882,2444000,Investment_Trust,1000
2024-07-29,2882,303210,Dealer_self,214000
2024-07-29,2882,199000,Dealer_Hedging,346278
2024-07-30,2882,5708500,Foreign_Investor,11191300
2024-07-30,2882,0,Foreign_Dealer_Self,0
2024-07-30,2882,1538000,Investment_Trust,0
2024-07-30,2882,313000,Dealer_self,576389
2024-07-30,2882,147000,Dealer_Hedging,300123
2024-07-31,2882,0,Foreign_Dealer_Self,0
2024-07-31,2882,263000,Investment_Trust,15000
2024-07-31,2882,238846,Dealer_self,30000
2024-07-31,2882,688875,Dealer_Hedging,128000
2024-07-31,2882,12246413,Foreign_Investor,7783242
2024-08-01,2882,16056052,Foreign_Investor,10064294
2024-08-01,2882,0,Foreign_Dealer_Self,0
2024-08-01,2882,236000,Dealer_self,392000
2024-08-01,2882,225999,Dealer_Hedging,324000
2024-08-01,2882,2266000,Investment_Trust,106000
2024-08-02,2882,12725030,Foreign_Investor,13635588
2024-08-02,2882,0,Foreign_Dealer_Self,0
2024-08-02,2882,1958000,Investment_Trust,628000
2024-08-02,2882,715000,Dealer_self,2095866
2024-08-02,2882,217000,Dealer_Hedging,622222
2024-08-05,2882,26003904,Foreign_Investor,29923861
2024-08-05,2882,0,Foreign_Dealer_Self,0
2024-08-05,2882,3332000,Investment_Trust,247000
2024-08-05,2882,431510,Dealer_self,4277118
2024-08-05,2882,256000,Dealer_Hedging,2267304
2024-08-06,2882,19348600,Foreign_Investor,23958746
2024-08-06,2882,0,Foreign_Dealer_Self,0
2024-08-06,2882,3538939,Investment_Trust,2800000
2024-08-06,2882,1908353,Dealer_self,1104389
2024-08-06,2882,764059,Dealer_Hedging,468574
2024-08-07,2882,27839994,Foreign_Investor,20156258
2024-08-07,2882,0,Foreign_Dealer_Self,0
2024-08-07,2882,1070978,Investment_Trust,31351
2024-08-07,2882,329755,Dealer_self,252000
2024-08-07,2882,734149,Dealer_Hedging,101922
2024-08-08,2882,8656276,Foreign_Investor,12247378
2024-08-08,2882,0,Foreign_Dealer_Self,0
2024-08-08,2882,2482489,Investment_Trust,37576
2024-08-08,2882,1079952,Dealer_self,898894
2024-08-08,2882,60000,Dealer_Hedging,387989
2024-08-09,2882,20447052,Foreign_Investor,19961062
2024-08-09,2882,0,Foreign_Dealer_Self,0
2024-08-09,2882,3142489,Investment_Trust,6225
2024-08-09,2882,560978,Dealer_self,1796254
2024-08-09,2882,579164,Dealer_Hedging,303999
2024-08-12,2882,9054300,Foreign_Investor,12340935
2024-08-12,2882,0,Foreign_Dealer_Self,0
2024-08-12,2882,898422,Investment_Trust,17675
2024-08-12,2882,872000,Dealer_self,624000
2024-08-12,2882,59000,Dealer_Hedging,368000
2024-08-13,2882,13397500,Foreign_Investor,7437000
2024-08-13,2882,0,Foreign_Dealer_Self,0
2024-08-13,2882,940978,Investment_Trust,0
2024-08-13,2882,366166,Dealer_self,22000
2024-08-13,2882,94997,Dealer_Hedging,48000
2024-08-14,2882,18338000,Foreign_Investor,7571624
2024-08-14,2882,0,Foreign_Dealer_Self,0
2024-08-14,2882,362000,Investment_Trust,70901
2024-08-14,2882,627124,Dealer_self,620000
2024-08-14,2882,258000,Dealer_Hedging,88000
2024-08-15,2882,9446186,Foreign_Investor,9475000
2024-08-15,2882,0,Foreign_Dealer_Self,0
2024-08-15,2882,335489,Investment_Trust,568000
2024-08-15,2882,255885,Dealer_self,542000
2024-08-15,2882,76000,Dealer_Hedging,578195
2024-08-16,2882,28654252,Foreign_Investor,7483300
2024-08-16,2882,0,Foreign_Dealer_Self,0
2024-08-16,2882,696790,Investment_Trust,522000
2024-08-16,2882,1037437,Dealer_self,413000
2024-08-16,2882,626215,Dealer_Hedging,132000
2024-08-19,2882,10165000,Foreign_Investor,9443940
2024-08-19,2882,0,Foreign_Dealer_Self,0
2024-08-19,2882,223677,Investment_Trust,1444210
2024-08-19,2882,18000,Dealer_self,711000
2024-08-19,2882,31580,Dealer_Hedging,739000
2024-08-20,2882,7791060,Foreign_Investor,12788067
2024-08-20,2882,0,Foreign_Dealer_Self,0
2024-08-20,2882,217991,Investment_Trust,262491
2024-08-20,2882,208000,Dealer_self,424413
2024-08-20,2882,70000,Dealer_Hedging,140613
2024-08-21,2882,9365288,Foreign_Investor,8288790
2024-08-21,2882,0,Foreign_Dealer_Self,0
2024-08-21,2882,600716,Investment_Trust,132246
2024-08-21,2882,2000,Dealer_self,938031
2024-08-21,2882,538000,Dealer_Hedging,793000
2024-08-22,2882,6833906,Foreign_Investor,8382688
2024-08-22,2882,0,Foreign_Dealer_Self,0
2024-08-22,2882,479550,Investment_Trust,852246
2024-08-22,2882,334000,Dealer_self,298737
2024-08-22,2882,4000,Dealer_Hedging,270243
2024-08-23,2882,4311490,Foreign_Investor,4740000
2024-08-23,2882,0,Foreign_Dealer_Self,0
2024-08-23,2882,518000,Investment_Trust,15246
2024-08-23,2882,237584,Dealer_self,213707
2024-08-23,2882,152164,Dealer_Hedging,116000
2024-08-26,2882,34844100,Foreign_Investor,6827462
2024-08-26,2882,0,Foreign_Dealer_Self,0
2024-08-26,2882,339000,Investment_Trust,642246
2024-08-26,2882,385217,Dealer_self,463000
2024-08-26,2882,904356,Dealer_Hedging,102000
2024-08-27,2882,8632450,Foreign_Investor,11461989
2024-08-27,2882,0,Foreign_Dealer_Self,0
2024-08-27,2882,560000,Investment_Trust,467246
2024-08-27,2882,211000,Dealer_self,551997
2024-08-27,2882,100000,Dealer_Hedging,577539
2024-08-28,2882,8253600,Foreign_Investor,7329449
2024-08-28,2882,0,Foreign_Dealer_Self,0
2024-08-28,2882,547000,Investment_Trust,4246
2024-08-28,2882,96000,Dealer_self,122000
2024-08-28,2882,100995,Dealer_Hedging,206000
2024-08-29,2882,8784849,Foreign_Investor,9174312
2024-08-29,2882,0,Foreign_Dealer_Self,0
2024-08-29,2882,824000,Investment_Trust,53000
2024-08-29,2882,250000,Dealer_self,210000
2024-08-29,2882,103001,Dealer_Hedging,217000
2024-08-30,2882,24886937,Foreign_Investor,21423168
2024-08-30,2882,0,Foreign_Dealer_Self,0
2024-08-30,2882,543100,Investment_Trust,53000
2024-08-30,2882,508000,Dealer_self,50000
2024-08-30,2882,171000,Dealer_Hedging,169000
2024-09-02,2882,21046000,Foreign_Investor,9384068
2024-09-02,2882,0,Foreign_Dealer_Self,0
2024-09-02,2882,1677000,Investment_Trust,19491
2024-09-02,2882,862598,Dealer_self,572000
2024-09-02,2882,510692,Dealer_Hedging,429000
2024-09-03,2882,2381076,Foreign_Investor,11081290
2024-09-03,2882,0,Foreign_Dealer_Self,0
2024-09-03,2882,1074000,Investment_Trust,7000
2024-09-03,2882,985000,Dealer_self,421503
2024-09-03,2882,282165,Dealer_Hedging,267080
2024-09-04,2882,9072540,Foreign_Investor,22509550
2024-09-04,2882,0,Foreign_Dealer_Self,0
2024-09-04,2882,3526039,Investment_Trust,0
2024-09-04,2882,2058000,Dealer_self,3622769
2024-09-04,2882,476122,Dealer_Hedging,833348
2024-09-05,2882,0,Foreign_Dealer_Self,0
2024-09-05,2882,2376048,Investment_Trust,43491
2024-09-05,2882,917600,Dealer_self,1753000
2024-09-05,2882,374714,Dealer_Hedging,461934
2024-09-05,2882,17186172,Foreign_Investor,13079024
2024-09-06,2882,0,Foreign_Dealer_Self,0
2024-09-06,2882,1200901,Investment_Trust,620246
2024-09-06,2882,521689,Dealer_self,838000
2024-09-06,2882,384000,Dealer_Hedging,377015
2024-09-06,2882,18884174,Foreign_Investor,8618363
2024-09-09,2882,0,Foreign_Dealer_Self,0
2024-09-09,2882,2637601,Investment_Trust,8491
2024-09-09,2882,1128000,Dealer_self,1496758
2024-09-09,2882,269000,Dealer_Hedging,714000
2024-09-09,2882,11746592,Foreign_Investor,22179712
2024-09-10,2882,12080240,Foreign_Investor,6280757
2024-09-10,2882,0,Foreign_Dealer_Self,0
2024-09-10,2882,823290,Investment_Trust,2328491
2024-09-10,2882,383000,Dealer_self,269000
2024-09-10,2882,213312,Dealer_Hedging,349000
2024-09-11,2882,11230499,Foreign_Investor,9593481
2024-09-11,2882,0,Foreign_Dealer_Self,0
2024-09-11,2882,1976612,Investment_Trust,0
2024-09-11,2882,928379,Dealer_self,686000
2024-09-11,2882,125000,Dealer_Hedging,321994
2024-09-12,2882,14875335,Foreign_Investor,9762190
2024-09-12,2882,0,Foreign_Dealer_Self,0
2024-09-12,2882,644000,Investment_Trust,29491
2024-09-12,2882,973000,Dealer_self,183000
2024-09-12,2882,266999,Dealer_Hedging,132000
2024-09-13,2882,9980903,Foreign_Investor,3343000
2024-09-13,2882,0,Foreign_Dealer_Self,0
2024-09-13,2882,807000,Investment_Trust,0
2024-09-13,2882,330000,Dealer_self,311000
2024-09-13,2882,275000,Dealer_Hedging,242000
2024-09-16,2882,3624010,Foreign_Investor,3732000
2024-09-16,2882,0,Foreign_Dealer_Self,0
2024-09-16,2882,1337000,Investment_Trust,4246
2024-09-16,2882,894000,Dealer_self,429000
2024-09-16,2882,380300,Dealer_Hedging,238000
2024-09-18,2882,7287200,Foreign_Investor,4371000
2024-09-18,2882,0,Foreign_Dealer_Self,0
2024-09-18,2882,1294000,Investment_Trust,860000
2024-09-18,2882,731000,Dealer_self,781000
2024-09-18,2882,238195,Dealer_Hedging,196000
2024-09-19,2882,26953833,Foreign_Investor,3849216
2024-09-19,2882,0,Foreign_Dealer_Self,0
2024-09-19,2882,292000,Investment_Trust,10000
2024-09-19,2882,1103878,Dealer_self,547000
2024-09-19,2882,985132,Dealer_Hedging,354000
2024-09-20,2882,0,Foreign_Dealer_Self,0
2024-09-20,2882,955637,Investment_Trust,279000
2024-09-20,2882,1078000,Dealer_self,279000
2024-09-20,2882,396000,Dealer_Hedging,699111
2024-09-20,2882,30526997,Foreign_Investor,22201102
2024-09-23,2882,17013030,Foreign_Investor,2682090
2024-09-23,2882,0,Foreign_Dealer_Self,0
2024-09-23,2882,511000,Investment_Trust,18000
2024-09-23,2882,953000,Dealer_self,26000
2024-09-23,2882,275000,Dealer_Hedging,60000
2024-09-24,2882,31432448,Foreign_Investor,6522208
2024-09-24,2882,0,Foreign_Dealer_Self,0
2024-09-24,2882,902000,Investment_Trust,83557
2024-09-24,2882,579482,Dealer_self,147632
2024-09-24,2882,763102,Dealer_Hedging,158102
2024-09-25,2882,0,Foreign_Dealer_Self,0
2024-09-25,2882,269000,Investment_Trust,16934
2024-09-25,2882,1380000,Dealer_self,266000
2024-09-25,2882,366000,Dealer_Hedging,843000
2024-09-25,2882,22104560,Foreign_Investor,7153125
2024-09-26,2882,0,Foreign_Dealer_Self,0
2024-09-26,2882,390000,Investment_Trust,284300
2024-09-26,2882,1239567,Dealer_self,304000
2024-09-26,2882,653356,Dealer_Hedging,344000
2024-09-26,2882,34044564,Foreign_Investor,13467829
2024-09-27,2882,0,Foreign_Dealer_Self,0
2024-09-27,2882,561000,Investment_Trust,20623
2024-09-27,2882,810249,Dealer_self,1208952
2024-09-27,2882,69000,Dealer_Hedging,1047000
2024-09-27,2882,23249966,Foreign_Investor,19284634
2024-09-30,2882,0,Foreign_Dealer_Self,0
2024-09-30,2882,581000,Investment_Trust,103554
2024-09-30,2882,146000,Dealer_self,334000
2024-09-30,2882,83000,Dealer_Hedging,438000
2024-09-30,2882,21856290,Foreign_Investor,17551617
2024-10-01,2882,0,Foreign_Dealer_Self,0
2024-10-01,2882,1096000,Investment_Trust,54310
2024-10-01,2882,226000,Dealer_self,103000
2024-10-01,2882,227000,Dealer_Hedging,253000
2024-10-01,2882,11883000,Foreign_Investor,12304001
2024-10-04,2882,0,Foreign_Dealer_Self,0
2024-10-04,2882,595000,Investment_Trust,201557
2024-10-04,2882,163000,Dealer_self,942000
2024-10-04,2882,418999,Dealer_Hedging,209000
2024-10-04,2882,18430799,Foreign_Investor,18450025
2024-10-07,2882,0,Foreign_Dealer_Self,0
2024-10-07,2882,1259499,Investment_Trust,0
2024-10-07,2882,1117000,Dealer_self,197000
2024-10-07,2882,668828,Dealer_Hedging,188000
2024-10-07,2882,22126700,Foreign_Investor,11556821
2024-10-08,2882,0,Foreign_Dealer_Self,0
2024-10-08,2882,799665,Investment_Trust,9623
2024-10-08,2882,218000,Dealer_self,587000
2024-10-08,2882,211805,Dealer_Hedging,519000
2024-10-08,2882,16764162,Foreign_Investor,17946100
2024-10-09,2882,11857760,Foreign_Investor,9076648
2024-10-09,2882,0,Foreign_Dealer_Self,0
2024-10-09,2882,102532,Dealer_self,708000
2024-10-09,2882,39000,Dealer_Hedging,126000
2024-10-09,2882,385620,Investment_Trust,31311
2024-10-11,2882,17653284,Foreign_Investor,15882764
2024-10-11,2882,0,Foreign_Dealer_Self,0
2024-10-11,2882,476945,Investment_Trust,4311
2024-10-11,2882,428000,Dealer_self,250000
2024-10-11,2882,210000,Dealer_Hedging,23000
2024-10-14,2882,0,Foreign_Dealer_Self,0
2024-10-14,2882,922269,Investment_Trust,11311
2024-10-14,2882,119000,Dealer_self,77000
2024-10-14,2882,187000,Dealer_Hedging,181000
2024-10-14,2882,4616099,Foreign_Investor,6248000
2024-10-15,2882,0,Foreign_Dealer_Self,0
2024-10-15,2882,1296972,Investment_Trust,8623
2024-10-15,2882,1615022,Dealer_self,420000
2024-10-15,2882,396505,Dealer_Hedging,12000
2024-10-15,2882,21843221,Foreign_Investor,7276220
2024-10-16,2882,0,Foreign_Dealer_Self,0
2024-10-16,2882,1033324,Investment_Trust,1781868
2024-10-16,2882,845174,Dealer_self,347000
2024-10-16,2882,768000,Dealer_Hedging,774997
2024-10-16,2882,11763521,Foreign_Investor,15010116
2024-10-17,2882,0,Foreign_Dealer_Self,0
2024-10-17,2882,831648,Investment_Trust,880000
2024-10-17,2882,821114,Dealer_self,237000
2024-10-17,2882,455363,Dealer_Hedging,59000
2024-10-17,2882,11786034,Foreign_Investor,6583900
2024-10-18,2882,32293898,Foreign_Investor,5299881
2024-10-18,2882,0,Foreign_Dealer_Self,0
2024-10-18,2882,390000,Investment_Trust,1140623
2024-10-18,2882,2453391,Dealer_self,238000
2024-10-18,2882,635082,Dealer_Hedging,209000
2024-10-21,2882,0,Foreign_Dealer_Self,0
2024-10-21,2882,1167510,Investment_Trust,1602311
2024-10-21,2882,785000,Dealer_self,1688998
2024-10-21,2882,147000,Dealer_Hedging,616871
2024-10-21,2882,18025522,Foreign_Investor,30697400
2024-10-22,2882,22559700,Foreign_Investor,9510600
2024-10-22,2882,0,Foreign_Dealer_Self,0
2024-10-22,2882,646992,Investment_Trust,1144311
2024-10-22,2882,418149,Dealer_self,706000
2024-10-22,2882,150174,Dealer_Hedging,132999
2024-10-23,2882,11973996,Foreign_Investor,9335228
2024-10-23,2882,0,Foreign_Dealer_Self,0
2024-10-23,2882,440098,Investment_Trust,323557
2024-10-23,2882,79000,Dealer_self,1453000
2024-10-23,2882,17008,Dealer_Hedging,263000
2024-10-24,2882,8190512,Foreign_Investor,9966815
2024-10-24,2882,0,Foreign_Dealer_Self,0
2024-10-24,2882,484305,Investment_Trust,33311
2024-10-24,2882,4000,Dealer_self,1186000
2024-10-24,2882,65000,Dealer_Hedging,252256
2024-10-25,2882,0,Foreign_Dealer_Self,0
2024-10-25,2882,185000,Dealer_self,479000
2024-10-25,2882,62563,Dealer_Hedging,99000
2024-10-25,2882,6668668,Foreign_Investor,4836092
2024-10-25,2882,1573000,Investment_Trust,7311
2024-10-28,2882,0,Foreign_Dealer_Self,0
2024-10-28,2882,496000,Dealer_self,479000
2024-10-28,2882,258000,Dealer_Hedging,171000
2024-10-28,2882,13551900,Foreign_Investor,8190200
2024-10-28,2882,5996000,Investment_Trust,36297
2024-10-29,2882,0,Foreign_Dealer_Self,0
2024-10-29,2882,751000,Dealer_self,977000
2024-10-29,2882,35000,Dealer_Hedging,344452
2024-10-29,2882,8300149,Foreign_Investor,16517340
2024-10-29,2882,1803000,Investment_Trust,9273
2024-10-30,2882,0,Foreign_Dealer_Self,0
2024-10-30,2882,794000,Investment_Trust,4273
2024-10-30,2882,494000,Dealer_self,206000
2024-10-30,2882,78000,Dealer_Hedging,65000
2024-10-30,2882,14495232,Foreign_Investor,9626451
2024-11-01,2882,13695357,Foreign_Investor,20208444
2024-11-01,2882,0,Foreign_Dealer_Self,0
2024-11-01,2882,1938000,Investment_Trust,1000
2024-11-01,2882,803000,Dealer_self,1376000
2024-11-01,2882,203000,Dealer_Hedging,166995
2024-11-04,2882,19641244,Foreign_Investor,3786595
2024-11-04,2882,0,Foreign_Dealer_Self,0
2024-11-04,2882,4052000,Investment_Trust,0
2024-11-04,2882,466000,Dealer_self,223000
2024-11-04,2882,64212,Dealer_Hedging,159000
2024-11-05,2882,0,Foreign_Dealer_Self,0
2024-11-05,2882,728000,Investment_Trust,91680
2024-11-05,2882,181000,Dealer_self,212000
2024-11-05,2882,125000,Dealer_Hedging,453969
2024-11-05,2882,7126108,Foreign_Investor,6015280
2024-11-06,2882,5337100,Foreign_Investor,7413300
2024-11-06,2882,0,Foreign_Dealer_Self,0
2024-11-06,2882,652000,Investment_Trust,0
2024-11-06,2882,154000,Dealer_self,140000
2024-11-06,2882,206554,Dealer_Hedging,63999
2024-11-07,2882,19307008,Foreign_Investor,7089584
2024-11-07,2882,0,Foreign_Dealer_Self,0
2024-11-07,2882,588000,Investment_Trust,685000
2024-11-07,2882,564000,Dealer_self,186000
2024-11-07,2882,257414,Dealer_Hedging,115000
2024-11-08,2882,10269425,Foreign_Investor,5030823
2024-11-08,2882,0,Foreign_Dealer_Self,0
2024-11-08,2882,506000,Investment_Trust,20000
2024-11-08,2882,112000,Dealer_self,70000
2024-11-08,2882,102000,Dealer_Hedging,78000
2024-11-11,2882,4078013,Foreign_Investor,14670626
2024-11-11,2882,0,Foreign_Dealer_Self,0
2024-11-11,2882,1445000,Investment_Trust,0
2024-11-11,2882,115000,Dealer_self,307677
2024-11-11,2882,474000,Dealer_Hedging,101392
2024-11-12,2882,15431858,Foreign_Investor,28151080
2024-11-12,2882,0,Foreign_Dealer_Self,0
2024-11-12,2882,2805000,Investment_Trust,10000
2024-11-12,2882,964000,Dealer_self,1843453
2024-11-12,2882,316000,Dealer_Hedging,234994
2024-11-13,2882,10730113,Foreign_Investor,23335927
2024-11-13,2882,0,Foreign_Dealer_Self,0
2024-11-13,2882,3408000,Investment_Trust,2483876
2024-11-13,2882,967000,Dealer_self,1600936
2024-11-13,2882,296000,Dealer_Hedging,452000
2024-11-14,2882,13899620,Foreign_Investor,14273789
2024-11-14,2882,0,Foreign_Dealer_Self,0
2024-11-14,2882,3538000,Investment_Trust,0
2024-11-14,2882,1087000,Dealer_self,1926470
2024-11-14,2882,257000,Dealer_Hedging,400980
2024-11-15,2882,21475094,Foreign_Investor,5446273
2024-11-15,2882,0,Foreign_Dealer_Self,0
2024-11-15,2882,547000,Investment_Trust,10229112
2024-11-15,2882,527000,Dealer_self,741345
2024-11-15,2882,465528,Dealer_Hedging,231050
2024-11-18,2882,13217898,Foreign_Investor,11439818
2024-11-18,2882,0,Foreign_Dealer_Self,0
2024-11-18,2882,1120000,Investment_Trust,105000
2024-11-18,2882,920000,Dealer_self,652700
2024-11-18,2882,288000,Dealer_Hedging,485697
2024-11-19,2882,21479109,Foreign_Investor,11605000
2024-11-19,2882,0,Foreign_Dealer_Self,0
2024-11-19,2882,499000,Investment_Trust,9990000
2024-11-19,2882,958000,Dealer_self,210886
2024-11-19,2882,200000,Dealer_Hedging,163000
2024-11-20,2882,15474000,Foreign_Investor,13309376
2024-11-20,2882,0,Foreign_Dealer_Self,0
2024-11-20,2882,853000,Dealer_self,305058
2024-11-20,2882,235000,Dealer_Hedging,89750
2024-11-20,2882,711000,Investment_Trust,7778537
2024-11-21,2882,10636983,Foreign_Investor,17758108
2024-11-21,2882,0,Foreign_Dealer_Self,0
2024-11-21,2882,636000,Investment_Trust,8172000
2024-11-21,2882,43000,Dealer_self,117318
2024-11-21,2882,361000,Dealer_Hedging,76613
2024-11-22,2882,13246942,Foreign_Investor,6652170
2024-11-22,2882,0,Foreign_Dealer_Self,0
2024-11-22,2882,398000,Dealer_self,16000
2024-11-22,2882,249000,Dealer_Hedging,41000
2024-11-22,2882,552000,Investment_Trust,5524000
2024-11-25,2882,41455161,Foreign_Investor,33262392
2024-11-25,2882,0,Foreign_Dealer_Self,0
2024-11-25,2882,368000,Investment_Trust,2638628
2024-11-25,2882,417588,Dealer_self,0
2024-11-25,2882,384567,Dealer_Hedging,14305
2024-11-26,2882,9124644,Foreign_Investor,7560994
2024-11-26,2882,0,Foreign_Dealer_Self,0
2024-11-26,2882,367000,Investment_Trust,1555000
2024-11-26,2882,27000,Dealer_self,175052
2024-11-26,2882,29000,Dealer_Hedging,294425
2024-11-27,2882,5137680,Foreign_Investor,8081256
2024-11-27,2882,0,Foreign_Dealer_Self,0
2024-11-27,2882,377000,Investment_Trust,59358
2024-11-27,2882,8000,Dealer_self,179422
2024-11-27,2882,133000,Dealer_Hedging,345886
2024-11-28,2882,3344924,Foreign_Investor,6997616
2024-11-28,2882,0,Foreign_Dealer_Self,0
2024-11-28,2882,1098000,Investment_Trust,1000
2024-11-28,2882,484000,Dealer_self,380000
2024-11-28,2882,366000,Dealer_Hedging,390349
2024-11-29,2882,8430608,Foreign_Investor,15557299
2024-11-29,2882,0,Foreign_Dealer_Self,0
2024-11-29,2882,2366000,Investment_Trust,15000
2024-11-29,2882,152000,Dealer_self,313782
2024-11-29,2882,271000,Dealer_Hedging,143529
2024-12-02,2882,10692687,Foreign_Investor,5283500
2024-12-02,2882,0,Foreign_Dealer_Self,0
2024-12-02,2882,157000,Dealer_self,6000
2024-12-02,2882,188529,Dealer_Hedging,63561
2024-12-02,2882,6435000,Investment_Trust,0
2024-12-03,2882,21775067,Foreign_Investor,4587712
2024-12-03,2882,0,Foreign_Dealer_Self,0
2024-12-03,2882,36000,Dealer_self,6000
2024-12-03,2882,158944,Dealer_Hedging,337000
2024-12-03,2882,3677000,Investment_Trust,0
2024-12-04,2882,0,Foreign_Dealer_Self,0
2024-12-04,2882,83000,Dealer_self,75712
2024-12-04,2882,286000,Dealer_Hedging,294000
2024-12-04,2882,10699678,Foreign_Investor,7405969
2024-12-04,2882,995000,Investment_Trust,20716
2024-12-05,2882,8691724,Foreign_Investor,5578358
2024-12-05,2882,0,Foreign_Dealer_Self,0
2024-12-05,2882,707000,Investment_Trust,19537
2024-12-05,2882,0,Dealer_self,128000
2024-12-05,2882,31000,Dealer_Hedging,314000
2024-12-06,2882,4970172,Foreign_Investor,5333984
2024-12-06,2882,0,Foreign_Dealer_Self,0
2024-12-06,2882,723000,Investment_Trust,689179
2024-12-06,2882,18000,Dealer_self,22000
2024-12-06,2882,202000,Dealer_Hedging,113999
2024-12-09,2882,14288930,Foreign_Investor,6956211
2024-12-09,2882,0,Foreign_Dealer_Self,0
2024-12-09,2882,1068000,Investment_Trust,134000
2024-12-09,2882,18107,Dealer_self,21000
2024-12-09,2882,333998,Dealer_Hedging,57000
2024-12-10,2882,5658072,Foreign_Investor,8676116
2024-12-10,2882,0,Foreign_Dealer_Self,0
2024-12-10,2882,612000,Investment_Trust,30163
2024-12-10,2882,25000,Dealer_self,64000
2024-12-10,2882,54000,Dealer_Hedging,199002
2024-12-11,2882,11265940,Foreign_Investor,10445200
2024-12-11,2882,0,Foreign_Dealer_Self,0
2024-12-11,2882,903000,Investment_Trust,17850
2024-12-11,2882,31682,Dealer_self,241000
2024-12-11,2882,417655,Dealer_Hedging,269000
2024-12-12,2882,0,Foreign_Dealer_Self,0
2024-12-12,2882,816000,Investment_Trust,1000
2024-12-12,2882,280000,Dealer_self,10000
2024-12-12,2882,373337,Dealer_Hedging,253000
2024-12-12,2882,23978065,Foreign_Investor,5674840
2024-12-13,2882,4516469,Foreign_Investor,5598750
2024-12-13,2882,0,Foreign_Dealer_Self,0
2024-12-13,2882,1334000,Investment_Trust,238520
2024-12-13,2882,237000,Dealer_self,357000
2024-12-13,2882,387591,Dealer_Hedging,599166
2024-12-16,2882,22697232,Foreign_Investor,4668420
2024-12-16,2882,0,Foreign_Dealer_Self,0
2024-12-16,2882,650000,Investment_Trust,15000
2024-12-16,2882,509908,Dealer_self,59000
2024-12-16,2882,576594,Dealer_Hedging,557778
2024-12-17,2882,0,Foreign_Dealer_Self,0
2024-12-17,2882,1401000,Investment_Trust,194520
2024-12-17,2882,164000,Dealer_self,465000
2024-12-17,2882,344000,Dealer_Hedging,369651
2024-12-17,2882,7614228,Foreign_Investor,21968889
2024-12-18,2882,0,Foreign_Dealer_Self,0
2024-12-18,2882,583000,Investment_Trust,4260
2024-12-18,2882,20000,Dealer_self,470000
2024-12-18,2882,144000,Dealer_Hedging,402151
2024-12-18,2882,11398258,Foreign_Investor,9071300
2024-12-19,2882,5202100,Foreign_Investor,22185000
2024-12-19,2882,0,Foreign_Dealer_Self,0
2024-12-19,2882,1179074,Investment_Trust,8520
2024-12-19,2882,7000,Dealer_self,64112
2024-12-19,2882,63488,Dealer_Hedging,225532
2024-12-20,2882,0,Foreign_Dealer_Self,0
2024-12-20,2882,431000,Dealer_self,260719
2024-12-20,2882,77333,Dealer_Hedging,149611
2024-12-20,2882,18466295,Foreign_Investor,21732648
2024-12-20,2882,2849409,Investment_Trust,2104260
2024-12-23,2882,8807206,Foreign_Investor,3562846
2024-12-23,2882,0,Foreign_Dealer_Self,0
2024-12-23,2882,6362000,Investment_Trust,0
2024-12-23,2882,264000,Dealer_self,420000
2024-12-23,2882,320899,Dealer_Hedging,24270
2024-12-24,2882,1564779,Foreign_Investor,2796466
2024-12-24,2882,0,Foreign_Dealer_Self,0
2024-12-24,2882,2510000,Investment_Trust,0
2024-12-24,2882,177000,Dealer_self,10000
2024-12-24,2882,167389,Dealer_Hedging,50009
2024-12-25,2882,1218000,Foreign_Investor,3119162
2024-12-25,2882,0,Foreign_Dealer_Self,0
2024-12-25,2882,2277000,Investment_Trust,0
2024-12-25,2882,402000,Dealer_self,0
2024-12-25,2882,36000,Dealer_Hedging,14678
2024-12-26,2882,1110000,Foreign_Investor,1827024
2024-12-26,2882,0,Foreign_Dealer_Self,0
2024-12-26,2882,227000,Investment_Trust,23000
2024-12-26,2882,0,Dealer_self,14000
2024-12-26,2882,30000,Dealer_Hedging,40000
2024-12-27,2882,0,Foreign_Dealer_Self,0
2024-12-27,2882,23000,Investment_Trust,4260
2024-12-27,2882,0,Dealer_self,0
2024-12-27,2882,83565,Dealer_Hedging,66000
2024-12-27,2882,9448300,Foreign_Investor,3571659
2024-12-30,2882,0,Foreign_Dealer_Self,0
2024-12-30,2882,2612170,Investment_Trust,890780
2024-12-30,2882,60000,Dealer_self,30000
2024-12-30,2882,116991,Dealer_Hedging,507000
2024-12-30,2882,13515678,Foreign_Investor,5704427
2024-12-31,2882,0,Foreign_Dealer_Self,0
2024-12-31,2882,397679,Investment_Trust,336677
2024-12-31,2882,287000,Dealer_self,303000
2024-12-31,2882,59000,Dealer_Hedging,191433
2024-12-31,2882,6279000,Foreign_Investor,11788217
2025-01-02,2882,0,Foreign_Dealer_Self,0
2025-01-02,2882,456000,Investment_Trust,12075520
2025-01-02,2882,131000,Dealer_self,1113122
2025-01-02,2882,75000,Dealer_Hedging,128874
2025-01-02,2882,12946082,Foreign_Investor,7894000
2025-01-03,2882,10979464,Foreign_Investor,3742295
2025-01-03,2882,0,Foreign_Dealer_Self,0
2025-01-03,2882,553000,Investment_Trust,12325000
2025-01-03,2882,96000,Dealer_self,42759
2025-01-03,2882,107000,Dealer_Hedging,89761
2025-01-06,2882,22657000,Foreign_Investor,3848213
2025-01-06,2882,0,Foreign_Dealer_Self,0
2025-01-06,2882,315000,Investment_Trust,12094000
2025-01-06,2882,304000,Dealer_self,143000
2025-01-06,2882,477450,Dealer_Hedging,17000
2025-01-07,2882,0,Foreign_Dealer_Self,0
2025-01-07,2882,0,Investment_Trust,12515000
2025-01-07,2882,653000,Dealer_self,15000
2025-01-07,2882,128000,Dealer_Hedging,175045
2025-01-07,2882,19425400,Foreign_Investor,5409429
2025-01-08,2882,0,Foreign_Dealer_Self,0
2025-01-08,2882,11000,Dealer_self,794000
2025-01-08,2882,68820,Dealer_Hedging,176000
2025-01-08,2882,21286290,Foreign_Investor,6272913
2025-01-08,2882,1189000,Investment_Trust,11906532
2025-01-09,2882,0,Foreign_Dealer_Self,0
2025-01-09,2882,23000,Investment_Trust,21000
2025-01-09,2882,0,Dealer_self,281000
2025-01-09,2882,23000,Dealer_Hedging,332098
2025-01-09,2882,8489687,Foreign_Investor,5351453
2025-01-10,2882,13093344,Foreign_Investor,58410399
2025-01-10,2882,0,Foreign_Dealer_Self,0
2025-01-10,2882,503881,Investment_Trust,1306890
2025-01-10,2882,553000,Dealer_self,482660
2025-01-10,2882,734000,Dealer_Hedging,650884
2025-01-13,2882,17126709,Foreign_Investor,19771583
2025-01-13,2882,0,Foreign_Dealer_Self,0
2025-01-13,2882,393896,Dealer_self,771925
2025-01-13,2882,96000,Dealer_Hedging,590164
2025-01-13,2882,1404000,Investment_Trust,357000
2025-01-14,2882,14779052,Foreign_Investor,12986438
2025-01-14,2882,0,Foreign_Dealer_Self,0
2025-01-14,2882,1317000,Investment_Trust,0
2025-01-14,2882,4588,Dealer_self,74000
2025-01-14,2882,189478,Dealer_Hedging,106000
2025-01-15,2882,10068914,Foreign_Investor,13299000
2025-01-15,2882,0,Foreign_Dealer_Self,0
2025-01-15,2882,175000,Investment_Trust,0
2025-01-15,2882,883000,Dealer_self,765483
2025-01-15,2882,378000,Dealer_Hedging,336403
2025-01-16,2882,8024478,Foreign_Investor,7070170
2025-01-16,2882,0,Foreign_Dealer_Self,0
2025-01-16,2882,646000,Investment_Trust,1300000
2025-01-16,2882,951640,Dealer_self,170000
2025-01-16,2882,187052,Dealer_Hedging,54000
2025-01-17,2882,7778115,Foreign_Investor,6968519
2025-01-17,2882,0,Foreign_Dealer_Self,0
2025-01-17,2882,176000,Investment_Trust,3000
2025-01-17,2882,89000,Dealer_self,362262
2025-01-17,2882,75629,Dealer_Hedging,149983
2025-01-20,2882,3049330,Foreign_Investor,6216938
2025-01-20,2882,0,Foreign_Dealer_Self,0
2025-01-20,2882,1592000,Investment_Trust,99779
2025-01-20,2882,48000,Dealer_self,12721
2025-01-20,2882,78000,Dealer_Hedging,35796
2025-01-21,2882,8460962,Foreign_Investor,4030678
2025-01-21,2882,0,Foreign_Dealer_Self,0
2025-01-21,2882,170006,Investment_Trust,38000
2025-01-21,2882,76000,Dealer_self,80000
2025-01-21,2882,76994,Dealer_Hedging,71000
2025-01-22,2882,18665593,Foreign_Investor,14217594
2025-01-22,2882,0,Foreign_Dealer_Self,0
2025-01-22,2882,255000,Investment_Trust,79520
2025-01-22,2882,463000,Dealer_self,42000
2025-01-22,2882,293832,Dealer_Hedging,66000
2025-02-03,2882,10249137,Foreign_Investor,13668337
2025-02-03,2882,0,Foreign_Dealer_Self,0
2025-02-03,2882,922000,Dealer_self,1112414
2025-02-03,2882,1056545,Dealer_Hedging,166636
2025-02-03,2882,2845000,Investment_Trust,450029
2025-02-04,2882,6587000,Foreign_Investor,13131560
2025-02-04,2882,0,Foreign_Dealer_Self,0
2025-02-04,2882,740000,Investment_Trust,37000
2025-02-04,2882,315000,Dealer_self,156274
2025-02-04,2882,181000,Dealer_Hedging,244056
2025-02-05,2882,13051500,Foreign_Investor,7895443
2025-02-05,2882,0,Foreign_Dealer_Self,0
2025-02-05,2882,594000,Investment_Trust,3000
2025-02-05,2882,162000,Dealer_self,375000
2025-02-05,2882,174298,Dealer_Hedging,451355
2025-02-06,2882,0,Foreign_Dealer_Self,0
2025-02-06,2882,127339,Dealer_self,4000
2025-02-06,2882,55000,Dealer_Hedging,63000
2025-02-06,2882,5756520,Foreign_Investor,6350488
2025-02-06,2882,771000,Investment_Trust,14000
2025-02-07,2882,0,Foreign_Dealer_Self,0
2025-02-07,2882,263000,Investment_Trust,37652
2025-02-07,2882,150000,Dealer_self,82000
2025-02-07,2882,17588,Dealer_Hedging,30000
2025-02-07,2882,5789484,Foreign_Investor,7038333
2025-02-10,2882,0,Foreign_Dealer_Self,0
2025-02-10,2882,704000,Investment_Trust,45906
2025-02-10,2882,48811,Dealer_self,555000
2025-02-10,2882,37647,Dealer_Hedging,212453
2025-02-10,2882,11890150,Foreign_Investor,6488618
2025-02-11,2882,11324993,Foreign_Investor,4445000
2025-02-11,2882,0,Foreign_Dealer_Self,0
2025-02-11,2882,150490,Dealer_self,164000
2025-02-11,2882,119032,Dealer_Hedging,218000
2025-02-11,2882,590000,Investment_Trust,65827
2025-02-12,2882,7989422,Foreign_Investor,4137140
2025-02-12,2882,0,Foreign_Dealer_Self,0
2025-02-12,2882,308000,Investment_Trust,61987
2025-02-12,2882,0,Dealer_self,194000
2025-02-12,2882,27000,Dealer_Hedging,151460
2025-02-13,2882,6959520,Foreign_Investor,7995787
2025-02-13,2882,0,Foreign_Dealer_Self,0
2025-02-13,2882,403000,Investment_Trust,3000
2025-02-13,2882,224020,Dealer_self,0
2025-02-13,2882,364990,Dealer_Hedging,45000
2025-02-14,2882,7226000,Foreign_Investor,4112702
2025-02-14,2882,0,Foreign_Dealer_Self,0
2025-02-14,2882,1490000,Investment_Trust,33646
2025-02-14,2882,8001,Dealer_self,25000
2025-02-14,2882,97000,Dealer_Hedging,161000
2025-02-17,2882,12216443,Foreign_Investor,1303755
2025-02-17,2882,0,Foreign_Dealer_Self,0
2025-02-17,2882,317000,Investment_Trust,386484
2025-02-17,2882,142052,Dealer_self,8000
2025-02-17,2882,256298,Dealer_Hedging,80000
2025-02-18,2882,6189700,Foreign_Investor,2042824
2025-02-18,2882,0,Foreign_Dealer_Self,0
2025-02-18,2882,295000,Investment_Trust,57161
2025-02-18,2882,2000,Dealer_self,82000
2025-02-18,2882,23594,Dealer_Hedging,154555
2025-02-19,2882,10139437,Foreign_Investor,5135000
2025-02-19,2882,0,Foreign_Dealer_Self,0
2025-02-19,2882,59000,Investment_Trust,2384000
2025-02-19,2882,224000,Dealer_self,9000
2025-02-19,2882,150879,Dealer_Hedging,163518
2025-02-20,2882,0,Foreign_Dealer_Self,0
2025-02-20,2882,234000,Dealer_self,2000
2025-02-20,2882,208918,Dealer_Hedging,70000
2025-02-20,2882,11856128,Foreign_Investor,4460134
2025-02-20,2882,135000,Investment_Trust,266907
2025-02-21,2882,8909469,Foreign_Investor,3850400
2025-02-21,2882,0,Foreign_Dealer_Self,0
2025-02-21,2882,91000,Investment_Trust,55000
2025-02-21,2882,20000,Dealer_self,20000
2025-02-21,2882,111583,Dealer_Hedging,908000
2025-02-24,2882,6641000,Foreign_Investor,5149469
2025-02-24,2882,0,Foreign_Dealer_Self,0
2025-02-24,2882,214000,Investment_Trust,17000
2025-02-24,2882,0,Dealer_self,142000
2025-02-24,2882,68000,Dealer_Hedging,141000
2025-02-25,2882,0,Foreign_Dealer_Self,0
2025-02-25,2882,366000,Investment_Trust,2793360
2025-02-25,2882,114000,Dealer_self,209000
2025-02-25,2882,14000,Dealer_Hedging,131301
2025-02-25,2882,10652750,Foreign_Investor,7214000
2025-02-26,2882,12744858,Foreign_Investor,2703420
2025-02-26,2882,0,Foreign_Dealer_Self,0
2025-02-26,2882,377000,Investment_Trust,238125
2025-02-26,2882,117000,Dealer_self,129000
2025-02-26,2882,120996,Dealer_Hedging,16000
2025-02-27,2882,29422885,Foreign_Investor,31120624
2025-02-27,2882,0,Foreign_Dealer_Self,0
2025-02-27,2882,805226,Investment_Trust,81818
2025-02-27,2882,236000,Dealer_self,82000
2025-02-27,2882,80000,Dealer_Hedging,76000
2025-03-03,2882,12636622,Foreign_Investor,11899472
2025-03-03,2882,0,Foreign_Dealer_Self,0
2025-03-03,2882,2201000,Investment_Trust,35103
2025-03-03,2882,239000,Dealer_self,106000
2025-03-03,2882,748000,Dealer_Hedging,28000
2025-03-04,2882,7961398,Foreign_Investor,16372897
2025-03-04,2882,0,Foreign_Dealer_Self,0
2025-03-04,2882,1668000,Investment_Trust,0
2025-03-04,2882,339000,Dealer_self,449827
2025-03-04,2882,385941,Dealer_Hedging,147767
2025-03-05,2882,8895301,Foreign_Investor,6854682
2025-03-05,2882,0,Foreign_Dealer_Self,0
2025-03-05,2882,150000,Investment_Trust,32206
2025-03-05,2882,138079,Dealer_self,211000
2025-03-05,2882,70000,Dealer_Hedging,115000
2025-03-06,2882,7359775,Foreign_Investor,5020570
2025-03-06,2882,0,Foreign_Dealer_Self,0
2025-03-06,2882,325000,Investment_Trust,87206
2025-03-06,2882,139000,Dealer_self,0
2025-03-06,2882,58078,Dealer_Hedging,45000
2025-03-07,2882,7146972,Foreign_Investor,14555971
2025-03-07,2882,0,Foreign_Dealer_Self,0
2025-03-07,2882,446000,Investment_Trust,6057619
2025-03-07,2882,31000,Dealer_self,88985
2025-03-07,2882,114000,Dealer_Hedging,162373
2025-03-10,2882,6042820,Foreign_Investor,6507029
2025-03-10,2882,0,Foreign_Dealer_Self,0
2025-03-10,2882,1057000,Investment_Trust,52000
2025-03-10,2882,58000,Dealer_self,426642
2025-03-10,2882,141461,Dealer_Hedging,31776
2025-03-11,2882,7454275,Foreign_Investor,26700758
2025-03-11,2882,0,Foreign_Dealer_Self,0
2025-03-11,2882,2514000,Investment_Trust,10000
2025-03-11,2882,841000,Dealer_self,1653050
2025-03-11,2882,272026,Dealer_Hedging,283917
2025-03-12,2882,8076000,Foreign_Investor,7148119
2025-03-12,2882,0,Foreign_Dealer_Self,0
2025-03-12,2882,1284000,Investment_Trust,18206
2025-03-12,2882,272000,Dealer_self,416000
2025-03-12,2882,58993,Dealer_Hedging,172171
2025-03-13,2882,4025355,Foreign_Investor,4491029
2025-03-13,2882,0,Foreign_Dealer_Self,0
2025-03-13,2882,439000,Investment_Trust,7000
2025-03-13,2882,1000,Dealer_self,5000
2025-03-13,2882,88000,Dealer_Hedging,31182
2025-03-14,2882,10853513,Foreign_Investor,8815294
2025-03-14,2882,0,Foreign_Dealer_Self,0
2025-03-14,2882,1626000,Investment_Trust,0
2025-03-14,2882,114000,Dealer_self,2000
2025-03-14,2882,126755,Dealer_Hedging,93000
2025-03-17,2882,4920801,Foreign_Investor,16943829
2025-03-17,2882,0,Foreign_Dealer_Self,0
2025-03-17,2882,5278000,Investment_Trust,243000
2025-03-17,2882,26000,Dealer_self,16991
2025-03-17,2882,232539,Dealer_Hedging,57615
2025-03-18,2882,7453308,Foreign_Investor,10659282
2025-03-18,2882,0,Foreign_Dealer_Self,0
2025-03-18,2882,5799000,Investment_Trust,40000
2025-03-18,2882,176000,Dealer_self,120021
2025-03-18,2882,397632,Dealer_Hedging,31447
2025-03-19,2882,5050266,Foreign_Investor,14486052
2025-03-19,2882,0,Foreign_Dealer_Self,0
2025-03-19,2882,519000,Investment_Trust,0
2025-03-19,2882,279283,Dealer_self,90462
2025-03-19,2882,769000,Dealer_Hedging,179783
2025-03-20,2882,6635230,Foreign_Investor,7112029
2025-03-20,2882,0,Foreign_Dealer_Self,0
2025-03-20,2882,448000,Investment_Trust,60000
2025-03-20,2882,359080,Dealer_self,10000
2025-03-20,2882,212998,Dealer_Hedging,7045
2025-03-21,2882,0,Foreign_Dealer_Self,0
2025-03-21,2882,1991523,Investment_Trust,414103
2025-03-21,2882,34000,Dealer_self,82989
2025-03-21,2882,25000,Dealer_Hedging,87728
2025-03-21,2882,10370730,Foreign_Investor,17800927
2025-03-24,2882,4627212,Foreign_Investor,7581778
2025-03-24,2882,0,Foreign_Dealer_Self,0
2025-03-24,2882,624000,Investment_Trust,215000
2025-03-24,2882,30000,Dealer_self,50105
2025-03-24,2882,43000,Dealer_Hedging,119288
2025-03-25,2882,5165583,Foreign_Investor,9697277
2025-03-25,2882,0,Foreign_Dealer_Self,0
2025-03-25,2882,497000,Investment_Trust,50000
2025-03-25,2882,114000,Dealer_self,51000
2025-03-25,2882,102996,Dealer_Hedging,27198
2025-03-26,2882,10769489,Foreign_Investor,11518614
2025-03-26,2882,0,Foreign_Dealer_Self,0
2025-03-26,2882,1440000,Investment_Trust,1000
2025-03-26,2882,199000,Dealer_self,25000
2025-03-26,2882,158000,Dealer_Hedging,28298
2025-03-27,2882,0,Foreign_Dealer_Self,0
2025-03-27,2882,1819637,Investment_Trust,0
2025-03-27,2882,0,Dealer_self,121000
2025-03-27,2882,124841,Dealer_Hedging,137825
2025-03-27,2882,6689571,Foreign_Investor,11852892
2025-03-28,2882,6206649,Foreign_Investor,16687600
2025-03-28,2882,0,Foreign_Dealer_Self,0
2025-03-28,2882,2743000,Investment_Trust,13000
2025-03-28,2882,61000,Dealer_self,136954
2025-03-28,2882,114000,Dealer_Hedging,273334
2025-03-31,2882,8187775,Foreign_Investor,22654901
2025-03-31,2882,0,Foreign_Dealer_Self,0
2025-03-31,2882,3209000,Investment_Trust,0
2025-03-31,2882,860000,Dealer_self,968660
2025-03-31,2882,271112,Dealer_Hedging,310937
2025-04-01,2882,0,Foreign_Dealer_Self,0
2025-04-01,2882,762000,Investment_Trust,170000
2025-04-01,2882,2667000,Dealer_self,384599
2025-04-01,2882,263000,Dealer_Hedging,12293
2025-04-01,2882,12306271,Foreign_Investor,21419628
2025-04-02,2882,0,Foreign_Dealer_Self,0
2025-04-02,2882,394000,Investment_Trust,0
2025-04-02,2882,205000,Dealer_self,134806
2025-04-02,2882,37000,Dealer_Hedging,7452
2025-04-02,2882,14985058,Foreign_Investor,18520172
2025-04-07,2882,2696295,Foreign_Investor,1197703
2025-04-07,2882,0,Foreign_Dealer_Self,0
2025-04-07,2882,0,Investment_Trust,0
2025-04-07,2882,27000,Dealer_self,0
2025-04-07,2882,5000,Dealer_Hedging,43079
2025-04-08,2882,0,Foreign_Dealer_Self,0
2025-04-08,2882,1065000,Dealer_self,876174
2025-04-08,2882,933000,Dealer_Hedging,739155
2025-04-08,2882,43242904,Foreign_Investor,53735937
2025-04-08,2882,7630992,Investment_Trust,671000
2025-04-09,2882,25783072,Foreign_Investor,36410587
2025-04-09,2882,0,Foreign_Dealer_Self,0
2025-04-09,2882,1608410,Dealer_self,3000537
2025-04-09,2882,1667000,Dealer_Hedging,1012908
2025-04-09,2882,1616509,Investment_Trust,2370000
2025-04-10,2882,0,Foreign_Dealer_Self,0
2025-04-10,2882,0,Investment_Trust,0
2025-04-10,2882,131000,Dealer_self,91000
2025-04-10,2882,198165,Dealer_Hedging,201000
2025-04-10,2882,12164000,Foreign_Investor,8946843
2025-04-11,2882,24966285,Foreign_Investor,35083835
2025-04-11,2882,0,Foreign_Dealer_Self,0
2025-04-11,2882,146000,Dealer_self,471170
2025-04-11,2882,436345,Dealer_Hedging,121209
2025-04-11,2882,4710646,Investment_Trust,553000
2025-04-14,2882,20477020,Foreign_Investor,20334402
2025-04-14,2882,0,Foreign_Dealer_Self,0
2025-04-14,2882,760000,Investment_Trust,474058
2025-04-14,2882,34000,Dealer_self,554388
2025-04-14,2882,188924,Dealer_Hedging,263210
2025-04-15,2882,13629092,Foreign_Investor,13083001
2025-04-15,2882,0,Foreign_Dealer_Self,0
2025-04-15,2882,430082,Investment_Trust,92825
2025-04-15,2882,21000,Dealer_self,175128
2025-04-15,2882,53653,Dealer_Hedging,132000
2025-04-16,2882,9896602,Foreign_Investor,14405550
2025-04-16,2882,0,Foreign_Dealer_Self,0
2025-04-16,2882,846000,Investment_Trust,11792
2025-04-16,2882,192000,Dealer_self,750830
2025-04-16,2882,278000,Dealer_Hedging,278923
2025-04-17,2882,11662912,Foreign_Investor,14681860
2025-04-17,2882,0,Foreign_Dealer_Self,0
2025-04-17,2882,309000,Investment_Trust,6503000
2025-04-17,2882,50000,Dealer_self,55979
2025-04-17,2882,123000,Dealer_Hedging,52408
2025-04-18,2882,13547273,Foreign_Investor,10839877
2025-04-18,2882,0,Foreign_Dealer_Self,0
2025-04-18,2882,4549000,Investment_Trust,8985835
2025-04-18,2882,55000,Dealer_self,124436
2025-04-18,2882,212822,Dealer_Hedging,6000
2025-04-21,2882,9126000,Foreign_Investor,9304002
2025-04-21,2882,0,Foreign_Dealer_Self,0
2025-04-21,2882,4653000,Investment_Trust,0
2025-04-21,2882,4000,Dealer_self,326458
2025-04-21,2882,161955,Dealer_Hedging,756000
2025-04-22,2882,9132081,Foreign_Investor,20598014
2025-04-22,2882,0,Foreign_Dealer_Self,0
2025-04-22,2882,4564000,Investment_Trust,0
2025-04-22,2882,135000,Dealer_self,359080
2025-04-22,2882,154055,Dealer_Hedging,400923
2025-04-23,2882,11863655,Foreign_Investor,14916519
2025-04-23,2882,0,Foreign_Dealer_Self,0
2025-04-23,2882,4632000,Investment_Trust,11774
2025-04-23,2882,253000,Dealer_self,716811
2025-04-23,2882,569000,Dealer_Hedging,244998
2025-04-24,2882,0,Foreign_Dealer_Self,0
2025-04-24,2882,4708000,Investment_Trust,83597
2025-04-24,2882,15000,Dealer_self,120868
2025-04-24,2882,35000,Dealer_Hedging,114000
2025-04-24,2882,13755465,Foreign_Investor,20714820
2025-04-25,2882,0,Foreign_Dealer_Self,0
2025-04-25,2882,89000,Investment_Trust,20883
2025-04-25,2882,213000,Dealer_self,286000
2025-04-25,2882,435026,Dealer_Hedging,77000
2025-04-25,2882,20320244,Foreign_Investor,18020642
2025-04-28,2882,0,Foreign_Dealer_Self,0
2025-04-28,2882,369000,Investment_Trust,42249
2025-04-28,2882,0,Dealer_self,24147
2025-04-28,2882,117000,Dealer_Hedging,67124
2025-04-28,2882,9505000,Foreign_Investor,10908162
2025-04-29,2882,0,Foreign_Dealer_Self,0
2025-04-29,2882,316000,Investment_Trust,457768
2025-04-29,2882,37000,Dealer_self,27391
2025-04-29,2882,63926,Dealer_Hedging,73669
2025-04-29,2882,21390298,Foreign_Investor,18337298
2025-04-30,2882,0,Foreign_Dealer_Self,0
2025-04-30,2882,2232000,Investment_Trust,611076
2025-04-30,2882,712078,Dealer_self,645028
2025-04-30,2882,156317,Dealer_Hedging,956649
2025-04-30,2882,42162327,Foreign_Investor,46578989
2025-05-02,2882,17475282,Foreign_Investor,23440895
2025-05-02,2882,0,Foreign_Dealer_Self,0
2025-05-02,2882,1391000,Investment_Trust,65869
2025-05-02,2882,89020,Dealer_self,48152
2025-05-02,2882,177669,Dealer_Hedging,130000
2025-05-05,2882,0,Foreign_Dealer_Self,0
2025-05-05,2882,1958000,Investment_Trust,239866
2025-05-05,2882,356000,Dealer_self,947505
2025-05-05,2882,206000,Dealer_Hedging,675604
2025-05-05,2882,35709168,Foreign_Investor,59585170
2025-05-06,2882,0,Foreign_Dealer_Self,0
2025-05-06,2882,25000,Dealer_self,931426
2025-05-06,2882,166576,Dealer_Hedging,848000
2025-05-06,2882,60488886,Foreign_Investor,45608575
2025-05-06,2882,1141000,Investment_Trust,2221908
2025-05-07,2882,0,Foreign_Dealer_Self,0
2025-05-07,2882,0,Dealer_self,88000
2025-05-07,2882,38124,Dealer_Hedging,808552
2025-05-07,2882,45420076,Foreign_Investor,34546753
2025-05-07,2882,356000,Investment_Trust,2277572
2025-05-08,2882,0,Foreign_Dealer_Self,0
2025-05-08,2882,902000,Investment_Trust,103962
2025-05-08,2882,228000,Dealer_self,20660
2025-05-08,2882,283000,Dealer_Hedging,91115
2025-05-08,2882,35419500,Foreign_Investor,40754218
2025-05-09,2882,0,Foreign_Dealer_Self,0
2025-05-09,2882,194000,Investment_Trust,4595962
2025-05-09,2882,80000,Dealer_self,243680
2025-05-09,2882,506000,Dealer_Hedging,214742
2025-05-09,2882,39008679,Foreign_Investor,43479941
2025-05-12,2882,0,Foreign_Dealer_Self,0
2025-05-12,2882,10000,Investment_Trust,34921
2025-05-12,2882,387445,Dealer_self,187000
2025-05-12,2882,34212,Dealer_Hedging,125229
2025-05-12,2882,31813960,Foreign_Investor,21024520
2025-05-13,2882,0,Foreign_Dealer_Self,0
2025-05-13,2882,4878000,Investment_Trust,61905
2025-05-13,2882,550376,Dealer_self,425000
2025-05-13,2882,198563,Dealer_Hedging,126978
2025-05-13,2882,53164958,Foreign_Investor,39978278
2025-05-14,2882,0,Foreign_Dealer_Self,0
2025-05-14,2882,185000,Investment_Trust,547145
2025-05-14,2882,1563000,Dealer_self,202000
2025-05-14,2882,287643,Dealer_Hedging,258549
2025-05-14,2882,39761578,Foreign_Investor,32745092
2025-05-15,2882,0,Foreign_Dealer_Self,0
2025-05-15,2882,2487000,Investment_Trust,166859
2025-05-15,2882,611628,Dealer_self,156000
2025-05-15,2882,333200,Dealer_Hedging,559800
2025-05-15,2882,49089993,Foreign_Investor,38364587
2025-05-16,2882,66701245,Foreign_Investor,36971364
2025-05-16,2882,0,Foreign_Dealer_Self,0
2025-05-16,2882,41000,Investment_Trust,179484
2025-05-16,2882,661000,Dealer_self,177000
2025-05-16,2882,408425,Dealer_Hedging,574731
2025-05-19,2882,0,Foreign_Dealer_Self,0
2025-05-19,2882,34000,Investment_Trust,862034
2025-05-19,2882,889000,Dealer_self,954000
2025-05-19,2882,67000,Dealer_Hedging,491051
2025-05-19,2882,36178746,Foreign_Investor,42507951
2025-05-20,2882,0,Foreign_Dealer_Self,0
2025-05-20,2882,46000,Investment_Trust,311922
2025-05-20,2882,707069,Dealer_self,87000
2025-05-20,2882,237220,Dealer_Hedging,196190
2025-05-20,2882,28223345,Foreign_Investor,24005098
2025-05-21,2882,0,Foreign_Dealer_Self,0
2025-05-21,2882,1000,Investment_Trust,494072
2025-05-21,2882,526013,Dealer_self,582000
2025-05-21,2882,320347,Dealer_Hedging,742442
2025-05-21,2882,60767269,Foreign_Investor,35590732
2025-05-22,2882,0,Foreign_Dealer_Self,0
2025-05-22,2882,26620000,Investment_Trust,204438
2025-05-22,2882,565250,Dealer_self,788009
2025-05-22,2882,413488,Dealer_Hedging,945758
2025-05-22,2882,60292352,Foreign_Investor,32655772
2025-05-23,2882,0,Foreign_Dealer_Self,0
2025-05-23,2882,30461000,Investment_Trust,669145
2025-05-23,2882,483311,Dealer_self,535000
2025-05-23,2882,222050,Dealer_Hedging,961952
2025-05-23,2882,27638466,Foreign_Investor,32413014
2025-05-26,2882,44665344,Foreign_Investor,77216084
2025-05-26,2882,0,Foreign_Dealer_Self,0
2025-05-26,2882,33400000,Investment_Trust,264179
2025-05-26,2882,753813,Dealer_self,2052000
2025-05-26,2882,123971,Dealer_Hedging,1637052
2025-05-27,2882,0,Foreign_Dealer_Self,0
2025-05-27,2882,49054000,Investment_Trust,3031276
2025-05-27,2882,176319,Dealer_self,2710000
2025-05-27,2882,512822,Dealer_Hedging,678037
2025-05-27,2882,66726947,Foreign_Investor,106950136
2025-05-28,2882,43851734,Foreign_Investor,101914571
2025-05-28,2882,0,Foreign_Dealer_Self,0
2025-05-28,2882,60056000,Investment_Trust,10020000
2025-05-28,2882,916000,Dealer_self,2021019
2025-05-28,2882,316651,Dealer_Hedging,114937
2025-05-29,2882,0,Foreign_Dealer_Self,0
2025-05-29,2882,89747638,Investment_Trust,75000
2025-05-29,2882,753137,Dealer_self,367539
2025-05-29,2882,646642,Dealer_Hedging,201481
2025-05-29,2882,93053905,Foreign_Investor,193171077
2025-06-02,2882,26517079,Foreign_Investor,108156183
2025-06-02,2882,0,Foreign_Dealer_Self,0
2025-06-02,2882,87596000,Investment_Trust,105706
2025-06-02,2882,125023,Dealer_self,1243090
2025-06-02,2882,688368,Dealer_Hedging,274930
2025-06-03,2882,22023020,Foreign_Investor,121956840
2025-06-03,2882,0,Foreign_Dealer_Self,0
2025-06-03,2882,126863000,Investment_Trust,487118
2025-06-03,2882,141000,Dealer_self,853065
2025-06-03,2882,364011,Dealer_Hedging,864701
2025-06-04,2882,37855235,Foreign_Investor,137429969
2025-06-04,2882,0,Foreign_Dealer_Self,0
2025-06-04,2882,169039000,Investment_Trust,415425
2025-06-04,2882,445250,Dealer_self,808005
2025-06-04,2882,2113743,Dealer_Hedging,2209775
2025-06-05,2882,0,Foreign_Dealer_Self,0
2025-06-05,2882,506272,Dealer_self,813244
2025-06-05,2882,1524341,Dealer_Hedging,2200345
2025-06-05,2882,37761124,Foreign_Investor,104252789
2025-06-05,2882,106064000,Investment_Trust,548087
2025-06-06,2882,0,Foreign_Dealer_Self,0
2025-06-06,2882,106047000,Investment_Trust,380354
2025-06-06,2882,160000,Dealer_self,418000
2025-06-06,2882,982889,Dealer_Hedging,1519160
2025-06-06,2882,44008650,Foreign_Investor,124727918
2025-06-09,2882,7413402,Foreign_Investor,86927328
2025-06-09,2882,0,Foreign_Dealer_Self,0
2025-06-09,2882,106500000,Investment_Trust,951244
2025-06-09,2882,46000,Dealer_self,1570000
2025-06-09,2882,473639,Dealer_Hedging,1527292
2025-06-10,2882,0,Foreign_Dealer_Self,0
2025-06-10,2882,58562000,Investment_Trust,359137
2025-06-10,2882,1155343,Dealer_self,532767
2025-06-10,2882,704499,Dealer_Hedging,1051618
2025-06-10,2882,13310465,Foreign_Investor,96162645
2025-06-11,2882,0,Foreign_Dealer_Self,0
2025-06-11,2882,98693000,Investment_Trust,1807212
2025-06-11,2882,373346,Dealer_self,1101000
2025-06-11,2882,1334030,Dealer_Hedging,1358307
2025-06-11,2882,18225245,Foreign_Investor,117671982
2025-06-12,2882,0,Foreign_Dealer_Self,0
2025-06-12,2882,88200000,Investment_Trust,214121
2025-06-12,2882,816000,Dealer_self,1367000
2025-06-12,2882,760200,Dealer_Hedging,2408871
2025-06-12,2882,8023104,Foreign_Investor,74820155
2025-06-13,2882,12531011,Foreign_Investor,44257601
2025-06-13,2882,0,Foreign_Dealer_Self,0
2025-06-13,2882,92369000,Investment_Trust,62418
2025-06-13,2882,958446,Dealer_self,2349000
2025-06-13,2882,1003037,Dealer_Hedging,5040045
2025-06-16,2882,13480405,Foreign_Investor,37839892
2025-06-16,2882,0,Foreign_Dealer_Self,0
2025-06-16,2882,26000000,Investment_Trust,105950
2025-06-16,2882,2429000,Dealer_self,777687
2025-06-16,2882,2286731,Dealer_Hedging,1996432
2025-06-17,2882,20596333,Foreign_Investor,45455813
2025-06-17,2882,0,Foreign_Dealer_Self,0
2025-06-17,2882,18277000,Investment_Trust,2690792
2025-06-17,2882,4308000,Dealer_self,3968246
2025-06-17,2882,2819136,Dealer_Hedging,3070992
2025-06-18,2882,0,Foreign_Dealer_Self,0
2025-06-18,2882,8027000,Investment_Trust,1091551
2025-06-18,2882,2797000,Dealer_self,597000
2025-06-18,2882,2130733,Dealer_Hedging,295093
2025-06-18,2882,30590000,Foreign_Investor,44849989
2025-06-19,2882,11732172,Foreign_Investor,35617435
2025-06-19,2882,0,Foreign_Dealer_Self,0
2025-06-19,2882,9558000,Investment_Trust,32000
2025-06-19,2882,2063489,Dealer_self,781583
2025-06-19,2882,1590281,Dealer_Hedging,167228
2025-06-20,2882,0,Foreign_Dealer_Self,0
2025-06-20,2882,12134250,Investment_Trust,55000
2025-06-20,2882,433226,Dealer_self,211026
2025-06-20,2882,939139,Dealer_Hedging,1187610
2025-06-20,2882,20372069,Foreign_Investor,35094098
2025-06-23,2882,7903200,Foreign_Investor,24067716
2025-06-23,2882,0,Foreign_Dealer_Self,0
2025-06-23,2882,11952000,Investment_Trust,155063
2025-06-23,2882,1517000,Dealer_self,202069
2025-06-23,2882,1979968,Dealer_Hedging,1320681
2025-06-24,2882,11815884,Foreign_Investor,25710195
2025-06-24,2882,0,Foreign_Dealer_Self,0
2025-06-24,2882,10433000,Investment_Trust,36551
2025-06-24,2882,1944000,Dealer_self,22000
2025-06-24,2882,1561970,Dealer_Hedging,564845
2025-06-25,2882,20172980,Foreign_Investor,29427051
2025-06-25,2882,0,Foreign_Dealer_Self,0
2025-06-25,2882,10676000,Investment_Trust,71276
2025-06-25,2882,586129,Dealer_self,36000
2025-06-25,2882,805604,Dealer_Hedging,597709
2025-06-26,2882,17523270,Foreign_Investor,32654965
2025-06-26,2882,0,Foreign_Dealer_Self,0
2025-06-26,2882,15116000,Investment_Trust,189276
2025-06-26,2882,750827,Dealer_self,664000
2025-06-26,2882,504831,Dealer_Hedging,1101593
2025-06-27,2882,26603977,Foreign_Investor,40354489
2025-06-27,2882,0,Foreign_Dealer_Self,0
2025-06-27,2882,41295000,Investment_Trust,178000
2025-06-27,2882,479618,Dealer_self,2423590
2025-06-27,2882,77641,Dealer_Hedging,3339399
2025-06-30,2882,0,Foreign_Dealer_Self,0
2025-06-30,2882,2124137,Investment_Trust,1243654
2025-06-30,2882,535000,Dealer_self,9792463
2025-06-30,2882,1152000,Dealer_Hedging,445125
2025-06-30,2882,22638583,Foreign_Investor,31133105
2025-07-01,2882,22513596,Foreign_Investor,18485000
2025-07-01,2882,0,Foreign_Dealer_Self,0
2025-07-01,2882,5138897,Investment_Trust,3384000
2025-07-01,2882,236000,Dealer_self,403519
2025-07-01,2882,1226360,Dealer_Hedging,385137
2025-07-02,2882,0,Foreign_Dealer_Self,0
2025-07-02,2882,11000,Investment_Trust,1239402
2025-07-02,2882,158675,Dealer_self,145212
2025-07-02,2882,652000,Dealer_Hedging,157434
2025-07-02,2882,14450800,Foreign_Investor,18833192
2025-07-03,2882,18437000,Foreign_Investor,13324024
2025-07-03,2882,0,Foreign_Dealer_Self,0
2025-07-03,2882,3000,Investment_Trust,1988000
2025-07-03,2882,195000,Dealer_self,465056
2025-07-03,2882,447223,Dealer_Hedging,97944
2025-07-04,2882,8568935,Foreign_Investor,9578139
2025-07-04,2882,0,Foreign_Dealer_Self,0
2025-07-04,2882,2000000,Investment_Trust,3357276
2025-07-04,2882,18647,Dealer_self,13894
2025-07-04,2882,871000,Dealer_Hedging,318776
2025-07-07,2882,13020795,Foreign_Investor,14622226
2025-07-07,2882,0,Foreign_Dealer_Self,0
2025-07-07,2882,6979000,Investment_Trust,3875551
2025-07-07,2882,86446,Dealer_self,500479
2025-07-07,2882,1754812,Dealer_Hedging,1003085
2025-07-08,2882,10902049,Foreign_Investor,10754245
2025-07-08,2882,0,Foreign_Dealer_Self,0
2025-07-08,2882,66918,Investment_Trust,2817000
2025-07-08,2882,193000,Dealer_self,25020
2025-07-08,2882,459000,Dealer_Hedging,461280
2025-07-09,2882,10323662,Foreign_Investor,10833950
2025-07-09,2882,0,Foreign_Dealer_Self,0
2025-07-09,2882,0,Investment_Trust,3187525
2025-07-09,2882,9000,Dealer_self,701984
2025-07-09,2882,911357,Dealer_Hedging,124227
2025-07-10,2882,22381201,Foreign_Investor,12083502
2025-07-10,2882,0,Foreign_Dealer_Self,0
2025-07-10,2882,0,Investment_Trust,3189985
2025-07-10,2882,1000,Dealer_self,765000
2025-07-10,2882,422766,Dealer_Hedging,509467
2025-07-11,2882,13106279,Foreign_Investor,11300007
2025-07-11,2882,0,Foreign_Dealer_Self,0
2025-07-11,2882,28000,Investment_Trust,3932000
2025-07-11,2882,63000,Dealer_self,125059
2025-07-11,2882,1362917,Dealer_Hedging,301212
2025-07-14,2882,19223204,Foreign_Investor,13556258
2025-07-14,2882,0,Foreign_Dealer_Self,0
2025-07-14,2882,5732000,Investment_Trust,2824738
2025-07-14,2882,78000,Dealer_self,244000
2025-07-14,2882,1293007,Dealer_Hedging,370578
2025-07-15,2882,9047821,Foreign_Investor,11303868
2025-07-15,2882,0,Foreign_Dealer_Self,0
2025-07-15,2882,1001000,Investment_Trust,3086131
2025-07-15,2882,152000,Dealer_self,140000
2025-07-15,2882,2142000,Dealer_Hedging,248742
2025-07-16,2882,16963226,Foreign_Investor,6192383
2025-07-16,2882,0,Foreign_Dealer_Self,0
2025-07-16,2882,3420332,Investment_Trust,7623514
2025-07-16,2882,389000,Dealer_self,1231000
2025-07-16,2882,1355697,Dealer_Hedging,595125
2025-07-17,2882,9317457,Foreign_Investor,14788367
2025-07-17,2882,0,Foreign_Dealer_Self,0
2025-07-17,2882,325000,Dealer_self,10000
2025-07-17,2882,174000,Dealer_Hedging,258706
2025-07-17,2882,8787069,Investment_Trust,8171263
2025-07-18,2882,8884000,Foreign_Investor,9298932
2025-07-18,2882,0,Foreign_Dealer_Self,0
2025-07-18,2882,1103000,Investment_Trust,5191050
2025-07-18,2882,188000,Dealer_self,54384
2025-07-18,2882,672000,Dealer_Hedging,175499
2025-07-21,2882,8666096,Foreign_Investor,6150091
2025-07-21,2882,0,Foreign_Dealer_Self,0
2025-07-21,2882,1052000,Investment_Trust,8546637
2025-07-21,2882,824000,Dealer_self,865000
2025-07-21,2882,1027376,Dealer_Hedging,142769
2025-07-22,2882,12249763,Foreign_Investor,7496915
2025-07-22,2882,0,Foreign_Dealer_Self,0
2025-07-22,2882,1090017,Investment_Trust,8990788
2025-07-22,2882,169000,Dealer_self,307030
2025-07-22,2882,516000,Dealer_Hedging,181433
2025-07-23,2882,12698000,Foreign_Investor,11861948
2025-07-23,2882,0,Foreign_Dealer_Self,0
2025-07-23,2882,3000000,Investment_Trust,4353000
2025-07-23,2882,1030000,Dealer_self,288425
2025-07-23,2882,327884,Dealer_Hedging,211742
2025-07-24,2882,7812928,Foreign_Investor,5689374
2025-07-24,2882,0,Foreign_Dealer_Self,0
2025-07-24,2882,1500000,Investment_Trust,4844000
2025-07-24,2882,24000,Dealer_self,8525
2025-07-24,2882,201000,Dealer_Hedging,230506
2025-07-25,2882,7607551,Foreign_Investor,4494581
2025-07-25,2882,0,Foreign_Dealer_Self,0
2025-07-25,2882,2005000,Investment_Trust,4011000
2025-07-25,2882,0,Dealer_self,217376
2025-07-25,2882,211277,Dealer_Hedging,356238
2025-07-28,2882,5730413,Foreign_Investor,11241628
2025-07-28,2882,0,Foreign_Dealer_Self,0
2025-07-28,2882,3510000,Investment_Trust,3872000
2025-07-28,2882,96000,Dealer_self,215000
2025-07-28,2882,458274,Dealer_Hedging,325194
2025-07-29,2882,4110079,Foreign_Investor,9275000
2025-07-29,2882,0,Foreign_Dealer_Self,0
2025-07-29,2882,3705000,Investment_Trust,2271276
2025-07-29,2882,134000,Dealer_self,200015
2025-07-29,2882,602528,Dealer_Hedging,27389
2025-07-30,2882,0,Foreign_Dealer_Self,0
2025-07-30,2882,62000,Investment_Trust,238000
2025-07-30,2882,149000,Dealer_self,0
2025-07-30,2882,447939,Dealer_Hedging,72213
2025-07-30,2882,9716291,Foreign_Investor,10637200
2025-07-31,2882,8040424,Foreign_Investor,14802041
2025-07-31,2882,0,Foreign_Dealer_Self,0
2025-07-31,2882,87000,Investment_Trust,812299
2025-07-31,2882,398000,Dealer_self,133383
2025-07-31,2882,680548,Dealer_Hedging,316071
2025-08-01,2882,9399981,Foreign_Investor,12957725
2025-08-01,2882,0,Foreign_Dealer_Self,0
2025-08-01,2882,1724000,Investment_Trust,515379
2025-08-01,2882,129000,Dealer_self,52138
2025-08-01,2882,710264,Dealer_Hedging,117944
2025-08-04,2882,14337633,Foreign_Investor,13597262
2025-08-04,2882,0,Foreign_Dealer_Self,0
2025-08-04,2882,6350000,Investment_Trust,99065
2025-08-04,2882,0,Dealer_self,720000
2025-08-04,2882,610819,Dealer_Hedging,526250
2025-08-05,2882,8068195,Foreign_Investor,10115622
2025-08-05,2882,0,Foreign_Dealer_Self,0
2025-08-05,2882,5481000,Investment_Trust,295343
2025-08-05,2882,20000,Dealer_self,839894
2025-08-05,2882,451996,Dealer_Hedging,301306
2025-08-06,2882,10306131,Foreign_Investor,11410130
2025-08-06,2882,0,Foreign_Dealer_Self,0
2025-08-06,2882,5405000,Investment_Trust,382213
2025-08-06,2882,14000,Dealer_self,151000
2025-08-06,2882,404568,Dealer_Hedging,288080
2025-08-07,2882,9298341,Foreign_Investor,10138004
2025-08-07,2882,0,Foreign_Dealer_Self,0
2025-08-07,2882,3400000,Investment_Trust,117076
2025-08-07,2882,125000,Dealer_self,482000
2025-08-07,2882,302652,Dealer_Hedging,254517
2025-08-08,2882,7977692,Foreign_Investor,4059795
2025-08-08,2882,0,Foreign_Dealer_Self,0
2025-08-08,2882,1000000,Investment_Trust,775023
2025-08-08,2882,29000,Dealer_self,212000
2025-08-08,2882,152518,Dealer_Hedging,145830
2025-08-11,2882,8650180,Foreign_Investor,3894512
2025-08-11,2882,0,Foreign_Dealer_Self,0
2025-08-11,2882,5360000,Investment_Trust,297067
2025-08-11,2882,83000,Dealer_self,217000
2025-08-11,2882,362646,Dealer_Hedging,345844
2025-08-12,2882,11190439,Foreign_Investor,10568950
2025-08-12,2882,0,Foreign_Dealer_Self,0
2025-08-12,2882,107000,Investment_Trust,252022
2025-08-12,2882,42000,Dealer_self,74000
2025-08-12,2882,285436,Dealer_Hedging,146362
2025-08-13,2882,0,Foreign_Dealer_Self,0
2025-08-13,2882,3700000,Investment_Trust,210620
2025-08-13,2882,288000,Dealer_self,141000
2025-08-13,2882,193303,Dealer_Hedging,201122
2025-08-13,2882,11960219,Foreign_Investor,12964109
2025-08-14,2882,0,Foreign_Dealer_Self,0
2025-08-14,2882,2086025,Investment_Trust,401310
2025-08-14,2882,383000,Dealer_self,238000
2025-08-14,2882,510884,Dealer_Hedging,15148
2025-08-14,2882,20540783,Foreign_Investor,13327523
2025-08-15,2882,8983973,Foreign_Investor,6526000
2025-08-15,2882,0,Foreign_Dealer_Self,0
2025-08-15,2882,72000,Investment_Trust,720310
2025-08-15,2882,249000,Dealer_self,47000
2025-08-15,2882,598206,Dealer_Hedging,482760
2025-08-18,2882,0,Foreign_Dealer_Self,0
2025-08-18,2882,3604051,Investment_Trust,226310
2025-08-18,2882,160000,Dealer_self,45000
2025-08-18,2882,755786,Dealer_Hedging,272737
2025-08-18,2882,13540126,Foreign_Investor,18898757
2025-08-19,2882,12828088,Foreign_Investor,10874000
2025-08-19,2882,0,Foreign_Dealer_Self,0
2025-08-19,2882,1002025,Investment_Trust,362181
2025-08-19,2882,115000,Dealer_self,0
2025-08-19,2882,317767,Dealer_Hedging,80060
2025-08-20,2882,6784000,Foreign_Investor,15821952
2025-08-20,2882,0,Foreign_Dealer_Self,0
2025-08-20,2882,2866051,Investment_Trust,75179
2025-08-20,2882,1804000,Dealer_self,0
2025-08-20,2882,1715178,Dealer_Hedging,44319
2025-08-21,2882,12220339,Foreign_Investor,9098000
2025-08-21,2882,0,Foreign_Dealer_Self,0
2025-08-21,2882,4502027,Investment_Trust,253000
2025-08-21,2882,26996,Dealer_self,109000
2025-08-21,2882,311422,Dealer_Hedging,271739
2025-08-22,2882,0,Foreign_Dealer_Self,0
2025-08-22,2882,84000,Dealer_self,35000
2025-08-22,2882,179334,Dealer_Hedging,43787
2025-08-22,2882,6869563,Foreign_Investor,12801567
2025-08-22,2882,3725000,Investment_Trust,367491
2025-08-25,2882,0,Foreign_Dealer_Self,0
2025-08-25,2882,2004499,Investment_Trust,112620
2025-08-25,2882,36000,Dealer_self,212000
2025-08-25,2882,165421,Dealer_Hedging,5000
2025-08-25,2882,7924250,Foreign_Investor,5252827
2025-08-26,2882,19881345,Foreign_Investor,25562056
2025-08-26,2882,0,Foreign_Dealer_Self,0
2025-08-26,2882,50000,Dealer_self,157000
2025-08-26,2882,348000,Dealer_Hedging,170058
2025-08-26,2882,53405,Investment_Trust,176000
2025-08-27,2882,7677975,Foreign_Investor,13495097
2025-08-27,2882,0,Foreign_Dealer_Self,0
2025-08-27,2882,194000,Dealer_self,141000
2025-08-27,2882,214271,Dealer_Hedging,68792
2025-08-27,2882,144000,Investment_Trust,553000
2025-08-28,2882,9972096,Foreign_Investor,13403387
2025-08-28,2882,0,Foreign_Dealer_Self,0
2025-08-28,2882,695000,Investment_Trust,308824
2025-08-28,2882,184000,Dealer_self,144000
2025-08-28,2882,289850,Dealer_Hedging,53914
2025-08-29,2882,0,Foreign_Dealer_Self,0
2025-08-29,2882,369000,Dealer_self,11127
2025-08-29,2882,506000,Dealer_Hedging,202805
2025-08-29,2882,7093553,Foreign_Investor,15399596
2025-08-29,2882,269000,Investment_Trust,440189
2025-09-01,2882,9165573,Foreign_Investor,9518000
2025-09-01,2882,0,Foreign_Dealer_Self,0
2025-09-01,2882,3211209,Investment_Trust,284000
2025-09-01,2882,182000,Dealer_self,210000
2025-09-01,2882,411186,Dealer_Hedging,403201
2025-09-02,2882,0,Foreign_Dealer_Self,0
2025-09-02,2882,17000,Dealer_self,88000
2025-09-02,2882,150921,Dealer_Hedging,492416
2025-09-02,2882,11800877,Foreign_Investor,8529365
2025-09-02,2882,4038000,Investment_Trust,226379
2025-09-03,2882,5283122,Foreign_Investor,5685611
2025-09-03,2882,0,Foreign_Dealer_Self,0
2025-09-03,2882,20000,Dealer_self,41000
2025-09-03,2882,193074,Dealer_Hedging,176333
2025-09-03,2882,1959000,Investment_Trust,176566
2025-09-04,2882,0,Foreign_Dealer_Self,0
2025-09-04,2882,3000,Investment_Trust,267317
2025-09-04,2882,367000,Dealer_self,125000
2025-09-04,2882,71573,Dealer_Hedging,108672
2025-09-04,2882,13625686,Foreign_Investor,4197309
2025-09-05,2882,13983759,Foreign_Investor,8709000
2025-09-05,2882,0,Foreign_Dealer_Self,0
2025-09-05,2882,213000,Dealer_self,62000
2025-09-05,2882,51821,Dealer_Hedging,235000
2025-09-05,2882,2760000,Investment_Trust,210531
2025-09-08,2882,9668281,Foreign_Investor,11022579
2025-09-08,2882,0,Foreign_Dealer_Self,0
2025-09-08,2882,1200000,Investment_Trust,489377
2025-09-08,2882,196000,Dealer_self,296000
2025-09-08,2882,190000,Dealer_Hedging,276415
2025-09-09,2882,11958050,Foreign_Investor,11131000
2025-09-09,2882,0,Foreign_Dealer_Self,0
2025-09-09,2882,737000,Investment_Trust,537958
2025-09-09,2882,117000,Dealer_self,109000
2025-09-09,2882,107709,Dealer_Hedging,142275
2025-09-10,2882,15203985,Foreign_Investor,9637497
2025-09-10,2882,0,Foreign_Dealer_Self,0
2025-09-10,2882,3700000,Investment_Trust,263425
2025-09-10,2882,381000,Dealer_self,531000
2025-09-10,2882,233628,Dealer_Hedging,374605
2025-09-11,2882,0,Foreign_Dealer_Self,0
2025-09-11,2882,1081000,Investment_Trust,536060
2025-09-11,2882,401000,Dealer_self,589000
2025-09-11,2882,246805,Dealer_Hedging,348858
2025-09-11,2882,12663938,Foreign_Investor,12171554
2025-09-12,2882,22000253,Foreign_Investor,7585757
2025-09-12,2882,0,Foreign_Dealer_Self,0
2025-09-12,2882,1100000,Investment_Trust,650059
2025-09-12,2882,706000,Dealer_self,600000
2025-09-12,2882,151887,Dealer_Hedging,507859
2025-09-15,2882,17186654,Foreign_Investor,8323115
2025-09-15,2882,0,Foreign_Dealer_Self,0
2025-09-15,2882,9000,Investment_Trust,990419
2025-09-15,2882,415000,Dealer_self,189000
2025-09-15,2882,283629,Dealer_Hedging,201112
2025-09-16,2882,22482212,Foreign_Investor,11426852
2025-09-16,2882,0,Foreign_Dealer_Self,0
2025-09-16,2882,1065,Investment_Trust,2063103
2025-09-16,2882,101000,Dealer_self,272000
2025-09-16,2882,88300,Dealer_Hedging,50270
2025-09-17,2882,14290170,Foreign_Investor,18332570
2025-09-17,2882,0,Foreign_Dealer_Self,0
2025-09-17,2882,201000,Investment_Trust,684880
2025-09-17,2882,231000,Dealer_self,193000
2025-09-17,2882,396000,Dealer_Hedging,199699
2025-09-18,2882,6032686,Foreign_Investor,12317246
2025-09-18,2882,0,Foreign_Dealer_Self,0
2025-09-18,2882,530000,Investment_Trust,202884
2025-09-18,2882,283000,Dealer_self,4000
2025-09-18,2882,32000,Dealer_Hedging,176566
2025-09-19,2882,0,Foreign_Dealer_Self,0
2025-09-19,2882,916831,Investment_Trust,1323882
2025-09-19,2882,212000,Dealer_self,10000
2025-09-19,2882,116676,Dealer_Hedging,308201
2025-09-19,2882,19509449,Foreign_Investor,12509315
2025-09-22,2882,0,Foreign_Dealer_Self,0
2025-09-22,2882,171000,Dealer_self,106000
2025-09-22,2882,238493,Dealer_Hedging,91219
2025-09-22,2882,12825341,Foreign_Investor,6738974
2025-09-22,2882,60000,Investment_Trust,456434
2025-09-23,2882,9543158,Foreign_Investor,3882587
2025-09-23,2882,0,Foreign_Dealer_Self,0
2025-09-23,2882,175000,Investment_Trust,404337
2025-09-23,2882,36000,Dealer_self,32000
2025-09-23,2882,180481,Dealer_Hedging,77999
2025-09-24,2882,10453984,Foreign_Investor,5759429
2025-09-24,2882,0,Foreign_Dealer_Self,0
2025-09-24,2882,473000,Dealer_self,30000
2025-09-24,2882,167795,Dealer_Hedging,226559
2025-09-24,2882,40000,Investment_Trust,2794175
2025-09-25,2882,7962859,Foreign_Investor,7214801
2025-09-25,2882,0,Foreign_Dealer_Self,0
2025-09-25,2882,1000,Investment_Trust,1099000
2025-09-25,2882,242000,Dealer_self,48000
2025-09-25,2882,768611,Dealer_Hedging,105190
2025-09-26,2882,0,Foreign_Dealer_Self,0
2025-09-26,2882,0,Investment_Trust,150163
2025-09-26,2882,213000,Dealer_self,0
2025-09-26,2882,1249166,Dealer_Hedging,450070
2025-09-26,2882,5593857,Foreign_Investor,6942372
2025-09-30,2882,0,Foreign_Dealer_Self,0
2025-09-30,2882,459000,Dealer_self,4000
2025-09-30,2882,232426,Dealer_Hedging,218352
2025-09-30,2882,18677584,Foreign_Investor,18555616
2025-09-30,2882,64017,Investment_Trust,114000
2025-10-01,2882,0,Foreign_Dealer_Self,0
2025-10-01,2882,467000,Investment_Trust,2904929
2025-10-01,2882,273000,Dealer_self,161000
2025-10-01,2882,637762,Dealer_Hedging,78494
2025-10-01,2882,14527915,Foreign_Investor,8276820
2025-10-02,2882,8234110,Foreign_Investor,11240506
2025-10-02,2882,0,Foreign_Dealer_Self,0
2025-10-02,2882,470091,Investment_Trust,606000
2025-10-02,2882,151000,Dealer_self,63000
2025-10-02,2882,310856,Dealer_Hedging,106668
2025-10-03,2882,5461906,Foreign_Investor,5133642
2025-10-03,2882,0,Foreign_Dealer_Self,0
2025-10-03,2882,72000,Investment_Trust,368000
2025-10-03,2882,70000,Dealer_self,58000
2025-10-03,2882,47393,Dealer_Hedging,270901
2025-10-07,2882,11958560,Foreign_Investor,5636426
2025-10-07,2882,0,Foreign_Dealer_Self,0
2025-10-07,2882,0,Investment_Trust,4360135
2025-10-07,2882,752000,Dealer_self,112000
2025-10-07,2882,601813,Dealer_Hedging,304079
2025-10-08,2882,9760132,Foreign_Investor,8084966
2025-10-08,2882,0,Foreign_Dealer_Self,0
2025-10-08,2882,135000,Investment_Trust,2083341
2025-10-08,2882,233000,Dealer_self,117065
2025-10-08,2882,206288,Dealer_Hedging,140268
2025-10-09,2882,21163072,Foreign_Investor,4661000
2025-10-09,2882,0,Foreign_Dealer_Self,0
2025-10-09,2882,40000,Investment_Trust,3430026
2025-10-09,2882,89000,Dealer_self,117000
2025-10-09,2882,810232,Dealer_Hedging,537632
2025-10-13,2882,9357280,Foreign_Investor,12487279
2025-10-13,2882,0,Foreign_Dealer_Self,0
2025-10-13,2882,147000,Investment_Trust,793170
2025-10-13,2882,441000,Dealer_self,270000
2025-10-13,2882,600000,Dealer_Hedging,317204
2025-10-14,2882,19660946,Foreign_Investor,11728951
2025-10-14,2882,0,Foreign_Dealer_Self,0
2025-10-14,2882,165171,Investment_Trust,1692170
2025-10-14,2882,1053000,Dealer_self,547000
2025-10-14,2882,231216,Dealer_Hedging,858483
2025-10-15,2882,0,Foreign_Dealer_Self,0
2025-10-15,2882,299000,Investment_Trust,69345
2025-10-15,2882,5996997,Dealer_self,377000
2025-10-15,2882,668928,Dealer_Hedging,112456
2025-10-15,2882,18858376,Foreign_Investor,24950554
2025-10-16,2882,12429006,Foreign_Investor,10840647
2025-10-16,2882,0,Foreign_Dealer_Self,0
2025-10-16,2882,857000,Investment_Trust,695000
2025-10-16,2882,733000,Dealer_self,89000
2025-10-16,2882,278390,Dealer_Hedging,204267
2025-10-17,2882,7005626,Foreign_Investor,11507230
2025-10-17,2882,0,Foreign_Dealer_Self,0
2025-10-17,2882,522000,Investment_Trust,1838000
2025-10-17,2882,295000,Dealer_self,135000
2025-10-17,2882,205000,Dealer_Hedging,18093
2025-10-20,2882,4391518,Foreign_Investor,4020082
2025-10-20,2882,0,Foreign_Dealer_Self,0
2025-10-20,2882,111000,Dealer_self,116000
2025-10-20,2882,486981,Dealer_Hedging,8005
2025-10-20,2882,214000,Investment_Trust,431620
2025-10-21,2882,13049943,Foreign_Investor,4751108
2025-10-21,2882,0,Foreign_Dealer_Self,0
2025-10-21,2882,999000,Investment_Trust,3993247
2025-10-21,2882,358000,Dealer_self,300000
2025-10-21,2882,877319,Dealer_Hedging,343000
2025-10-22,2882,8136075,Foreign_Investor,7579387
2025-10-22,2882,0,Foreign_Dealer_Self,0
2025-10-22,2882,1790000,Investment_Trust,3104849
2025-10-22,2882,233000,Dealer_self,0
2025-10-22,2882,640759,Dealer_Hedging,373617
2025-10-23,2882,0,Foreign_Dealer_Self,0
2025-10-23,2882,930000,Investment_Trust,1082000
2025-10-23,2882,167000,Dealer_self,3000
2025-10-23,2882,445000,Dealer_Hedging,185121
2025-10-23,2882,10037832,Foreign_Investor,8440744
2025-10-27,2882,9556401,Foreign_Investor,7767679
2025-10-27,2882,0,Foreign_Dealer_Self,0
2025-10-27,2882,783000,Investment_Trust,1498589
2025-10-27,2882,906000,Dealer_self,116000
2025-10-27,2882,709712,Dealer_Hedging,320725
2025-10-28,2882,0,Foreign_Dealer_Self,0
2025-10-28,2882,148000,Dealer_self,56000
2025-10-28,2882,217000,Dealer_Hedging,116681
2025-10-28,2882,7787597,Foreign_Investor,17698567
2025-10-28,2882,1317000,Investment_Trust,257208
2025-10-29,2882,8330261,Foreign_Investor,5301000
2025-10-29,2882,0,Foreign_Dealer_Self,0
2025-10-29,2882,280000,Investment_Trust,294415
2025-10-29,2882,115000,Dealer_self,372557
2025-10-29,2882,267996,Dealer_Hedging,273762
2025-10-30,2882,9325719,Foreign_Investor,7213010
2025-10-30,2882,0,Foreign_Dealer_Self,0
2025-10-30,2882,0,Investment_Trust,3178413
2025-10-30,2882,1000,Dealer_self,145475
2025-10-30,2882,616000,Dealer_Hedging,224120
2025-10-31,2882,8179788,Foreign_Investor,14328275
2025-10-31,2882,0,Foreign_Dealer_Self,0
2025-10-31,2882,0,Investment_Trust,560111
2025-10-31,2882,353000,Dealer_self,14765
2025-10-31,2882,645006,Dealer_Hedging,164336
2025-11-03,2882,8230383,Foreign_Investor,9354346
2025-11-03,2882,0,Foreign_Dealer_Self,0
2025-11-03,2882,128000,Investment_Trust,36817
2025-11-03,2882,64000,Dealer_self,151990
2025-11-03,2882,622999,Dealer_Hedging,17291
2025-11-04,2882,9162340,Foreign_Investor,6571327
2025-11-04,2882,0,Foreign_Dealer_Self,0
2025-11-04,2882,511000,Investment_Trust,62416
2025-11-04,2882,151000,Dealer_self,161000
2025-11-04,2882,403804,Dealer_Hedging,327365
2025-11-05,2882,8373977,Foreign_Investor,13137760
2025-11-05,2882,0,Foreign_Dealer_Self,0
2025-11-05,2882,421660,Investment_Trust,138609
2025-11-05,2882,16000,Dealer_self,42000
2025-11-05,2882,398000,Dealer_Hedging,206982
2025-11-06,2882,12129673,Foreign_Investor,10503195
2025-11-06,2882,0,Foreign_Dealer_Self,0
2025-11-06,2882,620690,Investment_Trust,127617
2025-11-06,2882,315000,Dealer_self,55000
2025-11-06,2882,270508,Dealer_Hedging,399962
2025-11-07,2882,5426518,Foreign_Investor,11545776
2025-11-07,2882,0,Foreign_Dealer_Self,0
2025-11-07,2882,367015,Investment_Trust,692207
2025-11-07,2882,151000,Dealer_self,80025
2025-11-07,2882,509251,Dealer_Hedging,94093
2025-11-10,2882,10300956,Foreign_Investor,9731304
2025-11-10,2882,0,Foreign_Dealer_Self,0
2025-11-10,2882,614048,Investment_Trust,0
2025-11-10,2882,209000,Dealer_self,310000
2025-11-10,2882,438033,Dealer_Hedging,301532
2025-11-11,2882,21638581,Foreign_Investor,19524565
2025-11-11,2882,0,Foreign_Dealer_Self,0
2025-11-11,2882,0,Investment_Trust,1324376
2025-11-11,2882,33000,Dealer_self,120000
2025-11-11,2882,235802,Dealer_Hedging,293907
2025-11-12,2882,0,Foreign_Dealer_Self,0
2025-11-12,2882,0,Investment_Trust,2458216
2025-11-12,2882,5000,Dealer_self,33000
2025-11-12,2882,505340,Dealer_Hedging,515870
2025-11-12,2882,19694758,Foreign_Investor,14355700
2025-11-13,2882,25139338,Foreign_Investor,15594805
2025-11-13,2882,0,Foreign_Dealer_Self,0
2025-11-13,2882,0,Investment_Trust,3998850
2025-11-13,2882,64000,Dealer_self,100000
2025-11-13,2882,761160,Dealer_Hedging,561000
2025-11-14,2882,0,Foreign_Dealer_Self,0
2025-11-14,2882,0,Investment_Trust,8636752
2025-11-14,2882,60000,Dealer_self,69000
2025-11-14,2882,1281024,Dealer_Hedging,155550
2025-11-14,2882,31050482,Foreign_Investor,12629500
2025-11-17,2882,0,Foreign_Dealer_Self,0
2025-11-17,2882,10096,Investment_Trust,6972508
2025-11-17,2882,7000,Dealer_self,404000
2025-11-17,2882,353568,Dealer_Hedging,378108
2025-11-17,2882,22445231,Foreign_Investor,15891207
2025-11-18,2882,0,Foreign_Dealer_Self,0
2025-11-18,2882,1603000,Investment_Trust,7966678
2025-11-18,2882,253000,Dealer_self,628000
2025-11-18,2882,913782,Dealer_Hedging,317328
2025-11-18,2882,19149783,Foreign_Investor,15259650
2025-11-19,2882,0,Foreign_Dealer_Self,0
2025-11-19,2882,109000,Dealer_self,211000
2025-11-19,2882,818471,Dealer_Hedging,380367
2025-11-19,2882,15994680,Foreign_Investor,12459781
2025-11-19,2882,1328748,Investment_Trust,6256000
2025-11-20,2882,13727304,Foreign_Investor,13794468
2025-11-20,2882,0,Foreign_Dealer_Self,0
2025-11-20,2882,585094,Investment_Trust,6295139
2025-11-20,2882,186000,Dealer_self,0
2025-11-20,2882,554844,Dealer_Hedging,449783
2025-11-21,2882,10921780,Foreign_Investor,15789869
2025-11-21,2882,0,Foreign_Dealer_Self,0
2025-11-21,2882,5000,Investment_Trust,6008000
2025-11-21,2882,465000,Dealer_self,161092
2025-11-21,2882,1955000,Dealer_Hedging,219113
2025-11-24,2882,0,Foreign_Dealer_Self,0
2025-11-24,2882,139000,Investment_Trust,5395575
2025-11-24,2882,367000,Dealer_self,88000
2025-11-24,2882,892026,Dealer_Hedging,143804
2025-11-24,2882,29259572,Foreign_Investor,19048405
2025-11-25,2882,17422562,Foreign_Investor,9711877
2025-11-25,2882,0,Foreign_Dealer_Self,0
2025-11-25,2882,0,Investment_Trust,5663139
2025-11-25,2882,0,Dealer_self,116000
2025-11-25,2882,60151,Dealer_Hedging,357389
2025-11-26,2882,15375669,Foreign_Investor,5281381
2025-11-26,2882,0,Foreign_Dealer_Self,0
2025-11-26,2882,81047,Investment_Trust,5222442
2025-11-26,2882,105000,Dealer_self,234000
2025-11-26,2882,200203,Dealer_Hedging,283000
2025-11-27,2882,21072850,Foreign_Investor,18595000
2025-11-27,2882,0,Foreign_Dealer_Self,0
2025-11-27,2882,92000,Investment_Trust,4072278
2025-11-27,2882,32000,Dealer_self,115000
2025-11-27,2882,228709,Dealer_Hedging,272476
2025-11-28,2882,8228645,Foreign_Investor,27707636
2025-11-28,2882,0,Foreign_Dealer_Self,0
2025-11-28,2882,11000,Investment_Trust,89236
2025-11-28,2882,645000,Dealer_self,0
2025-11-28,2882,344000,Dealer_Hedging,163794
2025-12-01,2882,19369145,Foreign_Investor,11845529
2025-12-01,2882,0,Foreign_Dealer_Self,0
2025-12-01,2882,179000,Dealer_self,173000
2025-12-01,2882,193747,Dealer_Hedging,197915
2025-12-01,2882,538000,Investment_Trust,291000
2025-12-02,2882,38679281,Foreign_Investor,8668235
2025-12-02,2882,0,Foreign_Dealer_Self,0
2025-12-02,2882,167000,Dealer_self,55000
2025-12-02,2882,325161,Dealer_Hedging,309842
2025-12-02,2882,249000,Investment_Trust,290000
2025-12-03,2882,26942104,Foreign_Investor,13963589
2025-12-03,2882,0,Foreign_Dealer_Self,0
2025-12-03,2882,3254000,Investment_Trust,168376
2025-12-03,2882,296000,Dealer_self,20000
2025-12-03,2882,77300,Dealer_Hedging,218977
2025-12-04,2882,31732859,Foreign_Investor,13358283
2025-12-04,2882,0,Foreign_Dealer_Self,0
2025-12-04,2882,40000,Investment_Trust,442395
2025-12-04,2882,644000,Dealer_self,78000
2025-12-04,2882,263040,Dealer_Hedging,534048
2025-12-05,2882,11571053,Foreign_Investor,12653150
2025-12-05,2882,0,Foreign_Dealer_Self,0
2025-12-05,2882,0,Investment_Trust,65237
2025-12-05,2882,546000,Dealer_self,131000
2025-12-05,2882,336085,Dealer_Hedging,164446
2025-12-08,2882,0,Foreign_Dealer_Self,0
2025-12-08,2882,38000,Investment_Trust,177822
2025-12-08,2882,195000,Dealer_self,56000
2025-12-08,2882,41517,Dealer_Hedging,88011
2025-12-08,2882,12551324,Foreign_Investor,11121176
2025-12-09,2882,16244163,Foreign_Investor,10221955
2025-12-09,2882,0,Foreign_Dealer_Self,0
2025-12-09,2882,43000,Investment_Trust,359916
2025-12-09,2882,143000,Dealer_self,175000
2025-12-09,2882,81842,Dealer_Hedging,6000
2025-12-10,2882,0,Foreign_Dealer_Self,0
2025-12-10,2882,115,Investment_Trust,299635
2025-12-10,2882,49000,Dealer_self,210000
2025-12-10,2882,157269,Dealer_Hedging,181201
2025-12-10,2882,13316722,Foreign_Investor,13680084
2025-12-11,2882,0,Foreign_Dealer_Self,0
2025-12-11,2882,0,Investment_Trust,142302
2025-12-11,2882,217000,Dealer_self,14000
2025-12-11,2882,82039,Dealer_Hedging,163000
2025-12-11,2882,20081969,Foreign_Investor,14529337
2025-12-12,2882,25499492,Foreign_Investor,12529657
2025-12-12,2882,0,Foreign_Dealer_Self,0
2025-12-12,2882,515000,Dealer_self,139000
2025-12-12,2882,275073,Dealer_Hedging,635105
2025-12-12,2882,1247000,Investment_Trust,223157
2025-12-15,2882,18226307,Foreign_Investor,13703565
2025-12-15,2882,0,Foreign_Dealer_Self,0
2025-12-15,2882,101000,Investment_Trust,1132000
2025-12-15,2882,376000,Dealer_self,234000
2025-12-15,2882,252202,Dealer_Hedging,149747
2025-12-16,2882,49798621,Foreign_Investor,26414071
2025-12-16,2882,0,Foreign_Dealer_Self,0
2025-12-16,2882,140000,Investment_Trust,33662256
2025-12-16,2882,527000,Dealer_self,624000
2025-12-16,2882,1713348,Dealer_Hedging,408065
2025-12-17,2882,55980603,Foreign_Investor,19425435
2025-12-17,2882,0,Foreign_Dealer_Self,0
2025-12-17,2882,116000,Investment_Trust,19147119
2025-12-17,2882,870156,Dealer_self,138000
2025-12-17,2882,1082253,Dealer_Hedging,1033055
2025-12-18,2882,34768461,Foreign_Investor,15554000
2025-12-18,2882,0,Foreign_Dealer_Self,0
2025-12-18,2882,106000,Investment_Trust,18913139
2025-12-18,2882,758395,Dealer_self,444000
2025-12-18,2882,767828,Dealer_Hedging,640943
2025-12-19,2882,0,Foreign_Dealer_Self,0
2025-12-19,2882,568000,Investment_Trust,21155174
2025-12-19,2882,330000,Dealer_self,332000
2025-12-19,2882,357317,Dealer_Hedging,253271
2025-12-19,2882,33166997,Foreign_Investor,8914799
2025-12-22,2882,37774696,Foreign_Investor,9018390
2025-12-22,2882,0,Foreign_Dealer_Self,0
2025-12-22,2882,32000,Investment_Trust,22367395
2025-12-22,2882,30000,Dealer_self,260000
2025-12-22,2882,630005,Dealer_Hedging,552029
2025-12-23,2882,29259516,Foreign_Investor,8314106
2025-12-23,2882,0,Foreign_Dealer_Self,0
2025-12-23,2882,300000,Investment_Trust,20923130
2025-12-23,2882,106000,Dealer_self,455000
2025-12-23,2882,224715,Dealer_Hedging,202834
2025-12-24,2882,32335107,Foreign_Investor,8458050
2025-12-24,2882,0,Foreign_Dealer_Self,0
2025-12-24,2882,0,Investment_Trust,25306389
2025-12-24,2882,165000,Dealer_self,374000
2025-12-24,2882,173663,Dealer_Hedging,128075
2025-12-26,2882,23363247,Foreign_Investor,5586000
2025-12-26,2882,0,Foreign_Dealer_Self,0
2025-12-26,2882,0,Investment_Trust,22106131
2025-12-26,2882,133000,Dealer_self,230000
2025-12-26,2882,29000,Dealer_Hedging,108868
2025-12-29,2882,11609748,Foreign_Investor,3155612
2025-12-29,2882,0,Foreign_Dealer_Self,0
2025-12-29,2882,156000,Investment_Trust,780403
2025-12-29,2882,160000,Dealer_self,454000
2025-12-29,2882,85109,Dealer_Hedging,155000
2025-12-30,2882,0,Foreign_Dealer_Self,0
2025-12-30,2882,12888000,Investment_Trust,2849000
2025-12-30,2882,150000,Dealer_self,555000
2025-12-30,2882,119062,Dealer_Hedging,117237
2025-12-30,2882,11056866,Foreign_Investor,17360606
2025-12-31,2882,5276654,Foreign_Investor,28866746
2025-12-31,2882,0,Foreign_Dealer_Self,0
2025-12-31,2882,21151000,Investment_Trust,2503107
2025-12-31,2882,59000,Dealer_self,499000
2025-12-31,2882,626991,Dealer_Hedging,316474
2026-01-02,2882,6955783,Foreign_Investor,15019870
2026-01-02,2882,0,Foreign_Dealer_Self,0
2026-01-02,2882,214000,Dealer_self,21434
2026-01-02,2882,177358,Dealer_Hedging,116116
2026-01-02,2882,11029075,Investment_Trust,2285401
2026-01-05,2882,0,Foreign_Dealer_Self,0
2026-01-05,2882,5768000,Investment_Trust,1831552
2026-01-05,2882,236000,Dealer_self,110000
2026-01-05,2882,433354,Dealer_Hedging,33133
2026-01-05,2882,16921109,Foreign_Investor,12814377
2026-01-06,2882,0,Foreign_Dealer_Self,0
2026-01-06,2882,131000,Investment_Trust,3408457
2026-01-06,2882,167000,Dealer_self,21000
2026-01-06,2882,100976,Dealer_Hedging,148117
2026-01-06,2882,12354412,Foreign_Investor,10230568
2026-01-07,2882,10792258,Foreign_Investor,8720300
2026-01-07,2882,0,Foreign_Dealer_Self,0
2026-01-07,2882,0,Investment_Trust,3511407
2026-01-07,2882,64000,Dealer_self,2000
2026-01-07,2882,177000,Dealer_Hedging,148378
2026-01-08,2882,13537773,Foreign_Investor,7069115
2026-01-08,2882,0,Foreign_Dealer_Self,0
2026-01-08,2882,0,Investment_Trust,1008800
2026-01-08,2882,347000,Dealer_self,2000
2026-01-08,2882,208593,Dealer_Hedging,112230
2026-01-09,2882,0,Foreign_Dealer_Self,0
2026-01-09,2882,65000,Dealer_self,100000
2026-01-09,2882,201000,Dealer_Hedging,77971
2026-01-09,2882,11851211,Foreign_Investor,9086700
2026-01-09,2882,128000,Investment_Trust,3488293
2026-01-12,2882,14245938,Foreign_Investor,8836743
2026-01-12,2882,0,Foreign_Dealer_Self,0
2026-01-12,2882,8000,Investment_Trust,6275437
2026-01-12,2882,80000,Dealer_self,84067
2026-01-12,2882,517340,Dealer_Hedging,326183
2026-01-13,2882,25341136,Foreign_Investor,10291000
2026-01-13,2882,0,Foreign_Dealer_Self,0
2026-01-13,2882,18000,Investment_Trust,4523145
2026-01-13,2882,640588,Dealer_self,182000
2026-01-13,2882,497365,Dealer_Hedging,252831
2026-01-14,2882,13577989,Foreign_Investor,25657998
2026-01-14,2882,0,Foreign_Dealer_Self,0
2026-01-14,2882,40000,Investment_Trust,7586472
2026-01-14,2882,125000,Dealer_self,1190000
2026-01-14,2882,582193,Dealer_Hedging,174969
2026-01-15,2882,17060423,Foreign_Investor,9855538
2026-01-15,2882,0,Foreign_Dealer_Self,0
2026-01-15,2882,42000,Investment_Trust,2973812
2026-01-15,2882,2000,Dealer_self,44000
2026-01-15,2882,339795,Dealer_Hedging,98857
2026-01-16,2882,0,Foreign_Dealer_Self,0
2026-01-16,2882,1000,Investment_Trust,4101874
2026-01-16,2882,14000,Dealer_self,0
2026-01-16,2882,348209,Dealer_Hedging,125130
2026-01-16,2882,22378768,Foreign_Investor,8725079
2026-01-19,2882,23328413,Foreign_Investor,8450400
2026-01-19,2882,0,Foreign_Dealer_Self,0
2026-01-19,2882,567000,Investment_Trust,1952112
2026-01-19,2882,236000,Dealer_self,363000
2026-01-19,2882,220508,Dealer_Hedging,347349
2026-01-20,2882,14169335,Foreign_Investor,11373713
2026-01-20,2882,0,Foreign_Dealer_Self,0
2026-01-20,2882,4000,Investment_Trust,3718030
2026-01-20,2882,2000,Dealer_self,275000
2026-01-20,2882,272364,Dealer_Hedging,508335
2026-01-21,2882,16579101,Foreign_Investor,14363050
2026-01-21,2882,0,Foreign_Dealer_Self,0
2026-01-21,2882,0,Investment_Trust,4010425
2026-01-21,2882,372000,Dealer_self,231000
2026-01-21,2882,200022,Dealer_Hedging,392656
2026-01-22,2882,17976382,Foreign_Investor,18185280
2026-01-22,2882,0,Foreign_Dealer_Self,0
2026-01-22,2882,0,Investment_Trust,1280921
2026-01-22,2882,10000,Dealer_self,100000
2026-01-22,2882,503985,Dealer_Hedging,31096
2026-01-23,2882,22566146,Foreign_Investor,15168624
2026-01-23,2882,0,Foreign_Dealer_Self,0
2026-01-23,2882,0,Investment_Trust,680849
2026-01-23,2882,30000,Dealer_self,0
2026-01-23,2882,259691,Dealer_Hedging,63066
2026-01-26,2882,0,Foreign_Dealer_Self,0
2026-01-26,2882,0,Investment_Trust,5099003
2026-01-26,2882,0,Dealer_self,40000
2026-01-26,2882,78325,Dealer_Hedging,174414
2026-01-26,2882,18875086,Foreign_Investor,7452782
2026-01-27,2882,0,Foreign_Dealer_Self,0
2026-01-27,2882,366000,Investment_Trust,9099615
2026-01-27,2882,0,Dealer_self,0
2026-01-27,2882,851000,Dealer_Hedging,531892
2026-01-27,2882,19087205,Foreign_Investor,13747275
2026-01-28,2882,10642744,Foreign_Investor,9837025
2026-01-28,2882,0,Foreign_Dealer_Self,0
2026-01-28,2882,507000,Investment_Trust,3521280
2026-01-28,2882,13000,Dealer_self,0
2026-01-28,2882,249149,Dealer_Hedging,456567
2026-01-29,2882,0,Foreign_Dealer_Self,0
2026-01-29,2882,175000,Investment_Trust,3730422
2026-01-29,2882,84000,Dealer_self,97000
2026-01-29,2882,320051,Dealer_Hedging,132158
2026-01-29,2882,16138714,Foreign_Investor,6290102
2026-01-30,2882,0,Foreign_Dealer_Self,0
2026-01-30,2882,261000,Investment_Trust,3422042
2026-01-30,2882,54000,Dealer_self,19000
2026-01-30,2882,502000,Dealer_Hedging,189521
2026-01-30,2882,15873638,Foreign_Investor,15463431
2026-02-02,2882,20604342,Foreign_Investor,12173835
2026-02-02,2882,0,Foreign_Dealer_Self,0
2026-02-02,2882,1193000,Investment_Trust,903143
2026-02-02,2882,68000,Dealer_self,204000
2026-02-02,2882,219212,Dealer_Hedging,177719
2026-02-03,2882,10679695,Foreign_Investor,3885671
2026-02-03,2882,0,Foreign_Dealer_Self,0
2026-02-03,2882,956000,Investment_Trust,941527
2026-02-03,2882,151000,Dealer_self,145000
2026-02-03,2882,197989,Dealer_Hedging,115721
2026-02-04,2882,0,Foreign_Dealer_Self,0
2026-02-04,2882,631000,Investment_Trust,430000
2026-02-04,2882,91000,Dealer_self,21000
2026-02-04,2882,227907,Dealer_Hedging,251684
2026-02-04,2882,13678515,Foreign_Investor,9057849
2026-02-05,2882,8178956,Foreign_Investor,5741452
2026-02-05,2882,0,Foreign_Dealer_Self,0
2026-02-05,2882,775000,Investment_Trust,908277
2026-02-05,2882,18000,Dealer_self,252000
2026-02-05,2882,180465,Dealer_Hedging,124479
2026-02-06,2882,13147112,Foreign_Investor,15099070
2026-02-06,2882,0,Foreign_Dealer_Self,0
2026-02-06,2882,527000,Investment_Trust,79000
2026-02-06,2882,62000,Dealer_self,200000
2026-02-06,2882,174018,Dealer_Hedging,279797
2026-02-09,2882,20591355,Foreign_Investor,7680500
2026-02-09,2882,0,Foreign_Dealer_Self,0
2026-02-09,2882,72000,Investment_Trust,900000
2026-02-09,2882,74000,Dealer_self,0
2026-02-09,2882,208306,Dealer_Hedging,336000
2026-02-10,2882,14117313,Foreign_Investor,6205073
2026-02-10,2882,0,Foreign_Dealer_Self,0
2026-02-10,2882,254000,Investment_Trust,990070
2026-02-10,2882,130000,Dealer_self,0
2026-02-10,2882,134945,Dealer_Hedging,47000
2026-02-11,2882,25348727,Foreign_Investor,7968944
2026-02-11,2882,0,Foreign_Dealer_Self,0
2026-02-11,2882,611027,Dealer_self,0
2026-02-11,2882,220480,Dealer_Hedging,761090
2026-02-11,2882,762000,Investment_Trust,1842000
2026-02-23,2882,0,Foreign_Dealer_Self,0
2026-02-23,2882,1720000,Investment_Trust,8558778
2026-02-23,2882,716000,Dealer_self,723000
2026-02-23,2882,745963,Dealer_Hedging,952624
2026-02-23,2882,34993944,Foreign_Investor,28028470
2026-02-24,2882,15851117,Foreign_Investor,19109015
2026-02-24,2882,0,Foreign_Dealer_Self,0
2026-02-24,2882,861000,Investment_Trust,4263062
2026-02-24,2882,215000,Dealer_self,21000
2026-02-24,2882,437796,Dealer_Hedging,97173
2026-02-25,2882,0,Foreign_Dealer_Self,0
2026-02-25,2882,2301000,Investment_Trust,8605443
2026-02-25,2882,258000,Dealer_self,49067
2026-02-25,2882,1720803,Dealer_Hedging,421993
2026-02-25,2882,17197118,Foreign_Investor,21208540
2026-02-26,2882,49617713,Foreign_Investor,40194799
2026-02-26,2882,0,Foreign_Dealer_Self,0
2026-02-26,2882,9635000,Investment_Trust,7485423
2026-02-26,2882,110000,Dealer_self,212000
2026-02-26,2882,458563,Dealer_Hedging,237329
2026-03-02,2882,0,Foreign_Dealer_Self,0
2026-03-02,2882,300000,Dealer_self,304219
2026-03-02,2882,318916,Dealer_Hedging,249092
2026-03-02,2882,11951738,Foreign_Investor,17556394
2026-03-02,2882,2467000,Investment_Trust,801289
2026-03-03,2882,15516236,Foreign_Investor,12608924
2026-03-03,2882,0,Foreign_Dealer_Self,0
2026-03-03,2882,60000,Dealer_self,197630
2026-03-03,2882,1461077,Dealer_Hedging,18141
2026-03-03,2882,1159000,Investment_Trust,711166
2026-03-04,2882,22618250,Foreign_Investor,35648582
2026-03-04,2882,0,Foreign_Dealer_Self,0
2026-03-04,2882,4738000,Investment_Trust,430463
2026-03-04,2882,2431130,Dealer_self,3254570
2026-03-04,2882,3004714,Dealer_Hedging,1010286
2026-03-05,2882,9235906,Foreign_Investor,17194642
2026-03-05,2882,0,Foreign_Dealer_Self,0
2026-03-05,2882,134000,Dealer_self,357010
2026-03-05,2882,452433,Dealer_Hedging,814194
2026-03-05,2882,7681000,Investment_Trust,287178
2026-03-06,2882,10475715,Foreign_Investor,13155471
2026-03-06,2882,0,Foreign_Dealer_Self,0
2026-03-06,2882,2951000,Investment_Trust,180185
2026-03-06,2882,0,Dealer_self,0
2026-03-06,2882,372611,Dealer_Hedging,248264
2026-03-09,2882,17911424,Foreign_Investor,23010071
2026-03-09,2882,0,Foreign_Dealer_Self,0
2026-03-09,2882,5806076,Investment_Trust,14110
2026-03-09,2882,2127000,Dealer_self,3305442
2026-03-09,2882,1929899,Dealer_Hedging,368488
2026-03-10,2882,0,Foreign_Dealer_Self,0
2026-03-10,2882,0,Dealer_self,32000
2026-03-10,2882,627569,Dealer_Hedging,475484
2026-03-10,2882,9070234,Foreign_Investor,12556378
2026-03-10,2882,1192077,Investment_Trust,542000
2026-03-11,2882,5333254,Foreign_Investor,6322538
2026-03-11,2882,0,Foreign_Dealer_Self,0
2026-03-11,2882,455000,Investment_Trust,58146
2026-03-11,2882,138000,Dealer_self,91000
2026-03-11,2882,125403,Dealer_Hedging,232453
2026-03-12,2882,11316263,Foreign_Investor,15399128
2026-03-12,2882,0,Foreign_Dealer_Self,0
2026-03-12,2882,663000,Investment_Trust,379396
2026-03-12,2882,99000,Dealer_self,264000
2026-03-12,2882,422462,Dealer_Hedging,487451
2026-03-13,2882,4946766,Foreign_Investor,14426237
2026-03-13,2882,0,Foreign_Dealer_Self,0
2026-03-13,2882,24000,Dealer_self,240000
2026-03-13,2882,566000,Dealer_Hedging,465057
2026-03-13,2882,7579000,Investment_Trust,994184
2026-03-16,2882,14402602,Foreign_Investor,16714821
2026-03-16,2882,0,Foreign_Dealer_Self,0
2026-03-16,2882,8203066,Investment_Trust,1734160
2026-03-16,2882,0,Dealer_self,142000
2026-03-16,2882,500294,Dealer_Hedging,541277
2026-03-17,2882,7391978,Foreign_Investor,7437856
2026-03-17,2882,0,Foreign_Dealer_Self,0
2026-03-17,2882,6000000,Investment_Trust,2865400
2026-03-17,2882,294000,Dealer_self,110000
2026-03-17,2882,688810,Dealer_Hedging,307848
2026-03-18,2882,10822592,Foreign_Investor,7208280
2026-03-18,2882,0,Foreign_Dealer_Self,0
2026-03-18,2882,250000,Dealer_self,202000
2026-03-18,2882,565932,Dealer_Hedging,179517
2026-03-18,2882,35078,Investment_Trust,938326
2026-03-19,2882,7891747,Foreign_Investor,20596800
2026-03-19,2882,0,Foreign_Dealer_Self,0
2026-03-19,2882,5540000,Investment_Trust,364217
2026-03-19,2882,87000,Dealer_self,60264
2026-03-19,2882,651000,Dealer_Hedging,386349
2026-03-20,2882,0,Foreign_Dealer_Self,0
2026-03-20,2882,7266063,Investment_Trust,1441326
2026-03-20,2882,45000,Dealer_self,171842
2026-03-20,2882,174097,Dealer_Hedging,287420
2026-03-20,2882,15332677,Foreign_Investor,15437977
2026-03-23,2882,10439077,Foreign_Investor,17424926
2026-03-23,2882,0,Foreign_Dealer_Self,0
2026-03-23,2882,9978958,Investment_Trust,14325
2026-03-23,2882,250000,Dealer_self,639000
2026-03-23,2882,2195497,Dealer_Hedging,1705591
2026-03-24,2882,10600916,Foreign_Investor,17726441
2026-03-24,2882,0,Foreign_Dealer_Self,0
2026-03-24,2882,4524000,Investment_Trust,2000
2026-03-24,2882,117000,Dealer_self,35809
2026-03-24,2882,675600,Dealer_Hedging,621101
2026-03-25,2882,0,Foreign_Dealer_Self,0
2026-03-25,2882,799000,Investment_Trust,60000
2026-03-25,2882,299000,Dealer_self,2000
2026-03-25,2882,245492,Dealer_Hedging,149712
2026-03-25,2882,16163471,Foreign_Investor,15075673
2026-03-26,2882,7160965,Foreign_Investor,12290143
2026-03-26,2882,0,Foreign_Dealer_Self,0
2026-03-26,2882,1900000,Investment_Trust,76077
2026-03-26,2882,86000,Dealer_self,83000
2026-03-26,2882,254982,Dealer_Hedging,169299
2026-03-27,2882,9214247,Foreign_Investor,20960931
2026-03-27,2882,0,Foreign_Dealer_Self,0
2026-03-27,2882,2639000,Investment_Trust,26000
2026-03-27,2882,20000,Dealer_self,39159
2026-03-27,2882,443293,Dealer_Hedging,319927
2026-03-30,2882,0,Foreign_Dealer_Self,0
2026-03-30,2882,2982106,Investment_Trust,307000
2026-03-30,2882,23000,Dealer_self,510000
2026-03-30,2882,421485,Dealer_Hedging,28558
2026-03-30,2882,20634105,Foreign_Investor,19546539
2026-03-31,2882,0,Foreign_Dealer_Self,0
2026-03-31,2882,2051000,Investment_Trust,140000
2026-03-31,2882,180000,Dealer_self,47000
2026-03-31,2882,2042304,Dealer_Hedging,125403
2026-03-31,2882,25526039,Foreign_Investor,27714864
2026-04-01,2882,14693141,Foreign_Investor,15558099
2026-04-01,2882,0,Foreign_Dealer_Self,0
2026-04-01,2882,3977106,Investment_Trust,0
2026-04-01,2882,686000,Dealer_self,147000
2026-04-01,2882,250367,Dealer_Hedging,128087
2026-04-02,2882,0,Foreign_Dealer_Self,0
2026-04-02,2882,1676697,Investment_Trust,33111
2026-04-02,2882,13000,Dealer_self,29000
2026-04-02,2882,48946,Dealer_Hedging,599895
2026-04-02,2882,13388904,Foreign_Investor,14582500
2026-04-07,2882,0,Foreign_Dealer_Self,0
2026-04-07,2882,180000,Dealer_self,4000
2026-04-07,2882,59723,Dealer_Hedging,515906
2026-04-07,2882,8500804,Foreign_Investor,12886569
2026-04-07,2882,4908054,Investment_Trust,129111
2026-04-08,2882,20441078,Foreign_Investor,15593000
2026-04-08,2882,0,Foreign_Dealer_Self,0
2026-04-08,2882,903000,Dealer_self,85000
2026-04-08,2882,237150,Dealer_Hedging,297227
2026-04-08,2882,2647633,Investment_Trust,72038
2026-04-09,2882,18082691,Foreign_Investor,19735001
2026-04-09,2882,0,Foreign_Dealer_Self,0
2026-04-09,2882,2725703,Investment_Trust,405304
2026-04-09,2882,115000,Dealer_self,173000
2026-04-09,2882,332943,Dealer_Hedging,213072
2026-04-10,2882,0,Foreign_Dealer_Self,0
2026-04-10,2882,83000,Dealer_self,12187
2026-04-10,2882,341000,Dealer_Hedging,285186
2026-04-10,2882,10425903,Foreign_Investor,17182460
2026-04-10,2882,1890064,Investment_Trust,675373
2026-04-13,2882,0,Foreign_Dealer_Self,0
2026-04-13,2882,145000,Dealer_self,39793
2026-04-13,2882,181015,Dealer_Hedging,297273
2026-04-13,2882,11525173,Foreign_Investor,14149001
2026-04-13,2882,257666,Investment_Trust,4132381
2026-04-14,2882,0,Foreign_Dealer_Self,0
2026-04-14,2882,256000,Dealer_self,0
2026-04-14,2882,200706,Dealer_Hedging,25441
2026-04-14,2882,20122711,Foreign_Investor,18494100
2026-04-14,2882,307611,Investment_Trust,3097363
2026-04-15,2882,0,Foreign_Dealer_Self,0
2026-04-15,2882,140623,Investment_Trust,2886837
2026-04-15,2882,140000,Dealer_self,48000
2026-04-15,2882,182200,Dealer_Hedging,660767
2026-04-15,2882,10905634,Foreign_Investor,17334000
2026-04-16,2882,20307508,Foreign_Investor,13896000
2026-04-16,2882,0,Foreign_Dealer_Self,0
2026-04-16,2882,295056,Investment_Trust,2678691
2026-04-16,2882,409000,Dealer_self,15000
2026-04-16,2882,572914,Dealer_Hedging,414935
2026-04-17,2882,0,Foreign_Dealer_Self,0
2026-04-17,2882,226156,Investment_Trust,4815938
2026-04-17,2882,466000,Dealer_self,317998
2026-04-17,2882,299883,Dealer_Hedging,378385
2026-04-17,2882,12863879,Foreign_Investor,15225327
2026-04-20,2882,11474315,Foreign_Investor,16789484
2026-04-20,2882,0,Foreign_Dealer_Self,0
2026-04-20,2882,4061250,Investment_Trust,7475866
2026-04-20,2882,179000,Dealer_self,91000
2026-04-20,2882,662574,Dealer_Hedging,366727
2026-04-21,2882,0,Foreign_Dealer_Self,0
2026-04-21,2882,4324699,Investment_Trust,4812396
2026-04-21,2882,301000,Dealer_self,118000
2026-04-21,2882,290693,Dealer_Hedging,25649
2026-04-21,2882,14181380,Foreign_Investor,12106570
2026-04-22,2882,14308971,Foreign_Investor,18332875
2026-04-22,2882,0,Foreign_Dealer_Self,0
2026-04-22,2882,3971210,Investment_Trust,5252491
2026-04-22,2882,250000,Dealer_self,119000
2026-04-22,2882,444372,Dealer_Hedging,763401
2026-04-23,2882,13906492,Foreign_Investor,22060540
2026-04-23,2882,0,Foreign_Dealer_Self,0
2026-04-23,2882,3604000,Investment_Trust,4431005
2026-04-23,2882,20000,Dealer_self,601000
2026-04-23,2882,671544,Dealer_Hedging,236282
2026-04-24,2882,6908919,Foreign_Investor,21554451
2026-04-24,2882,0,Foreign_Dealer_Self,0
2026-04-24,2882,3701000,Investment_Trust,2260530
2026-04-24,2882,41000,Dealer_self,65000
2026-04-24,2882,96042,Dealer_Hedging,96119
2026-04-27,2882,12321811,Foreign_Investor,18038182
2026-04-27,2882,0,Foreign_Dealer_Self,0
2026-04-27,2882,0,Investment_Trust,4255062
2026-04-27,2882,14000,Dealer_self,184000
2026-04-27,2882,1170144,Dealer_Hedging,1069830
2026-04-28,2882,0,Foreign_Dealer_Self,0
2026-04-28,2882,0,Investment_Trust,5168719
2026-04-28,2882,288000,Dealer_self,0
2026-04-28,2882,440159,Dealer_Hedging,320000
2026-04-28,2882,15429025,Foreign_Investor,12815004
2026-04-29,2882,64476951,Foreign_Investor,21899772
2026-04-29,2882,0,Foreign_Dealer_Self,0
2026-04-29,2882,300000,Investment_Trust,12217000
2026-04-29,2882,104551,Dealer_self,160000
2026-04-29,2882,697918,Dealer_Hedging,249740
2026-04-30,2882,21636959,Foreign_Investor,15792596
2026-04-30,2882,0,Foreign_Dealer_Self,0
2026-04-30,2882,0,Investment_Trust,6703226
2026-04-30,2882,357000,Dealer_self,80000
2026-04-30,2882,298240,Dealer_Hedging,214880
2026-05-04,2882,18280993,Foreign_Investor,17853965
2026-05-04,2882,0,Foreign_Dealer_Self,0
2026-05-04,2882,70000,Dealer_self,181000
2026-05-04,2882,236849,Dealer_Hedging,204502
2026-05-04,2882,338000,Investment_Trust,10470702
2026-05-05,2882,21216910,Foreign_Investor,11338890
2026-05-05,2882,0,Foreign_Dealer_Self,0
2026-05-05,2882,66000,Dealer_self,20000
2026-05-05,2882,248805,Dealer_Hedging,107149
2026-05-05,2882,109000,Investment_Trust,7131087
2026-05-06,2882,0,Foreign_Dealer_Self,0
2026-05-06,2882,584000,Investment_Trust,3727039
2026-05-06,2882,131000,Dealer_self,41000
2026-05-06,2882,364470,Dealer_Hedging,523020
2026-05-06,2882,27563789,Foreign_Investor,14307744
2026-05-07,2882,11939559,Foreign_Investor,17788825
2026-05-07,2882,0,Foreign_Dealer_Self,0
2026-05-07,2882,600000,Investment_Trust,424927
2026-05-07,2882,450000,Dealer_self,332000
2026-05-07,2882,251670,Dealer_Hedging,458317
2026-05-08,2882,0,Foreign_Dealer_Self,0
2026-05-08,2882,60000,Investment_Trust,6318078
2026-05-08,2882,720039,Dealer_self,233000
2026-05-08,2882,462192,Dealer_Hedging,288000
2026-05-08,2882,30495163,Foreign_Investor,14251362
2026-05-11,2882,9393374,Foreign_Investor,14454652
2026-05-11,2882,0,Foreign_Dealer_Self,0
2026-05-11,2882,214000,Dealer_self,872000
2026-05-11,2882,214844,Dealer_Hedging,76118
2026-05-11,2882,1000,Investment_Trust,4343749
2026-05-12,2882,19574224,Foreign_Investor,27912357
2026-05-12,2882,0,Foreign_Dealer_Self,0
2026-05-12,2882,7011000,Investment_Trust,10330807
2026-05-12,2882,149000,Dealer_self,478589
2026-05-12,2882,275965,Dealer_Hedging,683571
2026-05-13,2882,18522101,Foreign_Investor,19000333
2026-05-13,2882,0,Foreign_Dealer_Self,0
2026-05-13,2882,9001000,Investment_Trust,4652000
2026-05-13,2882,169000,Dealer_self,357000
2026-05-13,2882,1164971,Dealer_Hedging,360374
2026-05-14,2882,18228704,Foreign_Investor,14273449
2026-05-14,2882,0,Foreign_Dealer_Self,0
2026-05-14,2882,426000,Dealer_self,154000
2026-05-14,2882,17057,Dealer_Hedging,118502
2026-05-14,2882,0,Investment_Trust,8315307
2026-05-15,2882,44279683,Foreign_Investor,14999115
2026-05-15,2882,0,Foreign_Dealer_Self,0
2026-05-15,2882,286000,Investment_Trust,21188490
2026-05-15,2882,354109,Dealer_self,452000
2026-05-15,2882,505097,Dealer_Hedging,677289
2026-05-18,2882,15431110,Foreign_Investor,12616890
2026-05-18,2882,0,Foreign_Dealer_Self,0
2026-05-18,2882,0,Investment_Trust,9571309
2026-05-18,2882,4000,Dealer_self,0
2026-05-18,2882,702800,Dealer_Hedging,280840
2026-05-19,2882,39280670,Foreign_Investor,13876500
2026-05-19,2882,0,Foreign_Dealer_Self,0
2026-05-19,2882,17000,Investment_Trust,17983158
2026-05-19,2882,308000,Dealer_self,5000
2026-05-19,2882,565082,Dealer_Hedging,462694
2026-05-20,2882,21180705,Foreign_Investor,21107201
2026-05-20,2882,0,Foreign_Dealer_Self,0
2026-05-20,2882,14000,Investment_Trust,968077
2026-05-20,2882,238000,Dealer_self,261000
2026-05-20,2882,194164,Dealer_Hedging,1150837
2026-05-21,2882,0,Foreign_Dealer_Self,0
2026-05-21,2882,181000,Dealer_self,274000
2026-05-21,2882,300855,Dealer_Hedging,147000
2026-05-21,2882,38803798,Foreign_Investor,13040221
2026-05-21,2882,22000,Investment_Trust,21969360
2026-05-22,2882,36969249,Foreign_Investor,9186776
2026-05-22,2882,0,Foreign_Dealer_Self,0
2026-05-22,2882,195979,Dealer_self,308000
2026-05-22,2882,309406,Dealer_Hedging,61148
2026-05-22,2882,7000,Investment_Trust,22143936
2026-05-25,2882,40478533,Foreign_Investor,19214100
2026-05-25,2882,0,Foreign_Dealer_Self,0
2026-05-25,2882,392000,Investment_Trust,15990000
2026-05-25,2882,153236,Dealer_self,13000
2026-05-25,2882,324891,Dealer_Hedging,345993
2026-05-26,2882,43372940,Foreign_Investor,19820841
2026-05-26,2882,0,Foreign_Dealer_Self,0
2026-05-26,2882,39000,Investment_Trust,17928450
2026-05-26,2882,160000,Dealer_self,205001
2026-05-26,2882,476893,Dealer_Hedging,536039
2026-05-27,2882,55000122,Foreign_Investor,31908084
2026-05-27,2882,0,Foreign_Dealer_Self,0
2026-05-27,2882,45000,Investment_Trust,19920149
2026-05-27,2882,319000,Dealer_self,95000
2026-05-27,2882,1081717,Dealer_Hedging,517737
2026-05-28,2882,46178897,Foreign_Investor,28451616
2026-05-28,2882,0,Foreign_Dealer_Self,0
2026-05-28,2882,118872,Investment_Trust,21288000
2026-05-28,2882,195000,Dealer_self,55000
2026-05-28,2882,420149,Dealer_Hedging,412940
2026-05-29,2882,55713318,Foreign_Investor,38108009
2026-05-29,2882,0,Foreign_Dealer_Self,0
2026-05-29,2882,233423,Investment_Trust,19868000
2026-05-29,2882,149000,Dealer_self,103000
2026-05-29,2882,224503,Dealer_Hedging,354169
2026-06-01,2882,0,Foreign_Dealer_Self,0
2026-06-01,2882,171000,Investment_Trust,22461000
2026-06-01,2882,396140,Dealer_self,195000
2026-06-01,2882,663974,Dealer_Hedging,226203
2026-06-01,2882,39027752,Foreign_Investor,13024773
2026-06-02,2882,29783699,Foreign_Investor,20619030
2026-06-02,2882,0,Foreign_Dealer_Self,0
2026-06-02,2882,519923,Dealer_self,109000
2026-06-02,2882,334209,Dealer_Hedging,203798
2026-06-02,2882,10994000,Investment_Trust,22496000
2026-06-03,2882,39689413,Foreign_Investor,17084205
2026-06-03,2882,0,Foreign_Dealer_Self,0
2026-06-03,2882,894975,Dealer_self,54000
2026-06-03,2882,713249,Dealer_Hedging,216605
2026-06-03,2882,1700000,Investment_Trust,23753335
2026-06-04,2882,41682544,Foreign_Investor,16643970
2026-06-04,2882,0,Foreign_Dealer_Self,0
2026-06-04,2882,1575000,Investment_Trust,21495965
2026-06-04,2882,179000,Dealer_self,118000
2026-06-04,2882,790643,Dealer_Hedging,215696
2026-06-05,2882,46232482,Foreign_Investor,35421868
2026-06-05,2882,0,Foreign_Dealer_Self,0
2026-06-05,2882,1942000,Investment_Trust,2220827
2026-06-05,2882,572030,Dealer_self,764000
2026-06-05,2882,1034063,Dealer_Hedging,743227
2026-06-08,2882,32639350,Foreign_Investor,40163941
2026-06-08,2882,0,Foreign_Dealer_Self,0
2026-06-08,2882,1236000,Investment_Trust,206000
2026-06-08,2882,31000,Dealer_self,356802
2026-06-08,2882,913084,Dealer_Hedging,358112
2026-06-09,2882,30225776,Foreign_Investor,25371295
2026-06-09,2882,0,Foreign_Dealer_Self,0
2026-06-09,2882,962000,Investment_Trust,1614887
2026-06-09,2882,194120,Dealer_self,275000
2026-06-09,2882,1501749,Dealer_Hedging,689961
2026-06-10,2882,0,Foreign_Dealer_Self,0
2026-06-10,2882,19284988,Foreign_Investor,24368052
2026-06-10,2882,1634059,Investment_Trust,3448000
2026-06-10,2882,286000,Dealer_self,281992
2026-06-10,2882,940216,Dealer_Hedging,602791
2026-06-11,2882,17937001,Foreign_Investor,18089251
2026-06-11,2882,1438945,Foreign_Dealer_Self,3120000
2026-06-11,2882,1186702,Investment_Trust,401000
2026-06-11,2882,1443565,Dealer_self,478863
2026-06-11,2882,-646603,Dealer_Hedging,0
2026-06-12,2882,0,Foreign_Dealer_Self,0
2026-06-12,2882,20021890,Foreign_Investor,9094149
2026-06-12,2882,35000,Investment_Trust,9702900
2026-06-12,2882,155000,Dealer_self,106000
2026-06-12,2882,407192,Dealer_Hedging,566796
2026-06-15,2882,18965480,Foreign_Investor,6691387
2026-06-15,2882,0,Foreign_Dealer_Self,0
2026-06-15,2882,507000,Investment_Trust,6908000
2026-06-15,2882,419000,Dealer_self,40000
2026-06-15,2882,528251,Dealer_Hedging,91001
2026-06-16,2882,28875209,Foreign_Investor,29022538
2026-06-16,2882,0,Foreign_Dealer_Self,0
2026-06-16,2882,7761444,Investment_Trust,41758
2026-06-16,2882,805000,Dealer_self,100000
2026-06-16,2882,959954,Dealer_Hedging,526428
