date,stock_id,buy,name,sell
2024-05-13,3048,361000,Foreign_Investor,140000
2024-05-13,3048,0,Foreign_Dealer_Self,0
2024-05-13,3048,0,Investment_Trust,0
2024-05-13,3048,4000,Dealer_self,95
2024-05-13,3048,0,Dealer_Hedging,0
2024-05-14,3048,104000,Foreign_Investor,130000
2024-05-14,3048,0,Foreign_Dealer_Self,0
2024-05-14,3048,0,Investment_Trust,0
2024-05-14,3048,4000,Dealer_self,0
2024-05-14,3048,0,Dealer_Hedging,0
2024-05-15,3048,186000,Foreign_Investor,16000
2024-05-15,3048,0,Foreign_Dealer_Self,0
2024-05-15,3048,0,Investment_Trust,0
2024-05-15,3048,10000,Dealer_self,0
2024-05-15,3048,0,Dealer_Hedging,0
2024-05-16,3048,226000,Foreign_Investor,74000
2024-05-16,3048,0,Foreign_Dealer_Self,0
2024-05-16,3048,0,Investment_Trust,0
2024-05-16,3048,3000,Dealer_self,20000
2024-05-16,3048,0,Dealer_Hedging,0
2024-05-17,3048,71000,Foreign_Investor,95000
2024-05-17,3048,0,Foreign_Dealer_Self,0
2024-05-17,3048,0,Investment_Trust,0
2024-05-17,3048,19000,Dealer_self,0
2024-05-17,3048,0,Dealer_Hedging,0
2024-05-20,3048,70000,Foreign_Investor,57000
2024-05-20,3048,0,Foreign_Dealer_Self,0
2024-05-20,3048,0,Investment_Trust,0
2024-05-20,3048,20000,Dealer_self,450
2024-05-20,3048,0,Dealer_Hedging,0
2024-05-21,3048,240000,Foreign_Investor,99400
2024-05-21,3048,0,Foreign_Dealer_Self,0
2024-05-21,3048,0,Investment_Trust,0
2024-05-21,3048,18000,Dealer_self,0
2024-05-21,3048,0,Dealer_Hedging,0
2024-05-22,3048,103000,Foreign_Investor,189000
2024-05-22,3048,0,Foreign_Dealer_Self,0
2024-05-22,3048,0,Investment_Trust,0
2024-05-22,3048,0,Dealer_self,0
2024-05-22,3048,0,Dealer_Hedging,0
2024-05-23,3048,112000,Foreign_Investor,153000
2024-05-23,3048,0,Foreign_Dealer_Self,0
2024-05-23,3048,0,Investment_Trust,0
2024-05-23,3048,0,Dealer_self,2000
2024-05-23,3048,0,Dealer_Hedging,0
2024-05-24,3048,240000,Foreign_Investor,51010
2024-05-24,3048,0,Foreign_Dealer_Self,0
2024-05-24,3048,0,Investment_Trust,0
2024-05-24,3048,0,Dealer_self,0
2024-05-24,3048,0,Dealer_Hedging,0
2024-05-27,3048,13000,Foreign_Investor,60000
2024-05-27,3048,0,Foreign_Dealer_Self,0
2024-05-27,3048,0,Investment_Trust,0
2024-05-27,3048,2000,Dealer_self,2000
2024-05-27,3048,0,Dealer_Hedging,0
2024-05-28,3048,938000,Foreign_Investor,140000
2024-05-28,3048,0,Foreign_Dealer_Self,0
2024-05-28,3048,0,Investment_Trust,0
2024-05-28,3048,3000,Dealer_self,3000
2024-05-28,3048,0,Dealer_Hedging,0
2024-05-29,3048,1554000,Foreign_Investor,2460000
2024-05-29,3048,0,Foreign_Dealer_Self,0
2024-05-29,3048,0,Investment_Trust,0
2024-05-29,3048,27000,Dealer_self,42937
2024-05-29,3048,0,Dealer_Hedging,0
2024-05-30,3048,1702000,Foreign_Investor,2054000
2024-05-30,3048,0,Foreign_Dealer_Self,0
2024-05-30,3048,0,Investment_Trust,0
2024-05-30,3048,45000,Dealer_self,25000
2024-05-30,3048,0,Dealer_Hedging,0
2024-05-31,3048,412000,Foreign_Investor,956400
2024-05-31,3048,0,Foreign_Dealer_Self,0
2024-05-31,3048,0,Investment_Trust,0
2024-05-31,3048,16000,Dealer_self,0
2024-05-31,3048,0,Dealer_Hedging,0
2024-06-03,3048,4000,Foreign_Investor,247000
2024-06-03,3048,0,Foreign_Dealer_Self,0
2024-06-03,3048,0,Investment_Trust,0
2024-06-03,3048,0,Dealer_self,16000
2024-06-03,3048,0,Dealer_Hedging,0
2024-06-04,3048,121000,Foreign_Investor,170500
2024-06-04,3048,0,Foreign_Dealer_Self,0
2024-06-04,3048,0,Investment_Trust,0
2024-06-04,3048,10000,Dealer_self,4000
2024-06-04,3048,0,Dealer_Hedging,0
2024-06-05,3048,5355000,Foreign_Investor,6123000
2024-06-05,3048,0,Foreign_Dealer_Self,0
2024-06-05,3048,0,Investment_Trust,0
2024-06-05,3048,50313,Dealer_self,237969
2024-06-05,3048,80000,Dealer_Hedging,0
2024-06-06,3048,2246000,Foreign_Investor,3575000
2024-06-06,3048,0,Foreign_Dealer_Self,0
2024-06-06,3048,0,Investment_Trust,0
2024-06-06,3048,8131,Dealer_self,12833
2024-06-06,3048,0,Dealer_Hedging,0
2024-06-07,3048,2943144,Foreign_Investor,2690000
2024-06-07,3048,0,Foreign_Dealer_Self,0
2024-06-07,3048,0,Investment_Trust,0
2024-06-07,3048,13000,Dealer_self,27412
2024-06-07,3048,0,Dealer_Hedging,0
2024-06-11,3048,2269000,Foreign_Investor,2146000
2024-06-11,3048,0,Foreign_Dealer_Self,0
2024-06-11,3048,0,Investment_Trust,0
2024-06-11,3048,18000,Dealer_self,64237
2024-06-11,3048,0,Dealer_Hedging,0
2024-06-12,3048,2963000,Foreign_Investor,3822000
2024-06-12,3048,0,Foreign_Dealer_Self,0
2024-06-12,3048,0,Investment_Trust,0
2024-06-12,3048,9000,Dealer_self,9592
2024-06-12,3048,0,Dealer_Hedging,0
2024-06-13,3048,3170000,Foreign_Investor,3780250
2024-06-13,3048,0,Foreign_Dealer_Self,0
2024-06-13,3048,0,Investment_Trust,0
2024-06-13,3048,41000,Dealer_self,2000
2024-06-13,3048,0,Dealer_Hedging,0
2024-06-14,3048,10391000,Foreign_Investor,10057000
2024-06-14,3048,0,Foreign_Dealer_Self,0
2024-06-14,3048,0,Investment_Trust,0
2024-06-14,3048,76412,Dealer_self,47370
2024-06-14,3048,0,Dealer_Hedging,0
2024-06-17,3048,4294000,Foreign_Investor,4547000
2024-06-17,3048,0,Foreign_Dealer_Self,0
2024-06-17,3048,0,Investment_Trust,0
2024-06-17,3048,5949,Dealer_self,7249
2024-06-17,3048,0,Dealer_Hedging,0
2024-06-18,3048,4638000,Foreign_Investor,4492000
2024-06-18,3048,0,Foreign_Dealer_Self,0
2024-06-18,3048,0,Investment_Trust,0
2024-06-18,3048,11695,Dealer_self,8000
2024-06-18,3048,0,Dealer_Hedging,0
2024-06-19,3048,8702200,Foreign_Investor,7538000
2024-06-19,3048,0,Foreign_Dealer_Self,0
2024-06-19,3048,0,Investment_Trust,0
2024-06-19,3048,34000,Dealer_self,20623
2024-06-19,3048,0,Dealer_Hedging,0
2024-06-20,3048,4993000,Foreign_Investor,4416000
2024-06-20,3048,0,Foreign_Dealer_Self,0
2024-06-20,3048,0,Investment_Trust,0
2024-06-20,3048,27912,Dealer_self,5741
2024-06-20,3048,0,Dealer_Hedging,0
2024-06-21,3048,2383000,Foreign_Investor,4110286
2024-06-21,3048,0,Foreign_Dealer_Self,0
2024-06-21,3048,0,Investment_Trust,0
2024-06-21,3048,4973,Dealer_self,22081
2024-06-21,3048,0,Dealer_Hedging,0
2024-06-24,3048,2286000,Foreign_Investor,2439000
2024-06-24,3048,0,Foreign_Dealer_Self,0
2024-06-24,3048,0,Investment_Trust,0
2024-06-24,3048,1000,Dealer_self,21105
2024-06-24,3048,0,Dealer_Hedging,0
2024-06-25,3048,1726000,Foreign_Investor,1498000
2024-06-25,3048,0,Foreign_Dealer_Self,0
2024-06-25,3048,0,Investment_Trust,0
2024-06-25,3048,1652,Dealer_self,1723
2024-06-25,3048,0,Dealer_Hedging,0
2024-06-26,3048,2001000,Foreign_Investor,2684000
2024-06-26,3048,0,Foreign_Dealer_Self,0
2024-06-26,3048,0,Investment_Trust,0
2024-06-26,3048,14000,Dealer_self,2171
2024-06-26,3048,0,Dealer_Hedging,0
2024-06-27,3048,1089000,Foreign_Investor,1176000
2024-06-27,3048,0,Foreign_Dealer_Self,0
2024-06-27,3048,0,Investment_Trust,0
2024-06-27,3048,1000,Dealer_self,5349
2024-06-27,3048,0,Dealer_Hedging,0
2024-06-28,3048,3356000,Foreign_Investor,2736000
2024-06-28,3048,0,Foreign_Dealer_Self,0
2024-06-28,3048,0,Investment_Trust,0
2024-06-28,3048,15000,Dealer_self,12746
2024-06-28,3048,0,Dealer_Hedging,0
2024-07-01,3048,4330050,Foreign_Investor,3338025
2024-07-01,3048,0,Foreign_Dealer_Self,0
2024-07-01,3048,0,Investment_Trust,0
2024-07-01,3048,29015,Dealer_self,16138
2024-07-01,3048,0,Dealer_Hedging,0
2024-07-02,3048,1666000,Foreign_Investor,2258000
2024-07-02,3048,0,Foreign_Dealer_Self,0
2024-07-02,3048,0,Investment_Trust,0
2024-07-02,3048,5000,Dealer_self,4798
2024-07-02,3048,0,Dealer_Hedging,0
2024-07-03,3048,4179000,Foreign_Investor,3058000
2024-07-03,3048,0,Foreign_Dealer_Self,0
2024-07-03,3048,0,Investment_Trust,0
2024-07-03,3048,24022,Dealer_self,10779
2024-07-03,3048,0,Dealer_Hedging,0
2024-07-04,3048,508000,Foreign_Investor,621072
2024-07-04,3048,0,Foreign_Dealer_Self,0
2024-07-04,3048,0,Investment_Trust,0
2024-07-04,3048,11000,Dealer_self,17000
2024-07-04,3048,0,Dealer_Hedging,0
2024-07-05,3048,11390000,Foreign_Investor,8657050
2024-07-05,3048,0,Foreign_Dealer_Self,0
2024-07-05,3048,0,Investment_Trust,0
2024-07-05,3048,64910,Dealer_self,84978
2024-07-05,3048,25864,Dealer_Hedging,0
2024-07-08,3048,5536000,Foreign_Investor,7361027
2024-07-08,3048,0,Foreign_Dealer_Self,0
2024-07-08,3048,0,Investment_Trust,0
2024-07-08,3048,71000,Dealer_self,91681
2024-07-08,3048,5699,Dealer_Hedging,2850
2024-07-09,3048,6236000,Foreign_Investor,3477000
2024-07-09,3048,0,Foreign_Dealer_Self,0
2024-07-09,3048,0,Investment_Trust,0
2024-07-09,3048,25000,Dealer_self,25489
2024-07-09,3048,0,Dealer_Hedging,10088
2024-07-10,3048,3635200,Foreign_Investor,5518000
2024-07-10,3048,0,Foreign_Dealer_Self,0
2024-07-10,3048,0,Investment_Trust,0
2024-07-10,3048,92269,Dealer_self,30236
2024-07-10,3048,30201,Dealer_Hedging,0
2024-07-11,3048,3876050,Foreign_Investor,3951681
2024-07-11,3048,0,Foreign_Dealer_Self,0
2024-07-11,3048,0,Investment_Trust,0
2024-07-11,3048,28000,Dealer_self,97235
2024-07-11,3048,0,Dealer_Hedging,13000
2024-07-12,3048,2307000,Foreign_Investor,2711000
2024-07-12,3048,0,Foreign_Dealer_Self,0
2024-07-12,3048,0,Investment_Trust,0
2024-07-12,3048,110171,Dealer_self,4881
2024-07-12,3048,10498,Dealer_Hedging,2804
2024-07-15,3048,949000,Foreign_Investor,1323000
2024-07-15,3048,0,Foreign_Dealer_Self,0
2024-07-15,3048,0,Investment_Trust,0
2024-07-15,3048,3000,Dealer_self,4468
2024-07-15,3048,0,Dealer_Hedging,10498
2024-07-16,3048,1076150,Foreign_Investor,2149000
2024-07-16,3048,0,Foreign_Dealer_Self,0
2024-07-16,3048,250000,Investment_Trust,0
2024-07-16,3048,6000,Dealer_self,98757
2024-07-16,3048,0,Dealer_Hedging,5000
2024-07-17,3048,1974000,Foreign_Investor,3317000
2024-07-17,3048,0,Foreign_Dealer_Self,0
2024-07-17,3048,246000,Investment_Trust,0
2024-07-17,3048,3000,Dealer_self,2999
2024-07-17,3048,5500,Dealer_Hedging,0
2024-07-18,3048,1481000,Foreign_Investor,2063000
2024-07-18,3048,0,Foreign_Dealer_Self,0
2024-07-18,3048,244000,Investment_Trust,0
2024-07-18,3048,2000,Dealer_self,2351
2024-07-18,3048,0,Dealer_Hedging,9000
2024-07-19,3048,1749000,Foreign_Investor,1501000
2024-07-19,3048,0,Foreign_Dealer_Self,0
2024-07-19,3048,180000,Investment_Trust,0
2024-07-19,3048,10904,Dealer_self,10103
2024-07-19,3048,0,Dealer_Hedging,0
2024-07-22,3048,2814000,Foreign_Investor,1695000
2024-07-22,3048,0,Foreign_Dealer_Self,0
2024-07-22,3048,239000,Investment_Trust,0
2024-07-22,3048,21000,Dealer_self,9984
2024-07-22,3048,0,Dealer_Hedging,0
2024-07-23,3048,1061000,Foreign_Investor,3120000
2024-07-23,3048,0,Foreign_Dealer_Self,0
2024-07-23,3048,0,Investment_Trust,0
2024-07-23,3048,17000,Dealer_self,10050
2024-07-23,3048,2000,Dealer_Hedging,0
2024-07-26,3048,1493000,Foreign_Investor,1190000
2024-07-26,3048,0,Foreign_Dealer_Self,0
2024-07-26,3048,14000,Investment_Trust,0
2024-07-26,3048,2000,Dealer_self,16326
2024-07-26,3048,0,Dealer_Hedging,0
2024-07-29,3048,1694000,Foreign_Investor,1305150
2024-07-29,3048,0,Foreign_Dealer_Self,0
2024-07-29,3048,0,Investment_Trust,0
2024-07-29,3048,8000,Dealer_self,6882
2024-07-29,3048,442000,Dealer_Hedging,1980
2024-07-30,3048,1874000,Foreign_Investor,876000
2024-07-30,3048,0,Foreign_Dealer_Self,0
2024-07-30,3048,11000,Investment_Trust,0
2024-07-30,3048,1000,Dealer_self,6213
2024-07-30,3048,34970,Dealer_Hedging,102000
2024-07-31,3048,727000,Foreign_Investor,543000
2024-07-31,3048,0,Foreign_Dealer_Self,0
2024-07-31,3048,0,Investment_Trust,0
2024-07-31,3048,3000,Dealer_self,2726
2024-07-31,3048,0,Dealer_Hedging,303082
2024-08-01,3048,289000,Foreign_Investor,314000
2024-08-01,3048,0,Foreign_Dealer_Self,0
2024-08-01,3048,0,Investment_Trust,0
2024-08-01,3048,5000,Dealer_self,2000
2024-08-01,3048,0,Dealer_Hedging,0
2024-08-02,3048,2588000,Foreign_Investor,3758000
2024-08-02,3048,0,Foreign_Dealer_Self,0
2024-08-02,3048,6000,Investment_Trust,0
2024-08-02,3048,30000,Dealer_self,27704
2024-08-02,3048,15000,Dealer_Hedging,29000
2024-08-05,3048,689000,Foreign_Investor,1202000
2024-08-05,3048,0,Foreign_Dealer_Self,0
2024-08-05,3048,35000,Investment_Trust,0
2024-08-05,3048,9000,Dealer_self,23000
2024-08-05,3048,0,Dealer_Hedging,18340
2024-08-06,3048,3247000,Foreign_Investor,2440000
2024-08-06,3048,0,Foreign_Dealer_Self,0
2024-08-06,3048,10000,Investment_Trust,0
2024-08-06,3048,42425,Dealer_self,36671
2024-08-06,3048,53000,Dealer_Hedging,6000
2024-08-07,3048,2593000,Foreign_Investor,1460000
2024-08-07,3048,0,Foreign_Dealer_Self,0
2024-08-07,3048,0,Investment_Trust,2000
2024-08-07,3048,81000,Dealer_self,17978
2024-08-07,3048,10000,Dealer_Hedging,60000
2024-08-08,3048,2864000,Foreign_Investor,3861000
2024-08-08,3048,0,Foreign_Dealer_Self,0
2024-08-08,3048,0,Investment_Trust,0
2024-08-08,3048,19338,Dealer_self,96058
2024-08-08,3048,0,Dealer_Hedging,1000
2024-08-09,3048,2358000,Foreign_Investor,3255000
2024-08-09,3048,0,Foreign_Dealer_Self,0
2024-08-09,3048,0,Investment_Trust,0
2024-08-09,3048,9839,Dealer_self,20093
2024-08-09,3048,21000,Dealer_Hedging,0
2024-08-12,3048,2535000,Foreign_Investor,2045000
2024-08-12,3048,0,Foreign_Dealer_Self,0
2024-08-12,3048,0,Investment_Trust,0
2024-08-12,3048,3873,Dealer_self,3973
2024-08-12,3048,19000,Dealer_Hedging,0
2024-08-13,3048,2620000,Foreign_Investor,2239000
2024-08-13,3048,0,Foreign_Dealer_Self,0
2024-08-13,3048,0,Investment_Trust,0
2024-08-13,3048,2000,Dealer_self,6216
2024-08-13,3048,2000,Dealer_Hedging,16000
2024-08-14,3048,1130000,Foreign_Investor,2660500
2024-08-14,3048,0,Foreign_Dealer_Self,0
2024-08-14,3048,0,Investment_Trust,0
2024-08-14,3048,29000,Dealer_self,83014
2024-08-14,3048,0,Dealer_Hedging,6000
2024-08-15,3048,3649000,Foreign_Investor,1476000
2024-08-15,3048,0,Foreign_Dealer_Self,0
2024-08-15,3048,1000,Investment_Trust,0
2024-08-15,3048,4000,Dealer_self,2807
2024-08-15,3048,26000,Dealer_Hedging,0
2024-08-16,3048,4179000,Foreign_Investor,5342500
2024-08-16,3048,0,Foreign_Dealer_Self,0
2024-08-16,3048,4000,Investment_Trust,0
2024-08-16,3048,8763,Dealer_self,57344
2024-08-16,3048,35000,Dealer_Hedging,18910
2024-08-19,3048,1552000,Foreign_Investor,2053050
2024-08-19,3048,0,Foreign_Dealer_Self,0
2024-08-19,3048,7000,Investment_Trust,0
2024-08-19,3048,0,Dealer_self,2007
2024-08-19,3048,11000,Dealer_Hedging,10000
2024-08-20,3048,2695000,Foreign_Investor,1908000
2024-08-20,3048,0,Foreign_Dealer_Self,0
2024-08-20,3048,0,Investment_Trust,0
2024-08-20,3048,4000,Dealer_self,4285
2024-08-20,3048,13000,Dealer_Hedging,26000
2024-08-21,3048,1563000,Foreign_Investor,645300
2024-08-21,3048,0,Foreign_Dealer_Self,0
2024-08-21,3048,0,Investment_Trust,0
2024-08-21,3048,1000,Dealer_self,1713
2024-08-21,3048,5000,Dealer_Hedging,10000
2024-08-22,3048,1449000,Foreign_Investor,1108000
2024-08-22,3048,0,Foreign_Dealer_Self,0
2024-08-22,3048,0,Investment_Trust,0
2024-08-22,3048,9000,Dealer_self,9610
2024-08-22,3048,0,Dealer_Hedging,3000
2024-08-23,3048,1212000,Foreign_Investor,1043000
2024-08-23,3048,0,Foreign_Dealer_Self,0
2024-08-23,3048,0,Investment_Trust,0
2024-08-23,3048,4000,Dealer_self,32980
2024-08-23,3048,0,Dealer_Hedging,7000
2024-08-26,3048,747000,Foreign_Investor,778000
2024-08-26,3048,0,Foreign_Dealer_Self,0
2024-08-26,3048,0,Investment_Trust,0
2024-08-26,3048,4000,Dealer_self,3582
2024-08-26,3048,0,Dealer_Hedging,1000
2024-08-27,3048,1758000,Foreign_Investor,371000
2024-08-27,3048,0,Foreign_Dealer_Self,0
2024-08-27,3048,0,Investment_Trust,0
2024-08-27,3048,0,Dealer_self,3000
2024-08-27,3048,10000,Dealer_Hedging,11000
2024-08-28,3048,238000,Foreign_Investor,922000
2024-08-28,3048,0,Foreign_Dealer_Self,0
2024-08-28,3048,0,Investment_Trust,0
2024-08-28,3048,5000,Dealer_self,5311
2024-08-28,3048,0,Dealer_Hedging,0
2024-08-29,3048,1129000,Foreign_Investor,804000
2024-08-29,3048,0,Foreign_Dealer_Self,0
2024-08-29,3048,0,Investment_Trust,0
2024-08-29,3048,4000,Dealer_self,7045
2024-08-29,3048,0,Dealer_Hedging,0
2024-08-30,3048,343000,Foreign_Investor,1784000
2024-08-30,3048,0,Foreign_Dealer_Self,0
2024-08-30,3048,0,Investment_Trust,0
2024-08-30,3048,8000,Dealer_self,4704
2024-08-30,3048,12000,Dealer_Hedging,1015
2024-09-02,3048,900286,Foreign_Investor,517000
2024-09-02,3048,0,Foreign_Dealer_Self,0
2024-09-02,3048,0,Investment_Trust,0
2024-09-02,3048,14000,Dealer_self,2590
2024-09-02,3048,0,Dealer_Hedging,1360
2024-09-03,3048,1751000,Foreign_Investor,1360000
2024-09-03,3048,0,Foreign_Dealer_Self,0
2024-09-03,3048,0,Investment_Trust,0
2024-09-03,3048,4000,Dealer_self,24176
2024-09-03,3048,5000,Dealer_Hedging,0
2024-09-04,3048,1431001,Foreign_Investor,1277000
2024-09-04,3048,0,Foreign_Dealer_Self,0
2024-09-04,3048,0,Investment_Trust,0
2024-09-04,3048,11000,Dealer_self,39678
2024-09-04,3048,3000,Dealer_Hedging,6705
2024-09-05,3048,1119000,Foreign_Investor,820000
2024-09-05,3048,0,Foreign_Dealer_Self,0
2024-09-05,3048,0,Investment_Trust,0
2024-09-05,3048,6000,Dealer_self,13565
2024-09-05,3048,1000,Dealer_Hedging,17000
2024-09-06,3048,328000,Foreign_Investor,684000
2024-09-06,3048,0,Foreign_Dealer_Self,0
2024-09-06,3048,0,Investment_Trust,0
2024-09-06,3048,2000,Dealer_self,5966
2024-09-06,3048,1000,Dealer_Hedging,5000
2024-09-09,3048,1040000,Foreign_Investor,1016000
2024-09-09,3048,0,Foreign_Dealer_Self,0
2024-09-09,3048,5000,Investment_Trust,0
2024-09-09,3048,3000,Dealer_self,11498
2024-09-09,3048,0,Dealer_Hedging,1000
2024-09-10,3048,1082000,Foreign_Investor,1201000
2024-09-10,3048,0,Foreign_Dealer_Self,0
2024-09-10,3048,0,Investment_Trust,0
2024-09-10,3048,13000,Dealer_self,13176
2024-09-10,3048,1000,Dealer_Hedging,20705
2024-09-11,3048,531000,Foreign_Investor,532000
2024-09-11,3048,0,Foreign_Dealer_Self,0
2024-09-11,3048,6000,Investment_Trust,0
2024-09-11,3048,6000,Dealer_self,2000
2024-09-11,3048,0,Dealer_Hedging,0
2024-09-12,3048,1077000,Foreign_Investor,666000
2024-09-12,3048,0,Foreign_Dealer_Self,0
2024-09-12,3048,0,Investment_Trust,0
2024-09-12,3048,9000,Dealer_self,2324
2024-09-12,3048,0,Dealer_Hedging,0
2024-09-13,3048,387000,Foreign_Investor,485000
2024-09-13,3048,0,Foreign_Dealer_Self,0
2024-09-13,3048,0,Investment_Trust,0
2024-09-13,3048,1000,Dealer_self,382
2024-09-13,3048,0,Dealer_Hedging,0
2024-09-16,3048,293000,Foreign_Investor,719000
2024-09-16,3048,0,Foreign_Dealer_Self,0
2024-09-16,3048,0,Investment_Trust,0
2024-09-16,3048,9000,Dealer_self,10228
2024-09-16,3048,1000,Dealer_Hedging,1246
2024-09-18,3048,363000,Foreign_Investor,563000
2024-09-18,3048,0,Foreign_Dealer_Self,0
2024-09-18,3048,0,Investment_Trust,0
2024-09-18,3048,5000,Dealer_self,6102
2024-09-18,3048,0,Dealer_Hedging,0
2024-09-19,3048,648000,Foreign_Investor,460000
2024-09-19,3048,0,Foreign_Dealer_Self,0
2024-09-19,3048,0,Investment_Trust,0
2024-09-19,3048,11000,Dealer_self,181
2024-09-19,3048,0,Dealer_Hedging,0
2024-09-20,3048,682000,Foreign_Investor,459020
2024-09-20,3048,0,Foreign_Dealer_Self,0
2024-09-20,3048,0,Investment_Trust,0
2024-09-20,3048,2000,Dealer_self,549
2024-09-20,3048,0,Dealer_Hedging,0
2024-09-23,3048,2840000,Foreign_Investor,2225000
2024-09-23,3048,0,Foreign_Dealer_Self,0
2024-09-23,3048,4000,Investment_Trust,0
2024-09-23,3048,33000,Dealer_self,19899
2024-09-23,3048,0,Dealer_Hedging,9013
2024-09-24,3048,1657000,Foreign_Investor,1414000
2024-09-24,3048,0,Foreign_Dealer_Self,0
2024-09-24,3048,5000,Investment_Trust,0
2024-09-24,3048,28001,Dealer_self,9629
2024-09-24,3048,10000,Dealer_Hedging,0
2024-09-25,3048,1173000,Foreign_Investor,961000
2024-09-25,3048,0,Foreign_Dealer_Self,0
2024-09-25,3048,0,Investment_Trust,0
2024-09-25,3048,24000,Dealer_self,1980
2024-09-25,3048,4000,Dealer_Hedging,0
2024-09-26,3048,947000,Foreign_Investor,719000
2024-09-26,3048,0,Foreign_Dealer_Self,0
2024-09-26,3048,0,Investment_Trust,0
2024-09-26,3048,20904,Dealer_self,6866
2024-09-26,3048,0,Dealer_Hedging,3000
2024-09-27,3048,535000,Foreign_Investor,628000
2024-09-27,3048,0,Foreign_Dealer_Self,0
2024-09-27,3048,0,Investment_Trust,0
2024-09-27,3048,10000,Dealer_self,3771
2024-09-27,3048,1000,Dealer_Hedging,2000
2024-09-30,3048,525000,Foreign_Investor,255000
2024-09-30,3048,0,Foreign_Dealer_Self,0
2024-09-30,3048,0,Investment_Trust,0
2024-09-30,3048,8000,Dealer_self,3212
2024-09-30,3048,0,Dealer_Hedging,0
2024-10-01,3048,484000,Foreign_Investor,536000
2024-10-01,3048,0,Foreign_Dealer_Self,0
2024-10-01,3048,0,Investment_Trust,0
2024-10-01,3048,11000,Dealer_self,2468
2024-10-01,3048,0,Dealer_Hedging,8000
2024-10-04,3048,2853000,Foreign_Investor,5070000
2024-10-04,3048,0,Foreign_Dealer_Self,0
2024-10-04,3048,5000,Investment_Trust,0
2024-10-04,3048,5000,Dealer_self,14390
2024-10-04,3048,5000,Dealer_Hedging,1000
2024-10-07,3048,1475500,Foreign_Investor,3311000
2024-10-07,3048,0,Foreign_Dealer_Self,0
2024-10-07,3048,0,Investment_Trust,0
2024-10-07,3048,10980,Dealer_self,5233
2024-10-07,3048,16830,Dealer_Hedging,1000
2024-10-08,3048,2287000,Foreign_Investor,1320000
2024-10-08,3048,0,Foreign_Dealer_Self,0
2024-10-08,3048,5000,Investment_Trust,0
2024-10-08,3048,0,Dealer_self,8000
2024-10-08,3048,16625,Dealer_Hedging,0
2024-10-09,3048,3186000,Foreign_Investor,5798000
2024-10-09,3048,0,Foreign_Dealer_Self,0
2024-10-09,3048,0,Investment_Trust,0
2024-10-09,3048,8000,Dealer_self,12987
2024-10-09,3048,67000,Dealer_Hedging,24718
2024-10-11,3048,1051000,Foreign_Investor,1910000
2024-10-11,3048,0,Foreign_Dealer_Self,0
2024-10-11,3048,9000,Investment_Trust,0
2024-10-11,3048,12000,Dealer_self,8433
2024-10-11,3048,4000,Dealer_Hedging,44474
2024-10-14,3048,1061000,Foreign_Investor,481000
2024-10-14,3048,0,Foreign_Dealer_Self,0
2024-10-14,3048,0,Investment_Trust,0
2024-10-14,3048,2000,Dealer_self,1563
2024-10-14,3048,25535,Dealer_Hedging,51000
2024-10-15,3048,759000,Foreign_Investor,735000
2024-10-15,3048,0,Foreign_Dealer_Self,0
2024-10-15,3048,0,Investment_Trust,0
2024-10-15,3048,5000,Dealer_self,6000
2024-10-15,3048,0,Dealer_Hedging,0
2024-10-16,3048,985706,Foreign_Investor,739000
2024-10-16,3048,0,Foreign_Dealer_Self,0
2024-10-16,3048,0,Investment_Trust,31000
2024-10-16,3048,11000,Dealer_self,7000
2024-10-16,3048,0,Dealer_Hedging,10000
2024-10-17,3048,827000,Foreign_Investor,451000
2024-10-17,3048,0,Foreign_Dealer_Self,0
2024-10-17,3048,0,Investment_Trust,0
2024-10-17,3048,8000,Dealer_self,2
2024-10-17,3048,0,Dealer_Hedging,0
2024-10-18,3048,515000,Foreign_Investor,403000
2024-10-18,3048,0,Foreign_Dealer_Self,0
2024-10-18,3048,0,Investment_Trust,13000
2024-10-18,3048,19000,Dealer_self,1679
2024-10-18,3048,0,Dealer_Hedging,0
2024-10-21,3048,1451000,Foreign_Investor,276000
2024-10-21,3048,0,Foreign_Dealer_Self,0
2024-10-21,3048,0,Investment_Trust,248000
2024-10-21,3048,8000,Dealer_self,2000
2024-10-21,3048,20000,Dealer_Hedging,0
2024-10-22,3048,1234594,Foreign_Investor,598000
2024-10-22,3048,0,Foreign_Dealer_Self,0
2024-10-22,3048,0,Investment_Trust,251000
2024-10-22,3048,0,Dealer_self,1000
2024-10-22,3048,854,Dealer_Hedging,7000
2024-10-23,3048,927000,Foreign_Investor,568000
2024-10-23,3048,0,Foreign_Dealer_Self,0
2024-10-23,3048,0,Investment_Trust,248000
2024-10-23,3048,0,Dealer_self,13000
2024-10-23,3048,0,Dealer_Hedging,0
2024-10-24,3048,873067,Foreign_Investor,607000
2024-10-24,3048,0,Foreign_Dealer_Self,0
2024-10-24,3048,0,Investment_Trust,248000
2024-10-24,3048,3000,Dealer_self,6614
2024-10-24,3048,0,Dealer_Hedging,0
2024-10-25,3048,574000,Foreign_Investor,568000
2024-10-25,3048,0,Foreign_Dealer_Self,0
2024-10-25,3048,0,Investment_Trust,245000
2024-10-25,3048,6000,Dealer_self,6750
2024-10-25,3048,1000,Dealer_Hedging,1000
2024-10-28,3048,595000,Foreign_Investor,286000
2024-10-28,3048,0,Foreign_Dealer_Self,0
2024-10-28,3048,0,Investment_Trust,0
2024-10-28,3048,8000,Dealer_self,2389
2024-10-28,3048,0,Dealer_Hedging,0
2024-10-29,3048,302000,Foreign_Investor,294000
2024-10-29,3048,0,Foreign_Dealer_Self,0
2024-10-29,3048,0,Investment_Trust,0
2024-10-29,3048,6000,Dealer_self,17491
2024-10-29,3048,0,Dealer_Hedging,1000
2024-10-30,3048,294000,Foreign_Investor,334000
2024-10-30,3048,0,Foreign_Dealer_Self,0
2024-10-30,3048,0,Investment_Trust,0
2024-10-30,3048,10000,Dealer_self,8526
2024-10-30,3048,0,Dealer_Hedging,1000
2024-11-01,3048,952000,Foreign_Investor,529000
2024-11-01,3048,0,Foreign_Dealer_Self,0
2024-11-01,3048,0,Investment_Trust,0
2024-11-01,3048,38000,Dealer_self,18498
2024-11-01,3048,0,Dealer_Hedging,0
2024-11-04,3048,110000,Foreign_Investor,629000
2024-11-04,3048,0,Foreign_Dealer_Self,0
2024-11-04,3048,0,Investment_Trust,0
2024-11-04,3048,1000,Dealer_self,30370
2024-11-04,3048,9000,Dealer_Hedging,0
2024-11-05,3048,183000,Foreign_Investor,305000
2024-11-05,3048,0,Foreign_Dealer_Self,0
2024-11-05,3048,0,Investment_Trust,0
2024-11-05,3048,4000,Dealer_self,4201
2024-11-05,3048,4000,Dealer_Hedging,5000
2024-11-06,3048,307000,Foreign_Investor,309000
2024-11-06,3048,0,Foreign_Dealer_Self,0
2024-11-06,3048,0,Investment_Trust,0
2024-11-06,3048,4000,Dealer_self,643
2024-11-06,3048,1000,Dealer_Hedging,3000
2024-11-07,3048,492660,Foreign_Investor,165000
2024-11-07,3048,0,Foreign_Dealer_Self,0
2024-11-07,3048,0,Investment_Trust,0
2024-11-07,3048,9174,Dealer_self,3764
2024-11-07,3048,15,Dealer_Hedging,0
2024-11-08,3048,205000,Foreign_Investor,431000
2024-11-08,3048,0,Foreign_Dealer_Self,0
2024-11-08,3048,0,Investment_Trust,0
2024-11-08,3048,3000,Dealer_self,2950
2024-11-08,3048,1000,Dealer_Hedging,15
2024-11-11,3048,292000,Foreign_Investor,181000
2024-11-11,3048,0,Foreign_Dealer_Self,0
2024-11-11,3048,0,Investment_Trust,0
2024-11-11,3048,1000,Dealer_self,827
2024-11-11,3048,0,Dealer_Hedging,5000
2024-11-12,3048,414000,Foreign_Investor,344000
2024-11-12,3048,0,Foreign_Dealer_Self,0
2024-11-12,3048,0,Investment_Trust,0
2024-11-12,3048,6000,Dealer_self,38947
2024-11-12,3048,0,Dealer_Hedging,10000
2024-11-13,3048,196000,Foreign_Investor,232000
2024-11-13,3048,0,Foreign_Dealer_Self,0
2024-11-13,3048,0,Investment_Trust,0
2024-11-13,3048,5000,Dealer_self,15882
2024-11-13,3048,0,Dealer_Hedging,0
2024-11-14,3048,1151000,Foreign_Investor,2067000
2024-11-14,3048,0,Foreign_Dealer_Self,0
2024-11-14,3048,0,Investment_Trust,0
2024-11-14,3048,21000,Dealer_self,36437
2024-11-14,3048,1000,Dealer_Hedging,1000
2024-11-15,3048,2188000,Foreign_Investor,668000
2024-11-15,3048,0,Foreign_Dealer_Self,0
2024-11-15,3048,0,Investment_Trust,0
2024-11-15,3048,129000,Dealer_self,7681
2024-11-15,3048,1000,Dealer_Hedging,16000
2024-11-18,3048,386000,Foreign_Investor,471000
2024-11-18,3048,0,Foreign_Dealer_Self,0
2024-11-18,3048,0,Investment_Trust,0
2024-11-18,3048,15000,Dealer_self,37349
2024-11-18,3048,0,Dealer_Hedging,2000
2024-11-19,3048,589000,Foreign_Investor,298000
2024-11-19,3048,0,Foreign_Dealer_Self,0
2024-11-19,3048,0,Investment_Trust,0
2024-11-19,3048,41000,Dealer_self,3000
2024-11-19,3048,0,Dealer_Hedging,0
2024-11-20,3048,299000,Foreign_Investor,232000
2024-11-20,3048,0,Foreign_Dealer_Self,0
2024-11-20,3048,0,Investment_Trust,0
2024-11-20,3048,8000,Dealer_self,1115
2024-11-20,3048,0,Dealer_Hedging,0
2024-11-21,3048,462000,Foreign_Investor,203000
2024-11-21,3048,0,Foreign_Dealer_Self,0
2024-11-21,3048,0,Investment_Trust,0
2024-11-21,3048,1000,Dealer_self,18372
2024-11-21,3048,0,Dealer_Hedging,0
2024-11-22,3048,310000,Foreign_Investor,383000
2024-11-22,3048,0,Foreign_Dealer_Self,0
2024-11-22,3048,0,Investment_Trust,0
2024-11-22,3048,45000,Dealer_self,2331
2024-11-22,3048,0,Dealer_Hedging,0
2024-11-25,3048,386000,Foreign_Investor,76000
2024-11-25,3048,0,Foreign_Dealer_Self,0
2024-11-25,3048,0,Investment_Trust,0
2024-11-25,3048,18000,Dealer_self,63
2024-11-25,3048,198,Dealer_Hedging,0
2024-11-26,3048,242000,Foreign_Investor,120000
2024-11-26,3048,0,Foreign_Dealer_Self,0
2024-11-26,3048,0,Investment_Trust,0
2024-11-26,3048,0,Dealer_self,8000
2024-11-26,3048,3000,Dealer_Hedging,2000
2024-11-27,3048,87000,Foreign_Investor,278000
2024-11-27,3048,0,Foreign_Dealer_Self,0
2024-11-27,3048,0,Investment_Trust,0
2024-11-27,3048,7000,Dealer_self,6858
2024-11-27,3048,0,Dealer_Hedging,0
2024-11-28,3048,477000,Foreign_Investor,180000
2024-11-28,3048,0,Foreign_Dealer_Self,0
2024-11-28,3048,0,Investment_Trust,0
2024-11-28,3048,2000,Dealer_self,1322
2024-11-28,3048,4000,Dealer_Hedging,3000
2024-11-29,3048,410000,Foreign_Investor,253400
2024-11-29,3048,0,Foreign_Dealer_Self,0
2024-11-29,3048,0,Investment_Trust,0
2024-11-29,3048,2000,Dealer_self,14099
2024-11-29,3048,3000,Dealer_Hedging,5000
2024-12-02,3048,578000,Foreign_Investor,813000
2024-12-02,3048,0,Foreign_Dealer_Self,0
2024-12-02,3048,0,Investment_Trust,0
2024-12-02,3048,5000,Dealer_self,49895
2024-12-02,3048,2000,Dealer_Hedging,0
2024-12-03,3048,788000,Foreign_Investor,242000
2024-12-03,3048,0,Foreign_Dealer_Self,0
2024-12-03,3048,0,Investment_Trust,0
2024-12-03,3048,8000,Dealer_self,690
2024-12-03,3048,0,Dealer_Hedging,10000
2024-12-04,3048,503000,Foreign_Investor,157000
2024-12-04,3048,0,Foreign_Dealer_Self,0
2024-12-04,3048,0,Investment_Trust,0
2024-12-04,3048,12000,Dealer_self,3
2024-12-04,3048,0,Dealer_Hedging,0
2024-12-05,3048,164000,Foreign_Investor,146000
2024-12-05,3048,0,Foreign_Dealer_Self,0
2024-12-05,3048,0,Investment_Trust,0
2024-12-05,3048,1000,Dealer_self,3350
2024-12-05,3048,0,Dealer_Hedging,0
2024-12-06,3048,234000,Foreign_Investor,132000
2024-12-06,3048,0,Foreign_Dealer_Self,0
2024-12-06,3048,0,Investment_Trust,0
2024-12-06,3048,1000,Dealer_self,7106
2024-12-06,3048,0,Dealer_Hedging,0
2024-12-09,3048,393096,Foreign_Investor,231000
2024-12-09,3048,0,Foreign_Dealer_Self,0
2024-12-09,3048,0,Investment_Trust,0
2024-12-09,3048,8000,Dealer_self,8517
2024-12-09,3048,0,Dealer_Hedging,630
2024-12-10,3048,662000,Foreign_Investor,439594
2024-12-10,3048,0,Foreign_Dealer_Self,0
2024-12-10,3048,0,Investment_Trust,0
2024-12-10,3048,4000,Dealer_self,4497
2024-12-10,3048,0,Dealer_Hedging,2000
2024-12-11,3048,616000,Foreign_Investor,322000
2024-12-11,3048,0,Foreign_Dealer_Self,0
2024-12-11,3048,0,Investment_Trust,0
2024-12-11,3048,0,Dealer_self,9000
2024-12-11,3048,61,Dealer_Hedging,0
2024-12-12,3048,183000,Foreign_Investor,186000
2024-12-12,3048,0,Foreign_Dealer_Self,0
2024-12-12,3048,0,Investment_Trust,0
2024-12-12,3048,2000,Dealer_self,2524
2024-12-12,3048,0,Dealer_Hedging,61
2024-12-13,3048,208000,Foreign_Investor,176000
2024-12-13,3048,0,Foreign_Dealer_Self,0
2024-12-13,3048,0,Investment_Trust,0
2024-12-13,3048,3000,Dealer_self,7629
2024-12-13,3048,0,Dealer_Hedging,0
2024-12-16,3048,374000,Foreign_Investor,179000
2024-12-16,3048,0,Foreign_Dealer_Self,0
2024-12-16,3048,0,Investment_Trust,0
2024-12-16,3048,3000,Dealer_self,3297
2024-12-16,3048,0,Dealer_Hedging,452
2024-12-17,3048,462000,Foreign_Investor,105000
2024-12-17,3048,0,Foreign_Dealer_Self,0
2024-12-17,3048,0,Investment_Trust,0
2024-12-17,3048,22000,Dealer_self,1000
2024-12-17,3048,3000,Dealer_Hedging,0
2024-12-18,3048,233000,Foreign_Investor,211000
2024-12-18,3048,0,Foreign_Dealer_Self,0
2024-12-18,3048,0,Investment_Trust,0
2024-12-18,3048,0,Dealer_self,4239
2024-12-18,3048,0,Dealer_Hedging,2000
2024-12-19,3048,591000,Foreign_Investor,383000
2024-12-19,3048,0,Foreign_Dealer_Self,0
2024-12-19,3048,0,Investment_Trust,0
2024-12-19,3048,1000,Dealer_self,7689
2024-12-19,3048,3,Dealer_Hedging,0
2024-12-20,3048,280000,Foreign_Investor,527020
2024-12-20,3048,0,Foreign_Dealer_Self,0
2024-12-20,3048,0,Investment_Trust,0
2024-12-20,3048,2000,Dealer_self,4000
2024-12-20,3048,0,Dealer_Hedging,2
2024-12-23,3048,338000,Foreign_Investor,178000
2024-12-23,3048,0,Foreign_Dealer_Self,0
2024-12-23,3048,0,Investment_Trust,0
2024-12-23,3048,14000,Dealer_self,1338
2024-12-23,3048,0,Dealer_Hedging,1
2024-12-24,3048,137000,Foreign_Investor,121000
2024-12-24,3048,0,Foreign_Dealer_Self,0
2024-12-24,3048,0,Investment_Trust,0
2024-12-24,3048,1000,Dealer_self,0
2024-12-24,3048,0,Dealer_Hedging,0
2024-12-25,3048,418000,Foreign_Investor,358220
2024-12-25,3048,0,Foreign_Dealer_Self,0
2024-12-25,3048,0,Investment_Trust,0
2024-12-25,3048,7000,Dealer_self,0
2024-12-25,3048,0,Dealer_Hedging,0
2024-12-26,3048,156000,Foreign_Investor,324000
2024-12-26,3048,0,Foreign_Dealer_Self,0
2024-12-26,3048,0,Investment_Trust,0
2024-12-26,3048,0,Dealer_self,14014
2024-12-26,3048,0,Dealer_Hedging,1276
2024-12-27,3048,97000,Foreign_Investor,175000
2024-12-27,3048,0,Foreign_Dealer_Self,0
2024-12-27,3048,0,Investment_Trust,0
2024-12-27,3048,1000,Dealer_self,5315
2024-12-27,3048,0,Dealer_Hedging,959
2024-12-30,3048,80000,Foreign_Investor,100000
2024-12-30,3048,0,Foreign_Dealer_Self,0
2024-12-30,3048,0,Investment_Trust,0
2024-12-30,3048,0,Dealer_self,457
2024-12-30,3048,40,Dealer_Hedging,1253
2024-12-31,3048,104000,Foreign_Investor,66000
2024-12-31,3048,0,Foreign_Dealer_Self,0
2024-12-31,3048,0,Investment_Trust,0
2024-12-31,3048,9000,Dealer_self,3000
2024-12-31,3048,0,Dealer_Hedging,337
2025-01-02,3048,158000,Foreign_Investor,154000
2025-01-02,3048,0,Foreign_Dealer_Self,0
2025-01-02,3048,0,Investment_Trust,0
2025-01-02,3048,1000,Dealer_self,19324
2025-01-02,3048,0,Dealer_Hedging,2290
2025-01-03,3048,291000,Foreign_Investor,361000
2025-01-03,3048,0,Foreign_Dealer_Self,0
2025-01-03,3048,0,Investment_Trust,0
2025-01-03,3048,0,Dealer_self,180
2025-01-03,3048,8000,Dealer_Hedging,12198
2025-01-06,3048,402000,Foreign_Investor,149000
2025-01-06,3048,0,Foreign_Dealer_Self,0
2025-01-06,3048,0,Investment_Trust,0
2025-01-06,3048,1000,Dealer_self,14003
2025-01-06,3048,0,Dealer_Hedging,1
2025-01-07,3048,178000,Foreign_Investor,255000
2025-01-07,3048,0,Foreign_Dealer_Self,0
2025-01-07,3048,0,Investment_Trust,0
2025-01-07,3048,0,Dealer_self,0
2025-01-07,3048,0,Dealer_Hedging,2
2025-01-08,3048,252000,Foreign_Investor,227000
2025-01-08,3048,0,Foreign_Dealer_Self,0
2025-01-08,3048,0,Investment_Trust,0
2025-01-08,3048,0,Dealer_self,7427
2025-01-08,3048,0,Dealer_Hedging,5066
2025-01-09,3048,280000,Foreign_Investor,160000
2025-01-09,3048,0,Foreign_Dealer_Self,0
2025-01-09,3048,0,Investment_Trust,0
2025-01-09,3048,18000,Dealer_self,10222
2025-01-09,3048,0,Dealer_Hedging,0
2025-01-10,3048,309000,Foreign_Investor,59000
2025-01-10,3048,0,Foreign_Dealer_Self,0
2025-01-10,3048,0,Investment_Trust,0
2025-01-10,3048,14000,Dealer_self,13584
2025-01-10,3048,0,Dealer_Hedging,62
2025-01-13,3048,491000,Foreign_Investor,218000
2025-01-13,3048,0,Foreign_Dealer_Self,0
2025-01-13,3048,0,Investment_Trust,0
2025-01-13,3048,47000,Dealer_self,30598
2025-01-13,3048,0,Dealer_Hedging,1000
2025-01-14,3048,232000,Foreign_Investor,79000
2025-01-14,3048,0,Foreign_Dealer_Self,0
2025-01-14,3048,0,Investment_Trust,0
2025-01-14,3048,0,Dealer_self,4000
2025-01-14,3048,0,Dealer_Hedging,0
2025-01-15,3048,63001,Foreign_Investor,78584
2025-01-15,3048,0,Foreign_Dealer_Self,0
2025-01-15,3048,0,Investment_Trust,0
2025-01-15,3048,4000,Dealer_self,642
2025-01-15,3048,0,Dealer_Hedging,0
2025-01-16,3048,178000,Foreign_Investor,147000
2025-01-16,3048,0,Foreign_Dealer_Self,0
2025-01-16,3048,0,Investment_Trust,0
2025-01-16,3048,12000,Dealer_self,6000
2025-01-16,3048,0,Dealer_Hedging,0
2025-01-17,3048,185000,Foreign_Investor,144000
2025-01-17,3048,0,Foreign_Dealer_Self,0
2025-01-17,3048,0,Investment_Trust,0
2025-01-17,3048,12000,Dealer_self,843
2025-01-17,3048,0,Dealer_Hedging,0
2025-01-20,3048,348000,Foreign_Investor,94000
2025-01-20,3048,0,Foreign_Dealer_Self,0
2025-01-20,3048,0,Investment_Trust,0
2025-01-20,3048,8000,Dealer_self,3059
2025-01-20,3048,0,Dealer_Hedging,0
2025-01-21,3048,73000,Foreign_Investor,48000
2025-01-21,3048,0,Foreign_Dealer_Self,0
2025-01-21,3048,0,Investment_Trust,0
2025-01-21,3048,1000,Dealer_self,65
2025-01-21,3048,0,Dealer_Hedging,0
2025-01-22,3048,266000,Foreign_Investor,63000
2025-01-22,3048,0,Foreign_Dealer_Self,0
2025-01-22,3048,0,Investment_Trust,0
2025-01-22,3048,4000,Dealer_self,0
2025-01-22,3048,0,Dealer_Hedging,923
2025-02-03,3048,221000,Foreign_Investor,211072
2025-02-03,3048,0,Foreign_Dealer_Self,0
2025-02-03,3048,0,Investment_Trust,0
2025-02-03,3048,3000,Dealer_self,34828
2025-02-03,3048,6000,Dealer_Hedging,551
2025-02-04,3048,118000,Foreign_Investor,98000
2025-02-04,3048,0,Foreign_Dealer_Self,0
2025-02-04,3048,0,Investment_Trust,0
2025-02-04,3048,1000,Dealer_self,4041
2025-02-04,3048,0,Dealer_Hedging,0
2025-02-05,3048,306000,Foreign_Investor,87000
2025-02-05,3048,0,Foreign_Dealer_Self,0
2025-02-05,3048,0,Investment_Trust,0
2025-02-05,3048,1000,Dealer_self,0
2025-02-05,3048,0,Dealer_Hedging,5000
2025-02-06,3048,190000,Foreign_Investor,80000
2025-02-06,3048,0,Foreign_Dealer_Self,0
2025-02-06,3048,0,Investment_Trust,0
2025-02-06,3048,0,Dealer_self,0
2025-02-06,3048,0,Dealer_Hedging,1000
2025-02-07,3048,192000,Foreign_Investor,56000
2025-02-07,3048,0,Foreign_Dealer_Self,0
2025-02-07,3048,0,Investment_Trust,0
2025-02-07,3048,0,Dealer_self,23782
2025-02-07,3048,0,Dealer_Hedging,0
2025-02-10,3048,152000,Foreign_Investor,120000
2025-02-10,3048,0,Foreign_Dealer_Self,0
2025-02-10,3048,0,Investment_Trust,0
2025-02-10,3048,19000,Dealer_self,15819
2025-02-10,3048,0,Dealer_Hedging,0
2025-02-11,3048,65000,Foreign_Investor,141000
2025-02-11,3048,0,Foreign_Dealer_Self,0
2025-02-11,3048,0,Investment_Trust,0
2025-02-11,3048,2000,Dealer_self,15314
2025-02-11,3048,0,Dealer_Hedging,0
2025-02-12,3048,131000,Foreign_Investor,152000
2025-02-12,3048,0,Foreign_Dealer_Self,0
2025-02-12,3048,0,Investment_Trust,0
2025-02-12,3048,1000,Dealer_self,6261
2025-02-12,3048,0,Dealer_Hedging,0
2025-02-13,3048,518000,Foreign_Investor,80191
2025-02-13,3048,0,Foreign_Dealer_Self,0
2025-02-13,3048,0,Investment_Trust,0
2025-02-13,3048,3000,Dealer_self,987
2025-02-13,3048,0,Dealer_Hedging,4
2025-02-14,3048,190000,Foreign_Investor,88000
2025-02-14,3048,0,Foreign_Dealer_Self,0
2025-02-14,3048,0,Investment_Trust,0
2025-02-14,3048,0,Dealer_self,0
2025-02-14,3048,0,Dealer_Hedging,105
2025-02-17,3048,264000,Foreign_Investor,51000
2025-02-17,3048,0,Foreign_Dealer_Self,0
2025-02-17,3048,0,Investment_Trust,0
2025-02-17,3048,2000,Dealer_self,14
2025-02-17,3048,0,Dealer_Hedging,0
2025-02-18,3048,93000,Foreign_Investor,121000
2025-02-18,3048,0,Foreign_Dealer_Self,0
2025-02-18,3048,0,Investment_Trust,0
2025-02-18,3048,1000,Dealer_self,2511
2025-02-18,3048,0,Dealer_Hedging,0
2025-02-19,3048,248000,Foreign_Investor,52309
2025-02-19,3048,0,Foreign_Dealer_Self,0
2025-02-19,3048,0,Investment_Trust,0
2025-02-19,3048,0,Dealer_self,451
2025-02-19,3048,0,Dealer_Hedging,0
2025-02-20,3048,79000,Foreign_Investor,153000
2025-02-20,3048,0,Foreign_Dealer_Self,0
2025-02-20,3048,0,Investment_Trust,0
2025-02-20,3048,2000,Dealer_self,0
2025-02-20,3048,0,Dealer_Hedging,0
2025-02-21,3048,191058,Foreign_Investor,37000
2025-02-21,3048,0,Foreign_Dealer_Self,0
2025-02-21,3048,0,Investment_Trust,0
2025-02-21,3048,0,Dealer_self,7000
2025-02-21,3048,0,Dealer_Hedging,0
2025-02-24,3048,154000,Foreign_Investor,228000
2025-02-24,3048,0,Foreign_Dealer_Self,0
2025-02-24,3048,0,Investment_Trust,0
2025-02-24,3048,0,Dealer_self,0
2025-02-24,3048,0,Dealer_Hedging,0
2025-02-25,3048,93000,Foreign_Investor,75000
2025-02-25,3048,0,Foreign_Dealer_Self,0
2025-02-25,3048,0,Investment_Trust,0
2025-02-25,3048,11000,Dealer_self,6000
2025-02-25,3048,0,Dealer_Hedging,0
2025-02-26,3048,133000,Foreign_Investor,65000
2025-02-26,3048,0,Foreign_Dealer_Self,0
2025-02-26,3048,0,Investment_Trust,0
2025-02-26,3048,1000,Dealer_self,2000
2025-02-26,3048,0,Dealer_Hedging,0
2025-02-27,3048,202000,Foreign_Investor,243000
2025-02-27,3048,0,Foreign_Dealer_Self,0
2025-02-27,3048,0,Investment_Trust,0
2025-02-27,3048,7000,Dealer_self,5799
2025-02-27,3048,3000,Dealer_Hedging,0
2025-03-03,3048,257000,Foreign_Investor,428000
2025-03-03,3048,0,Foreign_Dealer_Self,0
2025-03-03,3048,0,Investment_Trust,0
2025-03-03,3048,8000,Dealer_self,5892
2025-03-03,3048,3000,Dealer_Hedging,13000
2025-03-04,3048,240000,Foreign_Investor,227000
2025-03-04,3048,0,Foreign_Dealer_Self,0
2025-03-04,3048,0,Investment_Trust,0
2025-03-04,3048,4000,Dealer_self,4806
2025-03-04,3048,29,Dealer_Hedging,1000
2025-03-05,3048,201000,Foreign_Investor,41000
2025-03-05,3048,0,Foreign_Dealer_Self,0
2025-03-05,3048,0,Investment_Trust,0
2025-03-05,3048,3000,Dealer_self,2119
2025-03-05,3048,1025,Dealer_Hedging,29
2025-03-06,3048,32056,Foreign_Investor,319000
2025-03-06,3048,0,Foreign_Dealer_Self,0
2025-03-06,3048,0,Investment_Trust,0
2025-03-06,3048,11000,Dealer_self,5081
2025-03-06,3048,0,Dealer_Hedging,5026
2025-03-07,3048,41000,Foreign_Investor,168000
2025-03-07,3048,0,Foreign_Dealer_Self,0
2025-03-07,3048,0,Investment_Trust,0
2025-03-07,3048,2000,Dealer_self,16473
2025-03-07,3048,0,Dealer_Hedging,1000
2025-03-10,3048,347000,Foreign_Investor,195000
2025-03-10,3048,0,Foreign_Dealer_Self,0
2025-03-10,3048,0,Investment_Trust,0
2025-03-10,3048,34000,Dealer_self,6231
2025-03-10,3048,552,Dealer_Hedging,0
2025-03-11,3048,373000,Foreign_Investor,322000
2025-03-11,3048,0,Foreign_Dealer_Self,0
2025-03-11,3048,0,Investment_Trust,0
2025-03-11,3048,1000,Dealer_self,14036
2025-03-11,3048,1115,Dealer_Hedging,2552
2025-03-12,3048,210000,Foreign_Investor,175000
2025-03-12,3048,0,Foreign_Dealer_Self,0
2025-03-12,3048,0,Investment_Trust,0
2025-03-12,3048,10000,Dealer_self,8000
2025-03-12,3048,420,Dealer_Hedging,1105
2025-03-13,3048,204000,Foreign_Investor,182000
2025-03-13,3048,0,Foreign_Dealer_Self,0
2025-03-13,3048,0,Investment_Trust,0
2025-03-13,3048,3000,Dealer_self,0
2025-03-13,3048,545,Dealer_Hedging,1380
2025-03-14,3048,301000,Foreign_Investor,208510
2025-03-14,3048,0,Foreign_Dealer_Self,0
2025-03-14,3048,0,Investment_Trust,0
2025-03-14,3048,111000,Dealer_self,0
2025-03-14,3048,1462,Dealer_Hedging,336
2025-03-17,3048,213000,Foreign_Investor,275000
2025-03-17,3048,0,Foreign_Dealer_Self,0
2025-03-17,3048,0,Investment_Trust,0
2025-03-17,3048,34000,Dealer_self,1
2025-03-17,3048,691,Dealer_Hedging,899
2025-03-18,3048,87000,Foreign_Investor,82000
2025-03-18,3048,0,Foreign_Dealer_Self,0
2025-03-18,3048,0,Investment_Trust,0
2025-03-18,3048,2000,Dealer_self,93
2025-03-18,3048,0,Dealer_Hedging,1314
2025-03-19,3048,145000,Foreign_Investor,128000
2025-03-19,3048,0,Foreign_Dealer_Self,0
2025-03-19,3048,0,Investment_Trust,0
2025-03-19,3048,25000,Dealer_self,1003
2025-03-19,3048,429,Dealer_Hedging,476
2025-03-20,3048,515000,Foreign_Investor,95000
2025-03-20,3048,0,Foreign_Dealer_Self,0
2025-03-20,3048,0,Investment_Trust,0
2025-03-20,3048,13000,Dealer_self,0
2025-03-20,3048,1994,Dealer_Hedging,0
2025-03-21,3048,183078,Foreign_Investor,151000
2025-03-21,3048,0,Foreign_Dealer_Self,0
2025-03-21,3048,0,Investment_Trust,0
2025-03-21,3048,0,Dealer_self,3000
2025-03-21,3048,76,Dealer_Hedging,2169
2025-03-24,3048,144000,Foreign_Investor,107000
2025-03-24,3048,0,Foreign_Dealer_Self,0
2025-03-24,3048,0,Investment_Trust,0
2025-03-24,3048,2000,Dealer_self,94
2025-03-24,3048,0,Dealer_Hedging,1330
2025-03-25,3048,129000,Foreign_Investor,193000
2025-03-25,3048,0,Foreign_Dealer_Self,0
2025-03-25,3048,0,Investment_Trust,0
2025-03-25,3048,2000,Dealer_self,2409
2025-03-25,3048,33,Dealer_Hedging,0
2025-03-26,3048,110000,Foreign_Investor,172000
2025-03-26,3048,0,Foreign_Dealer_Self,0
2025-03-26,3048,0,Investment_Trust,0
2025-03-26,3048,5000,Dealer_self,382
2025-03-26,3048,384,Dealer_Hedging,33
2025-03-27,3048,203000,Foreign_Investor,105000
2025-03-27,3048,0,Foreign_Dealer_Self,0
2025-03-27,3048,0,Investment_Trust,0
2025-03-27,3048,61000,Dealer_self,453
2025-03-27,3048,254,Dealer_Hedging,6384
2025-03-28,3048,327000,Foreign_Investor,294238
2025-03-28,3048,0,Foreign_Dealer_Self,0
2025-03-28,3048,0,Investment_Trust,0
2025-03-28,3048,60000,Dealer_self,4473
2025-03-28,3048,0,Dealer_Hedging,3254
2025-03-31,3048,669001,Foreign_Investor,275000
2025-03-31,3048,0,Foreign_Dealer_Self,0
2025-03-31,3048,0,Investment_Trust,0
2025-03-31,3048,64000,Dealer_self,18657
2025-03-31,3048,0,Dealer_Hedging,7081
2025-04-01,3048,385000,Foreign_Investor,93000
2025-04-01,3048,0,Foreign_Dealer_Self,0
2025-04-01,3048,0,Investment_Trust,0
2025-04-01,3048,35000,Dealer_self,6004
2025-04-01,3048,1000,Dealer_Hedging,558
2025-04-02,3048,139000,Foreign_Investor,84000
2025-04-02,3048,0,Foreign_Dealer_Self,0
2025-04-02,3048,0,Investment_Trust,0
2025-04-02,3048,1000,Dealer_self,2316
2025-04-02,3048,1001,Dealer_Hedging,1000
2025-04-07,3048,7000,Foreign_Investor,16000
2025-04-07,3048,0,Foreign_Dealer_Self,0
2025-04-07,3048,0,Investment_Trust,0
2025-04-07,3048,0,Dealer_self,0
2025-04-07,3048,0,Dealer_Hedging,0
2025-04-08,3048,21000,Foreign_Investor,0
2025-04-08,3048,0,Foreign_Dealer_Self,0
2025-04-08,3048,0,Investment_Trust,0
2025-04-08,3048,9000,Dealer_self,1342
2025-04-08,3048,0,Dealer_Hedging,1
2025-04-09,3048,742000,Foreign_Investor,408000
2025-04-09,3048,0,Foreign_Dealer_Self,0
2025-04-09,3048,0,Investment_Trust,0
2025-04-09,3048,13000,Dealer_self,13631
2025-04-09,3048,0,Dealer_Hedging,0
2025-04-10,3048,268000,Foreign_Investor,167000
2025-04-10,3048,0,Foreign_Dealer_Self,0
2025-04-10,3048,0,Investment_Trust,0
2025-04-10,3048,0,Dealer_self,0
2025-04-10,3048,14000,Dealer_Hedging,10000
2025-04-11,3048,555000,Foreign_Investor,319000
2025-04-11,3048,0,Foreign_Dealer_Self,0
2025-04-11,3048,0,Investment_Trust,0
2025-04-11,3048,10000,Dealer_self,53214
2025-04-11,3048,32,Dealer_Hedging,0
2025-04-14,3048,359000,Foreign_Investor,480000
2025-04-14,3048,0,Foreign_Dealer_Self,0
2025-04-14,3048,0,Investment_Trust,0
2025-04-14,3048,18000,Dealer_self,29786
2025-04-14,3048,7933,Dealer_Hedging,2032
2025-04-15,3048,395000,Foreign_Investor,200000
2025-04-15,3048,0,Foreign_Dealer_Self,0
2025-04-15,3048,0,Investment_Trust,0
2025-04-15,3048,11000,Dealer_self,7967
2025-04-15,3048,1095,Dealer_Hedging,5485
2025-04-16,3048,218342,Foreign_Investor,166000
2025-04-16,3048,0,Foreign_Dealer_Self,0
2025-04-16,3048,0,Investment_Trust,0
2025-04-16,3048,4000,Dealer_self,10527
2025-04-16,3048,0,Dealer_Hedging,107
2025-04-17,3048,260207,Foreign_Investor,127253
2025-04-17,3048,0,Foreign_Dealer_Self,0
2025-04-17,3048,0,Investment_Trust,0
2025-04-17,3048,5000,Dealer_self,1606
2025-04-17,3048,1,Dealer_Hedging,1913
2025-04-18,3048,127500,Foreign_Investor,106207
2025-04-18,3048,0,Foreign_Dealer_Self,0
2025-04-18,3048,0,Investment_Trust,0
2025-04-18,3048,8000,Dealer_self,2826
2025-04-18,3048,0,Dealer_Hedging,981
2025-04-21,3048,110786,Foreign_Investor,146500
2025-04-21,3048,0,Foreign_Dealer_Self,0
2025-04-21,3048,0,Investment_Trust,0
2025-04-21,3048,10000,Dealer_self,2749
2025-04-21,3048,0,Dealer_Hedging,2084
2025-04-22,3048,214000,Foreign_Investor,69786
2025-04-22,3048,0,Foreign_Dealer_Self,0
2025-04-22,3048,0,Investment_Trust,0
2025-04-22,3048,17000,Dealer_self,2357
2025-04-22,3048,0,Dealer_Hedging,43
2025-04-23,3048,222000,Foreign_Investor,97000
2025-04-23,3048,0,Foreign_Dealer_Self,0
2025-04-23,3048,0,Investment_Trust,0
2025-04-23,3048,14000,Dealer_self,7224
2025-04-23,3048,316,Dealer_Hedging,13
2025-04-24,3048,132211,Foreign_Investor,111000
2025-04-24,3048,0,Foreign_Dealer_Self,0
2025-04-24,3048,0,Investment_Trust,0
2025-04-24,3048,2000,Dealer_self,4036
2025-04-24,3048,0,Dealer_Hedging,519
2025-04-25,3048,138000,Foreign_Investor,61211
2025-04-25,3048,0,Foreign_Dealer_Self,0
2025-04-25,3048,0,Investment_Trust,0
2025-04-25,3048,5000,Dealer_self,1872
2025-04-25,3048,0,Dealer_Hedging,195
2025-04-28,3048,0,Foreign_Dealer_Self,0
2025-04-28,3048,0,Investment_Trust,0
2025-04-28,3048,18000,Dealer_self,245
2025-04-28,3048,0,Dealer_Hedging,5
2025-04-28,3048,388001,Foreign_Investor,185000
2025-04-29,3048,245001,Foreign_Investor,118001
2025-04-29,3048,0,Foreign_Dealer_Self,0
2025-04-29,3048,0,Investment_Trust,0
2025-04-29,3048,0,Dealer_self,0
2025-04-29,3048,200,Dealer_Hedging,0
2025-04-30,3048,137000,Foreign_Investor,165001
2025-04-30,3048,0,Foreign_Dealer_Self,0
2025-04-30,3048,0,Investment_Trust,0
2025-04-30,3048,1000,Dealer_self,6792
2025-04-30,3048,0,Dealer_Hedging,200
2025-05-02,3048,197130,Foreign_Investor,141000
2025-05-02,3048,0,Foreign_Dealer_Self,0
2025-05-02,3048,0,Investment_Trust,0
2025-05-02,3048,0,Dealer_self,234
2025-05-02,3048,0,Dealer_Hedging,0
2025-05-05,3048,228147,Foreign_Investor,193130
2025-05-05,3048,0,Foreign_Dealer_Self,0
2025-05-05,3048,0,Investment_Trust,0
2025-05-05,3048,4000,Dealer_self,6562
2025-05-05,3048,0,Dealer_Hedging,0
2025-05-06,3048,128131,Foreign_Investor,76147
2025-05-06,3048,0,Foreign_Dealer_Self,0
2025-05-06,3048,0,Investment_Trust,0
2025-05-06,3048,0,Dealer_self,3000
2025-05-06,3048,0,Dealer_Hedging,0
2025-05-07,3048,117000,Foreign_Investor,129131
2025-05-07,3048,0,Foreign_Dealer_Self,0
2025-05-07,3048,0,Investment_Trust,0
2025-05-07,3048,2000,Dealer_self,3749
2025-05-07,3048,0,Dealer_Hedging,0
2025-05-08,3048,307191,Foreign_Investor,92000
2025-05-08,3048,0,Foreign_Dealer_Self,0
2025-05-08,3048,0,Investment_Trust,0
2025-05-08,3048,4000,Dealer_self,584
2025-05-08,3048,0,Dealer_Hedging,0
2025-05-09,3048,376655,Foreign_Investor,258191
2025-05-09,3048,0,Foreign_Dealer_Self,0
2025-05-09,3048,0,Investment_Trust,0
2025-05-09,3048,0,Dealer_self,1000
2025-05-09,3048,17,Dealer_Hedging,0
2025-05-12,3048,196202,Foreign_Investor,151629
2025-05-12,3048,0,Foreign_Dealer_Self,0
2025-05-12,3048,0,Investment_Trust,0
2025-05-12,3048,3000,Dealer_self,30802
2025-05-12,3048,0,Dealer_Hedging,9
2025-05-13,3048,256637,Foreign_Investor,99202
2025-05-13,3048,0,Foreign_Dealer_Self,0
2025-05-13,3048,0,Investment_Trust,0
2025-05-13,3048,2000,Dealer_self,15093
2025-05-13,3048,0,Dealer_Hedging,1008
2025-05-14,3048,186550,Foreign_Investor,86637
2025-05-14,3048,0,Foreign_Dealer_Self,0
2025-05-14,3048,0,Investment_Trust,0
2025-05-14,3048,15000,Dealer_self,1002
2025-05-14,3048,99,Dealer_Hedging,0
2025-05-15,3048,319587,Foreign_Investor,174000
2025-05-15,3048,0,Foreign_Dealer_Self,0
2025-05-15,3048,0,Investment_Trust,0
2025-05-15,3048,2000,Dealer_self,13038
2025-05-15,3048,138,Dealer_Hedging,99
2025-05-16,3048,103864,Foreign_Investor,153587
2025-05-16,3048,0,Foreign_Dealer_Self,0
2025-05-16,3048,0,Investment_Trust,0
2025-05-16,3048,0,Dealer_self,36
2025-05-16,3048,0,Dealer_Hedging,138
2025-05-19,3048,191494,Foreign_Investor,129550
2025-05-19,3048,0,Foreign_Dealer_Self,0
2025-05-19,3048,0,Investment_Trust,0
2025-05-19,3048,4000,Dealer_self,4065
2025-05-19,3048,0,Dealer_Hedging,0
2025-05-20,3048,176830,Foreign_Investor,418708
2025-05-20,3048,0,Foreign_Dealer_Self,0
2025-05-20,3048,0,Investment_Trust,0
2025-05-20,3048,5000,Dealer_self,1073
2025-05-20,3048,381,Dealer_Hedging,0
2025-05-21,3048,147110,Foreign_Investor,91830
2025-05-21,3048,0,Foreign_Dealer_Self,0
2025-05-21,3048,0,Investment_Trust,0
2025-05-21,3048,0,Dealer_self,0
2025-05-21,3048,0,Dealer_Hedging,169
2025-05-22,3048,88838,Foreign_Investor,71010
2025-05-22,3048,0,Foreign_Dealer_Self,0
2025-05-22,3048,0,Investment_Trust,0
2025-05-22,3048,0,Dealer_self,2000
2025-05-22,3048,0,Dealer_Hedging,205
2025-05-23,3048,50848,Foreign_Investor,59220
2025-05-23,3048,0,Foreign_Dealer_Self,0
2025-05-23,3048,0,Investment_Trust,0
2025-05-23,3048,0,Dealer_self,15009
2025-05-23,3048,0,Dealer_Hedging,7
2025-05-26,3048,235080,Foreign_Investor,86304
2025-05-26,3048,0,Foreign_Dealer_Self,0
2025-05-26,3048,0,Investment_Trust,0
2025-05-26,3048,0,Dealer_self,10000
2025-05-26,3048,0,Dealer_Hedging,0
2025-05-27,3048,226940,Foreign_Investor,136998
2025-05-27,3048,0,Foreign_Dealer_Self,0
2025-05-27,3048,0,Investment_Trust,0
2025-05-27,3048,1000,Dealer_self,18898
2025-05-27,3048,0,Dealer_Hedging,0
2025-05-28,3048,133000,Foreign_Investor,34184
2025-05-28,3048,0,Foreign_Dealer_Self,0
2025-05-28,3048,0,Investment_Trust,0
2025-05-28,3048,45000,Dealer_self,3781
2025-05-28,3048,416,Dealer_Hedging,0
2025-05-29,3048,65002,Foreign_Investor,149000
2025-05-29,3048,0,Foreign_Dealer_Self,0
2025-05-29,3048,0,Investment_Trust,0
2025-05-29,3048,6000,Dealer_self,433
2025-05-29,3048,0,Dealer_Hedging,100
2025-06-02,3048,53785,Foreign_Investor,147002
2025-06-02,3048,0,Foreign_Dealer_Self,0
2025-06-02,3048,0,Investment_Trust,0
2025-06-02,3048,16000,Dealer_self,13594
2025-06-02,3048,0,Dealer_Hedging,316
2025-06-03,3048,43000,Foreign_Investor,88420
2025-06-03,3048,0,Foreign_Dealer_Self,0
2025-06-03,3048,0,Investment_Trust,0
2025-06-03,3048,5000,Dealer_self,12158
2025-06-03,3048,0,Dealer_Hedging,0
2025-06-04,3048,200172,Foreign_Investor,111201
2025-06-04,3048,0,Foreign_Dealer_Self,0
2025-06-04,3048,0,Investment_Trust,0
2025-06-04,3048,14000,Dealer_self,3081
2025-06-04,3048,88,Dealer_Hedging,0
2025-06-05,3048,326193,Foreign_Investor,523317
2025-06-05,3048,0,Foreign_Dealer_Self,0
2025-06-05,3048,0,Investment_Trust,0
2025-06-05,3048,10000,Dealer_self,4120
2025-06-05,3048,140,Dealer_Hedging,88
2025-06-06,3048,380931,Foreign_Investor,2206193
2025-06-06,3048,0,Foreign_Dealer_Self,0
2025-06-06,3048,0,Investment_Trust,0
2025-06-06,3048,5000,Dealer_self,9970
2025-06-06,3048,0,Dealer_Hedging,140
2025-06-09,3048,263964,Foreign_Investor,371931
2025-06-09,3048,0,Foreign_Dealer_Self,0
2025-06-09,3048,0,Investment_Trust,0
2025-06-09,3048,5000,Dealer_self,112791
2025-06-09,3048,0,Dealer_Hedging,0
2025-06-10,3048,137218,Foreign_Investor,202402
2025-06-10,3048,0,Foreign_Dealer_Self,0
2025-06-10,3048,0,Investment_Trust,0
2025-06-10,3048,45000,Dealer_self,23391
2025-06-10,3048,0,Dealer_Hedging,0
2025-06-11,3048,232396,Foreign_Investor,419723
2025-06-11,3048,0,Foreign_Dealer_Self,0
2025-06-11,3048,0,Investment_Trust,0
2025-06-11,3048,11000,Dealer_self,9764
2025-06-11,3048,100,Dealer_Hedging,0
2025-06-12,3048,926093,Foreign_Investor,1863566
2025-06-12,3048,0,Foreign_Dealer_Self,0
2025-06-12,3048,0,Investment_Trust,0
2025-06-12,3048,4000,Dealer_self,26422
2025-06-12,3048,2,Dealer_Hedging,100
2025-06-13,3048,303000,Foreign_Investor,1811093
2025-06-13,3048,0,Foreign_Dealer_Self,0
2025-06-13,3048,0,Investment_Trust,0
2025-06-13,3048,7000,Dealer_self,101985
2025-06-13,3048,207,Dealer_Hedging,2
2025-06-16,3048,312000,Foreign_Investor,659365
2025-06-16,3048,0,Foreign_Dealer_Self,0
2025-06-16,3048,0,Investment_Trust,0
2025-06-16,3048,4000,Dealer_self,34625
2025-06-16,3048,869,Dealer_Hedging,207
2025-06-17,3048,284000,Foreign_Investor,788000
2025-06-17,3048,0,Foreign_Dealer_Self,0
2025-06-17,3048,0,Investment_Trust,0
2025-06-17,3048,10000,Dealer_self,13428
2025-06-17,3048,0,Dealer_Hedging,864
2025-06-18,3048,435000,Foreign_Investor,215000
2025-06-18,3048,0,Foreign_Dealer_Self,0
2025-06-18,3048,0,Investment_Trust,0
2025-06-18,3048,30000,Dealer_self,21957
2025-06-18,3048,0,Dealer_Hedging,2
2025-06-19,3048,320000,Foreign_Investor,894000
2025-06-19,3048,0,Foreign_Dealer_Self,0
2025-06-19,3048,0,Investment_Trust,0
2025-06-19,3048,13000,Dealer_self,6954
2025-06-19,3048,0,Dealer_Hedging,3
2025-06-20,3048,263000,Foreign_Investor,635000
2025-06-20,3048,0,Foreign_Dealer_Self,0
2025-06-20,3048,0,Investment_Trust,0
2025-06-20,3048,5000,Dealer_self,7888
2025-06-20,3048,0,Dealer_Hedging,0
2025-06-23,3048,273000,Foreign_Investor,319000
2025-06-23,3048,0,Foreign_Dealer_Self,0
2025-06-23,3048,0,Investment_Trust,0
2025-06-23,3048,2000,Dealer_self,5473
2025-06-23,3048,0,Dealer_Hedging,0
2025-06-24,3048,780000,Foreign_Investor,536000
2025-06-24,3048,0,Foreign_Dealer_Self,0
2025-06-24,3048,0,Investment_Trust,0
2025-06-24,3048,11000,Dealer_self,2300
2025-06-24,3048,672,Dealer_Hedging,0
2025-06-25,3048,332000,Foreign_Investor,608000
2025-06-25,3048,0,Foreign_Dealer_Self,0
2025-06-25,3048,0,Investment_Trust,0
2025-06-25,3048,6000,Dealer_self,5959
2025-06-25,3048,0,Dealer_Hedging,519
2025-06-26,3048,609000,Foreign_Investor,701000
2025-06-26,3048,0,Foreign_Dealer_Self,0
2025-06-26,3048,0,Investment_Trust,0
2025-06-26,3048,3000,Dealer_self,10944
2025-06-26,3048,102,Dealer_Hedging,153
2025-06-27,3048,183600,Foreign_Investor,197000
2025-06-27,3048,0,Foreign_Dealer_Self,0
2025-06-27,3048,0,Investment_Trust,0
2025-06-27,3048,12000,Dealer_self,21000
2025-06-27,3048,268,Dealer_Hedging,0
2025-06-30,3048,119000,Foreign_Investor,261000
2025-06-30,3048,0,Foreign_Dealer_Self,0
2025-06-30,3048,0,Investment_Trust,0
2025-06-30,3048,10000,Dealer_self,9777
2025-06-30,3048,30,Dealer_Hedging,121
2025-07-01,3048,114000,Foreign_Investor,98000
2025-07-01,3048,0,Foreign_Dealer_Self,0
2025-07-01,3048,0,Investment_Trust,0
2025-07-01,3048,18000,Dealer_self,14243
2025-07-01,3048,251,Dealer_Hedging,2
2025-07-02,3048,146000,Foreign_Investor,59000
2025-07-02,3048,0,Foreign_Dealer_Self,0
2025-07-02,3048,0,Investment_Trust,0
2025-07-02,3048,9000,Dealer_self,2338
2025-07-02,3048,0,Dealer_Hedging,509
2025-07-03,3048,761000,Foreign_Investor,146000
2025-07-03,3048,0,Foreign_Dealer_Self,0
2025-07-03,3048,0,Investment_Trust,0
2025-07-03,3048,39000,Dealer_self,2000
2025-07-03,3048,0,Dealer_Hedging,0
2025-07-04,3048,200000,Foreign_Investor,400000
2025-07-04,3048,0,Foreign_Dealer_Self,0
2025-07-04,3048,0,Investment_Trust,0
2025-07-04,3048,1000,Dealer_self,10000
2025-07-04,3048,0,Dealer_Hedging,19
2025-07-07,3048,152000,Foreign_Investor,212000
2025-07-07,3048,0,Foreign_Dealer_Self,0
2025-07-07,3048,0,Investment_Trust,0
2025-07-07,3048,8000,Dealer_self,1198
2025-07-07,3048,0,Dealer_Hedging,0
2025-07-08,3048,310000,Foreign_Investor,151000
2025-07-08,3048,0,Foreign_Dealer_Self,0
2025-07-08,3048,0,Investment_Trust,0
2025-07-08,3048,13000,Dealer_self,22382
2025-07-08,3048,0,Dealer_Hedging,0
2025-07-09,3048,162000,Foreign_Investor,95000
2025-07-09,3048,0,Foreign_Dealer_Self,0
2025-07-09,3048,0,Investment_Trust,0
2025-07-09,3048,3000,Dealer_self,0
2025-07-09,3048,0,Dealer_Hedging,0
2025-07-10,3048,89000,Foreign_Investor,74000
2025-07-10,3048,0,Foreign_Dealer_Self,0
2025-07-10,3048,0,Investment_Trust,0
2025-07-10,3048,4000,Dealer_self,32196
2025-07-10,3048,51,Dealer_Hedging,0
2025-07-11,3048,204000,Foreign_Investor,36000
2025-07-11,3048,0,Foreign_Dealer_Self,0
2025-07-11,3048,0,Investment_Trust,0
2025-07-11,3048,1000,Dealer_self,24029
2025-07-11,3048,0,Dealer_Hedging,20
2025-07-14,3048,146000,Foreign_Investor,76000
2025-07-14,3048,0,Foreign_Dealer_Self,0
2025-07-14,3048,0,Investment_Trust,0
2025-07-14,3048,3000,Dealer_self,29424
2025-07-14,3048,0,Dealer_Hedging,31
2025-07-15,3048,197000,Foreign_Investor,45000
2025-07-15,3048,0,Foreign_Dealer_Self,0
2025-07-15,3048,0,Investment_Trust,0
2025-07-15,3048,5000,Dealer_self,2234
2025-07-15,3048,0,Dealer_Hedging,0
2025-07-16,3048,732000,Foreign_Investor,126000
2025-07-16,3048,0,Foreign_Dealer_Self,0
2025-07-16,3048,0,Investment_Trust,0
2025-07-16,3048,17000,Dealer_self,10089
2025-07-16,3048,4102,Dealer_Hedging,0
2025-07-17,3048,368000,Foreign_Investor,109900
2025-07-17,3048,0,Foreign_Dealer_Self,0
2025-07-17,3048,0,Investment_Trust,0
2025-07-17,3048,10000,Dealer_self,14000
2025-07-17,3048,37,Dealer_Hedging,71
2025-07-18,3048,374000,Foreign_Investor,145000
2025-07-18,3048,0,Foreign_Dealer_Self,0
2025-07-18,3048,0,Investment_Trust,0
2025-07-18,3048,2000,Dealer_self,2000
2025-07-18,3048,391,Dealer_Hedging,0
2025-07-21,3048,165000,Foreign_Investor,53000
2025-07-21,3048,0,Foreign_Dealer_Self,0
2025-07-21,3048,0,Investment_Trust,0
2025-07-21,3048,1000,Dealer_self,0
2025-07-21,3048,0,Dealer_Hedging,0
2025-07-22,3048,54000,Foreign_Investor,268000
2025-07-22,3048,0,Foreign_Dealer_Self,0
2025-07-22,3048,0,Investment_Trust,0
2025-07-22,3048,13000,Dealer_self,0
2025-07-22,3048,0,Dealer_Hedging,876
2025-07-23,3048,446000,Foreign_Investor,57000
2025-07-23,3048,0,Foreign_Dealer_Self,0
2025-07-23,3048,0,Investment_Trust,0
2025-07-23,3048,13000,Dealer_self,2000
2025-07-23,3048,0,Dealer_Hedging,0
2025-07-24,3048,180000,Foreign_Investor,75000
2025-07-24,3048,0,Foreign_Dealer_Self,0
2025-07-24,3048,0,Investment_Trust,0
2025-07-24,3048,0,Dealer_self,155
2025-07-24,3048,2000,Dealer_Hedging,500
2025-07-25,3048,80000,Foreign_Investor,119000
2025-07-25,3048,0,Foreign_Dealer_Self,0
2025-07-25,3048,0,Investment_Trust,0
2025-07-25,3048,1000,Dealer_self,1048
2025-07-25,3048,0,Dealer_Hedging,763
2025-07-28,3048,118000,Foreign_Investor,109000
2025-07-28,3048,0,Foreign_Dealer_Self,0
2025-07-28,3048,0,Investment_Trust,0
2025-07-28,3048,0,Dealer_self,271
2025-07-28,3048,0,Dealer_Hedging,169
2025-07-29,3048,103000,Foreign_Investor,193000
2025-07-29,3048,0,Foreign_Dealer_Self,0
2025-07-29,3048,0,Investment_Trust,0
2025-07-29,3048,5000,Dealer_self,0
2025-07-29,3048,0,Dealer_Hedging,21
2025-07-30,3048,127000,Foreign_Investor,119000
2025-07-30,3048,0,Foreign_Dealer_Self,0
2025-07-30,3048,0,Investment_Trust,0
2025-07-30,3048,0,Dealer_self,0
2025-07-30,3048,0,Dealer_Hedging,438
2025-07-31,3048,23000,Foreign_Investor,594000
2025-07-31,3048,0,Foreign_Dealer_Self,0
2025-07-31,3048,0,Investment_Trust,0
2025-07-31,3048,10000,Dealer_self,24250
2025-07-31,3048,0,Dealer_Hedging,1028
2025-08-01,3048,157000,Foreign_Investor,103000
2025-08-01,3048,0,Foreign_Dealer_Self,0
2025-08-01,3048,0,Investment_Trust,0
2025-08-01,3048,1000,Dealer_self,5567
2025-08-01,3048,351,Dealer_Hedging,144
2025-08-04,3048,221000,Foreign_Investor,73000
2025-08-04,3048,0,Foreign_Dealer_Self,0
2025-08-04,3048,0,Investment_Trust,0
2025-08-04,3048,15000,Dealer_self,3000
2025-08-04,3048,0,Dealer_Hedging,15
2025-08-05,3048,1402000,Foreign_Investor,311000
2025-08-05,3048,0,Foreign_Dealer_Self,0
2025-08-05,3048,0,Investment_Trust,0
2025-08-05,3048,13000,Dealer_self,5303
2025-08-05,3048,31,Dealer_Hedging,3
2025-08-06,3048,96100,Foreign_Investor,187100
2025-08-06,3048,0,Foreign_Dealer_Self,0
2025-08-06,3048,0,Investment_Trust,0
2025-08-06,3048,0,Dealer_self,5000
2025-08-06,3048,0,Dealer_Hedging,37
2025-08-07,3048,35000,Foreign_Investor,213000
2025-08-07,3048,0,Foreign_Dealer_Self,0
2025-08-07,3048,0,Investment_Trust,0
2025-08-07,3048,1000,Dealer_self,0
2025-08-07,3048,506,Dealer_Hedging,15
2025-08-08,3048,185000,Foreign_Investor,165000
2025-08-08,3048,0,Foreign_Dealer_Self,0
2025-08-08,3048,0,Investment_Trust,0
2025-08-08,3048,0,Dealer_self,35110
2025-08-08,3048,120,Dealer_Hedging,0
2025-08-11,3048,111000,Foreign_Investor,227000
2025-08-11,3048,0,Foreign_Dealer_Self,0
2025-08-11,3048,0,Investment_Trust,0
2025-08-11,3048,2000,Dealer_self,0
2025-08-11,3048,102,Dealer_Hedging,0
2025-08-12,3048,238000,Foreign_Investor,116000
2025-08-12,3048,0,Foreign_Dealer_Self,0
2025-08-12,3048,0,Investment_Trust,0
2025-08-12,3048,1000,Dealer_self,10314
2025-08-12,3048,0,Dealer_Hedging,2
2025-08-13,3048,286000,Foreign_Investor,194000
2025-08-13,3048,0,Foreign_Dealer_Self,0
2025-08-13,3048,0,Investment_Trust,0
2025-08-13,3048,2000,Dealer_self,446
2025-08-13,3048,608,Dealer_Hedging,618
2025-08-14,3048,153000,Foreign_Investor,213000
2025-08-14,3048,0,Foreign_Dealer_Self,0
2025-08-14,3048,0,Investment_Trust,0
2025-08-14,3048,3000,Dealer_self,50000
2025-08-14,3048,0,Dealer_Hedging,111
2025-08-15,3048,155000,Foreign_Investor,370000
2025-08-15,3048,0,Foreign_Dealer_Self,0
2025-08-15,3048,0,Investment_Trust,0
2025-08-15,3048,12000,Dealer_self,914
2025-08-15,3048,0,Dealer_Hedging,894
2025-08-18,3048,284000,Foreign_Investor,178970
2025-08-18,3048,0,Foreign_Dealer_Self,0
2025-08-18,3048,0,Investment_Trust,0
2025-08-18,3048,34000,Dealer_self,5437
2025-08-18,3048,581,Dealer_Hedging,4
2025-08-19,3048,43000,Foreign_Investor,506000
2025-08-19,3048,0,Foreign_Dealer_Self,0
2025-08-19,3048,0,Investment_Trust,0
2025-08-19,3048,4000,Dealer_self,3305
2025-08-19,3048,0,Dealer_Hedging,2819
2025-08-20,3048,90000,Foreign_Investor,961000
2025-08-20,3048,0,Foreign_Dealer_Self,0
2025-08-20,3048,0,Investment_Trust,0
2025-08-20,3048,26000,Dealer_self,22716
2025-08-20,3048,0,Dealer_Hedging,301
2025-08-21,3048,218000,Foreign_Investor,73000
2025-08-21,3048,0,Foreign_Dealer_Self,0
2025-08-21,3048,0,Investment_Trust,0
2025-08-21,3048,1000,Dealer_self,12094
2025-08-21,3048,1,Dealer_Hedging,0
2025-08-22,3048,168000,Foreign_Investor,161000
2025-08-22,3048,0,Foreign_Dealer_Self,0
2025-08-22,3048,0,Investment_Trust,0
2025-08-22,3048,1000,Dealer_self,420
2025-08-22,3048,1,Dealer_Hedging,1
2025-08-25,3048,856000,Foreign_Investor,205000
2025-08-25,3048,0,Foreign_Dealer_Self,0
2025-08-25,3048,0,Investment_Trust,0
2025-08-25,3048,74000,Dealer_self,100
2025-08-25,3048,460,Dealer_Hedging,1
2025-08-26,3048,560000,Foreign_Investor,160000
2025-08-26,3048,0,Foreign_Dealer_Self,0
2025-08-26,3048,0,Investment_Trust,0
2025-08-26,3048,175001,Dealer_self,7000
2025-08-26,3048,82,Dealer_Hedging,0
2025-08-27,3048,0,Foreign_Investor,47000
2025-08-27,3048,0,Foreign_Dealer_Self,0
2025-08-27,3048,0,Investment_Trust,0
2025-08-27,3048,5994,Dealer_self,0
2025-08-27,3048,0,Dealer_Hedging,0
2025-08-28,3048,0,Foreign_Investor,54000
2025-08-28,3048,0,Foreign_Dealer_Self,0
2025-08-28,3048,0,Investment_Trust,0
2025-08-28,3048,4995,Dealer_self,0
2025-08-28,3048,0,Dealer_Hedging,0
2025-08-29,3048,0,Foreign_Investor,26000
2025-08-29,3048,0,Foreign_Dealer_Self,0
2025-08-29,3048,0,Investment_Trust,0
2025-08-29,3048,63988,Dealer_self,0
2025-08-29,3048,4000,Dealer_Hedging,0
2025-09-01,3048,141000,Foreign_Investor,100000
2025-09-01,3048,0,Foreign_Dealer_Self,0
2025-09-01,3048,0,Investment_Trust,0
2025-09-01,3048,47056,Dealer_self,248000
2025-09-01,3048,999,Dealer_Hedging,0
2025-09-02,3048,109000,Foreign_Investor,1087000
2025-09-02,3048,0,Foreign_Dealer_Self,0
2025-09-02,3048,0,Investment_Trust,0
2025-09-02,3048,5000,Dealer_self,67000
2025-09-02,3048,176000,Dealer_Hedging,0
2025-09-03,3048,206000,Foreign_Investor,737500
2025-09-03,3048,0,Foreign_Dealer_Self,0
2025-09-03,3048,0,Investment_Trust,0
2025-09-03,3048,12000,Dealer_self,0
2025-09-03,3048,21000,Dealer_Hedging,15000
2025-09-04,3048,92000,Foreign_Investor,102000
2025-09-04,3048,0,Foreign_Dealer_Self,0
2025-09-04,3048,0,Investment_Trust,0
2025-09-04,3048,1298,Dealer_self,10000
2025-09-04,3048,265000,Dealer_Hedging,20000
2025-09-05,3048,258000,Foreign_Investor,285000
2025-09-05,3048,0,Foreign_Dealer_Self,0
2025-09-05,3048,0,Investment_Trust,0
2025-09-05,3048,54000,Dealer_self,0
2025-09-05,3048,117000,Dealer_Hedging,0
2025-09-08,3048,31000,Foreign_Investor,778000
2025-09-08,3048,0,Foreign_Dealer_Self,0
2025-09-08,3048,0,Investment_Trust,0
2025-09-08,3048,0,Dealer_self,69000
2025-09-08,3048,240000,Dealer_Hedging,113000
2025-09-09,3048,161000,Foreign_Investor,231000
2025-09-09,3048,0,Foreign_Dealer_Self,0
2025-09-09,3048,0,Investment_Trust,0
2025-09-09,3048,1000,Dealer_self,28000
2025-09-09,3048,0,Dealer_Hedging,2000
2025-09-10,3048,326000,Foreign_Investor,130000
2025-09-10,3048,0,Foreign_Dealer_Self,0
2025-09-10,3048,0,Investment_Trust,0
2025-09-10,3048,2000,Dealer_self,38000
2025-09-10,3048,0,Dealer_Hedging,0
2025-09-11,3048,392000,Foreign_Investor,53000
2025-09-11,3048,0,Foreign_Dealer_Self,0
2025-09-11,3048,0,Investment_Trust,0
2025-09-11,3048,2000,Dealer_self,70000
2025-09-11,3048,0,Dealer_Hedging,7000
2025-09-12,3048,277208,Foreign_Investor,115000
2025-09-12,3048,0,Foreign_Dealer_Self,0
2025-09-12,3048,0,Investment_Trust,0
2025-09-12,3048,3000,Dealer_self,4000
2025-09-12,3048,50000,Dealer_Hedging,0
2025-09-15,3048,189000,Foreign_Investor,297000
2025-09-15,3048,0,Foreign_Dealer_Self,0
2025-09-15,3048,0,Investment_Trust,0
2025-09-15,3048,8000,Dealer_self,47000
2025-09-15,3048,0,Dealer_Hedging,115000
2025-09-16,3048,1050886,Foreign_Investor,3258000
2025-09-16,3048,0,Foreign_Dealer_Self,0
2025-09-16,3048,0,Investment_Trust,0
2025-09-16,3048,20000,Dealer_self,49929
2025-09-16,3048,5054,Dealer_Hedging,17541
2025-09-17,3048,1616000,Foreign_Investor,3228550
2025-09-17,3048,0,Foreign_Dealer_Self,0
2025-09-17,3048,0,Investment_Trust,0
2025-09-17,3048,44000,Dealer_self,18000
2025-09-17,3048,1091,Dealer_Hedging,3054
2025-09-18,3048,3353000,Foreign_Investor,2041000
2025-09-18,3048,0,Foreign_Dealer_Self,0
2025-09-18,3048,0,Investment_Trust,0
2025-09-18,3048,26000,Dealer_self,30000
2025-09-18,3048,5000,Dealer_Hedging,3091
2025-09-19,3048,960000,Foreign_Investor,2413000
2025-09-19,3048,0,Foreign_Dealer_Self,0
2025-09-19,3048,0,Investment_Trust,0
2025-09-19,3048,12000,Dealer_self,9024
2025-09-19,3048,100,Dealer_Hedging,3000
2025-09-22,3048,1515000,Foreign_Investor,1129000
2025-09-22,3048,0,Foreign_Dealer_Self,0
2025-09-22,3048,0,Investment_Trust,0
2025-09-22,3048,2000,Dealer_self,248
2025-09-22,3048,315,Dealer_Hedging,1235
2025-09-23,3048,3195000,Foreign_Investor,3921000
2025-09-23,3048,0,Foreign_Dealer_Self,0
2025-09-23,3048,0,Investment_Trust,0
2025-09-23,3048,57950,Dealer_self,6193
2025-09-23,3048,2777,Dealer_Hedging,2375
2025-09-24,3048,1277000,Foreign_Investor,4198000
2025-09-24,3048,0,Foreign_Dealer_Self,0
2025-09-24,3048,0,Investment_Trust,0
2025-09-24,3048,29000,Dealer_self,45513
2025-09-24,3048,0,Dealer_Hedging,4933
2025-09-25,3048,2568000,Foreign_Investor,2200000
2025-09-25,3048,0,Foreign_Dealer_Self,0
2025-09-25,3048,0,Investment_Trust,0
2025-09-25,3048,26486,Dealer_self,6996
2025-09-25,3048,2439,Dealer_Hedging,3320
2025-09-26,3048,1984000,Foreign_Investor,3570000
2025-09-26,3048,0,Foreign_Dealer_Self,0
2025-09-26,3048,0,Investment_Trust,0
2025-09-26,3048,4135,Dealer_self,432
2025-09-26,3048,1818,Dealer_Hedging,1113
2025-09-30,3048,1367000,Foreign_Investor,1256000
2025-09-30,3048,0,Foreign_Dealer_Self,0
2025-09-30,3048,0,Investment_Trust,0
2025-09-30,3048,5000,Dealer_self,1
2025-09-30,3048,652,Dealer_Hedging,381
2025-10-01,3048,1577000,Foreign_Investor,912167
2025-10-01,3048,0,Foreign_Dealer_Self,0
2025-10-01,3048,0,Investment_Trust,0
2025-10-01,3048,23000,Dealer_self,4992
2025-10-01,3048,679,Dealer_Hedging,132
2025-10-02,3048,352000,Foreign_Investor,951000
2025-10-02,3048,0,Foreign_Dealer_Self,0
2025-10-02,3048,0,Investment_Trust,0
2025-10-02,3048,8000,Dealer_self,13124
2025-10-02,3048,0,Dealer_Hedging,2746
2025-10-03,3048,1307000,Foreign_Investor,839000
2025-10-03,3048,0,Foreign_Dealer_Self,0
2025-10-03,3048,0,Investment_Trust,0
2025-10-03,3048,8000,Dealer_self,17838
2025-10-03,3048,465,Dealer_Hedging,89
2025-10-07,3048,1769818,Foreign_Investor,924000
2025-10-07,3048,0,Foreign_Dealer_Self,0
2025-10-07,3048,0,Investment_Trust,0
2025-10-07,3048,11000,Dealer_self,2616
2025-10-07,3048,0,Dealer_Hedging,972
2025-10-08,3048,721000,Foreign_Investor,856000
2025-10-08,3048,0,Foreign_Dealer_Self,0
2025-10-08,3048,0,Investment_Trust,0
2025-10-08,3048,2000,Dealer_self,3001
2025-10-08,3048,330,Dealer_Hedging,3827
2025-10-09,3048,557000,Foreign_Investor,1162000
2025-10-09,3048,0,Foreign_Dealer_Self,0
2025-10-09,3048,0,Investment_Trust,0
2025-10-09,3048,18000,Dealer_self,36013
2025-10-09,3048,0,Dealer_Hedging,2452
2025-10-13,3048,1581000,Foreign_Investor,608000
2025-10-13,3048,0,Foreign_Dealer_Self,0
2025-10-13,3048,0,Investment_Trust,0
2025-10-13,3048,11000,Dealer_self,12904
2025-10-13,3048,7000,Dealer_Hedging,0
2025-10-14,3048,1234696,Foreign_Investor,1062000
2025-10-14,3048,0,Foreign_Dealer_Self,0
2025-10-14,3048,0,Investment_Trust,0
2025-10-14,3048,16000,Dealer_self,44592
2025-10-14,3048,719,Dealer_Hedging,7000
2025-10-15,3048,360000,Foreign_Investor,331200
2025-10-15,3048,0,Foreign_Dealer_Self,0
2025-10-15,3048,0,Investment_Trust,0
2025-10-15,3048,0,Dealer_self,2000
2025-10-15,3048,0,Dealer_Hedging,4000
2025-10-16,3048,871000,Foreign_Investor,397600
2025-10-16,3048,0,Foreign_Dealer_Self,0
2025-10-16,3048,0,Investment_Trust,0
2025-10-16,3048,6000,Dealer_self,12886
2025-10-16,3048,0,Dealer_Hedging,109702
2025-10-17,3048,567000,Foreign_Investor,523000
2025-10-17,3048,0,Foreign_Dealer_Self,0
2025-10-17,3048,0,Investment_Trust,0
2025-10-17,3048,11000,Dealer_self,9827
2025-10-17,3048,0,Dealer_Hedging,17
2025-10-20,3048,620000,Foreign_Investor,592000
2025-10-20,3048,0,Foreign_Dealer_Self,0
2025-10-20,3048,0,Investment_Trust,0
2025-10-20,3048,3000,Dealer_self,4067
2025-10-20,3048,12001,Dealer_Hedging,0
2025-10-21,3048,2008000,Foreign_Investor,3582818
2025-10-21,3048,0,Foreign_Dealer_Self,0
2025-10-21,3048,0,Investment_Trust,0
2025-10-21,3048,16159,Dealer_self,12300
2025-10-21,3048,1546,Dealer_Hedging,1
2025-10-22,3048,6332224,Foreign_Investor,7228000
2025-10-22,3048,0,Foreign_Dealer_Self,0
2025-10-22,3048,0,Investment_Trust,0
2025-10-22,3048,35474,Dealer_self,21834
2025-10-22,3048,55761,Dealer_Hedging,21546
2025-10-23,3048,1548000,Foreign_Investor,1501000
2025-10-23,3048,0,Foreign_Dealer_Self,0
2025-10-23,3048,0,Investment_Trust,0
2025-10-23,3048,3000,Dealer_self,1000
2025-10-23,3048,6446,Dealer_Hedging,20000
2025-10-27,3048,2631872,Foreign_Investor,3846000
2025-10-27,3048,0,Foreign_Dealer_Self,0
2025-10-27,3048,0,Investment_Trust,0
2025-10-27,3048,23195,Dealer_self,0
2025-10-27,3048,2965,Dealer_Hedging,4403
2025-10-28,3048,678000,Foreign_Investor,423000
2025-10-28,3048,0,Foreign_Dealer_Self,0
2025-10-28,3048,0,Investment_Trust,0
2025-10-28,3048,2000,Dealer_self,2000
2025-10-28,3048,2202,Dealer_Hedging,1424
2025-10-29,3048,556500,Foreign_Investor,813000
2025-10-29,3048,0,Foreign_Dealer_Self,0
2025-10-29,3048,0,Investment_Trust,0
2025-10-29,3048,10000,Dealer_self,9873
2025-10-29,3048,0,Dealer_Hedging,3693
2025-10-30,3048,710000,Foreign_Investor,868000
2025-10-30,3048,0,Foreign_Dealer_Self,0
2025-10-30,3048,0,Investment_Trust,0
2025-10-30,3048,16560,Dealer_self,22036
2025-10-30,3048,0,Dealer_Hedging,6540
2025-10-31,3048,306000,Foreign_Investor,347000
2025-10-31,3048,0,Foreign_Dealer_Self,0
2025-10-31,3048,0,Investment_Trust,0
2025-10-31,3048,8000,Dealer_self,2507
2025-10-31,3048,65,Dealer_Hedging,1543
2025-11-03,3048,860000,Foreign_Investor,451000
2025-11-03,3048,0,Foreign_Dealer_Self,0
2025-11-03,3048,0,Investment_Trust,0
2025-11-03,3048,23000,Dealer_self,8602
2025-11-03,3048,0,Dealer_Hedging,864
2025-11-04,3048,818008,Foreign_Investor,460000
2025-11-04,3048,0,Foreign_Dealer_Self,0
2025-11-04,3048,0,Investment_Trust,0
2025-11-04,3048,3000,Dealer_self,2926
2025-11-04,3048,100,Dealer_Hedging,7289
2025-11-05,3048,748000,Foreign_Investor,699358
2025-11-05,3048,0,Foreign_Dealer_Self,0
2025-11-05,3048,0,Investment_Trust,0
2025-11-05,3048,0,Dealer_self,2710
2025-11-05,3048,7656,Dealer_Hedging,2434
2025-11-06,3048,469000,Foreign_Investor,666000
2025-11-06,3048,0,Foreign_Dealer_Self,0
2025-11-06,3048,0,Investment_Trust,0
2025-11-06,3048,7000,Dealer_self,1508
2025-11-06,3048,50,Dealer_Hedging,535
2025-11-07,3048,682000,Foreign_Investor,647951
2025-11-07,3048,0,Foreign_Dealer_Self,0
2025-11-07,3048,0,Investment_Trust,0
2025-11-07,3048,2000,Dealer_self,496
2025-11-07,3048,0,Dealer_Hedging,1638
2025-11-10,3048,661000,Foreign_Investor,534000
2025-11-10,3048,0,Foreign_Dealer_Self,0
2025-11-10,3048,0,Investment_Trust,0
2025-11-10,3048,7000,Dealer_self,11067
2025-11-10,3048,8010,Dealer_Hedging,15224
2025-11-11,3048,1393000,Foreign_Investor,1818000
2025-11-11,3048,0,Foreign_Dealer_Self,0
2025-11-11,3048,0,Investment_Trust,0
2025-11-11,3048,4054,Dealer_self,5200
2025-11-11,3048,932,Dealer_Hedging,1382
2025-11-12,3048,400000,Foreign_Investor,1011000
2025-11-12,3048,0,Foreign_Dealer_Self,0
2025-11-12,3048,0,Investment_Trust,0
2025-11-12,3048,1000,Dealer_self,2863
2025-11-12,3048,578,Dealer_Hedging,8365
2025-11-13,3048,1482000,Foreign_Investor,948000
2025-11-13,3048,0,Foreign_Dealer_Self,0
2025-11-13,3048,0,Investment_Trust,0
2025-11-13,3048,4140,Dealer_self,1605
2025-11-13,3048,1153,Dealer_Hedging,103
2025-11-14,3048,1486000,Foreign_Investor,1347000
2025-11-14,3048,0,Foreign_Dealer_Self,0
2025-11-14,3048,0,Investment_Trust,0
2025-11-14,3048,3000,Dealer_self,0
2025-11-14,3048,80,Dealer_Hedging,1726
2025-11-17,3048,1483191,Foreign_Investor,2709000
2025-11-17,3048,0,Foreign_Dealer_Self,0
2025-11-17,3048,0,Investment_Trust,0
2025-11-17,3048,10314,Dealer_self,32836
2025-11-17,3048,1810,Dealer_Hedging,1835
2025-11-18,3048,510000,Foreign_Investor,707000
2025-11-18,3048,0,Foreign_Dealer_Self,0
2025-11-18,3048,0,Investment_Trust,0
2025-11-18,3048,0,Dealer_self,5131
2025-11-18,3048,394,Dealer_Hedging,1550
2025-11-19,3048,545000,Foreign_Investor,817000
2025-11-19,3048,0,Foreign_Dealer_Self,0
2025-11-19,3048,0,Investment_Trust,0
2025-11-19,3048,7000,Dealer_self,6107
2025-11-19,3048,0,Dealer_Hedging,654
2025-11-20,3048,4556000,Foreign_Investor,2966000
2025-11-20,3048,0,Foreign_Dealer_Self,0
2025-11-20,3048,0,Investment_Trust,0
2025-11-20,3048,16975,Dealer_self,6016
2025-11-20,3048,20438,Dealer_Hedging,0
2025-11-21,3048,2503759,Foreign_Investor,2812000
2025-11-21,3048,0,Foreign_Dealer_Self,0
2025-11-21,3048,0,Investment_Trust,0
2025-11-21,3048,9000,Dealer_self,1001
2025-11-21,3048,1366,Dealer_Hedging,5510
2025-11-24,3048,900000,Foreign_Investor,1883000
2025-11-24,3048,0,Foreign_Dealer_Self,0
2025-11-24,3048,0,Investment_Trust,0
2025-11-24,3048,5000,Dealer_self,264
2025-11-24,3048,669,Dealer_Hedging,5235
2025-11-25,3048,1657000,Foreign_Investor,1088000
2025-11-25,3048,0,Foreign_Dealer_Self,0
2025-11-25,3048,0,Investment_Trust,0
2025-11-25,3048,1450,Dealer_self,1312
2025-11-25,3048,42,Dealer_Hedging,1844
2025-11-26,3048,1520000,Foreign_Investor,1442000
2025-11-26,3048,0,Foreign_Dealer_Self,0
2025-11-26,3048,0,Investment_Trust,0
2025-11-26,3048,2000,Dealer_self,0
2025-11-26,3048,995,Dealer_Hedging,598
2025-11-27,3048,1133786,Foreign_Investor,643000
2025-11-27,3048,0,Foreign_Dealer_Self,0
2025-11-27,3048,0,Investment_Trust,0
2025-11-27,3048,0,Dealer_self,2190
2025-11-27,3048,121,Dealer_Hedging,1479
2025-11-28,3048,1819000,Foreign_Investor,1589000
2025-11-28,3048,0,Foreign_Dealer_Self,0
2025-11-28,3048,0,Investment_Trust,0
2025-11-28,3048,11000,Dealer_self,0
2025-11-28,3048,199,Dealer_Hedging,297
2025-12-01,3048,544000,Foreign_Investor,1346000
2025-12-01,3048,0,Foreign_Dealer_Self,0
2025-12-01,3048,0,Investment_Trust,0
2025-12-01,3048,0,Dealer_self,33021
2025-12-01,3048,0,Dealer_Hedging,51
2025-12-02,3048,417000,Foreign_Investor,822000
2025-12-02,3048,0,Foreign_Dealer_Self,0
2025-12-02,3048,0,Investment_Trust,0
2025-12-02,3048,5000,Dealer_self,3529
2025-12-02,3048,213,Dealer_Hedging,0
2025-12-03,3048,2110000,Foreign_Investor,529000
2025-12-03,3048,0,Foreign_Dealer_Self,0
2025-12-03,3048,0,Investment_Trust,0
2025-12-03,3048,3020,Dealer_self,418
2025-12-03,3048,1133,Dealer_Hedging,1000
2025-12-04,3048,4702200,Foreign_Investor,4543000
2025-12-04,3048,0,Foreign_Dealer_Self,0
2025-12-04,3048,0,Investment_Trust,0
2025-12-04,3048,3968,Dealer_self,2454
2025-12-04,3048,17041,Dealer_Hedging,1869
2025-12-05,3048,3816000,Foreign_Investor,5495000
2025-12-05,3048,0,Foreign_Dealer_Self,0
2025-12-05,3048,0,Investment_Trust,0
2025-12-05,3048,33175,Dealer_self,12627
2025-12-05,3048,8765,Dealer_Hedging,17015
2025-12-08,3048,2039000,Foreign_Investor,1593000
2025-12-08,3048,0,Foreign_Dealer_Self,0
2025-12-08,3048,0,Investment_Trust,0
2025-12-08,3048,2510,Dealer_self,0
2025-12-08,3048,1279,Dealer_Hedging,598
2025-12-09,3048,3397000,Foreign_Investor,1813200
2025-12-09,3048,0,Foreign_Dealer_Self,0
2025-12-09,3048,0,Investment_Trust,0
2025-12-09,3048,4000,Dealer_self,2000
2025-12-09,3048,6991,Dealer_Hedging,0
2025-12-10,3048,5725047,Foreign_Investor,7428946
2025-12-10,3048,0,Foreign_Dealer_Self,0
2025-12-10,3048,0,Investment_Trust,0
2025-12-10,3048,8884,Dealer_self,5000
2025-12-10,3048,0,Dealer_Hedging,1623
2025-12-11,3048,1304049,Foreign_Investor,1640000
2025-12-11,3048,0,Foreign_Dealer_Self,0
2025-12-11,3048,0,Investment_Trust,0
2025-12-11,3048,0,Dealer_self,2084
2025-12-11,3048,0,Dealer_Hedging,742
2025-12-12,3048,1225000,Foreign_Investor,859000
2025-12-12,3048,0,Foreign_Dealer_Self,0
2025-12-12,3048,0,Investment_Trust,0
2025-12-12,3048,5000,Dealer_self,2000
2025-12-12,3048,0,Dealer_Hedging,971
2025-12-15,3048,257025,Foreign_Investor,702000
2025-12-15,3048,0,Foreign_Dealer_Self,0
2025-12-15,3048,0,Investment_Trust,0
2025-12-15,3048,2000,Dealer_self,0
2025-12-15,3048,0,Dealer_Hedging,1058
2025-12-16,3048,632000,Foreign_Investor,452000
2025-12-16,3048,0,Foreign_Dealer_Self,0
2025-12-16,3048,0,Investment_Trust,0
2025-12-16,3048,14000,Dealer_self,13898
2025-12-16,3048,0,Dealer_Hedging,2709
2025-12-17,3048,476000,Foreign_Investor,262000
2025-12-17,3048,0,Foreign_Dealer_Self,0
2025-12-17,3048,0,Investment_Trust,0
2025-12-17,3048,5000,Dealer_self,4244
2025-12-17,3048,0,Dealer_Hedging,809
2025-12-18,3048,699000,Foreign_Investor,371000
2025-12-18,3048,0,Foreign_Dealer_Self,0
2025-12-18,3048,0,Investment_Trust,0
2025-12-18,3048,12000,Dealer_self,603
2025-12-18,3048,170,Dealer_Hedging,6
2025-12-19,3048,729000,Foreign_Investor,860000
2025-12-19,3048,0,Foreign_Dealer_Self,0
2025-12-19,3048,0,Investment_Trust,0
2025-12-19,3048,7000,Dealer_self,3821
2025-12-19,3048,0,Dealer_Hedging,476
2025-12-22,3048,716000,Foreign_Investor,141000
2025-12-22,3048,0,Foreign_Dealer_Self,0
2025-12-22,3048,0,Investment_Trust,0
2025-12-22,3048,1000,Dealer_self,0
2025-12-22,3048,2000,Dealer_Hedging,0
2025-12-23,3048,618000,Foreign_Investor,706000
2025-12-23,3048,0,Foreign_Dealer_Self,0
2025-12-23,3048,0,Investment_Trust,0
2025-12-23,3048,1000,Dealer_self,101
2025-12-23,3048,492,Dealer_Hedging,90
2025-12-24,3048,3450000,Foreign_Investor,3486000
2025-12-24,3048,0,Foreign_Dealer_Self,0
2025-12-24,3048,0,Investment_Trust,0
2025-12-24,3048,2027,Dealer_self,2518
2025-12-24,3048,68721,Dealer_Hedging,132
2025-12-26,3048,1244000,Foreign_Investor,1171000
2025-12-26,3048,0,Foreign_Dealer_Self,0
2025-12-26,3048,0,Investment_Trust,0
2025-12-26,3048,0,Dealer_self,2000
2025-12-26,3048,81402,Dealer_Hedging,0
2025-12-29,3048,514000,Foreign_Investor,744432
2025-12-29,3048,0,Foreign_Dealer_Self,0
2025-12-29,3048,0,Investment_Trust,0
2025-12-29,3048,2000,Dealer_self,0
2025-12-29,3048,234,Dealer_Hedging,60011
2025-12-30,3048,1446000,Foreign_Investor,1412000
2025-12-30,3048,0,Foreign_Dealer_Self,0
2025-12-30,3048,0,Investment_Trust,0
2025-12-30,3048,0,Dealer_self,1000
2025-12-30,3048,40328,Dealer_Hedging,1733
2025-12-31,3048,1905000,Foreign_Investor,2140000
2025-12-31,3048,0,Foreign_Dealer_Self,0
2025-12-31,3048,0,Investment_Trust,0
2025-12-31,3048,3000,Dealer_self,1328
2025-12-31,3048,71395,Dealer_Hedging,20500
2026-01-02,3048,6619000,Foreign_Investor,3641000
2026-01-02,3048,0,Foreign_Dealer_Self,0
2026-01-02,3048,0,Investment_Trust,0
2026-01-02,3048,144167,Dealer_self,8000
2026-01-02,3048,42708,Dealer_Hedging,38864
2026-01-05,3048,11011150,Foreign_Investor,9466000
2026-01-05,3048,0,Foreign_Dealer_Self,0
2026-01-05,3048,0,Investment_Trust,0
2026-01-05,3048,128000,Dealer_self,168703
2026-01-05,3048,90198,Dealer_Hedging,34864
2026-01-06,3048,2286093,Foreign_Investor,4174000
2026-01-06,3048,0,Foreign_Dealer_Self,0
2026-01-06,3048,0,Investment_Trust,0
2026-01-06,3048,2000,Dealer_self,2545
2026-01-06,3048,77057,Dealer_Hedging,27152
2026-01-07,3048,1963032,Foreign_Investor,2469000
2026-01-07,3048,0,Foreign_Dealer_Self,0
2026-01-07,3048,0,Investment_Trust,0
2026-01-07,3048,0,Dealer_self,2102
2026-01-07,3048,50605,Dealer_Hedging,20384
2026-01-08,3048,1330130,Foreign_Investor,1290000
2026-01-08,3048,0,Foreign_Dealer_Self,0
2026-01-08,3048,0,Investment_Trust,0
2026-01-08,3048,3000,Dealer_self,1642
2026-01-08,3048,453,Dealer_Hedging,25469
2026-01-09,3048,1180000,Foreign_Investor,1287000
2026-01-09,3048,0,Foreign_Dealer_Self,0
2026-01-09,3048,0,Investment_Trust,0
2026-01-09,3048,3000,Dealer_self,3984
2026-01-09,3048,35445,Dealer_Hedging,4298
2026-01-12,3048,559000,Foreign_Investor,706000
2026-01-12,3048,0,Foreign_Dealer_Self,0
2026-01-12,3048,0,Investment_Trust,0
2026-01-12,3048,0,Dealer_self,0
2026-01-12,3048,39,Dealer_Hedging,25451
2026-01-13,3048,1589067,Foreign_Investor,1127000
2026-01-13,3048,0,Foreign_Dealer_Self,0
2026-01-13,3048,0,Investment_Trust,0
2026-01-13,3048,35000,Dealer_self,27871
2026-01-13,3048,4,Dealer_Hedging,29025
2026-01-14,3048,857000,Foreign_Investor,1184000
2026-01-14,3048,0,Foreign_Dealer_Self,0
2026-01-14,3048,0,Investment_Trust,0
2026-01-14,3048,1000,Dealer_self,2000
2026-01-14,3048,30830,Dealer_Hedging,1313
2026-01-15,3048,838000,Foreign_Investor,867000
2026-01-15,3048,0,Foreign_Dealer_Self,0
2026-01-15,3048,0,Investment_Trust,0
2026-01-15,3048,2000,Dealer_self,1000
2026-01-15,3048,2109,Dealer_Hedging,2187
2026-01-16,3048,1071000,Foreign_Investor,848700
2026-01-16,3048,0,Foreign_Dealer_Self,0
2026-01-16,3048,0,Investment_Trust,0
2026-01-16,3048,0,Dealer_self,303
2026-01-16,3048,4036,Dealer_Hedging,3067
2026-01-19,3048,1855200,Foreign_Investor,2458100
2026-01-19,3048,0,Foreign_Dealer_Self,0
2026-01-19,3048,0,Investment_Trust,0
2026-01-19,3048,3000,Dealer_self,96703
2026-01-19,3048,193429,Dealer_Hedging,2568
2026-01-20,3048,1240000,Foreign_Investor,2691200
2026-01-20,3048,0,Foreign_Dealer_Self,0
2026-01-20,3048,0,Investment_Trust,0
2026-01-20,3048,4000,Dealer_self,6219
2026-01-20,3048,109000,Dealer_Hedging,32460
2026-01-21,3048,572134,Foreign_Investor,925000
2026-01-21,3048,0,Foreign_Dealer_Self,0
2026-01-21,3048,0,Investment_Trust,0
2026-01-21,3048,4000,Dealer_self,56455
2026-01-21,3048,0,Dealer_Hedging,117478
2026-01-22,3048,1376000,Foreign_Investor,764143
2026-01-22,3048,0,Foreign_Dealer_Self,0
2026-01-22,3048,0,Investment_Trust,0
2026-01-22,3048,0,Dealer_self,0
2026-01-22,3048,21782,Dealer_Hedging,2429
2026-01-23,3048,327034,Foreign_Investor,914000
2026-01-23,3048,0,Foreign_Dealer_Self,0
2026-01-23,3048,0,Investment_Trust,0
2026-01-23,3048,0,Dealer_self,175
2026-01-23,3048,0,Dealer_Hedging,49019
2026-01-26,3048,680029,Foreign_Investor,320000
2026-01-26,3048,0,Foreign_Dealer_Self,0
2026-01-26,3048,0,Investment_Trust,0
2026-01-26,3048,0,Dealer_self,0
2026-01-26,3048,2321,Dealer_Hedging,49351
2026-01-27,3048,257000,Foreign_Investor,835000
2026-01-27,3048,0,Foreign_Dealer_Self,0
2026-01-27,3048,0,Investment_Trust,0
2026-01-27,3048,0,Dealer_self,0
2026-01-27,3048,2000,Dealer_Hedging,30114
2026-01-28,3048,375034,Foreign_Investor,468000
2026-01-28,3048,0,Foreign_Dealer_Self,0
2026-01-28,3048,0,Investment_Trust,0
2026-01-28,3048,0,Dealer_self,514
2026-01-28,3048,2049,Dealer_Hedging,4119
2026-01-29,3048,2980000,Foreign_Investor,2557000
2026-01-29,3048,0,Foreign_Dealer_Self,0
2026-01-29,3048,0,Investment_Trust,0
2026-01-29,3048,3000,Dealer_self,4253
2026-01-29,3048,134206,Dealer_Hedging,26694
2026-01-30,3048,315035,Foreign_Investor,869000
2026-01-30,3048,0,Foreign_Dealer_Self,0
2026-01-30,3048,0,Investment_Trust,0
2026-01-30,3048,2000,Dealer_self,557
2026-01-30,3048,0,Dealer_Hedging,126033
2026-02-02,3048,394000,Foreign_Investor,556000
2026-02-02,3048,0,Foreign_Dealer_Self,0
2026-02-02,3048,0,Investment_Trust,0
2026-02-02,3048,34000,Dealer_self,17232
2026-02-02,3048,0,Dealer_Hedging,95319
2026-02-03,3048,486000,Foreign_Investor,499000
2026-02-03,3048,0,Foreign_Dealer_Self,0
2026-02-03,3048,0,Investment_Trust,0
2026-02-03,3048,4000,Dealer_self,3609
2026-02-03,3048,1828,Dealer_Hedging,4067
2026-02-04,3048,466000,Foreign_Investor,127000
2026-02-04,3048,0,Foreign_Dealer_Self,0
2026-02-04,3048,0,Investment_Trust,0
2026-02-04,3048,2000,Dealer_self,696
2026-02-04,3048,2462,Dealer_Hedging,63
2026-02-05,3048,214000,Foreign_Investor,436000
2026-02-05,3048,0,Foreign_Dealer_Self,0
2026-02-05,3048,0,Investment_Trust,0
2026-02-05,3048,3000,Dealer_self,36867
2026-02-05,3048,0,Dealer_Hedging,6768
2026-02-06,3048,650000,Foreign_Investor,274709
2026-02-06,3048,0,Foreign_Dealer_Self,0
2026-02-06,3048,0,Investment_Trust,0
2026-02-06,3048,1000,Dealer_self,3809
2026-02-06,3048,40,Dealer_Hedging,21231
2026-02-09,3048,1366000,Foreign_Investor,545000
2026-02-09,3048,0,Foreign_Dealer_Self,0
2026-02-09,3048,0,Investment_Trust,0
2026-02-09,3048,14000,Dealer_self,0
2026-02-09,3048,33306,Dealer_Hedging,626
2026-02-10,3048,2024000,Foreign_Investor,1777000
2026-02-10,3048,0,Foreign_Dealer_Self,0
2026-02-10,3048,0,Investment_Trust,0
2026-02-10,3048,5000,Dealer_self,3116
2026-02-10,3048,19870,Dealer_Hedging,8325
2026-02-11,3048,288000,Foreign_Investor,459000
2026-02-11,3048,0,Foreign_Dealer_Self,0
2026-02-11,3048,0,Investment_Trust,0
2026-02-11,3048,12000,Dealer_self,0
2026-02-11,3048,2000,Dealer_Hedging,27853
2026-02-23,3048,1453035,Foreign_Investor,219000
2026-02-23,3048,0,Foreign_Dealer_Self,0
2026-02-23,3048,0,Investment_Trust,0
2026-02-23,3048,16067,Dealer_self,13000
2026-02-23,3048,33884,Dealer_Hedging,145
2026-02-24,3048,928000,Foreign_Investor,235000
2026-02-24,3048,0,Foreign_Dealer_Self,0
2026-02-24,3048,0,Investment_Trust,0
2026-02-24,3048,3000,Dealer_self,0
2026-02-24,3048,4325,Dealer_Hedging,2009
2026-02-25,3048,1160000,Foreign_Investor,345000
2026-02-25,3048,0,Foreign_Dealer_Self,0
2026-02-25,3048,0,Investment_Trust,0
2026-02-25,3048,1000,Dealer_self,1000
2026-02-25,3048,4651,Dealer_Hedging,880
2026-02-26,3048,1063324,Foreign_Investor,311000
2026-02-26,3048,0,Foreign_Dealer_Self,0
2026-02-26,3048,0,Investment_Trust,0
2026-02-26,3048,1000,Dealer_self,188
2026-02-26,3048,7118,Dealer_Hedging,5
2026-03-02,3048,278000,Foreign_Investor,370000
2026-03-02,3048,0,Foreign_Dealer_Self,0
2026-03-02,3048,0,Investment_Trust,0
2026-03-02,3048,5000,Dealer_self,2000
2026-03-02,3048,3186,Dealer_Hedging,7267
2026-03-03,3048,376025,Foreign_Investor,1433000
2026-03-03,3048,0,Foreign_Dealer_Self,0
2026-03-03,3048,0,Investment_Trust,0
2026-03-03,3048,5000,Dealer_self,10201
2026-03-03,3048,2840,Dealer_Hedging,28549
2026-03-04,3048,923000,Foreign_Investor,869000
2026-03-04,3048,0,Foreign_Dealer_Self,0
2026-03-04,3048,0,Investment_Trust,0
2026-03-04,3048,5000,Dealer_self,25308
2026-03-04,3048,205,Dealer_Hedging,65199
2026-03-05,3048,495000,Foreign_Investor,347000
2026-03-05,3048,0,Foreign_Dealer_Self,0
2026-03-05,3048,0,Investment_Trust,0
2026-03-05,3048,1000,Dealer_self,15754
2026-03-05,3048,945,Dealer_Hedging,4234
2026-03-06,3048,960000,Foreign_Investor,1579000
2026-03-06,3048,0,Foreign_Dealer_Self,0
2026-03-06,3048,0,Investment_Trust,0
2026-03-06,3048,2000,Dealer_self,2240
2026-03-06,3048,39447,Dealer_Hedging,179
2026-03-09,3048,658000,Foreign_Investor,972000
2026-03-09,3048,0,Foreign_Dealer_Self,0
2026-03-09,3048,0,Investment_Trust,0
2026-03-09,3048,1000,Dealer_self,22512
2026-03-09,3048,2417,Dealer_Hedging,44373
2026-03-10,3048,546027,Foreign_Investor,681000
2026-03-10,3048,0,Foreign_Dealer_Self,0
2026-03-10,3048,0,Investment_Trust,0
2026-03-10,3048,2000,Dealer_self,1224
2026-03-10,3048,13296,Dealer_Hedging,1889
2026-03-11,3048,1001000,Foreign_Investor,726000
2026-03-11,3048,0,Foreign_Dealer_Self,0
2026-03-11,3048,0,Investment_Trust,0
2026-03-11,3048,2000,Dealer_self,3316
2026-03-11,3048,25023,Dealer_Hedging,0
2026-03-12,3048,554000,Foreign_Investor,550000
2026-03-12,3048,0,Foreign_Dealer_Self,0
2026-03-12,3048,0,Investment_Trust,0
2026-03-12,3048,5000,Dealer_self,7009
2026-03-12,3048,13880,Dealer_Hedging,1863
2026-03-13,3048,738000,Foreign_Investor,648000
2026-03-13,3048,0,Foreign_Dealer_Self,0
2026-03-13,3048,0,Investment_Trust,0
2026-03-13,3048,4000,Dealer_self,11028
2026-03-13,3048,19248,Dealer_Hedging,21
2026-03-16,3048,1295001,Foreign_Investor,544153
2026-03-16,3048,0,Foreign_Dealer_Self,0
2026-03-16,3048,0,Investment_Trust,0
2026-03-16,3048,2000,Dealer_self,5548
2026-03-16,3048,45763,Dealer_Hedging,2945
2026-03-17,3048,1688000,Foreign_Investor,3469000
2026-03-17,3048,0,Foreign_Dealer_Self,0
2026-03-17,3048,0,Investment_Trust,0
2026-03-17,3048,17000,Dealer_self,15820
2026-03-17,3048,61521,Dealer_Hedging,1163
2026-03-18,3048,4619427,Foreign_Investor,1721104
2026-03-18,3048,0,Foreign_Dealer_Self,0
2026-03-18,3048,0,Investment_Trust,0
2026-03-18,3048,7181,Dealer_self,1
2026-03-18,3048,112022,Dealer_Hedging,10832
2026-03-19,3048,7471100,Foreign_Investor,4603029
2026-03-19,3048,0,Foreign_Dealer_Self,0
2026-03-19,3048,0,Investment_Trust,0
2026-03-19,3048,7000,Dealer_self,0
2026-03-19,3048,286991,Dealer_Hedging,64281
2026-03-20,3048,2164000,Foreign_Investor,2941100
2026-03-20,3048,0,Foreign_Dealer_Self,0
2026-03-20,3048,0,Investment_Trust,0
2026-03-20,3048,3000,Dealer_self,4328
2026-03-20,3048,14000,Dealer_Hedging,199273
2026-03-23,3048,805000,Foreign_Investor,1042000
2026-03-23,3048,0,Foreign_Dealer_Self,0
2026-03-23,3048,0,Investment_Trust,0
2026-03-23,3048,0,Dealer_self,11000
2026-03-23,3048,3000,Dealer_Hedging,48645
2026-03-24,3048,816001,Foreign_Investor,820000
2026-03-24,3048,0,Foreign_Dealer_Self,0
2026-03-24,3048,0,Investment_Trust,0
2026-03-24,3048,3000,Dealer_self,1091
2026-03-24,3048,0,Dealer_Hedging,12813
2026-03-25,3048,379000,Foreign_Investor,430000
2026-03-25,3048,0,Foreign_Dealer_Self,0
2026-03-25,3048,0,Investment_Trust,36
2026-03-25,3048,30000,Dealer_self,0
2026-03-25,3048,4364,Dealer_Hedging,2000
2026-03-26,3048,386109,Foreign_Investor,663000
2026-03-26,3048,0,Foreign_Dealer_Self,0
2026-03-26,3048,0,Investment_Trust,35
2026-03-26,3048,8000,Dealer_self,5000
2026-03-26,3048,4000,Dealer_Hedging,36863
2026-03-27,3048,721000,Foreign_Investor,812000
2026-03-27,3048,0,Foreign_Dealer_Self,0
2026-03-27,3048,0,Investment_Trust,0
2026-03-27,3048,0,Dealer_self,12000
2026-03-27,3048,3001,Dealer_Hedging,32614
2026-03-30,3048,299000,Foreign_Investor,806000
2026-03-30,3048,0,Foreign_Dealer_Self,0
2026-03-30,3048,0,Investment_Trust,0
2026-03-30,3048,0,Dealer_self,11000
2026-03-30,3048,0,Dealer_Hedging,40206
2026-03-31,3048,502000,Foreign_Investor,849000
2026-03-31,3048,0,Foreign_Dealer_Self,0
2026-03-31,3048,0,Investment_Trust,0
2026-03-31,3048,5000,Dealer_self,7000
2026-03-31,3048,0,Dealer_Hedging,25223
2026-04-01,3048,220000,Foreign_Investor,530000
2026-04-01,3048,0,Foreign_Dealer_Self,0
2026-04-01,3048,0,Investment_Trust,0
2026-04-01,3048,16000,Dealer_self,553
2026-04-01,3048,2781,Dealer_Hedging,1491
2026-04-02,3048,252000,Foreign_Investor,723000
2026-04-02,3048,0,Foreign_Dealer_Self,0
2026-04-02,3048,0,Investment_Trust,0
2026-04-02,3048,12000,Dealer_self,2000
2026-04-02,3048,932,Dealer_Hedging,44920
2026-04-07,3048,290001,Foreign_Investor,313000
2026-04-07,3048,0,Foreign_Dealer_Self,0
2026-04-07,3048,0,Investment_Trust,0
2026-04-07,3048,14000,Dealer_self,452
2026-04-07,3048,0,Dealer_Hedging,5147
2026-04-08,3048,611000,Foreign_Investor,385000
2026-04-08,3048,0,Foreign_Dealer_Self,0
2026-04-08,3048,0,Investment_Trust,0
2026-04-08,3048,41268,Dealer_self,16000
2026-04-08,3048,5000,Dealer_Hedging,343
2026-04-09,3048,259135,Foreign_Investor,714000
2026-04-09,3048,0,Foreign_Dealer_Self,0
2026-04-09,3048,0,Investment_Trust,0
2026-04-09,3048,0,Dealer_self,3000
2026-04-09,3048,8,Dealer_Hedging,2436
2026-04-10,3048,1632000,Foreign_Investor,797000
2026-04-10,3048,0,Foreign_Dealer_Self,0
2026-04-10,3048,0,Investment_Trust,0
2026-04-10,3048,4000,Dealer_self,1540
2026-04-10,3048,28775,Dealer_Hedging,1074
2026-04-13,3048,1488250,Foreign_Investor,4859000
2026-04-13,3048,0,Foreign_Dealer_Self,0
2026-04-13,3048,0,Investment_Trust,0
2026-04-13,3048,12000,Dealer_self,12145
2026-04-13,3048,144179,Dealer_Hedging,19076
2026-04-14,3048,1324546,Foreign_Investor,1520000
2026-04-14,3048,0,Foreign_Dealer_Self,0
2026-04-14,3048,0,Investment_Trust,0
2026-04-14,3048,4000,Dealer_self,9550
2026-04-14,3048,95437,Dealer_Hedging,5477
2026-04-15,3048,4346559,Foreign_Investor,1484000
2026-04-15,3048,0,Foreign_Dealer_Self,0
2026-04-15,3048,0,Investment_Trust,0
2026-04-15,3048,5000,Dealer_self,5000
2026-04-15,3048,121460,Dealer_Hedging,71973
2026-04-16,3048,1123000,Foreign_Investor,786056
2026-04-16,3048,0,Foreign_Dealer_Self,0
2026-04-16,3048,0,Investment_Trust,0
2026-04-16,3048,4000,Dealer_self,13000
2026-04-16,3048,30598,Dealer_Hedging,23129
2026-04-17,3048,922212,Foreign_Investor,279000
2026-04-17,3048,0,Foreign_Dealer_Self,0
2026-04-17,3048,0,Investment_Trust,0
2026-04-17,3048,7000,Dealer_self,5570
2026-04-17,3048,7546,Dealer_Hedging,0
2026-04-20,3048,1490000,Foreign_Investor,457000
2026-04-20,3048,0,Foreign_Dealer_Self,0
2026-04-20,3048,0,Investment_Trust,0
2026-04-20,3048,4000,Dealer_self,5257
2026-04-20,3048,4258,Dealer_Hedging,111288
2026-04-21,3048,759000,Foreign_Investor,527000
2026-04-21,3048,0,Foreign_Dealer_Self,0
2026-04-21,3048,0,Investment_Trust,0
2026-04-21,3048,4000,Dealer_self,10131
2026-04-21,3048,1304,Dealer_Hedging,2
2026-04-22,3048,2357000,Foreign_Investor,825887
2026-04-22,3048,0,Foreign_Dealer_Self,0
2026-04-22,3048,0,Investment_Trust,0
2026-04-22,3048,2000,Dealer_self,8395
2026-04-22,3048,43423,Dealer_Hedging,4250
2026-04-23,3048,1197106,Foreign_Investor,1979000
2026-04-23,3048,0,Foreign_Dealer_Self,0
2026-04-23,3048,0,Investment_Trust,0
2026-04-23,3048,2000,Dealer_self,5011
2026-04-23,3048,8993,Dealer_Hedging,76251
2026-04-24,3048,401072,Foreign_Investor,664250
2026-04-24,3048,0,Foreign_Dealer_Self,0
2026-04-24,3048,0,Investment_Trust,0
2026-04-24,3048,2000,Dealer_self,1746
2026-04-24,3048,9001,Dealer_Hedging,19452
2026-04-27,3048,1401000,Foreign_Investor,1138036
2026-04-27,3048,0,Foreign_Dealer_Self,0
2026-04-27,3048,0,Investment_Trust,0
2026-04-27,3048,3647,Dealer_self,9157
2026-04-27,3048,44612,Dealer_Hedging,28816
2026-04-28,3048,1013000,Foreign_Investor,621036
2026-04-28,3048,0,Foreign_Dealer_Self,0
2026-04-28,3048,0,Investment_Trust,0
2026-04-28,3048,0,Dealer_self,0
2026-04-28,3048,11898,Dealer_Hedging,8225
2026-04-29,3048,483196,Foreign_Investor,463000
2026-04-29,3048,0,Foreign_Dealer_Self,0
2026-04-29,3048,0,Investment_Trust,0
2026-04-29,3048,1000,Dealer_self,0
2026-04-29,3048,7345,Dealer_Hedging,19124
2026-04-30,3048,549000,Foreign_Investor,429000
2026-04-30,3048,0,Foreign_Dealer_Self,0
2026-04-30,3048,0,Investment_Trust,0
2026-04-30,3048,14716,Dealer_self,5378
2026-04-30,3048,8663,Dealer_Hedging,6074
2026-05-04,3048,565000,Foreign_Investor,269000
2026-05-04,3048,0,Foreign_Dealer_Self,0
2026-05-04,3048,0,Investment_Trust,0
2026-05-04,3048,16000,Dealer_self,4090
2026-05-04,3048,3217,Dealer_Hedging,5731
2026-05-05,3048,1575000,Foreign_Investor,623036
2026-05-05,3048,0,Foreign_Dealer_Self,0
2026-05-05,3048,0,Investment_Trust,0
2026-05-05,3048,0,Dealer_self,1772
2026-05-05,3048,20559,Dealer_Hedging,20704
2026-05-06,3048,5305000,Foreign_Investor,4410139
2026-05-06,3048,0,Foreign_Dealer_Self,0
2026-05-06,3048,0,Investment_Trust,0
2026-05-06,3048,3211,Dealer_self,5239
2026-05-06,3048,322395,Dealer_Hedging,32742
2026-05-07,3048,2656048,Foreign_Investor,3906068
2026-05-07,3048,0,Foreign_Dealer_Self,0
2026-05-07,3048,0,Investment_Trust,0
2026-05-07,3048,0,Dealer_self,5587
2026-05-07,3048,147547,Dealer_Hedging,24270
2026-05-08,3048,4500155,Foreign_Investor,2200743
2026-05-08,3048,0,Foreign_Dealer_Self,0
2026-05-08,3048,0,Investment_Trust,0
2026-05-08,3048,4000,Dealer_self,4466
2026-05-08,3048,271900,Dealer_Hedging,63842
2026-05-11,3048,7045036,Foreign_Investor,4292366
2026-05-11,3048,0,Foreign_Dealer_Self,0
2026-05-11,3048,0,Investment_Trust,0
2026-05-11,3048,3000,Dealer_self,9717
2026-05-11,3048,587722,Dealer_Hedging,222350
2026-05-12,3048,7733805,Foreign_Investor,3774092
2026-05-12,3048,0,Foreign_Dealer_Self,0
2026-05-12,3048,0,Investment_Trust,0
2026-05-12,3048,2552,Dealer_self,5837
2026-05-12,3048,400312,Dealer_Hedging,448078
2026-05-13,3048,4067214,Foreign_Investor,3332000
2026-05-13,3048,0,Foreign_Dealer_Self,0
2026-05-13,3048,1000,Investment_Trust,0
2026-05-13,3048,0,Dealer_self,3067
2026-05-13,3048,133292,Dealer_Hedging,108697
2026-05-14,3048,12625062,Foreign_Investor,4483421
2026-05-14,3048,0,Foreign_Dealer_Self,0
2026-05-14,3048,0,Investment_Trust,0
2026-05-14,3048,271175,Dealer_self,151957
2026-05-14,3048,415799,Dealer_Hedging,98093
2026-05-15,3048,5648139,Foreign_Investor,1885084
2026-05-15,3048,0,Foreign_Dealer_Self,0
2026-05-15,3048,0,Investment_Trust,0
2026-05-15,3048,350102,Dealer_self,58000
2026-05-15,3048,581000,Dealer_Hedging,210558
2026-05-18,3048,18609930,Foreign_Investor,18624227
2026-05-18,3048,0,Foreign_Dealer_Self,0
2026-05-18,3048,0,Investment_Trust,0
2026-05-18,3048,121509,Dealer_self,394345
2026-05-18,3048,711867,Dealer_Hedging,798585
2026-05-19,3048,9005787,Foreign_Investor,6524020
2026-05-19,3048,0,Foreign_Dealer_Self,0
2026-05-19,3048,0,Investment_Trust,0
2026-05-19,3048,95059,Dealer_self,118203
2026-05-19,3048,171994,Dealer_Hedging,382188
2026-05-20,3048,2300000,Foreign_Investor,2195000
2026-05-20,3048,0,Foreign_Dealer_Self,0
2026-05-20,3048,0,Investment_Trust,0
2026-05-20,3048,86204,Dealer_self,7000
2026-05-20,3048,275000,Dealer_Hedging,27000
2026-05-21,3048,935000,Foreign_Investor,187162
2026-05-21,3048,0,Foreign_Dealer_Self,0
2026-05-21,3048,0,Investment_Trust,0
2026-05-21,3048,98413,Dealer_self,86000
2026-05-21,3048,0,Dealer_Hedging,0
2026-05-22,3048,7812000,Foreign_Investor,4455190
2026-05-22,3048,0,Foreign_Dealer_Self,0
2026-05-22,3048,0,Investment_Trust,0
2026-05-22,3048,116551,Dealer_self,82813
2026-05-22,3048,449078,Dealer_Hedging,59453
2026-05-25,3048,10116300,Foreign_Investor,12498400
2026-05-25,3048,0,Foreign_Dealer_Self,0
2026-05-25,3048,0,Investment_Trust,0
2026-05-25,3048,31000,Dealer_self,174281
2026-05-25,3048,243981,Dealer_Hedging,446335
2026-05-26,3048,5809050,Foreign_Investor,4865191
2026-05-26,3048,0,Foreign_Dealer_Self,0
2026-05-26,3048,0,Investment_Trust,0
2026-05-26,3048,18140,Dealer_self,45662
2026-05-26,3048,52917,Dealer_Hedging,133084
