date,stock_id,buy,name,sell
2024-06-11,3131,201000,Foreign_Investor,182000
2024-06-11,3131,0,Foreign_Dealer_Self,0
2024-06-11,3131,0,Investment_Trust,17000
2024-06-11,3131,3000,Dealer_self,13001
2024-06-11,3131,11138,Dealer_Hedging,22271
2024-06-12,3131,109000,Foreign_Investor,111000
2024-06-12,3131,0,Foreign_Dealer_Self,0
2024-06-12,3131,39000,Investment_Trust,10000
2024-06-12,3131,4000,Dealer_self,12000
2024-06-12,3131,12501,Dealer_Hedging,17330
2024-06-13,3131,68000,Foreign_Investor,107000
2024-06-13,3131,0,Foreign_Dealer_Self,0
2024-06-13,3131,15000,Investment_Trust,1000
2024-06-13,3131,0,Dealer_self,1000
2024-06-13,3131,5010,Dealer_Hedging,37498
2024-06-14,3131,134000,Foreign_Investor,152000
2024-06-14,3131,0,Foreign_Dealer_Self,0
2024-06-14,3131,33000,Investment_Trust,2000
2024-06-14,3131,1000,Dealer_self,16000
2024-06-14,3131,8638,Dealer_Hedging,8565
2024-06-17,3131,121000,Foreign_Investor,224000
2024-06-17,3131,0,Foreign_Dealer_Self,0
2024-06-17,3131,24000,Investment_Trust,85000
2024-06-17,3131,3000,Dealer_self,2000
2024-06-17,3131,10917,Dealer_Hedging,15759
2024-06-18,3131,72000,Foreign_Investor,119000
2024-06-18,3131,0,Foreign_Dealer_Self,0
2024-06-18,3131,0,Investment_Trust,6000
2024-06-18,3131,0,Dealer_self,10000
2024-06-18,3131,9995,Dealer_Hedging,13183
2024-06-19,3131,111000,Foreign_Investor,168247
2024-06-19,3131,0,Foreign_Dealer_Self,0
2024-06-19,3131,16000,Investment_Trust,0
2024-06-19,3131,8000,Dealer_self,0
2024-06-19,3131,73139,Dealer_Hedging,6111
2024-06-20,3131,417000,Foreign_Investor,215000
2024-06-20,3131,0,Foreign_Dealer_Self,0
2024-06-20,3131,0,Investment_Trust,0
2024-06-20,3131,32000,Dealer_self,0
2024-06-20,3131,20504,Dealer_Hedging,19828
2024-06-21,3131,259510,Foreign_Investor,447000
2024-06-21,3131,0,Foreign_Dealer_Self,0
2024-06-21,3131,11000,Dealer_self,104000
2024-06-21,3131,47992,Dealer_Hedging,73155
2024-06-21,3131,1000,Investment_Trust,11500
2024-06-24,3131,166010,Foreign_Investor,148000
2024-06-24,3131,0,Foreign_Dealer_Self,0
2024-06-24,3131,0,Investment_Trust,22000
2024-06-24,3131,2000,Dealer_self,14000
2024-06-24,3131,18719,Dealer_Hedging,24573
2024-06-25,3131,246000,Foreign_Investor,156000
2024-06-25,3131,0,Foreign_Dealer_Self,0
2024-06-25,3131,3000,Dealer_self,32000
2024-06-25,3131,33309,Dealer_Hedging,15147
2024-06-25,3131,38000,Investment_Trust,128500
2024-06-26,3131,301000,Foreign_Investor,229000
2024-06-26,3131,0,Foreign_Dealer_Self,0
2024-06-26,3131,23000,Investment_Trust,0
2024-06-26,3131,0,Dealer_self,7000
2024-06-26,3131,16165,Dealer_Hedging,24257
2024-06-27,3131,159000,Foreign_Investor,141000
2024-06-27,3131,0,Foreign_Dealer_Self,0
2024-06-27,3131,9000,Investment_Trust,0
2024-06-27,3131,7000,Dealer_self,8000
2024-06-27,3131,20807,Dealer_Hedging,9693
2024-06-28,3131,396000,Foreign_Investor,265010
2024-06-28,3131,0,Foreign_Dealer_Self,0
2024-06-28,3131,156000,Investment_Trust,0
2024-06-28,3131,10000,Dealer_self,5000
2024-06-28,3131,37928,Dealer_Hedging,31501
2024-07-01,3131,584000,Foreign_Investor,416010
2024-07-01,3131,0,Foreign_Dealer_Self,0
2024-07-01,3131,42000,Investment_Trust,15000
2024-07-01,3131,8000,Dealer_self,4000
2024-07-01,3131,25854,Dealer_Hedging,30231
2024-07-02,3131,240001,Foreign_Investor,255000
2024-07-02,3131,0,Foreign_Dealer_Self,0
2024-07-02,3131,4000,Investment_Trust,0
2024-07-02,3131,5000,Dealer_self,6000
2024-07-02,3131,5750,Dealer_Hedging,37309
2024-07-03,3131,113000,Foreign_Investor,155000
2024-07-03,3131,0,Foreign_Dealer_Self,0
2024-07-03,3131,6000,Investment_Trust,0
2024-07-03,3131,2000,Dealer_self,7000
2024-07-03,3131,5644,Dealer_Hedging,12777
2024-07-04,3131,348000,Foreign_Investor,358000
2024-07-04,3131,0,Foreign_Dealer_Self,0
2024-07-04,3131,19000,Investment_Trust,2000
2024-07-04,3131,23000,Dealer_self,9000
2024-07-04,3131,30904,Dealer_Hedging,12485
2024-07-05,3131,307000,Foreign_Investor,221000
2024-07-05,3131,0,Foreign_Dealer_Self,0
2024-07-05,3131,7000,Investment_Trust,0
2024-07-05,3131,25000,Dealer_self,5000
2024-07-05,3131,13085,Dealer_Hedging,16153
2024-07-08,3131,331020,Foreign_Investor,455001
2024-07-08,3131,0,Foreign_Dealer_Self,0
2024-07-08,3131,26000,Investment_Trust,157000
2024-07-08,3131,19000,Dealer_self,21000
2024-07-08,3131,23838,Dealer_Hedging,48985
2024-07-09,3131,226040,Foreign_Investor,304000
2024-07-09,3131,0,Foreign_Dealer_Self,0
2024-07-09,3131,0,Investment_Trust,0
2024-07-09,3131,6000,Dealer_self,22000
2024-07-09,3131,12521,Dealer_Hedging,10041
2024-07-10,3131,120050,Foreign_Investor,233060
2024-07-10,3131,0,Foreign_Dealer_Self,0
2024-07-10,3131,10000,Investment_Trust,113000
2024-07-10,3131,7000,Dealer_self,16000
2024-07-10,3131,31518,Dealer_Hedging,44366
2024-07-11,3131,212042,Foreign_Investor,147000
2024-07-11,3131,0,Foreign_Dealer_Self,0
2024-07-11,3131,3000,Investment_Trust,284000
2024-07-11,3131,1000,Dealer_self,11000
2024-07-11,3131,34632,Dealer_Hedging,30346
2024-07-12,3131,85010,Foreign_Investor,133000
2024-07-12,3131,0,Foreign_Dealer_Self,0
2024-07-12,3131,15000,Investment_Trust,13000
2024-07-12,3131,2000,Dealer_self,5000
2024-07-12,3131,11879,Dealer_Hedging,12123
2024-07-15,3131,162000,Foreign_Investor,172002
2024-07-15,3131,0,Foreign_Dealer_Self,0
2024-07-15,3131,8000,Investment_Trust,0
2024-07-15,3131,0,Dealer_self,0
2024-07-15,3131,26818,Dealer_Hedging,7209
2024-07-16,3131,172000,Foreign_Investor,185004
2024-07-16,3131,0,Foreign_Dealer_Self,0
2024-07-16,3131,0,Investment_Trust,39000
2024-07-16,3131,14000,Dealer_self,14000
2024-07-16,3131,15931,Dealer_Hedging,16430
2024-07-17,3131,265000,Foreign_Investor,160000
2024-07-17,3131,0,Foreign_Dealer_Self,0
2024-07-17,3131,20000,Investment_Trust,0
2024-07-17,3131,7000,Dealer_self,2000
2024-07-17,3131,24061,Dealer_Hedging,5663
2024-07-18,3131,125010,Foreign_Investor,323100
2024-07-18,3131,0,Foreign_Dealer_Self,0
2024-07-18,3131,11000,Investment_Trust,140000
2024-07-18,3131,0,Dealer_self,4000
2024-07-18,3131,40096,Dealer_Hedging,68257
2024-07-19,3131,524000,Foreign_Investor,178000
2024-07-19,3131,0,Foreign_Dealer_Self,0
2024-07-19,3131,104000,Investment_Trust,14572
2024-07-19,3131,5000,Dealer_self,1000
2024-07-19,3131,20872,Dealer_Hedging,12400
2024-07-22,3131,491000,Foreign_Investor,402000
2024-07-22,3131,0,Foreign_Dealer_Self,0
2024-07-22,3131,125000,Investment_Trust,58000
2024-07-22,3131,7000,Dealer_self,13000
2024-07-22,3131,23688,Dealer_Hedging,18395
2024-07-23,3131,500350,Foreign_Investor,496020
2024-07-23,3131,0,Foreign_Dealer_Self,0
2024-07-23,3131,15001,Dealer_self,2000
2024-07-23,3131,35311,Dealer_Hedging,32224
2024-07-23,3131,492000,Investment_Trust,38000
2024-07-26,3131,400046,Foreign_Investor,383125
2024-07-26,3131,0,Foreign_Dealer_Self,0
2024-07-26,3131,153000,Investment_Trust,12000
2024-07-26,3131,5000,Dealer_self,17000
2024-07-26,3131,27552,Dealer_Hedging,41642
2024-07-29,3131,204005,Foreign_Investor,267001
2024-07-29,3131,0,Foreign_Dealer_Self,0
2024-07-29,3131,6000,Dealer_self,10001
2024-07-29,3131,15893,Dealer_Hedging,23001
2024-07-29,3131,15000,Investment_Trust,24000
2024-07-30,3131,286005,Foreign_Investor,310000
2024-07-30,3131,0,Foreign_Dealer_Self,0
2024-07-30,3131,10000,Dealer_self,11000
2024-07-30,3131,27350,Dealer_Hedging,19797
2024-07-30,3131,45000,Investment_Trust,3000
2024-07-31,3131,206000,Foreign_Investor,306005
2024-07-31,3131,0,Foreign_Dealer_Self,0
2024-07-31,3131,70000,Investment_Trust,11000
2024-07-31,3131,4000,Dealer_self,6000
2024-07-31,3131,34663,Dealer_Hedging,18597
2024-08-01,3131,270010,Foreign_Investor,219000
2024-08-01,3131,0,Foreign_Dealer_Self,0
2024-08-01,3131,24000,Investment_Trust,27000
2024-08-01,3131,2000,Dealer_self,3000
2024-08-01,3131,58151,Dealer_Hedging,26621
2024-08-02,3131,279010,Foreign_Investor,343000
2024-08-02,3131,0,Foreign_Dealer_Self,0
2024-08-02,3131,1000,Dealer_self,5000
2024-08-02,3131,26163,Dealer_Hedging,21959
2024-08-02,3131,15000,Investment_Trust,34000
2024-08-05,3131,510000,Foreign_Investor,377040
2024-08-05,3131,0,Foreign_Dealer_Self,0
2024-08-05,3131,9001,Dealer_self,9000
2024-08-05,3131,16333,Dealer_Hedging,23268
2024-08-05,3131,56000,Investment_Trust,36000
2024-08-06,3131,473060,Foreign_Investor,531000
2024-08-06,3131,0,Foreign_Dealer_Self,0
2024-08-06,3131,141000,Investment_Trust,0
2024-08-06,3131,6000,Dealer_self,4000
2024-08-06,3131,23000,Dealer_Hedging,20052
2024-08-07,3131,570030,Foreign_Investor,533050
2024-08-07,3131,0,Foreign_Dealer_Self,0
2024-08-07,3131,10000,Dealer_self,9000
2024-08-07,3131,18659,Dealer_Hedging,15876
2024-08-07,3131,84000,Investment_Trust,3500
2024-08-08,3131,267005,Foreign_Investor,405005
2024-08-08,3131,0,Foreign_Dealer_Self,0
2024-08-08,3131,15160,Investment_Trust,65000
2024-08-08,3131,5000,Dealer_self,7000
2024-08-08,3131,24690,Dealer_Hedging,35435
2024-08-09,3131,573000,Foreign_Investor,258233
2024-08-09,3131,0,Foreign_Dealer_Self,0
2024-08-09,3131,9000,Dealer_self,5000
2024-08-09,3131,18897,Dealer_Hedging,16928
2024-08-09,3131,147000,Investment_Trust,4500
2024-08-12,3131,274005,Foreign_Investor,346010
2024-08-12,3131,0,Foreign_Dealer_Self,0
2024-08-12,3131,17000,Investment_Trust,6000
2024-08-12,3131,5000,Dealer_self,3000
2024-08-12,3131,16147,Dealer_Hedging,19424
2024-08-13,3131,188000,Foreign_Investor,116000
2024-08-13,3131,0,Foreign_Dealer_Self,0
2024-08-13,3131,0,Dealer_self,0
2024-08-13,3131,5698,Dealer_Hedging,8202
2024-08-13,3131,0,Investment_Trust,24000
2024-08-14,3131,432000,Foreign_Investor,343005
2024-08-14,3131,0,Foreign_Dealer_Self,0
2024-08-14,3131,39000,Dealer_self,2000
2024-08-14,3131,17514,Dealer_Hedging,18602
2024-08-14,3131,118000,Investment_Trust,16000
2024-08-15,3131,400000,Foreign_Investor,332005
2024-08-15,3131,0,Foreign_Dealer_Self,0
2024-08-15,3131,111000,Investment_Trust,49000
2024-08-15,3131,23002,Dealer_self,1000
2024-08-15,3131,13559,Dealer_Hedging,15047
2024-08-16,3131,524000,Foreign_Investor,499010
2024-08-16,3131,0,Foreign_Dealer_Self,0
2024-08-16,3131,1000,Investment_Trust,129000
2024-08-16,3131,20000,Dealer_self,11000
2024-08-16,3131,16220,Dealer_Hedging,73504
2024-08-19,3131,334003,Foreign_Investor,230200
2024-08-19,3131,0,Foreign_Dealer_Self,0
2024-08-19,3131,0,Investment_Trust,129500
2024-08-19,3131,5000,Dealer_self,8000
2024-08-19,3131,6523,Dealer_Hedging,8970
2024-08-20,3131,446026,Foreign_Investor,431244
2024-08-20,3131,0,Foreign_Dealer_Self,0
2024-08-20,3131,8000,Dealer_self,6002
2024-08-20,3131,19068,Dealer_Hedging,17850
2024-08-20,3131,94500,Investment_Trust,89000
2024-08-21,3131,332822,Foreign_Investor,228275
2024-08-21,3131,0,Foreign_Dealer_Self,0
2024-08-21,3131,1000,Investment_Trust,146000
2024-08-21,3131,2000,Dealer_self,3000
2024-08-21,3131,15605,Dealer_Hedging,15704
2024-08-22,3131,240000,Foreign_Investor,208000
2024-08-22,3131,0,Foreign_Dealer_Self,0
2024-08-22,3131,0,Investment_Trust,53000
2024-08-22,3131,2000,Dealer_self,5000
2024-08-22,3131,9802,Dealer_Hedging,10818
2024-08-23,3131,489000,Foreign_Investor,320043
2024-08-23,3131,0,Foreign_Dealer_Self,0
2024-08-23,3131,15000,Dealer_self,9000
2024-08-23,3131,25449,Dealer_Hedging,17772
2024-08-23,3131,0,Investment_Trust,7000
2024-08-26,3131,227180,Foreign_Investor,398558
2024-08-26,3131,0,Foreign_Dealer_Self,0
2024-08-26,3131,0,Investment_Trust,28000
2024-08-26,3131,9000,Dealer_self,7000
2024-08-26,3131,24943,Dealer_Hedging,28238
2024-08-27,3131,501000,Foreign_Investor,197005
2024-08-27,3131,0,Foreign_Dealer_Self,0
2024-08-27,3131,0,Investment_Trust,29000
2024-08-27,3131,3000,Dealer_self,2000
2024-08-27,3131,25011,Dealer_Hedging,25577
2024-08-28,3131,492000,Foreign_Investor,359000
2024-08-28,3131,0,Foreign_Dealer_Self,0
2024-08-28,3131,44000,Investment_Trust,33000
2024-08-28,3131,3000,Dealer_self,3000
2024-08-28,3131,10430,Dealer_Hedging,8339
2024-08-29,3131,236000,Foreign_Investor,171000
2024-08-29,3131,0,Foreign_Dealer_Self,0
2024-08-29,3131,0,Investment_Trust,27000
2024-08-29,3131,10000,Dealer_self,2000
2024-08-29,3131,3598,Dealer_Hedging,4596
2024-08-30,3131,230020,Foreign_Investor,333177
2024-08-30,3131,0,Foreign_Dealer_Self,0
2024-08-30,3131,25000,Investment_Trust,149000
2024-08-30,3131,0,Dealer_self,16000
2024-08-30,3131,22684,Dealer_Hedging,22348
2024-09-02,3131,822100,Foreign_Investor,366000
2024-09-02,3131,0,Foreign_Dealer_Self,0
2024-09-02,3131,2000,Investment_Trust,405321
2024-09-02,3131,10000,Dealer_self,77000
2024-09-02,3131,41469,Dealer_Hedging,39675
2024-09-03,3131,421205,Foreign_Investor,406000
2024-09-03,3131,0,Foreign_Dealer_Self,0
2024-09-03,3131,14000,Dealer_self,8000
2024-09-03,3131,41193,Dealer_Hedging,40171
2024-09-03,3131,1000,Investment_Trust,198000
2024-09-04,3131,554115,Foreign_Investor,349000
2024-09-04,3131,0,Foreign_Dealer_Self,0
2024-09-04,3131,5000,Dealer_self,12000
2024-09-04,3131,28128,Dealer_Hedging,25138
2024-09-04,3131,1000,Investment_Trust,112000
2024-09-05,3131,648010,Foreign_Investor,504000
2024-09-05,3131,0,Foreign_Dealer_Self,0
2024-09-05,3131,4722,Investment_Trust,1500
2024-09-05,3131,3000,Dealer_self,3000
2024-09-05,3131,31644,Dealer_Hedging,36162
2024-09-06,3131,306006,Foreign_Investor,430000
2024-09-06,3131,0,Foreign_Dealer_Self,0
2024-09-06,3131,25000,Investment_Trust,4000
2024-09-06,3131,23000,Dealer_self,3000
2024-09-06,3131,12777,Dealer_Hedging,7478
2024-09-09,3131,359000,Foreign_Investor,493005
2024-09-09,3131,0,Foreign_Dealer_Self,0
2024-09-09,3131,71000,Investment_Trust,0
2024-09-09,3131,11000,Dealer_self,13000
2024-09-09,3131,13738,Dealer_Hedging,13028
2024-09-10,3131,552015,Foreign_Investor,474000
2024-09-10,3131,0,Foreign_Dealer_Self,0
2024-09-10,3131,108500,Investment_Trust,70000
2024-09-10,3131,10000,Dealer_self,11000
2024-09-10,3131,28344,Dealer_Hedging,20769
2024-09-11,3131,526000,Foreign_Investor,334100
2024-09-11,3131,0,Foreign_Dealer_Self,0
2024-09-11,3131,8000,Dealer_self,2000
2024-09-11,3131,16155,Dealer_Hedging,15514
2024-09-11,3131,76000,Investment_Trust,2000
2024-09-12,3131,376000,Foreign_Investor,430005
2024-09-12,3131,0,Foreign_Dealer_Self,0
2024-09-12,3131,16000,Dealer_self,3000
2024-09-12,3131,30291,Dealer_Hedging,30173
2024-09-12,3131,166000,Investment_Trust,2000
2024-09-13,3131,537000,Foreign_Investor,582000
2024-09-13,3131,0,Foreign_Dealer_Self,0
2024-09-13,3131,91000,Investment_Trust,2000
2024-09-13,3131,15000,Dealer_self,14000
2024-09-13,3131,11477,Dealer_Hedging,19803
2024-09-16,3131,283000,Foreign_Investor,246000
2024-09-16,3131,0,Foreign_Dealer_Self,0
2024-09-16,3131,12000,Investment_Trust,14000
2024-09-16,3131,6000,Dealer_self,7000
2024-09-16,3131,2923,Dealer_Hedging,5085
2024-09-18,3131,324000,Foreign_Investor,318009
2024-09-18,3131,0,Foreign_Dealer_Self,0
2024-09-18,3131,7000,Dealer_self,8000
2024-09-18,3131,7147,Dealer_Hedging,10452
2024-09-18,3131,1000,Investment_Trust,140000
2024-09-19,3131,267000,Foreign_Investor,197005
2024-09-19,3131,0,Foreign_Dealer_Self,0
2024-09-19,3131,0,Investment_Trust,2000
2024-09-19,3131,7000,Dealer_self,5000
2024-09-19,3131,12078,Dealer_Hedging,7192
2024-09-20,3131,826000,Foreign_Investor,712000
2024-09-20,3131,0,Foreign_Dealer_Self,0
2024-09-20,3131,0,Investment_Trust,120000
2024-09-20,3131,6000,Dealer_self,5000
2024-09-20,3131,4803,Dealer_Hedging,6120
2024-09-23,3131,220055,Foreign_Investor,321007
2024-09-23,3131,0,Foreign_Dealer_Self,0
2024-09-23,3131,0,Investment_Trust,115000
2024-09-23,3131,0,Dealer_self,14000
2024-09-23,3131,14769,Dealer_Hedging,13440
2024-09-24,3131,381000,Foreign_Investor,267000
2024-09-24,3131,0,Foreign_Dealer_Self,0
2024-09-24,3131,0,Investment_Trust,119000
2024-09-24,3131,2001,Dealer_self,12000
2024-09-24,3131,17934,Dealer_Hedging,19159
2024-09-25,3131,298000,Foreign_Investor,221000
2024-09-25,3131,0,Foreign_Dealer_Self,0
2024-09-25,3131,6000,Investment_Trust,12000
2024-09-25,3131,0,Dealer_self,0
2024-09-25,3131,11617,Dealer_Hedging,4891
2024-09-26,3131,351000,Foreign_Investor,344000
2024-09-26,3131,0,Foreign_Dealer_Self,0
2024-09-26,3131,5000,Dealer_self,4000
2024-09-26,3131,19122,Dealer_Hedging,18734
2024-09-26,3131,77000,Investment_Trust,11500
2024-09-27,3131,131500,Foreign_Investor,278005
2024-09-27,3131,0,Foreign_Dealer_Self,0
2024-09-27,3131,3000,Dealer_self,2001
2024-09-27,3131,12055,Dealer_Hedging,18373
2024-09-27,3131,0,Investment_Trust,49000
2024-09-30,3131,278005,Foreign_Investor,362893
2024-09-30,3131,0,Foreign_Dealer_Self,0
2024-09-30,3131,0,Dealer_self,0
2024-09-30,3131,14665,Dealer_Hedging,14106
2024-09-30,3131,10000,Investment_Trust,44000
2024-10-01,3131,138000,Foreign_Investor,88000
2024-10-01,3131,0,Foreign_Dealer_Self,0
2024-10-01,3131,8000,Dealer_self,0
2024-10-01,3131,4431,Dealer_Hedging,5080
2024-10-01,3131,0,Investment_Trust,103000
2024-10-04,3131,78000,Foreign_Investor,102402
2024-10-04,3131,0,Foreign_Dealer_Self,0
2024-10-04,3131,0,Investment_Trust,15000
2024-10-04,3131,0,Dealer_self,0
2024-10-04,3131,5388,Dealer_Hedging,6233
2024-10-07,3131,396913,Foreign_Investor,238005
2024-10-07,3131,0,Foreign_Dealer_Self,0
2024-10-07,3131,203000,Investment_Trust,20000
2024-10-07,3131,11000,Dealer_self,0
2024-10-07,3131,25021,Dealer_Hedging,16067
2024-10-08,3131,290500,Foreign_Investor,262000
2024-10-08,3131,0,Foreign_Dealer_Self,0
2024-10-08,3131,17000,Investment_Trust,0
2024-10-08,3131,14000,Dealer_self,5000
2024-10-08,3131,8121,Dealer_Hedging,9117
2024-10-09,3131,143000,Foreign_Investor,260000
2024-10-09,3131,0,Foreign_Dealer_Self,0
2024-10-09,3131,39000,Investment_Trust,5000
2024-10-09,3131,2000,Dealer_self,5000
2024-10-09,3131,3724,Dealer_Hedging,8034
2024-10-11,3131,117274,Foreign_Investor,151000
2024-10-11,3131,0,Foreign_Dealer_Self,0
2024-10-11,3131,0,Investment_Trust,23000
2024-10-11,3131,3000,Dealer_self,1000
2024-10-11,3131,6130,Dealer_Hedging,2041
2024-10-14,3131,176060,Foreign_Investor,223000
2024-10-14,3131,0,Foreign_Dealer_Self,0
2024-10-14,3131,0,Investment_Trust,88000
2024-10-14,3131,4000,Dealer_self,15000
2024-10-14,3131,16962,Dealer_Hedging,20256
2024-10-15,3131,160007,Foreign_Investor,403647
2024-10-15,3131,0,Foreign_Dealer_Self,0
2024-10-15,3131,37500,Investment_Trust,125000
2024-10-15,3131,5000,Dealer_self,0
2024-10-15,3131,32186,Dealer_Hedging,30747
2024-10-16,3131,405095,Foreign_Investor,251000
2024-10-16,3131,0,Foreign_Dealer_Self,0
2024-10-16,3131,17000,Investment_Trust,193000
2024-10-16,3131,8000,Dealer_self,28000
2024-10-16,3131,27021,Dealer_Hedging,28901
2024-10-17,3131,242102,Foreign_Investor,121000
2024-10-17,3131,0,Foreign_Dealer_Self,0
2024-10-17,3131,19000,Investment_Trust,86000
2024-10-17,3131,6000,Dealer_self,1000
2024-10-17,3131,12751,Dealer_Hedging,7781
2024-10-18,3131,282096,Foreign_Investor,513000
2024-10-18,3131,0,Foreign_Dealer_Self,0
2024-10-18,3131,1000,Dealer_self,19000
2024-10-18,3131,22835,Dealer_Hedging,28113
2024-10-18,3131,29000,Investment_Trust,17028
2024-10-21,3131,206002,Foreign_Investor,149000
2024-10-21,3131,0,Foreign_Dealer_Self,0
2024-10-21,3131,1000,Dealer_self,0
2024-10-21,3131,11820,Dealer_Hedging,9481
2024-10-21,3131,1000,Investment_Trust,67000
2024-10-22,3131,113005,Foreign_Investor,135000
2024-10-22,3131,0,Foreign_Dealer_Self,0
2024-10-22,3131,1000,Investment_Trust,139000
2024-10-22,3131,0,Dealer_self,2000
2024-10-22,3131,23000,Dealer_Hedging,24809
2024-10-23,3131,488000,Foreign_Investor,326275
2024-10-23,3131,0,Foreign_Dealer_Self,0
2024-10-23,3131,6000,Investment_Trust,32000
2024-10-23,3131,2000,Dealer_self,0
2024-10-23,3131,22123,Dealer_Hedging,14259
2024-10-24,3131,177075,Foreign_Investor,214000
2024-10-24,3131,0,Foreign_Dealer_Self,0
2024-10-24,3131,3000,Dealer_self,0
2024-10-24,3131,6102,Dealer_Hedging,8069
2024-10-24,3131,0,Investment_Trust,110000
2024-10-25,3131,83248,Foreign_Investor,140000
2024-10-25,3131,0,Foreign_Dealer_Self,0
2024-10-25,3131,18000,Investment_Trust,24000
2024-10-25,3131,1000,Dealer_self,0
2024-10-25,3131,5039,Dealer_Hedging,11576
2024-10-28,3131,326020,Foreign_Investor,203000
2024-10-28,3131,0,Foreign_Dealer_Self,0
2024-10-28,3131,0,Investment_Trust,149000
2024-10-28,3131,2000,Dealer_self,2000
2024-10-28,3131,15938,Dealer_Hedging,20917
2024-10-29,3131,322000,Foreign_Investor,201000
2024-10-29,3131,0,Foreign_Dealer_Self,0
2024-10-29,3131,15000,Investment_Trust,15000
2024-10-29,3131,2000,Dealer_self,5000
2024-10-29,3131,11019,Dealer_Hedging,5296
2024-10-30,3131,284000,Foreign_Investor,215005
2024-10-30,3131,0,Foreign_Dealer_Self,0
2024-10-30,3131,59000,Investment_Trust,19000
2024-10-30,3131,3000,Dealer_self,5000
2024-10-30,3131,19012,Dealer_Hedging,14171
2024-11-01,3131,303000,Foreign_Investor,220000
2024-11-01,3131,0,Foreign_Dealer_Self,0
2024-11-01,3131,4000,Dealer_self,0
2024-11-01,3131,26576,Dealer_Hedging,20611
2024-11-01,3131,107000,Investment_Trust,1500
2024-11-04,3131,302313,Foreign_Investor,317000
2024-11-04,3131,0,Foreign_Dealer_Self,0
2024-11-04,3131,54000,Investment_Trust,18000
2024-11-04,3131,3000,Dealer_self,4000
2024-11-04,3131,4419,Dealer_Hedging,10108
2024-11-05,3131,376418,Foreign_Investor,415076
2024-11-05,3131,0,Foreign_Dealer_Self,0
2024-11-05,3131,4000,Dealer_self,7000
2024-11-05,3131,26263,Dealer_Hedging,24626
2024-11-05,3131,105000,Investment_Trust,2000
2024-11-06,3131,209405,Foreign_Investor,365217
2024-11-06,3131,0,Foreign_Dealer_Self,0
2024-11-06,3131,41000,Investment_Trust,0
2024-11-06,3131,2000,Dealer_self,7000
2024-11-06,3131,3514,Dealer_Hedging,3215
2024-11-07,3131,352580,Foreign_Investor,257068
2024-11-07,3131,0,Foreign_Dealer_Self,0
2024-11-07,3131,38000,Investment_Trust,5000
2024-11-07,3131,2000,Dealer_self,0
2024-11-07,3131,27791,Dealer_Hedging,17081
2024-11-08,3131,187586,Foreign_Investor,210185
2024-11-08,3131,0,Foreign_Dealer_Self,0
2024-11-08,3131,73000,Investment_Trust,10000
2024-11-08,3131,0,Dealer_self,2000
2024-11-08,3131,9254,Dealer_Hedging,20269
2024-11-11,3131,109581,Foreign_Investor,122010
2024-11-11,3131,0,Foreign_Dealer_Self,0
2024-11-11,3131,0,Investment_Trust,30000
2024-11-11,3131,0,Dealer_self,0
2024-11-11,3131,2566,Dealer_Hedging,7990
2024-11-12,3131,69541,Foreign_Investor,76000
2024-11-12,3131,0,Foreign_Dealer_Self,0
2024-11-12,3131,0,Investment_Trust,6000
2024-11-12,3131,0,Dealer_self,0
2024-11-12,3131,4854,Dealer_Hedging,3864
2024-11-13,3131,966425,Foreign_Investor,448055
2024-11-13,3131,0,Foreign_Dealer_Self,0
2024-11-13,3131,13000,Dealer_self,3000
2024-11-13,3131,68860,Dealer_Hedging,66417
2024-11-13,3131,119000,Investment_Trust,2000
2024-11-14,3131,188000,Foreign_Investor,195000
2024-11-14,3131,0,Foreign_Dealer_Self,0
2024-11-14,3131,5051,Investment_Trust,2000
2024-11-14,3131,3000,Dealer_self,6000
2024-11-14,3131,7765,Dealer_Hedging,9819
2024-11-15,3131,200100,Foreign_Investor,240069
2024-11-15,3131,0,Foreign_Dealer_Self,0
2024-11-15,3131,16000,Investment_Trust,1000
2024-11-15,3131,0,Dealer_self,6000
2024-11-15,3131,3794,Dealer_Hedging,4516
2024-11-18,3131,227000,Foreign_Investor,304000
2024-11-18,3131,0,Foreign_Dealer_Self,0
2024-11-18,3131,2000,Investment_Trust,19000
2024-11-18,3131,1000,Dealer_self,0
2024-11-18,3131,11475,Dealer_Hedging,17067
2024-11-19,3131,297263,Foreign_Investor,261000
2024-11-19,3131,0,Foreign_Dealer_Self,0
2024-11-19,3131,30000,Investment_Trust,9128
2024-11-19,3131,6000,Dealer_self,0
2024-11-19,3131,11032,Dealer_Hedging,8112
2024-11-20,3131,128848,Foreign_Investor,149000
2024-11-20,3131,0,Foreign_Dealer_Self,0
2024-11-20,3131,5000,Investment_Trust,10000
2024-11-20,3131,2000,Dealer_self,0
2024-11-20,3131,1447,Dealer_Hedging,5585
2024-11-21,3131,86000,Foreign_Investor,141000
2024-11-21,3131,0,Foreign_Dealer_Self,0
2024-11-21,3131,0,Investment_Trust,2000
2024-11-21,3131,0,Dealer_self,0
2024-11-21,3131,2000,Dealer_Hedging,2178
2024-11-22,3131,65000,Foreign_Investor,178000
2024-11-22,3131,0,Foreign_Dealer_Self,0
2024-11-22,3131,3260,Investment_Trust,3000
2024-11-22,3131,0,Dealer_self,3001
2024-11-22,3131,5500,Dealer_Hedging,5804
2024-11-25,3131,217510,Foreign_Investor,203000
2024-11-25,3131,0,Foreign_Dealer_Self,0
2024-11-25,3131,7000,Investment_Trust,25000
2024-11-25,3131,0,Dealer_self,0
2024-11-25,3131,5873,Dealer_Hedging,3073
2024-11-26,3131,96001,Foreign_Investor,203120
2024-11-26,3131,0,Foreign_Dealer_Self,0
2024-11-26,3131,0,Investment_Trust,0
2024-11-26,3131,0,Dealer_self,2000
2024-11-26,3131,13133,Dealer_Hedging,15808
2024-11-27,3131,94000,Foreign_Investor,114000
2024-11-27,3131,0,Foreign_Dealer_Self,0
2024-11-27,3131,0,Investment_Trust,0
2024-11-27,3131,0,Dealer_self,0
2024-11-27,3131,5156,Dealer_Hedging,8222
2024-11-28,3131,165123,Foreign_Investor,146000
2024-11-28,3131,0,Foreign_Dealer_Self,0
2024-11-28,3131,28000,Investment_Trust,88500
2024-11-28,3131,0,Dealer_self,3000
2024-11-28,3131,23000,Dealer_Hedging,24448
2024-11-29,3131,216300,Foreign_Investor,197000
2024-11-29,3131,0,Foreign_Dealer_Self,0
2024-11-29,3131,0,Investment_Trust,54000
2024-11-29,3131,2000,Dealer_self,0
2024-11-29,3131,13624,Dealer_Hedging,7628
2024-12-02,3131,335000,Foreign_Investor,247002
2024-12-02,3131,0,Foreign_Dealer_Self,0
2024-12-02,3131,5000,Investment_Trust,58000
2024-12-02,3131,0,Dealer_self,0
2024-12-02,3131,8644,Dealer_Hedging,9286
2024-12-03,3131,316000,Foreign_Investor,184116
2024-12-03,3131,0,Foreign_Dealer_Self,0
2024-12-03,3131,27000,Investment_Trust,4000
2024-12-03,3131,0,Dealer_self,0
2024-12-03,3131,10809,Dealer_Hedging,9327
2024-12-04,3131,98121,Foreign_Investor,153105
2024-12-04,3131,0,Foreign_Dealer_Self,0
2024-12-04,3131,93000,Investment_Trust,8000
2024-12-04,3131,0,Dealer_self,0
2024-12-04,3131,10256,Dealer_Hedging,9423
2024-12-05,3131,307853,Foreign_Investor,140100
2024-12-05,3131,0,Foreign_Dealer_Self,0
2024-12-05,3131,6000,Dealer_self,0
2024-12-05,3131,35113,Dealer_Hedging,27163
2024-12-05,3131,1000,Investment_Trust,1000
2024-12-06,3131,46000,Foreign_Investor,175000
2024-12-06,3131,0,Foreign_Dealer_Self,0
2024-12-06,3131,0,Investment_Trust,1000
2024-12-06,3131,0,Dealer_self,0
2024-12-06,3131,4685,Dealer_Hedging,10862
2024-12-09,3131,85000,Foreign_Investor,56000
2024-12-09,3131,0,Foreign_Dealer_Self,0
2024-12-09,3131,10000,Investment_Trust,2000
2024-12-09,3131,0,Dealer_self,0
2024-12-09,3131,5998,Dealer_Hedging,681
2024-12-10,3131,143000,Foreign_Investor,173000
2024-12-10,3131,0,Foreign_Dealer_Self,0
2024-12-10,3131,14000,Investment_Trust,82000
2024-12-10,3131,0,Dealer_self,6000
2024-12-10,3131,2749,Dealer_Hedging,5893
2024-12-11,3131,52000,Foreign_Investor,64000
2024-12-11,3131,0,Foreign_Dealer_Self,0
2024-12-11,3131,900,Investment_Trust,5000
2024-12-11,3131,0,Dealer_self,0
2024-12-11,3131,5060,Dealer_Hedging,3357
2024-12-12,3131,111000,Foreign_Investor,54000
2024-12-12,3131,0,Foreign_Dealer_Self,0
2024-12-12,3131,1000,Investment_Trust,58000
2024-12-12,3131,0,Dealer_self,0
2024-12-12,3131,556,Dealer_Hedging,6052
2024-12-13,3131,257000,Foreign_Investor,108050
2024-12-13,3131,0,Foreign_Dealer_Self,0
2024-12-13,3131,4000,Dealer_self,0
2024-12-13,3131,6160,Dealer_Hedging,5040
2024-12-13,3131,0,Investment_Trust,52000
2024-12-16,3131,275000,Foreign_Investor,237000
2024-12-16,3131,0,Foreign_Dealer_Self,0
2024-12-16,3131,33000,Investment_Trust,65000
2024-12-16,3131,4001,Dealer_self,2000
2024-12-16,3131,3441,Dealer_Hedging,7255
2024-12-17,3131,454000,Foreign_Investor,90000
2024-12-17,3131,0,Foreign_Dealer_Self,0
2024-12-17,3131,6000,Investment_Trust,176000
2024-12-17,3131,8000,Dealer_self,1000
2024-12-17,3131,20709,Dealer_Hedging,16000
2024-12-18,3131,111000,Foreign_Investor,76000
2024-12-18,3131,0,Foreign_Dealer_Self,0
2024-12-18,3131,6000,Investment_Trust,29000
2024-12-18,3131,4000,Dealer_self,3000
2024-12-18,3131,2880,Dealer_Hedging,5317
2024-12-19,3131,48000,Foreign_Investor,186000
2024-12-19,3131,0,Foreign_Dealer_Self,0
2024-12-19,3131,25000,Investment_Trust,42000
2024-12-19,3131,1041,Dealer_self,6000
2024-12-19,3131,5250,Dealer_Hedging,7283
2024-12-20,3131,78411,Foreign_Investor,291000
2024-12-20,3131,0,Foreign_Dealer_Self,0
2024-12-20,3131,0,Investment_Trust,105000
2024-12-20,3131,1000,Dealer_self,6000
2024-12-20,3131,16463,Dealer_Hedging,19043
2024-12-23,3131,85120,Foreign_Investor,206000
2024-12-23,3131,0,Foreign_Dealer_Self,0
2024-12-23,3131,0,Investment_Trust,444000
2024-12-23,3131,1000,Dealer_self,4000
2024-12-23,3131,40039,Dealer_Hedging,45081
2024-12-24,3131,203679,Foreign_Investor,165000
2024-12-24,3131,0,Foreign_Dealer_Self,0
2024-12-24,3131,0,Investment_Trust,254000
2024-12-24,3131,0,Dealer_self,4000
2024-12-24,3131,52014,Dealer_Hedging,53772
2024-12-25,3131,391165,Foreign_Investor,276000
2024-12-25,3131,0,Foreign_Dealer_Self,0
2024-12-25,3131,0,Investment_Trust,666000
2024-12-25,3131,2023,Dealer_self,1000
2024-12-25,3131,52473,Dealer_Hedging,49962
2024-12-26,3131,238155,Foreign_Investor,280000
2024-12-26,3131,0,Foreign_Dealer_Self,0
2024-12-26,3131,0,Investment_Trust,163000
2024-12-26,3131,1006,Dealer_self,0
2024-12-26,3131,25050,Dealer_Hedging,24184
2024-12-27,3131,132000,Foreign_Investor,150000
2024-12-27,3131,0,Foreign_Dealer_Self,0
2024-12-27,3131,2000,Investment_Trust,81000
2024-12-27,3131,0,Dealer_self,5000
2024-12-27,3131,14485,Dealer_Hedging,13594
2024-12-30,3131,233110,Foreign_Investor,379000
2024-12-30,3131,0,Foreign_Dealer_Self,0
2024-12-30,3131,0,Investment_Trust,65000
2024-12-30,3131,3000,Dealer_self,11
2024-12-30,3131,22769,Dealer_Hedging,17257
2024-12-31,3131,106050,Foreign_Investor,153000
2024-12-31,3131,0,Foreign_Dealer_Self,0
2024-12-31,3131,0,Investment_Trust,3000
2024-12-31,3131,1000,Dealer_self,0
2024-12-31,3131,6002,Dealer_Hedging,9804
2025-01-02,3131,126025,Foreign_Investor,334000
2025-01-02,3131,0,Foreign_Dealer_Self,0
2025-01-02,3131,0,Dealer_self,17
2025-01-02,3131,28697,Dealer_Hedging,29532
2025-01-02,3131,9000,Investment_Trust,54000
2025-01-03,3131,447005,Foreign_Investor,423000
2025-01-03,3131,0,Foreign_Dealer_Self,0
2025-01-03,3131,3000,Dealer_self,1059
2025-01-03,3131,23833,Dealer_Hedging,22661
2025-01-03,3131,84000,Investment_Trust,92000
2025-01-06,3131,398000,Foreign_Investor,308000
2025-01-06,3131,0,Foreign_Dealer_Self,0
2025-01-06,3131,10029,Dealer_self,0
2025-01-06,3131,9079,Dealer_Hedging,8298
2025-01-06,3131,12000,Investment_Trust,89500
2025-01-07,3131,415000,Foreign_Investor,363235
2025-01-07,3131,0,Foreign_Dealer_Self,0
2025-01-07,3131,17000,Dealer_self,565
2025-01-07,3131,54030,Dealer_Hedging,45266
2025-01-07,3131,279000,Investment_Trust,2000
2025-01-08,3131,93115,Foreign_Investor,157331
2025-01-08,3131,0,Foreign_Dealer_Self,0
2025-01-08,3131,8000,Investment_Trust,1000
2025-01-08,3131,6000,Dealer_self,3000
2025-01-08,3131,7005,Dealer_Hedging,16370
2025-01-09,3131,141000,Foreign_Investor,123000
2025-01-09,3131,0,Foreign_Dealer_Self,0
2025-01-09,3131,0,Dealer_self,2016
2025-01-09,3131,5738,Dealer_Hedging,5724
2025-01-09,3131,36000,Investment_Trust,1000
2025-01-10,3131,94000,Foreign_Investor,134000
2025-01-10,3131,0,Foreign_Dealer_Self,0
2025-01-10,3131,0,Dealer_self,6000
2025-01-10,3131,6544,Dealer_Hedging,7120
2025-01-10,3131,32000,Investment_Trust,12800
2025-01-13,3131,561070,Foreign_Investor,623000
2025-01-13,3131,0,Foreign_Dealer_Self,0
2025-01-13,3131,12034,Dealer_self,9012
2025-01-13,3131,29797,Dealer_Hedging,41222
2025-01-13,3131,20000,Investment_Trust,41000
2025-01-14,3131,779072,Foreign_Investor,579000
2025-01-14,3131,0,Foreign_Dealer_Self,0
2025-01-14,3131,11000,Dealer_self,15000
2025-01-14,3131,43115,Dealer_Hedging,43356
2025-01-14,3131,26000,Investment_Trust,393500
2025-01-15,3131,516120,Foreign_Investor,447010
2025-01-15,3131,0,Foreign_Dealer_Self,0
2025-01-15,3131,18000,Investment_Trust,101000
2025-01-15,3131,1000,Dealer_self,8000
2025-01-15,3131,13240,Dealer_Hedging,12495
2025-01-16,3131,426050,Foreign_Investor,327000
2025-01-16,3131,0,Foreign_Dealer_Self,0
2025-01-16,3131,0,Investment_Trust,6000
2025-01-16,3131,7000,Dealer_self,3000
2025-01-16,3131,22456,Dealer_Hedging,12220
2025-01-17,3131,547000,Foreign_Investor,897000
2025-01-17,3131,0,Foreign_Dealer_Self,0
2025-01-17,3131,9000,Dealer_self,3000
2025-01-17,3131,28152,Dealer_Hedging,22170
2025-01-17,3131,376500,Investment_Trust,5625
2025-01-20,3131,301006,Foreign_Investor,534100
2025-01-20,3131,0,Foreign_Dealer_Self,0
2025-01-20,3131,234000,Investment_Trust,2000
2025-01-20,3131,25259,Dealer_self,8000
2025-01-20,3131,24446,Dealer_Hedging,26370
2025-01-21,3131,175000,Foreign_Investor,325868
2025-01-21,3131,0,Foreign_Dealer_Self,0
2025-01-21,3131,109000,Investment_Trust,1000
2025-01-21,3131,10000,Dealer_self,5000
2025-01-21,3131,4384,Dealer_Hedging,12628
2025-01-22,3131,137000,Foreign_Investor,224200
2025-01-22,3131,0,Foreign_Dealer_Self,0
2025-01-22,3131,0,Dealer_self,11000
2025-01-22,3131,3271,Dealer_Hedging,4062
2025-01-22,3131,83000,Investment_Trust,0
2025-02-03,3131,24031,Foreign_Investor,105000
2025-02-03,3131,0,Foreign_Dealer_Self,0
2025-02-03,3131,0,Investment_Trust,43075
2025-02-03,3131,0,Dealer_self,8000
2025-02-03,3131,16000,Dealer_Hedging,18045
2025-02-04,3131,197032,Foreign_Investor,310000
2025-02-04,3131,0,Foreign_Dealer_Self,0
2025-02-04,3131,3000,Investment_Trust,417070
2025-02-04,3131,15000,Dealer_self,15000
2025-02-04,3131,36653,Dealer_Hedging,36375
2025-02-05,3131,596017,Foreign_Investor,553000
2025-02-05,3131,0,Foreign_Dealer_Self,0
2025-02-05,3131,3150,Investment_Trust,216500
2025-02-05,3131,2000,Dealer_self,31000
2025-02-05,3131,34319,Dealer_Hedging,26728
2025-02-06,3131,253504,Foreign_Investor,219010
2025-02-06,3131,0,Foreign_Dealer_Self,0
2025-02-06,3131,0,Investment_Trust,15000
2025-02-06,3131,3000,Dealer_self,2800
2025-02-06,3131,16726,Dealer_Hedging,16177
2025-02-07,3131,137000,Foreign_Investor,128500
2025-02-07,3131,0,Foreign_Dealer_Self,0
2025-02-07,3131,0,Investment_Trust,1000
2025-02-07,3131,200,Dealer_self,1000
2025-02-07,3131,10679,Dealer_Hedging,7010
2025-02-10,3131,270005,Foreign_Investor,211000
2025-02-10,3131,0,Foreign_Dealer_Self,0
2025-02-10,3131,32000,Investment_Trust,180000
2025-02-10,3131,1000,Dealer_self,0
2025-02-10,3131,27450,Dealer_Hedging,33986
2025-02-11,3131,129010,Foreign_Investor,78000
2025-02-11,3131,0,Foreign_Dealer_Self,0
2025-02-11,3131,0,Investment_Trust,64000
2025-02-11,3131,1000,Dealer_self,0
2025-02-11,3131,6607,Dealer_Hedging,7382
2025-02-12,3131,328015,Foreign_Investor,190006
2025-02-12,3131,0,Foreign_Dealer_Self,0
2025-02-12,3131,0,Dealer_self,0
2025-02-12,3131,29055,Dealer_Hedging,27805
2025-02-12,3131,0,Investment_Trust,311500
2025-02-13,3131,309100,Foreign_Investor,198000
2025-02-13,3131,0,Foreign_Dealer_Self,0
2025-02-13,3131,100,Investment_Trust,124000
2025-02-13,3131,2000,Dealer_self,0
2025-02-13,3131,11427,Dealer_Hedging,5729
2025-02-14,3131,95000,Foreign_Investor,184000
2025-02-14,3131,0,Foreign_Dealer_Self,0
2025-02-14,3131,0,Investment_Trust,34000
2025-02-14,3131,0,Dealer_self,4000
2025-02-14,3131,7131,Dealer_Hedging,7441
2025-02-17,3131,135105,Foreign_Investor,168000
2025-02-17,3131,0,Foreign_Dealer_Self,0
2025-02-17,3131,7000,Dealer_self,0
2025-02-17,3131,13697,Dealer_Hedging,10605
2025-02-17,3131,51000,Investment_Trust,12000
2025-02-18,3131,125000,Foreign_Investor,128000
2025-02-18,3131,0,Foreign_Dealer_Self,0
2025-02-18,3131,20000,Investment_Trust,0
2025-02-18,3131,1000,Dealer_self,0
2025-02-18,3131,14845,Dealer_Hedging,11730
2025-02-19,3131,200001,Foreign_Investor,187000
2025-02-19,3131,0,Foreign_Dealer_Self,0
2025-02-19,3131,25100,Investment_Trust,20000
2025-02-19,3131,1000,Dealer_self,2000
2025-02-19,3131,14774,Dealer_Hedging,14919
2025-02-20,3131,393020,Foreign_Investor,419374
2025-02-20,3131,0,Foreign_Dealer_Self,0
2025-02-20,3131,95000,Investment_Trust,0
2025-02-20,3131,0,Dealer_self,5200
2025-02-20,3131,26382,Dealer_Hedging,24120
2025-02-21,3131,179001,Foreign_Investor,287000
2025-02-21,3131,0,Foreign_Dealer_Self,0
2025-02-21,3131,76000,Investment_Trust,0
2025-02-21,3131,5000,Dealer_self,0
2025-02-21,3131,7923,Dealer_Hedging,13625
2025-02-24,3131,131000,Foreign_Investor,221000
2025-02-24,3131,0,Foreign_Dealer_Self,0
2025-02-24,3131,55000,Investment_Trust,20000
2025-02-24,3131,4000,Dealer_self,0
2025-02-24,3131,6374,Dealer_Hedging,5165
2025-02-25,3131,113002,Foreign_Investor,139000
2025-02-25,3131,0,Foreign_Dealer_Self,0
2025-02-25,3131,0,Investment_Trust,8000
2025-02-25,3131,1000,Dealer_self,0
2025-02-25,3131,15719,Dealer_Hedging,17979
2025-02-26,3131,185221,Foreign_Investor,192000
2025-02-26,3131,0,Foreign_Dealer_Self,0
2025-02-26,3131,0,Investment_Trust,194000
2025-02-26,3131,0,Dealer_self,0
2025-02-26,3131,36170,Dealer_Hedging,37864
2025-02-27,3131,316128,Foreign_Investor,281000
2025-02-27,3131,0,Foreign_Dealer_Self,0
2025-02-27,3131,0,Investment_Trust,108000
2025-02-27,3131,4000,Dealer_self,2000
2025-02-27,3131,6530,Dealer_Hedging,6514
2025-03-03,3131,164053,Foreign_Investor,284585
2025-03-03,3131,0,Foreign_Dealer_Self,0
2025-03-03,3131,0,Investment_Trust,39000
2025-03-03,3131,0,Dealer_self,2000
2025-03-03,3131,14811,Dealer_Hedging,20012
2025-03-04,3131,521030,Foreign_Investor,436015
2025-03-04,3131,0,Foreign_Dealer_Self,0
2025-03-04,3131,1000,Dealer_self,1000
2025-03-04,3131,27564,Dealer_Hedging,18629
2025-03-04,3131,0,Investment_Trust,84000
2025-03-05,3131,336002,Foreign_Investor,531500
2025-03-05,3131,0,Foreign_Dealer_Self,0
2025-03-05,3131,0,Investment_Trust,2100
2025-03-05,3131,2000,Dealer_self,3000
2025-03-05,3131,10986,Dealer_Hedging,12611
2025-03-06,3131,586000,Foreign_Investor,598000
2025-03-06,3131,0,Foreign_Dealer_Self,0
2025-03-06,3131,0,Investment_Trust,0
2025-03-06,3131,3000,Dealer_self,7000
2025-03-06,3131,20164,Dealer_Hedging,13273
2025-03-07,3131,145052,Foreign_Investor,230000
2025-03-07,3131,0,Foreign_Dealer_Self,0
2025-03-07,3131,0,Investment_Trust,17000
2025-03-07,3131,0,Dealer_self,0
2025-03-07,3131,17236,Dealer_Hedging,20636
2025-03-10,3131,428030,Foreign_Investor,258000
2025-03-10,3131,0,Foreign_Dealer_Self,0
2025-03-10,3131,0,Investment_Trust,0
2025-03-10,3131,12087,Dealer_self,6000
2025-03-10,3131,7505,Dealer_Hedging,6583
2025-03-11,3131,87000,Foreign_Investor,338000
2025-03-11,3131,0,Foreign_Dealer_Self,0
2025-03-11,3131,0,Investment_Trust,8000
2025-03-11,3131,0,Dealer_self,9000
2025-03-11,3131,21323,Dealer_Hedging,27896
2025-03-12,3131,176040,Foreign_Investor,101530
2025-03-12,3131,0,Foreign_Dealer_Self,0
2025-03-12,3131,0,Investment_Trust,0
2025-03-12,3131,21000,Dealer_self,4000
2025-03-12,3131,8400,Dealer_Hedging,3889
2025-03-13,3131,165000,Foreign_Investor,149000
2025-03-13,3131,0,Foreign_Dealer_Self,0
2025-03-13,3131,0,Investment_Trust,2000
2025-03-13,3131,0,Dealer_self,23000
2025-03-13,3131,2371,Dealer_Hedging,4734
2025-03-14,3131,536130,Foreign_Investor,244000
2025-03-14,3131,0,Foreign_Dealer_Self,0
2025-03-14,3131,5000,Dealer_self,4000
2025-03-14,3131,23459,Dealer_Hedging,21649
2025-03-14,3131,16000,Investment_Trust,339000
2025-03-17,3131,447000,Foreign_Investor,209984
2025-03-17,3131,0,Foreign_Dealer_Self,0
2025-03-17,3131,0,Investment_Trust,55000
2025-03-17,3131,8000,Dealer_self,0
2025-03-17,3131,9261,Dealer_Hedging,6408
2025-03-18,3131,193000,Foreign_Investor,304513
2025-03-18,3131,0,Foreign_Dealer_Self,0
2025-03-18,3131,0,Investment_Trust,0
2025-03-18,3131,6000,Dealer_self,0
2025-03-18,3131,6833,Dealer_Hedging,6981
2025-03-19,3131,246000,Foreign_Investor,243000
2025-03-19,3131,0,Foreign_Dealer_Self,0
2025-03-19,3131,0,Investment_Trust,5000
2025-03-19,3131,0,Dealer_self,0
2025-03-19,3131,5349,Dealer_Hedging,6653
2025-03-20,3131,375050,Foreign_Investor,120000
2025-03-20,3131,0,Foreign_Dealer_Self,0
2025-03-20,3131,0,Investment_Trust,343000
2025-03-20,3131,8000,Dealer_self,0
2025-03-20,3131,14871,Dealer_Hedging,14404
2025-03-21,3131,236000,Foreign_Investor,100000
2025-03-21,3131,0,Foreign_Dealer_Self,0
2025-03-21,3131,0,Investment_Trust,209500
2025-03-21,3131,1000,Dealer_self,6000
2025-03-21,3131,7187,Dealer_Hedging,8806
2025-03-24,3131,202000,Foreign_Investor,107000
2025-03-24,3131,0,Foreign_Dealer_Self,0
2025-03-24,3131,15000,Dealer_self,15000
2025-03-24,3131,5034,Dealer_Hedging,3328
2025-03-24,3131,1000,Investment_Trust,53000
2025-03-25,3131,267030,Foreign_Investor,213000
2025-03-25,3131,0,Foreign_Dealer_Self,0
2025-03-25,3131,0,Investment_Trust,38000
2025-03-25,3131,0,Dealer_self,0
2025-03-25,3131,6053,Dealer_Hedging,5438
2025-03-26,3131,226000,Foreign_Investor,281200
2025-03-26,3131,0,Foreign_Dealer_Self,0
2025-03-26,3131,16000,Dealer_self,15000
2025-03-26,3131,7201,Dealer_Hedging,7655
2025-03-26,3131,19000,Investment_Trust,7000
2025-03-27,3131,622020,Foreign_Investor,199000
2025-03-27,3131,0,Foreign_Dealer_Self,0
2025-03-27,3131,0,Investment_Trust,371000
2025-03-27,3131,2000,Dealer_self,0
2025-03-27,3131,17524,Dealer_Hedging,20779
2025-03-28,3131,406000,Foreign_Investor,269000
2025-03-28,3131,0,Foreign_Dealer_Self,0
2025-03-28,3131,0,Investment_Trust,0
2025-03-28,3131,1000,Dealer_self,0
2025-03-28,3131,4763,Dealer_Hedging,7686
2025-03-31,3131,324025,Foreign_Investor,275000
2025-03-31,3131,0,Foreign_Dealer_Self,0
2025-03-31,3131,3000,Dealer_self,6000
2025-03-31,3131,11364,Dealer_Hedging,13341
2025-03-31,3131,13000,Investment_Trust,3000
2025-04-01,3131,185002,Foreign_Investor,123000
2025-04-01,3131,0,Foreign_Dealer_Self,0
2025-04-01,3131,1000,Investment_Trust,0
2025-04-01,3131,15000,Dealer_self,12000
2025-04-01,3131,5148,Dealer_Hedging,3289
2025-04-02,3131,98575,Foreign_Investor,70933
2025-04-02,3131,0,Foreign_Dealer_Self,0
2025-04-02,3131,60,Investment_Trust,0
2025-04-02,3131,0,Dealer_self,5000
2025-04-02,3131,6569,Dealer_Hedging,7630
2025-04-07,3131,4005,Foreign_Investor,155
2025-04-07,3131,0,Foreign_Dealer_Self,0
2025-04-07,3131,0,Investment_Trust,0
2025-04-07,3131,0,Dealer_self,0
2025-04-07,3131,192,Dealer_Hedging,1100
2025-04-08,3131,337000,Foreign_Investor,167800
2025-04-08,3131,0,Foreign_Dealer_Self,0
2025-04-08,3131,6000,Investment_Trust,42000
2025-04-08,3131,9000,Dealer_self,0
2025-04-08,3131,5941,Dealer_Hedging,12925
2025-04-09,3131,422000,Foreign_Investor,388000
2025-04-09,3131,0,Foreign_Dealer_Self,0
2025-04-09,3131,0,Investment_Trust,0
2025-04-09,3131,4000,Dealer_self,0
2025-04-09,3131,13673,Dealer_Hedging,15371
2025-04-10,3131,6200,Foreign_Investor,2000
2025-04-10,3131,0,Foreign_Dealer_Self,0
2025-04-10,3131,0,Investment_Trust,0
2025-04-10,3131,0,Dealer_self,0
2025-04-10,3131,3000,Dealer_Hedging,1129
2025-04-11,3131,222030,Foreign_Investor,321000
2025-04-11,3131,0,Foreign_Dealer_Self,0
2025-04-11,3131,5000,Investment_Trust,0
2025-04-11,3131,1000,Dealer_self,0
2025-04-11,3131,8739,Dealer_Hedging,9029
2025-04-14,3131,197000,Foreign_Investor,216000
2025-04-14,3131,0,Foreign_Dealer_Self,0
2025-04-14,3131,0,Investment_Trust,0
2025-04-14,3131,0,Dealer_self,29000
2025-04-14,3131,17620,Dealer_Hedging,14127
2025-04-15,3131,78000,Foreign_Investor,76000
2025-04-15,3131,0,Foreign_Dealer_Self,0
2025-04-15,3131,0,Investment_Trust,0
2025-04-15,3131,7100,Dealer_self,0
2025-04-15,3131,3181,Dealer_Hedging,3643
2025-04-16,3131,58100,Foreign_Investor,141000
2025-04-16,3131,0,Foreign_Dealer_Self,0
2025-04-16,3131,0,Investment_Trust,0
2025-04-16,3131,0,Dealer_self,1000
2025-04-16,3131,13438,Dealer_Hedging,16014
2025-04-17,3131,140000,Foreign_Investor,99000
2025-04-17,3131,0,Foreign_Dealer_Self,0
2025-04-17,3131,0,Investment_Trust,77
2025-04-17,3131,240,Dealer_self,0
2025-04-17,3131,6863,Dealer_Hedging,8390
2025-04-18,3131,47000,Foreign_Investor,105000
2025-04-18,3131,0,Foreign_Dealer_Self,0
2025-04-18,3131,6000,Investment_Trust,30091
2025-04-18,3131,0,Dealer_self,0
2025-04-18,3131,4299,Dealer_Hedging,6014
2025-04-21,3131,110000,Foreign_Investor,56000
2025-04-21,3131,0,Foreign_Dealer_Self,0
2025-04-21,3131,0,Investment_Trust,0
2025-04-21,3131,0,Dealer_self,6000
2025-04-21,3131,5230,Dealer_Hedging,5841
2025-04-22,3131,108000,Foreign_Investor,78000
2025-04-22,3131,0,Foreign_Dealer_Self,0
2025-04-22,3131,0,Investment_Trust,24000
2025-04-22,3131,200,Dealer_self,0
2025-04-22,3131,11012,Dealer_Hedging,11753
2025-04-23,3131,172000,Foreign_Investor,61765
2025-04-23,3131,0,Foreign_Dealer_Self,0
2025-04-23,3131,0,Investment_Trust,0
2025-04-23,3131,0,Dealer_self,100
2025-04-23,3131,16982,Dealer_Hedging,13572
2025-04-24,3131,321000,Foreign_Investor,246000
2025-04-24,3131,0,Foreign_Dealer_Self,0
2025-04-24,3131,22000,Investment_Trust,1000
2025-04-24,3131,5000,Dealer_self,140
2025-04-24,3131,39725,Dealer_Hedging,37490
2025-04-25,3131,551018,Foreign_Investor,870000
2025-04-25,3131,0,Foreign_Dealer_Self,0
2025-04-25,3131,54000,Investment_Trust,2000
2025-04-25,3131,3000,Dealer_self,100
2025-04-25,3131,53339,Dealer_Hedging,51010
2025-04-28,3131,573000,Foreign_Investor,508000
2025-04-28,3131,0,Foreign_Dealer_Self,0
2025-04-28,3131,30000,Investment_Trust,0
2025-04-28,3131,0,Dealer_self,1000
2025-04-28,3131,27292,Dealer_Hedging,21973
2025-04-29,3131,140000,Foreign_Investor,357000
2025-04-29,3131,0,Foreign_Dealer_Self,0
2025-04-29,3131,6000,Investment_Trust,0
2025-04-29,3131,0,Dealer_self,100
2025-04-29,3131,23570,Dealer_Hedging,20594
2025-04-30,3131,112010,Foreign_Investor,272000
2025-04-30,3131,0,Foreign_Dealer_Self,0
2025-04-30,3131,6000,Investment_Trust,0
2025-04-30,3131,0,Dealer_self,1000
2025-04-30,3131,11168,Dealer_Hedging,13799
2025-05-02,3131,210292,Foreign_Investor,238020
2025-05-02,3131,0,Foreign_Dealer_Self,0
2025-05-02,3131,6000,Investment_Trust,0
2025-05-02,3131,1000,Dealer_self,3000
2025-05-02,3131,12481,Dealer_Hedging,13774
2025-05-05,3131,181000,Foreign_Investor,150000
2025-05-05,3131,0,Foreign_Dealer_Self,0
2025-05-05,3131,0,Investment_Trust,0
2025-05-05,3131,3000,Dealer_self,2000
2025-05-05,3131,6419,Dealer_Hedging,16110
2025-05-06,3131,78000,Foreign_Investor,87000
2025-05-06,3131,0,Foreign_Dealer_Self,0
2025-05-06,3131,5000,Investment_Trust,1000
2025-05-06,3131,1000,Dealer_self,0
2025-05-06,3131,1139,Dealer_Hedging,950
2025-05-07,3131,82000,Foreign_Investor,65000
2025-05-07,3131,0,Foreign_Dealer_Self,0
2025-05-07,3131,0,Investment_Trust,3000
2025-05-07,3131,0,Dealer_self,0
2025-05-07,3131,1035,Dealer_Hedging,2617
2025-05-08,3131,109000,Foreign_Investor,82000
2025-05-08,3131,0,Foreign_Dealer_Self,0
2025-05-08,3131,0,Investment_Trust,1000
2025-05-08,3131,0,Dealer_self,0
2025-05-08,3131,3551,Dealer_Hedging,6843
2025-05-09,3131,80020,Foreign_Investor,140000
2025-05-09,3131,0,Foreign_Dealer_Self,0
2025-05-09,3131,0,Investment_Trust,0
2025-05-09,3131,0,Dealer_self,0
2025-05-09,3131,9396,Dealer_Hedging,2483
2025-05-12,3131,360000,Foreign_Investor,295000
2025-05-12,3131,0,Foreign_Dealer_Self,0
2025-05-12,3131,0,Investment_Trust,0
2025-05-12,3131,10000,Dealer_self,2000
2025-05-12,3131,34587,Dealer_Hedging,18481
2025-05-13,3131,196010,Foreign_Investor,225000
2025-05-13,3131,0,Foreign_Dealer_Self,0
2025-05-13,3131,5000,Investment_Trust,2000
2025-05-13,3131,8000,Dealer_self,3000
2025-05-13,3131,17343,Dealer_Hedging,19640
2025-05-14,3131,301002,Foreign_Investor,264000
2025-05-14,3131,0,Foreign_Dealer_Self,0
2025-05-14,3131,0,Investment_Trust,0
2025-05-14,3131,12000,Dealer_self,3000
2025-05-14,3131,43740,Dealer_Hedging,22630
2025-05-15,3131,63000,Foreign_Investor,591000
2025-05-15,3131,0,Foreign_Dealer_Self,0
2025-05-15,3131,1000,Investment_Trust,0
2025-05-15,3131,4000,Dealer_self,7100
2025-05-15,3131,33001,Dealer_Hedging,54895
2025-05-16,3131,951000,Foreign_Investor,694020
2025-05-16,3131,0,Foreign_Dealer_Self,0
2025-05-16,3131,23000,Dealer_self,6000
2025-05-16,3131,43999,Dealer_Hedging,26320
2025-05-16,3131,9500,Investment_Trust,0
2025-05-19,3131,521000,Foreign_Investor,879000
2025-05-19,3131,0,Foreign_Dealer_Self,0
2025-05-19,3131,16000,Dealer_self,16230
2025-05-19,3131,22038,Dealer_Hedging,24820
2025-05-19,3131,39000,Investment_Trust,50000
2025-05-20,3131,457500,Foreign_Investor,864000
2025-05-20,3131,0,Foreign_Dealer_Self,0
2025-05-20,3131,2000,Investment_Trust,0
2025-05-20,3131,13000,Dealer_self,10000
2025-05-20,3131,35106,Dealer_Hedging,30692
2025-05-21,3131,571040,Foreign_Investor,694170
2025-05-21,3131,0,Foreign_Dealer_Self,0
2025-05-21,3131,24000,Dealer_self,11000
2025-05-21,3131,50326,Dealer_Hedging,19096
2025-05-21,3131,2000,Investment_Trust,25000
2025-05-22,3131,1042000,Foreign_Investor,794000
2025-05-22,3131,0,Foreign_Dealer_Self,0
2025-05-22,3131,68000,Investment_Trust,1000
2025-05-22,3131,22000,Dealer_self,1000
2025-05-22,3131,66617,Dealer_Hedging,32784
2025-05-23,3131,741000,Foreign_Investor,726000
2025-05-23,3131,0,Foreign_Dealer_Self,0
2025-05-23,3131,79000,Investment_Trust,6000
2025-05-23,3131,53300,Dealer_self,20320
2025-05-23,3131,23516,Dealer_Hedging,50325
2025-05-26,3131,291000,Foreign_Investor,251000
2025-05-26,3131,0,Foreign_Dealer_Self,0
2025-05-26,3131,32000,Investment_Trust,0
2025-05-26,3131,2000,Dealer_self,11000
2025-05-26,3131,10061,Dealer_Hedging,6751
2025-05-27,3131,453005,Foreign_Investor,360000
2025-05-27,3131,0,Foreign_Dealer_Self,0
2025-05-27,3131,50000,Investment_Trust,0
2025-05-27,3131,7000,Dealer_self,5100
2025-05-27,3131,5400,Dealer_Hedging,11012
2025-05-28,3131,648876,Foreign_Investor,535000
2025-05-28,3131,0,Foreign_Dealer_Self,0
2025-05-28,3131,2500,Investment_Trust,0
2025-05-28,3131,9000,Dealer_self,30000
2025-05-28,3131,32437,Dealer_Hedging,22181
2025-05-29,3131,217255,Foreign_Investor,369250
2025-05-29,3131,0,Foreign_Dealer_Self,0
2025-05-29,3131,45000,Investment_Trust,0
2025-05-29,3131,1000,Dealer_self,1000
2025-05-29,3131,8310,Dealer_Hedging,41989
2025-06-02,3131,311005,Foreign_Investor,142000
2025-06-02,3131,0,Foreign_Dealer_Self,0
2025-06-02,3131,6000,Investment_Trust,6000
2025-06-02,3131,0,Dealer_self,35000
2025-06-02,3131,12932,Dealer_Hedging,17817
2025-06-03,3131,515000,Foreign_Investor,404961
2025-06-03,3131,0,Foreign_Dealer_Self,0
2025-06-03,3131,173000,Investment_Trust,0
2025-06-03,3131,32000,Dealer_self,13000
2025-06-03,3131,34696,Dealer_Hedging,15309
2025-06-04,3131,249000,Foreign_Investor,770000
2025-06-04,3131,0,Foreign_Dealer_Self,0
2025-06-04,3131,379000,Investment_Trust,0
2025-06-04,3131,27000,Dealer_self,18000
2025-06-04,3131,18850,Dealer_Hedging,24513
2025-06-05,3131,901005,Foreign_Investor,845524
2025-06-05,3131,0,Foreign_Dealer_Self,0
2025-06-05,3131,662000,Investment_Trust,0
2025-06-05,3131,19000,Dealer_self,17000
2025-06-05,3131,69005,Dealer_Hedging,42713
2025-06-06,3131,347000,Foreign_Investor,457040
2025-06-06,3131,0,Foreign_Dealer_Self,0
2025-06-06,3131,154100,Investment_Trust,3000
2025-06-06,3131,6000,Dealer_self,1000
2025-06-06,3131,13075,Dealer_Hedging,34529
2025-06-09,3131,656000,Foreign_Investor,694200
2025-06-09,3131,0,Foreign_Dealer_Self,0
2025-06-09,3131,372000,Investment_Trust,0
2025-06-09,3131,28000,Dealer_self,9450
2025-06-09,3131,34902,Dealer_Hedging,18077
2025-06-10,3131,446000,Foreign_Investor,575300
2025-06-10,3131,0,Foreign_Dealer_Self,0
2025-06-10,3131,93000,Investment_Trust,0
2025-06-10,3131,11000,Dealer_self,6100
2025-06-10,3131,49855,Dealer_Hedging,46429
2025-06-11,3131,401000,Foreign_Investor,268033
2025-06-11,3131,0,Foreign_Dealer_Self,0
2025-06-11,3131,32000,Investment_Trust,0
2025-06-11,3131,7000,Dealer_self,3150
2025-06-11,3131,20149,Dealer_Hedging,42169
2025-06-12,3131,633000,Foreign_Investor,412100
2025-06-12,3131,0,Foreign_Dealer_Self,0
2025-06-12,3131,166500,Investment_Trust,3000
2025-06-12,3131,48100,Dealer_self,19000
2025-06-12,3131,53723,Dealer_Hedging,46546
2025-06-13,3131,394000,Foreign_Investor,408132
2025-06-13,3131,0,Foreign_Dealer_Self,0
2025-06-13,3131,10000,Investment_Trust,0
2025-06-13,3131,8800,Dealer_self,9530
2025-06-13,3131,23370,Dealer_Hedging,26436
2025-06-16,3131,440000,Foreign_Investor,263000
2025-06-16,3131,0,Foreign_Dealer_Self,0
2025-06-16,3131,59000,Investment_Trust,0
2025-06-16,3131,12700,Dealer_self,4150
2025-06-16,3131,29639,Dealer_Hedging,16104
2025-06-17,3131,661079,Foreign_Investor,429930
2025-06-17,3131,0,Foreign_Dealer_Self,0
2025-06-17,3131,2000,Investment_Trust,68000
2025-06-17,3131,3400,Dealer_self,45000
2025-06-17,3131,18274,Dealer_Hedging,41901
2025-06-18,3131,540001,Foreign_Investor,393230
2025-06-18,3131,0,Foreign_Dealer_Self,0
2025-06-18,3131,4130,Dealer_self,19000
2025-06-18,3131,27587,Dealer_Hedging,17341
2025-06-18,3131,200000,Investment_Trust,110000
2025-06-19,3131,236056,Foreign_Investor,228000
2025-06-19,3131,0,Foreign_Dealer_Self,0
2025-06-19,3131,12000,Dealer_self,6000
2025-06-19,3131,9532,Dealer_Hedging,25230
2025-06-19,3131,100000,Investment_Trust,41000
2025-06-20,3131,0,Foreign_Dealer_Self,0
2025-06-20,3131,0,Investment_Trust,99000
2025-06-20,3131,18000,Dealer_self,3000
2025-06-20,3131,11393,Dealer_Hedging,9851
2025-06-20,3131,468485,Foreign_Investor,332000
2025-06-23,3131,571125,Foreign_Investor,345455
2025-06-23,3131,0,Foreign_Dealer_Self,0
2025-06-23,3131,19000,Dealer_self,10000
2025-06-23,3131,98744,Dealer_Hedging,44955
2025-06-23,3131,54000,Investment_Trust,81000
2025-06-24,3131,417011,Foreign_Investor,616125
2025-06-24,3131,0,Foreign_Dealer_Self,0
2025-06-24,3131,211000,Investment_Trust,0
2025-06-24,3131,13500,Dealer_self,2000
2025-06-24,3131,38957,Dealer_Hedging,38249
2025-06-25,3131,692000,Foreign_Investor,705400
2025-06-25,3131,0,Foreign_Dealer_Self,0
2025-06-25,3131,600020,Investment_Trust,23000
2025-06-25,3131,29000,Dealer_self,7500
2025-06-25,3131,70106,Dealer_Hedging,57402
2025-06-26,3131,0,Foreign_Dealer_Self,0
2025-06-26,3131,9000,Investment_Trust,186000
2025-06-26,3131,15000,Dealer_self,19100
2025-06-26,3131,34375,Dealer_Hedging,96382
2025-06-26,3131,778354,Foreign_Investor,565140
2025-06-27,3131,298351,Foreign_Investor,261000
2025-06-27,3131,0,Foreign_Dealer_Self,0
2025-06-27,3131,3000,Dealer_self,23000
2025-06-27,3131,11677,Dealer_Hedging,18597
2025-06-27,3131,262000,Investment_Trust,60000
2025-06-30,3131,310000,Foreign_Investor,245000
2025-06-30,3131,0,Foreign_Dealer_Self,0
2025-06-30,3131,6000,Dealer_self,8000
2025-06-30,3131,7651,Dealer_Hedging,13245
2025-06-30,3131,6000,Investment_Trust,82000
2025-07-01,3131,417936,Foreign_Investor,430000
2025-07-01,3131,0,Foreign_Dealer_Self,0
2025-07-01,3131,7100,Dealer_self,2000
2025-07-01,3131,9555,Dealer_Hedging,8794
2025-07-01,3131,211000,Investment_Trust,26500
2025-07-02,3131,287768,Foreign_Investor,320000
2025-07-02,3131,0,Foreign_Dealer_Self,0
2025-07-02,3131,36000,Investment_Trust,23000
2025-07-02,3131,4000,Dealer_self,12000
2025-07-02,3131,2872,Dealer_Hedging,10489
2025-07-03,3131,201050,Foreign_Investor,212000
2025-07-03,3131,0,Foreign_Dealer_Self,0
2025-07-03,3131,3130,Dealer_self,6000
2025-07-03,3131,13929,Dealer_Hedging,14121
2025-07-03,3131,16000,Investment_Trust,5000
2025-07-04,3131,409000,Foreign_Investor,152000
2025-07-04,3131,0,Foreign_Dealer_Self,0
2025-07-04,3131,0,Dealer_self,7000
2025-07-04,3131,7870,Dealer_Hedging,10223
2025-07-04,3131,0,Investment_Trust,143200
2025-07-07,3131,284014,Foreign_Investor,197100
2025-07-07,3131,0,Foreign_Dealer_Self,0
2025-07-07,3131,57000,Investment_Trust,79000
2025-07-07,3131,3000,Dealer_self,13000
2025-07-07,3131,19968,Dealer_Hedging,8526
2025-07-08,3131,167004,Foreign_Investor,198519
2025-07-08,3131,0,Foreign_Dealer_Self,0
2025-07-08,3131,4000,Dealer_self,1000
2025-07-08,3131,3858,Dealer_Hedging,18468
2025-07-08,3131,0,Investment_Trust,25000
2025-07-09,3131,309010,Foreign_Investor,111468
2025-07-09,3131,0,Foreign_Dealer_Self,0
2025-07-09,3131,0,Investment_Trust,135000
2025-07-09,3131,16000,Dealer_self,4000
2025-07-09,3131,20797,Dealer_Hedging,5757
2025-07-10,3131,98517,Foreign_Investor,105000
2025-07-10,3131,0,Foreign_Dealer_Self,0
2025-07-10,3131,0,Investment_Trust,30000
2025-07-10,3131,2000,Dealer_self,12000
2025-07-10,3131,1781,Dealer_Hedging,16571
2025-07-11,3131,215717,Foreign_Investor,139000
2025-07-11,3131,0,Foreign_Dealer_Self,0
2025-07-11,3131,70000,Investment_Trust,115000
2025-07-11,3131,20000,Dealer_self,8000
2025-07-11,3131,25624,Dealer_Hedging,10058
2025-07-14,3131,87000,Foreign_Investor,113114
2025-07-14,3131,0,Foreign_Dealer_Self,0
2025-07-14,3131,95000,Investment_Trust,0
2025-07-14,3131,11030,Dealer_self,3000
2025-07-14,3131,12854,Dealer_Hedging,16342
2025-07-15,3131,237009,Foreign_Investor,427030
2025-07-15,3131,0,Foreign_Dealer_Self,0
2025-07-15,3131,72000,Investment_Trust,41000
2025-07-15,3131,17200,Dealer_self,2200
2025-07-15,3131,23846,Dealer_Hedging,19326
2025-07-16,3131,295000,Foreign_Investor,301042
2025-07-16,3131,0,Foreign_Dealer_Self,0
2025-07-16,3131,0,Investment_Trust,500
2025-07-16,3131,3000,Dealer_self,6100
2025-07-16,3131,7284,Dealer_Hedging,17192
2025-07-17,3131,101006,Foreign_Investor,171000
2025-07-17,3131,0,Foreign_Dealer_Self,0
2025-07-17,3131,3000,Dealer_self,5500
2025-07-17,3131,27021,Dealer_Hedging,6381
2025-07-17,3131,0,Investment_Trust,33580
2025-07-18,3131,162000,Foreign_Investor,95000
2025-07-18,3131,0,Foreign_Dealer_Self,0
2025-07-18,3131,5000,Dealer_self,29000
2025-07-18,3131,5192,Dealer_Hedging,933
2025-07-18,3131,0,Investment_Trust,500
2025-07-21,3131,109000,Foreign_Investor,102000
2025-07-21,3131,0,Foreign_Dealer_Self,0
2025-07-21,3131,150,Investment_Trust,1000
2025-07-21,3131,0,Dealer_self,14210
2025-07-21,3131,18606,Dealer_Hedging,4293
2025-07-22,3131,183010,Foreign_Investor,163100
2025-07-22,3131,0,Foreign_Dealer_Self,0
2025-07-22,3131,3000,Dealer_self,17500
2025-07-22,3131,12178,Dealer_Hedging,5735
2025-07-22,3131,45000,Investment_Trust,56000
2025-07-23,3131,206956,Foreign_Investor,272000
2025-07-23,3131,0,Foreign_Dealer_Self,0
2025-07-23,3131,1000,Dealer_self,38100
2025-07-23,3131,28777,Dealer_Hedging,28493
2025-07-23,3131,40000,Investment_Trust,115000
2025-07-24,3131,179050,Foreign_Investor,80012
2025-07-24,3131,0,Foreign_Dealer_Self,0
2025-07-24,3131,0,Investment_Trust,75020
2025-07-24,3131,1000,Dealer_self,8000
2025-07-24,3131,17125,Dealer_Hedging,7902
2025-07-25,3131,149050,Foreign_Investor,106000
2025-07-25,3131,0,Foreign_Dealer_Self,0
2025-07-25,3131,1005,Dealer_self,4005
2025-07-25,3131,19520,Dealer_Hedging,12028
2025-07-25,3131,51000,Investment_Trust,46000
2025-07-28,3131,100050,Foreign_Investor,179001
2025-07-28,3131,0,Foreign_Dealer_Self,0
2025-07-28,3131,0,Investment_Trust,64000
2025-07-28,3131,4003,Dealer_self,0
2025-07-28,3131,13573,Dealer_Hedging,8363
2025-07-29,3131,338100,Foreign_Investor,188000
2025-07-29,3131,0,Foreign_Dealer_Self,0
2025-07-29,3131,0,Investment_Trust,175000
2025-07-29,3131,9000,Dealer_self,6100
2025-07-29,3131,18126,Dealer_Hedging,14144
2025-07-30,3131,315102,Foreign_Investor,135000
2025-07-30,3131,0,Foreign_Dealer_Self,0
2025-07-30,3131,2000,Investment_Trust,207000
2025-07-30,3131,15001,Dealer_self,0
2025-07-30,3131,15110,Dealer_Hedging,16321
2025-07-31,3131,239010,Foreign_Investor,143000
2025-07-31,3131,0,Foreign_Dealer_Self,0
2025-07-31,3131,0,Investment_Trust,6000
2025-07-31,3131,5058,Dealer_self,30000
2025-07-31,3131,43541,Dealer_Hedging,9898
2025-08-01,3131,124010,Foreign_Investor,286000
2025-08-01,3131,0,Foreign_Dealer_Self,0
2025-08-01,3131,0,Investment_Trust,1000
2025-08-01,3131,30000,Dealer_self,3000
2025-08-01,3131,22960,Dealer_Hedging,31909
2025-08-04,3131,351100,Foreign_Investor,284000
2025-08-04,3131,0,Foreign_Dealer_Self,0
2025-08-04,3131,6200,Dealer_self,15048
2025-08-04,3131,69131,Dealer_Hedging,45980
2025-08-04,3131,1000,Investment_Trust,188000
2025-08-05,3131,441050,Foreign_Investor,319239
2025-08-05,3131,0,Foreign_Dealer_Self,0
2025-08-05,3131,0,Dealer_self,26000
2025-08-05,3131,27034,Dealer_Hedging,18829
2025-08-05,3131,0,Investment_Trust,175000
2025-08-06,3131,577060,Foreign_Investor,226000
2025-08-06,3131,0,Foreign_Dealer_Self,0
2025-08-06,3131,0,Investment_Trust,505000
2025-08-06,3131,11012,Dealer_self,8000
2025-08-06,3131,66670,Dealer_Hedging,39902
2025-08-07,3131,862060,Foreign_Investor,952267
2025-08-07,3131,0,Foreign_Dealer_Self,0
2025-08-07,3131,76000,Dealer_self,17000
2025-08-07,3131,56762,Dealer_Hedging,43603
2025-08-07,3131,18000,Investment_Trust,50500
2025-08-08,3131,494121,Foreign_Investor,321000
2025-08-08,3131,0,Foreign_Dealer_Self,0
2025-08-08,3131,63000,Investment_Trust,26000
2025-08-08,3131,22000,Dealer_self,31000
2025-08-08,3131,24876,Dealer_Hedging,21467
2025-08-11,3131,339000,Foreign_Investor,285000
2025-08-11,3131,0,Foreign_Dealer_Self,0
2025-08-11,3131,17000,Dealer_self,31000
2025-08-11,3131,14329,Dealer_Hedging,21917
2025-08-11,3131,50000,Investment_Trust,51000
2025-08-12,3131,250010,Foreign_Investor,234000
2025-08-12,3131,0,Foreign_Dealer_Self,0
2025-08-12,3131,0,Investment_Trust,1000
2025-08-12,3131,7000,Dealer_self,22000
2025-08-12,3131,7949,Dealer_Hedging,7530
2025-08-13,3131,288594,Foreign_Investor,315000
2025-08-13,3131,0,Foreign_Dealer_Self,0
2025-08-13,3131,10000,Investment_Trust,4000
2025-08-13,3131,25000,Dealer_self,7000
2025-08-13,3131,16971,Dealer_Hedging,8226
2025-08-14,3131,145012,Foreign_Investor,325791
2025-08-14,3131,0,Foreign_Dealer_Self,0
2025-08-14,3131,26000,Dealer_self,27000
2025-08-14,3131,11695,Dealer_Hedging,24618
2025-08-14,3131,10000,Investment_Trust,61100
2025-08-15,3131,282000,Foreign_Investor,258070
2025-08-15,3131,0,Foreign_Dealer_Self,0
2025-08-15,3131,0,Investment_Trust,0
2025-08-15,3131,17000,Dealer_self,1002
2025-08-15,3131,29224,Dealer_Hedging,30002
2025-08-18,3131,341000,Foreign_Investor,229790
2025-08-18,3131,0,Foreign_Dealer_Self,0
2025-08-18,3131,39000,Investment_Trust,1000
2025-08-18,3131,11000,Dealer_self,0
2025-08-18,3131,28928,Dealer_Hedging,5661
2025-08-19,3131,744428,Foreign_Investor,719300
2025-08-19,3131,0,Foreign_Dealer_Self,0
2025-08-19,3131,78005,Dealer_self,73000
2025-08-19,3131,81748,Dealer_Hedging,52456
2025-08-19,3131,335000,Investment_Trust,1500
2025-08-20,3131,430130,Foreign_Investor,826000
2025-08-20,3131,0,Foreign_Dealer_Self,0
2025-08-20,3131,108000,Investment_Trust,0
2025-08-20,3131,9101,Dealer_self,75003
2025-08-20,3131,68655,Dealer_Hedging,119151
2025-08-21,3131,285002,Foreign_Investor,427000
2025-08-21,3131,0,Foreign_Dealer_Self,0
2025-08-21,3131,66000,Investment_Trust,10000
2025-08-21,3131,60000,Dealer_self,12024
2025-08-21,3131,36657,Dealer_Hedging,15493
2025-08-22,3131,62100,Foreign_Investor,193000
2025-08-22,3131,0,Foreign_Dealer_Self,0
2025-08-22,3131,1000,Investment_Trust,34000
2025-08-22,3131,6000,Dealer_self,12050
2025-08-22,3131,15665,Dealer_Hedging,33482
2025-08-25,3131,256000,Foreign_Investor,259100
2025-08-25,3131,0,Foreign_Dealer_Self,0
2025-08-25,3131,56000,Investment_Trust,19000
2025-08-25,3131,6000,Dealer_self,0
2025-08-25,3131,29029,Dealer_Hedging,11560
2025-08-26,3131,166701,Foreign_Investor,251331
2025-08-26,3131,0,Foreign_Dealer_Self,0
2025-08-26,3131,41000,Investment_Trust,12000
2025-08-26,3131,5001,Dealer_self,3000
2025-08-26,3131,13427,Dealer_Hedging,13841
2025-08-27,3131,725000,Foreign_Investor,511200
2025-08-27,3131,0,Foreign_Dealer_Self,0
2025-08-27,3131,50000,Investment_Trust,54000
2025-08-27,3131,16502,Dealer_self,7003
2025-08-27,3131,84295,Dealer_Hedging,37866
2025-08-28,3131,367000,Foreign_Investor,299000
2025-08-28,3131,0,Foreign_Dealer_Self,0
2025-08-28,3131,26000,Investment_Trust,2000
2025-08-28,3131,10120,Dealer_self,0
2025-08-28,3131,32506,Dealer_Hedging,37429
2025-08-29,3131,384003,Foreign_Investor,411000
2025-08-29,3131,0,Foreign_Dealer_Self,0
2025-08-29,3131,41000,Investment_Trust,187000
2025-08-29,3131,91000,Dealer_self,75000
2025-08-29,3131,14410,Dealer_Hedging,56009
2025-09-01,3131,322000,Foreign_Investor,437000
2025-09-01,3131,0,Foreign_Dealer_Self,0
2025-09-01,3131,20000,Investment_Trust,0
2025-09-01,3131,20010,Dealer_self,2500
2025-09-01,3131,53770,Dealer_Hedging,27774
2025-09-02,3131,203000,Foreign_Investor,155000
2025-09-02,3131,0,Foreign_Dealer_Self,0
2025-09-02,3131,20000,Dealer_self,63000
2025-09-02,3131,20624,Dealer_Hedging,31812
2025-09-02,3131,36000,Investment_Trust,28500
2025-09-03,3131,325000,Foreign_Investor,408000
2025-09-03,3131,0,Foreign_Dealer_Self,0
2025-09-03,3131,18000,Dealer_self,24002
2025-09-03,3131,37869,Dealer_Hedging,21040
2025-09-03,3131,86000,Investment_Trust,69000
2025-09-04,3131,150000,Foreign_Investor,188000
2025-09-04,3131,0,Foreign_Dealer_Self,0
2025-09-04,3131,0,Investment_Trust,34000
2025-09-04,3131,12029,Dealer_self,10
2025-09-04,3131,4974,Dealer_Hedging,34218
2025-09-05,3131,587000,Foreign_Investor,452100
2025-09-05,3131,0,Foreign_Dealer_Self,0
2025-09-05,3131,0,Investment_Trust,73000
2025-09-05,3131,24000,Dealer_self,9000
2025-09-05,3131,96885,Dealer_Hedging,41962
2025-09-08,3131,319050,Foreign_Investor,301000
2025-09-08,3131,0,Foreign_Dealer_Self,0
2025-09-08,3131,35000,Investment_Trust,1000
2025-09-08,3131,3000,Dealer_self,12120
2025-09-08,3131,26771,Dealer_Hedging,66049
2025-09-09,3131,289065,Foreign_Investor,254060
2025-09-09,3131,0,Foreign_Dealer_Self,0
2025-09-09,3131,0,Dealer_self,11300
2025-09-09,3131,48370,Dealer_Hedging,19398
2025-09-09,3131,36000,Investment_Trust,74570
2025-09-10,3131,248000,Foreign_Investor,724824
2025-09-10,3131,0,Foreign_Dealer_Self,0
2025-09-10,3131,1000,Dealer_self,83200
2025-09-10,3131,155600,Dealer_Hedging,198905
2025-09-10,3131,3000,Investment_Trust,653000
2025-09-11,3131,211050,Foreign_Investor,289000
2025-09-11,3131,0,Foreign_Dealer_Self,0
2025-09-11,3131,22,Dealer_self,11150
2025-09-11,3131,22575,Dealer_Hedging,25636
2025-09-11,3131,3000,Investment_Trust,89500
2025-09-12,3131,88100,Foreign_Investor,147000
2025-09-12,3131,0,Foreign_Dealer_Self,0
2025-09-12,3131,20000,Dealer_self,0
2025-09-12,3131,13347,Dealer_Hedging,16807
2025-09-12,3131,0,Investment_Trust,111500
2025-09-15,3131,165010,Foreign_Investor,75000
2025-09-15,3131,0,Foreign_Dealer_Self,0
2025-09-15,3131,0,Dealer_self,21150
2025-09-15,3131,24190,Dealer_Hedging,27798
2025-09-15,3131,0,Investment_Trust,81000
2025-09-16,3131,134005,Foreign_Investor,294000
2025-09-16,3131,0,Foreign_Dealer_Self,0
2025-09-16,3131,0,Investment_Trust,0
2025-09-16,3131,0,Dealer_self,1000
2025-09-16,3131,31451,Dealer_Hedging,46073
2025-09-17,3131,417200,Foreign_Investor,365000
2025-09-17,3131,0,Foreign_Dealer_Self,0
2025-09-17,3131,0,Investment_Trust,95000
2025-09-17,3131,14000,Dealer_self,1052
2025-09-17,3131,55981,Dealer_Hedging,12320
2025-09-18,3131,968025,Foreign_Investor,421250
2025-09-18,3131,0,Foreign_Dealer_Self,0
2025-09-18,3131,7000,Dealer_self,0
2025-09-18,3131,120759,Dealer_Hedging,131961
2025-09-18,3131,50000,Investment_Trust,9400
2025-09-19,3131,0,Foreign_Dealer_Self,0
2025-09-19,3131,19000,Investment_Trust,117
2025-09-19,3131,7000,Dealer_self,6000
2025-09-19,3131,27042,Dealer_Hedging,64469
2025-09-19,3131,693000,Foreign_Investor,362000
2025-09-22,3131,856000,Foreign_Investor,435405
2025-09-22,3131,0,Foreign_Dealer_Self,0
2025-09-22,3131,19000,Dealer_self,12000
2025-09-22,3131,157521,Dealer_Hedging,162775
2025-09-22,3131,108000,Investment_Trust,500
2025-09-23,3131,1082132,Foreign_Investor,1008010
2025-09-23,3131,0,Foreign_Dealer_Self,0
2025-09-23,3131,220000,Investment_Trust,301000
2025-09-23,3131,15000,Dealer_self,8000
2025-09-23,3131,38088,Dealer_Hedging,46436
2025-09-24,3131,1120003,Foreign_Investor,967125
2025-09-24,3131,0,Foreign_Dealer_Self,0
2025-09-24,3131,22000,Dealer_self,17050
2025-09-24,3131,65388,Dealer_Hedging,65396
2025-09-24,3131,398000,Investment_Trust,0
2025-09-25,3131,312101,Foreign_Investor,474459
2025-09-25,3131,0,Foreign_Dealer_Self,0
2025-09-25,3131,0,Investment_Trust,88000
2025-09-25,3131,4090,Dealer_self,15000
2025-09-25,3131,37363,Dealer_Hedging,46141
2025-09-26,3131,588383,Foreign_Investor,489000
2025-09-26,3131,0,Foreign_Dealer_Self,0
2025-09-26,3131,30000,Investment_Trust,124000
2025-09-26,3131,1003,Dealer_self,18000
2025-09-26,3131,54180,Dealer_Hedging,66569
2025-09-30,3131,284001,Foreign_Investor,240629
2025-09-30,3131,0,Foreign_Dealer_Self,0
2025-09-30,3131,28000,Investment_Trust,0
2025-09-30,3131,17000,Dealer_self,12003
2025-09-30,3131,50654,Dealer_Hedging,14374
2025-10-01,3131,191112,Foreign_Investor,183000
2025-10-01,3131,0,Foreign_Dealer_Self,0
2025-10-01,3131,0,Investment_Trust,164000
2025-10-01,3131,41000,Dealer_self,41000
2025-10-01,3131,10690,Dealer_Hedging,48212
2025-10-02,3131,152057,Foreign_Investor,377400
2025-10-02,3131,0,Foreign_Dealer_Self,0
2025-10-02,3131,61000,Investment_Trust,52000
2025-10-02,3131,10000,Dealer_self,6000
2025-10-02,3131,31720,Dealer_Hedging,36592
2025-10-03,3131,277007,Foreign_Investor,201000
2025-10-03,3131,0,Foreign_Dealer_Self,0
2025-10-03,3131,10000,Investment_Trust,215000
2025-10-03,3131,0,Dealer_self,3000
2025-10-03,3131,27919,Dealer_Hedging,12183
2025-10-07,3131,558100,Foreign_Investor,537100
2025-10-07,3131,0,Foreign_Dealer_Self,0
2025-10-07,3131,70000,Investment_Trust,0
2025-10-07,3131,32000,Dealer_self,8000
2025-10-07,3131,72101,Dealer_Hedging,45510
2025-10-08,3131,243000,Foreign_Investor,328000
2025-10-08,3131,0,Foreign_Dealer_Self,0
2025-10-08,3131,58000,Investment_Trust,5000
2025-10-08,3131,9000,Dealer_self,30000
2025-10-08,3131,45731,Dealer_Hedging,44451
2025-10-09,3131,660000,Foreign_Investor,667308
2025-10-09,3131,0,Foreign_Dealer_Self,0
2025-10-09,3131,33000,Investment_Trust,0
2025-10-09,3131,17000,Dealer_self,2050
2025-10-09,3131,179765,Dealer_Hedging,94002
2025-10-13,3131,513300,Foreign_Investor,693000
2025-10-13,3131,0,Foreign_Dealer_Self,0
2025-10-13,3131,20000,Investment_Trust,16000
2025-10-13,3131,11016,Dealer_self,12050
2025-10-13,3131,47131,Dealer_Hedging,128849
2025-10-14,3131,462291,Foreign_Investor,885000
2025-10-14,3131,0,Foreign_Dealer_Self,0
2025-10-14,3131,22000,Investment_Trust,1000
2025-10-14,3131,29037,Dealer_self,14000
2025-10-14,3131,39081,Dealer_Hedging,81111
2025-10-15,3131,271000,Foreign_Investor,263000
2025-10-15,3131,0,Foreign_Dealer_Self,0
2025-10-15,3131,0,Investment_Trust,50
2025-10-15,3131,20000,Dealer_self,3028
2025-10-15,3131,45486,Dealer_Hedging,24258
2025-10-16,3131,351015,Foreign_Investor,428000
2025-10-16,3131,0,Foreign_Dealer_Self,0
2025-10-16,3131,238000,Investment_Trust,0
2025-10-16,3131,7000,Dealer_self,8095
2025-10-16,3131,59197,Dealer_Hedging,39360
2025-10-17,3131,449202,Foreign_Investor,777325
2025-10-17,3131,0,Foreign_Dealer_Self,0
2025-10-17,3131,5000,Dealer_self,37000
2025-10-17,3131,129600,Dealer_Hedging,174761
2025-10-17,3131,83000,Investment_Trust,226413
2025-10-20,3131,344001,Foreign_Investor,278000
2025-10-20,3131,0,Foreign_Dealer_Self,0
2025-10-20,3131,31000,Investment_Trust,126100
2025-10-20,3131,10000,Dealer_self,16000
2025-10-20,3131,17422,Dealer_Hedging,11208
2025-10-21,3131,217120,Foreign_Investor,339000
2025-10-21,3131,0,Foreign_Dealer_Self,0
2025-10-21,3131,2000,Investment_Trust,89000
2025-10-21,3131,16000,Dealer_self,19000
2025-10-21,3131,46971,Dealer_Hedging,57403
2025-10-22,3131,229000,Foreign_Investor,251200
2025-10-22,3131,0,Foreign_Dealer_Self,0
2025-10-22,3131,2000,Investment_Trust,80000
2025-10-22,3131,26055,Dealer_self,32000
2025-10-22,3131,40685,Dealer_Hedging,39005
2025-10-23,3131,254000,Foreign_Investor,222300
2025-10-23,3131,0,Foreign_Dealer_Self,0
2025-10-23,3131,0,Investment_Trust,125200
2025-10-23,3131,4003,Dealer_self,12000
2025-10-23,3131,55038,Dealer_Hedging,50519
2025-10-27,3131,452002,Foreign_Investor,654341
2025-10-27,3131,0,Foreign_Dealer_Self,0
2025-10-27,3131,5000,Investment_Trust,113000
2025-10-27,3131,65000,Dealer_self,3002
2025-10-27,3131,46349,Dealer_Hedging,65526
2025-10-28,3131,275103,Foreign_Investor,283000
2025-10-28,3131,0,Foreign_Dealer_Self,0
2025-10-28,3131,7000,Dealer_self,0
2025-10-28,3131,38179,Dealer_Hedging,41045
2025-10-28,3131,0,Investment_Trust,166800
2025-10-29,3131,229000,Foreign_Investor,401000
2025-10-29,3131,0,Foreign_Dealer_Self,0
2025-10-29,3131,0,Dealer_self,0
2025-10-29,3131,45019,Dealer_Hedging,23263
2025-10-29,3131,84000,Investment_Trust,3000
2025-10-30,3131,553020,Foreign_Investor,419418
2025-10-30,3131,0,Foreign_Dealer_Self,0
2025-10-30,3131,15000,Dealer_self,52
2025-10-30,3131,17986,Dealer_Hedging,36061
2025-10-30,3131,1000,Investment_Trust,62900
2025-10-31,3131,254000,Foreign_Investor,267370
2025-10-31,3131,0,Foreign_Dealer_Self,0
2025-10-31,3131,22000,Investment_Trust,0
2025-10-31,3131,2000,Dealer_self,2000
2025-10-31,3131,38425,Dealer_Hedging,17860
2025-11-03,3131,468020,Foreign_Investor,318000
2025-11-03,3131,0,Foreign_Dealer_Self,0
2025-11-03,3131,0,Dealer_self,85004
2025-11-03,3131,61055,Dealer_Hedging,13770
2025-11-03,3131,23000,Investment_Trust,0
2025-11-04,3131,379000,Foreign_Investor,466000
2025-11-04,3131,0,Foreign_Dealer_Self,0
2025-11-04,3131,161000,Investment_Trust,2000
2025-11-04,3131,2006,Dealer_self,2000
2025-11-04,3131,37467,Dealer_Hedging,81637
2025-11-05,3131,364000,Foreign_Investor,940000
2025-11-05,3131,0,Foreign_Dealer_Self,0
2025-11-05,3131,4005,Dealer_self,1000
2025-11-05,3131,87366,Dealer_Hedging,106105
2025-11-05,3131,25100,Investment_Trust,58000
2025-11-06,3131,199007,Foreign_Investor,343000
2025-11-06,3131,0,Foreign_Dealer_Self,0
2025-11-06,3131,1000,Investment_Trust,0
2025-11-06,3131,0,Dealer_self,1
2025-11-06,3131,17027,Dealer_Hedging,25123
2025-11-07,3131,311000,Foreign_Investor,219000
2025-11-07,3131,0,Foreign_Dealer_Self,0
2025-11-07,3131,6000,Investment_Trust,0
2025-11-07,3131,1000,Dealer_self,4000
2025-11-07,3131,8586,Dealer_Hedging,17877
2025-11-10,3131,322000,Foreign_Investor,324000
2025-11-10,3131,0,Foreign_Dealer_Self,0
2025-11-10,3131,1000,Investment_Trust,0
2025-11-10,3131,50,Dealer_self,1010
2025-11-10,3131,42355,Dealer_Hedging,17595
2025-11-11,3131,229000,Foreign_Investor,199000
2025-11-11,3131,0,Foreign_Dealer_Self,0
2025-11-11,3131,1000,Investment_Trust,55000
2025-11-11,3131,16000,Dealer_self,17000
2025-11-11,3131,10696,Dealer_Hedging,20335
2025-11-12,3131,145000,Foreign_Investor,163000
2025-11-12,3131,0,Foreign_Dealer_Self,0
2025-11-12,3131,0,Investment_Trust,25000
2025-11-12,3131,14008,Dealer_self,14000
2025-11-12,3131,19695,Dealer_Hedging,12864
2025-11-13,3131,165070,Foreign_Investor,86000
2025-11-13,3131,0,Foreign_Dealer_Self,0
2025-11-13,3131,1000,Investment_Trust,73000
2025-11-13,3131,25001,Dealer_self,0
2025-11-13,3131,6199,Dealer_Hedging,76498
2025-11-14,3131,185051,Foreign_Investor,225019
2025-11-14,3131,0,Foreign_Dealer_Self,0
2025-11-14,3131,30000,Investment_Trust,0
2025-11-14,3131,7023,Dealer_self,12000
2025-11-14,3131,16141,Dealer_Hedging,11428
2025-11-17,3131,227000,Foreign_Investor,267000
2025-11-17,3131,0,Foreign_Dealer_Self,0
2025-11-17,3131,155000,Investment_Trust,1000
2025-11-17,3131,11170,Dealer_self,31000
2025-11-17,3131,39402,Dealer_Hedging,19185
2025-11-18,3131,236100,Foreign_Investor,371000
2025-11-18,3131,0,Foreign_Dealer_Self,0
2025-11-18,3131,48000,Investment_Trust,0
2025-11-18,3131,8,Dealer_self,18
2025-11-18,3131,37439,Dealer_Hedging,55918
2025-11-19,3131,117020,Foreign_Investor,180000
2025-11-19,3131,0,Foreign_Dealer_Self,0
2025-11-19,3131,0,Investment_Trust,0
2025-11-19,3131,1000,Dealer_self,1006
2025-11-19,3131,8265,Dealer_Hedging,30619
2025-11-20,3131,399057,Foreign_Investor,139031
2025-11-20,3131,0,Foreign_Dealer_Self,0
2025-11-20,3131,0,Investment_Trust,100
2025-11-20,3131,10000,Dealer_self,26000
2025-11-20,3131,47893,Dealer_Hedging,13534
2025-11-21,3131,96054,Foreign_Investor,378020
2025-11-21,3131,0,Foreign_Dealer_Self,0
2025-11-21,3131,1000,Investment_Trust,0
2025-11-21,3131,32043,Dealer_self,4003
2025-11-21,3131,29430,Dealer_Hedging,68462
2025-11-24,3131,244146,Foreign_Investor,191000
2025-11-24,3131,0,Foreign_Dealer_Self,0
2025-11-24,3131,54000,Investment_Trust,0
2025-11-24,3131,10000,Dealer_self,31001
2025-11-24,3131,25432,Dealer_Hedging,13970
2025-11-25,3131,209000,Foreign_Investor,117000
2025-11-25,3131,0,Foreign_Dealer_Self,0
2025-11-25,3131,1000,Investment_Trust,0
2025-11-25,3131,0,Dealer_self,10003
2025-11-25,3131,37896,Dealer_Hedging,34334
2025-11-26,3131,353892,Foreign_Investor,433741
2025-11-26,3131,0,Foreign_Dealer_Self,0
2025-11-26,3131,0,Investment_Trust,0
2025-11-26,3131,134000,Dealer_self,9000
2025-11-26,3131,48984,Dealer_Hedging,41202
2025-11-27,3131,138950,Foreign_Investor,258000
2025-11-27,3131,0,Foreign_Dealer_Self,0
2025-11-27,3131,34000,Investment_Trust,0
2025-11-27,3131,20000,Dealer_self,44038
2025-11-27,3131,10537,Dealer_Hedging,22825
2025-11-28,3131,465000,Foreign_Investor,323715
2025-11-28,3131,0,Foreign_Dealer_Self,0
2025-11-28,3131,18000,Investment_Trust,1000
2025-11-28,3131,38000,Dealer_self,43000
2025-11-28,3131,57669,Dealer_Hedging,24707
2025-12-01,3131,208001,Foreign_Investor,418000
2025-12-01,3131,0,Foreign_Dealer_Self,0
2025-12-01,3131,70000,Investment_Trust,0
2025-12-01,3131,11000,Dealer_self,3034
2025-12-01,3131,29611,Dealer_Hedging,51048
2025-12-02,3131,194000,Foreign_Investor,366025
2025-12-02,3131,0,Foreign_Dealer_Self,0
2025-12-02,3131,0,Investment_Trust,0
2025-12-02,3131,35000,Dealer_self,5000
2025-12-02,3131,36233,Dealer_Hedging,40952
2025-12-03,3131,97000,Foreign_Investor,90000
2025-12-03,3131,0,Foreign_Dealer_Self,0
2025-12-03,3131,0,Investment_Trust,0
2025-12-03,3131,7000,Dealer_self,18000
2025-12-03,3131,8905,Dealer_Hedging,13401
2025-12-04,3131,153284,Foreign_Investor,356000
2025-12-04,3131,0,Foreign_Dealer_Self,0
2025-12-04,3131,3000,Investment_Trust,0
2025-12-04,3131,2000,Dealer_self,41050
2025-12-04,3131,19769,Dealer_Hedging,25841
2025-12-05,3131,156000,Foreign_Investor,411000
2025-12-05,3131,0,Foreign_Dealer_Self,0
2025-12-05,3131,1000,Investment_Trust,30000
2025-12-05,3131,31000,Dealer_self,0
2025-12-05,3131,33959,Dealer_Hedging,30405
2025-12-08,3131,512001,Foreign_Investor,269000
2025-12-08,3131,0,Foreign_Dealer_Self,0
2025-12-08,3131,0,Investment_Trust,3000
2025-12-08,3131,22000,Dealer_self,30000
2025-12-08,3131,61022,Dealer_Hedging,20019
2025-12-09,3131,564003,Foreign_Investor,586000
2025-12-09,3131,0,Foreign_Dealer_Self,0
2025-12-09,3131,22000,Dealer_self,6000
2025-12-09,3131,44251,Dealer_Hedging,63135
2025-12-09,3131,33000,Investment_Trust,60000
2025-12-10,3131,547000,Foreign_Investor,377251
2025-12-10,3131,0,Foreign_Dealer_Self,0
2025-12-10,3131,14000,Dealer_self,3000
2025-12-10,3131,79311,Dealer_Hedging,39342
2025-12-10,3131,8000,Investment_Trust,200
2025-12-11,3131,396040,Foreign_Investor,500456
2025-12-11,3131,0,Foreign_Dealer_Self,0
2025-12-11,3131,0,Investment_Trust,0
2025-12-11,3131,42000,Dealer_self,4000
2025-12-11,3131,51852,Dealer_Hedging,71595
2025-12-12,3131,137000,Foreign_Investor,214100
2025-12-12,3131,0,Foreign_Dealer_Self,0
2025-12-12,3131,2000,Investment_Trust,0
2025-12-12,3131,22000,Dealer_self,7000
2025-12-12,3131,4824,Dealer_Hedging,30964
2025-12-15,3131,90437,Foreign_Investor,229000
2025-12-15,3131,0,Foreign_Dealer_Self,0
2025-12-15,3131,6000,Investment_Trust,0
2025-12-15,3131,8000,Dealer_self,30000
2025-12-15,3131,39400,Dealer_Hedging,44636
2025-12-16,3131,91000,Foreign_Investor,131150
2025-12-16,3131,0,Foreign_Dealer_Self,0
2025-12-16,3131,4000,Investment_Trust,0
2025-12-16,3131,4000,Dealer_self,42000
2025-12-16,3131,17470,Dealer_Hedging,26278
2025-12-17,3131,70000,Foreign_Investor,305000
2025-12-17,3131,0,Foreign_Dealer_Self,0
2025-12-17,3131,0,Investment_Trust,137000
2025-12-17,3131,5000,Dealer_self,39000
2025-12-17,3131,53900,Dealer_Hedging,57497
2025-12-18,3131,83020,Foreign_Investor,177000
2025-12-18,3131,0,Foreign_Dealer_Self,0
2025-12-18,3131,0,Investment_Trust,1000
2025-12-18,3131,0,Dealer_self,14000
2025-12-18,3131,40230,Dealer_Hedging,33858
2025-12-19,3131,68000,Foreign_Investor,156000
2025-12-19,3131,0,Foreign_Dealer_Self,0
2025-12-19,3131,58000,Investment_Trust,0
2025-12-19,3131,3000,Dealer_self,6000
2025-12-19,3131,10292,Dealer_Hedging,5161
2025-12-22,3131,61000,Foreign_Investor,43437
2025-12-22,3131,0,Foreign_Dealer_Self,0
2025-12-22,3131,0,Investment_Trust,0
2025-12-22,3131,0,Dealer_self,0
2025-12-22,3131,16212,Dealer_Hedging,4014
2025-12-23,3131,876004,Foreign_Investor,369000
2025-12-23,3131,0,Foreign_Dealer_Self,0
2025-12-23,3131,126200,Investment_Trust,0
2025-12-23,3131,31000,Dealer_self,6000
2025-12-23,3131,125901,Dealer_Hedging,96213
2025-12-24,3131,147001,Foreign_Investor,209000
2025-12-24,3131,0,Foreign_Dealer_Self,0
2025-12-24,3131,60000,Investment_Trust,0
2025-12-24,3131,9000,Dealer_self,2000
2025-12-24,3131,12938,Dealer_Hedging,40721
2025-12-26,3131,335001,Foreign_Investor,249000
2025-12-26,3131,0,Foreign_Dealer_Self,0
2025-12-26,3131,10400,Investment_Trust,10000
2025-12-26,3131,35000,Dealer_self,3000
2025-12-26,3131,61669,Dealer_Hedging,38965
2025-12-29,3131,119000,Foreign_Investor,128000
2025-12-29,3131,0,Foreign_Dealer_Self,0
2025-12-29,3131,10000,Investment_Trust,1000
2025-12-29,3131,6000,Dealer_self,8000
2025-12-29,3131,3623,Dealer_Hedging,32915
2025-12-30,3131,174000,Foreign_Investor,135000
2025-12-30,3131,0,Foreign_Dealer_Self,0
2025-12-30,3131,63000,Investment_Trust,0
2025-12-30,3131,5000,Dealer_self,6000
2025-12-30,3131,31924,Dealer_Hedging,7346
2025-12-31,3131,186000,Foreign_Investor,187000
2025-12-31,3131,0,Foreign_Dealer_Self,0
2025-12-31,3131,26000,Investment_Trust,0
2025-12-31,3131,11000,Dealer_self,0
2025-12-31,3131,21151,Dealer_Hedging,33270
2026-01-02,3131,290053,Foreign_Investor,281169
2026-01-02,3131,0,Foreign_Dealer_Self,0
2026-01-02,3131,78800,Investment_Trust,0
2026-01-02,3131,82000,Dealer_self,1000
2026-01-02,3131,88662,Dealer_Hedging,40697
2026-01-05,3131,758106,Foreign_Investor,385190
2026-01-05,3131,0,Foreign_Dealer_Self,0
2026-01-05,3131,49000,Dealer_self,8000
2026-01-05,3131,205166,Dealer_Hedging,133819
2026-01-05,3131,89000,Investment_Trust,0
2026-01-06,3131,882003,Foreign_Investor,546000
2026-01-06,3131,0,Foreign_Dealer_Self,0
2026-01-06,3131,32002,Investment_Trust,43000
2026-01-06,3131,52000,Dealer_self,10000
2026-01-06,3131,23348,Dealer_Hedging,121351
2026-01-07,3131,704003,Foreign_Investor,423000
2026-01-07,3131,0,Foreign_Dealer_Self,0
2026-01-07,3131,33000,Investment_Trust,44000
2026-01-07,3131,27000,Dealer_self,9000
2026-01-07,3131,63533,Dealer_Hedging,43248
2026-01-08,3131,733000,Foreign_Investor,606000
2026-01-08,3131,0,Foreign_Dealer_Self,0
2026-01-08,3131,0,Investment_Trust,49000
2026-01-08,3131,20060,Dealer_self,26000
2026-01-08,3131,19807,Dealer_Hedging,65432
2026-01-09,3131,424000,Foreign_Investor,248014
2026-01-09,3131,0,Foreign_Dealer_Self,0
2026-01-09,3131,0,Investment_Trust,57000
2026-01-09,3131,7000,Dealer_self,11000
2026-01-09,3131,23213,Dealer_Hedging,29513
2026-01-12,3131,520031,Foreign_Investor,492440
2026-01-12,3131,0,Foreign_Dealer_Self,0
2026-01-12,3131,0,Investment_Trust,77000
2026-01-12,3131,4020,Dealer_self,10000
2026-01-12,3131,25058,Dealer_Hedging,28119
2026-01-13,3131,402000,Foreign_Investor,367000
2026-01-13,3131,0,Foreign_Dealer_Self,0
2026-01-13,3131,0,Investment_Trust,75000
2026-01-13,3131,15000,Dealer_self,12000
2026-01-13,3131,22035,Dealer_Hedging,35250
2026-01-14,3131,306000,Foreign_Investor,325000
2026-01-14,3131,0,Foreign_Dealer_Self,0
2026-01-14,3131,3000,Investment_Trust,108000
2026-01-14,3131,10000,Dealer_self,33400
2026-01-14,3131,63259,Dealer_Hedging,15694
2026-01-15,3131,205000,Foreign_Investor,229000
2026-01-15,3131,0,Foreign_Dealer_Self,0
2026-01-15,3131,4110,Dealer_self,23000
2026-01-15,3131,12039,Dealer_Hedging,32626
2026-01-15,3131,0,Investment_Trust,2000
2026-01-16,3131,852003,Foreign_Investor,635000
2026-01-16,3131,0,Foreign_Dealer_Self,0
2026-01-16,3131,0,Investment_Trust,205300
2026-01-16,3131,50000,Dealer_self,29000
2026-01-16,3131,40802,Dealer_Hedging,47414
2026-01-19,3131,429000,Foreign_Investor,194000
2026-01-19,3131,0,Foreign_Dealer_Self,0
2026-01-19,3131,0,Investment_Trust,15000
2026-01-19,3131,3000,Dealer_self,17000
2026-01-19,3131,5785,Dealer_Hedging,10562
2026-01-20,3131,274000,Foreign_Investor,195000
2026-01-20,3131,0,Foreign_Dealer_Self,0
2026-01-20,3131,20000,Investment_Trust,0
2026-01-20,3131,5000,Dealer_self,8000
2026-01-20,3131,21967,Dealer_Hedging,13125
2026-01-21,3131,341000,Foreign_Investor,197250
2026-01-21,3131,0,Foreign_Dealer_Self,0
2026-01-21,3131,0,Investment_Trust,0
2026-01-21,3131,12300,Dealer_self,25000
2026-01-21,3131,31906,Dealer_Hedging,14551
2026-01-22,3131,339000,Foreign_Investor,332000
2026-01-22,3131,0,Foreign_Dealer_Self,0
2026-01-22,3131,1000,Investment_Trust,0
2026-01-22,3131,11026,Dealer_self,5100
2026-01-22,3131,32819,Dealer_Hedging,22184
2026-01-23,3131,285000,Foreign_Investor,200000
2026-01-23,3131,0,Foreign_Dealer_Self,0
2026-01-23,3131,1000,Investment_Trust,55000
2026-01-23,3131,5000,Dealer_self,38026
2026-01-23,3131,4724,Dealer_Hedging,30392
2026-01-26,3131,312065,Foreign_Investor,206000
2026-01-26,3131,0,Foreign_Dealer_Self,0
2026-01-26,3131,0,Investment_Trust,51500
2026-01-26,3131,3000,Dealer_self,19000
2026-01-26,3131,6644,Dealer_Hedging,10020
2026-01-27,3131,255000,Foreign_Investor,189000
2026-01-27,3131,0,Foreign_Dealer_Self,0
2026-01-27,3131,4000,Investment_Trust,62002
2026-01-27,3131,4000,Dealer_self,32100
2026-01-27,3131,45710,Dealer_Hedging,23821
2026-01-28,3131,548257,Foreign_Investor,336000
2026-01-28,3131,0,Foreign_Dealer_Self,0
2026-01-28,3131,3000,Investment_Trust,0
2026-01-28,3131,4000,Dealer_self,32100
2026-01-28,3131,58173,Dealer_Hedging,30193
2026-01-29,3131,334000,Foreign_Investor,409000
2026-01-29,3131,0,Foreign_Dealer_Self,0
2026-01-29,3131,0,Investment_Trust,0
2026-01-29,3131,23028,Dealer_self,15000
2026-01-29,3131,66472,Dealer_Hedging,37160
2026-01-30,3131,344100,Foreign_Investor,424000
2026-01-30,3131,0,Foreign_Dealer_Self,0
2026-01-30,3131,31000,Investment_Trust,3000
2026-01-30,3131,2019,Dealer_self,75085
2026-01-30,3131,48126,Dealer_Hedging,98470
2026-02-02,3131,578350,Foreign_Investor,317211
2026-02-02,3131,0,Foreign_Dealer_Self,0
2026-02-02,3131,4000,Investment_Trust,219000
2026-02-02,3131,3000,Dealer_self,22503
2026-02-02,3131,29006,Dealer_Hedging,33296
2026-02-03,3131,492010,Foreign_Investor,291020
2026-02-03,3131,0,Foreign_Dealer_Self,0
2026-02-03,3131,0,Investment_Trust,283600
2026-02-03,3131,1000,Dealer_self,36000
2026-02-03,3131,31981,Dealer_Hedging,28887
2026-02-04,3131,171000,Foreign_Investor,118035
2026-02-04,3131,0,Foreign_Dealer_Self,0
2026-02-04,3131,0,Investment_Trust,50100
2026-02-04,3131,2000,Dealer_self,5019
2026-02-04,3131,18242,Dealer_Hedging,14172
2026-02-05,3131,94010,Foreign_Investor,198150
2026-02-05,3131,0,Foreign_Dealer_Self,0
2026-02-05,3131,34150,Investment_Trust,2001
2026-02-05,3131,2000,Dealer_self,3000
2026-02-05,3131,28712,Dealer_Hedging,40715
2026-02-06,3131,213500,Foreign_Investor,172000
2026-02-06,3131,0,Foreign_Dealer_Self,0
2026-02-06,3131,1000,Investment_Trust,10000
2026-02-06,3131,3000,Dealer_self,10300
2026-02-06,3131,39529,Dealer_Hedging,25014
2026-02-09,3131,108102,Foreign_Investor,121000
2026-02-09,3131,0,Foreign_Dealer_Self,0
2026-02-09,3131,0,Investment_Trust,0
2026-02-09,3131,0,Dealer_self,2000
2026-02-09,3131,13709,Dealer_Hedging,21537
2026-02-10,3131,355038,Foreign_Investor,325000
2026-02-10,3131,0,Foreign_Dealer_Self,0
2026-02-10,3131,20000,Investment_Trust,2300
2026-02-10,3131,5000,Dealer_self,7075
2026-02-10,3131,16490,Dealer_Hedging,56123
2026-02-11,3131,129110,Foreign_Investor,77000
2026-02-11,3131,0,Foreign_Dealer_Self,0
2026-02-11,3131,0,Investment_Trust,0
2026-02-11,3131,6013,Dealer_self,4000
2026-02-11,3131,7722,Dealer_Hedging,8027
2026-02-23,3131,0,Foreign_Dealer_Self,0
2026-02-23,3131,0,Investment_Trust,0
2026-02-23,3131,12018,Dealer_self,6000
2026-02-23,3131,42203,Dealer_Hedging,9926
2026-02-23,3131,230200,Foreign_Investor,231000
2026-02-24,3131,0,Foreign_Dealer_Self,0
2026-02-24,3131,10000,Dealer_self,23
2026-02-24,3131,25721,Dealer_Hedging,20779
2026-02-24,3131,286097,Foreign_Investor,265000
2026-02-24,3131,10000,Investment_Trust,39000
2026-02-25,3131,272963,Foreign_Investor,210000
2026-02-25,3131,0,Foreign_Dealer_Self,0
2026-02-25,3131,0,Investment_Trust,71000
2026-02-25,3131,7000,Dealer_self,11127
2026-02-25,3131,24972,Dealer_Hedging,14539
2026-02-26,3131,1026116,Foreign_Investor,565078
2026-02-26,3131,0,Foreign_Dealer_Self,0
2026-02-26,3131,35,Investment_Trust,35000
2026-02-26,3131,33000,Dealer_self,5000
2026-02-26,3131,108377,Dealer_Hedging,77607
2026-03-02,3131,230000,Foreign_Investor,199250
2026-03-02,3131,0,Foreign_Dealer_Self,0
2026-03-02,3131,0,Investment_Trust,0
2026-03-02,3131,1077,Dealer_self,19000
2026-03-02,3131,18907,Dealer_Hedging,50956
2026-03-03,3131,276150,Foreign_Investor,320010
2026-03-03,3131,0,Foreign_Dealer_Self,0
2026-03-03,3131,0,Investment_Trust,0
2026-03-03,3131,0,Dealer_self,18051
2026-03-03,3131,32720,Dealer_Hedging,38306
2026-03-04,3131,739000,Foreign_Investor,575443
2026-03-04,3131,0,Foreign_Dealer_Self,0
2026-03-04,3131,1000,Investment_Trust,0
2026-03-04,3131,15002,Dealer_self,4016
2026-03-04,3131,36439,Dealer_Hedging,39457
2026-03-05,3131,525030,Foreign_Investor,376000
2026-03-05,3131,0,Foreign_Dealer_Self,0
2026-03-05,3131,0,Investment_Trust,0
2026-03-05,3131,41000,Dealer_self,34002
2026-03-05,3131,81439,Dealer_Hedging,59760
2026-03-06,3131,890015,Foreign_Investor,416000
2026-03-06,3131,0,Foreign_Dealer_Self,0
2026-03-06,3131,5000,Investment_Trust,0
2026-03-06,3131,24000,Dealer_self,12000
2026-03-06,3131,100981,Dealer_Hedging,62440
2026-03-09,3131,350004,Foreign_Investor,374893
2026-03-09,3131,0,Foreign_Dealer_Self,0
2026-03-09,3131,0,Investment_Trust,0
2026-03-09,3131,9000,Dealer_self,12016
2026-03-09,3131,10245,Dealer_Hedging,82900
2026-03-10,3131,373300,Foreign_Investor,287000
2026-03-10,3131,0,Foreign_Dealer_Self,0
2026-03-10,3131,52000,Investment_Trust,8000
2026-03-10,3131,4050,Dealer_self,31000
2026-03-10,3131,24960,Dealer_Hedging,16517
2026-03-11,3131,508000,Foreign_Investor,316000
2026-03-11,3131,0,Foreign_Dealer_Self,0
2026-03-11,3131,0,Investment_Trust,0
2026-03-11,3131,10000,Dealer_self,1000
2026-03-11,3131,72852,Dealer_Hedging,48277
2026-03-12,3131,431000,Foreign_Investor,200600
2026-03-12,3131,0,Foreign_Dealer_Self,0
2026-03-12,3131,0,Investment_Trust,0
2026-03-12,3131,17007,Dealer_self,2300
2026-03-12,3131,11693,Dealer_Hedging,29926
2026-03-13,3131,579000,Foreign_Investor,449000
2026-03-13,3131,0,Foreign_Dealer_Self,0
2026-03-13,3131,14000,Investment_Trust,0
2026-03-13,3131,32000,Dealer_self,10000
2026-03-13,3131,59945,Dealer_Hedging,45111
2026-03-16,3131,349000,Foreign_Investor,380110
2026-03-16,3131,0,Foreign_Dealer_Self,0
2026-03-16,3131,236000,Investment_Trust,4000
2026-03-16,3131,16000,Dealer_self,3000
2026-03-16,3131,80205,Dealer_Hedging,58113
2026-03-17,3131,391125,Foreign_Investor,338000
2026-03-17,3131,0,Foreign_Dealer_Self,0
2026-03-17,3131,74000,Investment_Trust,0
2026-03-17,3131,16100,Dealer_self,7000
2026-03-17,3131,19038,Dealer_Hedging,52172
2026-03-18,3131,354000,Foreign_Investor,893010
2026-03-18,3131,0,Foreign_Dealer_Self,0
2026-03-18,3131,34000,Dealer_self,4107
2026-03-18,3131,37580,Dealer_Hedging,19572
2026-03-18,3131,553000,Investment_Trust,2000
2026-03-19,3131,184050,Foreign_Investor,213542
2026-03-19,3131,0,Foreign_Dealer_Self,0
2026-03-19,3131,32093,Investment_Trust,0
2026-03-19,3131,7000,Dealer_self,18000
2026-03-19,3131,9224,Dealer_Hedging,27492
2026-03-20,3131,550839,Foreign_Investor,539000
2026-03-20,3131,0,Foreign_Dealer_Self,0
2026-03-20,3131,46000,Investment_Trust,52000
2026-03-20,3131,9000,Dealer_self,9000
2026-03-20,3131,33623,Dealer_Hedging,37541
2026-03-23,3131,410428,Foreign_Investor,594100
2026-03-23,3131,0,Foreign_Dealer_Self,0
2026-03-23,3131,195000,Investment_Trust,0
2026-03-23,3131,11035,Dealer_self,19000
2026-03-23,3131,19776,Dealer_Hedging,28192
2026-03-24,3131,655100,Foreign_Investor,555480
2026-03-24,3131,0,Foreign_Dealer_Self,0
2026-03-24,3131,29000,Investment_Trust,0
2026-03-24,3131,5200,Dealer_self,32035
2026-03-24,3131,19091,Dealer_Hedging,34666
2026-03-25,3131,22000,Foreign_Investor,68500
2026-03-25,3131,0,Foreign_Dealer_Self,0
2026-03-25,3131,0,Investment_Trust,0
2026-03-25,3131,11000,Dealer_self,2200
2026-03-25,3131,22947,Dealer_Hedging,193
2026-03-26,3131,562202,Foreign_Investor,513000
2026-03-26,3131,0,Foreign_Dealer_Self,0
2026-03-26,3131,9000,Investment_Trust,13150
2026-03-26,3131,26178,Dealer_self,30520
2026-03-26,3131,30124,Dealer_Hedging,53295
2026-03-27,3131,589000,Foreign_Investor,410333
2026-03-27,3131,0,Foreign_Dealer_Self,0
2026-03-27,3131,11000,Investment_Trust,0
2026-03-27,3131,10268,Dealer_self,17364
2026-03-27,3131,13758,Dealer_Hedging,14197
2026-03-30,3131,440464,Foreign_Investor,402000
2026-03-30,3131,0,Foreign_Dealer_Self,0
2026-03-30,3131,0,Investment_Trust,2000
2026-03-30,3131,3000,Dealer_self,8615
2026-03-30,3131,18487,Dealer_Hedging,24559
2026-03-31,3131,1047170,Foreign_Investor,650800
2026-03-31,3131,0,Foreign_Dealer_Self,0
2026-03-31,3131,29000,Investment_Trust,214000
2026-03-31,3131,11237,Dealer_self,41646
2026-03-31,3131,21280,Dealer_Hedging,37091
2026-04-01,3131,0,Foreign_Dealer_Self,0
2026-04-01,3131,36000,Investment_Trust,0
2026-04-01,3131,18000,Dealer_self,5800
2026-04-01,3131,21926,Dealer_Hedging,18184
2026-04-01,3131,720050,Foreign_Investor,517150
2026-04-02,3131,608200,Foreign_Investor,502032
2026-04-02,3131,0,Foreign_Dealer_Self,0
2026-04-02,3131,89000,Investment_Trust,57000
2026-04-02,3131,6000,Dealer_self,7585
2026-04-02,3131,25356,Dealer_Hedging,20507
2026-04-07,3131,463000,Foreign_Investor,451516
2026-04-07,3131,0,Foreign_Dealer_Self,0
2026-04-07,3131,6494,Dealer_self,22006
2026-04-07,3131,10862,Dealer_Hedging,20108
2026-04-07,3131,55000,Investment_Trust,9000
2026-04-08,3131,441260,Foreign_Investor,455040
2026-04-08,3131,0,Foreign_Dealer_Self,0
2026-04-08,3131,53000,Investment_Trust,12000
2026-04-08,3131,6004,Dealer_self,17293
2026-04-08,3131,21046,Dealer_Hedging,21048
2026-04-09,3131,348010,Foreign_Investor,300130
2026-04-09,3131,0,Foreign_Dealer_Self,0
2026-04-09,3131,5172,Dealer_self,16582
2026-04-09,3131,20691,Dealer_Hedging,30687
2026-04-09,3131,0,Investment_Trust,32000
2026-04-10,3131,685817,Foreign_Investor,317004
2026-04-10,3131,0,Foreign_Dealer_Self,0
2026-04-10,3131,0,Investment_Trust,228000
2026-04-10,3131,15322,Dealer_self,18384
2026-04-10,3131,20496,Dealer_Hedging,37155
2026-04-13,3131,460020,Foreign_Investor,262040
2026-04-13,3131,0,Foreign_Dealer_Self,0
2026-04-13,3131,15400,Dealer_self,23509
2026-04-13,3131,36526,Dealer_Hedging,47535
2026-04-13,3131,75000,Investment_Trust,22000
2026-04-14,3131,236336,Foreign_Investor,479000
2026-04-14,3131,0,Foreign_Dealer_Self,0
2026-04-14,3131,12000,Dealer_self,26782
2026-04-14,3131,63832,Dealer_Hedging,69076
2026-04-14,3131,3000,Investment_Trust,13000
2026-04-15,3131,316284,Foreign_Investor,215000
2026-04-15,3131,0,Foreign_Dealer_Self,0
2026-04-15,3131,5000,Dealer_self,5046
2026-04-15,3131,27464,Dealer_Hedging,33107
2026-04-15,3131,1000,Investment_Trust,11000
2026-04-16,3131,327049,Foreign_Investor,323757
2026-04-16,3131,0,Foreign_Dealer_Self,0
2026-04-16,3131,1000,Investment_Trust,17000
2026-04-16,3131,12100,Dealer_self,13359
2026-04-16,3131,23846,Dealer_Hedging,20791
2026-04-17,3131,316028,Foreign_Investor,252131
2026-04-17,3131,0,Foreign_Dealer_Self,0
2026-04-17,3131,4000,Investment_Trust,2080
2026-04-17,3131,3000,Dealer_self,8686
2026-04-17,3131,13035,Dealer_Hedging,9913
2026-04-20,3131,448000,Foreign_Investor,409005
2026-04-20,3131,0,Foreign_Dealer_Self,0
2026-04-20,3131,2000,Dealer_self,19715
2026-04-20,3131,28204,Dealer_Hedging,28178
2026-04-20,3131,21000,Investment_Trust,8000
2026-04-21,3131,376050,Foreign_Investor,447005
2026-04-21,3131,0,Foreign_Dealer_Self,0
2026-04-21,3131,111600,Investment_Trust,17000
2026-04-21,3131,10000,Dealer_self,9233
2026-04-21,3131,15379,Dealer_Hedging,15942
2026-04-22,3131,483360,Foreign_Investor,526000
2026-04-22,3131,0,Foreign_Dealer_Self,0
2026-04-22,3131,22010,Dealer_self,9876
2026-04-22,3131,52193,Dealer_Hedging,48537
2026-04-22,3131,58649,Investment_Trust,7000
2026-04-23,3131,528300,Foreign_Investor,732000
2026-04-23,3131,0,Foreign_Dealer_Self,0
2026-04-23,3131,22600,Investment_Trust,22000
2026-04-23,3131,11005,Dealer_self,58124
2026-04-23,3131,88104,Dealer_Hedging,92749
2026-04-24,3131,884412,Foreign_Investor,808970
2026-04-24,3131,0,Foreign_Dealer_Self,0
2026-04-24,3131,4000,Dealer_self,9312
2026-04-24,3131,48174,Dealer_Hedging,46273
2026-04-24,3131,184033,Investment_Trust,146000
2026-04-27,3131,676165,Foreign_Investor,439210
2026-04-27,3131,0,Foreign_Dealer_Self,0
2026-04-27,3131,96000,Investment_Trust,24079
2026-04-27,3131,1700,Dealer_self,11929
2026-04-27,3131,51281,Dealer_Hedging,53800
2026-04-28,3131,501117,Foreign_Investor,230301
2026-04-28,3131,0,Foreign_Dealer_Self,0
2026-04-28,3131,7300,Dealer_self,5681
2026-04-28,3131,42353,Dealer_Hedging,36598
2026-04-28,3131,23600,Investment_Trust,354000
2026-04-29,3131,273002,Foreign_Investor,156000
2026-04-29,3131,0,Foreign_Dealer_Self,0
2026-04-29,3131,1027,Dealer_self,9850
2026-04-29,3131,21680,Dealer_Hedging,18078
2026-04-29,3131,56000,Investment_Trust,181000
2026-04-30,3131,491010,Foreign_Investor,359000
2026-04-30,3131,0,Foreign_Dealer_Self,0
2026-04-30,3131,2000,Dealer_self,9322
2026-04-30,3131,30164,Dealer_Hedging,21381
2026-04-30,3131,300,Investment_Trust,125000
2026-05-04,3131,391660,Foreign_Investor,466000
2026-05-04,3131,0,Foreign_Dealer_Self,0
2026-05-04,3131,7000,Investment_Trust,10100
2026-05-04,3131,2056,Dealer_self,15825
2026-05-04,3131,22761,Dealer_Hedging,22652
2026-05-05,3131,636527,Foreign_Investor,1064000
2026-05-05,3131,0,Foreign_Dealer_Self,0
2026-05-05,3131,6000,Dealer_self,22688
2026-05-05,3131,57369,Dealer_Hedging,58310
2026-05-05,3131,7000,Investment_Trust,64276
2026-05-06,3131,622638,Foreign_Investor,342167
2026-05-06,3131,0,Foreign_Dealer_Self,0
2026-05-06,3131,18000,Investment_Trust,25000
2026-05-06,3131,4073,Dealer_self,10919
2026-05-06,3131,88199,Dealer_Hedging,75787
2026-05-07,3131,291208,Foreign_Investor,459000
2026-05-07,3131,0,Foreign_Dealer_Self,0
2026-05-07,3131,21,Dealer_self,2516
2026-05-07,3131,19401,Dealer_Hedging,31876
2026-05-07,3131,4000,Investment_Trust,91013
2026-05-08,3131,120129,Foreign_Investor,193271
2026-05-08,3131,0,Foreign_Dealer_Self,0
2026-05-08,3131,273,Dealer_self,11567
2026-05-08,3131,28238,Dealer_Hedging,35614
2026-05-08,3131,2000,Investment_Trust,1000
2026-05-11,3131,566685,Foreign_Investor,272010
2026-05-11,3131,0,Foreign_Dealer_Self,0
2026-05-11,3131,1000,Investment_Trust,183000
2026-05-11,3131,2311,Dealer_self,3915
2026-05-11,3131,27031,Dealer_Hedging,17034
2026-05-12,3131,423091,Foreign_Investor,314116
2026-05-12,3131,0,Foreign_Dealer_Self,0
2026-05-12,3131,5467,Dealer_self,6122
2026-05-12,3131,23275,Dealer_Hedging,26691
2026-05-12,3131,227,Investment_Trust,105000
2026-05-13,3131,179082,Foreign_Investor,189050
2026-05-13,3131,0,Foreign_Dealer_Self,0
2026-05-13,3131,3000,Investment_Trust,30549
2026-05-13,3131,1415,Dealer_self,4013
2026-05-13,3131,19941,Dealer_Hedging,31555
2026-05-14,3131,178145,Foreign_Investor,259656
2026-05-14,3131,0,Foreign_Dealer_Self,0
2026-05-14,3131,1000,Investment_Trust,62774
2026-05-14,3131,260,Dealer_self,3004
2026-05-14,3131,17761,Dealer_Hedging,12725
2026-05-15,3131,171042,Foreign_Investor,239020
2026-05-15,3131,0,Foreign_Dealer_Self,0
2026-05-15,3131,2000,Investment_Trust,49000
2026-05-15,3131,45,Dealer_self,4601
2026-05-15,3131,14120,Dealer_Hedging,13659
2026-05-18,3131,156132,Foreign_Investor,166080
2026-05-18,3131,0,Foreign_Dealer_Self,0
2026-05-18,3131,4000,Investment_Trust,3000
2026-05-18,3131,24,Dealer_self,618
2026-05-18,3131,13745,Dealer_Hedging,15333
2026-05-19,3131,264269,Foreign_Investor,366001
2026-05-19,3131,0,Foreign_Dealer_Self,0
2026-05-19,3131,23234,Investment_Trust,34000
2026-05-19,3131,41,Dealer_self,4274
2026-05-19,3131,45491,Dealer_Hedging,43716
2026-05-20,3131,221039,Foreign_Investor,246000
2026-05-20,3131,0,Foreign_Dealer_Self,0
2026-05-20,3131,33000,Investment_Trust,15000
2026-05-20,3131,102,Dealer_self,3361
2026-05-20,3131,6579,Dealer_Hedging,7868
2026-05-21,3131,311125,Foreign_Investor,309104
2026-05-21,3131,0,Foreign_Dealer_Self,0
2026-05-21,3131,0,Dealer_self,821
2026-05-21,3131,19295,Dealer_Hedging,11012
2026-05-21,3131,7000,Investment_Trust,19610
2026-05-22,3131,294008,Foreign_Investor,283022
2026-05-22,3131,0,Foreign_Dealer_Self,0
2026-05-22,3131,2113,Dealer_self,2798
2026-05-22,3131,20205,Dealer_Hedging,15095
2026-05-22,3131,0,Investment_Trust,9344
2026-05-25,3131,212026,Foreign_Investor,261002
2026-05-25,3131,0,Foreign_Dealer_Self,0
2026-05-25,3131,42000,Investment_Trust,1000
2026-05-25,3131,83,Dealer_self,1000
2026-05-25,3131,15521,Dealer_Hedging,11520
2026-05-26,3131,303080,Foreign_Investor,456024
2026-05-26,3131,0,Foreign_Dealer_Self,0
2026-05-26,3131,10006,Dealer_self,5834
2026-05-26,3131,51854,Dealer_Hedging,41484
2026-05-26,3131,251000,Investment_Trust,2722
2026-05-27,3131,58311,Foreign_Investor,54071
2026-05-27,3131,0,Foreign_Dealer_Self,0
2026-05-27,3131,0,Investment_Trust,234
2026-05-27,3131,0,Dealer_self,1000
2026-05-27,3131,98030,Dealer_Hedging,180
2026-05-28,3131,973956,Foreign_Investor,570912
2026-05-28,3131,0,Foreign_Dealer_Self,0
2026-05-28,3131,1000,Investment_Trust,0
2026-05-28,3131,6622,Dealer_self,20925
2026-05-28,3131,135052,Dealer_Hedging,242967
2026-05-29,3131,364610,Foreign_Investor,775271
2026-05-29,3131,0,Foreign_Dealer_Self,0
2026-05-29,3131,2142,Dealer_self,7746
2026-05-29,3131,24072,Dealer_Hedging,35322
2026-05-29,3131,2000,Investment_Trust,700
2026-06-01,3131,0,Foreign_Dealer_Self,0
2026-06-01,3131,25000,Investment_Trust,41000
2026-06-01,3131,5000,Dealer_self,3858
2026-06-01,3131,31251,Dealer_Hedging,41278
2026-06-01,3131,182363,Foreign_Investor,268218
2026-06-02,3131,237016,Foreign_Investor,227029
2026-06-02,3131,0,Foreign_Dealer_Self,0
2026-06-02,3131,1230,Investment_Trust,2000
2026-06-02,3131,2000,Dealer_self,4327
2026-06-02,3131,10388,Dealer_Hedging,12332
2026-06-03,3131,171358,Foreign_Investor,307730
2026-06-03,3131,0,Foreign_Dealer_Self,0
2026-06-03,3131,200,Dealer_self,3399
2026-06-03,3131,25272,Dealer_Hedging,26852
2026-06-03,3131,1000,Investment_Trust,2500
2026-06-04,3131,246285,Foreign_Investor,311021
2026-06-04,3131,0,Foreign_Dealer_Self,0
2026-06-04,3131,0,Investment_Trust,0
2026-06-04,3131,2000,Dealer_self,4390
2026-06-04,3131,8736,Dealer_Hedging,6313
2026-06-05,3131,233855,Foreign_Investor,222208
2026-06-05,3131,0,Foreign_Dealer_Self,0
2026-06-05,3131,0,Investment_Trust,63400
2026-06-05,3131,0,Dealer_self,4000
2026-06-05,3131,5485,Dealer_Hedging,9723
2026-06-08,3131,155012,Foreign_Investor,142820
2026-06-08,3131,0,Foreign_Dealer_Self,0
2026-06-08,3131,17000,Investment_Trust,0
2026-06-08,3131,1000,Dealer_self,679
2026-06-08,3131,20084,Dealer_Hedging,23715
2026-06-09,3131,165957,Foreign_Investor,201068
2026-06-09,3131,0,Foreign_Dealer_Self,0
2026-06-09,3131,62150,Investment_Trust,0
2026-06-09,3131,884,Dealer_self,1955
2026-06-09,3131,21237,Dealer_Hedging,10029
2026-06-10,3131,199816,Foreign_Investor,236025
2026-06-10,3131,0,Foreign_Dealer_Self,0
2026-06-10,3131,126000,Investment_Trust,2000
2026-06-10,3131,1000,Dealer_self,8031
2026-06-10,3131,14028,Dealer_Hedging,18407
2026-06-11,3131,115705,Foreign_Investor,203060
2026-06-11,3131,0,Foreign_Dealer_Self,0
2026-06-11,3131,36000,Investment_Trust,9000
2026-06-11,3131,2000,Dealer_self,400
2026-06-11,3131,13272,Dealer_Hedging,19096
2026-06-12,3131,146904,Foreign_Investor,272752
2026-06-12,3131,0,Foreign_Dealer_Self,0
2026-06-12,3131,108000,Investment_Trust,0
2026-06-12,3131,0,Dealer_self,11118
2026-06-12,3131,29787,Dealer_Hedging,20658
2026-06-15,3131,143483,Foreign_Investor,198000
2026-06-15,3131,0,Foreign_Dealer_Self,0
2026-06-15,3131,43000,Investment_Trust,0
2026-06-15,3131,0,Dealer_self,1635
2026-06-15,3131,17843,Dealer_Hedging,19651
2026-06-16,3131,0,Foreign_Dealer_Self,0
2026-06-16,3131,1000,Investment_Trust,250
2026-06-16,3131,0,Dealer_self,709
2026-06-16,3131,7766,Dealer_Hedging,7464
2026-06-16,3131,217852,Foreign_Investor,175075
2026-06-17,3131,90471,Foreign_Investor,207560
2026-06-17,3131,0,Foreign_Dealer_Self,0
2026-06-17,3131,16000,Dealer_self,1756
2026-06-17,3131,14776,Dealer_Hedging,7739
2026-06-17,3131,70000,Investment_Trust,56000
2026-06-18,3131,323927,Foreign_Investor,286599
2026-06-18,3131,0,Foreign_Dealer_Self,0
2026-06-18,3131,166000,Investment_Trust,400
2026-06-18,3131,11000,Dealer_self,11071
2026-06-18,3131,75995,Dealer_Hedging,71682
2026-06-22,3131,271386,Foreign_Investor,358191
2026-06-22,3131,0,Foreign_Dealer_Self,0
2026-06-22,3131,203000,Investment_Trust,54000
2026-06-22,3131,13550,Dealer_self,8360
2026-06-22,3131,18774,Dealer_Hedging,22570
2026-06-23,3131,156321,Foreign_Investor,215700
2026-06-23,3131,0,Foreign_Dealer_Self,0
2026-06-23,3131,169000,Investment_Trust,0
2026-06-23,3131,10803,Dealer_self,10635
2026-06-23,3131,17578,Dealer_Hedging,21935
2026-06-24,3131,140664,Foreign_Investor,87449
2026-06-24,3131,0,Foreign_Dealer_Self,0
2026-06-24,3131,3000,Investment_Trust,3000
2026-06-24,3131,120,Dealer_self,6618
2026-06-24,3131,8664,Dealer_Hedging,8210
