date,stock_id,buy,name,sell
2024-06-11,3189,356000,Foreign_Investor,1698052
2024-06-11,3189,0,Foreign_Dealer_Self,0
2024-06-11,3189,19000,Investment_Trust,0
2024-06-11,3189,70000,Dealer_self,36000
2024-06-11,3189,83000,Dealer_Hedging,65913
2024-06-12,3189,116025,Foreign_Investor,1066100
2024-06-12,3189,0,Foreign_Dealer_Self,0
2024-06-12,3189,0,Investment_Trust,0
2024-06-12,3189,4000,Dealer_self,16000
2024-06-12,3189,24000,Dealer_Hedging,48128
2024-06-13,3189,598000,Foreign_Investor,1062000
2024-06-13,3189,0,Foreign_Dealer_Self,0
2024-06-13,3189,14000,Investment_Trust,0
2024-06-13,3189,15000,Dealer_self,19000
2024-06-13,3189,13000,Dealer_Hedging,32101
2024-06-14,3189,926000,Foreign_Investor,1000000
2024-06-14,3189,0,Foreign_Dealer_Self,0
2024-06-14,3189,0,Investment_Trust,0
2024-06-14,3189,61000,Dealer_self,31000
2024-06-14,3189,58920,Dealer_Hedging,4522
2024-06-17,3189,403000,Foreign_Investor,652000
2024-06-17,3189,0,Foreign_Dealer_Self,0
2024-06-17,3189,7000,Investment_Trust,3000
2024-06-17,3189,70000,Dealer_self,10000
2024-06-17,3189,37000,Dealer_Hedging,12145
2024-06-18,3189,330000,Foreign_Investor,413000
2024-06-18,3189,0,Foreign_Dealer_Self,0
2024-06-18,3189,37000,Investment_Trust,1000
2024-06-18,3189,60000,Dealer_self,9093
2024-06-18,3189,62019,Dealer_Hedging,12672
2024-06-19,3189,724000,Foreign_Investor,1156000
2024-06-19,3189,0,Foreign_Dealer_Self,0
2024-06-19,3189,2000,Investment_Trust,2000
2024-06-19,3189,57000,Dealer_self,312671
2024-06-19,3189,42832,Dealer_Hedging,89302
2024-06-20,3189,2513000,Foreign_Investor,1156000
2024-06-20,3189,0,Foreign_Dealer_Self,0
2024-06-20,3189,5000,Investment_Trust,33000
2024-06-20,3189,145056,Dealer_self,32519
2024-06-20,3189,158000,Dealer_Hedging,8040
2024-06-21,3189,1696000,Foreign_Investor,1907000
2024-06-21,3189,0,Foreign_Dealer_Self,0
2024-06-21,3189,1000,Investment_Trust,173287
2024-06-21,3189,31000,Dealer_self,366372
2024-06-21,3189,133580,Dealer_Hedging,236777
2024-06-24,3189,533000,Foreign_Investor,1134000
2024-06-24,3189,0,Foreign_Dealer_Self,0
2024-06-24,3189,902000,Investment_Trust,1467
2024-06-24,3189,156603,Dealer_self,122432
2024-06-24,3189,48000,Dealer_Hedging,60060
2024-06-25,3189,389000,Foreign_Investor,902003
2024-06-25,3189,0,Foreign_Dealer_Self,0
2024-06-25,3189,108000,Investment_Trust,0
2024-06-25,3189,40168,Dealer_self,42238
2024-06-25,3189,20135,Dealer_Hedging,36709
2024-06-26,3189,325000,Foreign_Investor,1097000
2024-06-26,3189,0,Foreign_Dealer_Self,0
2024-06-26,3189,226000,Investment_Trust,0
2024-06-26,3189,7000,Dealer_self,0
2024-06-26,3189,21000,Dealer_Hedging,41359
2024-06-27,3189,524000,Foreign_Investor,712000
2024-06-27,3189,0,Foreign_Dealer_Self,0
2024-06-27,3189,180000,Investment_Trust,0
2024-06-27,3189,27000,Dealer_self,29000
2024-06-27,3189,34000,Dealer_Hedging,41329
2024-06-28,3189,1328000,Foreign_Investor,492476
2024-06-28,3189,0,Foreign_Dealer_Self,0
2024-06-28,3189,2000,Investment_Trust,1000000
2024-06-28,3189,29000,Dealer_self,15000
2024-06-28,3189,40000,Dealer_Hedging,28193
2024-07-01,3189,4639000,Foreign_Investor,1131000
2024-07-01,3189,0,Foreign_Dealer_Self,0
2024-07-01,3189,1000,Investment_Trust,2000000
2024-07-01,3189,152000,Dealer_self,48000
2024-07-01,3189,84000,Dealer_Hedging,29280
2024-07-02,3189,3446000,Foreign_Investor,1458335
2024-07-02,3189,0,Foreign_Dealer_Self,0
2024-07-02,3189,0,Investment_Trust,2000000
2024-07-02,3189,47000,Dealer_self,17000
2024-07-02,3189,27000,Dealer_Hedging,29000
2024-07-03,3189,3693000,Foreign_Investor,817000
2024-07-03,3189,0,Foreign_Dealer_Self,0
2024-07-03,3189,3000,Investment_Trust,2000000
2024-07-03,3189,102000,Dealer_self,12000
2024-07-03,3189,110035,Dealer_Hedging,36760
2024-07-04,3189,5140000,Foreign_Investor,2506000
2024-07-04,3189,0,Foreign_Dealer_Self,0
2024-07-04,3189,0,Investment_Trust,16000000
2024-07-04,3189,185000,Dealer_self,100090
2024-07-04,3189,159000,Dealer_Hedging,218769
2024-07-05,3189,6592597,Foreign_Investor,922000
2024-07-05,3189,0,Foreign_Dealer_Self,0
2024-07-05,3189,1000,Investment_Trust,3723000
2024-07-05,3189,37000,Dealer_self,28000
2024-07-05,3189,197000,Dealer_Hedging,1817
2024-07-08,3189,5825000,Foreign_Investor,1768000
2024-07-08,3189,0,Foreign_Dealer_Self,0
2024-07-08,3189,1000,Investment_Trust,1000000
2024-07-08,3189,115209,Dealer_self,2000
2024-07-08,3189,436873,Dealer_Hedging,68363
2024-07-09,3189,2071000,Foreign_Investor,1724000
2024-07-09,3189,0,Foreign_Dealer_Self,0
2024-07-09,3189,0,Investment_Trust,1000000
2024-07-09,3189,187000,Dealer_self,1000
2024-07-09,3189,341232,Dealer_Hedging,94686
2024-07-10,3189,1802000,Foreign_Investor,2747918
2024-07-10,3189,0,Foreign_Dealer_Self,0
2024-07-10,3189,2000,Investment_Trust,0
2024-07-10,3189,357160,Dealer_self,25000
2024-07-10,3189,737623,Dealer_Hedging,64576
2024-07-11,3189,5571000,Foreign_Investor,3015500
2024-07-11,3189,0,Foreign_Dealer_Self,0
2024-07-11,3189,0,Investment_Trust,0
2024-07-11,3189,1072474,Dealer_self,10000
2024-07-11,3189,2437484,Dealer_Hedging,83000
2024-07-12,3189,16372000,Foreign_Investor,10724500
2024-07-12,3189,0,Foreign_Dealer_Self,0
2024-07-12,3189,2464000,Investment_Trust,0
2024-07-12,3189,1259000,Dealer_self,870000
2024-07-12,3189,1449656,Dealer_Hedging,220301
2024-07-15,3189,8371847,Foreign_Investor,10124000
2024-07-15,3189,0,Foreign_Dealer_Self,0
2024-07-15,3189,230000,Investment_Trust,0
2024-07-15,3189,422000,Dealer_self,262834
2024-07-15,3189,484788,Dealer_Hedging,183933
2024-07-16,3189,7401233,Foreign_Investor,6892105
2024-07-16,3189,0,Foreign_Dealer_Self,0
2024-07-16,3189,0,Investment_Trust,0
2024-07-16,3189,56000,Dealer_self,422000
2024-07-16,3189,59327,Dealer_Hedging,115144
2024-07-17,3189,9319000,Foreign_Investor,7922630
2024-07-17,3189,0,Foreign_Dealer_Self,0
2024-07-17,3189,733000,Investment_Trust,0
2024-07-17,3189,195000,Dealer_self,423000
2024-07-17,3189,1143649,Dealer_Hedging,48281
2024-07-18,3189,11870630,Foreign_Investor,12383981
2024-07-18,3189,0,Foreign_Dealer_Self,0
2024-07-18,3189,4000,Investment_Trust,11000
2024-07-18,3189,1161000,Dealer_self,1026449
2024-07-18,3189,196572,Dealer_Hedging,693351
2024-07-19,3189,8689200,Foreign_Investor,8733000
2024-07-19,3189,0,Foreign_Dealer_Self,0
2024-07-19,3189,1000,Investment_Trust,0
2024-07-19,3189,321000,Dealer_self,1421908
2024-07-19,3189,67940,Dealer_Hedging,944221
2024-07-22,3189,6866000,Foreign_Investor,9706000
2024-07-22,3189,0,Foreign_Dealer_Self,0
2024-07-22,3189,3000,Investment_Trust,0
2024-07-22,3189,850000,Dealer_self,138000
2024-07-22,3189,201167,Dealer_Hedging,391038
2024-07-23,3189,9222000,Foreign_Investor,9485000
2024-07-23,3189,0,Foreign_Dealer_Self,0
2024-07-23,3189,2000,Investment_Trust,5000
2024-07-23,3189,437000,Dealer_self,282283
2024-07-23,3189,727895,Dealer_Hedging,603215
2024-07-26,3189,5888900,Foreign_Investor,6579267
2024-07-26,3189,0,Foreign_Dealer_Self,0
2024-07-26,3189,1000,Investment_Trust,186000
2024-07-26,3189,226000,Dealer_self,400385
2024-07-26,3189,196137,Dealer_Hedging,313833
2024-07-29,3189,8953600,Foreign_Investor,10895000
2024-07-29,3189,0,Foreign_Dealer_Self,0
2024-07-29,3189,3000,Investment_Trust,0
2024-07-29,3189,619000,Dealer_self,853362
2024-07-29,3189,596565,Dealer_Hedging,311316
2024-07-30,3189,6261430,Foreign_Investor,12184493
2024-07-30,3189,0,Foreign_Dealer_Self,0
2024-07-30,3189,1000,Investment_Trust,0
2024-07-30,3189,399514,Dealer_self,1317000
2024-07-30,3189,239550,Dealer_Hedging,1413331
2024-07-31,3189,9344044,Foreign_Investor,7820812
2024-07-31,3189,0,Foreign_Dealer_Self,0
2024-07-31,3189,3000,Investment_Trust,0
2024-07-31,3189,86000,Dealer_self,314000
2024-07-31,3189,155068,Dealer_Hedging,614330
2024-08-01,3189,9202108,Foreign_Investor,7544233
2024-08-01,3189,0,Foreign_Dealer_Self,0
2024-08-01,3189,0,Investment_Trust,0
2024-08-01,3189,410000,Dealer_self,353000
2024-08-01,3189,776081,Dealer_Hedging,137437
2024-08-02,3189,5043020,Foreign_Investor,5596000
2024-08-02,3189,0,Foreign_Dealer_Self,0
2024-08-02,3189,3000,Investment_Trust,0
2024-08-02,3189,26000,Dealer_self,327000
2024-08-02,3189,42000,Dealer_Hedging,895127
2024-08-05,3189,10514024,Foreign_Investor,9134000
2024-08-05,3189,0,Foreign_Dealer_Self,0
2024-08-05,3189,2000,Investment_Trust,0
2024-08-05,3189,363000,Dealer_self,798000
2024-08-05,3189,104647,Dealer_Hedging,1335225
2024-08-06,3189,6573074,Foreign_Investor,12180000
2024-08-06,3189,0,Foreign_Dealer_Self,0
2024-08-06,3189,3000,Investment_Trust,0
2024-08-06,3189,754000,Dealer_self,757000
2024-08-06,3189,214896,Dealer_Hedging,746917
2024-08-07,3189,4704000,Foreign_Investor,5336000
2024-08-07,3189,0,Foreign_Dealer_Self,0
2024-08-07,3189,0,Investment_Trust,0
2024-08-07,3189,499000,Dealer_self,333000
2024-08-07,3189,412496,Dealer_Hedging,46784
2024-08-08,3189,6684000,Foreign_Investor,7077203
2024-08-08,3189,0,Foreign_Dealer_Self,0
2024-08-08,3189,2000,Investment_Trust,0
2024-08-08,3189,175000,Dealer_self,182000
2024-08-08,3189,597787,Dealer_Hedging,191556
2024-08-09,3189,5652000,Foreign_Investor,5828774
2024-08-09,3189,0,Foreign_Dealer_Self,0
2024-08-09,3189,0,Investment_Trust,0
2024-08-09,3189,187000,Dealer_self,218000
2024-08-09,3189,231227,Dealer_Hedging,129527
2024-08-12,3189,4799700,Foreign_Investor,4113455
2024-08-12,3189,0,Foreign_Dealer_Self,0
2024-08-12,3189,0,Investment_Trust,0
2024-08-12,3189,127000,Dealer_self,230527
2024-08-12,3189,244298,Dealer_Hedging,82656
2024-08-13,3189,2615300,Foreign_Investor,2148000
2024-08-13,3189,0,Foreign_Dealer_Self,0
2024-08-13,3189,1000,Investment_Trust,0
2024-08-13,3189,27000,Dealer_self,73000
2024-08-13,3189,15053,Dealer_Hedging,109296
2024-08-14,3189,4089000,Foreign_Investor,3520000
2024-08-14,3189,0,Foreign_Dealer_Self,0
2024-08-14,3189,0,Investment_Trust,0
2024-08-14,3189,137026,Dealer_self,215000
2024-08-14,3189,33000,Dealer_Hedging,88423
2024-08-15,3189,3323000,Foreign_Investor,3371000
2024-08-15,3189,0,Foreign_Dealer_Self,0
2024-08-15,3189,0,Investment_Trust,672000
2024-08-15,3189,18013,Dealer_self,8240
2024-08-15,3189,14830,Dealer_Hedging,189376
2024-08-16,3189,2704000,Foreign_Investor,1703000
2024-08-16,3189,0,Foreign_Dealer_Self,0
2024-08-16,3189,0,Investment_Trust,2000
2024-08-16,3189,48391,Dealer_self,6000
2024-08-16,3189,173022,Dealer_Hedging,10022
2024-08-19,3189,1472000,Foreign_Investor,1896000
2024-08-19,3189,0,Foreign_Dealer_Self,0
2024-08-19,3189,0,Investment_Trust,0
2024-08-19,3189,113070,Dealer_self,26737
2024-08-19,3189,41000,Dealer_Hedging,162267
2024-08-20,3189,1893000,Foreign_Investor,1254000
2024-08-20,3189,0,Foreign_Dealer_Self,0
2024-08-20,3189,0,Investment_Trust,1000
2024-08-20,3189,32000,Dealer_self,88000
2024-08-20,3189,44000,Dealer_Hedging,27078
2024-08-21,3189,1634000,Foreign_Investor,2290497
2024-08-21,3189,0,Foreign_Dealer_Self,0
2024-08-21,3189,1000,Investment_Trust,0
2024-08-21,3189,53000,Dealer_self,268747
2024-08-21,3189,46015,Dealer_Hedging,230490
2024-08-22,3189,7036000,Foreign_Investor,3673150
2024-08-22,3189,0,Foreign_Dealer_Self,0
2024-08-22,3189,0,Investment_Trust,0
2024-08-22,3189,108000,Dealer_self,49000
2024-08-22,3189,641589,Dealer_Hedging,29727
2024-08-23,3189,10576010,Foreign_Investor,18689216
2024-08-23,3189,0,Foreign_Dealer_Self,0
2024-08-23,3189,1000,Investment_Trust,0
2024-08-23,3189,538000,Dealer_self,267000
2024-08-23,3189,278617,Dealer_Hedging,236748
2024-08-26,3189,6436010,Foreign_Investor,7110000
2024-08-26,3189,0,Foreign_Dealer_Self,0
2024-08-26,3189,1000,Investment_Trust,0
2024-08-26,3189,341000,Dealer_self,231000
2024-08-26,3189,90999,Dealer_Hedging,137191
2024-08-27,3189,4534000,Foreign_Investor,5622000
2024-08-27,3189,0,Foreign_Dealer_Self,0
2024-08-27,3189,0,Investment_Trust,0
2024-08-27,3189,168000,Dealer_self,76510
2024-08-27,3189,130000,Dealer_Hedging,96103
2024-08-28,3189,4823004,Foreign_Investor,3905075
2024-08-28,3189,0,Foreign_Dealer_Self,0
2024-08-28,3189,1000,Investment_Trust,0
2024-08-28,3189,675000,Dealer_self,51000
2024-08-28,3189,402609,Dealer_Hedging,59128
2024-08-29,3189,15931000,Foreign_Investor,10992000
2024-08-29,3189,0,Foreign_Dealer_Self,0
2024-08-29,3189,0,Investment_Trust,0
2024-08-29,3189,648000,Dealer_self,383000
2024-08-29,3189,1151788,Dealer_Hedging,193389
2024-08-30,3189,5315500,Foreign_Investor,6267000
2024-08-30,3189,0,Foreign_Dealer_Self,0
2024-08-30,3189,0,Investment_Trust,0
2024-08-30,3189,419000,Dealer_self,463000
2024-08-30,3189,606022,Dealer_Hedging,318864
2024-09-02,3189,3423020,Foreign_Investor,6667000
2024-09-02,3189,0,Foreign_Dealer_Self,0
2024-09-02,3189,0,Investment_Trust,0
2024-09-02,3189,255000,Dealer_self,375290
2024-09-02,3189,230378,Dealer_Hedging,412938
2024-09-03,3189,1851250,Foreign_Investor,3891000
2024-09-03,3189,0,Foreign_Dealer_Self,0
2024-09-03,3189,0,Investment_Trust,0
2024-09-03,3189,196000,Dealer_self,210000
2024-09-03,3189,107623,Dealer_Hedging,305236
2024-09-04,3189,5351505,Foreign_Investor,5140000
2024-09-04,3189,0,Foreign_Dealer_Self,0
2024-09-04,3189,291000,Investment_Trust,0
2024-09-04,3189,106000,Dealer_self,634178
2024-09-04,3189,121695,Dealer_Hedging,1183660
2024-09-05,3189,1816000,Foreign_Investor,2520000
2024-09-05,3189,0,Foreign_Dealer_Self,0
2024-09-05,3189,0,Investment_Trust,8000
2024-09-05,3189,90000,Dealer_self,381000
2024-09-05,3189,17323,Dealer_Hedging,204698
2024-09-06,3189,618000,Foreign_Investor,1039000
2024-09-06,3189,0,Foreign_Dealer_Self,0
2024-09-06,3189,2000,Investment_Trust,2000
2024-09-06,3189,6000,Dealer_self,57000
2024-09-06,3189,12588,Dealer_Hedging,19902
2024-09-09,3189,1165500,Foreign_Investor,2589000
2024-09-09,3189,0,Foreign_Dealer_Self,0
2024-09-09,3189,3000,Investment_Trust,0
2024-09-09,3189,190000,Dealer_self,31029
2024-09-09,3189,200090,Dealer_Hedging,41579
2024-09-10,3189,3024000,Foreign_Investor,5444727
2024-09-10,3189,0,Foreign_Dealer_Self,0
2024-09-10,3189,0,Investment_Trust,0
2024-09-10,3189,299000,Dealer_self,343259
2024-09-10,3189,77849,Dealer_Hedging,605194
2024-09-11,3189,1642000,Foreign_Investor,2027019
2024-09-11,3189,0,Foreign_Dealer_Self,0
2024-09-11,3189,51000,Investment_Trust,0
2024-09-11,3189,223000,Dealer_self,55153
2024-09-11,3189,102256,Dealer_Hedging,42074
2024-09-12,3189,3992173,Foreign_Investor,3083000
2024-09-12,3189,0,Foreign_Dealer_Self,0
2024-09-12,3189,50000,Investment_Trust,0
2024-09-12,3189,1596639,Dealer_self,48639
2024-09-12,3189,1948145,Dealer_Hedging,42000
2024-09-13,3189,3441000,Foreign_Investor,2633000
2024-09-13,3189,0,Foreign_Dealer_Self,0
2024-09-13,3189,0,Investment_Trust,0
2024-09-13,3189,345000,Dealer_self,241999
2024-09-13,3189,378652,Dealer_Hedging,192678
2024-09-16,3189,1028000,Foreign_Investor,1409000
2024-09-16,3189,0,Foreign_Dealer_Self,0
2024-09-16,3189,0,Investment_Trust,4000
2024-09-16,3189,59000,Dealer_self,233998
2024-09-16,3189,15334,Dealer_Hedging,712688
2024-09-18,3189,6654000,Foreign_Investor,6624950
2024-09-18,3189,0,Foreign_Dealer_Self,0
2024-09-18,3189,2000,Investment_Trust,0
2024-09-18,3189,1063000,Dealer_self,2667998
2024-09-18,3189,259200,Dealer_Hedging,1268260
2024-09-19,3189,1982500,Foreign_Investor,3603319
2024-09-19,3189,0,Foreign_Dealer_Self,0
2024-09-19,3189,1000,Investment_Trust,0
2024-09-19,3189,392000,Dealer_self,100000
2024-09-19,3189,192258,Dealer_Hedging,33744
2024-09-20,3189,2126000,Foreign_Investor,3042100
2024-09-20,3189,0,Foreign_Dealer_Self,0
2024-09-20,3189,2000,Investment_Trust,0
2024-09-20,3189,127000,Dealer_self,107291
2024-09-20,3189,124092,Dealer_Hedging,166008
2024-09-23,3189,909000,Foreign_Investor,1012500
2024-09-23,3189,0,Foreign_Dealer_Self,0
2024-09-23,3189,0,Investment_Trust,0
2024-09-23,3189,90000,Dealer_self,7000
2024-09-23,3189,19380,Dealer_Hedging,22231
2024-09-24,3189,1167000,Foreign_Investor,820200
2024-09-24,3189,0,Foreign_Dealer_Self,0
2024-09-24,3189,0,Investment_Trust,0
2024-09-24,3189,81001,Dealer_self,59000
2024-09-24,3189,20000,Dealer_Hedging,138476
2024-09-25,3189,2942000,Foreign_Investor,2117000
2024-09-25,3189,0,Foreign_Dealer_Self,0
2024-09-25,3189,51000,Investment_Trust,0
2024-09-25,3189,114000,Dealer_self,209556
2024-09-25,3189,131813,Dealer_Hedging,66005
2024-09-26,3189,2875000,Foreign_Investor,3181000
2024-09-26,3189,0,Foreign_Dealer_Self,0
2024-09-26,3189,0,Investment_Trust,0
2024-09-26,3189,118000,Dealer_self,19456
2024-09-26,3189,430925,Dealer_Hedging,414999
2024-09-27,3189,10209400,Foreign_Investor,10471300
2024-09-27,3189,0,Foreign_Dealer_Self,0
2024-09-27,3189,4000,Investment_Trust,0
2024-09-27,3189,320694,Dealer_self,102663
2024-09-27,3189,698011,Dealer_Hedging,358836
2024-09-30,3189,2130000,Foreign_Investor,2583429
2024-09-30,3189,0,Foreign_Dealer_Self,0
2024-09-30,3189,0,Investment_Trust,0
2024-09-30,3189,16000,Dealer_self,118338
2024-09-30,3189,37627,Dealer_Hedging,395951
2024-10-01,3189,1849199,Foreign_Investor,1387000
2024-10-01,3189,0,Foreign_Dealer_Self,0
2024-10-01,3189,2000,Investment_Trust,0
2024-10-01,3189,45353,Dealer_self,628687
2024-10-01,3189,89000,Dealer_Hedging,211341
2024-10-04,3189,1934000,Foreign_Investor,2453562
2024-10-04,3189,0,Foreign_Dealer_Self,0
2024-10-04,3189,1000,Investment_Trust,0
2024-10-04,3189,109000,Dealer_self,56000
2024-10-04,3189,70139,Dealer_Hedging,269677
2024-10-07,3189,1892000,Foreign_Investor,2035866
2024-10-07,3189,0,Foreign_Dealer_Self,0
2024-10-07,3189,0,Investment_Trust,0
2024-10-07,3189,339000,Dealer_self,196000
2024-10-07,3189,543351,Dealer_Hedging,150890
2024-10-08,3189,635000,Foreign_Investor,2611322
2024-10-08,3189,0,Foreign_Dealer_Self,0
2024-10-08,3189,0,Investment_Trust,0
2024-10-08,3189,26000,Dealer_self,117000
2024-10-08,3189,64000,Dealer_Hedging,397802
2024-10-09,3189,2324000,Foreign_Investor,3394000
2024-10-09,3189,0,Foreign_Dealer_Self,0
2024-10-09,3189,1000,Investment_Trust,0
2024-10-09,3189,118334,Dealer_self,199000
2024-10-09,3189,270834,Dealer_Hedging,127997
2024-10-11,3189,825000,Foreign_Investor,1806000
2024-10-11,3189,0,Foreign_Dealer_Self,0
2024-10-11,3189,0,Investment_Trust,0
2024-10-11,3189,62000,Dealer_self,21431
2024-10-11,3189,67674,Dealer_Hedging,160375
2024-10-14,3189,949000,Foreign_Investor,866000
2024-10-14,3189,0,Foreign_Dealer_Self,0
2024-10-14,3189,0,Investment_Trust,0
2024-10-14,3189,191000,Dealer_self,37039
2024-10-14,3189,74047,Dealer_Hedging,149251
2024-10-15,3189,1035000,Foreign_Investor,1566000
2024-10-15,3189,0,Foreign_Dealer_Self,0
2024-10-15,3189,0,Investment_Trust,0
2024-10-15,3189,22000,Dealer_self,89000
2024-10-15,3189,19240,Dealer_Hedging,142038
2024-10-16,3189,1459100,Foreign_Investor,3904991
2024-10-16,3189,0,Foreign_Dealer_Self,0
2024-10-16,3189,100000,Investment_Trust,1000
2024-10-16,3189,46000,Dealer_self,294032
2024-10-16,3189,127912,Dealer_Hedging,456940
2024-10-17,3189,2433000,Foreign_Investor,1503935
2024-10-17,3189,0,Foreign_Dealer_Self,0
2024-10-17,3189,0,Investment_Trust,0
2024-10-17,3189,173000,Dealer_self,58000
2024-10-17,3189,246339,Dealer_Hedging,29000
2024-10-18,3189,825000,Foreign_Investor,2667000
2024-10-18,3189,0,Foreign_Dealer_Self,0
2024-10-18,3189,28000,Dealer_self,88000
2024-10-18,3189,18000,Dealer_Hedging,251550
2024-10-18,3189,1840000,Investment_Trust,1000
2024-10-21,3189,10848000,Foreign_Investor,3924098
2024-10-21,3189,0,Foreign_Dealer_Self,0
2024-10-21,3189,15000,Investment_Trust,0
2024-10-21,3189,488000,Dealer_self,116000
2024-10-21,3189,1027844,Dealer_Hedging,117832
2024-10-22,3189,13951000,Foreign_Investor,17669005
2024-10-22,3189,0,Foreign_Dealer_Self,0
2024-10-22,3189,377426,Dealer_self,513000
2024-10-22,3189,911328,Dealer_Hedging,309544
2024-10-22,3189,651000,Investment_Trust,0
2024-10-23,3189,5265000,Foreign_Investor,4532830
2024-10-23,3189,0,Foreign_Dealer_Self,0
2024-10-23,3189,85000,Investment_Trust,1000
2024-10-23,3189,173000,Dealer_self,108427
2024-10-23,3189,123786,Dealer_Hedging,450452
2024-10-24,3189,3729000,Foreign_Investor,4993999
2024-10-24,3189,0,Foreign_Dealer_Self,0
2024-10-24,3189,0,Investment_Trust,0
2024-10-24,3189,55000,Dealer_self,435992
2024-10-24,3189,58925,Dealer_Hedging,355729
2024-10-25,3189,2392000,Foreign_Investor,3557000
2024-10-25,3189,0,Foreign_Dealer_Self,0
2024-10-25,3189,7000,Investment_Trust,0
2024-10-25,3189,789000,Dealer_self,466499
2024-10-25,3189,388357,Dealer_Hedging,321565
2024-10-28,3189,3796600,Foreign_Investor,3313000
2024-10-28,3189,0,Foreign_Dealer_Self,0
2024-10-28,3189,0,Investment_Trust,0
2024-10-28,3189,172000,Dealer_self,196069
2024-10-28,3189,213000,Dealer_Hedging,687922
2024-10-29,3189,4017154,Foreign_Investor,5476000
2024-10-29,3189,0,Foreign_Dealer_Self,0
2024-10-29,3189,131000,Investment_Trust,0
2024-10-29,3189,62000,Dealer_self,563888
2024-10-29,3189,142000,Dealer_Hedging,678524
2024-10-30,3189,0,Foreign_Dealer_Self,0
2024-10-30,3189,50000,Investment_Trust,0
2024-10-30,3189,104000,Dealer_self,10156
2024-10-30,3189,348655,Dealer_Hedging,92751
2024-10-30,3189,3706175,Foreign_Investor,1939175
2024-11-01,3189,2654000,Foreign_Investor,2984372
2024-11-01,3189,0,Foreign_Dealer_Self,0
2024-11-01,3189,70000,Investment_Trust,0
2024-11-01,3189,189000,Dealer_self,34216
2024-11-01,3189,270850,Dealer_Hedging,307096
2024-11-04,3189,839000,Foreign_Investor,2401000
2024-11-04,3189,0,Foreign_Dealer_Self,0
2024-11-04,3189,50000,Investment_Trust,0
2024-11-04,3189,47000,Dealer_self,523471
2024-11-04,3189,35000,Dealer_Hedging,344626
2024-11-05,3189,1854000,Foreign_Investor,2010000
2024-11-05,3189,0,Foreign_Dealer_Self,0
2024-11-05,3189,0,Investment_Trust,0
2024-11-05,3189,186000,Dealer_self,185000
2024-11-05,3189,30083,Dealer_Hedging,37733
2024-11-06,3189,2447000,Foreign_Investor,988000
2024-11-06,3189,0,Foreign_Dealer_Self,0
2024-11-06,3189,50000,Investment_Trust,0
2024-11-06,3189,139000,Dealer_self,29000
2024-11-06,3189,79818,Dealer_Hedging,90393
2024-11-07,3189,3442000,Foreign_Investor,3577000
2024-11-07,3189,0,Foreign_Dealer_Self,0
2024-11-07,3189,0,Investment_Trust,1000
2024-11-07,3189,351000,Dealer_self,153834
2024-11-07,3189,376000,Dealer_Hedging,114793
2024-11-08,3189,1709709,Foreign_Investor,2714731
2024-11-08,3189,0,Foreign_Dealer_Self,0
2024-11-08,3189,0,Investment_Trust,1085000
2024-11-08,3189,113000,Dealer_self,232888
2024-11-08,3189,82000,Dealer_Hedging,444323
2024-11-11,3189,1895000,Foreign_Investor,1856000
2024-11-11,3189,0,Foreign_Dealer_Self,0
2024-11-11,3189,0,Investment_Trust,1106000
2024-11-11,3189,104000,Dealer_self,100005
2024-11-11,3189,142000,Dealer_Hedging,202494
2024-11-12,3189,1280000,Foreign_Investor,2308999
2024-11-12,3189,0,Foreign_Dealer_Self,0
2024-11-12,3189,0,Investment_Trust,539000
2024-11-12,3189,18000,Dealer_self,198458
2024-11-12,3189,48000,Dealer_Hedging,223268
2024-11-13,3189,2108000,Foreign_Investor,6422019
2024-11-13,3189,0,Foreign_Dealer_Self,0
2024-11-13,3189,0,Investment_Trust,1000
2024-11-13,3189,331000,Dealer_self,320202
2024-11-13,3189,166000,Dealer_Hedging,520476
2024-11-14,3189,1394000,Foreign_Investor,2252240
2024-11-14,3189,0,Foreign_Dealer_Self,0
2024-11-14,3189,0,Investment_Trust,0
2024-11-14,3189,146000,Dealer_self,509794
2024-11-14,3189,77000,Dealer_Hedging,210363
2024-11-15,3189,1160000,Foreign_Investor,1375000
2024-11-15,3189,0,Foreign_Dealer_Self,0
2024-11-15,3189,0,Investment_Trust,0
2024-11-15,3189,256265,Dealer_self,97345
2024-11-15,3189,49000,Dealer_Hedging,120958
2024-11-18,3189,1486000,Foreign_Investor,1305000
2024-11-18,3189,0,Foreign_Dealer_Self,0
2024-11-18,3189,0,Investment_Trust,0
2024-11-18,3189,242697,Dealer_self,290200
2024-11-18,3189,9107,Dealer_Hedging,55116
2024-11-19,3189,957000,Foreign_Investor,1195000
2024-11-19,3189,0,Foreign_Dealer_Self,0
2024-11-19,3189,0,Investment_Trust,0
2024-11-19,3189,134736,Dealer_self,171736
2024-11-19,3189,8142,Dealer_Hedging,4204
2024-11-20,3189,1467376,Foreign_Investor,3728000
2024-11-20,3189,0,Foreign_Dealer_Self,0
2024-11-20,3189,0,Investment_Trust,0
2024-11-20,3189,199000,Dealer_self,262148
2024-11-20,3189,74000,Dealer_Hedging,353023
2024-11-21,3189,1799000,Foreign_Investor,1188000
2024-11-21,3189,0,Foreign_Dealer_Self,0
2024-11-21,3189,0,Investment_Trust,0
2024-11-21,3189,209000,Dealer_self,47107
2024-11-21,3189,145614,Dealer_Hedging,49162
2024-11-22,3189,1084000,Foreign_Investor,1807000
2024-11-22,3189,0,Foreign_Dealer_Self,0
2024-11-22,3189,0,Investment_Trust,0
2024-11-22,3189,43000,Dealer_self,338090
2024-11-22,3189,57000,Dealer_Hedging,152217
2024-11-25,3189,1186866,Foreign_Investor,676730
2024-11-25,3189,0,Foreign_Dealer_Self,0
2024-11-25,3189,0,Investment_Trust,0
2024-11-25,3189,9000,Dealer_self,20000
2024-11-25,3189,18000,Dealer_Hedging,17828
2024-11-26,3189,1344020,Foreign_Investor,859000
2024-11-26,3189,0,Foreign_Dealer_Self,0
2024-11-26,3189,0,Investment_Trust,0
2024-11-26,3189,20000,Dealer_self,120269
2024-11-26,3189,29000,Dealer_Hedging,60963
2024-11-27,3189,921000,Foreign_Investor,2340000
2024-11-27,3189,0,Foreign_Dealer_Self,0
2024-11-27,3189,0,Investment_Trust,0
2024-11-27,3189,35000,Dealer_self,442440
2024-11-27,3189,107000,Dealer_Hedging,440179
2024-11-28,3189,1136000,Foreign_Investor,708000
2024-11-28,3189,0,Foreign_Dealer_Self,0
2024-11-28,3189,1000,Investment_Trust,60000
2024-11-28,3189,175431,Dealer_self,252901
2024-11-28,3189,42770,Dealer_Hedging,166493
2024-11-29,3189,1816000,Foreign_Investor,1022500
2024-11-29,3189,0,Foreign_Dealer_Self,0
2024-11-29,3189,0,Investment_Trust,1000
2024-11-29,3189,124000,Dealer_self,105116
2024-11-29,3189,13273,Dealer_Hedging,12763
2024-12-02,3189,1176000,Foreign_Investor,1195020
2024-12-02,3189,0,Foreign_Dealer_Self,0
2024-12-02,3189,0,Investment_Trust,0
2024-12-02,3189,83000,Dealer_self,113798
2024-12-02,3189,9000,Dealer_Hedging,25635
2024-12-03,3189,1090000,Foreign_Investor,1169010
2024-12-03,3189,0,Foreign_Dealer_Self,0
2024-12-03,3189,0,Investment_Trust,120000
2024-12-03,3189,146000,Dealer_self,58777
2024-12-03,3189,63000,Dealer_Hedging,53374
2024-12-04,3189,1400000,Foreign_Investor,445000
2024-12-04,3189,0,Foreign_Dealer_Self,0
2024-12-04,3189,0,Investment_Trust,140000
2024-12-04,3189,149000,Dealer_self,29432
2024-12-04,3189,13001,Dealer_Hedging,15561
2024-12-05,3189,1952000,Foreign_Investor,2017000
2024-12-05,3189,0,Foreign_Dealer_Self,0
2024-12-05,3189,0,Investment_Trust,0
2024-12-05,3189,79000,Dealer_self,163673
2024-12-05,3189,67158,Dealer_Hedging,46692
2024-12-06,3189,758000,Foreign_Investor,639000
2024-12-06,3189,0,Foreign_Dealer_Self,0
2024-12-06,3189,0,Investment_Trust,1000
2024-12-06,3189,16000,Dealer_self,79753
2024-12-06,3189,10835,Dealer_Hedging,45071
2024-12-09,3189,873000,Foreign_Investor,721000
2024-12-09,3189,0,Foreign_Dealer_Self,0
2024-12-09,3189,0,Investment_Trust,0
2024-12-09,3189,174000,Dealer_self,80858
2024-12-09,3189,16486,Dealer_Hedging,25260
2024-12-10,3189,4546000,Foreign_Investor,1801000
2024-12-10,3189,0,Foreign_Dealer_Self,0
2024-12-10,3189,0,Investment_Trust,0
2024-12-10,3189,392207,Dealer_self,132009
2024-12-10,3189,488614,Dealer_Hedging,76831
2024-12-11,3189,3017000,Foreign_Investor,3193000
2024-12-11,3189,0,Foreign_Dealer_Self,0
2024-12-11,3189,1206000,Investment_Trust,0
2024-12-11,3189,16000,Dealer_self,374000
2024-12-11,3189,240643,Dealer_Hedging,106322
2024-12-12,3189,1092000,Foreign_Investor,1908000
2024-12-12,3189,0,Foreign_Dealer_Self,0
2024-12-12,3189,0,Investment_Trust,0
2024-12-12,3189,259000,Dealer_self,104000
2024-12-12,3189,100158,Dealer_Hedging,217791
2024-12-13,3189,1689000,Foreign_Investor,1669000
2024-12-13,3189,0,Foreign_Dealer_Self,0
2024-12-13,3189,0,Investment_Trust,1000
2024-12-13,3189,124000,Dealer_self,147731
2024-12-13,3189,174390,Dealer_Hedging,144117
2024-12-16,3189,2244000,Foreign_Investor,2377000
2024-12-16,3189,0,Foreign_Dealer_Self,0
2024-12-16,3189,0,Investment_Trust,1000
2024-12-16,3189,14000,Dealer_self,191176
2024-12-16,3189,31000,Dealer_Hedging,157565
2024-12-17,3189,1545000,Foreign_Investor,2280000
2024-12-17,3189,0,Foreign_Dealer_Self,0
2024-12-17,3189,0,Investment_Trust,0
2024-12-17,3189,76000,Dealer_self,51365
2024-12-17,3189,34000,Dealer_Hedging,48441
2024-12-18,3189,2337500,Foreign_Investor,3350000
2024-12-18,3189,0,Foreign_Dealer_Self,0
2024-12-18,3189,2000,Investment_Trust,1000
2024-12-18,3189,145000,Dealer_self,28891
2024-12-18,3189,40761,Dealer_Hedging,200364
2024-12-19,3189,1373000,Foreign_Investor,963000
2024-12-19,3189,0,Foreign_Dealer_Self,0
2024-12-19,3189,0,Investment_Trust,0
2024-12-19,3189,58000,Dealer_self,47377
2024-12-19,3189,12000,Dealer_Hedging,47115
2024-12-20,3189,419128,Foreign_Investor,1474000
2024-12-20,3189,0,Foreign_Dealer_Self,0
2024-12-20,3189,0,Investment_Trust,0
2024-12-20,3189,36000,Dealer_self,321048
2024-12-20,3189,35503,Dealer_Hedging,70702
2024-12-23,3189,6877000,Foreign_Investor,3206600
2024-12-23,3189,0,Foreign_Dealer_Self,0
2024-12-23,3189,0,Investment_Trust,0
2024-12-23,3189,886154,Dealer_self,308181
2024-12-23,3189,402140,Dealer_Hedging,25305
2024-12-24,3189,9030150,Foreign_Investor,6370000
2024-12-24,3189,0,Foreign_Dealer_Self,0
2024-12-24,3189,0,Investment_Trust,0
2024-12-24,3189,323999,Dealer_self,756958
2024-12-24,3189,344624,Dealer_Hedging,236243
2024-12-25,3189,6177091,Foreign_Investor,2743369
2024-12-25,3189,0,Foreign_Dealer_Self,0
2024-12-25,3189,0,Investment_Trust,0
2024-12-25,3189,385148,Dealer_self,57000
2024-12-25,3189,320565,Dealer_Hedging,69033
2024-12-26,3189,1247000,Foreign_Investor,2091000
2024-12-26,3189,0,Foreign_Dealer_Self,0
2024-12-26,3189,0,Investment_Trust,0
2024-12-26,3189,168000,Dealer_self,27000
2024-12-26,3189,43522,Dealer_Hedging,137805
2024-12-27,3189,1931080,Foreign_Investor,1184000
2024-12-27,3189,0,Foreign_Dealer_Self,0
2024-12-27,3189,0,Investment_Trust,0
2024-12-27,3189,220000,Dealer_self,160712
2024-12-27,3189,47750,Dealer_Hedging,34509
2024-12-30,3189,1080000,Foreign_Investor,1256000
2024-12-30,3189,0,Foreign_Dealer_Self,0
2024-12-30,3189,0,Investment_Trust,0
2024-12-30,3189,126000,Dealer_self,220556
2024-12-30,3189,23000,Dealer_Hedging,102694
2024-12-31,3189,4743100,Foreign_Investor,6114000
2024-12-31,3189,0,Foreign_Dealer_Self,0
2024-12-31,3189,0,Investment_Trust,1000
2024-12-31,3189,253013,Dealer_self,622693
2024-12-31,3189,100032,Dealer_Hedging,133734
2025-01-02,3189,2901020,Foreign_Investor,2165000
2025-01-02,3189,0,Foreign_Dealer_Self,0
2025-01-02,3189,0,Investment_Trust,403000
2025-01-02,3189,107167,Dealer_self,291852
2025-01-02,3189,195457,Dealer_Hedging,95049
2025-01-03,3189,3191000,Foreign_Investor,2605000
2025-01-03,3189,0,Foreign_Dealer_Self,0
2025-01-03,3189,467000,Investment_Trust,0
2025-01-03,3189,648000,Dealer_self,80143
2025-01-03,3189,239988,Dealer_Hedging,254962
2025-01-06,3189,7475063,Foreign_Investor,3587500
2025-01-06,3189,0,Foreign_Dealer_Self,0
2025-01-06,3189,0,Investment_Trust,0
2025-01-06,3189,368630,Dealer_self,196000
2025-01-06,3189,486269,Dealer_Hedging,225125
2025-01-07,3189,8101050,Foreign_Investor,6774831
2025-01-07,3189,0,Foreign_Dealer_Self,0
2025-01-07,3189,0,Investment_Trust,0
2025-01-07,3189,378878,Dealer_self,783713
2025-01-07,3189,247431,Dealer_Hedging,279135
2025-01-08,3189,3933300,Foreign_Investor,2355000
2025-01-08,3189,0,Foreign_Dealer_Self,0
2025-01-08,3189,0,Investment_Trust,3000
2025-01-08,3189,112468,Dealer_self,122536
2025-01-08,3189,41000,Dealer_Hedging,454018
2025-01-09,3189,1865129,Foreign_Investor,2056023
2025-01-09,3189,0,Foreign_Dealer_Self,0
2025-01-09,3189,0,Investment_Trust,0
2025-01-09,3189,47000,Dealer_self,575084
2025-01-09,3189,18000,Dealer_Hedging,381407
2025-01-10,3189,1942800,Foreign_Investor,2137250
2025-01-10,3189,0,Foreign_Dealer_Self,0
2025-01-10,3189,0,Investment_Trust,0
2025-01-10,3189,70000,Dealer_self,130600
2025-01-10,3189,33791,Dealer_Hedging,29173
2025-01-13,3189,5749200,Foreign_Investor,5531003
2025-01-13,3189,0,Foreign_Dealer_Self,0
2025-01-13,3189,0,Investment_Trust,0
2025-01-13,3189,389346,Dealer_self,599906
2025-01-13,3189,85420,Dealer_Hedging,342446
2025-01-14,3189,2808100,Foreign_Investor,2672000
2025-01-14,3189,0,Foreign_Dealer_Self,0
2025-01-14,3189,0,Investment_Trust,0
2025-01-14,3189,302376,Dealer_self,162561
2025-01-14,3189,49082,Dealer_Hedging,13924
2025-01-15,3189,0,Foreign_Dealer_Self,0
2025-01-15,3189,0,Investment_Trust,0
2025-01-15,3189,1018000,Dealer_self,106126
2025-01-15,3189,70000,Dealer_Hedging,47227
2025-01-15,3189,3817000,Foreign_Investor,5920000
2025-01-16,3189,1364400,Foreign_Investor,1820000
2025-01-16,3189,0,Foreign_Dealer_Self,0
2025-01-16,3189,0,Investment_Trust,0
2025-01-16,3189,223000,Dealer_self,53000
2025-01-16,3189,28000,Dealer_Hedging,40894
2025-01-17,3189,854000,Foreign_Investor,918000
2025-01-17,3189,0,Foreign_Dealer_Self,0
2025-01-17,3189,267000,Investment_Trust,0
2025-01-17,3189,70000,Dealer_self,16000
2025-01-17,3189,18075,Dealer_Hedging,34597
2025-01-20,3189,583200,Foreign_Investor,890695
2025-01-20,3189,0,Foreign_Dealer_Self,0
2025-01-20,3189,262000,Investment_Trust,0
2025-01-20,3189,124000,Dealer_self,88000
2025-01-20,3189,10221,Dealer_Hedging,37248
2025-01-21,3189,466000,Foreign_Investor,740000
2025-01-21,3189,0,Foreign_Dealer_Self,0
2025-01-21,3189,268000,Investment_Trust,0
2025-01-21,3189,86000,Dealer_self,74000
2025-01-21,3189,19000,Dealer_Hedging,19732
2025-01-22,3189,926000,Foreign_Investor,889000
2025-01-22,3189,0,Foreign_Dealer_Self,0
2025-01-22,3189,265000,Investment_Trust,0
2025-01-22,3189,52000,Dealer_self,96000
2025-01-22,3189,29000,Dealer_Hedging,26238
2025-02-03,3189,1761105,Foreign_Investor,2884357
2025-02-03,3189,0,Foreign_Dealer_Self,0
2025-02-03,3189,231000,Investment_Trust,0
2025-02-03,3189,258000,Dealer_self,230322
2025-02-03,3189,98001,Dealer_Hedging,126360
2025-02-04,3189,1281000,Foreign_Investor,2897000
2025-02-04,3189,0,Foreign_Dealer_Self,0
2025-02-04,3189,13000,Investment_Trust,0
2025-02-04,3189,195000,Dealer_self,154833
2025-02-04,3189,42000,Dealer_Hedging,34474
2025-02-05,3189,2034000,Foreign_Investor,848000
2025-02-05,3189,0,Foreign_Dealer_Self,0
2025-02-05,3189,27000,Investment_Trust,0
2025-02-05,3189,122000,Dealer_self,126390
2025-02-05,3189,41993,Dealer_Hedging,82219
2025-02-06,3189,4068000,Foreign_Investor,1520000
2025-02-06,3189,0,Foreign_Dealer_Self,0
2025-02-06,3189,13000,Investment_Trust,0
2025-02-06,3189,203000,Dealer_self,215551
2025-02-06,3189,59788,Dealer_Hedging,75796
2025-02-07,3189,1241000,Foreign_Investor,1397000
2025-02-07,3189,0,Foreign_Dealer_Self,0
2025-02-07,3189,0,Investment_Trust,0
2025-02-07,3189,147000,Dealer_self,148640
2025-02-07,3189,10914,Dealer_Hedging,37314
2025-02-10,3189,1268200,Foreign_Investor,703000
2025-02-10,3189,0,Foreign_Dealer_Self,0
2025-02-10,3189,0,Investment_Trust,0
2025-02-10,3189,127257,Dealer_self,437989
2025-02-10,3189,3349,Dealer_Hedging,23511
2025-02-11,3189,589000,Foreign_Investor,1041000
2025-02-11,3189,0,Foreign_Dealer_Self,0
2025-02-11,3189,0,Investment_Trust,6000
2025-02-11,3189,118000,Dealer_self,268160
2025-02-11,3189,2040,Dealer_Hedging,4997
2025-02-12,3189,950090,Foreign_Investor,1689000
2025-02-12,3189,0,Foreign_Dealer_Self,0
2025-02-12,3189,2000,Investment_Trust,0
2025-02-12,3189,107000,Dealer_self,86674
2025-02-12,3189,42000,Dealer_Hedging,52471
2025-02-13,3189,4096000,Foreign_Investor,664000
2025-02-13,3189,0,Foreign_Dealer_Self,0
2025-02-13,3189,9000,Investment_Trust,1673000
2025-02-13,3189,562124,Dealer_self,110780
2025-02-13,3189,184159,Dealer_Hedging,11123
2025-02-14,3189,1159000,Foreign_Investor,1008000
2025-02-14,3189,0,Foreign_Dealer_Self,0
2025-02-14,3189,1000,Investment_Trust,0
2025-02-14,3189,62000,Dealer_self,110000
2025-02-14,3189,28093,Dealer_Hedging,71065
2025-02-17,3189,4525300,Foreign_Investor,1703000
2025-02-17,3189,0,Foreign_Dealer_Self,0
2025-02-17,3189,7000,Investment_Trust,0
2025-02-17,3189,381000,Dealer_self,224000
2025-02-17,3189,316584,Dealer_Hedging,67922
2025-02-18,3189,4484118,Foreign_Investor,4727011
2025-02-18,3189,0,Foreign_Dealer_Self,0
2025-02-18,3189,1219000,Investment_Trust,0
2025-02-18,3189,312271,Dealer_self,257488
2025-02-18,3189,302611,Dealer_Hedging,202809
2025-02-19,3189,6571090,Foreign_Investor,3524900
2025-02-19,3189,0,Foreign_Dealer_Self,0
2025-02-19,3189,709000,Investment_Trust,0
2025-02-19,3189,268241,Dealer_self,256507
2025-02-19,3189,445836,Dealer_Hedging,213652
2025-02-20,3189,3082200,Foreign_Investor,2376000
2025-02-20,3189,0,Foreign_Dealer_Self,0
2025-02-20,3189,27000,Investment_Trust,0
2025-02-20,3189,217000,Dealer_self,140000
2025-02-20,3189,40456,Dealer_Hedging,268410
2025-02-21,3189,1404209,Foreign_Investor,1399949
2025-02-21,3189,0,Foreign_Dealer_Self,0
2025-02-21,3189,1000,Investment_Trust,0
2025-02-21,3189,90993,Dealer_self,106656
2025-02-21,3189,31904,Dealer_Hedging,79410
2025-02-24,3189,2410210,Foreign_Investor,2198563
2025-02-24,3189,0,Foreign_Dealer_Self,0
2025-02-24,3189,5000,Investment_Trust,0
2025-02-24,3189,46418,Dealer_self,318000
2025-02-24,3189,24613,Dealer_Hedging,84951
2025-02-25,3189,3546000,Foreign_Investor,2733032
2025-02-25,3189,0,Foreign_Dealer_Self,0
2025-02-25,3189,4000,Investment_Trust,0
2025-02-25,3189,110998,Dealer_self,94675
2025-02-25,3189,131051,Dealer_Hedging,41215
2025-02-26,3189,1680500,Foreign_Investor,1768962
2025-02-26,3189,0,Foreign_Dealer_Self,0
2025-02-26,3189,450000,Investment_Trust,0
2025-02-26,3189,25000,Dealer_self,344256
2025-02-26,3189,25000,Dealer_Hedging,107823
2025-02-27,3189,2801870,Foreign_Investor,1278098
2025-02-27,3189,0,Foreign_Dealer_Self,0
2025-02-27,3189,7000,Investment_Trust,0
2025-02-27,3189,116000,Dealer_self,71799
2025-02-27,3189,17467,Dealer_Hedging,157797
2025-03-03,3189,2296133,Foreign_Investor,3241000
2025-03-03,3189,0,Foreign_Dealer_Self,0
2025-03-03,3189,50000,Investment_Trust,1000
2025-03-03,3189,296343,Dealer_self,103252
2025-03-03,3189,28004,Dealer_Hedging,98433
2025-03-04,3189,1276000,Foreign_Investor,2725000
2025-03-04,3189,0,Foreign_Dealer_Self,0
2025-03-04,3189,18000,Investment_Trust,0
2025-03-04,3189,175000,Dealer_self,80374
2025-03-04,3189,40100,Dealer_Hedging,40835
2025-03-05,3189,5592000,Foreign_Investor,1633000
2025-03-05,3189,0,Foreign_Dealer_Self,0
2025-03-05,3189,1000,Investment_Trust,0
2025-03-05,3189,118000,Dealer_self,161586
2025-03-05,3189,163126,Dealer_Hedging,27291
2025-03-06,3189,1134000,Foreign_Investor,2350000
2025-03-06,3189,0,Foreign_Dealer_Self,0
2025-03-06,3189,1000,Investment_Trust,0
2025-03-06,3189,119043,Dealer_self,38000
2025-03-06,3189,22523,Dealer_Hedging,149890
2025-03-07,3189,660060,Foreign_Investor,1473000
2025-03-07,3189,0,Foreign_Dealer_Self,0
2025-03-07,3189,7000,Investment_Trust,0
2025-03-07,3189,6000,Dealer_self,127000
2025-03-07,3189,13687,Dealer_Hedging,119263
2025-03-10,3189,873000,Foreign_Investor,1524000
2025-03-10,3189,0,Foreign_Dealer_Self,0
2025-03-10,3189,194000,Investment_Trust,0
2025-03-10,3189,56000,Dealer_self,7000
2025-03-10,3189,10188,Dealer_Hedging,27724
2025-03-11,3189,1114000,Foreign_Investor,1675000
2025-03-11,3189,0,Foreign_Dealer_Self,0
2025-03-11,3189,47000,Investment_Trust,0
2025-03-11,3189,114000,Dealer_self,113829
2025-03-11,3189,22252,Dealer_Hedging,33093
2025-03-12,3189,1937275,Foreign_Investor,1437000
2025-03-12,3189,0,Foreign_Dealer_Self,0
2025-03-12,3189,1000,Investment_Trust,0
2025-03-12,3189,100000,Dealer_self,28000
2025-03-12,3189,36000,Dealer_Hedging,10956
2025-03-13,3189,485000,Foreign_Investor,1979000
2025-03-13,3189,0,Foreign_Dealer_Self,0
2025-03-13,3189,0,Investment_Trust,0
2025-03-13,3189,24000,Dealer_self,33691
2025-03-13,3189,13000,Dealer_Hedging,43824
2025-03-14,3189,869000,Foreign_Investor,1076000
2025-03-14,3189,0,Foreign_Dealer_Self,0
2025-03-14,3189,1000,Investment_Trust,0
2025-03-14,3189,117000,Dealer_self,65897
2025-03-14,3189,10000,Dealer_Hedging,31965
2025-03-17,3189,448120,Foreign_Investor,624000
2025-03-17,3189,0,Foreign_Dealer_Self,0
2025-03-17,3189,1000,Investment_Trust,5000
2025-03-17,3189,61000,Dealer_self,36102
2025-03-17,3189,8000,Dealer_Hedging,8902
2025-03-18,3189,237000,Foreign_Investor,630000
2025-03-18,3189,0,Foreign_Dealer_Self,0
2025-03-18,3189,92000,Investment_Trust,0
2025-03-18,3189,27000,Dealer_self,3044
2025-03-18,3189,2000,Dealer_Hedging,7622
2025-03-19,3189,725000,Foreign_Investor,1829000
2025-03-19,3189,0,Foreign_Dealer_Self,0
2025-03-19,3189,1000,Investment_Trust,0
2025-03-19,3189,386000,Dealer_self,15227
2025-03-19,3189,87305,Dealer_Hedging,43019
2025-03-20,3189,1122000,Foreign_Investor,286000
2025-03-20,3189,0,Foreign_Dealer_Self,0
2025-03-20,3189,0,Investment_Trust,0
2025-03-20,3189,133638,Dealer_self,12000
2025-03-20,3189,26252,Dealer_Hedging,2276
2025-03-21,3189,128000,Foreign_Investor,423000
2025-03-21,3189,0,Foreign_Dealer_Self,0
2025-03-21,3189,0,Investment_Trust,0
2025-03-21,3189,255,Dealer_self,0
2025-03-21,3189,0,Dealer_Hedging,15917
2025-03-24,3189,466000,Foreign_Investor,779423
2025-03-24,3189,0,Foreign_Dealer_Self,0
2025-03-24,3189,2000,Investment_Trust,0
2025-03-24,3189,21000,Dealer_self,56000
2025-03-24,3189,3485,Dealer_Hedging,6451
2025-03-25,3189,210500,Foreign_Investor,926936
2025-03-25,3189,0,Foreign_Dealer_Self,0
2025-03-25,3189,1000,Investment_Trust,0
2025-03-25,3189,34000,Dealer_self,34000
2025-03-25,3189,6000,Dealer_Hedging,10758
2025-03-26,3189,79000,Foreign_Investor,721084
2025-03-26,3189,0,Foreign_Dealer_Self,0
2025-03-26,3189,0,Investment_Trust,0
2025-03-26,3189,73000,Dealer_self,0
2025-03-26,3189,20000,Dealer_Hedging,12151
2025-03-27,3189,358000,Foreign_Investor,2468921
2025-03-27,3189,0,Foreign_Dealer_Self,0
2025-03-27,3189,1000,Investment_Trust,0
2025-03-27,3189,76000,Dealer_self,94000
2025-03-27,3189,24000,Dealer_Hedging,32060
2025-03-28,3189,579500,Foreign_Investor,1644377
2025-03-28,3189,0,Foreign_Dealer_Self,0
2025-03-28,3189,12000,Investment_Trust,426000
2025-03-28,3189,125000,Dealer_self,202847
2025-03-28,3189,41000,Dealer_Hedging,101978
2025-03-31,3189,885500,Foreign_Investor,4342978
2025-03-31,3189,0,Foreign_Dealer_Self,0
2025-03-31,3189,23000,Investment_Trust,0
2025-03-31,3189,162000,Dealer_self,206489
2025-03-31,3189,72291,Dealer_Hedging,117952
2025-04-01,3189,1527500,Foreign_Investor,1271000
2025-04-01,3189,0,Foreign_Dealer_Self,0
2025-04-01,3189,1000,Investment_Trust,0
2025-04-01,3189,36000,Dealer_self,287308
2025-04-01,3189,63992,Dealer_Hedging,38015
2025-04-02,3189,962700,Foreign_Investor,639000
2025-04-02,3189,0,Foreign_Dealer_Self,0
2025-04-02,3189,0,Investment_Trust,0
2025-04-02,3189,103000,Dealer_self,49129
2025-04-02,3189,19539,Dealer_Hedging,29104
2025-04-07,3189,144000,Foreign_Investor,1000
2025-04-07,3189,0,Foreign_Dealer_Self,0
2025-04-07,3189,0,Investment_Trust,0
2025-04-07,3189,0,Dealer_self,0
2025-04-07,3189,0,Dealer_Hedging,5000
2025-04-08,3189,45000,Foreign_Investor,38000
2025-04-08,3189,0,Foreign_Dealer_Self,0
2025-04-08,3189,0,Investment_Trust,0
2025-04-08,3189,10000,Dealer_self,12441
2025-04-08,3189,0,Dealer_Hedging,22975
2025-04-09,3189,1355000,Foreign_Investor,1368300
2025-04-09,3189,0,Foreign_Dealer_Self,0
2025-04-09,3189,0,Investment_Trust,167000
2025-04-09,3189,0,Dealer_self,77124
2025-04-09,3189,16000,Dealer_Hedging,122202
2025-04-10,3189,1888000,Foreign_Investor,906000
2025-04-10,3189,0,Foreign_Dealer_Self,0
2025-04-10,3189,0,Investment_Trust,636000
2025-04-10,3189,11000,Dealer_self,133997
2025-04-10,3189,8000,Dealer_Hedging,149000
2025-04-11,3189,4462003,Foreign_Investor,4032000
2025-04-11,3189,0,Foreign_Dealer_Self,0
2025-04-11,3189,3000,Investment_Trust,251000
2025-04-11,3189,83000,Dealer_self,117000
2025-04-11,3189,76142,Dealer_Hedging,127607
2025-04-14,3189,3770064,Foreign_Investor,2534003
2025-04-14,3189,0,Foreign_Dealer_Self,0
2025-04-14,3189,1000,Investment_Trust,1308000
2025-04-14,3189,98003,Dealer_self,104000
2025-04-14,3189,54202,Dealer_Hedging,107625
2025-04-15,3189,2669100,Foreign_Investor,2004000
2025-04-15,3189,0,Foreign_Dealer_Self,0
2025-04-15,3189,0,Investment_Trust,5000
2025-04-15,3189,22000,Dealer_self,5003
2025-04-15,3189,91050,Dealer_Hedging,47508
2025-04-16,3189,1300000,Foreign_Investor,1557064
2025-04-16,3189,0,Foreign_Dealer_Self,0
2025-04-16,3189,0,Investment_Trust,0
2025-04-16,3189,10000,Dealer_self,12000
2025-04-16,3189,123000,Dealer_Hedging,177831
2025-04-17,3189,1227011,Foreign_Investor,844000
2025-04-17,3189,0,Foreign_Dealer_Self,0
2025-04-17,3189,0,Investment_Trust,0
2025-04-17,3189,61000,Dealer_self,61526
2025-04-17,3189,53311,Dealer_Hedging,78791
2025-04-18,3189,640000,Foreign_Investor,677011
2025-04-18,3189,0,Foreign_Dealer_Self,0
2025-04-18,3189,0,Investment_Trust,311000
2025-04-18,3189,7000,Dealer_self,59000
2025-04-18,3189,29000,Dealer_Hedging,11673
2025-04-21,3189,1334061,Foreign_Investor,628000
2025-04-21,3189,0,Foreign_Dealer_Self,0
2025-04-21,3189,0,Investment_Trust,345000
2025-04-21,3189,6000,Dealer_self,75000
2025-04-21,3189,53000,Dealer_Hedging,91328
2025-04-22,3189,3180904,Foreign_Investor,1133061
2025-04-22,3189,0,Foreign_Dealer_Self,0
2025-04-22,3189,0,Investment_Trust,303000
2025-04-22,3189,42000,Dealer_self,24002
2025-04-22,3189,128056,Dealer_Hedging,100623
2025-04-23,3189,2372000,Foreign_Investor,1678023
2025-04-23,3189,0,Foreign_Dealer_Self,0
2025-04-23,3189,1000,Investment_Trust,288000
2025-04-23,3189,201625,Dealer_self,217000
2025-04-23,3189,67257,Dealer_Hedging,48285
2025-04-24,3189,1237050,Foreign_Investor,1041000
2025-04-24,3189,0,Foreign_Dealer_Self,0
2025-04-24,3189,3000,Investment_Trust,288000
2025-04-24,3189,46000,Dealer_self,124000
2025-04-24,3189,5020,Dealer_Hedging,10942
2025-04-25,3189,2535000,Foreign_Investor,1589691
2025-04-25,3189,0,Foreign_Dealer_Self,0
2025-04-25,3189,0,Investment_Trust,0
2025-04-25,3189,252000,Dealer_self,114000
2025-04-25,3189,27345,Dealer_Hedging,148493
2025-04-28,3189,1903100,Foreign_Investor,1347050
2025-04-28,3189,0,Foreign_Dealer_Self,0
2025-04-28,3189,2000,Investment_Trust,320000
2025-04-28,3189,98000,Dealer_self,102000
2025-04-28,3189,53597,Dealer_Hedging,558
2025-04-29,3189,1297044,Foreign_Investor,2497000
2025-04-29,3189,0,Foreign_Dealer_Self,0
2025-04-29,3189,0,Investment_Trust,0
2025-04-29,3189,111000,Dealer_self,4000
2025-04-29,3189,55287,Dealer_Hedging,18726
2025-04-30,3189,1829624,Foreign_Investor,1213000
2025-04-30,3189,0,Foreign_Dealer_Self,0
2025-04-30,3189,0,Investment_Trust,0
2025-04-30,3189,2000,Dealer_self,233000
2025-04-30,3189,10434,Dealer_Hedging,60048
2025-05-02,3189,1534000,Foreign_Investor,1009966
2025-05-02,3189,0,Foreign_Dealer_Self,0
2025-05-02,3189,0,Investment_Trust,1000
2025-05-02,3189,76000,Dealer_self,60000
2025-05-02,3189,23369,Dealer_Hedging,4454
2025-05-05,3189,1707429,Foreign_Investor,1093000
2025-05-05,3189,0,Foreign_Dealer_Self,0
2025-05-05,3189,2000,Investment_Trust,1000
2025-05-05,3189,48000,Dealer_self,114000
2025-05-05,3189,4149,Dealer_Hedging,73168
2025-05-06,3189,959209,Foreign_Investor,687429
2025-05-06,3189,0,Foreign_Dealer_Self,0
2025-05-06,3189,6000,Investment_Trust,0
2025-05-06,3189,14000,Dealer_self,17000
2025-05-06,3189,7088,Dealer_Hedging,45105
2025-05-07,3189,1225182,Foreign_Investor,612309
2025-05-07,3189,0,Foreign_Dealer_Self,0
2025-05-07,3189,1000,Investment_Trust,0
2025-05-07,3189,0,Dealer_self,17000
2025-05-07,3189,4345,Dealer_Hedging,54000
2025-05-08,3189,886696,Foreign_Investor,227182
2025-05-08,3189,0,Foreign_Dealer_Self,0
2025-05-08,3189,0,Investment_Trust,1000
2025-05-08,3189,7000,Dealer_self,6000
2025-05-08,3189,8200,Dealer_Hedging,16002
2025-05-09,3189,587102,Foreign_Investor,349696
2025-05-09,3189,0,Foreign_Dealer_Self,0
2025-05-09,3189,0,Investment_Trust,0
2025-05-09,3189,12000,Dealer_self,5000
2025-05-09,3189,3551,Dealer_Hedging,43000
2025-05-12,3189,1603004,Foreign_Investor,959102
2025-05-12,3189,0,Foreign_Dealer_Self,0
2025-05-12,3189,0,Investment_Trust,0
2025-05-12,3189,21000,Dealer_self,18000
2025-05-12,3189,43917,Dealer_Hedging,22053
2025-05-13,3189,984250,Foreign_Investor,1447004
2025-05-13,3189,0,Foreign_Dealer_Self,0
2025-05-13,3189,0,Investment_Trust,1000
2025-05-13,3189,42000,Dealer_self,81545
2025-05-13,3189,3349,Dealer_Hedging,99173
2025-05-14,3189,633000,Foreign_Investor,694250
2025-05-14,3189,0,Foreign_Dealer_Self,0
2025-05-14,3189,0,Investment_Trust,0
2025-05-14,3189,50000,Dealer_self,7159
2025-05-14,3189,110633,Dealer_Hedging,20000
2025-05-15,3189,850679,Foreign_Investor,428040
2025-05-15,3189,0,Foreign_Dealer_Self,0
2025-05-15,3189,0,Investment_Trust,0
2025-05-15,3189,12000,Dealer_self,6001
2025-05-15,3189,8283,Dealer_Hedging,5000
2025-05-16,3189,735635,Foreign_Investor,483000
2025-05-16,3189,0,Foreign_Dealer_Self,0
2025-05-16,3189,0,Investment_Trust,1000
2025-05-16,3189,46000,Dealer_self,4300
2025-05-16,3189,28570,Dealer_Hedging,4000
2025-05-19,3189,635000,Foreign_Investor,808314
2025-05-19,3189,0,Foreign_Dealer_Self,0
2025-05-19,3189,0,Investment_Trust,0
2025-05-19,3189,0,Dealer_self,1000
2025-05-19,3189,11115,Dealer_Hedging,10331
2025-05-20,3189,929000,Foreign_Investor,1122000
2025-05-20,3189,0,Foreign_Dealer_Self,0
2025-05-20,3189,0,Investment_Trust,2000
2025-05-20,3189,24000,Dealer_self,1000
2025-05-20,3189,74131,Dealer_Hedging,12746
2025-05-21,3189,870826,Foreign_Investor,199000
2025-05-21,3189,0,Foreign_Dealer_Self,0
2025-05-21,3189,0,Investment_Trust,1000
2025-05-21,3189,4000,Dealer_self,70
2025-05-21,3189,69396,Dealer_Hedging,8000
2025-05-22,3189,411000,Foreign_Investor,188610
2025-05-22,3189,0,Foreign_Dealer_Self,0
2025-05-22,3189,0,Investment_Trust,201000
2025-05-22,3189,8000,Dealer_self,11000
2025-05-22,3189,0,Dealer_Hedging,18116
2025-05-23,3189,837071,Foreign_Investor,830216
2025-05-23,3189,0,Foreign_Dealer_Self,0
2025-05-23,3189,0,Investment_Trust,0
2025-05-23,3189,16000,Dealer_self,15000
2025-05-23,3189,57215,Dealer_Hedging,32006
2025-05-26,3189,488440,Foreign_Investor,410071
2025-05-26,3189,0,Foreign_Dealer_Self,0
2025-05-26,3189,0,Investment_Trust,0
2025-05-26,3189,36000,Dealer_self,32000
2025-05-26,3189,1,Dealer_Hedging,47423
2025-05-27,3189,4885046,Foreign_Investor,9122740
2025-05-27,3189,0,Foreign_Dealer_Self,0
2025-05-27,3189,0,Investment_Trust,0
2025-05-27,3189,63000,Dealer_self,281000
2025-05-27,3189,312615,Dealer_Hedging,237096
2025-05-28,3189,2043154,Foreign_Investor,1456783
2025-05-28,3189,0,Foreign_Dealer_Self,0
2025-05-28,3189,200000,Investment_Trust,1000
2025-05-28,3189,7000,Dealer_self,85000
2025-05-28,3189,102345,Dealer_Hedging,294847
2025-05-29,3189,1038789,Foreign_Investor,1328217
2025-05-29,3189,0,Foreign_Dealer_Self,0
2025-05-29,3189,0,Investment_Trust,0
2025-05-29,3189,21000,Dealer_self,50000
2025-05-29,3189,160411,Dealer_Hedging,17720
2025-06-02,3189,1300081,Foreign_Investor,1607433
2025-06-02,3189,0,Foreign_Dealer_Self,0
2025-06-02,3189,0,Investment_Trust,2000
2025-06-02,3189,32000,Dealer_self,63000
2025-06-02,3189,24000,Dealer_Hedging,152669
2025-06-03,3189,660000,Foreign_Investor,373567
2025-06-03,3189,0,Foreign_Dealer_Self,0
2025-06-03,3189,0,Investment_Trust,0
2025-06-03,3189,2000,Dealer_self,44000
2025-06-03,3189,15243,Dealer_Hedging,13107
2025-06-04,3189,1624863,Foreign_Investor,803000
2025-06-04,3189,0,Foreign_Dealer_Self,0
2025-06-04,3189,0,Investment_Trust,0
2025-06-04,3189,64000,Dealer_self,9000
2025-06-04,3189,251136,Dealer_Hedging,9447
2025-06-05,3189,483000,Foreign_Investor,481863
2025-06-05,3189,0,Foreign_Dealer_Self,0
2025-06-05,3189,0,Investment_Trust,0
2025-06-05,3189,9000,Dealer_self,7000
2025-06-05,3189,61255,Dealer_Hedging,6277
2025-06-06,3189,406910,Foreign_Investor,354001
2025-06-06,3189,0,Foreign_Dealer_Self,0
2025-06-06,3189,0,Investment_Trust,0
2025-06-06,3189,10000,Dealer_self,0
2025-06-06,3189,10870,Dealer_Hedging,8401
2025-06-09,3189,312000,Foreign_Investor,353000
2025-06-09,3189,0,Foreign_Dealer_Self,0
2025-06-09,3189,0,Investment_Trust,0
2025-06-09,3189,12000,Dealer_self,20000
2025-06-09,3189,21000,Dealer_Hedging,17861
2025-06-10,3189,1719000,Foreign_Investor,541000
2025-06-10,3189,0,Foreign_Dealer_Self,0
2025-06-10,3189,0,Investment_Trust,0
2025-06-10,3189,42000,Dealer_self,7000
2025-06-10,3189,160137,Dealer_Hedging,4365
2025-06-11,3189,6446000,Foreign_Investor,4205000
2025-06-11,3189,0,Foreign_Dealer_Self,0
2025-06-11,3189,0,Investment_Trust,0
2025-06-11,3189,158659,Dealer_self,64000
2025-06-11,3189,841279,Dealer_Hedging,255591
2025-06-12,3189,2926000,Foreign_Investor,3695500
2025-06-12,3189,0,Foreign_Dealer_Self,0
2025-06-12,3189,0,Investment_Trust,2000
2025-06-12,3189,183000,Dealer_self,47660
2025-06-12,3189,237345,Dealer_Hedging,258107
2025-06-13,3189,1532000,Foreign_Investor,2172000
2025-06-13,3189,0,Foreign_Dealer_Self,0
2025-06-13,3189,0,Investment_Trust,1000
2025-06-13,3189,35000,Dealer_self,116666
2025-06-13,3189,107001,Dealer_Hedging,394143
2025-06-16,3189,1697000,Foreign_Investor,1703000
2025-06-16,3189,0,Foreign_Dealer_Self,0
2025-06-16,3189,0,Investment_Trust,0
2025-06-16,3189,35000,Dealer_self,31000
2025-06-16,3189,71139,Dealer_Hedging,186128
2025-06-17,3189,1154119,Foreign_Investor,1356500
2025-06-17,3189,0,Foreign_Dealer_Self,0
2025-06-17,3189,0,Investment_Trust,0
2025-06-17,3189,3000,Dealer_self,74000
2025-06-17,3189,36000,Dealer_Hedging,311418
2025-06-18,3189,722000,Foreign_Investor,997000
2025-06-18,3189,0,Foreign_Dealer_Self,0
2025-06-18,3189,0,Investment_Trust,380000
2025-06-18,3189,13000,Dealer_self,59000
2025-06-18,3189,22266,Dealer_Hedging,43998
2025-06-19,3189,825099,Foreign_Investor,839310
2025-06-19,3189,0,Foreign_Dealer_Self,0
2025-06-19,3189,0,Investment_Trust,1000
2025-06-19,3189,106000,Dealer_self,25000
2025-06-19,3189,3000,Dealer_Hedging,16294
2025-06-20,3189,659000,Foreign_Investor,801690
2025-06-20,3189,0,Foreign_Dealer_Self,0
2025-06-20,3189,0,Investment_Trust,0
2025-06-20,3189,12000,Dealer_self,10000
2025-06-20,3189,1350,Dealer_Hedging,18905
2025-06-23,3189,2228000,Foreign_Investor,4086000
2025-06-23,3189,0,Foreign_Dealer_Self,0
2025-06-23,3189,0,Investment_Trust,0
2025-06-23,3189,324000,Dealer_self,55000
2025-06-23,3189,210308,Dealer_Hedging,35099
2025-06-24,3189,1971154,Foreign_Investor,1792050
2025-06-24,3189,0,Foreign_Dealer_Self,0
2025-06-24,3189,0,Investment_Trust,0
2025-06-24,3189,60000,Dealer_self,217000
2025-06-24,3189,252181,Dealer_Hedging,42645
2025-06-25,3189,1760000,Foreign_Investor,1520132
2025-06-25,3189,0,Foreign_Dealer_Self,0
2025-06-25,3189,0,Investment_Trust,2000
2025-06-25,3189,8000,Dealer_self,66000
2025-06-25,3189,70180,Dealer_Hedging,52135
2025-06-26,3189,533902,Foreign_Investor,501091
2025-06-26,3189,0,Foreign_Dealer_Self,0
2025-06-26,3189,0,Investment_Trust,205000
2025-06-26,3189,3000,Dealer_self,40000
2025-06-26,3189,11900,Dealer_Hedging,102011
2025-06-27,3189,1161039,Foreign_Investor,248000
2025-06-27,3189,0,Foreign_Dealer_Self,0
2025-06-27,3189,0,Investment_Trust,3000
2025-06-27,3189,4000,Dealer_self,81000
2025-06-27,3189,5521,Dealer_Hedging,46021
2025-06-30,3189,907554,Foreign_Investor,362561
2025-06-30,3189,0,Foreign_Dealer_Self,0
2025-06-30,3189,0,Investment_Trust,0
2025-06-30,3189,15000,Dealer_self,54000
2025-06-30,3189,7000,Dealer_Hedging,46057
2025-07-01,3189,633794,Foreign_Investor,536000
2025-07-01,3189,0,Foreign_Dealer_Self,0
2025-07-01,3189,1000,Investment_Trust,0
2025-07-01,3189,67266,Dealer_self,46000
2025-07-01,3189,29000,Dealer_Hedging,8618
2025-07-02,3189,496800,Foreign_Investor,206059
2025-07-02,3189,0,Foreign_Dealer_Self,0
2025-07-02,3189,0,Investment_Trust,1000
2025-07-02,3189,21689,Dealer_self,21000
2025-07-02,3189,86000,Dealer_Hedging,11723
2025-07-03,3189,5318392,Foreign_Investor,4533000
2025-07-03,3189,0,Foreign_Dealer_Self,0
2025-07-03,3189,0,Investment_Trust,1000
2025-07-03,3189,123625,Dealer_self,165210
2025-07-03,3189,496958,Dealer_Hedging,351336
2025-07-04,3189,8928368,Foreign_Investor,7688316
2025-07-04,3189,0,Foreign_Dealer_Self,0
2025-07-04,3189,0,Investment_Trust,2000
2025-07-04,3189,612357,Dealer_self,274907
2025-07-04,3189,161261,Dealer_Hedging,349574
2025-07-07,3189,4186204,Foreign_Investor,9757002
2025-07-07,3189,0,Foreign_Dealer_Self,0
2025-07-07,3189,210000,Investment_Trust,0
2025-07-07,3189,191000,Dealer_self,182136
2025-07-07,3189,172220,Dealer_Hedging,92888
2025-07-08,3189,1676000,Foreign_Investor,1130000
2025-07-08,3189,0,Foreign_Dealer_Self,0
2025-07-08,3189,0,Investment_Trust,5000
2025-07-08,3189,154000,Dealer_self,140002
2025-07-08,3189,65343,Dealer_Hedging,47820
2025-07-09,3189,3439101,Foreign_Investor,4052964
2025-07-09,3189,0,Foreign_Dealer_Self,0
2025-07-09,3189,0,Investment_Trust,0
2025-07-09,3189,358000,Dealer_self,182000
2025-07-09,3189,151450,Dealer_Hedging,57445
2025-07-10,3189,2972496,Foreign_Investor,2397961
2025-07-10,3189,0,Foreign_Dealer_Self,0
2025-07-10,3189,0,Investment_Trust,2000
2025-07-10,3189,142000,Dealer_self,435000
2025-07-10,3189,54577,Dealer_Hedging,71839
2025-07-11,3189,1377100,Foreign_Investor,826000
2025-07-11,3189,0,Foreign_Dealer_Self,0
2025-07-11,3189,19000,Investment_Trust,1000
2025-07-11,3189,202000,Dealer_self,323152
2025-07-11,3189,24654,Dealer_Hedging,37378
2025-07-14,3189,1486000,Foreign_Investor,788000
2025-07-14,3189,0,Foreign_Dealer_Self,0
2025-07-14,3189,0,Investment_Trust,1000
2025-07-14,3189,147000,Dealer_self,218000
2025-07-14,3189,9541,Dealer_Hedging,29871
2025-07-15,3189,14177121,Foreign_Investor,10912000
2025-07-15,3189,0,Foreign_Dealer_Self,0
2025-07-15,3189,0,Investment_Trust,211000
2025-07-15,3189,483648,Dealer_self,414000
2025-07-15,3189,726545,Dealer_Hedging,74807
2025-07-16,3189,21271384,Foreign_Investor,18896441
2025-07-16,3189,0,Foreign_Dealer_Self,0
2025-07-16,3189,0,Investment_Trust,1000
2025-07-16,3189,737573,Dealer_self,723929
2025-07-16,3189,528984,Dealer_Hedging,463178
2025-07-17,3189,6437166,Foreign_Investor,5459528
2025-07-17,3189,0,Foreign_Dealer_Self,0
2025-07-17,3189,0,Investment_Trust,53000
2025-07-17,3189,200000,Dealer_self,262000
2025-07-17,3189,151164,Dealer_Hedging,322971
2025-07-18,3189,2695000,Foreign_Investor,2596000
2025-07-18,3189,0,Foreign_Dealer_Self,0
2025-07-18,3189,0,Investment_Trust,52000
2025-07-18,3189,99689,Dealer_self,192000
2025-07-18,3189,114000,Dealer_Hedging,48314
2025-07-21,3189,5755111,Foreign_Investor,3644646
2025-07-21,3189,0,Foreign_Dealer_Self,0
2025-07-21,3189,0,Investment_Trust,53000
2025-07-21,3189,293000,Dealer_self,10000
2025-07-21,3189,404418,Dealer_Hedging,28399
2025-07-22,3189,4656120,Foreign_Investor,3255900
2025-07-22,3189,0,Foreign_Dealer_Self,0
2025-07-22,3189,0,Investment_Trust,4000
2025-07-22,3189,9000,Dealer_self,191000
2025-07-22,3189,22180,Dealer_Hedging,303169
2025-07-23,3189,3924241,Foreign_Investor,6644040
2025-07-23,3189,0,Foreign_Dealer_Self,0
2025-07-23,3189,0,Investment_Trust,3000
2025-07-23,3189,321000,Dealer_self,256000
2025-07-23,3189,484269,Dealer_Hedging,50463
2025-07-24,3189,3643000,Foreign_Investor,2700000
2025-07-24,3189,0,Foreign_Dealer_Self,0
2025-07-24,3189,1000,Investment_Trust,3000
2025-07-24,3189,76000,Dealer_self,127000
2025-07-24,3189,47489,Dealer_Hedging,182034
2025-07-25,3189,3446700,Foreign_Investor,6880000
2025-07-25,3189,0,Foreign_Dealer_Self,0
2025-07-25,3189,177000,Investment_Trust,1000
2025-07-25,3189,26000,Dealer_self,181000
2025-07-25,3189,21927,Dealer_Hedging,328456
2025-07-28,3189,3762120,Foreign_Investor,2363000
2025-07-28,3189,0,Foreign_Dealer_Self,0
2025-07-28,3189,2000,Investment_Trust,1000
2025-07-28,3189,43466,Dealer_self,37000
2025-07-28,3189,114423,Dealer_Hedging,35953
2025-07-29,3189,17275100,Foreign_Investor,13284130
2025-07-29,3189,0,Foreign_Dealer_Self,0
2025-07-29,3189,0,Investment_Trust,0
2025-07-29,3189,448000,Dealer_self,131000
2025-07-29,3189,693172,Dealer_Hedging,211659
2025-07-30,3189,4862000,Foreign_Investor,6150755
2025-07-30,3189,0,Foreign_Dealer_Self,0
2025-07-30,3189,0,Investment_Trust,1000
2025-07-30,3189,80000,Dealer_self,164000
2025-07-30,3189,90116,Dealer_Hedging,399210
2025-07-31,3189,4124000,Foreign_Investor,2513864
2025-07-31,3189,0,Foreign_Dealer_Self,0
2025-07-31,3189,0,Investment_Trust,1000
2025-07-31,3189,93000,Dealer_self,7000
2025-07-31,3189,558602,Dealer_Hedging,183758
2025-08-01,3189,1863200,Foreign_Investor,2171000
2025-08-01,3189,0,Foreign_Dealer_Self,0
2025-08-01,3189,0,Investment_Trust,3000
2025-08-01,3189,23000,Dealer_self,53000
2025-08-01,3189,105317,Dealer_Hedging,79660
2025-08-04,3189,1980000,Foreign_Investor,3035999
2025-08-04,3189,0,Foreign_Dealer_Self,0
2025-08-04,3189,0,Investment_Trust,51000
2025-08-04,3189,1000,Dealer_self,43000
2025-08-04,3189,157570,Dealer_Hedging,52216
2025-08-05,3189,2051000,Foreign_Investor,2705000
2025-08-05,3189,0,Foreign_Dealer_Self,0
2025-08-05,3189,0,Investment_Trust,0
2025-08-05,3189,3000,Dealer_self,5000
2025-08-05,3189,62215,Dealer_Hedging,114635
2025-08-06,3189,1809000,Foreign_Investor,1895656
2025-08-06,3189,0,Foreign_Dealer_Self,0
2025-08-06,3189,0,Investment_Trust,1000
2025-08-06,3189,14000,Dealer_self,10000
2025-08-06,3189,27809,Dealer_Hedging,74395
2025-08-07,3189,2418050,Foreign_Investor,2479120
2025-08-07,3189,0,Foreign_Dealer_Self,0
2025-08-07,3189,0,Investment_Trust,2000
2025-08-07,3189,48000,Dealer_self,8625
2025-08-07,3189,105796,Dealer_Hedging,118020
2025-08-08,3189,1961317,Foreign_Investor,2471000
2025-08-08,3189,0,Foreign_Dealer_Self,0
2025-08-08,3189,0,Investment_Trust,1000
2025-08-08,3189,12000,Dealer_self,15000
2025-08-08,3189,33000,Dealer_Hedging,109040
2025-08-11,3189,4591000,Foreign_Investor,4712150
2025-08-11,3189,0,Foreign_Dealer_Self,0
2025-08-11,3189,0,Investment_Trust,3000
2025-08-11,3189,73000,Dealer_self,14000
2025-08-11,3189,328100,Dealer_Hedging,101159
2025-08-12,3189,2236000,Foreign_Investor,1275000
2025-08-12,3189,0,Foreign_Dealer_Self,0
2025-08-12,3189,0,Investment_Trust,1000
2025-08-12,3189,7000,Dealer_self,76000
2025-08-12,3189,43000,Dealer_Hedging,236700
2025-08-13,3189,3553000,Foreign_Investor,2869000
2025-08-13,3189,0,Foreign_Dealer_Self,0
2025-08-13,3189,0,Investment_Trust,50000
2025-08-13,3189,6000,Dealer_self,19000
2025-08-13,3189,48815,Dealer_Hedging,20238
2025-08-14,3189,3193174,Foreign_Investor,3254000
2025-08-14,3189,0,Foreign_Dealer_Self,0
2025-08-14,3189,0,Investment_Trust,2000
2025-08-14,3189,157000,Dealer_self,77000
2025-08-14,3189,49000,Dealer_Hedging,71644
2025-08-15,3189,2883000,Foreign_Investor,2935000
2025-08-15,3189,0,Foreign_Dealer_Self,0
2025-08-15,3189,0,Investment_Trust,1000
2025-08-15,3189,115000,Dealer_self,265000
2025-08-15,3189,163296,Dealer_Hedging,218137
2025-08-18,3189,9490000,Foreign_Investor,2957600
2025-08-18,3189,0,Foreign_Dealer_Self,0
2025-08-18,3189,1380000,Investment_Trust,1000
2025-08-18,3189,636212,Dealer_self,441000
2025-08-18,3189,1094407,Dealer_Hedging,422592
2025-08-19,3189,7001000,Foreign_Investor,8661002
2025-08-19,3189,0,Foreign_Dealer_Self,0
2025-08-19,3189,878000,Investment_Trust,6000
2025-08-19,3189,96000,Dealer_self,113000
2025-08-19,3189,143104,Dealer_Hedging,832811
2025-08-20,3189,5339050,Foreign_Investor,5212000
2025-08-20,3189,0,Foreign_Dealer_Self,0
2025-08-20,3189,443000,Investment_Trust,1000
2025-08-20,3189,49000,Dealer_self,24000
2025-08-20,3189,27212,Dealer_Hedging,187664
2025-08-21,3189,2875083,Foreign_Investor,1983000
2025-08-21,3189,0,Foreign_Dealer_Self,0
2025-08-21,3189,434000,Investment_Trust,0
2025-08-21,3189,48000,Dealer_self,10000
2025-08-21,3189,79302,Dealer_Hedging,6027
2025-08-22,3189,2836019,Foreign_Investor,3278200
2025-08-22,3189,0,Foreign_Dealer_Self,0
2025-08-22,3189,378000,Investment_Trust,0
2025-08-22,3189,16000,Dealer_self,27000
2025-08-22,3189,72430,Dealer_Hedging,38252
2025-08-25,3189,2586999,Foreign_Investor,1902000
2025-08-25,3189,0,Foreign_Dealer_Self,0
2025-08-25,3189,87000,Investment_Trust,0
2025-08-25,3189,22093,Dealer_self,64000
2025-08-25,3189,43175,Dealer_Hedging,157153
2025-08-26,3189,11201377,Foreign_Investor,9393422
2025-08-26,3189,0,Foreign_Dealer_Self,0
2025-08-26,3189,0,Investment_Trust,2000
2025-08-26,3189,426000,Dealer_self,99000
2025-08-26,3189,449482,Dealer_Hedging,77346
2025-08-27,3189,7868260,Foreign_Investor,15137444
2025-08-27,3189,0,Foreign_Dealer_Self,0
2025-08-27,3189,0,Investment_Trust,0
2025-08-27,3189,231000,Dealer_self,199000
2025-08-27,3189,146274,Dealer_Hedging,162590
2025-08-28,3189,7671050,Foreign_Investor,6644010
2025-08-28,3189,0,Foreign_Dealer_Self,0
2025-08-28,3189,0,Investment_Trust,2000
2025-08-28,3189,298000,Dealer_self,93000
2025-08-28,3189,848088,Dealer_Hedging,146383
2025-08-29,3189,4893523,Foreign_Investor,2364000
2025-08-29,3189,0,Foreign_Dealer_Self,0
2025-08-29,3189,0,Investment_Trust,6000
2025-08-29,3189,26000,Dealer_self,199000
2025-08-29,3189,36311,Dealer_Hedging,433471
2025-09-01,3189,3474669,Foreign_Investor,2767835
2025-09-01,3189,0,Foreign_Dealer_Self,0
2025-09-01,3189,87000,Investment_Trust,20000
2025-09-01,3189,20000,Dealer_self,137000
2025-09-01,3189,31847,Dealer_Hedging,475122
2025-09-02,3189,2274000,Foreign_Investor,1682000
2025-09-02,3189,0,Foreign_Dealer_Self,0
2025-09-02,3189,0,Investment_Trust,2000
2025-09-02,3189,10000,Dealer_self,57000
2025-09-02,3189,19886,Dealer_Hedging,34965
2025-09-03,3189,1287000,Foreign_Investor,1645708
2025-09-03,3189,0,Foreign_Dealer_Self,0
2025-09-03,3189,0,Investment_Trust,0
2025-09-03,3189,12002,Dealer_self,6000
2025-09-03,3189,30612,Dealer_Hedging,36331
2025-09-04,3189,1244020,Foreign_Investor,2316000
2025-09-04,3189,0,Foreign_Dealer_Self,0
2025-09-04,3189,14000,Investment_Trust,0
2025-09-04,3189,7948,Dealer_self,23000
2025-09-04,3189,17000,Dealer_Hedging,43727
2025-09-05,3189,1124570,Foreign_Investor,1590510
2025-09-05,3189,0,Foreign_Dealer_Self,0
2025-09-05,3189,0,Investment_Trust,1000
2025-09-05,3189,14000,Dealer_self,4000
2025-09-05,3189,22925,Dealer_Hedging,8783
2025-09-08,3189,1387200,Foreign_Investor,1072234
2025-09-08,3189,0,Foreign_Dealer_Self,0
2025-09-08,3189,0,Investment_Trust,0
2025-09-08,3189,10000,Dealer_self,0
2025-09-08,3189,9772,Dealer_Hedging,29736
2025-09-09,3189,1378000,Foreign_Investor,1270354
2025-09-09,3189,0,Foreign_Dealer_Self,0
2025-09-09,3189,0,Investment_Trust,2000
2025-09-09,3189,35000,Dealer_self,2000
2025-09-09,3189,20000,Dealer_Hedging,31017
2025-09-10,3189,1875000,Foreign_Investor,2430963
2025-09-10,3189,0,Foreign_Dealer_Self,0
2025-09-10,3189,0,Investment_Trust,1000
2025-09-10,3189,34000,Dealer_self,15000
2025-09-10,3189,180943,Dealer_Hedging,25210
2025-09-11,3189,2705608,Foreign_Investor,3066200
2025-09-11,3189,0,Foreign_Dealer_Self,0
2025-09-11,3189,0,Investment_Trust,3000
2025-09-11,3189,35000,Dealer_self,27306
2025-09-11,3189,15747,Dealer_Hedging,141664
2025-09-12,3189,2444000,Foreign_Investor,1779000
2025-09-12,3189,0,Foreign_Dealer_Self,0
2025-09-12,3189,0,Investment_Trust,2000
2025-09-12,3189,6000,Dealer_self,3688
2025-09-12,3189,129865,Dealer_Hedging,27290
2025-09-15,3189,1726000,Foreign_Investor,2523652
2025-09-15,3189,0,Foreign_Dealer_Self,0
2025-09-15,3189,0,Investment_Trust,5000
2025-09-15,3189,8000,Dealer_self,41000
2025-09-15,3189,17072,Dealer_Hedging,227581
2025-09-16,3189,5090400,Foreign_Investor,4211200
2025-09-16,3189,0,Foreign_Dealer_Self,0
2025-09-16,3189,951000,Investment_Trust,108000
2025-09-16,3189,88000,Dealer_self,121000
2025-09-16,3189,649947,Dealer_Hedging,108025
2025-09-17,3189,6383000,Foreign_Investor,4143100
2025-09-17,3189,0,Foreign_Dealer_Self,0
2025-09-17,3189,5000,Investment_Trust,5000
2025-09-17,3189,10000,Dealer_self,330690
2025-09-17,3189,82581,Dealer_Hedging,621361
2025-09-18,3189,1805131,Foreign_Investor,1583000
2025-09-18,3189,0,Foreign_Dealer_Self,0
2025-09-18,3189,0,Investment_Trust,0
2025-09-18,3189,30000,Dealer_self,24000
2025-09-18,3189,57329,Dealer_Hedging,35597
2025-09-19,3189,6623000,Foreign_Investor,12756500
2025-09-19,3189,0,Foreign_Dealer_Self,0
2025-09-19,3189,0,Investment_Trust,5000
2025-09-19,3189,63000,Dealer_self,355000
2025-09-19,3189,103164,Dealer_Hedging,276034
2025-09-22,3189,7109000,Foreign_Investor,4012000
2025-09-22,3189,0,Foreign_Dealer_Self,0
2025-09-22,3189,0,Investment_Trust,5000
2025-09-22,3189,421806,Dealer_self,77000
2025-09-22,3189,1021168,Dealer_Hedging,41406
2025-09-23,3189,6234150,Foreign_Investor,4456000
2025-09-23,3189,0,Foreign_Dealer_Self,0
2025-09-23,3189,579000,Investment_Trust,51000
2025-09-23,3189,218000,Dealer_self,129000
2025-09-23,3189,229239,Dealer_Hedging,670379
2025-09-24,3189,3393000,Foreign_Investor,2088000
2025-09-24,3189,0,Foreign_Dealer_Self,0
2025-09-24,3189,1000,Investment_Trust,37000
2025-09-24,3189,14543,Dealer_self,12000
2025-09-24,3189,31655,Dealer_Hedging,281279
2025-09-25,3189,2359025,Foreign_Investor,1823908
2025-09-25,3189,0,Foreign_Dealer_Self,0
2025-09-25,3189,710000,Investment_Trust,12000
2025-09-25,3189,119000,Dealer_self,43000
2025-09-25,3189,320452,Dealer_Hedging,39258
2025-09-26,3189,1780000,Foreign_Investor,2850543
2025-09-26,3189,0,Foreign_Dealer_Self,0
2025-09-26,3189,3000,Investment_Trust,2000
2025-09-26,3189,63000,Dealer_self,111000
2025-09-26,3189,31482,Dealer_Hedging,473994
2025-09-30,3189,1870480,Foreign_Investor,1035299
2025-09-30,3189,0,Foreign_Dealer_Self,0
2025-09-30,3189,4000,Investment_Trust,75000
2025-09-30,3189,12000,Dealer_self,48000
2025-09-30,3189,56525,Dealer_Hedging,8820
2025-10-01,3189,1137000,Foreign_Investor,1606755
2025-10-01,3189,0,Foreign_Dealer_Self,0
2025-10-01,3189,216000,Investment_Trust,66000
2025-10-01,3189,48000,Dealer_self,22000
2025-10-01,3189,47934,Dealer_Hedging,51394
2025-10-02,3189,2021000,Foreign_Investor,1383145
2025-10-02,3189,0,Foreign_Dealer_Self,0
2025-10-02,3189,6000,Investment_Trust,79000
2025-10-02,3189,108000,Dealer_self,12000
2025-10-02,3189,227836,Dealer_Hedging,39828
2025-10-03,3189,4313399,Foreign_Investor,2509939
2025-10-03,3189,0,Foreign_Dealer_Self,0
2025-10-03,3189,6000,Investment_Trust,101000
2025-10-03,3189,182000,Dealer_self,76000
2025-10-03,3189,338459,Dealer_Hedging,136473
2025-10-07,3189,6367739,Foreign_Investor,3594542
2025-10-07,3189,0,Foreign_Dealer_Self,0
2025-10-07,3189,55000,Investment_Trust,90000
2025-10-07,3189,226000,Dealer_self,54000
2025-10-07,3189,230913,Dealer_Hedging,297665
2025-10-08,3189,10640069,Foreign_Investor,4952798
2025-10-08,3189,0,Foreign_Dealer_Self,0
2025-10-08,3189,281000,Investment_Trust,28000
2025-10-08,3189,605000,Dealer_self,114000
2025-10-08,3189,1542747,Dealer_Hedging,58206
2025-10-09,3189,5946000,Foreign_Investor,5195000
2025-10-09,3189,0,Foreign_Dealer_Self,0
2025-10-09,3189,0,Investment_Trust,43000
2025-10-09,3189,320000,Dealer_self,49000
2025-10-09,3189,742941,Dealer_Hedging,158000
2025-10-13,3189,14313087,Foreign_Investor,10624250
2025-10-13,3189,0,Foreign_Dealer_Self,0
2025-10-13,3189,895000,Investment_Trust,0
2025-10-13,3189,282169,Dealer_self,395969
2025-10-13,3189,541787,Dealer_Hedging,990461
2025-10-14,3189,13716765,Foreign_Investor,16673099
2025-10-14,3189,0,Foreign_Dealer_Self,0
2025-10-14,3189,1123000,Investment_Trust,27000
2025-10-14,3189,139428,Dealer_self,613000
2025-10-14,3189,170498,Dealer_Hedging,1320698
2025-10-15,3189,7536000,Foreign_Investor,6078700
2025-10-15,3189,0,Foreign_Dealer_Self,0
2025-10-15,3189,175000,Investment_Trust,33000
2025-10-15,3189,76000,Dealer_self,378000
2025-10-15,3189,266986,Dealer_Hedging,186261
2025-10-16,3189,24102551,Foreign_Investor,20483250
2025-10-16,3189,0,Foreign_Dealer_Self,0
2025-10-16,3189,4348000,Investment_Trust,7000
2025-10-16,3189,703000,Dealer_self,743000
2025-10-16,3189,597821,Dealer_Hedging,1015522
2025-10-17,3189,24126322,Foreign_Investor,20055654
2025-10-17,3189,0,Foreign_Dealer_Self,0
2025-10-17,3189,2258000,Investment_Trust,8000
2025-10-17,3189,1040000,Dealer_self,610428
2025-10-17,3189,737768,Dealer_Hedging,515315
2025-10-20,3189,8860788,Foreign_Investor,13843100
2025-10-20,3189,0,Foreign_Dealer_Self,0
2025-10-20,3189,269000,Dealer_self,201000
2025-10-20,3189,288051,Dealer_Hedging,238290
2025-10-20,3189,568000,Investment_Trust,182000
2025-10-21,3189,7044270,Foreign_Investor,4758030
2025-10-21,3189,0,Foreign_Dealer_Self,0
2025-10-21,3189,12000,Investment_Trust,338000
2025-10-21,3189,427041,Dealer_self,47000
2025-10-21,3189,429019,Dealer_Hedging,73839
2025-10-22,3189,8080105,Foreign_Investor,8475003
2025-10-22,3189,0,Foreign_Dealer_Self,0
2025-10-22,3189,8000,Investment_Trust,1000
2025-10-22,3189,107000,Dealer_self,78000
2025-10-22,3189,236010,Dealer_Hedging,242378
2025-10-23,3189,6324010,Foreign_Investor,5579133
2025-10-23,3189,0,Foreign_Dealer_Self,0
2025-10-23,3189,13000,Investment_Trust,940000
2025-10-23,3189,207998,Dealer_self,221000
2025-10-23,3189,261854,Dealer_Hedging,67889
2025-10-27,3189,8460570,Foreign_Investor,7024000
2025-10-27,3189,0,Foreign_Dealer_Self,0
2025-10-27,3189,0,Investment_Trust,1205024
2025-10-27,3189,134000,Dealer_self,153000
2025-10-27,3189,73468,Dealer_Hedging,111035
2025-10-28,3189,8834571,Foreign_Investor,14776828
2025-10-28,3189,0,Foreign_Dealer_Self,0
2025-10-28,3189,0,Investment_Trust,2381000
2025-10-28,3189,242000,Dealer_self,389563
2025-10-28,3189,221096,Dealer_Hedging,296722
2025-10-29,3189,4510005,Foreign_Investor,3976585
2025-10-29,3189,0,Foreign_Dealer_Self,0
2025-10-29,3189,57000,Investment_Trust,486000
2025-10-29,3189,92000,Dealer_self,143000
2025-10-29,3189,190005,Dealer_Hedging,34496
2025-10-30,3189,4700000,Foreign_Investor,3735944
2025-10-30,3189,0,Foreign_Dealer_Self,0
2025-10-30,3189,0,Investment_Trust,7000
2025-10-30,3189,81000,Dealer_self,177000
2025-10-30,3189,64387,Dealer_Hedging,212311
2025-10-31,3189,3448300,Foreign_Investor,4343343
2025-10-31,3189,0,Foreign_Dealer_Self,0
2025-10-31,3189,47000,Investment_Trust,1000
2025-10-31,3189,173000,Dealer_self,162000
2025-10-31,3189,89457,Dealer_Hedging,66777
2025-11-03,3189,7212646,Foreign_Investor,10847000
2025-11-03,3189,0,Foreign_Dealer_Self,0
2025-11-03,3189,102000,Investment_Trust,1058000
2025-11-03,3189,187000,Dealer_self,59000
2025-11-03,3189,462941,Dealer_Hedging,171700
2025-11-04,3189,6228865,Foreign_Investor,4950000
2025-11-04,3189,0,Foreign_Dealer_Self,0
2025-11-04,3189,0,Investment_Trust,4000
2025-11-04,3189,224000,Dealer_self,199000
2025-11-04,3189,150777,Dealer_Hedging,200153
2025-11-05,3189,6171096,Foreign_Investor,4175609
2025-11-05,3189,0,Foreign_Dealer_Self,0
2025-11-05,3189,360000,Investment_Trust,892000
2025-11-05,3189,93000,Dealer_self,145000
2025-11-05,3189,110486,Dealer_Hedging,170503
2025-11-06,3189,5058050,Foreign_Investor,4630063
2025-11-06,3189,0,Foreign_Dealer_Self,0
2025-11-06,3189,0,Investment_Trust,3000
2025-11-06,3189,90000,Dealer_self,14000
2025-11-06,3189,34186,Dealer_Hedging,135702
2025-11-07,3189,2460030,Foreign_Investor,2386000
2025-11-07,3189,0,Foreign_Dealer_Self,0
2025-11-07,3189,0,Investment_Trust,3000
2025-11-07,3189,40000,Dealer_self,123000
2025-11-07,3189,18492,Dealer_Hedging,43566
2025-11-10,3189,2725010,Foreign_Investor,4180644
2025-11-10,3189,0,Foreign_Dealer_Self,0
2025-11-10,3189,0,Investment_Trust,2000
2025-11-10,3189,133000,Dealer_self,71000
2025-11-10,3189,161953,Dealer_Hedging,36731
2025-11-11,3189,2093200,Foreign_Investor,2740400
2025-11-11,3189,0,Foreign_Dealer_Self,0
2025-11-11,3189,240000,Dealer_self,39000
2025-11-11,3189,151173,Dealer_Hedging,80970
2025-11-11,3189,0,Investment_Trust,549000
2025-11-12,3189,3611005,Foreign_Investor,4660108
2025-11-12,3189,0,Foreign_Dealer_Self,0
2025-11-12,3189,0,Investment_Trust,7000
2025-11-12,3189,84998,Dealer_self,168000
2025-11-12,3189,132317,Dealer_Hedging,94265
2025-11-13,3189,12918576,Foreign_Investor,14371060
2025-11-13,3189,0,Foreign_Dealer_Self,0
2025-11-13,3189,0,Investment_Trust,9000
2025-11-13,3189,331969,Dealer_self,97000
2025-11-13,3189,969346,Dealer_Hedging,246453
2025-11-14,3189,7990050,Foreign_Investor,6607795
2025-11-14,3189,0,Foreign_Dealer_Self,0
2025-11-14,3189,188000,Investment_Trust,1000
2025-11-14,3189,133000,Dealer_self,438000
2025-11-14,3189,85029,Dealer_Hedging,636646
2025-11-17,3189,14228401,Foreign_Investor,8023559
2025-11-17,3189,0,Foreign_Dealer_Self,0
2025-11-17,3189,846000,Investment_Trust,0
2025-11-17,3189,287309,Dealer_self,246000
2025-11-17,3189,126184,Dealer_Hedging,520231
2025-11-18,3189,19493595,Foreign_Investor,15262349
2025-11-18,3189,0,Foreign_Dealer_Self,0
2025-11-18,3189,1346863,Investment_Trust,917000
2025-11-18,3189,631000,Dealer_self,666000
2025-11-18,3189,670293,Dealer_Hedging,462912
2025-11-19,3189,6807000,Foreign_Investor,11368560
2025-11-19,3189,0,Foreign_Dealer_Self,0
2025-11-19,3189,465000,Investment_Trust,953000
2025-11-19,3189,93000,Dealer_self,633000
2025-11-19,3189,179583,Dealer_Hedging,966455
2025-11-20,3189,9036996,Foreign_Investor,6205782
2025-11-20,3189,0,Foreign_Dealer_Self,0
2025-11-20,3189,175000,Investment_Trust,952000
2025-11-20,3189,67000,Dealer_self,12000
2025-11-20,3189,153060,Dealer_Hedging,62026
2025-11-21,3189,6389529,Foreign_Investor,8528500
2025-11-21,3189,0,Foreign_Dealer_Self,0
2025-11-21,3189,345000,Investment_Trust,1000
2025-11-21,3189,71000,Dealer_self,141000
2025-11-21,3189,120873,Dealer_Hedging,315840
2025-11-24,3189,4794510,Foreign_Investor,5272816
2025-11-24,3189,0,Foreign_Dealer_Self,0
2025-11-24,3189,0,Investment_Trust,0
2025-11-24,3189,64000,Dealer_self,22437
2025-11-24,3189,218115,Dealer_Hedging,113618
2025-11-25,3189,5879430,Foreign_Investor,4194080
2025-11-25,3189,0,Foreign_Dealer_Self,0
2025-11-25,3189,228000,Investment_Trust,5000
2025-11-25,3189,212500,Dealer_self,108000
2025-11-25,3189,474364,Dealer_Hedging,204672
2025-11-26,3189,4864000,Foreign_Investor,3832000
2025-11-26,3189,0,Foreign_Dealer_Self,0
2025-11-26,3189,0,Investment_Trust,226000
2025-11-26,3189,144000,Dealer_self,13000
2025-11-26,3189,465502,Dealer_Hedging,301764
2025-11-27,3189,4740250,Foreign_Investor,2601003
2025-11-27,3189,0,Foreign_Dealer_Self,0
2025-11-27,3189,0,Investment_Trust,1322000
2025-11-27,3189,114000,Dealer_self,146000
2025-11-27,3189,212060,Dealer_Hedging,242331
2025-11-28,3189,2504000,Foreign_Investor,1268155
2025-11-28,3189,0,Foreign_Dealer_Self,0
2025-11-28,3189,234000,Investment_Trust,34000
2025-11-28,3189,55000,Dealer_self,20000
2025-11-28,3189,168275,Dealer_Hedging,139276
2025-12-01,3189,4974864,Foreign_Investor,10123850
2025-12-01,3189,0,Foreign_Dealer_Self,0
2025-12-01,3189,0,Investment_Trust,4000
2025-12-01,3189,120000,Dealer_self,223000
2025-12-01,3189,578712,Dealer_Hedging,195480
2025-12-02,3189,4409000,Foreign_Investor,3918991
2025-12-02,3189,0,Foreign_Dealer_Self,0
2025-12-02,3189,0,Investment_Trust,8000
2025-12-02,3189,101775,Dealer_self,76000
2025-12-02,3189,179432,Dealer_Hedging,132591
2025-12-03,3189,9076278,Foreign_Investor,4217350
2025-12-03,3189,0,Foreign_Dealer_Self,0
2025-12-03,3189,90000,Investment_Trust,2000
2025-12-03,3189,200888,Dealer_self,1000
2025-12-03,3189,812930,Dealer_Hedging,66256
2025-12-04,3189,10702000,Foreign_Investor,9427302
2025-12-04,3189,0,Foreign_Dealer_Self,0
2025-12-04,3189,90000,Investment_Trust,5000
2025-12-04,3189,337000,Dealer_self,49000
2025-12-04,3189,1008507,Dealer_Hedging,352551
2025-12-05,3189,18753928,Foreign_Investor,12435513
2025-12-05,3189,0,Foreign_Dealer_Self,0
2025-12-05,3189,0,Investment_Trust,1450000
2025-12-05,3189,587000,Dealer_self,234000
2025-12-05,3189,997710,Dealer_Hedging,248436
2025-12-08,3189,6355257,Foreign_Investor,8432362
2025-12-08,3189,0,Foreign_Dealer_Self,0
2025-12-08,3189,0,Investment_Trust,988000
2025-12-08,3189,179231,Dealer_self,97000
2025-12-08,3189,265135,Dealer_Hedging,301231
2025-12-09,3189,13641753,Foreign_Investor,10743088
2025-12-09,3189,0,Foreign_Dealer_Self,0
2025-12-09,3189,0,Investment_Trust,2164000
2025-12-09,3189,276000,Dealer_self,217000
2025-12-09,3189,558051,Dealer_Hedging,244034
2025-12-10,3189,6182032,Foreign_Investor,8252652
2025-12-10,3189,0,Foreign_Dealer_Self,0
2025-12-10,3189,0,Investment_Trust,876000
2025-12-10,3189,125000,Dealer_self,267000
2025-12-10,3189,148053,Dealer_Hedging,719513
2025-12-11,3189,6455010,Foreign_Investor,3819211
2025-12-11,3189,0,Foreign_Dealer_Self,0
2025-12-11,3189,0,Investment_Trust,2075000
2025-12-11,3189,94000,Dealer_self,211697
2025-12-11,3189,126250,Dealer_Hedging,260704
2025-12-12,3189,2790060,Foreign_Investor,3484000
2025-12-12,3189,0,Foreign_Dealer_Self,0
2025-12-12,3189,0,Investment_Trust,1000
2025-12-12,3189,107000,Dealer_self,35265
2025-12-12,3189,177520,Dealer_Hedging,113721
2025-12-15,3189,3131010,Foreign_Investor,2356074
2025-12-15,3189,0,Foreign_Dealer_Self,0
2025-12-15,3189,0,Investment_Trust,7000
2025-12-15,3189,64000,Dealer_self,67329
2025-12-15,3189,196033,Dealer_Hedging,50656
2025-12-16,3189,2968103,Foreign_Investor,3417896
2025-12-16,3189,0,Foreign_Dealer_Self,0
2025-12-16,3189,166000,Investment_Trust,3000
2025-12-16,3189,7000,Dealer_self,306000
2025-12-16,3189,6006,Dealer_Hedging,325890
2025-12-17,3189,2538010,Foreign_Investor,3059800
2025-12-17,3189,0,Foreign_Dealer_Self,0
2025-12-17,3189,0,Investment_Trust,3000
2025-12-17,3189,51000,Dealer_self,235000
2025-12-17,3189,46000,Dealer_Hedging,167370
2025-12-18,3189,3505010,Foreign_Investor,2283150
2025-12-18,3189,0,Foreign_Dealer_Self,0
2025-12-18,3189,15000,Investment_Trust,0
2025-12-18,3189,305000,Dealer_self,16000
2025-12-18,3189,240309,Dealer_Hedging,93815
2025-12-19,3189,2249450,Foreign_Investor,2869239
2025-12-19,3189,0,Foreign_Dealer_Self,0
2025-12-19,3189,0,Investment_Trust,0
2025-12-19,3189,165000,Dealer_self,29000
2025-12-19,3189,194792,Dealer_Hedging,42935
2025-12-22,3189,6068100,Foreign_Investor,5761800
2025-12-22,3189,0,Foreign_Dealer_Self,0
2025-12-22,3189,70000,Investment_Trust,1000
2025-12-22,3189,548520,Dealer_self,0
2025-12-22,3189,664189,Dealer_Hedging,71438
2025-12-23,3189,3177350,Foreign_Investor,4464010
2025-12-23,3189,0,Foreign_Dealer_Self,0
2025-12-23,3189,55000,Investment_Trust,2000
2025-12-23,3189,296000,Dealer_self,87000
2025-12-23,3189,75160,Dealer_Hedging,287222
2025-12-24,3189,1969050,Foreign_Investor,1988637
2025-12-24,3189,0,Foreign_Dealer_Self,0
2025-12-24,3189,30000,Investment_Trust,2000
2025-12-24,3189,272000,Dealer_self,54000
2025-12-24,3189,164080,Dealer_Hedging,185781
2025-12-26,3189,9064226,Foreign_Investor,4103724
2025-12-26,3189,0,Foreign_Dealer_Self,0
2025-12-26,3189,20000,Investment_Trust,2000
2025-12-26,3189,450000,Dealer_self,7000
2025-12-26,3189,465277,Dealer_Hedging,83002
2025-12-29,3189,0,Foreign_Dealer_Self,0
2025-12-29,3189,0,Investment_Trust,5000
2025-12-29,3189,85000,Dealer_self,0
2025-12-29,3189,135941,Dealer_Hedging,291081
2025-12-29,3189,3039000,Foreign_Investor,3306000
2025-12-30,3189,2074011,Foreign_Investor,3589147
2025-12-30,3189,0,Foreign_Dealer_Self,0
2025-12-30,3189,20000,Investment_Trust,1000
2025-12-30,3189,241000,Dealer_self,2000
2025-12-30,3189,623198,Dealer_Hedging,61551
2025-12-31,3189,12141063,Foreign_Investor,7728090
2025-12-31,3189,0,Foreign_Dealer_Self,0
2025-12-31,3189,20000,Investment_Trust,6000
2025-12-31,3189,237000,Dealer_self,38000
2025-12-31,3189,1267117,Dealer_Hedging,69449
2026-01-02,3189,5564700,Foreign_Investor,10514674
2026-01-02,3189,0,Foreign_Dealer_Self,0
2026-01-02,3189,20000,Investment_Trust,6000
2026-01-02,3189,232000,Dealer_self,86000
2026-01-02,3189,742795,Dealer_Hedging,396860
2026-01-05,3189,14687293,Foreign_Investor,10809200
2026-01-05,3189,0,Foreign_Dealer_Self,0
2026-01-05,3189,12000,Investment_Trust,1000
2026-01-05,3189,731000,Dealer_self,106000
2026-01-05,3189,2766851,Dealer_Hedging,287709
2026-01-06,3189,7217500,Foreign_Investor,10214083
2026-01-06,3189,0,Foreign_Dealer_Self,0
2026-01-06,3189,12000,Investment_Trust,7000
2026-01-06,3189,394000,Dealer_self,29000
2026-01-06,3189,657805,Dealer_Hedging,268226
2026-01-07,3189,15001000,Foreign_Investor,15900653
2026-01-07,3189,0,Foreign_Dealer_Self,0
2026-01-07,3189,3860000,Investment_Trust,0
2026-01-07,3189,551000,Dealer_self,1218000
2026-01-07,3189,1103545,Dealer_Hedging,2181042
2026-01-08,3189,6904017,Foreign_Investor,7545072
2026-01-08,3189,0,Foreign_Dealer_Self,0
2026-01-08,3189,27000,Investment_Trust,4000
2026-01-08,3189,122000,Dealer_self,506611
2026-01-08,3189,199706,Dealer_Hedging,899480
2026-01-09,3189,8871000,Foreign_Investor,8247356
2026-01-09,3189,0,Foreign_Dealer_Self,0
2026-01-09,3189,680000,Investment_Trust,7000
2026-01-09,3189,208000,Dealer_self,147000
2026-01-09,3189,370833,Dealer_Hedging,187171
2026-01-12,3189,10015692,Foreign_Investor,8847010
2026-01-12,3189,0,Foreign_Dealer_Self,0
2026-01-12,3189,360000,Investment_Trust,3000
2026-01-12,3189,520999,Dealer_self,182000
2026-01-12,3189,342832,Dealer_Hedging,197288
2026-01-13,3189,9000004,Foreign_Investor,13065229
2026-01-13,3189,0,Foreign_Dealer_Self,0
2026-01-13,3189,829000,Investment_Trust,13000
2026-01-13,3189,122000,Dealer_self,418000
2026-01-13,3189,84697,Dealer_Hedging,649549
2026-01-14,3189,3347831,Foreign_Investor,7638970
2026-01-14,3189,0,Foreign_Dealer_Self,0
2026-01-14,3189,65000,Investment_Trust,42000
2026-01-14,3189,74000,Dealer_self,150000
2026-01-14,3189,130111,Dealer_Hedging,333916
2026-01-15,3189,6207010,Foreign_Investor,9819521
2026-01-15,3189,0,Foreign_Dealer_Self,0
2026-01-15,3189,16000,Investment_Trust,26000
2026-01-15,3189,124000,Dealer_self,234012
2026-01-15,3189,232577,Dealer_Hedging,362711
2026-01-16,3189,16105728,Foreign_Investor,9532186
2026-01-16,3189,0,Foreign_Dealer_Self,0
2026-01-16,3189,816000,Investment_Trust,19000
2026-01-16,3189,228000,Dealer_self,134000
2026-01-16,3189,447829,Dealer_Hedging,223065
2026-01-19,3189,13928405,Foreign_Investor,24032572
2026-01-19,3189,0,Foreign_Dealer_Self,0
2026-01-19,3189,2556000,Investment_Trust,4000
2026-01-19,3189,893000,Dealer_self,470001
2026-01-19,3189,445175,Dealer_Hedging,482873
2026-01-20,3189,23970148,Foreign_Investor,26748231
2026-01-20,3189,0,Foreign_Dealer_Self,0
2026-01-20,3189,621000,Investment_Trust,1000
2026-01-20,3189,422500,Dealer_self,571987
2026-01-20,3189,287025,Dealer_Hedging,1673125
2026-01-21,3189,18505672,Foreign_Investor,25367641
2026-01-21,3189,0,Foreign_Dealer_Self,0
2026-01-21,3189,3455000,Investment_Trust,4000
2026-01-21,3189,368000,Dealer_self,403000
2026-01-21,3189,554588,Dealer_Hedging,1185032
2026-01-22,3189,9258903,Foreign_Investor,10382420
2026-01-22,3189,0,Foreign_Dealer_Self,0
2026-01-22,3189,1449000,Investment_Trust,0
2026-01-22,3189,153525,Dealer_self,216000
2026-01-22,3189,114792,Dealer_Hedging,307951
2026-01-23,3189,11719130,Foreign_Investor,7402574
2026-01-23,3189,0,Foreign_Dealer_Self,0
2026-01-23,3189,16000,Investment_Trust,7000
2026-01-23,3189,496000,Dealer_self,435525
2026-01-23,3189,305925,Dealer_Hedging,520075
2026-01-26,3189,7049294,Foreign_Investor,8309300
2026-01-26,3189,0,Foreign_Dealer_Self,0
2026-01-26,3189,388000,Investment_Trust,4000
2026-01-26,3189,319000,Dealer_self,338000
2026-01-26,3189,434140,Dealer_Hedging,1200447
2026-01-27,3189,7333545,Foreign_Investor,6548997
2026-01-27,3189,0,Foreign_Dealer_Self,0
2026-01-27,3189,1167000,Investment_Trust,0
2026-01-27,3189,336000,Dealer_self,349000
2026-01-27,3189,308057,Dealer_Hedging,164596
2026-01-28,3189,20878870,Foreign_Investor,17791223
2026-01-28,3189,0,Foreign_Dealer_Self,0
2026-01-28,3189,1172000,Investment_Trust,0
2026-01-28,3189,1043000,Dealer_self,1050000
2026-01-28,3189,378114,Dealer_Hedging,558225
2026-01-29,3189,10031515,Foreign_Investor,13703502
2026-01-29,3189,0,Foreign_Dealer_Self,0
2026-01-29,3189,1615000,Investment_Trust,20000
2026-01-29,3189,450251,Dealer_self,1328000
2026-01-29,3189,657083,Dealer_Hedging,1009430
2026-01-30,3189,20144834,Foreign_Investor,25481160
2026-01-30,3189,0,Foreign_Dealer_Self,0
2026-01-30,3189,1079000,Investment_Trust,1000
2026-01-30,3189,779000,Dealer_self,115000
2026-01-30,3189,1140404,Dealer_Hedging,408251
2026-02-02,3189,14275686,Foreign_Investor,14437204
2026-02-02,3189,0,Foreign_Dealer_Self,0
2026-02-02,3189,998178,Investment_Trust,0
2026-02-02,3189,346000,Dealer_self,424000
2026-02-02,3189,460251,Dealer_Hedging,593341
2026-02-03,3189,21489900,Foreign_Investor,25056071
2026-02-03,3189,0,Foreign_Dealer_Self,0
2026-02-03,3189,4945089,Investment_Trust,6000
2026-02-03,3189,784000,Dealer_self,1285000
2026-02-03,3189,774896,Dealer_Hedging,850661
2026-02-04,3189,33341178,Foreign_Investor,10577042
2026-02-04,3189,0,Foreign_Dealer_Self,0
2026-02-04,3189,309089,Investment_Trust,0
2026-02-04,3189,389000,Dealer_self,254000
2026-02-04,3189,453263,Dealer_Hedging,1285886
2026-02-05,3189,14532000,Foreign_Investor,19421103
2026-02-05,3189,0,Foreign_Dealer_Self,0
2026-02-05,3189,62355,Investment_Trust,0
2026-02-05,3189,1050000,Dealer_self,733000
2026-02-05,3189,376337,Dealer_Hedging,827223
2026-02-06,3189,11240096,Foreign_Investor,11935121
2026-02-06,3189,0,Foreign_Dealer_Self,0
2026-02-06,3189,98000,Investment_Trust,1000
2026-02-06,3189,172000,Dealer_self,478000
2026-02-06,3189,619529,Dealer_Hedging,711326
2026-02-09,3189,13489183,Foreign_Investor,15792386
2026-02-09,3189,0,Foreign_Dealer_Self,0
2026-02-09,3189,436178,Investment_Trust,4000
2026-02-09,3189,696000,Dealer_self,227000
2026-02-09,3189,302065,Dealer_Hedging,527076
2026-02-10,3189,14534960,Foreign_Investor,21687074
2026-02-10,3189,0,Foreign_Dealer_Self,0
2026-02-10,3189,553000,Investment_Trust,3000
2026-02-10,3189,507000,Dealer_self,673000
2026-02-10,3189,533486,Dealer_Hedging,1035208
2026-02-11,3189,14003531,Foreign_Investor,7202355
2026-02-11,3189,0,Foreign_Dealer_Self,0
2026-02-11,3189,316000,Investment_Trust,0
2026-02-11,3189,293000,Dealer_self,419019
2026-02-11,3189,258669,Dealer_Hedging,329339
2026-02-23,3189,0,Foreign_Dealer_Self,0
2026-02-23,3189,0,Investment_Trust,8000
2026-02-23,3189,321000,Dealer_self,454000
2026-02-23,3189,168347,Dealer_Hedging,831775
2026-02-23,3189,5340996,Foreign_Investor,6244000
2026-02-24,3189,9252305,Foreign_Investor,9285003
2026-02-24,3189,0,Foreign_Dealer_Self,0
2026-02-24,3189,1027000,Investment_Trust,0
2026-02-24,3189,207000,Dealer_self,449000
2026-02-24,3189,382908,Dealer_Hedging,537175
2026-02-25,3189,19516754,Foreign_Investor,19893453
2026-02-25,3189,0,Foreign_Dealer_Self,0
2026-02-25,3189,377000,Dealer_self,1103994
2026-02-25,3189,763462,Dealer_Hedging,1288333
2026-02-25,3189,929565,Investment_Trust,0
2026-02-26,3189,12190103,Foreign_Investor,19020185
2026-02-26,3189,0,Foreign_Dealer_Self,0
2026-02-26,3189,0,Investment_Trust,270028
2026-02-26,3189,119000,Dealer_self,1070000
2026-02-26,3189,1224276,Dealer_Hedging,1454973
2026-03-02,3189,11688819,Foreign_Investor,15686900
2026-03-02,3189,0,Foreign_Dealer_Self,0
2026-03-02,3189,0,Investment_Trust,113000
2026-03-02,3189,478000,Dealer_self,371000
2026-03-02,3189,1084020,Dealer_Hedging,890315
2026-03-03,3189,17322330,Foreign_Investor,12440335
2026-03-03,3189,0,Foreign_Dealer_Self,0
2026-03-03,3189,293000,Investment_Trust,169000
2026-03-03,3189,591000,Dealer_self,495006
2026-03-03,3189,307628,Dealer_Hedging,256699
2026-03-04,3189,16030346,Foreign_Investor,14276656
2026-03-04,3189,0,Foreign_Dealer_Self,0
2026-03-04,3189,2000,Investment_Trust,498000
2026-03-04,3189,565340,Dealer_self,635000
2026-03-04,3189,596423,Dealer_Hedging,646098
2026-03-05,3189,8638776,Foreign_Investor,13160125
2026-03-05,3189,0,Foreign_Dealer_Self,0
2026-03-05,3189,54000,Investment_Trust,0
2026-03-05,3189,412000,Dealer_self,306000
2026-03-05,3189,344141,Dealer_Hedging,349243
2026-03-06,3189,5835138,Foreign_Investor,6763472
2026-03-06,3189,0,Foreign_Dealer_Self,0
2026-03-06,3189,80000,Investment_Trust,2000
2026-03-06,3189,71952,Dealer_self,139000
2026-03-06,3189,296406,Dealer_Hedging,226828
2026-03-09,3189,6874731,Foreign_Investor,3831792
2026-03-09,3189,0,Foreign_Dealer_Self,0
2026-03-09,3189,0,Investment_Trust,726000
2026-03-09,3189,12000,Dealer_self,290520
2026-03-09,3189,121076,Dealer_Hedging,643572
2026-03-10,3189,7871768,Foreign_Investor,9591170
2026-03-10,3189,0,Foreign_Dealer_Self,0
2026-03-10,3189,10000,Investment_Trust,0
2026-03-10,3189,128000,Dealer_self,217820
2026-03-10,3189,488990,Dealer_Hedging,433610
2026-03-11,3189,6012724,Foreign_Investor,9538100
2026-03-11,3189,0,Foreign_Dealer_Self,0
2026-03-11,3189,255097,Dealer_self,80856
2026-03-11,3189,753744,Dealer_Hedging,604898
2026-03-11,3189,342000,Investment_Trust,78000
2026-03-12,3189,6991738,Foreign_Investor,9588192
2026-03-12,3189,0,Foreign_Dealer_Self,0
2026-03-12,3189,0,Investment_Trust,1353000
2026-03-12,3189,115437,Dealer_self,94000
2026-03-12,3189,632328,Dealer_Hedging,686709
2026-03-13,3189,14127182,Foreign_Investor,8632327
2026-03-13,3189,0,Foreign_Dealer_Self,0
2026-03-13,3189,125998,Dealer_self,165000
2026-03-13,3189,751009,Dealer_Hedging,550125
2026-03-13,3189,4165000,Investment_Trust,4084
2026-03-16,3189,24540649,Foreign_Investor,28662101
2026-03-16,3189,0,Foreign_Dealer_Self,0
2026-03-16,3189,502002,Dealer_self,263000
2026-03-16,3189,997778,Dealer_Hedging,1045913
2026-03-16,3189,664000,Investment_Trust,9000
2026-03-17,3189,17200838,Foreign_Investor,19486700
2026-03-17,3189,0,Foreign_Dealer_Self,0
2026-03-17,3189,86000,Investment_Trust,1354000
2026-03-17,3189,1186000,Dealer_self,359000
2026-03-17,3189,833076,Dealer_Hedging,762737
2026-03-18,3189,19558467,Foreign_Investor,14203166
2026-03-18,3189,0,Foreign_Dealer_Self,0
2026-03-18,3189,10000,Investment_Trust,2000
2026-03-18,3189,840000,Dealer_self,311000
2026-03-18,3189,1890886,Dealer_Hedging,1264551
2026-03-19,3189,18751259,Foreign_Investor,17590192
2026-03-19,3189,0,Foreign_Dealer_Self,0
2026-03-19,3189,3782000,Investment_Trust,0
2026-03-19,3189,451121,Dealer_self,1466363
2026-03-19,3189,652529,Dealer_Hedging,614129
2026-03-20,3189,1908228,Foreign_Investor,2532118
2026-03-20,3189,0,Foreign_Dealer_Self,0
2026-03-20,3189,672634,Investment_Trust,57085
2026-03-20,3189,368988,Dealer_self,734155
2026-03-20,3189,253184,Dealer_Hedging,656734
2026-03-23,3189,1972820,Foreign_Investor,1849740
2026-03-23,3189,0,Foreign_Dealer_Self,0
2026-03-23,3189,6000,Investment_Trust,351089
2026-03-23,3189,57000,Dealer_self,712000
2026-03-23,3189,98400,Dealer_Hedging,335243
2026-03-24,3189,2997604,Foreign_Investor,1473341
2026-03-24,3189,0,Foreign_Dealer_Self,0
2026-03-24,3189,1000,Investment_Trust,1260706
2026-03-24,3189,43150,Dealer_self,571586
2026-03-24,3189,125156,Dealer_Hedging,393947
2026-03-25,3189,1639237,Foreign_Investor,699852
2026-03-25,3189,0,Foreign_Dealer_Self,0
2026-03-25,3189,0,Investment_Trust,194
2026-03-25,3189,225958,Dealer_self,70721
2026-03-25,3189,120369,Dealer_Hedging,305614
2026-03-26,3189,2011583,Foreign_Investor,873035
2026-03-26,3189,0,Foreign_Dealer_Self,0
2026-03-26,3189,25000,Investment_Trust,301187
2026-03-26,3189,156998,Dealer_self,71995
2026-03-26,3189,190117,Dealer_Hedging,151561
2026-03-27,3189,1417334,Foreign_Investor,996320
2026-03-27,3189,0,Foreign_Dealer_Self,0
2026-03-27,3189,11000,Investment_Trust,90491
2026-03-27,3189,114000,Dealer_self,86105
2026-03-27,3189,158005,Dealer_Hedging,88700
2026-03-30,3189,1660947,Foreign_Investor,1579257
2026-03-30,3189,0,Foreign_Dealer_Self,0
2026-03-30,3189,2000,Investment_Trust,1225420
2026-03-30,3189,100000,Dealer_self,81897
2026-03-30,3189,291919,Dealer_Hedging,219409
2026-03-31,3189,1175436,Foreign_Investor,1298532
2026-03-31,3189,0,Foreign_Dealer_Self,0
2026-03-31,3189,2000,Investment_Trust,1303614
2026-03-31,3189,29000,Dealer_self,157873
2026-03-31,3189,187350,Dealer_Hedging,575878
2026-04-01,3189,1839573,Foreign_Investor,537906
2026-04-01,3189,0,Foreign_Dealer_Self,0
2026-04-01,3189,4799,Investment_Trust,2132114
2026-04-01,3189,134997,Dealer_self,159997
2026-04-01,3189,79350,Dealer_Hedging,82391
2026-04-02,3189,2968298,Foreign_Investor,1046441
2026-04-02,3189,0,Foreign_Dealer_Self,0
2026-04-02,3189,1000,Investment_Trust,921000
2026-04-02,3189,217999,Dealer_self,136111
2026-04-02,3189,319686,Dealer_Hedging,118114
2026-04-07,3189,3337160,Foreign_Investor,1390351
2026-04-07,3189,0,Foreign_Dealer_Self,0
2026-04-07,3189,0,Investment_Trust,180000
2026-04-07,3189,105994,Dealer_self,207000
2026-04-07,3189,106040,Dealer_Hedging,116779
2026-04-08,3189,2923583,Foreign_Investor,885317
2026-04-08,3189,0,Foreign_Dealer_Self,0
2026-04-08,3189,1,Investment_Trust,67637
2026-04-08,3189,69993,Dealer_self,90000
2026-04-08,3189,416344,Dealer_Hedging,82510
2026-04-09,3189,11068777,Foreign_Investor,14335977
2026-04-09,3189,0,Foreign_Dealer_Self,0
2026-04-09,3189,141000,Investment_Trust,30000
2026-04-09,3189,699000,Dealer_self,462159
2026-04-09,3189,914407,Dealer_Hedging,804394
2026-04-10,3189,5400824,Foreign_Investor,7569741
2026-04-10,3189,0,Foreign_Dealer_Self,0
2026-04-10,3189,286000,Dealer_self,234907
2026-04-10,3189,534111,Dealer_Hedging,408826
2026-04-10,3189,365000,Investment_Trust,1600159
2026-04-13,3189,7251941,Foreign_Investor,6340880
2026-04-13,3189,0,Foreign_Dealer_Self,0
2026-04-13,3189,69000,Investment_Trust,577084
2026-04-13,3189,1132848,Dealer_self,137000
2026-04-13,3189,899608,Dealer_Hedging,791453
2026-04-14,3189,10840809,Foreign_Investor,7747335
2026-04-14,3189,0,Foreign_Dealer_Self,0
2026-04-14,3189,221000,Dealer_self,92000
2026-04-14,3189,231699,Dealer_Hedging,140024
2026-04-14,3189,1402000,Investment_Trust,3425114
2026-04-15,3189,15085768,Foreign_Investor,11128565
2026-04-15,3189,0,Foreign_Dealer_Self,0
2026-04-15,3189,64320,Investment_Trust,825787
2026-04-15,3189,387000,Dealer_self,239000
2026-04-15,3189,601272,Dealer_Hedging,366176
2026-04-16,3189,9607443,Foreign_Investor,11814565
2026-04-16,3189,0,Foreign_Dealer_Self,0
2026-04-16,3189,282000,Dealer_self,155804
2026-04-16,3189,399367,Dealer_Hedging,275284
2026-04-16,3189,77000,Investment_Trust,225000
2026-04-17,3189,7683628,Foreign_Investor,8903415
2026-04-17,3189,0,Foreign_Dealer_Self,0
2026-04-17,3189,319000,Investment_Trust,117000
2026-04-17,3189,105000,Dealer_self,73000
2026-04-17,3189,179073,Dealer_Hedging,213398
2026-04-20,3189,11295420,Foreign_Investor,7231591
2026-04-20,3189,0,Foreign_Dealer_Self,0
2026-04-20,3189,0,Investment_Trust,0
2026-04-20,3189,148000,Dealer_self,44893
2026-04-20,3189,624749,Dealer_Hedging,156662
2026-04-21,3189,10451190,Foreign_Investor,7597599
2026-04-21,3189,0,Foreign_Dealer_Self,0
2026-04-21,3189,935000,Investment_Trust,245000
2026-04-21,3189,187469,Dealer_self,93060
2026-04-21,3189,424551,Dealer_Hedging,559925
2026-04-22,3189,15642438,Foreign_Investor,14017428
2026-04-22,3189,0,Foreign_Dealer_Self,0
2026-04-22,3189,861000,Investment_Trust,203000
2026-04-22,3189,344200,Dealer_self,70400
2026-04-22,3189,493485,Dealer_Hedging,746443
2026-04-23,3189,18385332,Foreign_Investor,18237191
2026-04-23,3189,0,Foreign_Dealer_Self,0
2026-04-23,3189,191000,Investment_Trust,372000
2026-04-23,3189,732568,Dealer_self,1079201
2026-04-23,3189,1140506,Dealer_Hedging,1401221
2026-04-24,3189,14469222,Foreign_Investor,7876137
2026-04-24,3189,0,Foreign_Dealer_Self,0
2026-04-24,3189,250150,Dealer_self,191567
2026-04-24,3189,780952,Dealer_Hedging,792128
2026-04-24,3189,2635000,Investment_Trust,101000
2026-04-27,3189,11707674,Foreign_Investor,21340485
2026-04-27,3189,0,Foreign_Dealer_Self,0
2026-04-27,3189,411000,Investment_Trust,73000
2026-04-27,3189,246000,Dealer_self,230477
2026-04-27,3189,817243,Dealer_Hedging,947858
2026-04-28,3189,12206101,Foreign_Investor,16203161
2026-04-28,3189,0,Foreign_Dealer_Self,0
2026-04-28,3189,265150,Dealer_self,505000
2026-04-28,3189,664117,Dealer_Hedging,690220
2026-04-28,3189,1909000,Investment_Trust,92901
2026-04-29,3189,8795946,Foreign_Investor,8368925
2026-04-29,3189,0,Foreign_Dealer_Self,0
2026-04-29,3189,1159000,Investment_Trust,376480
2026-04-29,3189,45000,Dealer_self,100896
2026-04-29,3189,402174,Dealer_Hedging,387892
2026-04-30,3189,15360618,Foreign_Investor,16361140
2026-04-30,3189,0,Foreign_Dealer_Self,0
2026-04-30,3189,180000,Investment_Trust,6000
2026-04-30,3189,154600,Dealer_self,165000
2026-04-30,3189,523510,Dealer_Hedging,444304
2026-05-04,3189,7929698,Foreign_Investor,7806004
2026-05-04,3189,0,Foreign_Dealer_Self,0
2026-05-04,3189,646000,Investment_Trust,105000
2026-05-04,3189,273200,Dealer_self,373000
2026-05-04,3189,255043,Dealer_Hedging,306241
2026-05-05,3189,4503622,Foreign_Investor,4107993
2026-05-05,3189,0,Foreign_Dealer_Self,0
2026-05-05,3189,537000,Investment_Trust,449000
2026-05-05,3189,42000,Dealer_self,56000
2026-05-05,3189,130045,Dealer_Hedging,137244
2026-05-06,3189,9028612,Foreign_Investor,11689673
2026-05-06,3189,0,Foreign_Dealer_Self,0
2026-05-06,3189,1000,Investment_Trust,366728
2026-05-06,3189,221300,Dealer_self,1157000
2026-05-06,3189,1552663,Dealer_Hedging,1776440
2026-05-07,3189,7582465,Foreign_Investor,5991313
2026-05-07,3189,0,Foreign_Dealer_Self,0
2026-05-07,3189,189084,Investment_Trust,555000
2026-05-07,3189,133000,Dealer_self,96000
2026-05-07,3189,288892,Dealer_Hedging,277991
2026-05-08,3189,11572947,Foreign_Investor,7913188
2026-05-08,3189,0,Foreign_Dealer_Self,0
2026-05-08,3189,169000,Investment_Trust,3718000
2026-05-08,3189,117000,Dealer_self,328366
2026-05-08,3189,1034113,Dealer_Hedging,1020697
2026-05-11,3189,10658201,Foreign_Investor,6362277
2026-05-11,3189,0,Foreign_Dealer_Self,0
2026-05-11,3189,15000,Investment_Trust,3945000
2026-05-11,3189,129100,Dealer_self,70000
2026-05-11,3189,549244,Dealer_Hedging,179059
2026-05-12,3189,9040380,Foreign_Investor,10051930
2026-05-12,3189,0,Foreign_Dealer_Self,0
2026-05-12,3189,19000,Investment_Trust,1185269
2026-05-12,3189,115000,Dealer_self,113459
2026-05-12,3189,370731,Dealer_Hedging,726678
2026-05-13,3189,8234803,Foreign_Investor,7480784
2026-05-13,3189,0,Foreign_Dealer_Self,0
2026-05-13,3189,0,Investment_Trust,1102380
2026-05-13,3189,90000,Dealer_self,118000
2026-05-13,3189,255000,Dealer_Hedging,198097
2026-05-14,3189,18564903,Foreign_Investor,11858644
2026-05-14,3189,0,Foreign_Dealer_Self,0
2026-05-14,3189,664000,Dealer_self,114413
2026-05-14,3189,860617,Dealer_Hedging,667994
2026-05-14,3189,224000,Investment_Trust,664723
2026-05-15,3189,8953250,Foreign_Investor,15850809
2026-05-15,3189,0,Foreign_Dealer_Self,0
2026-05-15,3189,525000,Investment_Trust,30000
2026-05-15,3189,256000,Dealer_self,369159
2026-05-15,3189,476949,Dealer_Hedging,664862
2026-05-18,3189,7218513,Foreign_Investor,7200591
2026-05-18,3189,0,Foreign_Dealer_Self,0
2026-05-18,3189,633000,Investment_Trust,20000
2026-05-18,3189,317579,Dealer_self,143579
2026-05-18,3189,483556,Dealer_Hedging,248596
2026-05-19,3189,13147193,Foreign_Investor,10766555
2026-05-19,3189,0,Foreign_Dealer_Self,0
2026-05-19,3189,458474,Investment_Trust,30000
2026-05-19,3189,196250,Dealer_self,171000
2026-05-19,3189,482408,Dealer_Hedging,558664
2026-05-20,3189,14286750,Foreign_Investor,15052267
2026-05-20,3189,0,Foreign_Dealer_Self,0
2026-05-20,3189,168000,Investment_Trust,33000
2026-05-20,3189,156000,Dealer_self,110300
2026-05-20,3189,314922,Dealer_Hedging,381351
2026-05-21,3189,15722831,Foreign_Investor,3803715
2026-05-21,3189,0,Foreign_Dealer_Self,0
2026-05-21,3189,1779000,Investment_Trust,2000
2026-05-21,3189,357000,Dealer_self,115100
2026-05-21,3189,1251181,Dealer_Hedging,490414
2026-05-22,3189,0,Foreign_Dealer_Self,0
2026-05-22,3189,594000,Investment_Trust,10000
2026-05-22,3189,116000,Dealer_self,38000
2026-05-22,3189,377294,Dealer_Hedging,600723
2026-05-22,3189,2951000,Foreign_Investor,1556217
2026-05-25,3189,1746000,Foreign_Investor,1761406
2026-05-25,3189,0,Foreign_Dealer_Self,0
2026-05-25,3189,1191000,Investment_Trust,32000
2026-05-25,3189,15000,Dealer_self,74000
2026-05-25,3189,260325,Dealer_Hedging,380300
2026-05-26,3189,19533471,Foreign_Investor,15135917
2026-05-26,3189,0,Foreign_Dealer_Self,0
2026-05-26,3189,2307000,Investment_Trust,0
2026-05-26,3189,397270,Dealer_self,277000
2026-05-26,3189,528334,Dealer_Hedging,773276
2026-05-27,3189,9988010,Foreign_Investor,11716810
2026-05-27,3189,0,Foreign_Dealer_Self,0
2026-05-27,3189,869191,Investment_Trust,0
2026-05-27,3189,207700,Dealer_self,288153
2026-05-27,3189,308209,Dealer_Hedging,371706
2026-05-28,3189,2559569,Foreign_Investor,2629982
2026-05-28,3189,0,Foreign_Dealer_Self,0
2026-05-28,3189,3286,Investment_Trust,1000
2026-05-28,3189,67096,Dealer_self,251000
2026-05-28,3189,148840,Dealer_Hedging,318075
2026-05-29,3189,3314023,Foreign_Investor,1586854
2026-05-29,3189,0,Foreign_Dealer_Self,0
2026-05-29,3189,95,Investment_Trust,1000
2026-05-29,3189,215000,Dealer_self,18000
2026-05-29,3189,338916,Dealer_Hedging,73107
2026-06-01,3189,0,Foreign_Dealer_Self,0
2026-06-01,3189,19191,Investment_Trust,4000
2026-06-01,3189,177315,Dealer_self,48000
2026-06-01,3189,257219,Dealer_Hedging,32700
2026-06-01,3189,2619885,Foreign_Investor,1684928
2026-06-02,3189,0,Foreign_Dealer_Self,0
2026-06-02,3189,95,Investment_Trust,12000
2026-06-02,3189,34000,Dealer_self,448096
2026-06-02,3189,90652,Dealer_Hedging,367605
2026-06-02,3189,2038540,Foreign_Investor,1879067
2026-06-03,3189,2186287,Foreign_Investor,921053
2026-06-03,3189,0,Foreign_Dealer_Self,0
2026-06-03,3189,3256,Investment_Trust,909000
2026-06-03,3189,21000,Dealer_self,81100
2026-06-03,3189,38059,Dealer_Hedging,123929
2026-06-04,3189,1351072,Foreign_Investor,1953977
2026-06-04,3189,0,Foreign_Dealer_Self,0
2026-06-04,3189,6196,Investment_Trust,897000
2026-06-04,3189,26000,Dealer_self,367581
2026-06-04,3189,193648,Dealer_Hedging,408054
2026-06-05,3189,3319113,Foreign_Investor,991329
2026-06-05,3189,0,Foreign_Dealer_Self,0
2026-06-05,3189,5095,Investment_Trust,522000
2026-06-05,3189,63997,Dealer_self,427972
2026-06-05,3189,88809,Dealer_Hedging,532435
2026-06-08,3189,3701662,Foreign_Investor,1137340
2026-06-08,3189,0,Foreign_Dealer_Self,0
2026-06-08,3189,3000,Investment_Trust,1550000
2026-06-08,3189,36887,Dealer_self,163999
2026-06-08,3189,114198,Dealer_Hedging,138580
2026-06-09,3189,1871328,Foreign_Investor,1230346
2026-06-09,3189,0,Foreign_Dealer_Self,0
2026-06-09,3189,2000,Investment_Trust,358000
2026-06-09,3189,99000,Dealer_self,138897
2026-06-09,3189,92418,Dealer_Hedging,356640
2026-06-10,3189,0,Foreign_Dealer_Self,0
2026-06-10,3189,3013583,Foreign_Investor,1154286
2026-06-10,3189,1000,Investment_Trust,347000
2026-06-10,3189,20000,Dealer_self,180286
2026-06-10,3189,251279,Dealer_Hedging,239841
2026-06-11,3189,9824194,Foreign_Investor,10094129
2026-06-11,3189,0,Foreign_Dealer_Self,0
2026-06-11,3189,105095,Investment_Trust,1212000
2026-06-11,3189,299000,Dealer_self,483450
2026-06-11,3189,907295,Dealer_Hedging,1086469
2026-06-12,3189,0,Foreign_Dealer_Self,0
2026-06-12,3189,8562221,Foreign_Investor,10469712
2026-06-12,3189,1262000,Investment_Trust,1676000
2026-06-12,3189,283079,Dealer_self,61688
2026-06-12,3189,417975,Dealer_Hedging,379737
2026-06-15,3189,6845200,Foreign_Investor,6961926
2026-06-15,3189,0,Foreign_Dealer_Self,0
2026-06-15,3189,437095,Investment_Trust,0
2026-06-15,3189,299668,Dealer_self,57000
2026-06-15,3189,287005,Dealer_Hedging,221170
2026-06-16,3189,0,Foreign_Dealer_Self,0
2026-06-16,3189,6836533,Foreign_Investor,9033017
2026-06-16,3189,11095,Investment_Trust,475000
2026-06-16,3189,544000,Dealer_self,28468
2026-06-16,3189,527123,Dealer_Hedging,516678
2026-06-17,3189,7569406,Foreign_Investor,3379786
2026-06-17,3189,0,Foreign_Dealer_Self,0
2026-06-17,3189,134000,Investment_Trust,6000
2026-06-17,3189,137000,Dealer_self,277000
2026-06-17,3189,1164108,Dealer_Hedging,727216
2026-06-18,3189,0,Foreign_Dealer_Self,0
2026-06-18,3189,7191927,Foreign_Investor,9863823
2026-06-18,3189,67000,Investment_Trust,65000
2026-06-18,3189,577255,Dealer_self,61370
2026-06-18,3189,628176,Dealer_Hedging,890232
2026-06-19,3189,0,Foreign_Dealer_Self,0
2026-06-19,3189,202000,Foreign_Investor,643000
2026-06-19,3189,128000,Investment_Trust,0
2026-06-19,3189,18000,Dealer_self,7000
2026-06-19,3189,116000,Dealer_Hedging,96000
2026-06-22,3189,4493395,Foreign_Investor,4601958
2026-06-22,3189,0,Foreign_Dealer_Self,0
2026-06-22,3189,1615000,Investment_Trust,376768
2026-06-22,3189,217000,Dealer_self,110000
2026-06-22,3189,441975,Dealer_Hedging,101462
