date,stock_id,buy,name,sell
2024-07-23,3213,35000,Foreign_Investor,57000
2024-07-23,3213,0,Foreign_Dealer_Self,0
2024-07-23,3213,0,Investment_Trust,0
2024-07-23,3213,0,Dealer_self,0
2024-07-23,3213,2000,Dealer_Hedging,1634
2024-07-26,3213,49000,Foreign_Investor,29000
2024-07-26,3213,0,Foreign_Dealer_Self,0
2024-07-26,3213,0,Investment_Trust,0
2024-07-26,3213,0,Dealer_self,0
2024-07-26,3213,3000,Dealer_Hedging,2925
2024-07-29,3213,53000,Foreign_Investor,174000
2024-07-29,3213,0,Foreign_Dealer_Self,0
2024-07-29,3213,0,Investment_Trust,0
2024-07-29,3213,0,Dealer_self,3000
2024-07-29,3213,4000,Dealer_Hedging,3925
2024-07-30,3213,105000,Foreign_Investor,45000
2024-07-30,3213,0,Foreign_Dealer_Self,0
2024-07-30,3213,0,Investment_Trust,0
2024-07-30,3213,0,Dealer_self,0
2024-07-30,3213,0,Dealer_Hedging,99
2024-07-31,3213,17000,Foreign_Investor,43000
2024-07-31,3213,0,Foreign_Dealer_Self,0
2024-07-31,3213,0,Investment_Trust,0
2024-07-31,3213,0,Dealer_self,0
2024-07-31,3213,0,Dealer_Hedging,0
2024-08-01,3213,55000,Foreign_Investor,97000
2024-08-01,3213,0,Foreign_Dealer_Self,0
2024-08-01,3213,0,Investment_Trust,0
2024-08-01,3213,10000,Dealer_self,0
2024-08-01,3213,0,Dealer_Hedging,4014
2024-08-02,3213,60000,Foreign_Investor,73000
2024-08-02,3213,0,Foreign_Dealer_Self,0
2024-08-02,3213,0,Investment_Trust,0
2024-08-02,3213,19000,Dealer_self,0
2024-08-02,3213,0,Dealer_Hedging,747
2024-08-05,3213,104000,Foreign_Investor,403000
2024-08-05,3213,0,Foreign_Dealer_Self,0
2024-08-05,3213,0,Investment_Trust,0
2024-08-05,3213,4000,Dealer_self,0
2024-08-05,3213,2000,Dealer_Hedging,1743
2024-08-06,3213,251000,Foreign_Investor,171000
2024-08-06,3213,0,Foreign_Dealer_Self,0
2024-08-06,3213,0,Investment_Trust,0
2024-08-06,3213,2000,Dealer_self,0
2024-08-06,3213,2000,Dealer_Hedging,3841
2024-08-07,3213,225000,Foreign_Investor,64000
2024-08-07,3213,0,Foreign_Dealer_Self,0
2024-08-07,3213,0,Investment_Trust,0
2024-08-07,3213,2000,Dealer_self,2000
2024-08-07,3213,45,Dealer_Hedging,0
2024-08-08,3213,178000,Foreign_Investor,312000
2024-08-08,3213,0,Foreign_Dealer_Self,0
2024-08-08,3213,0,Investment_Trust,0
2024-08-08,3213,0,Dealer_self,0
2024-08-08,3213,2000,Dealer_Hedging,1109
2024-08-09,3213,55000,Foreign_Investor,128000
2024-08-09,3213,0,Foreign_Dealer_Self,0
2024-08-09,3213,0,Investment_Trust,0
2024-08-09,3213,0,Dealer_self,0
2024-08-09,3213,0,Dealer_Hedging,1277
2024-08-12,3213,118000,Foreign_Investor,89000
2024-08-12,3213,0,Foreign_Dealer_Self,0
2024-08-12,3213,0,Investment_Trust,0
2024-08-12,3213,0,Dealer_self,0
2024-08-12,3213,0,Dealer_Hedging,4
2024-08-13,3213,112000,Foreign_Investor,91000
2024-08-13,3213,0,Foreign_Dealer_Self,0
2024-08-13,3213,0,Investment_Trust,0
2024-08-13,3213,0,Dealer_self,1000
2024-08-13,3213,0,Dealer_Hedging,1000
2024-08-14,3213,43000,Foreign_Investor,107000
2024-08-14,3213,0,Foreign_Dealer_Self,0
2024-08-14,3213,0,Investment_Trust,0
2024-08-14,3213,0,Dealer_self,27000
2024-08-14,3213,1000,Dealer_Hedging,2722
2024-08-15,3213,86000,Foreign_Investor,30000
2024-08-15,3213,0,Foreign_Dealer_Self,0
2024-08-15,3213,0,Investment_Trust,0
2024-08-15,3213,0,Dealer_self,0
2024-08-15,3213,1000,Dealer_Hedging,50
2024-08-16,3213,40000,Foreign_Investor,122000
2024-08-16,3213,0,Foreign_Dealer_Self,0
2024-08-16,3213,0,Investment_Trust,0
2024-08-16,3213,0,Dealer_self,0
2024-08-16,3213,1000,Dealer_Hedging,2670
2024-08-19,3213,70000,Foreign_Investor,47000
2024-08-19,3213,0,Foreign_Dealer_Self,0
2024-08-19,3213,0,Investment_Trust,0
2024-08-19,3213,0,Dealer_self,0
2024-08-19,3213,0,Dealer_Hedging,45
2024-08-20,3213,34000,Foreign_Investor,67000
2024-08-20,3213,0,Foreign_Dealer_Self,0
2024-08-20,3213,0,Investment_Trust,0
2024-08-20,3213,0,Dealer_self,0
2024-08-20,3213,1000,Dealer_Hedging,950
2024-08-21,3213,64000,Foreign_Investor,53000
2024-08-21,3213,0,Foreign_Dealer_Self,0
2024-08-21,3213,0,Investment_Trust,0
2024-08-21,3213,0,Dealer_self,0
2024-08-21,3213,0,Dealer_Hedging,190
2024-08-22,3213,35000,Foreign_Investor,44000
2024-08-22,3213,0,Foreign_Dealer_Self,0
2024-08-22,3213,0,Investment_Trust,0
2024-08-22,3213,0,Dealer_self,0
2024-08-22,3213,0,Dealer_Hedging,987
2024-08-23,3213,85000,Foreign_Investor,58000
2024-08-23,3213,0,Foreign_Dealer_Self,0
2024-08-23,3213,0,Investment_Trust,0
2024-08-23,3213,0,Dealer_self,0
2024-08-23,3213,1000,Dealer_Hedging,17353
2024-08-26,3213,58000,Foreign_Investor,47000
2024-08-26,3213,0,Foreign_Dealer_Self,0
2024-08-26,3213,0,Investment_Trust,0
2024-08-26,3213,0,Dealer_self,0
2024-08-26,3213,0,Dealer_Hedging,24
2024-08-27,3213,10000,Foreign_Investor,62000
2024-08-27,3213,0,Foreign_Dealer_Self,0
2024-08-27,3213,0,Investment_Trust,0
2024-08-27,3213,0,Dealer_self,0
2024-08-27,3213,0,Dealer_Hedging,319
2024-08-28,3213,40000,Foreign_Investor,23000
2024-08-28,3213,0,Foreign_Dealer_Self,0
2024-08-28,3213,0,Investment_Trust,0
2024-08-28,3213,0,Dealer_self,0
2024-08-28,3213,0,Dealer_Hedging,0
2024-08-29,3213,37000,Foreign_Investor,44000
2024-08-29,3213,0,Foreign_Dealer_Self,0
2024-08-29,3213,0,Investment_Trust,0
2024-08-29,3213,0,Dealer_self,0
2024-08-29,3213,0,Dealer_Hedging,0
2024-08-30,3213,323000,Foreign_Investor,99000
2024-08-30,3213,0,Foreign_Dealer_Self,0
2024-08-30,3213,0,Investment_Trust,0
2024-08-30,3213,0,Dealer_self,0
2024-08-30,3213,1000,Dealer_Hedging,939
2024-09-02,3213,710000,Foreign_Investor,446000
2024-09-02,3213,0,Foreign_Dealer_Self,0
2024-09-02,3213,0,Investment_Trust,0
2024-09-02,3213,0,Dealer_self,0
2024-09-02,3213,16405,Dealer_Hedging,1000
2024-09-03,3213,159000,Foreign_Investor,237000
2024-09-03,3213,0,Foreign_Dealer_Self,0
2024-09-03,3213,0,Investment_Trust,0
2024-09-03,3213,0,Dealer_self,0
2024-09-03,3213,1000,Dealer_Hedging,6089
2024-09-04,3213,235001,Foreign_Investor,274000
2024-09-04,3213,0,Foreign_Dealer_Self,0
2024-09-04,3213,0,Investment_Trust,0
2024-09-04,3213,0,Dealer_self,0
2024-09-04,3213,18000,Dealer_Hedging,1000
2024-09-05,3213,472000,Foreign_Investor,556000
2024-09-05,3213,0,Foreign_Dealer_Self,0
2024-09-05,3213,0,Investment_Trust,0
2024-09-05,3213,0,Dealer_self,0
2024-09-05,3213,75000,Dealer_Hedging,11100
2024-09-06,3213,61000,Foreign_Investor,226013
2024-09-06,3213,0,Foreign_Dealer_Self,0
2024-09-06,3213,0,Investment_Trust,0
2024-09-06,3213,30000,Dealer_self,0
2024-09-06,3213,14000,Dealer_Hedging,28000
2024-09-09,3213,59000,Foreign_Investor,169000
2024-09-09,3213,0,Foreign_Dealer_Self,0
2024-09-09,3213,0,Investment_Trust,0
2024-09-09,3213,0,Dealer_self,0
2024-09-09,3213,1000,Dealer_Hedging,23121
2024-09-10,3213,43000,Foreign_Investor,191000
2024-09-10,3213,0,Foreign_Dealer_Self,0
2024-09-10,3213,0,Investment_Trust,0
2024-09-10,3213,0,Dealer_self,0
2024-09-10,3213,1000,Dealer_Hedging,49801
2024-09-11,3213,28000,Foreign_Investor,75000
2024-09-11,3213,0,Foreign_Dealer_Self,0
2024-09-11,3213,0,Investment_Trust,0
2024-09-11,3213,0,Dealer_self,0
2024-09-11,3213,0,Dealer_Hedging,3146
2024-09-12,3213,176000,Foreign_Investor,43000
2024-09-12,3213,0,Foreign_Dealer_Self,0
2024-09-12,3213,0,Investment_Trust,0
2024-09-12,3213,0,Dealer_self,0
2024-09-12,3213,57000,Dealer_Hedging,0
2024-09-13,3213,54000,Foreign_Investor,36000
2024-09-13,3213,0,Foreign_Dealer_Self,0
2024-09-13,3213,0,Investment_Trust,0
2024-09-13,3213,0,Dealer_self,0
2024-09-13,3213,23000,Dealer_Hedging,8000
2024-09-16,3213,88000,Foreign_Investor,61000
2024-09-16,3213,0,Foreign_Dealer_Self,0
2024-09-16,3213,0,Investment_Trust,0
2024-09-16,3213,0,Dealer_self,0
2024-09-16,3213,1000,Dealer_Hedging,44000
2024-09-18,3213,81000,Foreign_Investor,87000
2024-09-18,3213,0,Foreign_Dealer_Self,0
2024-09-18,3213,0,Investment_Trust,0
2024-09-18,3213,0,Dealer_self,0
2024-09-18,3213,2000,Dealer_Hedging,0
2024-09-19,3213,102000,Foreign_Investor,27047
2024-09-19,3213,0,Foreign_Dealer_Self,0
2024-09-19,3213,0,Investment_Trust,0
2024-09-19,3213,0,Dealer_self,0
2024-09-19,3213,18000,Dealer_Hedging,15000
2024-09-20,3213,1034000,Foreign_Investor,315039
2024-09-20,3213,0,Foreign_Dealer_Self,0
2024-09-20,3213,0,Investment_Trust,0
2024-09-20,3213,40000,Dealer_self,0
2024-09-20,3213,64885,Dealer_Hedging,5000
2024-09-23,3213,303000,Foreign_Investor,269000
2024-09-23,3213,0,Foreign_Dealer_Self,0
2024-09-23,3213,0,Investment_Trust,0
2024-09-23,3213,9000,Dealer_self,0
2024-09-23,3213,52000,Dealer_Hedging,14000
2024-09-24,3213,230000,Foreign_Investor,362000
2024-09-24,3213,0,Foreign_Dealer_Self,0
2024-09-24,3213,0,Investment_Trust,0
2024-09-24,3213,20001,Dealer_self,15000
2024-09-24,3213,2000,Dealer_Hedging,2745
2024-09-25,3213,23000,Foreign_Investor,219000
2024-09-25,3213,0,Foreign_Dealer_Self,0
2024-09-25,3213,0,Investment_Trust,0
2024-09-25,3213,15000,Dealer_self,0
2024-09-25,3213,10000,Dealer_Hedging,19000
2024-09-26,3213,273000,Foreign_Investor,154000
2024-09-26,3213,0,Foreign_Dealer_Self,0
2024-09-26,3213,0,Investment_Trust,0
2024-09-26,3213,5000,Dealer_self,0
2024-09-26,3213,147000,Dealer_Hedging,4001
2024-09-27,3213,138000,Foreign_Investor,501000
2024-09-27,3213,0,Foreign_Dealer_Self,0
2024-09-27,3213,0,Investment_Trust,0
2024-09-27,3213,22000,Dealer_self,30000
2024-09-27,3213,81101,Dealer_Hedging,11000
2024-09-30,3213,84000,Foreign_Investor,260000
2024-09-30,3213,0,Foreign_Dealer_Self,0
2024-09-30,3213,0,Investment_Trust,0
2024-09-30,3213,0,Dealer_self,1
2024-09-30,3213,10000,Dealer_Hedging,7147
2024-10-01,3213,86000,Foreign_Investor,147000
2024-10-01,3213,0,Foreign_Dealer_Self,0
2024-10-01,3213,0,Investment_Trust,0
2024-10-01,3213,0,Dealer_self,6000
2024-10-01,3213,21000,Dealer_Hedging,8797
2024-10-04,3213,561000,Foreign_Investor,163856
2024-10-04,3213,0,Foreign_Dealer_Self,0
2024-10-04,3213,0,Investment_Trust,0
2024-10-04,3213,5000,Dealer_self,0
2024-10-04,3213,9260,Dealer_Hedging,57200
2024-10-07,3213,135000,Foreign_Investor,193000
2024-10-07,3213,0,Foreign_Dealer_Self,0
2024-10-07,3213,0,Investment_Trust,0
2024-10-07,3213,0,Dealer_self,30000
2024-10-07,3213,14000,Dealer_Hedging,276666
2024-10-08,3213,182000,Foreign_Investor,459000
2024-10-08,3213,0,Foreign_Dealer_Self,0
2024-10-08,3213,0,Investment_Trust,0
2024-10-08,3213,0,Dealer_self,25000
2024-10-08,3213,6000,Dealer_Hedging,16400
2024-10-09,3213,86000,Foreign_Investor,238000
2024-10-09,3213,0,Foreign_Dealer_Self,0
2024-10-09,3213,0,Investment_Trust,0
2024-10-09,3213,0,Dealer_self,0
2024-10-09,3213,11000,Dealer_Hedging,26515
2024-10-11,3213,92000,Foreign_Investor,148000
2024-10-11,3213,0,Foreign_Dealer_Self,0
2024-10-11,3213,0,Investment_Trust,0
2024-10-11,3213,0,Dealer_self,0
2024-10-11,3213,3066,Dealer_Hedging,2810
2024-10-14,3213,53000,Foreign_Investor,150000
2024-10-14,3213,0,Foreign_Dealer_Self,0
2024-10-14,3213,0,Investment_Trust,0
2024-10-14,3213,0,Dealer_self,0
2024-10-14,3213,1000,Dealer_Hedging,1023
2024-10-15,3213,26000,Foreign_Investor,208000
2024-10-15,3213,0,Foreign_Dealer_Self,0
2024-10-15,3213,0,Investment_Trust,0
2024-10-15,3213,0,Dealer_self,0
2024-10-15,3213,4005,Dealer_Hedging,4257
2024-10-16,3213,45000,Foreign_Investor,197000
2024-10-16,3213,0,Foreign_Dealer_Self,0
2024-10-16,3213,0,Investment_Trust,0
2024-10-16,3213,0,Dealer_self,0
2024-10-16,3213,4200,Dealer_Hedging,1047
2024-10-17,3213,3000,Foreign_Investor,106000
2024-10-17,3213,0,Foreign_Dealer_Self,0
2024-10-17,3213,0,Investment_Trust,0
2024-10-17,3213,0,Dealer_self,0
2024-10-17,3213,0,Dealer_Hedging,6
2024-10-18,3213,15000,Foreign_Investor,155000
2024-10-18,3213,0,Foreign_Dealer_Self,0
2024-10-18,3213,0,Investment_Trust,0
2024-10-18,3213,0,Dealer_self,0
2024-10-18,3213,4000,Dealer_Hedging,6831
2024-10-21,3213,142000,Foreign_Investor,113000
2024-10-21,3213,0,Foreign_Dealer_Self,0
2024-10-21,3213,0,Investment_Trust,0
2024-10-21,3213,0,Dealer_self,0
2024-10-21,3213,5143,Dealer_Hedging,3985
2024-10-22,3213,16000,Foreign_Investor,61000
2024-10-22,3213,0,Foreign_Dealer_Self,0
2024-10-22,3213,0,Investment_Trust,0
2024-10-22,3213,0,Dealer_self,0
2024-10-22,3213,1000,Dealer_Hedging,1079
2024-10-23,3213,27000,Foreign_Investor,86000
2024-10-23,3213,0,Foreign_Dealer_Self,0
2024-10-23,3213,0,Investment_Trust,0
2024-10-23,3213,0,Dealer_self,4000
2024-10-23,3213,2099,Dealer_Hedging,2368
2024-10-24,3213,20000,Foreign_Investor,112000
2024-10-24,3213,0,Foreign_Dealer_Self,0
2024-10-24,3213,0,Investment_Trust,0
2024-10-24,3213,0,Dealer_self,40000
2024-10-24,3213,2000,Dealer_Hedging,1906
2024-10-25,3213,59000,Foreign_Investor,23000
2024-10-25,3213,0,Foreign_Dealer_Self,0
2024-10-25,3213,0,Investment_Trust,0
2024-10-25,3213,0,Dealer_self,0
2024-10-25,3213,0,Dealer_Hedging,1373
2024-10-28,3213,15000,Foreign_Investor,104000
2024-10-28,3213,0,Foreign_Dealer_Self,0
2024-10-28,3213,0,Investment_Trust,0
2024-10-28,3213,0,Dealer_self,0
2024-10-28,3213,2000,Dealer_Hedging,1445
2024-10-29,3213,20000,Foreign_Investor,145000
2024-10-29,3213,0,Foreign_Dealer_Self,0
2024-10-29,3213,0,Investment_Trust,0
2024-10-29,3213,0,Dealer_self,0
2024-10-29,3213,5000,Dealer_Hedging,5464
2024-10-30,3213,43000,Foreign_Investor,27000
2024-10-30,3213,0,Foreign_Dealer_Self,0
2024-10-30,3213,0,Investment_Trust,0
2024-10-30,3213,0,Dealer_self,0
2024-10-30,3213,4000,Dealer_Hedging,4369
2024-11-01,3213,75000,Foreign_Investor,46000
2024-11-01,3213,0,Foreign_Dealer_Self,0
2024-11-01,3213,0,Investment_Trust,0
2024-11-01,3213,0,Dealer_self,0
2024-11-01,3213,3000,Dealer_Hedging,843
2024-11-04,3213,35000,Foreign_Investor,48000
2024-11-04,3213,0,Foreign_Dealer_Self,0
2024-11-04,3213,0,Investment_Trust,0
2024-11-04,3213,0,Dealer_self,0
2024-11-04,3213,5000,Dealer_Hedging,4437
2024-11-05,3213,80000,Foreign_Investor,45000
2024-11-05,3213,0,Foreign_Dealer_Self,0
2024-11-05,3213,0,Investment_Trust,0
2024-11-05,3213,0,Dealer_self,0
2024-11-05,3213,3000,Dealer_Hedging,1589
2024-11-06,3213,128000,Foreign_Investor,10000
2024-11-06,3213,0,Foreign_Dealer_Self,0
2024-11-06,3213,0,Investment_Trust,0
2024-11-06,3213,0,Dealer_self,0
2024-11-06,3213,2000,Dealer_Hedging,2041
2024-11-07,3213,245000,Foreign_Investor,437000
2024-11-07,3213,0,Foreign_Dealer_Self,0
2024-11-07,3213,0,Investment_Trust,0
2024-11-07,3213,0,Dealer_self,0
2024-11-07,3213,16000,Dealer_Hedging,14063
2024-11-08,3213,20000,Foreign_Investor,298000
2024-11-08,3213,0,Foreign_Dealer_Self,0
2024-11-08,3213,0,Investment_Trust,0
2024-11-08,3213,0,Dealer_self,0
2024-11-08,3213,11000,Dealer_Hedging,11023
2024-11-11,3213,189000,Foreign_Investor,36000
2024-11-11,3213,0,Foreign_Dealer_Self,0
2024-11-11,3213,0,Investment_Trust,0
2024-11-11,3213,0,Dealer_self,0
2024-11-11,3213,9000,Dealer_Hedging,8467
2024-11-12,3213,105000,Foreign_Investor,71000
2024-11-12,3213,0,Foreign_Dealer_Self,0
2024-11-12,3213,0,Investment_Trust,0
2024-11-12,3213,0,Dealer_self,0
2024-11-12,3213,1,Dealer_Hedging,6073
2024-11-13,3213,29000,Foreign_Investor,37000
2024-11-13,3213,0,Foreign_Dealer_Self,0
2024-11-13,3213,0,Investment_Trust,0
2024-11-13,3213,0,Dealer_self,0
2024-11-13,3213,1000,Dealer_Hedging,200
2024-11-14,3213,55000,Foreign_Investor,189000
2024-11-14,3213,0,Foreign_Dealer_Self,0
2024-11-14,3213,0,Investment_Trust,0
2024-11-14,3213,0,Dealer_self,0
2024-11-14,3213,6000,Dealer_Hedging,6444
2024-11-15,3213,130000,Foreign_Investor,50000
2024-11-15,3213,0,Foreign_Dealer_Self,0
2024-11-15,3213,0,Investment_Trust,0
2024-11-15,3213,0,Dealer_self,0
2024-11-15,3213,3000,Dealer_Hedging,2948
2024-11-18,3213,35000,Foreign_Investor,100000
2024-11-18,3213,0,Foreign_Dealer_Self,0
2024-11-18,3213,0,Investment_Trust,0
2024-11-18,3213,30000,Dealer_self,0
2024-11-18,3213,5000,Dealer_Hedging,10272
2024-11-19,3213,47000,Foreign_Investor,29000
2024-11-19,3213,0,Foreign_Dealer_Self,0
2024-11-19,3213,0,Investment_Trust,0
2024-11-19,3213,0,Dealer_self,0
2024-11-19,3213,250,Dealer_Hedging,51
2024-11-20,3213,2000,Foreign_Investor,79000
2024-11-20,3213,0,Foreign_Dealer_Self,0
2024-11-20,3213,0,Investment_Trust,0
2024-11-20,3213,0,Dealer_self,0
2024-11-20,3213,2000,Dealer_Hedging,2160
2024-11-21,3213,58000,Foreign_Investor,35000
2024-11-21,3213,0,Foreign_Dealer_Self,0
2024-11-21,3213,0,Investment_Trust,0
2024-11-21,3213,0,Dealer_self,0
2024-11-21,3213,1000,Dealer_Hedging,548
2024-11-22,3213,44000,Foreign_Investor,39000
2024-11-22,3213,0,Foreign_Dealer_Self,0
2024-11-22,3213,0,Investment_Trust,0
2024-11-22,3213,0,Dealer_self,0
2024-11-22,3213,2000,Dealer_Hedging,0
2024-11-25,3213,26000,Foreign_Investor,27000
2024-11-25,3213,0,Foreign_Dealer_Self,0
2024-11-25,3213,0,Investment_Trust,0
2024-11-25,3213,0,Dealer_self,0
2024-11-25,3213,0,Dealer_Hedging,0
2024-11-26,3213,31000,Foreign_Investor,44000
2024-11-26,3213,0,Foreign_Dealer_Self,0
2024-11-26,3213,0,Investment_Trust,0
2024-11-26,3213,0,Dealer_self,0
2024-11-26,3213,2000,Dealer_Hedging,1279
2024-11-27,3213,11000,Foreign_Investor,62000
2024-11-27,3213,0,Foreign_Dealer_Self,0
2024-11-27,3213,0,Investment_Trust,0
2024-11-27,3213,0,Dealer_self,0
2024-11-27,3213,4000,Dealer_Hedging,5978
2024-11-28,3213,39000,Foreign_Investor,42000
2024-11-28,3213,0,Foreign_Dealer_Self,0
2024-11-28,3213,0,Investment_Trust,0
2024-11-28,3213,0,Dealer_self,0
2024-11-28,3213,1036,Dealer_Hedging,1894
2024-11-29,3213,119000,Foreign_Investor,10001
2024-11-29,3213,0,Foreign_Dealer_Self,0
2024-11-29,3213,0,Investment_Trust,0
2024-11-29,3213,0,Dealer_self,0
2024-11-29,3213,4000,Dealer_Hedging,2901
2024-12-02,3213,35000,Foreign_Investor,22000
2024-12-02,3213,0,Foreign_Dealer_Self,0
2024-12-02,3213,0,Investment_Trust,0
2024-12-02,3213,0,Dealer_self,0
2024-12-02,3213,0,Dealer_Hedging,1846
2024-12-03,3213,112000,Foreign_Investor,130000
2024-12-03,3213,0,Foreign_Dealer_Self,0
2024-12-03,3213,0,Investment_Trust,0
2024-12-03,3213,0,Dealer_self,0
2024-12-03,3213,3678,Dealer_Hedging,8508
2024-12-04,3213,8000,Foreign_Investor,93000
2024-12-04,3213,0,Foreign_Dealer_Self,0
2024-12-04,3213,0,Investment_Trust,0
2024-12-04,3213,0,Dealer_self,468
2024-12-04,3213,1000,Dealer_Hedging,326
2024-12-05,3213,2000,Foreign_Investor,88000
2024-12-05,3213,0,Foreign_Dealer_Self,0
2024-12-05,3213,0,Investment_Trust,0
2024-12-05,3213,0,Dealer_self,0
2024-12-05,3213,1000,Dealer_Hedging,9297
2024-12-06,3213,44000,Foreign_Investor,189000
2024-12-06,3213,0,Foreign_Dealer_Self,0
2024-12-06,3213,0,Investment_Trust,0
2024-12-06,3213,0,Dealer_self,0
2024-12-06,3213,2066,Dealer_Hedging,2154
2024-12-09,3213,20000,Foreign_Investor,74000
2024-12-09,3213,0,Foreign_Dealer_Self,0
2024-12-09,3213,0,Investment_Trust,0
2024-12-09,3213,0,Dealer_self,0
2024-12-09,3213,2000,Dealer_Hedging,2287
2024-12-10,3213,21000,Foreign_Investor,41000
2024-12-10,3213,0,Foreign_Dealer_Self,0
2024-12-10,3213,0,Investment_Trust,0
2024-12-10,3213,0,Dealer_self,0
2024-12-10,3213,2000,Dealer_Hedging,1478
2024-12-11,3213,72000,Foreign_Investor,53000
2024-12-11,3213,0,Foreign_Dealer_Self,0
2024-12-11,3213,0,Investment_Trust,0
2024-12-11,3213,0,Dealer_self,0
2024-12-11,3213,0,Dealer_Hedging,111
2024-12-12,3213,23000,Foreign_Investor,83000
2024-12-12,3213,0,Foreign_Dealer_Self,0
2024-12-12,3213,0,Investment_Trust,0
2024-12-12,3213,0,Dealer_self,0
2024-12-12,3213,1000,Dealer_Hedging,1534
2024-12-13,3213,4000,Foreign_Investor,97000
2024-12-13,3213,0,Foreign_Dealer_Self,0
2024-12-13,3213,0,Investment_Trust,0
2024-12-13,3213,0,Dealer_self,0
2024-12-13,3213,2000,Dealer_Hedging,2055
2024-12-16,3213,11000,Foreign_Investor,77000
2024-12-16,3213,0,Foreign_Dealer_Self,0
2024-12-16,3213,0,Investment_Trust,0
2024-12-16,3213,15000,Dealer_self,0
2024-12-16,3213,8000,Dealer_Hedging,7226
2024-12-17,3213,10000,Foreign_Investor,38000
2024-12-17,3213,0,Foreign_Dealer_Self,0
2024-12-17,3213,0,Investment_Trust,0
2024-12-17,3213,0,Dealer_self,0
2024-12-17,3213,0,Dealer_Hedging,0
2024-12-18,3213,24000,Foreign_Investor,8000
2024-12-18,3213,0,Foreign_Dealer_Self,0
2024-12-18,3213,0,Investment_Trust,0
2024-12-18,3213,0,Dealer_self,0
2024-12-18,3213,2000,Dealer_Hedging,2085
2024-12-19,3213,16000,Foreign_Investor,11000
2024-12-19,3213,0,Foreign_Dealer_Self,0
2024-12-19,3213,0,Investment_Trust,0
2024-12-19,3213,0,Dealer_self,0
2024-12-19,3213,1000,Dealer_Hedging,1134
2024-12-20,3213,21000,Foreign_Investor,3000
2024-12-20,3213,0,Foreign_Dealer_Self,0
2024-12-20,3213,0,Investment_Trust,0
2024-12-20,3213,0,Dealer_self,0
2024-12-20,3213,0,Dealer_Hedging,443
2024-12-23,3213,40000,Foreign_Investor,0
2024-12-23,3213,0,Foreign_Dealer_Self,0
2024-12-23,3213,0,Investment_Trust,0
2024-12-23,3213,0,Dealer_self,0
2024-12-23,3213,58,Dealer_Hedging,1
2024-12-24,3213,38000,Foreign_Investor,27000
2024-12-24,3213,0,Foreign_Dealer_Self,0
2024-12-24,3213,0,Investment_Trust,0
2024-12-24,3213,0,Dealer_self,0
2024-12-24,3213,1000,Dealer_Hedging,922
2024-12-25,3213,27000,Foreign_Investor,20000
2024-12-25,3213,0,Foreign_Dealer_Self,0
2024-12-25,3213,0,Investment_Trust,0
2024-12-25,3213,0,Dealer_self,0
2024-12-25,3213,1000,Dealer_Hedging,554
2024-12-26,3213,31000,Foreign_Investor,13000
2024-12-26,3213,0,Foreign_Dealer_Self,0
2024-12-26,3213,0,Investment_Trust,0
2024-12-26,3213,0,Dealer_self,0
2024-12-26,3213,4,Dealer_Hedging,445
2024-12-27,3213,26000,Foreign_Investor,23000
2024-12-27,3213,0,Foreign_Dealer_Self,0
2024-12-27,3213,0,Investment_Trust,0
2024-12-27,3213,0,Dealer_self,0
2024-12-27,3213,0,Dealer_Hedging,135
2024-12-30,3213,9000,Foreign_Investor,14000
2024-12-30,3213,0,Foreign_Dealer_Self,0
2024-12-30,3213,0,Investment_Trust,0
2024-12-30,3213,0,Dealer_self,0
2024-12-30,3213,1107,Dealer_Hedging,879
2024-12-31,3213,18000,Foreign_Investor,4000
2024-12-31,3213,0,Foreign_Dealer_Self,0
2024-12-31,3213,0,Investment_Trust,0
2024-12-31,3213,0,Dealer_self,0
2024-12-31,3213,1000,Dealer_Hedging,799
2025-01-02,3213,46000,Foreign_Investor,5000
2025-01-02,3213,0,Foreign_Dealer_Self,0
2025-01-02,3213,0,Investment_Trust,0
2025-01-02,3213,0,Dealer_self,0
2025-01-02,3213,2090,Dealer_Hedging,2495
2025-01-03,3213,40000,Foreign_Investor,25000
2025-01-03,3213,0,Foreign_Dealer_Self,0
2025-01-03,3213,0,Investment_Trust,0
2025-01-03,3213,0,Dealer_self,0
2025-01-03,3213,0,Dealer_Hedging,185
2025-01-06,3213,151000,Foreign_Investor,19000
2025-01-06,3213,0,Foreign_Dealer_Self,0
2025-01-06,3213,0,Investment_Trust,0
2025-01-06,3213,0,Dealer_self,0
2025-01-06,3213,2000,Dealer_Hedging,1390
2025-01-07,3213,18000,Foreign_Investor,14000
2025-01-07,3213,0,Foreign_Dealer_Self,0
2025-01-07,3213,0,Investment_Trust,0
2025-01-07,3213,10000,Dealer_self,0
2025-01-07,3213,0,Dealer_Hedging,54
2025-01-08,3213,23000,Foreign_Investor,8000
2025-01-08,3213,0,Foreign_Dealer_Self,0
2025-01-08,3213,0,Investment_Trust,0
2025-01-08,3213,5000,Dealer_self,0
2025-01-08,3213,0,Dealer_Hedging,48
2025-01-09,3213,20000,Foreign_Investor,93000
2025-01-09,3213,0,Foreign_Dealer_Self,0
2025-01-09,3213,0,Investment_Trust,0
2025-01-09,3213,10000,Dealer_self,0
2025-01-09,3213,1000,Dealer_Hedging,8707
2025-01-10,3213,34000,Foreign_Investor,20000
2025-01-10,3213,0,Foreign_Dealer_Self,0
2025-01-10,3213,0,Investment_Trust,0
2025-01-10,3213,10000,Dealer_self,0
2025-01-10,3213,2000,Dealer_Hedging,1401
2025-01-13,3213,80000,Foreign_Investor,66000
2025-01-13,3213,0,Foreign_Dealer_Self,0
2025-01-13,3213,0,Investment_Trust,0
2025-01-13,3213,15000,Dealer_self,0
2025-01-13,3213,3000,Dealer_Hedging,3664
2025-01-14,3213,13000,Foreign_Investor,60000
2025-01-14,3213,0,Foreign_Dealer_Self,0
2025-01-14,3213,0,Investment_Trust,0
2025-01-14,3213,0,Dealer_self,0
2025-01-14,3213,4000,Dealer_Hedging,3722
2025-01-15,3213,19001,Foreign_Investor,89000
2025-01-15,3213,0,Foreign_Dealer_Self,0
2025-01-15,3213,0,Investment_Trust,0
2025-01-15,3213,0,Dealer_self,0
2025-01-15,3213,1000,Dealer_Hedging,1868
2025-01-16,3213,21000,Foreign_Investor,16000
2025-01-16,3213,0,Foreign_Dealer_Self,0
2025-01-16,3213,0,Investment_Trust,0
2025-01-16,3213,0,Dealer_self,0
2025-01-16,3213,1000,Dealer_Hedging,449
2025-01-17,3213,41000,Foreign_Investor,12000
2025-01-17,3213,0,Foreign_Dealer_Self,0
2025-01-17,3213,0,Investment_Trust,0
2025-01-17,3213,0,Dealer_self,0
2025-01-17,3213,1000,Dealer_Hedging,1429
2025-01-20,3213,36000,Foreign_Investor,4000
2025-01-20,3213,0,Foreign_Dealer_Self,0
2025-01-20,3213,0,Investment_Trust,0
2025-01-20,3213,0,Dealer_self,0
2025-01-20,3213,38,Dealer_Hedging,1255
2025-01-21,3213,15000,Foreign_Investor,9000
2025-01-21,3213,0,Foreign_Dealer_Self,0
2025-01-21,3213,0,Investment_Trust,0
2025-01-21,3213,0,Dealer_self,0
2025-01-21,3213,2000,Dealer_Hedging,1616
2025-01-22,3213,47000,Foreign_Investor,24000
2025-01-22,3213,0,Foreign_Dealer_Self,0
2025-01-22,3213,0,Investment_Trust,0
2025-01-22,3213,0,Dealer_self,0
2025-01-22,3213,714,Dealer_Hedging,2063
2025-02-03,3213,15000,Foreign_Investor,32000
2025-02-03,3213,0,Foreign_Dealer_Self,0
2025-02-03,3213,0,Investment_Trust,0
2025-02-03,3213,0,Dealer_self,0
2025-02-03,3213,2000,Dealer_Hedging,1720
2025-02-04,3213,55000,Foreign_Investor,34000
2025-02-04,3213,0,Foreign_Dealer_Self,0
2025-02-04,3213,0,Investment_Trust,0
2025-02-04,3213,0,Dealer_self,0
2025-02-04,3213,165,Dealer_Hedging,137
2025-02-05,3213,126000,Foreign_Investor,5000
2025-02-05,3213,0,Foreign_Dealer_Self,0
2025-02-05,3213,0,Investment_Trust,0
2025-02-05,3213,0,Dealer_self,0
2025-02-05,3213,2400,Dealer_Hedging,2008
2025-02-06,3213,6000,Foreign_Investor,46000
2025-02-06,3213,0,Foreign_Dealer_Self,0
2025-02-06,3213,0,Investment_Trust,0
2025-02-06,3213,0,Dealer_self,0
2025-02-06,3213,220,Dealer_Hedging,1132
2025-02-07,3213,425000,Foreign_Investor,276000
2025-02-07,3213,0,Foreign_Dealer_Self,0
2025-02-07,3213,0,Investment_Trust,0
2025-02-07,3213,0,Dealer_self,0
2025-02-07,3213,48382,Dealer_Hedging,6422
2025-02-10,3213,1236000,Foreign_Investor,933000
2025-02-10,3213,0,Foreign_Dealer_Self,0
2025-02-10,3213,0,Investment_Trust,0
2025-02-10,3213,14000,Dealer_self,0
2025-02-10,3213,33701,Dealer_Hedging,15725
2025-02-11,3213,401000,Foreign_Investor,264000
2025-02-11,3213,0,Foreign_Dealer_Self,0
2025-02-11,3213,0,Investment_Trust,0
2025-02-11,3213,39000,Dealer_self,0
2025-02-11,3213,11573,Dealer_Hedging,6185
2025-02-12,3213,181000,Foreign_Investor,146000
2025-02-12,3213,0,Foreign_Dealer_Self,0
2025-02-12,3213,0,Investment_Trust,0
2025-02-12,3213,7000,Dealer_self,0
2025-02-12,3213,1269,Dealer_Hedging,24710
2025-02-13,3213,132000,Foreign_Investor,106000
2025-02-13,3213,0,Foreign_Dealer_Self,0
2025-02-13,3213,0,Investment_Trust,0
2025-02-13,3213,0,Dealer_self,27000
2025-02-13,3213,1532,Dealer_Hedging,3575
2025-02-14,3213,93000,Foreign_Investor,213000
2025-02-14,3213,0,Foreign_Dealer_Self,0
2025-02-14,3213,0,Investment_Trust,0
2025-02-14,3213,0,Dealer_self,0
2025-02-14,3213,461,Dealer_Hedging,33687
2025-02-17,3213,99000,Foreign_Investor,84000
2025-02-17,3213,0,Foreign_Dealer_Self,0
2025-02-17,3213,0,Investment_Trust,0
2025-02-17,3213,0,Dealer_self,1000
2025-02-17,3213,1171,Dealer_Hedging,919
2025-02-18,3213,1241000,Foreign_Investor,1093000
2025-02-18,3213,0,Foreign_Dealer_Self,0
2025-02-18,3213,0,Investment_Trust,0
2025-02-18,3213,6000,Dealer_self,6000
2025-02-18,3213,48331,Dealer_Hedging,12156
2025-02-19,3213,1932000,Foreign_Investor,2466000
2025-02-19,3213,0,Foreign_Dealer_Self,0
2025-02-19,3213,0,Investment_Trust,0
2025-02-19,3213,12000,Dealer_self,0
2025-02-19,3213,90337,Dealer_Hedging,61335
2025-02-20,3213,773000,Foreign_Investor,764000
2025-02-20,3213,0,Foreign_Dealer_Self,0
2025-02-20,3213,0,Investment_Trust,0
2025-02-20,3213,12000,Dealer_self,0
2025-02-20,3213,7116,Dealer_Hedging,34235
2025-02-21,3213,1258000,Foreign_Investor,1618000
2025-02-21,3213,0,Foreign_Dealer_Self,0
2025-02-21,3213,0,Investment_Trust,0
2025-02-21,3213,0,Dealer_self,0
2025-02-21,3213,86703,Dealer_Hedging,30724
2025-02-24,3213,2540500,Foreign_Investor,2602000
2025-02-24,3213,0,Foreign_Dealer_Self,0
2025-02-24,3213,0,Investment_Trust,0
2025-02-24,3213,10000,Dealer_self,0
2025-02-24,3213,146659,Dealer_Hedging,44420
2025-02-25,3213,1491000,Foreign_Investor,1412000
2025-02-25,3213,0,Foreign_Dealer_Self,0
2025-02-25,3213,0,Investment_Trust,0
2025-02-25,3213,1000,Dealer_self,11000
2025-02-25,3213,70518,Dealer_Hedging,112510
2025-02-26,3213,1265501,Foreign_Investor,1479000
2025-02-26,3213,0,Foreign_Dealer_Self,0
2025-02-26,3213,0,Investment_Trust,0
2025-02-26,3213,0,Dealer_self,0
2025-02-26,3213,31146,Dealer_Hedging,66159
2025-02-27,3213,4112000,Foreign_Investor,2445000
2025-02-27,3213,0,Foreign_Dealer_Self,0
2025-02-27,3213,0,Investment_Trust,0
2025-02-27,3213,8000,Dealer_self,7000
2025-02-27,3213,157931,Dealer_Hedging,102131
2025-03-03,3213,2575000,Foreign_Investor,2240000
2025-03-03,3213,0,Foreign_Dealer_Self,0
2025-03-03,3213,0,Investment_Trust,0
2025-03-03,3213,0,Dealer_self,1000
2025-03-03,3213,62132,Dealer_Hedging,37538
2025-03-04,3213,2898000,Foreign_Investor,2667000
2025-03-04,3213,0,Foreign_Dealer_Self,0
2025-03-04,3213,0,Investment_Trust,0
2025-03-04,3213,0,Dealer_self,2000
2025-03-04,3213,92256,Dealer_Hedging,35987
2025-03-05,3213,1946000,Foreign_Investor,1869000
2025-03-05,3213,0,Foreign_Dealer_Self,0
2025-03-05,3213,0,Investment_Trust,0
2025-03-05,3213,1000,Dealer_self,0
2025-03-05,3213,37001,Dealer_Hedging,91438
2025-03-06,3213,1896000,Foreign_Investor,1094000
2025-03-06,3213,0,Foreign_Dealer_Self,0
2025-03-06,3213,0,Investment_Trust,0
2025-03-06,3213,0,Dealer_self,5000
2025-03-06,3213,22647,Dealer_Hedging,138206
2025-03-07,3213,1831000,Foreign_Investor,1154000
2025-03-07,3213,0,Foreign_Dealer_Self,0
2025-03-07,3213,0,Investment_Trust,0
2025-03-07,3213,1000,Dealer_self,30000
2025-03-07,3213,25203,Dealer_Hedging,35391
2025-03-10,3213,952000,Foreign_Investor,1609000
2025-03-10,3213,0,Foreign_Dealer_Self,0
2025-03-10,3213,0,Investment_Trust,0
2025-03-10,3213,0,Dealer_self,0
2025-03-10,3213,33083,Dealer_Hedging,32090
2025-03-11,3213,770000,Foreign_Investor,708000
2025-03-11,3213,0,Foreign_Dealer_Self,0
2025-03-11,3213,0,Investment_Trust,0
2025-03-11,3213,0,Dealer_self,12000
2025-03-11,3213,9317,Dealer_Hedging,26080
2025-03-12,3213,501000,Foreign_Investor,698000
2025-03-12,3213,0,Foreign_Dealer_Self,0
2025-03-12,3213,0,Investment_Trust,0
2025-03-12,3213,43000,Dealer_self,207000
2025-03-12,3213,16053,Dealer_Hedging,16780
2025-03-13,3213,600000,Foreign_Investor,653000
2025-03-13,3213,0,Foreign_Dealer_Self,0
2025-03-13,3213,0,Investment_Trust,0
2025-03-13,3213,7000,Dealer_self,11000
2025-03-13,3213,8054,Dealer_Hedging,13621
2025-03-14,3213,579001,Foreign_Investor,366000
2025-03-14,3213,0,Foreign_Dealer_Self,0
2025-03-14,3213,0,Investment_Trust,0
2025-03-14,3213,0,Dealer_self,40000
2025-03-14,3213,10811,Dealer_Hedging,14354
2025-03-17,3213,658000,Foreign_Investor,1102000
2025-03-17,3213,0,Foreign_Dealer_Self,0
2025-03-17,3213,0,Investment_Trust,0
2025-03-17,3213,40000,Dealer_self,0
2025-03-17,3213,23613,Dealer_Hedging,9752
2025-03-18,3213,425000,Foreign_Investor,552000
2025-03-18,3213,0,Foreign_Dealer_Self,0
2025-03-18,3213,0,Investment_Trust,0
2025-03-18,3213,10000,Dealer_self,10000
2025-03-18,3213,10008,Dealer_Hedging,9479
2025-03-19,3213,879000,Foreign_Investor,1611000
2025-03-19,3213,0,Foreign_Dealer_Self,0
2025-03-19,3213,45000,Investment_Trust,0
2025-03-19,3213,37000,Dealer_self,22000
2025-03-19,3213,34629,Dealer_Hedging,21969
2025-03-20,3213,1202000,Foreign_Investor,1057000
2025-03-20,3213,0,Foreign_Dealer_Self,0
2025-03-20,3213,0,Investment_Trust,0
2025-03-20,3213,14000,Dealer_self,20000
2025-03-20,3213,55308,Dealer_Hedging,10044
2025-03-21,3213,2109000,Foreign_Investor,2746000
2025-03-21,3213,0,Foreign_Dealer_Self,0
2025-03-21,3213,0,Investment_Trust,0
2025-03-21,3213,11000,Dealer_self,8000
2025-03-21,3213,25752,Dealer_Hedging,57764
2025-03-24,3213,1298000,Foreign_Investor,1924000
2025-03-24,3213,0,Foreign_Dealer_Self,0
2025-03-24,3213,0,Investment_Trust,0
2025-03-24,3213,82000,Dealer_self,7000
2025-03-24,3213,52549,Dealer_Hedging,22907
2025-03-25,3213,841000,Foreign_Investor,976000
2025-03-25,3213,0,Foreign_Dealer_Self,0
2025-03-25,3213,0,Investment_Trust,0
2025-03-25,3213,0,Dealer_self,87000
2025-03-25,3213,11688,Dealer_Hedging,55994
2025-03-26,3213,750000,Foreign_Investor,312000
2025-03-26,3213,0,Foreign_Dealer_Self,0
2025-03-26,3213,0,Investment_Trust,0
2025-03-26,3213,0,Dealer_self,0
2025-03-26,3213,9215,Dealer_Hedging,21547
2025-03-27,3213,892000,Foreign_Investor,640000
2025-03-27,3213,0,Foreign_Dealer_Self,0
2025-03-27,3213,0,Investment_Trust,0
2025-03-27,3213,10000,Dealer_self,1000
2025-03-27,3213,10415,Dealer_Hedging,15375
2025-03-28,3213,798000,Foreign_Investor,348000
2025-03-28,3213,0,Foreign_Dealer_Self,0
2025-03-28,3213,0,Investment_Trust,0
2025-03-28,3213,0,Dealer_self,10000
2025-03-28,3213,6139,Dealer_Hedging,22928
2025-03-31,3213,1150001,Foreign_Investor,439000
2025-03-31,3213,0,Foreign_Dealer_Self,0
2025-03-31,3213,0,Investment_Trust,0
2025-03-31,3213,10000,Dealer_self,0
2025-03-31,3213,17688,Dealer_Hedging,17111
2025-04-01,3213,425000,Foreign_Investor,557000
2025-04-01,3213,0,Foreign_Dealer_Self,0
2025-04-01,3213,0,Investment_Trust,0
2025-04-01,3213,0,Dealer_self,10000
2025-04-01,3213,26266,Dealer_Hedging,17090
2025-04-02,3213,511000,Foreign_Investor,481000
2025-04-02,3213,0,Foreign_Dealer_Self,0
2025-04-02,3213,0,Investment_Trust,0
2025-04-02,3213,0,Dealer_self,0
2025-04-02,3213,21596,Dealer_Hedging,17771
2025-04-07,3213,10000,Foreign_Investor,0
2025-04-07,3213,0,Foreign_Dealer_Self,0
2025-04-07,3213,0,Investment_Trust,0
2025-04-07,3213,0,Dealer_self,0
2025-04-07,3213,0,Dealer_Hedging,0
2025-04-08,3213,376000,Foreign_Investor,347000
2025-04-08,3213,0,Foreign_Dealer_Self,0
2025-04-08,3213,0,Investment_Trust,0
2025-04-08,3213,5000,Dealer_self,0
2025-04-08,3213,1000,Dealer_Hedging,16192
2025-04-09,3213,1050001,Foreign_Investor,667000
2025-04-09,3213,0,Foreign_Dealer_Self,0
2025-04-09,3213,0,Investment_Trust,0
2025-04-09,3213,0,Dealer_self,0
2025-04-09,3213,3522,Dealer_Hedging,17624
2025-04-10,3213,203000,Foreign_Investor,784000
2025-04-10,3213,0,Foreign_Dealer_Self,0
2025-04-10,3213,0,Investment_Trust,0
2025-04-10,3213,0,Dealer_self,45000
2025-04-10,3213,12096,Dealer_Hedging,10901
2025-04-11,3213,740000,Foreign_Investor,543000
2025-04-11,3213,0,Foreign_Dealer_Self,0
2025-04-11,3213,0,Investment_Trust,0
2025-04-11,3213,0,Dealer_self,0
2025-04-11,3213,18444,Dealer_Hedging,11361
2025-04-14,3213,484000,Foreign_Investor,388000
2025-04-14,3213,0,Foreign_Dealer_Self,0
2025-04-14,3213,0,Investment_Trust,0
2025-04-14,3213,0,Dealer_self,0
2025-04-14,3213,3656,Dealer_Hedging,12282
2025-04-15,3213,426000,Foreign_Investor,448000
2025-04-15,3213,0,Foreign_Dealer_Self,0
2025-04-15,3213,0,Investment_Trust,0
2025-04-15,3213,0,Dealer_self,0
2025-04-15,3213,7428,Dealer_Hedging,8956
2025-04-16,3213,153000,Foreign_Investor,401000
2025-04-16,3213,0,Foreign_Dealer_Self,0
2025-04-16,3213,0,Investment_Trust,0
2025-04-16,3213,0,Dealer_self,0
2025-04-16,3213,6001,Dealer_Hedging,4919
2025-04-17,3213,256000,Foreign_Investor,294000
2025-04-17,3213,0,Foreign_Dealer_Self,0
2025-04-17,3213,0,Investment_Trust,0
2025-04-17,3213,0,Dealer_self,0
2025-04-17,3213,7001,Dealer_Hedging,9254
2025-04-18,3213,265000,Foreign_Investor,293000
2025-04-18,3213,0,Foreign_Dealer_Self,0
2025-04-18,3213,0,Investment_Trust,0
2025-04-18,3213,42000,Dealer_self,0
2025-04-18,3213,2426,Dealer_Hedging,5330
2025-04-21,3213,131000,Foreign_Investor,304000
2025-04-21,3213,0,Foreign_Dealer_Self,0
2025-04-21,3213,0,Investment_Trust,0
2025-04-21,3213,45000,Dealer_self,0
2025-04-21,3213,4000,Dealer_Hedging,5947
2025-04-22,3213,283001,Foreign_Investor,293000
2025-04-22,3213,0,Foreign_Dealer_Self,0
2025-04-22,3213,0,Investment_Trust,0
2025-04-22,3213,0,Dealer_self,0
2025-04-22,3213,3434,Dealer_Hedging,7284
2025-04-23,3213,350000,Foreign_Investor,333000
2025-04-23,3213,0,Foreign_Dealer_Self,0
2025-04-23,3213,0,Investment_Trust,0
2025-04-23,3213,0,Dealer_self,0
2025-04-23,3213,6543,Dealer_Hedging,170
2025-04-24,3213,126000,Foreign_Investor,205000
2025-04-24,3213,0,Foreign_Dealer_Self,0
2025-04-24,3213,0,Investment_Trust,0
2025-04-24,3213,0,Dealer_self,0
2025-04-24,3213,2161,Dealer_Hedging,911
2025-04-25,3213,398000,Foreign_Investor,521000
2025-04-25,3213,0,Foreign_Dealer_Self,0
2025-04-25,3213,0,Investment_Trust,0
2025-04-25,3213,0,Dealer_self,0
2025-04-25,3213,30600,Dealer_Hedging,4310
2025-04-28,3213,508000,Foreign_Investor,604000
2025-04-28,3213,0,Foreign_Dealer_Self,0
2025-04-28,3213,0,Investment_Trust,0
2025-04-28,3213,0,Dealer_self,32000
2025-04-28,3213,7634,Dealer_Hedging,19446
2025-04-29,3213,436000,Foreign_Investor,899000
2025-04-29,3213,0,Foreign_Dealer_Self,0
2025-04-29,3213,0,Investment_Trust,0
2025-04-29,3213,0,Dealer_self,0
2025-04-29,3213,26441,Dealer_Hedging,10526
2025-04-30,3213,626000,Foreign_Investor,543000
2025-04-30,3213,0,Foreign_Dealer_Self,0
2025-04-30,3213,0,Investment_Trust,0
2025-04-30,3213,13000,Dealer_self,0
2025-04-30,3213,5363,Dealer_Hedging,10957
2025-05-02,3213,260000,Foreign_Investor,336000
2025-05-02,3213,0,Foreign_Dealer_Self,0
2025-05-02,3213,0,Investment_Trust,0
2025-05-02,3213,0,Dealer_self,0
2025-05-02,3213,11651,Dealer_Hedging,4678
2025-05-05,3213,362000,Foreign_Investor,303000
2025-05-05,3213,0,Foreign_Dealer_Self,0
2025-05-05,3213,0,Investment_Trust,0
2025-05-05,3213,0,Dealer_self,0
2025-05-05,3213,5000,Dealer_Hedging,25075
2025-05-06,3213,156000,Foreign_Investor,288000
2025-05-06,3213,0,Foreign_Dealer_Self,0
2025-05-06,3213,0,Investment_Trust,0
2025-05-06,3213,0,Dealer_self,0
2025-05-06,3213,4379,Dealer_Hedging,2262
2025-05-07,3213,428000,Foreign_Investor,448000
2025-05-07,3213,0,Foreign_Dealer_Self,0
2025-05-07,3213,0,Investment_Trust,0
2025-05-07,3213,0,Dealer_self,13000
2025-05-07,3213,12822,Dealer_Hedging,3052
2025-05-08,3213,301000,Foreign_Investor,268000
2025-05-08,3213,0,Foreign_Dealer_Self,0
2025-05-08,3213,0,Investment_Trust,0
2025-05-08,3213,0,Dealer_self,0
2025-05-08,3213,14997,Dealer_Hedging,9000
2025-05-09,3213,1193000,Foreign_Investor,2228000
2025-05-09,3213,0,Foreign_Dealer_Self,0
2025-05-09,3213,0,Investment_Trust,0
2025-05-09,3213,20000,Dealer_self,0
2025-05-09,3213,21470,Dealer_Hedging,17664
2025-05-12,3213,342000,Foreign_Investor,460500
2025-05-12,3213,0,Foreign_Dealer_Self,0
2025-05-12,3213,0,Investment_Trust,0
2025-05-12,3213,20000,Dealer_self,0
2025-05-12,3213,4000,Dealer_Hedging,8879
2025-05-13,3213,350000,Foreign_Investor,331000
2025-05-13,3213,0,Foreign_Dealer_Self,0
2025-05-13,3213,0,Investment_Trust,0
2025-05-13,3213,7000,Dealer_self,0
2025-05-13,3213,699,Dealer_Hedging,9632
2025-05-14,3213,509000,Foreign_Investor,492000
2025-05-14,3213,0,Foreign_Dealer_Self,0
2025-05-14,3213,0,Investment_Trust,0
2025-05-14,3213,15000,Dealer_self,0
2025-05-14,3213,29004,Dealer_Hedging,8739
2025-05-15,3213,230000,Foreign_Investor,431000
2025-05-15,3213,0,Foreign_Dealer_Self,0
2025-05-15,3213,0,Investment_Trust,0
2025-05-15,3213,42000,Dealer_self,0
2025-05-15,3213,4701,Dealer_Hedging,14479
2025-05-16,3213,634000,Foreign_Investor,898500
2025-05-16,3213,0,Foreign_Dealer_Self,0
2025-05-16,3213,0,Investment_Trust,0
2025-05-16,3213,53000,Dealer_self,21000
2025-05-16,3213,39759,Dealer_Hedging,23563
2025-05-19,3213,513000,Foreign_Investor,387000
2025-05-19,3213,0,Foreign_Dealer_Self,0
2025-05-19,3213,0,Investment_Trust,0
2025-05-19,3213,5000,Dealer_self,0
2025-05-19,3213,12635,Dealer_Hedging,31695
2025-05-20,3213,354000,Foreign_Investor,208000
2025-05-20,3213,0,Foreign_Dealer_Self,0
2025-05-20,3213,0,Investment_Trust,0
2025-05-20,3213,0,Dealer_self,0
2025-05-20,3213,3561,Dealer_Hedging,9526
2025-05-21,3213,333000,Foreign_Investor,338000
2025-05-21,3213,0,Foreign_Dealer_Self,0
2025-05-21,3213,0,Investment_Trust,0
2025-05-21,3213,0,Dealer_self,0
2025-05-21,3213,7745,Dealer_Hedging,5959
2025-05-22,3213,227000,Foreign_Investor,65000
2025-05-22,3213,0,Foreign_Dealer_Self,0
2025-05-22,3213,0,Investment_Trust,0
2025-05-22,3213,26000,Dealer_self,0
2025-05-22,3213,2930,Dealer_Hedging,7062
2025-05-23,3213,345000,Foreign_Investor,103000
2025-05-23,3213,0,Foreign_Dealer_Self,0
2025-05-23,3213,0,Investment_Trust,0
2025-05-23,3213,0,Dealer_self,0
2025-05-23,3213,1580,Dealer_Hedging,10106
2025-05-26,3213,196000,Foreign_Investor,171000
2025-05-26,3213,0,Foreign_Dealer_Self,0
2025-05-26,3213,0,Investment_Trust,0
2025-05-26,3213,9000,Dealer_self,0
2025-05-26,3213,1330,Dealer_Hedging,3660
2025-05-27,3213,321000,Foreign_Investor,153000
2025-05-27,3213,0,Foreign_Dealer_Self,0
2025-05-27,3213,0,Investment_Trust,0
2025-05-27,3213,30000,Dealer_self,0
2025-05-27,3213,2415,Dealer_Hedging,1073
2025-05-28,3213,728000,Foreign_Investor,215185
2025-05-28,3213,0,Foreign_Dealer_Self,0
2025-05-28,3213,0,Investment_Trust,0
2025-05-28,3213,35000,Dealer_self,15000
2025-05-28,3213,13285,Dealer_Hedging,10433
2025-05-29,3213,1094000,Foreign_Investor,344000
2025-05-29,3213,0,Foreign_Dealer_Self,0
2025-05-29,3213,0,Investment_Trust,0
2025-05-29,3213,10000,Dealer_self,0
2025-05-29,3213,3230,Dealer_Hedging,7431
2025-06-02,3213,157000,Foreign_Investor,299000
2025-06-02,3213,0,Foreign_Dealer_Self,0
2025-06-02,3213,0,Investment_Trust,0
2025-06-02,3213,15000,Dealer_self,0
2025-06-02,3213,5331,Dealer_Hedging,5167
2025-06-03,3213,451000,Foreign_Investor,469000
2025-06-03,3213,0,Foreign_Dealer_Self,0
2025-06-03,3213,0,Investment_Trust,0
2025-06-03,3213,43000,Dealer_self,0
2025-06-03,3213,14243,Dealer_Hedging,10611
2025-06-04,3213,467000,Foreign_Investor,159000
2025-06-04,3213,0,Foreign_Dealer_Self,0
2025-06-04,3213,0,Investment_Trust,0
2025-06-04,3213,0,Dealer_self,5000
2025-06-04,3213,6046,Dealer_Hedging,6887
2025-06-05,3213,494000,Foreign_Investor,1474000
2025-06-05,3213,0,Foreign_Dealer_Self,0
2025-06-05,3213,0,Investment_Trust,0
2025-06-05,3213,45000,Dealer_self,3000
2025-06-05,3213,33407,Dealer_Hedging,33629
2025-06-06,3213,194000,Foreign_Investor,234000
2025-06-06,3213,0,Foreign_Dealer_Self,0
2025-06-06,3213,0,Investment_Trust,0
2025-06-06,3213,12000,Dealer_self,0
2025-06-06,3213,2532,Dealer_Hedging,9857
2025-06-09,3213,89000,Foreign_Investor,192000
2025-06-09,3213,0,Foreign_Dealer_Self,0
2025-06-09,3213,0,Investment_Trust,0
2025-06-09,3213,0,Dealer_self,7000
2025-06-09,3213,4000,Dealer_Hedging,6345
2025-06-10,3213,462000,Foreign_Investor,186000
2025-06-10,3213,0,Foreign_Dealer_Self,0
2025-06-10,3213,0,Investment_Trust,45000
2025-06-10,3213,0,Dealer_self,1000
2025-06-10,3213,10200,Dealer_Hedging,9311
2025-06-11,3213,444000,Foreign_Investor,277000
2025-06-11,3213,0,Foreign_Dealer_Self,0
2025-06-11,3213,0,Investment_Trust,0
2025-06-11,3213,0,Dealer_self,0
2025-06-11,3213,2283,Dealer_Hedging,3095
2025-06-12,3213,521000,Foreign_Investor,312000
2025-06-12,3213,0,Foreign_Dealer_Self,0
2025-06-12,3213,0,Investment_Trust,0
2025-06-12,3213,30000,Dealer_self,8000
2025-06-12,3213,12415,Dealer_Hedging,3525
2025-06-13,3213,48000,Foreign_Investor,436000
2025-06-13,3213,0,Foreign_Dealer_Self,0
2025-06-13,3213,0,Investment_Trust,0
2025-06-13,3213,15000,Dealer_self,6000
2025-06-13,3213,5000,Dealer_Hedging,9753
2025-06-16,3213,43000,Foreign_Investor,123000
2025-06-16,3213,0,Foreign_Dealer_Self,0
2025-06-16,3213,0,Investment_Trust,0
2025-06-16,3213,0,Dealer_self,8000
2025-06-16,3213,1094,Dealer_Hedging,1541
2025-06-17,3213,79000,Foreign_Investor,96000
2025-06-17,3213,0,Foreign_Dealer_Self,0
2025-06-17,3213,0,Investment_Trust,0
2025-06-17,3213,3000,Dealer_self,0
2025-06-17,3213,1000,Dealer_Hedging,645
2025-06-18,3213,194000,Foreign_Investor,150000
2025-06-18,3213,0,Foreign_Dealer_Self,0
2025-06-18,3213,0,Investment_Trust,0
2025-06-18,3213,3000,Dealer_self,10000
2025-06-18,3213,2062,Dealer_Hedging,436
2025-06-19,3213,99000,Foreign_Investor,141000
2025-06-19,3213,0,Foreign_Dealer_Self,0
2025-06-19,3213,0,Investment_Trust,0
2025-06-19,3213,0,Dealer_self,8000
2025-06-19,3213,509,Dealer_Hedging,2114
2025-06-20,3213,195000,Foreign_Investor,255000
2025-06-20,3213,0,Foreign_Dealer_Self,0
2025-06-20,3213,0,Investment_Trust,0
2025-06-20,3213,0,Dealer_self,0
2025-06-20,3213,2178,Dealer_Hedging,4683
2025-06-23,3213,213000,Foreign_Investor,150000
2025-06-23,3213,0,Foreign_Dealer_Self,0
2025-06-23,3213,0,Investment_Trust,0
2025-06-23,3213,0,Dealer_self,0
2025-06-23,3213,1306,Dealer_Hedging,2664
2025-06-24,3213,173000,Foreign_Investor,58000
2025-06-24,3213,0,Foreign_Dealer_Self,0
2025-06-24,3213,0,Investment_Trust,0
2025-06-24,3213,38000,Dealer_self,0
2025-06-24,3213,152,Dealer_Hedging,1090
2025-06-25,3213,44000,Foreign_Investor,70000
2025-06-25,3213,0,Foreign_Dealer_Self,0
2025-06-25,3213,70000,Investment_Trust,0
2025-06-25,3213,0,Dealer_self,0
2025-06-25,3213,2000,Dealer_Hedging,769
2025-06-26,3213,528000,Foreign_Investor,280178
2025-06-26,3213,0,Foreign_Dealer_Self,0
2025-06-26,3213,148000,Investment_Trust,0
2025-06-26,3213,0,Dealer_self,30000
2025-06-26,3213,26113,Dealer_Hedging,3528
2025-06-27,3213,39000,Foreign_Investor,695000
2025-06-27,3213,0,Foreign_Dealer_Self,0
2025-06-27,3213,0,Investment_Trust,0
2025-06-27,3213,0,Dealer_self,10000
2025-06-27,3213,15465,Dealer_Hedging,32859
2025-06-30,3213,95000,Foreign_Investor,190000
2025-06-30,3213,0,Foreign_Dealer_Self,0
2025-06-30,3213,0,Investment_Trust,0
2025-06-30,3213,0,Dealer_self,1000
2025-06-30,3213,7000,Dealer_Hedging,8444
2025-07-01,3213,81177,Foreign_Investor,250000
2025-07-01,3213,0,Foreign_Dealer_Self,0
2025-07-01,3213,0,Investment_Trust,7684
2025-07-01,3213,7000,Dealer_self,21000
2025-07-01,3213,6242,Dealer_Hedging,6823
2025-07-02,3213,112000,Foreign_Investor,32000
2025-07-02,3213,0,Foreign_Dealer_Self,0
2025-07-02,3213,0,Investment_Trust,0
2025-07-02,3213,0,Dealer_self,0
2025-07-02,3213,969,Dealer_Hedging,800
2025-07-03,3213,181185,Foreign_Investor,53000
2025-07-03,3213,0,Foreign_Dealer_Self,0
2025-07-03,3213,0,Investment_Trust,0
2025-07-03,3213,10000,Dealer_self,0
2025-07-03,3213,1019,Dealer_Hedging,2105
2025-07-04,3213,51000,Foreign_Investor,125000
2025-07-04,3213,0,Foreign_Dealer_Self,0
2025-07-04,3213,0,Investment_Trust,0
2025-07-04,3213,0,Dealer_self,0
2025-07-04,3213,2000,Dealer_Hedging,4615
2025-07-07,3213,1032000,Foreign_Investor,675000
2025-07-07,3213,0,Foreign_Dealer_Self,0
2025-07-07,3213,0,Investment_Trust,0
2025-07-07,3213,17000,Dealer_self,10000
2025-07-07,3213,8914,Dealer_Hedging,8106
2025-07-08,3213,2130100,Foreign_Investor,1799000
2025-07-08,3213,0,Foreign_Dealer_Self,0
2025-07-08,3213,0,Investment_Trust,0
2025-07-08,3213,2000,Dealer_self,10000
2025-07-08,3213,59445,Dealer_Hedging,18016
2025-07-09,3213,2247000,Foreign_Investor,2087000
2025-07-09,3213,0,Foreign_Dealer_Self,0
2025-07-09,3213,0,Investment_Trust,1467
2025-07-09,3213,1000,Dealer_self,5000
2025-07-09,3213,76167,Dealer_Hedging,35929
2025-07-10,3213,520000,Foreign_Investor,507000
2025-07-10,3213,0,Foreign_Dealer_Self,0
2025-07-10,3213,0,Investment_Trust,0
2025-07-10,3213,0,Dealer_self,18000
2025-07-10,3213,5494,Dealer_Hedging,45184
2025-07-11,3213,596000,Foreign_Investor,1112000
2025-07-11,3213,0,Foreign_Dealer_Self,0
2025-07-11,3213,0,Investment_Trust,0
2025-07-11,3213,0,Dealer_self,43000
2025-07-11,3213,15255,Dealer_Hedging,9717
2025-07-14,3213,375000,Foreign_Investor,283000
2025-07-14,3213,0,Foreign_Dealer_Self,0
2025-07-14,3213,0,Investment_Trust,0
2025-07-14,3213,0,Dealer_self,2000
2025-07-14,3213,8738,Dealer_Hedging,10881
2025-07-15,3213,264000,Foreign_Investor,672000
2025-07-15,3213,0,Foreign_Dealer_Self,0
2025-07-15,3213,0,Investment_Trust,0
2025-07-15,3213,0,Dealer_self,0
2025-07-15,3213,11000,Dealer_Hedging,13956
2025-07-16,3213,666000,Foreign_Investor,114000
2025-07-16,3213,0,Foreign_Dealer_Self,0
2025-07-16,3213,0,Investment_Trust,2559
2025-07-16,3213,0,Dealer_self,1000
2025-07-16,3213,44012,Dealer_Hedging,17794
2025-07-17,3213,602000,Foreign_Investor,206000
2025-07-17,3213,0,Foreign_Dealer_Self,0
2025-07-17,3213,0,Investment_Trust,2354
2025-07-17,3213,0,Dealer_self,6000
2025-07-17,3213,8979,Dealer_Hedging,29214
2025-07-18,3213,420000,Foreign_Investor,235000
2025-07-18,3213,0,Foreign_Dealer_Self,0
2025-07-18,3213,0,Investment_Trust,2978
2025-07-18,3213,26000,Dealer_self,0
2025-07-18,3213,5427,Dealer_Hedging,12557
2025-07-21,3213,480000,Foreign_Investor,120000
2025-07-21,3213,0,Foreign_Dealer_Self,0
2025-07-21,3213,0,Investment_Trust,1426
2025-07-21,3213,0,Dealer_self,0
2025-07-21,3213,7736,Dealer_Hedging,5864
2025-07-22,3213,892000,Foreign_Investor,1616100
2025-07-22,3213,0,Foreign_Dealer_Self,0
2025-07-22,3213,0,Investment_Trust,1426
2025-07-22,3213,1000,Dealer_self,55000
2025-07-22,3213,6299,Dealer_Hedging,21473
2025-07-23,3213,254000,Foreign_Investor,76000
2025-07-23,3213,0,Foreign_Dealer_Self,0
2025-07-23,3213,0,Investment_Trust,1426
2025-07-23,3213,0,Dealer_self,2000
2025-07-23,3213,4030,Dealer_Hedging,1610
2025-07-24,3213,633000,Foreign_Investor,187000
2025-07-24,3213,0,Foreign_Dealer_Self,0
2025-07-24,3213,0,Investment_Trust,0
2025-07-24,3213,0,Dealer_self,0
2025-07-24,3213,7968,Dealer_Hedging,5000
2025-07-25,3213,130000,Foreign_Investor,228000
2025-07-25,3213,0,Foreign_Dealer_Self,0
2025-07-25,3213,0,Investment_Trust,0
2025-07-25,3213,0,Dealer_self,2000
2025-07-25,3213,609,Dealer_Hedging,9711
2025-07-28,3213,308000,Foreign_Investor,114000
2025-07-28,3213,0,Foreign_Dealer_Self,0
2025-07-28,3213,0,Investment_Trust,0
2025-07-28,3213,0,Dealer_self,0
2025-07-28,3213,5097,Dealer_Hedging,300
2025-07-29,3213,91000,Foreign_Investor,207000
2025-07-29,3213,0,Foreign_Dealer_Self,0
2025-07-29,3213,0,Investment_Trust,0
2025-07-29,3213,0,Dealer_self,0
2025-07-29,3213,4000,Dealer_Hedging,5832
2025-07-30,3213,660000,Foreign_Investor,922000
2025-07-30,3213,0,Foreign_Dealer_Self,0
2025-07-30,3213,0,Investment_Trust,0
2025-07-30,3213,4000,Dealer_self,15000
2025-07-30,3213,113587,Dealer_Hedging,13009
2025-07-31,3213,126000,Foreign_Investor,262000
2025-07-31,3213,0,Foreign_Dealer_Self,0
2025-07-31,3213,0,Investment_Trust,0
2025-07-31,3213,1000,Dealer_self,28000
2025-07-31,3213,2357,Dealer_Hedging,69634
2025-08-01,3213,421000,Foreign_Investor,288000
2025-08-01,3213,0,Foreign_Dealer_Self,0
2025-08-01,3213,0,Investment_Trust,0
2025-08-01,3213,10000,Dealer_self,0
2025-08-01,3213,10915,Dealer_Hedging,5469
2025-08-04,3213,994000,Foreign_Investor,985000
2025-08-04,3213,0,Foreign_Dealer_Self,0
2025-08-04,3213,0,Investment_Trust,0
2025-08-04,3213,0,Dealer_self,135000
2025-08-04,3213,107217,Dealer_Hedging,20792
2025-08-05,3213,995100,Foreign_Investor,1266000
2025-08-05,3213,0,Foreign_Dealer_Self,0
2025-08-05,3213,0,Investment_Trust,0
2025-08-05,3213,0,Dealer_self,60000
2025-08-05,3213,48610,Dealer_Hedging,52751
2025-08-06,3213,299100,Foreign_Investor,1611000
2025-08-06,3213,0,Foreign_Dealer_Self,0
2025-08-06,3213,0,Investment_Trust,0
2025-08-06,3213,55000,Dealer_self,15000
2025-08-06,3213,35374,Dealer_Hedging,73286
2025-08-07,3213,540050,Foreign_Investor,961000
2025-08-07,3213,0,Foreign_Dealer_Self,0
2025-08-07,3213,0,Investment_Trust,0
2025-08-07,3213,138000,Dealer_self,122000
2025-08-07,3213,33000,Dealer_Hedging,79800
2025-08-08,3213,226000,Foreign_Investor,481000
2025-08-08,3213,0,Foreign_Dealer_Self,0
2025-08-08,3213,0,Investment_Trust,0
2025-08-08,3213,10000,Dealer_self,0
2025-08-08,3213,7654,Dealer_Hedging,3950
2025-08-11,3213,325000,Foreign_Investor,181000
2025-08-11,3213,0,Foreign_Dealer_Self,0
2025-08-11,3213,0,Investment_Trust,0
2025-08-11,3213,20000,Dealer_self,0
2025-08-11,3213,13054,Dealer_Hedging,9753
2025-08-12,3213,182000,Foreign_Investor,159000
2025-08-12,3213,0,Foreign_Dealer_Self,0
2025-08-12,3213,0,Investment_Trust,1442
2025-08-12,3213,0,Dealer_self,2000
2025-08-12,3213,20711,Dealer_Hedging,5388
2025-08-13,3213,1569100,Foreign_Investor,458000
2025-08-13,3213,0,Foreign_Dealer_Self,0
2025-08-13,3213,0,Investment_Trust,0
2025-08-13,3213,23000,Dealer_self,28000
2025-08-13,3213,30853,Dealer_Hedging,40587
2025-08-14,3213,135000,Foreign_Investor,626000
2025-08-14,3213,0,Foreign_Dealer_Self,0
2025-08-14,3213,0,Investment_Trust,0
2025-08-14,3213,5000,Dealer_self,0
2025-08-14,3213,7873,Dealer_Hedging,21300
2025-08-15,3213,44000,Foreign_Investor,207000
2025-08-15,3213,0,Foreign_Dealer_Self,0
2025-08-15,3213,0,Investment_Trust,1443
2025-08-15,3213,3000,Dealer_self,0
2025-08-15,3213,1563,Dealer_Hedging,6558
2025-08-18,3213,209000,Foreign_Investor,220100
2025-08-18,3213,0,Foreign_Dealer_Self,0
2025-08-18,3213,0,Investment_Trust,0
2025-08-18,3213,0,Dealer_self,0
2025-08-18,3213,3000,Dealer_Hedging,6475
2025-08-19,3213,76000,Foreign_Investor,229000
2025-08-19,3213,0,Foreign_Dealer_Self,0
2025-08-19,3213,0,Investment_Trust,0
2025-08-19,3213,0,Dealer_self,0
2025-08-19,3213,26573,Dealer_Hedging,12209
2025-08-20,3213,193000,Foreign_Investor,218001
2025-08-20,3213,0,Foreign_Dealer_Self,0
2025-08-20,3213,0,Investment_Trust,1437
2025-08-20,3213,17000,Dealer_self,0
2025-08-20,3213,30092,Dealer_Hedging,9422
2025-08-21,3213,190000,Foreign_Investor,152000
2025-08-21,3213,0,Foreign_Dealer_Self,0
2025-08-21,3213,0,Investment_Trust,0
2025-08-21,3213,0,Dealer_self,0
2025-08-21,3213,51829,Dealer_Hedging,14626
2025-08-22,3213,158000,Foreign_Investor,410000
2025-08-22,3213,0,Foreign_Dealer_Self,0
2025-08-22,3213,0,Investment_Trust,1390
2025-08-22,3213,0,Dealer_self,0
2025-08-22,3213,6106,Dealer_Hedging,42760
2025-08-25,3213,58000,Foreign_Investor,56000
2025-08-25,3213,0,Foreign_Dealer_Self,0
2025-08-25,3213,0,Investment_Trust,0
2025-08-25,3213,0,Dealer_self,8000
2025-08-25,3213,2886,Dealer_Hedging,8827
2025-08-26,3213,262000,Foreign_Investor,205000
2025-08-26,3213,0,Foreign_Dealer_Self,0
2025-08-26,3213,0,Investment_Trust,0
2025-08-26,3213,0,Dealer_self,0
2025-08-26,3213,8790,Dealer_Hedging,2987
2025-08-27,3213,663000,Foreign_Investor,378000
2025-08-27,3213,0,Foreign_Dealer_Self,0
2025-08-27,3213,0,Investment_Trust,0
2025-08-27,3213,1000,Dealer_self,2000
2025-08-27,3213,62110,Dealer_Hedging,6648
2025-08-28,3213,2087000,Foreign_Investor,704250
2025-08-28,3213,0,Foreign_Dealer_Self,0
2025-08-28,3213,0,Investment_Trust,0
2025-08-28,3213,32000,Dealer_self,5000
2025-08-28,3213,77384,Dealer_Hedging,97333
2025-08-29,3213,611000,Foreign_Investor,387000
2025-08-29,3213,0,Foreign_Dealer_Self,0
2025-08-29,3213,0,Investment_Trust,0
2025-08-29,3213,4000,Dealer_self,28000
2025-08-29,3213,13109,Dealer_Hedging,49176
2025-09-01,3213,404000,Foreign_Investor,512000
2025-09-01,3213,0,Foreign_Dealer_Self,0
2025-09-01,3213,0,Investment_Trust,1437
2025-09-01,3213,0,Dealer_self,8000
2025-09-01,3213,11821,Dealer_Hedging,16644
2025-09-02,3213,521000,Foreign_Investor,292000
2025-09-02,3213,0,Foreign_Dealer_Self,0
2025-09-02,3213,0,Investment_Trust,0
2025-09-02,3213,0,Dealer_self,1000
2025-09-02,3213,11948,Dealer_Hedging,16793
2025-09-03,3213,323000,Foreign_Investor,422000
2025-09-03,3213,0,Foreign_Dealer_Self,0
2025-09-03,3213,0,Investment_Trust,0
2025-09-03,3213,0,Dealer_self,0
2025-09-03,3213,86325,Dealer_Hedging,13075
2025-09-04,3213,364000,Foreign_Investor,229000
2025-09-04,3213,0,Foreign_Dealer_Self,0
2025-09-04,3213,0,Investment_Trust,0
2025-09-04,3213,0,Dealer_self,0
2025-09-04,3213,1975,Dealer_Hedging,62000
2025-09-05,3213,405300,Foreign_Investor,205000
2025-09-05,3213,0,Foreign_Dealer_Self,0
2025-09-05,3213,0,Investment_Trust,0
2025-09-05,3213,0,Dealer_self,0
2025-09-05,3213,76853,Dealer_Hedging,8303
2025-09-08,3213,1391000,Foreign_Investor,200000
2025-09-08,3213,0,Foreign_Dealer_Self,0
2025-09-08,3213,0,Investment_Trust,1420
2025-09-08,3213,28000,Dealer_self,7000
2025-09-08,3213,105600,Dealer_Hedging,115645
2025-09-09,3213,3059000,Foreign_Investor,1550000
2025-09-09,3213,0,Foreign_Dealer_Self,0
2025-09-09,3213,0,Investment_Trust,0
2025-09-09,3213,0,Dealer_self,147000
2025-09-09,3213,41348,Dealer_Hedging,76198
2025-09-10,3213,473000,Foreign_Investor,719000
2025-09-10,3213,0,Foreign_Dealer_Self,0
2025-09-10,3213,0,Investment_Trust,0
2025-09-10,3213,3000,Dealer_self,15000
2025-09-10,3213,12841,Dealer_Hedging,20471
2025-09-11,3213,859000,Foreign_Investor,811000
2025-09-11,3213,0,Foreign_Dealer_Self,0
2025-09-11,3213,0,Investment_Trust,0
2025-09-11,3213,0,Dealer_self,5000
2025-09-11,3213,18867,Dealer_Hedging,27140
2025-09-12,3213,330000,Foreign_Investor,320000
2025-09-12,3213,0,Foreign_Dealer_Self,0
2025-09-12,3213,0,Investment_Trust,0
2025-09-12,3213,0,Dealer_self,2000
2025-09-12,3213,5750,Dealer_Hedging,8564
2025-09-15,3213,344000,Foreign_Investor,335000
2025-09-15,3213,0,Foreign_Dealer_Self,0
2025-09-15,3213,0,Investment_Trust,0
2025-09-15,3213,8000,Dealer_self,1000
2025-09-15,3213,4890,Dealer_Hedging,36811
2025-09-16,3213,118000,Foreign_Investor,303000
2025-09-16,3213,0,Foreign_Dealer_Self,0
2025-09-16,3213,0,Investment_Trust,1441
2025-09-16,3213,8000,Dealer_self,0
2025-09-16,3213,19993,Dealer_Hedging,9402
2025-09-17,3213,114000,Foreign_Investor,410000
2025-09-17,3213,0,Foreign_Dealer_Self,0
2025-09-17,3213,0,Investment_Trust,0
2025-09-17,3213,1000,Dealer_self,0
2025-09-17,3213,3000,Dealer_Hedging,13175
2025-09-18,3213,235000,Foreign_Investor,213000
2025-09-18,3213,0,Foreign_Dealer_Self,0
2025-09-18,3213,0,Investment_Trust,1390
2025-09-18,3213,9000,Dealer_self,0
2025-09-18,3213,7151,Dealer_Hedging,7281
2025-09-19,3213,119000,Foreign_Investor,147000
2025-09-19,3213,0,Foreign_Dealer_Self,0
2025-09-19,3213,0,Investment_Trust,4300
2025-09-19,3213,3000,Dealer_self,0
2025-09-19,3213,2841,Dealer_Hedging,12693
2025-09-22,3213,259000,Foreign_Investor,207000
2025-09-22,3213,0,Foreign_Dealer_Self,0
2025-09-22,3213,0,Investment_Trust,1431
2025-09-22,3213,0,Dealer_self,4000
2025-09-22,3213,12051,Dealer_Hedging,952
2025-09-23,3213,232000,Foreign_Investor,198300
2025-09-23,3213,0,Foreign_Dealer_Self,0
2025-09-23,3213,0,Investment_Trust,0
2025-09-23,3213,0,Dealer_self,3985
2025-09-23,3213,4000,Dealer_Hedging,19324
2025-09-24,3213,192000,Foreign_Investor,161000
2025-09-24,3213,0,Foreign_Dealer_Self,0
2025-09-24,3213,0,Investment_Trust,2867
2025-09-24,3213,0,Dealer_self,0
2025-09-24,3213,6121,Dealer_Hedging,2290
2025-09-25,3213,248000,Foreign_Investor,257000
2025-09-25,3213,0,Foreign_Dealer_Self,0
2025-09-25,3213,0,Investment_Trust,1434
2025-09-25,3213,2000,Dealer_self,0
2025-09-25,3213,10000,Dealer_Hedging,11878
2025-09-26,3213,194000,Foreign_Investor,203000
2025-09-26,3213,0,Foreign_Dealer_Self,0
2025-09-26,3213,0,Investment_Trust,0
2025-09-26,3213,1000,Dealer_self,0
2025-09-26,3213,4170,Dealer_Hedging,8738
2025-09-30,3213,90000,Foreign_Investor,144000
2025-09-30,3213,0,Foreign_Dealer_Self,0
2025-09-30,3213,0,Investment_Trust,0
2025-09-30,3213,1000,Dealer_self,8000
2025-09-30,3213,12164,Dealer_Hedging,1740
2025-10-01,3213,58000,Foreign_Investor,287000
2025-10-01,3213,0,Foreign_Dealer_Self,0
2025-10-01,3213,0,Investment_Trust,0
2025-10-01,3213,0,Dealer_self,0
2025-10-01,3213,17458,Dealer_Hedging,5213
2025-10-02,3213,93000,Foreign_Investor,310000
2025-10-02,3213,0,Foreign_Dealer_Self,0
2025-10-02,3213,0,Investment_Trust,0
2025-10-02,3213,5000,Dealer_self,0
2025-10-02,3213,7000,Dealer_Hedging,28594
2025-10-03,3213,135100,Foreign_Investor,117000
2025-10-03,3213,0,Foreign_Dealer_Self,0
2025-10-03,3213,0,Investment_Trust,0
2025-10-03,3213,0,Dealer_self,0
2025-10-03,3213,4025,Dealer_Hedging,1550
2025-10-07,3213,183000,Foreign_Investor,185000
2025-10-07,3213,0,Foreign_Dealer_Self,0
2025-10-07,3213,0,Investment_Trust,1435
2025-10-07,3213,0,Dealer_self,9000
2025-10-07,3213,9484,Dealer_Hedging,10424
2025-10-08,3213,213000,Foreign_Investor,386000
2025-10-08,3213,0,Foreign_Dealer_Self,0
2025-10-08,3213,0,Investment_Trust,1435
2025-10-08,3213,0,Dealer_self,9000
2025-10-08,3213,8000,Dealer_Hedging,11073
2025-10-09,3213,168200,Foreign_Investor,86000
2025-10-09,3213,0,Foreign_Dealer_Self,0
2025-10-09,3213,0,Investment_Trust,4304
2025-10-09,3213,0,Dealer_self,4000
2025-10-09,3213,11088,Dealer_Hedging,4946
2025-10-13,3213,162000,Foreign_Investor,183000
2025-10-13,3213,0,Foreign_Dealer_Self,0
2025-10-13,3213,0,Investment_Trust,0
2025-10-13,3213,5000,Dealer_self,0
2025-10-13,3213,9000,Dealer_Hedging,8980
2025-10-14,3213,126000,Foreign_Investor,223000
2025-10-14,3213,0,Foreign_Dealer_Self,0
2025-10-14,3213,0,Investment_Trust,0
2025-10-14,3213,40000,Dealer_self,0
2025-10-14,3213,7077,Dealer_Hedging,29048
2025-10-15,3213,69000,Foreign_Investor,99000
2025-10-15,3213,0,Foreign_Dealer_Self,0
2025-10-15,3213,0,Investment_Trust,0
2025-10-15,3213,0,Dealer_self,0
2025-10-15,3213,13004,Dealer_Hedging,5626
2025-10-16,3213,72000,Foreign_Investor,97000
2025-10-16,3213,0,Foreign_Dealer_Self,0
2025-10-16,3213,0,Investment_Trust,2209
2025-10-16,3213,0,Dealer_self,3000
2025-10-16,3213,7253,Dealer_Hedging,8100
2025-10-17,3213,34000,Foreign_Investor,109000
2025-10-17,3213,0,Foreign_Dealer_Self,0
2025-10-17,3213,0,Investment_Trust,1435
2025-10-17,3213,0,Dealer_self,0
2025-10-17,3213,3000,Dealer_Hedging,3835
2025-10-20,3213,40000,Foreign_Investor,72000
2025-10-20,3213,0,Foreign_Dealer_Self,0
2025-10-20,3213,0,Investment_Trust,0
2025-10-20,3213,0,Dealer_self,0
2025-10-20,3213,3087,Dealer_Hedging,3140
2025-10-21,3213,195000,Foreign_Investor,264000
2025-10-21,3213,0,Foreign_Dealer_Self,0
2025-10-21,3213,0,Investment_Trust,5714
2025-10-21,3213,2000,Dealer_self,0
2025-10-21,3213,10020,Dealer_Hedging,6221
2025-10-22,3213,23000,Foreign_Investor,91000
2025-10-22,3213,0,Foreign_Dealer_Self,0
2025-10-22,3213,0,Investment_Trust,1428
2025-10-22,3213,0,Dealer_self,0
2025-10-22,3213,2000,Dealer_Hedging,7445
2025-10-23,3213,38000,Foreign_Investor,127000
2025-10-23,3213,0,Foreign_Dealer_Self,0
2025-10-23,3213,0,Investment_Trust,2856
2025-10-23,3213,0,Dealer_self,0
2025-10-23,3213,5000,Dealer_Hedging,6127
2025-10-27,3213,133050,Foreign_Investor,157000
2025-10-27,3213,0,Foreign_Dealer_Self,0
2025-10-27,3213,0,Investment_Trust,1411
2025-10-27,3213,0,Dealer_self,0
2025-10-27,3213,18415,Dealer_Hedging,5180
2025-10-28,3213,75000,Foreign_Investor,242000
2025-10-28,3213,0,Foreign_Dealer_Self,0
2025-10-28,3213,0,Investment_Trust,2857
2025-10-28,3213,0,Dealer_self,0
2025-10-28,3213,3000,Dealer_Hedging,10829
2025-10-29,3213,54000,Foreign_Investor,95000
2025-10-29,3213,0,Foreign_Dealer_Self,0
2025-10-29,3213,0,Investment_Trust,0
2025-10-29,3213,0,Dealer_self,0
2025-10-29,3213,20069,Dealer_Hedging,1799
2025-10-30,3213,39000,Foreign_Investor,162000
2025-10-30,3213,0,Foreign_Dealer_Self,0
2025-10-30,3213,0,Investment_Trust,1429
2025-10-30,3213,0,Dealer_self,0
2025-10-30,3213,3565,Dealer_Hedging,4449
2025-10-31,3213,196000,Foreign_Investor,171000
2025-10-31,3213,0,Foreign_Dealer_Self,0
2025-10-31,3213,0,Investment_Trust,0
2025-10-31,3213,0,Dealer_self,0
2025-10-31,3213,54739,Dealer_Hedging,19684
2025-11-03,3213,80000,Foreign_Investor,249000
2025-11-03,3213,0,Foreign_Dealer_Self,0
2025-11-03,3213,0,Investment_Trust,0
2025-11-03,3213,3000,Dealer_self,0
2025-11-03,3213,19420,Dealer_Hedging,34436
2025-11-04,3213,162000,Foreign_Investor,481000
2025-11-04,3213,0,Foreign_Dealer_Self,0
2025-11-04,3213,0,Investment_Trust,1429
2025-11-04,3213,0,Dealer_self,0
2025-11-04,3213,54132,Dealer_Hedging,15201
2025-11-05,3213,212000,Foreign_Investor,284000
2025-11-05,3213,0,Foreign_Dealer_Self,0
2025-11-05,3213,0,Investment_Trust,0
2025-11-05,3213,0,Dealer_self,0
2025-11-05,3213,65340,Dealer_Hedging,30532
2025-11-06,3213,223050,Foreign_Investor,1744000
2025-11-06,3213,0,Foreign_Dealer_Self,0
2025-11-06,3213,0,Investment_Trust,0
2025-11-06,3213,0,Dealer_self,7000
2025-11-06,3213,42734,Dealer_Hedging,101509
2025-11-07,3213,139050,Foreign_Investor,383000
2025-11-07,3213,0,Foreign_Dealer_Self,0
2025-11-07,3213,0,Investment_Trust,0
2025-11-07,3213,0,Dealer_self,0
2025-11-07,3213,7514,Dealer_Hedging,15135
2025-11-10,3213,18000,Foreign_Investor,97000
2025-11-10,3213,0,Foreign_Dealer_Self,0
2025-11-10,3213,0,Investment_Trust,0
2025-11-10,3213,0,Dealer_self,0
2025-11-10,3213,4386,Dealer_Hedging,5434
2025-11-11,3213,47000,Foreign_Investor,121000
2025-11-11,3213,0,Foreign_Dealer_Self,0
2025-11-11,3213,0,Investment_Trust,0
2025-11-11,3213,0,Dealer_self,0
2025-11-11,3213,3013,Dealer_Hedging,13437
2025-11-12,3213,80000,Foreign_Investor,47000
2025-11-12,3213,0,Foreign_Dealer_Self,0
2025-11-12,3213,0,Investment_Trust,0
2025-11-12,3213,9000,Dealer_self,0
2025-11-12,3213,6669,Dealer_Hedging,8197
2025-11-13,3213,130000,Foreign_Investor,172000
2025-11-13,3213,0,Foreign_Dealer_Self,0
2025-11-13,3213,0,Investment_Trust,0
2025-11-13,3213,0,Dealer_self,0
2025-11-13,3213,13425,Dealer_Hedging,10593
2025-11-14,3213,52000,Foreign_Investor,104000
2025-11-14,3213,0,Foreign_Dealer_Self,0
2025-11-14,3213,0,Investment_Trust,0
2025-11-14,3213,3000,Dealer_self,0
2025-11-14,3213,4003,Dealer_Hedging,16447
2025-11-17,3213,279050,Foreign_Investor,228100
2025-11-17,3213,0,Foreign_Dealer_Self,0
2025-11-17,3213,0,Investment_Trust,0
2025-11-17,3213,0,Dealer_self,7000
2025-11-17,3213,7000,Dealer_Hedging,15844
2025-11-18,3213,139000,Foreign_Investor,191000
2025-11-18,3213,0,Foreign_Dealer_Self,0
2025-11-18,3213,0,Investment_Trust,0
2025-11-18,3213,0,Dealer_self,0
2025-11-18,3213,7000,Dealer_Hedging,21896
2025-11-19,3213,151075,Foreign_Investor,119000
2025-11-19,3213,0,Foreign_Dealer_Self,0
2025-11-19,3213,0,Investment_Trust,1421
2025-11-19,3213,0,Dealer_self,0
2025-11-19,3213,9357,Dealer_Hedging,13694
2025-11-20,3213,139000,Foreign_Investor,102000
2025-11-20,3213,0,Foreign_Dealer_Self,0
2025-11-20,3213,0,Investment_Trust,0
2025-11-20,3213,0,Dealer_self,0
2025-11-20,3213,6522,Dealer_Hedging,1464
2025-11-21,3213,124000,Foreign_Investor,232000
2025-11-21,3213,0,Foreign_Dealer_Self,0
2025-11-21,3213,0,Investment_Trust,0
2025-11-21,3213,0,Dealer_self,0
2025-11-21,3213,7000,Dealer_Hedging,15092
2025-11-24,3213,88000,Foreign_Investor,66000
2025-11-24,3213,0,Foreign_Dealer_Self,0
2025-11-24,3213,0,Investment_Trust,0
2025-11-24,3213,0,Dealer_self,0
2025-11-24,3213,174,Dealer_Hedging,1209
2025-11-25,3213,110000,Foreign_Investor,94000
2025-11-25,3213,0,Foreign_Dealer_Self,0
2025-11-25,3213,0,Investment_Trust,0
2025-11-25,3213,0,Dealer_self,0
2025-11-25,3213,1260,Dealer_Hedging,1102
2025-11-26,3213,118000,Foreign_Investor,117000
2025-11-26,3213,0,Foreign_Dealer_Self,0
2025-11-26,3213,0,Investment_Trust,0
2025-11-26,3213,73000,Dealer_self,0
2025-11-26,3213,20880,Dealer_Hedging,3057
2025-11-27,3213,105000,Foreign_Investor,102000
2025-11-27,3213,0,Foreign_Dealer_Self,0
2025-11-27,3213,0,Investment_Trust,0
2025-11-27,3213,0,Dealer_self,0
2025-11-27,3213,12027,Dealer_Hedging,12564
2025-11-28,3213,54000,Foreign_Investor,69000
2025-11-28,3213,0,Foreign_Dealer_Self,0
2025-11-28,3213,0,Investment_Trust,0
2025-11-28,3213,0,Dealer_self,0
2025-11-28,3213,21893,Dealer_Hedging,3212
2025-12-01,3213,27000,Foreign_Investor,27000
2025-12-01,3213,0,Foreign_Dealer_Self,0
2025-12-01,3213,0,Investment_Trust,0
2025-12-01,3213,0,Dealer_self,0
2025-12-01,3213,178,Dealer_Hedging,3646
2025-12-02,3213,80000,Foreign_Investor,95000
2025-12-02,3213,0,Foreign_Dealer_Self,0
2025-12-02,3213,0,Investment_Trust,0
2025-12-02,3213,0,Dealer_self,0
2025-12-02,3213,2000,Dealer_Hedging,2459
2025-12-03,3213,87000,Foreign_Investor,42000
2025-12-03,3213,0,Foreign_Dealer_Self,0
2025-12-03,3213,0,Investment_Trust,0
2025-12-03,3213,9000,Dealer_self,4000
2025-12-03,3213,24284,Dealer_Hedging,10722
2025-12-04,3213,161000,Foreign_Investor,336000
2025-12-04,3213,0,Foreign_Dealer_Self,0
2025-12-04,3213,0,Investment_Trust,0
2025-12-04,3213,5000,Dealer_self,5000
2025-12-04,3213,426,Dealer_Hedging,20334
2025-12-05,3213,66000,Foreign_Investor,124000
2025-12-05,3213,0,Foreign_Dealer_Self,0
2025-12-05,3213,0,Investment_Trust,0
2025-12-05,3213,0,Dealer_self,0
2025-12-05,3213,1143,Dealer_Hedging,3225
2025-12-08,3213,48000,Foreign_Investor,55000
2025-12-08,3213,0,Foreign_Dealer_Self,0
2025-12-08,3213,0,Investment_Trust,0
2025-12-08,3213,0,Dealer_self,0
2025-12-08,3213,4,Dealer_Hedging,288
2025-12-09,3213,65000,Foreign_Investor,108000
2025-12-09,3213,0,Foreign_Dealer_Self,0
2025-12-09,3213,0,Investment_Trust,0
2025-12-09,3213,0,Dealer_self,0
2025-12-09,3213,2000,Dealer_Hedging,5116
2025-12-10,3213,46000,Foreign_Investor,86000
2025-12-10,3213,0,Foreign_Dealer_Self,0
2025-12-10,3213,0,Investment_Trust,1422
2025-12-10,3213,0,Dealer_self,0
2025-12-10,3213,1000,Dealer_Hedging,12302
2025-12-11,3213,47000,Foreign_Investor,54000
2025-12-11,3213,0,Foreign_Dealer_Self,0
2025-12-11,3213,0,Investment_Trust,0
2025-12-11,3213,0,Dealer_self,0
2025-12-11,3213,1000,Dealer_Hedging,2959
2025-12-12,3213,40000,Foreign_Investor,34000
2025-12-12,3213,0,Foreign_Dealer_Self,0
2025-12-12,3213,0,Investment_Trust,0
2025-12-12,3213,0,Dealer_self,0
2025-12-12,3213,0,Dealer_Hedging,232
2025-12-15,3213,29000,Foreign_Investor,36000
2025-12-15,3213,0,Foreign_Dealer_Self,0
2025-12-15,3213,0,Investment_Trust,0
2025-12-15,3213,0,Dealer_self,0
2025-12-15,3213,1,Dealer_Hedging,1
2025-12-16,3213,74025,Foreign_Investor,149000
2025-12-16,3213,0,Foreign_Dealer_Self,0
2025-12-16,3213,0,Investment_Trust,2012
2025-12-16,3213,0,Dealer_self,0
2025-12-16,3213,1000,Dealer_Hedging,6263
2025-12-17,3213,134000,Foreign_Investor,129000
2025-12-17,3213,0,Foreign_Dealer_Self,0
2025-12-17,3213,0,Investment_Trust,0
2025-12-17,3213,1000,Dealer_self,5000
2025-12-17,3213,8601,Dealer_Hedging,949
2025-12-18,3213,49000,Foreign_Investor,63000
2025-12-18,3213,0,Foreign_Dealer_Self,0
2025-12-18,3213,0,Investment_Trust,0
2025-12-18,3213,0,Dealer_self,0
2025-12-18,3213,21,Dealer_Hedging,3359
2025-12-19,3213,75000,Foreign_Investor,29000
2025-12-19,3213,0,Foreign_Dealer_Self,0
2025-12-19,3213,0,Investment_Trust,0
2025-12-19,3213,0,Dealer_self,0
2025-12-19,3213,756,Dealer_Hedging,3351
2025-12-22,3213,152000,Foreign_Investor,61000
2025-12-22,3213,0,Foreign_Dealer_Self,0
2025-12-22,3213,0,Investment_Trust,0
2025-12-22,3213,0,Dealer_self,5000
2025-12-22,3213,4267,Dealer_Hedging,3071
2025-12-23,3213,91000,Foreign_Investor,57000
2025-12-23,3213,0,Foreign_Dealer_Self,0
2025-12-23,3213,0,Investment_Trust,0
2025-12-23,3213,0,Dealer_self,0
2025-12-23,3213,11594,Dealer_Hedging,2000
2025-12-24,3213,51000,Foreign_Investor,45000
2025-12-24,3213,0,Foreign_Dealer_Self,0
2025-12-24,3213,0,Investment_Trust,0
2025-12-24,3213,0,Dealer_self,0
2025-12-24,3213,913,Dealer_Hedging,6470
2025-12-26,3213,76000,Foreign_Investor,32000
2025-12-26,3213,0,Foreign_Dealer_Self,0
2025-12-26,3213,0,Investment_Trust,0
2025-12-26,3213,0,Dealer_self,0
2025-12-26,3213,1075,Dealer_Hedging,6525
2025-12-29,3213,37000,Foreign_Investor,43000
2025-12-29,3213,0,Foreign_Dealer_Self,0
2025-12-29,3213,1000,Investment_Trust,0
2025-12-29,3213,0,Dealer_self,0
2025-12-29,3213,95,Dealer_Hedging,1099
2025-12-30,3213,69000,Foreign_Investor,24000
2025-12-30,3213,0,Foreign_Dealer_Self,0
2025-12-30,3213,2000,Investment_Trust,0
2025-12-30,3213,0,Dealer_self,0
2025-12-30,3213,4,Dealer_Hedging,4240
2025-12-31,3213,66000,Foreign_Investor,11000
2025-12-31,3213,0,Foreign_Dealer_Self,0
2025-12-31,3213,3123,Investment_Trust,0
2025-12-31,3213,0,Dealer_self,0
2025-12-31,3213,322,Dealer_Hedging,65
2026-01-02,3213,68000,Foreign_Investor,65000
2026-01-02,3213,0,Foreign_Dealer_Self,0
2026-01-02,3213,0,Investment_Trust,2085
2026-01-02,3213,0,Dealer_self,0
2026-01-02,3213,5861,Dealer_Hedging,1637
2026-01-05,3213,33000,Foreign_Investor,235000
2026-01-05,3213,0,Foreign_Dealer_Self,0
2026-01-05,3213,0,Investment_Trust,0
2026-01-05,3213,0,Dealer_self,1000
2026-01-05,3213,3000,Dealer_Hedging,6413
2026-01-06,3213,29010,Foreign_Investor,38000
2026-01-06,3213,0,Foreign_Dealer_Self,0
2026-01-06,3213,0,Investment_Trust,1460
2026-01-06,3213,0,Dealer_self,0
2026-01-06,3213,24671,Dealer_Hedging,283
2026-01-07,3213,52000,Foreign_Investor,23000
2026-01-07,3213,0,Foreign_Dealer_Self,0
2026-01-07,3213,0,Investment_Trust,0
2026-01-07,3213,0,Dealer_self,0
2026-01-07,3213,1038,Dealer_Hedging,3167
2026-01-08,3213,46000,Foreign_Investor,82000
2026-01-08,3213,0,Foreign_Dealer_Self,0
2026-01-08,3213,0,Investment_Trust,0
2026-01-08,3213,0,Dealer_self,0
2026-01-08,3213,2372,Dealer_Hedging,1387
2026-01-09,3213,57000,Foreign_Investor,33000
2026-01-09,3213,0,Foreign_Dealer_Self,0
2026-01-09,3213,0,Investment_Trust,0
2026-01-09,3213,0,Dealer_self,0
2026-01-09,3213,3675,Dealer_Hedging,3792
2026-01-12,3213,127000,Foreign_Investor,35000
2026-01-12,3213,0,Foreign_Dealer_Self,0
2026-01-12,3213,0,Investment_Trust,0
2026-01-12,3213,0,Dealer_self,0
2026-01-12,3213,7406,Dealer_Hedging,8500
2026-01-13,3213,33050,Foreign_Investor,153000
2026-01-13,3213,0,Foreign_Dealer_Self,0
2026-01-13,3213,0,Investment_Trust,1460
2026-01-13,3213,0,Dealer_self,0
2026-01-13,3213,5000,Dealer_Hedging,7732
2026-01-14,3213,208000,Foreign_Investor,11000
2026-01-14,3213,0,Foreign_Dealer_Self,0
2026-01-14,3213,0,Investment_Trust,0
2026-01-14,3213,0,Dealer_self,0
2026-01-14,3213,6165,Dealer_Hedging,4569
2026-01-15,3213,39000,Foreign_Investor,53000
2026-01-15,3213,0,Foreign_Dealer_Self,0
2026-01-15,3213,0,Investment_Trust,1460
2026-01-15,3213,0,Dealer_self,0
2026-01-15,3213,755,Dealer_Hedging,5143
2026-01-16,3213,80000,Foreign_Investor,27000
2026-01-16,3213,0,Foreign_Dealer_Self,0
2026-01-16,3213,0,Investment_Trust,0
2026-01-16,3213,0,Dealer_self,68000
2026-01-16,3213,2020,Dealer_Hedging,2222
2026-01-19,3213,183000,Foreign_Investor,55000
2026-01-19,3213,0,Foreign_Dealer_Self,0
2026-01-19,3213,0,Investment_Trust,2082
2026-01-19,3213,0,Dealer_self,0
2026-01-19,3213,6439,Dealer_Hedging,547
2026-01-20,3213,143000,Foreign_Investor,35000
2026-01-20,3213,0,Foreign_Dealer_Self,0
2026-01-20,3213,0,Investment_Trust,1454
2026-01-20,3213,0,Dealer_self,0
2026-01-20,3213,4116,Dealer_Hedging,7207
2026-01-21,3213,25000,Foreign_Investor,158000
2026-01-21,3213,0,Foreign_Dealer_Self,0
2026-01-21,3213,0,Investment_Trust,0
2026-01-21,3213,0,Dealer_self,5000
2026-01-21,3213,2000,Dealer_Hedging,7343
2026-01-22,3213,109000,Foreign_Investor,70000
2026-01-22,3213,0,Foreign_Dealer_Self,0
2026-01-22,3213,0,Investment_Trust,0
2026-01-22,3213,0,Dealer_self,0
2026-01-22,3213,1167,Dealer_Hedging,1001
2026-01-23,3213,34000,Foreign_Investor,83000
2026-01-23,3213,0,Foreign_Dealer_Self,0
2026-01-23,3213,0,Investment_Trust,1454
2026-01-23,3213,0,Dealer_self,0
2026-01-23,3213,2303,Dealer_Hedging,2845
2026-01-26,3213,158000,Foreign_Investor,53000
2026-01-26,3213,0,Foreign_Dealer_Self,0
2026-01-26,3213,0,Investment_Trust,4363
2026-01-26,3213,0,Dealer_self,0
2026-01-26,3213,2000,Dealer_Hedging,4193
2026-01-27,3213,48000,Foreign_Investor,169000
2026-01-27,3213,0,Foreign_Dealer_Self,0
2026-01-27,3213,0,Investment_Trust,0
2026-01-27,3213,0,Dealer_self,0
2026-01-27,3213,1000,Dealer_Hedging,2129
2026-01-28,3213,52000,Foreign_Investor,52000
2026-01-28,3213,0,Foreign_Dealer_Self,0
2026-01-28,3213,0,Investment_Trust,0
2026-01-28,3213,0,Dealer_self,0
2026-01-28,3213,2000,Dealer_Hedging,1727
2026-01-29,3213,77000,Foreign_Investor,118000
2026-01-29,3213,0,Foreign_Dealer_Self,0
2026-01-29,3213,0,Investment_Trust,0
2026-01-29,3213,0,Dealer_self,0
2026-01-29,3213,1811,Dealer_Hedging,3625
2026-01-30,3213,58000,Foreign_Investor,205000
2026-01-30,3213,0,Foreign_Dealer_Self,0
2026-01-30,3213,0,Investment_Trust,1455
2026-01-30,3213,0,Dealer_self,41000
2026-01-30,3213,3000,Dealer_Hedging,9340
2026-02-02,3213,119125,Foreign_Investor,128001
2026-02-02,3213,0,Foreign_Dealer_Self,0
2026-02-02,3213,0,Investment_Trust,0
2026-02-02,3213,0,Dealer_self,71000
2026-02-02,3213,1143,Dealer_Hedging,11816
2026-02-03,3213,102000,Foreign_Investor,52000
2026-02-03,3213,0,Foreign_Dealer_Self,0
2026-02-03,3213,0,Investment_Trust,0
2026-02-03,3213,0,Dealer_self,68000
2026-02-03,3213,1474,Dealer_Hedging,1506
2026-02-04,3213,84000,Foreign_Investor,36000
2026-02-04,3213,0,Foreign_Dealer_Self,0
2026-02-04,3213,0,Investment_Trust,0
2026-02-04,3213,0,Dealer_self,0
2026-02-04,3213,6113,Dealer_Hedging,1001
2026-02-05,3213,84000,Foreign_Investor,89000
2026-02-05,3213,0,Foreign_Dealer_Self,0
2026-02-05,3213,0,Investment_Trust,1455
2026-02-05,3213,0,Dealer_self,0
2026-02-05,3213,1899,Dealer_Hedging,7587
2026-02-06,3213,52000,Foreign_Investor,164000
2026-02-06,3213,0,Foreign_Dealer_Self,0
2026-02-06,3213,0,Investment_Trust,0
2026-02-06,3213,5000,Dealer_self,0
2026-02-06,3213,1000,Dealer_Hedging,2891
2026-02-09,3213,29000,Foreign_Investor,152000
2026-02-09,3213,0,Foreign_Dealer_Self,0
2026-02-09,3213,0,Investment_Trust,0
2026-02-09,3213,0,Dealer_self,0
2026-02-09,3213,4000,Dealer_Hedging,6294
2026-02-10,3213,52000,Foreign_Investor,42000
2026-02-10,3213,0,Foreign_Dealer_Self,0
2026-02-10,3213,0,Investment_Trust,0
2026-02-10,3213,0,Dealer_self,0
2026-02-10,3213,700,Dealer_Hedging,8925
2026-02-11,3213,26051,Foreign_Investor,28000
2026-02-11,3213,0,Foreign_Dealer_Self,0
2026-02-11,3213,0,Investment_Trust,0
2026-02-11,3213,0,Dealer_self,0
2026-02-11,3213,1000,Dealer_Hedging,4385
2026-02-23,3213,163000,Foreign_Investor,15000
2026-02-23,3213,0,Foreign_Dealer_Self,0
2026-02-23,3213,0,Investment_Trust,0
2026-02-23,3213,0,Dealer_self,0
2026-02-23,3213,7717,Dealer_Hedging,2000
2026-02-24,3213,157000,Foreign_Investor,38000
2026-02-24,3213,0,Foreign_Dealer_Self,0
2026-02-24,3213,0,Investment_Trust,0
2026-02-24,3213,0,Dealer_self,0
2026-02-24,3213,0,Dealer_Hedging,3189
2026-02-25,3213,45000,Foreign_Investor,52000
2026-02-25,3213,0,Foreign_Dealer_Self,0
2026-02-25,3213,0,Investment_Trust,2914
2026-02-25,3213,0,Dealer_self,0
2026-02-25,3213,3990,Dealer_Hedging,6947
2026-02-26,3213,109000,Foreign_Investor,65000
2026-02-26,3213,0,Foreign_Dealer_Self,0
2026-02-26,3213,0,Investment_Trust,438
2026-02-26,3213,0,Dealer_self,0
2026-02-26,3213,2109,Dealer_Hedging,4053
2026-03-02,3213,116000,Foreign_Investor,46000
2026-03-02,3213,0,Foreign_Dealer_Self,0
2026-03-02,3213,0,Investment_Trust,1451
2026-03-02,3213,0,Dealer_self,0
2026-03-02,3213,10047,Dealer_Hedging,4772
2026-03-03,3213,103000,Foreign_Investor,85000
2026-03-03,3213,0,Foreign_Dealer_Self,0
2026-03-03,3213,0,Investment_Trust,0
2026-03-03,3213,0,Dealer_self,0
2026-03-03,3213,7168,Dealer_Hedging,5223
2026-03-04,3213,69000,Foreign_Investor,187000
2026-03-04,3213,0,Foreign_Dealer_Self,0
2026-03-04,3213,0,Investment_Trust,0
2026-03-04,3213,0,Dealer_self,0
2026-03-04,3213,9942,Dealer_Hedging,6150
2026-03-05,3213,71000,Foreign_Investor,15000
2026-03-05,3213,0,Foreign_Dealer_Self,0
2026-03-05,3213,0,Investment_Trust,0
2026-03-05,3213,0,Dealer_self,0
2026-03-05,3213,768,Dealer_Hedging,4132
2026-03-06,3213,149000,Foreign_Investor,25000
2026-03-06,3213,0,Foreign_Dealer_Self,0
2026-03-06,3213,0,Investment_Trust,0
2026-03-06,3213,0,Dealer_self,0
2026-03-06,3213,20758,Dealer_Hedging,2025
2026-03-09,3213,38000,Foreign_Investor,191000
2026-03-09,3213,0,Foreign_Dealer_Self,0
2026-03-09,3213,0,Investment_Trust,0
2026-03-09,3213,0,Dealer_self,0
2026-03-09,3213,1144,Dealer_Hedging,5455
2026-03-10,3213,278001,Foreign_Investor,39000
2026-03-10,3213,0,Foreign_Dealer_Self,0
2026-03-10,3213,0,Investment_Trust,1449
2026-03-10,3213,0,Dealer_self,0
2026-03-10,3213,10096,Dealer_Hedging,4558
2026-03-11,3213,117000,Foreign_Investor,32000
2026-03-11,3213,0,Foreign_Dealer_Self,0
2026-03-11,3213,0,Investment_Trust,0
2026-03-11,3213,0,Dealer_self,0
2026-03-11,3213,28608,Dealer_Hedging,6830
2026-03-12,3213,130000,Foreign_Investor,256000
2026-03-12,3213,0,Foreign_Dealer_Self,0
2026-03-12,3213,0,Investment_Trust,0
2026-03-12,3213,0,Dealer_self,0
2026-03-12,3213,41883,Dealer_Hedging,98696
2026-03-13,3213,68000,Foreign_Investor,130000
2026-03-13,3213,0,Foreign_Dealer_Self,0
2026-03-13,3213,0,Investment_Trust,0
2026-03-13,3213,0,Dealer_self,0
2026-03-13,3213,1108,Dealer_Hedging,2174
2026-03-16,3213,53001,Foreign_Investor,88000
2026-03-16,3213,0,Foreign_Dealer_Self,0
2026-03-16,3213,0,Investment_Trust,0
2026-03-16,3213,0,Dealer_self,0
2026-03-16,3213,755,Dealer_Hedging,1670
2026-03-17,3213,162000,Foreign_Investor,24000
2026-03-17,3213,0,Foreign_Dealer_Self,0
2026-03-17,3213,0,Investment_Trust,0
2026-03-17,3213,0,Dealer_self,0
2026-03-17,3213,1026,Dealer_Hedging,587
2026-03-18,3213,67000,Foreign_Investor,102000
2026-03-18,3213,0,Foreign_Dealer_Self,0
2026-03-18,3213,0,Investment_Trust,0
2026-03-18,3213,0,Dealer_self,0
2026-03-18,3213,1000,Dealer_Hedging,1374
2026-03-19,3213,22000,Foreign_Investor,102000
2026-03-19,3213,0,Foreign_Dealer_Self,0
2026-03-19,3213,0,Investment_Trust,0
2026-03-19,3213,0,Dealer_self,0
2026-03-19,3213,4000,Dealer_Hedging,3278
2026-03-20,3213,57000,Foreign_Investor,39000
2026-03-20,3213,0,Foreign_Dealer_Self,0
2026-03-20,3213,0,Investment_Trust,0
2026-03-20,3213,0,Dealer_self,0
2026-03-20,3213,1446,Dealer_Hedging,1589
2026-03-23,3213,110000,Foreign_Investor,60000
2026-03-23,3213,0,Foreign_Dealer_Self,0
2026-03-23,3213,0,Investment_Trust,0
2026-03-23,3213,0,Dealer_self,0
2026-03-23,3213,9000,Dealer_Hedging,9764
2026-03-24,3213,70000,Foreign_Investor,123000
2026-03-24,3213,0,Foreign_Dealer_Self,0
2026-03-24,3213,0,Investment_Trust,0
2026-03-24,3213,0,Dealer_self,0
2026-03-24,3213,445,Dealer_Hedging,2868
2026-03-25,3213,16017,Foreign_Investor,253000
2026-03-25,3213,0,Foreign_Dealer_Self,0
2026-03-25,3213,0,Investment_Trust,0
2026-03-25,3213,0,Dealer_self,0
2026-03-25,3213,7000,Dealer_Hedging,7793
2026-03-26,3213,33000,Foreign_Investor,95000
2026-03-26,3213,0,Foreign_Dealer_Self,0
2026-03-26,3213,0,Investment_Trust,0
2026-03-26,3213,0,Dealer_self,0
2026-03-26,3213,3000,Dealer_Hedging,3935
2026-03-27,3213,44000,Foreign_Investor,81000
2026-03-27,3213,0,Foreign_Dealer_Self,0
2026-03-27,3213,0,Investment_Trust,1441
2026-03-27,3213,0,Dealer_self,0
2026-03-27,3213,1689,Dealer_Hedging,3098
2026-03-30,3213,36002,Foreign_Investor,123000
2026-03-30,3213,0,Foreign_Dealer_Self,0
2026-03-30,3213,0,Investment_Trust,0
2026-03-30,3213,0,Dealer_self,0
2026-03-30,3213,2507,Dealer_Hedging,2473
2026-03-31,3213,56000,Foreign_Investor,154000
2026-03-31,3213,0,Foreign_Dealer_Self,0
2026-03-31,3213,0,Investment_Trust,0
2026-03-31,3213,0,Dealer_self,0
2026-03-31,3213,2037,Dealer_Hedging,3998
2026-04-01,3213,69000,Foreign_Investor,62000
2026-04-01,3213,0,Foreign_Dealer_Self,0
2026-04-01,3213,0,Investment_Trust,0
2026-04-01,3213,0,Dealer_self,0
2026-04-01,3213,268,Dealer_Hedging,2631
2026-04-02,3213,66000,Foreign_Investor,67000
2026-04-02,3213,0,Foreign_Dealer_Self,0
2026-04-02,3213,0,Investment_Trust,0
2026-04-02,3213,0,Dealer_self,0
2026-04-02,3213,1010,Dealer_Hedging,1131
2026-04-07,3213,83002,Foreign_Investor,118000
2026-04-07,3213,0,Foreign_Dealer_Self,0
2026-04-07,3213,0,Investment_Trust,0
2026-04-07,3213,0,Dealer_self,0
2026-04-07,3213,3000,Dealer_Hedging,3258
2026-04-08,3213,261003,Foreign_Investor,81000
2026-04-08,3213,0,Foreign_Dealer_Self,0
2026-04-08,3213,0,Investment_Trust,0
2026-04-08,3213,0,Dealer_self,0
2026-04-08,3213,3887,Dealer_Hedging,2502
2026-04-09,3213,35000,Foreign_Investor,240002
2026-04-09,3213,0,Foreign_Dealer_Self,0
2026-04-09,3213,0,Investment_Trust,0
2026-04-09,3213,0,Dealer_self,0
2026-04-09,3213,4000,Dealer_Hedging,4271
2026-04-10,3213,41000,Foreign_Investor,13000
2026-04-10,3213,0,Foreign_Dealer_Self,0
2026-04-10,3213,0,Investment_Trust,0
2026-04-10,3213,0,Dealer_self,0
2026-04-10,3213,1160,Dealer_Hedging,1336
2026-04-13,3213,63000,Foreign_Investor,16000
2026-04-13,3213,0,Foreign_Dealer_Self,0
2026-04-13,3213,0,Investment_Trust,0
2026-04-13,3213,0,Dealer_self,0
2026-04-13,3213,1496,Dealer_Hedging,512
2026-04-14,3213,60000,Foreign_Investor,28075
2026-04-14,3213,0,Foreign_Dealer_Self,0
2026-04-14,3213,0,Investment_Trust,0
2026-04-14,3213,0,Dealer_self,0
2026-04-14,3213,1164,Dealer_Hedging,657
2026-04-15,3213,95000,Foreign_Investor,19000
2026-04-15,3213,0,Foreign_Dealer_Self,0
2026-04-15,3213,0,Investment_Trust,0
2026-04-15,3213,0,Dealer_self,0
2026-04-15,3213,1010,Dealer_Hedging,989
2026-04-16,3213,207000,Foreign_Investor,147015
2026-04-16,3213,0,Foreign_Dealer_Self,0
2026-04-16,3213,0,Investment_Trust,0
2026-04-16,3213,0,Dealer_self,3000
2026-04-16,3213,10700,Dealer_Hedging,2124
2026-04-17,3213,175000,Foreign_Investor,76000
2026-04-17,3213,0,Foreign_Dealer_Self,0
2026-04-17,3213,0,Investment_Trust,1442
2026-04-17,3213,0,Dealer_self,0
2026-04-17,3213,1000,Dealer_Hedging,711
2026-04-20,3213,79000,Foreign_Investor,120000
2026-04-20,3213,0,Foreign_Dealer_Self,0
2026-04-20,3213,0,Investment_Trust,498
2026-04-20,3213,0,Dealer_self,0
2026-04-20,3213,3000,Dealer_Hedging,1922
2026-04-21,3213,125000,Foreign_Investor,34001
2026-04-21,3213,0,Foreign_Dealer_Self,0
2026-04-21,3213,0,Investment_Trust,0
2026-04-21,3213,0,Dealer_self,0
2026-04-21,3213,1856,Dealer_Hedging,8048
2026-04-22,3213,159000,Foreign_Investor,12000
2026-04-22,3213,0,Foreign_Dealer_Self,0
2026-04-22,3213,0,Investment_Trust,0
2026-04-22,3213,55000,Dealer_self,0
2026-04-22,3213,1240,Dealer_Hedging,1472
2026-04-23,3213,209000,Foreign_Investor,325000
2026-04-23,3213,0,Foreign_Dealer_Self,0
2026-04-23,3213,0,Investment_Trust,0
2026-04-23,3213,0,Dealer_self,66000
2026-04-23,3213,4353,Dealer_Hedging,6355
2026-04-24,3213,22000,Foreign_Investor,137000
2026-04-24,3213,0,Foreign_Dealer_Self,0
2026-04-24,3213,0,Investment_Trust,0
2026-04-24,3213,0,Dealer_self,0
2026-04-24,3213,2000,Dealer_Hedging,4733
2026-04-27,3213,118000,Foreign_Investor,56000
2026-04-27,3213,0,Foreign_Dealer_Self,0
2026-04-27,3213,0,Investment_Trust,0
2026-04-27,3213,0,Dealer_self,0
2026-04-27,3213,1957,Dealer_Hedging,2662
2026-04-28,3213,69000,Foreign_Investor,34000
2026-04-28,3213,0,Foreign_Dealer_Self,0
2026-04-28,3213,0,Investment_Trust,0
2026-04-28,3213,0,Dealer_self,0
2026-04-28,3213,1000,Dealer_Hedging,640
2026-04-29,3213,21000,Foreign_Investor,27000
2026-04-29,3213,0,Foreign_Dealer_Self,0
2026-04-29,3213,0,Investment_Trust,0
2026-04-29,3213,0,Dealer_self,0
2026-04-29,3213,4112,Dealer_Hedging,2050
2026-04-30,3213,46000,Foreign_Investor,46000
2026-04-30,3213,0,Foreign_Dealer_Self,0
2026-04-30,3213,0,Investment_Trust,0
2026-04-30,3213,0,Dealer_self,0
2026-04-30,3213,1000,Dealer_Hedging,658
2026-05-04,3213,92000,Foreign_Investor,10000
2026-05-04,3213,0,Foreign_Dealer_Self,0
2026-05-04,3213,0,Investment_Trust,0
2026-05-04,3213,0,Dealer_self,0
2026-05-04,3213,1790,Dealer_Hedging,1331
2026-05-05,3213,251000,Foreign_Investor,46000
2026-05-05,3213,0,Foreign_Dealer_Self,0
2026-05-05,3213,0,Investment_Trust,0
2026-05-05,3213,0,Dealer_self,0
2026-05-05,3213,6079,Dealer_Hedging,142
2026-05-06,3213,203000,Foreign_Investor,153144
2026-05-06,3213,0,Foreign_Dealer_Self,0
2026-05-06,3213,0,Investment_Trust,0
2026-05-06,3213,38000,Dealer_self,5000
2026-05-06,3213,14110,Dealer_Hedging,5000
2026-05-07,3213,479016,Foreign_Investor,286466
2026-05-07,3213,0,Foreign_Dealer_Self,0
2026-05-07,3213,0,Investment_Trust,0
2026-05-07,3213,0,Dealer_self,14000
2026-05-07,3213,11086,Dealer_Hedging,3248
2026-05-08,3213,482000,Foreign_Investor,142000
2026-05-08,3213,0,Foreign_Dealer_Self,0
2026-05-08,3213,0,Investment_Trust,0
2026-05-08,3213,0,Dealer_self,53000
2026-05-08,3213,11198,Dealer_Hedging,9883
2026-05-11,3213,127000,Foreign_Investor,203015
2026-05-11,3213,0,Foreign_Dealer_Self,0
2026-05-11,3213,0,Investment_Trust,0
2026-05-11,3213,14000,Dealer_self,10000
2026-05-11,3213,3384,Dealer_Hedging,1304
2026-05-12,3213,238000,Foreign_Investor,43000
2026-05-12,3213,0,Foreign_Dealer_Self,0
2026-05-12,3213,0,Investment_Trust,0
2026-05-12,3213,6000,Dealer_self,0
2026-05-12,3213,2667,Dealer_Hedging,4459
2026-05-13,3213,44050,Foreign_Investor,85000
2026-05-13,3213,0,Foreign_Dealer_Self,0
2026-05-13,3213,0,Investment_Trust,0
2026-05-13,3213,5000,Dealer_self,0
2026-05-13,3213,450,Dealer_Hedging,4111
2026-05-14,3213,111013,Foreign_Investor,89000
2026-05-14,3213,0,Foreign_Dealer_Self,0
2026-05-14,3213,0,Investment_Trust,0
2026-05-14,3213,7000,Dealer_self,10000
2026-05-14,3213,1997,Dealer_Hedging,3000
2026-05-15,3213,131043,Foreign_Investor,208000
2026-05-15,3213,0,Foreign_Dealer_Self,0
2026-05-15,3213,0,Investment_Trust,0
2026-05-15,3213,17000,Dealer_self,0
2026-05-15,3213,4114,Dealer_Hedging,9752
2026-05-18,3213,83000,Foreign_Investor,78000
2026-05-18,3213,0,Foreign_Dealer_Self,0
2026-05-18,3213,0,Investment_Trust,0
2026-05-18,3213,11000,Dealer_self,0
2026-05-18,3213,1514,Dealer_Hedging,3286
2026-05-19,3213,60000,Foreign_Investor,214001
2026-05-19,3213,0,Foreign_Dealer_Self,0
2026-05-19,3213,0,Investment_Trust,582
2026-05-19,3213,10000,Dealer_self,0
2026-05-19,3213,2056,Dealer_Hedging,4680
2026-05-20,3213,154000,Foreign_Investor,89000
2026-05-20,3213,0,Foreign_Dealer_Self,0
2026-05-20,3213,0,Investment_Trust,1427
2026-05-20,3213,5000,Dealer_self,0
2026-05-20,3213,4401,Dealer_Hedging,2222
2026-05-21,3213,529062,Foreign_Investor,115000
2026-05-21,3213,0,Foreign_Dealer_Self,0
2026-05-21,3213,0,Investment_Trust,0
2026-05-21,3213,5000,Dealer_self,0
2026-05-21,3213,10127,Dealer_Hedging,3514
2026-05-22,3213,325066,Foreign_Investor,150120
2026-05-22,3213,0,Foreign_Dealer_Self,0
2026-05-22,3213,0,Investment_Trust,0
2026-05-22,3213,8000,Dealer_self,0
2026-05-22,3213,3025,Dealer_Hedging,1840
2026-05-25,3213,641000,Foreign_Investor,309071
2026-05-25,3213,0,Foreign_Dealer_Self,0
2026-05-25,3213,0,Investment_Trust,0
2026-05-25,3213,10000,Dealer_self,0
2026-05-25,3213,15031,Dealer_Hedging,13416
2026-05-26,3213,187041,Foreign_Investor,157000
2026-05-26,3213,0,Foreign_Dealer_Self,0
2026-05-26,3213,0,Investment_Trust,0
2026-05-26,3213,0,Dealer_self,0
2026-05-26,3213,1448,Dealer_Hedging,3562
2026-05-27,3213,185000,Foreign_Investor,150000
2026-05-27,3213,0,Foreign_Dealer_Self,0
2026-05-27,3213,0,Investment_Trust,0
2026-05-27,3213,0,Dealer_self,0
2026-05-27,3213,3961,Dealer_Hedging,7273
2026-05-28,3213,342000,Foreign_Investor,188000
2026-05-28,3213,0,Foreign_Dealer_Self,0
2026-05-28,3213,780,Investment_Trust,0
2026-05-28,3213,0,Dealer_self,0
2026-05-28,3213,755,Dealer_Hedging,1288
2026-05-29,3213,212655,Foreign_Investor,167000
2026-05-29,3213,0,Foreign_Dealer_Self,0
2026-05-29,3213,0,Investment_Trust,0
2026-05-29,3213,0,Dealer_self,0
2026-05-29,3213,16010,Dealer_Hedging,896
2026-06-01,3213,267000,Foreign_Investor,117698
2026-06-01,3213,0,Foreign_Dealer_Self,0
2026-06-01,3213,0,Investment_Trust,0
2026-06-01,3213,0,Dealer_self,0
2026-06-01,3213,24280,Dealer_Hedging,11063
2026-06-02,3213,280000,Foreign_Investor,138000
2026-06-02,3213,0,Foreign_Dealer_Self,0
2026-06-02,3213,0,Investment_Trust,0
2026-06-02,3213,0,Dealer_self,0
2026-06-02,3213,2616,Dealer_Hedging,2694
2026-06-03,3213,254288,Foreign_Investor,227050
2026-06-03,3213,0,Foreign_Dealer_Self,0
2026-06-03,3213,0,Investment_Trust,0
2026-06-03,3213,12000,Dealer_self,0
2026-06-03,3213,19528,Dealer_Hedging,2619
2026-06-04,3213,184429,Foreign_Investor,273000
2026-06-04,3213,0,Foreign_Dealer_Self,0
2026-06-04,3213,0,Investment_Trust,0
2026-06-04,3213,0,Dealer_self,0
2026-06-04,3213,4801,Dealer_Hedging,3865
2026-06-05,3213,1710975,Foreign_Investor,512000
2026-06-05,3213,0,Foreign_Dealer_Self,0
2026-06-05,3213,0,Investment_Trust,0
2026-06-05,3213,1000,Dealer_self,10000
2026-06-05,3213,75027,Dealer_Hedging,35272
2026-06-08,3213,1473000,Foreign_Investor,1753093
2026-06-08,3213,0,Foreign_Dealer_Self,0
2026-06-08,3213,0,Investment_Trust,0
2026-06-08,3213,3000,Dealer_self,0
2026-06-08,3213,15320,Dealer_Hedging,57133
2026-06-09,3213,835256,Foreign_Investor,809097
2026-06-09,3213,0,Foreign_Dealer_Self,0
2026-06-09,3213,0,Investment_Trust,0
2026-06-09,3213,2000,Dealer_self,0
2026-06-09,3213,5455,Dealer_Hedging,13383
2026-06-10,3213,1103321,Foreign_Investor,683539
2026-06-10,3213,0,Foreign_Dealer_Self,0
2026-06-10,3213,0,Investment_Trust,0
2026-06-10,3213,0,Dealer_self,0
2026-06-10,3213,14673,Dealer_Hedging,31652
2026-06-11,3213,492630,Foreign_Investor,336240
2026-06-11,3213,0,Foreign_Dealer_Self,0
2026-06-11,3213,0,Investment_Trust,0
2026-06-11,3213,7000,Dealer_self,2000
2026-06-11,3213,8463,Dealer_Hedging,8151
2026-06-12,3213,1055790,Foreign_Investor,514839
2026-06-12,3213,0,Foreign_Dealer_Self,0
2026-06-12,3213,0,Investment_Trust,1427
2026-06-12,3213,0,Dealer_self,0
2026-06-12,3213,87942,Dealer_Hedging,11141
2026-06-15,3213,479353,Foreign_Investor,559946
2026-06-15,3213,0,Foreign_Dealer_Self,0
2026-06-15,3213,0,Investment_Trust,0
2026-06-15,3213,0,Dealer_self,3000
2026-06-15,3213,29567,Dealer_Hedging,15952
2026-06-16,3213,168001,Foreign_Investor,318000
2026-06-16,3213,0,Foreign_Dealer_Self,0
2026-06-16,3213,0,Investment_Trust,430
2026-06-16,3213,0,Dealer_self,0
2026-06-16,3213,3375,Dealer_Hedging,6449
2026-06-17,3213,208312,Foreign_Investor,336741
2026-06-17,3213,0,Foreign_Dealer_Self,0
2026-06-17,3213,0,Investment_Trust,0
2026-06-17,3213,0,Dealer_self,0
2026-06-17,3213,1978,Dealer_Hedging,1327
2026-06-18,3213,153200,Foreign_Investor,93688
2026-06-18,3213,0,Foreign_Dealer_Self,0
2026-06-18,3213,0,Investment_Trust,0
2026-06-18,3213,0,Dealer_self,0
2026-06-18,3213,1055,Dealer_Hedging,1422
2026-06-22,3213,167653,Foreign_Investor,315678
2026-06-22,3213,0,Foreign_Dealer_Self,0
2026-06-22,3213,0,Investment_Trust,0
2026-06-22,3213,0,Dealer_self,0
2026-06-22,3213,8248,Dealer_Hedging,12872
2026-06-23,3213,272172,Foreign_Investor,240030
2026-06-23,3213,0,Foreign_Dealer_Self,0
2026-06-23,3213,0,Investment_Trust,0
2026-06-23,3213,0,Dealer_self,0
2026-06-23,3213,5478,Dealer_Hedging,77458
2026-06-24,3213,171126,Foreign_Investor,245000
2026-06-24,3213,0,Foreign_Dealer_Self,0
2026-06-24,3213,0,Investment_Trust,0
2026-06-24,3213,1000,Dealer_self,0
2026-06-24,3213,6184,Dealer_Hedging,6003
2026-06-25,3213,279000,Foreign_Investor,527477
2026-06-25,3213,0,Foreign_Dealer_Self,0
2026-06-25,3213,0,Investment_Trust,0
2026-06-25,3213,0,Dealer_self,0
2026-06-25,3213,9101,Dealer_Hedging,8630
2026-06-26,3213,183050,Foreign_Investor,485651
2026-06-26,3213,0,Foreign_Dealer_Self,0
2026-06-26,3213,0,Investment_Trust,0
2026-06-26,3213,0,Dealer_self,0
2026-06-26,3213,14000,Dealer_Hedging,17783
2026-06-29,3213,248650,Foreign_Investor,256000
2026-06-29,3213,0,Foreign_Dealer_Self,0
2026-06-29,3213,6142,Investment_Trust,0
2026-06-29,3213,0,Dealer_self,88000
2026-06-29,3213,3781,Dealer_Hedging,14797
2026-06-30,3213,213034,Foreign_Investor,98937
2026-06-30,3213,0,Foreign_Dealer_Self,0
2026-06-30,3213,8977,Investment_Trust,0
2026-06-30,3213,0,Dealer_self,2000
2026-06-30,3213,3914,Dealer_Hedging,805
2026-07-01,3213,267112,Foreign_Investor,125000
2026-07-01,3213,0,Foreign_Dealer_Self,0
2026-07-01,3213,0,Investment_Trust,10
2026-07-01,3213,0,Dealer_self,200
2026-07-01,3213,4786,Dealer_Hedging,11342
2026-07-02,3213,621031,Foreign_Investor,115000
2026-07-02,3213,0,Foreign_Dealer_Self,0
2026-07-02,3213,4563,Investment_Trust,0
2026-07-02,3213,0,Dealer_self,180
2026-07-02,3213,12184,Dealer_Hedging,8177
2026-07-03,3213,1817139,Foreign_Investor,511261
2026-07-03,3213,0,Foreign_Dealer_Self,0
2026-07-03,3213,0,Investment_Trust,0
2026-07-03,3213,0,Dealer_self,120
2026-07-03,3213,30258,Dealer_Hedging,33000
2026-07-06,3213,596794,Foreign_Investor,680834
2026-07-06,3213,0,Foreign_Dealer_Self,0
2026-07-06,3213,0,Investment_Trust,0
2026-07-06,3213,1000,Dealer_self,0
2026-07-06,3213,30558,Dealer_Hedging,31813
2026-07-07,3213,308216,Foreign_Investor,268057
2026-07-07,3213,0,Foreign_Dealer_Self,0
2026-07-07,3213,0,Investment_Trust,0
2026-07-07,3213,1000,Dealer_self,3400
2026-07-07,3213,6598,Dealer_Hedging,6548
2026-07-08,3213,214000,Foreign_Investor,167022
2026-07-08,3213,0,Foreign_Dealer_Self,0
2026-07-08,3213,0,Investment_Trust,0
2026-07-08,3213,1000,Dealer_self,12000
2026-07-08,3213,4000,Dealer_Hedging,6382
2026-07-09,3213,275010,Foreign_Investor,83000
2026-07-09,3213,0,Foreign_Dealer_Self,0
2026-07-09,3213,0,Investment_Trust,0
2026-07-09,3213,0,Dealer_self,0
2026-07-09,3213,2554,Dealer_Hedging,1116
2026-07-13,3213,123134,Foreign_Investor,39000
2026-07-13,3213,0,Foreign_Dealer_Self,0
2026-07-13,3213,0,Investment_Trust,0
2026-07-13,3213,0,Dealer_self,0
2026-07-13,3213,1701,Dealer_Hedging,2070
2026-07-14,3213,222282,Foreign_Investor,226312
2026-07-14,3213,0,Foreign_Dealer_Self,0
2026-07-14,3213,0,Investment_Trust,0
2026-07-14,3213,10,Dealer_self,4000
2026-07-14,3213,5657,Dealer_Hedging,11094
2026-07-15,3213,65647,Foreign_Investor,93831
2026-07-15,3213,0,Foreign_Dealer_Self,0
2026-07-15,3213,0,Investment_Trust,0
2026-07-15,3213,0,Dealer_self,0
2026-07-15,3213,1713,Dealer_Hedging,1170
2026-07-16,3213,33163,Foreign_Investor,77277
2026-07-16,3213,0,Foreign_Dealer_Self,0
2026-07-16,3213,0,Investment_Trust,0
2026-07-16,3213,0,Dealer_self,0
2026-07-16,3213,2201,Dealer_Hedging,1883
2026-07-17,3213,113000,Foreign_Investor,392277
2026-07-17,3213,0,Foreign_Dealer_Self,0
2026-07-17,3213,0,Investment_Trust,0
2026-07-17,3213,5000,Dealer_self,0
2026-07-17,3213,8100,Dealer_Hedging,13313
2026-07-20,3213,120000,Foreign_Investor,109884
2026-07-20,3213,0,Foreign_Dealer_Self,0
2026-07-20,3213,0,Investment_Trust,0
2026-07-20,3213,0,Dealer_self,5000
2026-07-20,3213,5298,Dealer_Hedging,3021
2026-07-21,3213,337011,Foreign_Investor,110698
2026-07-21,3213,0,Foreign_Dealer_Self,0
2026-07-21,3213,0,Investment_Trust,0
2026-07-21,3213,0,Dealer_self,0
2026-07-21,3213,8816,Dealer_Hedging,2465
2026-07-22,3213,221601,Foreign_Investor,59000
2026-07-22,3213,0,Foreign_Dealer_Self,0
2026-07-22,3213,0,Investment_Trust,1673
2026-07-22,3213,0,Dealer_self,0
2026-07-22,3213,5803,Dealer_Hedging,1372
2026-07-23,3213,169451,Foreign_Investor,53000
2026-07-23,3213,0,Foreign_Dealer_Self,0
2026-07-23,3213,0,Investment_Trust,0
2026-07-23,3213,0,Dealer_self,0
2026-07-23,3213,1340,Dealer_Hedging,4138
2026-07-24,3213,119050,Foreign_Investor,121000
2026-07-24,3213,0,Foreign_Dealer_Self,0
2026-07-24,3213,0,Investment_Trust,0
2026-07-24,3213,0,Dealer_self,1410
2026-07-24,3213,2946,Dealer_Hedging,8936
2026-07-27,3213,77229,Foreign_Investor,152000
2026-07-27,3213,0,Foreign_Dealer_Self,0
2026-07-27,3213,0,Investment_Trust,0
2026-07-27,3213,0,Dealer_self,110
2026-07-27,3213,6119,Dealer_Hedging,4078
2026-07-28,3213,169000,Foreign_Investor,117000
2026-07-28,3213,0,Foreign_Dealer_Self,0
2026-07-28,3213,0,Investment_Trust,0
2026-07-28,3213,0,Dealer_self,101
2026-07-28,3213,8576,Dealer_Hedging,13257
2026-07-29,3213,156410,Foreign_Investor,283000
2026-07-29,3213,0,Foreign_Dealer_Self,0
2026-07-29,3213,0,Investment_Trust,0
2026-07-29,3213,0,Dealer_self,239
2026-07-29,3213,13309,Dealer_Hedging,12724
2026-07-30,3213,175161,Foreign_Investor,207000
2026-07-30,3213,0,Foreign_Dealer_Self,0
2026-07-30,3213,0,Investment_Trust,0
2026-07-30,3213,1000,Dealer_self,7030
2026-07-30,3213,3884,Dealer_Hedging,6504
2026-07-31,3213,139132,Foreign_Investor,61000
2026-07-31,3213,0,Foreign_Dealer_Self,0
2026-07-31,3213,0,Investment_Trust,0
2026-07-31,3213,3000,Dealer_self,20
2026-07-31,3213,5860,Dealer_Hedging,1704
2026-08-03,3213,135000,Foreign_Investor,70050
2026-08-03,3213,0,Foreign_Dealer_Self,0
2026-08-03,3213,0,Investment_Trust,1680
2026-08-03,3213,0,Dealer_self,3010
2026-08-03,3213,6366,Dealer_Hedging,1119
2026-08-04,3213,125005,Foreign_Investor,168000
2026-08-04,3213,0,Foreign_Dealer_Self,0
2026-08-04,3213,0,Investment_Trust,0
2026-08-04,3213,0,Dealer_self,0
2026-08-04,3213,13360,Dealer_Hedging,4821
2026-08-05,3213,266155,Foreign_Investor,165000
2026-08-05,3213,0,Foreign_Dealer_Self,0
2026-08-05,3213,0,Investment_Trust,1681
2026-08-05,3213,0,Dealer_self,30
2026-08-05,3213,15309,Dealer_Hedging,5000
2026-08-06,3213,1084320,Foreign_Investor,427000
2026-08-06,3213,0,Foreign_Dealer_Self,0
2026-08-06,3213,0,Investment_Trust,0
2026-08-06,3213,24000,Dealer_self,40
2026-08-06,3213,42423,Dealer_Hedging,30365
