date,stock_id,buy,name,sell
2024-05-20,3265,182000,Foreign_Investor,235000
2024-05-20,3265,0,Foreign_Dealer_Self,0
2024-05-20,3265,0,Investment_Trust,1000
2024-05-20,3265,0,Dealer_self,0
2024-05-20,3265,8000,Dealer_Hedging,12588
2024-05-21,3265,207000,Foreign_Investor,98000
2024-05-21,3265,0,Foreign_Dealer_Self,0
2024-05-21,3265,0,Investment_Trust,0
2024-05-21,3265,0,Dealer_self,0
2024-05-21,3265,5000,Dealer_Hedging,19756
2024-05-22,3265,313000,Foreign_Investor,214032
2024-05-22,3265,0,Foreign_Dealer_Self,0
2024-05-22,3265,0,Investment_Trust,1000
2024-05-22,3265,0,Dealer_self,0
2024-05-22,3265,82000,Dealer_Hedging,1260
2024-05-23,3265,155000,Foreign_Investor,539000
2024-05-23,3265,0,Foreign_Dealer_Self,0
2024-05-23,3265,0,Investment_Trust,1000
2024-05-23,3265,0,Dealer_self,0
2024-05-23,3265,4000,Dealer_Hedging,74737
2024-05-24,3265,144000,Foreign_Investor,103000
2024-05-24,3265,0,Foreign_Dealer_Self,0
2024-05-24,3265,0,Investment_Trust,1000
2024-05-24,3265,0,Dealer_self,0
2024-05-24,3265,16000,Dealer_Hedging,1394
2024-05-27,3265,500000,Foreign_Investor,159000
2024-05-27,3265,0,Foreign_Dealer_Self,0
2024-05-27,3265,0,Investment_Trust,3000
2024-05-27,3265,0,Dealer_self,0
2024-05-27,3265,35000,Dealer_Hedging,9271
2024-05-28,3265,151000,Foreign_Investor,123000
2024-05-28,3265,0,Foreign_Dealer_Self,0
2024-05-28,3265,0,Investment_Trust,1000
2024-05-28,3265,0,Dealer_self,0
2024-05-28,3265,3000,Dealer_Hedging,22003
2024-05-29,3265,1544000,Foreign_Investor,466000
2024-05-29,3265,0,Foreign_Dealer_Self,0
2024-05-29,3265,0,Investment_Trust,0
2024-05-29,3265,0,Dealer_self,0
2024-05-29,3265,154000,Dealer_Hedging,19000
2024-05-30,3265,180050,Foreign_Investor,1676000
2024-05-30,3265,0,Foreign_Dealer_Self,0
2024-05-30,3265,0,Investment_Trust,1000
2024-05-30,3265,0,Dealer_self,0
2024-05-30,3265,19000,Dealer_Hedging,108162
2024-05-31,3265,181000,Foreign_Investor,1234000
2024-05-31,3265,0,Foreign_Dealer_Self,0
2024-05-31,3265,0,Investment_Trust,126000
2024-05-31,3265,0,Dealer_self,0
2024-05-31,3265,17000,Dealer_Hedging,67278
2024-06-03,3265,141000,Foreign_Investor,631000
2024-06-03,3265,0,Foreign_Dealer_Self,0
2024-06-03,3265,0,Investment_Trust,0
2024-06-03,3265,0,Dealer_self,0
2024-06-03,3265,11000,Dealer_Hedging,21671
2024-06-04,3265,72000,Foreign_Investor,220387
2024-06-04,3265,0,Foreign_Dealer_Self,0
2024-06-04,3265,0,Investment_Trust,3000
2024-06-04,3265,0,Dealer_self,0
2024-06-04,3265,5000,Dealer_Hedging,15043
2024-06-05,3265,209000,Foreign_Investor,373000
2024-06-05,3265,0,Foreign_Dealer_Self,0
2024-06-05,3265,0,Investment_Trust,0
2024-06-05,3265,0,Dealer_self,0
2024-06-05,3265,7000,Dealer_Hedging,9545
2024-06-06,3265,251000,Foreign_Investor,117000
2024-06-06,3265,0,Foreign_Dealer_Self,0
2024-06-06,3265,0,Investment_Trust,1000
2024-06-06,3265,0,Dealer_self,0
2024-06-06,3265,13000,Dealer_Hedging,19280
2024-06-07,3265,55000,Foreign_Investor,111000
2024-06-07,3265,0,Foreign_Dealer_Self,0
2024-06-07,3265,0,Investment_Trust,32000
2024-06-07,3265,0,Dealer_self,1000
2024-06-07,3265,0,Dealer_Hedging,19229
2024-06-11,3265,86000,Foreign_Investor,73000
2024-06-11,3265,0,Foreign_Dealer_Self,0
2024-06-11,3265,0,Investment_Trust,0
2024-06-11,3265,0,Dealer_self,0
2024-06-11,3265,7000,Dealer_Hedging,34699
2024-06-12,3265,57000,Foreign_Investor,46000
2024-06-12,3265,0,Foreign_Dealer_Self,0
2024-06-12,3265,0,Investment_Trust,3000
2024-06-12,3265,0,Dealer_self,0
2024-06-12,3265,17000,Dealer_Hedging,13081
2024-06-13,3265,496000,Foreign_Investor,196000
2024-06-13,3265,0,Foreign_Dealer_Self,0
2024-06-13,3265,0,Investment_Trust,8000
2024-06-13,3265,0,Dealer_self,0
2024-06-13,3265,33000,Dealer_Hedging,19080
2024-06-14,3265,14000,Foreign_Investor,251000
2024-06-14,3265,0,Foreign_Dealer_Self,0
2024-06-14,3265,0,Investment_Trust,0
2024-06-14,3265,0,Dealer_self,0
2024-06-14,3265,2000,Dealer_Hedging,29679
2024-06-17,3265,81000,Foreign_Investor,54000
2024-06-17,3265,0,Foreign_Dealer_Self,0
2024-06-17,3265,0,Investment_Trust,1000
2024-06-17,3265,0,Dealer_self,0
2024-06-17,3265,5000,Dealer_Hedging,5043
2024-06-18,3265,78000,Foreign_Investor,89000
2024-06-18,3265,0,Foreign_Dealer_Self,0
2024-06-18,3265,0,Investment_Trust,0
2024-06-18,3265,0,Dealer_self,0
2024-06-18,3265,5000,Dealer_Hedging,4394
2024-06-19,3265,718000,Foreign_Investor,503796
2024-06-19,3265,0,Foreign_Dealer_Self,0
2024-06-19,3265,0,Investment_Trust,0
2024-06-19,3265,0,Dealer_self,1000
2024-06-19,3265,188000,Dealer_Hedging,11376
2024-06-20,3265,2720000,Foreign_Investor,911000
2024-06-20,3265,0,Foreign_Dealer_Self,0
2024-06-20,3265,0,Investment_Trust,0
2024-06-20,3265,0,Dealer_self,0
2024-06-20,3265,194962,Dealer_Hedging,90977
2024-06-21,3265,4002000,Foreign_Investor,1874000
2024-06-21,3265,0,Foreign_Dealer_Self,0
2024-06-21,3265,0,Investment_Trust,0
2024-06-21,3265,11000,Dealer_self,0
2024-06-21,3265,240151,Dealer_Hedging,156370
2024-06-24,3265,1200000,Foreign_Investor,1881000
2024-06-24,3265,0,Foreign_Dealer_Self,0
2024-06-24,3265,0,Investment_Trust,0
2024-06-24,3265,0,Dealer_self,0
2024-06-24,3265,32500,Dealer_Hedging,199513
2024-06-25,3265,851000,Foreign_Investor,635000
2024-06-25,3265,0,Foreign_Dealer_Self,0
2024-06-25,3265,0,Investment_Trust,0
2024-06-25,3265,0,Dealer_self,11000
2024-06-25,3265,17696,Dealer_Hedging,84746
2024-06-26,3265,455000,Foreign_Investor,579000
2024-06-26,3265,0,Foreign_Dealer_Self,0
2024-06-26,3265,0,Investment_Trust,0
2024-06-26,3265,0,Dealer_self,0
2024-06-26,3265,18000,Dealer_Hedging,28941
2024-06-27,3265,176000,Foreign_Investor,512000
2024-06-27,3265,0,Foreign_Dealer_Self,0
2024-06-27,3265,0,Investment_Trust,0
2024-06-27,3265,0,Dealer_self,0
2024-06-27,3265,62403,Dealer_Hedging,14854
2024-06-28,3265,220000,Foreign_Investor,899000
2024-06-28,3265,0,Foreign_Dealer_Self,0
2024-06-28,3265,0,Investment_Trust,15000
2024-06-28,3265,0,Dealer_self,0
2024-06-28,3265,54430,Dealer_Hedging,33231
2024-07-01,3265,140000,Foreign_Investor,486000
2024-07-01,3265,0,Foreign_Dealer_Self,0
2024-07-01,3265,0,Investment_Trust,0
2024-07-01,3265,0,Dealer_self,0
2024-07-01,3265,10000,Dealer_Hedging,45179
2024-07-02,3265,617000,Foreign_Investor,610000
2024-07-02,3265,0,Foreign_Dealer_Self,0
2024-07-02,3265,622000,Investment_Trust,0
2024-07-02,3265,0,Dealer_self,0
2024-07-02,3265,227961,Dealer_Hedging,4385
2024-07-03,3265,1492000,Foreign_Investor,1134000
2024-07-03,3265,0,Foreign_Dealer_Self,0
2024-07-03,3265,271000,Investment_Trust,0
2024-07-03,3265,17000,Dealer_self,0
2024-07-03,3265,37000,Dealer_Hedging,196000
2024-07-04,3265,514000,Foreign_Investor,351000
2024-07-04,3265,0,Foreign_Dealer_Self,0
2024-07-04,3265,206000,Investment_Trust,0
2024-07-04,3265,0,Dealer_self,0
2024-07-04,3265,26000,Dealer_Hedging,49507
2024-07-05,3265,297030,Foreign_Investor,1575000
2024-07-05,3265,0,Foreign_Dealer_Self,0
2024-07-05,3265,4000,Investment_Trust,0
2024-07-05,3265,0,Dealer_self,48000
2024-07-05,3265,54000,Dealer_Hedging,48707
2024-07-08,3265,228000,Foreign_Investor,434000
2024-07-08,3265,0,Foreign_Dealer_Self,0
2024-07-08,3265,9000,Investment_Trust,1000
2024-07-08,3265,0,Dealer_self,0
2024-07-08,3265,48000,Dealer_Hedging,38005
2024-07-09,3265,563000,Foreign_Investor,485000
2024-07-09,3265,0,Foreign_Dealer_Self,0
2024-07-09,3265,14000,Investment_Trust,2000
2024-07-09,3265,0,Dealer_self,0
2024-07-09,3265,288000,Dealer_Hedging,86426
2024-07-10,3265,469000,Foreign_Investor,289000
2024-07-10,3265,0,Foreign_Dealer_Self,0
2024-07-10,3265,7000,Investment_Trust,551000
2024-07-10,3265,0,Dealer_self,0
2024-07-10,3265,129000,Dealer_Hedging,143211
2024-07-11,3265,354000,Foreign_Investor,380000
2024-07-11,3265,0,Foreign_Dealer_Self,0
2024-07-11,3265,15000,Investment_Trust,265000
2024-07-11,3265,0,Dealer_self,0
2024-07-11,3265,7000,Dealer_Hedging,140035
2024-07-12,3265,134000,Foreign_Investor,874000
2024-07-12,3265,0,Foreign_Dealer_Self,0
2024-07-12,3265,76000,Investment_Trust,370000
2024-07-12,3265,2000,Dealer_self,41000
2024-07-12,3265,32000,Dealer_Hedging,53126
2024-07-15,3265,157000,Foreign_Investor,384000
2024-07-15,3265,0,Foreign_Dealer_Self,0
2024-07-15,3265,11000,Investment_Trust,2000
2024-07-15,3265,0,Dealer_self,50000
2024-07-15,3265,17000,Dealer_Hedging,66353
2024-07-16,3265,156000,Foreign_Investor,366000
2024-07-16,3265,0,Foreign_Dealer_Self,0
2024-07-16,3265,40000,Investment_Trust,282000
2024-07-16,3265,0,Dealer_self,0
2024-07-16,3265,25000,Dealer_Hedging,12065
2024-07-17,3265,46000,Foreign_Investor,534000
2024-07-17,3265,0,Foreign_Dealer_Self,0
2024-07-17,3265,41000,Investment_Trust,0
2024-07-17,3265,1000,Dealer_self,1000
2024-07-17,3265,14000,Dealer_Hedging,28547
2024-07-18,3265,124000,Foreign_Investor,821000
2024-07-18,3265,0,Foreign_Dealer_Self,0
2024-07-18,3265,70000,Investment_Trust,383000
2024-07-18,3265,3000,Dealer_self,83000
2024-07-18,3265,36000,Dealer_Hedging,89522
2024-07-19,3265,274000,Foreign_Investor,467000
2024-07-19,3265,0,Foreign_Dealer_Self,0
2024-07-19,3265,4000,Investment_Trust,0
2024-07-19,3265,0,Dealer_self,0
2024-07-19,3265,6000,Dealer_Hedging,24073
2024-07-22,3265,285000,Foreign_Investor,275000
2024-07-22,3265,0,Foreign_Dealer_Self,0
2024-07-22,3265,0,Investment_Trust,0
2024-07-22,3265,1000,Dealer_self,0
2024-07-22,3265,12000,Dealer_Hedging,46326
2024-07-23,3265,15000,Foreign_Investor,372000
2024-07-23,3265,0,Foreign_Dealer_Self,0
2024-07-23,3265,1000,Investment_Trust,0
2024-07-23,3265,0,Dealer_self,0
2024-07-23,3265,20000,Dealer_Hedging,21453
2024-07-26,3265,115000,Foreign_Investor,164000
2024-07-26,3265,0,Foreign_Dealer_Self,0
2024-07-26,3265,5000,Investment_Trust,0
2024-07-26,3265,0,Dealer_self,0
2024-07-26,3265,13000,Dealer_Hedging,19876
2024-07-29,3265,147000,Foreign_Investor,261000
2024-07-29,3265,0,Foreign_Dealer_Self,0
2024-07-29,3265,1000,Investment_Trust,0
2024-07-29,3265,0,Dealer_self,0
2024-07-29,3265,8000,Dealer_Hedging,33098
2024-07-30,3265,489000,Foreign_Investor,244000
2024-07-30,3265,0,Foreign_Dealer_Self,0
2024-07-30,3265,2000,Investment_Trust,0
2024-07-30,3265,0,Dealer_self,0
2024-07-30,3265,13000,Dealer_Hedging,9628
2024-07-31,3265,122000,Foreign_Investor,185000
2024-07-31,3265,0,Foreign_Dealer_Self,0
2024-07-31,3265,0,Investment_Trust,0
2024-07-31,3265,0,Dealer_self,0
2024-07-31,3265,8000,Dealer_Hedging,10532
2024-08-01,3265,121000,Foreign_Investor,155000
2024-08-01,3265,0,Foreign_Dealer_Self,0
2024-08-01,3265,0,Investment_Trust,0
2024-08-01,3265,0,Dealer_self,0
2024-08-01,3265,11000,Dealer_Hedging,12910
2024-08-02,3265,86000,Foreign_Investor,465000
2024-08-02,3265,0,Foreign_Dealer_Self,0
2024-08-02,3265,43000,Investment_Trust,0
2024-08-02,3265,1000,Dealer_self,0
2024-08-02,3265,10000,Dealer_Hedging,46379
2024-08-05,3265,228000,Foreign_Investor,354000
2024-08-05,3265,0,Foreign_Dealer_Self,0
2024-08-05,3265,5000,Investment_Trust,0
2024-08-05,3265,1000,Dealer_self,0
2024-08-05,3265,6000,Dealer_Hedging,52878
2024-08-06,3265,906000,Foreign_Investor,551000
2024-08-06,3265,0,Foreign_Dealer_Self,0
2024-08-06,3265,6000,Investment_Trust,0
2024-08-06,3265,0,Dealer_self,0
2024-08-06,3265,14000,Dealer_Hedging,55224
2024-08-07,3265,320000,Foreign_Investor,407000
2024-08-07,3265,0,Foreign_Dealer_Self,0
2024-08-07,3265,0,Investment_Trust,0
2024-08-07,3265,0,Dealer_self,0
2024-08-07,3265,17021,Dealer_Hedging,1429
2024-08-08,3265,244000,Foreign_Investor,217000
2024-08-08,3265,0,Foreign_Dealer_Self,0
2024-08-08,3265,3000,Investment_Trust,0
2024-08-08,3265,0,Dealer_self,0
2024-08-08,3265,4000,Dealer_Hedging,10274
2024-08-09,3265,142000,Foreign_Investor,153000
2024-08-09,3265,0,Foreign_Dealer_Self,0
2024-08-09,3265,0,Investment_Trust,0
2024-08-09,3265,0,Dealer_self,0
2024-08-09,3265,5000,Dealer_Hedging,3619
2024-08-12,3265,231000,Foreign_Investor,76000
2024-08-12,3265,0,Foreign_Dealer_Self,0
2024-08-12,3265,0,Investment_Trust,0
2024-08-12,3265,0,Dealer_self,0
2024-08-12,3265,1000,Dealer_Hedging,11733
2024-08-13,3265,127000,Foreign_Investor,71000
2024-08-13,3265,0,Foreign_Dealer_Self,0
2024-08-13,3265,0,Investment_Trust,0
2024-08-13,3265,0,Dealer_self,0
2024-08-13,3265,4000,Dealer_Hedging,5536
2024-08-14,3265,114000,Foreign_Investor,104000
2024-08-14,3265,0,Foreign_Dealer_Self,0
2024-08-14,3265,0,Investment_Trust,0
2024-08-14,3265,0,Dealer_self,2000
2024-08-14,3265,6000,Dealer_Hedging,3145
2024-08-15,3265,132000,Foreign_Investor,67000
2024-08-15,3265,0,Foreign_Dealer_Self,0
2024-08-15,3265,0,Investment_Trust,0
2024-08-15,3265,0,Dealer_self,0
2024-08-15,3265,6000,Dealer_Hedging,2493
2024-08-16,3265,80000,Foreign_Investor,39000
2024-08-16,3265,0,Foreign_Dealer_Self,0
2024-08-16,3265,0,Investment_Trust,0
2024-08-16,3265,0,Dealer_self,0
2024-08-16,3265,2000,Dealer_Hedging,9268
2024-08-19,3265,128000,Foreign_Investor,91000
2024-08-19,3265,0,Foreign_Dealer_Self,0
2024-08-19,3265,0,Investment_Trust,2000
2024-08-19,3265,0,Dealer_self,0
2024-08-19,3265,3000,Dealer_Hedging,2713
2024-08-20,3265,254000,Foreign_Investor,393000
2024-08-20,3265,0,Foreign_Dealer_Self,0
2024-08-20,3265,0,Investment_Trust,0
2024-08-20,3265,0,Dealer_self,0
2024-08-20,3265,44000,Dealer_Hedging,3464
2024-08-21,3265,56000,Foreign_Investor,307000
2024-08-21,3265,0,Foreign_Dealer_Self,0
2024-08-21,3265,0,Investment_Trust,0
2024-08-21,3265,0,Dealer_self,0
2024-08-21,3265,0,Dealer_Hedging,23269
2024-08-22,3265,108000,Foreign_Investor,66000
2024-08-22,3265,0,Foreign_Dealer_Self,0
2024-08-22,3265,0,Investment_Trust,0
2024-08-22,3265,0,Dealer_self,0
2024-08-22,3265,3000,Dealer_Hedging,7664
2024-08-23,3265,54000,Foreign_Investor,54000
2024-08-23,3265,0,Foreign_Dealer_Self,0
2024-08-23,3265,0,Investment_Trust,0
2024-08-23,3265,9000,Dealer_self,0
2024-08-23,3265,2000,Dealer_Hedging,5002
2024-08-26,3265,83000,Foreign_Investor,77000
2024-08-26,3265,0,Foreign_Dealer_Self,0
2024-08-26,3265,0,Investment_Trust,0
2024-08-26,3265,0,Dealer_self,0
2024-08-26,3265,3000,Dealer_Hedging,5651
2024-08-27,3265,43000,Foreign_Investor,44000
2024-08-27,3265,0,Foreign_Dealer_Self,0
2024-08-27,3265,0,Investment_Trust,0
2024-08-27,3265,0,Dealer_self,0
2024-08-27,3265,3000,Dealer_Hedging,0
2024-08-28,3265,156000,Foreign_Investor,375000
2024-08-28,3265,0,Foreign_Dealer_Self,0
2024-08-28,3265,0,Investment_Trust,0
2024-08-28,3265,9000,Dealer_self,0
2024-08-28,3265,29000,Dealer_Hedging,2408
2024-08-29,3265,91000,Foreign_Investor,276000
2024-08-29,3265,0,Foreign_Dealer_Self,0
2024-08-29,3265,0,Investment_Trust,0
2024-08-29,3265,0,Dealer_self,3000
2024-08-29,3265,17000,Dealer_Hedging,8151
2024-08-30,3265,207000,Foreign_Investor,306000
2024-08-30,3265,0,Foreign_Dealer_Self,0
2024-08-30,3265,80000,Investment_Trust,0
2024-08-30,3265,0,Dealer_self,0
2024-08-30,3265,29000,Dealer_Hedging,22076
2024-09-02,3265,401000,Foreign_Investor,703000
2024-09-02,3265,0,Foreign_Dealer_Self,0
2024-09-02,3265,287000,Investment_Trust,0
2024-09-02,3265,0,Dealer_self,0
2024-09-02,3265,80000,Dealer_Hedging,17940
2024-09-03,3265,324000,Foreign_Investor,1026000
2024-09-03,3265,0,Foreign_Dealer_Self,0
2024-09-03,3265,402000,Investment_Trust,0
2024-09-03,3265,0,Dealer_self,0
2024-09-03,3265,11000,Dealer_Hedging,49099
2024-09-04,3265,321000,Foreign_Investor,380000
2024-09-04,3265,0,Foreign_Dealer_Self,0
2024-09-04,3265,86000,Investment_Trust,0
2024-09-04,3265,0,Dealer_self,8000
2024-09-04,3265,6000,Dealer_Hedging,64898
2024-09-05,3265,214000,Foreign_Investor,296000
2024-09-05,3265,0,Foreign_Dealer_Self,0
2024-09-05,3265,5000,Investment_Trust,0
2024-09-05,3265,1000,Dealer_self,0
2024-09-05,3265,19000,Dealer_Hedging,12070
2024-09-06,3265,156000,Foreign_Investor,585000
2024-09-06,3265,0,Foreign_Dealer_Self,0
2024-09-06,3265,35000,Investment_Trust,0
2024-09-06,3265,0,Dealer_self,8000
2024-09-06,3265,7000,Dealer_Hedging,16726
2024-09-09,3265,393000,Foreign_Investor,310000
2024-09-09,3265,0,Foreign_Dealer_Self,0
2024-09-09,3265,4000,Investment_Trust,0
2024-09-09,3265,0,Dealer_self,0
2024-09-09,3265,12000,Dealer_Hedging,11008
2024-09-10,3265,176000,Foreign_Investor,155000
2024-09-10,3265,0,Foreign_Dealer_Self,0
2024-09-10,3265,0,Investment_Trust,0
2024-09-10,3265,0,Dealer_self,0
2024-09-10,3265,3000,Dealer_Hedging,16022
2024-09-11,3265,112000,Foreign_Investor,164000
2024-09-11,3265,0,Foreign_Dealer_Self,0
2024-09-11,3265,0,Investment_Trust,0
2024-09-11,3265,85000,Dealer_self,0
2024-09-11,3265,10012,Dealer_Hedging,4000
2024-09-12,3265,249000,Foreign_Investor,86000
2024-09-12,3265,0,Foreign_Dealer_Self,0
2024-09-12,3265,0,Investment_Trust,1000
2024-09-12,3265,0,Dealer_self,85000
2024-09-12,3265,11000,Dealer_Hedging,10000
2024-09-13,3265,59000,Foreign_Investor,328000
2024-09-13,3265,0,Foreign_Dealer_Self,0
2024-09-13,3265,0,Investment_Trust,0
2024-09-13,3265,0,Dealer_self,0
2024-09-13,3265,3000,Dealer_Hedging,9287
2024-09-16,3265,94000,Foreign_Investor,35000
2024-09-16,3265,0,Foreign_Dealer_Self,0
2024-09-16,3265,0,Investment_Trust,0
2024-09-16,3265,0,Dealer_self,0
2024-09-16,3265,5000,Dealer_Hedging,3000
2024-09-18,3265,103000,Foreign_Investor,93000
2024-09-18,3265,0,Foreign_Dealer_Self,0
2024-09-18,3265,0,Investment_Trust,0
2024-09-18,3265,0,Dealer_self,0
2024-09-18,3265,0,Dealer_Hedging,4395
2024-09-19,3265,52000,Foreign_Investor,63000
2024-09-19,3265,0,Foreign_Dealer_Self,0
2024-09-19,3265,9000,Investment_Trust,0
2024-09-19,3265,0,Dealer_self,0
2024-09-19,3265,13000,Dealer_Hedging,10610
2024-09-20,3265,113000,Foreign_Investor,98000
2024-09-20,3265,0,Foreign_Dealer_Self,0
2024-09-20,3265,0,Investment_Trust,0
2024-09-20,3265,0,Dealer_self,0
2024-09-20,3265,1000,Dealer_Hedging,10803
2024-09-23,3265,135000,Foreign_Investor,72000
2024-09-23,3265,0,Foreign_Dealer_Self,0
2024-09-23,3265,0,Investment_Trust,0
2024-09-23,3265,0,Dealer_self,0
2024-09-23,3265,5000,Dealer_Hedging,1249
2024-09-24,3265,300000,Foreign_Investor,557000
2024-09-24,3265,0,Foreign_Dealer_Self,0
2024-09-24,3265,80000,Investment_Trust,0
2024-09-24,3265,1,Dealer_self,0
2024-09-24,3265,40000,Dealer_Hedging,6626
2024-09-25,3265,882000,Foreign_Investor,353000
2024-09-25,3265,0,Foreign_Dealer_Self,0
2024-09-25,3265,0,Investment_Trust,0
2024-09-25,3265,0,Dealer_self,0
2024-09-25,3265,53000,Dealer_Hedging,18543
2024-09-26,3265,139000,Foreign_Investor,621000
2024-09-26,3265,0,Foreign_Dealer_Self,0
2024-09-26,3265,0,Investment_Trust,0
2024-09-26,3265,0,Dealer_self,0
2024-09-26,3265,3000,Dealer_Hedging,36149
2024-09-27,3265,391000,Foreign_Investor,626000
2024-09-27,3265,0,Foreign_Dealer_Self,0
2024-09-27,3265,1000,Investment_Trust,0
2024-09-27,3265,0,Dealer_self,0
2024-09-27,3265,44000,Dealer_Hedging,9010
2024-09-30,3265,158000,Foreign_Investor,282000
2024-09-30,3265,0,Foreign_Dealer_Self,0
2024-09-30,3265,12000,Investment_Trust,10000
2024-09-30,3265,0,Dealer_self,1
2024-09-30,3265,3000,Dealer_Hedging,42092
2024-10-01,3265,162000,Foreign_Investor,181000
2024-10-01,3265,0,Foreign_Dealer_Self,0
2024-10-01,3265,8000,Investment_Trust,1000
2024-10-01,3265,0,Dealer_self,0
2024-10-01,3265,12000,Dealer_Hedging,3099
2024-10-04,3265,185000,Foreign_Investor,368000
2024-10-04,3265,0,Foreign_Dealer_Self,0
2024-10-04,3265,12000,Investment_Trust,0
2024-10-04,3265,0,Dealer_self,0
2024-10-04,3265,18000,Dealer_Hedging,16830
2024-10-07,3265,666000,Foreign_Investor,1243000
2024-10-07,3265,0,Foreign_Dealer_Self,0
2024-10-07,3265,2000,Investment_Trust,0
2024-10-07,3265,0,Dealer_self,0
2024-10-07,3265,107006,Dealer_Hedging,55585
2024-10-08,3265,275000,Foreign_Investor,309000
2024-10-08,3265,0,Foreign_Dealer_Self,0
2024-10-08,3265,15000,Investment_Trust,0
2024-10-08,3265,0,Dealer_self,0
2024-10-08,3265,91000,Dealer_Hedging,39896
2024-10-09,3265,302000,Foreign_Investor,393000
2024-10-09,3265,0,Foreign_Dealer_Self,0
2024-10-09,3265,0,Investment_Trust,2000
2024-10-09,3265,0,Dealer_self,0
2024-10-09,3265,7000,Dealer_Hedging,67361
2024-10-11,3265,122000,Foreign_Investor,71000
2024-10-11,3265,0,Foreign_Dealer_Self,0
2024-10-11,3265,15000,Investment_Trust,0
2024-10-11,3265,0,Dealer_self,0
2024-10-11,3265,1000,Dealer_Hedging,19629
2024-10-14,3265,341000,Foreign_Investor,176030
2024-10-14,3265,0,Foreign_Dealer_Self,0
2024-10-14,3265,0,Investment_Trust,0
2024-10-14,3265,14000,Dealer_self,0
2024-10-14,3265,27000,Dealer_Hedging,1298
2024-10-15,3265,163000,Foreign_Investor,217000
2024-10-15,3265,0,Foreign_Dealer_Self,0
2024-10-15,3265,0,Investment_Trust,0
2024-10-15,3265,13000,Dealer_self,0
2024-10-15,3265,26000,Dealer_Hedging,40476
2024-10-16,3265,344000,Foreign_Investor,381000
2024-10-16,3265,0,Foreign_Dealer_Self,0
2024-10-16,3265,45000,Investment_Trust,1000
2024-10-16,3265,10000,Dealer_self,0
2024-10-16,3265,109892,Dealer_Hedging,30188
2024-10-17,3265,95000,Foreign_Investor,427000
2024-10-17,3265,0,Foreign_Dealer_Self,0
2024-10-17,3265,1000,Investment_Trust,0
2024-10-17,3265,0,Dealer_self,0
2024-10-17,3265,32000,Dealer_Hedging,87219
2024-10-18,3265,190000,Foreign_Investor,122000
2024-10-18,3265,0,Foreign_Dealer_Self,0
2024-10-18,3265,0,Investment_Trust,1000
2024-10-18,3265,0,Dealer_self,0
2024-10-18,3265,11000,Dealer_Hedging,31991
2024-10-21,3265,212000,Foreign_Investor,47000
2024-10-21,3265,0,Foreign_Dealer_Self,0
2024-10-21,3265,0,Investment_Trust,0
2024-10-21,3265,8000,Dealer_self,0
2024-10-21,3265,14000,Dealer_Hedging,12000
2024-10-22,3265,107000,Foreign_Investor,50000
2024-10-22,3265,0,Foreign_Dealer_Self,0
2024-10-22,3265,0,Investment_Trust,0
2024-10-22,3265,0,Dealer_self,0
2024-10-22,3265,1000,Dealer_Hedging,21225
2024-10-23,3265,82000,Foreign_Investor,21000
2024-10-23,3265,0,Foreign_Dealer_Self,0
2024-10-23,3265,0,Investment_Trust,0
2024-10-23,3265,0,Dealer_self,0
2024-10-23,3265,5000,Dealer_Hedging,2224
2024-10-24,3265,174000,Foreign_Investor,177000
2024-10-24,3265,0,Foreign_Dealer_Self,0
2024-10-24,3265,0,Investment_Trust,3000
2024-10-24,3265,8000,Dealer_self,8000
2024-10-24,3265,6000,Dealer_Hedging,17083
2024-10-25,3265,243000,Foreign_Investor,94013
2024-10-25,3265,0,Foreign_Dealer_Self,0
2024-10-25,3265,0,Investment_Trust,175000
2024-10-25,3265,0,Dealer_self,0
2024-10-25,3265,2000,Dealer_Hedging,16761
2024-10-28,3265,244000,Foreign_Investor,127000
2024-10-28,3265,0,Foreign_Dealer_Self,0
2024-10-28,3265,0,Investment_Trust,0
2024-10-28,3265,2000,Dealer_self,0
2024-10-28,3265,6000,Dealer_Hedging,20674
2024-10-29,3265,71000,Foreign_Investor,229000
2024-10-29,3265,0,Foreign_Dealer_Self,0
2024-10-29,3265,1000,Investment_Trust,0
2024-10-29,3265,0,Dealer_self,0
2024-10-29,3265,8000,Dealer_Hedging,24879
2024-10-30,3265,262000,Foreign_Investor,95000
2024-10-30,3265,0,Foreign_Dealer_Self,0
2024-10-30,3265,1000,Investment_Trust,0
2024-10-30,3265,0,Dealer_self,0
2024-10-30,3265,9000,Dealer_Hedging,20361
2024-11-01,3265,106000,Foreign_Investor,113750
2024-11-01,3265,0,Foreign_Dealer_Self,0
2024-11-01,3265,14000,Investment_Trust,0
2024-11-01,3265,0,Dealer_self,0
2024-11-01,3265,6000,Dealer_Hedging,11102
2024-11-04,3265,54000,Foreign_Investor,81000
2024-11-04,3265,0,Foreign_Dealer_Self,0
2024-11-04,3265,0,Investment_Trust,0
2024-11-04,3265,0,Dealer_self,0
2024-11-04,3265,1000,Dealer_Hedging,9271
2024-11-05,3265,69000,Foreign_Investor,75375
2024-11-05,3265,0,Foreign_Dealer_Self,0
2024-11-05,3265,0,Investment_Trust,0
2024-11-05,3265,0,Dealer_self,0
2024-11-05,3265,2000,Dealer_Hedging,22517
2024-11-06,3265,153000,Foreign_Investor,154375
2024-11-06,3265,0,Foreign_Dealer_Self,0
2024-11-06,3265,0,Investment_Trust,0
2024-11-06,3265,0,Dealer_self,0
2024-11-06,3265,22000,Dealer_Hedging,6405
2024-11-07,3265,29000,Foreign_Investor,64000
2024-11-07,3265,0,Foreign_Dealer_Self,0
2024-11-07,3265,60000,Investment_Trust,0
2024-11-07,3265,0,Dealer_self,0
2024-11-07,3265,4000,Dealer_Hedging,2537
2024-11-08,3265,20000,Foreign_Investor,84500
2024-11-08,3265,0,Foreign_Dealer_Self,0
2024-11-08,3265,0,Investment_Trust,0
2024-11-08,3265,0,Dealer_self,8000
2024-11-08,3265,6000,Dealer_Hedging,18062
2024-11-11,3265,88000,Foreign_Investor,33000
2024-11-11,3265,0,Foreign_Dealer_Self,0
2024-11-11,3265,0,Investment_Trust,0
2024-11-11,3265,0,Dealer_self,0
2024-11-11,3265,9,Dealer_Hedging,4081
2024-11-12,3265,121000,Foreign_Investor,91000
2024-11-12,3265,0,Foreign_Dealer_Self,0
2024-11-12,3265,0,Investment_Trust,0
2024-11-12,3265,0,Dealer_self,0
2024-11-12,3265,6000,Dealer_Hedging,8780
2024-11-13,3265,79000,Foreign_Investor,27000
2024-11-13,3265,0,Foreign_Dealer_Self,0
2024-11-13,3265,0,Investment_Trust,0
2024-11-13,3265,0,Dealer_self,0
2024-11-13,3265,8000,Dealer_Hedging,10232
2024-11-14,3265,26000,Foreign_Investor,135000
2024-11-14,3265,0,Foreign_Dealer_Self,0
2024-11-14,3265,11000,Investment_Trust,0
2024-11-14,3265,0,Dealer_self,0
2024-11-14,3265,3000,Dealer_Hedging,15470
2024-11-15,3265,24000,Foreign_Investor,49000
2024-11-15,3265,0,Foreign_Dealer_Self,0
2024-11-15,3265,0,Investment_Trust,0
2024-11-15,3265,0,Dealer_self,0
2024-11-15,3265,0,Dealer_Hedging,148
2024-11-18,3265,21000,Foreign_Investor,89000
2024-11-18,3265,0,Foreign_Dealer_Self,0
2024-11-18,3265,9000,Investment_Trust,0
2024-11-18,3265,0,Dealer_self,0
2024-11-18,3265,3000,Dealer_Hedging,5378
2024-11-19,3265,52000,Foreign_Investor,21000
2024-11-19,3265,0,Foreign_Dealer_Self,0
2024-11-19,3265,0,Investment_Trust,0
2024-11-19,3265,0,Dealer_self,0
2024-11-19,3265,5000,Dealer_Hedging,2000
2024-11-20,3265,16000,Foreign_Investor,33000
2024-11-20,3265,0,Foreign_Dealer_Self,0
2024-11-20,3265,1000,Investment_Trust,0
2024-11-20,3265,0,Dealer_self,0
2024-11-20,3265,0,Dealer_Hedging,4487
2024-11-21,3265,86000,Foreign_Investor,30000
2024-11-21,3265,0,Foreign_Dealer_Self,0
2024-11-21,3265,3000,Investment_Trust,0
2024-11-21,3265,0,Dealer_self,0
2024-11-21,3265,17000,Dealer_Hedging,1401
2024-11-22,3265,31000,Foreign_Investor,20000
2024-11-22,3265,0,Foreign_Dealer_Self,0
2024-11-22,3265,0,Investment_Trust,0
2024-11-22,3265,0,Dealer_self,0
2024-11-22,3265,0,Dealer_Hedging,0
2024-11-25,3265,111000,Foreign_Investor,19000
2024-11-25,3265,0,Foreign_Dealer_Self,0
2024-11-25,3265,0,Investment_Trust,0
2024-11-25,3265,0,Dealer_self,0
2024-11-25,3265,5000,Dealer_Hedging,3000
2024-11-26,3265,97000,Foreign_Investor,41000
2024-11-26,3265,0,Foreign_Dealer_Self,0
2024-11-26,3265,0,Investment_Trust,0
2024-11-26,3265,0,Dealer_self,0
2024-11-26,3265,0,Dealer_Hedging,6216
2024-11-27,3265,56000,Foreign_Investor,102000
2024-11-27,3265,0,Foreign_Dealer_Self,0
2024-11-27,3265,0,Investment_Trust,0
2024-11-27,3265,0,Dealer_self,0
2024-11-27,3265,1063,Dealer_Hedging,5411
2024-11-28,3265,195000,Foreign_Investor,78000
2024-11-28,3265,0,Foreign_Dealer_Self,0
2024-11-28,3265,15000,Investment_Trust,60000
2024-11-28,3265,0,Dealer_self,0
2024-11-28,3265,2000,Dealer_Hedging,9127
2024-11-29,3265,205000,Foreign_Investor,162000
2024-11-29,3265,0,Foreign_Dealer_Self,0
2024-11-29,3265,0,Investment_Trust,0
2024-11-29,3265,0,Dealer_self,0
2024-11-29,3265,3000,Dealer_Hedging,6367
2024-12-02,3265,209000,Foreign_Investor,80000
2024-12-02,3265,0,Foreign_Dealer_Self,0
2024-12-02,3265,0,Investment_Trust,0
2024-12-02,3265,0,Dealer_self,0
2024-12-02,3265,21081,Dealer_Hedging,2348
2024-12-03,3265,103000,Foreign_Investor,145000
2024-12-03,3265,0,Foreign_Dealer_Self,0
2024-12-03,3265,0,Investment_Trust,0
2024-12-03,3265,0,Dealer_self,0
2024-12-03,3265,2000,Dealer_Hedging,10000
2024-12-04,3265,349000,Foreign_Investor,84000
2024-12-04,3265,0,Foreign_Dealer_Self,0
2024-12-04,3265,0,Investment_Trust,230000
2024-12-04,3265,0,Dealer_self,0
2024-12-04,3265,1000,Dealer_Hedging,7136
2024-12-05,3265,575000,Foreign_Investor,633000
2024-12-05,3265,0,Foreign_Dealer_Self,0
2024-12-05,3265,0,Investment_Trust,98000
2024-12-05,3265,0,Dealer_self,0
2024-12-05,3265,63724,Dealer_Hedging,7956
2024-12-06,3265,857000,Foreign_Investor,1502000
2024-12-06,3265,0,Foreign_Dealer_Self,0
2024-12-06,3265,0,Investment_Trust,70000
2024-12-06,3265,0,Dealer_self,1000
2024-12-06,3265,47914,Dealer_Hedging,85973
2024-12-09,3265,412000,Foreign_Investor,405000
2024-12-09,3265,0,Foreign_Dealer_Self,0
2024-12-09,3265,0,Investment_Trust,72000
2024-12-09,3265,0,Dealer_self,0
2024-12-09,3265,11023,Dealer_Hedging,32278
2024-12-10,3265,196000,Foreign_Investor,212000
2024-12-10,3265,0,Foreign_Dealer_Self,0
2024-12-10,3265,0,Investment_Trust,66000
2024-12-10,3265,0,Dealer_self,0
2024-12-10,3265,1000,Dealer_Hedging,14959
2024-12-11,3265,218000,Foreign_Investor,322000
2024-12-11,3265,0,Foreign_Dealer_Self,0
2024-12-11,3265,0,Investment_Trust,60000
2024-12-11,3265,17000,Dealer_self,0
2024-12-11,3265,38000,Dealer_Hedging,1476
2024-12-12,3265,165000,Foreign_Investor,363000
2024-12-12,3265,0,Foreign_Dealer_Self,0
2024-12-12,3265,0,Investment_Trust,21000
2024-12-12,3265,0,Dealer_self,0
2024-12-12,3265,5000,Dealer_Hedging,31822
2024-12-13,3265,78000,Foreign_Investor,100000
2024-12-13,3265,0,Foreign_Dealer_Self,0
2024-12-13,3265,0,Investment_Trust,0
2024-12-13,3265,0,Dealer_self,0
2024-12-13,3265,1000,Dealer_Hedging,5000
2024-12-16,3265,296000,Foreign_Investor,245000
2024-12-16,3265,0,Foreign_Dealer_Self,0
2024-12-16,3265,0,Investment_Trust,0
2024-12-16,3265,0,Dealer_self,0
2024-12-16,3265,13009,Dealer_Hedging,5016
2024-12-17,3265,776000,Foreign_Investor,165000
2024-12-17,3265,0,Foreign_Dealer_Self,0
2024-12-17,3265,0,Investment_Trust,1043000
2024-12-17,3265,0,Dealer_self,0
2024-12-17,3265,6023,Dealer_Hedging,6297
2024-12-18,3265,309000,Foreign_Investor,96000
2024-12-18,3265,0,Foreign_Dealer_Self,0
2024-12-18,3265,0,Investment_Trust,254000
2024-12-18,3265,0,Dealer_self,0
2024-12-18,3265,4890,Dealer_Hedging,10076
2024-12-19,3265,447000,Foreign_Investor,282000
2024-12-19,3265,0,Foreign_Dealer_Self,0
2024-12-19,3265,0,Investment_Trust,0
2024-12-19,3265,0,Dealer_self,0
2024-12-19,3265,23000,Dealer_Hedging,3288
2024-12-20,3265,203000,Foreign_Investor,444000
2024-12-20,3265,0,Foreign_Dealer_Self,0
2024-12-20,3265,0,Investment_Trust,0
2024-12-20,3265,0,Dealer_self,0
2024-12-20,3265,4000,Dealer_Hedging,8855
2024-12-23,3265,119000,Foreign_Investor,175000
2024-12-23,3265,0,Foreign_Dealer_Self,0
2024-12-23,3265,0,Investment_Trust,0
2024-12-23,3265,0,Dealer_self,0
2024-12-23,3265,5000,Dealer_Hedging,7003
2024-12-24,3265,106000,Foreign_Investor,61000
2024-12-24,3265,0,Foreign_Dealer_Self,0
2024-12-24,3265,0,Investment_Trust,0
2024-12-24,3265,0,Dealer_self,0
2024-12-24,3265,0,Dealer_Hedging,3315
2024-12-25,3265,234000,Foreign_Investor,68000
2024-12-25,3265,0,Foreign_Dealer_Self,0
2024-12-25,3265,0,Investment_Trust,0
2024-12-25,3265,0,Dealer_self,10000
2024-12-25,3265,4000,Dealer_Hedging,2000
2024-12-26,3265,96000,Foreign_Investor,57000
2024-12-26,3265,0,Foreign_Dealer_Self,0
2024-12-26,3265,0,Investment_Trust,0
2024-12-26,3265,0,Dealer_self,0
2024-12-26,3265,0,Dealer_Hedging,5322
2024-12-27,3265,288000,Foreign_Investor,270000
2024-12-27,3265,0,Foreign_Dealer_Self,0
2024-12-27,3265,0,Investment_Trust,0
2024-12-27,3265,0,Dealer_self,0
2024-12-27,3265,72325,Dealer_Hedging,3000
2024-12-30,3265,212000,Foreign_Investor,863000
2024-12-30,3265,0,Foreign_Dealer_Self,0
2024-12-30,3265,0,Investment_Trust,0
2024-12-30,3265,0,Dealer_self,0
2024-12-30,3265,7860,Dealer_Hedging,34960
2024-12-31,3265,231000,Foreign_Investor,98000
2024-12-31,3265,0,Foreign_Dealer_Self,0
2024-12-31,3265,0,Investment_Trust,403000
2024-12-31,3265,0,Dealer_self,14000
2024-12-31,3265,7000,Dealer_Hedging,15021
2025-01-02,3265,64000,Foreign_Investor,115000
2025-01-02,3265,0,Foreign_Dealer_Self,0
2025-01-02,3265,0,Investment_Trust,0
2025-01-02,3265,0,Dealer_self,0
2025-01-02,3265,0,Dealer_Hedging,3
2025-01-03,3265,78000,Foreign_Investor,127000
2025-01-03,3265,0,Foreign_Dealer_Self,0
2025-01-03,3265,0,Investment_Trust,0
2025-01-03,3265,0,Dealer_self,0
2025-01-03,3265,2005,Dealer_Hedging,9340
2025-01-06,3265,222000,Foreign_Investor,56000
2025-01-06,3265,0,Foreign_Dealer_Self,0
2025-01-06,3265,0,Investment_Trust,0
2025-01-06,3265,0,Dealer_self,27000
2025-01-06,3265,6000,Dealer_Hedging,9000
2025-01-07,3265,352000,Foreign_Investor,81000
2025-01-07,3265,0,Foreign_Dealer_Self,0
2025-01-07,3265,0,Investment_Trust,0
2025-01-07,3265,0,Dealer_self,0
2025-01-07,3265,9000,Dealer_Hedging,4379
2025-01-08,3265,24000,Foreign_Investor,105000
2025-01-08,3265,0,Foreign_Dealer_Self,0
2025-01-08,3265,0,Investment_Trust,0
2025-01-08,3265,0,Dealer_self,0
2025-01-08,3265,0,Dealer_Hedging,14000
2025-01-09,3265,652000,Foreign_Investor,956000
2025-01-09,3265,0,Foreign_Dealer_Self,0
2025-01-09,3265,0,Investment_Trust,0
2025-01-09,3265,16000,Dealer_self,0
2025-01-09,3265,29952,Dealer_Hedging,8842
2025-01-10,3265,225000,Foreign_Investor,295000
2025-01-10,3265,0,Foreign_Dealer_Self,0
2025-01-10,3265,0,Investment_Trust,0
2025-01-10,3265,0,Dealer_self,0
2025-01-10,3265,15000,Dealer_Hedging,23795
2025-01-13,3265,448000,Foreign_Investor,480000
2025-01-13,3265,0,Foreign_Dealer_Self,0
2025-01-13,3265,0,Investment_Trust,0
2025-01-13,3265,0,Dealer_self,31000
2025-01-13,3265,16000,Dealer_Hedging,33024
2025-01-14,3265,100000,Foreign_Investor,105000
2025-01-14,3265,0,Foreign_Dealer_Self,0
2025-01-14,3265,0,Investment_Trust,0
2025-01-14,3265,0,Dealer_self,0
2025-01-14,3265,5000,Dealer_Hedging,4117
2025-01-15,3265,72000,Foreign_Investor,159000
2025-01-15,3265,0,Foreign_Dealer_Self,0
2025-01-15,3265,0,Investment_Trust,0
2025-01-15,3265,1000,Dealer_self,0
2025-01-15,3265,13124,Dealer_Hedging,5046
2025-01-16,3265,255000,Foreign_Investor,66000
2025-01-16,3265,0,Foreign_Dealer_Self,0
2025-01-16,3265,0,Investment_Trust,0
2025-01-16,3265,0,Dealer_self,0
2025-01-16,3265,15000,Dealer_Hedging,5539
2025-01-17,3265,155000,Foreign_Investor,76000
2025-01-17,3265,0,Foreign_Dealer_Self,0
2025-01-17,3265,0,Investment_Trust,0
2025-01-17,3265,0,Dealer_self,0
2025-01-17,3265,3000,Dealer_Hedging,14415
2025-01-20,3265,49000,Foreign_Investor,68000
2025-01-20,3265,0,Foreign_Dealer_Self,0
2025-01-20,3265,0,Investment_Trust,0
2025-01-20,3265,0,Dealer_self,0
2025-01-20,3265,4167,Dealer_Hedging,2004
2025-01-21,3265,85000,Foreign_Investor,70000
2025-01-21,3265,0,Foreign_Dealer_Self,0
2025-01-21,3265,0,Investment_Trust,0
2025-01-21,3265,0,Dealer_self,0
2025-01-21,3265,5000,Dealer_Hedging,4345
2025-01-22,3265,262000,Foreign_Investor,143000
2025-01-22,3265,0,Foreign_Dealer_Self,0
2025-01-22,3265,0,Investment_Trust,0
2025-01-22,3265,0,Dealer_self,0
2025-01-22,3265,5439,Dealer_Hedging,6966
2025-02-03,3265,116555,Foreign_Investor,235000
2025-02-03,3265,0,Foreign_Dealer_Self,0
2025-02-03,3265,0,Investment_Trust,0
2025-02-03,3265,14000,Dealer_self,0
2025-02-03,3265,5000,Dealer_Hedging,11342
2025-02-04,3265,19000,Foreign_Investor,128000
2025-02-04,3265,0,Foreign_Dealer_Self,0
2025-02-04,3265,0,Investment_Trust,0
2025-02-04,3265,0,Dealer_self,0
2025-02-04,3265,1000,Dealer_Hedging,3575
2025-02-05,3265,95000,Foreign_Investor,37000
2025-02-05,3265,0,Foreign_Dealer_Self,0
2025-02-05,3265,0,Investment_Trust,0
2025-02-05,3265,1000,Dealer_self,0
2025-02-05,3265,3000,Dealer_Hedging,6514
2025-02-06,3265,144000,Foreign_Investor,76000
2025-02-06,3265,0,Foreign_Dealer_Self,0
2025-02-06,3265,0,Investment_Trust,0
2025-02-06,3265,0,Dealer_self,1000
2025-02-06,3265,4000,Dealer_Hedging,2445
2025-02-07,3265,241000,Foreign_Investor,81000
2025-02-07,3265,0,Foreign_Dealer_Self,0
2025-02-07,3265,0,Investment_Trust,0
2025-02-07,3265,0,Dealer_self,0
2025-02-07,3265,13000,Dealer_Hedging,6047
2025-02-10,3265,250000,Foreign_Investor,190000
2025-02-10,3265,0,Foreign_Dealer_Self,0
2025-02-10,3265,0,Investment_Trust,0
2025-02-10,3265,0,Dealer_self,0
2025-02-10,3265,8000,Dealer_Hedging,7191
2025-02-11,3265,147000,Foreign_Investor,128000
2025-02-11,3265,0,Foreign_Dealer_Self,0
2025-02-11,3265,0,Investment_Trust,0
2025-02-11,3265,0,Dealer_self,2000
2025-02-11,3265,2000,Dealer_Hedging,6831
2025-02-12,3265,240000,Foreign_Investor,290000
2025-02-12,3265,0,Foreign_Dealer_Self,0
2025-02-12,3265,0,Investment_Trust,0
2025-02-12,3265,0,Dealer_self,0
2025-02-12,3265,4000,Dealer_Hedging,5003
2025-02-13,3265,111100,Foreign_Investor,84000
2025-02-13,3265,0,Foreign_Dealer_Self,0
2025-02-13,3265,0,Investment_Trust,0
2025-02-13,3265,0,Dealer_self,0
2025-02-13,3265,4000,Dealer_Hedging,3013
2025-02-14,3265,126000,Foreign_Investor,80000
2025-02-14,3265,0,Foreign_Dealer_Self,0
2025-02-14,3265,0,Investment_Trust,0
2025-02-14,3265,0,Dealer_self,0
2025-02-14,3265,0,Dealer_Hedging,6108
2025-02-17,3265,162000,Foreign_Investor,23100
2025-02-17,3265,0,Foreign_Dealer_Self,0
2025-02-17,3265,0,Investment_Trust,0
2025-02-17,3265,0,Dealer_self,0
2025-02-17,3265,3777,Dealer_Hedging,991
2025-02-18,3265,118000,Foreign_Investor,17000
2025-02-18,3265,0,Foreign_Dealer_Self,0
2025-02-18,3265,0,Investment_Trust,0
2025-02-18,3265,0,Dealer_self,0
2025-02-18,3265,0,Dealer_Hedging,0
2025-02-19,3265,401000,Foreign_Investor,80000
2025-02-19,3265,0,Foreign_Dealer_Self,0
2025-02-19,3265,0,Investment_Trust,0
2025-02-19,3265,0,Dealer_self,0
2025-02-19,3265,101128,Dealer_Hedging,1930
2025-02-20,3265,139000,Foreign_Investor,399000
2025-02-20,3265,0,Foreign_Dealer_Self,0
2025-02-20,3265,0,Investment_Trust,0
2025-02-20,3265,0,Dealer_self,0
2025-02-20,3265,2000,Dealer_Hedging,22211
2025-02-21,3265,81000,Foreign_Investor,60000
2025-02-21,3265,0,Foreign_Dealer_Self,0
2025-02-21,3265,0,Investment_Trust,0
2025-02-21,3265,0,Dealer_self,0
2025-02-21,3265,0,Dealer_Hedging,41472
2025-02-24,3265,141000,Foreign_Investor,24000
2025-02-24,3265,0,Foreign_Dealer_Self,0
2025-02-24,3265,0,Investment_Trust,0
2025-02-24,3265,0,Dealer_self,0
2025-02-24,3265,1000,Dealer_Hedging,1465
2025-02-25,3265,26000,Foreign_Investor,87000
2025-02-25,3265,0,Foreign_Dealer_Self,0
2025-02-25,3265,0,Investment_Trust,0
2025-02-25,3265,0,Dealer_self,0
2025-02-25,3265,0,Dealer_Hedging,659
2025-02-26,3265,6000,Foreign_Investor,122000
2025-02-26,3265,0,Foreign_Dealer_Self,0
2025-02-26,3265,0,Investment_Trust,0
2025-02-26,3265,0,Dealer_self,0
2025-02-26,3265,1000,Dealer_Hedging,18522
2025-02-27,3265,50000,Foreign_Investor,117000
2025-02-27,3265,0,Foreign_Dealer_Self,0
2025-02-27,3265,0,Investment_Trust,0
2025-02-27,3265,0,Dealer_self,0
2025-02-27,3265,3000,Dealer_Hedging,13224
2025-03-03,3265,74000,Foreign_Investor,72000
2025-03-03,3265,0,Foreign_Dealer_Self,0
2025-03-03,3265,0,Investment_Trust,0
2025-03-03,3265,0,Dealer_self,0
2025-03-03,3265,2000,Dealer_Hedging,16440
2025-03-04,3265,60000,Foreign_Investor,53000
2025-03-04,3265,0,Foreign_Dealer_Self,0
2025-03-04,3265,0,Investment_Trust,0
2025-03-04,3265,0,Dealer_self,0
2025-03-04,3265,1213,Dealer_Hedging,1943
2025-03-05,3265,60000,Foreign_Investor,56000
2025-03-05,3265,0,Foreign_Dealer_Self,0
2025-03-05,3265,0,Investment_Trust,0
2025-03-05,3265,0,Dealer_self,0
2025-03-05,3265,1000,Dealer_Hedging,1611
2025-03-06,3265,17000,Foreign_Investor,58000
2025-03-06,3265,0,Foreign_Dealer_Self,0
2025-03-06,3265,0,Investment_Trust,0
2025-03-06,3265,0,Dealer_self,0
2025-03-06,3265,0,Dealer_Hedging,307
2025-03-07,3265,39000,Foreign_Investor,35000
2025-03-07,3265,0,Foreign_Dealer_Self,0
2025-03-07,3265,0,Investment_Trust,0
2025-03-07,3265,0,Dealer_self,0
2025-03-07,3265,1000,Dealer_Hedging,17603
2025-03-10,3265,39000,Foreign_Investor,50000
2025-03-10,3265,0,Foreign_Dealer_Self,0
2025-03-10,3265,0,Investment_Trust,0
2025-03-10,3265,0,Dealer_self,0
2025-03-10,3265,1000,Dealer_Hedging,2868
2025-03-11,3265,114000,Foreign_Investor,54000
2025-03-11,3265,0,Foreign_Dealer_Self,0
2025-03-11,3265,0,Investment_Trust,0
2025-03-11,3265,0,Dealer_self,0
2025-03-11,3265,1000,Dealer_Hedging,3477
2025-03-12,3265,45000,Foreign_Investor,58000
2025-03-12,3265,0,Foreign_Dealer_Self,0
2025-03-12,3265,0,Investment_Trust,0
2025-03-12,3265,0,Dealer_self,0
2025-03-12,3265,1000,Dealer_Hedging,2824
2025-03-13,3265,19000,Foreign_Investor,150000
2025-03-13,3265,0,Foreign_Dealer_Self,0
2025-03-13,3265,0,Investment_Trust,0
2025-03-13,3265,0,Dealer_self,0
2025-03-13,3265,2000,Dealer_Hedging,4738
2025-03-14,3265,96000,Foreign_Investor,50000
2025-03-14,3265,0,Foreign_Dealer_Self,0
2025-03-14,3265,0,Investment_Trust,0
2025-03-14,3265,0,Dealer_self,0
2025-03-14,3265,1000,Dealer_Hedging,6956
2025-03-17,3265,13000,Foreign_Investor,84000
2025-03-17,3265,0,Foreign_Dealer_Self,0
2025-03-17,3265,0,Investment_Trust,0
2025-03-17,3265,0,Dealer_self,0
2025-03-17,3265,5000,Dealer_Hedging,599
2025-03-18,3265,12000,Foreign_Investor,24000
2025-03-18,3265,0,Foreign_Dealer_Self,0
2025-03-18,3265,0,Investment_Trust,0
2025-03-18,3265,0,Dealer_self,0
2025-03-18,3265,0,Dealer_Hedging,8
2025-03-19,3265,12000,Foreign_Investor,85000
2025-03-19,3265,0,Foreign_Dealer_Self,0
2025-03-19,3265,0,Investment_Trust,0
2025-03-19,3265,0,Dealer_self,0
2025-03-19,3265,2000,Dealer_Hedging,3311
2025-03-20,3265,144666,Foreign_Investor,46000
2025-03-20,3265,0,Foreign_Dealer_Self,0
2025-03-20,3265,0,Investment_Trust,0
2025-03-20,3265,0,Dealer_self,0
2025-03-20,3265,1000,Dealer_Hedging,633
2025-03-21,3265,53000,Foreign_Investor,20000
2025-03-21,3265,0,Foreign_Dealer_Self,0
2025-03-21,3265,0,Investment_Trust,0
2025-03-21,3265,0,Dealer_self,0
2025-03-21,3265,0,Dealer_Hedging,93
2025-03-24,3265,41000,Foreign_Investor,9000
2025-03-24,3265,0,Foreign_Dealer_Self,0
2025-03-24,3265,0,Investment_Trust,0
2025-03-24,3265,0,Dealer_self,0
2025-03-24,3265,0,Dealer_Hedging,0
2025-03-25,3265,72000,Foreign_Investor,16000
2025-03-25,3265,0,Foreign_Dealer_Self,0
2025-03-25,3265,0,Investment_Trust,0
2025-03-25,3265,0,Dealer_self,0
2025-03-25,3265,200,Dealer_Hedging,1000
2025-03-26,3265,54282,Foreign_Investor,2000
2025-03-26,3265,0,Foreign_Dealer_Self,0
2025-03-26,3265,0,Investment_Trust,0
2025-03-26,3265,0,Dealer_self,0
2025-03-26,3265,662,Dealer_Hedging,1000
2025-03-27,3265,20000,Foreign_Investor,28000
2025-03-27,3265,0,Foreign_Dealer_Self,0
2025-03-27,3265,0,Investment_Trust,0
2025-03-27,3265,0,Dealer_self,0
2025-03-27,3265,0,Dealer_Hedging,1431
2025-03-28,3265,37000,Foreign_Investor,200000
2025-03-28,3265,0,Foreign_Dealer_Self,0
2025-03-28,3265,0,Investment_Trust,0
2025-03-28,3265,0,Dealer_self,0
2025-03-28,3265,5000,Dealer_Hedging,15835
2025-03-31,3265,164000,Foreign_Investor,185000
2025-03-31,3265,0,Foreign_Dealer_Self,0
2025-03-31,3265,0,Investment_Trust,0
2025-03-31,3265,0,Dealer_self,0
2025-03-31,3265,7200,Dealer_Hedging,9612
2025-04-01,3265,185000,Foreign_Investor,88000
2025-04-01,3265,0,Foreign_Dealer_Self,0
2025-04-01,3265,0,Investment_Trust,0
2025-04-01,3265,0,Dealer_self,0
2025-04-01,3265,883,Dealer_Hedging,3025
2025-04-02,3265,97333,Foreign_Investor,81000
2025-04-02,3265,0,Foreign_Dealer_Self,0
2025-04-02,3265,0,Investment_Trust,0
2025-04-02,3265,0,Dealer_self,0
2025-04-02,3265,0,Dealer_Hedging,638
2025-04-07,3265,4000,Foreign_Investor,0
2025-04-07,3265,0,Foreign_Dealer_Self,0
2025-04-07,3265,0,Investment_Trust,0
2025-04-07,3265,0,Dealer_self,0
2025-04-07,3265,0,Dealer_Hedging,0
2025-04-08,3265,1000,Foreign_Investor,0
2025-04-08,3265,0,Foreign_Dealer_Self,0
2025-04-08,3265,0,Investment_Trust,0
2025-04-08,3265,0,Dealer_self,0
2025-04-08,3265,0,Dealer_Hedging,1184
2025-04-09,3265,467000,Foreign_Investor,194000
2025-04-09,3265,0,Foreign_Dealer_Self,0
2025-04-09,3265,0,Investment_Trust,0
2025-04-09,3265,0,Dealer_self,0
2025-04-09,3265,4512,Dealer_Hedging,8720
2025-04-10,3265,57000,Foreign_Investor,91000
2025-04-10,3265,0,Foreign_Dealer_Self,0
2025-04-10,3265,0,Investment_Trust,0
2025-04-10,3265,0,Dealer_self,0
2025-04-10,3265,462,Dealer_Hedging,0
2025-04-11,3265,352000,Foreign_Investor,306000
2025-04-11,3265,0,Foreign_Dealer_Self,0
2025-04-11,3265,0,Investment_Trust,0
2025-04-11,3265,0,Dealer_self,0
2025-04-11,3265,3655,Dealer_Hedging,5311
2025-04-14,3265,294000,Foreign_Investor,272000
2025-04-14,3265,0,Foreign_Dealer_Self,0
2025-04-14,3265,0,Investment_Trust,0
2025-04-14,3265,0,Dealer_self,0
2025-04-14,3265,6177,Dealer_Hedging,4806
2025-04-15,3265,243000,Foreign_Investor,66000
2025-04-15,3265,0,Foreign_Dealer_Self,0
2025-04-15,3265,0,Investment_Trust,0
2025-04-15,3265,0,Dealer_self,0
2025-04-15,3265,263,Dealer_Hedging,145
2025-04-16,3265,147000,Foreign_Investor,105550
2025-04-16,3265,0,Foreign_Dealer_Self,0
2025-04-16,3265,0,Investment_Trust,0
2025-04-16,3265,0,Dealer_self,0
2025-04-16,3265,400,Dealer_Hedging,47
2025-04-17,3265,100000,Foreign_Investor,96000
2025-04-17,3265,0,Foreign_Dealer_Self,0
2025-04-17,3265,0,Investment_Trust,0
2025-04-17,3265,0,Dealer_self,0
2025-04-17,3265,519,Dealer_Hedging,1010
2025-04-18,3265,45000,Foreign_Investor,50000
2025-04-18,3265,0,Foreign_Dealer_Self,0
2025-04-18,3265,0,Investment_Trust,0
2025-04-18,3265,0,Dealer_self,0
2025-04-18,3265,1000,Dealer_Hedging,1275
2025-04-21,3265,63000,Foreign_Investor,59000
2025-04-21,3265,0,Foreign_Dealer_Self,0
2025-04-21,3265,0,Investment_Trust,0
2025-04-21,3265,0,Dealer_self,0
2025-04-21,3265,1000,Dealer_Hedging,2287
2025-04-22,3265,97000,Foreign_Investor,57000
2025-04-22,3265,0,Foreign_Dealer_Self,0
2025-04-22,3265,0,Investment_Trust,0
2025-04-22,3265,0,Dealer_self,0
2025-04-22,3265,58,Dealer_Hedging,151
2025-04-23,3265,151000,Foreign_Investor,37000
2025-04-23,3265,0,Foreign_Dealer_Self,0
2025-04-23,3265,0,Investment_Trust,0
2025-04-23,3265,0,Dealer_self,0
2025-04-23,3265,417,Dealer_Hedging,268
2025-04-24,3265,104000,Foreign_Investor,37000
2025-04-24,3265,0,Foreign_Dealer_Self,0
2025-04-24,3265,0,Investment_Trust,0
2025-04-24,3265,0,Dealer_self,0
2025-04-24,3265,1015,Dealer_Hedging,472
2025-04-25,3265,184000,Foreign_Investor,33000
2025-04-25,3265,0,Foreign_Dealer_Self,0
2025-04-25,3265,0,Investment_Trust,0
2025-04-25,3265,0,Dealer_self,0
2025-04-25,3265,443,Dealer_Hedging,0
2025-04-28,3265,85000,Foreign_Investor,18000
2025-04-28,3265,0,Foreign_Dealer_Self,0
2025-04-28,3265,0,Investment_Trust,0
2025-04-28,3265,0,Dealer_self,0
2025-04-28,3265,551,Dealer_Hedging,0
2025-04-29,3265,105000,Foreign_Investor,25000
2025-04-29,3265,0,Foreign_Dealer_Self,0
2025-04-29,3265,0,Investment_Trust,0
2025-04-29,3265,0,Dealer_self,0
2025-04-29,3265,0,Dealer_Hedging,100
2025-04-30,3265,34000,Foreign_Investor,67000
2025-04-30,3265,0,Foreign_Dealer_Self,0
2025-04-30,3265,0,Investment_Trust,0
2025-04-30,3265,0,Dealer_self,0
2025-04-30,3265,1117,Dealer_Hedging,971
2025-05-02,3265,30000,Foreign_Investor,30000
2025-05-02,3265,0,Foreign_Dealer_Self,0
2025-05-02,3265,0,Investment_Trust,0
2025-05-02,3265,0,Dealer_self,0
2025-05-02,3265,0,Dealer_Hedging,807
2025-05-05,3265,71000,Foreign_Investor,122000
2025-05-05,3265,0,Foreign_Dealer_Self,0
2025-05-05,3265,0,Investment_Trust,0
2025-05-05,3265,0,Dealer_self,0
2025-05-05,3265,437,Dealer_Hedging,399
2025-05-06,3265,99000,Foreign_Investor,21000
2025-05-06,3265,0,Foreign_Dealer_Self,0
2025-05-06,3265,0,Investment_Trust,0
2025-05-06,3265,0,Dealer_self,0
2025-05-06,3265,608,Dealer_Hedging,0
2025-05-07,3265,44000,Foreign_Investor,21000
2025-05-07,3265,0,Foreign_Dealer_Self,0
2025-05-07,3265,0,Investment_Trust,0
2025-05-07,3265,0,Dealer_self,0
2025-05-07,3265,1000,Dealer_Hedging,725
2025-05-08,3265,119000,Foreign_Investor,12000
2025-05-08,3265,0,Foreign_Dealer_Self,0
2025-05-08,3265,0,Investment_Trust,0
2025-05-08,3265,0,Dealer_self,0
2025-05-08,3265,400,Dealer_Hedging,0
2025-05-09,3265,72000,Foreign_Investor,17000
2025-05-09,3265,0,Foreign_Dealer_Self,0
2025-05-09,3265,0,Investment_Trust,0
2025-05-09,3265,0,Dealer_self,0
2025-05-09,3265,310,Dealer_Hedging,0
2025-05-12,3265,145000,Foreign_Investor,20000
2025-05-12,3265,0,Foreign_Dealer_Self,0
2025-05-12,3265,0,Investment_Trust,0
2025-05-12,3265,0,Dealer_self,0
2025-05-12,3265,595,Dealer_Hedging,98
2025-05-13,3265,100000,Foreign_Investor,56000
2025-05-13,3265,0,Foreign_Dealer_Self,0
2025-05-13,3265,0,Investment_Trust,0
2025-05-13,3265,0,Dealer_self,0
2025-05-13,3265,3000,Dealer_Hedging,2511
2025-05-14,3265,93000,Foreign_Investor,15000
2025-05-14,3265,0,Foreign_Dealer_Self,0
2025-05-14,3265,0,Investment_Trust,0
2025-05-14,3265,0,Dealer_self,0
2025-05-14,3265,2622,Dealer_Hedging,45
2025-05-15,3265,64000,Foreign_Investor,55000
2025-05-15,3265,0,Foreign_Dealer_Self,0
2025-05-15,3265,0,Investment_Trust,0
2025-05-15,3265,0,Dealer_self,0
2025-05-15,3265,1070,Dealer_Hedging,1786
2025-05-16,3265,24000,Foreign_Investor,38000
2025-05-16,3265,0,Foreign_Dealer_Self,0
2025-05-16,3265,0,Investment_Trust,0
2025-05-16,3265,0,Dealer_self,0
2025-05-16,3265,0,Dealer_Hedging,0
2025-05-19,3265,38000,Foreign_Investor,165442
2025-05-19,3265,0,Foreign_Dealer_Self,0
2025-05-19,3265,73000,Investment_Trust,0
2025-05-19,3265,0,Dealer_self,0
2025-05-19,3265,1009,Dealer_Hedging,1799
2025-05-20,3265,47000,Foreign_Investor,20000
2025-05-20,3265,0,Foreign_Dealer_Self,0
2025-05-20,3265,74000,Investment_Trust,0
2025-05-20,3265,0,Dealer_self,0
2025-05-20,3265,0,Dealer_Hedging,0
2025-05-21,3265,82000,Foreign_Investor,25000
2025-05-21,3265,0,Foreign_Dealer_Self,0
2025-05-21,3265,73000,Investment_Trust,0
2025-05-21,3265,0,Dealer_self,0
2025-05-21,3265,481,Dealer_Hedging,5
2025-05-22,3265,131550,Foreign_Investor,99000
2025-05-22,3265,0,Foreign_Dealer_Self,0
2025-05-22,3265,74000,Investment_Trust,0
2025-05-22,3265,0,Dealer_self,0
2025-05-22,3265,131,Dealer_Hedging,0
2025-05-23,3265,19000,Foreign_Investor,71000
2025-05-23,3265,0,Foreign_Dealer_Self,0
2025-05-23,3265,60000,Investment_Trust,0
2025-05-23,3265,0,Dealer_self,0
2025-05-23,3265,1253,Dealer_Hedging,0
2025-05-26,3265,17000,Foreign_Investor,36000
2025-05-26,3265,0,Foreign_Dealer_Self,0
2025-05-26,3265,0,Investment_Trust,0
2025-05-26,3265,0,Dealer_self,0
2025-05-26,3265,0,Dealer_Hedging,0
2025-05-27,3265,12000,Foreign_Investor,21000
2025-05-27,3265,0,Foreign_Dealer_Self,0
2025-05-27,3265,0,Investment_Trust,0
2025-05-27,3265,0,Dealer_self,0
2025-05-27,3265,200,Dealer_Hedging,0
2025-05-28,3265,15000,Foreign_Investor,13000
2025-05-28,3265,0,Foreign_Dealer_Self,0
2025-05-28,3265,0,Investment_Trust,0
2025-05-28,3265,0,Dealer_self,0
2025-05-28,3265,133,Dealer_Hedging,1079
2025-05-29,3265,75000,Foreign_Investor,5000
2025-05-29,3265,0,Foreign_Dealer_Self,0
2025-05-29,3265,0,Investment_Trust,0
2025-05-29,3265,0,Dealer_self,5000
2025-05-29,3265,111,Dealer_Hedging,0
2025-06-02,3265,15000,Foreign_Investor,69000
2025-06-02,3265,0,Foreign_Dealer_Self,0
2025-06-02,3265,0,Investment_Trust,0
2025-06-02,3265,0,Dealer_self,0
2025-06-02,3265,1031,Dealer_Hedging,663
2025-06-03,3265,34000,Foreign_Investor,2000
2025-06-03,3265,0,Foreign_Dealer_Self,0
2025-06-03,3265,0,Investment_Trust,0
2025-06-03,3265,0,Dealer_self,0
2025-06-03,3265,505,Dealer_Hedging,0
2025-06-04,3265,91000,Foreign_Investor,4000
2025-06-04,3265,0,Foreign_Dealer_Self,0
2025-06-04,3265,0,Investment_Trust,0
2025-06-04,3265,0,Dealer_self,0
2025-06-04,3265,1660,Dealer_Hedging,0
2025-06-05,3265,17000,Foreign_Investor,31000
2025-06-05,3265,0,Foreign_Dealer_Self,0
2025-06-05,3265,0,Investment_Trust,0
2025-06-05,3265,0,Dealer_self,0
2025-06-05,3265,585,Dealer_Hedging,663
2025-06-06,3265,90000,Foreign_Investor,36000
2025-06-06,3265,0,Foreign_Dealer_Self,0
2025-06-06,3265,0,Investment_Trust,0
2025-06-06,3265,18000,Dealer_self,0
2025-06-06,3265,10,Dealer_Hedging,505
2025-06-09,3265,10000,Foreign_Investor,39000
2025-06-09,3265,0,Foreign_Dealer_Self,0
2025-06-09,3265,0,Investment_Trust,0
2025-06-09,3265,0,Dealer_self,0
2025-06-09,3265,1000,Dealer_Hedging,2007
2025-06-10,3265,134000,Foreign_Investor,22000
2025-06-10,3265,0,Foreign_Dealer_Self,0
2025-06-10,3265,0,Investment_Trust,0
2025-06-10,3265,1000,Dealer_self,0
2025-06-10,3265,187,Dealer_Hedging,77
2025-06-11,3265,84000,Foreign_Investor,11000
2025-06-11,3265,0,Foreign_Dealer_Self,0
2025-06-11,3265,0,Investment_Trust,0
2025-06-11,3265,0,Dealer_self,0
2025-06-11,3265,401,Dealer_Hedging,0
2025-06-12,3265,2000,Foreign_Investor,17000
2025-06-12,3265,0,Foreign_Dealer_Self,0
2025-06-12,3265,0,Investment_Trust,0
2025-06-12,3265,0,Dealer_self,0
2025-06-12,3265,399,Dealer_Hedging,0
2025-06-13,3265,11000,Foreign_Investor,30000
2025-06-13,3265,0,Foreign_Dealer_Self,0
2025-06-13,3265,0,Investment_Trust,0
2025-06-13,3265,0,Dealer_self,0
2025-06-13,3265,0,Dealer_Hedging,1955
2025-06-16,3265,187000,Foreign_Investor,21000
2025-06-16,3265,0,Foreign_Dealer_Self,0
2025-06-16,3265,0,Investment_Trust,0
2025-06-16,3265,0,Dealer_self,3000
2025-06-16,3265,10,Dealer_Hedging,150
2025-06-17,3265,139000,Foreign_Investor,24000
2025-06-17,3265,0,Foreign_Dealer_Self,0
2025-06-17,3265,0,Investment_Trust,0
2025-06-17,3265,0,Dealer_self,0
2025-06-17,3265,156,Dealer_Hedging,330
2025-06-18,3265,72000,Foreign_Investor,13000
2025-06-18,3265,0,Foreign_Dealer_Self,0
2025-06-18,3265,0,Investment_Trust,0
2025-06-18,3265,0,Dealer_self,0
2025-06-18,3265,1500,Dealer_Hedging,60
2025-06-19,3265,43000,Foreign_Investor,30000
2025-06-19,3265,0,Foreign_Dealer_Self,0
2025-06-19,3265,0,Investment_Trust,0
2025-06-19,3265,0,Dealer_self,0
2025-06-19,3265,1030,Dealer_Hedging,1205
2025-06-20,3265,14000,Foreign_Investor,75000
2025-06-20,3265,0,Foreign_Dealer_Self,0
2025-06-20,3265,0,Investment_Trust,0
2025-06-20,3265,0,Dealer_self,0
2025-06-20,3265,169,Dealer_Hedging,1780
2025-06-23,3265,95000,Foreign_Investor,42000
2025-06-23,3265,0,Foreign_Dealer_Self,0
2025-06-23,3265,0,Investment_Trust,0
2025-06-23,3265,0,Dealer_self,0
2025-06-23,3265,1035,Dealer_Hedging,920
2025-06-24,3265,357000,Foreign_Investor,39000
2025-06-24,3265,0,Foreign_Dealer_Self,0
2025-06-24,3265,0,Investment_Trust,0
2025-06-24,3265,0,Dealer_self,0
2025-06-24,3265,14486,Dealer_Hedging,66
2025-06-25,3265,80000,Foreign_Investor,258000
2025-06-25,3265,0,Foreign_Dealer_Self,0
2025-06-25,3265,0,Investment_Trust,0
2025-06-25,3265,0,Dealer_self,0
2025-06-25,3265,2305,Dealer_Hedging,10389
2025-06-26,3265,4000,Foreign_Investor,64000
2025-06-26,3265,0,Foreign_Dealer_Self,0
2025-06-26,3265,0,Investment_Trust,0
2025-06-26,3265,0,Dealer_self,0
2025-06-26,3265,3001,Dealer_Hedging,5251
2025-06-27,3265,123000,Foreign_Investor,44000
2025-06-27,3265,0,Foreign_Dealer_Self,0
2025-06-27,3265,0,Investment_Trust,0
2025-06-27,3265,0,Dealer_self,0
2025-06-27,3265,0,Dealer_Hedging,396
2025-06-30,3265,8000,Foreign_Investor,215000
2025-06-30,3265,0,Foreign_Dealer_Self,0
2025-06-30,3265,0,Investment_Trust,0
2025-06-30,3265,5000,Dealer_self,0
2025-06-30,3265,3000,Dealer_Hedging,8737
2025-07-01,3265,16000,Foreign_Investor,64000
2025-07-01,3265,0,Foreign_Dealer_Self,0
2025-07-01,3265,0,Investment_Trust,0
2025-07-01,3265,0,Dealer_self,0
2025-07-01,3265,4100,Dealer_Hedging,1043
2025-07-02,3265,16000,Foreign_Investor,29000
2025-07-02,3265,0,Foreign_Dealer_Self,0
2025-07-02,3265,0,Investment_Trust,0
2025-07-02,3265,0,Dealer_self,0
2025-07-02,3265,5000,Dealer_Hedging,1935
2025-07-03,3265,70000,Foreign_Investor,5000
2025-07-03,3265,0,Foreign_Dealer_Self,0
2025-07-03,3265,0,Investment_Trust,0
2025-07-03,3265,0,Dealer_self,0
2025-07-03,3265,49,Dealer_Hedging,707
2025-07-04,3265,9000,Foreign_Investor,76000
2025-07-04,3265,0,Foreign_Dealer_Self,0
2025-07-04,3265,0,Investment_Trust,0
2025-07-04,3265,0,Dealer_self,0
2025-07-04,3265,1000,Dealer_Hedging,2784
2025-07-07,3265,22000,Foreign_Investor,22000
2025-07-07,3265,0,Foreign_Dealer_Self,0
2025-07-07,3265,0,Investment_Trust,0
2025-07-07,3265,0,Dealer_self,0
2025-07-07,3265,1000,Dealer_Hedging,5684
2025-07-08,3265,47000,Foreign_Investor,63000
2025-07-08,3265,0,Foreign_Dealer_Self,0
2025-07-08,3265,0,Investment_Trust,0
2025-07-08,3265,0,Dealer_self,0
2025-07-08,3265,4000,Dealer_Hedging,1888
2025-07-09,3265,470000,Foreign_Investor,104000
2025-07-09,3265,0,Foreign_Dealer_Self,0
2025-07-09,3265,0,Investment_Trust,0
2025-07-09,3265,0,Dealer_self,0
2025-07-09,3265,6433,Dealer_Hedging,8084
2025-07-10,3265,227000,Foreign_Investor,128000
2025-07-10,3265,0,Foreign_Dealer_Self,0
2025-07-10,3265,0,Investment_Trust,0
2025-07-10,3265,0,Dealer_self,0
2025-07-10,3265,2023,Dealer_Hedging,1005
2025-07-11,3265,227000,Foreign_Investor,74000
2025-07-11,3265,0,Foreign_Dealer_Self,0
2025-07-11,3265,222000,Investment_Trust,0
2025-07-11,3265,0,Dealer_self,0
2025-07-11,3265,8513,Dealer_Hedging,1240
2025-07-14,3265,97000,Foreign_Investor,133000
2025-07-14,3265,0,Foreign_Dealer_Self,0
2025-07-14,3265,52000,Investment_Trust,0
2025-07-14,3265,0,Dealer_self,0
2025-07-14,3265,300,Dealer_Hedging,7001
2025-07-15,3265,66000,Foreign_Investor,156000
2025-07-15,3265,0,Foreign_Dealer_Self,0
2025-07-15,3265,0,Investment_Trust,10000
2025-07-15,3265,0,Dealer_self,0
2025-07-15,3265,2129,Dealer_Hedging,477
2025-07-16,3265,111660,Foreign_Investor,98000
2025-07-16,3265,0,Foreign_Dealer_Self,0
2025-07-16,3265,0,Investment_Trust,0
2025-07-16,3265,0,Dealer_self,0
2025-07-16,3265,0,Dealer_Hedging,323
2025-07-17,3265,79000,Foreign_Investor,56000
2025-07-17,3265,0,Foreign_Dealer_Self,0
2025-07-17,3265,0,Investment_Trust,0
2025-07-17,3265,0,Dealer_self,0
2025-07-17,3265,1814,Dealer_Hedging,150
2025-07-18,3265,52000,Foreign_Investor,56000
2025-07-18,3265,0,Foreign_Dealer_Self,0
2025-07-18,3265,0,Investment_Trust,0
2025-07-18,3265,0,Dealer_self,0
2025-07-18,3265,0,Dealer_Hedging,0
2025-07-21,3265,68110,Foreign_Investor,40000
2025-07-21,3265,0,Foreign_Dealer_Self,0
2025-07-21,3265,0,Investment_Trust,0
2025-07-21,3265,0,Dealer_self,0
2025-07-21,3265,0,Dealer_Hedging,2
2025-07-22,3265,213000,Foreign_Investor,43000
2025-07-22,3265,0,Foreign_Dealer_Self,0
2025-07-22,3265,0,Investment_Trust,0
2025-07-22,3265,0,Dealer_self,0
2025-07-22,3265,785,Dealer_Hedging,308
2025-07-23,3265,64000,Foreign_Investor,22000
2025-07-23,3265,0,Foreign_Dealer_Self,0
2025-07-23,3265,0,Investment_Trust,0
2025-07-23,3265,0,Dealer_self,0
2025-07-23,3265,0,Dealer_Hedging,0
2025-07-24,3265,157000,Foreign_Investor,45000
2025-07-24,3265,0,Foreign_Dealer_Self,0
2025-07-24,3265,0,Investment_Trust,0
2025-07-24,3265,0,Dealer_self,0
2025-07-24,3265,203,Dealer_Hedging,0
2025-07-25,3265,23000,Foreign_Investor,79000
2025-07-25,3265,0,Foreign_Dealer_Self,0
2025-07-25,3265,0,Investment_Trust,0
2025-07-25,3265,0,Dealer_self,0
2025-07-25,3265,0,Dealer_Hedging,51
2025-07-28,3265,34000,Foreign_Investor,38045
2025-07-28,3265,0,Foreign_Dealer_Self,0
2025-07-28,3265,0,Investment_Trust,0
2025-07-28,3265,0,Dealer_self,0
2025-07-28,3265,0,Dealer_Hedging,133
2025-07-29,3265,231000,Foreign_Investor,943000
2025-07-29,3265,0,Foreign_Dealer_Self,0
2025-07-29,3265,0,Investment_Trust,6000
2025-07-29,3265,0,Dealer_self,16000
2025-07-29,3265,16093,Dealer_Hedging,22406
2025-07-30,3265,55000,Foreign_Investor,299000
2025-07-30,3265,0,Foreign_Dealer_Self,0
2025-07-30,3265,0,Investment_Trust,0
2025-07-30,3265,0,Dealer_self,0
2025-07-30,3265,4696,Dealer_Hedging,4488
2025-07-31,3265,49000,Foreign_Investor,179000
2025-07-31,3265,0,Foreign_Dealer_Self,0
2025-07-31,3265,0,Investment_Trust,0
2025-07-31,3265,0,Dealer_self,0
2025-07-31,3265,3000,Dealer_Hedging,3572
2025-08-01,3265,201000,Foreign_Investor,81000
2025-08-01,3265,0,Foreign_Dealer_Self,0
2025-08-01,3265,0,Investment_Trust,15000
2025-08-01,3265,0,Dealer_self,0
2025-08-01,3265,3675,Dealer_Hedging,979
2025-08-04,3265,168000,Foreign_Investor,129000
2025-08-04,3265,0,Foreign_Dealer_Self,0
2025-08-04,3265,0,Investment_Trust,0
2025-08-04,3265,0,Dealer_self,0
2025-08-04,3265,14293,Dealer_Hedging,2641
2025-08-05,3265,177000,Foreign_Investor,46000
2025-08-05,3265,0,Foreign_Dealer_Self,0
2025-08-05,3265,0,Investment_Trust,0
2025-08-05,3265,0,Dealer_self,0
2025-08-05,3265,0,Dealer_Hedging,185
2025-08-06,3265,19000,Foreign_Investor,201000
2025-08-06,3265,0,Foreign_Dealer_Self,0
2025-08-06,3265,0,Investment_Trust,0
2025-08-06,3265,0,Dealer_self,0
2025-08-06,3265,4000,Dealer_Hedging,8165
2025-08-07,3265,119000,Foreign_Investor,67000
2025-08-07,3265,0,Foreign_Dealer_Self,0
2025-08-07,3265,0,Investment_Trust,0
2025-08-07,3265,10000,Dealer_self,0
2025-08-07,3265,4017,Dealer_Hedging,9047
2025-08-08,3265,233000,Foreign_Investor,32000
2025-08-08,3265,0,Foreign_Dealer_Self,0
2025-08-08,3265,0,Investment_Trust,0
2025-08-08,3265,0,Dealer_self,0
2025-08-08,3265,243,Dealer_Hedging,2286
2025-08-11,3265,47000,Foreign_Investor,91000
2025-08-11,3265,0,Foreign_Dealer_Self,0
2025-08-11,3265,0,Investment_Trust,11000
2025-08-11,3265,0,Dealer_self,0
2025-08-11,3265,1748,Dealer_Hedging,1978
2025-08-12,3265,45000,Foreign_Investor,49000
2025-08-12,3265,0,Foreign_Dealer_Self,0
2025-08-12,3265,14000,Investment_Trust,0
2025-08-12,3265,0,Dealer_self,0
2025-08-12,3265,2000,Dealer_Hedging,2721
2025-08-13,3265,229000,Foreign_Investor,104000
2025-08-13,3265,0,Foreign_Dealer_Self,0
2025-08-13,3265,0,Investment_Trust,0
2025-08-13,3265,0,Dealer_self,0
2025-08-13,3265,1673,Dealer_Hedging,608
2025-08-14,3265,321000,Foreign_Investor,67000
2025-08-14,3265,0,Foreign_Dealer_Self,0
2025-08-14,3265,0,Investment_Trust,0
2025-08-14,3265,0,Dealer_self,0
2025-08-14,3265,16020,Dealer_Hedging,1000
2025-08-15,3265,96000,Foreign_Investor,98000
2025-08-15,3265,0,Foreign_Dealer_Self,0
2025-08-15,3265,0,Investment_Trust,0
2025-08-15,3265,0,Dealer_self,0
2025-08-15,3265,235,Dealer_Hedging,12000
2025-08-18,3265,70000,Foreign_Investor,71000
2025-08-18,3265,0,Foreign_Dealer_Self,0
2025-08-18,3265,0,Investment_Trust,10000
2025-08-18,3265,0,Dealer_self,0
2025-08-18,3265,717,Dealer_Hedging,493
2025-08-19,3265,26000,Foreign_Investor,129000
2025-08-19,3265,0,Foreign_Dealer_Self,0
2025-08-19,3265,0,Investment_Trust,0
2025-08-19,3265,0,Dealer_self,0
2025-08-19,3265,0,Dealer_Hedging,1581
2025-08-20,3265,66000,Foreign_Investor,358000
2025-08-20,3265,0,Foreign_Dealer_Self,0
2025-08-20,3265,0,Investment_Trust,0
2025-08-20,3265,0,Dealer_self,0
2025-08-20,3265,8000,Dealer_Hedging,12270
2025-08-21,3265,86220,Foreign_Investor,26000
2025-08-21,3265,0,Foreign_Dealer_Self,0
2025-08-21,3265,0,Investment_Trust,0
2025-08-21,3265,0,Dealer_self,0
2025-08-21,3265,712,Dealer_Hedging,108
2025-08-22,3265,59000,Foreign_Investor,29000
2025-08-22,3265,0,Foreign_Dealer_Self,0
2025-08-22,3265,0,Investment_Trust,0
2025-08-22,3265,0,Dealer_self,0
2025-08-22,3265,1152,Dealer_Hedging,1786
2025-08-25,3265,85000,Foreign_Investor,12000
2025-08-25,3265,0,Foreign_Dealer_Self,0
2025-08-25,3265,0,Investment_Trust,0
2025-08-25,3265,0,Dealer_self,10000
2025-08-25,3265,2436,Dealer_Hedging,1145
2025-08-26,3265,129000,Foreign_Investor,15000
2025-08-26,3265,0,Foreign_Dealer_Self,0
2025-08-26,3265,0,Investment_Trust,0
2025-08-26,3265,0,Dealer_self,0
2025-08-26,3265,9896,Dealer_Hedging,0
2025-08-27,3265,178000,Foreign_Investor,15000
2025-08-27,3265,0,Foreign_Dealer_Self,0
2025-08-27,3265,0,Investment_Trust,0
2025-08-27,3265,0,Dealer_self,0
2025-08-27,3265,568,Dealer_Hedging,0
2025-08-28,3265,514220,Foreign_Investor,70000
2025-08-28,3265,0,Foreign_Dealer_Self,0
2025-08-28,3265,0,Investment_Trust,10000
2025-08-28,3265,0,Dealer_self,0
2025-08-28,3265,7192,Dealer_Hedging,6057
2025-08-29,3265,190005,Foreign_Investor,118000
2025-08-29,3265,0,Foreign_Dealer_Self,0
2025-08-29,3265,0,Investment_Trust,0
2025-08-29,3265,0,Dealer_self,0
2025-08-29,3265,9500,Dealer_Hedging,4193
2025-09-01,3265,145000,Foreign_Investor,94000
2025-09-01,3265,0,Foreign_Dealer_Self,0
2025-09-01,3265,0,Investment_Trust,0
2025-09-01,3265,0,Dealer_self,0
2025-09-01,3265,7400,Dealer_Hedging,5389
2025-09-02,3265,37000,Foreign_Investor,115000
2025-09-02,3265,0,Foreign_Dealer_Self,0
2025-09-02,3265,0,Investment_Trust,0
2025-09-02,3265,0,Dealer_self,0
2025-09-02,3265,776,Dealer_Hedging,4001
2025-09-03,3265,113440,Foreign_Investor,59000
2025-09-03,3265,0,Foreign_Dealer_Self,0
2025-09-03,3265,0,Investment_Trust,0
2025-09-03,3265,0,Dealer_self,0
2025-09-03,3265,3940,Dealer_Hedging,3000
2025-09-04,3265,37000,Foreign_Investor,81000
2025-09-04,3265,0,Foreign_Dealer_Self,0
2025-09-04,3265,0,Investment_Trust,0
2025-09-04,3265,0,Dealer_self,0
2025-09-04,3265,0,Dealer_Hedging,1
2025-09-05,3265,112000,Foreign_Investor,18000
2025-09-05,3265,0,Foreign_Dealer_Self,0
2025-09-05,3265,0,Investment_Trust,0
2025-09-05,3265,0,Dealer_self,0
2025-09-05,3265,5000,Dealer_Hedging,1000
2025-09-08,3265,248000,Foreign_Investor,22000
2025-09-08,3265,0,Foreign_Dealer_Self,0
2025-09-08,3265,0,Investment_Trust,0
2025-09-08,3265,0,Dealer_self,0
2025-09-08,3265,23252,Dealer_Hedging,92
2025-09-09,3265,44000,Foreign_Investor,86000
2025-09-09,3265,0,Foreign_Dealer_Self,0
2025-09-09,3265,0,Investment_Trust,0
2025-09-09,3265,0,Dealer_self,0
2025-09-09,3265,1000,Dealer_Hedging,31369
2025-09-10,3265,122000,Foreign_Investor,27025
2025-09-10,3265,0,Foreign_Dealer_Self,0
2025-09-10,3265,0,Investment_Trust,0
2025-09-10,3265,0,Dealer_self,0
2025-09-10,3265,0,Dealer_Hedging,0
2025-09-11,3265,32000,Foreign_Investor,195000
2025-09-11,3265,0,Foreign_Dealer_Self,0
2025-09-11,3265,0,Investment_Trust,198000
2025-09-11,3265,0,Dealer_self,0
2025-09-11,3265,3011,Dealer_Hedging,7399
2025-09-12,3265,38330,Foreign_Investor,138000
2025-09-12,3265,0,Foreign_Dealer_Self,0
2025-09-12,3265,0,Investment_Trust,0
2025-09-12,3265,0,Dealer_self,0
2025-09-12,3265,6000,Dealer_Hedging,3768
2025-09-15,3265,65000,Foreign_Investor,100000
2025-09-15,3265,0,Foreign_Dealer_Self,0
2025-09-15,3265,0,Investment_Trust,10000
2025-09-15,3265,0,Dealer_self,0
2025-09-15,3265,6000,Dealer_Hedging,1950
2025-09-16,3265,64000,Foreign_Investor,18000
2025-09-16,3265,0,Foreign_Dealer_Self,0
2025-09-16,3265,0,Investment_Trust,0
2025-09-16,3265,0,Dealer_self,0
2025-09-16,3265,2880,Dealer_Hedging,0
2025-09-17,3265,31000,Foreign_Investor,57000
2025-09-17,3265,0,Foreign_Dealer_Self,0
2025-09-17,3265,0,Investment_Trust,0
2025-09-17,3265,0,Dealer_self,0
2025-09-17,3265,1200,Dealer_Hedging,5019
2025-09-18,3265,83000,Foreign_Investor,9000
2025-09-18,3265,0,Foreign_Dealer_Self,0
2025-09-18,3265,0,Investment_Trust,0
2025-09-18,3265,0,Dealer_self,0
2025-09-18,3265,6520,Dealer_Hedging,0
2025-09-19,3265,109000,Foreign_Investor,42000
2025-09-19,3265,0,Foreign_Dealer_Self,0
2025-09-19,3265,0,Investment_Trust,0
2025-09-19,3265,0,Dealer_self,0
2025-09-19,3265,3019,Dealer_Hedging,0
2025-09-22,3265,251000,Foreign_Investor,18000
2025-09-22,3265,0,Foreign_Dealer_Self,0
2025-09-22,3265,0,Investment_Trust,0
2025-09-22,3265,0,Dealer_self,0
2025-09-22,3265,1510,Dealer_Hedging,0
2025-09-23,3265,152000,Foreign_Investor,26000
2025-09-23,3265,0,Foreign_Dealer_Self,0
2025-09-23,3265,0,Investment_Trust,0
2025-09-23,3265,0,Dealer_self,0
2025-09-23,3265,8803,Dealer_Hedging,0
2025-09-24,3265,44000,Foreign_Investor,59000
2025-09-24,3265,0,Foreign_Dealer_Self,0
2025-09-24,3265,0,Investment_Trust,0
2025-09-24,3265,0,Dealer_self,0
2025-09-24,3265,2,Dealer_Hedging,8162
2025-09-25,3265,11000,Foreign_Investor,156000
2025-09-25,3265,0,Foreign_Dealer_Self,0
2025-09-25,3265,0,Investment_Trust,0
2025-09-25,3265,0,Dealer_self,0
2025-09-25,3265,1166,Dealer_Hedging,3992
2025-09-26,3265,21000,Foreign_Investor,415000
2025-09-26,3265,0,Foreign_Dealer_Self,0
2025-09-26,3265,0,Investment_Trust,0
2025-09-26,3265,0,Dealer_self,0
2025-09-26,3265,7000,Dealer_Hedging,12079
2025-09-30,3265,70000,Foreign_Investor,36000
2025-09-30,3265,0,Foreign_Dealer_Self,0
2025-09-30,3265,0,Investment_Trust,0
2025-09-30,3265,0,Dealer_self,0
2025-09-30,3265,5137,Dealer_Hedging,54
2025-10-01,3265,16000,Foreign_Investor,131000
2025-10-01,3265,0,Foreign_Dealer_Self,0
2025-10-01,3265,0,Investment_Trust,0
2025-10-01,3265,0,Dealer_self,0
2025-10-01,3265,1301,Dealer_Hedging,5401
2025-10-02,3265,16000,Foreign_Investor,115000
2025-10-02,3265,0,Foreign_Dealer_Self,0
2025-10-02,3265,0,Investment_Trust,0
2025-10-02,3265,0,Dealer_self,0
2025-10-02,3265,1000,Dealer_Hedging,800
2025-10-03,3265,25000,Foreign_Investor,60000
2025-10-03,3265,0,Foreign_Dealer_Self,0
2025-10-03,3265,0,Investment_Trust,0
2025-10-03,3265,0,Dealer_self,0
2025-10-03,3265,1000,Dealer_Hedging,1794
2025-10-07,3265,129000,Foreign_Investor,43000
2025-10-07,3265,0,Foreign_Dealer_Self,0
2025-10-07,3265,0,Investment_Trust,0
2025-10-07,3265,0,Dealer_self,0
2025-10-07,3265,7053,Dealer_Hedging,2084
2025-10-08,3265,31000,Foreign_Investor,132000
2025-10-08,3265,0,Foreign_Dealer_Self,0
2025-10-08,3265,0,Investment_Trust,0
2025-10-08,3265,0,Dealer_self,0
2025-10-08,3265,3000,Dealer_Hedging,13462
2025-10-09,3265,40000,Foreign_Investor,154005
2025-10-09,3265,0,Foreign_Dealer_Self,0
2025-10-09,3265,0,Investment_Trust,0
2025-10-09,3265,0,Dealer_self,0
2025-10-09,3265,8000,Dealer_Hedging,11798
2025-10-13,3265,54000,Foreign_Investor,145000
2025-10-13,3265,0,Foreign_Dealer_Self,0
2025-10-13,3265,0,Investment_Trust,0
2025-10-13,3265,0,Dealer_self,0
2025-10-13,3265,6000,Dealer_Hedging,10747
2025-10-14,3265,113000,Foreign_Investor,226000
2025-10-14,3265,0,Foreign_Dealer_Self,0
2025-10-14,3265,0,Investment_Trust,0
2025-10-14,3265,0,Dealer_self,0
2025-10-14,3265,8224,Dealer_Hedging,10682
2025-10-15,3265,34000,Foreign_Investor,28000
2025-10-15,3265,0,Foreign_Dealer_Self,0
2025-10-15,3265,0,Investment_Trust,0
2025-10-15,3265,0,Dealer_self,0
2025-10-15,3265,125,Dealer_Hedging,0
2025-10-16,3265,45000,Foreign_Investor,67000
2025-10-16,3265,0,Foreign_Dealer_Self,0
2025-10-16,3265,0,Investment_Trust,0
2025-10-16,3265,0,Dealer_self,0
2025-10-16,3265,1111,Dealer_Hedging,0
2025-10-17,3265,60550,Foreign_Investor,17000
2025-10-17,3265,0,Foreign_Dealer_Self,0
2025-10-17,3265,0,Investment_Trust,0
2025-10-17,3265,0,Dealer_self,0
2025-10-17,3265,1797,Dealer_Hedging,240
2025-10-20,3265,115000,Foreign_Investor,29000
2025-10-20,3265,0,Foreign_Dealer_Self,0
2025-10-20,3265,0,Investment_Trust,90000
2025-10-20,3265,0,Dealer_self,0
2025-10-20,3265,25269,Dealer_Hedging,2513
2025-10-21,3265,90000,Foreign_Investor,11000
2025-10-21,3265,0,Foreign_Dealer_Self,0
2025-10-21,3265,0,Investment_Trust,0
2025-10-21,3265,0,Dealer_self,0
2025-10-21,3265,1010,Dealer_Hedging,16768
2025-10-22,3265,70000,Foreign_Investor,107000
2025-10-22,3265,0,Foreign_Dealer_Self,0
2025-10-22,3265,0,Investment_Trust,0
2025-10-22,3265,0,Dealer_self,0
2025-10-22,3265,20576,Dealer_Hedging,6298
2025-10-23,3265,38275,Foreign_Investor,63000
2025-10-23,3265,0,Foreign_Dealer_Self,0
2025-10-23,3265,0,Investment_Trust,0
2025-10-23,3265,0,Dealer_self,0
2025-10-23,3265,6110,Dealer_Hedging,1354
2025-10-27,3265,139000,Foreign_Investor,33000
2025-10-27,3265,0,Foreign_Dealer_Self,0
2025-10-27,3265,0,Investment_Trust,0
2025-10-27,3265,0,Dealer_self,0
2025-10-27,3265,3095,Dealer_Hedging,8000
2025-10-28,3265,38000,Foreign_Investor,165000
2025-10-28,3265,0,Foreign_Dealer_Self,0
2025-10-28,3265,0,Investment_Trust,0
2025-10-28,3265,0,Dealer_self,0
2025-10-28,3265,1108,Dealer_Hedging,21952
2025-10-29,3265,308000,Foreign_Investor,52000
2025-10-29,3265,0,Foreign_Dealer_Self,0
2025-10-29,3265,0,Investment_Trust,0
2025-10-29,3265,0,Dealer_self,0
2025-10-29,3265,6293,Dealer_Hedging,3264
2025-10-30,3265,60000,Foreign_Investor,98000
2025-10-30,3265,0,Foreign_Dealer_Self,0
2025-10-30,3265,0,Investment_Trust,0
2025-10-30,3265,0,Dealer_self,0
2025-10-30,3265,349,Dealer_Hedging,3444
2025-10-31,3265,286000,Foreign_Investor,30000
2025-10-31,3265,0,Foreign_Dealer_Self,0
2025-10-31,3265,0,Investment_Trust,0
2025-10-31,3265,0,Dealer_self,0
2025-10-31,3265,6189,Dealer_Hedging,147
2025-11-03,3265,726000,Foreign_Investor,387025
2025-11-03,3265,0,Foreign_Dealer_Self,0
2025-11-03,3265,0,Investment_Trust,0
2025-11-03,3265,0,Dealer_self,0
2025-11-03,3265,89135,Dealer_Hedging,4279
2025-11-04,3265,392000,Foreign_Investor,453000
2025-11-04,3265,0,Foreign_Dealer_Self,0
2025-11-04,3265,0,Investment_Trust,0
2025-11-04,3265,1000,Dealer_self,0
2025-11-04,3265,2517,Dealer_Hedging,45012
2025-11-05,3265,116000,Foreign_Investor,296000
2025-11-05,3265,0,Foreign_Dealer_Self,0
2025-11-05,3265,0,Investment_Trust,0
2025-11-05,3265,0,Dealer_self,0
2025-11-05,3265,8076,Dealer_Hedging,36250
2025-11-06,3265,142000,Foreign_Investor,241000
2025-11-06,3265,0,Foreign_Dealer_Self,0
2025-11-06,3265,0,Investment_Trust,0
2025-11-06,3265,0,Dealer_self,0
2025-11-06,3265,3756,Dealer_Hedging,505
2025-11-07,3265,60000,Foreign_Investor,174000
2025-11-07,3265,0,Foreign_Dealer_Self,0
2025-11-07,3265,0,Investment_Trust,0
2025-11-07,3265,0,Dealer_self,0
2025-11-07,3265,2000,Dealer_Hedging,7062
2025-11-10,3265,130000,Foreign_Investor,76000
2025-11-10,3265,0,Foreign_Dealer_Self,0
2025-11-10,3265,0,Investment_Trust,0
2025-11-10,3265,0,Dealer_self,0
2025-11-10,3265,588,Dealer_Hedging,4636
2025-11-11,3265,752220,Foreign_Investor,102000
2025-11-11,3265,0,Foreign_Dealer_Self,0
2025-11-11,3265,0,Investment_Trust,0
2025-11-11,3265,23000,Dealer_self,0
2025-11-11,3265,23804,Dealer_Hedging,2109
2025-11-12,3265,413000,Foreign_Investor,515000
2025-11-12,3265,0,Foreign_Dealer_Self,0
2025-11-12,3265,0,Investment_Trust,0
2025-11-12,3265,11000,Dealer_self,0
2025-11-12,3265,20104,Dealer_Hedging,18524
2025-11-13,3265,93000,Foreign_Investor,232000
2025-11-13,3265,0,Foreign_Dealer_Self,0
2025-11-13,3265,78000,Investment_Trust,0
2025-11-13,3265,0,Dealer_self,0
2025-11-13,3265,100,Dealer_Hedging,13607
2025-11-14,3265,70000,Foreign_Investor,386000
2025-11-14,3265,0,Foreign_Dealer_Self,0
2025-11-14,3265,0,Investment_Trust,0
2025-11-14,3265,0,Dealer_self,0
2025-11-14,3265,11000,Dealer_Hedging,13975
2025-11-17,3265,93000,Foreign_Investor,122000
2025-11-17,3265,0,Foreign_Dealer_Self,0
2025-11-17,3265,0,Investment_Trust,0
2025-11-17,3265,0,Dealer_self,0
2025-11-17,3265,1005,Dealer_Hedging,2669
2025-11-18,3265,108000,Foreign_Investor,276000
2025-11-18,3265,0,Foreign_Dealer_Self,0
2025-11-18,3265,0,Investment_Trust,0
2025-11-18,3265,0,Dealer_self,12000
2025-11-18,3265,6034,Dealer_Hedging,13188
2025-11-19,3265,63000,Foreign_Investor,264000
2025-11-19,3265,0,Foreign_Dealer_Self,0
2025-11-19,3265,0,Investment_Trust,0
2025-11-19,3265,0,Dealer_self,4000
2025-11-19,3265,5000,Dealer_Hedging,5880
2025-11-20,3265,99000,Foreign_Investor,120000
2025-11-20,3265,0,Foreign_Dealer_Self,0
2025-11-20,3265,0,Investment_Trust,0
2025-11-20,3265,1000,Dealer_self,0
2025-11-20,3265,1500,Dealer_Hedging,518
2025-11-21,3265,45000,Foreign_Investor,258000
2025-11-21,3265,0,Foreign_Dealer_Self,0
2025-11-21,3265,0,Investment_Trust,0
2025-11-21,3265,0,Dealer_self,12000
2025-11-21,3265,8000,Dealer_Hedging,12645
2025-11-24,3265,32000,Foreign_Investor,109000
2025-11-24,3265,0,Foreign_Dealer_Self,0
2025-11-24,3265,0,Investment_Trust,0
2025-11-24,3265,0,Dealer_self,0
2025-11-24,3265,0,Dealer_Hedging,576
2025-11-25,3265,55000,Foreign_Investor,47000
2025-11-25,3265,0,Foreign_Dealer_Self,0
2025-11-25,3265,0,Investment_Trust,0
2025-11-25,3265,0,Dealer_self,0
2025-11-25,3265,1077,Dealer_Hedging,139
2025-11-26,3265,301000,Foreign_Investor,100000
2025-11-26,3265,0,Foreign_Dealer_Self,0
2025-11-26,3265,0,Investment_Trust,0
2025-11-26,3265,0,Dealer_self,0
2025-11-26,3265,6317,Dealer_Hedging,77
2025-11-27,3265,459000,Foreign_Investor,192000
2025-11-27,3265,0,Foreign_Dealer_Self,0
2025-11-27,3265,0,Investment_Trust,0
2025-11-27,3265,0,Dealer_self,0
2025-11-27,3265,17409,Dealer_Hedging,1105
2025-11-28,3265,1029000,Foreign_Investor,111000
2025-11-28,3265,0,Foreign_Dealer_Self,0
2025-11-28,3265,0,Investment_Trust,0
2025-11-28,3265,0,Dealer_self,0
2025-11-28,3265,17304,Dealer_Hedging,7000
2025-12-01,3265,92000,Foreign_Investor,227000
2025-12-01,3265,0,Foreign_Dealer_Self,0
2025-12-01,3265,0,Investment_Trust,0
2025-12-01,3265,0,Dealer_self,6000
2025-12-01,3265,390,Dealer_Hedging,8058
2025-12-02,3265,44000,Foreign_Investor,192000
2025-12-02,3265,0,Foreign_Dealer_Self,0
2025-12-02,3265,0,Investment_Trust,0
2025-12-02,3265,0,Dealer_self,0
2025-12-02,3265,1172,Dealer_Hedging,3734
2025-12-03,3265,65000,Foreign_Investor,42000
2025-12-03,3265,0,Foreign_Dealer_Self,0
2025-12-03,3265,0,Investment_Trust,0
2025-12-03,3265,0,Dealer_self,8000
2025-12-03,3265,1000,Dealer_Hedging,1236
2025-12-04,3265,37220,Foreign_Investor,73000
2025-12-04,3265,0,Foreign_Dealer_Self,0
2025-12-04,3265,0,Investment_Trust,0
2025-12-04,3265,0,Dealer_self,0
2025-12-04,3265,0,Dealer_Hedging,902
2025-12-05,3265,34000,Foreign_Investor,73000
2025-12-05,3265,0,Foreign_Dealer_Self,0
2025-12-05,3265,20000,Investment_Trust,0
2025-12-05,3265,0,Dealer_self,0
2025-12-05,3265,0,Dealer_Hedging,508
2025-12-08,3265,503000,Foreign_Investor,35000
2025-12-08,3265,0,Foreign_Dealer_Self,0
2025-12-08,3265,0,Investment_Trust,0
2025-12-08,3265,0,Dealer_self,0
2025-12-08,3265,44908,Dealer_Hedging,3067
2025-12-09,3265,96000,Foreign_Investor,216000
2025-12-09,3265,0,Foreign_Dealer_Self,0
2025-12-09,3265,27000,Investment_Trust,0
2025-12-09,3265,0,Dealer_self,0
2025-12-09,3265,8341,Dealer_Hedging,26330
2025-12-10,3265,491000,Foreign_Investor,143000
2025-12-10,3265,0,Foreign_Dealer_Self,0
2025-12-10,3265,0,Investment_Trust,0
2025-12-10,3265,0,Dealer_self,0
2025-12-10,3265,59285,Dealer_Hedging,1
2025-12-11,3265,262000,Foreign_Investor,252000
2025-12-11,3265,0,Foreign_Dealer_Self,0
2025-12-11,3265,0,Investment_Trust,78000
2025-12-11,3265,35000,Dealer_self,0
2025-12-11,3265,64387,Dealer_Hedging,0
2025-12-12,3265,1295100,Foreign_Investor,2079000
2025-12-12,3265,0,Foreign_Dealer_Self,0
2025-12-12,3265,0,Investment_Trust,0
2025-12-12,3265,5000,Dealer_self,0
2025-12-12,3265,98157,Dealer_Hedging,98269
2025-12-15,3265,387500,Foreign_Investor,717000
2025-12-15,3265,0,Foreign_Dealer_Self,0
2025-12-15,3265,0,Investment_Trust,0
2025-12-15,3265,0,Dealer_self,0
2025-12-15,3265,50888,Dealer_Hedging,22184
2025-12-16,3265,241100,Foreign_Investor,561000
2025-12-16,3265,0,Foreign_Dealer_Self,0
2025-12-16,3265,0,Investment_Trust,0
2025-12-16,3265,0,Dealer_self,0
2025-12-16,3265,15148,Dealer_Hedging,104958
2025-12-17,3265,131000,Foreign_Investor,246000
2025-12-17,3265,0,Foreign_Dealer_Self,0
2025-12-17,3265,0,Investment_Trust,0
2025-12-17,3265,0,Dealer_self,0
2025-12-17,3265,3000,Dealer_Hedging,517
2025-12-18,3265,134000,Foreign_Investor,127000
2025-12-18,3265,0,Foreign_Dealer_Self,0
2025-12-18,3265,0,Investment_Trust,0
2025-12-18,3265,0,Dealer_self,0
2025-12-18,3265,3000,Dealer_Hedging,12393
2025-12-19,3265,589000,Foreign_Investor,578000
2025-12-19,3265,0,Foreign_Dealer_Self,0
2025-12-19,3265,0,Investment_Trust,0
2025-12-19,3265,37000,Dealer_self,37000
2025-12-19,3265,61356,Dealer_Hedging,4015
2025-12-22,3265,563275,Foreign_Investor,260000
2025-12-22,3265,0,Foreign_Dealer_Self,0
2025-12-22,3265,0,Investment_Trust,0
2025-12-22,3265,0,Dealer_self,0
2025-12-22,3265,65494,Dealer_Hedging,18377
2025-12-23,3265,826000,Foreign_Investor,375000
2025-12-23,3265,0,Foreign_Dealer_Self,0
2025-12-23,3265,0,Investment_Trust,0
2025-12-23,3265,0,Dealer_self,0
2025-12-23,3265,79822,Dealer_Hedging,41015
2025-12-24,3265,2008100,Foreign_Investor,2252000
2025-12-24,3265,0,Foreign_Dealer_Self,0
2025-12-24,3265,0,Investment_Trust,0
2025-12-24,3265,0,Dealer_self,20000
2025-12-24,3265,200077,Dealer_Hedging,137062
2025-12-26,3265,1691000,Foreign_Investor,2693000
2025-12-26,3265,0,Foreign_Dealer_Self,0
2025-12-26,3265,0,Investment_Trust,0
2025-12-26,3265,49000,Dealer_self,5000
2025-12-26,3265,217933,Dealer_Hedging,13096
2025-12-29,3265,832000,Foreign_Investor,1063000
2025-12-29,3265,0,Foreign_Dealer_Self,0
2025-12-29,3265,50000,Investment_Trust,0
2025-12-29,3265,0,Dealer_self,44000
2025-12-29,3265,13196,Dealer_Hedging,16650
2025-12-30,3265,856000,Foreign_Investor,1379000
2025-12-30,3265,0,Foreign_Dealer_Self,0
2025-12-30,3265,50000,Investment_Trust,0
2025-12-30,3265,0,Dealer_self,0
2025-12-30,3265,59601,Dealer_Hedging,23524
2025-12-31,3265,2513000,Foreign_Investor,2165000
2025-12-31,3265,0,Foreign_Dealer_Self,0
2025-12-31,3265,46223,Investment_Trust,0
2025-12-31,3265,0,Dealer_self,0
2025-12-31,3265,73196,Dealer_Hedging,124189
2026-01-02,3265,659000,Foreign_Investor,1161000
2026-01-02,3265,0,Foreign_Dealer_Self,0
2026-01-02,3265,1621,Investment_Trust,0
2026-01-02,3265,0,Dealer_self,0
2026-01-02,3265,25006,Dealer_Hedging,82037
2026-01-05,3265,1314100,Foreign_Investor,824100
2026-01-05,3265,0,Foreign_Dealer_Self,0
2026-01-05,3265,0,Investment_Trust,0
2026-01-05,3265,8000,Dealer_self,0
2026-01-05,3265,10000,Dealer_Hedging,145522
2026-01-06,3265,773000,Foreign_Investor,869000
2026-01-06,3265,0,Foreign_Dealer_Self,0
2026-01-06,3265,0,Investment_Trust,1474
2026-01-06,3265,8000,Dealer_self,5000
2026-01-06,3265,65344,Dealer_Hedging,45606
2026-01-07,3265,767330,Foreign_Investor,535000
2026-01-07,3265,0,Foreign_Dealer_Self,0
2026-01-07,3265,0,Investment_Trust,0
2026-01-07,3265,0,Dealer_self,0
2026-01-07,3265,17634,Dealer_Hedging,41847
2026-01-08,3265,786000,Foreign_Investor,503000
2026-01-08,3265,0,Foreign_Dealer_Self,0
2026-01-08,3265,330000,Investment_Trust,0
2026-01-08,3265,6000,Dealer_self,0
2026-01-08,3265,9103,Dealer_Hedging,53438
2026-01-09,3265,1252008,Foreign_Investor,1306000
2026-01-09,3265,0,Foreign_Dealer_Self,0
2026-01-09,3265,11000,Investment_Trust,0
2026-01-09,3265,0,Dealer_self,0
2026-01-09,3265,101911,Dealer_Hedging,36006
2026-01-12,3265,1017032,Foreign_Investor,1559000
2026-01-12,3265,0,Foreign_Dealer_Self,0
2026-01-12,3265,366000,Investment_Trust,0
2026-01-12,3265,10000,Dealer_self,5000
2026-01-12,3265,21875,Dealer_Hedging,38534
2026-01-13,3265,4296300,Foreign_Investor,2775000
2026-01-13,3265,0,Foreign_Dealer_Self,0
2026-01-13,3265,0,Investment_Trust,1474
2026-01-13,3265,25000,Dealer_self,28000
2026-01-13,3265,158239,Dealer_Hedging,49558
2026-01-14,3265,977000,Foreign_Investor,1383000
2026-01-14,3265,0,Foreign_Dealer_Self,0
2026-01-14,3265,0,Investment_Trust,0
2026-01-14,3265,23000,Dealer_self,0
2026-01-14,3265,52789,Dealer_Hedging,83420
2026-01-15,3265,2696000,Foreign_Investor,3070300
2026-01-15,3265,0,Foreign_Dealer_Self,0
2026-01-15,3265,0,Investment_Trust,1473
2026-01-15,3265,28000,Dealer_self,11000
2026-01-15,3265,60734,Dealer_Hedging,68186
2026-01-16,3265,1367110,Foreign_Investor,1005000
2026-01-16,3265,0,Foreign_Dealer_Self,0
2026-01-16,3265,0,Investment_Trust,0
2026-01-16,3265,5000,Dealer_self,16000
2026-01-16,3265,15552,Dealer_Hedging,61862
2026-01-19,3265,887300,Foreign_Investor,967000
2026-01-19,3265,0,Foreign_Dealer_Self,0
2026-01-19,3265,305000,Investment_Trust,2100
2026-01-19,3265,3000,Dealer_self,0
2026-01-19,3265,7001,Dealer_Hedging,57491
2026-01-20,3265,1005000,Foreign_Investor,803000
2026-01-20,3265,0,Foreign_Dealer_Self,0
2026-01-20,3265,0,Investment_Trust,31467
2026-01-20,3265,9000,Dealer_self,0
2026-01-20,3265,22000,Dealer_Hedging,35497
2026-01-21,3265,1706200,Foreign_Investor,1572000
2026-01-21,3265,0,Foreign_Dealer_Self,0
2026-01-21,3265,0,Investment_Trust,0
2026-01-21,3265,7000,Dealer_self,20000
2026-01-21,3265,80198,Dealer_Hedging,12765
2026-01-22,3265,1373100,Foreign_Investor,992500
2026-01-22,3265,0,Foreign_Dealer_Self,0
2026-01-22,3265,192000,Investment_Trust,0
2026-01-22,3265,19000,Dealer_self,11000
2026-01-22,3265,84230,Dealer_Hedging,28823
2026-01-23,3265,1158000,Foreign_Investor,799000
2026-01-23,3265,0,Foreign_Dealer_Self,0
2026-01-23,3265,0,Investment_Trust,1467
2026-01-23,3265,5000,Dealer_self,49000
2026-01-23,3265,18313,Dealer_Hedging,72957
2026-01-26,3265,1681000,Foreign_Investor,1174000
2026-01-26,3265,0,Foreign_Dealer_Self,0
2026-01-26,3265,350000,Investment_Trust,4403
2026-01-26,3265,5000,Dealer_self,0
2026-01-26,3265,212142,Dealer_Hedging,17766
2026-01-27,3265,1169000,Foreign_Investor,2237500
2026-01-27,3265,0,Foreign_Dealer_Self,0
2026-01-27,3265,200000,Investment_Trust,0
2026-01-27,3265,30000,Dealer_self,30000
2026-01-27,3265,15066,Dealer_Hedging,160126
2026-01-28,3265,579000,Foreign_Investor,468100
2026-01-28,3265,0,Foreign_Dealer_Self,0
2026-01-28,3265,0,Investment_Trust,0
2026-01-28,3265,0,Dealer_self,5000
2026-01-28,3265,39187,Dealer_Hedging,11325
2026-01-29,3265,1006000,Foreign_Investor,1245000
2026-01-29,3265,0,Foreign_Dealer_Self,0
2026-01-29,3265,211000,Investment_Trust,0
2026-01-29,3265,0,Dealer_self,0
2026-01-29,3265,21073,Dealer_Hedging,24847
2026-01-30,3265,952000,Foreign_Investor,305000
2026-01-30,3265,0,Foreign_Dealer_Self,0
2026-01-30,3265,0,Investment_Trust,1469
2026-01-30,3265,0,Dealer_self,0
2026-01-30,3265,3680,Dealer_Hedging,9002
2026-02-02,3265,1358000,Foreign_Investor,468000
2026-02-02,3265,0,Foreign_Dealer_Self,0
2026-02-02,3265,0,Investment_Trust,0
2026-02-02,3265,9000,Dealer_self,11000
2026-02-02,3265,12432,Dealer_Hedging,47841
2026-02-03,3265,477000,Foreign_Investor,355000
2026-02-03,3265,0,Foreign_Dealer_Self,0
2026-02-03,3265,0,Investment_Trust,0
2026-02-03,3265,0,Dealer_self,14000
2026-02-03,3265,29222,Dealer_Hedging,12318
2026-02-04,3265,208000,Foreign_Investor,239000
2026-02-04,3265,0,Foreign_Dealer_Self,0
2026-02-04,3265,0,Investment_Trust,0
2026-02-04,3265,0,Dealer_self,0
2026-02-04,3265,59730,Dealer_Hedging,9765
2026-02-05,3265,424000,Foreign_Investor,960000
2026-02-05,3265,0,Foreign_Dealer_Self,0
2026-02-05,3265,0,Investment_Trust,1468
2026-02-05,3265,0,Dealer_self,0
2026-02-05,3265,34959,Dealer_Hedging,33791
2026-02-06,3265,739000,Foreign_Investor,447000
2026-02-06,3265,0,Foreign_Dealer_Self,0
2026-02-06,3265,0,Investment_Trust,0
2026-02-06,3265,0,Dealer_self,0
2026-02-06,3265,14043,Dealer_Hedging,33057
2026-02-09,3265,615110,Foreign_Investor,454000
2026-02-09,3265,0,Foreign_Dealer_Self,0
2026-02-09,3265,0,Investment_Trust,0
2026-02-09,3265,0,Dealer_self,0
2026-02-09,3265,19799,Dealer_Hedging,7608
2026-02-10,3265,268330,Foreign_Investor,432000
2026-02-10,3265,0,Foreign_Dealer_Self,0
2026-02-10,3265,0,Investment_Trust,0
2026-02-10,3265,0,Dealer_self,0
2026-02-10,3265,2000,Dealer_Hedging,12502
2026-02-11,3265,372000,Foreign_Investor,456000
2026-02-11,3265,0,Foreign_Dealer_Self,0
2026-02-11,3265,0,Investment_Trust,0
2026-02-11,3265,0,Dealer_self,7000
2026-02-11,3265,18000,Dealer_Hedging,19455
2026-02-23,3265,1659000,Foreign_Investor,555000
2026-02-23,3265,0,Foreign_Dealer_Self,0
2026-02-23,3265,0,Investment_Trust,0
2026-02-23,3265,0,Dealer_self,1000
2026-02-23,3265,198833,Dealer_Hedging,12742
2026-02-24,3265,634220,Foreign_Investor,330000
2026-02-24,3265,0,Foreign_Dealer_Self,0
2026-02-24,3265,0,Investment_Trust,0
2026-02-24,3265,0,Dealer_self,0
2026-02-24,3265,47409,Dealer_Hedging,127243
2026-02-25,3265,424000,Foreign_Investor,465000
2026-02-25,3265,0,Foreign_Dealer_Self,0
2026-02-25,3265,0,Investment_Trust,2941
2026-02-25,3265,0,Dealer_self,0
2026-02-25,3265,2443,Dealer_Hedging,66744
2026-02-26,3265,1336000,Foreign_Investor,1630000
2026-02-26,3265,0,Foreign_Dealer_Self,0
2026-02-26,3265,0,Investment_Trust,444
2026-02-26,3265,15000,Dealer_self,0
2026-02-26,3265,287170,Dealer_Hedging,27844
2026-03-02,3265,548210,Foreign_Investor,1092000
2026-03-02,3265,0,Foreign_Dealer_Self,0
2026-03-02,3265,0,Investment_Trust,1464
2026-03-02,3265,32000,Dealer_self,15000
2026-03-02,3265,77000,Dealer_Hedging,245246
2026-03-03,3265,752045,Foreign_Investor,576000
2026-03-03,3265,0,Foreign_Dealer_Self,0
2026-03-03,3265,0,Investment_Trust,0
2026-03-03,3265,0,Dealer_self,0
2026-03-03,3265,3199,Dealer_Hedging,48990
2026-03-04,3265,781010,Foreign_Investor,735000
2026-03-04,3265,0,Foreign_Dealer_Self,0
2026-03-04,3265,0,Investment_Trust,0
2026-03-04,3265,1000,Dealer_self,0
2026-03-04,3265,21621,Dealer_Hedging,105416
2026-03-05,3265,799010,Foreign_Investor,409000
2026-03-05,3265,0,Foreign_Dealer_Self,0
2026-03-05,3265,0,Investment_Trust,0
2026-03-05,3265,0,Dealer_self,32000
2026-03-05,3265,260671,Dealer_Hedging,16007
2026-03-06,3265,288000,Foreign_Investor,290000
2026-03-06,3265,0,Foreign_Dealer_Self,0
2026-03-06,3265,0,Investment_Trust,0
2026-03-06,3265,2000,Dealer_self,0
2026-03-06,3265,22000,Dealer_Hedging,68119
2026-03-09,3265,131000,Foreign_Investor,576000
2026-03-09,3265,0,Foreign_Dealer_Self,0
2026-03-09,3265,0,Investment_Trust,0
2026-03-09,3265,0,Dealer_self,0
2026-03-09,3265,12000,Dealer_Hedging,142745
2026-03-10,3265,1040020,Foreign_Investor,383500
2026-03-10,3265,0,Foreign_Dealer_Self,0
2026-03-10,3265,0,Investment_Trust,301462
2026-03-10,3265,0,Dealer_self,0
2026-03-10,3265,67922,Dealer_Hedging,17217
2026-03-11,3265,581043,Foreign_Investor,509000
2026-03-11,3265,0,Foreign_Dealer_Self,0
2026-03-11,3265,0,Investment_Trust,200000
2026-03-11,3265,0,Dealer_self,0
2026-03-11,3265,30273,Dealer_Hedging,14522
2026-03-12,3265,197025,Foreign_Investor,228000
2026-03-12,3265,0,Foreign_Dealer_Self,0
2026-03-12,3265,0,Investment_Trust,0
2026-03-12,3265,0,Dealer_self,0
2026-03-12,3265,7000,Dealer_Hedging,44872
2026-03-13,3265,304000,Foreign_Investor,198000
2026-03-13,3265,0,Foreign_Dealer_Self,0
2026-03-13,3265,0,Investment_Trust,0
2026-03-13,3265,0,Dealer_self,0
2026-03-13,3265,27037,Dealer_Hedging,27423
2026-03-16,3265,261000,Foreign_Investor,235000
2026-03-16,3265,0,Foreign_Dealer_Self,0
2026-03-16,3265,0,Investment_Trust,0
2026-03-16,3265,0,Dealer_self,0
2026-03-16,3265,10658,Dealer_Hedging,16194
2026-03-17,3265,389200,Foreign_Investor,304000
2026-03-17,3265,0,Foreign_Dealer_Self,0
2026-03-17,3265,0,Investment_Trust,0
2026-03-17,3265,0,Dealer_self,0
2026-03-17,3265,52069,Dealer_Hedging,5734
2026-03-18,3265,944000,Foreign_Investor,489000
2026-03-18,3265,0,Foreign_Dealer_Self,0
2026-03-18,3265,0,Investment_Trust,99000
2026-03-18,3265,0,Dealer_self,0
2026-03-18,3265,67976,Dealer_Hedging,12143
2026-03-19,3265,245000,Foreign_Investor,405000
2026-03-19,3265,0,Foreign_Dealer_Self,0
2026-03-19,3265,0,Investment_Trust,0
2026-03-19,3265,0,Dealer_self,0
2026-03-19,3265,8289,Dealer_Hedging,27188
2026-03-20,3265,605000,Foreign_Investor,561110
2026-03-20,3265,0,Foreign_Dealer_Self,0
2026-03-20,3265,0,Investment_Trust,43000
2026-03-20,3265,0,Dealer_self,2000
2026-03-20,3265,55,Dealer_Hedging,103291
2026-03-23,3265,324000,Foreign_Investor,240000
2026-03-23,3265,0,Foreign_Dealer_Self,0
2026-03-23,3265,0,Investment_Trust,0
2026-03-23,3265,0,Dealer_self,0
2026-03-23,3265,26341,Dealer_Hedging,38084
2026-03-24,3265,657000,Foreign_Investor,607000
2026-03-24,3265,0,Foreign_Dealer_Self,0
2026-03-24,3265,0,Investment_Trust,373000
2026-03-24,3265,0,Dealer_self,0
2026-03-24,3265,13571,Dealer_Hedging,38892
2026-03-25,3265,1200000,Foreign_Investor,157100
2026-03-25,3265,0,Foreign_Dealer_Self,0
2026-03-25,3265,0,Investment_Trust,0
2026-03-25,3265,6000,Dealer_self,0
2026-03-25,3265,135459,Dealer_Hedging,1711
2026-03-26,3265,1002020,Foreign_Investor,2195183
2026-03-26,3265,0,Foreign_Dealer_Self,0
2026-03-26,3265,0,Investment_Trust,269000
2026-03-26,3265,5000,Dealer_self,1000
2026-03-26,3265,25812,Dealer_Hedging,89401
2026-03-27,3265,918000,Foreign_Investor,334000
2026-03-27,3265,0,Foreign_Dealer_Self,0
2026-03-27,3265,0,Investment_Trust,181454
2026-03-27,3265,17000,Dealer_self,0
2026-03-27,3265,128872,Dealer_Hedging,29636
2026-03-30,3265,764000,Foreign_Investor,672000
2026-03-30,3265,0,Foreign_Dealer_Self,0
2026-03-30,3265,0,Investment_Trust,270000
2026-03-30,3265,29000,Dealer_self,2000
2026-03-30,3265,41463,Dealer_Hedging,136423
2026-03-31,3265,2465000,Foreign_Investor,1859700
2026-03-31,3265,0,Foreign_Dealer_Self,0
2026-03-31,3265,0,Investment_Trust,220000
2026-03-31,3265,14000,Dealer_self,28000
2026-03-31,3265,210318,Dealer_Hedging,99186
2026-04-01,3265,647569,Foreign_Investor,1069000
2026-04-01,3265,0,Foreign_Dealer_Self,0
2026-04-01,3265,100000,Investment_Trust,0
2026-04-01,3265,0,Dealer_self,14000
2026-04-01,3265,89512,Dealer_Hedging,146778
2026-04-02,3265,1265000,Foreign_Investor,1033000
2026-04-02,3265,0,Foreign_Dealer_Self,0
2026-04-02,3265,150000,Investment_Trust,0
2026-04-02,3265,0,Dealer_self,0
2026-04-02,3265,79717,Dealer_Hedging,111967
2026-04-07,3265,542220,Foreign_Investor,679000
2026-04-07,3265,0,Foreign_Dealer_Self,0
2026-04-07,3265,0,Investment_Trust,0
2026-04-07,3265,3000,Dealer_self,0
2026-04-07,3265,12893,Dealer_Hedging,76496
2026-04-08,3265,3453050,Foreign_Investor,726100
2026-04-08,3265,0,Foreign_Dealer_Self,0
2026-04-08,3265,50000,Investment_Trust,0
2026-04-08,3265,32000,Dealer_self,0
2026-04-08,3265,149383,Dealer_Hedging,48942
2026-04-09,3265,1542120,Foreign_Investor,2669500
2026-04-09,3265,0,Foreign_Dealer_Self,0
2026-04-09,3265,0,Investment_Trust,0
2026-04-09,3265,0,Dealer_self,32000
2026-04-09,3265,210777,Dealer_Hedging,171513
2026-04-10,3265,1578518,Foreign_Investor,1436000
2026-04-10,3265,0,Foreign_Dealer_Self,0
2026-04-10,3265,0,Investment_Trust,0
2026-04-10,3265,2000,Dealer_self,0
2026-04-10,3265,36680,Dealer_Hedging,175937
2026-04-13,3265,1716000,Foreign_Investor,1690500
2026-04-13,3265,0,Foreign_Dealer_Self,0
2026-04-13,3265,0,Investment_Trust,0
2026-04-13,3265,4000,Dealer_self,1000
2026-04-13,3265,267177,Dealer_Hedging,177723
2026-04-14,3265,1416550,Foreign_Investor,3193000
2026-04-14,3265,0,Foreign_Dealer_Self,0
2026-04-14,3265,0,Investment_Trust,0
2026-04-14,3265,0,Dealer_self,0
2026-04-14,3265,16818,Dealer_Hedging,250284
2026-04-15,3265,1133500,Foreign_Investor,2223000
2026-04-15,3265,0,Foreign_Dealer_Self,0
2026-04-15,3265,0,Investment_Trust,0
2026-04-15,3265,0,Dealer_self,31000
2026-04-15,3265,107530,Dealer_Hedging,82648
2026-04-16,3265,869715,Foreign_Investor,802150
2026-04-16,3265,0,Foreign_Dealer_Self,0
2026-04-16,3265,0,Investment_Trust,0
2026-04-16,3265,0,Dealer_self,0
2026-04-16,3265,71851,Dealer_Hedging,51001
2026-04-17,3265,456250,Foreign_Investor,1004000
2026-04-17,3265,0,Foreign_Dealer_Self,0
2026-04-17,3265,0,Investment_Trust,1455
2026-04-17,3265,0,Dealer_self,0
2026-04-17,3265,49138,Dealer_Hedging,105583
2026-04-20,3265,1209000,Foreign_Investor,931000
2026-04-20,3265,0,Foreign_Dealer_Self,0
2026-04-20,3265,0,Investment_Trust,505
2026-04-20,3265,5000,Dealer_self,0
2026-04-20,3265,88303,Dealer_Hedging,58455
2026-04-21,3265,1352005,Foreign_Investor,1077000
2026-04-21,3265,0,Foreign_Dealer_Self,0
2026-04-21,3265,0,Investment_Trust,0
2026-04-21,3265,0,Dealer_self,0
2026-04-21,3265,83897,Dealer_Hedging,101509
2026-04-22,3265,940000,Foreign_Investor,1547000
2026-04-22,3265,0,Foreign_Dealer_Self,0
2026-04-22,3265,0,Investment_Trust,0
2026-04-22,3265,0,Dealer_self,0
2026-04-22,3265,68377,Dealer_Hedging,62194
2026-04-23,3265,1669100,Foreign_Investor,1154000
2026-04-23,3265,0,Foreign_Dealer_Self,0
2026-04-23,3265,20000,Investment_Trust,0
2026-04-23,3265,0,Dealer_self,0
2026-04-23,3265,41558,Dealer_Hedging,141279
2026-04-24,3265,1452000,Foreign_Investor,583000
2026-04-24,3265,0,Foreign_Dealer_Self,0
2026-04-24,3265,0,Investment_Trust,0
2026-04-24,3265,0,Dealer_self,0
2026-04-24,3265,127843,Dealer_Hedging,14700
2026-04-27,3265,736000,Foreign_Investor,1595250
2026-04-27,3265,0,Foreign_Dealer_Self,0
2026-04-27,3265,0,Investment_Trust,0
2026-04-27,3265,0,Dealer_self,12000
2026-04-27,3265,22065,Dealer_Hedging,126575
2026-04-28,3265,784000,Foreign_Investor,352000
2026-04-28,3265,0,Foreign_Dealer_Self,0
2026-04-28,3265,0,Investment_Trust,0
2026-04-28,3265,0,Dealer_self,0
2026-04-28,3265,131976,Dealer_Hedging,11582
2026-04-29,3265,173000,Foreign_Investor,398000
2026-04-29,3265,0,Foreign_Dealer_Self,0
2026-04-29,3265,0,Investment_Trust,0
2026-04-29,3265,0,Dealer_self,0
2026-04-29,3265,452,Dealer_Hedging,89067
2026-04-30,3265,601000,Foreign_Investor,281349
2026-04-30,3265,0,Foreign_Dealer_Self,0
2026-04-30,3265,0,Investment_Trust,20000
2026-04-30,3265,0,Dealer_self,0
2026-04-30,3265,174064,Dealer_Hedging,28399
2026-05-04,3265,1538000,Foreign_Investor,339210
2026-05-04,3265,0,Foreign_Dealer_Self,0
2026-05-04,3265,0,Investment_Trust,0
2026-05-04,3265,0,Dealer_self,0
2026-05-04,3265,138933,Dealer_Hedging,12824
2026-05-05,3265,3318000,Foreign_Investor,3354000
2026-05-05,3265,0,Foreign_Dealer_Self,0
2026-05-05,3265,0,Investment_Trust,0
2026-05-05,3265,0,Dealer_self,0
2026-05-05,3265,85837,Dealer_Hedging,296627
2026-05-06,3265,1548016,Foreign_Investor,1480144
2026-05-06,3265,0,Foreign_Dealer_Self,0
2026-05-06,3265,0,Investment_Trust,0
2026-05-06,3265,0,Dealer_self,0
2026-05-06,3265,18890,Dealer_Hedging,113933
2026-05-07,3265,911017,Foreign_Investor,1180092
2026-05-07,3265,0,Foreign_Dealer_Self,0
2026-05-07,3265,0,Investment_Trust,0
2026-05-07,3265,0,Dealer_self,0
2026-05-07,3265,27334,Dealer_Hedging,30655
2026-05-08,3265,871264,Foreign_Investor,1246000
2026-05-08,3265,0,Foreign_Dealer_Self,0
2026-05-08,3265,0,Investment_Trust,300000
2026-05-08,3265,1500,Dealer_self,0
2026-05-08,3265,37625,Dealer_Hedging,69057
2026-05-11,3265,590000,Foreign_Investor,654090
2026-05-11,3265,0,Foreign_Dealer_Self,0
2026-05-11,3265,0,Investment_Trust,0
2026-05-11,3265,3000,Dealer_self,1500
2026-05-11,3265,100644,Dealer_Hedging,29300
2026-05-12,3265,541396,Foreign_Investor,508050
2026-05-12,3265,0,Foreign_Dealer_Self,0
2026-05-12,3265,0,Investment_Trust,0
2026-05-12,3265,0,Dealer_self,4000
2026-05-12,3265,13451,Dealer_Hedging,78663
2026-05-13,3265,505285,Foreign_Investor,485000
2026-05-13,3265,0,Foreign_Dealer_Self,0
2026-05-13,3265,0,Investment_Trust,0
2026-05-13,3265,0,Dealer_self,0
2026-05-13,3265,44623,Dealer_Hedging,22181
2026-05-14,3265,562746,Foreign_Investor,478250
2026-05-14,3265,0,Foreign_Dealer_Self,0
2026-05-14,3265,0,Investment_Trust,0
2026-05-14,3265,0,Dealer_self,0
2026-05-14,3265,109492,Dealer_Hedging,32952
2026-05-15,3265,1124316,Foreign_Investor,1133505
2026-05-15,3265,0,Foreign_Dealer_Self,0
2026-05-15,3265,0,Investment_Trust,0
2026-05-15,3265,0,Dealer_self,0
2026-05-15,3265,60162,Dealer_Hedging,57350
2026-05-18,3265,584083,Foreign_Investor,568000
2026-05-18,3265,0,Foreign_Dealer_Self,0
2026-05-18,3265,0,Investment_Trust,0
2026-05-18,3265,5000,Dealer_self,0
2026-05-18,3265,43937,Dealer_Hedging,55171
2026-05-19,3265,326208,Foreign_Investor,1105000
2026-05-19,3265,0,Foreign_Dealer_Self,0
2026-05-19,3265,0,Investment_Trust,587
2026-05-19,3265,0,Dealer_self,0
2026-05-19,3265,34227,Dealer_Hedging,128256
2026-05-20,3265,552321,Foreign_Investor,349000
2026-05-20,3265,0,Foreign_Dealer_Self,0
2026-05-20,3265,0,Investment_Trust,26440
2026-05-20,3265,4000,Dealer_self,0
2026-05-20,3265,24077,Dealer_Hedging,18772
2026-05-21,3265,787660,Foreign_Investor,237100
2026-05-21,3265,0,Foreign_Dealer_Self,0
2026-05-21,3265,0,Investment_Trust,0
2026-05-21,3265,0,Dealer_self,0
2026-05-21,3265,41414,Dealer_Hedging,27783
2026-05-22,3265,2128807,Foreign_Investor,438002
2026-05-22,3265,0,Foreign_Dealer_Self,0
2026-05-22,3265,0,Investment_Trust,26000
2026-05-22,3265,0,Dealer_self,0
2026-05-22,3265,113786,Dealer_Hedging,34100
2026-05-25,3265,855704,Foreign_Investor,579627
2026-05-25,3265,0,Foreign_Dealer_Self,0
2026-05-25,3265,0,Investment_Trust,13000
2026-05-25,3265,0,Dealer_self,0
2026-05-25,3265,48809,Dealer_Hedging,82189
2026-05-26,3265,892048,Foreign_Investor,396011
2026-05-26,3265,0,Foreign_Dealer_Self,0
2026-05-26,3265,0,Investment_Trust,0
2026-05-26,3265,0,Dealer_self,0
2026-05-26,3265,82445,Dealer_Hedging,41290
2026-05-27,3265,628074,Foreign_Investor,627007
2026-05-27,3265,0,Foreign_Dealer_Self,0
2026-05-27,3265,0,Investment_Trust,0
2026-05-27,3265,140000,Dealer_self,0
2026-05-27,3265,72498,Dealer_Hedging,50047
2026-05-28,3265,1177064,Foreign_Investor,1032715
2026-05-28,3265,0,Foreign_Dealer_Self,0
2026-05-28,3265,788,Investment_Trust,0
2026-05-28,3265,0,Dealer_self,0
2026-05-28,3265,118726,Dealer_Hedging,82871
2026-05-29,3265,366545,Foreign_Investor,934088
2026-05-29,3265,0,Foreign_Dealer_Self,0
2026-05-29,3265,0,Investment_Trust,0
2026-05-29,3265,9000,Dealer_self,0
2026-05-29,3265,33521,Dealer_Hedging,150150
2026-06-01,3265,253080,Foreign_Investor,1217260
2026-06-01,3265,0,Foreign_Dealer_Self,0
2026-06-01,3265,8000,Investment_Trust,0
2026-06-01,3265,0,Dealer_self,0
2026-06-01,3265,10000,Dealer_Hedging,82759
