date,stock_id,buy,name,sell
2024-06-03,3362,571000,Foreign_Investor,963000
2024-06-03,3362,0,Foreign_Dealer_Self,0
2024-06-03,3362,0,Investment_Trust,0
2024-06-03,3362,5000,Dealer_self,42000
2024-06-03,3362,14845,Dealer_Hedging,34831
2024-06-04,3362,509940,Foreign_Investor,343000
2024-06-04,3362,0,Foreign_Dealer_Self,0
2024-06-04,3362,0,Investment_Trust,140000
2024-06-04,3362,0,Dealer_self,20386
2024-06-04,3362,15705,Dealer_Hedging,14015
2024-06-05,3362,1473000,Foreign_Investor,892000
2024-06-05,3362,0,Foreign_Dealer_Self,0
2024-06-05,3362,0,Investment_Trust,0
2024-06-05,3362,10878,Dealer_self,14000
2024-06-05,3362,35845,Dealer_Hedging,7157
2024-06-06,3362,427000,Foreign_Investor,1309000
2024-06-06,3362,0,Foreign_Dealer_Self,0
2024-06-06,3362,0,Investment_Trust,0
2024-06-06,3362,3000,Dealer_self,7001
2024-06-06,3362,43960,Dealer_Hedging,26766
2024-06-07,3362,532000,Foreign_Investor,226000
2024-06-07,3362,0,Foreign_Dealer_Self,0
2024-06-07,3362,0,Investment_Trust,0
2024-06-07,3362,0,Dealer_self,13
2024-06-07,3362,6974,Dealer_Hedging,5272
2024-06-11,3362,386000,Foreign_Investor,484000
2024-06-11,3362,0,Foreign_Dealer_Self,0
2024-06-11,3362,0,Investment_Trust,0
2024-06-11,3362,18000,Dealer_self,1777
2024-06-11,3362,34570,Dealer_Hedging,39057
2024-06-12,3362,696391,Foreign_Investor,730000
2024-06-12,3362,0,Foreign_Dealer_Self,0
2024-06-12,3362,0,Investment_Trust,0
2024-06-12,3362,23000,Dealer_self,2006
2024-06-12,3362,10197,Dealer_Hedging,8484
2024-06-13,3362,235000,Foreign_Investor,182000
2024-06-13,3362,0,Foreign_Dealer_Self,0
2024-06-13,3362,0,Investment_Trust,0
2024-06-13,3362,0,Dealer_self,0
2024-06-13,3362,12000,Dealer_Hedging,7109
2024-06-14,3362,2486134,Foreign_Investor,537000
2024-06-14,3362,0,Foreign_Dealer_Self,0
2024-06-14,3362,80000,Investment_Trust,0
2024-06-14,3362,108000,Dealer_self,20179
2024-06-14,3362,126983,Dealer_Hedging,56227
2024-06-17,3362,810000,Foreign_Investor,1320055
2024-06-17,3362,0,Foreign_Dealer_Self,0
2024-06-17,3362,0,Investment_Trust,0
2024-06-17,3362,69000,Dealer_self,31940
2024-06-17,3362,81328,Dealer_Hedging,52174
2024-06-18,3362,660000,Foreign_Investor,762000
2024-06-18,3362,0,Foreign_Dealer_Self,0
2024-06-18,3362,0,Investment_Trust,0
2024-06-18,3362,28000,Dealer_self,75000
2024-06-18,3362,88200,Dealer_Hedging,18798
2024-06-19,3362,221000,Foreign_Investor,1263000
2024-06-19,3362,0,Foreign_Dealer_Self,0
2024-06-19,3362,0,Investment_Trust,0
2024-06-19,3362,0,Dealer_self,3000
2024-06-19,3362,80990,Dealer_Hedging,79870
2024-06-20,3362,1287050,Foreign_Investor,672000
2024-06-20,3362,0,Foreign_Dealer_Self,0
2024-06-20,3362,0,Investment_Trust,0
2024-06-20,3362,22000,Dealer_self,7150
2024-06-20,3362,110965,Dealer_Hedging,42816
2024-06-21,3362,310006,Foreign_Investor,671000
2024-06-21,3362,0,Foreign_Dealer_Self,0
2024-06-21,3362,0,Investment_Trust,0
2024-06-21,3362,0,Dealer_self,34000
2024-06-21,3362,27045,Dealer_Hedging,61044
2024-06-24,3362,230000,Foreign_Investor,808000
2024-06-24,3362,0,Foreign_Dealer_Self,0
2024-06-24,3362,0,Investment_Trust,0
2024-06-24,3362,4000,Dealer_self,23757
2024-06-24,3362,18445,Dealer_Hedging,19715
2024-06-25,3362,519000,Foreign_Investor,288006
2024-06-25,3362,0,Foreign_Dealer_Self,0
2024-06-25,3362,0,Investment_Trust,0
2024-06-25,3362,0,Dealer_self,25000
2024-06-25,3362,54342,Dealer_Hedging,26825
2024-06-26,3362,257000,Foreign_Investor,323000
2024-06-26,3362,0,Foreign_Dealer_Self,0
2024-06-26,3362,0,Investment_Trust,0
2024-06-26,3362,23000,Dealer_self,26000
2024-06-26,3362,14122,Dealer_Hedging,14485
2024-06-27,3362,90000,Foreign_Investor,284000
2024-06-27,3362,0,Foreign_Dealer_Self,0
2024-06-27,3362,0,Investment_Trust,0
2024-06-27,3362,0,Dealer_self,5031
2024-06-27,3362,18389,Dealer_Hedging,33322
2024-06-28,3362,2460000,Foreign_Investor,888200
2024-06-28,3362,0,Foreign_Dealer_Self,0
2024-06-28,3362,0,Investment_Trust,0
2024-06-28,3362,56200,Dealer_self,4000
2024-06-28,3362,105870,Dealer_Hedging,42586
2024-07-01,3362,1062000,Foreign_Investor,1610000
2024-07-01,3362,0,Foreign_Dealer_Self,0
2024-07-01,3362,0,Investment_Trust,0
2024-07-01,3362,6000,Dealer_self,21000
2024-07-01,3362,80493,Dealer_Hedging,30548
2024-07-02,3362,470000,Foreign_Investor,473000
2024-07-02,3362,0,Foreign_Dealer_Self,0
2024-07-02,3362,0,Investment_Trust,0
2024-07-02,3362,23000,Dealer_self,616
2024-07-02,3362,56858,Dealer_Hedging,16048
2024-07-03,3362,364000,Foreign_Investor,1032000
2024-07-03,3362,0,Foreign_Dealer_Self,0
2024-07-03,3362,0,Investment_Trust,0
2024-07-03,3362,27000,Dealer_self,0
2024-07-03,3362,38638,Dealer_Hedging,40544
2024-07-04,3362,343000,Foreign_Investor,575000
2024-07-04,3362,0,Foreign_Dealer_Self,0
2024-07-04,3362,0,Investment_Trust,0
2024-07-04,3362,1000,Dealer_self,51000
2024-07-04,3362,57057,Dealer_Hedging,34601
2024-07-05,3362,1007000,Foreign_Investor,411000
2024-07-05,3362,0,Foreign_Dealer_Self,0
2024-07-05,3362,0,Investment_Trust,0
2024-07-05,3362,6000,Dealer_self,3000
2024-07-05,3362,350822,Dealer_Hedging,18190
2024-07-08,3362,1574150,Foreign_Investor,997000
2024-07-08,3362,0,Foreign_Dealer_Self,0
2024-07-08,3362,1000,Investment_Trust,0
2024-07-08,3362,16000,Dealer_self,24000
2024-07-08,3362,75949,Dealer_Hedging,196478
2024-07-09,3362,684170,Foreign_Investor,713000
2024-07-09,3362,0,Foreign_Dealer_Self,0
2024-07-09,3362,0,Investment_Trust,0
2024-07-09,3362,0,Dealer_self,27000
2024-07-09,3362,46522,Dealer_Hedging,137511
2024-07-10,3362,315000,Foreign_Investor,231000
2024-07-10,3362,0,Foreign_Dealer_Self,0
2024-07-10,3362,0,Investment_Trust,0
2024-07-10,3362,1000,Dealer_self,15000
2024-07-10,3362,39921,Dealer_Hedging,47419
2024-07-11,3362,69230,Foreign_Investor,315000
2024-07-11,3362,0,Foreign_Dealer_Self,0
2024-07-11,3362,0,Investment_Trust,0
2024-07-11,3362,0,Dealer_self,0
2024-07-11,3362,3032,Dealer_Hedging,43124
2024-07-12,3362,339000,Foreign_Investor,444000
2024-07-12,3362,0,Foreign_Dealer_Self,0
2024-07-12,3362,0,Investment_Trust,0
2024-07-12,3362,0,Dealer_self,16000
2024-07-12,3362,16341,Dealer_Hedging,47561
2024-07-15,3362,1460000,Foreign_Investor,967000
2024-07-15,3362,0,Foreign_Dealer_Self,0
2024-07-15,3362,0,Investment_Trust,0
2024-07-15,3362,3000,Dealer_self,445
2024-07-15,3362,138670,Dealer_Hedging,62025
2024-07-16,3362,744000,Foreign_Investor,388740
2024-07-16,3362,0,Foreign_Dealer_Self,0
2024-07-16,3362,0,Investment_Trust,0
2024-07-16,3362,3000,Dealer_self,18795
2024-07-16,3362,43061,Dealer_Hedging,97242
2024-07-17,3362,131400,Foreign_Investor,295000
2024-07-17,3362,0,Foreign_Dealer_Self,0
2024-07-17,3362,0,Investment_Trust,0
2024-07-17,3362,0,Dealer_self,1000
2024-07-17,3362,28000,Dealer_Hedging,32236
2024-07-18,3362,289350,Foreign_Investor,352000
2024-07-18,3362,0,Foreign_Dealer_Self,0
2024-07-18,3362,0,Investment_Trust,0
2024-07-18,3362,33000,Dealer_self,6000
2024-07-18,3362,68669,Dealer_Hedging,79025
2024-07-19,3362,641100,Foreign_Investor,238120
2024-07-19,3362,0,Foreign_Dealer_Self,0
2024-07-19,3362,0,Investment_Trust,1000
2024-07-19,3362,0,Dealer_self,15226
2024-07-19,3362,72833,Dealer_Hedging,71521
2024-07-22,3362,593200,Foreign_Investor,599030
2024-07-22,3362,0,Foreign_Dealer_Self,0
2024-07-22,3362,0,Investment_Trust,0
2024-07-22,3362,12000,Dealer_self,6000
2024-07-22,3362,95373,Dealer_Hedging,32893
2024-07-23,3362,291150,Foreign_Investor,788000
2024-07-23,3362,0,Foreign_Dealer_Self,0
2024-07-23,3362,0,Investment_Trust,0
2024-07-23,3362,24000,Dealer_self,40000
2024-07-23,3362,40962,Dealer_Hedging,95517
2024-07-26,3362,254000,Foreign_Investor,407000
2024-07-26,3362,0,Foreign_Dealer_Self,0
2024-07-26,3362,0,Investment_Trust,0
2024-07-26,3362,7000,Dealer_self,36000
2024-07-26,3362,44910,Dealer_Hedging,26999
2024-07-29,3362,432000,Foreign_Investor,559000
2024-07-29,3362,0,Foreign_Dealer_Self,0
2024-07-29,3362,0,Investment_Trust,0
2024-07-29,3362,31000,Dealer_self,25988
2024-07-29,3362,27768,Dealer_Hedging,49181
2024-07-30,3362,595000,Foreign_Investor,402000
2024-07-30,3362,0,Foreign_Dealer_Self,0
2024-07-30,3362,0,Investment_Trust,0
2024-07-30,3362,0,Dealer_self,60182
2024-07-30,3362,48455,Dealer_Hedging,143480
2024-07-31,3362,223000,Foreign_Investor,331000
2024-07-31,3362,0,Foreign_Dealer_Self,0
2024-07-31,3362,0,Investment_Trust,0
2024-07-31,3362,22000,Dealer_self,13381
2024-07-31,3362,30780,Dealer_Hedging,10069
2024-08-01,3362,204000,Foreign_Investor,240000
2024-08-01,3362,0,Foreign_Dealer_Self,0
2024-08-01,3362,0,Investment_Trust,0
2024-08-01,3362,2000,Dealer_self,9251
2024-08-01,3362,27595,Dealer_Hedging,16416
2024-08-02,3362,152000,Foreign_Investor,447000
2024-08-02,3362,0,Foreign_Dealer_Self,0
2024-08-02,3362,0,Investment_Trust,0
2024-08-02,3362,8000,Dealer_self,13161
2024-08-02,3362,34558,Dealer_Hedging,106893
2024-08-05,3362,278100,Foreign_Investor,294000
2024-08-05,3362,0,Foreign_Dealer_Self,0
2024-08-05,3362,0,Investment_Trust,0
2024-08-05,3362,3000,Dealer_self,1964
2024-08-05,3362,2000,Dealer_Hedging,143025
2024-08-06,3362,1238149,Foreign_Investor,910100
2024-08-06,3362,0,Foreign_Dealer_Self,0
2024-08-06,3362,0,Investment_Trust,0
2024-08-06,3362,2000,Dealer_self,106000
2024-08-06,3362,102005,Dealer_Hedging,152612
2024-08-07,3362,753000,Foreign_Investor,563000
2024-08-07,3362,0,Foreign_Dealer_Self,0
2024-08-07,3362,0,Investment_Trust,0
2024-08-07,3362,0,Dealer_self,23044
2024-08-07,3362,54881,Dealer_Hedging,12203
2024-08-08,3362,701000,Foreign_Investor,609000
2024-08-08,3362,0,Foreign_Dealer_Self,0
2024-08-08,3362,712,Investment_Trust,0
2024-08-08,3362,51000,Dealer_self,0
2024-08-08,3362,20834,Dealer_Hedging,34973
2024-08-09,3362,528000,Foreign_Investor,586704
2024-08-09,3362,0,Foreign_Dealer_Self,0
2024-08-09,3362,0,Investment_Trust,0
2024-08-09,3362,41000,Dealer_self,21000
2024-08-09,3362,58224,Dealer_Hedging,12047
2024-08-12,3362,389000,Foreign_Investor,529000
2024-08-12,3362,0,Foreign_Dealer_Self,0
2024-08-12,3362,0,Investment_Trust,0
2024-08-12,3362,10000,Dealer_self,1190
2024-08-12,3362,108048,Dealer_Hedging,9815
2024-08-13,3362,530000,Foreign_Investor,653000
2024-08-13,3362,0,Foreign_Dealer_Self,0
2024-08-13,3362,0,Investment_Trust,0
2024-08-13,3362,0,Dealer_self,1000
2024-08-13,3362,68355,Dealer_Hedging,51070
2024-08-14,3362,596000,Foreign_Investor,397000
2024-08-14,3362,0,Foreign_Dealer_Self,0
2024-08-14,3362,0,Investment_Trust,0
2024-08-14,3362,0,Dealer_self,30000
2024-08-14,3362,32298,Dealer_Hedging,35454
2024-08-15,3362,332000,Foreign_Investor,287000
2024-08-15,3362,0,Foreign_Dealer_Self,0
2024-08-15,3362,0,Investment_Trust,0
2024-08-15,3362,1000,Dealer_self,1000
2024-08-15,3362,8068,Dealer_Hedging,7922
2024-08-16,3362,440000,Foreign_Investor,119000
2024-08-16,3362,0,Foreign_Dealer_Self,0
2024-08-16,3362,0,Investment_Trust,0
2024-08-16,3362,0,Dealer_self,1000
2024-08-16,3362,19417,Dealer_Hedging,10863
2024-08-19,3362,218000,Foreign_Investor,398000
2024-08-19,3362,0,Foreign_Dealer_Self,0
2024-08-19,3362,0,Investment_Trust,0
2024-08-19,3362,0,Dealer_self,0
2024-08-19,3362,51550,Dealer_Hedging,15127
2024-08-20,3362,227000,Foreign_Investor,232000
2024-08-20,3362,0,Foreign_Dealer_Self,0
2024-08-20,3362,0,Investment_Trust,0
2024-08-20,3362,0,Dealer_self,0
2024-08-20,3362,21493,Dealer_Hedging,30602
2024-08-21,3362,188000,Foreign_Investor,123000
2024-08-21,3362,0,Foreign_Dealer_Self,0
2024-08-21,3362,0,Investment_Trust,0
2024-08-21,3362,76,Dealer_self,0
2024-08-21,3362,13941,Dealer_Hedging,49189
2024-08-22,3362,165000,Foreign_Investor,86000
2024-08-22,3362,0,Foreign_Dealer_Self,0
2024-08-22,3362,0,Investment_Trust,0
2024-08-22,3362,1000,Dealer_self,3090
2024-08-22,3362,5843,Dealer_Hedging,16909
2024-08-23,3362,364000,Foreign_Investor,238000
2024-08-23,3362,0,Foreign_Dealer_Self,0
2024-08-23,3362,0,Investment_Trust,0
2024-08-23,3362,4000,Dealer_self,60000
2024-08-23,3362,78804,Dealer_Hedging,49778
2024-08-26,3362,518000,Foreign_Investor,338000
2024-08-26,3362,0,Foreign_Dealer_Self,0
2024-08-26,3362,0,Investment_Trust,0
2024-08-26,3362,20000,Dealer_self,0
2024-08-26,3362,161848,Dealer_Hedging,21253
2024-08-27,3362,747000,Foreign_Investor,794000
2024-08-27,3362,0,Foreign_Dealer_Self,0
2024-08-27,3362,0,Investment_Trust,0
2024-08-27,3362,1000,Dealer_self,2000
2024-08-27,3362,147079,Dealer_Hedging,15346
2024-08-28,3362,342000,Foreign_Investor,647000
2024-08-28,3362,0,Foreign_Dealer_Self,0
2024-08-28,3362,0,Investment_Trust,0
2024-08-28,3362,19000,Dealer_self,6236
2024-08-28,3362,115906,Dealer_Hedging,60211
2024-08-29,3362,2159000,Foreign_Investor,896700
2024-08-29,3362,0,Foreign_Dealer_Self,0
2024-08-29,3362,279000,Investment_Trust,0
2024-08-29,3362,10000,Dealer_self,18000
2024-08-29,3362,265245,Dealer_Hedging,91256
2024-08-30,3362,5100000,Foreign_Investor,2554000
2024-08-30,3362,0,Foreign_Dealer_Self,0
2024-08-30,3362,176000,Investment_Trust,0
2024-08-30,3362,33000,Dealer_self,5000
2024-08-30,3362,175428,Dealer_Hedging,276551
2024-09-02,3362,1875000,Foreign_Investor,1296015
2024-09-02,3362,0,Foreign_Dealer_Self,0
2024-09-02,3362,0,Investment_Trust,80000
2024-09-02,3362,44663,Dealer_self,27000
2024-09-02,3362,50438,Dealer_Hedging,172084
2024-09-03,3362,798000,Foreign_Investor,740000
2024-09-03,3362,0,Foreign_Dealer_Self,0
2024-09-03,3362,0,Investment_Trust,0
2024-09-03,3362,14000,Dealer_self,30000
2024-09-03,3362,30609,Dealer_Hedging,50999
2024-09-04,3362,1292000,Foreign_Investor,861525
2024-09-04,3362,0,Foreign_Dealer_Self,0
2024-09-04,3362,0,Investment_Trust,0
2024-09-04,3362,1000,Dealer_self,106000
2024-09-04,3362,105970,Dealer_Hedging,87142
2024-09-05,3362,412000,Foreign_Investor,1532000
2024-09-05,3362,0,Foreign_Dealer_Self,0
2024-09-05,3362,397,Investment_Trust,0
2024-09-05,3362,61000,Dealer_self,10899
2024-09-05,3362,42070,Dealer_Hedging,115337
2024-09-06,3362,608000,Foreign_Investor,1046000
2024-09-06,3362,0,Foreign_Dealer_Self,0
2024-09-06,3362,0,Investment_Trust,0
2024-09-06,3362,61000,Dealer_self,4005
2024-09-06,3362,53465,Dealer_Hedging,184340
2024-09-09,3362,737000,Foreign_Investor,1000000
2024-09-09,3362,0,Foreign_Dealer_Self,0
2024-09-09,3362,0,Investment_Trust,0
2024-09-09,3362,26000,Dealer_self,30059
2024-09-09,3362,101141,Dealer_Hedging,37642
2024-09-10,3362,1117000,Foreign_Investor,1641000
2024-09-10,3362,0,Foreign_Dealer_Self,0
2024-09-10,3362,0,Investment_Trust,0
2024-09-10,3362,2000,Dealer_self,42110
2024-09-10,3362,115000,Dealer_Hedging,313643
2024-09-11,3362,356000,Foreign_Investor,716000
2024-09-11,3362,0,Foreign_Dealer_Self,0
2024-09-11,3362,0,Investment_Trust,0
2024-09-11,3362,36000,Dealer_self,51910
2024-09-11,3362,53000,Dealer_Hedging,107202
2024-09-12,3362,284000,Foreign_Investor,688000
2024-09-12,3362,0,Foreign_Dealer_Self,0
2024-09-12,3362,0,Investment_Trust,0
2024-09-12,3362,1000,Dealer_self,12967
2024-09-12,3362,197413,Dealer_Hedging,48161
2024-09-13,3362,424000,Foreign_Investor,539000
2024-09-13,3362,0,Foreign_Dealer_Self,0
2024-09-13,3362,0,Investment_Trust,0
2024-09-13,3362,0,Dealer_self,184
2024-09-13,3362,52869,Dealer_Hedging,62048
2024-09-16,3362,661000,Foreign_Investor,486000
2024-09-16,3362,0,Foreign_Dealer_Self,0
2024-09-16,3362,0,Investment_Trust,591000
2024-09-16,3362,4000,Dealer_self,3508
2024-09-16,3362,36000,Dealer_Hedging,107758
2024-09-18,3362,370000,Foreign_Investor,353000
2024-09-18,3362,0,Foreign_Dealer_Self,0
2024-09-18,3362,0,Investment_Trust,0
2024-09-18,3362,0,Dealer_self,44000
2024-09-18,3362,49000,Dealer_Hedging,45694
2024-09-19,3362,345000,Foreign_Investor,362000
2024-09-19,3362,0,Foreign_Dealer_Self,0
2024-09-19,3362,0,Investment_Trust,0
2024-09-19,3362,50000,Dealer_self,70
2024-09-19,3362,139925,Dealer_Hedging,35371
2024-09-20,3362,2326000,Foreign_Investor,2441000
2024-09-20,3362,0,Foreign_Dealer_Self,0
2024-09-20,3362,0,Investment_Trust,0
2024-09-20,3362,15000,Dealer_self,4000
2024-09-20,3362,25398,Dealer_Hedging,57874
2024-09-23,3362,228000,Foreign_Investor,623000
2024-09-23,3362,0,Foreign_Dealer_Self,0
2024-09-23,3362,0,Investment_Trust,0
2024-09-23,3362,0,Dealer_self,0
2024-09-23,3362,85212,Dealer_Hedging,44886
2024-09-24,3362,153000,Foreign_Investor,631000
2024-09-24,3362,0,Foreign_Dealer_Self,0
2024-09-24,3362,0,Investment_Trust,0
2024-09-24,3362,4001,Dealer_self,4292
2024-09-24,3362,51000,Dealer_Hedging,75615
2024-09-25,3362,270000,Foreign_Investor,241000
2024-09-25,3362,0,Foreign_Dealer_Self,0
2024-09-25,3362,0,Investment_Trust,0
2024-09-25,3362,0,Dealer_self,0
2024-09-25,3362,37746,Dealer_Hedging,35708
2024-09-26,3362,151000,Foreign_Investor,314000
2024-09-26,3362,0,Foreign_Dealer_Self,0
2024-09-26,3362,0,Investment_Trust,0
2024-09-26,3362,8000,Dealer_self,0
2024-09-26,3362,10010,Dealer_Hedging,27026
2024-09-27,3362,122000,Foreign_Investor,399000
2024-09-27,3362,0,Foreign_Dealer_Self,0
2024-09-27,3362,0,Investment_Trust,0
2024-09-27,3362,0,Dealer_self,8001
2024-09-27,3362,36000,Dealer_Hedging,42019
2024-09-30,3362,202000,Foreign_Investor,210283
2024-09-30,3362,0,Foreign_Dealer_Self,0
2024-09-30,3362,0,Investment_Trust,0
2024-09-30,3362,0,Dealer_self,30001
2024-09-30,3362,37886,Dealer_Hedging,31889
2024-10-01,3362,117000,Foreign_Investor,234000
2024-10-01,3362,0,Foreign_Dealer_Self,0
2024-10-01,3362,0,Investment_Trust,0
2024-10-01,3362,0,Dealer_self,0
2024-10-01,3362,8106,Dealer_Hedging,18270
2024-10-04,3362,162000,Foreign_Investor,321000
2024-10-04,3362,0,Foreign_Dealer_Self,0
2024-10-04,3362,0,Investment_Trust,0
2024-10-04,3362,5000,Dealer_self,100
2024-10-04,3362,28000,Dealer_Hedging,41171
2024-10-07,3362,422000,Foreign_Investor,427000
2024-10-07,3362,0,Foreign_Dealer_Self,0
2024-10-07,3362,0,Investment_Trust,0
2024-10-07,3362,4000,Dealer_self,0
2024-10-07,3362,127173,Dealer_Hedging,16276
2024-10-08,3362,110000,Foreign_Investor,291000
2024-10-08,3362,0,Foreign_Dealer_Self,0
2024-10-08,3362,0,Investment_Trust,0
2024-10-08,3362,0,Dealer_self,300
2024-10-08,3362,6009,Dealer_Hedging,37204
2024-10-09,3362,335000,Foreign_Investor,167000
2024-10-09,3362,0,Foreign_Dealer_Self,0
2024-10-09,3362,0,Investment_Trust,0
2024-10-09,3362,5000,Dealer_self,4000
2024-10-09,3362,57554,Dealer_Hedging,20512
2024-10-11,3362,103000,Foreign_Investor,345000
2024-10-11,3362,0,Foreign_Dealer_Self,0
2024-10-11,3362,0,Investment_Trust,0
2024-10-11,3362,0,Dealer_self,10023
2024-10-11,3362,15000,Dealer_Hedging,67797
2024-10-14,3362,270000,Foreign_Investor,178000
2024-10-14,3362,0,Foreign_Dealer_Self,0
2024-10-14,3362,0,Investment_Trust,0
2024-10-14,3362,0,Dealer_self,0
2024-10-14,3362,55239,Dealer_Hedging,3850
2024-10-15,3362,36000,Foreign_Investor,409050
2024-10-15,3362,0,Foreign_Dealer_Self,0
2024-10-15,3362,0,Investment_Trust,0
2024-10-15,3362,0,Dealer_self,0
2024-10-15,3362,30000,Dealer_Hedging,38915
2024-10-16,3362,574000,Foreign_Investor,541000
2024-10-16,3362,0,Foreign_Dealer_Self,0
2024-10-16,3362,0,Investment_Trust,0
2024-10-16,3362,4000,Dealer_self,4017
2024-10-16,3362,50666,Dealer_Hedging,15685
2024-10-17,3362,92000,Foreign_Investor,200000
2024-10-17,3362,0,Foreign_Dealer_Self,0
2024-10-17,3362,0,Investment_Trust,0
2024-10-17,3362,1000,Dealer_self,0
2024-10-17,3362,18421,Dealer_Hedging,35490
2024-10-18,3362,87000,Foreign_Investor,346000
2024-10-18,3362,0,Foreign_Dealer_Self,0
2024-10-18,3362,0,Investment_Trust,0
2024-10-18,3362,2000,Dealer_self,382
2024-10-18,3362,22000,Dealer_Hedging,44018
2024-10-21,3362,386000,Foreign_Investor,38000
2024-10-21,3362,0,Foreign_Dealer_Self,0
2024-10-21,3362,0,Investment_Trust,0
2024-10-21,3362,4000,Dealer_self,0
2024-10-21,3362,33450,Dealer_Hedging,4124
2024-10-22,3362,921000,Foreign_Investor,716000
2024-10-22,3362,0,Foreign_Dealer_Self,0
2024-10-22,3362,0,Investment_Trust,0
2024-10-22,3362,1000,Dealer_self,9000
2024-10-22,3362,186453,Dealer_Hedging,45084
2024-10-23,3362,277000,Foreign_Investor,813000
2024-10-23,3362,0,Foreign_Dealer_Self,0
2024-10-23,3362,0,Investment_Trust,0
2024-10-23,3362,0,Dealer_self,0
2024-10-23,3362,32473,Dealer_Hedging,29326
2024-10-24,3362,300000,Foreign_Investor,233000
2024-10-24,3362,0,Foreign_Dealer_Self,0
2024-10-24,3362,0,Investment_Trust,0
2024-10-24,3362,1050,Dealer_self,10765
2024-10-24,3362,34330,Dealer_Hedging,80514
2024-10-25,3362,99000,Foreign_Investor,332000
2024-10-25,3362,0,Foreign_Dealer_Self,0
2024-10-25,3362,0,Investment_Trust,0
2024-10-25,3362,0,Dealer_self,0
2024-10-25,3362,14081,Dealer_Hedging,44813
2024-10-28,3362,133000,Foreign_Investor,242000
2024-10-28,3362,0,Foreign_Dealer_Self,0
2024-10-28,3362,0,Investment_Trust,0
2024-10-28,3362,0,Dealer_self,622
2024-10-28,3362,23748,Dealer_Hedging,96958
2024-10-29,3362,136000,Foreign_Investor,221000
2024-10-29,3362,0,Foreign_Dealer_Self,0
2024-10-29,3362,0,Investment_Trust,0
2024-10-29,3362,0,Dealer_self,1
2024-10-29,3362,13000,Dealer_Hedging,72374
2024-10-30,3362,241000,Foreign_Investor,266000
2024-10-30,3362,0,Foreign_Dealer_Self,0
2024-10-30,3362,0,Investment_Trust,0
2024-10-30,3362,3000,Dealer_self,809
2024-10-30,3362,62000,Dealer_Hedging,204456
2024-11-01,3362,180000,Foreign_Investor,164000
2024-11-01,3362,0,Foreign_Dealer_Self,0
2024-11-01,3362,0,Investment_Trust,0
2024-11-01,3362,0,Dealer_self,9000
2024-11-01,3362,33111,Dealer_Hedging,31183
2024-11-04,3362,279000,Foreign_Investor,150628
2024-11-04,3362,0,Foreign_Dealer_Self,0
2024-11-04,3362,0,Investment_Trust,0
2024-11-04,3362,0,Dealer_self,0
2024-11-04,3362,32347,Dealer_Hedging,7188
2024-11-05,3362,29000,Foreign_Investor,94628
2024-11-05,3362,0,Foreign_Dealer_Self,0
2024-11-05,3362,0,Investment_Trust,0
2024-11-05,3362,0,Dealer_self,45
2024-11-05,3362,5000,Dealer_Hedging,18884
2024-11-06,3362,60000,Foreign_Investor,157000
2024-11-06,3362,0,Foreign_Dealer_Self,0
2024-11-06,3362,0,Investment_Trust,0
2024-11-06,3362,0,Dealer_self,0
2024-11-06,3362,5000,Dealer_Hedging,4410
2024-11-07,3362,87000,Foreign_Investor,54000
2024-11-07,3362,0,Foreign_Dealer_Self,0
2024-11-07,3362,0,Investment_Trust,0
2024-11-07,3362,0,Dealer_self,0
2024-11-07,3362,10000,Dealer_Hedging,25181
2024-11-08,3362,320100,Foreign_Investor,600000
2024-11-08,3362,0,Foreign_Dealer_Self,0
2024-11-08,3362,0,Investment_Trust,0
2024-11-08,3362,3000,Dealer_self,740
2024-11-08,3362,116178,Dealer_Hedging,292132
2024-11-11,3362,198000,Foreign_Investor,189628
2024-11-11,3362,0,Foreign_Dealer_Self,0
2024-11-11,3362,0,Investment_Trust,0
2024-11-11,3362,0,Dealer_self,0
2024-11-11,3362,12820,Dealer_Hedging,8999
2024-11-12,3362,41000,Foreign_Investor,158000
2024-11-12,3362,0,Foreign_Dealer_Self,0
2024-11-12,3362,0,Investment_Trust,0
2024-11-12,3362,0,Dealer_self,0
2024-11-12,3362,18000,Dealer_Hedging,46855
2024-11-13,3362,29000,Foreign_Investor,145216
2024-11-13,3362,0,Foreign_Dealer_Self,0
2024-11-13,3362,0,Investment_Trust,0
2024-11-13,3362,0,Dealer_self,5
2024-11-13,3362,9000,Dealer_Hedging,18911
2024-11-14,3362,127000,Foreign_Investor,95000
2024-11-14,3362,0,Foreign_Dealer_Self,0
2024-11-14,3362,0,Investment_Trust,0
2024-11-14,3362,0,Dealer_self,60
2024-11-14,3362,11366,Dealer_Hedging,38144
2024-11-15,3362,148000,Foreign_Investor,59628
2024-11-15,3362,0,Foreign_Dealer_Self,0
2024-11-15,3362,0,Investment_Trust,0
2024-11-15,3362,0,Dealer_self,0
2024-11-15,3362,5487,Dealer_Hedging,10350
2024-11-18,3362,144000,Foreign_Investor,90636
2024-11-18,3362,0,Foreign_Dealer_Self,0
2024-11-18,3362,0,Investment_Trust,0
2024-11-18,3362,0,Dealer_self,6000
2024-11-18,3362,1047,Dealer_Hedging,24359
2024-11-19,3362,48000,Foreign_Investor,45000
2024-11-19,3362,0,Foreign_Dealer_Self,0
2024-11-19,3362,0,Investment_Trust,400
2024-11-19,3362,0,Dealer_self,0
2024-11-19,3362,31035,Dealer_Hedging,1051
2024-11-20,3362,119000,Foreign_Investor,129000
2024-11-20,3362,0,Foreign_Dealer_Self,0
2024-11-20,3362,0,Investment_Trust,0
2024-11-20,3362,0,Dealer_self,0
2024-11-20,3362,19895,Dealer_Hedging,4621
2024-11-21,3362,93000,Foreign_Investor,74000
2024-11-21,3362,0,Foreign_Dealer_Self,0
2024-11-21,3362,0,Investment_Trust,0
2024-11-21,3362,0,Dealer_self,1
2024-11-21,3362,101,Dealer_Hedging,25884
2024-11-22,3362,74000,Foreign_Investor,75000
2024-11-22,3362,0,Foreign_Dealer_Self,0
2024-11-22,3362,0,Investment_Trust,0
2024-11-22,3362,6000,Dealer_self,0
2024-11-22,3362,4000,Dealer_Hedging,2928
2024-11-25,3362,150376,Foreign_Investor,75001
2024-11-25,3362,0,Foreign_Dealer_Self,0
2024-11-25,3362,0,Investment_Trust,0
2024-11-25,3362,0,Dealer_self,0
2024-11-25,3362,3000,Dealer_Hedging,3692
2024-11-26,3362,92000,Foreign_Investor,139000
2024-11-26,3362,0,Foreign_Dealer_Self,0
2024-11-26,3362,0,Investment_Trust,0
2024-11-26,3362,0,Dealer_self,0
2024-11-26,3362,1195,Dealer_Hedging,10440
2024-11-27,3362,151000,Foreign_Investor,82222
2024-11-27,3362,0,Foreign_Dealer_Self,0
2024-11-27,3362,0,Investment_Trust,0
2024-11-27,3362,1000,Dealer_self,10000
2024-11-27,3362,1359,Dealer_Hedging,44887
2024-11-28,3362,234060,Foreign_Investor,38000
2024-11-28,3362,0,Foreign_Dealer_Self,0
2024-11-28,3362,0,Investment_Trust,0
2024-11-28,3362,1000,Dealer_self,406
2024-11-28,3362,5000,Dealer_Hedging,27722
2024-11-29,3362,138000,Foreign_Investor,27000
2024-11-29,3362,0,Foreign_Dealer_Self,0
2024-11-29,3362,0,Investment_Trust,0
2024-11-29,3362,16000,Dealer_self,0
2024-11-29,3362,25105,Dealer_Hedging,8000
2024-12-02,3362,165000,Foreign_Investor,93000
2024-12-02,3362,0,Foreign_Dealer_Self,0
2024-12-02,3362,0,Investment_Trust,0
2024-12-02,3362,17000,Dealer_self,9000
2024-12-02,3362,17261,Dealer_Hedging,14294
2024-12-03,3362,117000,Foreign_Investor,110000
2024-12-03,3362,0,Foreign_Dealer_Self,0
2024-12-03,3362,0,Investment_Trust,0
2024-12-03,3362,0,Dealer_self,0
2024-12-03,3362,2209,Dealer_Hedging,8011
2024-12-04,3362,180000,Foreign_Investor,56000
2024-12-04,3362,0,Foreign_Dealer_Self,0
2024-12-04,3362,0,Investment_Trust,0
2024-12-04,3362,0,Dealer_self,0
2024-12-04,3362,13172,Dealer_Hedging,2838
2024-12-05,3362,58000,Foreign_Investor,90000
2024-12-05,3362,0,Foreign_Dealer_Self,0
2024-12-05,3362,0,Investment_Trust,0
2024-12-05,3362,2000,Dealer_self,0
2024-12-05,3362,2000,Dealer_Hedging,3505
2024-12-06,3362,114000,Foreign_Investor,60000
2024-12-06,3362,0,Foreign_Dealer_Self,0
2024-12-06,3362,0,Investment_Trust,0
2024-12-06,3362,25000,Dealer_self,5
2024-12-06,3362,5012,Dealer_Hedging,33206
2024-12-09,3362,99000,Foreign_Investor,41000
2024-12-09,3362,0,Foreign_Dealer_Self,0
2024-12-09,3362,0,Investment_Trust,0
2024-12-09,3362,0,Dealer_self,0
2024-12-09,3362,8000,Dealer_Hedging,22699
2024-12-10,3362,101000,Foreign_Investor,30000
2024-12-10,3362,0,Foreign_Dealer_Self,0
2024-12-10,3362,0,Investment_Trust,0
2024-12-10,3362,0,Dealer_self,0
2024-12-10,3362,3000,Dealer_Hedging,24602
2024-12-11,3362,72000,Foreign_Investor,25000
2024-12-11,3362,0,Foreign_Dealer_Self,0
2024-12-11,3362,0,Investment_Trust,0
2024-12-11,3362,20000,Dealer_self,5000
2024-12-11,3362,5952,Dealer_Hedging,6537
2024-12-12,3362,87000,Foreign_Investor,59000
2024-12-12,3362,0,Foreign_Dealer_Self,0
2024-12-12,3362,0,Investment_Trust,0
2024-12-12,3362,0,Dealer_self,0
2024-12-12,3362,2487,Dealer_Hedging,2603
2024-12-13,3362,55000,Foreign_Investor,92000
2024-12-13,3362,0,Foreign_Dealer_Self,0
2024-12-13,3362,0,Investment_Trust,0
2024-12-13,3362,0,Dealer_self,0
2024-12-13,3362,4009,Dealer_Hedging,5595
2024-12-16,3362,164040,Foreign_Investor,181000
2024-12-16,3362,0,Foreign_Dealer_Self,0
2024-12-16,3362,0,Investment_Trust,0
2024-12-16,3362,1000,Dealer_self,0
2024-12-16,3362,23000,Dealer_Hedging,50218
2024-12-17,3362,327000,Foreign_Investor,148000
2024-12-17,3362,0,Foreign_Dealer_Self,0
2024-12-17,3362,0,Investment_Trust,0
2024-12-17,3362,1000,Dealer_self,5
2024-12-17,3362,22741,Dealer_Hedging,6700
2024-12-18,3362,575000,Foreign_Investor,427000
2024-12-18,3362,0,Foreign_Dealer_Self,0
2024-12-18,3362,0,Investment_Trust,0
2024-12-18,3362,17000,Dealer_self,3188
2024-12-18,3362,134313,Dealer_Hedging,20868
2024-12-19,3362,771000,Foreign_Investor,1215000
2024-12-19,3362,0,Foreign_Dealer_Self,0
2024-12-19,3362,0,Investment_Trust,0
2024-12-19,3362,2000,Dealer_self,2000
2024-12-19,3362,57984,Dealer_Hedging,51130
2024-12-20,3362,273572,Foreign_Investor,243700
2024-12-20,3362,0,Foreign_Dealer_Self,0
2024-12-20,3362,0,Investment_Trust,0
2024-12-20,3362,0,Dealer_self,0
2024-12-20,3362,10886,Dealer_Hedging,64652
2024-12-23,3362,112000,Foreign_Investor,129000
2024-12-23,3362,0,Foreign_Dealer_Self,0
2024-12-23,3362,0,Investment_Trust,0
2024-12-23,3362,0,Dealer_self,0
2024-12-23,3362,12164,Dealer_Hedging,19930
2024-12-24,3362,138000,Foreign_Investor,147000
2024-12-24,3362,0,Foreign_Dealer_Self,0
2024-12-24,3362,0,Investment_Trust,0
2024-12-24,3362,0,Dealer_self,45
2024-12-24,3362,30024,Dealer_Hedging,16223
2024-12-25,3362,367023,Foreign_Investor,280000
2024-12-25,3362,0,Foreign_Dealer_Self,0
2024-12-25,3362,0,Investment_Trust,0
2024-12-25,3362,35000,Dealer_self,0
2024-12-25,3362,128607,Dealer_Hedging,20309
2024-12-26,3362,856000,Foreign_Investor,1214300
2024-12-26,3362,0,Foreign_Dealer_Self,0
2024-12-26,3362,0,Investment_Trust,0
2024-12-26,3362,116569,Dealer_self,86000
2024-12-26,3362,112875,Dealer_Hedging,86815
2024-12-27,3362,679000,Foreign_Investor,642000
2024-12-27,3362,0,Foreign_Dealer_Self,0
2024-12-27,3362,0,Investment_Trust,0
2024-12-27,3362,0,Dealer_self,50243
2024-12-27,3362,57871,Dealer_Hedging,83866
2024-12-30,3362,341000,Foreign_Investor,259000
2024-12-30,3362,0,Foreign_Dealer_Self,0
2024-12-30,3362,0,Investment_Trust,0
2024-12-30,3362,0,Dealer_self,0
2024-12-30,3362,18959,Dealer_Hedging,109174
2024-12-31,3362,134000,Foreign_Investor,345000
2024-12-31,3362,0,Foreign_Dealer_Self,0
2024-12-31,3362,0,Investment_Trust,0
2024-12-31,3362,10000,Dealer_self,0
2024-12-31,3362,12130,Dealer_Hedging,21552
2025-01-02,3362,191000,Foreign_Investor,294187
2025-01-02,3362,0,Foreign_Dealer_Self,0
2025-01-02,3362,0,Investment_Trust,0
2025-01-02,3362,0,Dealer_self,0
2025-01-02,3362,14576,Dealer_Hedging,42807
2025-01-03,3362,74000,Foreign_Investor,122623
2025-01-03,3362,0,Foreign_Dealer_Self,0
2025-01-03,3362,0,Investment_Trust,0
2025-01-03,3362,0,Dealer_self,0
2025-01-03,3362,9744,Dealer_Hedging,17835
2025-01-06,3362,97000,Foreign_Investor,69498
2025-01-06,3362,0,Foreign_Dealer_Self,0
2025-01-06,3362,0,Investment_Trust,0
2025-01-06,3362,1000,Dealer_self,0
2025-01-06,3362,7464,Dealer_Hedging,9094
2025-01-07,3362,61000,Foreign_Investor,78000
2025-01-07,3362,0,Foreign_Dealer_Self,0
2025-01-07,3362,0,Investment_Trust,0
2025-01-07,3362,0,Dealer_self,40
2025-01-07,3362,10001,Dealer_Hedging,12951
2025-01-08,3362,85000,Foreign_Investor,77000
2025-01-08,3362,0,Foreign_Dealer_Self,0
2025-01-08,3362,0,Investment_Trust,0
2025-01-08,3362,0,Dealer_self,205
2025-01-08,3362,3105,Dealer_Hedging,7004
2025-01-09,3362,63000,Foreign_Investor,305000
2025-01-09,3362,0,Foreign_Dealer_Self,0
2025-01-09,3362,0,Investment_Trust,0
2025-01-09,3362,1000,Dealer_self,5000
2025-01-09,3362,16608,Dealer_Hedging,69918
2025-01-10,3362,466000,Foreign_Investor,575000
2025-01-10,3362,0,Foreign_Dealer_Self,0
2025-01-10,3362,0,Investment_Trust,0
2025-01-10,3362,3418,Dealer_self,0
2025-01-10,3362,20431,Dealer_Hedging,9862
2025-01-13,3362,134000,Foreign_Investor,241623
2025-01-13,3362,0,Foreign_Dealer_Self,0
2025-01-13,3362,0,Investment_Trust,0
2025-01-13,3362,0,Dealer_self,1000
2025-01-13,3362,10000,Dealer_Hedging,31918
2025-01-14,3362,70000,Foreign_Investor,94623
2025-01-14,3362,0,Foreign_Dealer_Self,0
2025-01-14,3362,0,Investment_Trust,0
2025-01-14,3362,0,Dealer_self,0
2025-01-14,3362,8400,Dealer_Hedging,5953
2025-01-15,3362,62000,Foreign_Investor,153000
2025-01-15,3362,0,Foreign_Dealer_Self,0
2025-01-15,3362,0,Investment_Trust,0
2025-01-15,3362,0,Dealer_self,0
2025-01-15,3362,8066,Dealer_Hedging,10042
2025-01-16,3362,84000,Foreign_Investor,25623
2025-01-16,3362,0,Foreign_Dealer_Self,0
2025-01-16,3362,0,Investment_Trust,0
2025-01-16,3362,0,Dealer_self,0
2025-01-16,3362,2236,Dealer_Hedging,3004
2025-01-17,3362,107000,Foreign_Investor,38000
2025-01-17,3362,0,Foreign_Dealer_Self,0
2025-01-17,3362,500,Investment_Trust,0
2025-01-17,3362,0,Dealer_self,0
2025-01-17,3362,3949,Dealer_Hedging,12787
2025-01-20,3362,132000,Foreign_Investor,14000
2025-01-20,3362,0,Foreign_Dealer_Self,0
2025-01-20,3362,0,Investment_Trust,0
2025-01-20,3362,5000,Dealer_self,0
2025-01-20,3362,13153,Dealer_Hedging,4785
2025-01-21,3362,91000,Foreign_Investor,263000
2025-01-21,3362,0,Foreign_Dealer_Self,0
2025-01-21,3362,0,Investment_Trust,0
2025-01-21,3362,0,Dealer_self,0
2025-01-21,3362,3178,Dealer_Hedging,8702
2025-01-22,3362,196000,Foreign_Investor,35000
2025-01-22,3362,0,Foreign_Dealer_Self,0
2025-01-22,3362,0,Investment_Trust,0
2025-01-22,3362,0,Dealer_self,0
2025-01-22,3362,5348,Dealer_Hedging,5454
2025-02-03,3362,163000,Foreign_Investor,62000
2025-02-03,3362,0,Foreign_Dealer_Self,0
2025-02-03,3362,0,Investment_Trust,150
2025-02-03,3362,0,Dealer_self,8000
2025-02-03,3362,20313,Dealer_Hedging,17268
2025-02-04,3362,72000,Foreign_Investor,141000
2025-02-04,3362,0,Foreign_Dealer_Self,0
2025-02-04,3362,0,Investment_Trust,200
2025-02-04,3362,0,Dealer_self,2000
2025-02-04,3362,4216,Dealer_Hedging,15588
2025-02-05,3362,390000,Foreign_Investor,119000
2025-02-05,3362,0,Foreign_Dealer_Self,0
2025-02-05,3362,0,Investment_Trust,0
2025-02-05,3362,5000,Dealer_self,0
2025-02-05,3362,63566,Dealer_Hedging,6000
2025-02-06,3362,248000,Foreign_Investor,112000
2025-02-06,3362,0,Foreign_Dealer_Self,0
2025-02-06,3362,0,Investment_Trust,0
2025-02-06,3362,1000,Dealer_self,0
2025-02-06,3362,21661,Dealer_Hedging,14745
2025-02-07,3362,140000,Foreign_Investor,73000
2025-02-07,3362,0,Foreign_Dealer_Self,0
2025-02-07,3362,0,Investment_Trust,0
2025-02-07,3362,0,Dealer_self,1000
2025-02-07,3362,8615,Dealer_Hedging,20465
2025-02-10,3362,540000,Foreign_Investor,305000
2025-02-10,3362,0,Foreign_Dealer_Self,0
2025-02-10,3362,30000,Investment_Trust,0
2025-02-10,3362,0,Dealer_self,1000
2025-02-10,3362,27942,Dealer_Hedging,5841
2025-02-11,3362,586000,Foreign_Investor,311000
2025-02-11,3362,0,Foreign_Dealer_Self,0
2025-02-11,3362,0,Investment_Trust,0
2025-02-11,3362,2000,Dealer_self,200
2025-02-11,3362,32227,Dealer_Hedging,16937
2025-02-12,3362,365000,Foreign_Investor,347000
2025-02-12,3362,0,Foreign_Dealer_Self,0
2025-02-12,3362,0,Investment_Trust,0
2025-02-12,3362,0,Dealer_self,0
2025-02-12,3362,16366,Dealer_Hedging,31546
2025-02-13,3362,115000,Foreign_Investor,192000
2025-02-13,3362,0,Foreign_Dealer_Self,0
2025-02-13,3362,0,Investment_Trust,0
2025-02-13,3362,0,Dealer_self,0
2025-02-13,3362,11085,Dealer_Hedging,6327
2025-02-14,3362,119000,Foreign_Investor,67000
2025-02-14,3362,0,Foreign_Dealer_Self,0
2025-02-14,3362,0,Investment_Trust,0
2025-02-14,3362,0,Dealer_self,0
2025-02-14,3362,626,Dealer_Hedging,5377
2025-02-17,3362,84000,Foreign_Investor,185000
2025-02-17,3362,0,Foreign_Dealer_Self,0
2025-02-17,3362,0,Investment_Trust,0
2025-02-17,3362,2000,Dealer_self,0
2025-02-17,3362,6334,Dealer_Hedging,7818
2025-02-18,3362,119000,Foreign_Investor,97000
2025-02-18,3362,0,Foreign_Dealer_Self,0
2025-02-18,3362,0,Investment_Trust,0
2025-02-18,3362,1000,Dealer_self,200
2025-02-18,3362,8030,Dealer_Hedging,4939
2025-02-19,3362,259000,Foreign_Investor,174000
2025-02-19,3362,0,Foreign_Dealer_Self,0
2025-02-19,3362,350,Investment_Trust,30000
2025-02-19,3362,1000,Dealer_self,0
2025-02-19,3362,123084,Dealer_Hedging,18719
2025-02-20,3362,83000,Foreign_Investor,159000
2025-02-20,3362,0,Foreign_Dealer_Self,0
2025-02-20,3362,0,Investment_Trust,0
2025-02-20,3362,0,Dealer_self,75
2025-02-20,3362,8000,Dealer_Hedging,72546
2025-02-21,3362,59000,Foreign_Investor,34000
2025-02-21,3362,0,Foreign_Dealer_Self,0
2025-02-21,3362,0,Investment_Trust,0
2025-02-21,3362,0,Dealer_self,70
2025-02-21,3362,3000,Dealer_Hedging,15039
2025-02-24,3362,144000,Foreign_Investor,57000
2025-02-24,3362,0,Foreign_Dealer_Self,0
2025-02-24,3362,0,Investment_Trust,0
2025-02-24,3362,0,Dealer_self,40
2025-02-24,3362,5000,Dealer_Hedging,8777
2025-02-25,3362,92000,Foreign_Investor,91000
2025-02-25,3362,0,Foreign_Dealer_Self,0
2025-02-25,3362,0,Investment_Trust,0
2025-02-25,3362,0,Dealer_self,45
2025-02-25,3362,6551,Dealer_Hedging,19129
2025-02-26,3362,115000,Foreign_Investor,37000
2025-02-26,3362,0,Foreign_Dealer_Self,0
2025-02-26,3362,0,Investment_Trust,0
2025-02-26,3362,0,Dealer_self,3000
2025-02-26,3362,3500,Dealer_Hedging,3739
2025-02-27,3362,100437,Foreign_Investor,147000
2025-02-27,3362,0,Foreign_Dealer_Self,0
2025-02-27,3362,0,Investment_Trust,0
2025-02-27,3362,0,Dealer_self,2000
2025-02-27,3362,14010,Dealer_Hedging,9963
2025-03-03,3362,76000,Foreign_Investor,166000
2025-03-03,3362,0,Foreign_Dealer_Self,0
2025-03-03,3362,0,Investment_Trust,0
2025-03-03,3362,1000,Dealer_self,3023
2025-03-03,3362,12225,Dealer_Hedging,27559
2025-03-04,3362,179000,Foreign_Investor,136000
2025-03-04,3362,0,Foreign_Dealer_Self,0
2025-03-04,3362,0,Investment_Trust,0
2025-03-04,3362,0,Dealer_self,2
2025-03-04,3362,7007,Dealer_Hedging,1849
2025-03-05,3362,50000,Foreign_Investor,89131
2025-03-05,3362,0,Foreign_Dealer_Self,0
2025-03-05,3362,0,Investment_Trust,0
2025-03-05,3362,0,Dealer_self,0
2025-03-05,3362,4000,Dealer_Hedging,10043
2025-03-06,3362,46000,Foreign_Investor,90000
2025-03-06,3362,0,Foreign_Dealer_Self,0
2025-03-06,3362,0,Investment_Trust,0
2025-03-06,3362,0,Dealer_self,1000
2025-03-06,3362,9451,Dealer_Hedging,14422
2025-03-07,3362,56000,Foreign_Investor,138000
2025-03-07,3362,0,Foreign_Dealer_Self,0
2025-03-07,3362,0,Investment_Trust,0
2025-03-07,3362,0,Dealer_self,3099
2025-03-07,3362,6000,Dealer_Hedging,20409
2025-03-10,3362,50000,Foreign_Investor,84000
2025-03-10,3362,0,Foreign_Dealer_Self,0
2025-03-10,3362,0,Investment_Trust,0
2025-03-10,3362,0,Dealer_self,3000
2025-03-10,3362,4398,Dealer_Hedging,10370
2025-03-11,3362,199000,Foreign_Investor,142000
2025-03-11,3362,0,Foreign_Dealer_Self,0
2025-03-11,3362,0,Investment_Trust,0
2025-03-11,3362,2000,Dealer_self,112
2025-03-11,3362,10000,Dealer_Hedging,13662
2025-03-12,3362,50177,Foreign_Investor,105000
2025-03-12,3362,0,Foreign_Dealer_Self,0
2025-03-12,3362,0,Investment_Trust,0
2025-03-12,3362,0,Dealer_self,0
2025-03-12,3362,12000,Dealer_Hedging,12495
2025-03-13,3362,47000,Foreign_Investor,111177
2025-03-13,3362,0,Foreign_Dealer_Self,0
2025-03-13,3362,0,Investment_Trust,0
2025-03-13,3362,0,Dealer_self,0
2025-03-13,3362,13015,Dealer_Hedging,23848
2025-03-14,3362,316000,Foreign_Investor,130000
2025-03-14,3362,0,Foreign_Dealer_Self,0
2025-03-14,3362,0,Investment_Trust,0
2025-03-14,3362,0,Dealer_self,0
2025-03-14,3362,19305,Dealer_Hedging,24187
2025-03-17,3362,82000,Foreign_Investor,82000
2025-03-17,3362,0,Foreign_Dealer_Self,0
2025-03-17,3362,0,Investment_Trust,0
2025-03-17,3362,0,Dealer_self,4000
2025-03-17,3362,2351,Dealer_Hedging,3252
2025-03-18,3362,45000,Foreign_Investor,80501
2025-03-18,3362,0,Foreign_Dealer_Self,0
2025-03-18,3362,0,Investment_Trust,0
2025-03-18,3362,0,Dealer_self,0
2025-03-18,3362,7149,Dealer_Hedging,1426
2025-03-19,3362,41000,Foreign_Investor,70000
2025-03-19,3362,0,Foreign_Dealer_Self,0
2025-03-19,3362,0,Investment_Trust,0
2025-03-19,3362,3000,Dealer_self,0
2025-03-19,3362,2371,Dealer_Hedging,3490
2025-03-20,3362,110000,Foreign_Investor,37000
2025-03-20,3362,0,Foreign_Dealer_Self,0
2025-03-20,3362,0,Investment_Trust,0
2025-03-20,3362,0,Dealer_self,0
2025-03-20,3362,4710,Dealer_Hedging,4713
2025-03-21,3362,56000,Foreign_Investor,45000
2025-03-21,3362,0,Foreign_Dealer_Self,0
2025-03-21,3362,0,Investment_Trust,0
2025-03-21,3362,0,Dealer_self,0
2025-03-21,3362,4056,Dealer_Hedging,6182
2025-03-24,3362,45000,Foreign_Investor,80000
2025-03-24,3362,0,Foreign_Dealer_Self,0
2025-03-24,3362,0,Investment_Trust,0
2025-03-24,3362,1000,Dealer_self,11000
2025-03-24,3362,4000,Dealer_Hedging,4921
2025-03-25,3362,148000,Foreign_Investor,54000
2025-03-25,3362,0,Foreign_Dealer_Self,0
2025-03-25,3362,0,Investment_Trust,0
2025-03-25,3362,0,Dealer_self,0
2025-03-25,3362,7000,Dealer_Hedging,11019
2025-03-26,3362,78000,Foreign_Investor,99000
2025-03-26,3362,0,Foreign_Dealer_Self,0
2025-03-26,3362,0,Investment_Trust,0
2025-03-26,3362,0,Dealer_self,0
2025-03-26,3362,3001,Dealer_Hedging,3799
2025-03-27,3362,57000,Foreign_Investor,45000
2025-03-27,3362,0,Foreign_Dealer_Self,0
2025-03-27,3362,0,Investment_Trust,0
2025-03-27,3362,0,Dealer_self,0
2025-03-27,3362,2090,Dealer_Hedging,1038
2025-03-28,3362,698000,Foreign_Investor,207000
2025-03-28,3362,0,Foreign_Dealer_Self,0
2025-03-28,3362,0,Investment_Trust,0
2025-03-28,3362,1000,Dealer_self,0
2025-03-28,3362,16772,Dealer_Hedging,64459
2025-03-31,3362,777000,Foreign_Investor,216000
2025-03-31,3362,0,Foreign_Dealer_Self,0
2025-03-31,3362,0,Investment_Trust,0
2025-03-31,3362,14,Dealer_self,132
2025-03-31,3362,33335,Dealer_Hedging,32942
2025-04-01,3362,785000,Foreign_Investor,495000
2025-04-01,3362,0,Foreign_Dealer_Self,0
2025-04-01,3362,0,Investment_Trust,0
2025-04-01,3362,2000,Dealer_self,4739
2025-04-01,3362,9888,Dealer_Hedging,14643
2025-04-02,3362,391000,Foreign_Investor,166000
2025-04-02,3362,0,Foreign_Dealer_Self,0
2025-04-02,3362,0,Investment_Trust,0
2025-04-02,3362,1000,Dealer_self,31
2025-04-02,3362,3070,Dealer_Hedging,7056
2025-04-07,3362,50000,Foreign_Investor,0
2025-04-07,3362,0,Foreign_Dealer_Self,0
2025-04-07,3362,0,Investment_Trust,0
2025-04-07,3362,0,Dealer_self,0
2025-04-07,3362,0,Dealer_Hedging,999
2025-04-08,3362,45000,Foreign_Investor,1000
2025-04-08,3362,0,Foreign_Dealer_Self,0
2025-04-08,3362,0,Investment_Trust,0
2025-04-08,3362,1000,Dealer_self,0
2025-04-08,3362,1000,Dealer_Hedging,2533
2025-04-09,3362,55000,Foreign_Investor,0
2025-04-09,3362,0,Foreign_Dealer_Self,0
2025-04-09,3362,0,Investment_Trust,0
2025-04-09,3362,16000,Dealer_self,0
2025-04-09,3362,1000,Dealer_Hedging,1493
2025-04-10,3362,822100,Foreign_Investor,1298000
2025-04-10,3362,0,Foreign_Dealer_Self,0
2025-04-10,3362,0,Investment_Trust,0
2025-04-10,3362,22000,Dealer_self,6526
2025-04-10,3362,52030,Dealer_Hedging,48811
2025-04-11,3362,446000,Foreign_Investor,211100
2025-04-11,3362,0,Foreign_Dealer_Self,0
2025-04-11,3362,0,Investment_Trust,0
2025-04-11,3362,0,Dealer_self,0
2025-04-11,3362,93050,Dealer_Hedging,93536
2025-04-14,3362,584000,Foreign_Investor,125000
2025-04-14,3362,0,Foreign_Dealer_Self,0
2025-04-14,3362,0,Investment_Trust,0
2025-04-14,3362,0,Dealer_self,800
2025-04-14,3362,20144,Dealer_Hedging,35843
2025-04-15,3362,830500,Foreign_Investor,711000
2025-04-15,3362,0,Foreign_Dealer_Self,0
2025-04-15,3362,0,Investment_Trust,0
2025-04-15,3362,3000,Dealer_self,0
2025-04-15,3362,56381,Dealer_Hedging,38069
2025-04-16,3362,300000,Foreign_Investor,276000
2025-04-16,3362,0,Foreign_Dealer_Self,0
2025-04-16,3362,0,Investment_Trust,0
2025-04-16,3362,0,Dealer_self,11000
2025-04-16,3362,14521,Dealer_Hedging,13781
2025-04-17,3362,262809,Foreign_Investor,180000
2025-04-17,3362,0,Foreign_Dealer_Self,0
2025-04-17,3362,0,Investment_Trust,0
2025-04-17,3362,0,Dealer_self,0
2025-04-17,3362,4184,Dealer_Hedging,4725
2025-04-18,3362,106000,Foreign_Investor,188000
2025-04-18,3362,0,Foreign_Dealer_Self,0
2025-04-18,3362,421,Investment_Trust,0
2025-04-18,3362,0,Dealer_self,0
2025-04-18,3362,6529,Dealer_Hedging,7331
2025-04-21,3362,223000,Foreign_Investor,162000
2025-04-21,3362,0,Foreign_Dealer_Self,0
2025-04-21,3362,0,Investment_Trust,0
2025-04-21,3362,0,Dealer_self,0
2025-04-21,3362,6016,Dealer_Hedging,13056
2025-04-22,3362,406000,Foreign_Investor,278000
2025-04-22,3362,0,Foreign_Dealer_Self,0
2025-04-22,3362,0,Investment_Trust,0
2025-04-22,3362,0,Dealer_self,0
2025-04-22,3362,14543,Dealer_Hedging,5033
2025-04-23,3362,284000,Foreign_Investor,183239
2025-04-23,3362,0,Foreign_Dealer_Self,0
2025-04-23,3362,0,Investment_Trust,0
2025-04-23,3362,0,Dealer_self,0
2025-04-23,3362,8051,Dealer_Hedging,3483
2025-04-24,3362,229000,Foreign_Investor,231000
2025-04-24,3362,0,Foreign_Dealer_Self,0
2025-04-24,3362,0,Investment_Trust,0
2025-04-24,3362,0,Dealer_self,0
2025-04-24,3362,3708,Dealer_Hedging,13714
2025-04-25,3362,301000,Foreign_Investor,85000
2025-04-25,3362,0,Foreign_Dealer_Self,0
2025-04-25,3362,0,Investment_Trust,0
2025-04-25,3362,0,Dealer_self,0
2025-04-25,3362,2967,Dealer_Hedging,2518
2025-04-28,3362,192000,Foreign_Investor,65000
2025-04-28,3362,0,Foreign_Dealer_Self,0
2025-04-28,3362,0,Investment_Trust,0
2025-04-28,3362,0,Dealer_self,0
2025-04-28,3362,1959,Dealer_Hedging,3081
2025-04-29,3362,233000,Foreign_Investor,145000
2025-04-29,3362,0,Foreign_Dealer_Self,0
2025-04-29,3362,0,Investment_Trust,0
2025-04-29,3362,0,Dealer_self,0
2025-04-29,3362,10632,Dealer_Hedging,2349
2025-04-30,3362,235000,Foreign_Investor,248000
2025-04-30,3362,0,Foreign_Dealer_Self,0
2025-04-30,3362,0,Investment_Trust,0
2025-04-30,3362,11000,Dealer_self,0
2025-04-30,3362,5143,Dealer_Hedging,10584
2025-05-02,3362,226000,Foreign_Investor,43000
2025-05-02,3362,0,Foreign_Dealer_Self,0
2025-05-02,3362,0,Investment_Trust,0
2025-05-02,3362,2000,Dealer_self,0
2025-05-02,3362,6570,Dealer_Hedging,4332
2025-05-05,3362,283000,Foreign_Investor,231000
2025-05-05,3362,0,Foreign_Dealer_Self,0
2025-05-05,3362,0,Investment_Trust,0
2025-05-05,3362,16000,Dealer_self,11000
2025-05-05,3362,13119,Dealer_Hedging,18442
2025-05-06,3362,161000,Foreign_Investor,81000
2025-05-06,3362,0,Foreign_Dealer_Self,0
2025-05-06,3362,0,Investment_Trust,0
2025-05-06,3362,1000,Dealer_self,0
2025-05-06,3362,6014,Dealer_Hedging,4870
2025-05-07,3362,99000,Foreign_Investor,50000
2025-05-07,3362,0,Foreign_Dealer_Self,0
2025-05-07,3362,0,Investment_Trust,0
2025-05-07,3362,0,Dealer_self,0
2025-05-07,3362,1549,Dealer_Hedging,3023
2025-05-08,3362,163000,Foreign_Investor,51000
2025-05-08,3362,0,Foreign_Dealer_Self,0
2025-05-08,3362,0,Investment_Trust,0
2025-05-08,3362,0,Dealer_self,0
2025-05-08,3362,2234,Dealer_Hedging,1972
2025-05-09,3362,159000,Foreign_Investor,158000
2025-05-09,3362,0,Foreign_Dealer_Self,0
2025-05-09,3362,0,Investment_Trust,0
2025-05-09,3362,6000,Dealer_self,0
2025-05-09,3362,49382,Dealer_Hedging,2343
2025-05-12,3362,165050,Foreign_Investor,256000
2025-05-12,3362,0,Foreign_Dealer_Self,0
2025-05-12,3362,0,Investment_Trust,0
2025-05-12,3362,0,Dealer_self,0
2025-05-12,3362,25852,Dealer_Hedging,4938
2025-05-13,3362,281050,Foreign_Investor,255000
2025-05-13,3362,0,Foreign_Dealer_Self,0
2025-05-13,3362,0,Investment_Trust,0
2025-05-13,3362,0,Dealer_self,23000
2025-05-13,3362,13893,Dealer_Hedging,14486
2025-05-14,3362,174000,Foreign_Investor,136000
2025-05-14,3362,0,Foreign_Dealer_Self,0
2025-05-14,3362,0,Investment_Trust,0
2025-05-14,3362,0,Dealer_self,0
2025-05-14,3362,5623,Dealer_Hedging,4089
2025-05-15,3362,199000,Foreign_Investor,126000
2025-05-15,3362,0,Foreign_Dealer_Self,0
2025-05-15,3362,0,Investment_Trust,0
2025-05-15,3362,0,Dealer_self,6000
2025-05-15,3362,16684,Dealer_Hedging,13685
2025-05-16,3362,92000,Foreign_Investor,84000
2025-05-16,3362,0,Foreign_Dealer_Self,0
2025-05-16,3362,0,Investment_Trust,0
2025-05-16,3362,0,Dealer_self,0
2025-05-16,3362,21093,Dealer_Hedging,4169
2025-05-19,3362,189000,Foreign_Investor,262079
2025-05-19,3362,0,Foreign_Dealer_Self,0
2025-05-19,3362,0,Investment_Trust,0
2025-05-19,3362,0,Dealer_self,0
2025-05-19,3362,12031,Dealer_Hedging,14577
2025-05-20,3362,89000,Foreign_Investor,158000
2025-05-20,3362,0,Foreign_Dealer_Self,0
2025-05-20,3362,0,Investment_Trust,0
2025-05-20,3362,0,Dealer_self,0
2025-05-20,3362,3590,Dealer_Hedging,4178
2025-05-21,3362,91000,Foreign_Investor,82000
2025-05-21,3362,0,Foreign_Dealer_Self,0
2025-05-21,3362,0,Investment_Trust,0
2025-05-21,3362,11000,Dealer_self,0
2025-05-21,3362,19304,Dealer_Hedging,1177
2025-05-22,3362,87000,Foreign_Investor,87000
2025-05-22,3362,0,Foreign_Dealer_Self,0
2025-05-22,3362,0,Investment_Trust,0
2025-05-22,3362,0,Dealer_self,0
2025-05-22,3362,11050,Dealer_Hedging,4527
2025-05-23,3362,54000,Foreign_Investor,42000
2025-05-23,3362,0,Foreign_Dealer_Self,0
2025-05-23,3362,0,Investment_Trust,0
2025-05-23,3362,0,Dealer_self,0
2025-05-23,3362,2246,Dealer_Hedging,15709
2025-05-26,3362,61000,Foreign_Investor,63000
2025-05-26,3362,0,Foreign_Dealer_Self,0
2025-05-26,3362,0,Investment_Trust,0
2025-05-26,3362,0,Dealer_self,0
2025-05-26,3362,3209,Dealer_Hedging,848
2025-05-27,3362,69000,Foreign_Investor,125100
2025-05-27,3362,0,Foreign_Dealer_Self,0
2025-05-27,3362,0,Investment_Trust,0
2025-05-27,3362,0,Dealer_self,0
2025-05-27,3362,11000,Dealer_Hedging,13835
2025-05-28,3362,95063,Foreign_Investor,81000
2025-05-28,3362,0,Foreign_Dealer_Self,0
2025-05-28,3362,0,Investment_Trust,0
2025-05-28,3362,0,Dealer_self,0
2025-05-28,3362,2321,Dealer_Hedging,2236
2025-05-29,3362,86189,Foreign_Investor,71296
2025-05-29,3362,0,Foreign_Dealer_Self,0
2025-05-29,3362,0,Investment_Trust,0
2025-05-29,3362,0,Dealer_self,0
2025-05-29,3362,1025,Dealer_Hedging,1555
2025-06-02,3362,47020,Foreign_Investor,170000
2025-06-02,3362,0,Foreign_Dealer_Self,0
2025-06-02,3362,0,Investment_Trust,0
2025-06-02,3362,0,Dealer_self,2000
2025-06-02,3362,6622,Dealer_Hedging,9684
2025-06-03,3362,12000,Foreign_Investor,91000
2025-06-03,3362,0,Foreign_Dealer_Self,0
2025-06-03,3362,0,Investment_Trust,0
2025-06-03,3362,0,Dealer_self,0
2025-06-03,3362,3000,Dealer_Hedging,3914
2025-06-04,3362,257000,Foreign_Investor,41000
2025-06-04,3362,0,Foreign_Dealer_Self,0
2025-06-04,3362,0,Investment_Trust,0
2025-06-04,3362,0,Dealer_self,0
2025-06-04,3362,16716,Dealer_Hedging,2217
2025-06-05,3362,240000,Foreign_Investor,161000
2025-06-05,3362,0,Foreign_Dealer_Self,0
2025-06-05,3362,0,Investment_Trust,0
2025-06-05,3362,0,Dealer_self,0
2025-06-05,3362,13027,Dealer_Hedging,8238
2025-06-06,3362,70004,Foreign_Investor,89000
2025-06-06,3362,0,Foreign_Dealer_Self,0
2025-06-06,3362,0,Investment_Trust,0
2025-06-06,3362,0,Dealer_self,0
2025-06-06,3362,4606,Dealer_Hedging,10371
2025-06-09,3362,43000,Foreign_Investor,121000
2025-06-09,3362,0,Foreign_Dealer_Self,0
2025-06-09,3362,0,Investment_Trust,0
2025-06-09,3362,0,Dealer_self,0
2025-06-09,3362,2130,Dealer_Hedging,1914
2025-06-10,3362,196000,Foreign_Investor,64000
2025-06-10,3362,0,Foreign_Dealer_Self,0
2025-06-10,3362,0,Investment_Trust,0
2025-06-10,3362,0,Dealer_self,0
2025-06-10,3362,1798,Dealer_Hedging,1503
2025-06-11,3362,274519,Foreign_Investor,195000
2025-06-11,3362,0,Foreign_Dealer_Self,0
2025-06-11,3362,0,Investment_Trust,0
2025-06-11,3362,0,Dealer_self,8000
2025-06-11,3362,3968,Dealer_Hedging,4397
2025-06-12,3362,808000,Foreign_Investor,530000
2025-06-12,3362,0,Foreign_Dealer_Self,0
2025-06-12,3362,0,Investment_Trust,0
2025-06-12,3362,0,Dealer_self,0
2025-06-12,3362,60547,Dealer_Hedging,12440
2025-06-13,3362,663130,Foreign_Investor,1932000
2025-06-13,3362,0,Foreign_Dealer_Self,0
2025-06-13,3362,0,Investment_Trust,0
2025-06-13,3362,2000,Dealer_self,0
2025-06-13,3362,79454,Dealer_Hedging,50738
2025-06-16,3362,146000,Foreign_Investor,513000
2025-06-16,3362,0,Foreign_Dealer_Self,0
2025-06-16,3362,0,Investment_Trust,0
2025-06-16,3362,0,Dealer_self,0
2025-06-16,3362,6380,Dealer_Hedging,22471
2025-06-17,3362,132028,Foreign_Investor,344000
2025-06-17,3362,0,Foreign_Dealer_Self,0
2025-06-17,3362,0,Investment_Trust,0
2025-06-17,3362,0,Dealer_self,0
2025-06-17,3362,6215,Dealer_Hedging,8548
2025-06-18,3362,117000,Foreign_Investor,139000
2025-06-18,3362,0,Foreign_Dealer_Self,0
2025-06-18,3362,0,Investment_Trust,0
2025-06-18,3362,0,Dealer_self,0
2025-06-18,3362,2386,Dealer_Hedging,4080
2025-06-19,3362,37074,Foreign_Investor,390000
2025-06-19,3362,0,Foreign_Dealer_Self,0
2025-06-19,3362,0,Investment_Trust,0
2025-06-19,3362,0,Dealer_self,0
2025-06-19,3362,18000,Dealer_Hedging,32755
2025-06-20,3362,199000,Foreign_Investor,318000
2025-06-20,3362,0,Foreign_Dealer_Self,0
2025-06-20,3362,0,Investment_Trust,0
2025-06-20,3362,0,Dealer_self,1000
2025-06-20,3362,10738,Dealer_Hedging,21786
2025-06-23,3362,235000,Foreign_Investor,210000
2025-06-23,3362,0,Foreign_Dealer_Self,0
2025-06-23,3362,0,Investment_Trust,0
2025-06-23,3362,0,Dealer_self,0
2025-06-23,3362,12000,Dealer_Hedging,12600
2025-06-24,3362,214037,Foreign_Investor,193000
2025-06-24,3362,0,Foreign_Dealer_Self,0
2025-06-24,3362,0,Investment_Trust,0
2025-06-24,3362,0,Dealer_self,0
2025-06-24,3362,8526,Dealer_Hedging,5604
2025-06-25,3362,64000,Foreign_Investor,113000
2025-06-25,3362,0,Foreign_Dealer_Self,0
2025-06-25,3362,0,Investment_Trust,0
2025-06-25,3362,0,Dealer_self,0
2025-06-25,3362,7000,Dealer_Hedging,8137
2025-06-26,3362,579358,Foreign_Investor,617000
2025-06-26,3362,0,Foreign_Dealer_Self,0
2025-06-26,3362,0,Investment_Trust,0
2025-06-26,3362,0,Dealer_self,0
2025-06-26,3362,47599,Dealer_Hedging,14641
2025-06-27,3362,370009,Foreign_Investor,532000
2025-06-27,3362,0,Foreign_Dealer_Self,0
2025-06-27,3362,0,Investment_Trust,0
2025-06-27,3362,0,Dealer_self,0
2025-06-27,3362,15423,Dealer_Hedging,22546
2025-06-30,3362,59000,Foreign_Investor,195000
2025-06-30,3362,0,Foreign_Dealer_Self,0
2025-06-30,3362,0,Investment_Trust,0
2025-06-30,3362,1000,Dealer_self,0
2025-06-30,3362,8193,Dealer_Hedging,7416
2025-07-01,3362,45046,Foreign_Investor,138000
2025-07-01,3362,0,Foreign_Dealer_Self,0
2025-07-01,3362,0,Investment_Trust,0
2025-07-01,3362,0,Dealer_self,0
2025-07-01,3362,3106,Dealer_Hedging,2728
2025-07-02,3362,23000,Foreign_Investor,84000
2025-07-02,3362,0,Foreign_Dealer_Self,0
2025-07-02,3362,0,Investment_Trust,0
2025-07-02,3362,0,Dealer_self,0
2025-07-02,3362,2000,Dealer_Hedging,2946
2025-07-03,3362,52000,Foreign_Investor,278000
2025-07-03,3362,0,Foreign_Dealer_Self,0
2025-07-03,3362,0,Investment_Trust,0
2025-07-03,3362,0,Dealer_self,0
2025-07-03,3362,7000,Dealer_Hedging,7187
2025-07-04,3362,20000,Foreign_Investor,153000
2025-07-04,3362,0,Foreign_Dealer_Self,0
2025-07-04,3362,0,Investment_Trust,0
2025-07-04,3362,0,Dealer_self,0
2025-07-04,3362,10000,Dealer_Hedging,9375
2025-07-07,3362,48049,Foreign_Investor,149000
2025-07-07,3362,0,Foreign_Dealer_Self,0
2025-07-07,3362,0,Investment_Trust,0
2025-07-07,3362,0,Dealer_self,0
2025-07-07,3362,10000,Dealer_Hedging,24285
2025-07-08,3362,44000,Foreign_Investor,101000
2025-07-08,3362,0,Foreign_Dealer_Self,0
2025-07-08,3362,0,Investment_Trust,0
2025-07-08,3362,0,Dealer_self,0
2025-07-08,3362,11520,Dealer_Hedging,11668
2025-07-09,3362,61000,Foreign_Investor,101000
2025-07-09,3362,0,Foreign_Dealer_Self,0
2025-07-09,3362,0,Investment_Trust,0
2025-07-09,3362,0,Dealer_self,0
2025-07-09,3362,7118,Dealer_Hedging,5690
2025-07-10,3362,14026,Foreign_Investor,58000
2025-07-10,3362,0,Foreign_Dealer_Self,0
2025-07-10,3362,0,Investment_Trust,0
2025-07-10,3362,0,Dealer_self,0
2025-07-10,3362,8000,Dealer_Hedging,8539
2025-07-11,3362,89975,Foreign_Investor,53000
2025-07-11,3362,0,Foreign_Dealer_Self,0
2025-07-11,3362,0,Investment_Trust,0
2025-07-11,3362,0,Dealer_self,0
2025-07-11,3362,2100,Dealer_Hedging,4531
2025-07-14,3362,56000,Foreign_Investor,169000
2025-07-14,3362,0,Foreign_Dealer_Self,0
2025-07-14,3362,0,Investment_Trust,0
2025-07-14,3362,0,Dealer_self,0
2025-07-14,3362,8000,Dealer_Hedging,6658
2025-07-15,3362,97029,Foreign_Investor,23000
2025-07-15,3362,0,Foreign_Dealer_Self,0
2025-07-15,3362,0,Investment_Trust,0
2025-07-15,3362,0,Dealer_self,1000
2025-07-15,3362,6700,Dealer_Hedging,1406
2025-07-16,3362,162000,Foreign_Investor,23000
2025-07-16,3362,0,Foreign_Dealer_Self,0
2025-07-16,3362,0,Investment_Trust,0
2025-07-16,3362,0,Dealer_self,0
2025-07-16,3362,1946,Dealer_Hedging,2718
2025-07-17,3362,231021,Foreign_Investor,67000
2025-07-17,3362,0,Foreign_Dealer_Self,0
2025-07-17,3362,0,Investment_Trust,0
2025-07-17,3362,0,Dealer_self,0
2025-07-17,3362,13326,Dealer_Hedging,5534
2025-07-18,3362,216000,Foreign_Investor,26000
2025-07-18,3362,0,Foreign_Dealer_Self,0
2025-07-18,3362,0,Investment_Trust,0
2025-07-18,3362,0,Dealer_self,0
2025-07-18,3362,1676,Dealer_Hedging,6000
2025-07-21,3362,106000,Foreign_Investor,23000
2025-07-21,3362,0,Foreign_Dealer_Self,0
2025-07-21,3362,0,Investment_Trust,0
2025-07-21,3362,0,Dealer_self,0
2025-07-21,3362,3719,Dealer_Hedging,2494
2025-07-22,3362,142000,Foreign_Investor,68000
2025-07-22,3362,0,Foreign_Dealer_Self,0
2025-07-22,3362,0,Investment_Trust,0
2025-07-22,3362,0,Dealer_self,0
2025-07-22,3362,4010,Dealer_Hedging,10746
2025-07-23,3362,115021,Foreign_Investor,48000
2025-07-23,3362,0,Foreign_Dealer_Self,0
2025-07-23,3362,0,Investment_Trust,0
2025-07-23,3362,0,Dealer_self,0
2025-07-23,3362,4604,Dealer_Hedging,3564
2025-07-24,3362,97000,Foreign_Investor,37000
2025-07-24,3362,0,Foreign_Dealer_Self,0
2025-07-24,3362,0,Investment_Trust,0
2025-07-24,3362,0,Dealer_self,0
2025-07-24,3362,1380,Dealer_Hedging,2092
2025-07-25,3362,12000,Foreign_Investor,81000
2025-07-25,3362,0,Foreign_Dealer_Self,0
2025-07-25,3362,0,Investment_Trust,0
2025-07-25,3362,0,Dealer_self,0
2025-07-25,3362,4000,Dealer_Hedging,4079
2025-07-28,3362,141000,Foreign_Investor,164000
2025-07-28,3362,0,Foreign_Dealer_Self,0
2025-07-28,3362,0,Investment_Trust,0
2025-07-28,3362,0,Dealer_self,0
2025-07-28,3362,5654,Dealer_Hedging,4926
2025-07-29,3362,39000,Foreign_Investor,137000
2025-07-29,3362,0,Foreign_Dealer_Self,0
2025-07-29,3362,0,Investment_Trust,0
2025-07-29,3362,0,Dealer_self,0
2025-07-29,3362,7000,Dealer_Hedging,9245
2025-07-30,3362,87000,Foreign_Investor,92000
2025-07-30,3362,0,Foreign_Dealer_Self,0
2025-07-30,3362,0,Investment_Trust,0
2025-07-30,3362,0,Dealer_self,0
2025-07-30,3362,4098,Dealer_Hedging,5546
2025-07-31,3362,61000,Foreign_Investor,177000
2025-07-31,3362,0,Foreign_Dealer_Self,0
2025-07-31,3362,0,Investment_Trust,0
2025-07-31,3362,0,Dealer_self,1000
2025-07-31,3362,5202,Dealer_Hedging,9979
2025-08-01,3362,262000,Foreign_Investor,171000
2025-08-01,3362,0,Foreign_Dealer_Self,0
2025-08-01,3362,0,Investment_Trust,0
2025-08-01,3362,0,Dealer_self,1000
2025-08-01,3362,6680,Dealer_Hedging,6769
2025-08-04,3362,468000,Foreign_Investor,110000
2025-08-04,3362,0,Foreign_Dealer_Self,0
2025-08-04,3362,0,Investment_Trust,0
2025-08-04,3362,0,Dealer_self,0
2025-08-04,3362,15390,Dealer_Hedging,6702
2025-08-05,3362,268000,Foreign_Investor,239000
2025-08-05,3362,0,Foreign_Dealer_Self,0
2025-08-05,3362,0,Investment_Trust,0
2025-08-05,3362,0,Dealer_self,0
2025-08-05,3362,8926,Dealer_Hedging,7816
2025-08-06,3362,105993,Foreign_Investor,149000
2025-08-06,3362,0,Foreign_Dealer_Self,0
2025-08-06,3362,0,Investment_Trust,0
2025-08-06,3362,0,Dealer_self,0
2025-08-06,3362,7000,Dealer_Hedging,26530
2025-08-07,3362,76000,Foreign_Investor,45000
2025-08-07,3362,0,Foreign_Dealer_Self,0
2025-08-07,3362,0,Investment_Trust,0
2025-08-07,3362,0,Dealer_self,0
2025-08-07,3362,1429,Dealer_Hedging,892
2025-08-08,3362,74004,Foreign_Investor,210000
2025-08-08,3362,0,Foreign_Dealer_Self,0
2025-08-08,3362,0,Investment_Trust,0
2025-08-08,3362,0,Dealer_self,0
2025-08-08,3362,22557,Dealer_Hedging,7123
2025-08-11,3362,558000,Foreign_Investor,185000
2025-08-11,3362,0,Foreign_Dealer_Self,0
2025-08-11,3362,0,Investment_Trust,0
2025-08-11,3362,0,Dealer_self,0
2025-08-11,3362,16536,Dealer_Hedging,6603
2025-08-12,3362,632000,Foreign_Investor,752000
2025-08-12,3362,0,Foreign_Dealer_Self,0
2025-08-12,3362,0,Investment_Trust,0
2025-08-12,3362,0,Dealer_self,0
2025-08-12,3362,16223,Dealer_Hedging,20958
2025-08-13,3362,410000,Foreign_Investor,451000
2025-08-13,3362,0,Foreign_Dealer_Self,0
2025-08-13,3362,0,Investment_Trust,0
2025-08-13,3362,0,Dealer_self,0
2025-08-13,3362,51999,Dealer_Hedging,7184
2025-08-14,3362,177042,Foreign_Investor,169000
2025-08-14,3362,0,Foreign_Dealer_Self,0
2025-08-14,3362,0,Investment_Trust,0
2025-08-14,3362,0,Dealer_self,0
2025-08-14,3362,11194,Dealer_Hedging,15272
2025-08-15,3362,226000,Foreign_Investor,216000
2025-08-15,3362,0,Foreign_Dealer_Self,0
2025-08-15,3362,0,Investment_Trust,0
2025-08-15,3362,0,Dealer_self,0
2025-08-15,3362,7002,Dealer_Hedging,6860
2025-08-18,3362,213000,Foreign_Investor,130000
2025-08-18,3362,0,Foreign_Dealer_Self,0
2025-08-18,3362,0,Investment_Trust,0
2025-08-18,3362,0,Dealer_self,0
2025-08-18,3362,13681,Dealer_Hedging,12620
2025-08-19,3362,48000,Foreign_Investor,189000
2025-08-19,3362,0,Foreign_Dealer_Self,0
2025-08-19,3362,0,Investment_Trust,0
2025-08-19,3362,0,Dealer_self,0
2025-08-19,3362,7000,Dealer_Hedging,33396
2025-08-20,3362,103000,Foreign_Investor,284000
2025-08-20,3362,0,Foreign_Dealer_Self,0
2025-08-20,3362,0,Investment_Trust,0
2025-08-20,3362,0,Dealer_self,0
2025-08-20,3362,17000,Dealer_Hedging,30878
2025-08-21,3362,54008,Foreign_Investor,181000
2025-08-21,3362,0,Foreign_Dealer_Self,0
2025-08-21,3362,0,Investment_Trust,0
2025-08-21,3362,0,Dealer_self,0
2025-08-21,3362,5059,Dealer_Hedging,5390
2025-08-22,3362,32000,Foreign_Investor,157000
2025-08-22,3362,0,Foreign_Dealer_Self,0
2025-08-22,3362,0,Investment_Trust,0
2025-08-22,3362,0,Dealer_self,0
2025-08-22,3362,7000,Dealer_Hedging,20124
2025-08-25,3362,436000,Foreign_Investor,196000
2025-08-25,3362,0,Foreign_Dealer_Self,0
2025-08-25,3362,0,Investment_Trust,0
2025-08-25,3362,0,Dealer_self,0
2025-08-25,3362,63245,Dealer_Hedging,12008
2025-08-26,3362,232290,Foreign_Investor,138000
2025-08-26,3362,0,Foreign_Dealer_Self,0
2025-08-26,3362,0,Investment_Trust,0
2025-08-26,3362,0,Dealer_self,0
2025-08-26,3362,4184,Dealer_Hedging,18930
2025-08-27,3362,207000,Foreign_Investor,95000
2025-08-27,3362,0,Foreign_Dealer_Self,0
2025-08-27,3362,0,Investment_Trust,0
2025-08-27,3362,5000,Dealer_self,0
2025-08-27,3362,5789,Dealer_Hedging,5061
2025-08-28,3362,310000,Foreign_Investor,94000
2025-08-28,3362,0,Foreign_Dealer_Self,0
2025-08-28,3362,0,Investment_Trust,0
2025-08-28,3362,0,Dealer_self,0
2025-08-28,3362,2257,Dealer_Hedging,1939
2025-08-29,3362,88009,Foreign_Investor,108000
2025-08-29,3362,0,Foreign_Dealer_Self,0
2025-08-29,3362,0,Investment_Trust,0
2025-08-29,3362,1000,Dealer_self,0
2025-08-29,3362,7000,Dealer_Hedging,7143
2025-09-01,3362,125000,Foreign_Investor,233000
2025-09-01,3362,0,Foreign_Dealer_Self,0
2025-09-01,3362,0,Investment_Trust,0
2025-09-01,3362,0,Dealer_self,2000
2025-09-01,3362,15381,Dealer_Hedging,44364
2025-09-02,3362,94000,Foreign_Investor,327000
2025-09-02,3362,0,Foreign_Dealer_Self,0
2025-09-02,3362,0,Investment_Trust,0
2025-09-02,3362,0,Dealer_self,0
2025-09-02,3362,15000,Dealer_Hedging,25904
2025-09-03,3362,145000,Foreign_Investor,93000
2025-09-03,3362,0,Foreign_Dealer_Self,0
2025-09-03,3362,0,Investment_Trust,0
2025-09-03,3362,0,Dealer_self,0
2025-09-03,3362,2272,Dealer_Hedging,2901
2025-09-04,3362,191000,Foreign_Investor,151000
2025-09-04,3362,0,Foreign_Dealer_Self,0
2025-09-04,3362,0,Investment_Trust,0
2025-09-04,3362,0,Dealer_self,17000
2025-09-04,3362,3227,Dealer_Hedging,4478
2025-09-05,3362,71000,Foreign_Investor,64000
2025-09-05,3362,0,Foreign_Dealer_Self,0
2025-09-05,3362,0,Investment_Trust,0
2025-09-05,3362,0,Dealer_self,0
2025-09-05,3362,6250,Dealer_Hedging,5951
2025-09-08,3362,170000,Foreign_Investor,127000
2025-09-08,3362,0,Foreign_Dealer_Self,0
2025-09-08,3362,0,Investment_Trust,0
2025-09-08,3362,0,Dealer_self,0
2025-09-08,3362,11769,Dealer_Hedging,7756
2025-09-09,3362,145000,Foreign_Investor,59000
2025-09-09,3362,0,Foreign_Dealer_Self,0
2025-09-09,3362,0,Investment_Trust,0
2025-09-09,3362,0,Dealer_self,0
2025-09-09,3362,4402,Dealer_Hedging,5176
2025-09-10,3362,170000,Foreign_Investor,309000
2025-09-10,3362,0,Foreign_Dealer_Self,0
2025-09-10,3362,0,Investment_Trust,0
2025-09-10,3362,0,Dealer_self,0
2025-09-10,3362,10455,Dealer_Hedging,10845
2025-09-11,3362,69000,Foreign_Investor,423000
2025-09-11,3362,0,Foreign_Dealer_Self,0
2025-09-11,3362,0,Investment_Trust,0
2025-09-11,3362,0,Dealer_self,0
2025-09-11,3362,28000,Dealer_Hedging,56812
2025-09-12,3362,157000,Foreign_Investor,128000
2025-09-12,3362,0,Foreign_Dealer_Self,0
2025-09-12,3362,0,Investment_Trust,0
2025-09-12,3362,0,Dealer_self,0
2025-09-12,3362,4208,Dealer_Hedging,35459
2025-09-15,3362,62000,Foreign_Investor,206000
2025-09-15,3362,0,Foreign_Dealer_Self,0
2025-09-15,3362,0,Investment_Trust,0
2025-09-15,3362,0,Dealer_self,0
2025-09-15,3362,15000,Dealer_Hedging,25463
2025-09-16,3362,62100,Foreign_Investor,49000
2025-09-16,3362,0,Foreign_Dealer_Self,0
2025-09-16,3362,0,Investment_Trust,0
2025-09-16,3362,8000,Dealer_self,0
2025-09-16,3362,6000,Dealer_Hedging,6335
2025-09-17,3362,46000,Foreign_Investor,129000
2025-09-17,3362,0,Foreign_Dealer_Self,0
2025-09-17,3362,0,Investment_Trust,0
2025-09-17,3362,0,Dealer_self,0
2025-09-17,3362,4010,Dealer_Hedging,4208
2025-09-18,3362,119089,Foreign_Investor,52000
2025-09-18,3362,0,Foreign_Dealer_Self,0
2025-09-18,3362,0,Investment_Trust,0
2025-09-18,3362,0,Dealer_self,0
2025-09-18,3362,3753,Dealer_Hedging,2561
2025-09-19,3362,85000,Foreign_Investor,58000
2025-09-19,3362,0,Foreign_Dealer_Self,0
2025-09-19,3362,0,Investment_Trust,0
2025-09-19,3362,0,Dealer_self,0
2025-09-19,3362,0,Dealer_Hedging,1396
2025-09-22,3362,212000,Foreign_Investor,77000
2025-09-22,3362,0,Foreign_Dealer_Self,0
2025-09-22,3362,0,Investment_Trust,0
2025-09-22,3362,0,Dealer_self,0
2025-09-22,3362,7869,Dealer_Hedging,7717
2025-09-23,3362,238000,Foreign_Investor,161000
2025-09-23,3362,0,Foreign_Dealer_Self,0
2025-09-23,3362,0,Investment_Trust,0
2025-09-23,3362,0,Dealer_self,0
2025-09-23,3362,12742,Dealer_Hedging,11434
2025-09-24,3362,66000,Foreign_Investor,97000
2025-09-24,3362,0,Foreign_Dealer_Self,0
2025-09-24,3362,0,Investment_Trust,0
2025-09-24,3362,0,Dealer_self,0
2025-09-24,3362,5167,Dealer_Hedging,16178
2025-09-25,3362,74006,Foreign_Investor,318000
2025-09-25,3362,0,Foreign_Dealer_Self,0
2025-09-25,3362,0,Investment_Trust,0
2025-09-25,3362,0,Dealer_self,0
2025-09-25,3362,18639,Dealer_Hedging,35703
2025-09-26,3362,400000,Foreign_Investor,368000
2025-09-26,3362,0,Foreign_Dealer_Self,0
2025-09-26,3362,0,Investment_Trust,0
2025-09-26,3362,0,Dealer_self,0
2025-09-26,3362,21573,Dealer_Hedging,35777
2025-09-30,3362,211000,Foreign_Investor,155412
2025-09-30,3362,0,Foreign_Dealer_Self,0
2025-09-30,3362,0,Investment_Trust,0
2025-09-30,3362,0,Dealer_self,1000
2025-09-30,3362,5035,Dealer_Hedging,6801
2025-10-01,3362,144000,Foreign_Investor,116000
2025-10-01,3362,0,Foreign_Dealer_Self,0
2025-10-01,3362,0,Investment_Trust,0
2025-10-01,3362,0,Dealer_self,3000
2025-10-01,3362,5271,Dealer_Hedging,2118
2025-10-02,3362,51000,Foreign_Investor,71000
2025-10-02,3362,0,Foreign_Dealer_Self,0
2025-10-02,3362,0,Investment_Trust,0
2025-10-02,3362,0,Dealer_self,0
2025-10-02,3362,3091,Dealer_Hedging,6428
2025-10-03,3362,79000,Foreign_Investor,52000
2025-10-03,3362,0,Foreign_Dealer_Self,0
2025-10-03,3362,0,Investment_Trust,0
2025-10-03,3362,0,Dealer_self,0
2025-10-03,3362,8420,Dealer_Hedging,6034
2025-10-07,3362,343000,Foreign_Investor,100000
2025-10-07,3362,0,Foreign_Dealer_Self,0
2025-10-07,3362,0,Investment_Trust,0
2025-10-07,3362,0,Dealer_self,0
2025-10-07,3362,31774,Dealer_Hedging,9538
2025-10-08,3362,70000,Foreign_Investor,87000
2025-10-08,3362,0,Foreign_Dealer_Self,0
2025-10-08,3362,0,Investment_Trust,0
2025-10-08,3362,0,Dealer_self,0
2025-10-08,3362,12000,Dealer_Hedging,9694
2025-10-09,3362,55000,Foreign_Investor,73000
2025-10-09,3362,0,Foreign_Dealer_Self,0
2025-10-09,3362,0,Investment_Trust,0
2025-10-09,3362,0,Dealer_self,0
2025-10-09,3362,4673,Dealer_Hedging,5878
2025-10-13,3362,292000,Foreign_Investor,275000
2025-10-13,3362,0,Foreign_Dealer_Self,0
2025-10-13,3362,0,Investment_Trust,0
2025-10-13,3362,0,Dealer_self,0
2025-10-13,3362,16071,Dealer_Hedging,30861
2025-10-14,3362,224000,Foreign_Investor,235000
2025-10-14,3362,0,Foreign_Dealer_Self,0
2025-10-14,3362,0,Investment_Trust,0
2025-10-14,3362,0,Dealer_self,0
2025-10-14,3362,14807,Dealer_Hedging,28002
2025-10-15,3362,183000,Foreign_Investor,75000
2025-10-15,3362,0,Foreign_Dealer_Self,0
2025-10-15,3362,0,Investment_Trust,1000
2025-10-15,3362,22000,Dealer_self,0
2025-10-15,3362,6180,Dealer_Hedging,6600
2025-10-16,3362,165000,Foreign_Investor,66000
2025-10-16,3362,0,Foreign_Dealer_Self,0
2025-10-16,3362,0,Investment_Trust,0
2025-10-16,3362,0,Dealer_self,1000
2025-10-16,3362,1625,Dealer_Hedging,1825
2025-10-17,3362,139000,Foreign_Investor,69000
2025-10-17,3362,0,Foreign_Dealer_Self,0
2025-10-17,3362,0,Investment_Trust,10630
2025-10-17,3362,0,Dealer_self,0
2025-10-17,3362,2699,Dealer_Hedging,3604
2025-10-20,3362,416000,Foreign_Investor,304000
2025-10-20,3362,0,Foreign_Dealer_Self,0
2025-10-20,3362,0,Investment_Trust,1000
2025-10-20,3362,0,Dealer_self,0
2025-10-20,3362,3408,Dealer_Hedging,3155
2025-10-21,3362,213000,Foreign_Investor,116000
2025-10-21,3362,0,Foreign_Dealer_Self,0
2025-10-21,3362,0,Investment_Trust,0
2025-10-21,3362,0,Dealer_self,0
2025-10-21,3362,3976,Dealer_Hedging,2085
2025-10-22,3362,200000,Foreign_Investor,120000
2025-10-22,3362,0,Foreign_Dealer_Self,0
2025-10-22,3362,0,Investment_Trust,0
2025-10-22,3362,0,Dealer_self,0
2025-10-22,3362,5932,Dealer_Hedging,7593
2025-10-23,3362,64000,Foreign_Investor,64000
2025-10-23,3362,0,Foreign_Dealer_Self,0
2025-10-23,3362,0,Investment_Trust,0
2025-10-23,3362,0,Dealer_self,0
2025-10-23,3362,273,Dealer_Hedging,1079
2025-10-27,3362,146000,Foreign_Investor,60000
2025-10-27,3362,0,Foreign_Dealer_Self,0
2025-10-27,3362,0,Investment_Trust,0
2025-10-27,3362,0,Dealer_self,0
2025-10-27,3362,2739,Dealer_Hedging,426
2025-10-28,3362,59017,Foreign_Investor,129000
2025-10-28,3362,0,Foreign_Dealer_Self,0
2025-10-28,3362,0,Investment_Trust,0
2025-10-28,3362,8000,Dealer_self,0
2025-10-28,3362,1184,Dealer_Hedging,4384
2025-10-29,3362,182000,Foreign_Investor,73000
2025-10-29,3362,0,Foreign_Dealer_Self,0
2025-10-29,3362,0,Investment_Trust,0
2025-10-29,3362,0,Dealer_self,0
2025-10-29,3362,4277,Dealer_Hedging,4020
2025-10-30,3362,357000,Foreign_Investor,321000
2025-10-30,3362,0,Foreign_Dealer_Self,0
2025-10-30,3362,0,Investment_Trust,0
2025-10-30,3362,0,Dealer_self,0
2025-10-30,3362,23221,Dealer_Hedging,26195
2025-10-31,3362,335000,Foreign_Investor,276000
2025-10-31,3362,0,Foreign_Dealer_Self,0
2025-10-31,3362,0,Investment_Trust,0
2025-10-31,3362,3000,Dealer_self,0
2025-10-31,3362,11915,Dealer_Hedging,9168
2025-11-03,3362,387000,Foreign_Investor,285000
2025-11-03,3362,0,Foreign_Dealer_Self,0
2025-11-03,3362,0,Investment_Trust,0
2025-11-03,3362,14000,Dealer_self,0
2025-11-03,3362,10766,Dealer_Hedging,8704
2025-11-04,3362,57000,Foreign_Investor,485100
2025-11-04,3362,0,Foreign_Dealer_Self,0
2025-11-04,3362,0,Investment_Trust,0
2025-11-04,3362,0,Dealer_self,0
2025-11-04,3362,19469,Dealer_Hedging,23785
2025-11-05,3362,126000,Foreign_Investor,351000
2025-11-05,3362,0,Foreign_Dealer_Self,0
2025-11-05,3362,0,Investment_Trust,0
2025-11-05,3362,0,Dealer_self,0
2025-11-05,3362,25035,Dealer_Hedging,23486
2025-11-06,3362,347000,Foreign_Investor,182100
2025-11-06,3362,0,Foreign_Dealer_Self,0
2025-11-06,3362,0,Investment_Trust,0
2025-11-06,3362,0,Dealer_self,0
2025-11-06,3362,16021,Dealer_Hedging,16508
2025-11-07,3362,130000,Foreign_Investor,80000
2025-11-07,3362,0,Foreign_Dealer_Self,0
2025-11-07,3362,0,Investment_Trust,0
2025-11-07,3362,0,Dealer_self,0
2025-11-07,3362,825,Dealer_Hedging,2467
2025-11-10,3362,368000,Foreign_Investor,121100
2025-11-10,3362,0,Foreign_Dealer_Self,0
2025-11-10,3362,0,Investment_Trust,0
2025-11-10,3362,0,Dealer_self,0
2025-11-10,3362,6852,Dealer_Hedging,1109
2025-11-11,3362,349000,Foreign_Investor,224000
2025-11-11,3362,0,Foreign_Dealer_Self,0
2025-11-11,3362,0,Investment_Trust,0
2025-11-11,3362,0,Dealer_self,0
2025-11-11,3362,6146,Dealer_Hedging,4892
2025-11-12,3362,62000,Foreign_Investor,115000
2025-11-12,3362,0,Foreign_Dealer_Self,0
2025-11-12,3362,0,Investment_Trust,0
2025-11-12,3362,0,Dealer_self,0
2025-11-12,3362,4172,Dealer_Hedging,3471
2025-11-13,3362,52000,Foreign_Investor,53000
2025-11-13,3362,0,Foreign_Dealer_Self,0
2025-11-13,3362,0,Investment_Trust,0
2025-11-13,3362,0,Dealer_self,0
2025-11-13,3362,354,Dealer_Hedging,1005
2025-11-14,3362,92000,Foreign_Investor,229000
2025-11-14,3362,0,Foreign_Dealer_Self,0
2025-11-14,3362,0,Investment_Trust,0
2025-11-14,3362,4000,Dealer_self,0
2025-11-14,3362,15000,Dealer_Hedging,19448
2025-11-17,3362,174000,Foreign_Investor,206000
2025-11-17,3362,0,Foreign_Dealer_Self,0
2025-11-17,3362,0,Investment_Trust,0
2025-11-17,3362,0,Dealer_self,0
2025-11-17,3362,18190,Dealer_Hedging,32802
2025-11-18,3362,185000,Foreign_Investor,199000
2025-11-18,3362,0,Foreign_Dealer_Self,0
2025-11-18,3362,0,Investment_Trust,0
2025-11-18,3362,0,Dealer_self,0
2025-11-18,3362,14395,Dealer_Hedging,15298
2025-11-19,3362,282030,Foreign_Investor,156000
2025-11-19,3362,0,Foreign_Dealer_Self,0
2025-11-19,3362,0,Investment_Trust,0
2025-11-19,3362,0,Dealer_self,0
2025-11-19,3362,12313,Dealer_Hedging,12010
2025-11-20,3362,245000,Foreign_Investor,52000
2025-11-20,3362,0,Foreign_Dealer_Self,0
2025-11-20,3362,0,Investment_Trust,0
2025-11-20,3362,0,Dealer_self,0
2025-11-20,3362,1263,Dealer_Hedging,1194
2025-11-21,3362,183000,Foreign_Investor,185000
2025-11-21,3362,0,Foreign_Dealer_Self,0
2025-11-21,3362,0,Investment_Trust,0
2025-11-21,3362,0,Dealer_self,0
2025-11-21,3362,9070,Dealer_Hedging,15800
2025-11-24,3362,232000,Foreign_Investor,189515
2025-11-24,3362,0,Foreign_Dealer_Self,0
2025-11-24,3362,0,Investment_Trust,0
2025-11-24,3362,0,Dealer_self,0
2025-11-24,3362,3659,Dealer_Hedging,3555
2025-11-25,3362,135000,Foreign_Investor,136000
2025-11-25,3362,0,Foreign_Dealer_Self,0
2025-11-25,3362,0,Investment_Trust,0
2025-11-25,3362,0,Dealer_self,0
2025-11-25,3362,5168,Dealer_Hedging,3591
2025-11-26,3362,224000,Foreign_Investor,152000
2025-11-26,3362,0,Foreign_Dealer_Self,0
2025-11-26,3362,0,Investment_Trust,0
2025-11-26,3362,0,Dealer_self,0
2025-11-26,3362,4319,Dealer_Hedging,3139
2025-11-27,3362,134000,Foreign_Investor,97000
2025-11-27,3362,0,Foreign_Dealer_Self,0
2025-11-27,3362,0,Investment_Trust,0
2025-11-27,3362,0,Dealer_self,0
2025-11-27,3362,31,Dealer_Hedging,811
2025-11-28,3362,102190,Foreign_Investor,76000
2025-11-28,3362,0,Foreign_Dealer_Self,0
2025-11-28,3362,0,Investment_Trust,0
2025-11-28,3362,0,Dealer_self,0
2025-11-28,3362,4987,Dealer_Hedging,3628
2025-12-01,3362,49000,Foreign_Investor,71000
2025-12-01,3362,0,Foreign_Dealer_Self,0
2025-12-01,3362,0,Investment_Trust,0
2025-12-01,3362,0,Dealer_self,0
2025-12-01,3362,0,Dealer_Hedging,2817
2025-12-02,3362,123000,Foreign_Investor,59000
2025-12-02,3362,0,Foreign_Dealer_Self,0
2025-12-02,3362,0,Investment_Trust,0
2025-12-02,3362,0,Dealer_self,0
2025-12-02,3362,1340,Dealer_Hedging,1575
2025-12-03,3362,139000,Foreign_Investor,71000
2025-12-03,3362,0,Foreign_Dealer_Self,0
2025-12-03,3362,0,Investment_Trust,0
2025-12-03,3362,0,Dealer_self,0
2025-12-03,3362,1081,Dealer_Hedging,531
2025-12-04,3362,126000,Foreign_Investor,122000
2025-12-04,3362,0,Foreign_Dealer_Self,0
2025-12-04,3362,0,Investment_Trust,0
2025-12-04,3362,0,Dealer_self,0
2025-12-04,3362,2010,Dealer_Hedging,2245
2025-12-05,3362,87000,Foreign_Investor,290000
2025-12-05,3362,0,Foreign_Dealer_Self,0
2025-12-05,3362,0,Investment_Trust,0
2025-12-05,3362,0,Dealer_self,0
2025-12-05,3362,10000,Dealer_Hedging,12129
2025-12-08,3362,142000,Foreign_Investor,78000
2025-12-08,3362,0,Foreign_Dealer_Self,0
2025-12-08,3362,0,Investment_Trust,0
2025-12-08,3362,0,Dealer_self,0
2025-12-08,3362,1688,Dealer_Hedging,1417
2025-12-09,3362,95000,Foreign_Investor,37000
2025-12-09,3362,0,Foreign_Dealer_Self,0
2025-12-09,3362,0,Investment_Trust,0
2025-12-09,3362,0,Dealer_self,0
2025-12-09,3362,0,Dealer_Hedging,0
2025-12-10,3362,101000,Foreign_Investor,204000
2025-12-10,3362,0,Foreign_Dealer_Self,0
2025-12-10,3362,0,Investment_Trust,0
2025-12-10,3362,0,Dealer_self,0
2025-12-10,3362,3060,Dealer_Hedging,4227
2025-12-11,3362,124000,Foreign_Investor,164000
2025-12-11,3362,0,Foreign_Dealer_Self,0
2025-12-11,3362,0,Investment_Trust,0
2025-12-11,3362,0,Dealer_self,0
2025-12-11,3362,5422,Dealer_Hedging,5279
2025-12-12,3362,314000,Foreign_Investor,193000
2025-12-12,3362,0,Foreign_Dealer_Self,0
2025-12-12,3362,0,Investment_Trust,0
2025-12-12,3362,0,Dealer_self,0
2025-12-12,3362,6885,Dealer_Hedging,5215
2025-12-15,3362,117000,Foreign_Investor,86000
2025-12-15,3362,0,Foreign_Dealer_Self,0
2025-12-15,3362,0,Investment_Trust,0
2025-12-15,3362,0,Dealer_self,0
2025-12-15,3362,2050,Dealer_Hedging,2288
2025-12-16,3362,126000,Foreign_Investor,284000
2025-12-16,3362,0,Foreign_Dealer_Self,0
2025-12-16,3362,0,Investment_Trust,0
2025-12-16,3362,0,Dealer_self,0
2025-12-16,3362,6200,Dealer_Hedging,8541
2025-12-17,3362,242000,Foreign_Investor,58000
2025-12-17,3362,0,Foreign_Dealer_Self,0
2025-12-17,3362,0,Investment_Trust,0
2025-12-17,3362,0,Dealer_self,0
2025-12-17,3362,3766,Dealer_Hedging,2088
2025-12-18,3362,92000,Foreign_Investor,144589
2025-12-18,3362,0,Foreign_Dealer_Self,0
2025-12-18,3362,0,Investment_Trust,0
2025-12-18,3362,0,Dealer_self,87
2025-12-18,3362,2819,Dealer_Hedging,6606
2025-12-19,3362,159000,Foreign_Investor,89072
2025-12-19,3362,0,Foreign_Dealer_Self,0
2025-12-19,3362,0,Investment_Trust,0
2025-12-19,3362,0,Dealer_self,0
2025-12-19,3362,693,Dealer_Hedging,1000
2025-12-22,3362,225000,Foreign_Investor,149000
2025-12-22,3362,0,Foreign_Dealer_Self,0
2025-12-22,3362,0,Investment_Trust,0
2025-12-22,3362,0,Dealer_self,0
2025-12-22,3362,2514,Dealer_Hedging,7178
2025-12-23,3362,81000,Foreign_Investor,201000
2025-12-23,3362,0,Foreign_Dealer_Self,0
2025-12-23,3362,0,Investment_Trust,0
2025-12-23,3362,0,Dealer_self,0
2025-12-23,3362,4264,Dealer_Hedging,3686
2025-12-24,3362,101000,Foreign_Investor,71000
2025-12-24,3362,0,Foreign_Dealer_Self,0
2025-12-24,3362,0,Investment_Trust,0
2025-12-24,3362,0,Dealer_self,0
2025-12-24,3362,516,Dealer_Hedging,1321
2025-12-26,3362,193000,Foreign_Investor,157000
2025-12-26,3362,0,Foreign_Dealer_Self,0
2025-12-26,3362,0,Investment_Trust,0
2025-12-26,3362,0,Dealer_self,0
2025-12-26,3362,5896,Dealer_Hedging,3734
2025-12-29,3362,304000,Foreign_Investor,76000
2025-12-29,3362,0,Foreign_Dealer_Self,0
2025-12-29,3362,0,Investment_Trust,0
2025-12-29,3362,0,Dealer_self,0
2025-12-29,3362,6062,Dealer_Hedging,3269
2025-12-30,3362,233000,Foreign_Investor,153000
2025-12-30,3362,0,Foreign_Dealer_Self,0
2025-12-30,3362,0,Investment_Trust,0
2025-12-30,3362,0,Dealer_self,0
2025-12-30,3362,2700,Dealer_Hedging,4419
2025-12-31,3362,40000,Foreign_Investor,279000
2025-12-31,3362,0,Foreign_Dealer_Self,0
2025-12-31,3362,0,Investment_Trust,0
2025-12-31,3362,0,Dealer_self,0
2025-12-31,3362,8113,Dealer_Hedging,10246
2026-01-02,3362,133000,Foreign_Investor,117000
2026-01-02,3362,0,Foreign_Dealer_Self,0
2026-01-02,3362,0,Investment_Trust,0
2026-01-02,3362,0,Dealer_self,0
2026-01-02,3362,535,Dealer_Hedging,1205
2026-01-05,3362,316000,Foreign_Investor,324000
2026-01-05,3362,0,Foreign_Dealer_Self,0
2026-01-05,3362,0,Investment_Trust,0
2026-01-05,3362,0,Dealer_self,0
2026-01-05,3362,5545,Dealer_Hedging,8886
2026-01-06,3362,283000,Foreign_Investor,121000
2026-01-06,3362,0,Foreign_Dealer_Self,0
2026-01-06,3362,0,Investment_Trust,0
2026-01-06,3362,0,Dealer_self,0
2026-01-06,3362,2709,Dealer_Hedging,303
2026-01-07,3362,151000,Foreign_Investor,99000
2026-01-07,3362,0,Foreign_Dealer_Self,0
2026-01-07,3362,0,Investment_Trust,0
2026-01-07,3362,0,Dealer_self,0
2026-01-07,3362,1261,Dealer_Hedging,2331
2026-01-08,3362,62000,Foreign_Investor,398000
2026-01-08,3362,0,Foreign_Dealer_Self,0
2026-01-08,3362,0,Investment_Trust,0
2026-01-08,3362,0,Dealer_self,0
2026-01-08,3362,10508,Dealer_Hedging,12465
2026-01-09,3362,332000,Foreign_Investor,122000
2026-01-09,3362,0,Foreign_Dealer_Self,0
2026-01-09,3362,0,Investment_Trust,0
2026-01-09,3362,0,Dealer_self,0
2026-01-09,3362,5936,Dealer_Hedging,4633
2026-01-12,3362,537000,Foreign_Investor,133000
2026-01-12,3362,0,Foreign_Dealer_Self,0
2026-01-12,3362,0,Investment_Trust,0
2026-01-12,3362,0,Dealer_self,0
2026-01-12,3362,30976,Dealer_Hedging,13674
2026-01-13,3362,563000,Foreign_Investor,1421000
2026-01-13,3362,0,Foreign_Dealer_Self,0
2026-01-13,3362,0,Investment_Trust,0
2026-01-13,3362,0,Dealer_self,0
2026-01-13,3362,27037,Dealer_Hedging,36218
2026-01-14,3362,178000,Foreign_Investor,324000
2026-01-14,3362,0,Foreign_Dealer_Self,0
2026-01-14,3362,0,Investment_Trust,0
2026-01-14,3362,0,Dealer_self,0
2026-01-14,3362,1458,Dealer_Hedging,2214
2026-01-15,3362,121000,Foreign_Investor,226000
2026-01-15,3362,0,Foreign_Dealer_Self,0
2026-01-15,3362,0,Investment_Trust,0
2026-01-15,3362,0,Dealer_self,0
2026-01-15,3362,5556,Dealer_Hedging,5871
2026-01-16,3362,345000,Foreign_Investor,120000
2026-01-16,3362,0,Foreign_Dealer_Self,0
2026-01-16,3362,0,Investment_Trust,0
2026-01-16,3362,15000,Dealer_self,0
2026-01-16,3362,55330,Dealer_Hedging,2526
2026-01-19,3362,1095000,Foreign_Investor,1426000
2026-01-19,3362,0,Foreign_Dealer_Self,0
2026-01-19,3362,0,Investment_Trust,0
2026-01-19,3362,1000,Dealer_self,0
2026-01-19,3362,41841,Dealer_Hedging,64143
2026-01-20,3362,185000,Foreign_Investor,537000
2026-01-20,3362,0,Foreign_Dealer_Self,0
2026-01-20,3362,0,Investment_Trust,0
2026-01-20,3362,1000,Dealer_self,0
2026-01-20,3362,20000,Dealer_Hedging,11645
2026-01-21,3362,347000,Foreign_Investor,538000
2026-01-21,3362,0,Foreign_Dealer_Self,0
2026-01-21,3362,0,Investment_Trust,0
2026-01-21,3362,2000,Dealer_self,0
2026-01-21,3362,47995,Dealer_Hedging,37320
2026-01-22,3362,665030,Foreign_Investor,1074818
2026-01-22,3362,0,Foreign_Dealer_Self,0
2026-01-22,3362,0,Investment_Trust,0
2026-01-22,3362,0,Dealer_self,0
2026-01-22,3362,50356,Dealer_Hedging,43056
2026-01-23,3362,500000,Foreign_Investor,776000
2026-01-23,3362,0,Foreign_Dealer_Self,0
2026-01-23,3362,0,Investment_Trust,0
2026-01-23,3362,1000,Dealer_self,0
2026-01-23,3362,12031,Dealer_Hedging,37196
2026-01-26,3362,171000,Foreign_Investor,318000
2026-01-26,3362,0,Foreign_Dealer_Self,0
2026-01-26,3362,0,Investment_Trust,0
2026-01-26,3362,0,Dealer_self,0
2026-01-26,3362,5042,Dealer_Hedging,4655
2026-01-27,3362,186000,Foreign_Investor,107000
2026-01-27,3362,0,Foreign_Dealer_Self,0
2026-01-27,3362,0,Investment_Trust,0
2026-01-27,3362,0,Dealer_self,0
2026-01-27,3362,2767,Dealer_Hedging,4928
2026-01-28,3362,186000,Foreign_Investor,225000
2026-01-28,3362,0,Foreign_Dealer_Self,0
2026-01-28,3362,0,Investment_Trust,0
2026-01-28,3362,0,Dealer_self,0
2026-01-28,3362,2458,Dealer_Hedging,9656
2026-01-29,3362,303000,Foreign_Investor,344000
2026-01-29,3362,0,Foreign_Dealer_Self,0
2026-01-29,3362,0,Investment_Trust,0
2026-01-29,3362,2000,Dealer_self,0
2026-01-29,3362,8151,Dealer_Hedging,14500
2026-01-30,3362,358000,Foreign_Investor,284000
2026-01-30,3362,0,Foreign_Dealer_Self,0
2026-01-30,3362,0,Investment_Trust,0
2026-01-30,3362,0,Dealer_self,0
2026-01-30,3362,6646,Dealer_Hedging,6680
2026-02-02,3362,351000,Foreign_Investor,206000
2026-02-02,3362,0,Foreign_Dealer_Self,0
2026-02-02,3362,0,Investment_Trust,0
2026-02-02,3362,0,Dealer_self,0
2026-02-02,3362,5427,Dealer_Hedging,11321
2026-02-03,3362,176000,Foreign_Investor,213000
2026-02-03,3362,0,Foreign_Dealer_Self,0
2026-02-03,3362,0,Investment_Trust,0
2026-02-03,3362,0,Dealer_self,0
2026-02-03,3362,5157,Dealer_Hedging,6398
2026-02-04,3362,107000,Foreign_Investor,107000
2026-02-04,3362,0,Foreign_Dealer_Self,0
2026-02-04,3362,0,Investment_Trust,0
2026-02-04,3362,0,Dealer_self,0
2026-02-04,3362,2274,Dealer_Hedging,15927
2026-02-05,3362,115000,Foreign_Investor,246000
2026-02-05,3362,0,Foreign_Dealer_Self,0
2026-02-05,3362,0,Investment_Trust,0
2026-02-05,3362,0,Dealer_self,0
2026-02-05,3362,17190,Dealer_Hedging,7100
2026-02-06,3362,131084,Foreign_Investor,157000
2026-02-06,3362,0,Foreign_Dealer_Self,0
2026-02-06,3362,0,Investment_Trust,0
2026-02-06,3362,0,Dealer_self,0
2026-02-06,3362,754,Dealer_Hedging,1994
2026-02-09,3362,56000,Foreign_Investor,166000
2026-02-09,3362,0,Foreign_Dealer_Self,0
2026-02-09,3362,0,Investment_Trust,0
2026-02-09,3362,0,Dealer_self,0
2026-02-09,3362,2508,Dealer_Hedging,9255
2026-02-10,3362,190589,Foreign_Investor,345000
2026-02-10,3362,0,Foreign_Dealer_Self,0
2026-02-10,3362,0,Investment_Trust,0
2026-02-10,3362,0,Dealer_self,0
2026-02-10,3362,10024,Dealer_Hedging,7265
2026-02-11,3362,138000,Foreign_Investor,152000
2026-02-11,3362,0,Foreign_Dealer_Self,0
2026-02-11,3362,0,Investment_Trust,0
2026-02-11,3362,0,Dealer_self,0
2026-02-11,3362,10000,Dealer_Hedging,3034
2026-02-23,3362,324000,Foreign_Investor,150000
2026-02-23,3362,0,Foreign_Dealer_Self,0
2026-02-23,3362,0,Investment_Trust,0
2026-02-23,3362,0,Dealer_self,0
2026-02-23,3362,5731,Dealer_Hedging,10675
2026-02-24,3362,97000,Foreign_Investor,70000
2026-02-24,3362,0,Foreign_Dealer_Self,0
2026-02-24,3362,0,Investment_Trust,0
2026-02-24,3362,0,Dealer_self,0
2026-02-24,3362,5904,Dealer_Hedging,2161
2026-02-25,3362,184000,Foreign_Investor,146000
2026-02-25,3362,0,Foreign_Dealer_Self,0
2026-02-25,3362,0,Investment_Trust,0
2026-02-25,3362,0,Dealer_self,0
2026-02-25,3362,7711,Dealer_Hedging,4442
2026-02-26,3362,145000,Foreign_Investor,96000
2026-02-26,3362,0,Foreign_Dealer_Self,0
2026-02-26,3362,0,Investment_Trust,0
2026-02-26,3362,0,Dealer_self,0
2026-02-26,3362,2864,Dealer_Hedging,11369
2026-03-02,3362,444000,Foreign_Investor,106000
2026-03-02,3362,0,Foreign_Dealer_Self,0
2026-03-02,3362,0,Investment_Trust,0
2026-03-02,3362,5000,Dealer_self,0
2026-03-02,3362,7406,Dealer_Hedging,4095
2026-03-03,3362,138000,Foreign_Investor,131000
2026-03-03,3362,0,Foreign_Dealer_Self,0
2026-03-03,3362,0,Investment_Trust,0
2026-03-03,3362,2000,Dealer_self,0
2026-03-03,3362,7359,Dealer_Hedging,11113
2026-03-04,3362,214000,Foreign_Investor,203000
2026-03-04,3362,0,Foreign_Dealer_Self,0
2026-03-04,3362,0,Investment_Trust,0
2026-03-04,3362,0,Dealer_self,0
2026-03-04,3362,5490,Dealer_Hedging,7300
2026-03-05,3362,164000,Foreign_Investor,84000
2026-03-05,3362,0,Foreign_Dealer_Self,0
2026-03-05,3362,0,Investment_Trust,0
2026-03-05,3362,0,Dealer_self,0
2026-03-05,3362,1020,Dealer_Hedging,1388
2026-03-06,3362,88000,Foreign_Investor,206000
2026-03-06,3362,0,Foreign_Dealer_Self,0
2026-03-06,3362,0,Investment_Trust,0
2026-03-06,3362,0,Dealer_self,0
2026-03-06,3362,4185,Dealer_Hedging,6466
2026-03-09,3362,205000,Foreign_Investor,143000
2026-03-09,3362,0,Foreign_Dealer_Self,0
2026-03-09,3362,0,Investment_Trust,0
2026-03-09,3362,0,Dealer_self,0
2026-03-09,3362,14482,Dealer_Hedging,14250
2026-03-10,3362,139000,Foreign_Investor,214000
2026-03-10,3362,0,Foreign_Dealer_Self,0
2026-03-10,3362,0,Investment_Trust,0
2026-03-10,3362,0,Dealer_self,0
2026-03-10,3362,3092,Dealer_Hedging,3620
2026-03-11,3362,137000,Foreign_Investor,43000
2026-03-11,3362,0,Foreign_Dealer_Self,0
2026-03-11,3362,0,Investment_Trust,0
2026-03-11,3362,0,Dealer_self,0
2026-03-11,3362,1224,Dealer_Hedging,3000
2026-03-12,3362,85000,Foreign_Investor,123000
2026-03-12,3362,0,Foreign_Dealer_Self,0
2026-03-12,3362,0,Investment_Trust,0
2026-03-12,3362,0,Dealer_self,0
2026-03-12,3362,4409,Dealer_Hedging,3827
2026-03-13,3362,108488,Foreign_Investor,119000
2026-03-13,3362,0,Foreign_Dealer_Self,0
2026-03-13,3362,0,Investment_Trust,0
2026-03-13,3362,0,Dealer_self,0
2026-03-13,3362,5150,Dealer_Hedging,4287
2026-03-16,3362,177000,Foreign_Investor,99000
2026-03-16,3362,0,Foreign_Dealer_Self,0
2026-03-16,3362,0,Investment_Trust,0
2026-03-16,3362,4000,Dealer_self,0
2026-03-16,3362,1001,Dealer_Hedging,1870
2026-03-17,3362,94000,Foreign_Investor,42000
2026-03-17,3362,0,Foreign_Dealer_Self,0
2026-03-17,3362,0,Investment_Trust,0
2026-03-17,3362,1000,Dealer_self,13000
2026-03-17,3362,3149,Dealer_Hedging,4310
2026-03-18,3362,88000,Foreign_Investor,69000
2026-03-18,3362,0,Foreign_Dealer_Self,0
2026-03-18,3362,0,Investment_Trust,0
2026-03-18,3362,0,Dealer_self,0
2026-03-18,3362,104,Dealer_Hedging,369
2026-03-19,3362,70000,Foreign_Investor,85250
2026-03-19,3362,0,Foreign_Dealer_Self,0
2026-03-19,3362,0,Investment_Trust,0
2026-03-19,3362,0,Dealer_self,0
2026-03-19,3362,3125,Dealer_Hedging,2010
2026-03-20,3362,176000,Foreign_Investor,158000
2026-03-20,3362,0,Foreign_Dealer_Self,0
2026-03-20,3362,0,Investment_Trust,0
2026-03-20,3362,0,Dealer_self,0
2026-03-20,3362,3647,Dealer_Hedging,3419
2026-03-23,3362,171000,Foreign_Investor,241000
2026-03-23,3362,0,Foreign_Dealer_Self,0
2026-03-23,3362,0,Investment_Trust,0
2026-03-23,3362,1000,Dealer_self,0
2026-03-23,3362,4650,Dealer_Hedging,6869
2026-03-24,3362,123000,Foreign_Investor,150000
2026-03-24,3362,0,Foreign_Dealer_Self,0
2026-03-24,3362,0,Investment_Trust,0
2026-03-24,3362,0,Dealer_self,0
2026-03-24,3362,565,Dealer_Hedging,1163
2026-03-25,3362,113000,Foreign_Investor,27000
2026-03-25,3362,0,Foreign_Dealer_Self,0
2026-03-25,3362,0,Investment_Trust,0
2026-03-25,3362,3000,Dealer_self,0
2026-03-25,3362,627,Dealer_Hedging,31
2026-03-26,3362,38000,Foreign_Investor,49000
2026-03-26,3362,0,Foreign_Dealer_Self,0
2026-03-26,3362,0,Investment_Trust,0
2026-03-26,3362,2000,Dealer_self,0
2026-03-26,3362,701,Dealer_Hedging,1358
2026-03-27,3362,120000,Foreign_Investor,79000
2026-03-27,3362,0,Foreign_Dealer_Self,0
2026-03-27,3362,0,Investment_Trust,0
2026-03-27,3362,1000,Dealer_self,0
2026-03-27,3362,2000,Dealer_Hedging,1350
2026-03-30,3362,102000,Foreign_Investor,63000
2026-03-30,3362,0,Foreign_Dealer_Self,0
2026-03-30,3362,0,Investment_Trust,0
2026-03-30,3362,2000,Dealer_self,0
2026-03-30,3362,4110,Dealer_Hedging,3487
2026-03-31,3362,181000,Foreign_Investor,119000
2026-03-31,3362,0,Foreign_Dealer_Self,0
2026-03-31,3362,0,Investment_Trust,0
2026-03-31,3362,0,Dealer_self,0
2026-03-31,3362,6893,Dealer_Hedging,7443
2026-04-01,3362,127000,Foreign_Investor,56000
2026-04-01,3362,0,Foreign_Dealer_Self,0
2026-04-01,3362,0,Investment_Trust,0
2026-04-01,3362,1000,Dealer_self,0
2026-04-01,3362,1949,Dealer_Hedging,2000
2026-04-02,3362,70000,Foreign_Investor,163000
2026-04-02,3362,0,Foreign_Dealer_Self,0
2026-04-02,3362,0,Investment_Trust,0
2026-04-02,3362,0,Dealer_self,0
2026-04-02,3362,1384,Dealer_Hedging,3593
2026-04-07,3362,118000,Foreign_Investor,18000
2026-04-07,3362,0,Foreign_Dealer_Self,0
2026-04-07,3362,0,Investment_Trust,0
2026-04-07,3362,0,Dealer_self,5000
2026-04-07,3362,479,Dealer_Hedging,96
2026-04-08,3362,142138,Foreign_Investor,63000
2026-04-08,3362,0,Foreign_Dealer_Self,0
2026-04-08,3362,0,Investment_Trust,0
2026-04-08,3362,0,Dealer_self,0
2026-04-08,3362,1624,Dealer_Hedging,2027
2026-04-09,3362,87000,Foreign_Investor,96000
2026-04-09,3362,0,Foreign_Dealer_Self,0
2026-04-09,3362,0,Investment_Trust,0
2026-04-09,3362,0,Dealer_self,9000
2026-04-09,3362,315,Dealer_Hedging,6
2026-04-10,3362,124000,Foreign_Investor,59000
2026-04-10,3362,0,Foreign_Dealer_Self,0
2026-04-10,3362,0,Investment_Trust,0
2026-04-10,3362,0,Dealer_self,0
2026-04-10,3362,1383,Dealer_Hedging,929
2026-04-13,3362,424862,Foreign_Investor,140000
2026-04-13,3362,0,Foreign_Dealer_Self,0
2026-04-13,3362,0,Investment_Trust,0
2026-04-13,3362,0,Dealer_self,0
2026-04-13,3362,14753,Dealer_Hedging,13151
2026-04-14,3362,473000,Foreign_Investor,1070000
2026-04-14,3362,0,Foreign_Dealer_Self,0
2026-04-14,3362,0,Investment_Trust,0
2026-04-14,3362,18000,Dealer_self,0
2026-04-14,3362,23597,Dealer_Hedging,17105
2026-04-15,3362,434000,Foreign_Investor,236000
2026-04-15,3362,0,Foreign_Dealer_Self,0
2026-04-15,3362,0,Investment_Trust,0
2026-04-15,3362,30000,Dealer_self,18000
2026-04-15,3362,7703,Dealer_Hedging,10225
2026-04-16,3362,1072000,Foreign_Investor,499000
2026-04-16,3362,0,Foreign_Dealer_Self,0
2026-04-16,3362,0,Investment_Trust,0
2026-04-16,3362,0,Dealer_self,0
2026-04-16,3362,17728,Dealer_Hedging,10551
2026-04-17,3362,208000,Foreign_Investor,169000
2026-04-17,3362,0,Foreign_Dealer_Self,0
2026-04-17,3362,0,Investment_Trust,0
2026-04-17,3362,0,Dealer_self,0
2026-04-17,3362,8170,Dealer_Hedging,11677
2026-04-20,3362,568500,Foreign_Investor,717000
2026-04-20,3362,0,Foreign_Dealer_Self,0
2026-04-20,3362,0,Investment_Trust,0
2026-04-20,3362,0,Dealer_self,0
2026-04-20,3362,54026,Dealer_Hedging,16736
2026-04-21,3362,181000,Foreign_Investor,443000
2026-04-21,3362,0,Foreign_Dealer_Self,0
2026-04-21,3362,0,Investment_Trust,0
2026-04-21,3362,20000,Dealer_self,0
2026-04-21,3362,10000,Dealer_Hedging,38711
2026-04-22,3362,337000,Foreign_Investor,143000
2026-04-22,3362,0,Foreign_Dealer_Self,0
2026-04-22,3362,0,Investment_Trust,0
2026-04-22,3362,0,Dealer_self,0
2026-04-22,3362,13000,Dealer_Hedging,11685
2026-04-23,3362,503000,Foreign_Investor,330000
2026-04-23,3362,0,Foreign_Dealer_Self,0
2026-04-23,3362,0,Investment_Trust,0
2026-04-23,3362,0,Dealer_self,0
2026-04-23,3362,9720,Dealer_Hedging,17646
2026-04-24,3362,203000,Foreign_Investor,183000
2026-04-24,3362,0,Foreign_Dealer_Self,0
2026-04-24,3362,0,Investment_Trust,0
2026-04-24,3362,0,Dealer_self,30000
2026-04-24,3362,5916,Dealer_Hedging,6005
2026-04-27,3362,247000,Foreign_Investor,238000
2026-04-27,3362,0,Foreign_Dealer_Self,0
2026-04-27,3362,0,Investment_Trust,0
2026-04-27,3362,0,Dealer_self,0
2026-04-27,3362,12819,Dealer_Hedging,7573
2026-04-28,3362,86000,Foreign_Investor,164000
2026-04-28,3362,0,Foreign_Dealer_Self,0
2026-04-28,3362,0,Investment_Trust,0
2026-04-28,3362,10000,Dealer_self,0
2026-04-28,3362,1310,Dealer_Hedging,5691
2026-04-29,3362,40000,Foreign_Investor,184000
2026-04-29,3362,0,Foreign_Dealer_Self,0
2026-04-29,3362,0,Investment_Trust,0
2026-04-29,3362,0,Dealer_self,0
2026-04-29,3362,725,Dealer_Hedging,101
2026-04-30,3362,118000,Foreign_Investor,116000
2026-04-30,3362,0,Foreign_Dealer_Self,0
2026-04-30,3362,0,Investment_Trust,0
2026-04-30,3362,0,Dealer_self,0
2026-04-30,3362,10954,Dealer_Hedging,2783
2026-05-04,3362,238300,Foreign_Investor,146000
2026-05-04,3362,0,Foreign_Dealer_Self,0
2026-05-04,3362,0,Investment_Trust,0
2026-05-04,3362,0,Dealer_self,0
2026-05-04,3362,4756,Dealer_Hedging,5561
2026-05-05,3362,63700,Foreign_Investor,199000
2026-05-05,3362,0,Foreign_Dealer_Self,0
2026-05-05,3362,0,Investment_Trust,0
2026-05-05,3362,0,Dealer_self,0
2026-05-05,3362,5150,Dealer_Hedging,12790
2026-05-06,3362,93000,Foreign_Investor,273000
2026-05-06,3362,0,Foreign_Dealer_Self,0
2026-05-06,3362,0,Investment_Trust,0
2026-05-06,3362,0,Dealer_self,0
2026-05-06,3362,2000,Dealer_Hedging,1896
2026-05-07,3362,270000,Foreign_Investor,131000
2026-05-07,3362,0,Foreign_Dealer_Self,0
2026-05-07,3362,0,Investment_Trust,0
2026-05-07,3362,0,Dealer_self,0
2026-05-07,3362,8079,Dealer_Hedging,7871
2026-05-08,3362,136000,Foreign_Investor,462000
2026-05-08,3362,0,Foreign_Dealer_Self,0
2026-05-08,3362,0,Investment_Trust,0
2026-05-08,3362,0,Dealer_self,0
2026-05-08,3362,6378,Dealer_Hedging,5596
2026-05-11,3362,803000,Foreign_Investor,252000
2026-05-11,3362,0,Foreign_Dealer_Self,0
2026-05-11,3362,0,Investment_Trust,0
2026-05-11,3362,0,Dealer_self,0
2026-05-11,3362,14884,Dealer_Hedging,15392
2026-05-12,3362,227000,Foreign_Investor,353000
2026-05-12,3362,0,Foreign_Dealer_Self,0
2026-05-12,3362,0,Investment_Trust,0
2026-05-12,3362,0,Dealer_self,0
2026-05-12,3362,10985,Dealer_Hedging,8996
2026-05-13,3362,70000,Foreign_Investor,339000
2026-05-13,3362,0,Foreign_Dealer_Self,0
2026-05-13,3362,0,Investment_Trust,0
2026-05-13,3362,0,Dealer_self,0
2026-05-13,3362,4000,Dealer_Hedging,6292
2026-05-14,3362,509284,Foreign_Investor,271000
2026-05-14,3362,0,Foreign_Dealer_Self,0
2026-05-14,3362,0,Investment_Trust,0
2026-05-14,3362,0,Dealer_self,0
2026-05-14,3362,64689,Dealer_Hedging,19261
2026-05-15,3362,1095000,Foreign_Investor,1687180
2026-05-15,3362,0,Foreign_Dealer_Self,0
2026-05-15,3362,0,Investment_Trust,0
2026-05-15,3362,120000,Dealer_self,0
2026-05-15,3362,39168,Dealer_Hedging,76034
2026-05-18,3362,515000,Foreign_Investor,601043
2026-05-18,3362,0,Foreign_Dealer_Self,0
2026-05-18,3362,0,Investment_Trust,0
2026-05-18,3362,0,Dealer_self,0
2026-05-18,3362,27761,Dealer_Hedging,12708
2026-05-19,3362,1453014,Foreign_Investor,1265280
2026-05-19,3362,0,Foreign_Dealer_Self,0
2026-05-19,3362,0,Investment_Trust,0
2026-05-19,3362,22000,Dealer_self,82000
2026-05-19,3362,109260,Dealer_Hedging,102654
2026-05-20,3362,614000,Foreign_Investor,933000
2026-05-20,3362,0,Foreign_Dealer_Self,0
2026-05-20,3362,0,Investment_Trust,0
2026-05-20,3362,0,Dealer_self,0
2026-05-20,3362,20479,Dealer_Hedging,24768
2026-05-21,3362,1179000,Foreign_Investor,345015
2026-05-21,3362,0,Foreign_Dealer_Self,0
2026-05-21,3362,0,Investment_Trust,0
2026-05-21,3362,0,Dealer_self,0
2026-05-21,3362,14935,Dealer_Hedging,15671
2026-05-22,3362,280000,Foreign_Investor,620000
2026-05-22,3362,0,Foreign_Dealer_Self,0
2026-05-22,3362,0,Investment_Trust,0
2026-05-22,3362,0,Dealer_self,0
2026-05-22,3362,11025,Dealer_Hedging,14703
2026-05-25,3362,448709,Foreign_Investor,348021
2026-05-25,3362,0,Foreign_Dealer_Self,0
2026-05-25,3362,0,Investment_Trust,0
2026-05-25,3362,0,Dealer_self,0
2026-05-25,3362,25280,Dealer_Hedging,28690
2026-05-26,3362,208000,Foreign_Investor,203000
2026-05-26,3362,0,Foreign_Dealer_Self,0
2026-05-26,3362,0,Investment_Trust,0
2026-05-26,3362,0,Dealer_self,0
2026-05-26,3362,658,Dealer_Hedging,550
2026-05-27,3362,317000,Foreign_Investor,498000
2026-05-27,3362,0,Foreign_Dealer_Self,0
2026-05-27,3362,0,Investment_Trust,0
2026-05-27,3362,0,Dealer_self,0
2026-05-27,3362,13000,Dealer_Hedging,15872
2026-05-28,3362,254000,Foreign_Investor,217000
2026-05-28,3362,0,Foreign_Dealer_Self,0
2026-05-28,3362,0,Investment_Trust,0
2026-05-28,3362,0,Dealer_self,0
2026-05-28,3362,12735,Dealer_Hedging,12171
2026-05-29,3362,93000,Foreign_Investor,298000
2026-05-29,3362,0,Foreign_Dealer_Self,0
2026-05-29,3362,0,Investment_Trust,0
2026-05-29,3362,0,Dealer_self,0
2026-05-29,3362,2000,Dealer_Hedging,3792
2026-06-01,3362,1285140,Foreign_Investor,426000
2026-06-01,3362,0,Foreign_Dealer_Self,0
2026-06-01,3362,0,Investment_Trust,0
2026-06-01,3362,0,Dealer_self,0
2026-06-01,3362,37819,Dealer_Hedging,18020
2026-06-02,3362,570320,Foreign_Investor,793092
2026-06-02,3362,0,Foreign_Dealer_Self,0
2026-06-02,3362,0,Investment_Trust,0
2026-06-02,3362,2000,Dealer_self,0
2026-06-02,3362,15040,Dealer_Hedging,22712
2026-06-03,3362,1112182,Foreign_Investor,256375
2026-06-03,3362,0,Foreign_Dealer_Self,0
2026-06-03,3362,0,Investment_Trust,0
2026-06-03,3362,11000,Dealer_self,2000
2026-06-03,3362,60535,Dealer_Hedging,34328
2026-06-04,3362,27000,Foreign_Investor,28000
2026-06-04,3362,0,Foreign_Dealer_Self,0
2026-06-04,3362,0,Investment_Trust,0
2026-06-04,3362,0,Dealer_self,0
2026-06-04,3362,65306,Dealer_Hedging,20000
2026-06-05,3362,4084597,Foreign_Investor,3814200
2026-06-05,3362,0,Foreign_Dealer_Self,0
2026-06-05,3362,0,Investment_Trust,0
2026-06-05,3362,33000,Dealer_self,11000
2026-06-05,3362,162375,Dealer_Hedging,173849
2026-06-08,3362,931983,Foreign_Investor,926132
2026-06-08,3362,0,Foreign_Dealer_Self,0
2026-06-08,3362,0,Investment_Trust,0
2026-06-08,3362,0,Dealer_self,9000
2026-06-08,3362,33539,Dealer_Hedging,52746
2026-06-09,3362,224000,Foreign_Investor,635000
2026-06-09,3362,0,Foreign_Dealer_Self,0
2026-06-09,3362,0,Investment_Trust,0
2026-06-09,3362,0,Dealer_self,0
2026-06-09,3362,33111,Dealer_Hedging,0
2026-06-10,3362,1205163,Foreign_Investor,942480
2026-06-10,3362,0,Foreign_Dealer_Self,0
2026-06-10,3362,0,Investment_Trust,0
2026-06-10,3362,3000,Dealer_self,120000
2026-06-10,3362,152950,Dealer_Hedging,153640
2026-06-11,3362,4231606,Foreign_Investor,3985847
2026-06-11,3362,0,Foreign_Dealer_Self,0
2026-06-11,3362,0,Investment_Trust,0
2026-06-11,3362,29000,Dealer_self,8000
2026-06-11,3362,95468,Dealer_Hedging,113674
2026-06-12,3362,2066810,Foreign_Investor,3448135
2026-06-12,3362,0,Foreign_Dealer_Self,0
2026-06-12,3362,0,Investment_Trust,0
2026-06-12,3362,17000,Dealer_self,0
2026-06-12,3362,75812,Dealer_Hedging,72763
2026-06-15,3362,1415000,Foreign_Investor,809920
2026-06-15,3362,0,Foreign_Dealer_Self,0
2026-06-15,3362,0,Investment_Trust,0
2026-06-15,3362,0,Dealer_self,0
2026-06-15,3362,76762,Dealer_Hedging,68550
2026-06-16,3362,1704000,Foreign_Investor,2446080
2026-06-16,3362,0,Foreign_Dealer_Self,0
2026-06-16,3362,0,Investment_Trust,0
2026-06-16,3362,18000,Dealer_self,25000
2026-06-16,3362,139488,Dealer_Hedging,81159
2026-06-17,3362,4804980,Foreign_Investor,3551100
2026-06-17,3362,0,Foreign_Dealer_Self,0
2026-06-17,3362,0,Investment_Trust,0
2026-06-17,3362,6000,Dealer_self,23000
2026-06-17,3362,220698,Dealer_Hedging,257499
