date,stock_id,buy,name,sell
2024-07-09,3413,1774000,Foreign_Investor,1051689
2024-07-09,3413,0,Foreign_Dealer_Self,0
2024-07-09,3413,8000,Investment_Trust,121000
2024-07-09,3413,38000,Dealer_self,106715
2024-07-09,3413,23420,Dealer_Hedging,535704
2024-07-10,3413,1187000,Foreign_Investor,626373
2024-07-10,3413,0,Foreign_Dealer_Self,0
2024-07-10,3413,4000,Investment_Trust,167000
2024-07-10,3413,9000,Dealer_self,44872
2024-07-10,3413,40434,Dealer_Hedging,36000
2024-07-11,3413,845000,Foreign_Investor,527519
2024-07-11,3413,0,Foreign_Dealer_Self,0
2024-07-11,3413,73000,Investment_Trust,162000
2024-07-11,3413,14000,Dealer_self,41680
2024-07-11,3413,21045,Dealer_Hedging,103014
2024-07-12,3413,1158000,Foreign_Investor,619595
2024-07-12,3413,0,Foreign_Dealer_Self,0
2024-07-12,3413,143000,Investment_Trust,52000
2024-07-12,3413,14000,Dealer_self,42766
2024-07-12,3413,34221,Dealer_Hedging,308064
2024-07-15,3413,427000,Foreign_Investor,222000
2024-07-15,3413,0,Foreign_Dealer_Self,0
2024-07-15,3413,101000,Investment_Trust,55000
2024-07-15,3413,10000,Dealer_self,1388
2024-07-15,3413,1000,Dealer_Hedging,33454
2024-07-16,3413,141700,Foreign_Investor,184000
2024-07-16,3413,0,Foreign_Dealer_Self,0
2024-07-16,3413,81000,Investment_Trust,65000
2024-07-16,3413,5000,Dealer_self,27517
2024-07-16,3413,1000,Dealer_Hedging,78475
2024-07-17,3413,213200,Foreign_Investor,344000
2024-07-17,3413,0,Foreign_Dealer_Self,0
2024-07-17,3413,21000,Investment_Trust,75000
2024-07-17,3413,6000,Dealer_self,14458
2024-07-17,3413,22000,Dealer_Hedging,31314
2024-07-18,3413,1194660,Foreign_Investor,1326591
2024-07-18,3413,0,Foreign_Dealer_Self,0
2024-07-18,3413,56000,Investment_Trust,171000
2024-07-18,3413,23037,Dealer_self,113454
2024-07-18,3413,11000,Dealer_Hedging,342263
2024-07-19,3413,1139010,Foreign_Investor,731338
2024-07-19,3413,0,Foreign_Dealer_Self,0
2024-07-19,3413,70000,Investment_Trust,77000
2024-07-19,3413,9000,Dealer_self,11124
2024-07-19,3413,26532,Dealer_Hedging,28067
2024-07-22,3413,671258,Foreign_Investor,454000
2024-07-22,3413,0,Foreign_Dealer_Self,0
2024-07-22,3413,8000,Investment_Trust,205000
2024-07-22,3413,30000,Dealer_self,79030
2024-07-22,3413,15000,Dealer_Hedging,237123
2024-07-23,3413,362004,Foreign_Investor,537000
2024-07-23,3413,0,Foreign_Dealer_Self,0
2024-07-23,3413,31000,Investment_Trust,81000
2024-07-23,3413,9000,Dealer_self,11746
2024-07-23,3413,8000,Dealer_Hedging,117778
2024-07-26,3413,433000,Foreign_Investor,748165
2024-07-26,3413,0,Foreign_Dealer_Self,0
2024-07-26,3413,6000,Investment_Trust,92000
2024-07-26,3413,29000,Dealer_self,40150
2024-07-26,3413,14000,Dealer_Hedging,80105
2024-07-29,3413,420000,Foreign_Investor,381000
2024-07-29,3413,0,Foreign_Dealer_Self,0
2024-07-29,3413,53000,Investment_Trust,185000
2024-07-29,3413,7000,Dealer_self,10970
2024-07-29,3413,3000,Dealer_Hedging,30108
2024-07-30,3413,467000,Foreign_Investor,457000
2024-07-30,3413,0,Foreign_Dealer_Self,0
2024-07-30,3413,72000,Investment_Trust,182000
2024-07-30,3413,10000,Dealer_self,10363
2024-07-30,3413,14000,Dealer_Hedging,30162
2024-07-31,3413,307000,Foreign_Investor,472892
2024-07-31,3413,0,Foreign_Dealer_Self,0
2024-07-31,3413,2000,Investment_Trust,175000
2024-07-31,3413,16000,Dealer_self,15678
2024-07-31,3413,8000,Dealer_Hedging,9267
2024-08-01,3413,1130100,Foreign_Investor,788028
2024-08-01,3413,0,Foreign_Dealer_Self,0
2024-08-01,3413,36000,Investment_Trust,0
2024-08-01,3413,62000,Dealer_self,19413
2024-08-01,3413,31000,Dealer_Hedging,8645
2024-08-02,3413,155070,Foreign_Investor,598004
2024-08-02,3413,0,Foreign_Dealer_Self,0
2024-08-02,3413,25000,Investment_Trust,22000
2024-08-02,3413,25000,Dealer_self,73401
2024-08-02,3413,3000,Dealer_Hedging,49072
2024-08-05,3413,397183,Foreign_Investor,621100
2024-08-05,3413,0,Foreign_Dealer_Self,0
2024-08-05,3413,293000,Investment_Trust,147000
2024-08-05,3413,26000,Dealer_self,37594
2024-08-05,3413,22000,Dealer_Hedging,88977
2024-08-06,3413,484000,Foreign_Investor,479842
2024-08-06,3413,0,Foreign_Dealer_Self,0
2024-08-06,3413,18000,Investment_Trust,0
2024-08-06,3413,20639,Dealer_self,21313
2024-08-06,3413,34015,Dealer_Hedging,19000
2024-08-07,3413,453026,Foreign_Investor,485860
2024-08-07,3413,0,Foreign_Dealer_Self,0
2024-08-07,3413,1000,Dealer_self,11359
2024-08-07,3413,66000,Dealer_Hedging,3555
2024-08-07,3413,159000,Investment_Trust,32000
2024-08-08,3413,503000,Foreign_Investor,1114151
2024-08-08,3413,0,Foreign_Dealer_Self,0
2024-08-08,3413,15000,Dealer_self,13490
2024-08-08,3413,8000,Dealer_Hedging,14000
2024-08-08,3413,121000,Investment_Trust,0
2024-08-09,3413,1037000,Foreign_Investor,1257962
2024-08-09,3413,0,Foreign_Dealer_Self,0
2024-08-09,3413,4000,Dealer_self,11000
2024-08-09,3413,90229,Dealer_Hedging,4441
2024-08-09,3413,70000,Investment_Trust,0
2024-08-12,3413,519000,Foreign_Investor,707201
2024-08-12,3413,0,Foreign_Dealer_Self,0
2024-08-12,3413,262000,Investment_Trust,0
2024-08-12,3413,0,Dealer_self,57
2024-08-12,3413,42000,Dealer_Hedging,11418
2024-08-13,3413,1065000,Foreign_Investor,1475000
2024-08-13,3413,0,Foreign_Dealer_Self,0
2024-08-13,3413,57446,Dealer_self,37811
2024-08-13,3413,140168,Dealer_Hedging,36037
2024-08-13,3413,990000,Investment_Trust,0
2024-08-14,3413,1583200,Foreign_Investor,2100200
2024-08-14,3413,0,Foreign_Dealer_Self,0
2024-08-14,3413,393000,Investment_Trust,0
2024-08-14,3413,28021,Dealer_self,33283
2024-08-14,3413,75256,Dealer_Hedging,73693
2024-08-15,3413,992000,Foreign_Investor,1137892
2024-08-15,3413,0,Foreign_Dealer_Self,0
2024-08-15,3413,97000,Investment_Trust,5000
2024-08-15,3413,66530,Dealer_self,6738
2024-08-15,3413,56000,Dealer_Hedging,29147
2024-08-16,3413,710000,Foreign_Investor,837001
2024-08-16,3413,0,Foreign_Dealer_Self,0
2024-08-16,3413,7576,Dealer_self,17000
2024-08-16,3413,26900,Dealer_Hedging,29555
2024-08-16,3413,851000,Investment_Trust,0
2024-08-19,3413,253000,Foreign_Investor,262000
2024-08-19,3413,0,Foreign_Dealer_Self,0
2024-08-19,3413,0,Investment_Trust,0
2024-08-19,3413,8000,Dealer_self,43061
2024-08-19,3413,12000,Dealer_Hedging,67095
2024-08-20,3413,278000,Foreign_Investor,240108
2024-08-20,3413,0,Foreign_Dealer_Self,0
2024-08-20,3413,0,Investment_Trust,59000
2024-08-20,3413,59000,Dealer_self,0
2024-08-20,3413,31573,Dealer_Hedging,9799
2024-08-21,3413,195776,Foreign_Investor,232032
2024-08-21,3413,0,Foreign_Dealer_Self,0
2024-08-21,3413,0,Dealer_self,7000
2024-08-21,3413,6000,Dealer_Hedging,48504
2024-08-21,3413,234000,Investment_Trust,0
2024-08-22,3413,230000,Foreign_Investor,456000
2024-08-22,3413,0,Foreign_Dealer_Self,0
2024-08-22,3413,0,Dealer_self,4000
2024-08-22,3413,1000,Dealer_Hedging,38404
2024-08-22,3413,310000,Investment_Trust,7000
2024-08-23,3413,350000,Foreign_Investor,651000
2024-08-23,3413,0,Foreign_Dealer_Self,0
2024-08-23,3413,0,Investment_Trust,10000
2024-08-23,3413,19194,Dealer_self,10045
2024-08-23,3413,112504,Dealer_Hedging,14760
2024-08-26,3413,439000,Foreign_Investor,566000
2024-08-26,3413,0,Foreign_Dealer_Self,0
2024-08-26,3413,34000,Investment_Trust,75000
2024-08-26,3413,18000,Dealer_self,22207
2024-08-26,3413,2000,Dealer_Hedging,64415
2024-08-27,3413,240241,Foreign_Investor,224108
2024-08-27,3413,0,Foreign_Dealer_Self,0
2024-08-27,3413,0,Investment_Trust,45000
2024-08-27,3413,0,Dealer_self,2000
2024-08-27,3413,12000,Dealer_Hedging,8070
2024-08-28,3413,529000,Foreign_Investor,735000
2024-08-28,3413,0,Foreign_Dealer_Self,0
2024-08-28,3413,83000,Investment_Trust,0
2024-08-28,3413,40000,Dealer_self,3000
2024-08-28,3413,154915,Dealer_Hedging,13429
2024-08-29,3413,380000,Foreign_Investor,896000
2024-08-29,3413,0,Foreign_Dealer_Self,0
2024-08-29,3413,83000,Dealer_self,27033
2024-08-29,3413,71600,Dealer_Hedging,76511
2024-08-29,3413,217000,Investment_Trust,1000
2024-08-30,3413,345924,Foreign_Investor,910000
2024-08-30,3413,0,Foreign_Dealer_Self,0
2024-08-30,3413,13000,Dealer_self,5912
2024-08-30,3413,19088,Dealer_Hedging,81210
2024-08-30,3413,522000,Investment_Trust,0
2024-09-02,3413,237000,Foreign_Investor,162108
2024-09-02,3413,0,Foreign_Dealer_Self,0
2024-09-02,3413,21000,Dealer_self,10225
2024-09-02,3413,8000,Dealer_Hedging,51135
2024-09-02,3413,110000,Investment_Trust,169000
2024-09-03,3413,353000,Foreign_Investor,266000
2024-09-03,3413,0,Foreign_Dealer_Self,0
2024-09-03,3413,0,Dealer_self,27000
2024-09-03,3413,21322,Dealer_Hedging,28545
2024-09-03,3413,47000,Investment_Trust,149000
2024-09-04,3413,773381,Foreign_Investor,419000
2024-09-04,3413,0,Foreign_Dealer_Self,0
2024-09-04,3413,26000,Dealer_self,123294
2024-09-04,3413,18000,Dealer_Hedging,124954
2024-09-04,3413,107000,Investment_Trust,262000
2024-09-05,3413,282000,Foreign_Investor,792183
2024-09-05,3413,0,Foreign_Dealer_Self,0
2024-09-05,3413,25000,Dealer_self,26000
2024-09-05,3413,8000,Dealer_Hedging,20715
2024-09-05,3413,164000,Investment_Trust,214000
2024-09-06,3413,1284100,Foreign_Investor,423178
2024-09-06,3413,0,Foreign_Dealer_Self,0
2024-09-06,3413,17000,Dealer_self,18000
2024-09-06,3413,105774,Dealer_Hedging,22500
2024-09-06,3413,177000,Investment_Trust,110000
2024-09-09,3413,1466000,Foreign_Investor,2110208
2024-09-09,3413,0,Foreign_Dealer_Self,0
2024-09-09,3413,76438,Dealer_self,39000
2024-09-09,3413,244905,Dealer_Hedging,33500
2024-09-09,3413,574000,Investment_Trust,90000
2024-09-10,3413,1003050,Foreign_Investor,1161000
2024-09-10,3413,0,Foreign_Dealer_Self,0
2024-09-10,3413,18032,Dealer_self,38002
2024-09-10,3413,8000,Dealer_Hedging,139551
2024-09-10,3413,476000,Investment_Trust,0
2024-09-11,3413,665000,Foreign_Investor,1234000
2024-09-11,3413,0,Foreign_Dealer_Self,0
2024-09-11,3413,165000,Investment_Trust,0
2024-09-11,3413,32000,Dealer_self,8504
2024-09-11,3413,180803,Dealer_Hedging,8533
2024-09-12,3413,514050,Foreign_Investor,1225000
2024-09-12,3413,0,Foreign_Dealer_Self,0
2024-09-12,3413,125000,Investment_Trust,1000
2024-09-12,3413,44000,Dealer_self,31425
2024-09-12,3413,83013,Dealer_Hedging,118873
2024-09-13,3413,414486,Foreign_Investor,320000
2024-09-13,3413,0,Foreign_Dealer_Self,0
2024-09-13,3413,50000,Investment_Trust,0
2024-09-13,3413,15645,Dealer_self,44240
2024-09-13,3413,99200,Dealer_Hedging,58677
2024-09-16,3413,686000,Foreign_Investor,985000
2024-09-16,3413,0,Foreign_Dealer_Self,0
2024-09-16,3413,16000,Investment_Trust,0
2024-09-16,3413,5000,Dealer_self,11000
2024-09-16,3413,95204,Dealer_Hedging,80905
2024-09-18,3413,640000,Foreign_Investor,145000
2024-09-18,3413,0,Foreign_Dealer_Self,0
2024-09-18,3413,0,Investment_Trust,81000
2024-09-18,3413,0,Dealer_self,2000
2024-09-18,3413,11628,Dealer_Hedging,203195
2024-09-19,3413,540000,Foreign_Investor,491200
2024-09-19,3413,0,Foreign_Dealer_Self,0
2024-09-19,3413,5000,Investment_Trust,0
2024-09-19,3413,38000,Dealer_self,17052
2024-09-19,3413,160092,Dealer_Hedging,24902
2024-09-20,3413,307359,Foreign_Investor,463100
2024-09-20,3413,0,Foreign_Dealer_Self,0
2024-09-20,3413,9000,Investment_Trust,0
2024-09-20,3413,7000,Dealer_self,7522
2024-09-20,3413,37055,Dealer_Hedging,157344
2024-09-23,3413,478000,Foreign_Investor,308000
2024-09-23,3413,0,Foreign_Dealer_Self,0
2024-09-23,3413,13000,Investment_Trust,0
2024-09-23,3413,3000,Dealer_self,9000
2024-09-23,3413,35000,Dealer_Hedging,13000
2024-09-24,3413,443000,Foreign_Investor,314009
2024-09-24,3413,0,Foreign_Dealer_Self,0
2024-09-24,3413,4000,Investment_Trust,2000
2024-09-24,3413,2001,Dealer_self,1001
2024-09-24,3413,1000,Dealer_Hedging,60338
2024-09-25,3413,251329,Foreign_Investor,348000
2024-09-25,3413,0,Foreign_Dealer_Self,0
2024-09-25,3413,100000,Investment_Trust,1000
2024-09-25,3413,9000,Dealer_self,9439
2024-09-25,3413,6000,Dealer_Hedging,40361
2024-09-26,3413,1336380,Foreign_Investor,1113000
2024-09-26,3413,0,Foreign_Dealer_Self,0
2024-09-26,3413,54000,Investment_Trust,7000
2024-09-26,3413,57571,Dealer_self,62320
2024-09-26,3413,123208,Dealer_Hedging,25480
2024-09-27,3413,372000,Foreign_Investor,1120000
2024-09-27,3413,0,Foreign_Dealer_Self,0
2024-09-27,3413,176000,Investment_Trust,35000
2024-09-27,3413,48000,Dealer_self,5903
2024-09-27,3413,1000,Dealer_Hedging,60032
2024-09-30,3413,323389,Foreign_Investor,238200
2024-09-30,3413,0,Foreign_Dealer_Self,0
2024-09-30,3413,7000,Investment_Trust,5000
2024-09-30,3413,17321,Dealer_self,52687
2024-09-30,3413,0,Dealer_Hedging,46168
2024-10-01,3413,229000,Foreign_Investor,402000
2024-10-01,3413,0,Foreign_Dealer_Self,0
2024-10-01,3413,35000,Investment_Trust,6000
2024-10-01,3413,5000,Dealer_self,15023
2024-10-01,3413,3000,Dealer_Hedging,27370
2024-10-04,3413,517056,Foreign_Investor,471169
2024-10-04,3413,0,Foreign_Dealer_Self,0
2024-10-04,3413,7000,Investment_Trust,0
2024-10-04,3413,22000,Dealer_self,52773
2024-10-04,3413,7000,Dealer_Hedging,23777
2024-10-07,3413,481000,Foreign_Investor,804997
2024-10-07,3413,0,Foreign_Dealer_Self,0
2024-10-07,3413,0,Investment_Trust,0
2024-10-07,3413,9000,Dealer_self,17763
2024-10-07,3413,37199,Dealer_Hedging,30610
2024-10-08,3413,1240100,Foreign_Investor,1089007
2024-10-08,3413,0,Foreign_Dealer_Self,0
2024-10-08,3413,44000,Investment_Trust,0
2024-10-08,3413,12030,Dealer_self,38695
2024-10-08,3413,108682,Dealer_Hedging,19954
2024-10-09,3413,322000,Foreign_Investor,714000
2024-10-09,3413,0,Foreign_Dealer_Self,0
2024-10-09,3413,2000,Investment_Trust,0
2024-10-09,3413,12000,Dealer_self,12841
2024-10-09,3413,7000,Dealer_Hedging,83406
2024-10-11,3413,880000,Foreign_Investor,378000
2024-10-11,3413,0,Foreign_Dealer_Self,0
2024-10-11,3413,144000,Investment_Trust,0
2024-10-11,3413,1596,Dealer_self,8454
2024-10-11,3413,42735,Dealer_Hedging,11342
2024-10-14,3413,361000,Foreign_Investor,674000
2024-10-14,3413,0,Foreign_Dealer_Self,0
2024-10-14,3413,89000,Investment_Trust,2000
2024-10-14,3413,18000,Dealer_self,6194
2024-10-14,3413,4600,Dealer_Hedging,26965
2024-10-15,3413,493621,Foreign_Investor,435000
2024-10-15,3413,0,Foreign_Dealer_Self,0
2024-10-15,3413,104000,Investment_Trust,0
2024-10-15,3413,39000,Dealer_self,29492
2024-10-15,3413,45283,Dealer_Hedging,8000
2024-10-16,3413,0,Foreign_Dealer_Self,0
2024-10-16,3413,94000,Investment_Trust,199000
2024-10-16,3413,33000,Dealer_self,57457
2024-10-16,3413,5000,Dealer_Hedging,62439
2024-10-16,3413,999000,Foreign_Investor,964485
2024-10-17,3413,806000,Foreign_Investor,1511100
2024-10-17,3413,0,Foreign_Dealer_Self,0
2024-10-17,3413,1000,Investment_Trust,454000
2024-10-17,3413,55000,Dealer_self,119087
2024-10-17,3413,15000,Dealer_Hedging,58300
2024-10-18,3413,475000,Foreign_Investor,238000
2024-10-18,3413,0,Foreign_Dealer_Self,0
2024-10-18,3413,1000,Investment_Trust,197000
2024-10-18,3413,12000,Dealer_self,6070
2024-10-18,3413,5050,Dealer_Hedging,14158
2024-10-21,3413,576000,Foreign_Investor,113000
2024-10-21,3413,0,Foreign_Dealer_Self,0
2024-10-21,3413,0,Investment_Trust,19000
2024-10-21,3413,3000,Dealer_self,2000
2024-10-21,3413,29105,Dealer_Hedging,19178
2024-10-22,3413,374000,Foreign_Investor,546149
2024-10-22,3413,0,Foreign_Dealer_Self,0
2024-10-22,3413,3000,Investment_Trust,73000
2024-10-22,3413,9000,Dealer_self,8224
2024-10-22,3413,5000,Dealer_Hedging,30798
2024-10-23,3413,1097000,Foreign_Investor,498000
2024-10-23,3413,0,Foreign_Dealer_Self,0
2024-10-23,3413,0,Investment_Trust,290000
2024-10-23,3413,3000,Dealer_self,32170
2024-10-23,3413,136934,Dealer_Hedging,10610
2024-10-24,3413,174012,Foreign_Investor,515000
2024-10-24,3413,0,Foreign_Dealer_Self,0
2024-10-24,3413,1000,Investment_Trust,261000
2024-10-24,3413,3000,Dealer_self,10448
2024-10-24,3413,1000,Dealer_Hedging,113023
2024-10-25,3413,170596,Foreign_Investor,328100
2024-10-25,3413,0,Foreign_Dealer_Self,0
2024-10-25,3413,294000,Investment_Trust,195000
2024-10-25,3413,2000,Dealer_self,3427
2024-10-25,3413,6000,Dealer_Hedging,17080
2024-10-28,3413,557000,Foreign_Investor,308000
2024-10-28,3413,0,Foreign_Dealer_Self,0
2024-10-28,3413,0,Investment_Trust,403000
2024-10-28,3413,7000,Dealer_self,5386
2024-10-28,3413,2000,Dealer_Hedging,30190
2024-10-29,3413,385000,Foreign_Investor,594000
2024-10-29,3413,0,Foreign_Dealer_Self,0
2024-10-29,3413,1000,Investment_Trust,211000
2024-10-29,3413,17000,Dealer_self,62839
2024-10-29,3413,19000,Dealer_Hedging,44569
2024-10-30,3413,284000,Foreign_Investor,170000
2024-10-30,3413,0,Foreign_Dealer_Self,0
2024-10-30,3413,0,Investment_Trust,92000
2024-10-30,3413,4000,Dealer_self,2000
2024-10-30,3413,5665,Dealer_Hedging,2000
2024-11-01,3413,504058,Foreign_Investor,135000
2024-11-01,3413,0,Foreign_Dealer_Self,0
2024-11-01,3413,9000,Investment_Trust,0
2024-11-01,3413,2000,Dealer_self,5060
2024-11-01,3413,24051,Dealer_Hedging,1255
2024-11-04,3413,298000,Foreign_Investor,397000
2024-11-04,3413,0,Foreign_Dealer_Self,0
2024-11-04,3413,153000,Investment_Trust,303500
2024-11-04,3413,3000,Dealer_self,3978
2024-11-04,3413,7000,Dealer_Hedging,20007
2024-11-05,3413,478000,Foreign_Investor,255000
2024-11-05,3413,0,Foreign_Dealer_Self,0
2024-11-05,3413,21000,Investment_Trust,195000
2024-11-05,3413,917,Dealer_self,9000
2024-11-05,3413,63514,Dealer_Hedging,4656
2024-11-06,3413,649864,Foreign_Investor,321200
2024-11-06,3413,0,Foreign_Dealer_Self,0
2024-11-06,3413,0,Investment_Trust,193000
2024-11-06,3413,0,Dealer_self,0
2024-11-06,3413,41262,Dealer_Hedging,39465
2024-11-07,3413,423111,Foreign_Investor,2921000
2024-11-07,3413,0,Foreign_Dealer_Self,0
2024-11-07,3413,0,Investment_Trust,205000
2024-11-07,3413,55000,Dealer_self,51111
2024-11-07,3413,31000,Dealer_Hedging,82294
2024-11-08,3413,580233,Foreign_Investor,673810
2024-11-08,3413,0,Foreign_Dealer_Self,0
2024-11-08,3413,0,Investment_Trust,61000
2024-11-08,3413,25000,Dealer_self,21989
2024-11-08,3413,8000,Dealer_Hedging,30100
2024-11-11,3413,418060,Foreign_Investor,273013
2024-11-11,3413,0,Foreign_Dealer_Self,0
2024-11-11,3413,0,Investment_Trust,31000
2024-11-11,3413,21000,Dealer_self,22567
2024-11-11,3413,16432,Dealer_Hedging,14322
2024-11-12,3413,349020,Foreign_Investor,422228
2024-11-12,3413,0,Foreign_Dealer_Self,0
2024-11-12,3413,9000,Dealer_self,12476
2024-11-12,3413,5000,Dealer_Hedging,31731
2024-11-12,3413,0,Investment_Trust,315000
2024-11-13,3413,591686,Foreign_Investor,189061
2024-11-13,3413,0,Foreign_Dealer_Self,0
2024-11-13,3413,4000,Dealer_self,7756
2024-11-13,3413,12000,Dealer_Hedging,17382
2024-11-13,3413,143000,Investment_Trust,973000
2024-11-14,3413,645000,Foreign_Investor,579000
2024-11-14,3413,0,Foreign_Dealer_Self,0
2024-11-14,3413,7000,Dealer_self,64890
2024-11-14,3413,19000,Dealer_Hedging,28120
2024-11-14,3413,262000,Investment_Trust,1019000
2024-11-15,3413,569000,Foreign_Investor,162100
2024-11-15,3413,0,Foreign_Dealer_Self,0
2024-11-15,3413,5000,Dealer_self,6521
2024-11-15,3413,4000,Dealer_Hedging,4000
2024-11-15,3413,0,Investment_Trust,449000
2024-11-18,3413,282733,Foreign_Investor,349000
2024-11-18,3413,0,Foreign_Dealer_Self,0
2024-11-18,3413,95000,Investment_Trust,53000
2024-11-18,3413,16000,Dealer_self,23981
2024-11-18,3413,19096,Dealer_Hedging,23176
2024-11-19,3413,507000,Foreign_Investor,593469
2024-11-19,3413,0,Foreign_Dealer_Self,0
2024-11-19,3413,165000,Investment_Trust,52000
2024-11-19,3413,5000,Dealer_self,6375
2024-11-19,3413,12000,Dealer_Hedging,1000
2024-11-20,3413,232000,Foreign_Investor,434198
2024-11-20,3413,0,Foreign_Dealer_Self,0
2024-11-20,3413,115000,Investment_Trust,50000
2024-11-20,3413,21000,Dealer_self,17147
2024-11-20,3413,11300,Dealer_Hedging,9000
2024-11-21,3413,167000,Foreign_Investor,460264
2024-11-21,3413,0,Foreign_Dealer_Self,0
2024-11-21,3413,86000,Investment_Trust,0
2024-11-21,3413,5000,Dealer_self,5217
2024-11-21,3413,9000,Dealer_Hedging,3000
2024-11-22,3413,264792,Foreign_Investor,517900
2024-11-22,3413,0,Foreign_Dealer_Self,0
2024-11-22,3413,0,Investment_Trust,0
2024-11-22,3413,47000,Dealer_self,15919
2024-11-22,3413,12000,Dealer_Hedging,5000
2024-11-25,3413,289012,Foreign_Investor,321373
2024-11-25,3413,0,Foreign_Dealer_Self,0
2024-11-25,3413,0,Investment_Trust,3000
2024-11-25,3413,8000,Dealer_self,3446
2024-11-25,3413,5000,Dealer_Hedging,5000
2024-11-26,3413,62000,Foreign_Investor,143500
2024-11-26,3413,0,Foreign_Dealer_Self,0
2024-11-26,3413,0,Investment_Trust,0
2024-11-26,3413,7000,Dealer_self,7367
2024-11-26,3413,1000,Dealer_Hedging,15000
2024-11-27,3413,152000,Foreign_Investor,255542
2024-11-27,3413,0,Foreign_Dealer_Self,0
2024-11-27,3413,52000,Investment_Trust,66000
2024-11-27,3413,11096,Dealer_self,10646
2024-11-27,3413,0,Dealer_Hedging,16389
2024-11-28,3413,290000,Foreign_Investor,120000
2024-11-28,3413,0,Foreign_Dealer_Self,0
2024-11-28,3413,17000,Investment_Trust,171000
2024-11-28,3413,8000,Dealer_self,41656
2024-11-28,3413,7000,Dealer_Hedging,15511
2024-11-29,3413,294000,Foreign_Investor,98000
2024-11-29,3413,0,Foreign_Dealer_Self,0
2024-11-29,3413,0,Investment_Trust,111000
2024-11-29,3413,3000,Dealer_self,4457
2024-11-29,3413,16022,Dealer_Hedging,2000
2024-12-02,3413,298000,Foreign_Investor,335000
2024-12-02,3413,0,Foreign_Dealer_Self,0
2024-12-02,3413,1000,Investment_Trust,111000
2024-12-02,3413,7014,Dealer_self,5403
2024-12-02,3413,17000,Dealer_Hedging,7000
2024-12-03,3413,448000,Foreign_Investor,536088
2024-12-03,3413,0,Foreign_Dealer_Self,0
2024-12-03,3413,0,Investment_Trust,0
2024-12-03,3413,5000,Dealer_self,13266
2024-12-03,3413,17800,Dealer_Hedging,11000
2024-12-04,3413,264000,Foreign_Investor,197000
2024-12-04,3413,0,Foreign_Dealer_Self,0
2024-12-04,3413,0,Investment_Trust,6000
2024-12-04,3413,0,Dealer_self,0
2024-12-04,3413,11000,Dealer_Hedging,11000
2024-12-05,3413,159000,Foreign_Investor,244000
2024-12-05,3413,0,Foreign_Dealer_Self,0
2024-12-05,3413,0,Investment_Trust,63000
2024-12-05,3413,3000,Dealer_self,3630
2024-12-05,3413,10000,Dealer_Hedging,21000
2024-12-06,3413,148000,Foreign_Investor,139000
2024-12-06,3413,0,Foreign_Dealer_Self,0
2024-12-06,3413,0,Investment_Trust,73000
2024-12-06,3413,1000,Dealer_self,1638
2024-12-06,3413,5014,Dealer_Hedging,4324
2024-12-09,3413,302014,Foreign_Investor,290000
2024-12-09,3413,0,Foreign_Dealer_Self,0
2024-12-09,3413,0,Investment_Trust,53000
2024-12-09,3413,16000,Dealer_self,7551
2024-12-09,3413,0,Dealer_Hedging,13941
2024-12-10,3413,243000,Foreign_Investor,185000
2024-12-10,3413,0,Foreign_Dealer_Self,0
2024-12-10,3413,0,Investment_Trust,76000
2024-12-10,3413,0,Dealer_self,0
2024-12-10,3413,4014,Dealer_Hedging,4000
2024-12-11,3413,397346,Foreign_Investor,854000
2024-12-11,3413,0,Foreign_Dealer_Self,0
2024-12-11,3413,16000,Investment_Trust,55000
2024-12-11,3413,21000,Dealer_self,19462
2024-12-11,3413,5164,Dealer_Hedging,18765
2024-12-12,3413,275000,Foreign_Investor,419000
2024-12-12,3413,0,Foreign_Dealer_Self,0
2024-12-12,3413,0,Investment_Trust,35000
2024-12-12,3413,9000,Dealer_self,6210
2024-12-12,3413,15061,Dealer_Hedging,9974
2024-12-13,3413,185000,Foreign_Investor,121000
2024-12-13,3413,0,Foreign_Dealer_Self,0
2024-12-13,3413,0,Investment_Trust,1000
2024-12-13,3413,1000,Dealer_self,2260
2024-12-13,3413,15001,Dealer_Hedging,9057
2024-12-16,3413,185000,Foreign_Investor,570000
2024-12-16,3413,0,Foreign_Dealer_Self,0
2024-12-16,3413,0,Investment_Trust,1000
2024-12-16,3413,17000,Dealer_self,17520
2024-12-16,3413,6000,Dealer_Hedging,33215
2024-12-17,3413,316000,Foreign_Investor,194000
2024-12-17,3413,0,Foreign_Dealer_Self,0
2024-12-17,3413,0,Investment_Trust,85000
2024-12-17,3413,3000,Dealer_self,825
2024-12-17,3413,18775,Dealer_Hedging,3000
2024-12-18,3413,74000,Foreign_Investor,110000
2024-12-18,3413,0,Foreign_Dealer_Self,0
2024-12-18,3413,0,Investment_Trust,0
2024-12-18,3413,4000,Dealer_self,9444
2024-12-18,3413,0,Dealer_Hedging,15000
2024-12-19,3413,152500,Foreign_Investor,362000
2024-12-19,3413,0,Foreign_Dealer_Self,0
2024-12-19,3413,0,Investment_Trust,36000
2024-12-19,3413,17000,Dealer_self,13805
2024-12-19,3413,1033,Dealer_Hedging,2000
2024-12-20,3413,281500,Foreign_Investor,140080
2024-12-20,3413,0,Foreign_Dealer_Self,0
2024-12-20,3413,0,Investment_Trust,159000
2024-12-20,3413,5000,Dealer_self,9484
2024-12-20,3413,586,Dealer_Hedging,3000
2024-12-23,3413,156000,Foreign_Investor,108000
2024-12-23,3413,0,Foreign_Dealer_Self,0
2024-12-23,3413,0,Investment_Trust,120000
2024-12-23,3413,3000,Dealer_self,10295
2024-12-23,3413,5218,Dealer_Hedging,1011
2024-12-24,3413,75000,Foreign_Investor,137000
2024-12-24,3413,0,Foreign_Dealer_Self,0
2024-12-24,3413,0,Investment_Trust,0
2024-12-24,3413,4000,Dealer_self,2908
2024-12-24,3413,2000,Dealer_Hedging,6000
2024-12-25,3413,105673,Foreign_Investor,62000
2024-12-25,3413,0,Foreign_Dealer_Self,0
2024-12-25,3413,0,Investment_Trust,5000
2024-12-25,3413,3000,Dealer_self,651
2024-12-25,3413,9000,Dealer_Hedging,1000
2024-12-26,3413,46000,Foreign_Investor,144000
2024-12-26,3413,0,Foreign_Dealer_Self,0
2024-12-26,3413,0,Investment_Trust,0
2024-12-26,3413,3000,Dealer_self,3152
2024-12-26,3413,1000,Dealer_Hedging,6127
2024-12-27,3413,27000,Foreign_Investor,197000
2024-12-27,3413,0,Foreign_Dealer_Self,0
2024-12-27,3413,0,Investment_Trust,1000
2024-12-27,3413,28000,Dealer_self,7594
2024-12-27,3413,3000,Dealer_Hedging,12256
2024-12-30,3413,98000,Foreign_Investor,367294
2024-12-30,3413,0,Foreign_Dealer_Self,0
2024-12-30,3413,0,Investment_Trust,22000
2024-12-30,3413,24000,Dealer_self,26669
2024-12-30,3413,8000,Dealer_Hedging,19064
2024-12-31,3413,257000,Foreign_Investor,253286
2024-12-31,3413,0,Foreign_Dealer_Self,0
2024-12-31,3413,0,Investment_Trust,33000
2024-12-31,3413,3020,Dealer_self,11354
2024-12-31,3413,13447,Dealer_Hedging,2041
2025-01-02,3413,245161,Foreign_Investor,325523
2025-01-02,3413,0,Foreign_Dealer_Self,0
2025-01-02,3413,0,Investment_Trust,5000
2025-01-02,3413,7000,Dealer_self,9455
2025-01-02,3413,9036,Dealer_Hedging,10668
2025-01-03,3413,79000,Foreign_Investor,211000
2025-01-03,3413,0,Foreign_Dealer_Self,0
2025-01-03,3413,0,Investment_Trust,12000
2025-01-03,3413,0,Dealer_self,336
2025-01-03,3413,5235,Dealer_Hedging,10701
2025-01-06,3413,282000,Foreign_Investor,125000
2025-01-06,3413,0,Foreign_Dealer_Self,0
2025-01-06,3413,0,Investment_Trust,5000
2025-01-06,3413,7000,Dealer_self,1136
2025-01-06,3413,28274,Dealer_Hedging,5000
2025-01-07,3413,524000,Foreign_Investor,149000
2025-01-07,3413,0,Foreign_Dealer_Self,0
2025-01-07,3413,0,Investment_Trust,50000
2025-01-07,3413,30018,Dealer_self,1000
2025-01-07,3413,42157,Dealer_Hedging,16681
2025-01-08,3413,46000,Foreign_Investor,268402
2025-01-08,3413,0,Foreign_Dealer_Self,0
2025-01-08,3413,0,Investment_Trust,15000
2025-01-08,3413,7000,Dealer_self,3053
2025-01-08,3413,1000,Dealer_Hedging,35654
2025-01-09,3413,110000,Foreign_Investor,533413
2025-01-09,3413,0,Foreign_Dealer_Self,0
2025-01-09,3413,0,Investment_Trust,5000
2025-01-09,3413,18000,Dealer_self,19011
2025-01-09,3413,9118,Dealer_Hedging,37059
2025-01-10,3413,171418,Foreign_Investor,213804
2025-01-10,3413,0,Foreign_Dealer_Self,0
2025-01-10,3413,0,Investment_Trust,2000
2025-01-10,3413,0,Dealer_self,1034
2025-01-10,3413,9188,Dealer_Hedging,0
2025-01-13,3413,53000,Foreign_Investor,588000
2025-01-13,3413,0,Foreign_Dealer_Self,0
2025-01-13,3413,1000,Investment_Trust,0
2025-01-13,3413,25532,Dealer_self,39951
2025-01-13,3413,3150,Dealer_Hedging,28918
2025-01-14,3413,156000,Foreign_Investor,134000
2025-01-14,3413,0,Foreign_Dealer_Self,0
2025-01-14,3413,0,Investment_Trust,0
2025-01-14,3413,2000,Dealer_self,4183
2025-01-14,3413,11850,Dealer_Hedging,1000
2025-01-15,3413,31028,Foreign_Investor,242000
2025-01-15,3413,0,Foreign_Dealer_Self,0
2025-01-15,3413,1000,Investment_Trust,0
2025-01-15,3413,17000,Dealer_self,17317
2025-01-15,3413,0,Dealer_Hedging,6000
2025-01-16,3413,316000,Foreign_Investor,232000
2025-01-16,3413,0,Foreign_Dealer_Self,0
2025-01-16,3413,0,Investment_Trust,20000
2025-01-16,3413,2274,Dealer_self,3319
2025-01-16,3413,3030,Dealer_Hedging,0
2025-01-17,3413,132000,Foreign_Investor,312058
2025-01-17,3413,0,Foreign_Dealer_Self,0
2025-01-17,3413,1000,Investment_Trust,0
2025-01-17,3413,5000,Dealer_self,5135
2025-01-17,3413,1198,Dealer_Hedging,0
2025-01-20,3413,98517,Foreign_Investor,85074
2025-01-20,3413,0,Foreign_Dealer_Self,0
2025-01-20,3413,0,Investment_Trust,0
2025-01-20,3413,0,Dealer_self,0
2025-01-20,3413,775,Dealer_Hedging,0
2025-01-21,3413,82000,Foreign_Investor,55000
2025-01-21,3413,0,Foreign_Dealer_Self,0
2025-01-21,3413,0,Investment_Trust,36000
2025-01-21,3413,1000,Dealer_self,790
2025-01-21,3413,0,Dealer_Hedging,1002
2025-01-22,3413,164000,Foreign_Investor,29000
2025-01-22,3413,0,Foreign_Dealer_Self,0
2025-01-22,3413,0,Investment_Trust,24000
2025-01-22,3413,2000,Dealer_self,0
2025-01-22,3413,2000,Dealer_Hedging,2000
2025-02-03,3413,287023,Foreign_Investor,957014
2025-02-03,3413,0,Foreign_Dealer_Self,0
2025-02-03,3413,15000,Investment_Trust,0
2025-02-03,3413,48000,Dealer_self,48930
2025-02-03,3413,167,Dealer_Hedging,18325
2025-02-04,3413,213462,Foreign_Investor,323150
2025-02-04,3413,0,Foreign_Dealer_Self,0
2025-02-04,3413,0,Investment_Trust,0
2025-02-04,3413,11000,Dealer_self,72656
2025-02-04,3413,0,Dealer_Hedging,1223
2025-02-05,3413,182462,Foreign_Investor,401000
2025-02-05,3413,0,Foreign_Dealer_Self,0
2025-02-05,3413,1000,Investment_Trust,19000
2025-02-05,3413,2000,Dealer_self,31454
2025-02-05,3413,1884,Dealer_Hedging,0
2025-02-06,3413,229462,Foreign_Investor,313000
2025-02-06,3413,0,Foreign_Dealer_Self,0
2025-02-06,3413,0,Investment_Trust,0
2025-02-06,3413,7000,Dealer_self,27151
2025-02-06,3413,100,Dealer_Hedging,197
2025-02-07,3413,804462,Foreign_Investor,249000
2025-02-07,3413,0,Foreign_Dealer_Self,0
2025-02-07,3413,21000,Investment_Trust,0
2025-02-07,3413,55000,Dealer_self,4425
2025-02-07,3413,51368,Dealer_Hedging,0
2025-02-10,3413,364184,Foreign_Investor,419402
2025-02-10,3413,0,Foreign_Dealer_Self,0
2025-02-10,3413,3000,Investment_Trust,1000
2025-02-10,3413,3000,Dealer_self,2119
2025-02-10,3413,3000,Dealer_Hedging,18000
2025-02-11,3413,194462,Foreign_Investor,75748
2025-02-11,3413,0,Foreign_Dealer_Self,0
2025-02-11,3413,0,Investment_Trust,43000
2025-02-11,3413,6000,Dealer_self,4433
2025-02-11,3413,0,Dealer_Hedging,4525
2025-02-12,3413,192429,Foreign_Investor,136402
2025-02-12,3413,0,Foreign_Dealer_Self,0
2025-02-12,3413,2000,Investment_Trust,27000
2025-02-12,3413,2000,Dealer_self,4010
2025-02-12,3413,1000,Dealer_Hedging,2000
2025-02-13,3413,508462,Foreign_Investor,118000
2025-02-13,3413,0,Foreign_Dealer_Self,0
2025-02-13,3413,3000,Investment_Trust,99000
2025-02-13,3413,1000,Dealer_self,0
2025-02-13,3413,11836,Dealer_Hedging,0
2025-02-14,3413,114000,Foreign_Investor,152402
2025-02-14,3413,0,Foreign_Dealer_Self,0
2025-02-14,3413,2000,Investment_Trust,42000
2025-02-14,3413,8000,Dealer_self,0
2025-02-14,3413,1000,Dealer_Hedging,6001
2025-02-17,3413,309462,Foreign_Investor,59000
2025-02-17,3413,0,Foreign_Dealer_Self,0
2025-02-17,3413,1000,Investment_Trust,22000
2025-02-17,3413,1000,Dealer_self,0
2025-02-17,3413,9142,Dealer_Hedging,1460
2025-02-18,3413,242000,Foreign_Investor,135000
2025-02-18,3413,0,Foreign_Dealer_Self,0
2025-02-18,3413,0,Investment_Trust,95000
2025-02-18,3413,2000,Dealer_self,1010
2025-02-18,3413,1912,Dealer_Hedging,4204
2025-02-19,3413,382000,Foreign_Investor,105000
2025-02-19,3413,0,Foreign_Dealer_Self,0
2025-02-19,3413,0,Investment_Trust,79000
2025-02-19,3413,2000,Dealer_self,0
2025-02-19,3413,16212,Dealer_Hedging,0
2025-02-20,3413,147000,Foreign_Investor,169402
2025-02-20,3413,0,Foreign_Dealer_Self,0
2025-02-20,3413,0,Investment_Trust,2000
2025-02-20,3413,1000,Dealer_self,0
2025-02-20,3413,0,Dealer_Hedging,5566
2025-02-21,3413,267190,Foreign_Investor,193000
2025-02-21,3413,0,Foreign_Dealer_Self,0
2025-02-21,3413,1000,Investment_Trust,40000
2025-02-21,3413,6000,Dealer_self,0
2025-02-21,3413,4000,Dealer_Hedging,5000
2025-02-24,3413,90000,Foreign_Investor,26000
2025-02-24,3413,0,Foreign_Dealer_Self,0
2025-02-24,3413,0,Investment_Trust,17000
2025-02-24,3413,0,Dealer_self,4000
2025-02-24,3413,8000,Dealer_Hedging,0
2025-02-25,3413,83000,Foreign_Investor,156000
2025-02-25,3413,0,Foreign_Dealer_Self,0
2025-02-25,3413,2000,Investment_Trust,59000
2025-02-25,3413,1000,Dealer_self,3000
2025-02-25,3413,86,Dealer_Hedging,5000
2025-02-26,3413,100000,Foreign_Investor,127103
2025-02-26,3413,0,Foreign_Dealer_Self,0
2025-02-26,3413,0,Investment_Trust,13000
2025-02-26,3413,0,Dealer_self,1000
2025-02-26,3413,9000,Dealer_Hedging,2000
2025-02-27,3413,636294,Foreign_Investor,970000
2025-02-27,3413,0,Foreign_Dealer_Self,0
2025-02-27,3413,1000,Investment_Trust,47000
2025-02-27,3413,59000,Dealer_self,5012
2025-02-27,3413,9000,Dealer_Hedging,12571
2025-03-03,3413,355221,Foreign_Investor,519184
2025-03-03,3413,0,Foreign_Dealer_Self,0
2025-03-03,3413,5000,Investment_Trust,0
2025-03-03,3413,32000,Dealer_self,20820
2025-03-03,3413,2000,Dealer_Hedging,14836
2025-03-04,3413,370060,Foreign_Investor,253000
2025-03-04,3413,0,Foreign_Dealer_Self,0
2025-03-04,3413,2000,Investment_Trust,0
2025-03-04,3413,3000,Dealer_self,5664
2025-03-04,3413,13011,Dealer_Hedging,2000
2025-03-05,3413,107056,Foreign_Investor,273000
2025-03-05,3413,0,Foreign_Dealer_Self,0
2025-03-05,3413,0,Investment_Trust,87000
2025-03-05,3413,4000,Dealer_self,4207
2025-03-05,3413,3000,Dealer_Hedging,0
2025-03-06,3413,108011,Foreign_Investor,322000
2025-03-06,3413,0,Foreign_Dealer_Self,0
2025-03-06,3413,0,Investment_Trust,67000
2025-03-06,3413,19000,Dealer_self,12741
2025-03-06,3413,2000,Dealer_Hedging,2999
2025-03-07,3413,135701,Foreign_Investor,332000
2025-03-07,3413,0,Foreign_Dealer_Self,0
2025-03-07,3413,1000,Investment_Trust,48000
2025-03-07,3413,19000,Dealer_self,16140
2025-03-07,3413,2500,Dealer_Hedging,2318
2025-03-10,3413,95000,Foreign_Investor,363000
2025-03-10,3413,0,Foreign_Dealer_Self,0
2025-03-10,3413,0,Investment_Trust,24000
2025-03-10,3413,10000,Dealer_self,9333
2025-03-10,3413,2000,Dealer_Hedging,5097
2025-03-11,3413,193056,Foreign_Investor,428000
2025-03-11,3413,0,Foreign_Dealer_Self,0
2025-03-11,3413,1000,Investment_Trust,0
2025-03-11,3413,16000,Dealer_self,29150
2025-03-11,3413,10777,Dealer_Hedging,8190
2025-03-12,3413,150739,Foreign_Investor,208004
2025-03-12,3413,0,Foreign_Dealer_Self,0
2025-03-12,3413,0,Investment_Trust,10000
2025-03-12,3413,7000,Dealer_self,9258
2025-03-12,3413,0,Dealer_Hedging,2000
2025-03-13,3413,258256,Foreign_Investor,344000
2025-03-13,3413,0,Foreign_Dealer_Self,0
2025-03-13,3413,0,Investment_Trust,1000
2025-03-13,3413,2059,Dealer_self,16969
2025-03-13,3413,7080,Dealer_Hedging,3200
2025-03-14,3413,184200,Foreign_Investor,390000
2025-03-14,3413,0,Foreign_Dealer_Self,0
2025-03-14,3413,1000,Investment_Trust,7000
2025-03-14,3413,9000,Dealer_self,7504
2025-03-14,3413,0,Dealer_Hedging,6471
2025-03-17,3413,244056,Foreign_Investor,387258
2025-03-17,3413,0,Foreign_Dealer_Self,0
2025-03-17,3413,0,Investment_Trust,0
2025-03-17,3413,9000,Dealer_self,5203
2025-03-17,3413,1000,Dealer_Hedging,0
2025-03-18,3413,278000,Foreign_Investor,433000
2025-03-18,3413,0,Foreign_Dealer_Self,0
2025-03-18,3413,0,Investment_Trust,17000
2025-03-18,3413,5000,Dealer_self,5738
2025-03-18,3413,0,Dealer_Hedging,2000
2025-03-19,3413,178000,Foreign_Investor,418000
2025-03-19,3413,0,Foreign_Dealer_Self,0
2025-03-19,3413,0,Investment_Trust,28000
2025-03-19,3413,5000,Dealer_self,3689
2025-03-19,3413,2000,Dealer_Hedging,3000
2025-03-20,3413,419200,Foreign_Investor,445066
2025-03-20,3413,0,Foreign_Dealer_Self,0
2025-03-20,3413,0,Investment_Trust,0
2025-03-20,3413,2000,Dealer_self,1448
2025-03-20,3413,1934,Dealer_Hedging,1000
2025-03-21,3413,146015,Foreign_Investor,349100
2025-03-21,3413,0,Foreign_Dealer_Self,0
2025-03-21,3413,0,Investment_Trust,11000
2025-03-21,3413,8000,Dealer_self,3359
2025-03-21,3413,0,Dealer_Hedging,501
2025-03-24,3413,186000,Foreign_Investor,413000
2025-03-24,3413,0,Foreign_Dealer_Self,0
2025-03-24,3413,0,Investment_Trust,2000
2025-03-24,3413,20000,Dealer_self,33028
2025-03-24,3413,0,Dealer_Hedging,2000
2025-03-25,3413,173000,Foreign_Investor,571000
2025-03-25,3413,0,Foreign_Dealer_Self,0
2025-03-25,3413,0,Investment_Trust,11000
2025-03-25,3413,14000,Dealer_self,14396
2025-03-25,3413,0,Dealer_Hedging,4999
2025-03-26,3413,318000,Foreign_Investor,480000
2025-03-26,3413,0,Foreign_Dealer_Self,0
2025-03-26,3413,0,Investment_Trust,0
2025-03-26,3413,8000,Dealer_self,3737
2025-03-26,3413,0,Dealer_Hedging,0
2025-03-27,3413,278000,Foreign_Investor,436200
2025-03-27,3413,0,Foreign_Dealer_Self,0
2025-03-27,3413,1000,Investment_Trust,0
2025-03-27,3413,10000,Dealer_self,10446
2025-03-27,3413,0,Dealer_Hedging,3000
2025-03-28,3413,71150,Foreign_Investor,626055
2025-03-28,3413,0,Foreign_Dealer_Self,0
2025-03-28,3413,2000,Investment_Trust,0
2025-03-28,3413,23000,Dealer_self,22299
2025-03-28,3413,0,Dealer_Hedging,4008
2025-03-31,3413,256000,Foreign_Investor,734945
2025-03-31,3413,0,Foreign_Dealer_Self,0
2025-03-31,3413,2000,Investment_Trust,0
2025-03-31,3413,35000,Dealer_self,82868
2025-03-31,3413,10383,Dealer_Hedging,12315
2025-04-01,3413,335000,Foreign_Investor,615727
2025-04-01,3413,0,Foreign_Dealer_Self,0
2025-04-01,3413,8000,Investment_Trust,0
2025-04-01,3413,2000,Dealer_self,2727
2025-04-01,3413,2000,Dealer_Hedging,2000
2025-04-02,3413,249000,Foreign_Investor,242000
2025-04-02,3413,0,Foreign_Dealer_Self,0
2025-04-02,3413,0,Investment_Trust,4000
2025-04-02,3413,2000,Dealer_self,4194
2025-04-02,3413,1000,Dealer_Hedging,2506
2025-04-07,3413,102000,Foreign_Investor,22000
2025-04-07,3413,0,Foreign_Dealer_Self,0
2025-04-07,3413,0,Investment_Trust,0
2025-04-07,3413,0,Dealer_self,381
2025-04-07,3413,0,Dealer_Hedging,0
2025-04-08,3413,534000,Foreign_Investor,242339
2025-04-08,3413,0,Foreign_Dealer_Self,0
2025-04-08,3413,0,Investment_Trust,12000
2025-04-08,3413,25000,Dealer_self,25014
2025-04-08,3413,5000,Dealer_Hedging,6072
2025-04-09,3413,1405200,Foreign_Investor,916020
2025-04-09,3413,0,Foreign_Dealer_Self,0
2025-04-09,3413,0,Investment_Trust,1000
2025-04-09,3413,27000,Dealer_self,81579
2025-04-09,3413,2000,Dealer_Hedging,10924
2025-04-10,3413,9000,Foreign_Investor,6000
2025-04-10,3413,0,Foreign_Dealer_Self,0
2025-04-10,3413,0,Investment_Trust,0
2025-04-10,3413,0,Dealer_self,0
2025-04-10,3413,2000,Dealer_Hedging,1000
2025-04-11,3413,633409,Foreign_Investor,788000
2025-04-11,3413,0,Foreign_Dealer_Self,0
2025-04-11,3413,1000,Investment_Trust,0
2025-04-11,3413,24000,Dealer_self,22930
2025-04-11,3413,4082,Dealer_Hedging,1011
2025-04-14,3413,493157,Foreign_Investor,570009
2025-04-14,3413,0,Foreign_Dealer_Self,0
2025-04-14,3413,0,Investment_Trust,4000
2025-04-14,3413,8000,Dealer_self,12064
2025-04-14,3413,4661,Dealer_Hedging,82
2025-04-15,3413,384040,Foreign_Investor,255157
2025-04-15,3413,0,Foreign_Dealer_Self,0
2025-04-15,3413,0,Investment_Trust,0
2025-04-15,3413,1000,Dealer_self,916
2025-04-15,3413,2400,Dealer_Hedging,1114
2025-04-16,3413,264253,Foreign_Investor,409001
2025-04-16,3413,0,Foreign_Dealer_Self,0
2025-04-16,3413,0,Investment_Trust,0
2025-04-16,3413,6000,Dealer_self,8338
2025-04-16,3413,255,Dealer_Hedging,294
2025-04-17,3413,248043,Foreign_Investor,160038
2025-04-17,3413,0,Foreign_Dealer_Self,0
2025-04-17,3413,0,Investment_Trust,0
2025-04-17,3413,1000,Dealer_self,1375
2025-04-17,3413,0,Dealer_Hedging,1000
2025-04-18,3413,86997,Foreign_Investor,66526
2025-04-18,3413,0,Foreign_Dealer_Self,0
2025-04-18,3413,2000,Investment_Trust,0
2025-04-18,3413,2000,Dealer_self,2068
2025-04-18,3413,0,Dealer_Hedging,1000
2025-04-21,3413,124098,Foreign_Investor,124629
2025-04-21,3413,0,Foreign_Dealer_Self,0
2025-04-21,3413,0,Investment_Trust,0
2025-04-21,3413,10000,Dealer_self,5866
2025-04-21,3413,0,Dealer_Hedging,2000
2025-04-22,3413,382001,Foreign_Investor,168000
2025-04-22,3413,0,Foreign_Dealer_Self,0
2025-04-22,3413,0,Investment_Trust,0
2025-04-22,3413,2000,Dealer_self,1571
2025-04-22,3413,3177,Dealer_Hedging,202
2025-04-24,3413,110000,Foreign_Investor,119000
2025-04-24,3413,0,Foreign_Dealer_Self,0
2025-04-24,3413,0,Investment_Trust,4000
2025-04-24,3413,12877,Dealer_self,2000
2025-04-24,3413,4000,Dealer_Hedging,108
2025-04-25,3413,526116,Foreign_Investor,1032470
2025-04-25,3413,0,Foreign_Dealer_Self,0
2025-04-25,3413,84000,Investment_Trust,0
2025-04-25,3413,4000,Dealer_self,17237
2025-04-25,3413,1000,Dealer_Hedging,1242
2025-04-28,3413,0,Foreign_Dealer_Self,0
2025-04-28,3413,0,Investment_Trust,0
2025-04-28,3413,0,Dealer_self,1
2025-04-28,3413,3493,Dealer_Hedging,2355
2025-04-28,3413,333000,Foreign_Investor,284000
2025-04-29,3413,307449,Foreign_Investor,260000
2025-04-29,3413,0,Foreign_Dealer_Self,0
2025-04-29,3413,0,Investment_Trust,0
2025-04-29,3413,0,Dealer_self,4000
2025-04-29,3413,15277,Dealer_Hedging,105
2025-04-30,3413,386000,Foreign_Investor,455049
2025-04-30,3413,0,Foreign_Dealer_Self,0
2025-04-30,3413,0,Investment_Trust,0
2025-04-30,3413,0,Dealer_self,9000
2025-04-30,3413,1000,Dealer_Hedging,3388
2025-05-02,3413,207000,Foreign_Investor,255739
2025-05-02,3413,0,Foreign_Dealer_Self,0
2025-05-02,3413,20000,Investment_Trust,0
2025-05-02,3413,0,Dealer_self,350
2025-05-02,3413,1000,Dealer_Hedging,0
2025-05-05,3413,433128,Foreign_Investor,356000
2025-05-05,3413,0,Foreign_Dealer_Self,0
2025-05-05,3413,0,Investment_Trust,0
2025-05-05,3413,6000,Dealer_self,3077
2025-05-05,3413,16000,Dealer_Hedging,1689
2025-05-06,3413,229058,Foreign_Investor,120000
2025-05-06,3413,0,Foreign_Dealer_Self,0
2025-05-06,3413,0,Investment_Trust,4000
2025-05-06,3413,0,Dealer_self,4000
2025-05-06,3413,2000,Dealer_Hedging,1000
2025-05-07,3413,344090,Foreign_Investor,339186
2025-05-07,3413,0,Foreign_Dealer_Self,0
2025-05-07,3413,0,Investment_Trust,0
2025-05-07,3413,0,Dealer_self,3000
2025-05-07,3413,1905,Dealer_Hedging,2254
2025-05-08,3413,739666,Foreign_Investor,401000
2025-05-08,3413,0,Foreign_Dealer_Self,0
2025-05-08,3413,44000,Investment_Trust,0
2025-05-08,3413,2000,Dealer_self,0
2025-05-08,3413,22371,Dealer_Hedging,0
2025-05-09,3413,270328,Foreign_Investor,496166
2025-05-09,3413,0,Foreign_Dealer_Self,0
2025-05-09,3413,0,Investment_Trust,0
2025-05-09,3413,0,Dealer_self,0
2025-05-09,3413,0,Dealer_Hedging,4001
2025-05-12,3413,241000,Foreign_Investor,352323
2025-05-12,3413,0,Foreign_Dealer_Self,0
2025-05-12,3413,9000,Investment_Trust,0
2025-05-12,3413,1000,Dealer_self,0
2025-05-12,3413,1000,Dealer_Hedging,1000
2025-05-13,3413,221000,Foreign_Investor,284000
2025-05-13,3413,0,Foreign_Dealer_Self,0
2025-05-13,3413,0,Investment_Trust,0
2025-05-13,3413,1000,Dealer_self,1434
2025-05-13,3413,0,Dealer_Hedging,3014
2025-05-14,3413,450200,Foreign_Investor,226020
2025-05-14,3413,0,Foreign_Dealer_Self,0
2025-05-14,3413,0,Investment_Trust,0
2025-05-14,3413,11000,Dealer_self,0
2025-05-14,3413,1063,Dealer_Hedging,681
2025-05-15,3413,234006,Foreign_Investor,395000
2025-05-15,3413,0,Foreign_Dealer_Self,0
2025-05-15,3413,268000,Investment_Trust,0
2025-05-15,3413,0,Dealer_self,6000
2025-05-15,3413,1482,Dealer_Hedging,1051
2025-05-16,3413,95400,Foreign_Investor,302000
2025-05-16,3413,0,Foreign_Dealer_Self,0
2025-05-16,3413,74000,Investment_Trust,0
2025-05-16,3413,7000,Dealer_self,183
2025-05-16,3413,150,Dealer_Hedging,2196
2025-05-19,3413,239011,Foreign_Investor,564000
2025-05-19,3413,0,Foreign_Dealer_Self,0
2025-05-19,3413,123000,Investment_Trust,10000
2025-05-19,3413,0,Dealer_self,400
2025-05-19,3413,0,Dealer_Hedging,3313
2025-05-20,3413,309713,Foreign_Investor,308000
2025-05-20,3413,0,Foreign_Dealer_Self,0
2025-05-20,3413,41000,Investment_Trust,67000
2025-05-20,3413,1000,Dealer_self,0
2025-05-20,3413,0,Dealer_Hedging,2095
2025-05-21,3413,384539,Foreign_Investor,228679
2025-05-21,3413,0,Foreign_Dealer_Self,0
2025-05-21,3413,106000,Investment_Trust,0
2025-05-21,3413,0,Dealer_self,0
2025-05-21,3413,5653,Dealer_Hedging,2000
2025-05-22,3413,285005,Foreign_Investor,375619
2025-05-22,3413,0,Foreign_Dealer_Self,0
2025-05-22,3413,99000,Investment_Trust,1000
2025-05-22,3413,0,Dealer_self,3411
2025-05-22,3413,325,Dealer_Hedging,1583
2025-05-23,3413,150030,Foreign_Investor,342000
2025-05-23,3413,0,Foreign_Dealer_Self,0
2025-05-23,3413,150000,Investment_Trust,0
2025-05-23,3413,0,Dealer_self,1000
2025-05-23,3413,0,Dealer_Hedging,1866
2025-05-26,3413,183560,Foreign_Investor,171000
2025-05-26,3413,0,Foreign_Dealer_Self,0
2025-05-26,3413,0,Investment_Trust,1000
2025-05-26,3413,0,Dealer_self,4000
2025-05-26,3413,1000,Dealer_Hedging,1074
2025-05-27,3413,184454,Foreign_Investor,238451
2025-05-27,3413,0,Foreign_Dealer_Self,0
2025-05-27,3413,0,Investment_Trust,1000
2025-05-27,3413,2000,Dealer_self,11569
2025-05-27,3413,0,Dealer_Hedging,3220
2025-05-28,3413,252116,Foreign_Investor,176222
2025-05-28,3413,0,Foreign_Dealer_Self,0
2025-05-28,3413,0,Investment_Trust,0
2025-05-28,3413,0,Dealer_self,0
2025-05-28,3413,0,Dealer_Hedging,0
2025-05-29,3413,408554,Foreign_Investor,408653
2025-05-29,3413,0,Foreign_Dealer_Self,0
2025-05-29,3413,77000,Investment_Trust,0
2025-05-29,3413,2000,Dealer_self,5000
2025-05-29,3413,2405,Dealer_Hedging,5046
2025-06-02,3413,331359,Foreign_Investor,270000
2025-06-02,3413,0,Foreign_Dealer_Self,0
2025-06-02,3413,116000,Investment_Trust,1000
2025-06-02,3413,3000,Dealer_self,5214
2025-06-02,3413,362,Dealer_Hedging,1172
2025-06-03,3413,508209,Foreign_Investor,711328
2025-06-03,3413,0,Foreign_Dealer_Self,0
2025-06-03,3413,456000,Investment_Trust,0
2025-06-03,3413,0,Dealer_self,0
2025-06-03,3413,10773,Dealer_Hedging,2210
2025-06-04,3413,260004,Foreign_Investor,638016
2025-06-04,3413,0,Foreign_Dealer_Self,0
2025-06-04,3413,236000,Investment_Trust,0
2025-06-04,3413,2000,Dealer_self,1000
2025-06-04,3413,3000,Dealer_Hedging,3321
2025-06-05,3413,208000,Foreign_Investor,246000
2025-06-05,3413,0,Foreign_Dealer_Self,0
2025-06-05,3413,44000,Investment_Trust,0
2025-06-05,3413,0,Dealer_self,1000
2025-06-05,3413,561,Dealer_Hedging,1000
2025-06-06,3413,309000,Foreign_Investor,479979
2025-06-06,3413,0,Foreign_Dealer_Self,0
2025-06-06,3413,40000,Investment_Trust,0
2025-06-06,3413,0,Dealer_self,0
2025-06-06,3413,684,Dealer_Hedging,1
2025-06-09,3413,306056,Foreign_Investor,127000
2025-06-09,3413,0,Foreign_Dealer_Self,0
2025-06-09,3413,0,Investment_Trust,0
2025-06-09,3413,1000,Dealer_self,1000
2025-06-09,3413,12661,Dealer_Hedging,7000
2025-06-10,3413,380115,Foreign_Investor,275056
2025-06-10,3413,0,Foreign_Dealer_Self,0
2025-06-10,3413,0,Investment_Trust,0
2025-06-10,3413,4000,Dealer_self,7600
2025-06-10,3413,3078,Dealer_Hedging,3527
2025-06-11,3413,209707,Foreign_Investor,199446
2025-06-11,3413,0,Foreign_Dealer_Self,0
2025-06-11,3413,47000,Investment_Trust,0
2025-06-11,3413,2000,Dealer_self,7000
2025-06-11,3413,167,Dealer_Hedging,0
2025-06-12,3413,265063,Foreign_Investor,175000
2025-06-12,3413,0,Foreign_Dealer_Self,0
2025-06-12,3413,0,Investment_Trust,0
2025-06-12,3413,0,Dealer_self,1000
2025-06-12,3413,168,Dealer_Hedging,2000
2025-06-13,3413,231006,Foreign_Investor,314681
2025-06-13,3413,0,Foreign_Dealer_Self,0
2025-06-13,3413,0,Investment_Trust,0
2025-06-13,3413,0,Dealer_self,10550
2025-06-13,3413,0,Dealer_Hedging,9370
2025-06-16,3413,319000,Foreign_Investor,222000
2025-06-16,3413,0,Foreign_Dealer_Self,0
2025-06-16,3413,0,Investment_Trust,0
2025-06-16,3413,1000,Dealer_self,1000
2025-06-16,3413,0,Dealer_Hedging,0
2025-06-17,3413,214034,Foreign_Investor,238000
2025-06-17,3413,0,Foreign_Dealer_Self,0
2025-06-17,3413,9000,Investment_Trust,1000
2025-06-17,3413,0,Dealer_self,2000
2025-06-17,3413,0,Dealer_Hedging,0
2025-06-18,3413,395000,Foreign_Investor,356000
2025-06-18,3413,0,Foreign_Dealer_Self,0
2025-06-18,3413,0,Investment_Trust,0
2025-06-18,3413,550,Dealer_self,5000
2025-06-18,3413,1416,Dealer_Hedging,21146
2025-06-19,3413,117029,Foreign_Investor,292300
2025-06-19,3413,0,Foreign_Dealer_Self,0
2025-06-19,3413,0,Investment_Trust,0
2025-06-19,3413,0,Dealer_self,1000
2025-06-19,3413,14000,Dealer_Hedging,12018
2025-06-20,3413,591000,Foreign_Investor,796000
2025-06-20,3413,0,Foreign_Dealer_Self,0
2025-06-20,3413,0,Investment_Trust,124000
2025-06-20,3413,13000,Dealer_self,14349
2025-06-20,3413,16000,Dealer_Hedging,4649
2025-06-23,3413,410000,Foreign_Investor,251080
2025-06-23,3413,0,Foreign_Dealer_Self,0
2025-06-23,3413,0,Investment_Trust,223000
2025-06-23,3413,2087,Dealer_self,1668
2025-06-23,3413,1481,Dealer_Hedging,6000
2025-06-24,3413,818045,Foreign_Investor,157000
2025-06-24,3413,0,Foreign_Dealer_Self,0
2025-06-24,3413,0,Investment_Trust,0
2025-06-24,3413,4000,Dealer_self,0
2025-06-24,3413,19602,Dealer_Hedging,3000
2025-06-25,3413,677000,Foreign_Investor,335009
2025-06-25,3413,0,Foreign_Dealer_Self,0
2025-06-25,3413,0,Investment_Trust,54000
2025-06-25,3413,38158,Dealer_self,0
2025-06-25,3413,16161,Dealer_Hedging,7000
2025-06-26,3413,276974,Foreign_Investor,782521
2025-06-26,3413,0,Foreign_Dealer_Self,0
2025-06-26,3413,0,Investment_Trust,3000
2025-06-26,3413,17000,Dealer_self,2000
2025-06-26,3413,5000,Dealer_Hedging,24008
2025-06-27,3413,255211,Foreign_Investor,278000
2025-06-27,3413,0,Foreign_Dealer_Self,0
2025-06-27,3413,0,Investment_Trust,35000
2025-06-27,3413,2000,Dealer_self,11000
2025-06-27,3413,1000,Dealer_Hedging,149
2025-06-30,3413,173623,Foreign_Investor,128000
2025-06-30,3413,0,Foreign_Dealer_Self,0
2025-06-30,3413,0,Investment_Trust,105000
2025-06-30,3413,1000,Dealer_self,4000
2025-06-30,3413,0,Dealer_Hedging,6315
2025-07-01,3413,201000,Foreign_Investor,179000
2025-07-01,3413,0,Foreign_Dealer_Self,0
2025-07-01,3413,0,Investment_Trust,0
2025-07-01,3413,5000,Dealer_self,6500
2025-07-01,3413,7976,Dealer_Hedging,5146
2025-07-02,3413,88000,Foreign_Investor,76000
2025-07-02,3413,0,Foreign_Dealer_Self,0
2025-07-02,3413,0,Investment_Trust,10000
2025-07-02,3413,4000,Dealer_self,11000
2025-07-02,3413,3000,Dealer_Hedging,2402
2025-07-03,3413,100183,Foreign_Investor,131000
2025-07-03,3413,0,Foreign_Dealer_Self,0
2025-07-03,3413,0,Investment_Trust,6000
2025-07-03,3413,1225,Dealer_self,4000
2025-07-03,3413,3196,Dealer_Hedging,887
2025-07-04,3413,82000,Foreign_Investor,130000
2025-07-04,3413,0,Foreign_Dealer_Self,0
2025-07-04,3413,10000,Investment_Trust,4000
2025-07-04,3413,0,Dealer_self,27000
2025-07-04,3413,4000,Dealer_Hedging,9135
2025-07-07,3413,249060,Foreign_Investor,156000
2025-07-07,3413,0,Foreign_Dealer_Self,0
2025-07-07,3413,0,Investment_Trust,0
2025-07-07,3413,0,Dealer_self,13000
2025-07-07,3413,665,Dealer_Hedging,2089
2025-07-08,3413,156000,Foreign_Investor,202600
2025-07-08,3413,0,Foreign_Dealer_Self,0
2025-07-08,3413,0,Investment_Trust,41000
2025-07-08,3413,2044,Dealer_self,0
2025-07-08,3413,3121,Dealer_Hedging,3903
2025-07-09,3413,257000,Foreign_Investor,209454
2025-07-09,3413,0,Foreign_Dealer_Self,0
2025-07-09,3413,0,Investment_Trust,3000
2025-07-09,3413,0,Dealer_self,0
2025-07-09,3413,1070,Dealer_Hedging,853
2025-07-10,3413,407131,Foreign_Investor,161000
2025-07-10,3413,0,Foreign_Dealer_Self,0
2025-07-10,3413,0,Investment_Trust,10000
2025-07-10,3413,41000,Dealer_self,1000
2025-07-10,3413,12249,Dealer_Hedging,5372
2025-07-11,3413,359100,Foreign_Investor,352000
2025-07-11,3413,0,Foreign_Dealer_Self,0
2025-07-11,3413,3000,Investment_Trust,21000
2025-07-11,3413,20000,Dealer_self,8000
2025-07-11,3413,5783,Dealer_Hedging,10801
2025-07-14,3413,186017,Foreign_Investor,277000
2025-07-14,3413,0,Foreign_Dealer_Self,0
2025-07-14,3413,15000,Investment_Trust,1000
2025-07-14,3413,0,Dealer_self,0
2025-07-14,3413,5347,Dealer_Hedging,7682
2025-07-15,3413,174035,Foreign_Investor,243000
2025-07-15,3413,0,Foreign_Dealer_Self,0
2025-07-15,3413,0,Investment_Trust,1000
2025-07-15,3413,3000,Dealer_self,2000
2025-07-15,3413,4074,Dealer_Hedging,1098
2025-07-16,3413,383000,Foreign_Investor,290553
2025-07-16,3413,0,Foreign_Dealer_Self,0
2025-07-16,3413,0,Investment_Trust,8000
2025-07-16,3413,2000,Dealer_self,2412
2025-07-16,3413,1285,Dealer_Hedging,126
2025-07-17,3413,565325,Foreign_Investor,72420
2025-07-17,3413,0,Foreign_Dealer_Self,0
2025-07-17,3413,10000,Investment_Trust,4000
2025-07-17,3413,19000,Dealer_self,1000
2025-07-17,3413,12226,Dealer_Hedging,4000
2025-07-18,3413,90150,Foreign_Investor,200000
2025-07-18,3413,0,Foreign_Dealer_Self,0
2025-07-18,3413,0,Investment_Trust,27000
2025-07-18,3413,2000,Dealer_self,38000
2025-07-18,3413,7000,Dealer_Hedging,12300
2025-07-21,3413,241000,Foreign_Investor,418000
2025-07-21,3413,0,Foreign_Dealer_Self,0
2025-07-21,3413,9000,Investment_Trust,121000
2025-07-21,3413,0,Dealer_self,1000
2025-07-21,3413,13000,Dealer_Hedging,12909
2025-07-22,3413,284000,Foreign_Investor,318300
2025-07-22,3413,0,Foreign_Dealer_Self,0
2025-07-22,3413,5000,Investment_Trust,3943
2025-07-22,3413,1000,Dealer_self,28000
2025-07-22,3413,19318,Dealer_Hedging,29210
2025-07-23,3413,159026,Foreign_Investor,61000
2025-07-23,3413,0,Foreign_Dealer_Self,0
2025-07-23,3413,0,Investment_Trust,0
2025-07-23,3413,6000,Dealer_self,0
2025-07-23,3413,4418,Dealer_Hedging,2980
2025-07-24,3413,280000,Foreign_Investor,82000
2025-07-24,3413,0,Foreign_Dealer_Self,0
2025-07-24,3413,4000,Investment_Trust,4000
2025-07-24,3413,9000,Dealer_self,3000
2025-07-24,3413,8010,Dealer_Hedging,2265
2025-07-25,3413,61000,Foreign_Investor,68000
2025-07-25,3413,0,Foreign_Dealer_Self,0
2025-07-25,3413,0,Investment_Trust,1000
2025-07-25,3413,1000,Dealer_self,4517
2025-07-25,3413,2561,Dealer_Hedging,11870
2025-07-28,3413,277000,Foreign_Investor,49000
2025-07-28,3413,0,Foreign_Dealer_Self,0
2025-07-28,3413,0,Investment_Trust,0
2025-07-28,3413,0,Dealer_self,1274
2025-07-28,3413,12424,Dealer_Hedging,756
2025-07-29,3413,55390,Foreign_Investor,172000
2025-07-29,3413,0,Foreign_Dealer_Self,0
2025-07-29,3413,4000,Investment_Trust,5000
2025-07-29,3413,1000,Dealer_self,2000
2025-07-29,3413,3658,Dealer_Hedging,10792
2025-07-30,3413,113000,Foreign_Investor,46340
2025-07-30,3413,0,Foreign_Dealer_Self,0
2025-07-30,3413,0,Investment_Trust,0
2025-07-30,3413,89,Dealer_self,0
2025-07-30,3413,1000,Dealer_Hedging,2109
2025-07-31,3413,253000,Foreign_Investor,126200
2025-07-31,3413,0,Foreign_Dealer_Self,0
2025-07-31,3413,0,Investment_Trust,11000
2025-07-31,3413,4000,Dealer_self,1250
2025-07-31,3413,9577,Dealer_Hedging,3630
2025-08-01,3413,386000,Foreign_Investor,189000
2025-08-01,3413,0,Foreign_Dealer_Self,0
2025-08-01,3413,4000,Investment_Trust,0
2025-08-01,3413,1000,Dealer_self,29000
2025-08-01,3413,6124,Dealer_Hedging,3333
2025-08-04,3413,77004,Foreign_Investor,305000
2025-08-04,3413,0,Foreign_Dealer_Self,0
2025-08-04,3413,0,Investment_Trust,1000
2025-08-04,3413,2000,Dealer_self,1000
2025-08-04,3413,8000,Dealer_Hedging,11549
2025-08-05,3413,450300,Foreign_Investor,79122
2025-08-05,3413,0,Foreign_Dealer_Self,0
2025-08-05,3413,0,Investment_Trust,1000
2025-08-05,3413,0,Dealer_self,2000
2025-08-05,3413,11411,Dealer_Hedging,3000
2025-08-06,3413,51000,Foreign_Investor,148242
2025-08-06,3413,0,Foreign_Dealer_Self,0
2025-08-06,3413,0,Investment_Trust,0
2025-08-06,3413,30000,Dealer_self,0
2025-08-06,3413,959,Dealer_Hedging,3194
2025-08-07,3413,617151,Foreign_Investor,1579150
2025-08-07,3413,0,Foreign_Dealer_Self,0
2025-08-07,3413,17000,Investment_Trust,2000
2025-08-07,3413,1000,Dealer_self,16733
2025-08-07,3413,122347,Dealer_Hedging,67548
2025-08-08,3413,235005,Foreign_Investor,819000
2025-08-08,3413,0,Foreign_Dealer_Self,0
2025-08-08,3413,0,Investment_Trust,13000
2025-08-08,3413,200,Dealer_self,2000
2025-08-08,3413,18269,Dealer_Hedging,44436
2025-08-11,3413,268000,Foreign_Investor,757000
2025-08-11,3413,0,Foreign_Dealer_Self,0
2025-08-11,3413,0,Investment_Trust,14000
2025-08-11,3413,23000,Dealer_self,0
2025-08-11,3413,50000,Dealer_Hedging,70195
2025-08-12,3413,134000,Foreign_Investor,899101
2025-08-12,3413,0,Foreign_Dealer_Self,0
2025-08-12,3413,0,Investment_Trust,33000
2025-08-12,3413,13000,Dealer_self,0
2025-08-12,3413,42000,Dealer_Hedging,46691
2025-08-13,3413,369000,Foreign_Investor,693000
2025-08-13,3413,0,Foreign_Dealer_Self,0
2025-08-13,3413,0,Investment_Trust,5000
2025-08-13,3413,4000,Dealer_self,4000
2025-08-13,3413,40000,Dealer_Hedging,39770
2025-08-14,3413,119051,Foreign_Investor,419000
2025-08-14,3413,0,Foreign_Dealer_Self,0
2025-08-14,3413,0,Investment_Trust,13000
2025-08-14,3413,1000,Dealer_self,3000
2025-08-14,3413,20511,Dealer_Hedging,23028
2025-08-15,3413,66160,Foreign_Investor,521318
2025-08-15,3413,0,Foreign_Dealer_Self,0
2025-08-15,3413,0,Investment_Trust,47000
2025-08-15,3413,13000,Dealer_self,8350
2025-08-15,3413,36000,Dealer_Hedging,40683
2025-08-18,3413,334000,Foreign_Investor,567015
2025-08-18,3413,0,Foreign_Dealer_Self,0
2025-08-18,3413,0,Investment_Trust,228000
2025-08-18,3413,0,Dealer_self,2000
2025-08-18,3413,91000,Dealer_Hedging,102021
2025-08-19,3413,128000,Foreign_Investor,604000
2025-08-19,3413,0,Foreign_Dealer_Self,0
2025-08-19,3413,0,Investment_Trust,14000
2025-08-19,3413,0,Dealer_self,0
2025-08-19,3413,22000,Dealer_Hedging,28099
2025-08-20,3413,231050,Foreign_Investor,774800
2025-08-20,3413,0,Foreign_Dealer_Self,0
2025-08-20,3413,0,Investment_Trust,18000
2025-08-20,3413,3000,Dealer_self,4000
2025-08-20,3413,66000,Dealer_Hedging,71283
2025-08-21,3413,263010,Foreign_Investor,420000
2025-08-21,3413,0,Foreign_Dealer_Self,0
2025-08-21,3413,0,Investment_Trust,1629
2025-08-21,3413,3000,Dealer_self,0
2025-08-21,3413,22796,Dealer_Hedging,23151
2025-08-22,3413,193050,Foreign_Investor,591000
2025-08-22,3413,0,Foreign_Dealer_Self,0
2025-08-22,3413,0,Investment_Trust,2000
2025-08-22,3413,1000,Dealer_self,927
2025-08-22,3413,22127,Dealer_Hedging,20866
2025-08-25,3413,64000,Foreign_Investor,281808
2025-08-25,3413,0,Foreign_Dealer_Self,0
2025-08-25,3413,0,Investment_Trust,10000
2025-08-25,3413,0,Dealer_self,5000
2025-08-25,3413,18005,Dealer_Hedging,17615
2025-08-26,3413,164986,Foreign_Investor,150299
2025-08-26,3413,0,Foreign_Dealer_Self,0
2025-08-26,3413,0,Investment_Trust,4000
2025-08-26,3413,0,Dealer_self,3000
2025-08-26,3413,15411,Dealer_Hedging,6116
2025-08-27,3413,313000,Foreign_Investor,333000
2025-08-27,3413,0,Foreign_Dealer_Self,0
2025-08-27,3413,0,Investment_Trust,42000
2025-08-27,3413,5000,Dealer_self,3000
2025-08-27,3413,30327,Dealer_Hedging,8219
2025-08-28,3413,194080,Foreign_Investor,216000
2025-08-28,3413,0,Foreign_Dealer_Self,0
2025-08-28,3413,0,Investment_Trust,27000
2025-08-28,3413,0,Dealer_self,1000
2025-08-28,3413,11000,Dealer_Hedging,16047
2025-08-29,3413,341012,Foreign_Investor,275000
2025-08-29,3413,0,Foreign_Dealer_Self,0
2025-08-29,3413,0,Investment_Trust,28000
2025-08-29,3413,1000,Dealer_self,11000
2025-08-29,3413,19891,Dealer_Hedging,6145
2025-09-01,3413,229000,Foreign_Investor,183000
2025-09-01,3413,0,Foreign_Dealer_Self,0
2025-09-01,3413,0,Investment_Trust,113000
2025-09-01,3413,1000,Dealer_self,8000
2025-09-01,3413,10486,Dealer_Hedging,31092
2025-09-02,3413,158108,Foreign_Investor,165000
2025-09-02,3413,0,Foreign_Dealer_Self,0
2025-09-02,3413,0,Investment_Trust,57000
2025-09-02,3413,0,Dealer_self,6000
2025-09-02,3413,10614,Dealer_Hedging,14476
2025-09-03,3413,167000,Foreign_Investor,94000
2025-09-03,3413,0,Foreign_Dealer_Self,0
2025-09-03,3413,0,Investment_Trust,1000
2025-09-03,3413,0,Dealer_self,4000
2025-09-03,3413,6000,Dealer_Hedging,4309
2025-09-04,3413,197017,Foreign_Investor,173000
2025-09-04,3413,0,Foreign_Dealer_Self,0
2025-09-04,3413,0,Investment_Trust,37000
2025-09-04,3413,1000,Dealer_self,0
2025-09-04,3413,4064,Dealer_Hedging,4619
2025-09-05,3413,155010,Foreign_Investor,35000
2025-09-05,3413,0,Foreign_Dealer_Self,0
2025-09-05,3413,0,Investment_Trust,27000
2025-09-05,3413,1000,Dealer_self,0
2025-09-05,3413,3824,Dealer_Hedging,2509
2025-09-08,3413,236050,Foreign_Investor,119000
2025-09-08,3413,0,Foreign_Dealer_Self,0
2025-09-08,3413,0,Investment_Trust,47000
2025-09-08,3413,0,Dealer_self,0
2025-09-08,3413,4000,Dealer_Hedging,2319
2025-09-09,3413,839000,Foreign_Investor,332000
2025-09-09,3413,0,Foreign_Dealer_Self,0
2025-09-09,3413,10000,Investment_Trust,3000
2025-09-09,3413,4000,Dealer_self,22000
2025-09-09,3413,51326,Dealer_Hedging,11958
2025-09-10,3413,218100,Foreign_Investor,428000
2025-09-10,3413,0,Foreign_Dealer_Self,0
2025-09-10,3413,0,Investment_Trust,3000
2025-09-10,3413,14000,Dealer_self,11000
2025-09-10,3413,38927,Dealer_Hedging,12301
2025-09-11,3413,390000,Foreign_Investor,203000
2025-09-11,3413,0,Foreign_Dealer_Self,0
2025-09-11,3413,0,Investment_Trust,70000
2025-09-11,3413,3000,Dealer_self,12000
2025-09-11,3413,2418,Dealer_Hedging,16649
2025-09-12,3413,373000,Foreign_Investor,423000
2025-09-12,3413,0,Foreign_Dealer_Self,0
2025-09-12,3413,0,Investment_Trust,6000
2025-09-12,3413,8000,Dealer_self,50000
2025-09-12,3413,12342,Dealer_Hedging,6167
2025-09-15,3413,163000,Foreign_Investor,211050
2025-09-15,3413,0,Foreign_Dealer_Self,0
2025-09-15,3413,0,Investment_Trust,72000
2025-09-15,3413,1000,Dealer_self,0
2025-09-15,3413,4000,Dealer_Hedging,6010
2025-09-16,3413,189000,Foreign_Investor,104000
2025-09-16,3413,0,Foreign_Dealer_Self,0
2025-09-16,3413,0,Investment_Trust,4000
2025-09-16,3413,0,Dealer_self,0
2025-09-16,3413,5000,Dealer_Hedging,2514
2025-09-17,3413,140000,Foreign_Investor,325579
2025-09-17,3413,0,Foreign_Dealer_Self,0
2025-09-17,3413,0,Investment_Trust,20000
2025-09-17,3413,4000,Dealer_self,0
2025-09-17,3413,23000,Dealer_Hedging,16511
2025-09-18,3413,231106,Foreign_Investor,70000
2025-09-18,3413,0,Foreign_Dealer_Self,0
2025-09-18,3413,0,Investment_Trust,11000
2025-09-18,3413,9000,Dealer_self,0
2025-09-18,3413,19686,Dealer_Hedging,255
2025-09-19,3413,0,Foreign_Dealer_Self,0
2025-09-19,3413,0,Investment_Trust,20000
2025-09-19,3413,2000,Dealer_self,3000
2025-09-19,3413,1258,Dealer_Hedging,8414
2025-09-19,3413,648000,Foreign_Investor,524000
2025-09-22,3413,370000,Foreign_Investor,255000
2025-09-22,3413,0,Foreign_Dealer_Self,0
2025-09-22,3413,0,Investment_Trust,2000
2025-09-22,3413,4000,Dealer_self,13000
2025-09-22,3413,27865,Dealer_Hedging,6291
2025-09-23,3413,962400,Foreign_Investor,370010
2025-09-23,3413,0,Foreign_Dealer_Self,0
2025-09-23,3413,0,Investment_Trust,19000
2025-09-23,3413,6000,Dealer_self,25000
2025-09-23,3413,49742,Dealer_Hedging,20257
2025-09-24,3413,231105,Foreign_Investor,294000
2025-09-24,3413,0,Foreign_Dealer_Self,0
2025-09-24,3413,0,Investment_Trust,20000
2025-09-24,3413,7000,Dealer_self,0
2025-09-24,3413,1971,Dealer_Hedging,20595
2025-09-25,3413,480008,Foreign_Investor,360000
2025-09-25,3413,0,Foreign_Dealer_Self,0
2025-09-25,3413,61000,Investment_Trust,14000
2025-09-25,3413,2000,Dealer_self,7000
2025-09-25,3413,16601,Dealer_Hedging,15536
2025-09-26,3413,298000,Foreign_Investor,869000
2025-09-26,3413,0,Foreign_Dealer_Self,0
2025-09-26,3413,11000,Investment_Trust,1000
2025-09-26,3413,4000,Dealer_self,18000
2025-09-26,3413,38000,Dealer_Hedging,44349
2025-09-30,3413,401000,Foreign_Investor,448290
2025-09-30,3413,0,Foreign_Dealer_Self,0
2025-09-30,3413,190000,Investment_Trust,0
2025-09-30,3413,2000,Dealer_self,2000
2025-09-30,3413,4740,Dealer_Hedging,3596
2025-10-01,3413,134015,Foreign_Investor,535000
2025-10-01,3413,0,Foreign_Dealer_Self,0
2025-10-01,3413,262000,Investment_Trust,0
2025-10-01,3413,4000,Dealer_self,0
2025-10-01,3413,8000,Dealer_Hedging,9413
2025-10-02,3413,631000,Foreign_Investor,403030
2025-10-02,3413,0,Foreign_Dealer_Self,0
2025-10-02,3413,228000,Investment_Trust,98000
2025-10-02,3413,35000,Dealer_self,6000
2025-10-02,3413,25627,Dealer_Hedging,28000
2025-10-03,3413,476000,Foreign_Investor,331000
2025-10-03,3413,0,Foreign_Dealer_Self,0
2025-10-03,3413,24000,Investment_Trust,94000
2025-10-03,3413,8000,Dealer_self,3000
2025-10-03,3413,14685,Dealer_Hedging,10001
2025-10-07,3413,1705150,Foreign_Investor,708250
2025-10-07,3413,0,Foreign_Dealer_Self,0
2025-10-07,3413,40000,Investment_Trust,166000
2025-10-07,3413,6000,Dealer_self,41000
2025-10-07,3413,355894,Dealer_Hedging,43101
2025-10-08,3413,1073010,Foreign_Investor,1780000
2025-10-08,3413,0,Foreign_Dealer_Self,0
2025-10-08,3413,105000,Investment_Trust,17000
2025-10-08,3413,20650,Dealer_self,6000
2025-10-08,3413,78271,Dealer_Hedging,124489
2025-10-09,3413,842247,Foreign_Investor,1396010
2025-10-09,3413,0,Foreign_Dealer_Self,0
2025-10-09,3413,0,Investment_Trust,7000
2025-10-09,3413,86000,Dealer_self,4000
2025-10-09,3413,108898,Dealer_Hedging,70495
2025-10-13,3413,616105,Foreign_Investor,623150
2025-10-13,3413,0,Foreign_Dealer_Self,0
2025-10-13,3413,0,Investment_Trust,5000
2025-10-13,3413,12000,Dealer_self,9000
2025-10-13,3413,35275,Dealer_Hedging,41777
2025-10-14,3413,766000,Foreign_Investor,531194
2025-10-14,3413,0,Foreign_Dealer_Self,0
2025-10-14,3413,0,Investment_Trust,2000
2025-10-14,3413,9000,Dealer_self,80000
2025-10-14,3413,22152,Dealer_Hedging,201736
2025-10-15,3413,0,Foreign_Dealer_Self,0
2025-10-15,3413,0,Investment_Trust,46000
2025-10-15,3413,2000,Dealer_self,41650
2025-10-15,3413,26187,Dealer_Hedging,26676
2025-10-15,3413,684184,Foreign_Investor,850500
2025-10-16,3413,907000,Foreign_Investor,1048200
2025-10-16,3413,0,Foreign_Dealer_Self,0
2025-10-16,3413,0,Investment_Trust,68000
2025-10-16,3413,99000,Dealer_self,2000
2025-10-16,3413,114396,Dealer_Hedging,26011
2025-10-17,3413,453015,Foreign_Investor,821000
2025-10-17,3413,0,Foreign_Dealer_Self,0
2025-10-17,3413,0,Investment_Trust,40000
2025-10-17,3413,1000,Dealer_self,55000
2025-10-17,3413,41371,Dealer_Hedging,80099
2025-10-20,3413,180016,Foreign_Investor,411000
2025-10-20,3413,0,Foreign_Dealer_Self,0
2025-10-20,3413,35000,Investment_Trust,102000
2025-10-20,3413,2000,Dealer_self,0
2025-10-20,3413,47686,Dealer_Hedging,28512
2025-10-21,3413,667000,Foreign_Investor,515300
2025-10-21,3413,0,Foreign_Dealer_Self,0
2025-10-21,3413,0,Investment_Trust,13000
2025-10-21,3413,31000,Dealer_self,6000
2025-10-21,3413,126272,Dealer_Hedging,38796
2025-10-22,3413,172180,Foreign_Investor,530080
2025-10-22,3413,0,Foreign_Dealer_Self,0
2025-10-22,3413,0,Investment_Trust,1000
2025-10-22,3413,4000,Dealer_self,21000
2025-10-22,3413,2246,Dealer_Hedging,91804
2025-10-23,3413,143000,Foreign_Investor,369000
2025-10-23,3413,0,Foreign_Dealer_Self,0
2025-10-23,3413,0,Investment_Trust,36000
2025-10-23,3413,0,Dealer_self,2000
2025-10-23,3413,17000,Dealer_Hedging,38448
2025-10-27,3413,460381,Foreign_Investor,521000
2025-10-27,3413,0,Foreign_Dealer_Self,0
2025-10-27,3413,40000,Investment_Trust,298000
2025-10-27,3413,4000,Dealer_self,6000
2025-10-27,3413,21244,Dealer_Hedging,20527
2025-10-28,3413,352021,Foreign_Investor,282000
2025-10-28,3413,0,Foreign_Dealer_Self,0
2025-10-28,3413,0,Investment_Trust,1000
2025-10-28,3413,3000,Dealer_self,6000
2025-10-28,3413,6354,Dealer_Hedging,5178
2025-10-29,3413,1346000,Foreign_Investor,762000
2025-10-29,3413,0,Foreign_Dealer_Self,0
2025-10-29,3413,12000,Investment_Trust,57000
2025-10-29,3413,15000,Dealer_self,21000
2025-10-29,3413,130610,Dealer_Hedging,33319
2025-10-30,3413,2910175,Foreign_Investor,1877798
2025-10-30,3413,0,Foreign_Dealer_Self,0
2025-10-30,3413,20000,Investment_Trust,2000
2025-10-30,3413,83000,Dealer_self,11000
2025-10-30,3413,638612,Dealer_Hedging,148804
2025-10-31,3413,1216000,Foreign_Investor,2114087
2025-10-31,3413,0,Foreign_Dealer_Self,0
2025-10-31,3413,0,Investment_Trust,11000
2025-10-31,3413,15000,Dealer_self,6000
2025-10-31,3413,210404,Dealer_Hedging,159942
2025-11-03,3413,728000,Foreign_Investor,1030000
2025-11-03,3413,0,Foreign_Dealer_Self,0
2025-11-03,3413,0,Investment_Trust,3000
2025-11-03,3413,25000,Dealer_self,40000
2025-11-03,3413,49052,Dealer_Hedging,97776
2025-11-04,3413,1855000,Foreign_Investor,671000
2025-11-04,3413,0,Foreign_Dealer_Self,0
2025-11-04,3413,3000,Investment_Trust,0
2025-11-04,3413,1000,Dealer_self,39000
2025-11-04,3413,18268,Dealer_Hedging,188009
2025-11-05,3413,996100,Foreign_Investor,1426040
2025-11-05,3413,0,Foreign_Dealer_Self,0
2025-11-05,3413,0,Investment_Trust,3000
2025-11-05,3413,2000,Dealer_self,1000
2025-11-05,3413,222696,Dealer_Hedging,102943
2025-11-06,3413,726749,Foreign_Investor,906000
2025-11-06,3413,0,Foreign_Dealer_Self,0
2025-11-06,3413,0,Investment_Trust,0
2025-11-06,3413,2000,Dealer_self,0
2025-11-06,3413,51976,Dealer_Hedging,67895
2025-11-07,3413,614500,Foreign_Investor,2261020
2025-11-07,3413,0,Foreign_Dealer_Self,0
2025-11-07,3413,0,Investment_Trust,33000
2025-11-07,3413,447,Dealer_self,11000
2025-11-07,3413,18000,Dealer_Hedging,217089
2025-11-10,3413,724000,Foreign_Investor,699000
2025-11-10,3413,0,Foreign_Dealer_Self,0
2025-11-10,3413,0,Investment_Trust,1000
2025-11-10,3413,3000,Dealer_self,8000
2025-11-10,3413,46419,Dealer_Hedging,117784
2025-11-11,3413,414200,Foreign_Investor,795000
2025-11-11,3413,0,Foreign_Dealer_Self,0
2025-11-11,3413,0,Investment_Trust,16000
2025-11-11,3413,0,Dealer_self,0
2025-11-11,3413,37702,Dealer_Hedging,63345
2025-11-12,3413,349060,Foreign_Investor,496020
2025-11-12,3413,0,Foreign_Dealer_Self,0
2025-11-12,3413,0,Investment_Trust,39000
2025-11-12,3413,0,Dealer_self,4000
2025-11-12,3413,37622,Dealer_Hedging,43836
2025-11-13,3413,1369020,Foreign_Investor,462040
2025-11-13,3413,0,Foreign_Dealer_Self,0
2025-11-13,3413,0,Investment_Trust,86000
2025-11-13,3413,2000,Dealer_self,35000
2025-11-13,3413,60836,Dealer_Hedging,77875
2025-11-14,3413,288100,Foreign_Investor,433000
2025-11-14,3413,0,Foreign_Dealer_Self,0
2025-11-14,3413,0,Investment_Trust,22000
2025-11-14,3413,0,Dealer_self,0
2025-11-14,3413,47048,Dealer_Hedging,85128
2025-11-17,3413,255070,Foreign_Investor,471000
2025-11-17,3413,0,Foreign_Dealer_Self,0
2025-11-17,3413,0,Investment_Trust,4000
2025-11-17,3413,0,Dealer_self,5000
2025-11-17,3413,19661,Dealer_Hedging,34974
2025-11-18,3413,471000,Foreign_Investor,432020
2025-11-18,3413,0,Foreign_Dealer_Self,0
2025-11-18,3413,38000,Investment_Trust,254000
2025-11-18,3413,0,Dealer_self,2000
2025-11-18,3413,35358,Dealer_Hedging,75549
2025-11-19,3413,477000,Foreign_Investor,701000
2025-11-19,3413,0,Foreign_Dealer_Self,0
2025-11-19,3413,38000,Investment_Trust,267000
2025-11-19,3413,1000,Dealer_self,0
2025-11-19,3413,34000,Dealer_Hedging,64804
2025-11-20,3413,455000,Foreign_Investor,453738
2025-11-20,3413,0,Foreign_Dealer_Self,0
2025-11-20,3413,40000,Investment_Trust,259000
2025-11-20,3413,0,Dealer_self,0
2025-11-20,3413,35218,Dealer_Hedging,22447
2025-11-21,3413,463389,Foreign_Investor,545000
2025-11-21,3413,0,Foreign_Dealer_Self,0
2025-11-21,3413,0,Investment_Trust,366000
2025-11-21,3413,3000,Dealer_self,0
2025-11-21,3413,65000,Dealer_Hedging,94135
2025-11-24,3413,558000,Foreign_Investor,514039
2025-11-24,3413,0,Foreign_Dealer_Self,0
2025-11-24,3413,0,Investment_Trust,311000
2025-11-24,3413,1000,Dealer_self,0
2025-11-24,3413,19589,Dealer_Hedging,11307
2025-11-25,3413,377000,Foreign_Investor,369781
2025-11-25,3413,0,Foreign_Dealer_Self,0
2025-11-25,3413,0,Investment_Trust,280000
2025-11-25,3413,0,Dealer_self,1000
2025-11-25,3413,22997,Dealer_Hedging,4200
2025-11-26,3413,397000,Foreign_Investor,462000
2025-11-26,3413,0,Foreign_Dealer_Self,0
2025-11-26,3413,0,Investment_Trust,186000
2025-11-26,3413,1000,Dealer_self,0
2025-11-26,3413,94043,Dealer_Hedging,6604
2025-11-27,3413,258000,Foreign_Investor,276000
2025-11-27,3413,0,Foreign_Dealer_Self,0
2025-11-27,3413,0,Investment_Trust,2000
2025-11-27,3413,0,Dealer_self,1000
2025-11-27,3413,13199,Dealer_Hedging,35540
2025-11-28,3413,185000,Foreign_Investor,142550
2025-11-28,3413,0,Foreign_Dealer_Self,0
2025-11-28,3413,0,Investment_Trust,11000
2025-11-28,3413,2000,Dealer_self,0
2025-11-28,3413,2115,Dealer_Hedging,8857
2025-12-01,3413,223000,Foreign_Investor,367000
2025-12-01,3413,0,Foreign_Dealer_Self,0
2025-12-01,3413,262000,Investment_Trust,0
2025-12-01,3413,0,Dealer_self,2000
2025-12-01,3413,2240,Dealer_Hedging,7735
2025-12-02,3413,128000,Foreign_Investor,323000
2025-12-02,3413,0,Foreign_Dealer_Self,0
2025-12-02,3413,230000,Investment_Trust,1000
2025-12-02,3413,1000,Dealer_self,0
2025-12-02,3413,2489,Dealer_Hedging,6415
2025-12-03,3413,157004,Foreign_Investor,334000
2025-12-03,3413,0,Foreign_Dealer_Self,0
2025-12-03,3413,0,Investment_Trust,0
2025-12-03,3413,0,Dealer_self,0
2025-12-03,3413,3100,Dealer_Hedging,2444
2025-12-04,3413,88000,Foreign_Investor,279000
2025-12-04,3413,0,Foreign_Dealer_Self,0
2025-12-04,3413,0,Investment_Trust,11000
2025-12-04,3413,1000,Dealer_self,0
2025-12-04,3413,9000,Dealer_Hedging,14977
2025-12-05,3413,190000,Foreign_Investor,156000
2025-12-05,3413,0,Foreign_Dealer_Self,0
2025-12-05,3413,0,Investment_Trust,8000
2025-12-05,3413,4000,Dealer_self,1000
2025-12-05,3413,10000,Dealer_Hedging,23088
2025-12-08,3413,133000,Foreign_Investor,144000
2025-12-08,3413,0,Foreign_Dealer_Self,0
2025-12-08,3413,0,Investment_Trust,14000
2025-12-08,3413,2000,Dealer_self,0
2025-12-08,3413,7614,Dealer_Hedging,3412
2025-12-09,3413,333000,Foreign_Investor,837946
2025-12-09,3413,0,Foreign_Dealer_Self,0
2025-12-09,3413,0,Investment_Trust,26000
2025-12-09,3413,0,Dealer_self,1000
2025-12-09,3413,44000,Dealer_Hedging,82384
2025-12-10,3413,220000,Foreign_Investor,258000
2025-12-10,3413,0,Foreign_Dealer_Self,0
2025-12-10,3413,0,Investment_Trust,10000
2025-12-10,3413,1000,Dealer_self,1000
2025-12-10,3413,28531,Dealer_Hedging,38090
2025-12-11,3413,236500,Foreign_Investor,328000
2025-12-11,3413,0,Foreign_Dealer_Self,0
2025-12-11,3413,0,Investment_Trust,1000
2025-12-11,3413,0,Dealer_self,1000
2025-12-11,3413,12543,Dealer_Hedging,35581
2025-12-12,3413,298000,Foreign_Investor,540000
2025-12-12,3413,0,Foreign_Dealer_Self,0
2025-12-12,3413,0,Investment_Trust,0
2025-12-12,3413,1000,Dealer_self,1000
2025-12-12,3413,24783,Dealer_Hedging,23161
2025-12-15,3413,91000,Foreign_Investor,528000
2025-12-15,3413,0,Foreign_Dealer_Self,0
2025-12-15,3413,0,Investment_Trust,3000
2025-12-15,3413,0,Dealer_self,0
2025-12-15,3413,38000,Dealer_Hedging,83410
2025-12-16,3413,101267,Foreign_Investor,575105
2025-12-16,3413,0,Foreign_Dealer_Self,0
2025-12-16,3413,58000,Investment_Trust,1000
2025-12-16,3413,2000,Dealer_self,3000
2025-12-16,3413,28001,Dealer_Hedging,44341
2025-12-17,3413,358080,Foreign_Investor,437000
2025-12-17,3413,0,Foreign_Dealer_Self,0
2025-12-17,3413,42000,Investment_Trust,4000
2025-12-17,3413,0,Dealer_self,0
2025-12-17,3413,14040,Dealer_Hedging,9360
2025-12-18,3413,137000,Foreign_Investor,580000
2025-12-18,3413,0,Foreign_Dealer_Self,0
2025-12-18,3413,0,Investment_Trust,3000
2025-12-18,3413,1000,Dealer_self,0
2025-12-18,3413,27000,Dealer_Hedging,49210
2025-12-19,3413,267000,Foreign_Investor,219000
2025-12-19,3413,0,Foreign_Dealer_Self,0
2025-12-19,3413,0,Investment_Trust,4000
2025-12-19,3413,0,Dealer_self,1000
2025-12-19,3413,17000,Dealer_Hedging,14665
2025-12-22,3413,432000,Foreign_Investor,306000
2025-12-22,3413,0,Foreign_Dealer_Self,0
2025-12-22,3413,0,Investment_Trust,6000
2025-12-22,3413,0,Dealer_self,0
2025-12-22,3413,71443,Dealer_Hedging,2043
2025-12-23,3413,88000,Foreign_Investor,316913
2025-12-23,3413,0,Foreign_Dealer_Self,0
2025-12-23,3413,4000,Investment_Trust,0
2025-12-23,3413,0,Dealer_self,0
2025-12-23,3413,11082,Dealer_Hedging,24183
2025-12-24,3413,138000,Foreign_Investor,950000
2025-12-24,3413,0,Foreign_Dealer_Self,0
2025-12-24,3413,6000,Investment_Trust,2000
2025-12-24,3413,0,Dealer_self,0
2025-12-24,3413,52000,Dealer_Hedging,120010
2025-12-26,3413,177267,Foreign_Investor,869887
2025-12-26,3413,0,Foreign_Dealer_Self,0
2025-12-26,3413,0,Investment_Trust,3000
2025-12-26,3413,0,Dealer_self,0
2025-12-26,3413,38000,Dealer_Hedging,45525
2025-12-29,3413,45000,Foreign_Investor,628113
2025-12-29,3413,0,Foreign_Dealer_Self,0
2025-12-29,3413,0,Investment_Trust,5000
2025-12-29,3413,0,Dealer_self,0
2025-12-29,3413,38000,Dealer_Hedging,51644
2025-12-30,3413,154000,Foreign_Investor,686000
2025-12-30,3413,0,Foreign_Dealer_Self,0
2025-12-30,3413,0,Investment_Trust,12000
2025-12-30,3413,0,Dealer_self,0
2025-12-30,3413,75356,Dealer_Hedging,82202
2025-12-31,3413,365000,Foreign_Investor,297426
2025-12-31,3413,0,Foreign_Dealer_Self,0
2025-12-31,3413,0,Investment_Trust,215000
2025-12-31,3413,0,Dealer_self,14000
2025-12-31,3413,48000,Dealer_Hedging,54490
2026-01-02,3413,137000,Foreign_Investor,357000
2026-01-02,3413,0,Foreign_Dealer_Self,0
2026-01-02,3413,0,Investment_Trust,1000
2026-01-02,3413,7000,Dealer_self,5000
2026-01-02,3413,34646,Dealer_Hedging,24682
2026-01-05,3413,345150,Foreign_Investor,628000
2026-01-05,3413,0,Foreign_Dealer_Self,0
2026-01-05,3413,0,Investment_Trust,182000
2026-01-05,3413,0,Dealer_self,0
2026-01-05,3413,47000,Dealer_Hedging,48827
2026-01-06,3413,311000,Foreign_Investor,367000
2026-01-06,3413,0,Foreign_Dealer_Self,0
2026-01-06,3413,0,Investment_Trust,6000
2026-01-06,3413,1000,Dealer_self,0
2026-01-06,3413,53130,Dealer_Hedging,24470
2026-01-07,3413,498000,Foreign_Investor,440000
2026-01-07,3413,0,Foreign_Dealer_Self,0
2026-01-07,3413,7000,Investment_Trust,6000
2026-01-07,3413,20000,Dealer_self,0
2026-01-07,3413,66077,Dealer_Hedging,46194
2026-01-08,3413,176000,Foreign_Investor,1050700
2026-01-08,3413,0,Foreign_Dealer_Self,0
2026-01-08,3413,52000,Investment_Trust,11000
2026-01-08,3413,0,Dealer_self,0
2026-01-08,3413,34000,Dealer_Hedging,141296
2026-01-09,3413,305000,Foreign_Investor,488000
2026-01-09,3413,0,Foreign_Dealer_Self,0
2026-01-09,3413,9000,Investment_Trust,43000
2026-01-09,3413,0,Dealer_self,0
2026-01-09,3413,52000,Dealer_Hedging,79548
2026-01-12,3413,193003,Foreign_Investor,257000
2026-01-12,3413,0,Foreign_Dealer_Self,0
2026-01-12,3413,11000,Investment_Trust,15000
2026-01-12,3413,0,Dealer_self,0
2026-01-12,3413,8000,Dealer_Hedging,3129
2026-01-13,3413,80000,Foreign_Investor,474000
2026-01-13,3413,0,Foreign_Dealer_Self,0
2026-01-13,3413,27000,Investment_Trust,43000
2026-01-13,3413,1000,Dealer_self,0
2026-01-13,3413,31000,Dealer_Hedging,31593
2026-01-14,3413,710000,Foreign_Investor,842000
2026-01-14,3413,0,Foreign_Dealer_Self,0
2026-01-14,3413,13000,Investment_Trust,2000
2026-01-14,3413,3000,Dealer_self,0
2026-01-14,3413,51954,Dealer_Hedging,23654
2026-01-15,3413,74700,Foreign_Investor,587000
2026-01-15,3413,0,Foreign_Dealer_Self,0
2026-01-15,3413,31000,Investment_Trust,1000
2026-01-15,3413,5000,Dealer_self,0
2026-01-15,3413,15016,Dealer_Hedging,31198
2026-01-16,3413,648019,Foreign_Investor,293000
2026-01-16,3413,0,Foreign_Dealer_Self,0
2026-01-16,3413,0,Investment_Trust,7000
2026-01-16,3413,4000,Dealer_self,10000
2026-01-16,3413,12492,Dealer_Hedging,4394
2026-01-19,3413,113000,Foreign_Investor,538000
2026-01-19,3413,0,Foreign_Dealer_Self,0
2026-01-19,3413,50000,Investment_Trust,136000
2026-01-19,3413,0,Dealer_self,1000
2026-01-19,3413,15000,Dealer_Hedging,19433
2026-01-20,3413,122150,Foreign_Investor,292000
2026-01-20,3413,0,Foreign_Dealer_Self,0
2026-01-20,3413,0,Investment_Trust,19000
2026-01-20,3413,0,Dealer_self,2000
2026-01-20,3413,22000,Dealer_Hedging,27616
2026-01-21,3413,174005,Foreign_Investor,506000
2026-01-21,3413,0,Foreign_Dealer_Self,0
2026-01-21,3413,0,Investment_Trust,16000
2026-01-21,3413,11000,Dealer_self,84000
2026-01-21,3413,65760,Dealer_Hedging,89013
2026-01-22,3413,451000,Foreign_Investor,260450
2026-01-22,3413,0,Foreign_Dealer_Self,0
2026-01-22,3413,0,Investment_Trust,4000
2026-01-22,3413,16000,Dealer_self,0
2026-01-22,3413,19176,Dealer_Hedging,18143
2026-01-23,3413,247000,Foreign_Investor,218000
2026-01-23,3413,0,Foreign_Dealer_Self,0
2026-01-23,3413,0,Investment_Trust,4000
2026-01-23,3413,18000,Dealer_self,3000
2026-01-23,3413,11295,Dealer_Hedging,5474
2026-01-26,3413,263022,Foreign_Investor,230004
2026-01-26,3413,0,Foreign_Dealer_Self,0
2026-01-26,3413,37000,Investment_Trust,4000
2026-01-26,3413,0,Dealer_self,0
2026-01-26,3413,40027,Dealer_Hedging,6974
2026-01-27,3413,1568140,Foreign_Investor,812700
2026-01-27,3413,0,Foreign_Dealer_Self,0
2026-01-27,3413,105000,Investment_Trust,11000
2026-01-27,3413,29000,Dealer_self,0
2026-01-27,3413,183237,Dealer_Hedging,38094
2026-01-28,3413,584886,Foreign_Investor,1406402
2026-01-28,3413,0,Foreign_Dealer_Self,0
2026-01-28,3413,15000,Investment_Trust,5000
2026-01-28,3413,28000,Dealer_self,0
2026-01-28,3413,89656,Dealer_Hedging,88251
2026-01-29,3413,543050,Foreign_Investor,729000
2026-01-29,3413,0,Foreign_Dealer_Self,0
2026-01-29,3413,72000,Investment_Trust,9000
2026-01-29,3413,51000,Dealer_self,16000
2026-01-29,3413,20006,Dealer_Hedging,113596
2026-01-30,3413,230000,Foreign_Investor,462020
2026-01-30,3413,0,Foreign_Dealer_Self,0
2026-01-30,3413,195000,Investment_Trust,10000
2026-01-30,3413,10000,Dealer_self,2000
2026-01-30,3413,19000,Dealer_Hedging,44425
2026-02-02,3413,313050,Foreign_Investor,577000
2026-02-02,3413,0,Foreign_Dealer_Self,0
2026-02-02,3413,20000,Investment_Trust,3000
2026-02-02,3413,4000,Dealer_self,0
2026-02-02,3413,37000,Dealer_Hedging,57263
2026-02-03,3413,267000,Foreign_Investor,320000
2026-02-03,3413,0,Foreign_Dealer_Self,0
2026-02-03,3413,0,Investment_Trust,4000
2026-02-03,3413,5000,Dealer_self,1000
2026-02-03,3413,15419,Dealer_Hedging,4494
2026-02-04,3413,379100,Foreign_Investor,395000
2026-02-04,3413,0,Foreign_Dealer_Self,0
2026-02-04,3413,0,Investment_Trust,1000
2026-02-04,3413,24000,Dealer_self,0
2026-02-04,3413,56763,Dealer_Hedging,7725
2026-02-05,3413,124000,Foreign_Investor,627000
2026-02-05,3413,0,Foreign_Dealer_Self,0
2026-02-05,3413,0,Investment_Trust,2000
2026-02-05,3413,49000,Dealer_self,1000
2026-02-05,3413,30000,Dealer_Hedging,66869
2026-02-06,3413,215003,Foreign_Investor,472503
2026-02-06,3413,0,Foreign_Dealer_Self,0
2026-02-06,3413,7000,Investment_Trust,1000
2026-02-06,3413,19000,Dealer_self,12000
2026-02-06,3413,30000,Dealer_Hedging,50156
2026-02-09,3413,1225018,Foreign_Investor,470000
2026-02-09,3413,0,Foreign_Dealer_Self,0
2026-02-09,3413,0,Investment_Trust,63000
2026-02-09,3413,23000,Dealer_self,0
2026-02-09,3413,71194,Dealer_Hedging,33024
2026-02-10,3413,118050,Foreign_Investor,452000
2026-02-10,3413,0,Foreign_Dealer_Self,0
2026-02-10,3413,0,Investment_Trust,2000
2026-02-10,3413,11000,Dealer_self,0
2026-02-10,3413,1000,Dealer_Hedging,7646
2026-02-11,3413,219100,Foreign_Investor,217000
2026-02-11,3413,0,Foreign_Dealer_Self,0
2026-02-11,3413,0,Investment_Trust,1000
2026-02-11,3413,55000,Dealer_self,0
2026-02-11,3413,2288,Dealer_Hedging,12218
2026-02-23,3413,1092132,Foreign_Investor,763010
2026-02-23,3413,0,Foreign_Dealer_Self,0
2026-02-23,3413,0,Investment_Trust,4000
2026-02-23,3413,31000,Dealer_self,4000
2026-02-23,3413,127626,Dealer_Hedging,23637
2026-02-24,3413,319532,Foreign_Investor,704000
2026-02-24,3413,0,Foreign_Dealer_Self,0
2026-02-24,3413,50000,Investment_Trust,5000
2026-02-24,3413,37000,Dealer_self,0
2026-02-24,3413,4208,Dealer_Hedging,33614
2026-02-25,3413,756900,Foreign_Investor,326082
2026-02-25,3413,0,Foreign_Dealer_Self,0
2026-02-25,3413,0,Investment_Trust,10000
2026-02-25,3413,72000,Dealer_self,0
2026-02-25,3413,32487,Dealer_Hedging,39666
2026-02-26,3413,849681,Foreign_Investor,669333
2026-02-26,3413,0,Foreign_Dealer_Self,0
2026-02-26,3413,0,Investment_Trust,5000
2026-02-26,3413,37000,Dealer_self,4000
2026-02-26,3413,67017,Dealer_Hedging,19567
2026-03-02,3413,843105,Foreign_Investor,1080100
2026-03-02,3413,0,Foreign_Dealer_Self,0
2026-03-02,3413,19000,Investment_Trust,2000
2026-03-02,3413,21000,Dealer_self,12000
2026-03-02,3413,65842,Dealer_Hedging,106968
2026-03-03,3413,459040,Foreign_Investor,559000
2026-03-03,3413,0,Foreign_Dealer_Self,0
2026-03-03,3413,0,Investment_Trust,10000
2026-03-03,3413,1000,Dealer_self,15000
2026-03-03,3413,13523,Dealer_Hedging,58147
2026-03-04,3413,351017,Foreign_Investor,669000
2026-03-04,3413,0,Foreign_Dealer_Self,0
2026-03-04,3413,0,Investment_Trust,1000
2026-03-04,3413,3000,Dealer_self,8000
2026-03-04,3413,40570,Dealer_Hedging,95891
2026-03-05,3413,405000,Foreign_Investor,175000
2026-03-05,3413,0,Foreign_Dealer_Self,0
2026-03-05,3413,0,Investment_Trust,1000
2026-03-05,3413,3000,Dealer_self,13000
2026-03-05,3413,17929,Dealer_Hedging,10006
2026-03-06,3413,542033,Foreign_Investor,140000
2026-03-06,3413,0,Foreign_Dealer_Self,0
2026-03-06,3413,1000,Investment_Trust,1000
2026-03-06,3413,0,Dealer_self,0
2026-03-06,3413,70790,Dealer_Hedging,6399
2026-03-09,3413,390000,Foreign_Investor,784000
2026-03-09,3413,0,Foreign_Dealer_Self,0
2026-03-09,3413,36000,Investment_Trust,0
2026-03-09,3413,57000,Dealer_self,19000
2026-03-09,3413,37035,Dealer_Hedging,97802
2026-03-10,3413,759000,Foreign_Investor,452229
2026-03-10,3413,0,Foreign_Dealer_Self,0
2026-03-10,3413,20000,Investment_Trust,1000
2026-03-10,3413,16000,Dealer_self,5000
2026-03-10,3413,75180,Dealer_Hedging,18830
2026-03-11,3413,364000,Foreign_Investor,149002
2026-03-11,3413,0,Foreign_Dealer_Self,0
2026-03-11,3413,0,Investment_Trust,7000
2026-03-11,3413,96000,Dealer_self,1000
2026-03-11,3413,17375,Dealer_Hedging,31846
2026-03-12,3413,218000,Foreign_Investor,170000
2026-03-12,3413,0,Foreign_Dealer_Self,0
2026-03-12,3413,0,Investment_Trust,52000
2026-03-12,3413,15000,Dealer_self,2000
2026-03-12,3413,4000,Dealer_Hedging,29317
2026-03-13,3413,503000,Foreign_Investor,323179
2026-03-13,3413,0,Foreign_Dealer_Self,0
2026-03-13,3413,0,Investment_Trust,3000
2026-03-13,3413,35000,Dealer_self,3000
2026-03-13,3413,9715,Dealer_Hedging,17968
2026-03-16,3413,298000,Foreign_Investor,266976
2026-03-16,3413,0,Foreign_Dealer_Self,0
2026-03-16,3413,0,Investment_Trust,2000
2026-03-16,3413,2000,Dealer_self,2000
2026-03-16,3413,3568,Dealer_Hedging,4118
2026-03-17,3413,214000,Foreign_Investor,241500
2026-03-17,3413,0,Foreign_Dealer_Self,0
2026-03-17,3413,0,Investment_Trust,1000
2026-03-17,3413,39000,Dealer_self,0
2026-03-17,3413,14158,Dealer_Hedging,24491
2026-03-18,3413,758442,Foreign_Investor,232000
2026-03-18,3413,0,Foreign_Dealer_Self,0
2026-03-18,3413,0,Investment_Trust,4000
2026-03-18,3413,3000,Dealer_self,0
2026-03-18,3413,16568,Dealer_Hedging,8030
2026-03-19,3413,582165,Foreign_Investor,655000
2026-03-19,3413,0,Foreign_Dealer_Self,0
2026-03-19,3413,0,Investment_Trust,3000
2026-03-19,3413,0,Dealer_self,6000
2026-03-19,3413,41215,Dealer_Hedging,23172
2026-03-20,3413,191095,Foreign_Investor,532000
2026-03-20,3413,0,Foreign_Dealer_Self,0
2026-03-20,3413,1755,Investment_Trust,2000
2026-03-20,3413,8000,Dealer_self,1000
2026-03-20,3413,13885,Dealer_Hedging,36215
2026-03-23,3413,345200,Foreign_Investor,172000
2026-03-23,3413,0,Foreign_Dealer_Self,0
2026-03-23,3413,0,Investment_Trust,1000
2026-03-23,3413,0,Dealer_self,3000
2026-03-23,3413,9330,Dealer_Hedging,18836
2026-03-24,3413,422000,Foreign_Investor,298000
2026-03-24,3413,0,Foreign_Dealer_Self,0
2026-03-24,3413,34000,Investment_Trust,0
2026-03-24,3413,7000,Dealer_self,1000
2026-03-24,3413,19416,Dealer_Hedging,12785
2026-03-25,3413,1436000,Foreign_Investor,333007
2026-03-25,3413,0,Foreign_Dealer_Self,0
2026-03-25,3413,0,Investment_Trust,38
2026-03-25,3413,7000,Dealer_self,6548
2026-03-25,3413,179516,Dealer_Hedging,37099
2026-03-26,3413,445200,Foreign_Investor,1264150
2026-03-26,3413,0,Foreign_Dealer_Self,0
2026-03-26,3413,1000,Investment_Trust,2037
2026-03-26,3413,28000,Dealer_self,0
2026-03-26,3413,24988,Dealer_Hedging,106391
2026-03-27,3413,740100,Foreign_Investor,316952
2026-03-27,3413,0,Foreign_Dealer_Self,0
2026-03-27,3413,0,Investment_Trust,1000
2026-03-27,3413,0,Dealer_self,0
2026-03-27,3413,17117,Dealer_Hedging,28385
2026-03-30,3413,493000,Foreign_Investor,817000
2026-03-30,3413,0,Foreign_Dealer_Self,0
2026-03-30,3413,0,Investment_Trust,165
2026-03-30,3413,0,Dealer_self,36000
2026-03-30,3413,6015,Dealer_Hedging,29257
2026-03-31,3413,380018,Foreign_Investor,1420000
2026-03-31,3413,0,Foreign_Dealer_Self,0
2026-03-31,3413,0,Investment_Trust,45000
2026-03-31,3413,46000,Dealer_self,4000
2026-03-31,3413,46000,Dealer_Hedging,107750
2026-04-01,3413,585000,Foreign_Investor,613000
2026-04-01,3413,0,Foreign_Dealer_Self,0
2026-04-01,3413,20000,Investment_Trust,0
2026-04-01,3413,11000,Dealer_self,1000
2026-04-01,3413,17351,Dealer_Hedging,17952
2026-04-02,3413,255000,Foreign_Investor,243300
2026-04-02,3413,0,Foreign_Dealer_Self,0
2026-04-02,3413,14000,Investment_Trust,0
2026-04-02,3413,0,Dealer_self,0
2026-04-02,3413,10575,Dealer_Hedging,12199
2026-04-07,3413,63018,Foreign_Investor,192000
2026-04-07,3413,0,Foreign_Dealer_Self,0
2026-04-07,3413,9000,Investment_Trust,3000
2026-04-07,3413,1000,Dealer_self,0
2026-04-07,3413,8000,Dealer_Hedging,13611
2026-04-08,3413,956000,Foreign_Investor,325000
2026-04-08,3413,0,Foreign_Dealer_Self,0
2026-04-08,3413,1000,Investment_Trust,2000
2026-04-08,3413,6000,Dealer_self,0
2026-04-08,3413,16552,Dealer_Hedging,1000
2026-04-09,3413,1224030,Foreign_Investor,434000
2026-04-09,3413,0,Foreign_Dealer_Self,0
2026-04-09,3413,165000,Investment_Trust,7000
2026-04-09,3413,68000,Dealer_self,1000
2026-04-09,3413,31891,Dealer_Hedging,1262
2026-04-10,3413,1911000,Foreign_Investor,849000
2026-04-10,3413,0,Foreign_Dealer_Self,0
2026-04-10,3413,0,Investment_Trust,610000
2026-04-10,3413,8000,Dealer_self,0
2026-04-10,3413,56246,Dealer_Hedging,28218
2026-04-13,3413,1112038,Foreign_Investor,497000
2026-04-13,3413,0,Foreign_Dealer_Self,0
2026-04-13,3413,135000,Investment_Trust,3000
2026-04-13,3413,1000,Dealer_self,15000
2026-04-13,3413,13029,Dealer_Hedging,15105
2026-04-14,3413,1191000,Foreign_Investor,1060000
2026-04-14,3413,0,Foreign_Dealer_Self,0
2026-04-14,3413,95000,Investment_Trust,170000
2026-04-14,3413,51000,Dealer_self,0
2026-04-14,3413,50301,Dealer_Hedging,28443
2026-04-15,3413,528000,Foreign_Investor,581991
2026-04-15,3413,0,Foreign_Dealer_Self,0
2026-04-15,3413,1000,Investment_Trust,10000
2026-04-15,3413,1000,Dealer_self,0
2026-04-15,3413,16000,Dealer_Hedging,49639
2026-04-16,3413,424000,Foreign_Investor,375000
2026-04-16,3413,0,Foreign_Dealer_Self,0
2026-04-16,3413,2000,Investment_Trust,8000
2026-04-16,3413,1000,Dealer_self,0
2026-04-16,3413,2312,Dealer_Hedging,10864
2026-04-17,3413,478442,Foreign_Investor,447000
2026-04-17,3413,0,Foreign_Dealer_Self,0
2026-04-17,3413,0,Investment_Trust,56000
2026-04-17,3413,1000,Dealer_self,2000
2026-04-17,3413,14991,Dealer_Hedging,10753
2026-04-20,3413,1079331,Foreign_Investor,523000
2026-04-20,3413,0,Foreign_Dealer_Self,0
2026-04-20,3413,62000,Investment_Trust,85000
2026-04-20,3413,14000,Dealer_self,2000
2026-04-20,3413,117014,Dealer_Hedging,33203
2026-04-21,3413,313000,Foreign_Investor,495000
2026-04-21,3413,0,Foreign_Dealer_Self,0
2026-04-21,3413,4000,Investment_Trust,3000
2026-04-21,3413,8000,Dealer_self,5000
2026-04-21,3413,6728,Dealer_Hedging,17953
2026-04-22,3413,482000,Foreign_Investor,718185
2026-04-22,3413,0,Foreign_Dealer_Self,0
2026-04-22,3413,2000,Investment_Trust,2000
2026-04-22,3413,7000,Dealer_self,2000
2026-04-22,3413,44362,Dealer_Hedging,16768
2026-04-23,3413,687000,Foreign_Investor,1296000
2026-04-23,3413,0,Foreign_Dealer_Self,0
2026-04-23,3413,0,Investment_Trust,2000
2026-04-23,3413,22000,Dealer_self,133000
2026-04-23,3413,51400,Dealer_Hedging,97924
2026-04-24,3413,951123,Foreign_Investor,502186
2026-04-24,3413,0,Foreign_Dealer_Self,0
2026-04-24,3413,0,Investment_Trust,239000
2026-04-24,3413,3000,Dealer_self,1000
2026-04-24,3413,58384,Dealer_Hedging,15152
2026-04-27,3413,518010,Foreign_Investor,1316820
2026-04-27,3413,0,Foreign_Dealer_Self,0
2026-04-27,3413,0,Investment_Trust,4000
2026-04-27,3413,13000,Dealer_self,2000
2026-04-27,3413,74153,Dealer_Hedging,115791
2026-04-28,3413,453000,Foreign_Investor,490000
2026-04-28,3413,0,Foreign_Dealer_Self,0
2026-04-28,3413,0,Investment_Trust,3000
2026-04-28,3413,3000,Dealer_self,3000
2026-04-28,3413,49877,Dealer_Hedging,52610
2026-04-29,3413,385020,Foreign_Investor,390000
2026-04-29,3413,0,Foreign_Dealer_Self,0
2026-04-29,3413,0,Investment_Trust,0
2026-04-29,3413,5000,Dealer_self,13000
2026-04-29,3413,17610,Dealer_Hedging,12858
2026-04-30,3413,352000,Foreign_Investor,238000
2026-04-30,3413,0,Foreign_Dealer_Self,0
2026-04-30,3413,0,Investment_Trust,2000
2026-04-30,3413,1000,Dealer_self,3000
2026-04-30,3413,8087,Dealer_Hedging,4436
2026-05-04,3413,602000,Foreign_Investor,388000
2026-05-04,3413,0,Foreign_Dealer_Self,0
2026-05-04,3413,0,Investment_Trust,2000
2026-05-04,3413,1000,Dealer_self,0
2026-05-04,3413,109558,Dealer_Hedging,12191
2026-05-05,3413,159579,Foreign_Investor,647000
2026-05-05,3413,0,Foreign_Dealer_Self,0
2026-05-05,3413,0,Investment_Trust,4000
2026-05-05,3413,19000,Dealer_self,0
2026-05-05,3413,42677,Dealer_Hedging,48336
2026-05-06,3413,700500,Foreign_Investor,1016000
2026-05-06,3413,0,Foreign_Dealer_Self,0
2026-05-06,3413,0,Investment_Trust,5000
2026-05-06,3413,9000,Dealer_self,3000
2026-05-06,3413,36220,Dealer_Hedging,47629
2026-05-07,3413,425021,Foreign_Investor,1983711
2026-05-07,3413,0,Foreign_Dealer_Self,0
2026-05-07,3413,0,Investment_Trust,81000
2026-05-07,3413,2000,Dealer_self,1000
2026-05-07,3413,65000,Dealer_Hedging,127045
2026-05-08,3413,1299820,Foreign_Investor,958095
2026-05-08,3413,0,Foreign_Dealer_Self,0
2026-05-08,3413,0,Investment_Trust,0
2026-05-08,3413,1000,Dealer_self,1000
2026-05-08,3413,33374,Dealer_Hedging,12712
2026-05-11,3413,1121060,Foreign_Investor,1817000
2026-05-11,3413,0,Foreign_Dealer_Self,0
2026-05-11,3413,0,Investment_Trust,0
2026-05-11,3413,1000,Dealer_self,0
2026-05-11,3413,40159,Dealer_Hedging,42534
2026-05-12,3413,977000,Foreign_Investor,806100
2026-05-12,3413,0,Foreign_Dealer_Self,0
2026-05-12,3413,0,Investment_Trust,2000
2026-05-12,3413,0,Dealer_self,2000
2026-05-12,3413,18838,Dealer_Hedging,16175
2026-05-13,3413,737262,Foreign_Investor,472000
2026-05-13,3413,0,Foreign_Dealer_Self,0
2026-05-13,3413,0,Investment_Trust,13000
2026-05-13,3413,0,Dealer_self,0
2026-05-13,3413,10673,Dealer_Hedging,20284
2026-05-14,3413,2007100,Foreign_Investor,748100
2026-05-14,3413,0,Foreign_Dealer_Self,0
2026-05-14,3413,0,Investment_Trust,4000
2026-05-14,3413,0,Dealer_self,0
2026-05-14,3413,54735,Dealer_Hedging,51220
2026-05-15,3413,3160101,Foreign_Investor,1586125
2026-05-15,3413,0,Foreign_Dealer_Self,0
2026-05-15,3413,0,Investment_Trust,1000
2026-05-15,3413,20000,Dealer_self,5000
2026-05-15,3413,140607,Dealer_Hedging,108294
2026-05-18,3413,665000,Foreign_Investor,1313000
2026-05-18,3413,0,Foreign_Dealer_Self,0
2026-05-18,3413,0,Investment_Trust,4000
2026-05-18,3413,0,Dealer_self,0
2026-05-18,3413,14697,Dealer_Hedging,30486
2026-05-19,3413,856090,Foreign_Investor,828000
2026-05-19,3413,0,Foreign_Dealer_Self,0
2026-05-19,3413,26000,Investment_Trust,19000
2026-05-19,3413,0,Dealer_self,0
2026-05-19,3413,11972,Dealer_Hedging,26881
2026-05-20,3413,642001,Foreign_Investor,878001
2026-05-20,3413,0,Foreign_Dealer_Self,0
2026-05-20,3413,26000,Investment_Trust,20000
2026-05-20,3413,1000,Dealer_self,1000
2026-05-20,3413,15148,Dealer_Hedging,16060
2026-05-21,3413,802348,Foreign_Investor,313000
2026-05-21,3413,0,Foreign_Dealer_Self,0
2026-05-21,3413,25000,Investment_Trust,22000
2026-05-21,3413,0,Dealer_self,4000
2026-05-21,3413,47788,Dealer_Hedging,30892
2026-05-22,3413,405074,Foreign_Investor,215000
2026-05-22,3413,0,Foreign_Dealer_Self,0
2026-05-22,3413,25000,Investment_Trust,2000
2026-05-22,3413,1000,Dealer_self,1000
2026-05-22,3413,12038,Dealer_Hedging,21842
2026-05-25,3413,2074414,Foreign_Investor,726130
2026-05-25,3413,0,Foreign_Dealer_Self,0
2026-05-25,3413,82000,Investment_Trust,0
2026-05-25,3413,83000,Dealer_self,8000
2026-05-25,3413,172046,Dealer_Hedging,42501
2026-05-26,3413,1431000,Foreign_Investor,986235
2026-05-26,3413,0,Foreign_Dealer_Self,0
2026-05-26,3413,0,Investment_Trust,0
2026-05-26,3413,84000,Dealer_self,0
2026-05-26,3413,50454,Dealer_Hedging,61900
2026-05-27,3413,2645454,Foreign_Investor,2190854
2026-05-27,3413,0,Foreign_Dealer_Self,0
2026-05-27,3413,115000,Investment_Trust,140000
2026-05-27,3413,68000,Dealer_self,715000
2026-05-27,3413,229412,Dealer_Hedging,246473
2026-05-28,3413,2121016,Foreign_Investor,1751060
2026-05-28,3413,0,Foreign_Dealer_Self,0
2026-05-28,3413,0,Investment_Trust,75000
2026-05-28,3413,0,Dealer_self,73000
2026-05-28,3413,159751,Dealer_Hedging,136525
2026-05-29,3413,597020,Foreign_Investor,911373
2026-05-29,3413,0,Foreign_Dealer_Self,0
2026-05-29,3413,0,Investment_Trust,94000
2026-05-29,3413,30000,Dealer_self,12000
2026-05-29,3413,58234,Dealer_Hedging,66458
2026-06-01,3413,619250,Foreign_Investor,1149100
2026-06-01,3413,0,Foreign_Dealer_Self,0
2026-06-01,3413,8000,Investment_Trust,571000
2026-06-01,3413,1000,Dealer_self,26000
2026-06-01,3413,20000,Dealer_Hedging,42080
2026-06-02,3413,1030000,Foreign_Investor,1004314
2026-06-02,3413,0,Foreign_Dealer_Self,0
2026-06-02,3413,0,Investment_Trust,839000
2026-06-02,3413,4000,Dealer_self,0
2026-06-02,3413,26000,Dealer_Hedging,50594
2026-06-03,3413,1296410,Foreign_Investor,222100
2026-06-03,3413,0,Foreign_Dealer_Self,0
2026-06-03,3413,0,Investment_Trust,1000
2026-06-03,3413,3000,Dealer_self,0
2026-06-03,3413,44057,Dealer_Hedging,40593
2026-06-04,3413,1393511,Foreign_Investor,335820
2026-06-04,3413,0,Foreign_Dealer_Self,0
2026-06-04,3413,0,Investment_Trust,0
2026-06-04,3413,1000,Dealer_self,9000
2026-06-04,3413,53467,Dealer_Hedging,12670
2026-06-05,3413,795908,Foreign_Investor,740259
2026-06-05,3413,0,Foreign_Dealer_Self,0
2026-06-05,3413,0,Investment_Trust,0
2026-06-05,3413,3000,Dealer_self,4000
2026-06-05,3413,29000,Dealer_Hedging,59991
2026-06-08,3413,647503,Foreign_Investor,1280285
2026-06-08,3413,0,Foreign_Dealer_Self,0
2026-06-08,3413,0,Investment_Trust,0
2026-06-08,3413,1000,Dealer_self,3255
2026-06-08,3413,52548,Dealer_Hedging,155990
2026-06-09,3413,651180,Foreign_Investor,418543
2026-06-09,3413,0,Foreign_Dealer_Self,0
2026-06-09,3413,29000,Investment_Trust,0
2026-06-09,3413,0,Dealer_self,2000
2026-06-09,3413,111820,Dealer_Hedging,10003
2026-06-10,3413,0,Foreign_Dealer_Self,0
2026-06-10,3413,517713,Foreign_Investor,651000
2026-06-10,3413,49000,Investment_Trust,0
2026-06-10,3413,2000,Dealer_self,2000
2026-06-10,3413,22808,Dealer_Hedging,62371
2026-06-11,3413,651086,Foreign_Investor,1009244
2026-06-11,3413,0,Foreign_Dealer_Self,0
2026-06-11,3413,18000,Investment_Trust,0
2026-06-11,3413,3000,Dealer_self,40000
2026-06-11,3413,22419,Dealer_Hedging,114929
2026-06-12,3413,0,Foreign_Dealer_Self,0
2026-06-12,3413,1151121,Foreign_Investor,253403
2026-06-12,3413,15000,Investment_Trust,0
2026-06-12,3413,12000,Dealer_self,3000
2026-06-12,3413,89196,Dealer_Hedging,7977
2026-06-15,3413,3052270,Foreign_Investor,390100
2026-06-15,3413,0,Foreign_Dealer_Self,0
2026-06-15,3413,0,Investment_Trust,0
2026-06-15,3413,4000,Dealer_self,2000
2026-06-15,3413,114127,Dealer_Hedging,64748
2026-06-16,3413,0,Foreign_Dealer_Self,0
2026-06-16,3413,0,Investment_Trust,0
2026-06-16,3413,799328,Foreign_Investor,341362
2026-06-16,3413,1000,Dealer_self,3000
2026-06-16,3413,33819,Dealer_Hedging,54375
2026-06-17,3413,0,Foreign_Dealer_Self,0
2026-06-17,3413,492595,Foreign_Investor,595891
2026-06-17,3413,10000,Investment_Trust,111000
2026-06-17,3413,4000,Dealer_self,1000
2026-06-17,3413,3288,Dealer_Hedging,33884
2026-06-18,3413,0,Foreign_Dealer_Self,0
2026-06-18,3413,0,Investment_Trust,0
2026-06-18,3413,1026706,Foreign_Investor,525318
2026-06-18,3413,0,Dealer_self,0
2026-06-18,3413,42749,Dealer_Hedging,4398
2026-06-19,3413,0,Foreign_Dealer_Self,0
2026-06-19,3413,0,Investment_Trust,0
2026-06-19,3413,84000,Foreign_Investor,255000
2026-06-19,3413,1000,Dealer_self,0
2026-06-19,3413,95000,Dealer_Hedging,42000
2026-06-22,3413,517108,Foreign_Investor,1182621
2026-06-22,3413,0,Foreign_Dealer_Self,0
2026-06-22,3413,0,Investment_Trust,0
2026-06-22,3413,2000,Dealer_self,1000
2026-06-22,3413,37573,Dealer_Hedging,22018
2026-06-23,3413,395600,Foreign_Investor,721576
2026-06-23,3413,0,Foreign_Dealer_Self,0
2026-06-23,3413,0,Investment_Trust,115000
2026-06-23,3413,2000,Dealer_self,1000
2026-06-23,3413,21121,Dealer_Hedging,67579
2026-06-24,3413,521482,Foreign_Investor,558827
2026-06-24,3413,0,Foreign_Dealer_Self,0
2026-06-24,3413,0,Investment_Trust,0
2026-06-24,3413,2000,Dealer_self,5000
2026-06-24,3413,36580,Dealer_Hedging,14826
2026-06-25,3413,0,Foreign_Dealer_Self,0
2026-06-25,3413,0,Investment_Trust,0
2026-06-25,3413,278258,Foreign_Investor,480130
2026-06-25,3413,0,Dealer_self,7000
2026-06-25,3413,8025,Dealer_Hedging,15159
2026-06-26,3413,0,Foreign_Dealer_Self,0
2026-06-26,3413,0,Investment_Trust,0
2026-06-26,3413,434000,Foreign_Investor,879340
2026-06-26,3413,0,Dealer_self,2000
2026-06-26,3413,27367,Dealer_Hedging,68351
2026-06-29,3413,1391914,Foreign_Investor,812000
2026-06-29,3413,0,Foreign_Dealer_Self,0
2026-06-29,3413,0,Investment_Trust,0
2026-06-29,3413,9000,Dealer_self,0
2026-06-29,3413,57834,Dealer_Hedging,5127
2026-06-30,3413,5332498,Foreign_Investor,1132000
2026-06-30,3413,0,Foreign_Dealer_Self,0
2026-06-30,3413,0,Investment_Trust,0
2026-06-30,3413,75040,Dealer_self,0
2026-06-30,3413,141686,Dealer_Hedging,93050
2026-07-01,3413,2655276,Foreign_Investor,767000
2026-07-01,3413,0,Foreign_Dealer_Self,0
2026-07-01,3413,0,Investment_Trust,0
2026-07-01,3413,8000,Dealer_self,40000
2026-07-01,3413,61821,Dealer_Hedging,22331
2026-07-02,3413,477230,Foreign_Investor,372000
2026-07-02,3413,0,Foreign_Dealer_Self,0
2026-07-02,3413,0,Investment_Trust,0
2026-07-02,3413,1000,Dealer_self,15000
2026-07-02,3413,6789,Dealer_Hedging,20289
2026-07-03,3413,0,Foreign_Dealer_Self,0
2026-07-03,3413,0,Investment_Trust,0
2026-07-03,3413,282447,Foreign_Investor,740312
2026-07-03,3413,1000,Dealer_self,1000
2026-07-03,3413,2451,Dealer_Hedging,36045
2026-07-06,3413,442000,Foreign_Investor,482000
2026-07-06,3413,0,Foreign_Dealer_Self,0
2026-07-06,3413,0,Investment_Trust,0
2026-07-06,3413,3000,Dealer_self,40
2026-07-06,3413,11023,Dealer_Hedging,17253
2026-07-07,3413,3348704,Foreign_Investor,2066000
2026-07-07,3413,0,Foreign_Dealer_Self,0
2026-07-07,3413,1511000,Investment_Trust,0
2026-07-07,3413,45822,Dealer_self,103000
2026-07-07,3413,158994,Dealer_Hedging,37324
2026-07-08,3413,1178695,Foreign_Investor,1649000
2026-07-08,3413,0,Foreign_Dealer_Self,0
2026-07-08,3413,0,Investment_Trust,0
2026-07-08,3413,2000,Dealer_self,70000
2026-07-08,3413,54089,Dealer_Hedging,47816
2026-07-09,3413,407058,Foreign_Investor,659000
2026-07-09,3413,0,Foreign_Dealer_Self,0
2026-07-09,3413,0,Investment_Trust,0
2026-07-09,3413,45000,Dealer_self,1822
2026-07-09,3413,25291,Dealer_Hedging,76541
2026-07-13,3413,763340,Foreign_Investor,683040
2026-07-13,3413,0,Foreign_Dealer_Self,0
2026-07-13,3413,0,Investment_Trust,0
2026-07-13,3413,27000,Dealer_self,9000
2026-07-13,3413,26423,Dealer_Hedging,44874
2026-07-14,3413,1737404,Foreign_Investor,1426100
2026-07-14,3413,0,Foreign_Dealer_Self,0
2026-07-14,3413,0,Investment_Trust,0
2026-07-14,3413,10000,Dealer_self,17000
2026-07-14,3413,114206,Dealer_Hedging,102241
2026-07-15,3413,1827106,Foreign_Investor,1418000
2026-07-15,3413,0,Foreign_Dealer_Self,0
2026-07-15,3413,0,Investment_Trust,0
2026-07-15,3413,10000,Dealer_self,6000
2026-07-15,3413,141168,Dealer_Hedging,12845
2026-07-16,3413,3197711,Foreign_Investor,1607000
2026-07-16,3413,0,Foreign_Dealer_Self,0
2026-07-16,3413,88000,Investment_Trust,0
2026-07-16,3413,66830,Dealer_self,42000
2026-07-16,3413,400619,Dealer_Hedging,60535
2026-07-17,3413,2082538,Foreign_Investor,1989127
2026-07-17,3413,0,Foreign_Dealer_Self,0
2026-07-17,3413,0,Investment_Trust,0
2026-07-17,3413,9000,Dealer_self,93830
2026-07-17,3413,44499,Dealer_Hedging,195893
2026-07-20,3413,1873529,Foreign_Investor,2122000
2026-07-20,3413,0,Foreign_Dealer_Self,0
2026-07-20,3413,0,Investment_Trust,0
2026-07-20,3413,3000,Dealer_self,29000
2026-07-20,3413,100659,Dealer_Hedging,178294
2026-07-21,3413,1082087,Foreign_Investor,2129100
2026-07-21,3413,0,Foreign_Dealer_Self,0
2026-07-21,3413,0,Investment_Trust,0
2026-07-21,3413,11000,Dealer_self,8000
2026-07-21,3413,77573,Dealer_Hedging,202919
2026-07-22,3413,2187316,Foreign_Investor,1029090
2026-07-22,3413,0,Foreign_Dealer_Self,0
2026-07-22,3413,0,Investment_Trust,0
2026-07-22,3413,2266,Dealer_self,10000
2026-07-22,3413,273040,Dealer_Hedging,16741
2026-07-23,3413,777285,Foreign_Investor,1625230
2026-07-23,3413,0,Foreign_Dealer_Self,0
2026-07-23,3413,0,Investment_Trust,0
2026-07-23,3413,1000,Dealer_self,6000
2026-07-23,3413,40986,Dealer_Hedging,197269
