date,stock_id,buy,name,sell
2024-05-28,4536,71000,Foreign_Investor,73000
2024-05-28,4536,0,Foreign_Dealer_Self,0
2024-05-28,4536,31000,Investment_Trust,0
2024-05-28,4536,0,Dealer_self,1000
2024-05-28,4536,0,Dealer_Hedging,0
2024-05-29,4536,37000,Foreign_Investor,30000
2024-05-29,4536,0,Foreign_Dealer_Self,0
2024-05-29,4536,0,Investment_Trust,0
2024-05-29,4536,1000,Dealer_self,5000
2024-05-29,4536,2000,Dealer_Hedging,2000
2024-05-30,4536,79000,Foreign_Investor,97000
2024-05-30,4536,0,Foreign_Dealer_Self,0
2024-05-30,4536,0,Investment_Trust,0
2024-05-30,4536,0,Dealer_self,0
2024-05-30,4536,0,Dealer_Hedging,0
2024-05-31,4536,212000,Foreign_Investor,142326
2024-05-31,4536,0,Foreign_Dealer_Self,0
2024-05-31,4536,1000,Investment_Trust,0
2024-05-31,4536,1000,Dealer_self,19000
2024-05-31,4536,2000,Dealer_Hedging,1000
2024-06-03,4536,44000,Foreign_Investor,67000
2024-06-03,4536,0,Foreign_Dealer_Self,0
2024-06-03,4536,0,Investment_Trust,1000
2024-06-03,4536,8000,Dealer_self,0
2024-06-03,4536,4000,Dealer_Hedging,0
2024-06-04,4536,83004,Foreign_Investor,60000
2024-06-04,4536,0,Foreign_Dealer_Self,0
2024-06-04,4536,1000,Investment_Trust,0
2024-06-04,4536,3301,Dealer_self,164
2024-06-04,4536,0,Dealer_Hedging,0
2024-06-05,4536,19000,Foreign_Investor,40000
2024-06-05,4536,0,Foreign_Dealer_Self,0
2024-06-05,4536,0,Investment_Trust,0
2024-06-05,4536,4000,Dealer_self,2000
2024-06-05,4536,0,Dealer_Hedging,0
2024-06-06,4536,66712,Foreign_Investor,90000
2024-06-06,4536,0,Foreign_Dealer_Self,0
2024-06-06,4536,1000,Investment_Trust,0
2024-06-06,4536,3000,Dealer_self,5456
2024-06-06,4536,0,Dealer_Hedging,0
2024-06-07,4536,232000,Foreign_Investor,66000
2024-06-07,4536,0,Foreign_Dealer_Self,0
2024-06-07,4536,70000,Investment_Trust,0
2024-06-07,4536,4568,Dealer_self,1000
2024-06-07,4536,3000,Dealer_Hedging,0
2024-06-11,4536,32000,Foreign_Investor,185399
2024-06-11,4536,0,Foreign_Dealer_Self,0
2024-06-11,4536,0,Investment_Trust,0
2024-06-11,4536,5052,Dealer_self,3028
2024-06-11,4536,0,Dealer_Hedging,1000
2024-06-12,4536,103000,Foreign_Investor,47000
2024-06-12,4536,0,Foreign_Dealer_Self,0
2024-06-12,4536,73000,Investment_Trust,90000
2024-06-12,4536,600,Dealer_self,3000
2024-06-12,4536,0,Dealer_Hedging,0
2024-06-13,4536,31050,Foreign_Investor,36000
2024-06-13,4536,0,Foreign_Dealer_Self,0
2024-06-13,4536,25000,Investment_Trust,68000
2024-06-13,4536,25000,Dealer_self,40000
2024-06-13,4536,0,Dealer_Hedging,11
2024-06-14,4536,57000,Foreign_Investor,1000
2024-06-14,4536,0,Foreign_Dealer_Self,0
2024-06-14,4536,0,Investment_Trust,90000
2024-06-14,4536,25000,Dealer_self,0
2024-06-14,4536,0,Dealer_Hedging,15000
2024-06-17,4536,60000,Foreign_Investor,4000
2024-06-17,4536,0,Foreign_Dealer_Self,0
2024-06-17,4536,0,Investment_Trust,50000
2024-06-17,4536,0,Dealer_self,0
2024-06-17,4536,0,Dealer_Hedging,0
2024-06-18,4536,37000,Foreign_Investor,17000
2024-06-18,4536,0,Foreign_Dealer_Self,0
2024-06-18,4536,0,Investment_Trust,60000
2024-06-18,4536,50000,Dealer_self,0
2024-06-18,4536,0,Dealer_Hedging,0
2024-06-19,4536,26000,Foreign_Investor,12000
2024-06-19,4536,0,Foreign_Dealer_Self,0
2024-06-19,4536,0,Investment_Trust,0
2024-06-19,4536,55003,Dealer_self,0
2024-06-19,4536,0,Dealer_Hedging,1000
2024-06-20,4536,57000,Foreign_Investor,20000
2024-06-20,4536,0,Foreign_Dealer_Self,0
2024-06-20,4536,0,Investment_Trust,0
2024-06-20,4536,76000,Dealer_self,0
2024-06-20,4536,0,Dealer_Hedging,0
2024-06-21,4536,37000,Foreign_Investor,61463
2024-06-21,4536,0,Foreign_Dealer_Self,0
2024-06-21,4536,0,Investment_Trust,0
2024-06-21,4536,54005,Dealer_self,0
2024-06-21,4536,0,Dealer_Hedging,0
2024-06-24,4536,107000,Foreign_Investor,63000
2024-06-24,4536,0,Foreign_Dealer_Self,0
2024-06-24,4536,0,Investment_Trust,0
2024-06-24,4536,25000,Dealer_self,5000
2024-06-24,4536,0,Dealer_Hedging,0
2024-06-25,4536,59000,Foreign_Investor,79000
2024-06-25,4536,0,Foreign_Dealer_Self,0
2024-06-25,4536,0,Investment_Trust,0
2024-06-25,4536,2474,Dealer_self,1000
2024-06-25,4536,0,Dealer_Hedging,0
2024-06-26,4536,26000,Foreign_Investor,16000
2024-06-26,4536,0,Foreign_Dealer_Self,0
2024-06-26,4536,0,Investment_Trust,0
2024-06-26,4536,1000,Dealer_self,20
2024-06-26,4536,0,Dealer_Hedging,0
2024-06-27,4536,6000,Foreign_Investor,15000
2024-06-27,4536,0,Foreign_Dealer_Self,0
2024-06-27,4536,0,Investment_Trust,0
2024-06-27,4536,1000,Dealer_self,1000
2024-06-27,4536,0,Dealer_Hedging,0
2024-06-28,4536,7000,Foreign_Investor,44187
2024-06-28,4536,0,Foreign_Dealer_Self,0
2024-06-28,4536,1000,Investment_Trust,0
2024-06-28,4536,2129,Dealer_self,0
2024-06-28,4536,0,Dealer_Hedging,1555
2024-07-01,4536,7000,Foreign_Investor,12000
2024-07-01,4536,0,Foreign_Dealer_Self,0
2024-07-01,4536,0,Investment_Trust,0
2024-07-01,4536,1004,Dealer_self,0
2024-07-01,4536,0,Dealer_Hedging,0
2024-07-02,4536,5000,Foreign_Investor,50475
2024-07-02,4536,0,Foreign_Dealer_Self,0
2024-07-02,4536,0,Investment_Trust,0
2024-07-02,4536,25000,Dealer_self,21
2024-07-02,4536,0,Dealer_Hedging,1000
2024-07-03,4536,13000,Foreign_Investor,34000
2024-07-03,4536,0,Foreign_Dealer_Self,0
2024-07-03,4536,0,Investment_Trust,0
2024-07-03,4536,2000,Dealer_self,2000
2024-07-03,4536,0,Dealer_Hedging,0
2024-07-04,4536,18000,Foreign_Investor,16000
2024-07-04,4536,0,Foreign_Dealer_Self,0
2024-07-04,4536,0,Investment_Trust,0
2024-07-04,4536,2000,Dealer_self,0
2024-07-04,4536,0,Dealer_Hedging,0
2024-07-05,4536,49010,Foreign_Investor,29000
2024-07-05,4536,0,Foreign_Dealer_Self,0
2024-07-05,4536,1000,Investment_Trust,0
2024-07-05,4536,2000,Dealer_self,0
2024-07-05,4536,0,Dealer_Hedging,2000
2024-07-08,4536,30000,Foreign_Investor,231000
2024-07-08,4536,0,Foreign_Dealer_Self,0
2024-07-08,4536,0,Investment_Trust,90000
2024-07-08,4536,2000,Dealer_self,0
2024-07-08,4536,0,Dealer_Hedging,4074
2024-07-09,4536,37010,Foreign_Investor,65000
2024-07-09,4536,0,Foreign_Dealer_Self,0
2024-07-09,4536,1000,Investment_Trust,0
2024-07-09,4536,0,Dealer_self,11000
2024-07-09,4536,1066,Dealer_Hedging,5000
2024-07-10,4536,32000,Foreign_Investor,38000
2024-07-10,4536,0,Foreign_Dealer_Self,0
2024-07-10,4536,2000,Investment_Trust,0
2024-07-10,4536,0,Dealer_self,0
2024-07-10,4536,2000,Dealer_Hedging,1000
2024-07-11,4536,27000,Foreign_Investor,48000
2024-07-11,4536,0,Foreign_Dealer_Self,0
2024-07-11,4536,0,Investment_Trust,0
2024-07-11,4536,0,Dealer_self,0
2024-07-11,4536,0,Dealer_Hedging,50
2024-07-12,4536,39000,Foreign_Investor,74000
2024-07-12,4536,0,Foreign_Dealer_Self,0
2024-07-12,4536,0,Investment_Trust,0
2024-07-12,4536,0,Dealer_self,100
2024-07-12,4536,10000,Dealer_Hedging,105
2024-07-15,4536,35000,Foreign_Investor,76500
2024-07-15,4536,0,Foreign_Dealer_Self,0
2024-07-15,4536,1000,Investment_Trust,0
2024-07-15,4536,0,Dealer_self,1486
2024-07-15,4536,0,Dealer_Hedging,4559
2024-07-16,4536,12000,Foreign_Investor,39000
2024-07-16,4536,0,Foreign_Dealer_Self,0
2024-07-16,4536,5000,Investment_Trust,0
2024-07-16,4536,0,Dealer_self,1036
2024-07-16,4536,1000,Dealer_Hedging,1000
2024-07-17,4536,25000,Foreign_Investor,42000
2024-07-17,4536,0,Foreign_Dealer_Self,0
2024-07-17,4536,0,Investment_Trust,0
2024-07-17,4536,0,Dealer_self,382
2024-07-17,4536,0,Dealer_Hedging,368
2024-07-18,4536,0,Foreign_Dealer_Self,0
2024-07-18,4536,1000,Investment_Trust,0
2024-07-18,4536,0,Dealer_self,0
2024-07-18,4536,0,Dealer_Hedging,2105
2024-07-18,4536,76000,Foreign_Investor,78000
2024-07-19,4536,5000,Foreign_Investor,76000
2024-07-19,4536,0,Foreign_Dealer_Self,0
2024-07-19,4536,1000,Investment_Trust,0
2024-07-19,4536,2000,Dealer_self,0
2024-07-19,4536,0,Dealer_Hedging,1000
2024-07-22,4536,0,Foreign_Dealer_Self,0
2024-07-22,4536,1000,Investment_Trust,0
2024-07-22,4536,13000,Dealer_self,27328
2024-07-22,4536,0,Dealer_Hedging,110
2024-07-22,4536,47000,Foreign_Investor,74000
2024-07-23,4536,33010,Foreign_Investor,13000
2024-07-23,4536,0,Foreign_Dealer_Self,0
2024-07-23,4536,7000,Investment_Trust,0
2024-07-23,4536,0,Dealer_self,25180
2024-07-23,4536,0,Dealer_Hedging,0
2024-07-26,4536,30030,Foreign_Investor,14295
2024-07-26,4536,0,Foreign_Dealer_Self,0
2024-07-26,4536,3000,Investment_Trust,0
2024-07-26,4536,5000,Dealer_self,13000
2024-07-26,4536,1999,Dealer_Hedging,0
2024-07-29,4536,66000,Foreign_Investor,83000
2024-07-29,4536,0,Foreign_Dealer_Self,0
2024-07-29,4536,0,Investment_Trust,0
2024-07-29,4536,51,Dealer_self,0
2024-07-29,4536,2000,Dealer_Hedging,0
2024-07-30,4536,44000,Foreign_Investor,137000
2024-07-30,4536,0,Foreign_Dealer_Self,0
2024-07-30,4536,0,Investment_Trust,0
2024-07-30,4536,1000,Dealer_self,10259
2024-07-30,4536,0,Dealer_Hedging,3499
2024-07-31,4536,153705,Foreign_Investor,161864
2024-07-31,4536,0,Foreign_Dealer_Self,0
2024-07-31,4536,5000,Investment_Trust,0
2024-07-31,4536,112,Dealer_self,110
2024-07-31,4536,3000,Dealer_Hedging,0
2024-08-01,4536,122000,Foreign_Investor,22060
2024-08-01,4536,0,Foreign_Dealer_Self,0
2024-08-01,4536,0,Investment_Trust,0
2024-08-01,4536,0,Dealer_self,2426
2024-08-01,4536,4981,Dealer_Hedging,0
2024-08-02,4536,115485,Foreign_Investor,72000
2024-08-02,4536,0,Foreign_Dealer_Self,0
2024-08-02,4536,2000,Investment_Trust,0
2024-08-02,4536,15,Dealer_self,11000
2024-08-02,4536,1004,Dealer_Hedging,1000
2024-08-05,4536,161274,Foreign_Investor,121000
2024-08-05,4536,0,Foreign_Dealer_Self,0
2024-08-05,4536,0,Investment_Trust,0
2024-08-05,4536,3000,Dealer_self,53112
2024-08-05,4536,1000,Dealer_Hedging,8814
2024-08-06,4536,170000,Foreign_Investor,142000
2024-08-06,4536,0,Foreign_Dealer_Self,0
2024-08-06,4536,1000,Investment_Trust,0
2024-08-06,4536,7039,Dealer_self,13379
2024-08-06,4536,0,Dealer_Hedging,1000
2024-08-07,4536,131000,Foreign_Investor,19876
2024-08-07,4536,0,Foreign_Dealer_Self,0
2024-08-07,4536,1000,Investment_Trust,0
2024-08-07,4536,0,Dealer_self,1
2024-08-07,4536,0,Dealer_Hedging,0
2024-08-08,4536,63000,Foreign_Investor,61000
2024-08-08,4536,0,Foreign_Dealer_Self,0
2024-08-08,4536,0,Investment_Trust,0
2024-08-08,4536,53,Dealer_self,2000
2024-08-08,4536,2064,Dealer_Hedging,0
2024-08-09,4536,115274,Foreign_Investor,93903
2024-08-09,4536,0,Foreign_Dealer_Self,0
2024-08-09,4536,0,Investment_Trust,0
2024-08-09,4536,0,Dealer_self,5000
2024-08-09,4536,0,Dealer_Hedging,2000
2024-08-12,4536,68000,Foreign_Investor,36000
2024-08-12,4536,0,Foreign_Dealer_Self,0
2024-08-12,4536,0,Investment_Trust,0
2024-08-12,4536,0,Dealer_self,3000
2024-08-12,4536,0,Dealer_Hedging,1000
2024-08-13,4536,78274,Foreign_Investor,24000
2024-08-13,4536,0,Foreign_Dealer_Self,0
2024-08-13,4536,2000,Investment_Trust,0
2024-08-13,4536,0,Dealer_self,2002
2024-08-13,4536,0,Dealer_Hedging,0
2024-08-14,4536,55000,Foreign_Investor,36000
2024-08-14,4536,0,Foreign_Dealer_Self,0
2024-08-14,4536,0,Investment_Trust,0
2024-08-14,4536,0,Dealer_self,4000
2024-08-14,4536,0,Dealer_Hedging,0
2024-08-15,4536,88274,Foreign_Investor,12000
2024-08-15,4536,0,Foreign_Dealer_Self,0
2024-08-15,4536,0,Investment_Trust,0
2024-08-15,4536,5000,Dealer_self,3000
2024-08-15,4536,0,Dealer_Hedging,0
2024-08-16,4536,80000,Foreign_Investor,17000
2024-08-16,4536,0,Foreign_Dealer_Self,0
2024-08-16,4536,0,Investment_Trust,0
2024-08-16,4536,2000,Dealer_self,0
2024-08-16,4536,0,Dealer_Hedging,0
2024-08-19,4536,628000,Foreign_Investor,217000
2024-08-19,4536,0,Foreign_Dealer_Self,0
2024-08-19,4536,60000,Investment_Trust,0
2024-08-19,4536,7766,Dealer_self,3218
2024-08-19,4536,4490,Dealer_Hedging,0
2024-08-20,4536,295000,Foreign_Investor,65000
2024-08-20,4536,0,Foreign_Dealer_Self,0
2024-08-20,4536,49000,Investment_Trust,0
2024-08-20,4536,13603,Dealer_self,3000
2024-08-20,4536,0,Dealer_Hedging,6000
2024-08-21,4536,159427,Foreign_Investor,122000
2024-08-21,4536,0,Foreign_Dealer_Self,0
2024-08-21,4536,52000,Investment_Trust,0
2024-08-21,4536,22,Dealer_self,113
2024-08-21,4536,0,Dealer_Hedging,0
2024-08-22,4536,291000,Foreign_Investor,95000
2024-08-22,4536,0,Foreign_Dealer_Self,0
2024-08-22,4536,110000,Investment_Trust,3000
2024-08-22,4536,824,Dealer_self,2000
2024-08-22,4536,3516,Dealer_Hedging,3259
2024-08-23,4536,68150,Foreign_Investor,190000
2024-08-23,4536,0,Foreign_Dealer_Self,0
2024-08-23,4536,0,Investment_Trust,0
2024-08-23,4536,4006,Dealer_self,0
2024-08-23,4536,1000,Dealer_Hedging,2000
2024-08-26,4536,178000,Foreign_Investor,91150
2024-08-26,4536,0,Foreign_Dealer_Self,0
2024-08-26,4536,50000,Investment_Trust,0
2024-08-26,4536,15092,Dealer_self,1000
2024-08-26,4536,0,Dealer_Hedging,0
2024-08-27,4536,211000,Foreign_Investor,43000
2024-08-27,4536,0,Foreign_Dealer_Self,0
2024-08-27,4536,120000,Investment_Trust,0
2024-08-27,4536,0,Dealer_self,1000
2024-08-27,4536,0,Dealer_Hedging,0
2024-08-28,4536,132000,Foreign_Investor,36000
2024-08-28,4536,0,Foreign_Dealer_Self,0
2024-08-28,4536,0,Investment_Trust,0
2024-08-28,4536,3000,Dealer_self,0
2024-08-28,4536,0,Dealer_Hedging,1111
2024-08-29,4536,146000,Foreign_Investor,43000
2024-08-29,4536,0,Foreign_Dealer_Self,0
2024-08-29,4536,0,Investment_Trust,0
2024-08-29,4536,2347,Dealer_self,2000
2024-08-29,4536,0,Dealer_Hedging,0
2024-08-30,4536,663000,Foreign_Investor,257420
2024-08-30,4536,0,Foreign_Dealer_Self,0
2024-08-30,4536,191000,Investment_Trust,0
2024-08-30,4536,7080,Dealer_self,5000
2024-08-30,4536,6133,Dealer_Hedging,1176
2024-09-02,4536,227000,Foreign_Investor,88023
2024-09-02,4536,0,Foreign_Dealer_Self,0
2024-09-02,4536,1000,Investment_Trust,0
2024-09-02,4536,0,Dealer_self,51
2024-09-02,4536,0,Dealer_Hedging,1000
2024-09-03,4536,263000,Foreign_Investor,92000
2024-09-03,4536,0,Foreign_Dealer_Self,0
2024-09-03,4536,0,Investment_Trust,0
2024-09-03,4536,1006,Dealer_self,6000
2024-09-03,4536,0,Dealer_Hedging,2000
2024-09-04,4536,421000,Foreign_Investor,302000
2024-09-04,4536,0,Foreign_Dealer_Self,0
2024-09-04,4536,0,Investment_Trust,0
2024-09-04,4536,9,Dealer_self,11001
2024-09-04,4536,0,Dealer_Hedging,402
2024-09-05,4536,199000,Foreign_Investor,130000
2024-09-05,4536,0,Foreign_Dealer_Self,0
2024-09-05,4536,0,Investment_Trust,3000
2024-09-05,4536,0,Dealer_self,10000
2024-09-05,4536,6000,Dealer_Hedging,2011
2024-09-06,4536,196000,Foreign_Investor,106000
2024-09-06,4536,0,Foreign_Dealer_Self,0
2024-09-06,4536,0,Investment_Trust,1000
2024-09-06,4536,50000,Dealer_self,7001
2024-09-06,4536,2000,Dealer_Hedging,100
2024-09-09,4536,61000,Foreign_Investor,100000
2024-09-09,4536,0,Foreign_Dealer_Self,0
2024-09-09,4536,0,Investment_Trust,0
2024-09-09,4536,4201,Dealer_self,6000
2024-09-09,4536,0,Dealer_Hedging,0
2024-09-10,4536,400000,Foreign_Investor,280000
2024-09-10,4536,0,Foreign_Dealer_Self,0
2024-09-10,4536,150000,Investment_Trust,0
2024-09-10,4536,27246,Dealer_self,18327
2024-09-10,4536,1220,Dealer_Hedging,0
2024-09-11,4536,451551,Foreign_Investor,244000
2024-09-11,4536,0,Foreign_Dealer_Self,0
2024-09-11,4536,256000,Investment_Trust,0
2024-09-11,4536,9542,Dealer_self,2000
2024-09-11,4536,22000,Dealer_Hedging,1183
2024-09-12,4536,183000,Foreign_Investor,241000
2024-09-12,4536,0,Foreign_Dealer_Self,0
2024-09-12,4536,226000,Investment_Trust,0
2024-09-12,4536,3373,Dealer_self,1160
2024-09-12,4536,0,Dealer_Hedging,16000
2024-09-13,4536,121560,Foreign_Investor,109000
2024-09-13,4536,0,Foreign_Dealer_Self,0
2024-09-13,4536,0,Investment_Trust,61000
2024-09-13,4536,0,Dealer_self,10000
2024-09-13,4536,0,Dealer_Hedging,1000
2024-09-16,4536,87000,Foreign_Investor,122000
2024-09-16,4536,0,Foreign_Dealer_Self,0
2024-09-16,4536,3000,Investment_Trust,0
2024-09-16,4536,21000,Dealer_self,0
2024-09-16,4536,0,Dealer_Hedging,0
2024-09-18,4536,100000,Foreign_Investor,46000
2024-09-18,4536,0,Foreign_Dealer_Self,0
2024-09-18,4536,0,Investment_Trust,0
2024-09-18,4536,119,Dealer_self,10000
2024-09-18,4536,2037,Dealer_Hedging,0
2024-09-19,4536,183000,Foreign_Investor,67000
2024-09-19,4536,0,Foreign_Dealer_Self,0
2024-09-19,4536,10000,Investment_Trust,0
2024-09-19,4536,25564,Dealer_self,0
2024-09-19,4536,2287,Dealer_Hedging,3000
2024-09-20,4536,146000,Foreign_Investor,42000
2024-09-20,4536,0,Foreign_Dealer_Self,0
2024-09-20,4536,22000,Investment_Trust,0
2024-09-20,4536,28185,Dealer_self,31001
2024-09-20,4536,0,Dealer_Hedging,7081
2024-09-23,4536,58000,Foreign_Investor,56000
2024-09-23,4536,0,Foreign_Dealer_Self,0
2024-09-23,4536,0,Investment_Trust,0
2024-09-23,4536,15261,Dealer_self,3000
2024-09-23,4536,0,Dealer_Hedging,1181
2024-09-24,4536,91000,Foreign_Investor,85007
2024-09-24,4536,0,Foreign_Dealer_Self,0
2024-09-24,4536,0,Investment_Trust,0
2024-09-24,4536,11001,Dealer_self,8000
2024-09-24,4536,0,Dealer_Hedging,0
2024-09-25,4536,128000,Foreign_Investor,38000
2024-09-25,4536,0,Foreign_Dealer_Self,0
2024-09-25,4536,0,Investment_Trust,0
2024-09-25,4536,5001,Dealer_self,50190
2024-09-25,4536,0,Dealer_Hedging,1000
2024-09-26,4536,193000,Foreign_Investor,158000
2024-09-26,4536,0,Foreign_Dealer_Self,0
2024-09-26,4536,0,Investment_Trust,0
2024-09-26,4536,18000,Dealer_self,3000
2024-09-26,4536,0,Dealer_Hedging,0
2024-09-27,4536,162000,Foreign_Investor,57000
2024-09-27,4536,0,Foreign_Dealer_Self,0
2024-09-27,4536,0,Investment_Trust,0
2024-09-27,4536,7502,Dealer_self,7000
2024-09-27,4536,3000,Dealer_Hedging,0
2024-09-30,4536,79634,Foreign_Investor,47000
2024-09-30,4536,0,Foreign_Dealer_Self,0
2024-09-30,4536,0,Investment_Trust,0
2024-09-30,4536,2030,Dealer_self,584
2024-09-30,4536,0,Dealer_Hedging,0
2024-10-01,4536,90000,Foreign_Investor,76000
2024-10-01,4536,0,Foreign_Dealer_Self,0
2024-10-01,4536,1000,Investment_Trust,1000
2024-10-01,4536,11000,Dealer_self,377
2024-10-01,4536,0,Dealer_Hedging,0
2024-10-04,4536,157403,Foreign_Investor,272000
2024-10-04,4536,0,Foreign_Dealer_Self,0
2024-10-04,4536,2000,Investment_Trust,0
2024-10-04,4536,3000,Dealer_self,6728
2024-10-04,4536,0,Dealer_Hedging,0
2024-10-07,4536,238233,Foreign_Investor,201000
2024-10-07,4536,0,Foreign_Dealer_Self,0
2024-10-07,4536,4000,Investment_Trust,0
2024-10-07,4536,1012,Dealer_self,17285
2024-10-07,4536,0,Dealer_Hedging,0
2024-10-08,4536,103636,Foreign_Investor,81000
2024-10-08,4536,0,Foreign_Dealer_Self,0
2024-10-08,4536,3000,Investment_Trust,0
2024-10-08,4536,2000,Dealer_self,2134
2024-10-08,4536,0,Dealer_Hedging,64
2024-10-09,4536,126000,Foreign_Investor,89000
2024-10-09,4536,0,Foreign_Dealer_Self,0
2024-10-09,4536,1000,Investment_Trust,50000
2024-10-09,4536,178,Dealer_self,6000
2024-10-09,4536,0,Dealer_Hedging,0
2024-10-11,4536,143000,Foreign_Investor,158000
2024-10-11,4536,0,Foreign_Dealer_Self,0
2024-10-11,4536,3000,Investment_Trust,10000
2024-10-11,4536,99,Dealer_self,20000
2024-10-11,4536,0,Dealer_Hedging,4000
2024-10-14,4536,150000,Foreign_Investor,55000
2024-10-14,4536,0,Foreign_Dealer_Self,0
2024-10-14,4536,3000,Investment_Trust,0
2024-10-14,4536,1440,Dealer_self,0
2024-10-14,4536,0,Dealer_Hedging,0
2024-10-15,4536,92000,Foreign_Investor,202268
2024-10-15,4536,0,Foreign_Dealer_Self,0
2024-10-15,4536,2000,Investment_Trust,10000
2024-10-15,4536,2000,Dealer_self,19177
2024-10-15,4536,0,Dealer_Hedging,0
2024-10-16,4536,308064,Foreign_Investor,276000
2024-10-16,4536,0,Foreign_Dealer_Self,0
2024-10-16,4536,1000,Investment_Trust,3000
2024-10-16,4536,3000,Dealer_self,2000
2024-10-16,4536,0,Dealer_Hedging,114
2024-10-17,4536,23000,Foreign_Investor,37000
2024-10-17,4536,0,Foreign_Dealer_Self,0
2024-10-17,4536,1000,Investment_Trust,0
2024-10-17,4536,1000,Dealer_self,410
2024-10-17,4536,0,Dealer_Hedging,6
2024-10-18,4536,57000,Foreign_Investor,32000
2024-10-18,4536,0,Foreign_Dealer_Self,0
2024-10-18,4536,3000,Investment_Trust,0
2024-10-18,4536,30037,Dealer_self,0
2024-10-18,4536,0,Dealer_Hedging,117
2024-10-21,4536,47000,Foreign_Investor,29000
2024-10-21,4536,0,Foreign_Dealer_Self,0
2024-10-21,4536,0,Investment_Trust,2000
2024-10-21,4536,3019,Dealer_self,1000
2024-10-21,4536,0,Dealer_Hedging,55
2024-10-22,4536,385000,Foreign_Investor,105000
2024-10-22,4536,0,Foreign_Dealer_Self,0
2024-10-22,4536,3000,Investment_Trust,8000
2024-10-22,4536,1074,Dealer_self,2000
2024-10-22,4536,7543,Dealer_Hedging,4000
2024-10-23,4536,91000,Foreign_Investor,128000
2024-10-23,4536,0,Foreign_Dealer_Self,0
2024-10-23,4536,16000,Investment_Trust,0
2024-10-23,4536,15,Dealer_self,2000
2024-10-23,4536,0,Dealer_Hedging,3976
2024-10-24,4536,44016,Foreign_Investor,44000
2024-10-24,4536,0,Foreign_Dealer_Self,0
2024-10-24,4536,1000,Investment_Trust,0
2024-10-24,4536,0,Dealer_self,2000
2024-10-24,4536,0,Dealer_Hedging,0
2024-10-25,4536,373000,Foreign_Investor,146000
2024-10-25,4536,0,Foreign_Dealer_Self,0
2024-10-25,4536,0,Investment_Trust,0
2024-10-25,4536,15000,Dealer_self,0
2024-10-25,4536,1000,Dealer_Hedging,3000
2024-10-28,4536,227000,Foreign_Investor,130000
2024-10-28,4536,0,Foreign_Dealer_Self,0
2024-10-28,4536,0,Investment_Trust,0
2024-10-28,4536,5130,Dealer_self,3000
2024-10-28,4536,14154,Dealer_Hedging,0
2024-10-29,4536,170000,Foreign_Investor,135000
2024-10-29,4536,0,Foreign_Dealer_Self,0
2024-10-29,4536,86000,Investment_Trust,1000
2024-10-29,4536,2083,Dealer_self,5000
2024-10-29,4536,3730,Dealer_Hedging,4000
2024-10-30,4536,205000,Foreign_Investor,126346
2024-10-30,4536,0,Foreign_Dealer_Self,0
2024-10-30,4536,0,Investment_Trust,9000
2024-10-30,4536,1689,Dealer_self,29
2024-10-30,4536,3875,Dealer_Hedging,1158
2024-11-01,4536,198000,Foreign_Investor,118000
2024-11-01,4536,0,Foreign_Dealer_Self,0
2024-11-01,4536,9000,Investment_Trust,0
2024-11-01,4536,0,Dealer_self,2006
2024-11-01,4536,0,Dealer_Hedging,11000
2024-11-04,4536,65000,Foreign_Investor,45000
2024-11-04,4536,0,Foreign_Dealer_Self,0
2024-11-04,4536,9000,Investment_Trust,1000
2024-11-04,4536,4000,Dealer_self,0
2024-11-04,4536,0,Dealer_Hedging,0
2024-11-05,4536,45000,Foreign_Investor,61000
2024-11-05,4536,0,Foreign_Dealer_Self,0
2024-11-05,4536,0,Investment_Trust,0
2024-11-05,4536,0,Dealer_self,0
2024-11-05,4536,0,Dealer_Hedging,1000
2024-11-06,4536,64000,Foreign_Investor,19000
2024-11-06,4536,0,Foreign_Dealer_Self,0
2024-11-06,4536,0,Investment_Trust,0
2024-11-06,4536,2,Dealer_self,0
2024-11-06,4536,0,Dealer_Hedging,0
2024-11-07,4536,67186,Foreign_Investor,46000
2024-11-07,4536,0,Foreign_Dealer_Self,0
2024-11-07,4536,0,Investment_Trust,0
2024-11-07,4536,1000,Dealer_self,1000
2024-11-07,4536,0,Dealer_Hedging,0
2024-11-08,4536,270000,Foreign_Investor,648323
2024-11-08,4536,0,Foreign_Dealer_Self,0
2024-11-08,4536,0,Investment_Trust,89000
2024-11-08,4536,24000,Dealer_self,10939
2024-11-08,4536,60000,Dealer_Hedging,2070
2024-11-11,4536,91000,Foreign_Investor,82901
2024-11-11,4536,0,Foreign_Dealer_Self,0
2024-11-11,4536,0,Investment_Trust,1000
2024-11-11,4536,4000,Dealer_self,3952
2024-11-11,4536,0,Dealer_Hedging,0
2024-11-12,4536,341500,Foreign_Investor,163000
2024-11-12,4536,0,Foreign_Dealer_Self,0
2024-11-12,4536,0,Investment_Trust,0
2024-11-12,4536,15000,Dealer_self,61614
2024-11-12,4536,0,Dealer_Hedging,3959
2024-11-13,4536,127000,Foreign_Investor,236000
2024-11-13,4536,0,Foreign_Dealer_Self,0
2024-11-13,4536,0,Investment_Trust,0
2024-11-13,4536,6000,Dealer_self,12184
2024-11-13,4536,0,Dealer_Hedging,282
2024-11-14,4536,160000,Foreign_Investor,211000
2024-11-14,4536,0,Foreign_Dealer_Self,0
2024-11-14,4536,1000,Investment_Trust,105000
2024-11-14,4536,7000,Dealer_self,70530
2024-11-14,4536,0,Dealer_Hedging,1303
2024-11-15,4536,155000,Foreign_Investor,194000
2024-11-15,4536,0,Foreign_Dealer_Self,0
2024-11-15,4536,0,Investment_Trust,0
2024-11-15,4536,12000,Dealer_self,26725
2024-11-15,4536,0,Dealer_Hedging,355
2024-11-18,4536,104000,Foreign_Investor,120137
2024-11-18,4536,0,Foreign_Dealer_Self,0
2024-11-18,4536,0,Investment_Trust,0
2024-11-18,4536,8000,Dealer_self,30600
2024-11-18,4536,1000,Dealer_Hedging,685
2024-11-19,4536,57000,Foreign_Investor,77000
2024-11-19,4536,0,Foreign_Dealer_Self,0
2024-11-19,4536,0,Investment_Trust,0
2024-11-19,4536,7000,Dealer_self,6181
2024-11-19,4536,0,Dealer_Hedging,321
2024-11-20,4536,78000,Foreign_Investor,244678
2024-11-20,4536,0,Foreign_Dealer_Self,0
2024-11-20,4536,135000,Investment_Trust,0
2024-11-20,4536,3000,Dealer_self,1616
2024-11-20,4536,0,Dealer_Hedging,0
2024-11-21,4536,141000,Foreign_Investor,268000
2024-11-21,4536,0,Foreign_Dealer_Self,0
2024-11-21,4536,162000,Investment_Trust,0
2024-11-21,4536,3000,Dealer_self,653
2024-11-21,4536,1000,Dealer_Hedging,124
2024-11-22,4536,61106,Foreign_Investor,183000
2024-11-22,4536,0,Foreign_Dealer_Self,0
2024-11-22,4536,0,Investment_Trust,0
2024-11-22,4536,3000,Dealer_self,1017
2024-11-22,4536,0,Dealer_Hedging,0
2024-11-25,4536,82729,Foreign_Investor,122030
2024-11-25,4536,0,Foreign_Dealer_Self,0
2024-11-25,4536,0,Investment_Trust,0
2024-11-25,4536,5000,Dealer_self,680
2024-11-25,4536,5000,Dealer_Hedging,254
2024-11-26,4536,18000,Foreign_Investor,40000
2024-11-26,4536,0,Foreign_Dealer_Self,0
2024-11-26,4536,0,Investment_Trust,0
2024-11-26,4536,1000,Dealer_self,458
2024-11-26,4536,5000,Dealer_Hedging,0
2024-11-27,4536,32169,Foreign_Investor,56000
2024-11-27,4536,0,Foreign_Dealer_Self,0
2024-11-27,4536,0,Investment_Trust,0
2024-11-27,4536,3000,Dealer_self,3214
2024-11-27,4536,0,Dealer_Hedging,12000
2024-11-28,4536,59000,Foreign_Investor,38000
2024-11-28,4536,0,Foreign_Dealer_Self,0
2024-11-28,4536,0,Investment_Trust,0
2024-11-28,4536,2000,Dealer_self,2021
2024-11-28,4536,0,Dealer_Hedging,1559
2024-11-29,4536,39264,Foreign_Investor,58000
2024-11-29,4536,0,Foreign_Dealer_Self,0
2024-11-29,4536,1000,Investment_Trust,0
2024-11-29,4536,2000,Dealer_self,3493
2024-11-29,4536,40000,Dealer_Hedging,437
2024-12-02,4536,41285,Foreign_Investor,7000
2024-12-02,4536,0,Foreign_Dealer_Self,0
2024-12-02,4536,0,Investment_Trust,0
2024-12-02,4536,0,Dealer_self,243
2024-12-02,4536,0,Dealer_Hedging,0
2024-12-03,4536,42600,Foreign_Investor,89156
2024-12-03,4536,0,Foreign_Dealer_Self,0
2024-12-03,4536,0,Investment_Trust,0
2024-12-03,4536,1000,Dealer_self,873
2024-12-03,4536,0,Dealer_Hedging,140
2024-12-04,4536,31233,Foreign_Investor,46000
2024-12-04,4536,0,Foreign_Dealer_Self,0
2024-12-04,4536,0,Investment_Trust,1000
2024-12-04,4536,0,Dealer_self,2308
2024-12-04,4536,40000,Dealer_Hedging,0
2024-12-05,4536,23000,Foreign_Investor,56000
2024-12-05,4536,0,Foreign_Dealer_Self,0
2024-12-05,4536,0,Investment_Trust,2000
2024-12-05,4536,5000,Dealer_self,4922
2024-12-05,4536,40000,Dealer_Hedging,0
2024-12-06,4536,17340,Foreign_Investor,19000
2024-12-06,4536,0,Foreign_Dealer_Self,0
2024-12-06,4536,0,Investment_Trust,0
2024-12-06,4536,1000,Dealer_self,5498
2024-12-06,4536,0,Dealer_Hedging,324
2024-12-09,4536,77592,Foreign_Investor,151000
2024-12-09,4536,0,Foreign_Dealer_Self,0
2024-12-09,4536,0,Investment_Trust,0
2024-12-09,4536,3000,Dealer_self,4791
2024-12-09,4536,0,Dealer_Hedging,216
2024-12-10,4536,8646,Foreign_Investor,49000
2024-12-10,4536,0,Foreign_Dealer_Self,0
2024-12-10,4536,0,Investment_Trust,0
2024-12-10,4536,0,Dealer_self,9175
2024-12-10,4536,40000,Dealer_Hedging,303
2024-12-11,4536,10117,Foreign_Investor,41000
2024-12-11,4536,0,Foreign_Dealer_Self,0
2024-12-11,4536,0,Investment_Trust,0
2024-12-11,4536,3000,Dealer_self,3409
2024-12-11,4536,0,Dealer_Hedging,0
2024-12-12,4536,79653,Foreign_Investor,46000
2024-12-12,4536,0,Foreign_Dealer_Self,0
2024-12-12,4536,30000,Investment_Trust,0
2024-12-12,4536,0,Dealer_self,210
2024-12-12,4536,15,Dealer_Hedging,0
2024-12-13,4536,16000,Foreign_Investor,72000
2024-12-13,4536,0,Foreign_Dealer_Self,0
2024-12-13,4536,0,Investment_Trust,0
2024-12-13,4536,2000,Dealer_self,3622
2024-12-13,4536,0,Dealer_Hedging,0
2024-12-16,4536,33000,Foreign_Investor,66000
2024-12-16,4536,0,Foreign_Dealer_Self,0
2024-12-16,4536,0,Investment_Trust,1000
2024-12-16,4536,0,Dealer_self,321
2024-12-16,4536,0,Dealer_Hedging,431
2024-12-17,4536,9000,Foreign_Investor,113842
2024-12-17,4536,0,Foreign_Dealer_Self,0
2024-12-17,4536,0,Investment_Trust,0
2024-12-17,4536,1000,Dealer_self,1461
2024-12-17,4536,0,Dealer_Hedging,0
2024-12-18,4536,61000,Foreign_Investor,72000
2024-12-18,4536,0,Foreign_Dealer_Self,0
2024-12-18,4536,1000,Investment_Trust,0
2024-12-18,4536,2000,Dealer_self,4162
2024-12-18,4536,0,Dealer_Hedging,0
2024-12-19,4536,47939,Foreign_Investor,88000
2024-12-19,4536,0,Foreign_Dealer_Self,0
2024-12-19,4536,0,Investment_Trust,0
2024-12-19,4536,1000,Dealer_self,1212
2024-12-19,4536,0,Dealer_Hedging,202
2024-12-20,4536,18866,Foreign_Investor,61005
2024-12-20,4536,0,Foreign_Dealer_Self,0
2024-12-20,4536,0,Investment_Trust,0
2024-12-20,4536,1000,Dealer_self,1282
2024-12-20,4536,0,Dealer_Hedging,0
2024-12-23,4536,100065,Foreign_Investor,42037
2024-12-23,4536,0,Foreign_Dealer_Self,0
2024-12-23,4536,0,Investment_Trust,0
2024-12-23,4536,1260,Dealer_self,0
2024-12-23,4536,9,Dealer_Hedging,0
2024-12-24,4536,12000,Foreign_Investor,9500
2024-12-24,4536,0,Foreign_Dealer_Self,0
2024-12-24,4536,0,Investment_Trust,0
2024-12-24,4536,1000,Dealer_self,0
2024-12-24,4536,314,Dealer_Hedging,0
2024-12-25,4536,8000,Foreign_Investor,25000
2024-12-25,4536,0,Foreign_Dealer_Self,0
2024-12-25,4536,0,Investment_Trust,0
2024-12-25,4536,1000,Dealer_self,0
2024-12-25,4536,0,Dealer_Hedging,0
2024-12-26,4536,18000,Foreign_Investor,22000
2024-12-26,4536,0,Foreign_Dealer_Self,0
2024-12-26,4536,0,Investment_Trust,40000
2024-12-26,4536,0,Dealer_self,404
2024-12-26,4536,0,Dealer_Hedging,524
2024-12-27,4536,27500,Foreign_Investor,25000
2024-12-27,4536,0,Foreign_Dealer_Self,0
2024-12-27,4536,0,Investment_Trust,0
2024-12-27,4536,1000,Dealer_self,400
2024-12-27,4536,0,Dealer_Hedging,1012
2024-12-30,4536,134024,Foreign_Investor,131163
2024-12-30,4536,0,Foreign_Dealer_Self,0
2024-12-30,4536,0,Investment_Trust,1000
2024-12-30,4536,3000,Dealer_self,2291
2024-12-30,4536,2000,Dealer_Hedging,157
2024-12-31,4536,23250,Foreign_Investor,48000
2024-12-31,4536,0,Foreign_Dealer_Self,0
2024-12-31,4536,0,Investment_Trust,0
2024-12-31,4536,3027,Dealer_self,12000
2024-12-31,4536,0,Dealer_Hedging,22
2025-01-02,4536,161380,Foreign_Investor,362000
2025-01-02,4536,0,Foreign_Dealer_Self,0
2025-01-02,4536,0,Investment_Trust,0
2025-01-02,4536,47000,Dealer_self,13081
2025-01-02,4536,10000,Dealer_Hedging,525
2025-01-03,4536,67202,Foreign_Investor,91000
2025-01-03,4536,0,Foreign_Dealer_Self,0
2025-01-03,4536,0,Investment_Trust,0
2025-01-03,4536,1000,Dealer_self,1378
2025-01-03,4536,0,Dealer_Hedging,7301
2025-01-06,4536,19000,Foreign_Investor,84000
2025-01-06,4536,0,Foreign_Dealer_Self,0
2025-01-06,4536,0,Investment_Trust,0
2025-01-06,4536,1028,Dealer_self,0
2025-01-06,4536,2027,Dealer_Hedging,50
2025-01-07,4536,58100,Foreign_Investor,37000
2025-01-07,4536,0,Foreign_Dealer_Self,0
2025-01-07,4536,0,Investment_Trust,2000
2025-01-07,4536,13000,Dealer_self,223
2025-01-07,4536,2634,Dealer_Hedging,1000
2025-01-08,4536,40000,Foreign_Investor,57000
2025-01-08,4536,0,Foreign_Dealer_Self,0
2025-01-08,4536,0,Investment_Trust,1000
2025-01-08,4536,42,Dealer_self,0
2025-01-08,4536,0,Dealer_Hedging,3763
2025-01-09,4536,24000,Foreign_Investor,92000
2025-01-09,4536,0,Foreign_Dealer_Self,0
2025-01-09,4536,0,Investment_Trust,1000
2025-01-09,4536,5000,Dealer_self,57573
2025-01-09,4536,0,Dealer_Hedging,3001
2025-01-10,4536,42100,Foreign_Investor,35000
2025-01-10,4536,0,Foreign_Dealer_Self,0
2025-01-10,4536,0,Investment_Trust,0
2025-01-10,4536,5000,Dealer_self,4275
2025-01-10,4536,0,Dealer_Hedging,0
2025-01-13,4536,75000,Foreign_Investor,127000
2025-01-13,4536,0,Foreign_Dealer_Self,0
2025-01-13,4536,0,Investment_Trust,50000
2025-01-13,4536,4000,Dealer_self,5632
2025-01-13,4536,2000,Dealer_Hedging,280
2025-01-14,4536,54000,Foreign_Investor,33000
2025-01-14,4536,0,Foreign_Dealer_Self,0
2025-01-14,4536,0,Investment_Trust,0
2025-01-14,4536,0,Dealer_self,1000
2025-01-14,4536,1,Dealer_Hedging,0
2025-01-15,4536,31000,Foreign_Investor,151134
2025-01-15,4536,0,Foreign_Dealer_Self,0
2025-01-15,4536,0,Investment_Trust,0
2025-01-15,4536,3000,Dealer_self,2581
2025-01-15,4536,0,Dealer_Hedging,1675
2025-01-16,4536,26002,Foreign_Investor,75000
2025-01-16,4536,0,Foreign_Dealer_Self,0
2025-01-16,4536,0,Investment_Trust,1000
2025-01-16,4536,3000,Dealer_self,1648
2025-01-16,4536,0,Dealer_Hedging,0
2025-01-17,4536,38000,Foreign_Investor,56000
2025-01-17,4536,0,Foreign_Dealer_Self,0
2025-01-17,4536,0,Investment_Trust,43000
2025-01-17,4536,1000,Dealer_self,3629
2025-01-17,4536,0,Dealer_Hedging,34
2025-01-20,4536,23160,Foreign_Investor,23000
2025-01-20,4536,0,Foreign_Dealer_Self,0
2025-01-20,4536,0,Investment_Trust,0
2025-01-20,4536,0,Dealer_self,21
2025-01-20,4536,0,Dealer_Hedging,3
2025-01-21,4536,33000,Foreign_Investor,56000
2025-01-21,4536,0,Foreign_Dealer_Self,0
2025-01-21,4536,0,Investment_Trust,1000
2025-01-21,4536,1000,Dealer_self,3000
2025-01-21,4536,1000,Dealer_Hedging,100
2025-01-22,4536,51000,Foreign_Investor,39000
2025-01-22,4536,0,Foreign_Dealer_Self,0
2025-01-22,4536,0,Investment_Trust,0
2025-01-22,4536,3000,Dealer_self,0
2025-01-22,4536,2,Dealer_Hedging,271
2025-02-03,4536,189530,Foreign_Investor,116018
2025-02-03,4536,0,Foreign_Dealer_Self,0
2025-02-03,4536,0,Investment_Trust,50000
2025-02-03,4536,18000,Dealer_self,12019
2025-02-03,4536,1000,Dealer_Hedging,1304
2025-02-04,4536,230000,Foreign_Investor,212000
2025-02-04,4536,0,Foreign_Dealer_Self,0
2025-02-04,4536,0,Investment_Trust,0
2025-02-04,4536,10000,Dealer_self,11232
2025-02-04,4536,0,Dealer_Hedging,0
2025-02-05,4536,57000,Foreign_Investor,51000
2025-02-05,4536,0,Foreign_Dealer_Self,0
2025-02-05,4536,0,Investment_Trust,0
2025-02-05,4536,1000,Dealer_self,598
2025-02-05,4536,3132,Dealer_Hedging,0
2025-02-06,4536,127079,Foreign_Investor,62300
2025-02-06,4536,0,Foreign_Dealer_Self,0
2025-02-06,4536,0,Investment_Trust,0
2025-02-06,4536,0,Dealer_self,5037
2025-02-06,4536,1,Dealer_Hedging,102710
2025-02-07,4536,27000,Foreign_Investor,58000
2025-02-07,4536,0,Foreign_Dealer_Self,0
2025-02-07,4536,0,Investment_Trust,3000
2025-02-07,4536,0,Dealer_self,355
2025-02-07,4536,0,Dealer_Hedging,35000
2025-02-10,4536,20000,Foreign_Investor,106000
2025-02-10,4536,0,Foreign_Dealer_Self,0
2025-02-10,4536,0,Investment_Trust,1000
2025-02-10,4536,4000,Dealer_self,2565
2025-02-10,4536,5000,Dealer_Hedging,15000
2025-02-11,4536,12000,Foreign_Investor,65000
2025-02-11,4536,0,Foreign_Dealer_Self,0
2025-02-11,4536,0,Investment_Trust,1000
2025-02-11,4536,1000,Dealer_self,2883
2025-02-11,4536,1000,Dealer_Hedging,1
2025-02-12,4536,112424,Foreign_Investor,63000
2025-02-12,4536,0,Foreign_Dealer_Self,0
2025-02-12,4536,0,Investment_Trust,0
2025-02-12,4536,3000,Dealer_self,3817
2025-02-12,4536,0,Dealer_Hedging,0
2025-02-13,4536,56000,Foreign_Investor,58700
2025-02-13,4536,0,Foreign_Dealer_Self,0
2025-02-13,4536,0,Investment_Trust,0
2025-02-13,4536,6000,Dealer_self,2383
2025-02-13,4536,0,Dealer_Hedging,0
2025-02-14,4536,13000,Foreign_Investor,63000
2025-02-14,4536,0,Foreign_Dealer_Self,0
2025-02-14,4536,11000,Investment_Trust,1000
2025-02-14,4536,1000,Dealer_self,510
2025-02-14,4536,2030,Dealer_Hedging,0
2025-02-17,4536,23108,Foreign_Investor,52000
2025-02-17,4536,0,Foreign_Dealer_Self,0
2025-02-17,4536,0,Investment_Trust,0
2025-02-17,4536,1000,Dealer_self,450
2025-02-17,4536,0,Dealer_Hedging,0
2025-02-18,4536,15000,Foreign_Investor,78000
2025-02-18,4536,0,Foreign_Dealer_Self,0
2025-02-18,4536,0,Investment_Trust,2000
2025-02-18,4536,1000,Dealer_self,5900
2025-02-18,4536,1000,Dealer_Hedging,0
2025-02-19,4536,32000,Foreign_Investor,30000
2025-02-19,4536,0,Foreign_Dealer_Self,0
2025-02-19,4536,0,Investment_Trust,1000
2025-02-19,4536,2000,Dealer_self,1314
2025-02-19,4536,3104,Dealer_Hedging,35000
2025-02-20,4536,49100,Foreign_Investor,113000
2025-02-20,4536,0,Foreign_Dealer_Self,0
2025-02-20,4536,0,Investment_Trust,0
2025-02-20,4536,3000,Dealer_self,139
2025-02-20,4536,0,Dealer_Hedging,0
2025-02-21,4536,203596,Foreign_Investor,40000
2025-02-21,4536,0,Foreign_Dealer_Self,0
2025-02-21,4536,0,Investment_Trust,1000
2025-02-21,4536,1000,Dealer_self,1131
2025-02-21,4536,11292,Dealer_Hedging,1000
2025-02-24,4536,99000,Foreign_Investor,110229
2025-02-24,4536,0,Foreign_Dealer_Self,0
2025-02-24,4536,0,Investment_Trust,0
2025-02-24,4536,395,Dealer_self,0
2025-02-24,4536,0,Dealer_Hedging,8413
2025-02-25,4536,90502,Foreign_Investor,69000
2025-02-25,4536,0,Foreign_Dealer_Self,0
2025-02-25,4536,0,Investment_Trust,0
2025-02-25,4536,2247,Dealer_self,2322
2025-02-25,4536,0,Dealer_Hedging,1000
2025-02-26,4536,88419,Foreign_Investor,48943
2025-02-26,4536,0,Foreign_Dealer_Self,0
2025-02-26,4536,0,Investment_Trust,0
2025-02-26,4536,0,Dealer_self,2000
2025-02-26,4536,0,Dealer_Hedging,0
2025-02-27,4536,217392,Foreign_Investor,225171
2025-02-27,4536,0,Foreign_Dealer_Self,0
2025-02-27,4536,1000,Investment_Trust,0
2025-02-27,4536,3010,Dealer_self,1000
2025-02-27,4536,0,Dealer_Hedging,2085
2025-03-03,4536,213175,Foreign_Investor,174000
2025-03-03,4536,0,Foreign_Dealer_Self,0
2025-03-03,4536,0,Investment_Trust,1000
2025-03-03,4536,18000,Dealer_self,3000
2025-03-03,4536,0,Dealer_Hedging,0
2025-03-04,4536,203000,Foreign_Investor,56000
2025-03-04,4536,0,Foreign_Dealer_Self,0
2025-03-04,4536,3000,Investment_Trust,0
2025-03-04,4536,1000,Dealer_self,3000
2025-03-04,4536,7733,Dealer_Hedging,0
2025-03-05,4536,195000,Foreign_Investor,144000
2025-03-05,4536,0,Foreign_Dealer_Self,0
2025-03-05,4536,0,Investment_Trust,1000
2025-03-05,4536,1000,Dealer_self,10000
2025-03-05,4536,891,Dealer_Hedging,3099
2025-03-06,4536,439014,Foreign_Investor,127000
2025-03-06,4536,0,Foreign_Dealer_Self,0
2025-03-06,4536,0,Investment_Trust,11000
2025-03-06,4536,1527,Dealer_self,3000
2025-03-06,4536,100,Dealer_Hedging,3065
2025-03-07,4536,90000,Foreign_Investor,107000
2025-03-07,4536,0,Foreign_Dealer_Self,0
2025-03-07,4536,0,Investment_Trust,0
2025-03-07,4536,9000,Dealer_self,1112
2025-03-07,4536,0,Dealer_Hedging,9798
2025-03-10,4536,164000,Foreign_Investor,89200
2025-03-10,4536,0,Foreign_Dealer_Self,0
2025-03-10,4536,38000,Investment_Trust,1000
2025-03-10,4536,310,Dealer_self,1005
2025-03-10,4536,0,Dealer_Hedging,0
2025-03-11,4536,166000,Foreign_Investor,94000
2025-03-11,4536,0,Foreign_Dealer_Self,0
2025-03-11,4536,0,Investment_Trust,0
2025-03-11,4536,8000,Dealer_self,13063
2025-03-11,4536,320,Dealer_Hedging,3138
2025-03-12,4536,61000,Foreign_Investor,76800
2025-03-12,4536,0,Foreign_Dealer_Self,0
2025-03-12,4536,0,Investment_Trust,0
2025-03-12,4536,7000,Dealer_self,2235
2025-03-12,4536,862,Dealer_Hedging,0
2025-03-13,4536,106000,Foreign_Investor,131000
2025-03-13,4536,0,Foreign_Dealer_Self,0
2025-03-13,4536,0,Investment_Trust,0
2025-03-13,4536,2000,Dealer_self,1000
2025-03-13,4536,0,Dealer_Hedging,37557
2025-03-14,4536,68000,Foreign_Investor,76000
2025-03-14,4536,0,Foreign_Dealer_Self,0
2025-03-14,4536,0,Investment_Trust,0
2025-03-14,4536,1000,Dealer_self,117
2025-03-14,4536,0,Dealer_Hedging,0
2025-03-17,4536,59000,Foreign_Investor,43365
2025-03-17,4536,0,Foreign_Dealer_Self,0
2025-03-17,4536,0,Investment_Trust,0
2025-03-17,4536,1000,Dealer_self,2150
2025-03-17,4536,0,Dealer_Hedging,0
2025-03-18,4536,28000,Foreign_Investor,28000
2025-03-18,4536,0,Foreign_Dealer_Self,0
2025-03-18,4536,1000,Investment_Trust,0
2025-03-18,4536,3000,Dealer_self,2001
2025-03-18,4536,0,Dealer_Hedging,341
2025-03-19,4536,155001,Foreign_Investor,91000
2025-03-19,4536,0,Foreign_Dealer_Self,0
2025-03-19,4536,0,Investment_Trust,0
2025-03-19,4536,22150,Dealer_self,28000
2025-03-19,4536,49,Dealer_Hedging,0
2025-03-20,4536,225000,Foreign_Investor,50000
2025-03-20,4536,0,Foreign_Dealer_Self,0
2025-03-20,4536,0,Investment_Trust,0
2025-03-20,4536,18000,Dealer_self,3000
2025-03-20,4536,1000,Dealer_Hedging,2
2025-03-21,4536,47020,Foreign_Investor,123000
2025-03-21,4536,0,Foreign_Dealer_Self,0
2025-03-21,4536,0,Investment_Trust,0
2025-03-21,4536,8000,Dealer_self,3219
2025-03-21,4536,0,Dealer_Hedging,6
2025-03-24,4536,125000,Foreign_Investor,36000
2025-03-24,4536,0,Foreign_Dealer_Self,0
2025-03-24,4536,0,Investment_Trust,0
2025-03-24,4536,2776,Dealer_self,25005
2025-03-24,4536,0,Dealer_Hedging,92
2025-03-25,4536,79000,Foreign_Investor,104000
2025-03-25,4536,0,Foreign_Dealer_Self,0
2025-03-25,4536,0,Investment_Trust,0
2025-03-25,4536,3000,Dealer_self,13277
2025-03-25,4536,0,Dealer_Hedging,1589
2025-03-26,4536,89000,Foreign_Investor,35000
2025-03-26,4536,0,Foreign_Dealer_Self,0
2025-03-26,4536,0,Investment_Trust,0
2025-03-26,4536,16000,Dealer_self,0
2025-03-26,4536,0,Dealer_Hedging,11
2025-03-27,4536,67000,Foreign_Investor,32000
2025-03-27,4536,0,Foreign_Dealer_Self,0
2025-03-27,4536,0,Investment_Trust,0
2025-03-27,4536,0,Dealer_self,8017
2025-03-27,4536,0,Dealer_Hedging,0
2025-03-28,4536,59000,Foreign_Investor,268000
2025-03-28,4536,0,Foreign_Dealer_Self,0
2025-03-28,4536,0,Investment_Trust,0
2025-03-28,4536,7000,Dealer_self,2583
2025-03-28,4536,0,Dealer_Hedging,1403
2025-03-31,4536,137000,Foreign_Investor,168000
2025-03-31,4536,0,Foreign_Dealer_Self,0
2025-03-31,4536,0,Investment_Trust,0
2025-03-31,4536,16000,Dealer_self,25826
2025-03-31,4536,0,Dealer_Hedging,335
2025-04-01,4536,57000,Foreign_Investor,63000
2025-04-01,4536,0,Foreign_Dealer_Self,0
2025-04-01,4536,0,Investment_Trust,0
2025-04-01,4536,8000,Dealer_self,4173
2025-04-01,4536,34,Dealer_Hedging,0
2025-04-02,4536,90541,Foreign_Investor,68000
2025-04-02,4536,0,Foreign_Dealer_Self,0
2025-04-02,4536,0,Investment_Trust,0
2025-04-02,4536,1000,Dealer_self,2138
2025-04-02,4536,0,Dealer_Hedging,0
2025-04-07,4536,6000,Foreign_Investor,5000
2025-04-07,4536,0,Foreign_Dealer_Self,0
2025-04-07,4536,0,Investment_Trust,0
2025-04-07,4536,0,Dealer_self,0
2025-04-07,4536,0,Dealer_Hedging,0
2025-04-08,4536,75000,Foreign_Investor,182000
2025-04-08,4536,0,Foreign_Dealer_Self,0
2025-04-08,4536,0,Investment_Trust,0
2025-04-08,4536,16000,Dealer_self,43852
2025-04-08,4536,0,Dealer_Hedging,1034
2025-04-09,4536,280000,Foreign_Investor,414000
2025-04-09,4536,0,Foreign_Dealer_Self,0
2025-04-09,4536,0,Investment_Trust,0
2025-04-09,4536,14391,Dealer_self,18287
2025-04-09,4536,0,Dealer_Hedging,2307
2025-04-10,4536,16000,Foreign_Investor,83000
2025-04-10,4536,0,Foreign_Dealer_Self,0
2025-04-10,4536,0,Investment_Trust,0
2025-04-10,4536,1000,Dealer_self,0
2025-04-10,4536,0,Dealer_Hedging,0
2025-04-11,4536,204094,Foreign_Investor,516000
2025-04-11,4536,0,Foreign_Dealer_Self,0
2025-04-11,4536,157000,Investment_Trust,0
2025-04-11,4536,27000,Dealer_self,10247
2025-04-11,4536,300,Dealer_Hedging,466
2025-04-14,4536,291011,Foreign_Investor,356094
2025-04-14,4536,0,Foreign_Dealer_Self,0
2025-04-14,4536,72000,Investment_Trust,0
2025-04-14,4536,14000,Dealer_self,16037
2025-04-14,4536,4625,Dealer_Hedging,0
2025-04-15,4536,123009,Foreign_Investor,104011
2025-04-15,4536,0,Foreign_Dealer_Self,0
2025-04-15,4536,0,Investment_Trust,0
2025-04-15,4536,3000,Dealer_self,669
2025-04-15,4536,0,Dealer_Hedging,8
2025-04-16,4536,102128,Foreign_Investor,116009
2025-04-16,4536,0,Foreign_Dealer_Self,0
2025-04-16,4536,0,Investment_Trust,0
2025-04-16,4536,16000,Dealer_self,3000
2025-04-16,4536,0,Dealer_Hedging,12
2025-04-17,4536,61000,Foreign_Investor,48105
2025-04-17,4536,0,Foreign_Dealer_Self,0
2025-04-17,4536,0,Investment_Trust,0
2025-04-17,4536,3000,Dealer_self,1107
2025-04-17,4536,0,Dealer_Hedging,0
2025-04-18,4536,25633,Foreign_Investor,67000
2025-04-18,4536,0,Foreign_Dealer_Self,0
2025-04-18,4536,46000,Investment_Trust,0
2025-04-18,4536,1000,Dealer_self,0
2025-04-18,4536,0,Dealer_Hedging,0
2025-04-21,4536,10000,Foreign_Investor,120633
2025-04-21,4536,0,Foreign_Dealer_Self,0
2025-04-21,4536,0,Investment_Trust,0
2025-04-21,4536,0,Dealer_self,1403
2025-04-21,4536,0,Dealer_Hedging,193
2025-04-22,4536,100000,Foreign_Investor,68000
2025-04-22,4536,0,Foreign_Dealer_Self,0
2025-04-22,4536,0,Investment_Trust,0
2025-04-22,4536,1000,Dealer_self,96
2025-04-22,4536,1000,Dealer_Hedging,0
2025-04-23,4536,60000,Foreign_Investor,36000
2025-04-23,4536,0,Foreign_Dealer_Self,0
2025-04-23,4536,0,Investment_Trust,0
2025-04-23,4536,5000,Dealer_self,3159
2025-04-23,4536,0,Dealer_Hedging,1011
2025-04-24,4536,70792,Foreign_Investor,41000
2025-04-24,4536,0,Foreign_Dealer_Self,0
2025-04-24,4536,1000,Investment_Trust,0
2025-04-24,4536,1000,Dealer_self,1195
2025-04-24,4536,0,Dealer_Hedging,0
2025-04-25,4536,66001,Foreign_Investor,33792
2025-04-25,4536,0,Foreign_Dealer_Self,0
2025-04-25,4536,0,Investment_Trust,0
2025-04-25,4536,2000,Dealer_self,0
2025-04-25,4536,0,Dealer_Hedging,0
2025-04-28,4536,31452,Foreign_Investor,49001
2025-04-28,4536,0,Foreign_Dealer_Self,0
2025-04-28,4536,1000,Investment_Trust,0
2025-04-28,4536,12,Dealer_self,55
2025-04-28,4536,43,Dealer_Hedging,0
2025-04-29,4536,65000,Foreign_Investor,102452
2025-04-29,4536,0,Foreign_Dealer_Self,0
2025-04-29,4536,0,Investment_Trust,0
2025-04-29,4536,0,Dealer_self,33
2025-04-29,4536,0,Dealer_Hedging,0
2025-04-30,4536,40340,Foreign_Investor,122000
2025-04-30,4536,0,Foreign_Dealer_Self,0
2025-04-30,4536,17000,Investment_Trust,0
2025-04-30,4536,0,Dealer_self,3005
2025-04-30,4536,6,Dealer_Hedging,0
2025-05-02,4536,40274,Foreign_Investor,49308
2025-05-02,4536,0,Foreign_Dealer_Self,0
2025-05-02,4536,1000,Investment_Trust,0
2025-05-02,4536,0,Dealer_self,0
2025-05-02,4536,0,Dealer_Hedging,0
2025-05-05,4536,88201,Foreign_Investor,143306
2025-05-05,4536,0,Foreign_Dealer_Self,0
2025-05-05,4536,0,Investment_Trust,0
2025-05-05,4536,4000,Dealer_self,3895
2025-05-05,4536,0,Dealer_Hedging,1125
2025-05-06,4536,129047,Foreign_Investor,30201
2025-05-06,4536,0,Foreign_Dealer_Self,0
2025-05-06,4536,2000,Investment_Trust,0
2025-05-06,4536,0,Dealer_self,3400
2025-05-06,4536,0,Dealer_Hedging,140
2025-05-07,4536,250000,Foreign_Investor,31047
2025-05-07,4536,0,Foreign_Dealer_Self,0
2025-05-07,4536,0,Investment_Trust,0
2025-05-07,4536,2000,Dealer_self,8495
2025-05-07,4536,0,Dealer_Hedging,39
2025-05-08,4536,106000,Foreign_Investor,51000
2025-05-08,4536,0,Foreign_Dealer_Self,0
2025-05-08,4536,0,Investment_Trust,0
2025-05-08,4536,3000,Dealer_self,1594
2025-05-08,4536,0,Dealer_Hedging,115
2025-05-09,4536,314276,Foreign_Investor,311000
2025-05-09,4536,0,Foreign_Dealer_Self,0
2025-05-09,4536,0,Investment_Trust,0
2025-05-09,4536,5000,Dealer_self,5176
2025-05-09,4536,2000,Dealer_Hedging,538
2025-05-12,4536,213020,Foreign_Investor,161270
2025-05-12,4536,0,Foreign_Dealer_Self,0
2025-05-12,4536,0,Investment_Trust,0
2025-05-12,4536,5328,Dealer_self,6000
2025-05-12,4536,6607,Dealer_Hedging,0
2025-05-13,4536,115115,Foreign_Investor,116020
2025-05-13,4536,0,Foreign_Dealer_Self,0
2025-05-13,4536,0,Investment_Trust,1000
2025-05-13,4536,6466,Dealer_self,25122
2025-05-13,4536,0,Dealer_Hedging,3459
2025-05-14,4536,130230,Foreign_Investor,62115
2025-05-14,4536,0,Foreign_Dealer_Self,0
2025-05-14,4536,0,Investment_Trust,0
2025-05-14,4536,7000,Dealer_self,2000
2025-05-14,4536,2074,Dealer_Hedging,0
2025-05-15,4536,103165,Foreign_Investor,88030
2025-05-15,4536,0,Foreign_Dealer_Self,0
2025-05-15,4536,0,Investment_Trust,0
2025-05-15,4536,0,Dealer_self,10488
2025-05-15,4536,0,Dealer_Hedging,1492
2025-05-16,4536,57434,Foreign_Investor,63165
2025-05-16,4536,0,Foreign_Dealer_Self,0
2025-05-16,4536,0,Investment_Trust,1000
2025-05-16,4536,1000,Dealer_self,23020
2025-05-16,4536,0,Dealer_Hedging,1782
2025-05-19,4536,92520,Foreign_Investor,158020
2025-05-19,4536,0,Foreign_Dealer_Self,0
2025-05-19,4536,0,Investment_Trust,0
2025-05-19,4536,0,Dealer_self,297
2025-05-19,4536,0,Dealer_Hedging,474
2025-05-20,4536,52062,Foreign_Investor,82512
2025-05-20,4536,0,Foreign_Dealer_Self,0
2025-05-20,4536,0,Investment_Trust,0
2025-05-20,4536,2000,Dealer_self,0
2025-05-20,4536,0,Dealer_Hedging,0
2025-05-21,4536,48853,Foreign_Investor,17074
2025-05-21,4536,0,Foreign_Dealer_Self,0
2025-05-21,4536,20000,Investment_Trust,0
2025-05-21,4536,2000,Dealer_self,10000
2025-05-21,4536,0,Dealer_Hedging,0
2025-05-22,4536,51441,Foreign_Investor,65041
2025-05-22,4536,0,Foreign_Dealer_Self,0
2025-05-22,4536,0,Investment_Trust,0
2025-05-22,4536,1000,Dealer_self,2843
2025-05-22,4536,0,Dealer_Hedging,1361
2025-05-23,4536,22068,Foreign_Investor,32411
2025-05-23,4536,0,Foreign_Dealer_Self,0
2025-05-23,4536,0,Investment_Trust,0
2025-05-23,4536,1000,Dealer_self,1965
2025-05-23,4536,0,Dealer_Hedging,2147
2025-05-26,4536,32869,Foreign_Investor,51000
2025-05-26,4536,0,Foreign_Dealer_Self,0
2025-05-26,4536,0,Investment_Trust,0
2025-05-26,4536,0,Dealer_self,3358
2025-05-26,4536,0,Dealer_Hedging,1795
2025-05-27,4536,55039,Foreign_Investor,37000
2025-05-27,4536,0,Foreign_Dealer_Self,0
2025-05-27,4536,0,Investment_Trust,0
2025-05-27,4536,8000,Dealer_self,8341
2025-05-27,4536,0,Dealer_Hedging,0
2025-05-28,4536,69885,Foreign_Investor,44588
2025-05-28,4536,0,Foreign_Dealer_Self,0
2025-05-28,4536,0,Investment_Trust,30000
2025-05-28,4536,1007,Dealer_self,2572
2025-05-28,4536,1296,Dealer_Hedging,0
2025-05-29,4536,211016,Foreign_Investor,235451
2025-05-29,4536,0,Foreign_Dealer_Self,0
2025-05-29,4536,14000,Investment_Trust,30000
2025-05-29,4536,20000,Dealer_self,917
2025-05-29,4536,0,Dealer_Hedging,55
2025-06-02,4536,218863,Foreign_Investor,145000
2025-06-02,4536,0,Foreign_Dealer_Self,0
2025-06-02,4536,0,Investment_Trust,0
2025-06-02,4536,77,Dealer_self,6064
2025-06-02,4536,3050,Dealer_Hedging,1064
2025-06-03,4536,112237,Foreign_Investor,211256
2025-06-03,4536,0,Foreign_Dealer_Self,0
2025-06-03,4536,0,Investment_Trust,0
2025-06-03,4536,1026,Dealer_self,5080
2025-06-03,4536,0,Dealer_Hedging,0
2025-06-04,4536,68550,Foreign_Investor,85842
2025-06-04,4536,0,Foreign_Dealer_Self,0
2025-06-04,4536,0,Investment_Trust,0
2025-06-04,4536,1000,Dealer_self,1000
2025-06-04,4536,0,Dealer_Hedging,0
2025-06-05,4536,77739,Foreign_Investor,114237
2025-06-05,4536,0,Foreign_Dealer_Self,0
2025-06-05,4536,0,Investment_Trust,0
2025-06-05,4536,0,Dealer_self,1056
2025-06-05,4536,0,Dealer_Hedging,0
2025-06-06,4536,72118,Foreign_Investor,87807
2025-06-06,4536,0,Foreign_Dealer_Self,0
2025-06-06,4536,0,Investment_Trust,0
2025-06-06,4536,1000,Dealer_self,962
2025-06-06,4536,0,Dealer_Hedging,2000
2025-06-09,4536,78072,Foreign_Investor,45003
2025-06-09,4536,0,Foreign_Dealer_Self,0
2025-06-09,4536,0,Investment_Trust,0
2025-06-09,4536,2000,Dealer_self,0
2025-06-09,4536,0,Dealer_Hedging,754
2025-06-10,4536,80551,Foreign_Investor,87072
2025-06-10,4536,0,Foreign_Dealer_Self,0
2025-06-10,4536,0,Investment_Trust,0
2025-06-10,4536,9000,Dealer_self,2000
2025-06-10,4536,283,Dealer_Hedging,0
2025-06-11,4536,174190,Foreign_Investor,1286550
2025-06-11,4536,0,Foreign_Dealer_Self,0
2025-06-11,4536,0,Investment_Trust,107000
2025-06-11,4536,68000,Dealer_self,18614
2025-06-11,4536,0,Dealer_Hedging,1761
2025-06-12,4536,129098,Foreign_Investor,161154
2025-06-12,4536,0,Foreign_Dealer_Self,0
2025-06-12,4536,0,Investment_Trust,137000
2025-06-12,4536,0,Dealer_self,37283
2025-06-12,4536,0,Dealer_Hedging,0
2025-06-13,4536,39994,Foreign_Investor,241000
2025-06-13,4536,0,Foreign_Dealer_Self,0
2025-06-13,4536,0,Investment_Trust,0
2025-06-13,4536,14000,Dealer_self,21717
2025-06-13,4536,0,Dealer_Hedging,0
2025-06-16,4536,31000,Foreign_Investor,64006
2025-06-16,4536,0,Foreign_Dealer_Self,0
2025-06-16,4536,0,Investment_Trust,1000
2025-06-16,4536,3000,Dealer_self,4115
2025-06-16,4536,1000,Dealer_Hedging,0
2025-06-17,4536,84027,Foreign_Investor,57000
2025-06-17,4536,0,Foreign_Dealer_Self,0
2025-06-17,4536,0,Investment_Trust,100000
2025-06-17,4536,4000,Dealer_self,6747
2025-06-17,4536,0,Dealer_Hedging,0
2025-06-18,4536,198000,Foreign_Investor,57454
2025-06-18,4536,0,Foreign_Dealer_Self,0
2025-06-18,4536,0,Investment_Trust,0
2025-06-18,4536,1000,Dealer_self,15000
2025-06-18,4536,0,Dealer_Hedging,0
2025-06-19,4536,24021,Foreign_Investor,164455
2025-06-19,4536,0,Foreign_Dealer_Self,0
2025-06-19,4536,0,Investment_Trust,90000
2025-06-19,4536,4000,Dealer_self,3927
2025-06-19,4536,0,Dealer_Hedging,0
2025-06-20,4536,65000,Foreign_Investor,222000
2025-06-20,4536,0,Foreign_Dealer_Self,0
2025-06-20,4536,0,Investment_Trust,0
2025-06-20,4536,8000,Dealer_self,8857
2025-06-20,4536,0,Dealer_Hedging,0
2025-06-23,4536,43000,Foreign_Investor,81000
2025-06-23,4536,0,Foreign_Dealer_Self,0
2025-06-23,4536,0,Investment_Trust,0
2025-06-23,4536,1000,Dealer_self,4348
2025-06-23,4536,0,Dealer_Hedging,0
2025-06-24,4536,78033,Foreign_Investor,38000
2025-06-24,4536,0,Foreign_Dealer_Self,0
2025-06-24,4536,0,Investment_Trust,0
2025-06-24,4536,4000,Dealer_self,10
2025-06-24,4536,0,Dealer_Hedging,0
2025-06-25,4536,62000,Foreign_Investor,54012
2025-06-25,4536,0,Foreign_Dealer_Self,0
2025-06-25,4536,0,Investment_Trust,2000
2025-06-25,4536,0,Dealer_self,607
2025-06-25,4536,0,Dealer_Hedging,0
2025-06-26,4536,69313,Foreign_Investor,25259
2025-06-26,4536,0,Foreign_Dealer_Self,0
2025-06-26,4536,0,Investment_Trust,0
2025-06-26,4536,244,Dealer_self,9000
2025-06-26,4536,0,Dealer_Hedging,0
2025-06-27,4536,55209,Foreign_Investor,9000
2025-06-27,4536,0,Foreign_Dealer_Self,0
2025-06-27,4536,0,Investment_Trust,1000
2025-06-27,4536,0,Dealer_self,7606
2025-06-27,4536,0,Dealer_Hedging,0
2025-06-30,4536,60500,Foreign_Investor,25000
2025-06-30,4536,0,Foreign_Dealer_Self,0
2025-06-30,4536,0,Investment_Trust,0
2025-06-30,4536,7000,Dealer_self,4020
2025-06-30,4536,0,Dealer_Hedging,0
2025-07-01,4536,36000,Foreign_Investor,19000
2025-07-01,4536,0,Foreign_Dealer_Self,0
2025-07-01,4536,0,Investment_Trust,0
2025-07-01,4536,24000,Dealer_self,0
2025-07-01,4536,0,Dealer_Hedging,0
2025-07-02,4536,59193,Foreign_Investor,11727
2025-07-02,4536,0,Foreign_Dealer_Self,0
2025-07-02,4536,0,Investment_Trust,0
2025-07-02,4536,3000,Dealer_self,1725
2025-07-02,4536,0,Dealer_Hedging,0
2025-07-03,4536,194272,Foreign_Investor,29000
2025-07-03,4536,0,Foreign_Dealer_Self,0
2025-07-03,4536,0,Investment_Trust,0
2025-07-03,4536,18000,Dealer_self,1000
2025-07-03,4536,0,Dealer_Hedging,0
2025-07-04,4536,99500,Foreign_Investor,32000
2025-07-04,4536,0,Foreign_Dealer_Self,0
2025-07-04,4536,0,Investment_Trust,53000
2025-07-04,4536,0,Dealer_self,88
2025-07-04,4536,0,Dealer_Hedging,0
2025-07-07,4536,59044,Foreign_Investor,43000
2025-07-07,4536,0,Foreign_Dealer_Self,0
2025-07-07,4536,0,Investment_Trust,23000
2025-07-07,4536,19000,Dealer_self,14
2025-07-07,4536,0,Dealer_Hedging,0
2025-07-08,4536,43000,Foreign_Investor,293000
2025-07-08,4536,0,Foreign_Dealer_Self,0
2025-07-08,4536,0,Investment_Trust,23000
2025-07-08,4536,18000,Dealer_self,7506
2025-07-08,4536,97000,Dealer_Hedging,0
2025-07-09,4536,89000,Foreign_Investor,139701
2025-07-09,4536,0,Foreign_Dealer_Self,0
2025-07-09,4536,0,Investment_Trust,0
2025-07-09,4536,0,Dealer_self,20
2025-07-09,4536,101000,Dealer_Hedging,0
2025-07-10,4536,51023,Foreign_Investor,313000
2025-07-10,4536,0,Foreign_Dealer_Self,0
2025-07-10,4536,105000,Investment_Trust,0
2025-07-10,4536,16000,Dealer_self,3396
2025-07-10,4536,103000,Dealer_Hedging,0
2025-07-11,4536,182000,Foreign_Investor,205008
2025-07-11,4536,0,Foreign_Dealer_Self,0
2025-07-11,4536,0,Investment_Trust,21000
2025-07-11,4536,10731,Dealer_self,404
2025-07-11,4536,7287,Dealer_Hedging,0
2025-07-14,4536,23023,Foreign_Investor,643000
2025-07-14,4536,0,Foreign_Dealer_Self,0
2025-07-14,4536,14000,Investment_Trust,0
2025-07-14,4536,33000,Dealer_self,3260
2025-07-14,4536,500000,Dealer_Hedging,6060
2025-07-15,4536,39701,Foreign_Investor,378000
2025-07-15,4536,0,Foreign_Dealer_Self,0
2025-07-15,4536,1000,Investment_Trust,0
2025-07-15,4536,4000,Dealer_self,3676
2025-07-15,4536,610222,Dealer_Hedging,0
2025-07-16,4536,714000,Foreign_Investor,363000
2025-07-16,4536,0,Foreign_Dealer_Self,0
2025-07-16,4536,1000,Investment_Trust,1000
2025-07-16,4536,10000,Dealer_self,6012
2025-07-16,4536,0,Dealer_Hedging,908790
2025-07-17,4536,173046,Foreign_Investor,115352
2025-07-17,4536,0,Foreign_Dealer_Self,0
2025-07-17,4536,18000,Investment_Trust,0
2025-07-17,4536,2000,Dealer_self,11346
2025-07-17,4536,0,Dealer_Hedging,500000
2025-07-18,4536,148000,Foreign_Investor,210000
2025-07-18,4536,0,Foreign_Dealer_Self,0
2025-07-18,4536,13000,Investment_Trust,3000
2025-07-18,4536,1000,Dealer_self,0
2025-07-18,4536,0,Dealer_Hedging,545
2025-07-21,4536,386000,Foreign_Investor,88000
2025-07-21,4536,0,Foreign_Dealer_Self,0
2025-07-21,4536,1000,Investment_Trust,0
2025-07-21,4536,2000,Dealer_self,3141
2025-07-21,4536,3875,Dealer_Hedging,1000
2025-07-22,4536,56000,Foreign_Investor,102300
2025-07-22,4536,0,Foreign_Dealer_Self,0
2025-07-22,4536,0,Investment_Trust,1000
2025-07-22,4536,2000,Dealer_self,580
2025-07-22,4536,0,Dealer_Hedging,3437
2025-07-23,4536,89019,Foreign_Investor,22000
2025-07-23,4536,0,Foreign_Dealer_Self,0
2025-07-23,4536,0,Investment_Trust,0
2025-07-23,4536,7094,Dealer_self,0
2025-07-23,4536,1089,Dealer_Hedging,1000
2025-07-24,4536,43000,Foreign_Investor,31119
2025-07-24,4536,0,Foreign_Dealer_Self,0
2025-07-24,4536,0,Investment_Trust,1000
2025-07-24,4536,2000,Dealer_self,250
2025-07-24,4536,0,Dealer_Hedging,0
2025-07-25,4536,25000,Foreign_Investor,38000
2025-07-25,4536,0,Foreign_Dealer_Self,0
2025-07-25,4536,0,Investment_Trust,0
2025-07-25,4536,2000,Dealer_self,2105
2025-07-25,4536,0,Dealer_Hedging,0
2025-07-28,4536,25000,Foreign_Investor,15000
2025-07-28,4536,0,Foreign_Dealer_Self,0
2025-07-28,4536,0,Investment_Trust,0
2025-07-28,4536,1000,Dealer_self,144
2025-07-28,4536,0,Dealer_Hedging,0
2025-07-29,4536,73000,Foreign_Investor,77000
2025-07-29,4536,0,Foreign_Dealer_Self,0
2025-07-29,4536,11000,Investment_Trust,0
2025-07-29,4536,6000,Dealer_self,267
2025-07-29,4536,0,Dealer_Hedging,2000
2025-07-30,4536,49000,Foreign_Investor,21000
2025-07-30,4536,0,Foreign_Dealer_Self,0
2025-07-30,4536,0,Investment_Trust,0
2025-07-30,4536,3000,Dealer_self,1205
2025-07-30,4536,0,Dealer_Hedging,0
2025-07-31,4536,13000,Foreign_Investor,131000
2025-07-31,4536,0,Foreign_Dealer_Self,0
2025-07-31,4536,3000,Investment_Trust,0
2025-07-31,4536,6000,Dealer_self,3592
2025-07-31,4536,0,Dealer_Hedging,0
2025-08-01,4536,152000,Foreign_Investor,28000
2025-08-01,4536,0,Foreign_Dealer_Self,0
2025-08-01,4536,0,Investment_Trust,40000
2025-08-01,4536,1000,Dealer_self,1100
2025-08-01,4536,4021,Dealer_Hedging,0
2025-08-04,4536,75005,Foreign_Investor,13000
2025-08-04,4536,0,Foreign_Dealer_Self,0
2025-08-04,4536,0,Investment_Trust,40000
2025-08-04,4536,0,Dealer_self,4000
2025-08-04,4536,0,Dealer_Hedging,2510
2025-08-05,4536,122000,Foreign_Investor,10000
2025-08-05,4536,0,Foreign_Dealer_Self,0
2025-08-05,4536,0,Investment_Trust,42000
2025-08-05,4536,0,Dealer_self,1120
2025-08-05,4536,1000,Dealer_Hedging,35
2025-08-06,4536,31000,Foreign_Investor,12000
2025-08-06,4536,0,Foreign_Dealer_Self,0
2025-08-06,4536,0,Investment_Trust,41000
2025-08-06,4536,0,Dealer_self,35
2025-08-06,4536,0,Dealer_Hedging,190
2025-08-07,4536,49000,Foreign_Investor,31910
2025-08-07,4536,0,Foreign_Dealer_Self,0
2025-08-07,4536,0,Investment_Trust,38000
2025-08-07,4536,2000,Dealer_self,1111
2025-08-07,4536,0,Dealer_Hedging,0
2025-08-08,4536,128004,Foreign_Investor,91028
2025-08-08,4536,0,Foreign_Dealer_Self,0
2025-08-08,4536,0,Investment_Trust,1000
2025-08-08,4536,0,Dealer_self,2000
2025-08-08,4536,1000,Dealer_Hedging,11000
2025-08-11,4536,61000,Foreign_Investor,449000
2025-08-11,4536,0,Foreign_Dealer_Self,0
2025-08-11,4536,0,Investment_Trust,0
2025-08-11,4536,15000,Dealer_self,15964
2025-08-11,4536,0,Dealer_Hedging,2120
2025-08-12,4536,625000,Foreign_Investor,342000
2025-08-12,4536,0,Foreign_Dealer_Self,0
2025-08-12,4536,0,Investment_Trust,0
2025-08-12,4536,4000,Dealer_self,10044
2025-08-12,4536,14000,Dealer_Hedging,0
2025-08-13,4536,220108,Foreign_Investor,97000
2025-08-13,4536,0,Foreign_Dealer_Self,0
2025-08-13,4536,1000,Investment_Trust,0
2025-08-13,4536,1000,Dealer_self,0
2025-08-13,4536,1187,Dealer_Hedging,1000
2025-08-14,4536,262037,Foreign_Investor,21000
2025-08-14,4536,0,Foreign_Dealer_Self,0
2025-08-14,4536,0,Investment_Trust,0
2025-08-14,4536,1000,Dealer_self,0
2025-08-14,4536,0,Dealer_Hedging,2296
2025-08-15,4536,48000,Foreign_Investor,57000
2025-08-15,4536,0,Foreign_Dealer_Self,0
2025-08-15,4536,0,Investment_Trust,1000
2025-08-15,4536,9000,Dealer_self,1141
2025-08-15,4536,0,Dealer_Hedging,2074
2025-08-18,4536,55000,Foreign_Investor,194000
2025-08-18,4536,0,Foreign_Dealer_Self,0
2025-08-18,4536,0,Investment_Trust,0
2025-08-18,4536,1000,Dealer_self,1002
2025-08-18,4536,0,Dealer_Hedging,0
2025-08-19,4536,25000,Foreign_Investor,249000
2025-08-19,4536,0,Foreign_Dealer_Self,0
2025-08-19,4536,0,Investment_Trust,0
2025-08-19,4536,2000,Dealer_self,2614
2025-08-19,4536,2000,Dealer_Hedging,0
2025-08-20,4536,61100,Foreign_Investor,315000
2025-08-20,4536,0,Foreign_Dealer_Self,0
2025-08-20,4536,0,Investment_Trust,0
2025-08-20,4536,9000,Dealer_self,8872
2025-08-20,4536,0,Dealer_Hedging,810
2025-08-21,4536,21007,Foreign_Investor,34000
2025-08-21,4536,0,Foreign_Dealer_Self,0
2025-08-21,4536,0,Investment_Trust,0
2025-08-21,4536,1000,Dealer_self,1738
2025-08-21,4536,0,Dealer_Hedging,0
2025-08-22,4536,57000,Foreign_Investor,13000
2025-08-22,4536,0,Foreign_Dealer_Self,0
2025-08-22,4536,0,Investment_Trust,31000
2025-08-22,4536,1000,Dealer_self,185
2025-08-22,4536,0,Dealer_Hedging,0
2025-08-25,4536,171000,Foreign_Investor,26000
2025-08-25,4536,0,Foreign_Dealer_Self,0
2025-08-25,4536,0,Investment_Trust,0
2025-08-25,4536,1000,Dealer_self,43
2025-08-25,4536,4000,Dealer_Hedging,108
2025-08-26,4536,208263,Foreign_Investor,54556
2025-08-26,4536,0,Foreign_Dealer_Self,0
2025-08-26,4536,0,Investment_Trust,56000
2025-08-26,4536,0,Dealer_self,0
2025-08-26,4536,0,Dealer_Hedging,1000
2025-08-27,4536,154000,Foreign_Investor,12000
2025-08-27,4536,0,Foreign_Dealer_Self,0
2025-08-27,4536,0,Investment_Trust,58000
2025-08-27,4536,0,Dealer_self,1000
2025-08-27,4536,0,Dealer_Hedging,1000
2025-08-28,4536,146418,Foreign_Investor,41868
2025-08-28,4536,0,Foreign_Dealer_Self,0
2025-08-28,4536,0,Investment_Trust,0
2025-08-28,4536,0,Dealer_self,0
2025-08-28,4536,2763,Dealer_Hedging,2000
2025-08-29,4536,180009,Foreign_Investor,37000
2025-08-29,4536,0,Foreign_Dealer_Self,0
2025-08-29,4536,0,Investment_Trust,0
2025-08-29,4536,1000,Dealer_self,0
2025-08-29,4536,0,Dealer_Hedging,2012
2025-09-01,4536,78000,Foreign_Investor,50000
2025-09-01,4536,0,Foreign_Dealer_Self,0
2025-09-01,4536,0,Investment_Trust,0
2025-09-01,4536,1000,Dealer_self,1
2025-09-01,4536,0,Dealer_Hedging,0
2025-09-02,4536,26000,Foreign_Investor,61000
2025-09-02,4536,0,Foreign_Dealer_Self,0
2025-09-02,4536,0,Investment_Trust,0
2025-09-02,4536,0,Dealer_self,0
2025-09-02,4536,0,Dealer_Hedging,0
2025-09-03,4536,43000,Foreign_Investor,12000
2025-09-03,4536,0,Foreign_Dealer_Self,0
2025-09-03,4536,0,Investment_Trust,0
2025-09-03,4536,5000,Dealer_self,0
2025-09-03,4536,0,Dealer_Hedging,643
2025-09-04,4536,209023,Foreign_Investor,58100
2025-09-04,4536,0,Foreign_Dealer_Self,0
2025-09-04,4536,0,Investment_Trust,0
2025-09-04,4536,11390,Dealer_self,19473
2025-09-04,4536,11179,Dealer_Hedging,0
2025-09-05,4536,42000,Foreign_Investor,367000
2025-09-05,4536,0,Foreign_Dealer_Self,0
2025-09-05,4536,0,Investment_Trust,0
2025-09-05,4536,21000,Dealer_self,4477
2025-09-05,4536,0,Dealer_Hedging,6622
2025-09-08,4536,177000,Foreign_Investor,49000
2025-09-08,4536,0,Foreign_Dealer_Self,0
2025-09-08,4536,0,Investment_Trust,0
2025-09-08,4536,0,Dealer_self,2000
2025-09-08,4536,1000,Dealer_Hedging,1512
2025-09-09,4536,25000,Foreign_Investor,118000
2025-09-09,4536,0,Foreign_Dealer_Self,0
2025-09-09,4536,0,Investment_Trust,0
2025-09-09,4536,22000,Dealer_self,4216
2025-09-09,4536,0,Dealer_Hedging,2406
2025-09-10,4536,162000,Foreign_Investor,63000
2025-09-10,4536,0,Foreign_Dealer_Self,0
2025-09-10,4536,0,Investment_Trust,0
2025-09-10,4536,5000,Dealer_self,50000
2025-09-10,4536,1000,Dealer_Hedging,0
2025-09-11,4536,63000,Foreign_Investor,422000
2025-09-11,4536,0,Foreign_Dealer_Self,0
2025-09-11,4536,0,Investment_Trust,0
2025-09-11,4536,17000,Dealer_self,18805
2025-09-11,4536,0,Dealer_Hedging,1000
2025-09-12,4536,80000,Foreign_Investor,48866
2025-09-12,4536,0,Foreign_Dealer_Self,0
2025-09-12,4536,0,Investment_Trust,0
2025-09-12,4536,1000,Dealer_self,2719
2025-09-12,4536,0,Dealer_Hedging,639
2025-09-15,4536,116000,Foreign_Investor,29000
2025-09-15,4536,0,Foreign_Dealer_Self,0
2025-09-15,4536,0,Investment_Trust,0
2025-09-15,4536,1199,Dealer_self,0
2025-09-15,4536,160,Dealer_Hedging,349
2025-09-16,4536,112000,Foreign_Investor,60000
2025-09-16,4536,0,Foreign_Dealer_Self,0
2025-09-16,4536,0,Investment_Trust,0
2025-09-16,4536,0,Dealer_self,0
2025-09-16,4536,1063,Dealer_Hedging,0
2025-09-17,4536,224000,Foreign_Investor,61200
2025-09-17,4536,0,Foreign_Dealer_Self,0
2025-09-17,4536,0,Investment_Trust,0
2025-09-17,4536,0,Dealer_self,4000
2025-09-17,4536,1630,Dealer_Hedging,0
2025-09-18,4536,135078,Foreign_Investor,55000
2025-09-18,4536,0,Foreign_Dealer_Self,0
2025-09-18,4536,0,Investment_Trust,22000
2025-09-18,4536,3000,Dealer_self,0
2025-09-18,4536,2601,Dealer_Hedging,37
2025-09-19,4536,63000,Foreign_Investor,57000
2025-09-19,4536,0,Foreign_Dealer_Self,0
2025-09-19,4536,0,Investment_Trust,0
2025-09-19,4536,1000,Dealer_self,1000
2025-09-19,4536,2000,Dealer_Hedging,0
2025-09-22,4536,187000,Foreign_Investor,75000
2025-09-22,4536,0,Foreign_Dealer_Self,0
2025-09-22,4536,0,Investment_Trust,0
2025-09-22,4536,2000,Dealer_self,0
2025-09-22,4536,2291,Dealer_Hedging,3000
2025-09-23,4536,131000,Foreign_Investor,63014
2025-09-23,4536,0,Foreign_Dealer_Self,0
2025-09-23,4536,0,Investment_Trust,0
2025-09-23,4536,0,Dealer_self,1152
2025-09-23,4536,168,Dealer_Hedging,2000
2025-09-24,4536,130000,Foreign_Investor,60000
2025-09-24,4536,0,Foreign_Dealer_Self,0
2025-09-24,4536,0,Investment_Trust,0
2025-09-24,4536,5000,Dealer_self,0
2025-09-24,4536,200,Dealer_Hedging,1000
2025-09-25,4536,81006,Foreign_Investor,157000
2025-09-25,4536,0,Foreign_Dealer_Self,0
2025-09-25,4536,0,Investment_Trust,0
2025-09-25,4536,2000,Dealer_self,11000
2025-09-25,4536,1000,Dealer_Hedging,2000
2025-09-26,4536,119000,Foreign_Investor,121000
2025-09-26,4536,0,Foreign_Dealer_Self,0
2025-09-26,4536,0,Investment_Trust,0
2025-09-26,4536,2000,Dealer_self,327
2025-09-26,4536,2039,Dealer_Hedging,1
2025-09-30,4536,135000,Foreign_Investor,201018
2025-09-30,4536,0,Foreign_Dealer_Self,0
2025-09-30,4536,0,Investment_Trust,0
2025-09-30,4536,3000,Dealer_self,0
2025-09-30,4536,5018,Dealer_Hedging,0
2025-10-01,4536,57019,Foreign_Investor,90000
2025-10-01,4536,0,Foreign_Dealer_Self,0
2025-10-01,4536,0,Investment_Trust,0
2025-10-01,4536,3000,Dealer_self,0
2025-10-01,4536,378,Dealer_Hedging,2000
2025-10-02,4536,154000,Foreign_Investor,110000
2025-10-02,4536,0,Foreign_Dealer_Self,0
2025-10-02,4536,0,Investment_Trust,0
2025-10-02,4536,0,Dealer_self,1000
2025-10-02,4536,6274,Dealer_Hedging,1139
2025-10-03,4536,57000,Foreign_Investor,203000
2025-10-03,4536,0,Foreign_Dealer_Self,0
2025-10-03,4536,2000,Investment_Trust,0
2025-10-03,4536,3000,Dealer_self,849
2025-10-03,4536,2000,Dealer_Hedging,4000
2025-10-07,4536,553000,Foreign_Investor,118000
2025-10-07,4536,0,Foreign_Dealer_Self,0
2025-10-07,4536,0,Investment_Trust,0
2025-10-07,4536,3000,Dealer_self,152115
2025-10-07,4536,24663,Dealer_Hedging,50
2025-10-08,4536,158000,Foreign_Investor,160000
2025-10-08,4536,0,Foreign_Dealer_Self,0
2025-10-08,4536,0,Investment_Trust,0
2025-10-08,4536,1000,Dealer_self,1190
2025-10-08,4536,14616,Dealer_Hedging,9817
2025-10-09,4536,68000,Foreign_Investor,306000
2025-10-09,4536,0,Foreign_Dealer_Self,0
2025-10-09,4536,0,Investment_Trust,0
2025-10-09,4536,3000,Dealer_self,2776
2025-10-09,4536,0,Dealer_Hedging,17551
2025-10-13,4536,95000,Foreign_Investor,156000
2025-10-13,4536,0,Foreign_Dealer_Self,0
2025-10-13,4536,0,Investment_Trust,0
2025-10-13,4536,2000,Dealer_self,1929
2025-10-13,4536,2000,Dealer_Hedging,189
2025-10-14,4536,138000,Foreign_Investor,219000
2025-10-14,4536,0,Foreign_Dealer_Self,0
2025-10-14,4536,0,Investment_Trust,0
2025-10-14,4536,5000,Dealer_self,3918
2025-10-14,4536,5418,Dealer_Hedging,7276
2025-10-15,4536,0,Foreign_Dealer_Self,0
2025-10-15,4536,0,Investment_Trust,0
2025-10-15,4536,2000,Dealer_self,870
2025-10-15,4536,0,Dealer_Hedging,9301
2025-10-15,4536,189105,Foreign_Investor,292300
2025-10-16,4536,104000,Foreign_Investor,95442
2025-10-16,4536,0,Foreign_Dealer_Self,0
2025-10-16,4536,0,Investment_Trust,0
2025-10-16,4536,4000,Dealer_self,34
2025-10-16,4536,100,Dealer_Hedging,0
2025-10-17,4536,127042,Foreign_Investor,162000
2025-10-17,4536,0,Foreign_Dealer_Self,0
2025-10-17,4536,0,Investment_Trust,1000
2025-10-17,4536,41000,Dealer_self,152
2025-10-17,4536,1000,Dealer_Hedging,0
2025-10-20,4536,28021,Foreign_Investor,48000
2025-10-20,4536,0,Foreign_Dealer_Self,0
2025-10-20,4536,0,Investment_Trust,0
2025-10-20,4536,14000,Dealer_self,1317
2025-10-20,4536,1000,Dealer_Hedging,1000
2025-10-21,4536,26000,Foreign_Investor,49000
2025-10-21,4536,0,Foreign_Dealer_Self,0
2025-10-21,4536,0,Investment_Trust,0
2025-10-21,4536,24000,Dealer_self,0
2025-10-21,4536,1000,Dealer_Hedging,0
2025-10-22,4536,135000,Foreign_Investor,50000
2025-10-22,4536,0,Foreign_Dealer_Self,0
2025-10-22,4536,0,Investment_Trust,0
2025-10-22,4536,19000,Dealer_self,0
2025-10-22,4536,14939,Dealer_Hedging,1261
2025-10-23,4536,119700,Foreign_Investor,37000
2025-10-23,4536,0,Foreign_Dealer_Self,0
2025-10-23,4536,0,Investment_Trust,0
2025-10-23,4536,20000,Dealer_self,1000
2025-10-23,4536,8521,Dealer_Hedging,9243
2025-10-27,4536,55000,Foreign_Investor,139000
2025-10-27,4536,0,Foreign_Dealer_Self,0
2025-10-27,4536,2000,Investment_Trust,0
2025-10-27,4536,9000,Dealer_self,0
2025-10-27,4536,0,Dealer_Hedging,5905
2025-10-28,4536,40015,Foreign_Investor,57000
2025-10-28,4536,0,Foreign_Dealer_Self,0
2025-10-28,4536,0,Investment_Trust,0
2025-10-28,4536,1000,Dealer_self,0
2025-10-28,4536,0,Dealer_Hedging,5208
2025-10-29,4536,85000,Foreign_Investor,50000
2025-10-29,4536,0,Foreign_Dealer_Self,0
2025-10-29,4536,0,Investment_Trust,0
2025-10-29,4536,2000,Dealer_self,0
2025-10-29,4536,1444,Dealer_Hedging,1000
2025-10-30,4536,52000,Foreign_Investor,83097
2025-10-30,4536,0,Foreign_Dealer_Self,0
2025-10-30,4536,0,Investment_Trust,0
2025-10-30,4536,10000,Dealer_self,0
2025-10-30,4536,80,Dealer_Hedging,4000
2025-10-31,4536,95000,Foreign_Investor,104000
2025-10-31,4536,0,Foreign_Dealer_Self,0
2025-10-31,4536,0,Investment_Trust,4000
2025-10-31,4536,14000,Dealer_self,1134
2025-10-31,4536,1183,Dealer_Hedging,50
2025-11-03,4536,48000,Foreign_Investor,113000
2025-11-03,4536,0,Foreign_Dealer_Self,0
2025-11-03,4536,0,Investment_Trust,0
2025-11-03,4536,6000,Dealer_self,16730
2025-11-03,4536,0,Dealer_Hedging,2000
2025-11-04,4536,122000,Foreign_Investor,73000
2025-11-04,4536,0,Foreign_Dealer_Self,0
2025-11-04,4536,0,Investment_Trust,0
2025-11-04,4536,2000,Dealer_self,2528
2025-11-04,4536,0,Dealer_Hedging,0
2025-11-05,4536,60010,Foreign_Investor,356000
2025-11-05,4536,0,Foreign_Dealer_Self,0
2025-11-05,4536,0,Investment_Trust,0
2025-11-05,4536,6000,Dealer_self,8265
2025-11-05,4536,0,Dealer_Hedging,4223
2025-11-06,4536,48000,Foreign_Investor,36000
2025-11-06,4536,0,Foreign_Dealer_Self,0
2025-11-06,4536,0,Investment_Trust,0
2025-11-06,4536,3000,Dealer_self,1340
2025-11-06,4536,1000,Dealer_Hedging,453
2025-11-07,4536,53000,Foreign_Investor,35000
2025-11-07,4536,0,Foreign_Dealer_Self,0
2025-11-07,4536,0,Investment_Trust,0
2025-11-07,4536,1000,Dealer_self,92
2025-11-07,4536,0,Dealer_Hedging,1000
2025-11-10,4536,19000,Foreign_Investor,131000
2025-11-10,4536,0,Foreign_Dealer_Self,0
2025-11-10,4536,0,Investment_Trust,0
2025-11-10,4536,5000,Dealer_self,1498
2025-11-10,4536,1000,Dealer_Hedging,1561
2025-11-11,4536,169020,Foreign_Investor,860000
2025-11-11,4536,0,Foreign_Dealer_Self,0
2025-11-11,4536,1000,Investment_Trust,0
2025-11-11,4536,43000,Dealer_self,18838
2025-11-11,4536,0,Dealer_Hedging,5632
2025-11-12,4536,121000,Foreign_Investor,153000
2025-11-12,4536,0,Foreign_Dealer_Self,0
2025-11-12,4536,0,Investment_Trust,0
2025-11-12,4536,0,Dealer_self,649
2025-11-12,4536,0,Dealer_Hedging,8
2025-11-13,4536,147000,Foreign_Investor,239000
2025-11-13,4536,0,Foreign_Dealer_Self,0
2025-11-13,4536,0,Investment_Trust,0
2025-11-13,4536,5000,Dealer_self,4089
2025-11-13,4536,0,Dealer_Hedging,0
2025-11-14,4536,49000,Foreign_Investor,170000
2025-11-14,4536,0,Foreign_Dealer_Self,0
2025-11-14,4536,0,Investment_Trust,0
2025-11-14,4536,2000,Dealer_self,3570
2025-11-14,4536,0,Dealer_Hedging,1000
2025-11-17,4536,29070,Foreign_Investor,82000
2025-11-17,4536,0,Foreign_Dealer_Self,0
2025-11-17,4536,0,Investment_Trust,1000
2025-11-17,4536,1000,Dealer_self,3013
2025-11-17,4536,0,Dealer_Hedging,269
2025-11-18,4536,93005,Foreign_Investor,246000
2025-11-18,4536,0,Foreign_Dealer_Self,0
2025-11-18,4536,0,Investment_Trust,0
2025-11-18,4536,6000,Dealer_self,12136
2025-11-18,4536,0,Dealer_Hedging,741
2025-11-19,4536,30000,Foreign_Investor,63000
2025-11-19,4536,0,Foreign_Dealer_Self,0
2025-11-19,4536,0,Investment_Trust,0
2025-11-19,4536,2000,Dealer_self,3291
2025-11-19,4536,0,Dealer_Hedging,0
2025-11-20,4536,112000,Foreign_Investor,95000
2025-11-20,4536,0,Foreign_Dealer_Self,0
2025-11-20,4536,0,Investment_Trust,0
2025-11-20,4536,1000,Dealer_self,546
2025-11-20,4536,0,Dealer_Hedging,1000
2025-11-21,4536,29281,Foreign_Investor,165845
2025-11-21,4536,0,Foreign_Dealer_Self,0
2025-11-21,4536,73000,Investment_Trust,0
2025-11-21,4536,3000,Dealer_self,1000
2025-11-21,4536,1440,Dealer_Hedging,508
2025-11-24,4536,101000,Foreign_Investor,171444
2025-11-24,4536,0,Foreign_Dealer_Self,0
2025-11-24,4536,44000,Investment_Trust,0
2025-11-24,4536,4000,Dealer_self,352
2025-11-24,4536,0,Dealer_Hedging,440
2025-11-25,4536,42000,Foreign_Investor,167000
2025-11-25,4536,0,Foreign_Dealer_Self,0
2025-11-25,4536,58000,Investment_Trust,0
2025-11-25,4536,2000,Dealer_self,2510
2025-11-25,4536,0,Dealer_Hedging,0
2025-11-26,4536,78000,Foreign_Investor,168000
2025-11-26,4536,0,Foreign_Dealer_Self,0
2025-11-26,4536,94000,Investment_Trust,0
2025-11-26,4536,2000,Dealer_self,534
2025-11-26,4536,0,Dealer_Hedging,0
2025-11-27,4536,18000,Foreign_Investor,131000
2025-11-27,4536,0,Foreign_Dealer_Self,0
2025-11-27,4536,0,Investment_Trust,0
2025-11-27,4536,2000,Dealer_self,2837
2025-11-27,4536,0,Dealer_Hedging,0
2025-11-28,4536,11000,Foreign_Investor,85000
2025-11-28,4536,0,Foreign_Dealer_Self,0
2025-11-28,4536,0,Investment_Trust,0
2025-11-28,4536,2000,Dealer_self,0
2025-11-28,4536,0,Dealer_Hedging,377
2025-12-01,4536,7000,Foreign_Investor,102000
2025-12-01,4536,0,Foreign_Dealer_Self,0
2025-12-01,4536,0,Investment_Trust,0
2025-12-01,4536,0,Dealer_self,1146
2025-12-01,4536,0,Dealer_Hedging,0
2025-12-02,4536,41000,Foreign_Investor,86000
2025-12-02,4536,0,Foreign_Dealer_Self,0
2025-12-02,4536,0,Investment_Trust,0
2025-12-02,4536,1730,Dealer_self,586
2025-12-02,4536,0,Dealer_Hedging,0
2025-12-03,4536,32000,Foreign_Investor,124000
2025-12-03,4536,0,Foreign_Dealer_Self,0
2025-12-03,4536,0,Investment_Trust,0
2025-12-03,4536,0,Dealer_self,111
2025-12-03,4536,0,Dealer_Hedging,0
2025-12-04,4536,39000,Foreign_Investor,155000
2025-12-04,4536,0,Foreign_Dealer_Self,0
2025-12-04,4536,0,Investment_Trust,0
2025-12-04,4536,2000,Dealer_self,943
2025-12-04,4536,0,Dealer_Hedging,0
2025-12-05,4536,87000,Foreign_Investor,289000
2025-12-05,4536,0,Foreign_Dealer_Self,0
2025-12-05,4536,0,Investment_Trust,0
2025-12-05,4536,9000,Dealer_self,6840
2025-12-05,4536,0,Dealer_Hedging,0
2025-12-08,4536,76010,Foreign_Investor,235000
2025-12-08,4536,0,Foreign_Dealer_Self,0
2025-12-08,4536,0,Investment_Trust,0
2025-12-08,4536,11000,Dealer_self,9968
2025-12-08,4536,1000,Dealer_Hedging,0
2025-12-09,4536,49000,Foreign_Investor,146000
2025-12-09,4536,0,Foreign_Dealer_Self,0
2025-12-09,4536,0,Investment_Trust,0
2025-12-09,4536,5000,Dealer_self,6581
2025-12-09,4536,0,Dealer_Hedging,0
2025-12-10,4536,49000,Foreign_Investor,67000
2025-12-10,4536,0,Foreign_Dealer_Self,0
2025-12-10,4536,0,Investment_Trust,0
2025-12-10,4536,3000,Dealer_self,1474
2025-12-10,4536,0,Dealer_Hedging,0
2025-12-11,4536,76603,Foreign_Investor,119000
2025-12-11,4536,0,Foreign_Dealer_Self,0
2025-12-11,4536,0,Investment_Trust,0
2025-12-11,4536,7000,Dealer_self,5630
2025-12-11,4536,1000,Dealer_Hedging,0
2025-12-12,4536,31000,Foreign_Investor,123000
2025-12-12,4536,0,Foreign_Dealer_Self,0
2025-12-12,4536,0,Investment_Trust,0
2025-12-12,4536,3000,Dealer_self,3267
2025-12-12,4536,0,Dealer_Hedging,0
2025-12-15,4536,25976,Foreign_Investor,151000
2025-12-15,4536,0,Foreign_Dealer_Self,0
2025-12-15,4536,0,Investment_Trust,1000
2025-12-15,4536,12000,Dealer_self,10734
2025-12-15,4536,0,Dealer_Hedging,0
2025-12-16,4536,42000,Foreign_Investor,212000
2025-12-16,4536,0,Foreign_Dealer_Self,0
2025-12-16,4536,0,Investment_Trust,0
2025-12-16,4536,8000,Dealer_self,9925
2025-12-16,4536,0,Dealer_Hedging,1000
2025-12-17,4536,111000,Foreign_Investor,298000
2025-12-17,4536,0,Foreign_Dealer_Self,0
2025-12-17,4536,0,Investment_Trust,0
2025-12-17,4536,3000,Dealer_self,9644
2025-12-17,4536,0,Dealer_Hedging,0
2025-12-18,4536,73000,Foreign_Investor,168000
2025-12-18,4536,0,Foreign_Dealer_Self,0
2025-12-18,4536,0,Investment_Trust,0
2025-12-18,4536,4000,Dealer_self,2508
2025-12-18,4536,0,Dealer_Hedging,0
2025-12-19,4536,93000,Foreign_Investor,87602
2025-12-19,4536,0,Foreign_Dealer_Self,0
2025-12-19,4536,0,Investment_Trust,0
2025-12-19,4536,0,Dealer_self,1200
2025-12-19,4536,0,Dealer_Hedging,0
2025-12-22,4536,45000,Foreign_Investor,92000
2025-12-22,4536,0,Foreign_Dealer_Self,0
2025-12-22,4536,0,Investment_Trust,1000
2025-12-22,4536,2417,Dealer_self,0
2025-12-22,4536,3000,Dealer_Hedging,0
2025-12-23,4536,64000,Foreign_Investor,113003
2025-12-23,4536,0,Foreign_Dealer_Self,0
2025-12-23,4536,0,Investment_Trust,0
2025-12-23,4536,0,Dealer_self,0
2025-12-23,4536,0,Dealer_Hedging,0
2025-12-24,4536,14000,Foreign_Investor,96000
2025-12-24,4536,0,Foreign_Dealer_Self,0
2025-12-24,4536,0,Investment_Trust,0
2025-12-24,4536,0,Dealer_self,0
2025-12-24,4536,0,Dealer_Hedging,0
2025-12-26,4536,20021,Foreign_Investor,118000
2025-12-26,4536,0,Foreign_Dealer_Self,0
2025-12-26,4536,0,Investment_Trust,0
2025-12-26,4536,4000,Dealer_self,4208
2025-12-26,4536,0,Dealer_Hedging,0
2025-12-29,4536,50000,Foreign_Investor,44000
2025-12-29,4536,0,Foreign_Dealer_Self,0
2025-12-29,4536,0,Investment_Trust,0
2025-12-29,4536,5231,Dealer_self,2332
2025-12-29,4536,1000,Dealer_Hedging,0
2025-12-30,4536,37005,Foreign_Investor,92000
2025-12-30,4536,0,Foreign_Dealer_Self,0
2025-12-30,4536,0,Investment_Trust,0
2025-12-30,4536,2000,Dealer_self,2114
2025-12-30,4536,0,Dealer_Hedging,1000
2025-12-31,4536,64000,Foreign_Investor,75000
2025-12-31,4536,0,Foreign_Dealer_Self,0
2025-12-31,4536,0,Investment_Trust,1000
2025-12-31,4536,0,Dealer_self,54
2025-12-31,4536,0,Dealer_Hedging,1000
2026-01-02,4536,37000,Foreign_Investor,201000
2026-01-02,4536,0,Foreign_Dealer_Self,0
2026-01-02,4536,0,Investment_Trust,0
2026-01-02,4536,1000,Dealer_self,1145
2026-01-02,4536,0,Dealer_Hedging,0
2026-01-05,4536,88000,Foreign_Investor,219000
2026-01-05,4536,0,Foreign_Dealer_Self,0
2026-01-05,4536,0,Investment_Trust,0
2026-01-05,4536,5000,Dealer_self,5497
2026-01-05,4536,0,Dealer_Hedging,0
2026-01-06,4536,73000,Foreign_Investor,73000
2026-01-06,4536,0,Foreign_Dealer_Self,0
2026-01-06,4536,0,Investment_Trust,0
2026-01-06,4536,1000,Dealer_self,693
2026-01-06,4536,0,Dealer_Hedging,0
2026-01-07,4536,36000,Foreign_Investor,50000
2026-01-07,4536,0,Foreign_Dealer_Self,0
2026-01-07,4536,0,Investment_Trust,0
2026-01-07,4536,1000,Dealer_self,1000
2026-01-07,4536,0,Dealer_Hedging,0
2026-01-08,4536,99000,Foreign_Investor,60000
2026-01-08,4536,0,Foreign_Dealer_Self,0
2026-01-08,4536,0,Investment_Trust,0
2026-01-08,4536,0,Dealer_self,0
2026-01-08,4536,20,Dealer_Hedging,0
2026-01-09,4536,43000,Foreign_Investor,100000
2026-01-09,4536,0,Foreign_Dealer_Self,0
2026-01-09,4536,0,Investment_Trust,0
2026-01-09,4536,0,Dealer_self,1000
2026-01-09,4536,0,Dealer_Hedging,1020
2026-01-12,4536,91000,Foreign_Investor,100000
2026-01-12,4536,0,Foreign_Dealer_Self,0
2026-01-12,4536,0,Investment_Trust,0
2026-01-12,4536,5000,Dealer_self,5182
2026-01-12,4536,0,Dealer_Hedging,0
2026-01-13,4536,81100,Foreign_Investor,67000
2026-01-13,4536,0,Foreign_Dealer_Self,0
2026-01-13,4536,0,Investment_Trust,0
2026-01-13,4536,0,Dealer_self,445
2026-01-13,4536,0,Dealer_Hedging,0
2026-01-14,4536,83000,Foreign_Investor,128000
2026-01-14,4536,0,Foreign_Dealer_Self,0
2026-01-14,4536,0,Investment_Trust,0
2026-01-14,4536,1000,Dealer_self,0
2026-01-14,4536,6,Dealer_Hedging,0
2026-01-15,4536,56000,Foreign_Investor,57000
2026-01-15,4536,0,Foreign_Dealer_Self,0
2026-01-15,4536,0,Investment_Trust,0
2026-01-15,4536,0,Dealer_self,2283
2026-01-15,4536,0,Dealer_Hedging,358
2026-01-16,4536,176223,Foreign_Investor,169000
2026-01-16,4536,0,Foreign_Dealer_Self,0
2026-01-16,4536,0,Investment_Trust,1000
2026-01-16,4536,2000,Dealer_self,50
2026-01-16,4536,1000,Dealer_Hedging,0
2026-01-19,4536,76000,Foreign_Investor,248000
2026-01-19,4536,0,Foreign_Dealer_Self,0
2026-01-19,4536,0,Investment_Trust,1000
2026-01-19,4536,0,Dealer_self,1512
2026-01-19,4536,0,Dealer_Hedging,2000
2026-01-20,4536,66000,Foreign_Investor,73000
2026-01-20,4536,0,Foreign_Dealer_Self,0
2026-01-20,4536,0,Investment_Trust,0
2026-01-20,4536,0,Dealer_self,1941
2026-01-20,4536,3000,Dealer_Hedging,6
2026-01-21,4536,41000,Foreign_Investor,82000
2026-01-21,4536,0,Foreign_Dealer_Self,0
2026-01-21,4536,0,Investment_Trust,0
2026-01-21,4536,4000,Dealer_self,1000
2026-01-21,4536,1000,Dealer_Hedging,0
2026-01-22,4536,40000,Foreign_Investor,41000
2026-01-22,4536,0,Foreign_Dealer_Self,0
2026-01-22,4536,0,Investment_Trust,0
2026-01-22,4536,0,Dealer_self,6000
2026-01-22,4536,0,Dealer_Hedging,0
2026-01-23,4536,28000,Foreign_Investor,63000
2026-01-23,4536,0,Foreign_Dealer_Self,0
2026-01-23,4536,0,Investment_Trust,0
2026-01-23,4536,0,Dealer_self,655
2026-01-23,4536,0,Dealer_Hedging,0
2026-01-26,4536,58000,Foreign_Investor,88000
2026-01-26,4536,0,Foreign_Dealer_Self,0
2026-01-26,4536,0,Investment_Trust,0
2026-01-26,4536,2000,Dealer_self,5664
2026-01-26,4536,1817,Dealer_Hedging,1000
2026-01-27,4536,32000,Foreign_Investor,82000
2026-01-27,4536,0,Foreign_Dealer_Self,0
2026-01-27,4536,0,Investment_Trust,0
2026-01-27,4536,0,Dealer_self,310
2026-01-27,4536,0,Dealer_Hedging,0
2026-01-28,4536,24000,Foreign_Investor,193000
2026-01-28,4536,0,Foreign_Dealer_Self,0
2026-01-28,4536,0,Investment_Trust,0
2026-01-28,4536,2000,Dealer_self,7945
2026-01-28,4536,0,Dealer_Hedging,0
2026-01-29,4536,90040,Foreign_Investor,66000
2026-01-29,4536,0,Foreign_Dealer_Self,0
2026-01-29,4536,0,Investment_Trust,0
2026-01-29,4536,9000,Dealer_self,88928
2026-01-29,4536,0,Dealer_Hedging,0
2026-01-30,4536,31000,Foreign_Investor,146000
2026-01-30,4536,0,Foreign_Dealer_Self,0
2026-01-30,4536,6000,Investment_Trust,0
2026-01-30,4536,4000,Dealer_self,78847
2026-01-30,4536,0,Dealer_Hedging,96
2026-02-02,4536,84000,Foreign_Investor,173000
2026-02-02,4536,0,Foreign_Dealer_Self,0
2026-02-02,4536,0,Investment_Trust,141000
2026-02-02,4536,8000,Dealer_self,10962
2026-02-02,4536,0,Dealer_Hedging,2000
2026-02-03,4536,47000,Foreign_Investor,73000
2026-02-03,4536,0,Foreign_Dealer_Self,0
2026-02-03,4536,0,Investment_Trust,0
2026-02-03,4536,2000,Dealer_self,1192
2026-02-03,4536,0,Dealer_Hedging,0
2026-02-04,4536,46800,Foreign_Investor,43000
2026-02-04,4536,0,Foreign_Dealer_Self,0
2026-02-04,4536,0,Investment_Trust,0
2026-02-04,4536,1000,Dealer_self,1301
2026-02-04,4536,0,Dealer_Hedging,0
2026-02-05,4536,77000,Foreign_Investor,71000
2026-02-05,4536,0,Foreign_Dealer_Self,0
2026-02-05,4536,0,Investment_Trust,0
2026-02-05,4536,1000,Dealer_self,927
2026-02-05,4536,0,Dealer_Hedging,0
2026-02-06,4536,44000,Foreign_Investor,97721
2026-02-06,4536,0,Foreign_Dealer_Self,0
2026-02-06,4536,1000,Investment_Trust,0
2026-02-06,4536,2000,Dealer_self,3357
2026-02-06,4536,2000,Dealer_Hedging,0
2026-02-09,4536,38022,Foreign_Investor,60000
2026-02-09,4536,0,Foreign_Dealer_Self,0
2026-02-09,4536,0,Investment_Trust,0
2026-02-09,4536,1000,Dealer_self,281
2026-02-09,4536,0,Dealer_Hedging,0
2026-02-10,4536,58000,Foreign_Investor,57000
2026-02-10,4536,0,Foreign_Dealer_Self,0
2026-02-10,4536,0,Investment_Trust,0
2026-02-10,4536,3000,Dealer_self,1029
2026-02-10,4536,0,Dealer_Hedging,0
2026-02-11,4536,293200,Foreign_Investor,113000
2026-02-11,4536,0,Foreign_Dealer_Self,0
2026-02-11,4536,0,Investment_Trust,0
2026-02-11,4536,9000,Dealer_self,0
2026-02-11,4536,7217,Dealer_Hedging,1000
2026-02-23,4536,532539,Foreign_Investor,456815
2026-02-23,4536,0,Foreign_Dealer_Self,0
2026-02-23,4536,0,Investment_Trust,0
2026-02-23,4536,8000,Dealer_self,9517
2026-02-23,4536,9514,Dealer_Hedging,34
2026-02-24,4536,135039,Foreign_Investor,370000
2026-02-24,4536,0,Foreign_Dealer_Self,0
2026-02-24,4536,0,Investment_Trust,1000
2026-02-24,4536,1000,Dealer_self,0
2026-02-24,4536,1567,Dealer_Hedging,4000
2026-02-25,4536,256000,Foreign_Investor,321105
2026-02-25,4536,0,Foreign_Dealer_Self,0
2026-02-25,4536,0,Investment_Trust,129000
2026-02-25,4536,1000,Dealer_self,6
2026-02-25,4536,0,Dealer_Hedging,255
2026-02-26,4536,1485407,Foreign_Investor,1280485
2026-02-26,4536,0,Foreign_Dealer_Self,0
2026-02-26,4536,0,Investment_Trust,0
2026-02-26,4536,0,Dealer_self,16251
2026-02-26,4536,0,Dealer_Hedging,2000
2026-03-02,4536,279000,Foreign_Investor,486000
2026-03-02,4536,0,Foreign_Dealer_Self,0
2026-03-02,4536,0,Investment_Trust,1000
2026-03-02,4536,14000,Dealer_self,891
2026-03-02,4536,8440,Dealer_Hedging,0
2026-03-03,4536,184000,Foreign_Investor,62000
2026-03-03,4536,0,Foreign_Dealer_Self,0
2026-03-03,4536,0,Investment_Trust,0
2026-03-03,4536,0,Dealer_self,2000
2026-03-03,4536,373,Dealer_Hedging,0
2026-03-04,4536,135000,Foreign_Investor,247062
2026-03-04,4536,0,Foreign_Dealer_Self,0
2026-03-04,4536,0,Investment_Trust,0
2026-03-04,4536,2000,Dealer_self,6440
2026-03-04,4536,3000,Dealer_Hedging,45
2026-03-05,4536,171120,Foreign_Investor,78000
2026-03-05,4536,0,Foreign_Dealer_Self,0
2026-03-05,4536,0,Investment_Trust,0
2026-03-05,4536,1000,Dealer_self,727
2026-03-05,4536,0,Dealer_Hedging,0
2026-03-06,4536,49041,Foreign_Investor,51000
2026-03-06,4536,0,Foreign_Dealer_Self,0
2026-03-06,4536,0,Investment_Trust,0
2026-03-06,4536,1000,Dealer_self,1454
2026-03-06,4536,0,Dealer_Hedging,197
2026-03-09,4536,102000,Foreign_Investor,141276
2026-03-09,4536,0,Foreign_Dealer_Self,0
2026-03-09,4536,0,Investment_Trust,0
2026-03-09,4536,5000,Dealer_self,9506
2026-03-09,4536,0,Dealer_Hedging,0
2026-03-10,4536,46300,Foreign_Investor,102000
2026-03-10,4536,0,Foreign_Dealer_Self,0
2026-03-10,4536,0,Investment_Trust,0
2026-03-10,4536,1000,Dealer_self,1656
2026-03-10,4536,0,Dealer_Hedging,2231
2026-03-11,4536,100000,Foreign_Investor,53000
2026-03-11,4536,0,Foreign_Dealer_Self,0
2026-03-11,4536,0,Investment_Trust,1000
2026-03-11,4536,1000,Dealer_self,4821
2026-03-11,4536,0,Dealer_Hedging,0
2026-03-12,4536,41000,Foreign_Investor,87000
2026-03-12,4536,0,Foreign_Dealer_Self,0
2026-03-12,4536,0,Investment_Trust,14000
2026-03-12,4536,1000,Dealer_self,2815
2026-03-12,4536,0,Dealer_Hedging,0
2026-03-13,4536,122000,Foreign_Investor,174158
2026-03-13,4536,0,Foreign_Dealer_Self,0
2026-03-13,4536,0,Investment_Trust,0
2026-03-13,4536,4016,Dealer_self,7073
2026-03-13,4536,0,Dealer_Hedging,15654
2026-03-16,4536,27000,Foreign_Investor,187921
2026-03-16,4536,0,Foreign_Dealer_Self,0
2026-03-16,4536,0,Investment_Trust,0
2026-03-16,4536,5000,Dealer_self,6420
2026-03-16,4536,6000,Dealer_Hedging,0
2026-03-17,4536,30000,Foreign_Investor,211000
2026-03-17,4536,0,Foreign_Dealer_Self,0
2026-03-17,4536,0,Investment_Trust,0
2026-03-17,4536,6000,Dealer_self,4177
2026-03-17,4536,0,Dealer_Hedging,6698
2026-03-18,4536,39000,Foreign_Investor,273000
2026-03-18,4536,0,Foreign_Dealer_Self,0
2026-03-18,4536,0,Investment_Trust,0
2026-03-18,4536,9000,Dealer_self,6899
2026-03-18,4536,0,Dealer_Hedging,497
2026-03-19,4536,31480,Foreign_Investor,338391
2026-03-19,4536,0,Foreign_Dealer_Self,0
2026-03-19,4536,0,Investment_Trust,0
2026-03-19,4536,11000,Dealer_self,11108
2026-03-19,4536,0,Dealer_Hedging,0
2026-03-20,4536,46010,Foreign_Investor,214108
2026-03-20,4536,0,Foreign_Dealer_Self,0
2026-03-20,4536,0,Investment_Trust,0
2026-03-20,4536,5000,Dealer_self,6050
2026-03-20,4536,0,Dealer_Hedging,0
2026-03-23,4536,138000,Foreign_Investor,166108
2026-03-23,4536,0,Foreign_Dealer_Self,0
2026-03-23,4536,0,Investment_Trust,0
2026-03-23,4536,2000,Dealer_self,6657
2026-03-23,4536,0,Dealer_Hedging,0
2026-03-24,4536,40000,Foreign_Investor,142000
2026-03-24,4536,0,Foreign_Dealer_Self,0
2026-03-24,4536,0,Investment_Trust,0
2026-03-24,4536,9000,Dealer_self,6882
2026-03-24,4536,0,Dealer_Hedging,508
2026-03-25,4536,74000,Foreign_Investor,65009
2026-03-25,4536,0,Foreign_Dealer_Self,0
2026-03-25,4536,0,Investment_Trust,0
2026-03-25,4536,3000,Dealer_self,10
2026-03-25,4536,0,Dealer_Hedging,0
2026-03-26,4536,54000,Foreign_Investor,69000
2026-03-26,4536,0,Foreign_Dealer_Self,0
2026-03-26,4536,0,Investment_Trust,0
2026-03-26,4536,1000,Dealer_self,17
2026-03-26,4536,0,Dealer_Hedging,175
2026-03-27,4536,29000,Foreign_Investor,185568
2026-03-27,4536,0,Foreign_Dealer_Self,0
2026-03-27,4536,0,Investment_Trust,0
2026-03-27,4536,0,Dealer_self,635
2026-03-27,4536,0,Dealer_Hedging,0
2026-03-30,4536,39000,Foreign_Investor,129000
2026-03-30,4536,0,Foreign_Dealer_Self,0
2026-03-30,4536,0,Investment_Trust,0
2026-03-30,4536,5000,Dealer_self,8768
2026-03-30,4536,0,Dealer_Hedging,9
2026-03-31,4536,40022,Foreign_Investor,53000
2026-03-31,4536,0,Foreign_Dealer_Self,0
2026-03-31,4536,0,Investment_Trust,0
2026-03-31,4536,1000,Dealer_self,242
2026-03-31,4536,0,Dealer_Hedging,1000
2026-04-01,4536,0,Foreign_Dealer_Self,0
2026-04-01,4536,0,Investment_Trust,0
2026-04-01,4536,5000,Dealer_self,0
2026-04-01,4536,1800,Dealer_Hedging,808
2026-04-01,4536,36000,Foreign_Investor,56000
2026-04-02,4536,19000,Foreign_Investor,74000
2026-04-02,4536,0,Foreign_Dealer_Self,0
2026-04-02,4536,0,Investment_Trust,0
2026-04-02,4536,233,Dealer_self,318
2026-04-02,4536,0,Dealer_Hedging,1000
2026-04-07,4536,35000,Foreign_Investor,59000
2026-04-07,4536,0,Foreign_Dealer_Self,0
2026-04-07,4536,0,Investment_Trust,0
2026-04-07,4536,0,Dealer_self,9
2026-04-07,4536,0,Dealer_Hedging,163
2026-04-08,4536,86000,Foreign_Investor,83000
2026-04-08,4536,0,Foreign_Dealer_Self,0
2026-04-08,4536,0,Investment_Trust,0
2026-04-08,4536,5095,Dealer_self,1592
2026-04-08,4536,1000,Dealer_Hedging,460
2026-04-09,4536,9000,Foreign_Investor,119000
2026-04-09,4536,0,Foreign_Dealer_Self,0
2026-04-09,4536,0,Investment_Trust,0
2026-04-09,4536,3000,Dealer_self,4216
2026-04-09,4536,0,Dealer_Hedging,0
2026-04-10,4536,57000,Foreign_Investor,40000
2026-04-10,4536,0,Foreign_Dealer_Self,0
2026-04-10,4536,0,Investment_Trust,39000
2026-04-10,4536,0,Dealer_self,321
2026-04-10,4536,0,Dealer_Hedging,0
2026-04-13,4536,46000,Foreign_Investor,35000
2026-04-13,4536,0,Foreign_Dealer_Self,0
2026-04-13,4536,0,Investment_Trust,0
2026-04-13,4536,6001,Dealer_self,1069
2026-04-13,4536,0,Dealer_Hedging,1728
2026-04-14,4536,103000,Foreign_Investor,25000
2026-04-14,4536,0,Foreign_Dealer_Self,0
2026-04-14,4536,0,Investment_Trust,44000
2026-04-14,4536,1000,Dealer_self,667
2026-04-14,4536,0,Dealer_Hedging,0
2026-04-15,4536,41027,Foreign_Investor,32000
2026-04-15,4536,0,Foreign_Dealer_Self,0
2026-04-15,4536,0,Investment_Trust,0
2026-04-15,4536,1000,Dealer_self,600
2026-04-15,4536,0,Dealer_Hedging,0
2026-04-16,4536,86000,Foreign_Investor,46000
2026-04-16,4536,0,Foreign_Dealer_Self,0
2026-04-16,4536,0,Investment_Trust,1000
2026-04-16,4536,3000,Dealer_self,1165
2026-04-16,4536,0,Dealer_Hedging,0
2026-04-17,4536,34450,Foreign_Investor,58000
2026-04-17,4536,0,Foreign_Dealer_Self,0
2026-04-17,4536,0,Investment_Trust,2000
2026-04-17,4536,2000,Dealer_self,2100
2026-04-17,4536,2000,Dealer_Hedging,0
2026-04-20,4536,31000,Foreign_Investor,42000
2026-04-20,4536,0,Foreign_Dealer_Self,0
2026-04-20,4536,0,Investment_Trust,1000
2026-04-20,4536,0,Dealer_self,52
2026-04-20,4536,0,Dealer_Hedging,0
2026-04-21,4536,29000,Foreign_Investor,19400
2026-04-21,4536,0,Foreign_Dealer_Self,0
2026-04-21,4536,0,Investment_Trust,0
2026-04-21,4536,275,Dealer_self,1
2026-04-21,4536,1999,Dealer_Hedging,0
2026-04-22,4536,70000,Foreign_Investor,42000
2026-04-22,4536,0,Foreign_Dealer_Self,0
2026-04-22,4536,0,Investment_Trust,56000
2026-04-22,4536,2000,Dealer_self,2117
2026-04-22,4536,0,Dealer_Hedging,238
2026-04-23,4536,151000,Foreign_Investor,142000
2026-04-23,4536,0,Foreign_Dealer_Self,0
2026-04-23,4536,0,Investment_Trust,0
2026-04-23,4536,7000,Dealer_self,11955
2026-04-23,4536,0,Dealer_Hedging,561
2026-04-24,4536,71023,Foreign_Investor,73000
2026-04-24,4536,0,Foreign_Dealer_Self,0
2026-04-24,4536,0,Investment_Trust,1000
2026-04-24,4536,6000,Dealer_self,6874
2026-04-24,4536,0,Dealer_Hedging,272
2026-04-27,4536,138000,Foreign_Investor,73000
2026-04-27,4536,0,Foreign_Dealer_Self,0
2026-04-27,4536,0,Investment_Trust,85000
2026-04-27,4536,2056,Dealer_self,2984
2026-04-27,4536,0,Dealer_Hedging,262
2026-04-28,4536,102348,Foreign_Investor,32000
2026-04-28,4536,0,Foreign_Dealer_Self,0
2026-04-28,4536,0,Investment_Trust,0
2026-04-28,4536,0,Dealer_self,107
2026-04-28,4536,0,Dealer_Hedging,345
2026-04-29,4536,100000,Foreign_Investor,42000
2026-04-29,4536,0,Foreign_Dealer_Self,0
2026-04-29,4536,0,Investment_Trust,50000
2026-04-29,4536,1000,Dealer_self,1295
2026-04-29,4536,0,Dealer_Hedging,0
2026-04-30,4536,32000,Foreign_Investor,89000
2026-04-30,4536,0,Foreign_Dealer_Self,0
2026-04-30,4536,0,Investment_Trust,59000
2026-04-30,4536,8000,Dealer_self,6571
2026-04-30,4536,0,Dealer_Hedging,0
2026-05-04,4536,60000,Foreign_Investor,18000
2026-05-04,4536,0,Foreign_Dealer_Self,0
2026-05-04,4536,1000,Investment_Trust,0
2026-05-04,4536,2000,Dealer_self,1961
2026-05-04,4536,0,Dealer_Hedging,0
2026-05-05,4536,50000,Foreign_Investor,19000
2026-05-05,4536,0,Foreign_Dealer_Self,0
2026-05-05,4536,0,Investment_Trust,80000
2026-05-05,4536,0,Dealer_self,735
2026-05-05,4536,0,Dealer_Hedging,0
2026-05-06,4536,48000,Foreign_Investor,105000
2026-05-06,4536,0,Foreign_Dealer_Self,0
2026-05-06,4536,0,Investment_Trust,0
2026-05-06,4536,6000,Dealer_self,5269
2026-05-06,4536,0,Dealer_Hedging,0
2026-05-07,4536,94000,Foreign_Investor,109000
2026-05-07,4536,0,Foreign_Dealer_Self,0
2026-05-07,4536,0,Investment_Trust,74000
2026-05-07,4536,1000,Dealer_self,2370
2026-05-07,4536,0,Dealer_Hedging,5170
2026-05-08,4536,37000,Foreign_Investor,55000
2026-05-08,4536,0,Foreign_Dealer_Self,0
2026-05-08,4536,0,Investment_Trust,0
2026-05-08,4536,1001,Dealer_self,1000
2026-05-08,4536,0,Dealer_Hedging,0
2026-05-11,4536,46000,Foreign_Investor,61000
2026-05-11,4536,0,Foreign_Dealer_Self,0
2026-05-11,4536,0,Investment_Trust,0
2026-05-11,4536,0,Dealer_self,173
2026-05-11,4536,0,Dealer_Hedging,0
2026-05-12,4536,86000,Foreign_Investor,34000
2026-05-12,4536,0,Foreign_Dealer_Self,0
2026-05-12,4536,0,Investment_Trust,0
2026-05-12,4536,0,Dealer_self,2056
2026-05-12,4536,0,Dealer_Hedging,1000
2026-05-13,4536,102000,Foreign_Investor,131000
2026-05-13,4536,0,Foreign_Dealer_Self,0
2026-05-13,4536,0,Investment_Trust,0
2026-05-13,4536,0,Dealer_self,503
2026-05-13,4536,0,Dealer_Hedging,0
2026-05-14,4536,115000,Foreign_Investor,67000
2026-05-14,4536,0,Foreign_Dealer_Self,0
2026-05-14,4536,0,Investment_Trust,13000
2026-05-14,4536,3000,Dealer_self,1695
2026-05-14,4536,0,Dealer_Hedging,0
2026-05-15,4536,191000,Foreign_Investor,128000
2026-05-15,4536,0,Foreign_Dealer_Self,0
2026-05-15,4536,0,Investment_Trust,0
2026-05-15,4536,2000,Dealer_self,2589
2026-05-15,4536,0,Dealer_Hedging,0
2026-05-18,4536,160061,Foreign_Investor,210000
2026-05-18,4536,0,Foreign_Dealer_Self,0
2026-05-18,4536,0,Investment_Trust,0
2026-05-18,4536,5140,Dealer_self,4318
2026-05-18,4536,100,Dealer_Hedging,0
2026-05-19,4536,222000,Foreign_Investor,216000
2026-05-19,4536,0,Foreign_Dealer_Self,0
2026-05-19,4536,0,Investment_Trust,0
2026-05-19,4536,3511,Dealer_self,3360
2026-05-19,4536,2000,Dealer_Hedging,0
2026-05-20,4536,132046,Foreign_Investor,81000
2026-05-20,4536,0,Foreign_Dealer_Self,0
2026-05-20,4536,0,Investment_Trust,0
2026-05-20,4536,1488,Dealer_self,3540
2026-05-20,4536,0,Dealer_Hedging,0
2026-05-21,4536,153142,Foreign_Investor,32035
2026-05-21,4536,0,Foreign_Dealer_Self,0
2026-05-21,4536,0,Investment_Trust,0
2026-05-21,4536,557,Dealer_self,78
2026-05-21,4536,0,Dealer_Hedging,0
2026-05-22,4536,102000,Foreign_Investor,56000
2026-05-22,4536,0,Foreign_Dealer_Self,0
2026-05-22,4536,0,Investment_Trust,0
2026-05-22,4536,1019,Dealer_self,1821
2026-05-22,4536,0,Dealer_Hedging,0
2026-05-25,4536,58000,Foreign_Investor,129000
2026-05-25,4536,0,Foreign_Dealer_Self,0
2026-05-25,4536,0,Investment_Trust,0
2026-05-25,4536,2000,Dealer_self,4109
2026-05-25,4536,220,Dealer_Hedging,0
2026-05-26,4536,62099,Foreign_Investor,32180
2026-05-26,4536,0,Foreign_Dealer_Self,0
2026-05-26,4536,0,Investment_Trust,0
2026-05-26,4536,2000,Dealer_self,2898
2026-05-26,4536,0,Dealer_Hedging,0
2026-05-27,4536,54066,Foreign_Investor,140018
2026-05-27,4536,0,Foreign_Dealer_Self,0
2026-05-27,4536,0,Investment_Trust,0
2026-05-27,4536,4000,Dealer_self,3287
2026-05-27,4536,0,Dealer_Hedging,220
2026-05-28,4536,149038,Foreign_Investor,80031
2026-05-28,4536,0,Foreign_Dealer_Self,0
2026-05-28,4536,0,Investment_Trust,0
2026-05-28,4536,1221,Dealer_self,2414
2026-05-28,4536,0,Dealer_Hedging,795
2026-05-29,4536,160220,Foreign_Investor,100000
2026-05-29,4536,0,Foreign_Dealer_Self,0
2026-05-29,4536,0,Investment_Trust,0
2026-05-29,4536,3000,Dealer_self,2038
2026-05-29,4536,0,Dealer_Hedging,250
2026-06-01,4536,142000,Foreign_Investor,21000
2026-06-01,4536,0,Foreign_Dealer_Self,0
2026-06-01,4536,0,Investment_Trust,0
2026-06-01,4536,3000,Dealer_self,2100
2026-06-01,4536,0,Dealer_Hedging,0
2026-06-02,4536,78000,Foreign_Investor,72000
2026-06-02,4536,0,Foreign_Dealer_Self,0
2026-06-02,4536,0,Investment_Trust,0
2026-06-02,4536,1175,Dealer_self,2430
2026-06-02,4536,0,Dealer_Hedging,0
2026-06-03,4536,164000,Foreign_Investor,107000
2026-06-03,4536,0,Foreign_Dealer_Self,0
2026-06-03,4536,0,Investment_Trust,0
2026-06-03,4536,1000,Dealer_self,335
2026-06-03,4536,0,Dealer_Hedging,0
2026-06-04,4536,76000,Foreign_Investor,29000
2026-06-04,4536,0,Foreign_Dealer_Self,0
2026-06-04,4536,0,Investment_Trust,0
2026-06-04,4536,1000,Dealer_self,616
2026-06-04,4536,0,Dealer_Hedging,0
2026-06-05,4536,94000,Foreign_Investor,29000
2026-06-05,4536,0,Foreign_Dealer_Self,0
2026-06-05,4536,0,Investment_Trust,0
2026-06-05,4536,1000,Dealer_self,2000
2026-06-05,4536,9718,Dealer_Hedging,0
2026-06-08,4536,129123,Foreign_Investor,91000
2026-06-08,4536,0,Foreign_Dealer_Self,0
2026-06-08,4536,0,Investment_Trust,0
2026-06-08,4536,2000,Dealer_self,2200
2026-06-08,4536,699,Dealer_Hedging,1333
2026-06-09,4536,90180,Foreign_Investor,47929
2026-06-09,4536,0,Foreign_Dealer_Self,0
2026-06-09,4536,0,Investment_Trust,0
2026-06-09,4536,0,Dealer_self,3000
2026-06-09,4536,310,Dealer_Hedging,0
2026-06-10,4536,0,Foreign_Dealer_Self,0
2026-06-10,4536,140149,Foreign_Investor,58000
2026-06-10,4536,0,Investment_Trust,0
2026-06-10,4536,2000,Dealer_self,2000
2026-06-10,4536,69,Dealer_Hedging,38
2026-06-11,4536,132630,Foreign_Investor,87000
2026-06-11,4536,0,Foreign_Dealer_Self,0
2026-06-11,4536,0,Investment_Trust,0
2026-06-11,4536,8000,Dealer_self,1100
2026-06-11,4536,0,Dealer_Hedging,1397
