date,stock_id,buy,name,sell
2024-06-17,4722,108000,Foreign_Investor,26000
2024-06-17,4722,0,Foreign_Dealer_Self,0
2024-06-17,4722,0,Investment_Trust,0
2024-06-17,4722,9000,Dealer_self,0
2024-06-17,4722,0,Dealer_Hedging,0
2024-06-18,4722,13000,Foreign_Investor,59000
2024-06-18,4722,0,Foreign_Dealer_Self,0
2024-06-18,4722,0,Investment_Trust,0
2024-06-18,4722,1000,Dealer_self,0
2024-06-18,4722,0,Dealer_Hedging,0
2024-06-19,4722,144000,Foreign_Investor,26000
2024-06-19,4722,0,Foreign_Dealer_Self,0
2024-06-19,4722,0,Investment_Trust,0
2024-06-19,4722,1000,Dealer_self,9000
2024-06-19,4722,0,Dealer_Hedging,0
2024-06-20,4722,53000,Foreign_Investor,49000
2024-06-20,4722,0,Foreign_Dealer_Self,0
2024-06-20,4722,0,Investment_Trust,0
2024-06-20,4722,3000,Dealer_self,0
2024-06-20,4722,0,Dealer_Hedging,0
2024-06-21,4722,28000,Foreign_Investor,43000
2024-06-21,4722,0,Foreign_Dealer_Self,0
2024-06-21,4722,0,Investment_Trust,0
2024-06-21,4722,0,Dealer_self,0
2024-06-21,4722,0,Dealer_Hedging,0
2024-06-24,4722,40000,Foreign_Investor,79000
2024-06-24,4722,0,Foreign_Dealer_Self,0
2024-06-24,4722,0,Investment_Trust,0
2024-06-24,4722,0,Dealer_self,0
2024-06-24,4722,0,Dealer_Hedging,0
2024-06-25,4722,53000,Foreign_Investor,67000
2024-06-25,4722,0,Foreign_Dealer_Self,0
2024-06-25,4722,0,Investment_Trust,0
2024-06-25,4722,0,Dealer_self,0
2024-06-25,4722,0,Dealer_Hedging,0
2024-06-26,4722,276000,Foreign_Investor,122000
2024-06-26,4722,0,Foreign_Dealer_Self,0
2024-06-26,4722,0,Investment_Trust,0
2024-06-26,4722,0,Dealer_self,2000
2024-06-26,4722,0,Dealer_Hedging,0
2024-06-27,4722,39000,Foreign_Investor,84000
2024-06-27,4722,0,Foreign_Dealer_Self,0
2024-06-27,4722,0,Investment_Trust,0
2024-06-27,4722,0,Dealer_self,1000
2024-06-27,4722,0,Dealer_Hedging,0
2024-06-28,4722,90000,Foreign_Investor,31000
2024-06-28,4722,0,Foreign_Dealer_Self,0
2024-06-28,4722,0,Investment_Trust,0
2024-06-28,4722,0,Dealer_self,4247
2024-06-28,4722,0,Dealer_Hedging,0
2024-07-01,4722,285000,Foreign_Investor,247000
2024-07-01,4722,0,Foreign_Dealer_Self,0
2024-07-01,4722,0,Investment_Trust,0
2024-07-01,4722,5000,Dealer_self,5000
2024-07-01,4722,0,Dealer_Hedging,0
2024-07-02,4722,56000,Foreign_Investor,159000
2024-07-02,4722,0,Foreign_Dealer_Self,0
2024-07-02,4722,0,Investment_Trust,0
2024-07-02,4722,0,Dealer_self,0
2024-07-02,4722,0,Dealer_Hedging,0
2024-07-03,4722,64000,Foreign_Investor,107000
2024-07-03,4722,0,Foreign_Dealer_Self,0
2024-07-03,4722,0,Investment_Trust,0
2024-07-03,4722,21000,Dealer_self,6000
2024-07-03,4722,0,Dealer_Hedging,0
2024-07-04,4722,56000,Foreign_Investor,105000
2024-07-04,4722,0,Foreign_Dealer_Self,0
2024-07-04,4722,0,Investment_Trust,0
2024-07-04,4722,8000,Dealer_self,0
2024-07-04,4722,0,Dealer_Hedging,0
2024-07-05,4722,69000,Foreign_Investor,60000
2024-07-05,4722,0,Foreign_Dealer_Self,0
2024-07-05,4722,0,Investment_Trust,0
2024-07-05,4722,0,Dealer_self,0
2024-07-05,4722,0,Dealer_Hedging,0
2024-07-08,4722,182000,Foreign_Investor,83000
2024-07-08,4722,0,Foreign_Dealer_Self,0
2024-07-08,4722,0,Investment_Trust,0
2024-07-08,4722,0,Dealer_self,0
2024-07-08,4722,0,Dealer_Hedging,0
2024-07-09,4722,78000,Foreign_Investor,34000
2024-07-09,4722,0,Foreign_Dealer_Self,0
2024-07-09,4722,0,Investment_Trust,0
2024-07-09,4722,13000,Dealer_self,5000
2024-07-09,4722,0,Dealer_Hedging,0
2024-07-10,4722,39000,Foreign_Investor,72000
2024-07-10,4722,0,Foreign_Dealer_Self,0
2024-07-10,4722,0,Investment_Trust,0
2024-07-10,4722,7000,Dealer_self,0
2024-07-10,4722,0,Dealer_Hedging,0
2024-07-11,4722,113000,Foreign_Investor,98000
2024-07-11,4722,0,Foreign_Dealer_Self,0
2024-07-11,4722,0,Investment_Trust,0
2024-07-11,4722,21000,Dealer_self,3000
2024-07-11,4722,0,Dealer_Hedging,0
2024-07-12,4722,7000,Foreign_Investor,63000
2024-07-12,4722,0,Foreign_Dealer_Self,0
2024-07-12,4722,0,Investment_Trust,0
2024-07-12,4722,0,Dealer_self,1000
2024-07-12,4722,0,Dealer_Hedging,0
2024-07-15,4722,66000,Foreign_Investor,41000
2024-07-15,4722,0,Foreign_Dealer_Self,0
2024-07-15,4722,0,Investment_Trust,0
2024-07-15,4722,0,Dealer_self,10000
2024-07-15,4722,0,Dealer_Hedging,0
2024-07-16,4722,15000,Foreign_Investor,75000
2024-07-16,4722,0,Foreign_Dealer_Self,0
2024-07-16,4722,0,Investment_Trust,0
2024-07-16,4722,7000,Dealer_self,0
2024-07-16,4722,0,Dealer_Hedging,0
2024-07-17,4722,35000,Foreign_Investor,58000
2024-07-17,4722,0,Foreign_Dealer_Self,0
2024-07-17,4722,0,Investment_Trust,0
2024-07-17,4722,0,Dealer_self,0
2024-07-17,4722,0,Dealer_Hedging,0
2024-07-18,4722,44000,Foreign_Investor,28000
2024-07-18,4722,0,Foreign_Dealer_Self,0
2024-07-18,4722,0,Investment_Trust,0
2024-07-18,4722,4000,Dealer_self,0
2024-07-18,4722,0,Dealer_Hedging,0
2024-07-19,4722,47000,Foreign_Investor,120000
2024-07-19,4722,0,Foreign_Dealer_Self,0
2024-07-19,4722,0,Investment_Trust,0
2024-07-19,4722,2000,Dealer_self,1000
2024-07-19,4722,0,Dealer_Hedging,0
2024-07-22,4722,159000,Foreign_Investor,61000
2024-07-22,4722,0,Foreign_Dealer_Self,0
2024-07-22,4722,0,Investment_Trust,0
2024-07-22,4722,2000,Dealer_self,7000
2024-07-22,4722,0,Dealer_Hedging,0
2024-07-23,4722,62000,Foreign_Investor,70000
2024-07-23,4722,0,Foreign_Dealer_Self,0
2024-07-23,4722,0,Investment_Trust,0
2024-07-23,4722,5000,Dealer_self,0
2024-07-23,4722,0,Dealer_Hedging,0
2024-07-26,4722,42000,Foreign_Investor,21000
2024-07-26,4722,0,Foreign_Dealer_Self,0
2024-07-26,4722,0,Investment_Trust,0
2024-07-26,4722,0,Dealer_self,14000
2024-07-26,4722,0,Dealer_Hedging,0
2024-07-29,4722,20000,Foreign_Investor,23000
2024-07-29,4722,0,Foreign_Dealer_Self,0
2024-07-29,4722,0,Investment_Trust,0
2024-07-29,4722,169,Dealer_self,0
2024-07-29,4722,0,Dealer_Hedging,0
2024-07-30,4722,105000,Foreign_Investor,15000
2024-07-30,4722,0,Foreign_Dealer_Self,0
2024-07-30,4722,0,Investment_Trust,0
2024-07-30,4722,0,Dealer_self,0
2024-07-30,4722,0,Dealer_Hedging,0
2024-07-31,4722,64000,Foreign_Investor,8000
2024-07-31,4722,0,Foreign_Dealer_Self,0
2024-07-31,4722,0,Investment_Trust,0
2024-07-31,4722,0,Dealer_self,0
2024-07-31,4722,0,Dealer_Hedging,0
2024-08-01,4722,50000,Foreign_Investor,19000
2024-08-01,4722,0,Foreign_Dealer_Self,0
2024-08-01,4722,0,Investment_Trust,0
2024-08-01,4722,1050,Dealer_self,0
2024-08-01,4722,0,Dealer_Hedging,0
2024-08-02,4722,102000,Foreign_Investor,60000
2024-08-02,4722,0,Foreign_Dealer_Self,0
2024-08-02,4722,0,Investment_Trust,0
2024-08-02,4722,2134,Dealer_self,1000
2024-08-02,4722,0,Dealer_Hedging,0
2024-08-05,4722,98000,Foreign_Investor,69000
2024-08-05,4722,0,Foreign_Dealer_Self,0
2024-08-05,4722,0,Investment_Trust,0
2024-08-05,4722,1000,Dealer_self,9000
2024-08-05,4722,0,Dealer_Hedging,0
2024-08-06,4722,246000,Foreign_Investor,143000
2024-08-06,4722,0,Foreign_Dealer_Self,0
2024-08-06,4722,0,Investment_Trust,0
2024-08-06,4722,5000,Dealer_self,27000
2024-08-06,4722,0,Dealer_Hedging,0
2024-08-07,4722,35000,Foreign_Investor,37000
2024-08-07,4722,0,Foreign_Dealer_Self,0
2024-08-07,4722,0,Investment_Trust,0
2024-08-07,4722,24000,Dealer_self,4000
2024-08-07,4722,0,Dealer_Hedging,0
2024-08-08,4722,16000,Foreign_Investor,35000
2024-08-08,4722,0,Foreign_Dealer_Self,0
2024-08-08,4722,0,Investment_Trust,0
2024-08-08,4722,0,Dealer_self,4000
2024-08-08,4722,0,Dealer_Hedging,0
2024-08-09,4722,31000,Foreign_Investor,38000
2024-08-09,4722,0,Foreign_Dealer_Self,0
2024-08-09,4722,0,Investment_Trust,0
2024-08-09,4722,2000,Dealer_self,1000
2024-08-09,4722,0,Dealer_Hedging,0
2024-08-12,4722,13000,Foreign_Investor,22000
2024-08-12,4722,0,Foreign_Dealer_Self,0
2024-08-12,4722,0,Investment_Trust,0
2024-08-12,4722,1000,Dealer_self,26000
2024-08-12,4722,0,Dealer_Hedging,0
2024-08-13,4722,43000,Foreign_Investor,90000
2024-08-13,4722,0,Foreign_Dealer_Self,0
2024-08-13,4722,0,Investment_Trust,0
2024-08-13,4722,0,Dealer_self,11000
2024-08-13,4722,0,Dealer_Hedging,0
2024-08-14,4722,29000,Foreign_Investor,15000
2024-08-14,4722,0,Foreign_Dealer_Self,0
2024-08-14,4722,0,Investment_Trust,0
2024-08-14,4722,4000,Dealer_self,13000
2024-08-14,4722,0,Dealer_Hedging,0
2024-08-15,4722,13000,Foreign_Investor,44000
2024-08-15,4722,0,Foreign_Dealer_Self,0
2024-08-15,4722,0,Investment_Trust,0
2024-08-15,4722,0,Dealer_self,6000
2024-08-15,4722,0,Dealer_Hedging,0
2024-08-16,4722,94000,Foreign_Investor,31000
2024-08-16,4722,0,Foreign_Dealer_Self,0
2024-08-16,4722,0,Investment_Trust,0
2024-08-16,4722,0,Dealer_self,0
2024-08-16,4722,0,Dealer_Hedging,0
2024-08-19,4722,14000,Foreign_Investor,28000
2024-08-19,4722,0,Foreign_Dealer_Self,0
2024-08-19,4722,0,Investment_Trust,0
2024-08-19,4722,0,Dealer_self,4000
2024-08-19,4722,0,Dealer_Hedging,0
2024-08-20,4722,5000,Foreign_Investor,11000
2024-08-20,4722,0,Foreign_Dealer_Self,0
2024-08-20,4722,0,Investment_Trust,0
2024-08-20,4722,0,Dealer_self,0
2024-08-20,4722,0,Dealer_Hedging,0
2024-08-21,4722,49000,Foreign_Investor,48000
2024-08-21,4722,0,Foreign_Dealer_Self,0
2024-08-21,4722,0,Investment_Trust,0
2024-08-21,4722,0,Dealer_self,0
2024-08-21,4722,0,Dealer_Hedging,0
2024-08-22,4722,71000,Foreign_Investor,70000
2024-08-22,4722,0,Foreign_Dealer_Self,0
2024-08-22,4722,0,Investment_Trust,0
2024-08-22,4722,0,Dealer_self,1000
2024-08-22,4722,0,Dealer_Hedging,0
2024-08-23,4722,32000,Foreign_Investor,80000
2024-08-23,4722,0,Foreign_Dealer_Self,0
2024-08-23,4722,0,Investment_Trust,0
2024-08-23,4722,15000,Dealer_self,0
2024-08-23,4722,0,Dealer_Hedging,0
2024-08-26,4722,16000,Foreign_Investor,42000
2024-08-26,4722,0,Foreign_Dealer_Self,0
2024-08-26,4722,0,Investment_Trust,0
2024-08-26,4722,0,Dealer_self,1000
2024-08-26,4722,0,Dealer_Hedging,0
2024-08-27,4722,7000,Foreign_Investor,22000
2024-08-27,4722,0,Foreign_Dealer_Self,0
2024-08-27,4722,0,Investment_Trust,0
2024-08-27,4722,0,Dealer_self,0
2024-08-27,4722,0,Dealer_Hedging,0
2024-08-28,4722,20000,Foreign_Investor,15000
2024-08-28,4722,0,Foreign_Dealer_Self,0
2024-08-28,4722,0,Investment_Trust,0
2024-08-28,4722,2000,Dealer_self,0
2024-08-28,4722,0,Dealer_Hedging,0
2024-08-29,4722,1000,Foreign_Investor,13000
2024-08-29,4722,0,Foreign_Dealer_Self,0
2024-08-29,4722,0,Investment_Trust,0
2024-08-29,4722,1000,Dealer_self,2000
2024-08-29,4722,0,Dealer_Hedging,0
2024-08-30,4722,22000,Foreign_Investor,18000
2024-08-30,4722,0,Foreign_Dealer_Self,0
2024-08-30,4722,0,Investment_Trust,0
2024-08-30,4722,4000,Dealer_self,0
2024-08-30,4722,0,Dealer_Hedging,0
2024-09-02,4722,25000,Foreign_Investor,39000
2024-09-02,4722,0,Foreign_Dealer_Self,0
2024-09-02,4722,0,Investment_Trust,0
2024-09-02,4722,0,Dealer_self,0
2024-09-02,4722,0,Dealer_Hedging,0
2024-09-03,4722,45000,Foreign_Investor,36000
2024-09-03,4722,0,Foreign_Dealer_Self,0
2024-09-03,4722,0,Investment_Trust,0
2024-09-03,4722,1000,Dealer_self,0
2024-09-03,4722,0,Dealer_Hedging,0
2024-09-04,4722,53000,Foreign_Investor,135000
2024-09-04,4722,0,Foreign_Dealer_Self,0
2024-09-04,4722,0,Investment_Trust,0
2024-09-04,4722,0,Dealer_self,3000
2024-09-04,4722,0,Dealer_Hedging,0
2024-09-05,4722,26000,Foreign_Investor,26000
2024-09-05,4722,0,Foreign_Dealer_Self,0
2024-09-05,4722,0,Investment_Trust,0
2024-09-05,4722,0,Dealer_self,5000
2024-09-05,4722,0,Dealer_Hedging,0
2024-09-06,4722,43000,Foreign_Investor,39000
2024-09-06,4722,0,Foreign_Dealer_Self,0
2024-09-06,4722,0,Investment_Trust,0
2024-09-06,4722,0,Dealer_self,0
2024-09-06,4722,0,Dealer_Hedging,0
2024-09-09,4722,36000,Foreign_Investor,60100
2024-09-09,4722,0,Foreign_Dealer_Self,0
2024-09-09,4722,0,Investment_Trust,0
2024-09-09,4722,0,Dealer_self,0
2024-09-09,4722,0,Dealer_Hedging,0
2024-09-10,4722,14000,Foreign_Investor,29000
2024-09-10,4722,0,Foreign_Dealer_Self,0
2024-09-10,4722,0,Investment_Trust,0
2024-09-10,4722,2000,Dealer_self,6000
2024-09-10,4722,0,Dealer_Hedging,0
2024-09-11,4722,15000,Foreign_Investor,30000
2024-09-11,4722,0,Foreign_Dealer_Self,0
2024-09-11,4722,0,Investment_Trust,0
2024-09-11,4722,4000,Dealer_self,0
2024-09-11,4722,0,Dealer_Hedging,0
2024-09-12,4722,23000,Foreign_Investor,56000
2024-09-12,4722,0,Foreign_Dealer_Self,0
2024-09-12,4722,0,Investment_Trust,0
2024-09-12,4722,0,Dealer_self,0
2024-09-12,4722,0,Dealer_Hedging,0
2024-09-13,4722,3000,Foreign_Investor,48000
2024-09-13,4722,0,Foreign_Dealer_Self,0
2024-09-13,4722,0,Investment_Trust,0
2024-09-13,4722,0,Dealer_self,0
2024-09-13,4722,0,Dealer_Hedging,0
2024-09-16,4722,40000,Foreign_Investor,22000
2024-09-16,4722,0,Foreign_Dealer_Self,0
2024-09-16,4722,0,Investment_Trust,0
2024-09-16,4722,2000,Dealer_self,0
2024-09-16,4722,0,Dealer_Hedging,0
2024-09-18,4722,45000,Foreign_Investor,22000
2024-09-18,4722,0,Foreign_Dealer_Self,0
2024-09-18,4722,0,Investment_Trust,0
2024-09-18,4722,7000,Dealer_self,0
2024-09-18,4722,0,Dealer_Hedging,0
2024-09-19,4722,32000,Foreign_Investor,29000
2024-09-19,4722,0,Foreign_Dealer_Self,0
2024-09-19,4722,0,Investment_Trust,0
2024-09-19,4722,3000,Dealer_self,5000
2024-09-19,4722,0,Dealer_Hedging,0
2024-09-20,4722,312000,Foreign_Investor,366000
2024-09-20,4722,0,Foreign_Dealer_Self,0
2024-09-20,4722,0,Investment_Trust,0
2024-09-20,4722,6000,Dealer_self,11000
2024-09-20,4722,0,Dealer_Hedging,0
2024-09-23,4722,337000,Foreign_Investor,785000
2024-09-23,4722,0,Foreign_Dealer_Self,0
2024-09-23,4722,0,Investment_Trust,0
2024-09-23,4722,0,Dealer_self,4000
2024-09-23,4722,0,Dealer_Hedging,0
2024-09-24,4722,92000,Foreign_Investor,115000
2024-09-24,4722,0,Foreign_Dealer_Self,0
2024-09-24,4722,0,Investment_Trust,0
2024-09-24,4722,1,Dealer_self,3000
2024-09-24,4722,0,Dealer_Hedging,0
2024-09-25,4722,85000,Foreign_Investor,101000
2024-09-25,4722,0,Foreign_Dealer_Self,0
2024-09-25,4722,0,Investment_Trust,0
2024-09-25,4722,3000,Dealer_self,3000
2024-09-25,4722,0,Dealer_Hedging,0
2024-09-26,4722,58000,Foreign_Investor,88000
2024-09-26,4722,0,Foreign_Dealer_Self,0
2024-09-26,4722,0,Investment_Trust,0
2024-09-26,4722,5000,Dealer_self,0
2024-09-26,4722,0,Dealer_Hedging,0
2024-09-27,4722,242000,Foreign_Investor,339000
2024-09-27,4722,0,Foreign_Dealer_Self,0
2024-09-27,4722,0,Investment_Trust,0
2024-09-27,4722,1000,Dealer_self,1
2024-09-27,4722,0,Dealer_Hedging,0
2024-09-30,4722,65000,Foreign_Investor,103000
2024-09-30,4722,0,Foreign_Dealer_Self,0
2024-09-30,4722,0,Investment_Trust,0
2024-09-30,4722,1000,Dealer_self,1000
2024-09-30,4722,0,Dealer_Hedging,0
2024-10-01,4722,9000,Foreign_Investor,53000
2024-10-01,4722,0,Foreign_Dealer_Self,0
2024-10-01,4722,0,Investment_Trust,0
2024-10-01,4722,0,Dealer_self,0
2024-10-01,4722,0,Dealer_Hedging,0
2024-10-04,4722,42000,Foreign_Investor,66000
2024-10-04,4722,0,Foreign_Dealer_Self,0
2024-10-04,4722,0,Investment_Trust,0
2024-10-04,4722,5000,Dealer_self,0
2024-10-04,4722,0,Dealer_Hedging,0
2024-10-07,4722,39000,Foreign_Investor,63000
2024-10-07,4722,0,Foreign_Dealer_Self,0
2024-10-07,4722,0,Investment_Trust,0
2024-10-07,4722,11000,Dealer_self,5000
2024-10-07,4722,0,Dealer_Hedging,0
2024-10-08,4722,13000,Foreign_Investor,82000
2024-10-08,4722,0,Foreign_Dealer_Self,0
2024-10-08,4722,0,Investment_Trust,0
2024-10-08,4722,15000,Dealer_self,1000
2024-10-08,4722,0,Dealer_Hedging,0
2024-10-09,4722,86000,Foreign_Investor,157000
2024-10-09,4722,0,Foreign_Dealer_Self,0
2024-10-09,4722,0,Investment_Trust,0
2024-10-09,4722,17000,Dealer_self,0
2024-10-09,4722,0,Dealer_Hedging,0
2024-10-11,4722,30000,Foreign_Investor,30000
2024-10-11,4722,0,Foreign_Dealer_Self,0
2024-10-11,4722,0,Investment_Trust,0
2024-10-11,4722,17000,Dealer_self,4000
2024-10-11,4722,0,Dealer_Hedging,0
2024-10-14,4722,31000,Foreign_Investor,12000
2024-10-14,4722,0,Foreign_Dealer_Self,0
2024-10-14,4722,0,Investment_Trust,0
2024-10-14,4722,1000,Dealer_self,0
2024-10-14,4722,0,Dealer_Hedging,0
2024-10-15,4722,8000,Foreign_Investor,40000
2024-10-15,4722,0,Foreign_Dealer_Self,0
2024-10-15,4722,0,Investment_Trust,0
2024-10-15,4722,1000,Dealer_self,0
2024-10-15,4722,0,Dealer_Hedging,0
2024-10-16,4722,15000,Foreign_Investor,37000
2024-10-16,4722,0,Foreign_Dealer_Self,0
2024-10-16,4722,0,Investment_Trust,0
2024-10-16,4722,0,Dealer_self,16000
2024-10-16,4722,0,Dealer_Hedging,0
2024-10-17,4722,51000,Foreign_Investor,63550
2024-10-17,4722,0,Foreign_Dealer_Self,0
2024-10-17,4722,0,Investment_Trust,0
2024-10-17,4722,0,Dealer_self,0
2024-10-17,4722,0,Dealer_Hedging,0
2024-10-18,4722,10000,Foreign_Investor,33000
2024-10-18,4722,0,Foreign_Dealer_Self,0
2024-10-18,4722,0,Investment_Trust,0
2024-10-18,4722,7000,Dealer_self,0
2024-10-18,4722,0,Dealer_Hedging,0
2024-10-21,4722,99000,Foreign_Investor,171000
2024-10-21,4722,0,Foreign_Dealer_Self,0
2024-10-21,4722,0,Investment_Trust,0
2024-10-21,4722,8000,Dealer_self,4000
2024-10-21,4722,0,Dealer_Hedging,0
2024-10-22,4722,85000,Foreign_Investor,44000
2024-10-22,4722,0,Foreign_Dealer_Self,0
2024-10-22,4722,0,Investment_Trust,0
2024-10-22,4722,0,Dealer_self,2000
2024-10-22,4722,0,Dealer_Hedging,0
2024-10-23,4722,144000,Foreign_Investor,294000
2024-10-23,4722,0,Foreign_Dealer_Self,0
2024-10-23,4722,0,Investment_Trust,0
2024-10-23,4722,4000,Dealer_self,0
2024-10-23,4722,0,Dealer_Hedging,0
2024-10-24,4722,41000,Foreign_Investor,83000
2024-10-24,4722,0,Foreign_Dealer_Self,0
2024-10-24,4722,0,Investment_Trust,0
2024-10-24,4722,0,Dealer_self,2000
2024-10-24,4722,0,Dealer_Hedging,0
2024-10-25,4722,21000,Foreign_Investor,41000
2024-10-25,4722,0,Foreign_Dealer_Self,0
2024-10-25,4722,0,Investment_Trust,0
2024-10-25,4722,8000,Dealer_self,1000
2024-10-25,4722,0,Dealer_Hedging,0
2024-10-28,4722,25000,Foreign_Investor,29000
2024-10-28,4722,0,Foreign_Dealer_Self,0
2024-10-28,4722,0,Investment_Trust,0
2024-10-28,4722,9000,Dealer_self,0
2024-10-28,4722,0,Dealer_Hedging,0
2024-10-29,4722,47000,Foreign_Investor,47000
2024-10-29,4722,0,Foreign_Dealer_Self,0
2024-10-29,4722,0,Investment_Trust,0
2024-10-29,4722,0,Dealer_self,1000
2024-10-29,4722,0,Dealer_Hedging,0
2024-10-30,4722,23000,Foreign_Investor,17000
2024-10-30,4722,0,Foreign_Dealer_Self,0
2024-10-30,4722,0,Investment_Trust,0
2024-10-30,4722,0,Dealer_self,3000
2024-10-30,4722,0,Dealer_Hedging,0
2024-11-01,4722,33000,Foreign_Investor,12000
2024-11-01,4722,0,Foreign_Dealer_Self,0
2024-11-01,4722,0,Investment_Trust,0
2024-11-01,4722,0,Dealer_self,2000
2024-11-01,4722,0,Dealer_Hedging,0
2024-11-04,4722,23000,Foreign_Investor,37000
2024-11-04,4722,0,Foreign_Dealer_Self,0
2024-11-04,4722,0,Investment_Trust,0
2024-11-04,4722,0,Dealer_self,0
2024-11-04,4722,0,Dealer_Hedging,0
2024-11-05,4722,52000,Foreign_Investor,6000
2024-11-05,4722,0,Foreign_Dealer_Self,0
2024-11-05,4722,0,Investment_Trust,0
2024-11-05,4722,0,Dealer_self,0
2024-11-05,4722,0,Dealer_Hedging,0
2024-11-06,4722,52000,Foreign_Investor,6000
2024-11-06,4722,0,Foreign_Dealer_Self,0
2024-11-06,4722,0,Investment_Trust,0
2024-11-06,4722,0,Dealer_self,0
2024-11-06,4722,0,Dealer_Hedging,0
2024-11-07,4722,18000,Foreign_Investor,24000
2024-11-07,4722,0,Foreign_Dealer_Self,0
2024-11-07,4722,0,Investment_Trust,0
2024-11-07,4722,0,Dealer_self,0
2024-11-07,4722,0,Dealer_Hedging,0
2024-11-08,4722,44000,Foreign_Investor,32000
2024-11-08,4722,0,Foreign_Dealer_Self,0
2024-11-08,4722,0,Investment_Trust,0
2024-11-08,4722,4000,Dealer_self,5000
2024-11-08,4722,0,Dealer_Hedging,0
2024-11-11,4722,13000,Foreign_Investor,65000
2024-11-11,4722,0,Foreign_Dealer_Self,0
2024-11-11,4722,0,Investment_Trust,0
2024-11-11,4722,0,Dealer_self,3000
2024-11-11,4722,0,Dealer_Hedging,0
2024-11-12,4722,87000,Foreign_Investor,38000
2024-11-12,4722,0,Foreign_Dealer_Self,0
2024-11-12,4722,0,Investment_Trust,0
2024-11-12,4722,1000,Dealer_self,18000
2024-11-12,4722,0,Dealer_Hedging,0
2024-11-13,4722,43000,Foreign_Investor,18000
2024-11-13,4722,0,Foreign_Dealer_Self,0
2024-11-13,4722,0,Investment_Trust,0
2024-11-13,4722,0,Dealer_self,1000
2024-11-13,4722,0,Dealer_Hedging,0
2024-11-14,4722,27000,Foreign_Investor,47000
2024-11-14,4722,0,Foreign_Dealer_Self,0
2024-11-14,4722,0,Investment_Trust,0
2024-11-14,4722,0,Dealer_self,5000
2024-11-14,4722,0,Dealer_Hedging,0
2024-11-15,4722,22000,Foreign_Investor,52000
2024-11-15,4722,0,Foreign_Dealer_Self,0
2024-11-15,4722,0,Investment_Trust,0
2024-11-15,4722,0,Dealer_self,6000
2024-11-15,4722,0,Dealer_Hedging,0
2024-11-18,4722,7000,Foreign_Investor,18000
2024-11-18,4722,0,Foreign_Dealer_Self,0
2024-11-18,4722,0,Investment_Trust,0
2024-11-18,4722,0,Dealer_self,0
2024-11-18,4722,0,Dealer_Hedging,0
2024-11-19,4722,8000,Foreign_Investor,19000
2024-11-19,4722,0,Foreign_Dealer_Self,0
2024-11-19,4722,0,Investment_Trust,0
2024-11-19,4722,1000,Dealer_self,0
2024-11-19,4722,0,Dealer_Hedging,0
2024-11-20,4722,39249,Foreign_Investor,25000
2024-11-20,4722,0,Foreign_Dealer_Self,0
2024-11-20,4722,0,Investment_Trust,0
2024-11-20,4722,0,Dealer_self,0
2024-11-20,4722,0,Dealer_Hedging,0
2024-11-21,4722,19000,Foreign_Investor,10000
2024-11-21,4722,0,Foreign_Dealer_Self,0
2024-11-21,4722,0,Investment_Trust,0
2024-11-21,4722,0,Dealer_self,0
2024-11-21,4722,0,Dealer_Hedging,0
2024-11-22,4722,15000,Foreign_Investor,1000
2024-11-22,4722,0,Foreign_Dealer_Self,0
2024-11-22,4722,0,Investment_Trust,0
2024-11-22,4722,0,Dealer_self,0
2024-11-22,4722,0,Dealer_Hedging,0
2024-11-25,4722,43000,Foreign_Investor,9000
2024-11-25,4722,0,Foreign_Dealer_Self,0
2024-11-25,4722,0,Investment_Trust,0
2024-11-25,4722,1000,Dealer_self,0
2024-11-25,4722,0,Dealer_Hedging,0
2024-11-26,4722,32000,Foreign_Investor,7000
2024-11-26,4722,0,Foreign_Dealer_Self,0
2024-11-26,4722,0,Investment_Trust,0
2024-11-26,4722,0,Dealer_self,0
2024-11-26,4722,0,Dealer_Hedging,0
2024-11-27,4722,25000,Foreign_Investor,24000
2024-11-27,4722,0,Foreign_Dealer_Self,0
2024-11-27,4722,0,Investment_Trust,0
2024-11-27,4722,1000,Dealer_self,0
2024-11-27,4722,0,Dealer_Hedging,0
2024-11-28,4722,34000,Foreign_Investor,16000
2024-11-28,4722,0,Foreign_Dealer_Self,0
2024-11-28,4722,0,Investment_Trust,0
2024-11-28,4722,0,Dealer_self,0
2024-11-28,4722,0,Dealer_Hedging,0
2024-11-29,4722,17000,Foreign_Investor,4000
2024-11-29,4722,0,Foreign_Dealer_Self,0
2024-11-29,4722,0,Investment_Trust,0
2024-11-29,4722,0,Dealer_self,0
2024-11-29,4722,0,Dealer_Hedging,0
2024-12-02,4722,37000,Foreign_Investor,2000
2024-12-02,4722,0,Foreign_Dealer_Self,0
2024-12-02,4722,0,Investment_Trust,0
2024-12-02,4722,0,Dealer_self,0
2024-12-02,4722,0,Dealer_Hedging,0
2024-12-03,4722,68000,Foreign_Investor,15000
2024-12-03,4722,0,Foreign_Dealer_Self,0
2024-12-03,4722,0,Investment_Trust,0
2024-12-03,4722,0,Dealer_self,1000
2024-12-03,4722,0,Dealer_Hedging,0
2024-12-04,4722,23000,Foreign_Investor,6000
2024-12-04,4722,0,Foreign_Dealer_Self,0
2024-12-04,4722,0,Investment_Trust,0
2024-12-04,4722,0,Dealer_self,15000
2024-12-04,4722,0,Dealer_Hedging,0
2024-12-05,4722,30000,Foreign_Investor,23000
2024-12-05,4722,0,Foreign_Dealer_Self,0
2024-12-05,4722,0,Investment_Trust,0
2024-12-05,4722,0,Dealer_self,15000
2024-12-05,4722,0,Dealer_Hedging,0
2024-12-06,4722,8000,Foreign_Investor,14000
2024-12-06,4722,0,Foreign_Dealer_Self,0
2024-12-06,4722,0,Investment_Trust,0
2024-12-06,4722,2000,Dealer_self,17000
2024-12-06,4722,0,Dealer_Hedging,0
2024-12-09,4722,11000,Foreign_Investor,16000
2024-12-09,4722,0,Foreign_Dealer_Self,0
2024-12-09,4722,0,Investment_Trust,0
2024-12-09,4722,0,Dealer_self,1000
2024-12-09,4722,0,Dealer_Hedging,0
2024-12-10,4722,18000,Foreign_Investor,12000
2024-12-10,4722,0,Foreign_Dealer_Self,0
2024-12-10,4722,0,Investment_Trust,0
2024-12-10,4722,2000,Dealer_self,0
2024-12-10,4722,0,Dealer_Hedging,0
2024-12-11,4722,14000,Foreign_Investor,5000
2024-12-11,4722,0,Foreign_Dealer_Self,0
2024-12-11,4722,0,Investment_Trust,0
2024-12-11,4722,0,Dealer_self,0
2024-12-11,4722,0,Dealer_Hedging,0
2024-12-12,4722,4000,Foreign_Investor,16000
2024-12-12,4722,0,Foreign_Dealer_Self,0
2024-12-12,4722,0,Investment_Trust,0
2024-12-12,4722,0,Dealer_self,0
2024-12-12,4722,0,Dealer_Hedging,0
2024-12-13,4722,6000,Foreign_Investor,11000
2024-12-13,4722,0,Foreign_Dealer_Self,0
2024-12-13,4722,0,Investment_Trust,0
2024-12-13,4722,0,Dealer_self,0
2024-12-13,4722,0,Dealer_Hedging,0
2024-12-16,4722,4000,Foreign_Investor,25000
2024-12-16,4722,0,Foreign_Dealer_Self,0
2024-12-16,4722,0,Investment_Trust,0
2024-12-16,4722,0,Dealer_self,0
2024-12-16,4722,0,Dealer_Hedging,0
2024-12-17,4722,8000,Foreign_Investor,4000
2024-12-17,4722,0,Foreign_Dealer_Self,0
2024-12-17,4722,0,Investment_Trust,0
2024-12-17,4722,1000,Dealer_self,0
2024-12-17,4722,0,Dealer_Hedging,0
2024-12-18,4722,11000,Foreign_Investor,1000
2024-12-18,4722,0,Foreign_Dealer_Self,0
2024-12-18,4722,0,Investment_Trust,0
2024-12-18,4722,0,Dealer_self,2000
2024-12-18,4722,0,Dealer_Hedging,0
2024-12-19,4722,3000,Foreign_Investor,13000
2024-12-19,4722,0,Foreign_Dealer_Self,0
2024-12-19,4722,0,Investment_Trust,0
2024-12-19,4722,0,Dealer_self,0
2024-12-19,4722,0,Dealer_Hedging,0
2024-12-20,4722,34000,Foreign_Investor,14000
2024-12-20,4722,0,Foreign_Dealer_Self,0
2024-12-20,4722,0,Investment_Trust,0
2024-12-20,4722,0,Dealer_self,2000
2024-12-20,4722,0,Dealer_Hedging,0
2024-12-23,4722,15000,Foreign_Investor,21000
2024-12-23,4722,0,Foreign_Dealer_Self,0
2024-12-23,4722,0,Investment_Trust,0
2024-12-23,4722,1000,Dealer_self,1000
2024-12-23,4722,0,Dealer_Hedging,0
2024-12-24,4722,36000,Foreign_Investor,20000
2024-12-24,4722,0,Foreign_Dealer_Self,0
2024-12-24,4722,0,Investment_Trust,0
2024-12-24,4722,0,Dealer_self,0
2024-12-24,4722,0,Dealer_Hedging,0
2024-12-25,4722,11000,Foreign_Investor,10000
2024-12-25,4722,0,Foreign_Dealer_Self,0
2024-12-25,4722,0,Investment_Trust,0
2024-12-25,4722,0,Dealer_self,0
2024-12-25,4722,0,Dealer_Hedging,0
2024-12-26,4722,24000,Foreign_Investor,13000
2024-12-26,4722,0,Foreign_Dealer_Self,0
2024-12-26,4722,0,Investment_Trust,0
2024-12-26,4722,0,Dealer_self,0
2024-12-26,4722,0,Dealer_Hedging,0
2024-12-27,4722,7000,Foreign_Investor,5000
2024-12-27,4722,0,Foreign_Dealer_Self,0
2024-12-27,4722,0,Investment_Trust,0
2024-12-27,4722,0,Dealer_self,0
2024-12-27,4722,0,Dealer_Hedging,0
2024-12-30,4722,31000,Foreign_Investor,52000
2024-12-30,4722,0,Foreign_Dealer_Self,0
2024-12-30,4722,0,Investment_Trust,0
2024-12-30,4722,0,Dealer_self,0
2024-12-30,4722,0,Dealer_Hedging,0
2024-12-31,4722,14000,Foreign_Investor,30000
2024-12-31,4722,0,Foreign_Dealer_Self,0
2024-12-31,4722,0,Investment_Trust,0
2024-12-31,4722,0,Dealer_self,0
2024-12-31,4722,0,Dealer_Hedging,0
2025-01-02,4722,203000,Foreign_Investor,102000
2025-01-02,4722,0,Foreign_Dealer_Self,0
2025-01-02,4722,0,Investment_Trust,0
2025-01-02,4722,3000,Dealer_self,4000
2025-01-02,4722,0,Dealer_Hedging,0
2025-01-03,4722,31000,Foreign_Investor,63000
2025-01-03,4722,0,Foreign_Dealer_Self,0
2025-01-03,4722,0,Investment_Trust,0
2025-01-03,4722,4000,Dealer_self,0
2025-01-03,4722,0,Dealer_Hedging,0
2025-01-06,4722,51000,Foreign_Investor,44000
2025-01-06,4722,0,Foreign_Dealer_Self,0
2025-01-06,4722,0,Investment_Trust,0
2025-01-06,4722,1000,Dealer_self,4000
2025-01-06,4722,0,Dealer_Hedging,0
2025-01-07,4722,25900,Foreign_Investor,29000
2025-01-07,4722,0,Foreign_Dealer_Self,0
2025-01-07,4722,0,Investment_Trust,0
2025-01-07,4722,0,Dealer_self,0
2025-01-07,4722,0,Dealer_Hedging,0
2025-01-08,4722,56000,Foreign_Investor,23000
2025-01-08,4722,0,Foreign_Dealer_Self,0
2025-01-08,4722,0,Investment_Trust,0
2025-01-08,4722,6000,Dealer_self,0
2025-01-08,4722,0,Dealer_Hedging,0
2025-01-09,4722,9000,Foreign_Investor,18000
2025-01-09,4722,0,Foreign_Dealer_Self,0
2025-01-09,4722,0,Investment_Trust,0
2025-01-09,4722,0,Dealer_self,2000
2025-01-09,4722,0,Dealer_Hedging,0
2025-01-10,4722,31000,Foreign_Investor,14000
2025-01-10,4722,0,Foreign_Dealer_Self,0
2025-01-10,4722,0,Investment_Trust,0
2025-01-10,4722,0,Dealer_self,0
2025-01-10,4722,0,Dealer_Hedging,0
2025-01-13,4722,71000,Foreign_Investor,91000
2025-01-13,4722,0,Foreign_Dealer_Self,0
2025-01-13,4722,0,Investment_Trust,0
2025-01-13,4722,0,Dealer_self,0
2025-01-13,4722,0,Dealer_Hedging,0
2025-01-14,4722,80000,Foreign_Investor,39000
2025-01-14,4722,0,Foreign_Dealer_Self,0
2025-01-14,4722,0,Investment_Trust,0
2025-01-14,4722,0,Dealer_self,0
2025-01-14,4722,0,Dealer_Hedging,0
2025-01-15,4722,38000,Foreign_Investor,26000
2025-01-15,4722,0,Foreign_Dealer_Self,0
2025-01-15,4722,0,Investment_Trust,0
2025-01-15,4722,0,Dealer_self,0
2025-01-15,4722,0,Dealer_Hedging,0
2025-01-16,4722,18000,Foreign_Investor,32000
2025-01-16,4722,0,Foreign_Dealer_Self,0
2025-01-16,4722,0,Investment_Trust,0
2025-01-16,4722,4000,Dealer_self,0
2025-01-16,4722,0,Dealer_Hedging,0
2025-01-17,4722,5000,Foreign_Investor,1000
2025-01-17,4722,0,Foreign_Dealer_Self,0
2025-01-17,4722,0,Investment_Trust,0
2025-01-17,4722,0,Dealer_self,0
2025-01-17,4722,0,Dealer_Hedging,0
2025-01-20,4722,197000,Foreign_Investor,149000
2025-01-20,4722,0,Foreign_Dealer_Self,0
2025-01-20,4722,0,Investment_Trust,0
2025-01-20,4722,39000,Dealer_self,3000
2025-01-20,4722,0,Dealer_Hedging,0
2025-01-21,4722,50000,Foreign_Investor,39000
2025-01-21,4722,0,Foreign_Dealer_Self,0
2025-01-21,4722,0,Investment_Trust,0
2025-01-21,4722,0,Dealer_self,0
2025-01-21,4722,0,Dealer_Hedging,0
2025-01-22,4722,35000,Foreign_Investor,86000
2025-01-22,4722,0,Foreign_Dealer_Self,0
2025-01-22,4722,0,Investment_Trust,0
2025-01-22,4722,4000,Dealer_self,5000
2025-01-22,4722,0,Dealer_Hedging,0
2025-02-03,4722,55000,Foreign_Investor,48000
2025-02-03,4722,0,Foreign_Dealer_Self,0
2025-02-03,4722,0,Investment_Trust,0
2025-02-03,4722,5000,Dealer_self,4000
2025-02-03,4722,0,Dealer_Hedging,0
2025-02-04,4722,19000,Foreign_Investor,13000
2025-02-04,4722,0,Foreign_Dealer_Self,0
2025-02-04,4722,0,Investment_Trust,0
2025-02-04,4722,10000,Dealer_self,0
2025-02-04,4722,0,Dealer_Hedging,0
2025-02-05,4722,12000,Foreign_Investor,23000
2025-02-05,4722,0,Foreign_Dealer_Self,0
2025-02-05,4722,0,Investment_Trust,0
2025-02-05,4722,14000,Dealer_self,0
2025-02-05,4722,0,Dealer_Hedging,0
2025-02-06,4722,66000,Foreign_Investor,22387
2025-02-06,4722,0,Foreign_Dealer_Self,0
2025-02-06,4722,0,Investment_Trust,0
2025-02-06,4722,14000,Dealer_self,4000
2025-02-06,4722,0,Dealer_Hedging,0
2025-02-07,4722,369000,Foreign_Investor,137000
2025-02-07,4722,0,Foreign_Dealer_Self,0
2025-02-07,4722,0,Investment_Trust,0
2025-02-07,4722,23000,Dealer_self,11000
2025-02-07,4722,0,Dealer_Hedging,0
2025-02-10,4722,564000,Foreign_Investor,878000
2025-02-10,4722,0,Foreign_Dealer_Self,0
2025-02-10,4722,0,Investment_Trust,0
2025-02-10,4722,22004,Dealer_self,13353
2025-02-10,4722,0,Dealer_Hedging,0
2025-02-11,4722,567000,Foreign_Investor,558000
2025-02-11,4722,0,Foreign_Dealer_Self,0
2025-02-11,4722,0,Investment_Trust,0
2025-02-11,4722,0,Dealer_self,2004
2025-02-11,4722,0,Dealer_Hedging,0
2025-02-12,4722,902000,Foreign_Investor,371000
2025-02-12,4722,0,Foreign_Dealer_Self,0
2025-02-12,4722,0,Investment_Trust,0
2025-02-12,4722,0,Dealer_self,0
2025-02-12,4722,0,Dealer_Hedging,0
2025-02-13,4722,894000,Foreign_Investor,888000
2025-02-13,4722,0,Foreign_Dealer_Self,0
2025-02-13,4722,0,Investment_Trust,0
2025-02-13,4722,6000,Dealer_self,7000
2025-02-13,4722,0,Dealer_Hedging,0
2025-02-14,4722,206000,Foreign_Investor,361000
2025-02-14,4722,0,Foreign_Dealer_Self,0
2025-02-14,4722,0,Investment_Trust,0
2025-02-14,4722,0,Dealer_self,0
2025-02-14,4722,0,Dealer_Hedging,0
2025-02-17,4722,606000,Foreign_Investor,353000
2025-02-17,4722,0,Foreign_Dealer_Self,0
2025-02-17,4722,0,Investment_Trust,0
2025-02-17,4722,21000,Dealer_self,0
2025-02-17,4722,0,Dealer_Hedging,0
2025-02-18,4722,482000,Foreign_Investor,245000
2025-02-18,4722,0,Foreign_Dealer_Self,0
2025-02-18,4722,0,Investment_Trust,0
2025-02-18,4722,7000,Dealer_self,0
2025-02-18,4722,0,Dealer_Hedging,0
2025-02-19,4722,422000,Foreign_Investor,635000
2025-02-19,4722,0,Foreign_Dealer_Self,0
2025-02-19,4722,0,Investment_Trust,0
2025-02-19,4722,4000,Dealer_self,9000
2025-02-19,4722,0,Dealer_Hedging,0
2025-02-20,4722,1031000,Foreign_Investor,955000
2025-02-20,4722,0,Foreign_Dealer_Self,0
2025-02-20,4722,0,Investment_Trust,0
2025-02-20,4722,31006,Dealer_self,10000
2025-02-20,4722,0,Dealer_Hedging,0
2025-02-21,4722,1782090,Foreign_Investor,2969000
2025-02-21,4722,0,Foreign_Dealer_Self,0
2025-02-21,4722,0,Investment_Trust,0
2025-02-21,4722,267000,Dealer_self,122006
2025-02-21,4722,0,Dealer_Hedging,0
2025-02-24,4722,942020,Foreign_Investor,750000
2025-02-24,4722,0,Foreign_Dealer_Self,0
2025-02-24,4722,0,Investment_Trust,0
2025-02-24,4722,5000,Dealer_self,13396
2025-02-24,4722,0,Dealer_Hedging,0
2025-02-25,4722,1291010,Foreign_Investor,453000
2025-02-25,4722,0,Foreign_Dealer_Self,0
2025-02-25,4722,0,Investment_Trust,0
2025-02-25,4722,118000,Dealer_self,3335
2025-02-25,4722,0,Dealer_Hedging,0
2025-02-26,4722,207000,Foreign_Investor,266000
2025-02-26,4722,0,Foreign_Dealer_Self,0
2025-02-26,4722,0,Investment_Trust,0
2025-02-26,4722,4000,Dealer_self,3209
2025-02-26,4722,0,Dealer_Hedging,0
2025-02-27,4722,569006,Foreign_Investor,583000
2025-02-27,4722,0,Foreign_Dealer_Self,0
2025-02-27,4722,0,Investment_Trust,0
2025-02-27,4722,8000,Dealer_self,16703
2025-02-27,4722,0,Dealer_Hedging,0
2025-03-03,4722,373000,Foreign_Investor,161000
2025-03-03,4722,0,Foreign_Dealer_Self,0
2025-03-03,4722,0,Investment_Trust,0
2025-03-03,4722,4000,Dealer_self,34410
2025-03-03,4722,0,Dealer_Hedging,0
2025-03-04,4722,1099000,Foreign_Investor,709000
2025-03-04,4722,0,Foreign_Dealer_Self,0
2025-03-04,4722,0,Investment_Trust,0
2025-03-04,4722,12000,Dealer_self,15907
2025-03-04,4722,0,Dealer_Hedging,0
2025-03-05,4722,1182000,Foreign_Investor,1424050
2025-03-05,4722,0,Foreign_Dealer_Self,0
2025-03-05,4722,0,Investment_Trust,0
2025-03-05,4722,5000,Dealer_self,15719
2025-03-05,4722,0,Dealer_Hedging,0
2025-03-06,4722,1683000,Foreign_Investor,2085046
2025-03-06,4722,0,Foreign_Dealer_Self,0
2025-03-06,4722,0,Investment_Trust,0
2025-03-06,4722,17042,Dealer_self,22812
2025-03-06,4722,0,Dealer_Hedging,0
2025-03-07,4722,1840000,Foreign_Investor,1378025
2025-03-07,4722,0,Foreign_Dealer_Self,0
2025-03-07,4722,0,Investment_Trust,0
2025-03-07,4722,117000,Dealer_self,180828
2025-03-07,4722,0,Dealer_Hedging,0
2025-03-10,4722,1991001,Foreign_Investor,1024000
2025-03-10,4722,0,Foreign_Dealer_Self,0
2025-03-10,4722,0,Investment_Trust,0
2025-03-10,4722,48000,Dealer_self,161104
2025-03-10,4722,0,Dealer_Hedging,0
2025-03-11,4722,1270000,Foreign_Investor,872000
2025-03-11,4722,0,Foreign_Dealer_Self,0
2025-03-11,4722,0,Investment_Trust,0
2025-03-11,4722,14000,Dealer_self,24282
2025-03-11,4722,0,Dealer_Hedging,0
2025-03-12,4722,1050000,Foreign_Investor,1230788
2025-03-12,4722,0,Foreign_Dealer_Self,0
2025-03-12,4722,0,Investment_Trust,0
2025-03-12,4722,5000,Dealer_self,4337
2025-03-12,4722,0,Dealer_Hedging,0
2025-03-13,4722,581000,Foreign_Investor,533000
2025-03-13,4722,0,Foreign_Dealer_Self,0
2025-03-13,4722,0,Investment_Trust,0
2025-03-13,4722,4000,Dealer_self,26000
2025-03-13,4722,0,Dealer_Hedging,0
2025-03-14,4722,554000,Foreign_Investor,273000
2025-03-14,4722,0,Foreign_Dealer_Self,0
2025-03-14,4722,0,Investment_Trust,0
2025-03-14,4722,0,Dealer_self,0
2025-03-14,4722,0,Dealer_Hedging,0
2025-03-17,4722,352035,Foreign_Investor,508000
2025-03-17,4722,0,Foreign_Dealer_Self,0
2025-03-17,4722,0,Investment_Trust,0
2025-03-17,4722,3000,Dealer_self,0
2025-03-17,4722,0,Dealer_Hedging,0
2025-03-18,4722,307005,Foreign_Investor,189000
2025-03-18,4722,0,Foreign_Dealer_Self,0
2025-03-18,4722,0,Investment_Trust,0
2025-03-18,4722,0,Dealer_self,1000
2025-03-18,4722,0,Dealer_Hedging,0
2025-03-19,4722,292000,Foreign_Investor,388000
2025-03-19,4722,0,Foreign_Dealer_Self,0
2025-03-19,4722,0,Investment_Trust,0
2025-03-19,4722,0,Dealer_self,3000
2025-03-19,4722,0,Dealer_Hedging,0
2025-03-20,4722,990001,Foreign_Investor,643000
2025-03-20,4722,0,Foreign_Dealer_Self,0
2025-03-20,4722,0,Investment_Trust,0
2025-03-20,4722,1000,Dealer_self,3000
2025-03-20,4722,0,Dealer_Hedging,0
2025-03-21,4722,237000,Foreign_Investor,627000
2025-03-21,4722,0,Foreign_Dealer_Self,0
2025-03-21,4722,0,Investment_Trust,0
2025-03-21,4722,30000,Dealer_self,0
2025-03-21,4722,0,Dealer_Hedging,0
2025-03-24,4722,409000,Foreign_Investor,369000
2025-03-24,4722,0,Foreign_Dealer_Self,0
2025-03-24,4722,0,Investment_Trust,0
2025-03-24,4722,0,Dealer_self,28000
2025-03-24,4722,0,Dealer_Hedging,0
2025-03-25,4722,780000,Foreign_Investor,616347
2025-03-25,4722,0,Foreign_Dealer_Self,0
2025-03-25,4722,0,Investment_Trust,0
2025-03-25,4722,0,Dealer_self,1000
2025-03-25,4722,0,Dealer_Hedging,0
2025-03-26,4722,533000,Foreign_Investor,755000
2025-03-26,4722,0,Foreign_Dealer_Self,0
2025-03-26,4722,0,Investment_Trust,0
2025-03-26,4722,12000,Dealer_self,14000
2025-03-26,4722,0,Dealer_Hedging,0
2025-03-27,4722,431000,Foreign_Investor,344004
2025-03-27,4722,0,Foreign_Dealer_Self,0
2025-03-27,4722,0,Investment_Trust,0
2025-03-27,4722,0,Dealer_self,19000
2025-03-27,4722,0,Dealer_Hedging,0
2025-03-28,4722,956000,Foreign_Investor,866000
2025-03-28,4722,0,Foreign_Dealer_Self,0
2025-03-28,4722,0,Investment_Trust,0
2025-03-28,4722,10000,Dealer_self,8000
2025-03-28,4722,0,Dealer_Hedging,0
2025-03-31,4722,1056174,Foreign_Investor,496174
2025-03-31,4722,0,Foreign_Dealer_Self,0
2025-03-31,4722,0,Investment_Trust,0
2025-03-31,4722,1000,Dealer_self,15000
2025-03-31,4722,0,Dealer_Hedging,0
2025-04-01,4722,167000,Foreign_Investor,513230
2025-04-01,4722,0,Foreign_Dealer_Self,0
2025-04-01,4722,0,Investment_Trust,0
2025-04-01,4722,3346,Dealer_self,0
2025-04-01,4722,0,Dealer_Hedging,0
2025-04-02,4722,320000,Foreign_Investor,233569
2025-04-02,4722,0,Foreign_Dealer_Self,0
2025-04-02,4722,0,Investment_Trust,0
2025-04-02,4722,7001,Dealer_self,4000
2025-04-02,4722,0,Dealer_Hedging,0
2025-04-07,4722,7000,Foreign_Investor,0
2025-04-07,4722,0,Foreign_Dealer_Self,0
2025-04-07,4722,0,Investment_Trust,0
2025-04-07,4722,0,Dealer_self,0
2025-04-07,4722,0,Dealer_Hedging,0
2025-04-08,4722,224000,Foreign_Investor,127000
2025-04-08,4722,0,Foreign_Dealer_Self,0
2025-04-08,4722,0,Investment_Trust,0
2025-04-08,4722,15000,Dealer_self,1000
2025-04-08,4722,0,Dealer_Hedging,0
2025-04-09,4722,581000,Foreign_Investor,389000
2025-04-09,4722,0,Foreign_Dealer_Self,0
2025-04-09,4722,0,Investment_Trust,0
2025-04-09,4722,10000,Dealer_self,42000
2025-04-09,4722,0,Dealer_Hedging,0
2025-04-10,4722,52000,Foreign_Investor,79000
2025-04-10,4722,0,Foreign_Dealer_Self,0
2025-04-10,4722,0,Investment_Trust,0
2025-04-10,4722,0,Dealer_self,41000
2025-04-10,4722,0,Dealer_Hedging,0
2025-04-11,4722,434407,Foreign_Investor,539000
2025-04-11,4722,0,Foreign_Dealer_Self,0
2025-04-11,4722,0,Investment_Trust,0
2025-04-11,4722,35000,Dealer_self,4306
2025-04-11,4722,0,Dealer_Hedging,0
2025-04-14,4722,323232,Foreign_Investor,475407
2025-04-14,4722,0,Foreign_Dealer_Self,0
2025-04-14,4722,0,Investment_Trust,0
2025-04-14,4722,0,Dealer_self,7000
2025-04-14,4722,0,Dealer_Hedging,0
2025-04-15,4722,546676,Foreign_Investor,479232
2025-04-15,4722,0,Foreign_Dealer_Self,0
2025-04-15,4722,0,Investment_Trust,0
2025-04-15,4722,1814,Dealer_self,29000
2025-04-15,4722,0,Dealer_Hedging,0
2025-04-16,4722,367089,Foreign_Investor,430676
2025-04-16,4722,0,Foreign_Dealer_Self,0
2025-04-16,4722,0,Investment_Trust,0
2025-04-16,4722,1000,Dealer_self,1000
2025-04-16,4722,0,Dealer_Hedging,0
2025-04-17,4722,124026,Foreign_Investor,245089
2025-04-17,4722,0,Foreign_Dealer_Self,0
2025-04-17,4722,0,Investment_Trust,0
2025-04-17,4722,1000,Dealer_self,1689
2025-04-17,4722,0,Dealer_Hedging,0
2025-04-18,4722,136654,Foreign_Investor,498026
2025-04-18,4722,0,Foreign_Dealer_Self,0
2025-04-18,4722,112000,Investment_Trust,0
2025-04-18,4722,0,Dealer_self,0
2025-04-18,4722,0,Dealer_Hedging,0
2025-04-21,4722,172262,Foreign_Investor,308654
2025-04-21,4722,0,Foreign_Dealer_Self,0
2025-04-21,4722,108000,Investment_Trust,0
2025-04-21,4722,0,Dealer_self,0
2025-04-21,4722,0,Dealer_Hedging,0
2025-04-22,4722,238052,Foreign_Investor,167262
2025-04-22,4722,0,Foreign_Dealer_Self,0
2025-04-22,4722,97650,Investment_Trust,0
2025-04-22,4722,1000,Dealer_self,15000
2025-04-22,4722,0,Dealer_Hedging,0
2025-04-23,4722,175167,Foreign_Investor,296052
2025-04-23,4722,0,Foreign_Dealer_Self,0
2025-04-23,4722,116000,Investment_Trust,0
2025-04-23,4722,1000,Dealer_self,14000
2025-04-23,4722,0,Dealer_Hedging,0
2025-04-24,4722,340292,Foreign_Investor,260681
2025-04-24,4722,0,Foreign_Dealer_Self,0
2025-04-24,4722,104000,Investment_Trust,0
2025-04-24,4722,0,Dealer_self,14399
2025-04-24,4722,0,Dealer_Hedging,0
2025-04-25,4722,323793,Foreign_Investor,471778
2025-04-25,4722,0,Foreign_Dealer_Self,0
2025-04-25,4722,1000,Investment_Trust,0
2025-04-25,4722,0,Dealer_self,12000
2025-04-25,4722,0,Dealer_Hedging,0
2025-04-28,4722,138057,Foreign_Investor,119355
2025-04-28,4722,0,Foreign_Dealer_Self,0
2025-04-28,4722,3000,Investment_Trust,0
2025-04-28,4722,0,Dealer_self,0
2025-04-28,4722,0,Dealer_Hedging,0
2025-04-29,4722,149185,Foreign_Investor,76394
2025-04-29,4722,0,Foreign_Dealer_Self,0
2025-04-29,4722,0,Investment_Trust,0
2025-04-29,4722,0,Dealer_self,0
2025-04-29,4722,0,Dealer_Hedging,0
2025-04-30,4722,254406,Foreign_Investor,384086
2025-04-30,4722,0,Foreign_Dealer_Self,0
2025-04-30,4722,0,Investment_Trust,0
2025-04-30,4722,7000,Dealer_self,0
2025-04-30,4722,0,Dealer_Hedging,0
2025-05-02,4722,165010,Foreign_Investor,22406
2025-05-02,4722,0,Foreign_Dealer_Self,0
2025-05-02,4722,0,Investment_Trust,0
2025-05-02,4722,0,Dealer_self,0
2025-05-02,4722,0,Dealer_Hedging,0
2025-05-05,4722,204205,Foreign_Investor,104010
2025-05-05,4722,0,Foreign_Dealer_Self,0
2025-05-05,4722,0,Investment_Trust,0
2025-05-05,4722,0,Dealer_self,0
2025-05-05,4722,0,Dealer_Hedging,0
2025-05-06,4722,94000,Foreign_Investor,120205
2025-05-06,4722,0,Foreign_Dealer_Self,0
2025-05-06,4722,0,Investment_Trust,1000
2025-05-06,4722,1000,Dealer_self,0
2025-05-06,4722,0,Dealer_Hedging,0
2025-05-07,4722,58000,Foreign_Investor,116000
2025-05-07,4722,0,Foreign_Dealer_Self,0
2025-05-07,4722,0,Investment_Trust,1000
2025-05-07,4722,2000,Dealer_self,564
2025-05-07,4722,0,Dealer_Hedging,0
2025-05-08,4722,174010,Foreign_Investor,26000
2025-05-08,4722,0,Foreign_Dealer_Self,0
2025-05-08,4722,0,Investment_Trust,0
2025-05-08,4722,0,Dealer_self,1035
2025-05-08,4722,0,Dealer_Hedging,0
2025-05-09,4722,142072,Foreign_Investor,73010
2025-05-09,4722,0,Foreign_Dealer_Self,0
2025-05-09,4722,0,Investment_Trust,0
2025-05-09,4722,6000,Dealer_self,1000
2025-05-09,4722,0,Dealer_Hedging,0
2025-05-12,4722,113133,Foreign_Investor,100601
2025-05-12,4722,0,Foreign_Dealer_Self,0
2025-05-12,4722,0,Investment_Trust,0
2025-05-12,4722,2000,Dealer_self,1000
2025-05-12,4722,0,Dealer_Hedging,0
2025-05-13,4722,125181,Foreign_Investor,148604
2025-05-13,4722,0,Foreign_Dealer_Self,0
2025-05-13,4722,0,Investment_Trust,0
2025-05-13,4722,2000,Dealer_self,0
2025-05-13,4722,0,Dealer_Hedging,0
2025-05-14,4722,389120,Foreign_Investor,248181
2025-05-14,4722,0,Foreign_Dealer_Self,0
2025-05-14,4722,0,Investment_Trust,0
2025-05-14,4722,5111,Dealer_self,0
2025-05-14,4722,0,Dealer_Hedging,0
2025-05-15,4722,1624315,Foreign_Investor,3022120
2025-05-15,4722,0,Foreign_Dealer_Self,0
2025-05-15,4722,0,Investment_Trust,0
2025-05-15,4722,5000,Dealer_self,3111
2025-05-15,4722,0,Dealer_Hedging,0
2025-05-16,4722,980403,Foreign_Investor,1920223
2025-05-16,4722,0,Foreign_Dealer_Self,0
2025-05-16,4722,0,Investment_Trust,0
2025-05-16,4722,1000,Dealer_self,0
2025-05-16,4722,0,Dealer_Hedging,0
2025-05-19,4722,279000,Foreign_Investor,975095
2025-05-19,4722,0,Foreign_Dealer_Self,0
2025-05-19,4722,0,Investment_Trust,0
2025-05-19,4722,1000,Dealer_self,1000
2025-05-19,4722,0,Dealer_Hedging,0
2025-05-20,4722,843001,Foreign_Investor,866000
2025-05-20,4722,0,Foreign_Dealer_Self,0
2025-05-20,4722,0,Investment_Trust,0
2025-05-20,4722,0,Dealer_self,0
2025-05-20,4722,0,Dealer_Hedging,0
2025-05-21,4722,203900,Foreign_Investor,1042001
2025-05-21,4722,0,Foreign_Dealer_Self,0
2025-05-21,4722,0,Investment_Trust,0
2025-05-21,4722,0,Dealer_self,0
2025-05-21,4722,0,Dealer_Hedging,0
2025-05-22,4722,793400,Foreign_Investor,739000
2025-05-22,4722,0,Foreign_Dealer_Self,0
2025-05-22,4722,0,Investment_Trust,0
2025-05-22,4722,32000,Dealer_self,0
2025-05-22,4722,0,Dealer_Hedging,0
2025-05-23,4722,688347,Foreign_Investor,868400
2025-05-23,4722,0,Foreign_Dealer_Self,0
2025-05-23,4722,0,Investment_Trust,0
2025-05-23,4722,201000,Dealer_self,233000
2025-05-23,4722,0,Dealer_Hedging,0
2025-05-26,4722,160603,Foreign_Investor,292347
2025-05-26,4722,0,Foreign_Dealer_Self,0
2025-05-26,4722,0,Investment_Trust,0
2025-05-26,4722,0,Dealer_self,0
2025-05-26,4722,0,Dealer_Hedging,0
2025-05-27,4722,2089376,Foreign_Investor,1488403
2025-05-27,4722,0,Foreign_Dealer_Self,0
2025-05-27,4722,0,Investment_Trust,0
2025-05-27,4722,1002,Dealer_self,168
2025-05-27,4722,0,Dealer_Hedging,0
2025-05-28,4722,307939,Foreign_Investor,1018376
2025-05-28,4722,0,Foreign_Dealer_Self,0
2025-05-28,4722,1000,Investment_Trust,0
2025-05-28,4722,0,Dealer_self,2
2025-05-28,4722,0,Dealer_Hedging,0
2025-05-29,4722,395449,Foreign_Investor,467939
2025-05-29,4722,0,Foreign_Dealer_Self,0
2025-05-29,4722,0,Investment_Trust,0
2025-05-29,4722,0,Dealer_self,1000
2025-05-29,4722,0,Dealer_Hedging,0
2025-06-02,4722,251083,Foreign_Investor,393932
2025-06-02,4722,0,Foreign_Dealer_Self,0
2025-06-02,4722,0,Investment_Trust,0
2025-06-02,4722,0,Dealer_self,0
2025-06-02,4722,0,Dealer_Hedging,0
2025-06-03,4722,111217,Foreign_Investor,180600
2025-06-03,4722,0,Foreign_Dealer_Self,0
2025-06-03,4722,0,Investment_Trust,0
2025-06-03,4722,0,Dealer_self,0
2025-06-03,4722,0,Dealer_Hedging,0
2025-06-04,4722,821144,Foreign_Investor,405217
2025-06-04,4722,0,Foreign_Dealer_Self,0
2025-06-04,4722,0,Investment_Trust,0
2025-06-04,4722,0,Dealer_self,1000
2025-06-04,4722,0,Dealer_Hedging,0
2025-06-05,4722,490000,Foreign_Investor,554000
2025-06-05,4722,0,Foreign_Dealer_Self,0
2025-06-05,4722,0,Investment_Trust,0
2025-06-05,4722,0,Dealer_self,0
2025-06-05,4722,0,Dealer_Hedging,0
2025-06-06,4722,728484,Foreign_Investor,564000
2025-06-06,4722,0,Foreign_Dealer_Self,0
2025-06-06,4722,0,Investment_Trust,0
2025-06-06,4722,50000,Dealer_self,0
2025-06-06,4722,0,Dealer_Hedging,0
2025-06-09,4722,1440000,Foreign_Investor,914000
2025-06-09,4722,0,Foreign_Dealer_Self,0
2025-06-09,4722,0,Investment_Trust,0
2025-06-09,4722,160000,Dealer_self,0
2025-06-09,4722,0,Dealer_Hedging,0
2025-06-10,4722,3145000,Foreign_Investor,1312040
2025-06-10,4722,0,Foreign_Dealer_Self,0
2025-06-10,4722,0,Investment_Trust,0
2025-06-10,4722,20127,Dealer_self,160000
2025-06-10,4722,0,Dealer_Hedging,0
2025-06-11,4722,3857460,Foreign_Investor,3224965
2025-06-11,4722,0,Foreign_Dealer_Self,0
2025-06-11,4722,0,Investment_Trust,3000
2025-06-11,4722,37000,Dealer_self,86127
2025-06-11,4722,0,Dealer_Hedging,0
2025-06-12,4722,1208453,Foreign_Investor,1331144
2025-06-12,4722,0,Foreign_Dealer_Self,0
2025-06-12,4722,0,Investment_Trust,0
2025-06-12,4722,0,Dealer_self,0
2025-06-12,4722,0,Dealer_Hedging,0
2025-06-13,4722,1123000,Foreign_Investor,2096453
2025-06-13,4722,0,Foreign_Dealer_Self,0
2025-06-13,4722,0,Investment_Trust,0
2025-06-13,4722,13000,Dealer_self,1000
2025-06-13,4722,0,Dealer_Hedging,0
2025-06-16,4722,1513000,Foreign_Investor,1258000
2025-06-16,4722,0,Foreign_Dealer_Self,0
2025-06-16,4722,0,Investment_Trust,0
2025-06-16,4722,73000,Dealer_self,0
2025-06-16,4722,0,Dealer_Hedging,0
2025-06-17,4722,907000,Foreign_Investor,3054000
2025-06-17,4722,0,Foreign_Dealer_Self,0
2025-06-17,4722,0,Investment_Trust,0
2025-06-17,4722,2000,Dealer_self,62000
2025-06-17,4722,0,Dealer_Hedging,0
2025-06-18,4722,666000,Foreign_Investor,784000
2025-06-18,4722,0,Foreign_Dealer_Self,0
2025-06-18,4722,0,Investment_Trust,0
2025-06-18,4722,1000,Dealer_self,1000
2025-06-18,4722,0,Dealer_Hedging,0
2025-06-19,4722,708000,Foreign_Investor,352000
2025-06-19,4722,0,Foreign_Dealer_Self,0
2025-06-19,4722,0,Investment_Trust,9000
2025-06-19,4722,0,Dealer_self,0
2025-06-19,4722,0,Dealer_Hedging,0
2025-06-20,4722,604000,Foreign_Investor,367000
2025-06-20,4722,0,Foreign_Dealer_Self,0
2025-06-20,4722,4000,Investment_Trust,0
2025-06-20,4722,1000,Dealer_self,0
2025-06-20,4722,0,Dealer_Hedging,0
2025-06-23,4722,548000,Foreign_Investor,725000
2025-06-23,4722,0,Foreign_Dealer_Self,0
2025-06-23,4722,3000,Investment_Trust,0
2025-06-23,4722,0,Dealer_self,0
2025-06-23,4722,0,Dealer_Hedging,0
2025-06-24,4722,628000,Foreign_Investor,955000
2025-06-24,4722,0,Foreign_Dealer_Self,0
2025-06-24,4722,0,Investment_Trust,5000
2025-06-24,4722,0,Dealer_self,0
2025-06-24,4722,0,Dealer_Hedging,0
2025-06-25,4722,746000,Foreign_Investor,765000
2025-06-25,4722,0,Foreign_Dealer_Self,0
2025-06-25,4722,0,Investment_Trust,0
2025-06-25,4722,0,Dealer_self,0
2025-06-25,4722,0,Dealer_Hedging,0
2025-06-26,4722,458000,Foreign_Investor,727435
2025-06-26,4722,0,Foreign_Dealer_Self,0
2025-06-26,4722,0,Investment_Trust,0
2025-06-26,4722,0,Dealer_self,0
2025-06-26,4722,0,Dealer_Hedging,0
2025-06-27,4722,828200,Foreign_Investor,351000
2025-06-27,4722,0,Foreign_Dealer_Self,0
2025-06-27,4722,0,Investment_Trust,2000
2025-06-27,4722,1000,Dealer_self,2000
2025-06-27,4722,0,Dealer_Hedging,0
2025-06-30,4722,149000,Foreign_Investor,420000
2025-06-30,4722,0,Foreign_Dealer_Self,0
2025-06-30,4722,0,Investment_Trust,0
2025-06-30,4722,0,Dealer_self,0
2025-06-30,4722,0,Dealer_Hedging,0
2025-07-01,4722,150000,Foreign_Investor,163000
2025-07-01,4722,0,Foreign_Dealer_Self,0
2025-07-01,4722,0,Investment_Trust,0
2025-07-01,4722,0,Dealer_self,20000
2025-07-01,4722,0,Dealer_Hedging,0
2025-07-02,4722,133000,Foreign_Investor,171000
2025-07-02,4722,0,Foreign_Dealer_Self,0
2025-07-02,4722,0,Investment_Trust,0
2025-07-02,4722,0,Dealer_self,0
2025-07-02,4722,0,Dealer_Hedging,0
2025-07-03,4722,186000,Foreign_Investor,87460
2025-07-03,4722,0,Foreign_Dealer_Self,0
2025-07-03,4722,0,Investment_Trust,3000
2025-07-03,4722,0,Dealer_self,1000
2025-07-03,4722,0,Dealer_Hedging,0
2025-07-04,4722,261000,Foreign_Investor,284000
2025-07-04,4722,0,Foreign_Dealer_Self,0
2025-07-04,4722,0,Investment_Trust,0
2025-07-04,4722,1000,Dealer_self,0
2025-07-04,4722,0,Dealer_Hedging,0
2025-07-07,4722,210000,Foreign_Investor,144000
2025-07-07,4722,0,Foreign_Dealer_Self,0
2025-07-07,4722,0,Investment_Trust,0
2025-07-07,4722,0,Dealer_self,1000
2025-07-07,4722,0,Dealer_Hedging,0
2025-07-08,4722,714000,Foreign_Investor,276100
2025-07-08,4722,0,Foreign_Dealer_Self,0
2025-07-08,4722,0,Investment_Trust,0
2025-07-08,4722,0,Dealer_self,0
2025-07-08,4722,0,Dealer_Hedging,0
2025-07-09,4722,166000,Foreign_Investor,212000
2025-07-09,4722,0,Foreign_Dealer_Self,0
2025-07-09,4722,0,Investment_Trust,2000
2025-07-09,4722,0,Dealer_self,0
2025-07-09,4722,0,Dealer_Hedging,0
2025-07-10,4722,197000,Foreign_Investor,349000
2025-07-10,4722,0,Foreign_Dealer_Self,0
2025-07-10,4722,0,Investment_Trust,1000
2025-07-10,4722,1000,Dealer_self,2000
2025-07-10,4722,0,Dealer_Hedging,0
2025-07-11,4722,122000,Foreign_Investor,236000
2025-07-11,4722,0,Foreign_Dealer_Self,0
2025-07-11,4722,0,Investment_Trust,9000
2025-07-11,4722,0,Dealer_self,0
2025-07-11,4722,0,Dealer_Hedging,0
2025-07-14,4722,145000,Foreign_Investor,121000
2025-07-14,4722,0,Foreign_Dealer_Self,0
2025-07-14,4722,0,Investment_Trust,0
2025-07-14,4722,0,Dealer_self,14000
2025-07-14,4722,0,Dealer_Hedging,0
2025-07-15,4722,517000,Foreign_Investor,479000
2025-07-15,4722,0,Foreign_Dealer_Self,0
2025-07-15,4722,0,Investment_Trust,0
2025-07-15,4722,1000,Dealer_self,1000
2025-07-15,4722,0,Dealer_Hedging,0
2025-07-16,4722,440000,Foreign_Investor,997000
2025-07-16,4722,0,Foreign_Dealer_Self,0
2025-07-16,4722,0,Investment_Trust,106000
2025-07-16,4722,0,Dealer_self,0
2025-07-16,4722,0,Dealer_Hedging,0
2025-07-17,4722,408000,Foreign_Investor,445000
2025-07-17,4722,0,Foreign_Dealer_Self,0
2025-07-17,4722,0,Investment_Trust,105000
2025-07-17,4722,0,Dealer_self,0
2025-07-17,4722,0,Dealer_Hedging,0
2025-07-18,4722,285000,Foreign_Investor,396000
2025-07-18,4722,0,Foreign_Dealer_Self,0
2025-07-18,4722,0,Investment_Trust,102000
2025-07-18,4722,0,Dealer_self,0
2025-07-18,4722,0,Dealer_Hedging,0
2025-07-21,4722,164000,Foreign_Investor,244000
2025-07-21,4722,0,Foreign_Dealer_Self,0
2025-07-21,4722,0,Investment_Trust,101000
2025-07-21,4722,1000,Dealer_self,0
2025-07-21,4722,0,Dealer_Hedging,0
2025-07-22,4722,418000,Foreign_Investor,226000
2025-07-22,4722,0,Foreign_Dealer_Self,0
2025-07-22,4722,0,Investment_Trust,99650
2025-07-22,4722,0,Dealer_self,0
2025-07-22,4722,0,Dealer_Hedging,0
2025-07-23,4722,225000,Foreign_Investor,322000
2025-07-23,4722,0,Foreign_Dealer_Self,0
2025-07-23,4722,0,Investment_Trust,0
2025-07-23,4722,1000,Dealer_self,1000
2025-07-23,4722,0,Dealer_Hedging,0
2025-07-24,4722,85000,Foreign_Investor,301000
2025-07-24,4722,0,Foreign_Dealer_Self,0
2025-07-24,4722,0,Investment_Trust,0
2025-07-24,4722,0,Dealer_self,0
2025-07-24,4722,0,Dealer_Hedging,0
2025-07-25,4722,164000,Foreign_Investor,81000
2025-07-25,4722,0,Foreign_Dealer_Self,0
2025-07-25,4722,0,Investment_Trust,0
2025-07-25,4722,0,Dealer_self,0
2025-07-25,4722,0,Dealer_Hedging,0
2025-07-28,4722,438000,Foreign_Investor,457400
2025-07-28,4722,0,Foreign_Dealer_Self,0
2025-07-28,4722,0,Investment_Trust,0
2025-07-28,4722,0,Dealer_self,1000
2025-07-28,4722,0,Dealer_Hedging,0
2025-07-29,4722,954000,Foreign_Investor,1464000
2025-07-29,4722,0,Foreign_Dealer_Self,0
2025-07-29,4722,0,Investment_Trust,0
2025-07-29,4722,0,Dealer_self,1000
2025-07-29,4722,0,Dealer_Hedging,0
2025-07-30,4722,368000,Foreign_Investor,306000
2025-07-30,4722,0,Foreign_Dealer_Self,0
2025-07-30,4722,0,Investment_Trust,0
2025-07-30,4722,1000,Dealer_self,0
2025-07-30,4722,0,Dealer_Hedging,0
2025-07-31,4722,670000,Foreign_Investor,671000
2025-07-31,4722,0,Foreign_Dealer_Self,0
2025-07-31,4722,0,Investment_Trust,0
2025-07-31,4722,0,Dealer_self,5000
2025-07-31,4722,0,Dealer_Hedging,0
2025-08-01,4722,661000,Foreign_Investor,544000
2025-08-01,4722,0,Foreign_Dealer_Self,0
2025-08-01,4722,0,Investment_Trust,0
2025-08-01,4722,0,Dealer_self,0
2025-08-01,4722,0,Dealer_Hedging,0
2025-08-04,4722,224000,Foreign_Investor,328000
2025-08-04,4722,0,Foreign_Dealer_Self,0
2025-08-04,4722,0,Investment_Trust,0
2025-08-04,4722,0,Dealer_self,0
2025-08-04,4722,2000,Dealer_Hedging,0
2025-08-05,4722,513000,Foreign_Investor,672000
2025-08-05,4722,0,Foreign_Dealer_Self,0
2025-08-05,4722,0,Investment_Trust,0
2025-08-05,4722,1000,Dealer_self,0
2025-08-05,4722,0,Dealer_Hedging,0
2025-08-06,4722,276000,Foreign_Investor,181000
2025-08-06,4722,0,Foreign_Dealer_Self,0
2025-08-06,4722,0,Investment_Trust,0
2025-08-06,4722,1000,Dealer_self,0
2025-08-06,4722,0,Dealer_Hedging,0
2025-08-07,4722,525000,Foreign_Investor,271000
2025-08-07,4722,0,Foreign_Dealer_Self,0
2025-08-07,4722,0,Investment_Trust,0
2025-08-07,4722,0,Dealer_self,1000
2025-08-07,4722,0,Dealer_Hedging,0
2025-08-08,4722,787000,Foreign_Investor,191000
2025-08-08,4722,0,Foreign_Dealer_Self,0
2025-08-08,4722,0,Investment_Trust,0
2025-08-08,4722,0,Dealer_self,0
2025-08-08,4722,0,Dealer_Hedging,0
2025-08-11,4722,2457000,Foreign_Investor,802000
2025-08-11,4722,0,Foreign_Dealer_Self,0
2025-08-11,4722,0,Investment_Trust,0
2025-08-11,4722,30635,Dealer_self,2000
2025-08-11,4722,0,Dealer_Hedging,1000
2025-08-12,4722,1074000,Foreign_Investor,994000
2025-08-12,4722,0,Foreign_Dealer_Self,0
2025-08-12,4722,0,Investment_Trust,0
2025-08-12,4722,31668,Dealer_self,41000
2025-08-12,4722,0,Dealer_Hedging,0
2025-08-13,4722,8397000,Foreign_Investor,5650000
2025-08-13,4722,0,Foreign_Dealer_Self,0
2025-08-13,4722,0,Investment_Trust,0
2025-08-13,4722,170004,Dealer_self,36303
2025-08-13,4722,0,Dealer_Hedging,0
2025-08-14,4722,1288000,Foreign_Investor,1727000
2025-08-14,4722,0,Foreign_Dealer_Self,0
2025-08-14,4722,0,Investment_Trust,0
2025-08-14,4722,11000,Dealer_self,19004
2025-08-14,4722,0,Dealer_Hedging,0
2025-08-15,4722,1022000,Foreign_Investor,2611000
2025-08-15,4722,0,Foreign_Dealer_Self,0
2025-08-15,4722,0,Investment_Trust,0
2025-08-15,4722,201000,Dealer_self,70000
2025-08-15,4722,0,Dealer_Hedging,0
2025-08-18,4722,2009000,Foreign_Investor,1887000
2025-08-18,4722,0,Foreign_Dealer_Self,0
2025-08-18,4722,0,Investment_Trust,0
2025-08-18,4722,74961,Dealer_self,182000
2025-08-18,4722,0,Dealer_Hedging,1000
2025-08-19,4722,875000,Foreign_Investor,327000
2025-08-19,4722,0,Foreign_Dealer_Self,0
2025-08-19,4722,0,Investment_Trust,0
2025-08-19,4722,64128,Dealer_self,90000
2025-08-19,4722,0,Dealer_Hedging,0
2025-08-20,4722,4997500,Foreign_Investor,2222000
2025-08-20,4722,0,Foreign_Dealer_Self,0
2025-08-20,4722,0,Investment_Trust,0
2025-08-20,4722,85611,Dealer_self,214836
2025-08-20,4722,0,Dealer_Hedging,0
2025-08-21,4722,448000,Foreign_Investor,1204000
2025-08-21,4722,0,Foreign_Dealer_Self,0
2025-08-21,4722,0,Investment_Trust,0
2025-08-21,4722,60000,Dealer_self,18000
2025-08-21,4722,350000,Dealer_Hedging,0
2025-08-22,4722,547000,Foreign_Investor,655000
2025-08-22,4722,0,Foreign_Dealer_Self,0
2025-08-22,4722,0,Investment_Trust,0
2025-08-22,4722,1000,Dealer_self,0
2025-08-22,4722,0,Dealer_Hedging,180000
2025-08-25,4722,722000,Foreign_Investor,146000
2025-08-25,4722,0,Foreign_Dealer_Self,0
2025-08-25,4722,0,Investment_Trust,0
2025-08-25,4722,1000,Dealer_self,3000
2025-08-25,4722,15000,Dealer_Hedging,110000
2025-08-26,4722,887000,Foreign_Investor,97500
2025-08-26,4722,0,Foreign_Dealer_Self,0
2025-08-26,4722,0,Investment_Trust,0
2025-08-26,4722,33000,Dealer_self,2000
2025-08-26,4722,57000,Dealer_Hedging,0
2025-08-27,4722,105000,Foreign_Investor,69000
2025-08-27,4722,0,Foreign_Dealer_Self,0
2025-08-27,4722,0,Investment_Trust,0
2025-08-27,4722,6089,Dealer_self,25000
2025-08-27,4722,0,Dealer_Hedging,45000
2025-08-28,4722,322000,Foreign_Investor,108000
2025-08-28,4722,0,Foreign_Dealer_Self,0
2025-08-28,4722,0,Investment_Trust,0
2025-08-28,4722,12000,Dealer_self,22000
2025-08-28,4722,3000,Dealer_Hedging,10000
2025-08-29,4722,116000,Foreign_Investor,77000
2025-08-29,4722,0,Foreign_Dealer_Self,0
2025-08-29,4722,0,Investment_Trust,0
2025-08-29,4722,3000,Dealer_self,2000
2025-08-29,4722,38000,Dealer_Hedging,0
2025-09-01,4722,430000,Foreign_Investor,120000
2025-09-01,4722,0,Foreign_Dealer_Self,0
2025-09-01,4722,0,Investment_Trust,0
2025-09-01,4722,8000,Dealer_self,1000
2025-09-01,4722,260000,Dealer_Hedging,0
2025-09-02,4722,288000,Foreign_Investor,29000
2025-09-02,4722,0,Foreign_Dealer_Self,0
2025-09-02,4722,0,Investment_Trust,0
2025-09-02,4722,0,Dealer_self,39000
2025-09-02,4722,52000,Dealer_Hedging,3000
2025-09-03,4722,139000,Foreign_Investor,102000
2025-09-03,4722,0,Foreign_Dealer_Self,0
2025-09-03,4722,0,Investment_Trust,0
2025-09-03,4722,5000,Dealer_self,1000
2025-09-03,4722,105000,Dealer_Hedging,0
2025-09-04,4722,171000,Foreign_Investor,121000
2025-09-04,4722,0,Foreign_Dealer_Self,0
2025-09-04,4722,0,Investment_Trust,0
2025-09-04,4722,0,Dealer_self,21000
2025-09-04,4722,13000,Dealer_Hedging,29000
2025-09-05,4722,118000,Foreign_Investor,17000
2025-09-05,4722,0,Foreign_Dealer_Self,0
2025-09-05,4722,0,Investment_Trust,0
2025-09-05,4722,0,Dealer_self,0
2025-09-05,4722,11000,Dealer_Hedging,0
2025-09-08,4722,28000,Foreign_Investor,82000
2025-09-08,4722,0,Foreign_Dealer_Self,0
2025-09-08,4722,0,Investment_Trust,0
2025-09-08,4722,3279,Dealer_self,0
2025-09-08,4722,11000,Dealer_Hedging,52000
2025-09-09,4722,3185000,Foreign_Investor,4436000
2025-09-09,4722,0,Foreign_Dealer_Self,0
2025-09-09,4722,0,Investment_Trust,0
2025-09-09,4722,42000,Dealer_self,31864
2025-09-09,4722,41000,Dealer_Hedging,32000
2025-09-10,4722,1040000,Foreign_Investor,908000
2025-09-10,4722,0,Foreign_Dealer_Self,0
2025-09-10,4722,0,Investment_Trust,0
2025-09-10,4722,39233,Dealer_self,10029
2025-09-10,4722,0,Dealer_Hedging,145000
2025-09-11,4722,845000,Foreign_Investor,3353000
2025-09-11,4722,0,Foreign_Dealer_Self,0
2025-09-11,4722,0,Investment_Trust,0
2025-09-11,4722,30000,Dealer_self,50204
2025-09-11,4722,0,Dealer_Hedging,0
2025-09-12,4722,1670000,Foreign_Investor,1960000
2025-09-12,4722,0,Foreign_Dealer_Self,0
2025-09-12,4722,0,Investment_Trust,0
2025-09-12,4722,14000,Dealer_self,21000
2025-09-12,4722,0,Dealer_Hedging,0
2025-09-15,4722,2776000,Foreign_Investor,2449000
2025-09-15,4722,0,Foreign_Dealer_Self,0
2025-09-15,4722,0,Investment_Trust,0
2025-09-15,4722,4000,Dealer_self,4139
2025-09-15,4722,0,Dealer_Hedging,0
2025-09-16,4722,636000,Foreign_Investor,217815
2025-09-16,4722,0,Foreign_Dealer_Self,0
2025-09-16,4722,0,Investment_Trust,0
2025-09-16,4722,16932,Dealer_self,4000
2025-09-16,4722,0,Dealer_Hedging,0
2025-09-17,4722,2458000,Foreign_Investor,2264405
2025-09-17,4722,0,Foreign_Dealer_Self,0
2025-09-17,4722,0,Investment_Trust,0
2025-09-17,4722,8000,Dealer_self,25978
2025-09-17,4722,0,Dealer_Hedging,0
2025-09-18,4722,3386967,Foreign_Investor,3303000
2025-09-18,4722,0,Foreign_Dealer_Self,0
2025-09-18,4722,0,Investment_Trust,0
2025-09-18,4722,11001,Dealer_self,11368
2025-09-18,4722,0,Dealer_Hedging,0
2025-09-19,4722,2324000,Foreign_Investor,3490000
2025-09-19,4722,0,Foreign_Dealer_Self,0
2025-09-19,4722,0,Investment_Trust,0
2025-09-19,4722,19802,Dealer_self,10784
2025-09-19,4722,0,Dealer_Hedging,0
2025-09-22,4722,1858000,Foreign_Investor,2044000
2025-09-22,4722,0,Foreign_Dealer_Self,0
2025-09-22,4722,0,Investment_Trust,0
2025-09-22,4722,23702,Dealer_self,21723
2025-09-22,4722,0,Dealer_Hedging,0
2025-09-23,4722,4223230,Foreign_Investor,3971000
2025-09-23,4722,0,Foreign_Dealer_Self,0
2025-09-23,4722,0,Investment_Trust,0
2025-09-23,4722,20086,Dealer_self,40445
2025-09-23,4722,0,Dealer_Hedging,0
2025-09-24,4722,2797000,Foreign_Investor,4885997
2025-09-24,4722,0,Foreign_Dealer_Self,0
2025-09-24,4722,0,Investment_Trust,0
2025-09-24,4722,33042,Dealer_self,24093
2025-09-24,4722,0,Dealer_Hedging,0
2025-09-25,4722,4827191,Foreign_Investor,4235185
2025-09-25,4722,0,Foreign_Dealer_Self,0
2025-09-25,4722,0,Investment_Trust,0
2025-09-25,4722,42463,Dealer_self,46907
2025-09-25,4722,43000,Dealer_Hedging,3000
2025-09-26,4722,3420000,Foreign_Investor,2675100
2025-09-26,4722,0,Foreign_Dealer_Self,0
2025-09-26,4722,0,Investment_Trust,0
2025-09-26,4722,19342,Dealer_self,31345
2025-09-26,4722,0,Dealer_Hedging,0
2025-09-30,4722,1578000,Foreign_Investor,2397000
2025-09-30,4722,0,Foreign_Dealer_Self,0
2025-09-30,4722,0,Investment_Trust,0
2025-09-30,4722,43485,Dealer_self,9020
2025-09-30,4722,0,Dealer_Hedging,1000
2025-10-01,4722,4910000,Foreign_Investor,3625065
2025-10-01,4722,0,Foreign_Dealer_Self,0
2025-10-01,4722,0,Investment_Trust,0
2025-10-01,4722,21000,Dealer_self,55696
2025-10-01,4722,0,Dealer_Hedging,0
2025-10-02,4722,1661000,Foreign_Investor,3244191
2025-10-02,4722,0,Foreign_Dealer_Self,0
2025-10-02,4722,0,Investment_Trust,0
2025-10-02,4722,10000,Dealer_self,9346
2025-10-02,4722,100000,Dealer_Hedging,0
2025-10-03,4722,5495000,Foreign_Investor,3058000
2025-10-03,4722,0,Foreign_Dealer_Self,0
2025-10-03,4722,0,Investment_Trust,0
2025-10-03,4722,67995,Dealer_self,72838
2025-10-03,4722,0,Dealer_Hedging,0
2025-10-07,4722,225000,Foreign_Investor,164000
2025-10-07,4722,0,Foreign_Dealer_Self,0
2025-10-07,4722,0,Investment_Trust,0
2025-10-07,4722,2000,Dealer_self,47000
2025-10-07,4722,120000,Dealer_Hedging,0
2025-10-08,4722,209000,Foreign_Investor,326000
2025-10-08,4722,0,Foreign_Dealer_Self,0
2025-10-08,4722,0,Investment_Trust,0
2025-10-08,4722,3,Dealer_self,12000
2025-10-08,4722,131000,Dealer_Hedging,0
2025-10-09,4722,297360,Foreign_Investor,53000
2025-10-09,4722,0,Foreign_Dealer_Self,0
2025-10-09,4722,0,Investment_Trust,0
2025-10-09,4722,0,Dealer_self,40000
2025-10-09,4722,70000,Dealer_Hedging,0
2025-10-13,4722,213000,Foreign_Investor,152000
2025-10-13,4722,0,Foreign_Dealer_Self,0
2025-10-13,4722,0,Investment_Trust,0
2025-10-13,4722,1000,Dealer_self,9000
2025-10-13,4722,10000,Dealer_Hedging,10000
2025-10-14,4722,178068,Foreign_Investor,158000
2025-10-14,4722,0,Foreign_Dealer_Self,0
2025-10-14,4722,0,Investment_Trust,0
2025-10-14,4722,1198,Dealer_self,0
2025-10-14,4722,171000,Dealer_Hedging,0
2025-10-15,4722,123000,Foreign_Investor,55500
2025-10-15,4722,0,Foreign_Dealer_Self,0
2025-10-15,4722,0,Investment_Trust,0
2025-10-15,4722,0,Dealer_self,4000
2025-10-15,4722,43000,Dealer_Hedging,17000
2025-10-16,4722,93000,Foreign_Investor,57000
2025-10-16,4722,0,Foreign_Dealer_Self,0
2025-10-16,4722,0,Investment_Trust,0
2025-10-16,4722,1000,Dealer_self,1085
2025-10-16,4722,0,Dealer_Hedging,5000
2025-10-17,4722,14000,Foreign_Investor,95000
2025-10-17,4722,0,Foreign_Dealer_Self,0
2025-10-17,4722,0,Investment_Trust,0
2025-10-17,4722,174,Dealer_self,32000
2025-10-17,4722,30000,Dealer_Hedging,0
2025-10-20,4722,15000,Foreign_Investor,89000
2025-10-20,4722,0,Foreign_Dealer_Self,0
2025-10-20,4722,54000,Investment_Trust,0
2025-10-20,4722,129,Dealer_self,13430
2025-10-20,4722,10000,Dealer_Hedging,22000
2025-10-21,4722,34000,Foreign_Investor,27000
2025-10-21,4722,0,Foreign_Dealer_Self,0
2025-10-21,4722,52000,Investment_Trust,0
2025-10-21,4722,1379,Dealer_self,17000
2025-10-21,4722,5000,Dealer_Hedging,53000
2025-10-22,4722,2161025,Foreign_Investor,4184000
2025-10-22,4722,0,Foreign_Dealer_Self,0
2025-10-22,4722,53000,Investment_Trust,0
2025-10-22,4722,48000,Dealer_self,54367
2025-10-22,4722,12000,Dealer_Hedging,44000
2025-10-23,4722,1007000,Foreign_Investor,1414000
2025-10-23,4722,0,Foreign_Dealer_Self,0
2025-10-23,4722,54000,Investment_Trust,0
2025-10-23,4722,47000,Dealer_self,34000
2025-10-23,4722,8000,Dealer_Hedging,68000
2025-10-27,4722,1886000,Foreign_Investor,1826230
2025-10-27,4722,0,Foreign_Dealer_Self,0
2025-10-27,4722,59000,Investment_Trust,0
2025-10-27,4722,27863,Dealer_self,5386
2025-10-27,4722,0,Dealer_Hedging,0
2025-10-28,4722,1907000,Foreign_Investor,801668
2025-10-28,4722,0,Foreign_Dealer_Self,0
2025-10-28,4722,0,Investment_Trust,0
2025-10-28,4722,20000,Dealer_self,4156
2025-10-28,4722,0,Dealer_Hedging,130000
2025-10-29,4722,1239900,Foreign_Investor,2895360
2025-10-29,4722,0,Foreign_Dealer_Self,0
2025-10-29,4722,0,Investment_Trust,0
2025-10-29,4722,28080,Dealer_self,31454
2025-10-29,4722,0,Dealer_Hedging,8000
2025-10-30,4722,699000,Foreign_Investor,621000
2025-10-30,4722,0,Foreign_Dealer_Self,0
2025-10-30,4722,0,Investment_Trust,0
2025-10-30,4722,8000,Dealer_self,6294
2025-10-30,4722,0,Dealer_Hedging,0
2025-10-31,4722,568000,Foreign_Investor,674000
2025-10-31,4722,0,Foreign_Dealer_Self,0
2025-10-31,4722,15000,Investment_Trust,0
2025-10-31,4722,3000,Dealer_self,2001
2025-10-31,4722,0,Dealer_Hedging,0
2025-11-03,4722,368000,Foreign_Investor,521000
2025-11-03,4722,0,Foreign_Dealer_Self,0
2025-11-03,4722,0,Investment_Trust,1000
2025-11-03,4722,3000,Dealer_self,672
2025-11-03,4722,0,Dealer_Hedging,0
2025-11-04,4722,610000,Foreign_Investor,637000
2025-11-04,4722,0,Foreign_Dealer_Self,0
2025-11-04,4722,0,Investment_Trust,1000
2025-11-04,4722,17000,Dealer_self,6515
2025-11-04,4722,0,Dealer_Hedging,0
2025-11-05,4722,1109000,Foreign_Investor,947000
2025-11-05,4722,0,Foreign_Dealer_Self,0
2025-11-05,4722,0,Investment_Trust,0
2025-11-05,4722,17000,Dealer_self,21363
2025-11-05,4722,0,Dealer_Hedging,0
2025-11-06,4722,285600,Foreign_Investor,310000
2025-11-06,4722,0,Foreign_Dealer_Self,0
2025-11-06,4722,0,Investment_Trust,0
2025-11-06,4722,1670,Dealer_self,5000
2025-11-06,4722,0,Dealer_Hedging,0
2025-11-07,4722,467000,Foreign_Investor,279000
2025-11-07,4722,0,Foreign_Dealer_Self,0
2025-11-07,4722,0,Investment_Trust,0
2025-11-07,4722,2000,Dealer_self,0
2025-11-07,4722,0,Dealer_Hedging,0
2025-11-10,4722,1245000,Foreign_Investor,447000
2025-11-10,4722,0,Foreign_Dealer_Self,0
2025-11-10,4722,0,Investment_Trust,0
2025-11-10,4722,22067,Dealer_self,15267
2025-11-10,4722,8000,Dealer_Hedging,148000
2025-11-11,4722,1789000,Foreign_Investor,1814000
2025-11-11,4722,0,Foreign_Dealer_Self,0
2025-11-11,4722,0,Investment_Trust,0
2025-11-11,4722,16141,Dealer_self,24740
2025-11-11,4722,0,Dealer_Hedging,0
2025-11-12,4722,1609000,Foreign_Investor,3126000
2025-11-12,4722,0,Foreign_Dealer_Self,0
2025-11-12,4722,26000,Investment_Trust,0
2025-11-12,4722,44102,Dealer_self,30820
2025-11-12,4722,0,Dealer_Hedging,0
2025-11-13,4722,1036500,Foreign_Investor,805600
2025-11-13,4722,0,Foreign_Dealer_Self,0
2025-11-13,4722,0,Investment_Trust,0
2025-11-13,4722,16000,Dealer_self,24061
2025-11-13,4722,0,Dealer_Hedging,0
2025-11-14,4722,531030,Foreign_Investor,773000
2025-11-14,4722,0,Foreign_Dealer_Self,0
2025-11-14,4722,0,Investment_Trust,1000
2025-11-14,4722,33000,Dealer_self,18163
2025-11-14,4722,0,Dealer_Hedging,0
2025-11-17,4722,858080,Foreign_Investor,584000
2025-11-17,4722,0,Foreign_Dealer_Self,0
2025-11-17,4722,0,Investment_Trust,0
2025-11-17,4722,9000,Dealer_self,13919
2025-11-17,4722,0,Dealer_Hedging,0
2025-11-18,4722,1812006,Foreign_Investor,422000
2025-11-18,4722,0,Foreign_Dealer_Self,0
2025-11-18,4722,0,Investment_Trust,0
2025-11-18,4722,13000,Dealer_self,20356
2025-11-18,4722,0,Dealer_Hedging,20000
2025-11-19,4722,852145,Foreign_Investor,736000
2025-11-19,4722,0,Foreign_Dealer_Self,0
2025-11-19,4722,0,Investment_Trust,1000
2025-11-19,4722,5000,Dealer_self,324
2025-11-19,4722,0,Dealer_Hedging,0
2025-11-20,4722,729744,Foreign_Investor,1205000
2025-11-20,4722,0,Foreign_Dealer_Self,0
2025-11-20,4722,0,Investment_Trust,0
2025-11-20,4722,27957,Dealer_self,6053
2025-11-20,4722,0,Dealer_Hedging,0
2025-11-21,4722,1419311,Foreign_Investor,892000
2025-11-21,4722,0,Foreign_Dealer_Self,0
2025-11-21,4722,0,Investment_Trust,1000
2025-11-21,4722,12000,Dealer_self,12350
2025-11-21,4722,0,Dealer_Hedging,0
2025-11-24,4722,418000,Foreign_Investor,445000
2025-11-24,4722,0,Foreign_Dealer_Self,0
2025-11-24,4722,0,Investment_Trust,0
2025-11-24,4722,1016,Dealer_self,2
2025-11-24,4722,0,Dealer_Hedging,0
2025-11-25,4722,420000,Foreign_Investor,575000
2025-11-25,4722,0,Foreign_Dealer_Self,0
2025-11-25,4722,0,Investment_Trust,0
2025-11-25,4722,3403,Dealer_self,5912
2025-11-25,4722,0,Dealer_Hedging,0
2025-11-26,4722,1128000,Foreign_Investor,2079030
2025-11-26,4722,0,Foreign_Dealer_Self,0
2025-11-26,4722,0,Investment_Trust,0
2025-11-26,4722,27108,Dealer_self,13374
2025-11-26,4722,0,Dealer_Hedging,0
2025-11-27,4722,826000,Foreign_Investor,1134000
2025-11-27,4722,0,Foreign_Dealer_Self,0
2025-11-27,4722,0,Investment_Trust,0
2025-11-27,4722,674,Dealer_self,9003
2025-11-27,4722,0,Dealer_Hedging,0
2025-11-28,4722,689000,Foreign_Investor,1515000
2025-11-28,4722,0,Foreign_Dealer_Self,0
2025-11-28,4722,0,Investment_Trust,0
2025-11-28,4722,25000,Dealer_self,60403
2025-11-28,4722,0,Dealer_Hedging,0
2025-12-01,4722,619000,Foreign_Investor,2062000
2025-12-01,4722,0,Foreign_Dealer_Self,0
2025-12-01,4722,0,Investment_Trust,0
2025-12-01,4722,28000,Dealer_self,49513
2025-12-01,4722,0,Dealer_Hedging,0
2025-12-02,4722,711000,Foreign_Investor,574000
2025-12-02,4722,0,Foreign_Dealer_Self,0
2025-12-02,4722,0,Investment_Trust,0
2025-12-02,4722,10000,Dealer_self,6576
2025-12-02,4722,1000,Dealer_Hedging,0
2025-12-03,4722,381000,Foreign_Investor,597750
2025-12-03,4722,0,Foreign_Dealer_Self,0
2025-12-03,4722,0,Investment_Trust,0
2025-12-03,4722,4216,Dealer_self,2506
2025-12-03,4722,0,Dealer_Hedging,0
2025-12-04,4722,517000,Foreign_Investor,425000
2025-12-04,4722,0,Foreign_Dealer_Self,0
2025-12-04,4722,0,Investment_Trust,0
2025-12-04,4722,9000,Dealer_self,7304
2025-12-04,4722,0,Dealer_Hedging,0
2025-12-05,4722,699252,Foreign_Investor,629000
2025-12-05,4722,0,Foreign_Dealer_Self,0
2025-12-05,4722,0,Investment_Trust,0
2025-12-05,4722,16234,Dealer_self,10453
2025-12-05,4722,0,Dealer_Hedging,0
2025-12-08,4722,460000,Foreign_Investor,274000
2025-12-08,4722,0,Foreign_Dealer_Self,0
2025-12-08,4722,0,Investment_Trust,1000
2025-12-08,4722,3225,Dealer_self,1000
2025-12-08,4722,0,Dealer_Hedging,0
2025-12-09,4722,265000,Foreign_Investor,181000
2025-12-09,4722,0,Foreign_Dealer_Self,0
2025-12-09,4722,0,Investment_Trust,1000
2025-12-09,4722,5103,Dealer_self,4886
2025-12-09,4722,0,Dealer_Hedging,0
2025-12-10,4722,435000,Foreign_Investor,253000
2025-12-10,4722,0,Foreign_Dealer_Self,0
2025-12-10,4722,0,Investment_Trust,1000
2025-12-10,4722,9000,Dealer_self,6170
2025-12-10,4722,18000,Dealer_Hedging,1000
2025-12-11,4722,529000,Foreign_Investor,772000
2025-12-11,4722,0,Foreign_Dealer_Self,0
2025-12-11,4722,0,Investment_Trust,2000
2025-12-11,4722,2077,Dealer_self,4423
2025-12-11,4722,0,Dealer_Hedging,0
2025-12-12,4722,1099000,Foreign_Investor,1095000
2025-12-12,4722,0,Foreign_Dealer_Self,0
2025-12-12,4722,0,Investment_Trust,1000
2025-12-12,4722,15270,Dealer_self,16770
2025-12-12,4722,0,Dealer_Hedging,0
2025-12-15,4722,1142000,Foreign_Investor,1593000
2025-12-15,4722,0,Foreign_Dealer_Self,0
2025-12-15,4722,0,Investment_Trust,0
2025-12-15,4722,45186,Dealer_self,9398
2025-12-15,4722,0,Dealer_Hedging,0
2025-12-16,4722,675794,Foreign_Investor,922000
2025-12-16,4722,0,Foreign_Dealer_Self,0
2025-12-16,4722,0,Investment_Trust,0
2025-12-16,4722,27000,Dealer_self,27456
2025-12-16,4722,0,Dealer_Hedging,0
2025-12-17,4722,291000,Foreign_Investor,984000
2025-12-17,4722,0,Foreign_Dealer_Self,0
2025-12-17,4722,0,Investment_Trust,1000
2025-12-17,4722,36000,Dealer_self,31077
2025-12-17,4722,0,Dealer_Hedging,0
2025-12-18,4722,448000,Foreign_Investor,754000
2025-12-18,4722,0,Foreign_Dealer_Self,0
2025-12-18,4722,0,Investment_Trust,0
2025-12-18,4722,9000,Dealer_self,8780
2025-12-18,4722,0,Dealer_Hedging,0
2025-12-19,4722,2762000,Foreign_Investor,541000
2025-12-19,4722,0,Foreign_Dealer_Self,0
2025-12-19,4722,0,Investment_Trust,0
2025-12-19,4722,43931,Dealer_self,7886
2025-12-19,4722,0,Dealer_Hedging,0
2025-12-22,4722,2140000,Foreign_Investor,2411000
2025-12-22,4722,0,Foreign_Dealer_Self,0
2025-12-22,4722,0,Investment_Trust,1000
2025-12-22,4722,1474,Dealer_self,88331
2025-12-22,4722,1000,Dealer_Hedging,20000
2025-12-23,4722,2989661,Foreign_Investor,2826000
2025-12-23,4722,0,Foreign_Dealer_Self,0
2025-12-23,4722,737000,Investment_Trust,0
2025-12-23,4722,53101,Dealer_self,9373
2025-12-23,4722,0,Dealer_Hedging,30000
2025-12-24,4722,1320500,Foreign_Investor,2106000
2025-12-24,4722,0,Foreign_Dealer_Self,0
2025-12-24,4722,40000,Investment_Trust,0
2025-12-24,4722,3351,Dealer_self,10000
2025-12-24,4722,0,Dealer_Hedging,0
2025-12-26,4722,624000,Foreign_Investor,902000
2025-12-26,4722,0,Foreign_Dealer_Self,0
2025-12-26,4722,25000,Investment_Trust,1000
2025-12-26,4722,44000,Dealer_self,7778
2025-12-26,4722,0,Dealer_Hedging,0
2025-12-29,4722,925000,Foreign_Investor,972000
2025-12-29,4722,0,Foreign_Dealer_Self,0
2025-12-29,4722,20000,Investment_Trust,0
2025-12-29,4722,18000,Dealer_self,17650
2025-12-29,4722,1000,Dealer_Hedging,0
2025-12-30,4722,683050,Foreign_Investor,453000
2025-12-30,4722,0,Foreign_Dealer_Self,0
2025-12-30,4722,0,Investment_Trust,0
2025-12-30,4722,24038,Dealer_self,18911
2025-12-30,4722,0,Dealer_Hedging,0
2025-12-31,4722,1109080,Foreign_Investor,1128000
2025-12-31,4722,0,Foreign_Dealer_Self,0
2025-12-31,4722,0,Investment_Trust,1000
2025-12-31,4722,35000,Dealer_self,54906
2025-12-31,4722,1000,Dealer_Hedging,3000
2026-01-02,4722,781000,Foreign_Investor,1253000
2026-01-02,4722,0,Foreign_Dealer_Self,0
2026-01-02,4722,0,Investment_Trust,0
2026-01-02,4722,46000,Dealer_self,51255
2026-01-02,4722,0,Dealer_Hedging,0
2026-01-05,4722,1125420,Foreign_Investor,1102500
2026-01-05,4722,0,Foreign_Dealer_Self,0
2026-01-05,4722,0,Investment_Trust,5000
2026-01-05,4722,31100,Dealer_self,9742
2026-01-05,4722,0,Dealer_Hedging,0
2026-01-06,4722,451260,Foreign_Investor,757000
2026-01-06,4722,0,Foreign_Dealer_Self,0
2026-01-06,4722,30000,Investment_Trust,4000
2026-01-06,4722,19182,Dealer_self,56988
2026-01-06,4722,1000,Dealer_Hedging,0
2026-01-07,4722,812005,Foreign_Investor,864400
2026-01-07,4722,0,Foreign_Dealer_Self,0
2026-01-07,4722,0,Investment_Trust,3000
2026-01-07,4722,12071,Dealer_self,5070
2026-01-07,4722,0,Dealer_Hedging,0
2026-01-08,4722,1033010,Foreign_Investor,1084280
2026-01-08,4722,0,Foreign_Dealer_Self,0
2026-01-08,4722,0,Investment_Trust,1000
2026-01-08,4722,30000,Dealer_self,52157
2026-01-08,4722,0,Dealer_Hedging,0
2026-01-09,4722,405005,Foreign_Investor,434200
2026-01-09,4722,0,Foreign_Dealer_Self,0
2026-01-09,4722,0,Investment_Trust,2000
2026-01-09,4722,5000,Dealer_self,9623
2026-01-09,4722,0,Dealer_Hedging,1000
2026-01-12,4722,220000,Foreign_Investor,545000
2026-01-12,4722,0,Foreign_Dealer_Self,0
2026-01-12,4722,0,Investment_Trust,3000
2026-01-12,4722,26000,Dealer_self,25675
2026-01-12,4722,0,Dealer_Hedging,0
2026-01-13,4722,728000,Foreign_Investor,760000
2026-01-13,4722,0,Foreign_Dealer_Self,0
2026-01-13,4722,0,Investment_Trust,3000
2026-01-13,4722,8249,Dealer_self,5918
2026-01-13,4722,0,Dealer_Hedging,0
2026-01-14,4722,159000,Foreign_Investor,508000
2026-01-14,4722,0,Foreign_Dealer_Self,0
2026-01-14,4722,0,Investment_Trust,2000
2026-01-14,4722,6000,Dealer_self,4325
2026-01-14,4722,0,Dealer_Hedging,0
2026-01-15,4722,332015,Foreign_Investor,274150
2026-01-15,4722,0,Foreign_Dealer_Self,0
2026-01-15,4722,0,Investment_Trust,0
2026-01-15,4722,4372,Dealer_self,3981
2026-01-15,4722,0,Dealer_Hedging,0
2026-01-16,4722,132000,Foreign_Investor,216000
2026-01-16,4722,0,Foreign_Dealer_Self,0
2026-01-16,4722,0,Investment_Trust,4000
2026-01-16,4722,2000,Dealer_self,1731
2026-01-16,4722,0,Dealer_Hedging,0
2026-01-19,4722,254000,Foreign_Investor,301000
2026-01-19,4722,0,Foreign_Dealer_Self,0
2026-01-19,4722,22000,Investment_Trust,0
2026-01-19,4722,7000,Dealer_self,5382
2026-01-19,4722,0,Dealer_Hedging,0
2026-01-20,4722,668000,Foreign_Investor,475000
2026-01-20,4722,0,Foreign_Dealer_Self,0
2026-01-20,4722,27000,Investment_Trust,100000
2026-01-20,4722,5013,Dealer_self,6278
2026-01-20,4722,0,Dealer_Hedging,4000
2026-01-21,4722,852000,Foreign_Investor,547000
2026-01-21,4722,0,Foreign_Dealer_Self,0
2026-01-21,4722,23000,Investment_Trust,120000
2026-01-21,4722,10005,Dealer_self,3000
2026-01-21,4722,0,Dealer_Hedging,1000
2026-01-22,4722,108000,Foreign_Investor,494364
2026-01-22,4722,0,Foreign_Dealer_Self,0
2026-01-22,4722,20000,Investment_Trust,143000
2026-01-22,4722,3000,Dealer_self,3000
2026-01-22,4722,0,Dealer_Hedging,0
2026-01-23,4722,1078000,Foreign_Investor,457000
2026-01-23,4722,0,Foreign_Dealer_Self,0
2026-01-23,4722,25000,Investment_Trust,140000
2026-01-23,4722,3198,Dealer_self,8000
2026-01-23,4722,0,Dealer_Hedging,0
2026-01-26,4722,131000,Foreign_Investor,852025
2026-01-26,4722,0,Foreign_Dealer_Self,0
2026-01-26,4722,0,Investment_Trust,133000
2026-01-26,4722,2000,Dealer_self,0
2026-01-26,4722,0,Dealer_Hedging,1000
2026-01-27,4722,174000,Foreign_Investor,179000
2026-01-27,4722,0,Foreign_Dealer_Self,0
2026-01-27,4722,3000,Investment_Trust,129000
2026-01-27,4722,0,Dealer_self,0
2026-01-27,4722,0,Dealer_Hedging,0
2026-01-28,4722,188000,Foreign_Investor,309000
2026-01-28,4722,0,Foreign_Dealer_Self,0
2026-01-28,4722,0,Investment_Trust,0
2026-01-28,4722,5000,Dealer_self,1276
2026-01-28,4722,762,Dealer_Hedging,0
2026-01-29,4722,219631,Foreign_Investor,191000
2026-01-29,4722,0,Foreign_Dealer_Self,0
2026-01-29,4722,0,Investment_Trust,3000
2026-01-29,4722,2000,Dealer_self,3898
2026-01-29,4722,0,Dealer_Hedging,0
2026-01-30,4722,693000,Foreign_Investor,274000
2026-01-30,4722,0,Foreign_Dealer_Self,0
2026-01-30,4722,0,Investment_Trust,4000
2026-01-30,4722,7000,Dealer_self,5504
2026-01-30,4722,1000,Dealer_Hedging,0
2026-02-02,4722,265000,Foreign_Investor,187000
2026-02-02,4722,0,Foreign_Dealer_Self,0
2026-02-02,4722,0,Investment_Trust,0
2026-02-02,4722,3000,Dealer_self,1001
2026-02-02,4722,8125,Dealer_Hedging,0
2026-02-03,4722,301940,Foreign_Investor,228000
2026-02-03,4722,0,Foreign_Dealer_Self,0
2026-02-03,4722,0,Investment_Trust,0
2026-02-03,4722,7000,Dealer_self,7286
2026-02-03,4722,13226,Dealer_Hedging,4993
2026-02-04,4722,204000,Foreign_Investor,161050
2026-02-04,4722,0,Foreign_Dealer_Self,0
2026-02-04,4722,0,Investment_Trust,0
2026-02-04,4722,1000,Dealer_self,1985
2026-02-04,4722,5253,Dealer_Hedging,9300
2026-02-05,4722,115000,Foreign_Investor,104000
2026-02-05,4722,0,Foreign_Dealer_Self,0
2026-02-05,4722,0,Investment_Trust,0
2026-02-05,4722,8000,Dealer_self,237
2026-02-05,4722,909,Dealer_Hedging,8429
2026-02-06,4722,486000,Foreign_Investor,171907
2026-02-06,4722,0,Foreign_Dealer_Self,0
2026-02-06,4722,0,Investment_Trust,0
2026-02-06,4722,1000,Dealer_self,0
2026-02-06,4722,11462,Dealer_Hedging,1672
2026-02-09,4722,457005,Foreign_Investor,301000
2026-02-09,4722,0,Foreign_Dealer_Self,0
2026-02-09,4722,0,Investment_Trust,0
2026-02-09,4722,1000,Dealer_self,2000
2026-02-09,4722,17000,Dealer_Hedging,4242
2026-02-10,4722,375000,Foreign_Investor,176000
2026-02-10,4722,0,Foreign_Dealer_Self,0
2026-02-10,4722,0,Investment_Trust,0
2026-02-10,4722,1000,Dealer_self,43
2026-02-10,4722,10913,Dealer_Hedging,1000
2026-02-11,4722,893000,Foreign_Investor,589000
2026-02-11,4722,0,Foreign_Dealer_Self,0
2026-02-11,4722,0,Investment_Trust,0
2026-02-11,4722,3018,Dealer_self,8005
2026-02-11,4722,6970,Dealer_Hedging,520
2026-02-23,4722,1947000,Foreign_Investor,740845
2026-02-23,4722,0,Foreign_Dealer_Self,0
2026-02-23,4722,0,Investment_Trust,1000
2026-02-23,4722,41147,Dealer_self,9000
2026-02-23,4722,25106,Dealer_Hedging,15000
2026-02-24,4722,2788000,Foreign_Investor,708001
2026-02-24,4722,0,Foreign_Dealer_Self,0
2026-02-24,4722,30000,Investment_Trust,7000
2026-02-24,4722,166252,Dealer_self,17000
2026-02-24,4722,47696,Dealer_Hedging,1779
2026-02-25,4722,3100631,Foreign_Investor,948000
2026-02-25,4722,0,Foreign_Dealer_Self,0
2026-02-25,4722,8000,Investment_Trust,1000
2026-02-25,4722,99977,Dealer_self,110000
2026-02-25,4722,31737,Dealer_Hedging,13806
2026-02-26,4722,2815731,Foreign_Investor,2333031
2026-02-26,4722,0,Foreign_Dealer_Self,0
2026-02-26,4722,55000,Investment_Trust,0
2026-02-26,4722,1508,Dealer_self,53225
2026-02-26,4722,49941,Dealer_Hedging,23644
2026-03-02,4722,1476000,Foreign_Investor,1787100
2026-03-02,4722,0,Foreign_Dealer_Self,0
2026-03-02,4722,0,Investment_Trust,3000
2026-03-02,4722,10221,Dealer_self,23405
2026-03-02,4722,15186,Dealer_Hedging,22738
2026-03-03,4722,1566700,Foreign_Investor,1609050
2026-03-03,4722,0,Foreign_Dealer_Self,0
2026-03-03,4722,684000,Investment_Trust,1000
2026-03-03,4722,5173,Dealer_self,137000
2026-03-03,4722,13491,Dealer_Hedging,56497
2026-03-04,4722,1427140,Foreign_Investor,1467045
2026-03-04,4722,0,Foreign_Dealer_Self,0
2026-03-04,4722,0,Investment_Trust,3000
2026-03-04,4722,15300,Dealer_self,28230
2026-03-04,4722,57491,Dealer_Hedging,13003
2026-03-05,4722,564000,Foreign_Investor,880000
2026-03-05,4722,0,Foreign_Dealer_Self,0
2026-03-05,4722,0,Investment_Trust,12000
2026-03-05,4722,3000,Dealer_self,7460
2026-03-05,4722,32402,Dealer_Hedging,41748
2026-03-06,4722,698000,Foreign_Investor,847000
2026-03-06,4722,0,Foreign_Dealer_Self,0
2026-03-06,4722,0,Investment_Trust,106000
2026-03-06,4722,17000,Dealer_self,6624
2026-03-06,4722,54966,Dealer_Hedging,11381
2026-03-09,4722,148000,Foreign_Investor,690368
2026-03-09,4722,0,Foreign_Dealer_Self,0
2026-03-09,4722,0,Investment_Trust,0
2026-03-09,4722,0,Dealer_self,18009
2026-03-09,4722,12243,Dealer_Hedging,37607
2026-03-10,4722,1088000,Foreign_Investor,1265000
2026-03-10,4722,0,Foreign_Dealer_Self,0
2026-03-10,4722,0,Investment_Trust,2000
2026-03-10,4722,1000,Dealer_self,1171
2026-03-10,4722,10060,Dealer_Hedging,58003
2026-03-11,4722,504108,Foreign_Investor,575102
2026-03-11,4722,0,Foreign_Dealer_Self,0
2026-03-11,4722,2000,Investment_Trust,8000
2026-03-11,4722,108000,Dealer_self,4065
2026-03-11,4722,20651,Dealer_Hedging,8052
2026-03-12,4722,660000,Foreign_Investor,541022
2026-03-12,4722,0,Foreign_Dealer_Self,0
2026-03-12,4722,30000,Investment_Trust,23000
2026-03-12,4722,52000,Dealer_self,10853
2026-03-12,4722,82018,Dealer_Hedging,13023
2026-03-13,4722,931000,Foreign_Investor,975845
2026-03-13,4722,0,Foreign_Dealer_Self,0
2026-03-13,4722,60000,Investment_Trust,12000
2026-03-13,4722,13047,Dealer_self,4893
2026-03-13,4722,113695,Dealer_Hedging,17185
2026-03-16,4722,1050304,Foreign_Investor,1148148
2026-03-16,4722,0,Foreign_Dealer_Self,0
2026-03-16,4722,0,Investment_Trust,5000
2026-03-16,4722,102005,Dealer_self,25551
2026-03-16,4722,54268,Dealer_Hedging,56562
2026-03-17,4722,882000,Foreign_Investor,1117001
2026-03-17,4722,0,Foreign_Dealer_Self,0
2026-03-17,4722,0,Investment_Trust,12000
2026-03-17,4722,21000,Dealer_self,1081
2026-03-17,4722,142699,Dealer_Hedging,63907
2026-03-18,4722,513020,Foreign_Investor,424000
2026-03-18,4722,0,Foreign_Dealer_Self,0
2026-03-18,4722,0,Investment_Trust,8000
2026-03-18,4722,40000,Dealer_self,80000
2026-03-18,4722,62905,Dealer_Hedging,88444
2026-03-19,4722,336200,Foreign_Investor,732000
2026-03-19,4722,0,Foreign_Dealer_Self,0
2026-03-19,4722,0,Investment_Trust,15000
2026-03-19,4722,0,Dealer_self,3000
2026-03-19,4722,51209,Dealer_Hedging,31382
2026-03-20,4722,387000,Foreign_Investor,511760
2026-03-20,4722,0,Foreign_Dealer_Self,0
2026-03-20,4722,0,Investment_Trust,1000
2026-03-20,4722,11000,Dealer_self,0
2026-03-20,4722,54571,Dealer_Hedging,46846
2026-03-23,4722,299000,Foreign_Investor,582000
2026-03-23,4722,0,Foreign_Dealer_Self,0
2026-03-23,4722,0,Investment_Trust,0
2026-03-23,4722,8000,Dealer_self,11000
2026-03-23,4722,60325,Dealer_Hedging,42909
2026-03-24,4722,653000,Foreign_Investor,402000
2026-03-24,4722,0,Foreign_Dealer_Self,0
2026-03-24,4722,0,Investment_Trust,0
2026-03-24,4722,0,Dealer_self,8000
2026-03-24,4722,49858,Dealer_Hedging,10586
2026-03-25,4722,142000,Foreign_Investor,209000
2026-03-25,4722,0,Foreign_Dealer_Self,0
2026-03-25,4722,0,Investment_Trust,7000
2026-03-25,4722,1000,Dealer_self,0
2026-03-25,4722,5088,Dealer_Hedging,31974
2026-03-26,4722,40000,Foreign_Investor,382000
2026-03-26,4722,0,Foreign_Dealer_Self,0
2026-03-26,4722,0,Investment_Trust,6000
2026-03-26,4722,0,Dealer_self,0
2026-03-26,4722,30577,Dealer_Hedging,10960
2026-03-27,4722,328000,Foreign_Investor,391000
2026-03-27,4722,0,Foreign_Dealer_Self,0
2026-03-27,4722,0,Investment_Trust,7000
2026-03-27,4722,10000,Dealer_self,16000
2026-03-27,4722,100016,Dealer_Hedging,17094
2026-03-30,4722,162000,Foreign_Investor,447390
2026-03-30,4722,0,Foreign_Dealer_Self,0
2026-03-30,4722,0,Investment_Trust,0
2026-03-30,4722,2000,Dealer_self,10000
2026-03-30,4722,52826,Dealer_Hedging,63914
2026-03-31,4722,455000,Foreign_Investor,599637
2026-03-31,4722,0,Foreign_Dealer_Self,0
2026-03-31,4722,0,Investment_Trust,293000
2026-03-31,4722,1000,Dealer_self,3272
2026-03-31,4722,48376,Dealer_Hedging,92478
2026-04-01,4722,425000,Foreign_Investor,254100
2026-04-01,4722,0,Foreign_Dealer_Self,0
2026-04-01,4722,0,Investment_Trust,369000
2026-04-01,4722,2000,Dealer_self,10000
2026-04-01,4722,14727,Dealer_Hedging,35731
2026-04-02,4722,122000,Foreign_Investor,260150
2026-04-02,4722,0,Foreign_Dealer_Self,0
2026-04-02,4722,0,Investment_Trust,15000
2026-04-02,4722,0,Dealer_self,1000
2026-04-02,4722,36805,Dealer_Hedging,30596
2026-04-07,4722,333000,Foreign_Investor,158000
2026-04-07,4722,0,Foreign_Dealer_Self,0
2026-04-07,4722,0,Investment_Trust,0
2026-04-07,4722,0,Dealer_self,0
2026-04-07,4722,143039,Dealer_Hedging,7606
2026-04-08,4722,378000,Foreign_Investor,536000
2026-04-08,4722,0,Foreign_Dealer_Self,0
2026-04-08,4722,0,Investment_Trust,0
2026-04-08,4722,2000,Dealer_self,15000
2026-04-08,4722,27042,Dealer_Hedging,122833
2026-04-09,4722,702000,Foreign_Investor,504000
2026-04-09,4722,0,Foreign_Dealer_Self,0
2026-04-09,4722,0,Investment_Trust,9000
2026-04-09,4722,0,Dealer_self,7243
2026-04-09,4722,179289,Dealer_Hedging,18309
2026-04-10,4722,215000,Foreign_Investor,993000
2026-04-10,4722,0,Foreign_Dealer_Self,0
2026-04-10,4722,0,Investment_Trust,2000
2026-04-10,4722,6000,Dealer_self,55000
2026-04-10,4722,17701,Dealer_Hedging,137936
2026-04-13,4722,364000,Foreign_Investor,165001
2026-04-13,4722,0,Foreign_Dealer_Self,0
2026-04-13,4722,0,Investment_Trust,9000
2026-04-13,4722,10000,Dealer_self,0
2026-04-13,4722,11000,Dealer_Hedging,17169
2026-04-14,4722,1052000,Foreign_Investor,586000
2026-04-14,4722,0,Foreign_Dealer_Self,0
2026-04-14,4722,0,Investment_Trust,0
2026-04-14,4722,23265,Dealer_self,69000
2026-04-14,4722,161528,Dealer_Hedging,63391
2026-04-15,4722,843000,Foreign_Investor,1043002
2026-04-15,4722,0,Foreign_Dealer_Self,0
2026-04-15,4722,0,Investment_Trust,1000
2026-04-15,4722,64000,Dealer_self,15265
2026-04-15,4722,17498,Dealer_Hedging,105267
2026-04-16,4722,289000,Foreign_Investor,514000
2026-04-16,4722,0,Foreign_Dealer_Self,0
2026-04-16,4722,0,Investment_Trust,5000
2026-04-16,4722,26000,Dealer_self,22000
2026-04-16,4722,6148,Dealer_Hedging,41818
2026-04-17,4722,536250,Foreign_Investor,240000
2026-04-17,4722,0,Foreign_Dealer_Self,0
2026-04-17,4722,0,Investment_Trust,9000
2026-04-17,4722,12000,Dealer_self,35000
2026-04-17,4722,22289,Dealer_Hedging,3923
2026-04-20,4722,720000,Foreign_Investor,646000
2026-04-20,4722,0,Foreign_Dealer_Self,0
2026-04-20,4722,0,Investment_Trust,116000
2026-04-20,4722,29059,Dealer_self,10000
2026-04-20,4722,42255,Dealer_Hedging,21246
2026-04-21,4722,2085100,Foreign_Investor,1419000
2026-04-21,4722,0,Foreign_Dealer_Self,0
2026-04-21,4722,0,Investment_Trust,56000
2026-04-21,4722,8000,Dealer_self,45059
2026-04-21,4722,75506,Dealer_Hedging,57311
2026-04-22,4722,1186065,Foreign_Investor,2294000
2026-04-22,4722,0,Foreign_Dealer_Self,0
2026-04-22,4722,0,Investment_Trust,51000
2026-04-22,4722,54000,Dealer_self,35000
2026-04-22,4722,134863,Dealer_Hedging,67883
2026-04-23,4722,1824171,Foreign_Investor,1240000
2026-04-23,4722,0,Foreign_Dealer_Self,0
2026-04-23,4722,0,Investment_Trust,48000
2026-04-23,4722,2000,Dealer_self,20000
2026-04-23,4722,75378,Dealer_Hedging,96324
2026-04-24,4722,531600,Foreign_Investor,771004
2026-04-24,4722,0,Foreign_Dealer_Self,0
2026-04-24,4722,0,Investment_Trust,41000
2026-04-24,4722,2000,Dealer_self,21187
2026-04-24,4722,13925,Dealer_Hedging,61578
2026-04-27,4722,350100,Foreign_Investor,429003
2026-04-27,4722,0,Foreign_Dealer_Self,0
2026-04-27,4722,0,Investment_Trust,0
2026-04-27,4722,0,Dealer_self,0
2026-04-27,4722,39426,Dealer_Hedging,19546
2026-04-28,4722,278010,Foreign_Investor,224000
2026-04-28,4722,0,Foreign_Dealer_Self,0
2026-04-28,4722,0,Investment_Trust,0
2026-04-28,4722,1000,Dealer_self,11400
2026-04-28,4722,31975,Dealer_Hedging,29443
2026-04-29,4722,333600,Foreign_Investor,422000
2026-04-29,4722,0,Foreign_Dealer_Self,0
2026-04-29,4722,0,Investment_Trust,0
2026-04-29,4722,5000,Dealer_self,6000
2026-04-29,4722,156296,Dealer_Hedging,52089
2026-04-30,4722,315000,Foreign_Investor,518000
2026-04-30,4722,0,Foreign_Dealer_Self,0
2026-04-30,4722,0,Investment_Trust,0
2026-04-30,4722,0,Dealer_self,0
2026-04-30,4722,26138,Dealer_Hedging,88846
2026-05-04,4722,312100,Foreign_Investor,338500
2026-05-04,4722,0,Foreign_Dealer_Self,0
2026-05-04,4722,0,Investment_Trust,0
2026-05-04,4722,0,Dealer_self,16000
2026-05-04,4722,66101,Dealer_Hedging,14883
2026-05-05,4722,310127,Foreign_Investor,246800
2026-05-05,4722,0,Foreign_Dealer_Self,0
2026-05-05,4722,0,Investment_Trust,0
2026-05-05,4722,0,Dealer_self,6085
2026-05-05,4722,84089,Dealer_Hedging,9587
2026-05-06,4722,1285125,Foreign_Investor,1538300
2026-05-06,4722,0,Foreign_Dealer_Self,0
2026-05-06,4722,0,Investment_Trust,0
2026-05-06,4722,14535,Dealer_self,12000
2026-05-06,4722,373403,Dealer_Hedging,200902
2026-05-07,4722,1784000,Foreign_Investor,1297108
2026-05-07,4722,0,Foreign_Dealer_Self,0
2026-05-07,4722,0,Investment_Trust,0
2026-05-07,4722,3000,Dealer_self,1313
2026-05-07,4722,223198,Dealer_Hedging,158517
2026-05-08,4722,2800732,Foreign_Investor,2308400
2026-05-08,4722,0,Foreign_Dealer_Self,0
2026-05-08,4722,0,Investment_Trust,0
2026-05-08,4722,15494,Dealer_self,1000
2026-05-08,4722,152421,Dealer_Hedging,278774
2026-05-11,4722,2354800,Foreign_Investor,2463035
2026-05-11,4722,0,Foreign_Dealer_Self,0
2026-05-11,4722,0,Investment_Trust,0
2026-05-11,4722,63000,Dealer_self,15410
2026-05-11,4722,50867,Dealer_Hedging,245310
2026-05-12,4722,2107619,Foreign_Investor,1373950
2026-05-12,4722,0,Foreign_Dealer_Self,0
2026-05-12,4722,0,Investment_Trust,0
2026-05-12,4722,26516,Dealer_self,32000
2026-05-12,4722,128178,Dealer_Hedging,54096
2026-05-13,4722,2909599,Foreign_Investor,2987136
2026-05-13,4722,0,Foreign_Dealer_Self,0
2026-05-13,4722,0,Investment_Trust,0
2026-05-13,4722,10000,Dealer_self,28516
2026-05-13,4722,73481,Dealer_Hedging,122224
2026-05-14,4722,1627228,Foreign_Investor,1233857
2026-05-14,4722,0,Foreign_Dealer_Self,0
2026-05-14,4722,0,Investment_Trust,1000
2026-05-14,4722,0,Dealer_self,5000
2026-05-14,4722,65575,Dealer_Hedging,35859
2026-05-15,4722,2006000,Foreign_Investor,1515002
2026-05-15,4722,0,Foreign_Dealer_Self,0
2026-05-15,4722,0,Investment_Trust,0
2026-05-15,4722,1000,Dealer_self,30000
2026-05-15,4722,54738,Dealer_Hedging,62507
2026-05-18,4722,1615783,Foreign_Investor,2322248
2026-05-18,4722,0,Foreign_Dealer_Self,0
2026-05-18,4722,0,Investment_Trust,0
2026-05-18,4722,19000,Dealer_self,27057
2026-05-18,4722,89952,Dealer_Hedging,124484
2026-05-19,4722,1238333,Foreign_Investor,1178086
2026-05-19,4722,0,Foreign_Dealer_Self,0
2026-05-19,4722,0,Investment_Trust,0
2026-05-19,4722,0,Dealer_self,43004
2026-05-19,4722,55287,Dealer_Hedging,68479
2026-05-20,4722,1252659,Foreign_Investor,1328090
2026-05-20,4722,0,Foreign_Dealer_Self,0
2026-05-20,4722,0,Investment_Trust,0
2026-05-20,4722,21000,Dealer_self,4000
2026-05-20,4722,97679,Dealer_Hedging,77452
2026-05-21,4722,662600,Foreign_Investor,426100
2026-05-21,4722,0,Foreign_Dealer_Self,0
2026-05-21,4722,0,Investment_Trust,0
2026-05-21,4722,54612,Dealer_self,3489
2026-05-21,4722,92440,Dealer_Hedging,11829
2026-05-22,4722,2283897,Foreign_Investor,1178821
2026-05-22,4722,0,Foreign_Dealer_Self,0
2026-05-22,4722,0,Investment_Trust,0
2026-05-22,4722,45812,Dealer_self,87000
2026-05-22,4722,86961,Dealer_Hedging,64403
2026-05-25,4722,913640,Foreign_Investor,1607185
2026-05-25,4722,0,Foreign_Dealer_Self,0
2026-05-25,4722,0,Investment_Trust,0
2026-05-25,4722,54000,Dealer_self,80836
2026-05-25,4722,319493,Dealer_Hedging,59086
2026-05-26,4722,181000,Foreign_Investor,251586
2026-05-26,4722,0,Foreign_Dealer_Self,0
2026-05-26,4722,0,Investment_Trust,0
2026-05-26,4722,20000,Dealer_self,19119
2026-05-26,4722,71000,Dealer_Hedging,38408
2026-05-27,4722,177100,Foreign_Investor,188001
2026-05-27,4722,0,Foreign_Dealer_Self,0
2026-05-27,4722,0,Investment_Trust,0
2026-05-27,4722,12000,Dealer_self,28638
2026-05-27,4722,3000,Dealer_Hedging,3814
2026-05-28,4722,135000,Foreign_Investor,158000
2026-05-28,4722,0,Foreign_Dealer_Self,0
2026-05-28,4722,0,Investment_Trust,0
2026-05-28,4722,9000,Dealer_self,40735
2026-05-28,4722,55000,Dealer_Hedging,5283
2026-05-29,4722,55005,Foreign_Investor,82000
2026-05-29,4722,0,Foreign_Dealer_Self,0
2026-05-29,4722,0,Investment_Trust,0
2026-05-29,4722,13000,Dealer_self,26047
2026-05-29,4722,39873,Dealer_Hedging,8312
2026-06-01,4722,104000,Foreign_Investor,122001
2026-06-01,4722,0,Foreign_Dealer_Self,0
2026-06-01,4722,0,Investment_Trust,0
2026-06-01,4722,20092,Dealer_self,46000
2026-06-01,4722,38236,Dealer_Hedging,33850
2026-06-02,4722,42477,Foreign_Investor,48000
2026-06-02,4722,0,Foreign_Dealer_Self,0
2026-06-02,4722,0,Investment_Trust,0
2026-06-02,4722,16000,Dealer_self,4000
2026-06-02,4722,0,Dealer_Hedging,2494
2026-06-03,4722,67708,Foreign_Investor,50000
2026-06-03,4722,0,Foreign_Dealer_Self,0
2026-06-03,4722,0,Investment_Trust,0
2026-06-03,4722,10000,Dealer_self,14000
2026-06-03,4722,0,Dealer_Hedging,16805
2026-06-04,4722,69012,Foreign_Investor,41000
2026-06-04,4722,0,Foreign_Dealer_Self,0
2026-06-04,4722,0,Investment_Trust,0
2026-06-04,4722,11000,Dealer_self,0
2026-06-04,4722,0,Dealer_Hedging,10509
2026-06-05,4722,45140,Foreign_Investor,56000
2026-06-05,4722,0,Foreign_Dealer_Self,0
2026-06-05,4722,0,Investment_Trust,0
2026-06-05,4722,10230,Dealer_self,3369
2026-06-05,4722,4000,Dealer_Hedging,21743
2026-06-08,4722,4046,Foreign_Investor,0
2026-06-08,4722,0,Foreign_Dealer_Self,0
2026-06-08,4722,0,Investment_Trust,0
2026-06-08,4722,0,Dealer_self,4000
2026-06-08,4722,0,Dealer_Hedging,27421
2026-06-09,4722,959000,Foreign_Investor,1201479
2026-06-09,4722,0,Foreign_Dealer_Self,0
2026-06-09,4722,108000,Investment_Trust,0
2026-06-09,4722,16000,Dealer_self,35482
2026-06-09,4722,3118,Dealer_Hedging,75306
2026-06-10,4722,0,Foreign_Dealer_Self,0
2026-06-10,4722,662485,Foreign_Investor,814010
2026-06-10,4722,70000,Investment_Trust,0
2026-06-10,4722,10000,Dealer_self,7542
2026-06-10,4722,4555,Dealer_Hedging,76857
2026-06-11,4722,1300864,Foreign_Investor,747000
2026-06-11,4722,0,Foreign_Dealer_Self,0
2026-06-11,4722,6000,Investment_Trust,0
2026-06-11,4722,32000,Dealer_self,128000
2026-06-11,4722,11690,Dealer_Hedging,91599
2026-06-12,4722,0,Foreign_Dealer_Self,0
2026-06-12,4722,301030,Foreign_Investor,655270
2026-06-12,4722,0,Investment_Trust,1000
2026-06-12,4722,3715,Dealer_self,32116
2026-06-12,4722,99178,Dealer_Hedging,10597
2026-06-15,4722,716090,Foreign_Investor,941295
2026-06-15,4722,0,Foreign_Dealer_Self,0
2026-06-15,4722,0,Investment_Trust,0
2026-06-15,4722,37014,Dealer_self,6715
2026-06-15,4722,121742,Dealer_Hedging,62162
2026-06-16,4722,693168,Foreign_Investor,1364408
2026-06-16,4722,0,Foreign_Dealer_Self,0
2026-06-16,4722,1080000,Investment_Trust,0
2026-06-16,4722,6000,Dealer_self,28014
2026-06-16,4722,20017,Dealer_Hedging,26472
2026-06-17,4722,0,Foreign_Dealer_Self,0
2026-06-17,4722,680168,Foreign_Investor,1010666
2026-06-17,4722,862000,Investment_Trust,3000
2026-06-17,4722,29879,Dealer_self,8423
2026-06-17,4722,46102,Dealer_Hedging,13369
2026-06-18,4722,0,Foreign_Dealer_Self,0
2026-06-18,4722,1185403,Foreign_Investor,1678000
2026-06-18,4722,1007000,Investment_Trust,0
2026-06-18,4722,43380,Dealer_self,48879
2026-06-18,4722,40248,Dealer_Hedging,31596
2026-06-19,4722,0,Foreign_Dealer_Self,0
2026-06-19,4722,9000,Foreign_Investor,3000
2026-06-19,4722,0,Investment_Trust,0
2026-06-19,4722,0,Dealer_self,0
2026-06-19,4722,0,Dealer_Hedging,0
2026-06-22,4722,846599,Foreign_Investor,834120
2026-06-22,4722,0,Foreign_Dealer_Self,0
2026-06-22,4722,0,Investment_Trust,0
2026-06-22,4722,14054,Dealer_self,21000
2026-06-22,4722,42904,Dealer_Hedging,67985
2026-06-23,4722,822093,Foreign_Investor,505000
2026-06-23,4722,0,Foreign_Dealer_Self,0
2026-06-23,4722,0,Investment_Trust,181000
2026-06-23,4722,4000,Dealer_self,3434
2026-06-23,4722,3096,Dealer_Hedging,37784
2026-06-24,4722,1728054,Foreign_Investor,546935
2026-06-24,4722,0,Foreign_Dealer_Self,0
2026-06-24,4722,539000,Investment_Trust,0
2026-06-24,4722,46578,Dealer_self,9000
2026-06-24,4722,41782,Dealer_Hedging,17416
2026-06-25,4722,0,Foreign_Dealer_Self,0
2026-06-25,4722,469213,Foreign_Investor,719000
2026-06-25,4722,0,Investment_Trust,0
2026-06-25,4722,9000,Dealer_self,47578
2026-06-25,4722,3046,Dealer_Hedging,32652
2026-06-26,4722,0,Foreign_Dealer_Self,0
2026-06-26,4722,614870,Foreign_Investor,753000
2026-06-26,4722,976000,Investment_Trust,0
2026-06-26,4722,0,Dealer_self,1000
2026-06-26,4722,7401,Dealer_Hedging,22088
2026-06-29,4722,957922,Foreign_Investor,1080124
2026-06-29,4722,0,Foreign_Dealer_Self,0
2026-06-29,4722,907000,Investment_Trust,0
2026-06-29,4722,14000,Dealer_self,2000
2026-06-29,4722,28068,Dealer_Hedging,3908
