date,stock_id,buy,name,sell
2024-06-03,4967,3796004,Foreign_Investor,2858100
2024-06-03,4967,0,Foreign_Dealer_Self,0
2024-06-03,4967,0,Investment_Trust,0
2024-06-03,4967,33000,Dealer_self,2000
2024-06-03,4967,0,Dealer_Hedging,0
2024-06-04,4967,8655010,Foreign_Investor,9218000
2024-06-04,4967,0,Foreign_Dealer_Self,0
2024-06-04,4967,0,Investment_Trust,0
2024-06-04,4967,61885,Dealer_self,91758
2024-06-04,4967,37000,Dealer_Hedging,0
2024-06-05,4967,5296000,Foreign_Investor,6019000
2024-06-05,4967,0,Foreign_Dealer_Self,0
2024-06-05,4967,0,Investment_Trust,0
2024-06-05,4967,24133,Dealer_self,39794
2024-06-05,4967,0,Dealer_Hedging,0
2024-06-06,4967,3720000,Foreign_Investor,5828001
2024-06-06,4967,0,Foreign_Dealer_Self,0
2024-06-06,4967,0,Investment_Trust,0
2024-06-06,4967,15322,Dealer_self,16027
2024-06-06,4967,0,Dealer_Hedging,0
2024-06-07,4967,6370000,Foreign_Investor,1574002
2024-06-07,4967,0,Foreign_Dealer_Self,0
2024-06-07,4967,0,Investment_Trust,0
2024-06-07,4967,38109,Dealer_self,35000
2024-06-07,4967,0,Dealer_Hedging,0
2024-06-11,4967,6029000,Foreign_Investor,9090000
2024-06-11,4967,0,Foreign_Dealer_Self,0
2024-06-11,4967,0,Investment_Trust,0
2024-06-11,4967,40069,Dealer_self,41640
2024-06-11,4967,89000,Dealer_Hedging,6000
2024-06-12,4967,8506080,Foreign_Investor,5579000
2024-06-12,4967,0,Foreign_Dealer_Self,0
2024-06-12,4967,0,Investment_Trust,0
2024-06-12,4967,104856,Dealer_self,21465
2024-06-12,4967,0,Dealer_Hedging,11000
2024-06-13,4967,14216000,Foreign_Investor,13874000
2024-06-13,4967,0,Foreign_Dealer_Self,0
2024-06-13,4967,0,Investment_Trust,0
2024-06-13,4967,118000,Dealer_self,159181
2024-06-13,4967,25000,Dealer_Hedging,73000
2024-06-14,4967,8491200,Foreign_Investor,6677000
2024-06-14,4967,0,Foreign_Dealer_Self,0
2024-06-14,4967,0,Investment_Trust,0
2024-06-14,4967,109021,Dealer_self,86785
2024-06-14,4967,0,Dealer_Hedging,8000
2024-06-17,4967,147010,Foreign_Investor,619275
2024-06-17,4967,0,Foreign_Dealer_Self,0
2024-06-17,4967,0,Investment_Trust,0
2024-06-17,4967,0,Dealer_self,50000
2024-06-17,4967,0,Dealer_Hedging,22000
2024-06-18,4967,4682342,Foreign_Investor,5031130
2024-06-18,4967,0,Foreign_Dealer_Self,0
2024-06-18,4967,0,Investment_Trust,0
2024-06-18,4967,278311,Dealer_self,120236
2024-06-18,4967,14000,Dealer_Hedging,36000
2024-06-19,4967,4851030,Foreign_Investor,5374012
2024-06-19,4967,0,Foreign_Dealer_Self,0
2024-06-19,4967,0,Investment_Trust,0
2024-06-19,4967,188030,Dealer_self,52219
2024-06-19,4967,0,Dealer_Hedging,0
2024-06-20,4967,4639066,Foreign_Investor,6434000
2024-06-20,4967,0,Foreign_Dealer_Self,0
2024-06-20,4967,0,Investment_Trust,0
2024-06-20,4967,25000,Dealer_self,18509
2024-06-20,4967,0,Dealer_Hedging,0
2024-06-21,4967,2400531,Foreign_Investor,1484012
2024-06-21,4967,0,Foreign_Dealer_Self,0
2024-06-21,4967,0,Investment_Trust,0
2024-06-21,4967,10000,Dealer_self,14827
2024-06-21,4967,0,Dealer_Hedging,0
2024-06-24,4967,1720520,Foreign_Investor,4429066
2024-06-24,4967,0,Foreign_Dealer_Self,0
2024-06-24,4967,0,Investment_Trust,0
2024-06-24,4967,23241,Dealer_self,28801
2024-06-24,4967,527000,Dealer_Hedging,0
2024-06-25,4967,2046100,Foreign_Investor,1597000
2024-06-25,4967,0,Foreign_Dealer_Self,0
2024-06-25,4967,0,Investment_Trust,0
2024-06-25,4967,15000,Dealer_self,5699
2024-06-25,4967,115568,Dealer_Hedging,329629
2024-06-26,4967,947000,Foreign_Investor,1409008
2024-06-26,4967,0,Foreign_Dealer_Self,0
2024-06-26,4967,0,Investment_Trust,0
2024-06-26,4967,12512,Dealer_self,24582
2024-06-26,4967,41000,Dealer_Hedging,0
2024-06-27,4967,1373200,Foreign_Investor,861000
2024-06-27,4967,0,Foreign_Dealer_Self,0
2024-06-27,4967,0,Investment_Trust,0
2024-06-27,4967,5000,Dealer_self,19250
2024-06-27,4967,0,Dealer_Hedging,0
2024-06-28,4967,2135020,Foreign_Investor,2508000
2024-06-28,4967,0,Foreign_Dealer_Self,0
2024-06-28,4967,0,Investment_Trust,0
2024-06-28,4967,27409,Dealer_self,33763
2024-06-28,4967,0,Dealer_Hedging,0
2024-07-01,4967,842000,Foreign_Investor,1978210
2024-07-01,4967,0,Foreign_Dealer_Self,0
2024-07-01,4967,0,Investment_Trust,0
2024-07-01,4967,18000,Dealer_self,57452
2024-07-01,4967,0,Dealer_Hedging,20000
2024-07-02,4967,1952000,Foreign_Investor,1202020
2024-07-02,4967,0,Foreign_Dealer_Self,0
2024-07-02,4967,0,Investment_Trust,0
2024-07-02,4967,13738,Dealer_self,23987
2024-07-02,4967,0,Dealer_Hedging,0
2024-07-03,4967,1689006,Foreign_Investor,1077000
2024-07-03,4967,0,Foreign_Dealer_Self,0
2024-07-03,4967,0,Investment_Trust,0
2024-07-03,4967,6193,Dealer_self,7445
2024-07-03,4967,0,Dealer_Hedging,0
2024-07-04,4967,1247000,Foreign_Investor,1489011
2024-07-04,4967,0,Foreign_Dealer_Self,0
2024-07-04,4967,0,Investment_Trust,0
2024-07-04,4967,15000,Dealer_self,94258
2024-07-04,4967,0,Dealer_Hedging,0
2024-07-05,4967,4338033,Foreign_Investor,6087000
2024-07-05,4967,0,Foreign_Dealer_Self,0
2024-07-05,4967,0,Investment_Trust,0
2024-07-05,4967,35000,Dealer_self,65366
2024-07-05,4967,53550,Dealer_Hedging,0
2024-07-08,4967,1386000,Foreign_Investor,2004000
2024-07-08,4967,0,Foreign_Dealer_Self,0
2024-07-08,4967,0,Investment_Trust,0
2024-07-08,4967,7000,Dealer_self,13275
2024-07-08,4967,35050,Dealer_Hedging,1000
2024-07-09,4967,1821510,Foreign_Investor,2000033
2024-07-09,4967,0,Foreign_Dealer_Self,0
2024-07-09,4967,0,Investment_Trust,0
2024-07-09,4967,2000,Dealer_self,26963
2024-07-09,4967,32555,Dealer_Hedging,3000
2024-07-10,4967,927000,Foreign_Investor,952006
2024-07-10,4967,0,Foreign_Dealer_Self,0
2024-07-10,4967,0,Investment_Trust,0
2024-07-10,4967,0,Dealer_self,4000
2024-07-10,4967,39426,Dealer_Hedging,1000
2024-07-11,4967,659500,Foreign_Investor,1302100
2024-07-11,4967,0,Foreign_Dealer_Self,0
2024-07-11,4967,0,Investment_Trust,0
2024-07-11,4967,8000,Dealer_self,6373
2024-07-11,4967,38000,Dealer_Hedging,22070
2024-07-12,4967,942000,Foreign_Investor,629382
2024-07-12,4967,0,Foreign_Dealer_Self,0
2024-07-12,4967,0,Investment_Trust,0
2024-07-12,4967,0,Dealer_self,7435
2024-07-12,4967,7000,Dealer_Hedging,0
2024-07-15,4967,578000,Foreign_Investor,591000
2024-07-15,4967,0,Foreign_Dealer_Self,0
2024-07-15,4967,0,Investment_Trust,0
2024-07-15,4967,0,Dealer_self,13267
2024-07-15,4967,21000,Dealer_Hedging,3405
2024-07-16,4967,1045000,Foreign_Investor,762000
2024-07-16,4967,0,Foreign_Dealer_Self,0
2024-07-16,4967,91000,Investment_Trust,0
2024-07-16,4967,0,Dealer_self,10000
2024-07-16,4967,59194,Dealer_Hedging,6000
2024-07-17,4967,1551000,Foreign_Investor,1708000
2024-07-17,4967,0,Foreign_Dealer_Self,0
2024-07-17,4967,90000,Investment_Trust,0
2024-07-17,4967,10000,Dealer_self,20000
2024-07-17,4967,34770,Dealer_Hedging,23450
2024-07-18,4967,958000,Foreign_Investor,1439000
2024-07-18,4967,0,Foreign_Dealer_Self,0
2024-07-18,4967,90000,Investment_Trust,0
2024-07-18,4967,3000,Dealer_self,8020
2024-07-18,4967,42000,Dealer_Hedging,64815
2024-07-19,4967,1616000,Foreign_Investor,1067000
2024-07-19,4967,0,Foreign_Dealer_Self,0
2024-07-19,4967,65000,Investment_Trust,0
2024-07-19,4967,24000,Dealer_self,35630
2024-07-19,4967,3000,Dealer_Hedging,68142
2024-07-22,4967,3221000,Foreign_Investor,2042530
2024-07-22,4967,0,Foreign_Dealer_Self,0
2024-07-22,4967,88000,Investment_Trust,0
2024-07-22,4967,9000,Dealer_self,6718
2024-07-22,4967,91000,Dealer_Hedging,26920
2024-07-23,4967,1206000,Foreign_Investor,2601000
2024-07-23,4967,0,Foreign_Dealer_Self,0
2024-07-23,4967,0,Investment_Trust,0
2024-07-23,4967,29000,Dealer_self,26032
2024-07-23,4967,10914,Dealer_Hedging,103460
2024-07-26,4967,2739000,Foreign_Investor,1887020
2024-07-26,4967,0,Foreign_Dealer_Self,0
2024-07-26,4967,5000,Investment_Trust,0
2024-07-26,4967,16255,Dealer_self,10611
2024-07-26,4967,178241,Dealer_Hedging,9000
2024-07-29,4967,1658000,Foreign_Investor,2265020
2024-07-29,4967,0,Foreign_Dealer_Self,0
2024-07-29,4967,0,Investment_Trust,0
2024-07-29,4967,13317,Dealer_self,12057
2024-07-29,4967,161000,Dealer_Hedging,176367
2024-07-30,4967,1697000,Foreign_Investor,1146000
2024-07-30,4967,0,Foreign_Dealer_Self,0
2024-07-30,4967,4000,Investment_Trust,0
2024-07-30,4967,4381,Dealer_self,28112
2024-07-30,4967,169131,Dealer_Hedging,135000
2024-07-31,4967,1501568,Foreign_Investor,1450000
2024-07-31,4967,0,Foreign_Dealer_Self,0
2024-07-31,4967,0,Investment_Trust,0
2024-07-31,4967,18000,Dealer_self,22051
2024-07-31,4967,53939,Dealer_Hedging,42732
2024-08-01,4967,612423,Foreign_Investor,1267000
2024-08-01,4967,0,Foreign_Dealer_Self,0
2024-08-01,4967,0,Investment_Trust,0
2024-08-01,4967,20000,Dealer_self,11818
2024-08-01,4967,4000,Dealer_Hedging,84193
2024-08-02,4967,3666000,Foreign_Investor,2081082
2024-08-02,4967,0,Foreign_Dealer_Self,0
2024-08-02,4967,2000,Investment_Trust,0
2024-08-02,4967,5000,Dealer_self,9410
2024-08-02,4967,203836,Dealer_Hedging,70735
2024-08-05,4967,3734000,Foreign_Investor,2503607
2024-08-05,4967,0,Foreign_Dealer_Self,0
2024-08-05,4967,13000,Investment_Trust,0
2024-08-05,4967,1000,Dealer_self,13849
2024-08-05,4967,600040,Dealer_Hedging,21000
2024-08-06,4967,2690002,Foreign_Investor,3574950
2024-08-06,4967,0,Foreign_Dealer_Self,0
2024-08-06,4967,3000,Investment_Trust,0
2024-08-06,4967,5440,Dealer_self,16921
2024-08-06,4967,319063,Dealer_Hedging,9600
2024-08-07,4967,1936000,Foreign_Investor,3222000
2024-08-07,4967,0,Foreign_Dealer_Self,0
2024-08-07,4967,0,Investment_Trust,0
2024-08-07,4967,25000,Dealer_self,23396
2024-08-07,4967,97023,Dealer_Hedging,6643
2024-08-08,4967,1388000,Foreign_Investor,1126000
2024-08-08,4967,0,Foreign_Dealer_Self,0
2024-08-08,4967,0,Investment_Trust,0
2024-08-08,4967,0,Dealer_self,1000
2024-08-08,4967,17000,Dealer_Hedging,22137
2024-08-09,4967,2242000,Foreign_Investor,1445000
2024-08-09,4967,0,Foreign_Dealer_Self,0
2024-08-09,4967,0,Investment_Trust,0
2024-08-09,4967,4000,Dealer_self,4984
2024-08-09,4967,48000,Dealer_Hedging,10616
2024-08-12,4967,850028,Foreign_Investor,1674000
2024-08-12,4967,0,Foreign_Dealer_Self,0
2024-08-12,4967,0,Investment_Trust,0
2024-08-12,4967,3000,Dealer_self,3475
2024-08-12,4967,1000,Dealer_Hedging,21871
2024-08-13,4967,1459000,Foreign_Investor,865000
2024-08-13,4967,0,Foreign_Dealer_Self,0
2024-08-13,4967,0,Investment_Trust,0
2024-08-13,4967,0,Dealer_self,245
2024-08-13,4967,99000,Dealer_Hedging,5028
2024-08-14,4967,930000,Foreign_Investor,1917000
2024-08-14,4967,0,Foreign_Dealer_Self,0
2024-08-14,4967,0,Investment_Trust,0
2024-08-14,4967,6000,Dealer_self,5710
2024-08-14,4967,15000,Dealer_Hedging,48192
2024-08-15,4967,1051000,Foreign_Investor,577000
2024-08-15,4967,0,Foreign_Dealer_Self,0
2024-08-15,4967,0,Investment_Trust,0
2024-08-15,4967,5000,Dealer_self,0
2024-08-15,4967,2000,Dealer_Hedging,6002
2024-08-16,4967,1063000,Foreign_Investor,493000
2024-08-16,4967,0,Foreign_Dealer_Self,0
2024-08-16,4967,1000,Investment_Trust,0
2024-08-16,4967,8000,Dealer_self,257
2024-08-16,4967,0,Dealer_Hedging,8000
2024-08-19,4967,835000,Foreign_Investor,348000
2024-08-19,4967,0,Foreign_Dealer_Self,0
2024-08-19,4967,3000,Investment_Trust,0
2024-08-19,4967,3000,Dealer_self,2928
2024-08-19,4967,26179,Dealer_Hedging,1105
2024-08-20,4967,430000,Foreign_Investor,575000
2024-08-20,4967,0,Foreign_Dealer_Self,0
2024-08-20,4967,0,Investment_Trust,0
2024-08-20,4967,2000,Dealer_self,2196
2024-08-20,4967,11000,Dealer_Hedging,11936
2024-08-21,4967,259000,Foreign_Investor,423000
2024-08-21,4967,0,Foreign_Dealer_Self,0
2024-08-21,4967,0,Investment_Trust,0
2024-08-21,4967,2000,Dealer_self,3096
2024-08-21,4967,4000,Dealer_Hedging,7184
2024-08-22,4967,336000,Foreign_Investor,376000
2024-08-22,4967,0,Foreign_Dealer_Self,0
2024-08-22,4967,0,Investment_Trust,0
2024-08-22,4967,2000,Dealer_self,13111
2024-08-22,4967,6000,Dealer_Hedging,26473
2024-08-23,4967,630000,Foreign_Investor,318000
2024-08-23,4967,0,Foreign_Dealer_Self,0
2024-08-23,4967,0,Investment_Trust,0
2024-08-23,4967,0,Dealer_self,0
2024-08-23,4967,3000,Dealer_Hedging,23507
2024-08-26,4967,2394100,Foreign_Investor,2899000
2024-08-26,4967,0,Foreign_Dealer_Self,0
2024-08-26,4967,0,Investment_Trust,0
2024-08-26,4967,20000,Dealer_self,4993
2024-08-26,4967,90530,Dealer_Hedging,8785
2024-08-27,4967,3110000,Foreign_Investor,6166000
2024-08-27,4967,0,Foreign_Dealer_Self,0
2024-08-27,4967,0,Investment_Trust,0
2024-08-27,4967,64000,Dealer_self,14624
2024-08-27,4967,43000,Dealer_Hedging,69436
2024-08-28,4967,419000,Foreign_Investor,879000
2024-08-28,4967,0,Foreign_Dealer_Self,0
2024-08-28,4967,0,Investment_Trust,0
2024-08-28,4967,4000,Dealer_self,53996
2024-08-28,4967,4000,Dealer_Hedging,25613
2024-08-29,4967,768000,Foreign_Investor,365000
2024-08-29,4967,0,Foreign_Dealer_Self,0
2024-08-29,4967,0,Investment_Trust,0
2024-08-29,4967,0,Dealer_self,2000
2024-08-29,4967,22000,Dealer_Hedging,3000
2024-08-30,4967,218000,Foreign_Investor,1005000
2024-08-30,4967,0,Foreign_Dealer_Self,0
2024-08-30,4967,0,Investment_Trust,0
2024-08-30,4967,7000,Dealer_self,7024
2024-08-30,4967,2000,Dealer_Hedging,23354
2024-09-02,4967,283000,Foreign_Investor,175000
2024-09-02,4967,0,Foreign_Dealer_Self,0
2024-09-02,4967,0,Investment_Trust,0
2024-09-02,4967,10000,Dealer_self,2596
2024-09-02,4967,8000,Dealer_Hedging,13602
2024-09-03,4967,349000,Foreign_Investor,309000
2024-09-03,4967,0,Foreign_Dealer_Self,0
2024-09-03,4967,0,Investment_Trust,0
2024-09-03,4967,0,Dealer_self,248
2024-09-03,4967,8000,Dealer_Hedging,2973
2024-09-04,4967,592000,Foreign_Investor,873000
2024-09-04,4967,0,Foreign_Dealer_Self,0
2024-09-04,4967,0,Investment_Trust,0
2024-09-04,4967,9000,Dealer_self,20874
2024-09-04,4967,8000,Dealer_Hedging,55086
2024-09-05,4967,642000,Foreign_Investor,359000
2024-09-05,4967,0,Foreign_Dealer_Self,0
2024-09-05,4967,0,Investment_Trust,0
2024-09-05,4967,4000,Dealer_self,9425
2024-09-05,4967,8000,Dealer_Hedging,47361
2024-09-06,4967,399000,Foreign_Investor,429000
2024-09-06,4967,0,Foreign_Dealer_Self,0
2024-09-06,4967,0,Investment_Trust,0
2024-09-06,4967,1000,Dealer_self,14636
2024-09-06,4967,0,Dealer_Hedging,11374
2024-09-09,4967,1200000,Foreign_Investor,519000
2024-09-09,4967,0,Foreign_Dealer_Self,0
2024-09-09,4967,2000,Investment_Trust,0
2024-09-09,4967,3000,Dealer_self,0
2024-09-09,4967,13752,Dealer_Hedging,21824
2024-09-10,4967,814000,Foreign_Investor,832000
2024-09-10,4967,0,Foreign_Dealer_Self,0
2024-09-10,4967,0,Investment_Trust,0
2024-09-10,4967,5000,Dealer_self,5663
2024-09-10,4967,4842,Dealer_Hedging,162694
2024-09-11,4967,673000,Foreign_Investor,471000
2024-09-11,4967,0,Foreign_Dealer_Self,0
2024-09-11,4967,2000,Investment_Trust,0
2024-09-11,4967,1000,Dealer_self,438
2024-09-11,4967,0,Dealer_Hedging,21334
2024-09-12,4967,441000,Foreign_Investor,118000
2024-09-12,4967,0,Foreign_Dealer_Self,0
2024-09-12,4967,0,Investment_Trust,0
2024-09-12,4967,0,Dealer_self,0
2024-09-12,4967,1000,Dealer_Hedging,3000
2024-09-13,4967,174000,Foreign_Investor,380000
2024-09-13,4967,0,Foreign_Dealer_Self,0
2024-09-13,4967,0,Investment_Trust,0
2024-09-13,4967,1000,Dealer_self,1344
2024-09-13,4967,2000,Dealer_Hedging,3179
2024-09-16,4967,439000,Foreign_Investor,322000
2024-09-16,4967,0,Foreign_Dealer_Self,0
2024-09-16,4967,0,Investment_Trust,0
2024-09-16,4967,0,Dealer_self,257
2024-09-16,4967,14000,Dealer_Hedging,834
2024-09-18,4967,167000,Foreign_Investor,294000
2024-09-18,4967,0,Foreign_Dealer_Self,0
2024-09-18,4967,0,Investment_Trust,0
2024-09-18,4967,2000,Dealer_self,2028
2024-09-18,4967,5000,Dealer_Hedging,4090
2024-09-19,4967,725000,Foreign_Investor,314000
2024-09-19,4967,0,Foreign_Dealer_Self,0
2024-09-19,4967,0,Investment_Trust,0
2024-09-19,4967,2000,Dealer_self,1600
2024-09-19,4967,8977,Dealer_Hedging,3387
2024-09-20,4967,716199,Foreign_Investor,999000
2024-09-20,4967,0,Foreign_Dealer_Self,0
2024-09-20,4967,0,Investment_Trust,0
2024-09-20,4967,3000,Dealer_self,119
2024-09-20,4967,1000,Dealer_Hedging,2998
2024-09-23,4967,889000,Foreign_Investor,544000
2024-09-23,4967,0,Foreign_Dealer_Self,0
2024-09-23,4967,2000,Investment_Trust,0
2024-09-23,4967,1000,Dealer_self,0
2024-09-23,4967,8886,Dealer_Hedging,2990
2024-09-24,4967,275000,Foreign_Investor,622199
2024-09-24,4967,0,Foreign_Dealer_Self,0
2024-09-24,4967,2000,Investment_Trust,0
2024-09-24,4967,3001,Dealer_self,1
2024-09-24,4967,58000,Dealer_Hedging,389
2024-09-25,4967,393000,Foreign_Investor,283000
2024-09-25,4967,0,Foreign_Dealer_Self,0
2024-09-25,4967,0,Investment_Trust,0
2024-09-25,4967,4000,Dealer_self,325
2024-09-25,4967,2000,Dealer_Hedging,1000
2024-09-26,4967,1447000,Foreign_Investor,1840000
2024-09-26,4967,0,Foreign_Dealer_Self,0
2024-09-26,4967,0,Investment_Trust,0
2024-09-26,4967,39999,Dealer_self,24000
2024-09-26,4967,15000,Dealer_Hedging,2840
2024-09-27,4967,243000,Foreign_Investor,839000
2024-09-27,4967,0,Foreign_Dealer_Self,0
2024-09-27,4967,0,Investment_Trust,0
2024-09-27,4967,0,Dealer_self,999
2024-09-27,4967,1000,Dealer_Hedging,14147
2024-09-30,4967,233000,Foreign_Investor,201000
2024-09-30,4967,0,Foreign_Dealer_Self,0
2024-09-30,4967,0,Investment_Trust,0
2024-09-30,4967,0,Dealer_self,10000
2024-09-30,4967,0,Dealer_Hedging,12220
2024-10-01,4967,244000,Foreign_Investor,249000
2024-10-01,4967,0,Foreign_Dealer_Self,0
2024-10-01,4967,0,Investment_Trust,0
2024-10-01,4967,0,Dealer_self,12000
2024-10-01,4967,5000,Dealer_Hedging,1000
2024-10-04,4967,126000,Foreign_Investor,195500
2024-10-04,4967,0,Foreign_Dealer_Self,0
2024-10-04,4967,1000,Investment_Trust,0
2024-10-04,4967,0,Dealer_self,2000
2024-10-04,4967,1000,Dealer_Hedging,5561
2024-10-07,4967,230000,Foreign_Investor,308000
2024-10-07,4967,0,Foreign_Dealer_Self,0
2024-10-07,4967,0,Investment_Trust,0
2024-10-07,4967,1000,Dealer_self,0
2024-10-07,4967,20000,Dealer_Hedging,3010
2024-10-08,4967,233000,Foreign_Investor,240000
2024-10-08,4967,0,Foreign_Dealer_Self,0
2024-10-08,4967,2000,Investment_Trust,0
2024-10-08,4967,0,Dealer_self,2000
2024-10-08,4967,7000,Dealer_Hedging,6000
2024-10-09,4967,71000,Foreign_Investor,189000
2024-10-09,4967,0,Foreign_Dealer_Self,0
2024-10-09,4967,0,Investment_Trust,0
2024-10-09,4967,0,Dealer_self,0
2024-10-09,4967,3000,Dealer_Hedging,33020
2024-10-11,4967,731000,Foreign_Investor,1243000
2024-10-11,4967,0,Foreign_Dealer_Self,0
2024-10-11,4967,4000,Investment_Trust,0
2024-10-11,4967,0,Dealer_self,0
2024-10-11,4967,6000,Dealer_Hedging,115232
2024-10-14,4967,1364000,Foreign_Investor,668000
2024-10-14,4967,0,Foreign_Dealer_Self,0
2024-10-14,4967,0,Investment_Trust,0
2024-10-14,4967,1000,Dealer_self,0
2024-10-14,4967,1000,Dealer_Hedging,1057
2024-10-15,4967,356050,Foreign_Investor,855000
2024-10-15,4967,0,Foreign_Dealer_Self,0
2024-10-15,4967,0,Investment_Trust,0
2024-10-15,4967,1000,Dealer_self,0
2024-10-15,4967,0,Dealer_Hedging,1000
2024-10-16,4967,262030,Foreign_Investor,221000
2024-10-16,4967,0,Foreign_Dealer_Self,0
2024-10-16,4967,0,Investment_Trust,12000
2024-10-16,4967,3000,Dealer_self,0
2024-10-16,4967,0,Dealer_Hedging,1226
2024-10-17,4967,236000,Foreign_Investor,242000
2024-10-17,4967,0,Foreign_Dealer_Self,0
2024-10-17,4967,0,Investment_Trust,0
2024-10-17,4967,1000,Dealer_self,0
2024-10-17,4967,1000,Dealer_Hedging,1003
2024-10-18,4967,137000,Foreign_Investor,502000
2024-10-18,4967,0,Foreign_Dealer_Self,0
2024-10-18,4967,0,Investment_Trust,4000
2024-10-18,4967,4000,Dealer_self,0
2024-10-18,4967,12000,Dealer_Hedging,2000
2024-10-21,4967,806364,Foreign_Investor,173000
2024-10-21,4967,0,Foreign_Dealer_Self,0
2024-10-21,4967,0,Investment_Trust,43000
2024-10-21,4967,2000,Dealer_self,1000
2024-10-21,4967,7000,Dealer_Hedging,0
2024-10-22,4967,375212,Foreign_Investor,281000
2024-10-22,4967,0,Foreign_Dealer_Self,0
2024-10-22,4967,0,Investment_Trust,104000
2024-10-22,4967,0,Dealer_self,0
2024-10-22,4967,2000,Dealer_Hedging,8000
2024-10-23,4967,74000,Foreign_Investor,381800
2024-10-23,4967,0,Foreign_Dealer_Self,0
2024-10-23,4967,0,Investment_Trust,103000
2024-10-23,4967,0,Dealer_self,5000
2024-10-23,4967,0,Dealer_Hedging,6000
2024-10-24,4967,231848,Foreign_Investor,264000
2024-10-24,4967,0,Foreign_Dealer_Self,0
2024-10-24,4967,0,Investment_Trust,102000
2024-10-24,4967,1000,Dealer_self,0
2024-10-24,4967,0,Dealer_Hedging,4020
2024-10-25,4967,152000,Foreign_Investor,122000
2024-10-25,4967,0,Foreign_Dealer_Self,0
2024-10-25,4967,0,Investment_Trust,102000
2024-10-25,4967,0,Dealer_self,0
2024-10-25,4967,0,Dealer_Hedging,1000
2024-10-28,4967,454400,Foreign_Investor,205000
2024-10-28,4967,0,Foreign_Dealer_Self,0
2024-10-28,4967,0,Investment_Trust,0
2024-10-28,4967,1000,Dealer_self,1
2024-10-28,4967,0,Dealer_Hedging,2590
2024-10-29,4967,156000,Foreign_Investor,312000
2024-10-29,4967,0,Foreign_Dealer_Self,0
2024-10-29,4967,0,Investment_Trust,0
2024-10-29,4967,0,Dealer_self,0
2024-10-29,4967,0,Dealer_Hedging,0
2024-10-30,4967,103000,Foreign_Investor,201000
2024-10-30,4967,0,Foreign_Dealer_Self,0
2024-10-30,4967,0,Investment_Trust,0
2024-10-30,4967,1000,Dealer_self,0
2024-10-30,4967,0,Dealer_Hedging,1530
2024-11-01,4967,464000,Foreign_Investor,210010
2024-11-01,4967,0,Foreign_Dealer_Self,0
2024-11-01,4967,0,Investment_Trust,0
2024-11-01,4967,0,Dealer_self,1000
2024-11-01,4967,2000,Dealer_Hedging,1000
2024-11-04,4967,272020,Foreign_Investor,573000
2024-11-04,4967,0,Foreign_Dealer_Self,0
2024-11-04,4967,0,Investment_Trust,0
2024-11-04,4967,0,Dealer_self,0
2024-11-04,4967,0,Dealer_Hedging,0
2024-11-05,4967,514020,Foreign_Investor,232000
2024-11-05,4967,0,Foreign_Dealer_Self,0
2024-11-05,4967,0,Investment_Trust,0
2024-11-05,4967,0,Dealer_self,0
2024-11-05,4967,0,Dealer_Hedging,2000
2024-11-06,4967,819020,Foreign_Investor,649000
2024-11-06,4967,0,Foreign_Dealer_Self,0
2024-11-06,4967,0,Investment_Trust,0
2024-11-06,4967,0,Dealer_self,0
2024-11-06,4967,1312,Dealer_Hedging,2000
2024-11-07,4967,328010,Foreign_Investor,325000
2024-11-07,4967,0,Foreign_Dealer_Self,0
2024-11-07,4967,0,Investment_Trust,0
2024-11-07,4967,1000,Dealer_self,0
2024-11-07,4967,0,Dealer_Hedging,1312
2024-11-08,4967,1480000,Foreign_Investor,2518010
2024-11-08,4967,0,Foreign_Dealer_Self,0
2024-11-08,4967,0,Investment_Trust,0
2024-11-08,4967,0,Dealer_self,1000
2024-11-08,4967,25980,Dealer_Hedging,0
2024-11-11,4967,1018000,Foreign_Investor,1650500
2024-11-11,4967,0,Foreign_Dealer_Self,0
2024-11-11,4967,0,Investment_Trust,0
2024-11-11,4967,0,Dealer_self,0
2024-11-11,4967,8000,Dealer_Hedging,14000
2024-11-12,4967,407000,Foreign_Investor,535000
2024-11-12,4967,0,Foreign_Dealer_Self,0
2024-11-12,4967,0,Investment_Trust,0
2024-11-12,4967,0,Dealer_self,1000
2024-11-12,4967,7000,Dealer_Hedging,1453
2024-11-13,4967,840000,Foreign_Investor,436000
2024-11-13,4967,0,Foreign_Dealer_Self,0
2024-11-13,4967,0,Investment_Trust,0
2024-11-13,4967,0,Dealer_self,3000
2024-11-13,4967,5820,Dealer_Hedging,5000
2024-11-14,4967,255000,Foreign_Investor,488000
2024-11-14,4967,0,Foreign_Dealer_Self,0
2024-11-14,4967,0,Investment_Trust,0
2024-11-14,4967,1000,Dealer_self,6000
2024-11-14,4967,4000,Dealer_Hedging,185
2024-11-15,4967,208000,Foreign_Investor,334010
2024-11-15,4967,0,Foreign_Dealer_Self,0
2024-11-15,4967,0,Investment_Trust,0
2024-11-15,4967,0,Dealer_self,2000
2024-11-15,4967,925,Dealer_Hedging,3000
2024-11-18,4967,132000,Foreign_Investor,335000
2024-11-18,4967,0,Foreign_Dealer_Self,0
2024-11-18,4967,0,Investment_Trust,0
2024-11-18,4967,1000,Dealer_self,0
2024-11-18,4967,5000,Dealer_Hedging,1375
2024-11-19,4967,204000,Foreign_Investor,195000
2024-11-19,4967,0,Foreign_Dealer_Self,0
2024-11-19,4967,0,Investment_Trust,0
2024-11-19,4967,2000,Dealer_self,0
2024-11-19,4967,1000,Dealer_Hedging,3000
2024-11-20,4967,118000,Foreign_Investor,299000
2024-11-20,4967,0,Foreign_Dealer_Self,0
2024-11-20,4967,0,Investment_Trust,0
2024-11-20,4967,3000,Dealer_self,0
2024-11-20,4967,3000,Dealer_Hedging,1525
2024-11-21,4967,277023,Foreign_Investor,214000
2024-11-21,4967,0,Foreign_Dealer_Self,0
2024-11-21,4967,0,Investment_Trust,0
2024-11-21,4967,1000,Dealer_self,0
2024-11-21,4967,1000,Dealer_Hedging,248
2024-11-22,4967,210010,Foreign_Investor,217000
2024-11-22,4967,0,Foreign_Dealer_Self,0
2024-11-22,4967,0,Investment_Trust,0
2024-11-22,4967,1000,Dealer_self,0
2024-11-22,4967,0,Dealer_Hedging,52
2024-11-25,4967,375000,Foreign_Investor,107000
2024-11-25,4967,0,Foreign_Dealer_Self,0
2024-11-25,4967,0,Investment_Trust,0
2024-11-25,4967,2000,Dealer_self,2000
2024-11-25,4967,0,Dealer_Hedging,4000
2024-11-26,4967,331000,Foreign_Investor,298700
2024-11-26,4967,0,Foreign_Dealer_Self,0
2024-11-26,4967,0,Investment_Trust,0
2024-11-26,4967,0,Dealer_self,1000
2024-11-26,4967,0,Dealer_Hedging,1000
2024-11-27,4967,118000,Foreign_Investor,488000
2024-11-27,4967,0,Foreign_Dealer_Self,0
2024-11-27,4967,0,Investment_Trust,0
2024-11-27,4967,0,Dealer_self,0
2024-11-27,4967,7000,Dealer_Hedging,4914
2024-11-28,4967,273000,Foreign_Investor,307000
2024-11-28,4967,0,Foreign_Dealer_Self,0
2024-11-28,4967,0,Investment_Trust,0
2024-11-28,4967,0,Dealer_self,0
2024-11-28,4967,5000,Dealer_Hedging,2373
2024-11-29,4967,91000,Foreign_Investor,173000
2024-11-29,4967,0,Foreign_Dealer_Self,0
2024-11-29,4967,0,Investment_Trust,0
2024-11-29,4967,1000,Dealer_self,1000
2024-11-29,4967,2000,Dealer_Hedging,1348
2024-12-02,4967,133000,Foreign_Investor,127000
2024-12-02,4967,0,Foreign_Dealer_Self,0
2024-12-02,4967,0,Investment_Trust,0
2024-12-02,4967,0,Dealer_self,0
2024-12-02,4967,0,Dealer_Hedging,3485
2024-12-03,4967,537010,Foreign_Investor,400000
2024-12-03,4967,0,Foreign_Dealer_Self,0
2024-12-03,4967,0,Investment_Trust,0
2024-12-03,4967,1000,Dealer_self,0
2024-12-03,4967,0,Dealer_Hedging,9000
2024-12-04,4967,497500,Foreign_Investor,235000
2024-12-04,4967,0,Foreign_Dealer_Self,0
2024-12-04,4967,0,Investment_Trust,0
2024-12-04,4967,5000,Dealer_self,2000
2024-12-04,4967,0,Dealer_Hedging,6000
2024-12-05,4967,105000,Foreign_Investor,227853
2024-12-05,4967,0,Foreign_Dealer_Self,0
2024-12-05,4967,0,Investment_Trust,0
2024-12-05,4967,0,Dealer_self,5000
2024-12-05,4967,4000,Dealer_Hedging,2000
2024-12-06,4967,121000,Foreign_Investor,133500
2024-12-06,4967,0,Foreign_Dealer_Self,0
2024-12-06,4967,0,Investment_Trust,0
2024-12-06,4967,0,Dealer_self,0
2024-12-06,4967,3000,Dealer_Hedging,0
2024-12-09,4967,168000,Foreign_Investor,205000
2024-12-09,4967,0,Foreign_Dealer_Self,0
2024-12-09,4967,0,Investment_Trust,0
2024-12-09,4967,0,Dealer_self,0
2024-12-09,4967,7000,Dealer_Hedging,1975
2024-12-10,4967,1162000,Foreign_Investor,1091000
2024-12-10,4967,0,Foreign_Dealer_Self,0
2024-12-10,4967,0,Investment_Trust,0
2024-12-10,4967,1000,Dealer_self,0
2024-12-10,4967,17000,Dealer_Hedging,10505
2024-12-11,4967,255011,Foreign_Investor,430000
2024-12-11,4967,0,Foreign_Dealer_Self,0
2024-12-11,4967,0,Investment_Trust,0
2024-12-11,4967,8000,Dealer_self,10000
2024-12-11,4967,1000,Dealer_Hedging,2000
2024-12-12,4967,244000,Foreign_Investor,188000
2024-12-12,4967,0,Foreign_Dealer_Self,0
2024-12-12,4967,0,Investment_Trust,0
2024-12-12,4967,8000,Dealer_self,8000
2024-12-12,4967,0,Dealer_Hedging,43000
2024-12-13,4967,407000,Foreign_Investor,197000
2024-12-13,4967,0,Foreign_Dealer_Self,0
2024-12-13,4967,0,Investment_Trust,0
2024-12-13,4967,0,Dealer_self,1000
2024-12-13,4967,22000,Dealer_Hedging,0
2024-12-16,4967,393000,Foreign_Investor,241000
2024-12-16,4967,0,Foreign_Dealer_Self,0
2024-12-16,4967,0,Investment_Trust,0
2024-12-16,4967,0,Dealer_self,904
2024-12-16,4967,5000,Dealer_Hedging,1000
2024-12-17,4967,712000,Foreign_Investor,210000
2024-12-17,4967,0,Foreign_Dealer_Self,0
2024-12-17,4967,0,Investment_Trust,0
2024-12-17,4967,2000,Dealer_self,3069
2024-12-17,4967,2301,Dealer_Hedging,0
2024-12-18,4967,544000,Foreign_Investor,381000
2024-12-18,4967,0,Foreign_Dealer_Self,0
2024-12-18,4967,0,Investment_Trust,0
2024-12-18,4967,0,Dealer_self,2000
2024-12-18,4967,0,Dealer_Hedging,1000
2024-12-19,4967,174000,Foreign_Investor,427000
2024-12-19,4967,0,Foreign_Dealer_Self,0
2024-12-19,4967,0,Investment_Trust,0
2024-12-19,4967,0,Dealer_self,0
2024-12-19,4967,1000,Dealer_Hedging,58
2024-12-20,4967,140000,Foreign_Investor,494000
2024-12-20,4967,0,Foreign_Dealer_Self,0
2024-12-20,4967,0,Investment_Trust,0
2024-12-20,4967,2000,Dealer_self,1001
2024-12-20,4967,8000,Dealer_Hedging,0
2024-12-23,4967,301000,Foreign_Investor,103000
2024-12-23,4967,0,Foreign_Dealer_Self,0
2024-12-23,4967,0,Investment_Trust,0
2024-12-23,4967,2000,Dealer_self,0
2024-12-23,4967,0,Dealer_Hedging,0
2024-12-24,4967,368000,Foreign_Investor,171000
2024-12-24,4967,0,Foreign_Dealer_Self,0
2024-12-24,4967,0,Investment_Trust,0
2024-12-24,4967,1000,Dealer_self,0
2024-12-24,4967,21000,Dealer_Hedging,5000
2024-12-25,4967,556000,Foreign_Investor,313000
2024-12-25,4967,0,Foreign_Dealer_Self,0
2024-12-25,4967,0,Investment_Trust,0
2024-12-25,4967,1000,Dealer_self,0
2024-12-25,4967,1000,Dealer_Hedging,0
2024-12-26,4967,110000,Foreign_Investor,287000
2024-12-26,4967,0,Foreign_Dealer_Self,0
2024-12-26,4967,0,Investment_Trust,0
2024-12-26,4967,0,Dealer_self,0
2024-12-26,4967,13000,Dealer_Hedging,3
2024-12-27,4967,175000,Foreign_Investor,151000
2024-12-27,4967,0,Foreign_Dealer_Self,0
2024-12-27,4967,0,Investment_Trust,0
2024-12-27,4967,0,Dealer_self,0
2024-12-27,4967,5000,Dealer_Hedging,0
2024-12-30,4967,246000,Foreign_Investor,227000
2024-12-30,4967,0,Foreign_Dealer_Self,0
2024-12-30,4967,0,Investment_Trust,0
2024-12-30,4967,1000,Dealer_self,191
2024-12-30,4967,1000,Dealer_Hedging,1551
2024-12-31,4967,169000,Foreign_Investor,146000
2024-12-31,4967,0,Foreign_Dealer_Self,0
2024-12-31,4967,0,Investment_Trust,0
2024-12-31,4967,2000,Dealer_self,1673
2024-12-31,4967,1000,Dealer_Hedging,999
2025-01-02,4967,152000,Foreign_Investor,213000
2025-01-02,4967,0,Foreign_Dealer_Self,0
2025-01-02,4967,0,Investment_Trust,0
2025-01-02,4967,1000,Dealer_self,5162
2025-01-02,4967,1000,Dealer_Hedging,933
2025-01-03,4967,206000,Foreign_Investor,408000
2025-01-03,4967,0,Foreign_Dealer_Self,0
2025-01-03,4967,0,Investment_Trust,0
2025-01-03,4967,0,Dealer_self,0
2025-01-03,4967,6000,Dealer_Hedging,11205
2025-01-06,4967,333000,Foreign_Investor,160000
2025-01-06,4967,0,Foreign_Dealer_Self,0
2025-01-06,4967,0,Investment_Trust,0
2025-01-06,4967,1000,Dealer_self,0
2025-01-06,4967,55328,Dealer_Hedging,0
2025-01-07,4967,371000,Foreign_Investor,490000
2025-01-07,4967,0,Foreign_Dealer_Self,0
2025-01-07,4967,0,Investment_Trust,0
2025-01-07,4967,0,Dealer_self,2000
2025-01-07,4967,45000,Dealer_Hedging,5282
2025-01-08,4967,268000,Foreign_Investor,376000
2025-01-08,4967,0,Foreign_Dealer_Self,0
2025-01-08,4967,0,Investment_Trust,0
2025-01-08,4967,0,Dealer_self,0
2025-01-08,4967,16000,Dealer_Hedging,3
2025-01-09,4967,126000,Foreign_Investor,529000
2025-01-09,4967,0,Foreign_Dealer_Self,0
2025-01-09,4967,0,Investment_Trust,0
2025-01-09,4967,0,Dealer_self,2000
2025-01-09,4967,7000,Dealer_Hedging,6862
2025-01-10,4967,222000,Foreign_Investor,134000
2025-01-10,4967,0,Foreign_Dealer_Self,0
2025-01-10,4967,0,Investment_Trust,0
2025-01-10,4967,0,Dealer_self,1000
2025-01-10,4967,2000,Dealer_Hedging,1706
2025-01-13,4967,751000,Foreign_Investor,373000
2025-01-13,4967,0,Foreign_Dealer_Self,0
2025-01-13,4967,0,Investment_Trust,0
2025-01-13,4967,1000,Dealer_self,5000
2025-01-13,4967,1000,Dealer_Hedging,1504
2025-01-14,4967,634000,Foreign_Investor,460000
2025-01-14,4967,0,Foreign_Dealer_Self,0
2025-01-14,4967,0,Investment_Trust,0
2025-01-14,4967,0,Dealer_self,0
2025-01-14,4967,0,Dealer_Hedging,0
2025-01-15,4967,81001,Foreign_Investor,113000
2025-01-15,4967,0,Foreign_Dealer_Self,0
2025-01-15,4967,0,Investment_Trust,0
2025-01-15,4967,0,Dealer_self,0
2025-01-15,4967,0,Dealer_Hedging,0
2025-01-16,4967,151000,Foreign_Investor,95000
2025-01-16,4967,0,Foreign_Dealer_Self,0
2025-01-16,4967,0,Investment_Trust,0
2025-01-16,4967,2000,Dealer_self,1000
2025-01-16,4967,0,Dealer_Hedging,0
2025-01-17,4967,81000,Foreign_Investor,73000
2025-01-17,4967,0,Foreign_Dealer_Self,0
2025-01-17,4967,0,Investment_Trust,0
2025-01-17,4967,0,Dealer_self,0
2025-01-17,4967,0,Dealer_Hedging,0
2025-01-20,4967,224000,Foreign_Investor,68000
2025-01-20,4967,0,Foreign_Dealer_Self,0
2025-01-20,4967,0,Investment_Trust,0
2025-01-20,4967,0,Dealer_self,0
2025-01-20,4967,0,Dealer_Hedging,0
2025-01-21,4967,126000,Foreign_Investor,182000
2025-01-21,4967,0,Foreign_Dealer_Self,0
2025-01-21,4967,0,Investment_Trust,0
2025-01-21,4967,2000,Dealer_self,0
2025-01-21,4967,581,Dealer_Hedging,214
2025-01-22,4967,386000,Foreign_Investor,86000
2025-01-22,4967,0,Foreign_Dealer_Self,0
2025-01-22,4967,0,Investment_Trust,0
2025-01-22,4967,1000,Dealer_self,0
2025-01-22,4967,1000,Dealer_Hedging,4000
2025-02-03,4967,193000,Foreign_Investor,323000
2025-02-03,4967,0,Foreign_Dealer_Self,0
2025-02-03,4967,0,Investment_Trust,0
2025-02-03,4967,1000,Dealer_self,3000
2025-02-03,4967,2140,Dealer_Hedging,5
2025-02-04,4967,233001,Foreign_Investor,75000
2025-02-04,4967,0,Foreign_Dealer_Self,0
2025-02-04,4967,0,Investment_Trust,0
2025-02-04,4967,0,Dealer_self,10000
2025-02-04,4967,0,Dealer_Hedging,0
2025-02-05,4967,432005,Foreign_Investor,237000
2025-02-05,4967,0,Foreign_Dealer_Self,0
2025-02-05,4967,0,Investment_Trust,0
2025-02-05,4967,0,Dealer_self,0
2025-02-05,4967,1000,Dealer_Hedging,1000
2025-02-06,4967,105000,Foreign_Investor,98000
2025-02-06,4967,0,Foreign_Dealer_Self,0
2025-02-06,4967,0,Investment_Trust,0
2025-02-06,4967,0,Dealer_self,0
2025-02-06,4967,0,Dealer_Hedging,0
2025-02-07,4967,90000,Foreign_Investor,76000
2025-02-07,4967,0,Foreign_Dealer_Self,0
2025-02-07,4967,0,Investment_Trust,0
2025-02-07,4967,0,Dealer_self,0
2025-02-07,4967,0,Dealer_Hedging,0
2025-02-10,4967,1699100,Foreign_Investor,1854000
2025-02-10,4967,0,Foreign_Dealer_Self,0
2025-02-10,4967,0,Investment_Trust,0
2025-02-10,4967,8012,Dealer_self,1000
2025-02-10,4967,38936,Dealer_Hedging,3768
2025-02-11,4967,1568000,Foreign_Investor,3047010
2025-02-11,4967,0,Foreign_Dealer_Self,0
2025-02-11,4967,0,Investment_Trust,0
2025-02-11,4967,0,Dealer_self,5012
2025-02-11,4967,79316,Dealer_Hedging,50746
2025-02-12,4967,602000,Foreign_Investor,612000
2025-02-12,4967,0,Foreign_Dealer_Self,0
2025-02-12,4967,0,Investment_Trust,0
2025-02-12,4967,0,Dealer_self,1000
2025-02-12,4967,14000,Dealer_Hedging,24350
2025-02-13,4967,1720030,Foreign_Investor,1993360
2025-02-13,4967,0,Foreign_Dealer_Self,0
2025-02-13,4967,0,Investment_Trust,0
2025-02-13,4967,1000,Dealer_self,2000
2025-02-13,4967,240738,Dealer_Hedging,21511
2025-02-14,4967,444030,Foreign_Investor,681000
2025-02-14,4967,0,Foreign_Dealer_Self,0
2025-02-14,4967,0,Investment_Trust,0
2025-02-14,4967,0,Dealer_self,0
2025-02-14,4967,19908,Dealer_Hedging,61068
2025-02-17,4967,459000,Foreign_Investor,618000
2025-02-17,4967,0,Foreign_Dealer_Self,0
2025-02-17,4967,0,Investment_Trust,0
2025-02-17,4967,102000,Dealer_self,0
2025-02-17,4967,0,Dealer_Hedging,40015
2025-02-18,4967,497000,Foreign_Investor,752000
2025-02-18,4967,0,Foreign_Dealer_Self,0
2025-02-18,4967,0,Investment_Trust,0
2025-02-18,4967,87000,Dealer_self,1000
2025-02-18,4967,0,Dealer_Hedging,11735
2025-02-19,4967,503000,Foreign_Investor,333000
2025-02-19,4967,0,Foreign_Dealer_Self,0
2025-02-19,4967,0,Investment_Trust,0
2025-02-19,4967,35000,Dealer_self,81000
2025-02-19,4967,0,Dealer_Hedging,13928
2025-02-20,4967,764000,Foreign_Investor,872000
2025-02-20,4967,0,Foreign_Dealer_Self,0
2025-02-20,4967,0,Investment_Trust,0
2025-02-20,4967,50000,Dealer_self,15000
2025-02-20,4967,59,Dealer_Hedging,9360
2025-02-21,4967,654000,Foreign_Investor,278000
2025-02-21,4967,0,Foreign_Dealer_Self,0
2025-02-21,4967,0,Investment_Trust,0
2025-02-21,4967,0,Dealer_self,46000
2025-02-21,4967,0,Dealer_Hedging,17480
2025-02-24,4967,451000,Foreign_Investor,153000
2025-02-24,4967,0,Foreign_Dealer_Self,0
2025-02-24,4967,0,Investment_Trust,0
2025-02-24,4967,0,Dealer_self,20000
2025-02-24,4967,1000,Dealer_Hedging,6433
2025-02-25,4967,113000,Foreign_Investor,258000
2025-02-25,4967,0,Foreign_Dealer_Self,0
2025-02-25,4967,0,Investment_Trust,0
2025-02-25,4967,3000,Dealer_self,1000
2025-02-25,4967,0,Dealer_Hedging,5295
2025-02-26,4967,54000,Foreign_Investor,224000
2025-02-26,4967,0,Foreign_Dealer_Self,0
2025-02-26,4967,0,Investment_Trust,0
2025-02-26,4967,0,Dealer_self,1000
2025-02-26,4967,100000,Dealer_Hedging,227
2025-02-27,4967,402000,Foreign_Investor,361000
2025-02-27,4967,0,Foreign_Dealer_Self,0
2025-02-27,4967,0,Investment_Trust,0
2025-02-27,4967,1000,Dealer_self,1000
2025-02-27,4967,45,Dealer_Hedging,9339
2025-03-03,4967,239000,Foreign_Investor,658000
2025-03-03,4967,0,Foreign_Dealer_Self,0
2025-03-03,4967,0,Investment_Trust,0
2025-03-03,4967,12000,Dealer_self,2000
2025-03-03,4967,0,Dealer_Hedging,16629
2025-03-04,4967,402000,Foreign_Investor,155000
2025-03-04,4967,0,Foreign_Dealer_Self,0
2025-03-04,4967,0,Investment_Trust,0
2025-03-04,4967,1000,Dealer_self,101000
2025-03-04,4967,2778,Dealer_Hedging,1233
2025-03-05,4967,325000,Foreign_Investor,283000
2025-03-05,4967,0,Foreign_Dealer_Self,0
2025-03-05,4967,0,Investment_Trust,0
2025-03-05,4967,1000,Dealer_self,1000
2025-03-05,4967,6735,Dealer_Hedging,916
2025-03-06,4967,195000,Foreign_Investor,100000
2025-03-06,4967,0,Foreign_Dealer_Self,0
2025-03-06,4967,0,Investment_Trust,0
2025-03-06,4967,1000,Dealer_self,0
2025-03-06,4967,1917,Dealer_Hedging,62
2025-03-07,4967,936000,Foreign_Investor,571000
2025-03-07,4967,0,Foreign_Dealer_Self,0
2025-03-07,4967,0,Investment_Trust,0
2025-03-07,4967,80000,Dealer_self,0
2025-03-07,4967,36494,Dealer_Hedging,5784
2025-03-10,4967,1457000,Foreign_Investor,1642000
2025-03-10,4967,0,Foreign_Dealer_Self,0
2025-03-10,4967,0,Investment_Trust,0
2025-03-10,4967,120000,Dealer_self,92000
2025-03-10,4967,139125,Dealer_Hedging,16726
2025-03-11,4967,560000,Foreign_Investor,553000
2025-03-11,4967,0,Foreign_Dealer_Self,0
2025-03-11,4967,0,Investment_Trust,0
2025-03-11,4967,0,Dealer_self,53000
2025-03-11,4967,3940,Dealer_Hedging,49727
2025-03-12,4967,984000,Foreign_Investor,637150
2025-03-12,4967,0,Foreign_Dealer_Self,0
2025-03-12,4967,0,Investment_Trust,0
2025-03-12,4967,64000,Dealer_self,3000
2025-03-12,4967,30086,Dealer_Hedging,4019
2025-03-13,4967,1255000,Foreign_Investor,1653000
2025-03-13,4967,0,Foreign_Dealer_Self,0
2025-03-13,4967,0,Investment_Trust,0
2025-03-13,4967,0,Dealer_self,60000
2025-03-13,4967,11343,Dealer_Hedging,68974
2025-03-14,4967,575000,Foreign_Investor,777000
2025-03-14,4967,0,Foreign_Dealer_Self,0
2025-03-14,4967,0,Investment_Trust,0
2025-03-14,4967,2000,Dealer_self,0
2025-03-14,4967,5427,Dealer_Hedging,6927
2025-03-17,4967,507000,Foreign_Investor,329000
2025-03-17,4967,0,Foreign_Dealer_Self,0
2025-03-17,4967,0,Investment_Trust,0
2025-03-17,4967,0,Dealer_self,0
2025-03-17,4967,10978,Dealer_Hedging,11479
2025-03-18,4967,301000,Foreign_Investor,359010
2025-03-18,4967,0,Foreign_Dealer_Self,0
2025-03-18,4967,0,Investment_Trust,0
2025-03-18,4967,6000,Dealer_self,0
2025-03-18,4967,2727,Dealer_Hedging,5463
2025-03-19,4967,225000,Foreign_Investor,347000
2025-03-19,4967,0,Foreign_Dealer_Self,0
2025-03-19,4967,0,Investment_Trust,0
2025-03-19,4967,2000,Dealer_self,0
2025-03-19,4967,4205,Dealer_Hedging,9643
2025-03-20,4967,235000,Foreign_Investor,217000
2025-03-20,4967,0,Foreign_Dealer_Self,0
2025-03-20,4967,0,Investment_Trust,0
2025-03-20,4967,1000,Dealer_self,0
2025-03-20,4967,1558,Dealer_Hedging,12427
2025-03-21,4967,203001,Foreign_Investor,301000
2025-03-21,4967,0,Foreign_Dealer_Self,0
2025-03-21,4967,0,Investment_Trust,0
2025-03-21,4967,0,Dealer_self,0
2025-03-21,4967,10677,Dealer_Hedging,10366
2025-03-24,4967,203000,Foreign_Investor,105000
2025-03-24,4967,0,Foreign_Dealer_Self,0
2025-03-24,4967,0,Investment_Trust,0
2025-03-24,4967,0,Dealer_self,0
2025-03-24,4967,1,Dealer_Hedging,7760
2025-03-25,4967,164000,Foreign_Investor,183000
2025-03-25,4967,0,Foreign_Dealer_Self,0
2025-03-25,4967,0,Investment_Trust,0
2025-03-25,4967,0,Dealer_self,0
2025-03-25,4967,822,Dealer_Hedging,9914
2025-03-26,4967,133001,Foreign_Investor,248000
2025-03-26,4967,0,Foreign_Dealer_Self,0
2025-03-26,4967,0,Investment_Trust,0
2025-03-26,4967,2000,Dealer_self,0
2025-03-26,4967,2001,Dealer_Hedging,6615
2025-03-27,4967,255000,Foreign_Investor,102000
2025-03-27,4967,0,Foreign_Dealer_Self,0
2025-03-27,4967,0,Investment_Trust,0
2025-03-27,4967,0,Dealer_self,0
2025-03-27,4967,1667,Dealer_Hedging,17185
2025-03-28,4967,476000,Foreign_Investor,549000
2025-03-28,4967,0,Foreign_Dealer_Self,0
2025-03-28,4967,0,Investment_Trust,0
2025-03-28,4967,1000,Dealer_self,0
2025-03-28,4967,303,Dealer_Hedging,7807
2025-03-31,4967,861000,Foreign_Investor,725000
2025-03-31,4967,0,Foreign_Dealer_Self,0
2025-03-31,4967,0,Investment_Trust,0
2025-03-31,4967,1000,Dealer_self,67000
2025-03-31,4967,204,Dealer_Hedging,21452
2025-04-01,4967,748000,Foreign_Investor,238000
2025-04-01,4967,0,Foreign_Dealer_Self,0
2025-04-01,4967,0,Investment_Trust,0
2025-04-01,4967,0,Dealer_self,12000
2025-04-01,4967,8396,Dealer_Hedging,478
2025-04-02,4967,402000,Foreign_Investor,235000
2025-04-02,4967,0,Foreign_Dealer_Self,0
2025-04-02,4967,0,Investment_Trust,0
2025-04-02,4967,0,Dealer_self,17000
2025-04-02,4967,1565,Dealer_Hedging,2205
2025-04-07,4967,3000,Foreign_Investor,0
2025-04-07,4967,0,Foreign_Dealer_Self,0
2025-04-07,4967,0,Investment_Trust,0
2025-04-07,4967,0,Dealer_self,0
2025-04-07,4967,0,Dealer_Hedging,999
2025-04-08,4967,477000,Foreign_Investor,661011
2025-04-08,4967,0,Foreign_Dealer_Self,0
2025-04-08,4967,0,Investment_Trust,0
2025-04-08,4967,23000,Dealer_self,27000
2025-04-08,4967,0,Dealer_Hedging,19556
2025-04-09,4967,794000,Foreign_Investor,742000
2025-04-09,4967,0,Foreign_Dealer_Self,0
2025-04-09,4967,0,Investment_Trust,0
2025-04-09,4967,0,Dealer_self,7000
2025-04-09,4967,5121,Dealer_Hedging,11049
2025-04-10,4967,7000,Foreign_Investor,13000
2025-04-10,4967,0,Foreign_Dealer_Self,0
2025-04-10,4967,0,Investment_Trust,0
2025-04-10,4967,0,Dealer_self,0
2025-04-10,4967,6000,Dealer_Hedging,0
2025-04-11,4967,1003904,Foreign_Investor,798000
2025-04-11,4967,0,Foreign_Dealer_Self,0
2025-04-11,4967,0,Investment_Trust,0
2025-04-11,4967,12000,Dealer_self,0
2025-04-11,4967,7131,Dealer_Hedging,8458
2025-04-14,4967,627058,Foreign_Investor,653904
2025-04-14,4967,0,Foreign_Dealer_Self,0
2025-04-14,4967,0,Investment_Trust,0
2025-04-14,4967,2000,Dealer_self,4000
2025-04-14,4967,11175,Dealer_Hedging,7534
2025-04-15,4967,446203,Foreign_Investor,183058
2025-04-15,4967,0,Foreign_Dealer_Self,0
2025-04-15,4967,0,Investment_Trust,0
2025-04-15,4967,0,Dealer_self,0
2025-04-15,4967,1000,Dealer_Hedging,1058
2025-04-16,4967,160010,Foreign_Investor,354213
2025-04-16,4967,0,Foreign_Dealer_Self,0
2025-04-16,4967,0,Investment_Trust,0
2025-04-16,4967,0,Dealer_self,3000
2025-04-16,4967,0,Dealer_Hedging,1262
2025-04-17,4967,367192,Foreign_Investor,292010
2025-04-17,4967,0,Foreign_Dealer_Self,0
2025-04-17,4967,0,Investment_Trust,0
2025-04-17,4967,0,Dealer_self,0
2025-04-17,4967,7000,Dealer_Hedging,3326
2025-04-18,4967,336014,Foreign_Investor,544000
2025-04-18,4967,0,Foreign_Dealer_Self,0
2025-04-18,4967,0,Investment_Trust,0
2025-04-18,4967,1000,Dealer_self,0
2025-04-18,4967,4010,Dealer_Hedging,3256
2025-04-21,4967,320107,Foreign_Investor,493206
2025-04-21,4967,0,Foreign_Dealer_Self,0
2025-04-21,4967,0,Investment_Trust,0
2025-04-21,4967,0,Dealer_self,1000
2025-04-21,4967,11000,Dealer_Hedging,5805
2025-04-22,4967,559200,Foreign_Investor,477107
2025-04-22,4967,0,Foreign_Dealer_Self,0
2025-04-22,4967,0,Investment_Trust,0
2025-04-22,4967,1000,Dealer_self,0
2025-04-22,4967,3000,Dealer_Hedging,4742
2025-04-23,4967,396117,Foreign_Investor,102200
2025-04-23,4967,0,Foreign_Dealer_Self,0
2025-04-23,4967,0,Investment_Trust,0
2025-04-23,4967,1000,Dealer_self,2000
2025-04-23,4967,3000,Dealer_Hedging,895
2025-04-24,4967,257626,Foreign_Investor,238117
2025-04-24,4967,0,Foreign_Dealer_Self,0
2025-04-24,4967,0,Investment_Trust,0
2025-04-24,4967,1000,Dealer_self,1000
2025-04-24,4967,0,Dealer_Hedging,4605
2025-04-25,4967,293036,Foreign_Investor,157626
2025-04-25,4967,0,Foreign_Dealer_Self,0
2025-04-25,4967,0,Investment_Trust,0
2025-04-25,4967,2000,Dealer_self,0
2025-04-25,4967,0,Dealer_Hedging,7000
2025-04-28,4967,166000,Foreign_Investor,59036
2025-04-28,4967,0,Foreign_Dealer_Self,0
2025-04-28,4967,0,Investment_Trust,0
2025-04-28,4967,2000,Dealer_self,0
2025-04-28,4967,1,Dealer_Hedging,19
2025-04-29,4967,287500,Foreign_Investor,61010
2025-04-29,4967,0,Foreign_Dealer_Self,0
2025-04-29,4967,0,Investment_Trust,0
2025-04-29,4967,0,Dealer_self,0
2025-04-29,4967,3531,Dealer_Hedging,198
2025-04-30,4967,222052,Foreign_Investor,497500
2025-04-30,4967,0,Foreign_Dealer_Self,0
2025-04-30,4967,0,Investment_Trust,0
2025-04-30,4967,0,Dealer_self,0
2025-04-30,4967,1075,Dealer_Hedging,1496
2025-05-02,4967,240000,Foreign_Investor,57052
2025-05-02,4967,0,Foreign_Dealer_Self,0
2025-05-02,4967,0,Investment_Trust,0
2025-05-02,4967,0,Dealer_self,4000
2025-05-02,4967,0,Dealer_Hedging,1
2025-05-05,4967,137060,Foreign_Investor,393000
2025-05-05,4967,0,Foreign_Dealer_Self,0
2025-05-05,4967,0,Investment_Trust,0
2025-05-05,4967,0,Dealer_self,0
2025-05-05,4967,4000,Dealer_Hedging,6829
2025-05-06,4967,81000,Foreign_Investor,146060
2025-05-06,4967,0,Foreign_Dealer_Self,0
2025-05-06,4967,0,Investment_Trust,0
2025-05-06,4967,0,Dealer_self,0
2025-05-06,4967,0,Dealer_Hedging,2062
2025-05-07,4967,329404,Foreign_Investor,257000
2025-05-07,4967,0,Foreign_Dealer_Self,0
2025-05-07,4967,0,Investment_Trust,0
2025-05-07,4967,1000,Dealer_self,0
2025-05-07,4967,2009,Dealer_Hedging,5126
2025-05-08,4967,1259083,Foreign_Investor,829404
2025-05-08,4967,0,Foreign_Dealer_Self,0
2025-05-08,4967,0,Investment_Trust,0
2025-05-08,4967,1000,Dealer_self,7000
2025-05-08,4967,2000,Dealer_Hedging,3964
2025-05-09,4967,203000,Foreign_Investor,430083
2025-05-09,4967,0,Foreign_Dealer_Self,0
2025-05-09,4967,0,Investment_Trust,0
2025-05-09,4967,1000,Dealer_self,0
2025-05-09,4967,1000,Dealer_Hedging,841
2025-05-12,4967,378000,Foreign_Investor,62000
2025-05-12,4967,0,Foreign_Dealer_Self,0
2025-05-12,4967,0,Investment_Trust,0
2025-05-12,4967,5000,Dealer_self,0
2025-05-12,4967,0,Dealer_Hedging,0
2025-05-13,4967,588293,Foreign_Investor,208000
2025-05-13,4967,0,Foreign_Dealer_Self,0
2025-05-13,4967,0,Investment_Trust,0
2025-05-13,4967,3000,Dealer_self,1000
2025-05-13,4967,0,Dealer_Hedging,2001
2025-05-14,4967,953388,Foreign_Investor,1074293
2025-05-14,4967,0,Foreign_Dealer_Self,0
2025-05-14,4967,0,Investment_Trust,0
2025-05-14,4967,8000,Dealer_self,0
2025-05-14,4967,5937,Dealer_Hedging,3720
2025-05-15,4967,627022,Foreign_Investor,445946
2025-05-15,4967,0,Foreign_Dealer_Self,0
2025-05-15,4967,0,Investment_Trust,0
2025-05-15,4967,0,Dealer_self,0
2025-05-15,4967,2309,Dealer_Hedging,50
2025-05-16,4967,402081,Foreign_Investor,452264
2025-05-16,4967,0,Foreign_Dealer_Self,0
2025-05-16,4967,0,Investment_Trust,0
2025-05-16,4967,0,Dealer_self,0
2025-05-16,4967,561,Dealer_Hedging,1
2025-05-19,4967,192000,Foreign_Investor,507468
2025-05-19,4967,0,Foreign_Dealer_Self,0
2025-05-19,4967,0,Investment_Trust,0
2025-05-19,4967,1000,Dealer_self,1000
2025-05-19,4967,210,Dealer_Hedging,494
2025-05-20,4967,239280,Foreign_Investor,160213
2025-05-20,4967,0,Foreign_Dealer_Self,0
2025-05-20,4967,0,Investment_Trust,0
2025-05-20,4967,1000,Dealer_self,0
2025-05-20,4967,301,Dealer_Hedging,300
2025-05-21,4967,495761,Foreign_Investor,646280
2025-05-21,4967,0,Foreign_Dealer_Self,0
2025-05-21,4967,0,Investment_Trust,0
2025-05-21,4967,0,Dealer_self,0
2025-05-21,4967,1520,Dealer_Hedging,3828
2025-05-22,4967,111105,Foreign_Investor,265061
2025-05-22,4967,0,Foreign_Dealer_Self,0
2025-05-22,4967,0,Investment_Trust,0
2025-05-22,4967,0,Dealer_self,0
2025-05-22,4967,5000,Dealer_Hedging,6132
2025-05-23,4967,168000,Foreign_Investor,144763
2025-05-23,4967,0,Foreign_Dealer_Self,0
2025-05-23,4967,0,Investment_Trust,0
2025-05-23,4967,0,Dealer_self,1000
2025-05-23,4967,23,Dealer_Hedging,374
2025-05-26,4967,75100,Foreign_Investor,283342
2025-05-26,4967,0,Foreign_Dealer_Self,0
2025-05-26,4967,0,Investment_Trust,0
2025-05-26,4967,0,Dealer_self,2000
2025-05-26,4967,4000,Dealer_Hedging,3677
2025-05-27,4967,132000,Foreign_Investor,163000
2025-05-27,4967,0,Foreign_Dealer_Self,0
2025-05-27,4967,0,Investment_Trust,0
2025-05-27,4967,0,Dealer_self,5000
2025-05-27,4967,5000,Dealer_Hedging,6763
2025-05-28,4967,238000,Foreign_Investor,188000
2025-05-28,4967,0,Foreign_Dealer_Self,0
2025-05-28,4967,0,Investment_Trust,0
2025-05-28,4967,0,Dealer_self,0
2025-05-28,4967,4000,Dealer_Hedging,5651
2025-05-29,4967,207339,Foreign_Investor,93000
2025-05-29,4967,0,Foreign_Dealer_Self,0
2025-05-29,4967,0,Investment_Trust,0
2025-05-29,4967,2000,Dealer_self,1000
2025-05-29,4967,1000,Dealer_Hedging,486
2025-06-02,4967,197451,Foreign_Investor,294339
2025-06-02,4967,0,Foreign_Dealer_Self,0
2025-06-02,4967,0,Investment_Trust,0
2025-06-02,4967,0,Dealer_self,3000
2025-06-02,4967,8000,Dealer_Hedging,7712
2025-06-03,4967,193363,Foreign_Investor,98959
2025-06-03,4967,0,Foreign_Dealer_Self,0
2025-06-03,4967,0,Investment_Trust,0
2025-06-03,4967,0,Dealer_self,3000
2025-06-03,4967,0,Dealer_Hedging,567
2025-06-04,4967,650373,Foreign_Investor,96805
2025-06-04,4967,0,Foreign_Dealer_Self,0
2025-06-04,4967,0,Investment_Trust,0
2025-06-04,4967,60000,Dealer_self,1000
2025-06-04,4967,1000,Dealer_Hedging,8955
2025-06-05,4967,528983,Foreign_Investor,300006
2025-06-05,4967,0,Foreign_Dealer_Self,0
2025-06-05,4967,0,Investment_Trust,0
2025-06-05,4967,0,Dealer_self,7000
2025-06-05,4967,862,Dealer_Hedging,0
2025-06-06,4967,606210,Foreign_Investor,403400
2025-06-06,4967,0,Foreign_Dealer_Self,0
2025-06-06,4967,0,Investment_Trust,0
2025-06-06,4967,39000,Dealer_self,5000
2025-06-06,4967,3001,Dealer_Hedging,1031
2025-06-09,4967,319060,Foreign_Investor,530210
2025-06-09,4967,0,Foreign_Dealer_Self,0
2025-06-09,4967,0,Investment_Trust,0
2025-06-09,4967,11000,Dealer_self,10000
2025-06-09,4967,1000,Dealer_Hedging,1062
2025-06-10,4967,530931,Foreign_Investor,417060
2025-06-10,4967,0,Foreign_Dealer_Self,0
2025-06-10,4967,0,Investment_Trust,0
2025-06-10,4967,3000,Dealer_self,1000
2025-06-10,4967,2601,Dealer_Hedging,2113
2025-06-11,4967,275123,Foreign_Investor,163931
2025-06-11,4967,0,Foreign_Dealer_Self,0
2025-06-11,4967,0,Investment_Trust,0
2025-06-11,4967,4000,Dealer_self,97000
2025-06-11,4967,0,Dealer_Hedging,497
2025-06-12,4967,165277,Foreign_Investor,105123
2025-06-12,4967,0,Foreign_Dealer_Self,0
2025-06-12,4967,0,Investment_Trust,0
2025-06-12,4967,0,Dealer_self,0
2025-06-12,4967,78,Dealer_Hedging,1029
2025-06-13,4967,40000,Foreign_Investor,526264
2025-06-13,4967,0,Foreign_Dealer_Self,0
2025-06-13,4967,0,Investment_Trust,0
2025-06-13,4967,0,Dealer_self,3000
2025-06-13,4967,11000,Dealer_Hedging,11425
2025-06-16,4967,270000,Foreign_Investor,111000
2025-06-16,4967,0,Foreign_Dealer_Self,0
2025-06-16,4967,0,Investment_Trust,0
2025-06-16,4967,1000,Dealer_self,0
2025-06-16,4967,374,Dealer_Hedging,682
2025-06-17,4967,243001,Foreign_Investor,65000
2025-06-17,4967,0,Foreign_Dealer_Self,0
2025-06-17,4967,0,Investment_Trust,0
2025-06-17,4967,0,Dealer_self,1000
2025-06-17,4967,0,Dealer_Hedging,0
2025-06-18,4967,1125020,Foreign_Investor,335000
2025-06-18,4967,0,Foreign_Dealer_Self,0
2025-06-18,4967,0,Investment_Trust,0
2025-06-18,4967,0,Dealer_self,4000
2025-06-18,4967,53889,Dealer_Hedging,2012
2025-06-19,4967,2253000,Foreign_Investor,3598001
2025-06-19,4967,0,Foreign_Dealer_Self,0
2025-06-19,4967,0,Investment_Trust,0
2025-06-19,4967,200000,Dealer_self,202000
2025-06-19,4967,84227,Dealer_Hedging,94504
2025-06-20,4967,562000,Foreign_Investor,1184000
2025-06-20,4967,0,Foreign_Dealer_Self,0
2025-06-20,4967,0,Investment_Trust,0
2025-06-20,4967,0,Dealer_self,2000
2025-06-20,4967,116105,Dealer_Hedging,25516
2025-06-23,4967,1206000,Foreign_Investor,1111000
2025-06-23,4967,0,Foreign_Dealer_Self,0
2025-06-23,4967,0,Investment_Trust,0
2025-06-23,4967,0,Dealer_self,1000
2025-06-23,4967,25574,Dealer_Hedging,21435
2025-06-24,4967,718000,Foreign_Investor,1054000
2025-06-24,4967,0,Foreign_Dealer_Self,0
2025-06-24,4967,0,Investment_Trust,0
2025-06-24,4967,4000,Dealer_self,0
2025-06-24,4967,46282,Dealer_Hedging,8800
2025-06-25,4967,154000,Foreign_Investor,376000
2025-06-25,4967,0,Foreign_Dealer_Self,0
2025-06-25,4967,0,Investment_Trust,0
2025-06-25,4967,0,Dealer_self,2000
2025-06-25,4967,3672,Dealer_Hedging,3454
2025-06-26,4967,106000,Foreign_Investor,215000
2025-06-26,4967,0,Foreign_Dealer_Self,0
2025-06-26,4967,0,Investment_Trust,0
2025-06-26,4967,0,Dealer_self,9000
2025-06-26,4967,1052,Dealer_Hedging,11955
2025-06-27,4967,132200,Foreign_Investor,101000
2025-06-27,4967,0,Foreign_Dealer_Self,0
2025-06-27,4967,0,Investment_Trust,0
2025-06-27,4967,1000,Dealer_self,7000
2025-06-27,4967,6892,Dealer_Hedging,15536
2025-06-30,4967,191000,Foreign_Investor,233000
2025-06-30,4967,0,Foreign_Dealer_Self,0
2025-06-30,4967,0,Investment_Trust,0
2025-06-30,4967,2000,Dealer_self,4000
2025-06-30,4967,1000,Dealer_Hedging,11576
2025-07-01,4967,95000,Foreign_Investor,105000
2025-07-01,4967,0,Foreign_Dealer_Self,0
2025-07-01,4967,0,Investment_Trust,0
2025-07-01,4967,2000,Dealer_self,0
2025-07-01,4967,0,Dealer_Hedging,5233
2025-07-02,4967,129000,Foreign_Investor,158000
2025-07-02,4967,0,Foreign_Dealer_Self,0
2025-07-02,4967,0,Investment_Trust,0
2025-07-02,4967,0,Dealer_self,1000
2025-07-02,4967,1000,Dealer_Hedging,3982
2025-07-03,4967,198000,Foreign_Investor,49000
2025-07-03,4967,0,Foreign_Dealer_Self,0
2025-07-03,4967,0,Investment_Trust,0
2025-07-03,4967,1000,Dealer_self,1000
2025-07-03,4967,1279,Dealer_Hedging,630
2025-07-04,4967,46000,Foreign_Investor,563000
2025-07-04,4967,0,Foreign_Dealer_Self,0
2025-07-04,4967,0,Investment_Trust,0
2025-07-04,4967,0,Dealer_self,0
2025-07-04,4967,4000,Dealer_Hedging,6324
2025-07-07,4967,102000,Foreign_Investor,167000
2025-07-07,4967,0,Foreign_Dealer_Self,0
2025-07-07,4967,0,Investment_Trust,0
2025-07-07,4967,0,Dealer_self,2000
2025-07-07,4967,2000,Dealer_Hedging,1816
2025-07-08,4967,172000,Foreign_Investor,304000
2025-07-08,4967,0,Foreign_Dealer_Self,0
2025-07-08,4967,0,Investment_Trust,0
2025-07-08,4967,1000,Dealer_self,0
2025-07-08,4967,7000,Dealer_Hedging,7068
2025-07-09,4967,146000,Foreign_Investor,81000
2025-07-09,4967,0,Foreign_Dealer_Self,0
2025-07-09,4967,0,Investment_Trust,0
2025-07-09,4967,0,Dealer_self,0
2025-07-09,4967,1000,Dealer_Hedging,378
2025-07-10,4967,107000,Foreign_Investor,414000
2025-07-10,4967,0,Foreign_Dealer_Self,0
2025-07-10,4967,0,Investment_Trust,0
2025-07-10,4967,0,Dealer_self,1000
2025-07-10,4967,3000,Dealer_Hedging,3291
2025-07-11,4967,196000,Foreign_Investor,104000
2025-07-11,4967,0,Foreign_Dealer_Self,0
2025-07-11,4967,0,Investment_Trust,0
2025-07-11,4967,0,Dealer_self,0
2025-07-11,4967,0,Dealer_Hedging,1211
2025-07-14,4967,36000,Foreign_Investor,91000
2025-07-14,4967,0,Foreign_Dealer_Self,0
2025-07-14,4967,0,Investment_Trust,0
2025-07-14,4967,0,Dealer_self,0
2025-07-14,4967,1000,Dealer_Hedging,4924
2025-07-15,4967,75000,Foreign_Investor,78000
2025-07-15,4967,0,Foreign_Dealer_Self,0
2025-07-15,4967,0,Investment_Trust,0
2025-07-15,4967,2000,Dealer_self,1000
2025-07-15,4967,1000,Dealer_Hedging,2875
2025-07-16,4967,375000,Foreign_Investor,58000
2025-07-16,4967,0,Foreign_Dealer_Self,0
2025-07-16,4967,0,Investment_Trust,0
2025-07-16,4967,4000,Dealer_self,1000
2025-07-16,4967,3000,Dealer_Hedging,0
2025-07-17,4967,806000,Foreign_Investor,175000
2025-07-17,4967,0,Foreign_Dealer_Self,0
2025-07-17,4967,0,Investment_Trust,0
2025-07-17,4967,2000,Dealer_self,0
2025-07-17,4967,5,Dealer_Hedging,6000
2025-07-18,4967,84000,Foreign_Investor,271300
2025-07-18,4967,0,Foreign_Dealer_Self,0
2025-07-18,4967,0,Investment_Trust,0
2025-07-18,4967,1000,Dealer_self,2000
2025-07-18,4967,0,Dealer_Hedging,520
2025-07-21,4967,110000,Foreign_Investor,131000
2025-07-21,4967,0,Foreign_Dealer_Self,0
2025-07-21,4967,0,Investment_Trust,0
2025-07-21,4967,0,Dealer_self,0
2025-07-21,4967,0,Dealer_Hedging,1
2025-07-22,4967,200000,Foreign_Investor,516000
2025-07-22,4967,0,Foreign_Dealer_Self,0
2025-07-22,4967,0,Investment_Trust,0
2025-07-22,4967,1000,Dealer_self,0
2025-07-22,4967,1000,Dealer_Hedging,4752
2025-07-23,4967,474000,Foreign_Investor,52150
2025-07-23,4967,0,Foreign_Dealer_Self,0
2025-07-23,4967,0,Investment_Trust,0
2025-07-23,4967,6000,Dealer_self,2000
2025-07-23,4967,1747,Dealer_Hedging,10000
2025-07-24,4967,499000,Foreign_Investor,57030
2025-07-24,4967,0,Foreign_Dealer_Self,0
2025-07-24,4967,0,Investment_Trust,0
2025-07-24,4967,0,Dealer_self,0
2025-07-24,4967,1000,Dealer_Hedging,2021
2025-07-25,4967,194000,Foreign_Investor,86000
2025-07-25,4967,0,Foreign_Dealer_Self,0
2025-07-25,4967,0,Investment_Trust,0
2025-07-25,4967,0,Dealer_self,2000
2025-07-25,4967,0,Dealer_Hedging,0
2025-07-28,4967,127000,Foreign_Investor,79000
2025-07-28,4967,0,Foreign_Dealer_Self,0
2025-07-28,4967,0,Investment_Trust,0
2025-07-28,4967,0,Dealer_self,0
2025-07-28,4967,0,Dealer_Hedging,0
2025-07-29,4967,424000,Foreign_Investor,142000
2025-07-29,4967,0,Foreign_Dealer_Self,0
2025-07-29,4967,0,Investment_Trust,0
2025-07-29,4967,0,Dealer_self,0
2025-07-29,4967,0,Dealer_Hedging,2000
2025-07-30,4967,781000,Foreign_Investor,181900
2025-07-30,4967,0,Foreign_Dealer_Self,0
2025-07-30,4967,0,Investment_Trust,0
2025-07-30,4967,0,Dealer_self,0
2025-07-30,4967,4000,Dealer_Hedging,1
2025-07-31,4967,101000,Foreign_Investor,331000
2025-07-31,4967,0,Foreign_Dealer_Self,0
2025-07-31,4967,0,Investment_Trust,0
2025-07-31,4967,2000,Dealer_self,1000
2025-07-31,4967,0,Dealer_Hedging,6
2025-08-01,4967,300000,Foreign_Investor,150000
2025-08-01,4967,0,Foreign_Dealer_Self,0
2025-08-01,4967,0,Investment_Trust,0
2025-08-01,4967,0,Dealer_self,2000
2025-08-01,4967,1000,Dealer_Hedging,0
2025-08-04,4967,95000,Foreign_Investor,113000
2025-08-04,4967,0,Foreign_Dealer_Self,0
2025-08-04,4967,0,Investment_Trust,0
2025-08-04,4967,0,Dealer_self,1000
2025-08-04,4967,0,Dealer_Hedging,0
2025-08-05,4967,262000,Foreign_Investor,43000
2025-08-05,4967,0,Foreign_Dealer_Self,0
2025-08-05,4967,0,Investment_Trust,0
2025-08-05,4967,0,Dealer_self,1000
2025-08-05,4967,0,Dealer_Hedging,1993
2025-08-06,4967,68000,Foreign_Investor,195000
2025-08-06,4967,0,Foreign_Dealer_Self,0
2025-08-06,4967,0,Investment_Trust,0
2025-08-06,4967,0,Dealer_self,0
2025-08-06,4967,0,Dealer_Hedging,0
2025-08-07,4967,136000,Foreign_Investor,232000
2025-08-07,4967,0,Foreign_Dealer_Self,0
2025-08-07,4967,0,Investment_Trust,0
2025-08-07,4967,1000,Dealer_self,0
2025-08-07,4967,0,Dealer_Hedging,0
2025-08-08,4967,336000,Foreign_Investor,567000
2025-08-08,4967,0,Foreign_Dealer_Self,0
2025-08-08,4967,0,Investment_Trust,0
2025-08-08,4967,0,Dealer_self,1000
2025-08-08,4967,3000,Dealer_Hedging,5316
2025-08-11,4967,97000,Foreign_Investor,299000
2025-08-11,4967,0,Foreign_Dealer_Self,0
2025-08-11,4967,0,Investment_Trust,0
2025-08-11,4967,1000,Dealer_self,0
2025-08-11,4967,2000,Dealer_Hedging,1256
2025-08-12,4967,738000,Foreign_Investor,136000
2025-08-12,4967,0,Foreign_Dealer_Self,0
2025-08-12,4967,0,Investment_Trust,0
2025-08-12,4967,0,Dealer_self,0
2025-08-12,4967,274,Dealer_Hedging,0
2025-08-13,4967,467987,Foreign_Investor,332000
2025-08-13,4967,0,Foreign_Dealer_Self,0
2025-08-13,4967,0,Investment_Trust,0
2025-08-13,4967,4711,Dealer_self,0
2025-08-13,4967,0,Dealer_Hedging,1140
2025-08-14,4967,413000,Foreign_Investor,138000
2025-08-14,4967,0,Foreign_Dealer_Self,0
2025-08-14,4967,0,Investment_Trust,0
2025-08-14,4967,1000,Dealer_self,3000
2025-08-14,4967,0,Dealer_Hedging,0
2025-08-15,4967,122000,Foreign_Investor,604000
2025-08-15,4967,0,Foreign_Dealer_Self,0
2025-08-15,4967,0,Investment_Trust,0
2025-08-15,4967,3000,Dealer_self,1000
2025-08-15,4967,0,Dealer_Hedging,0
2025-08-18,4967,52000,Foreign_Investor,630000
2025-08-18,4967,0,Foreign_Dealer_Self,0
2025-08-18,4967,0,Investment_Trust,0
2025-08-18,4967,0,Dealer_self,0
2025-08-18,4967,1000,Dealer_Hedging,2521
2025-08-19,4967,59000,Foreign_Investor,678000
2025-08-19,4967,0,Foreign_Dealer_Self,0
2025-08-19,4967,0,Investment_Trust,0
2025-08-19,4967,3000,Dealer_self,1000
2025-08-19,4967,6000,Dealer_Hedging,5313
2025-08-20,4967,123000,Foreign_Investor,473000
2025-08-20,4967,0,Foreign_Dealer_Self,0
2025-08-20,4967,0,Investment_Trust,0
2025-08-20,4967,4000,Dealer_self,7000
2025-08-20,4967,3000,Dealer_Hedging,6879
2025-08-21,4967,1340000,Foreign_Investor,177000
2025-08-21,4967,0,Foreign_Dealer_Self,0
2025-08-21,4967,0,Investment_Trust,0
2025-08-21,4967,0,Dealer_self,1000
2025-08-21,4967,237,Dealer_Hedging,0
2025-08-22,4967,634000,Foreign_Investor,197000
2025-08-22,4967,0,Foreign_Dealer_Self,0
2025-08-22,4967,0,Investment_Trust,0
2025-08-22,4967,0,Dealer_self,0
2025-08-22,4967,0,Dealer_Hedging,5000
2025-08-25,4967,455000,Foreign_Investor,174000
2025-08-25,4967,0,Foreign_Dealer_Self,0
2025-08-25,4967,0,Investment_Trust,0
2025-08-25,4967,0,Dealer_self,0
2025-08-25,4967,0,Dealer_Hedging,0
2025-08-26,4967,351000,Foreign_Investor,167000
2025-08-26,4967,0,Foreign_Dealer_Self,0
2025-08-26,4967,0,Investment_Trust,0
2025-08-26,4967,0,Dealer_self,0
2025-08-26,4967,0,Dealer_Hedging,0
2025-08-27,4967,592000,Foreign_Investor,302000
2025-08-27,4967,0,Foreign_Dealer_Self,0
2025-08-27,4967,0,Investment_Trust,0
2025-08-27,4967,7123,Dealer_self,0
2025-08-27,4967,0,Dealer_Hedging,0
2025-08-28,4967,309000,Foreign_Investor,297000
2025-08-28,4967,0,Foreign_Dealer_Self,0
2025-08-28,4967,0,Investment_Trust,0
2025-08-28,4967,0,Dealer_self,0
2025-08-28,4967,0,Dealer_Hedging,0
2025-08-29,4967,394000,Foreign_Investor,430000
2025-08-29,4967,0,Foreign_Dealer_Self,0
2025-08-29,4967,0,Investment_Trust,0
2025-08-29,4967,1000,Dealer_self,0
2025-08-29,4967,0,Dealer_Hedging,4000
2025-09-01,4967,428000,Foreign_Investor,407220
2025-09-01,4967,0,Foreign_Dealer_Self,0
2025-09-01,4967,0,Investment_Trust,0
2025-09-01,4967,1000,Dealer_self,0
2025-09-01,4967,5000,Dealer_Hedging,279
2025-09-02,4967,120000,Foreign_Investor,512000
2025-09-02,4967,0,Foreign_Dealer_Self,0
2025-09-02,4967,0,Investment_Trust,0
2025-09-02,4967,0,Dealer_self,0
2025-09-02,4967,0,Dealer_Hedging,1000
2025-09-03,4967,216000,Foreign_Investor,158000
2025-09-03,4967,0,Foreign_Dealer_Self,0
2025-09-03,4967,0,Investment_Trust,0
2025-09-03,4967,0,Dealer_self,2000
2025-09-03,4967,3000,Dealer_Hedging,3000
2025-09-04,4967,532000,Foreign_Investor,279000
2025-09-04,4967,0,Foreign_Dealer_Self,0
2025-09-04,4967,0,Investment_Trust,0
2025-09-04,4967,0,Dealer_self,0
2025-09-04,4967,0,Dealer_Hedging,0
2025-09-05,4967,1308000,Foreign_Investor,721000
2025-09-05,4967,0,Foreign_Dealer_Self,0
2025-09-05,4967,0,Investment_Trust,0
2025-09-05,4967,0,Dealer_self,2000
2025-09-05,4967,18020,Dealer_Hedging,221
2025-09-08,4967,641000,Foreign_Investor,1593100
2025-09-08,4967,0,Foreign_Dealer_Self,0
2025-09-08,4967,0,Investment_Trust,0
2025-09-08,4967,0,Dealer_self,0
2025-09-08,4967,4000,Dealer_Hedging,4136
2025-09-09,4967,264000,Foreign_Investor,1543000
2025-09-09,4967,0,Foreign_Dealer_Self,0
2025-09-09,4967,0,Investment_Trust,0
2025-09-09,4967,1000,Dealer_self,0
2025-09-09,4967,15000,Dealer_Hedging,14986
2025-09-10,4967,791000,Foreign_Investor,252200
2025-09-10,4967,0,Foreign_Dealer_Self,0
2025-09-10,4967,0,Investment_Trust,0
2025-09-10,4967,0,Dealer_self,1000
2025-09-10,4967,3000,Dealer_Hedging,24
2025-09-11,4967,1725000,Foreign_Investor,920000
2025-09-11,4967,0,Foreign_Dealer_Self,0
2025-09-11,4967,0,Investment_Trust,0
2025-09-11,4967,1000,Dealer_self,1000
2025-09-11,4967,19348,Dealer_Hedging,8916
2025-09-12,4967,1484000,Foreign_Investor,1210000
2025-09-12,4967,0,Foreign_Dealer_Self,0
2025-09-12,4967,0,Investment_Trust,0
2025-09-12,4967,2000,Dealer_self,0
2025-09-12,4967,30773,Dealer_Hedging,1
2025-09-15,4967,2402100,Foreign_Investor,3264000
2025-09-15,4967,0,Foreign_Dealer_Self,0
2025-09-15,4967,0,Investment_Trust,0
2025-09-15,4967,30000,Dealer_self,0
2025-09-15,4967,122398,Dealer_Hedging,4196
2025-09-16,4967,5749130,Foreign_Investor,6477100
2025-09-16,4967,0,Foreign_Dealer_Self,0
2025-09-16,4967,0,Investment_Trust,0
2025-09-16,4967,33243,Dealer_self,28000
2025-09-16,4967,171170,Dealer_Hedging,119251
2025-09-17,4967,3536000,Foreign_Investor,3095300
2025-09-17,4967,0,Foreign_Dealer_Self,0
2025-09-17,4967,0,Investment_Trust,0
2025-09-17,4967,21000,Dealer_self,0
2025-09-17,4967,12800,Dealer_Hedging,46932
2025-09-18,4967,4101056,Foreign_Investor,4969000
2025-09-18,4967,0,Foreign_Dealer_Self,0
2025-09-18,4967,0,Investment_Trust,0
2025-09-18,4967,5000,Dealer_self,0
2025-09-18,4967,75996,Dealer_Hedging,57918
2025-09-19,4967,1642000,Foreign_Investor,1507206
2025-09-19,4967,0,Foreign_Dealer_Self,0
2025-09-19,4967,0,Investment_Trust,0
2025-09-19,4967,0,Dealer_self,11000
2025-09-19,4967,785,Dealer_Hedging,18867
2025-09-22,4967,1634000,Foreign_Investor,1840000
2025-09-22,4967,0,Foreign_Dealer_Self,0
2025-09-22,4967,0,Investment_Trust,0
2025-09-22,4967,12000,Dealer_self,0
2025-09-22,4967,41407,Dealer_Hedging,26525
2025-09-23,4967,978100,Foreign_Investor,646000
2025-09-23,4967,0,Foreign_Dealer_Self,0
2025-09-23,4967,0,Investment_Trust,0
2025-09-23,4967,150000,Dealer_self,0
2025-09-23,4967,1000,Dealer_Hedging,24778
2025-09-24,4967,852230,Foreign_Investor,620000
2025-09-24,4967,0,Foreign_Dealer_Self,0
2025-09-24,4967,0,Investment_Trust,0
2025-09-24,4967,125289,Dealer_self,0
2025-09-24,4967,20,Dealer_Hedging,3000
2025-09-25,4967,241230,Foreign_Investor,797000
2025-09-25,4967,0,Foreign_Dealer_Self,0
2025-09-25,4967,0,Investment_Trust,0
2025-09-25,4967,59000,Dealer_self,30000
2025-09-25,4967,0,Dealer_Hedging,0
2025-09-26,4967,1251000,Foreign_Investor,811000
2025-09-26,4967,0,Foreign_Dealer_Self,0
2025-09-26,4967,0,Investment_Trust,0
2025-09-26,4967,371000,Dealer_self,0
2025-09-26,4967,5000,Dealer_Hedging,66845
2025-09-30,4967,1185000,Foreign_Investor,1164000
2025-09-30,4967,0,Foreign_Dealer_Self,0
2025-09-30,4967,0,Investment_Trust,0
2025-09-30,4967,0,Dealer_self,0
2025-09-30,4967,51000,Dealer_Hedging,0
2025-10-01,4967,1466000,Foreign_Investor,1305005
2025-10-01,4967,0,Foreign_Dealer_Self,0
2025-10-01,4967,0,Investment_Trust,0
2025-10-01,4967,60000,Dealer_self,289
2025-10-01,4967,14000,Dealer_Hedging,1480
2025-10-02,4967,2150000,Foreign_Investor,1909006
2025-10-02,4967,0,Foreign_Dealer_Self,0
2025-10-02,4967,0,Investment_Trust,0
2025-10-02,4967,0,Dealer_self,0
2025-10-02,4967,25019,Dealer_Hedging,5159
2025-10-03,4967,1575000,Foreign_Investor,830005
2025-10-03,4967,0,Foreign_Dealer_Self,0
2025-10-03,4967,0,Investment_Trust,0
2025-10-03,4967,0,Dealer_self,0
2025-10-03,4967,0,Dealer_Hedging,3000
2025-10-07,4967,3243000,Foreign_Investor,2488023
2025-10-07,4967,0,Foreign_Dealer_Self,0
2025-10-07,4967,0,Investment_Trust,0
2025-10-07,4967,18000,Dealer_self,18000
2025-10-07,4967,131327,Dealer_Hedging,39000
2025-10-08,4967,4930000,Foreign_Investor,5297010
2025-10-08,4967,0,Foreign_Dealer_Self,0
2025-10-08,4967,0,Investment_Trust,0
2025-10-08,4967,10000,Dealer_self,8000
2025-10-08,4967,161630,Dealer_Hedging,21481
2025-10-09,4967,12678000,Foreign_Investor,11557102
2025-10-09,4967,0,Foreign_Dealer_Self,0
2025-10-09,4967,0,Investment_Trust,0
2025-10-09,4967,183000,Dealer_self,47000
2025-10-09,4967,170125,Dealer_Hedging,75112
2025-10-13,4967,11965000,Foreign_Investor,6317263
2025-10-13,4967,0,Foreign_Dealer_Self,0
2025-10-13,4967,0,Investment_Trust,0
2025-10-13,4967,77487,Dealer_self,45000
2025-10-13,4967,200433,Dealer_Hedging,141145
2025-10-14,4967,18052457,Foreign_Investor,17061000
2025-10-14,4967,0,Foreign_Dealer_Self,0
2025-10-14,4967,0,Investment_Trust,0
2025-10-14,4967,114000,Dealer_self,110000
2025-10-14,4967,181887,Dealer_Hedging,281092
2025-10-15,4967,11916670,Foreign_Investor,14248211
2025-10-15,4967,0,Foreign_Dealer_Self,0
2025-10-15,4967,142000,Investment_Trust,0
2025-10-15,4967,94000,Dealer_self,62000
2025-10-15,4967,224332,Dealer_Hedging,96818
2025-10-16,4967,1447000,Foreign_Investor,100660
2025-10-16,4967,0,Foreign_Dealer_Self,0
2025-10-16,4967,0,Investment_Trust,0
2025-10-16,4967,2000,Dealer_self,46000
2025-10-16,4967,86000,Dealer_Hedging,13000
2025-10-17,4967,348226,Foreign_Investor,197000
2025-10-17,4967,0,Foreign_Dealer_Self,0
2025-10-17,4967,0,Investment_Trust,0
2025-10-17,4967,1000,Dealer_self,36000
2025-10-17,4967,165000,Dealer_Hedging,51000
2025-10-20,4967,567030,Foreign_Investor,215150
2025-10-20,4967,0,Foreign_Dealer_Self,0
2025-10-20,4967,57000,Investment_Trust,0
2025-10-20,4967,0,Dealer_self,10000
2025-10-20,4967,29000,Dealer_Hedging,9000
2025-10-21,4967,697000,Foreign_Investor,100100
2025-10-21,4967,0,Foreign_Dealer_Self,0
2025-10-21,4967,54000,Investment_Trust,0
2025-10-21,4967,1000,Dealer_self,49000
2025-10-21,4967,0,Dealer_Hedging,33000
2025-10-22,4967,165045,Foreign_Investor,133200
2025-10-22,4967,0,Foreign_Dealer_Self,0
2025-10-22,4967,56000,Investment_Trust,0
2025-10-22,4967,1000,Dealer_self,30000
2025-10-22,4967,7000,Dealer_Hedging,3000
2025-10-23,4967,206000,Foreign_Investor,64000
2025-10-23,4967,0,Foreign_Dealer_Self,0
2025-10-23,4967,56000,Investment_Trust,0
2025-10-23,4967,0,Dealer_self,0
2025-10-23,4967,5000,Dealer_Hedging,0
2025-10-27,4967,285550,Foreign_Investor,376000
2025-10-27,4967,0,Foreign_Dealer_Self,0
2025-10-27,4967,57000,Investment_Trust,0
2025-10-27,4967,7000,Dealer_self,5000
2025-10-27,4967,173000,Dealer_Hedging,5000
2025-10-28,4967,115000,Foreign_Investor,312400
2025-10-28,4967,0,Foreign_Dealer_Self,0
2025-10-28,4967,0,Investment_Trust,0
2025-10-28,4967,8000,Dealer_self,2000
2025-10-28,4967,4000,Dealer_Hedging,21000
2025-10-29,4967,120850,Foreign_Investor,179000
2025-10-29,4967,0,Foreign_Dealer_Self,0
2025-10-29,4967,0,Investment_Trust,0
2025-10-29,4967,1000,Dealer_self,38000
2025-10-29,4967,0,Dealer_Hedging,175000
2025-10-30,4967,92450,Foreign_Investor,239000
2025-10-30,4967,0,Foreign_Dealer_Self,0
2025-10-30,4967,0,Investment_Trust,0
2025-10-30,4967,0,Dealer_self,441
2025-10-30,4967,11517,Dealer_Hedging,19000
2025-10-31,4967,84000,Foreign_Investor,345000
2025-10-31,4967,0,Foreign_Dealer_Self,0
2025-10-31,4967,0,Investment_Trust,0
2025-10-31,4967,2000,Dealer_self,0
2025-10-31,4967,84667,Dealer_Hedging,4000
2025-11-03,4967,174500,Foreign_Investor,275000
2025-11-03,4967,0,Foreign_Dealer_Self,0
2025-11-03,4967,0,Investment_Trust,1000
2025-11-03,4967,0,Dealer_self,3000
2025-11-03,4967,162000,Dealer_Hedging,27000
2025-11-04,4967,2271000,Foreign_Investor,4679001
2025-11-04,4967,0,Foreign_Dealer_Self,0
2025-11-04,4967,0,Investment_Trust,1000
2025-11-04,4967,0,Dealer_self,1000
2025-11-04,4967,87633,Dealer_Hedging,187138
2025-11-05,4967,4235000,Foreign_Investor,3707000
2025-11-05,4967,0,Foreign_Dealer_Self,0
2025-11-05,4967,0,Investment_Trust,0
2025-11-05,4967,20000,Dealer_self,1559
2025-11-05,4967,230746,Dealer_Hedging,64757
2025-11-06,4967,3953560,Foreign_Investor,5081000
2025-11-06,4967,0,Foreign_Dealer_Self,0
2025-11-06,4967,0,Investment_Trust,0
2025-11-06,4967,27000,Dealer_self,15000
2025-11-06,4967,65345,Dealer_Hedging,66461
2025-11-07,4967,4761600,Foreign_Investor,3308000
2025-11-07,4967,0,Foreign_Dealer_Self,0
2025-11-07,4967,0,Investment_Trust,0
2025-11-07,4967,15000,Dealer_self,0
2025-11-07,4967,221395,Dealer_Hedging,92293
2025-11-10,4967,7983250,Foreign_Investor,8325100
2025-11-10,4967,0,Foreign_Dealer_Self,0
2025-11-10,4967,93000,Investment_Trust,0
2025-11-10,4967,12000,Dealer_self,0
2025-11-10,4967,306488,Dealer_Hedging,67623
2025-11-11,4967,6602710,Foreign_Investor,6589605
2025-11-11,4967,0,Foreign_Dealer_Self,0
2025-11-11,4967,0,Investment_Trust,0
2025-11-11,4967,16000,Dealer_self,10000
2025-11-11,4967,132068,Dealer_Hedging,381226
2025-11-12,4967,6001005,Foreign_Investor,6587951
2025-11-12,4967,0,Foreign_Dealer_Self,0
2025-11-12,4967,0,Investment_Trust,0
2025-11-12,4967,1000,Dealer_self,23000
2025-11-12,4967,221615,Dealer_Hedging,44781
2025-11-13,4967,8549550,Foreign_Investor,6183100
2025-11-13,4967,0,Foreign_Dealer_Self,0
2025-11-13,4967,0,Investment_Trust,0
2025-11-13,4967,80000,Dealer_self,15000
2025-11-13,4967,77193,Dealer_Hedging,159439
2025-11-14,4967,3692891,Foreign_Investor,3332110
2025-11-14,4967,0,Foreign_Dealer_Self,0
2025-11-14,4967,0,Investment_Trust,1000
2025-11-14,4967,36000,Dealer_self,131000
2025-11-14,4967,35991,Dealer_Hedging,204331
2025-11-17,4967,6929042,Foreign_Investor,3745000
2025-11-17,4967,0,Foreign_Dealer_Self,0
2025-11-17,4967,0,Investment_Trust,0
2025-11-17,4967,1000,Dealer_self,7000
2025-11-17,4967,112108,Dealer_Hedging,93336
2025-11-18,4967,3714015,Foreign_Investor,3181100
2025-11-18,4967,0,Foreign_Dealer_Self,0
2025-11-18,4967,0,Investment_Trust,0
2025-11-18,4967,0,Dealer_self,112000
2025-11-18,4967,37583,Dealer_Hedging,144978
2025-11-19,4967,2193000,Foreign_Investor,2208000
2025-11-19,4967,0,Foreign_Dealer_Self,0
2025-11-19,4967,0,Investment_Trust,1000
2025-11-19,4967,6000,Dealer_self,50000
2025-11-19,4967,38750,Dealer_Hedging,64308
2025-11-20,4967,5364104,Foreign_Investor,6025000
2025-11-20,4967,0,Foreign_Dealer_Self,0
2025-11-20,4967,0,Investment_Trust,0
2025-11-20,4967,31000,Dealer_self,67000
2025-11-20,4967,84881,Dealer_Hedging,97894
2025-11-21,4967,4174563,Foreign_Investor,2530000
2025-11-21,4967,0,Foreign_Dealer_Self,0
2025-11-21,4967,0,Investment_Trust,1000
2025-11-21,4967,7000,Dealer_self,82000
2025-11-21,4967,3020,Dealer_Hedging,66503
2025-11-24,4967,2064000,Foreign_Investor,2248000
2025-11-24,4967,0,Foreign_Dealer_Self,0
2025-11-24,4967,0,Investment_Trust,1000
2025-11-24,4967,3000,Dealer_self,0
2025-11-24,4967,258,Dealer_Hedging,2508
2025-11-25,4967,3043000,Foreign_Investor,2145000
2025-11-25,4967,0,Foreign_Dealer_Self,0
2025-11-25,4967,0,Investment_Trust,0
2025-11-25,4967,0,Dealer_self,0
2025-11-25,4967,20648,Dealer_Hedging,17151
2025-11-26,4967,1077000,Foreign_Investor,2333300
2025-11-26,4967,0,Foreign_Dealer_Self,0
2025-11-26,4967,0,Investment_Trust,0
2025-11-26,4967,0,Dealer_self,145000
2025-11-26,4967,12525,Dealer_Hedging,69458
2025-11-27,4967,1001100,Foreign_Investor,991500
2025-11-27,4967,0,Foreign_Dealer_Self,0
2025-11-27,4967,0,Investment_Trust,0
2025-11-27,4967,0,Dealer_self,1000
2025-11-27,4967,17187,Dealer_Hedging,4022
2025-11-28,4967,1533000,Foreign_Investor,2150000
2025-11-28,4967,0,Foreign_Dealer_Self,0
2025-11-28,4967,0,Investment_Trust,0
2025-11-28,4967,15000,Dealer_self,0
2025-11-28,4967,37565,Dealer_Hedging,7645
2025-12-01,4967,1245000,Foreign_Investor,2608350
2025-12-01,4967,0,Foreign_Dealer_Self,0
2025-12-01,4967,0,Investment_Trust,0
2025-12-01,4967,8000,Dealer_self,22000
2025-12-01,4967,32677,Dealer_Hedging,21783
2025-12-02,4967,2863000,Foreign_Investor,2324000
2025-12-02,4967,0,Foreign_Dealer_Self,0
2025-12-02,4967,0,Investment_Trust,0
2025-12-02,4967,0,Dealer_self,1000
2025-12-02,4967,43539,Dealer_Hedging,11817
2025-12-03,4967,1120155,Foreign_Investor,1943000
2025-12-03,4967,0,Foreign_Dealer_Self,0
2025-12-03,4967,0,Investment_Trust,0
2025-12-03,4967,1000,Dealer_self,0
2025-12-03,4967,19000,Dealer_Hedging,46900
2025-12-04,4967,876010,Foreign_Investor,689000
2025-12-04,4967,0,Foreign_Dealer_Self,0
2025-12-04,4967,0,Investment_Trust,0
2025-12-04,4967,1000,Dealer_self,672
2025-12-04,4967,24138,Dealer_Hedging,7976
2025-12-05,4967,1170020,Foreign_Investor,856155
2025-12-05,4967,0,Foreign_Dealer_Self,0
2025-12-05,4967,0,Investment_Trust,0
2025-12-05,4967,1000,Dealer_self,1000
2025-12-05,4967,70245,Dealer_Hedging,10324
2025-12-08,4967,4448800,Foreign_Investor,4398600
2025-12-08,4967,0,Foreign_Dealer_Self,0
2025-12-08,4967,0,Investment_Trust,1000
2025-12-08,4967,1000,Dealer_self,0
2025-12-08,4967,128612,Dealer_Hedging,70069
2025-12-09,4967,2180165,Foreign_Investor,1756000
2025-12-09,4967,0,Foreign_Dealer_Self,0
2025-12-09,4967,0,Investment_Trust,1000
2025-12-09,4967,0,Dealer_self,2000
2025-12-09,4967,28000,Dealer_Hedging,109958
2025-12-10,4967,1204000,Foreign_Investor,2281088
2025-12-10,4967,0,Foreign_Dealer_Self,0
2025-12-10,4967,0,Investment_Trust,1000
2025-12-10,4967,4237,Dealer_self,1000
2025-12-10,4967,15000,Dealer_Hedging,41369
2025-12-11,4967,790400,Foreign_Investor,995000
2025-12-11,4967,0,Foreign_Dealer_Self,0
2025-12-11,4967,0,Investment_Trust,2000
2025-12-11,4967,14000,Dealer_self,0
2025-12-11,4967,14102,Dealer_Hedging,33751
2025-12-12,4967,1330050,Foreign_Investor,1736000
2025-12-12,4967,0,Foreign_Dealer_Self,0
2025-12-12,4967,0,Investment_Trust,1000
2025-12-12,4967,4000,Dealer_self,2000
2025-12-12,4967,52287,Dealer_Hedging,6426
2025-12-15,4967,1504000,Foreign_Investor,779000
2025-12-15,4967,0,Foreign_Dealer_Self,0
2025-12-15,4967,0,Investment_Trust,0
2025-12-15,4967,0,Dealer_self,0
2025-12-15,4967,25135,Dealer_Hedging,23910
2025-12-16,4967,599253,Foreign_Investor,501000
2025-12-16,4967,0,Foreign_Dealer_Self,0
2025-12-16,4967,0,Investment_Trust,0
2025-12-16,4967,5000,Dealer_self,3000
2025-12-16,4967,1000,Dealer_Hedging,65940
2025-12-17,4967,3296109,Foreign_Investor,1551305
2025-12-17,4967,0,Foreign_Dealer_Self,0
2025-12-17,4967,0,Investment_Trust,0
2025-12-17,4967,1000,Dealer_self,1000
2025-12-17,4967,197934,Dealer_Hedging,39480
2025-12-18,4967,6660743,Foreign_Investor,8021150
2025-12-18,4967,0,Foreign_Dealer_Self,0
2025-12-18,4967,0,Investment_Trust,0
2025-12-18,4967,1000,Dealer_self,0
2025-12-18,4967,62017,Dealer_Hedging,216927
2025-12-19,4967,2090000,Foreign_Investor,3478000
2025-12-19,4967,0,Foreign_Dealer_Self,0
2025-12-19,4967,0,Investment_Trust,1000
2025-12-19,4967,0,Dealer_self,1072
2025-12-19,4967,15082,Dealer_Hedging,44150
2025-12-22,4967,9143000,Foreign_Investor,1515020
2025-12-22,4967,0,Foreign_Dealer_Self,0
2025-12-22,4967,0,Investment_Trust,1000
2025-12-22,4967,1000,Dealer_self,1000
2025-12-22,4967,185067,Dealer_Hedging,68992
2025-12-23,4967,7384007,Foreign_Investor,8085514
2025-12-23,4967,0,Foreign_Dealer_Self,0
2025-12-23,4967,0,Investment_Trust,0
2025-12-23,4967,0,Dealer_self,0
2025-12-23,4967,162632,Dealer_Hedging,95292
2025-12-24,4967,8439030,Foreign_Investor,8277230
2025-12-24,4967,0,Foreign_Dealer_Self,0
2025-12-24,4967,0,Investment_Trust,0
2025-12-24,4967,108000,Dealer_self,0
2025-12-24,4967,210856,Dealer_Hedging,91488
2025-12-26,4967,3627452,Foreign_Investor,4794161
2025-12-26,4967,0,Foreign_Dealer_Self,0
2025-12-26,4967,0,Investment_Trust,1000
2025-12-26,4967,1950,Dealer_self,108000
2025-12-26,4967,73296,Dealer_Hedging,100446
2025-12-29,4967,5232240,Foreign_Investor,6402000
2025-12-29,4967,0,Foreign_Dealer_Self,0
2025-12-29,4967,0,Investment_Trust,0
2025-12-29,4967,8284,Dealer_self,0
2025-12-29,4967,163190,Dealer_Hedging,42718
2025-12-30,4967,5353158,Foreign_Investor,6164000
2025-12-30,4967,0,Foreign_Dealer_Self,0
2025-12-30,4967,0,Investment_Trust,0
2025-12-30,4967,103325,Dealer_self,0
2025-12-30,4967,23146,Dealer_Hedging,473447
2025-12-31,4967,9400212,Foreign_Investor,6480530
2025-12-31,4967,0,Foreign_Dealer_Self,0
2025-12-31,4967,0,Investment_Trust,1000
2025-12-31,4967,120000,Dealer_self,133000
2025-12-31,4967,157135,Dealer_Hedging,133688
2026-01-02,4967,9241250,Foreign_Investor,9746457
2026-01-02,4967,0,Foreign_Dealer_Self,0
2026-01-02,4967,0,Investment_Trust,0
2026-01-02,4967,232000,Dealer_self,198000
2026-01-02,4967,45662,Dealer_Hedging,104552
2026-01-05,4967,6496156,Foreign_Investor,10693315
2026-01-05,4967,0,Foreign_Dealer_Self,0
2026-01-05,4967,0,Investment_Trust,5000
2026-01-05,4967,36343,Dealer_self,119000
2026-01-05,4967,108026,Dealer_Hedging,213931
2026-01-06,4967,9604421,Foreign_Investor,7332000
2026-01-06,4967,0,Foreign_Dealer_Self,0
2026-01-06,4967,0,Investment_Trust,4000
2026-01-06,4967,57000,Dealer_self,54000
2026-01-06,4967,75685,Dealer_Hedging,96192
2026-01-07,4967,5795630,Foreign_Investor,9503000
2026-01-07,4967,0,Foreign_Dealer_Self,0
2026-01-07,4967,0,Investment_Trust,47000
2026-01-07,4967,98,Dealer_self,2000
2026-01-07,4967,107505,Dealer_Hedging,118305
2026-01-08,4967,16200550,Foreign_Investor,8119320
2026-01-08,4967,0,Foreign_Dealer_Self,0
2026-01-08,4967,0,Investment_Trust,1000
2026-01-08,4967,44000,Dealer_self,15000
2026-01-08,4967,112299,Dealer_Hedging,76355
2026-01-09,4967,6153100,Foreign_Investor,7481050
2026-01-09,4967,0,Foreign_Dealer_Self,0
2026-01-09,4967,0,Investment_Trust,2000
2026-01-09,4967,21000,Dealer_self,70000
2026-01-09,4967,194270,Dealer_Hedging,206749
2026-01-12,4967,3609000,Foreign_Investor,5523000
2026-01-12,4967,0,Foreign_Dealer_Self,0
2026-01-12,4967,0,Investment_Trust,3000
2026-01-12,4967,242,Dealer_self,0
2026-01-12,4967,63985,Dealer_Hedging,42568
2026-01-13,4967,349391,Foreign_Investor,51665
2026-01-13,4967,0,Foreign_Dealer_Self,0
2026-01-13,4967,0,Investment_Trust,3000
2026-01-13,4967,5000,Dealer_self,24000
2026-01-13,4967,11000,Dealer_Hedging,1000
2026-01-14,4967,574100,Foreign_Investor,34835
2026-01-14,4967,0,Foreign_Dealer_Self,0
2026-01-14,4967,0,Investment_Trust,2000
2026-01-14,4967,3000,Dealer_self,10108
2026-01-14,4967,0,Dealer_Hedging,5000
2026-01-15,4967,430006,Foreign_Investor,217150
2026-01-15,4967,0,Foreign_Dealer_Self,0
2026-01-15,4967,0,Investment_Trust,0
2026-01-15,4967,6000,Dealer_self,20130
2026-01-15,4967,7000,Dealer_Hedging,26000
2026-01-16,4967,664087,Foreign_Investor,453000
2026-01-16,4967,0,Foreign_Dealer_Self,0
2026-01-16,4967,0,Investment_Trust,4000
2026-01-16,4967,3000,Dealer_self,18849
2026-01-16,4967,18000,Dealer_Hedging,4000
2026-01-19,4967,577350,Foreign_Investor,486800
2026-01-19,4967,0,Foreign_Dealer_Self,0
2026-01-19,4967,16000,Investment_Trust,0
2026-01-19,4967,0,Dealer_self,43703
2026-01-19,4967,58000,Dealer_Hedging,0
2026-01-20,4967,522350,Foreign_Investor,737050
2026-01-20,4967,0,Foreign_Dealer_Self,0
2026-01-20,4967,22000,Investment_Trust,0
2026-01-20,4967,2600,Dealer_self,2808
2026-01-20,4967,6000,Dealer_Hedging,18000
2026-01-21,4967,368100,Foreign_Investor,598000
2026-01-21,4967,0,Foreign_Dealer_Self,0
2026-01-21,4967,19000,Investment_Trust,0
2026-01-21,4967,5000,Dealer_self,6559
2026-01-21,4967,4000,Dealer_Hedging,7000
2026-01-22,4967,465000,Foreign_Investor,465740
2026-01-22,4967,0,Foreign_Dealer_Self,0
2026-01-22,4967,16000,Investment_Trust,0
2026-01-22,4967,10000,Dealer_self,16000
2026-01-22,4967,29000,Dealer_Hedging,6000
2026-01-23,4967,387608,Foreign_Investor,357000
2026-01-23,4967,0,Foreign_Dealer_Self,0
2026-01-23,4967,21000,Investment_Trust,0
2026-01-23,4967,9000,Dealer_self,23000
2026-01-23,4967,0,Dealer_Hedging,1000
2026-01-26,4967,310100,Foreign_Investor,136833
2026-01-26,4967,0,Foreign_Dealer_Self,0
2026-01-26,4967,0,Investment_Trust,2000
2026-01-26,4967,6000,Dealer_self,105500
2026-01-26,4967,18000,Dealer_Hedging,16000
2026-01-27,4967,6925128,Foreign_Investor,6195800
2026-01-27,4967,0,Foreign_Dealer_Self,0
2026-01-27,4967,2000,Investment_Trust,0
2026-01-27,4967,18000,Dealer_self,64500
2026-01-27,4967,206172,Dealer_Hedging,184545
2026-01-28,4967,5759800,Foreign_Investor,7812100
2026-01-28,4967,0,Foreign_Dealer_Self,0
2026-01-28,4967,1000,Investment_Trust,0
2026-01-28,4967,4000,Dealer_self,10000
2026-01-28,4967,142560,Dealer_Hedging,213232
2026-01-29,4967,6152800,Foreign_Investor,6567000
2026-01-29,4967,0,Foreign_Dealer_Self,0
2026-01-29,4967,0,Investment_Trust,3000
2026-01-29,4967,5000,Dealer_self,28000
2026-01-29,4967,202772,Dealer_Hedging,214218
2026-01-30,4967,4463000,Foreign_Investor,5388000
2026-01-30,4967,0,Foreign_Dealer_Self,0
2026-01-30,4967,0,Investment_Trust,5000
2026-01-30,4967,4000,Dealer_self,21000
2026-01-30,4967,149136,Dealer_Hedging,170750
2026-02-02,4967,5510320,Foreign_Investor,3815030
2026-02-02,4967,0,Foreign_Dealer_Self,0
2026-02-02,4967,33000,Investment_Trust,0
2026-02-02,4967,9000,Dealer_self,3000
2026-02-02,4967,47442,Dealer_Hedging,138849
2026-02-03,4967,6611053,Foreign_Investor,6516100
2026-02-03,4967,0,Foreign_Dealer_Self,0
2026-02-03,4967,33000,Investment_Trust,0
2026-02-03,4967,12000,Dealer_self,36000
2026-02-03,4967,115823,Dealer_Hedging,82666
2026-02-04,4967,3076000,Foreign_Investor,2783386
2026-02-04,4967,0,Foreign_Dealer_Self,0
2026-02-04,4967,0,Investment_Trust,0
2026-02-04,4967,15000,Dealer_self,14000
2026-02-04,4967,32271,Dealer_Hedging,26072
2026-02-05,4967,2657000,Foreign_Investor,2216200
2026-02-05,4967,0,Foreign_Dealer_Self,0
2026-02-05,4967,2000,Investment_Trust,0
2026-02-05,4967,35,Dealer_self,1000
2026-02-05,4967,8916,Dealer_Hedging,11675
2026-02-06,4967,3313355,Foreign_Investor,2969558
2026-02-06,4967,0,Foreign_Dealer_Self,0
2026-02-06,4967,0,Investment_Trust,0
2026-02-06,4967,2088,Dealer_self,0
2026-02-06,4967,33081,Dealer_Hedging,68540
2026-02-09,4967,1711033,Foreign_Investor,2490929
2026-02-09,4967,0,Foreign_Dealer_Self,0
2026-02-09,4967,0,Investment_Trust,0
2026-02-09,4967,2000,Dealer_self,3028
2026-02-09,4967,28006,Dealer_Hedging,51974
2026-02-10,4967,2534000,Foreign_Investor,1195030
2026-02-10,4967,0,Foreign_Dealer_Self,0
2026-02-10,4967,0,Investment_Trust,86000
2026-02-10,4967,1000,Dealer_self,18020
2026-02-10,4967,16135,Dealer_Hedging,48949
2026-02-11,4967,1280930,Foreign_Investor,1624100
2026-02-11,4967,0,Foreign_Dealer_Self,0
2026-02-11,4967,0,Investment_Trust,106000
2026-02-11,4967,11000,Dealer_self,18000
2026-02-11,4967,36231,Dealer_Hedging,37225
2026-02-23,4967,2250057,Foreign_Investor,2122000
2026-02-23,4967,0,Foreign_Dealer_Self,0
2026-02-23,4967,0,Investment_Trust,0
2026-02-23,4967,5000,Dealer_self,15527
2026-02-23,4967,35938,Dealer_Hedging,31992
2026-02-24,4967,1163127,Foreign_Investor,1897000
2026-02-24,4967,0,Foreign_Dealer_Self,0
2026-02-24,4967,0,Investment_Trust,7000
2026-02-24,4967,2394,Dealer_self,3378
2026-02-24,4967,33330,Dealer_Hedging,16030
2026-02-25,4967,2411010,Foreign_Investor,3898240
2026-02-25,4967,0,Foreign_Dealer_Self,0
2026-02-25,4967,0,Investment_Trust,1000
2026-02-25,4967,0,Dealer_self,1000
2026-02-25,4967,71463,Dealer_Hedging,58923
2026-02-26,4967,2106877,Foreign_Investor,5649000
2026-02-26,4967,0,Foreign_Dealer_Self,0
2026-02-26,4967,0,Investment_Trust,0
2026-02-26,4967,0,Dealer_self,20000
2026-02-26,4967,152000,Dealer_Hedging,183780
2026-03-02,4967,2533102,Foreign_Investor,1298000
2026-03-02,4967,0,Foreign_Dealer_Self,0
2026-03-02,4967,0,Investment_Trust,65000
2026-03-02,4967,114000,Dealer_self,0
2026-03-02,4967,24975,Dealer_Hedging,41665
2026-03-03,4967,2301362,Foreign_Investor,2967878
2026-03-03,4967,0,Foreign_Dealer_Self,0
2026-03-03,4967,0,Investment_Trust,7000
2026-03-03,4967,32361,Dealer_self,1000
2026-03-03,4967,131337,Dealer_Hedging,137568
2026-03-04,4967,3309106,Foreign_Investor,1973100
2026-03-04,4967,0,Foreign_Dealer_Self,0
2026-03-04,4967,0,Investment_Trust,3000
2026-03-04,4967,8000,Dealer_self,6281
2026-03-04,4967,51716,Dealer_Hedging,58210
2026-03-05,4967,1096005,Foreign_Investor,1132000
2026-03-05,4967,0,Foreign_Dealer_Self,0
2026-03-05,4967,0,Investment_Trust,11000
2026-03-05,4967,25,Dealer_self,5000
2026-03-05,4967,20141,Dealer_Hedging,13692
2026-03-06,4967,1163437,Foreign_Investor,1938281
2026-03-06,4967,0,Foreign_Dealer_Self,0
2026-03-06,4967,0,Investment_Trust,5000
2026-03-06,4967,1000,Dealer_self,1337
2026-03-06,4967,21526,Dealer_Hedging,35968
2026-03-09,4967,2203568,Foreign_Investor,1530000
2026-03-09,4967,0,Foreign_Dealer_Self,0
2026-03-09,4967,0,Investment_Trust,0
2026-03-09,4967,5000,Dealer_self,7669
2026-03-09,4967,35040,Dealer_Hedging,43529
2026-03-10,4967,1247057,Foreign_Investor,1624000
2026-03-10,4967,0,Foreign_Dealer_Self,0
2026-03-10,4967,0,Investment_Trust,1000
2026-03-10,4967,5000,Dealer_self,0
2026-03-10,4967,18209,Dealer_Hedging,15838
2026-03-11,4967,1989333,Foreign_Investor,2143489
2026-03-11,4967,0,Foreign_Dealer_Self,0
2026-03-11,4967,1000,Investment_Trust,0
2026-03-11,4967,17000,Dealer_self,1519
2026-03-11,4967,40277,Dealer_Hedging,25995
2026-03-12,4967,2056300,Foreign_Investor,2885947
2026-03-12,4967,0,Foreign_Dealer_Self,0
2026-03-12,4967,0,Investment_Trust,2000
2026-03-12,4967,9000,Dealer_self,3000
2026-03-12,4967,45230,Dealer_Hedging,46928
2026-03-13,4967,2866857,Foreign_Investor,1430414
2026-03-13,4967,0,Foreign_Dealer_Self,0
2026-03-13,4967,0,Investment_Trust,0
2026-03-13,4967,2000,Dealer_self,2000
2026-03-13,4967,44009,Dealer_Hedging,42214
2026-03-16,4967,2380500,Foreign_Investor,4445802
2026-03-16,4967,0,Foreign_Dealer_Self,0
2026-03-16,4967,0,Investment_Trust,0
2026-03-16,4967,16173,Dealer_self,1000
2026-03-16,4967,116096,Dealer_Hedging,108418
2026-03-17,4967,5691000,Foreign_Investor,5096000
2026-03-17,4967,0,Foreign_Dealer_Self,0
2026-03-17,4967,0,Investment_Trust,0
2026-03-17,4967,39000,Dealer_self,68144
2026-03-17,4967,124844,Dealer_Hedging,101119
2026-03-18,4967,4089000,Foreign_Investor,1707806
2026-03-18,4967,0,Foreign_Dealer_Self,0
2026-03-18,4967,0,Investment_Trust,0
2026-03-18,4967,22000,Dealer_self,26000
2026-03-18,4967,89837,Dealer_Hedging,53219
2026-03-19,4967,8267010,Foreign_Investor,8025000
2026-03-19,4967,0,Foreign_Dealer_Self,0
2026-03-19,4967,0,Investment_Trust,5000
2026-03-19,4967,52000,Dealer_self,51000
2026-03-19,4967,180297,Dealer_Hedging,148628
2026-03-20,4967,12438497,Foreign_Investor,10809706
2026-03-20,4967,0,Foreign_Dealer_Self,0
2026-03-20,4967,0,Investment_Trust,1000
2026-03-20,4967,106000,Dealer_self,292000
2026-03-20,4967,209498,Dealer_Hedging,270575
2026-03-23,4967,7281070,Foreign_Investor,7084181
2026-03-23,4967,0,Foreign_Dealer_Self,0
2026-03-23,4967,0,Investment_Trust,0
2026-03-23,4967,6000,Dealer_self,79580
2026-03-23,4967,59785,Dealer_Hedging,84553
2026-03-24,4967,9751001,Foreign_Investor,10538000
2026-03-24,4967,0,Foreign_Dealer_Self,0
2026-03-24,4967,0,Investment_Trust,0
2026-03-24,4967,27000,Dealer_self,86000
2026-03-24,4967,70290,Dealer_Hedging,74439
2026-03-25,4967,4480100,Foreign_Investor,5383013
2026-03-25,4967,0,Foreign_Dealer_Self,0
2026-03-25,4967,0,Investment_Trust,1000
2026-03-25,4967,25000,Dealer_self,81000
2026-03-25,4967,62788,Dealer_Hedging,44184
2026-03-26,4967,3928055,Foreign_Investor,5161050
2026-03-26,4967,0,Foreign_Dealer_Self,0
2026-03-26,4967,0,Investment_Trust,2000
2026-03-26,4967,2298,Dealer_self,18000
2026-03-26,4967,84540,Dealer_Hedging,141856
2026-03-27,4967,3827850,Foreign_Investor,3758500
2026-03-27,4967,0,Foreign_Dealer_Self,0
2026-03-27,4967,0,Investment_Trust,1000
2026-03-27,4967,22000,Dealer_self,8000
2026-03-27,4967,75749,Dealer_Hedging,89059
2026-03-30,4967,3998000,Foreign_Investor,5047000
2026-03-30,4967,0,Foreign_Dealer_Self,0
2026-03-30,4967,0,Investment_Trust,0
2026-03-30,4967,12000,Dealer_self,17000
2026-03-30,4967,48920,Dealer_Hedging,51889
2026-03-31,4967,3944131,Foreign_Investor,3132000
2026-03-31,4967,0,Foreign_Dealer_Self,0
2026-03-31,4967,0,Investment_Trust,0
2026-03-31,4967,75000,Dealer_self,51000
2026-03-31,4967,50138,Dealer_Hedging,58799
2026-04-01,4967,2559000,Foreign_Investor,2814100
2026-04-01,4967,0,Foreign_Dealer_Self,0
2026-04-01,4967,0,Investment_Trust,2000
2026-04-01,4967,22000,Dealer_self,23000
2026-04-01,4967,30687,Dealer_Hedging,21865
2026-04-02,4967,2289000,Foreign_Investor,2810000
2026-04-02,4967,0,Foreign_Dealer_Self,0
2026-04-02,4967,0,Investment_Trust,1000
2026-04-02,4967,2000,Dealer_self,55000
2026-04-02,4967,27962,Dealer_Hedging,44908
2026-04-07,4967,2471250,Foreign_Investor,3447100
2026-04-07,4967,0,Foreign_Dealer_Self,0
2026-04-07,4967,0,Investment_Trust,0
2026-04-07,4967,8000,Dealer_self,18000
2026-04-07,4967,26582,Dealer_Hedging,36137
2026-04-08,4967,3118168,Foreign_Investor,4776030
2026-04-08,4967,0,Foreign_Dealer_Self,0
2026-04-08,4967,0,Investment_Trust,0
2026-04-08,4967,8104,Dealer_self,62291
2026-04-08,4967,28438,Dealer_Hedging,25395
2026-04-09,4967,2049034,Foreign_Investor,1870100
2026-04-09,4967,0,Foreign_Dealer_Self,0
2026-04-09,4967,0,Investment_Trust,9000
2026-04-09,4967,0,Dealer_self,32000
2026-04-09,4967,27000,Dealer_Hedging,45114
2026-04-10,4967,2054753,Foreign_Investor,4778000
2026-04-10,4967,0,Foreign_Dealer_Self,0
2026-04-10,4967,0,Investment_Trust,1000
2026-04-10,4967,4000,Dealer_self,34000
2026-04-10,4967,50202,Dealer_Hedging,56273
2026-04-13,4967,1465796,Foreign_Investor,1315050
2026-04-13,4967,0,Foreign_Dealer_Self,0
2026-04-13,4967,0,Investment_Trust,9000
2026-04-13,4967,0,Dealer_self,32000
2026-04-13,4967,14458,Dealer_Hedging,36557
2026-04-14,4967,3179000,Foreign_Investor,3153100
2026-04-14,4967,0,Foreign_Dealer_Self,0
2026-04-14,4967,0,Investment_Trust,0
2026-04-14,4967,7035,Dealer_self,32000
2026-04-14,4967,46266,Dealer_Hedging,43108
2026-04-15,4967,715000,Foreign_Investor,1372005
2026-04-15,4967,0,Foreign_Dealer_Self,0
2026-04-15,4967,0,Investment_Trust,1000
2026-04-15,4967,7000,Dealer_self,14164
2026-04-15,4967,64280,Dealer_Hedging,71249
2026-04-16,4967,1018500,Foreign_Investor,899000
2026-04-16,4967,0,Foreign_Dealer_Self,0
2026-04-16,4967,0,Investment_Trust,4000
2026-04-16,4967,9000,Dealer_self,18000
2026-04-16,4967,33511,Dealer_Hedging,35880
2026-04-17,4967,2448348,Foreign_Investor,2056200
2026-04-17,4967,0,Foreign_Dealer_Self,0
2026-04-17,4967,0,Investment_Trust,9000
2026-04-17,4967,160000,Dealer_self,60000
2026-04-17,4967,19087,Dealer_Hedging,19691
2026-04-20,4967,1550125,Foreign_Investor,1920000
2026-04-20,4967,0,Foreign_Dealer_Self,0
2026-04-20,4967,0,Investment_Trust,55000
2026-04-20,4967,0,Dealer_self,8036
2026-04-20,4967,23708,Dealer_Hedging,21580
2026-04-21,4967,3872504,Foreign_Investor,1795080
2026-04-21,4967,0,Foreign_Dealer_Self,0
2026-04-21,4967,0,Investment_Trust,53000
2026-04-21,4967,102000,Dealer_self,211000
2026-04-21,4967,121939,Dealer_Hedging,62468
2026-04-22,4967,8126029,Foreign_Investor,6808405
2026-04-22,4967,0,Foreign_Dealer_Self,0
2026-04-22,4967,0,Investment_Trust,50000
2026-04-22,4967,12000,Dealer_self,176000
2026-04-22,4967,220108,Dealer_Hedging,177222
2026-04-23,4967,9061007,Foreign_Investor,9239500
2026-04-23,4967,0,Foreign_Dealer_Self,0
2026-04-23,4967,0,Investment_Trust,46000
2026-04-23,4967,27000,Dealer_self,152340
2026-04-23,4967,148767,Dealer_Hedging,156518
2026-04-24,4967,4284040,Foreign_Investor,5327510
2026-04-24,4967,0,Foreign_Dealer_Self,0
2026-04-24,4967,0,Investment_Trust,40000
2026-04-24,4967,20000,Dealer_self,35089
2026-04-24,4967,73445,Dealer_Hedging,39059
2026-04-27,4967,6341030,Foreign_Investor,5327228
2026-04-27,4967,0,Foreign_Dealer_Self,0
2026-04-27,4967,0,Investment_Trust,0
2026-04-27,4967,118000,Dealer_self,188408
2026-04-27,4967,505255,Dealer_Hedging,89048
2026-04-28,4967,13430606,Foreign_Investor,14031551
2026-04-28,4967,0,Foreign_Dealer_Self,0
2026-04-28,4967,0,Investment_Trust,0
2026-04-28,4967,21715,Dealer_self,122524
2026-04-28,4967,339715,Dealer_Hedging,476429
2026-04-29,4967,12312635,Foreign_Investor,13288258
2026-04-29,4967,0,Foreign_Dealer_Self,0
2026-04-29,4967,0,Investment_Trust,0
2026-04-29,4967,100000,Dealer_self,245361
2026-04-29,4967,566216,Dealer_Hedging,696278
2026-04-30,4967,7109514,Foreign_Investor,6517510
2026-04-30,4967,0,Foreign_Dealer_Self,0
2026-04-30,4967,0,Investment_Trust,0
2026-04-30,4967,28000,Dealer_self,61129
2026-04-30,4967,175147,Dealer_Hedging,221577
2026-05-04,4967,4207000,Foreign_Investor,3394000
2026-05-04,4967,0,Foreign_Dealer_Self,0
2026-05-04,4967,0,Investment_Trust,0
2026-05-04,4967,2300,Dealer_self,235076
2026-05-04,4967,24866,Dealer_Hedging,15911
2026-05-05,4967,5128775,Foreign_Investor,3501989
2026-05-05,4967,0,Foreign_Dealer_Self,0
2026-05-05,4967,0,Investment_Trust,0
2026-05-05,4967,6000,Dealer_self,147042
2026-05-05,4967,64408,Dealer_Hedging,31563
2026-05-06,4967,8585811,Foreign_Investor,10359868
2026-05-06,4967,0,Foreign_Dealer_Self,0
2026-05-06,4967,0,Investment_Trust,0
2026-05-06,4967,27114,Dealer_self,168085
2026-05-06,4967,149449,Dealer_Hedging,127179
2026-05-07,4967,8640204,Foreign_Investor,7632474
2026-05-07,4967,0,Foreign_Dealer_Self,0
2026-05-07,4967,0,Investment_Trust,0
2026-05-07,4967,25000,Dealer_self,159512
2026-05-07,4967,240866,Dealer_Hedging,163362
2026-05-08,4967,5713678,Foreign_Investor,4854937
2026-05-08,4967,0,Foreign_Dealer_Self,0
2026-05-08,4967,0,Investment_Trust,0
2026-05-08,4967,6000,Dealer_self,90850
2026-05-08,4967,105518,Dealer_Hedging,130261
2026-05-11,4967,4181772,Foreign_Investor,6851390
2026-05-11,4967,0,Foreign_Dealer_Self,0
2026-05-11,4967,0,Investment_Trust,0
2026-05-11,4967,4000,Dealer_self,131300
2026-05-11,4967,196486,Dealer_Hedging,220344
2026-05-12,4967,3318921,Foreign_Investor,3198032
2026-05-12,4967,0,Foreign_Dealer_Self,0
2026-05-12,4967,0,Investment_Trust,0
2026-05-12,4967,59,Dealer_self,145000
2026-05-12,4967,83444,Dealer_Hedging,81887
2026-05-13,4967,2555288,Foreign_Investor,2749433
2026-05-13,4967,0,Foreign_Dealer_Self,0
2026-05-13,4967,0,Investment_Trust,0
2026-05-13,4967,1000,Dealer_self,70000
2026-05-13,4967,94824,Dealer_Hedging,103193
2026-05-14,4967,2777726,Foreign_Investor,3341925
2026-05-14,4967,0,Foreign_Dealer_Self,0
2026-05-14,4967,0,Investment_Trust,0
2026-05-14,4967,0,Dealer_self,54306
2026-05-14,4967,59938,Dealer_Hedging,46026
2026-05-15,4967,1889863,Foreign_Investor,2896128
2026-05-15,4967,0,Foreign_Dealer_Self,0
2026-05-15,4967,0,Investment_Trust,0
2026-05-15,4967,0,Dealer_self,49561
2026-05-15,4967,106906,Dealer_Hedging,107841
2026-05-18,4967,1876218,Foreign_Investor,1566248
2026-05-18,4967,0,Foreign_Dealer_Self,0
2026-05-18,4967,0,Investment_Trust,0
2026-05-18,4967,0,Dealer_self,27000
2026-05-18,4967,45656,Dealer_Hedging,45722
2026-05-19,4967,1437721,Foreign_Investor,3318543
2026-05-19,4967,0,Foreign_Dealer_Self,0
2026-05-19,4967,3600,Investment_Trust,0
2026-05-19,4967,4000,Dealer_self,100201
2026-05-19,4967,151648,Dealer_Hedging,156474
2026-05-20,4967,1219010,Foreign_Investor,1347361
2026-05-20,4967,0,Foreign_Dealer_Self,0
2026-05-20,4967,0,Investment_Trust,0
2026-05-20,4967,1000,Dealer_self,62050
2026-05-20,4967,54993,Dealer_Hedging,32134
2026-05-21,4967,1002138,Foreign_Investor,1442349
2026-05-21,4967,0,Foreign_Dealer_Self,0
2026-05-21,4967,0,Investment_Trust,0
2026-05-21,4967,29000,Dealer_self,57684
2026-05-21,4967,43379,Dealer_Hedging,30410
2026-05-22,4967,949005,Foreign_Investor,1380947
2026-05-22,4967,0,Foreign_Dealer_Self,0
2026-05-22,4967,0,Investment_Trust,0
2026-05-22,4967,2000,Dealer_self,26000
2026-05-22,4967,48077,Dealer_Hedging,39147
2026-05-25,4967,1796159,Foreign_Investor,1521824
2026-05-25,4967,0,Foreign_Dealer_Self,0
2026-05-25,4967,0,Investment_Trust,0
2026-05-25,4967,4000,Dealer_self,33576
2026-05-25,4967,41176,Dealer_Hedging,35674
2026-05-26,4967,1210030,Foreign_Investor,2085067
2026-05-26,4967,0,Foreign_Dealer_Self,0
2026-05-26,4967,0,Investment_Trust,0
2026-05-26,4967,3000,Dealer_self,52070
2026-05-26,4967,67843,Dealer_Hedging,93063
2026-05-27,4967,2100164,Foreign_Investor,3785310
2026-05-27,4967,0,Foreign_Dealer_Self,0
2026-05-27,4967,0,Investment_Trust,0
2026-05-27,4967,4000,Dealer_self,9604
2026-05-27,4967,108459,Dealer_Hedging,105133
2026-05-28,4967,5235524,Foreign_Investor,2904200
2026-05-28,4967,0,Foreign_Dealer_Self,0
2026-05-28,4967,0,Investment_Trust,0
2026-05-28,4967,20000,Dealer_self,46227
2026-05-28,4967,131913,Dealer_Hedging,112331
2026-05-29,4967,965250,Foreign_Investor,1604645
2026-05-29,4967,0,Foreign_Dealer_Self,0
2026-05-29,4967,0,Investment_Trust,0
2026-05-29,4967,0,Dealer_self,30000
2026-05-29,4967,45286,Dealer_Hedging,42330
2026-06-01,4967,4226004,Foreign_Investor,2351401
2026-06-01,4967,0,Foreign_Dealer_Self,0
2026-06-01,4967,0,Investment_Trust,0
2026-06-01,4967,36000,Dealer_self,108340
2026-06-01,4967,197115,Dealer_Hedging,93981
2026-06-02,4967,8482230,Foreign_Investor,6576537
2026-06-02,4967,0,Foreign_Dealer_Self,0
2026-06-02,4967,0,Investment_Trust,0
2026-06-02,4967,18000,Dealer_self,193401
2026-06-02,4967,331120,Dealer_Hedging,231518
2026-06-03,4967,3496646,Foreign_Investor,5864763
2026-06-03,4967,0,Foreign_Dealer_Self,0
2026-06-03,4967,0,Investment_Trust,0
2026-06-03,4967,1000,Dealer_self,55920
2026-06-03,4967,129135,Dealer_Hedging,169432
2026-06-04,4967,6653052,Foreign_Investor,2231856
2026-06-04,4967,0,Foreign_Dealer_Self,0
2026-06-04,4967,0,Investment_Trust,0
2026-06-04,4967,34000,Dealer_self,74298
2026-06-04,4967,205672,Dealer_Hedging,171191
2026-06-05,4967,2243120,Foreign_Investor,5983772
2026-06-05,4967,0,Foreign_Dealer_Self,0
2026-06-05,4967,0,Investment_Trust,0
2026-06-05,4967,22000,Dealer_self,49311
2026-06-05,4967,259432,Dealer_Hedging,286547
2026-06-08,4967,1753905,Foreign_Investor,2819703
2026-06-08,4967,0,Foreign_Dealer_Self,0
2026-06-08,4967,0,Investment_Trust,0
2026-06-08,4967,1000,Dealer_self,28000
2026-06-08,4967,123931,Dealer_Hedging,101490
2026-06-09,4967,3255345,Foreign_Investor,2221000
2026-06-09,4967,0,Foreign_Dealer_Self,0
2026-06-09,4967,0,Investment_Trust,0
2026-06-09,4967,18000,Dealer_self,6255
2026-06-09,4967,101886,Dealer_Hedging,41153
2026-06-10,4967,1595295,Foreign_Investor,2956658
2026-06-10,4967,0,Foreign_Dealer_Self,0
2026-06-10,4967,0,Investment_Trust,0
2026-06-10,4967,6000,Dealer_self,26124
2026-06-10,4967,41408,Dealer_Hedging,94956
2026-06-11,4967,3909935,Foreign_Investor,2199420
2026-06-11,4967,0,Foreign_Dealer_Self,0
2026-06-11,4967,0,Investment_Trust,0
2026-06-11,4967,17100,Dealer_self,45660
2026-06-11,4967,109685,Dealer_Hedging,55763
2026-06-12,4967,1643368,Foreign_Investor,3721027
2026-06-12,4967,0,Foreign_Dealer_Self,0
2026-06-12,4967,0,Investment_Trust,0
2026-06-12,4967,0,Dealer_self,92292
2026-06-12,4967,84133,Dealer_Hedging,151316
2026-06-15,4967,2344561,Foreign_Investor,1267417
2026-06-15,4967,0,Foreign_Dealer_Self,0
2026-06-15,4967,0,Investment_Trust,0
2026-06-15,4967,24000,Dealer_self,41946
2026-06-15,4967,55051,Dealer_Hedging,13566
