date,stock_id,buy,name,sell
2024-05-08,4991,10000,Foreign_Investor,30000
2024-05-08,4991,0,Foreign_Dealer_Self,0
2024-05-08,4991,0,Investment_Trust,0
2024-05-08,4991,0,Dealer_self,0
2024-05-08,4991,0,Dealer_Hedging,0
2024-05-09,4991,54000,Foreign_Investor,12000
2024-05-09,4991,0,Foreign_Dealer_Self,0
2024-05-09,4991,0,Investment_Trust,0
2024-05-09,4991,0,Dealer_self,0
2024-05-09,4991,0,Dealer_Hedging,0
2024-05-10,4991,25000,Foreign_Investor,18000
2024-05-10,4991,0,Foreign_Dealer_Self,0
2024-05-10,4991,0,Investment_Trust,0
2024-05-10,4991,0,Dealer_self,0
2024-05-10,4991,0,Dealer_Hedging,0
2024-05-13,4991,21000,Foreign_Investor,22000
2024-05-13,4991,0,Foreign_Dealer_Self,0
2024-05-13,4991,0,Investment_Trust,0
2024-05-13,4991,0,Dealer_self,0
2024-05-13,4991,0,Dealer_Hedging,0
2024-05-14,4991,21000,Foreign_Investor,35000
2024-05-14,4991,0,Foreign_Dealer_Self,0
2024-05-14,4991,0,Investment_Trust,0
2024-05-14,4991,0,Dealer_self,0
2024-05-14,4991,0,Dealer_Hedging,0
2024-05-15,4991,17000,Foreign_Investor,75500
2024-05-15,4991,0,Foreign_Dealer_Self,0
2024-05-15,4991,0,Investment_Trust,0
2024-05-15,4991,0,Dealer_self,0
2024-05-15,4991,0,Dealer_Hedging,0
2024-05-16,4991,21000,Foreign_Investor,10000
2024-05-16,4991,0,Foreign_Dealer_Self,0
2024-05-16,4991,0,Investment_Trust,0
2024-05-16,4991,0,Dealer_self,0
2024-05-16,4991,0,Dealer_Hedging,0
2024-05-17,4991,9000,Foreign_Investor,11000
2024-05-17,4991,0,Foreign_Dealer_Self,0
2024-05-17,4991,0,Investment_Trust,0
2024-05-17,4991,0,Dealer_self,0
2024-05-17,4991,0,Dealer_Hedging,0
2024-05-20,4991,6001,Foreign_Investor,16000
2024-05-20,4991,0,Foreign_Dealer_Self,0
2024-05-20,4991,0,Investment_Trust,0
2024-05-20,4991,0,Dealer_self,0
2024-05-20,4991,0,Dealer_Hedging,0
2024-05-21,4991,4000,Foreign_Investor,3000
2024-05-21,4991,0,Foreign_Dealer_Self,0
2024-05-21,4991,0,Investment_Trust,0
2024-05-21,4991,0,Dealer_self,0
2024-05-21,4991,0,Dealer_Hedging,0
2024-05-22,4991,7000,Foreign_Investor,11000
2024-05-22,4991,0,Foreign_Dealer_Self,0
2024-05-22,4991,0,Investment_Trust,0
2024-05-22,4991,0,Dealer_self,0
2024-05-22,4991,0,Dealer_Hedging,0
2024-05-23,4991,15000,Foreign_Investor,20000
2024-05-23,4991,0,Foreign_Dealer_Self,0
2024-05-23,4991,0,Investment_Trust,0
2024-05-23,4991,0,Dealer_self,1000
2024-05-23,4991,0,Dealer_Hedging,0
2024-05-24,4991,1000,Foreign_Investor,3000
2024-05-24,4991,0,Foreign_Dealer_Self,0
2024-05-24,4991,0,Investment_Trust,0
2024-05-24,4991,0,Dealer_self,0
2024-05-24,4991,0,Dealer_Hedging,0
2024-05-27,4991,91000,Foreign_Investor,33000
2024-05-27,4991,0,Foreign_Dealer_Self,0
2024-05-27,4991,0,Investment_Trust,0
2024-05-27,4991,0,Dealer_self,0
2024-05-27,4991,0,Dealer_Hedging,0
2024-05-28,4991,35000,Foreign_Investor,61000
2024-05-28,4991,0,Foreign_Dealer_Self,0
2024-05-28,4991,0,Investment_Trust,0
2024-05-28,4991,0,Dealer_self,0
2024-05-28,4991,0,Dealer_Hedging,0
2024-05-29,4991,35000,Foreign_Investor,29000
2024-05-29,4991,0,Foreign_Dealer_Self,0
2024-05-29,4991,0,Investment_Trust,0
2024-05-29,4991,0,Dealer_self,0
2024-05-29,4991,0,Dealer_Hedging,0
2024-05-30,4991,18000,Foreign_Investor,64000
2024-05-30,4991,0,Foreign_Dealer_Self,0
2024-05-30,4991,0,Investment_Trust,0
2024-05-30,4991,0,Dealer_self,0
2024-05-30,4991,0,Dealer_Hedging,0
2024-05-31,4991,34000,Foreign_Investor,16662
2024-05-31,4991,0,Foreign_Dealer_Self,0
2024-05-31,4991,0,Investment_Trust,0
2024-05-31,4991,0,Dealer_self,2000
2024-05-31,4991,0,Dealer_Hedging,0
2024-06-03,4991,6000,Foreign_Investor,29000
2024-06-03,4991,0,Foreign_Dealer_Self,0
2024-06-03,4991,0,Investment_Trust,0
2024-06-03,4991,1000,Dealer_self,0
2024-06-03,4991,0,Dealer_Hedging,0
2024-06-04,4991,7000,Foreign_Investor,31000
2024-06-04,4991,0,Foreign_Dealer_Self,0
2024-06-04,4991,0,Investment_Trust,0
2024-06-04,4991,0,Dealer_self,1000
2024-06-04,4991,0,Dealer_Hedging,0
2024-06-05,4991,48000,Foreign_Investor,21000
2024-06-05,4991,0,Foreign_Dealer_Self,0
2024-06-05,4991,0,Investment_Trust,0
2024-06-05,4991,2000,Dealer_self,0
2024-06-05,4991,0,Dealer_Hedging,0
2024-06-06,4991,18000,Foreign_Investor,30000
2024-06-06,4991,0,Foreign_Dealer_Self,0
2024-06-06,4991,0,Investment_Trust,0
2024-06-06,4991,0,Dealer_self,0
2024-06-06,4991,0,Dealer_Hedging,0
2024-06-07,4991,47000,Foreign_Investor,11428
2024-06-07,4991,0,Foreign_Dealer_Self,0
2024-06-07,4991,0,Investment_Trust,0
2024-06-07,4991,0,Dealer_self,0
2024-06-07,4991,0,Dealer_Hedging,0
2024-06-11,4991,27000,Foreign_Investor,32500
2024-06-11,4991,0,Foreign_Dealer_Self,0
2024-06-11,4991,0,Investment_Trust,0
2024-06-11,4991,0,Dealer_self,0
2024-06-11,4991,0,Dealer_Hedging,0
2024-06-12,4991,86000,Foreign_Investor,57710
2024-06-12,4991,0,Foreign_Dealer_Self,0
2024-06-12,4991,0,Investment_Trust,0
2024-06-12,4991,0,Dealer_self,0
2024-06-12,4991,0,Dealer_Hedging,0
2024-06-13,4991,81000,Foreign_Investor,137500
2024-06-13,4991,0,Foreign_Dealer_Self,0
2024-06-13,4991,0,Investment_Trust,0
2024-06-13,4991,0,Dealer_self,0
2024-06-13,4991,0,Dealer_Hedging,0
2024-06-14,4991,83001,Foreign_Investor,53500
2024-06-14,4991,0,Foreign_Dealer_Self,0
2024-06-14,4991,0,Investment_Trust,0
2024-06-14,4991,0,Dealer_self,2000
2024-06-14,4991,0,Dealer_Hedging,0
2024-06-17,4991,94000,Foreign_Investor,41000
2024-06-17,4991,0,Foreign_Dealer_Self,0
2024-06-17,4991,0,Investment_Trust,0
2024-06-17,4991,0,Dealer_self,0
2024-06-17,4991,0,Dealer_Hedging,0
2024-06-18,4991,38000,Foreign_Investor,32000
2024-06-18,4991,0,Foreign_Dealer_Self,0
2024-06-18,4991,0,Investment_Trust,0
2024-06-18,4991,0,Dealer_self,0
2024-06-18,4991,0,Dealer_Hedging,0
2024-06-19,4991,45000,Foreign_Investor,68000
2024-06-19,4991,0,Foreign_Dealer_Self,0
2024-06-19,4991,0,Investment_Trust,0
2024-06-19,4991,0,Dealer_self,0
2024-06-19,4991,0,Dealer_Hedging,0
2024-06-20,4991,40000,Foreign_Investor,19000
2024-06-20,4991,0,Foreign_Dealer_Self,0
2024-06-20,4991,0,Investment_Trust,0
2024-06-20,4991,0,Dealer_self,0
2024-06-20,4991,0,Dealer_Hedging,0
2024-06-21,4991,35000,Foreign_Investor,25000
2024-06-21,4991,0,Foreign_Dealer_Self,0
2024-06-21,4991,0,Investment_Trust,0
2024-06-21,4991,0,Dealer_self,0
2024-06-21,4991,0,Dealer_Hedging,0
2024-06-24,4991,37000,Foreign_Investor,28000
2024-06-24,4991,0,Foreign_Dealer_Self,0
2024-06-24,4991,0,Investment_Trust,0
2024-06-24,4991,0,Dealer_self,0
2024-06-24,4991,0,Dealer_Hedging,0
2024-06-25,4991,75000,Foreign_Investor,40000
2024-06-25,4991,0,Foreign_Dealer_Self,0
2024-06-25,4991,0,Investment_Trust,0
2024-06-25,4991,0,Dealer_self,0
2024-06-25,4991,0,Dealer_Hedging,0
2024-06-26,4991,14000,Foreign_Investor,39000
2024-06-26,4991,0,Foreign_Dealer_Self,0
2024-06-26,4991,0,Investment_Trust,0
2024-06-26,4991,0,Dealer_self,0
2024-06-26,4991,0,Dealer_Hedging,0
2024-06-27,4991,52000,Foreign_Investor,30000
2024-06-27,4991,0,Foreign_Dealer_Self,0
2024-06-27,4991,0,Investment_Trust,0
2024-06-27,4991,0,Dealer_self,0
2024-06-27,4991,0,Dealer_Hedging,0
2024-06-28,4991,39000,Foreign_Investor,10000
2024-06-28,4991,0,Foreign_Dealer_Self,0
2024-06-28,4991,0,Investment_Trust,0
2024-06-28,4991,0,Dealer_self,0
2024-06-28,4991,0,Dealer_Hedging,0
2024-07-01,4991,53000,Foreign_Investor,27000
2024-07-01,4991,0,Foreign_Dealer_Self,0
2024-07-01,4991,0,Investment_Trust,0
2024-07-01,4991,0,Dealer_self,0
2024-07-01,4991,0,Dealer_Hedging,0
2024-07-02,4991,14000,Foreign_Investor,49500
2024-07-02,4991,0,Foreign_Dealer_Self,0
2024-07-02,4991,0,Investment_Trust,0
2024-07-02,4991,0,Dealer_self,0
2024-07-02,4991,0,Dealer_Hedging,0
2024-07-03,4991,50000,Foreign_Investor,42000
2024-07-03,4991,0,Foreign_Dealer_Self,0
2024-07-03,4991,0,Investment_Trust,0
2024-07-03,4991,0,Dealer_self,0
2024-07-03,4991,0,Dealer_Hedging,0
2024-07-04,4991,14000,Foreign_Investor,44000
2024-07-04,4991,0,Foreign_Dealer_Self,0
2024-07-04,4991,0,Investment_Trust,0
2024-07-04,4991,0,Dealer_self,0
2024-07-04,4991,0,Dealer_Hedging,0
2024-07-05,4991,86000,Foreign_Investor,8000
2024-07-05,4991,0,Foreign_Dealer_Self,0
2024-07-05,4991,0,Investment_Trust,0
2024-07-05,4991,0,Dealer_self,0
2024-07-05,4991,0,Dealer_Hedging,0
2024-07-08,4991,130000,Foreign_Investor,82000
2024-07-08,4991,0,Foreign_Dealer_Self,0
2024-07-08,4991,0,Investment_Trust,0
2024-07-08,4991,0,Dealer_self,0
2024-07-08,4991,0,Dealer_Hedging,0
2024-07-09,4991,96000,Foreign_Investor,140000
2024-07-09,4991,0,Foreign_Dealer_Self,0
2024-07-09,4991,0,Investment_Trust,0
2024-07-09,4991,0,Dealer_self,0
2024-07-09,4991,0,Dealer_Hedging,0
2024-07-10,4991,145000,Foreign_Investor,42000
2024-07-10,4991,0,Foreign_Dealer_Self,0
2024-07-10,4991,0,Investment_Trust,0
2024-07-10,4991,0,Dealer_self,0
2024-07-10,4991,0,Dealer_Hedging,0
2024-07-11,4991,40000,Foreign_Investor,31000
2024-07-11,4991,0,Foreign_Dealer_Self,0
2024-07-11,4991,0,Investment_Trust,0
2024-07-11,4991,0,Dealer_self,0
2024-07-11,4991,0,Dealer_Hedging,0
2024-07-12,4991,49000,Foreign_Investor,45000
2024-07-12,4991,0,Foreign_Dealer_Self,0
2024-07-12,4991,0,Investment_Trust,0
2024-07-12,4991,0,Dealer_self,0
2024-07-12,4991,0,Dealer_Hedging,0
2024-07-15,4991,148000,Foreign_Investor,27000
2024-07-15,4991,0,Foreign_Dealer_Self,0
2024-07-15,4991,0,Investment_Trust,0
2024-07-15,4991,0,Dealer_self,0
2024-07-15,4991,0,Dealer_Hedging,0
2024-07-16,4991,46000,Foreign_Investor,25000
2024-07-16,4991,0,Foreign_Dealer_Self,0
2024-07-16,4991,0,Investment_Trust,0
2024-07-16,4991,0,Dealer_self,0
2024-07-16,4991,0,Dealer_Hedging,0
2024-07-17,4991,48000,Foreign_Investor,32000
2024-07-17,4991,0,Foreign_Dealer_Self,0
2024-07-17,4991,0,Investment_Trust,0
2024-07-17,4991,0,Dealer_self,0
2024-07-17,4991,0,Dealer_Hedging,0
2024-07-18,4991,109000,Foreign_Investor,83000
2024-07-18,4991,0,Foreign_Dealer_Self,0
2024-07-18,4991,0,Investment_Trust,0
2024-07-18,4991,0,Dealer_self,0
2024-07-18,4991,0,Dealer_Hedging,0
2024-07-19,4991,11000,Foreign_Investor,36000
2024-07-19,4991,0,Foreign_Dealer_Self,0
2024-07-19,4991,0,Investment_Trust,0
2024-07-19,4991,0,Dealer_self,0
2024-07-19,4991,0,Dealer_Hedging,0
2024-07-22,4991,88000,Foreign_Investor,40000
2024-07-22,4991,0,Foreign_Dealer_Self,0
2024-07-22,4991,0,Investment_Trust,0
2024-07-22,4991,0,Dealer_self,0
2024-07-22,4991,0,Dealer_Hedging,0
2024-07-23,4991,41000,Foreign_Investor,33000
2024-07-23,4991,0,Foreign_Dealer_Self,0
2024-07-23,4991,0,Investment_Trust,0
2024-07-23,4991,0,Dealer_self,0
2024-07-23,4991,0,Dealer_Hedging,0
2024-07-26,4991,201000,Foreign_Investor,104000
2024-07-26,4991,0,Foreign_Dealer_Self,0
2024-07-26,4991,0,Investment_Trust,0
2024-07-26,4991,0,Dealer_self,0
2024-07-26,4991,0,Dealer_Hedging,0
2024-07-29,4991,35000,Foreign_Investor,34000
2024-07-29,4991,0,Foreign_Dealer_Self,0
2024-07-29,4991,0,Investment_Trust,0
2024-07-29,4991,0,Dealer_self,0
2024-07-29,4991,0,Dealer_Hedging,0
2024-07-30,4991,28000,Foreign_Investor,8000
2024-07-30,4991,0,Foreign_Dealer_Self,0
2024-07-30,4991,0,Investment_Trust,0
2024-07-30,4991,0,Dealer_self,0
2024-07-30,4991,0,Dealer_Hedging,0
2024-07-31,4991,23000,Foreign_Investor,40000
2024-07-31,4991,0,Foreign_Dealer_Self,0
2024-07-31,4991,0,Investment_Trust,0
2024-07-31,4991,0,Dealer_self,0
2024-07-31,4991,0,Dealer_Hedging,0
2024-08-01,4991,16000,Foreign_Investor,40000
2024-08-01,4991,0,Foreign_Dealer_Self,0
2024-08-01,4991,0,Investment_Trust,0
2024-08-01,4991,0,Dealer_self,0
2024-08-01,4991,0,Dealer_Hedging,0
2024-08-02,4991,19000,Foreign_Investor,116000
2024-08-02,4991,0,Foreign_Dealer_Self,0
2024-08-02,4991,0,Investment_Trust,0
2024-08-02,4991,0,Dealer_self,0
2024-08-02,4991,0,Dealer_Hedging,0
2024-08-05,4991,51000,Foreign_Investor,59000
2024-08-05,4991,0,Foreign_Dealer_Self,0
2024-08-05,4991,0,Investment_Trust,0
2024-08-05,4991,0,Dealer_self,0
2024-08-05,4991,0,Dealer_Hedging,0
2024-08-06,4991,10000,Foreign_Investor,16000
2024-08-06,4991,0,Foreign_Dealer_Self,0
2024-08-06,4991,0,Investment_Trust,0
2024-08-06,4991,0,Dealer_self,0
2024-08-06,4991,0,Dealer_Hedging,0
2024-08-07,4991,26000,Foreign_Investor,62000
2024-08-07,4991,0,Foreign_Dealer_Self,0
2024-08-07,4991,0,Investment_Trust,0
2024-08-07,4991,0,Dealer_self,0
2024-08-07,4991,0,Dealer_Hedging,0
2024-08-08,4991,6000,Foreign_Investor,25000
2024-08-08,4991,0,Foreign_Dealer_Self,0
2024-08-08,4991,0,Investment_Trust,0
2024-08-08,4991,0,Dealer_self,0
2024-08-08,4991,0,Dealer_Hedging,0
2024-08-09,4991,22000,Foreign_Investor,55000
2024-08-09,4991,0,Foreign_Dealer_Self,0
2024-08-09,4991,0,Investment_Trust,0
2024-08-09,4991,0,Dealer_self,0
2024-08-09,4991,0,Dealer_Hedging,0
2024-08-12,4991,20000,Foreign_Investor,43000
2024-08-12,4991,0,Foreign_Dealer_Self,0
2024-08-12,4991,0,Investment_Trust,0
2024-08-12,4991,0,Dealer_self,0
2024-08-12,4991,0,Dealer_Hedging,0
2024-08-13,4991,22000,Foreign_Investor,18000
2024-08-13,4991,0,Foreign_Dealer_Self,0
2024-08-13,4991,0,Investment_Trust,0
2024-08-13,4991,0,Dealer_self,0
2024-08-13,4991,0,Dealer_Hedging,0
2024-08-14,4991,29000,Foreign_Investor,18000
2024-08-14,4991,0,Foreign_Dealer_Self,0
2024-08-14,4991,0,Investment_Trust,0
2024-08-14,4991,0,Dealer_self,0
2024-08-14,4991,0,Dealer_Hedging,0
2024-08-15,4991,22000,Foreign_Investor,24000
2024-08-15,4991,0,Foreign_Dealer_Self,0
2024-08-15,4991,0,Investment_Trust,0
2024-08-15,4991,0,Dealer_self,0
2024-08-15,4991,0,Dealer_Hedging,0
2024-08-16,4991,3000,Foreign_Investor,19000
2024-08-16,4991,0,Foreign_Dealer_Self,0
2024-08-16,4991,0,Investment_Trust,0
2024-08-16,4991,0,Dealer_self,0
2024-08-16,4991,0,Dealer_Hedging,0
2024-08-19,4991,61000,Foreign_Investor,35000
2024-08-19,4991,0,Foreign_Dealer_Self,0
2024-08-19,4991,0,Investment_Trust,0
2024-08-19,4991,0,Dealer_self,0
2024-08-19,4991,0,Dealer_Hedging,0
2024-08-20,4991,15000,Foreign_Investor,43000
2024-08-20,4991,0,Foreign_Dealer_Self,0
2024-08-20,4991,0,Investment_Trust,0
2024-08-20,4991,0,Dealer_self,0
2024-08-20,4991,0,Dealer_Hedging,0
2024-08-21,4991,5000,Foreign_Investor,23000
2024-08-21,4991,0,Foreign_Dealer_Self,0
2024-08-21,4991,0,Investment_Trust,0
2024-08-21,4991,0,Dealer_self,0
2024-08-21,4991,0,Dealer_Hedging,0
2024-08-22,4991,11000,Foreign_Investor,15000
2024-08-22,4991,0,Foreign_Dealer_Self,0
2024-08-22,4991,0,Investment_Trust,0
2024-08-22,4991,0,Dealer_self,0
2024-08-22,4991,0,Dealer_Hedging,0
2024-08-23,4991,4000,Foreign_Investor,8000
2024-08-23,4991,0,Foreign_Dealer_Self,0
2024-08-23,4991,0,Investment_Trust,0
2024-08-23,4991,0,Dealer_self,0
2024-08-23,4991,0,Dealer_Hedging,0
2024-08-26,4991,1000,Foreign_Investor,3000
2024-08-26,4991,0,Foreign_Dealer_Self,0
2024-08-26,4991,0,Investment_Trust,0
2024-08-26,4991,0,Dealer_self,0
2024-08-26,4991,0,Dealer_Hedging,0
2024-08-27,4991,4000,Foreign_Investor,4000
2024-08-27,4991,0,Foreign_Dealer_Self,0
2024-08-27,4991,0,Investment_Trust,0
2024-08-27,4991,0,Dealer_self,0
2024-08-27,4991,0,Dealer_Hedging,0
2024-08-28,4991,61000,Foreign_Investor,19000
2024-08-28,4991,0,Foreign_Dealer_Self,0
2024-08-28,4991,0,Investment_Trust,0
2024-08-28,4991,0,Dealer_self,0
2024-08-28,4991,0,Dealer_Hedging,0
2024-08-29,4991,6000,Foreign_Investor,23000
2024-08-29,4991,0,Foreign_Dealer_Self,0
2024-08-29,4991,0,Investment_Trust,0
2024-08-29,4991,0,Dealer_self,0
2024-08-29,4991,0,Dealer_Hedging,0
2024-08-30,4991,28000,Foreign_Investor,40000
2024-08-30,4991,0,Foreign_Dealer_Self,0
2024-08-30,4991,0,Investment_Trust,0
2024-08-30,4991,0,Dealer_self,0
2024-08-30,4991,0,Dealer_Hedging,0
2024-09-02,4991,3000,Foreign_Investor,1000
2024-09-02,4991,0,Foreign_Dealer_Self,0
2024-09-02,4991,0,Investment_Trust,0
2024-09-02,4991,0,Dealer_self,0
2024-09-02,4991,0,Dealer_Hedging,0
2024-09-03,4991,87000,Foreign_Investor,29000
2024-09-03,4991,0,Foreign_Dealer_Self,0
2024-09-03,4991,0,Investment_Trust,0
2024-09-03,4991,0,Dealer_self,0
2024-09-03,4991,0,Dealer_Hedging,0
2024-09-04,4991,32000,Foreign_Investor,31000
2024-09-04,4991,0,Foreign_Dealer_Self,0
2024-09-04,4991,0,Investment_Trust,0
2024-09-04,4991,0,Dealer_self,0
2024-09-04,4991,0,Dealer_Hedging,0
2024-09-05,4991,4000,Foreign_Investor,35000
2024-09-05,4991,0,Foreign_Dealer_Self,0
2024-09-05,4991,0,Investment_Trust,0
2024-09-05,4991,0,Dealer_self,0
2024-09-05,4991,0,Dealer_Hedging,0
2024-09-06,4991,25000,Foreign_Investor,12000
2024-09-06,4991,0,Foreign_Dealer_Self,0
2024-09-06,4991,0,Investment_Trust,0
2024-09-06,4991,0,Dealer_self,0
2024-09-06,4991,0,Dealer_Hedging,0
2024-09-09,4991,28000,Foreign_Investor,11000
2024-09-09,4991,0,Foreign_Dealer_Self,0
2024-09-09,4991,0,Investment_Trust,0
2024-09-09,4991,0,Dealer_self,0
2024-09-09,4991,0,Dealer_Hedging,0
2024-09-10,4991,17000,Foreign_Investor,34000
2024-09-10,4991,0,Foreign_Dealer_Self,0
2024-09-10,4991,0,Investment_Trust,0
2024-09-10,4991,0,Dealer_self,0
2024-09-10,4991,0,Dealer_Hedging,0
2024-09-11,4991,12000,Foreign_Investor,8000
2024-09-11,4991,0,Foreign_Dealer_Self,0
2024-09-11,4991,0,Investment_Trust,0
2024-09-11,4991,0,Dealer_self,0
2024-09-11,4991,0,Dealer_Hedging,0
2024-09-12,4991,3000,Foreign_Investor,5000
2024-09-12,4991,0,Foreign_Dealer_Self,0
2024-09-12,4991,0,Investment_Trust,0
2024-09-12,4991,0,Dealer_self,0
2024-09-12,4991,0,Dealer_Hedging,0
2024-09-13,4991,2000,Foreign_Investor,7000
2024-09-13,4991,0,Foreign_Dealer_Self,0
2024-09-13,4991,0,Investment_Trust,0
2024-09-13,4991,0,Dealer_self,0
2024-09-13,4991,0,Dealer_Hedging,0
2024-09-16,4991,22000,Foreign_Investor,14000
2024-09-16,4991,0,Foreign_Dealer_Self,0
2024-09-16,4991,0,Investment_Trust,0
2024-09-16,4991,0,Dealer_self,0
2024-09-16,4991,0,Dealer_Hedging,0
2024-09-18,4991,0,Foreign_Investor,1000
2024-09-18,4991,0,Foreign_Dealer_Self,0
2024-09-18,4991,0,Investment_Trust,0
2024-09-18,4991,0,Dealer_self,0
2024-09-18,4991,0,Dealer_Hedging,0
2024-09-19,4991,2000,Foreign_Investor,3000
2024-09-19,4991,0,Foreign_Dealer_Self,0
2024-09-19,4991,0,Investment_Trust,0
2024-09-19,4991,0,Dealer_self,0
2024-09-19,4991,0,Dealer_Hedging,0
2024-09-20,4991,4000,Foreign_Investor,4000
2024-09-20,4991,0,Foreign_Dealer_Self,0
2024-09-20,4991,0,Investment_Trust,0
2024-09-20,4991,15000,Dealer_self,0
2024-09-20,4991,0,Dealer_Hedging,0
2024-09-23,4991,29000,Foreign_Investor,4000
2024-09-23,4991,0,Foreign_Dealer_Self,0
2024-09-23,4991,0,Investment_Trust,0
2024-09-23,4991,10000,Dealer_self,0
2024-09-23,4991,0,Dealer_Hedging,0
2024-09-24,4991,20000,Foreign_Investor,18000
2024-09-24,4991,0,Foreign_Dealer_Self,0
2024-09-24,4991,0,Investment_Trust,0
2024-09-24,4991,5001,Dealer_self,0
2024-09-24,4991,0,Dealer_Hedging,0
2024-09-25,4991,90000,Foreign_Investor,35000
2024-09-25,4991,0,Foreign_Dealer_Self,0
2024-09-25,4991,0,Investment_Trust,0
2024-09-25,4991,20000,Dealer_self,0
2024-09-25,4991,0,Dealer_Hedging,0
2024-09-26,4991,102000,Foreign_Investor,173000
2024-09-26,4991,0,Foreign_Dealer_Self,0
2024-09-26,4991,0,Investment_Trust,0
2024-09-26,4991,50000,Dealer_self,0
2024-09-26,4991,0,Dealer_Hedging,0
2024-09-27,4991,48000,Foreign_Investor,48000
2024-09-27,4991,0,Foreign_Dealer_Self,0
2024-09-27,4991,0,Investment_Trust,0
2024-09-27,4991,20000,Dealer_self,1
2024-09-27,4991,0,Dealer_Hedging,0
2024-09-30,4991,21000,Foreign_Investor,8000
2024-09-30,4991,0,Foreign_Dealer_Self,0
2024-09-30,4991,0,Investment_Trust,0
2024-09-30,4991,10000,Dealer_self,0
2024-09-30,4991,0,Dealer_Hedging,0
2024-10-01,4991,9000,Foreign_Investor,17000
2024-10-01,4991,0,Foreign_Dealer_Self,0
2024-10-01,4991,0,Investment_Trust,0
2024-10-01,4991,15000,Dealer_self,0
2024-10-01,4991,0,Dealer_Hedging,0
2024-10-04,4991,11000,Foreign_Investor,20000
2024-10-04,4991,0,Foreign_Dealer_Self,0
2024-10-04,4991,0,Investment_Trust,0
2024-10-04,4991,0,Dealer_self,0
2024-10-04,4991,0,Dealer_Hedging,0
2024-10-07,4991,163000,Foreign_Investor,65000
2024-10-07,4991,0,Foreign_Dealer_Self,0
2024-10-07,4991,0,Investment_Trust,0
2024-10-07,4991,5000,Dealer_self,0
2024-10-07,4991,0,Dealer_Hedging,0
2024-10-08,4991,76000,Foreign_Investor,329000
2024-10-08,4991,0,Foreign_Dealer_Self,0
2024-10-08,4991,0,Investment_Trust,0
2024-10-08,4991,0,Dealer_self,0
2024-10-08,4991,0,Dealer_Hedging,0
2024-10-09,4991,1131000,Foreign_Investor,1195000
2024-10-09,4991,0,Foreign_Dealer_Self,0
2024-10-09,4991,0,Investment_Trust,0
2024-10-09,4991,30000,Dealer_self,10000
2024-10-09,4991,10000,Dealer_Hedging,0
2024-10-11,4991,1460000,Foreign_Investor,1351000
2024-10-11,4991,0,Foreign_Dealer_Self,0
2024-10-11,4991,0,Investment_Trust,0
2024-10-11,4991,31000,Dealer_self,0
2024-10-11,4991,0,Dealer_Hedging,0
2024-10-14,4991,2156000,Foreign_Investor,1456000
2024-10-14,4991,0,Foreign_Dealer_Self,0
2024-10-14,4991,0,Investment_Trust,0
2024-10-14,4991,95000,Dealer_self,0
2024-10-14,4991,24000,Dealer_Hedging,0
2024-10-15,4991,3565000,Foreign_Investor,2365333
2024-10-15,4991,0,Foreign_Dealer_Self,0
2024-10-15,4991,0,Investment_Trust,0
2024-10-15,4991,253000,Dealer_self,209000
2024-10-15,4991,20000,Dealer_Hedging,20000
2024-10-16,4991,2039000,Foreign_Investor,3024000
2024-10-16,4991,0,Foreign_Dealer_Self,0
2024-10-16,4991,0,Investment_Trust,0
2024-10-16,4991,275000,Dealer_self,140000
2024-10-16,4991,140000,Dealer_Hedging,0
2024-10-17,4991,98000,Foreign_Investor,34000
2024-10-17,4991,0,Foreign_Dealer_Self,0
2024-10-17,4991,0,Investment_Trust,0
2024-10-17,4991,62000,Dealer_self,0
2024-10-17,4991,143000,Dealer_Hedging,0
2024-10-18,4991,18550,Foreign_Investor,224875
2024-10-18,4991,0,Foreign_Dealer_Self,0
2024-10-18,4991,0,Investment_Trust,0
2024-10-18,4991,97000,Dealer_self,18000
2024-10-18,4991,0,Dealer_Hedging,0
2024-10-21,4991,24000,Foreign_Investor,11000
2024-10-21,4991,0,Foreign_Dealer_Self,0
2024-10-21,4991,0,Investment_Trust,0
2024-10-21,4991,60000,Dealer_self,23000
2024-10-21,4991,15000,Dealer_Hedging,36000
2024-10-22,4991,35000,Foreign_Investor,0
2024-10-22,4991,0,Foreign_Dealer_Self,0
2024-10-22,4991,0,Investment_Trust,0
2024-10-22,4991,52000,Dealer_self,0
2024-10-22,4991,13000,Dealer_Hedging,15000
2024-10-23,4991,133000,Foreign_Investor,0
2024-10-23,4991,0,Foreign_Dealer_Self,0
2024-10-23,4991,0,Investment_Trust,0
2024-10-23,4991,90000,Dealer_self,40000
2024-10-23,4991,0,Dealer_Hedging,24000
2024-10-24,4991,62000,Foreign_Investor,4000
2024-10-24,4991,0,Foreign_Dealer_Self,0
2024-10-24,4991,0,Investment_Trust,0
2024-10-24,4991,30000,Dealer_self,0
2024-10-24,4991,0,Dealer_Hedging,5000
2024-10-25,4991,51000,Foreign_Investor,0
2024-10-25,4991,0,Foreign_Dealer_Self,0
2024-10-25,4991,0,Investment_Trust,0
2024-10-25,4991,10000,Dealer_self,14000
2024-10-25,4991,22000,Dealer_Hedging,0
2024-10-28,4991,38000,Foreign_Investor,5000
2024-10-28,4991,0,Foreign_Dealer_Self,0
2024-10-28,4991,0,Investment_Trust,0
2024-10-28,4991,36000,Dealer_self,98000
2024-10-28,4991,0,Dealer_Hedging,60000
2024-10-29,4991,77000,Foreign_Investor,104000
2024-10-29,4991,0,Foreign_Dealer_Self,0
2024-10-29,4991,0,Investment_Trust,0
2024-10-29,4991,50000,Dealer_self,15000
2024-10-29,4991,0,Dealer_Hedging,63000
2024-10-30,4991,19000,Foreign_Investor,519000
2024-10-30,4991,0,Foreign_Dealer_Self,0
2024-10-30,4991,0,Investment_Trust,0
2024-10-30,4991,70000,Dealer_self,0
2024-10-30,4991,0,Dealer_Hedging,84000
2024-11-01,4991,582000,Foreign_Investor,1428500
2024-11-01,4991,0,Foreign_Dealer_Self,0
2024-11-01,4991,0,Investment_Trust,0
2024-11-01,4991,41256,Dealer_self,102000
2024-11-01,4991,0,Dealer_Hedging,0
2024-11-04,4991,3486000,Foreign_Investor,3979450
2024-11-04,4991,0,Foreign_Dealer_Self,0
2024-11-04,4991,0,Investment_Trust,0
2024-11-04,4991,239421,Dealer_self,11256
2024-11-04,4991,0,Dealer_Hedging,0
2024-11-05,4991,5799000,Foreign_Investor,4821500
2024-11-05,4991,0,Foreign_Dealer_Self,0
2024-11-05,4991,0,Investment_Trust,0
2024-11-05,4991,22000,Dealer_self,286421
2024-11-05,4991,18000,Dealer_Hedging,0
2024-11-06,4991,3594000,Foreign_Investor,4227500
2024-11-06,4991,0,Foreign_Dealer_Self,0
2024-11-06,4991,0,Investment_Trust,0
2024-11-06,4991,433000,Dealer_self,2340
2024-11-06,4991,104000,Dealer_Hedging,0
2024-11-07,4991,4662000,Foreign_Investor,3094000
2024-11-07,4991,0,Foreign_Dealer_Self,0
2024-11-07,4991,0,Investment_Trust,0
2024-11-07,4991,183024,Dealer_self,181660
2024-11-07,4991,18000,Dealer_Hedging,0
2024-11-08,4991,2767000,Foreign_Investor,3224500
2024-11-08,4991,0,Foreign_Dealer_Self,0
2024-11-08,4991,0,Investment_Trust,0
2024-11-08,4991,459119,Dealer_self,60024
2024-11-08,4991,0,Dealer_Hedging,0
2024-11-11,4991,199000,Foreign_Investor,314771
2024-11-11,4991,0,Foreign_Dealer_Self,0
2024-11-11,4991,0,Investment_Trust,0
2024-11-11,4991,2000,Dealer_self,0
2024-11-11,4991,102000,Dealer_Hedging,0
2024-11-12,4991,134000,Foreign_Investor,86000
2024-11-12,4991,0,Foreign_Dealer_Self,0
2024-11-12,4991,0,Investment_Trust,0
2024-11-12,4991,0,Dealer_self,22000
2024-11-12,4991,125000,Dealer_Hedging,0
2024-11-13,4991,231000,Foreign_Investor,77000
2024-11-13,4991,0,Foreign_Dealer_Self,0
2024-11-13,4991,0,Investment_Trust,0
2024-11-13,4991,132000,Dealer_self,23000
2024-11-13,4991,102000,Dealer_Hedging,2000
2024-11-14,4991,226000,Foreign_Investor,96260
2024-11-14,4991,0,Foreign_Dealer_Self,0
2024-11-14,4991,0,Investment_Trust,0
2024-11-14,4991,0,Dealer_self,163000
2024-11-14,4991,79000,Dealer_Hedging,20000
2024-11-15,4991,114000,Foreign_Investor,276000
2024-11-15,4991,0,Foreign_Dealer_Self,0
2024-11-15,4991,0,Investment_Trust,0
2024-11-15,4991,50000,Dealer_self,115000
2024-11-15,4991,272000,Dealer_Hedging,20000
2024-11-18,4991,412000,Foreign_Investor,25000
2024-11-18,4991,0,Foreign_Dealer_Self,0
2024-11-18,4991,0,Investment_Trust,0
2024-11-18,4991,10000,Dealer_self,450000
2024-11-18,4991,128000,Dealer_Hedging,0
2024-11-19,4991,224000,Foreign_Investor,105000
2024-11-19,4991,0,Foreign_Dealer_Self,0
2024-11-19,4991,0,Investment_Trust,0
2024-11-19,4991,5000,Dealer_self,15000
2024-11-19,4991,22000,Dealer_Hedging,87000
2024-11-20,4991,88000,Foreign_Investor,33000
2024-11-20,4991,0,Foreign_Dealer_Self,0
2024-11-20,4991,0,Investment_Trust,0
2024-11-20,4991,140000,Dealer_self,92000
2024-11-20,4991,109000,Dealer_Hedging,30000
2024-11-21,4991,75000,Foreign_Investor,67000
2024-11-21,4991,0,Foreign_Dealer_Self,0
2024-11-21,4991,0,Investment_Trust,0
2024-11-21,4991,37000,Dealer_self,34000
2024-11-21,4991,10000,Dealer_Hedging,0
2024-11-22,4991,178000,Foreign_Investor,4333
2024-11-22,4991,0,Foreign_Dealer_Self,0
2024-11-22,4991,0,Investment_Trust,0
2024-11-22,4991,32000,Dealer_self,0
2024-11-22,4991,10000,Dealer_Hedging,15000
2024-11-25,4991,112000,Foreign_Investor,48500
2024-11-25,4991,0,Foreign_Dealer_Self,0
2024-11-25,4991,0,Investment_Trust,0
2024-11-25,4991,4000,Dealer_self,0
2024-11-25,4991,44000,Dealer_Hedging,27000
2024-11-26,4991,78000,Foreign_Investor,45000
2024-11-26,4991,0,Foreign_Dealer_Self,0
2024-11-26,4991,0,Investment_Trust,0
2024-11-26,4991,0,Dealer_self,0
2024-11-26,4991,0,Dealer_Hedging,16000
2024-11-27,4991,7119000,Foreign_Investor,5956000
2024-11-27,4991,0,Foreign_Dealer_Self,0
2024-11-27,4991,0,Investment_Trust,0
2024-11-27,4991,224654,Dealer_self,348119
2024-11-27,4991,0,Dealer_Hedging,369000
2024-11-28,4991,1195000,Foreign_Investor,4165031
2024-11-28,4991,0,Foreign_Dealer_Self,0
2024-11-28,4991,0,Investment_Trust,0
2024-11-28,4991,167000,Dealer_self,129777
2024-11-28,4991,0,Dealer_Hedging,232000
2024-11-29,4991,2329000,Foreign_Investor,2549844
2024-11-29,4991,0,Foreign_Dealer_Self,0
2024-11-29,4991,0,Investment_Trust,0
2024-11-29,4991,158000,Dealer_self,180437
2024-11-29,4991,0,Dealer_Hedging,0
2024-12-02,4991,7280000,Foreign_Investor,3401000
2024-12-02,4991,0,Foreign_Dealer_Self,0
2024-12-02,4991,0,Investment_Trust,0
2024-12-02,4991,88671,Dealer_self,152000
2024-12-02,4991,0,Dealer_Hedging,0
2024-12-03,4991,6524000,Foreign_Investor,9341542
2024-12-03,4991,0,Foreign_Dealer_Self,0
2024-12-03,4991,0,Investment_Trust,0
2024-12-03,4991,31000,Dealer_self,38111
2024-12-03,4991,19000,Dealer_Hedging,68132
2024-12-04,4991,4803000,Foreign_Investor,5262000
2024-12-04,4991,0,Foreign_Dealer_Self,0
2024-12-04,4991,0,Investment_Trust,0
2024-12-04,4991,147000,Dealer_self,35000
2024-12-04,4991,14018,Dealer_Hedging,8825
2024-12-05,4991,3089000,Foreign_Investor,3232050
2024-12-05,4991,0,Foreign_Dealer_Self,0
2024-12-05,4991,0,Investment_Trust,0
2024-12-05,4991,242000,Dealer_self,4000
2024-12-05,4991,19000,Dealer_Hedging,38810
2024-12-06,4991,4063000,Foreign_Investor,4617000
2024-12-06,4991,0,Foreign_Dealer_Self,0
2024-12-06,4991,0,Investment_Trust,0
2024-12-06,4991,55000,Dealer_self,116000
2024-12-06,4991,2000,Dealer_Hedging,1855
2024-12-09,4991,1558000,Foreign_Investor,2535000
2024-12-09,4991,0,Foreign_Dealer_Self,0
2024-12-09,4991,0,Investment_Trust,0
2024-12-09,4991,55000,Dealer_self,108000
2024-12-09,4991,6000,Dealer_Hedging,5503
2024-12-10,4991,2082000,Foreign_Investor,2169000
2024-12-10,4991,0,Foreign_Dealer_Self,0
2024-12-10,4991,888000,Investment_Trust,0
2024-12-10,4991,100000,Dealer_self,245000
2024-12-10,4991,18000,Dealer_Hedging,18153
2024-12-11,4991,3163000,Foreign_Investor,3332000
2024-12-11,4991,0,Foreign_Dealer_Self,0
2024-12-11,4991,0,Investment_Trust,0
2024-12-11,4991,280000,Dealer_self,137000
2024-12-11,4991,8045,Dealer_Hedging,7882
2024-12-12,4991,4643000,Foreign_Investor,4027000
2024-12-12,4991,0,Foreign_Dealer_Self,0
2024-12-12,4991,201000,Investment_Trust,0
2024-12-12,4991,54000,Dealer_self,273000
2024-12-12,4991,5000,Dealer_Hedging,11436
2024-12-13,4991,2381000,Foreign_Investor,3224000
2024-12-13,4991,0,Foreign_Dealer_Self,0
2024-12-13,4991,0,Investment_Trust,0
2024-12-13,4991,31000,Dealer_self,81000
2024-12-13,4991,11000,Dealer_Hedging,11001
2024-12-16,4991,2843000,Foreign_Investor,1459000
2024-12-16,4991,0,Foreign_Dealer_Self,0
2024-12-16,4991,0,Investment_Trust,0
2024-12-16,4991,80000,Dealer_self,106000
2024-12-16,4991,6007,Dealer_Hedging,5818
2024-12-17,4991,1654000,Foreign_Investor,1665500
2024-12-17,4991,0,Foreign_Dealer_Self,0
2024-12-17,4991,0,Investment_Trust,0
2024-12-17,4991,121000,Dealer_self,10000
2024-12-17,4991,2000,Dealer_Hedging,2093
2024-12-18,4991,4039000,Foreign_Investor,2986000
2024-12-18,4991,0,Foreign_Dealer_Self,0
2024-12-18,4991,252000,Investment_Trust,0
2024-12-18,4991,166000,Dealer_self,101000
2024-12-18,4991,1630,Dealer_Hedging,1786
2024-12-19,4991,6371000,Foreign_Investor,5268000
2024-12-19,4991,0,Foreign_Dealer_Self,0
2024-12-19,4991,0,Investment_Trust,0
2024-12-19,4991,278000,Dealer_self,110000
2024-12-19,4991,17853,Dealer_Hedging,17430
2024-12-20,4991,9277003,Foreign_Investor,8644563
2024-12-20,4991,0,Foreign_Dealer_Self,0
2024-12-20,4991,248000,Dealer_self,108000
2024-12-20,4991,22000,Dealer_Hedging,22006
2024-12-20,4991,550000,Investment_Trust,0
2024-12-23,4991,5161000,Foreign_Investor,4693102
2024-12-23,4991,0,Foreign_Dealer_Self,0
2024-12-23,4991,0,Investment_Trust,0
2024-12-23,4991,136000,Dealer_self,20000
2024-12-23,4991,73278,Dealer_Hedging,2124
2024-12-24,4991,7403000,Foreign_Investor,8541000
2024-12-24,4991,0,Foreign_Dealer_Self,0
2024-12-24,4991,0,Investment_Trust,0
2024-12-24,4991,254000,Dealer_self,454000
2024-12-24,4991,30000,Dealer_Hedging,101663
2024-12-25,4991,5144000,Foreign_Investor,4526000
2024-12-25,4991,0,Foreign_Dealer_Self,0
2024-12-25,4991,0,Investment_Trust,0
2024-12-25,4991,185000,Dealer_self,122000
2024-12-25,4991,17231,Dealer_Hedging,17185
2024-12-26,4991,5290000,Foreign_Investor,4485000
2024-12-26,4991,0,Foreign_Dealer_Self,0
2024-12-26,4991,3745000,Investment_Trust,0
2024-12-26,4991,91000,Dealer_self,120000
2024-12-26,4991,41652,Dealer_Hedging,2094
2024-12-27,4991,11167000,Foreign_Investor,11243000
2024-12-27,4991,0,Foreign_Dealer_Self,0
2024-12-27,4991,998000,Investment_Trust,0
2024-12-27,4991,89000,Dealer_self,176000
2024-12-27,4991,28000,Dealer_Hedging,67835
2024-12-30,4991,2797000,Foreign_Investor,2985000
2024-12-30,4991,0,Foreign_Dealer_Self,0
2024-12-30,4991,356000,Investment_Trust,0
2024-12-30,4991,0,Dealer_self,376000
2024-12-30,4991,8000,Dealer_Hedging,8040
2024-12-31,4991,2337000,Foreign_Investor,2880000
2024-12-31,4991,0,Foreign_Dealer_Self,0
2024-12-31,4991,0,Investment_Trust,0
2024-12-31,4991,154000,Dealer_self,72000
2024-12-31,4991,5000,Dealer_Hedging,4998
2025-01-02,4991,2947000,Foreign_Investor,2723000
2025-01-02,4991,0,Foreign_Dealer_Self,0
2025-01-02,4991,592000,Investment_Trust,0
2025-01-02,4991,249000,Dealer_self,30000
2025-01-02,4991,6000,Dealer_Hedging,5347
2025-01-03,4991,4709000,Foreign_Investor,3431000
2025-01-03,4991,0,Foreign_Dealer_Self,0
2025-01-03,4991,0,Investment_Trust,0
2025-01-03,4991,222000,Dealer_self,499000
2025-01-03,4991,26000,Dealer_Hedging,26625
2025-01-06,4991,1962000,Foreign_Investor,2000000
2025-01-06,4991,0,Foreign_Dealer_Self,0
2025-01-06,4991,0,Investment_Trust,0
2025-01-06,4991,61000,Dealer_self,10000
2025-01-06,4991,13034,Dealer_Hedging,12578
2025-01-07,4991,2265000,Foreign_Investor,3952908
2025-01-07,4991,0,Foreign_Dealer_Self,0
2025-01-07,4991,0,Investment_Trust,0
2025-01-07,4991,398000,Dealer_self,111000
2025-01-07,4991,20000,Dealer_Hedging,19813
2025-01-08,4991,3095000,Foreign_Investor,3844500
2025-01-08,4991,0,Foreign_Dealer_Self,0
2025-01-08,4991,0,Investment_Trust,0
2025-01-08,4991,413000,Dealer_self,204000
2025-01-08,4991,6177,Dealer_Hedging,6863
2025-01-09,4991,10745000,Foreign_Investor,9283962
2025-01-09,4991,0,Foreign_Dealer_Self,0
2025-01-09,4991,531000,Investment_Trust,0
2025-01-09,4991,134000,Dealer_self,53000
2025-01-09,4991,24000,Dealer_Hedging,23291
2025-01-10,4991,8706000,Foreign_Investor,8665250
2025-01-10,4991,0,Foreign_Dealer_Self,0
2025-01-10,4991,900000,Investment_Trust,0
2025-01-10,4991,166000,Dealer_self,271000
2025-01-10,4991,12021,Dealer_Hedging,12318
2025-01-13,4991,1950999,Foreign_Investor,3159000
2025-01-13,4991,0,Foreign_Dealer_Self,0
2025-01-13,4991,0,Investment_Trust,0
2025-01-13,4991,108000,Dealer_self,190000
2025-01-13,4991,15000,Dealer_Hedging,14777
2025-01-14,4991,2296000,Foreign_Investor,2807333
2025-01-14,4991,0,Foreign_Dealer_Self,0
2025-01-14,4991,0,Investment_Trust,0
2025-01-14,4991,323000,Dealer_self,590000
2025-01-14,4991,10000,Dealer_Hedging,9716
2025-01-15,4991,3080000,Foreign_Investor,3563000
2025-01-15,4991,0,Foreign_Dealer_Self,0
2025-01-15,4991,20000,Investment_Trust,0
2025-01-15,4991,180000,Dealer_self,120000
2025-01-15,4991,4000,Dealer_Hedging,4920
2025-01-16,4991,3443000,Foreign_Investor,4017467
2025-01-16,4991,0,Foreign_Dealer_Self,0
2025-01-16,4991,27000,Investment_Trust,0
2025-01-16,4991,307000,Dealer_self,0
2025-01-16,4991,87846,Dealer_Hedging,1665
2025-01-17,4991,5750100,Foreign_Investor,6219863
2025-01-17,4991,0,Foreign_Dealer_Self,0
2025-01-17,4991,0,Investment_Trust,0
2025-01-17,4991,112000,Dealer_self,183000
2025-01-17,4991,48000,Dealer_Hedging,133314
2025-01-20,4991,3341100,Foreign_Investor,3500000
2025-01-20,4991,0,Foreign_Dealer_Self,0
2025-01-20,4991,0,Investment_Trust,0
2025-01-20,4991,239000,Dealer_self,130000
2025-01-20,4991,5021,Dealer_Hedging,5360
2025-01-21,4991,6535000,Foreign_Investor,5754199
2025-01-21,4991,0,Foreign_Dealer_Self,0
2025-01-21,4991,200000,Investment_Trust,0
2025-01-21,4991,156000,Dealer_self,104000
2025-01-21,4991,382,Dealer_Hedging,32
2025-01-22,4991,6656000,Foreign_Investor,6426620
2025-01-22,4991,0,Foreign_Dealer_Self,0
2025-01-22,4991,0,Investment_Trust,40000
2025-01-22,4991,100000,Dealer_self,148000
2025-01-22,4991,3000,Dealer_Hedging,3530
2025-02-03,4991,914000,Foreign_Investor,2133800
2025-02-03,4991,0,Foreign_Dealer_Self,0
2025-02-03,4991,0,Investment_Trust,0
2025-02-03,4991,200000,Dealer_self,257000
2025-02-03,4991,24000,Dealer_Hedging,24174
2025-02-04,4991,4468001,Foreign_Investor,4207434
2025-02-04,4991,0,Foreign_Dealer_Self,0
2025-02-04,4991,0,Investment_Trust,40000
2025-02-04,4991,11000,Dealer_self,121000
2025-02-04,4991,24000,Dealer_Hedging,23846
2025-02-05,4991,4058000,Foreign_Investor,3552280
2025-02-05,4991,0,Foreign_Dealer_Self,0
2025-02-05,4991,0,Investment_Trust,40000
2025-02-05,4991,135000,Dealer_self,43000
2025-02-05,4991,12030,Dealer_Hedging,11969
2025-02-06,4991,4153000,Foreign_Investor,3426500
2025-02-06,4991,0,Foreign_Dealer_Self,0
2025-02-06,4991,0,Investment_Trust,0
2025-02-06,4991,67000,Dealer_self,0
2025-02-06,4991,6773,Dealer_Hedging,6931
2025-02-07,4991,4788100,Foreign_Investor,4494200
2025-02-07,4991,0,Foreign_Dealer_Self,0
2025-02-07,4991,0,Investment_Trust,0
2025-02-07,4991,597000,Dealer_self,220000
2025-02-07,4991,25372,Dealer_Hedging,6113
2025-02-10,4991,8029045,Foreign_Investor,6985500
2025-02-10,4991,0,Foreign_Dealer_Self,0
2025-02-10,4991,0,Investment_Trust,1139000
2025-02-10,4991,336000,Dealer_self,585000
2025-02-10,4991,11000,Dealer_Hedging,30239
2025-02-11,4991,8234085,Foreign_Investor,10816600
2025-02-11,4991,0,Foreign_Dealer_Self,0
2025-02-11,4991,0,Investment_Trust,0
2025-02-11,4991,426000,Dealer_self,484000
2025-02-11,4991,19000,Dealer_Hedging,19180
2025-02-12,4991,8916000,Foreign_Investor,6571480
2025-02-12,4991,0,Foreign_Dealer_Self,0
2025-02-12,4991,0,Investment_Trust,0
2025-02-12,4991,485000,Dealer_self,587000
2025-02-12,4991,31000,Dealer_Hedging,30883
2025-02-13,4991,4703000,Foreign_Investor,7194375
2025-02-13,4991,0,Foreign_Dealer_Self,0
2025-02-13,4991,0,Investment_Trust,0
2025-02-13,4991,255000,Dealer_self,160000
2025-02-13,4991,5000,Dealer_Hedging,4940
2025-02-14,4991,2112000,Foreign_Investor,2487950
2025-02-14,4991,0,Foreign_Dealer_Self,0
2025-02-14,4991,0,Investment_Trust,0
2025-02-14,4991,330000,Dealer_self,701000
2025-02-14,4991,114458,Dealer_Hedging,13719
2025-02-17,4991,2610001,Foreign_Investor,3180200
2025-02-17,4991,0,Foreign_Dealer_Self,0
2025-02-17,4991,0,Investment_Trust,0
2025-02-17,4991,17000,Dealer_self,17000
2025-02-17,4991,11637,Dealer_Hedging,11511
2025-02-18,4991,2491000,Foreign_Investor,3559200
2025-02-18,4991,0,Foreign_Dealer_Self,0
2025-02-18,4991,0,Investment_Trust,1108000
2025-02-18,4991,99000,Dealer_self,179000
2025-02-18,4991,32646,Dealer_Hedging,132522
2025-02-19,4991,6914455,Foreign_Investor,4884000
2025-02-19,4991,0,Foreign_Dealer_Self,0
2025-02-19,4991,0,Investment_Trust,0
2025-02-19,4991,361000,Dealer_self,120000
2025-02-19,4991,22891,Dealer_Hedging,23313
2025-02-20,4991,1685000,Foreign_Investor,3945700
2025-02-20,4991,0,Foreign_Dealer_Self,0
2025-02-20,4991,0,Investment_Trust,86000
2025-02-20,4991,112000,Dealer_self,83000
2025-02-20,4991,270399,Dealer_Hedging,40784
2025-02-21,4991,11042000,Foreign_Investor,5640333
2025-02-21,4991,0,Foreign_Dealer_Self,0
2025-02-21,4991,508000,Investment_Trust,114000
2025-02-21,4991,100000,Dealer_self,196000
2025-02-21,4991,31868,Dealer_Hedging,161178
2025-02-24,4991,3479000,Foreign_Investor,3201175
2025-02-24,4991,0,Foreign_Dealer_Self,0
2025-02-24,4991,0,Investment_Trust,0
2025-02-24,4991,55000,Dealer_self,78000
2025-02-24,4991,208790,Dealer_Hedging,8682
2025-02-25,4991,2227000,Foreign_Investor,3834533
2025-02-25,4991,0,Foreign_Dealer_Self,0
2025-02-25,4991,0,Investment_Trust,0
2025-02-25,4991,36000,Dealer_self,238000
2025-02-25,4991,23137,Dealer_Hedging,23623
2025-02-26,4991,1612150,Foreign_Investor,3061959
2025-02-26,4991,0,Foreign_Dealer_Self,0
2025-02-26,4991,0,Investment_Trust,0
2025-02-26,4991,3000,Dealer_self,81000
2025-02-26,4991,40000,Dealer_Hedging,240474
2025-02-27,4991,3596052,Foreign_Investor,3895717
2025-02-27,4991,0,Foreign_Dealer_Self,0
2025-02-27,4991,0,Investment_Trust,0
2025-02-27,4991,208000,Dealer_self,401000
2025-02-27,4991,104875,Dealer_Hedging,103673
2025-03-03,4991,5203000,Foreign_Investor,3997600
2025-03-03,4991,0,Foreign_Dealer_Self,0
2025-03-03,4991,0,Investment_Trust,0
2025-03-03,4991,152000,Dealer_self,519000
2025-03-03,4991,56000,Dealer_Hedging,56401
2025-03-04,4991,5736000,Foreign_Investor,6659100
2025-03-04,4991,0,Foreign_Dealer_Self,0
2025-03-04,4991,0,Investment_Trust,0
2025-03-04,4991,91000,Dealer_self,140000
2025-03-04,4991,136011,Dealer_Hedging,36126
2025-03-05,4991,3600000,Foreign_Investor,4910000
2025-03-05,4991,0,Foreign_Dealer_Self,0
2025-03-05,4991,0,Investment_Trust,0
2025-03-05,4991,170000,Dealer_self,0
2025-03-05,4991,18101,Dealer_Hedging,18189
2025-03-06,4991,3479000,Foreign_Investor,3248000
2025-03-06,4991,0,Foreign_Dealer_Self,0
2025-03-06,4991,0,Investment_Trust,0
2025-03-06,4991,170000,Dealer_self,0
2025-03-06,4991,10759,Dealer_Hedging,10838
2025-03-07,4991,3102000,Foreign_Investor,4337000
2025-03-07,4991,0,Foreign_Dealer_Self,0
2025-03-07,4991,0,Investment_Trust,0
2025-03-07,4991,100000,Dealer_self,190000
2025-03-07,4991,7590,Dealer_Hedging,7500
2025-03-10,4991,4916000,Foreign_Investor,2514550
2025-03-10,4991,0,Foreign_Dealer_Self,0
2025-03-10,4991,0,Investment_Trust,0
2025-03-10,4991,50000,Dealer_self,50000
2025-03-10,4991,10233,Dealer_Hedging,10521
2025-03-11,4991,3184000,Foreign_Investor,4104500
2025-03-11,4991,0,Foreign_Dealer_Self,0
2025-03-11,4991,0,Investment_Trust,0
2025-03-11,4991,200000,Dealer_self,448000
2025-03-11,4991,24281,Dealer_Hedging,23864
2025-03-12,4991,4587000,Foreign_Investor,3730000
2025-03-12,4991,0,Foreign_Dealer_Self,0
2025-03-12,4991,0,Investment_Trust,0
2025-03-12,4991,101000,Dealer_self,110000
2025-03-12,4991,13867,Dealer_Hedging,13883
2025-03-13,4991,4090000,Foreign_Investor,4612225
2025-03-13,4991,0,Foreign_Dealer_Self,0
2025-03-13,4991,0,Investment_Trust,1359000
2025-03-13,4991,0,Dealer_self,100000
2025-03-13,4991,28654,Dealer_Hedging,28825
2025-03-14,4991,8838000,Foreign_Investor,8420001
2025-03-14,4991,0,Foreign_Dealer_Self,0
2025-03-14,4991,0,Investment_Trust,2293000
2025-03-14,4991,200000,Dealer_self,150000
2025-03-14,4991,20323,Dealer_Hedging,19722
2025-03-17,4991,5405000,Foreign_Investor,4226626
2025-03-17,4991,0,Foreign_Dealer_Self,0
2025-03-17,4991,0,Investment_Trust,2004000
2025-03-17,4991,192000,Dealer_self,130000
2025-03-17,4991,26262,Dealer_Hedging,26606
2025-03-18,4991,3277000,Foreign_Investor,1901500
2025-03-18,4991,0,Foreign_Dealer_Self,0
2025-03-18,4991,0,Investment_Trust,227000
2025-03-18,4991,103000,Dealer_self,0
2025-03-18,4991,6663,Dealer_Hedging,7000
2025-03-19,4991,1464000,Foreign_Investor,2124083
2025-03-19,4991,0,Foreign_Dealer_Self,0
2025-03-19,4991,0,Investment_Trust,0
2025-03-19,4991,40000,Dealer_self,55000
2025-03-19,4991,5013,Dealer_Hedging,4393
2025-03-20,4991,3666000,Foreign_Investor,3783500
2025-03-20,4991,0,Foreign_Dealer_Self,0
2025-03-20,4991,0,Investment_Trust,0
2025-03-20,4991,40000,Dealer_self,0
2025-03-20,4991,7115,Dealer_Hedging,7041
2025-03-21,4991,1338001,Foreign_Investor,2111000
2025-03-21,4991,0,Foreign_Dealer_Self,0
2025-03-21,4991,0,Investment_Trust,0
2025-03-21,4991,15000,Dealer_self,0
2025-03-21,4991,3290,Dealer_Hedging,3773
2025-03-24,4991,6242200,Foreign_Investor,5220000
2025-03-24,4991,0,Foreign_Dealer_Self,0
2025-03-24,4991,0,Investment_Trust,418000
2025-03-24,4991,5000,Dealer_self,140000
2025-03-24,4991,41852,Dealer_Hedging,20497
2025-03-25,4991,7315060,Foreign_Investor,5292000
2025-03-25,4991,0,Foreign_Dealer_Self,0
2025-03-25,4991,1737000,Investment_Trust,100000
2025-03-25,4991,126000,Dealer_self,107000
2025-03-25,4991,45333,Dealer_Hedging,28877
2025-03-26,4991,8499250,Foreign_Investor,10254000
2025-03-26,4991,0,Foreign_Dealer_Self,0
2025-03-26,4991,0,Investment_Trust,250000
2025-03-26,4991,182000,Dealer_self,133000
2025-03-26,4991,35444,Dealer_Hedging,73103
2025-03-27,4991,4303300,Foreign_Investor,4850050
2025-03-27,4991,0,Foreign_Dealer_Self,0
2025-03-27,4991,3621000,Investment_Trust,550000
2025-03-27,4991,17000,Dealer_self,42000
2025-03-27,4991,24528,Dealer_Hedging,14792
2025-03-28,4991,4235100,Foreign_Investor,5859160
2025-03-28,4991,0,Foreign_Dealer_Self,0
2025-03-28,4991,0,Investment_Trust,0
2025-03-28,4991,110000,Dealer_self,266000
2025-03-28,4991,39997,Dealer_Hedging,19829
2025-03-31,4991,4168003,Foreign_Investor,2670600
2025-03-31,4991,0,Foreign_Dealer_Self,0
2025-03-31,4991,946000,Investment_Trust,0
2025-03-31,4991,0,Dealer_self,75000
2025-03-31,4991,5419,Dealer_Hedging,4811
2025-04-01,4991,1477020,Foreign_Investor,4789001
2025-04-01,4991,0,Foreign_Dealer_Self,0
2025-04-01,4991,0,Investment_Trust,0
2025-04-01,4991,62000,Dealer_self,37000
2025-04-01,4991,77490,Dealer_Hedging,27741
2025-04-02,4991,2118020,Foreign_Investor,2516000
2025-04-02,4991,0,Foreign_Dealer_Self,0
2025-04-02,4991,566000,Investment_Trust,0
2025-04-02,4991,15000,Dealer_self,0
2025-04-02,4991,6184,Dealer_Hedging,46677
2025-04-07,4991,5000,Foreign_Investor,0
2025-04-07,4991,0,Foreign_Dealer_Self,0
2025-04-07,4991,0,Investment_Trust,0
2025-04-07,4991,0,Dealer_self,0
2025-04-07,4991,0,Dealer_Hedging,0
2025-04-08,4991,31000,Foreign_Investor,1000
2025-04-08,4991,0,Foreign_Dealer_Self,0
2025-04-08,4991,0,Investment_Trust,0
2025-04-08,4991,0,Dealer_self,0
2025-04-08,4991,0,Dealer_Hedging,30000
2025-04-09,4991,12000,Foreign_Investor,0
2025-04-09,4991,0,Foreign_Dealer_Self,0
2025-04-09,4991,0,Investment_Trust,0
2025-04-09,4991,0,Dealer_self,0
2025-04-09,4991,0,Dealer_Hedging,0
2025-04-10,4991,1905000,Foreign_Investor,1314275
2025-04-10,4991,0,Foreign_Dealer_Self,0
2025-04-10,4991,60000,Investment_Trust,0
2025-04-10,4991,163000,Dealer_self,190000
2025-04-10,4991,52000,Dealer_Hedging,11035
2025-04-11,4991,2202070,Foreign_Investor,2428000
2025-04-11,4991,0,Foreign_Dealer_Self,0
2025-04-11,4991,374000,Investment_Trust,0
2025-04-11,4991,3000,Dealer_self,101000
2025-04-11,4991,20050,Dealer_Hedging,21563
2025-04-14,4991,4587108,Foreign_Investor,2171000
2025-04-14,4991,0,Foreign_Dealer_Self,0
2025-04-14,4991,0,Investment_Trust,0
2025-04-14,4991,25010,Dealer_self,0
2025-04-14,4991,14001,Dealer_Hedging,213195
2025-04-15,4991,2343300,Foreign_Investor,3220000
2025-04-15,4991,0,Foreign_Dealer_Self,0
2025-04-15,4991,0,Investment_Trust,115000
2025-04-15,4991,14000,Dealer_self,6000
2025-04-15,4991,1339,Dealer_Hedging,451
2025-04-16,4991,7016000,Foreign_Investor,6551000
2025-04-16,4991,0,Foreign_Dealer_Self,0
2025-04-16,4991,0,Investment_Trust,0
2025-04-16,4991,60000,Dealer_self,71010
2025-04-16,4991,12042,Dealer_Hedging,13284
2025-04-17,4991,2946300,Foreign_Investor,3990000
2025-04-17,4991,0,Foreign_Dealer_Self,0
2025-04-17,4991,0,Investment_Trust,0
2025-04-17,4991,52000,Dealer_self,22000
2025-04-17,4991,13072,Dealer_Hedging,12613
2025-04-18,4991,2872000,Foreign_Investor,4720000
2025-04-18,4991,0,Foreign_Dealer_Self,0
2025-04-18,4991,0,Investment_Trust,0
2025-04-18,4991,4000,Dealer_self,36000
2025-04-18,4991,58949,Dealer_Hedging,58849
2025-04-21,4991,3823000,Foreign_Investor,2041108
2025-04-21,4991,0,Foreign_Dealer_Self,0
2025-04-21,4991,0,Investment_Trust,0
2025-04-21,4991,25000,Dealer_self,0
2025-04-21,4991,94874,Dealer_Hedging,64581
2025-04-22,4991,5530000,Foreign_Investor,6004000
2025-04-22,4991,0,Foreign_Dealer_Self,0
2025-04-22,4991,0,Investment_Trust,0
2025-04-22,4991,25000,Dealer_self,40000
2025-04-22,4991,41008,Dealer_Hedging,41064
2025-04-23,4991,4403000,Foreign_Investor,4159000
2025-04-23,4991,0,Foreign_Dealer_Self,0
2025-04-23,4991,0,Investment_Trust,0
2025-04-23,4991,245000,Dealer_self,175000
2025-04-23,4991,4233,Dealer_Hedging,4585
2025-04-24,4991,2313000,Foreign_Investor,1736000
2025-04-24,4991,0,Foreign_Dealer_Self,0
2025-04-24,4991,0,Investment_Trust,0
2025-04-24,4991,0,Dealer_self,40000
2025-04-24,4991,5726,Dealer_Hedging,5002
2025-04-25,4991,2184000,Foreign_Investor,2303000
2025-04-25,4991,0,Foreign_Dealer_Self,0
2025-04-25,4991,0,Investment_Trust,0
2025-04-25,4991,0,Dealer_self,5000
2025-04-25,4991,2220,Dealer_Hedging,2389
2025-04-28,4991,1996000,Foreign_Investor,2672000
2025-04-28,4991,0,Foreign_Dealer_Self,0
2025-04-28,4991,0,Investment_Trust,0
2025-04-28,4991,15000,Dealer_self,0
2025-04-28,4991,1683,Dealer_Hedging,2354
2025-04-29,4991,2579000,Foreign_Investor,1531000
2025-04-29,4991,0,Foreign_Dealer_Self,0
2025-04-29,4991,0,Investment_Trust,0
2025-04-29,4991,0,Dealer_self,0
2025-04-29,4991,1582,Dealer_Hedging,1055
2025-04-30,4991,3732000,Foreign_Investor,5227000
2025-04-30,4991,0,Foreign_Dealer_Self,0
2025-04-30,4991,0,Investment_Trust,0
2025-04-30,4991,0,Dealer_self,0
2025-04-30,4991,20003,Dealer_Hedging,20395
2025-05-02,4991,2519286,Foreign_Investor,1744000
2025-05-02,4991,0,Foreign_Dealer_Self,0
2025-05-02,4991,0,Investment_Trust,0
2025-05-02,4991,33000,Dealer_self,0
2025-05-02,4991,3299,Dealer_Hedging,3550
2025-05-05,4991,2538059,Foreign_Investor,3663244
2025-05-05,4991,0,Foreign_Dealer_Self,0
2025-05-05,4991,0,Investment_Trust,0
2025-05-05,4991,10000,Dealer_self,63000
2025-05-05,4991,21690,Dealer_Hedging,21841
2025-05-06,4991,1933000,Foreign_Investor,1992000
2025-05-06,4991,0,Foreign_Dealer_Self,0
2025-05-06,4991,0,Investment_Trust,0
2025-05-06,4991,5000,Dealer_self,0
2025-05-06,4991,5495,Dealer_Hedging,4942
2025-05-07,4991,2385000,Foreign_Investor,2103000
2025-05-07,4991,0,Foreign_Dealer_Self,0
2025-05-07,4991,0,Investment_Trust,0
2025-05-07,4991,0,Dealer_self,30000
2025-05-07,4991,4554,Dealer_Hedging,5099
2025-05-08,4991,1334870,Foreign_Investor,1908000
2025-05-08,4991,0,Foreign_Dealer_Self,0
2025-05-08,4991,0,Investment_Trust,0
2025-05-08,4991,25000,Dealer_self,0
2025-05-08,4991,4350,Dealer_Hedging,4503
2025-05-09,4991,4377793,Foreign_Investor,4252000
2025-05-09,4991,0,Foreign_Dealer_Self,0
2025-05-09,4991,0,Investment_Trust,0
2025-05-09,4991,86000,Dealer_self,40000
2025-05-09,4991,10917,Dealer_Hedging,10300
2025-05-12,4991,1325256,Foreign_Investor,2942002
2025-05-12,4991,0,Foreign_Dealer_Self,0
2025-05-12,4991,0,Investment_Trust,1233000
2025-05-12,4991,46000,Dealer_self,26000
2025-05-12,4991,21393,Dealer_Hedging,21771
2025-05-13,4991,2273658,Foreign_Investor,2183000
2025-05-13,4991,0,Foreign_Dealer_Self,0
2025-05-13,4991,0,Investment_Trust,0
2025-05-13,4991,41000,Dealer_self,16000
2025-05-13,4991,8678,Dealer_Hedging,38616
2025-05-14,4991,7432633,Foreign_Investor,2984000
2025-05-14,4991,0,Foreign_Dealer_Self,0
2025-05-14,4991,0,Investment_Trust,0
2025-05-14,4991,320000,Dealer_self,21000
2025-05-14,4991,73524,Dealer_Hedging,39678
2025-05-15,4991,2278700,Foreign_Investor,4984059
2025-05-15,4991,0,Foreign_Dealer_Self,0
2025-05-15,4991,0,Investment_Trust,0
2025-05-15,4991,50000,Dealer_self,215000
2025-05-15,4991,18846,Dealer_Hedging,22969
2025-05-16,4991,792300,Foreign_Investor,1847000
2025-05-16,4991,0,Foreign_Dealer_Self,0
2025-05-16,4991,0,Investment_Trust,0
2025-05-16,4991,5000,Dealer_self,0
2025-05-16,4991,8094,Dealer_Hedging,8252
2025-05-19,4991,772500,Foreign_Investor,1535700
2025-05-19,4991,0,Foreign_Dealer_Self,0
2025-05-19,4991,0,Investment_Trust,0
2025-05-19,4991,5000,Dealer_self,75000
2025-05-19,4991,11263,Dealer_Hedging,11409
2025-05-20,4991,1013000,Foreign_Investor,1110000
2025-05-20,4991,0,Foreign_Dealer_Self,0
2025-05-20,4991,0,Investment_Trust,0
2025-05-20,4991,0,Dealer_self,0
2025-05-20,4991,5493,Dealer_Hedging,5616
2025-05-21,4991,244000,Foreign_Investor,409000
2025-05-21,4991,0,Foreign_Dealer_Self,0
2025-05-21,4991,0,Investment_Trust,0
2025-05-21,4991,0,Dealer_self,0
2025-05-21,4991,5716,Dealer_Hedging,5022
2025-05-22,4991,473500,Foreign_Investor,484000
2025-05-22,4991,0,Foreign_Dealer_Self,0
2025-05-22,4991,0,Investment_Trust,0
2025-05-22,4991,0,Dealer_self,0
2025-05-22,4991,19000,Dealer_Hedging,19233
2025-05-23,4991,763000,Foreign_Investor,1194000
2025-05-23,4991,0,Foreign_Dealer_Self,0
2025-05-23,4991,0,Investment_Trust,0
2025-05-23,4991,0,Dealer_self,0
2025-05-23,4991,10439,Dealer_Hedging,10581
2025-05-26,4991,753000,Foreign_Investor,903000
2025-05-26,4991,0,Foreign_Dealer_Self,0
2025-05-26,4991,0,Investment_Trust,0
2025-05-26,4991,30000,Dealer_self,0
2025-05-26,4991,10483,Dealer_Hedging,10347
2025-05-27,4991,1944500,Foreign_Investor,1580000
2025-05-27,4991,0,Foreign_Dealer_Self,0
2025-05-27,4991,0,Investment_Trust,0
2025-05-27,4991,10000,Dealer_self,150000
2025-05-27,4991,21300,Dealer_Hedging,21677
2025-05-28,4991,2043111,Foreign_Investor,1118000
2025-05-28,4991,0,Foreign_Dealer_Self,0
2025-05-28,4991,0,Investment_Trust,956000
2025-05-28,4991,0,Dealer_self,50000
2025-05-28,4991,13505,Dealer_Hedging,13551
2025-05-29,4991,899050,Foreign_Investor,1105000
2025-05-29,4991,0,Foreign_Dealer_Self,0
2025-05-29,4991,0,Investment_Trust,0
2025-05-29,4991,0,Dealer_self,0
2025-05-29,4991,8593,Dealer_Hedging,8001
2025-06-02,4991,1309500,Foreign_Investor,568000
2025-06-02,4991,0,Foreign_Dealer_Self,0
2025-06-02,4991,0,Investment_Trust,0
2025-06-02,4991,6000,Dealer_self,6000
2025-06-02,4991,7114,Dealer_Hedging,6909
2025-06-03,4991,932000,Foreign_Investor,786000
2025-06-03,4991,0,Foreign_Dealer_Self,0
2025-06-03,4991,0,Investment_Trust,0
2025-06-03,4991,30000,Dealer_self,0
2025-06-03,4991,3518,Dealer_Hedging,3412
2025-06-04,4991,689000,Foreign_Investor,769000
2025-06-04,4991,0,Foreign_Dealer_Self,0
2025-06-04,4991,0,Investment_Trust,0
2025-06-04,4991,100000,Dealer_self,0
2025-06-04,4991,2124,Dealer_Hedging,2113
2025-06-05,4991,1487000,Foreign_Investor,1514000
2025-06-05,4991,0,Foreign_Dealer_Self,0
2025-06-05,4991,0,Investment_Trust,0
2025-06-05,4991,0,Dealer_self,0
2025-06-05,4991,7132,Dealer_Hedging,7963
2025-06-06,4991,676000,Foreign_Investor,1074000
2025-06-06,4991,0,Foreign_Dealer_Self,0
2025-06-06,4991,0,Investment_Trust,0
2025-06-06,4991,0,Dealer_self,30000
2025-06-06,4991,4340,Dealer_Hedging,4178
2025-06-09,4991,1380020,Foreign_Investor,2501000
2025-06-09,4991,0,Foreign_Dealer_Self,0
2025-06-09,4991,0,Investment_Trust,869000
2025-06-09,4991,10000,Dealer_self,0
2025-06-09,4991,19265,Dealer_Hedging,19358
2025-06-10,4991,970000,Foreign_Investor,641000
2025-06-10,4991,0,Foreign_Dealer_Self,0
2025-06-10,4991,0,Investment_Trust,0
2025-06-10,4991,100000,Dealer_self,0
2025-06-10,4991,2069,Dealer_Hedging,1930
2025-06-11,4991,4337000,Foreign_Investor,2250250
2025-06-11,4991,0,Foreign_Dealer_Self,0
2025-06-11,4991,0,Investment_Trust,0
2025-06-11,4991,205000,Dealer_self,4000
2025-06-11,4991,22396,Dealer_Hedging,6047
2025-06-12,4991,10346020,Foreign_Investor,8207400
2025-06-12,4991,0,Foreign_Dealer_Self,0
2025-06-12,4991,0,Investment_Trust,0
2025-06-12,4991,310000,Dealer_self,21000
2025-06-12,4991,41570,Dealer_Hedging,31008
2025-06-13,4991,8877005,Foreign_Investor,10224500
2025-06-13,4991,0,Foreign_Dealer_Self,0
2025-06-13,4991,0,Investment_Trust,4131000
2025-06-13,4991,631000,Dealer_self,20000
2025-06-13,4991,24963,Dealer_Hedging,25176
2025-06-16,4991,7940000,Foreign_Investor,5934000
2025-06-16,4991,0,Foreign_Dealer_Self,0
2025-06-16,4991,423000,Dealer_self,515000
2025-06-16,4991,69062,Dealer_Hedging,16625
2025-06-16,4991,200000,Investment_Trust,0
2025-06-17,4991,8891500,Foreign_Investor,8791000
2025-06-17,4991,0,Foreign_Dealer_Self,0
2025-06-17,4991,383000,Dealer_self,227000
2025-06-17,4991,22087,Dealer_Hedging,87148
2025-06-17,4991,1700000,Investment_Trust,0
2025-06-18,4991,9716015,Foreign_Investor,8793420
2025-06-18,4991,0,Foreign_Dealer_Self,0
2025-06-18,4991,0,Investment_Trust,0
2025-06-18,4991,308000,Dealer_self,214000
2025-06-18,4991,12675,Dealer_Hedging,9666
2025-06-19,4991,3751020,Foreign_Investor,5963000
2025-06-19,4991,0,Foreign_Dealer_Self,0
2025-06-19,4991,0,Investment_Trust,0
2025-06-19,4991,122000,Dealer_self,118000
2025-06-19,4991,4561,Dealer_Hedging,4259
2025-06-20,4991,6057010,Foreign_Investor,3728010
2025-06-20,4991,0,Foreign_Dealer_Self,0
2025-06-20,4991,0,Investment_Trust,0
2025-06-20,4991,75000,Dealer_self,63000
2025-06-20,4991,5209,Dealer_Hedging,5344
2025-06-23,4991,4777000,Foreign_Investor,3833000
2025-06-23,4991,0,Foreign_Dealer_Self,0
2025-06-23,4991,53000,Investment_Trust,0
2025-06-23,4991,131000,Dealer_self,257000
2025-06-23,4991,3363,Dealer_Hedging,3156
2025-06-24,4991,4226000,Foreign_Investor,2834167
2025-06-24,4991,0,Foreign_Dealer_Self,0
2025-06-24,4991,0,Investment_Trust,0
2025-06-24,4991,138000,Dealer_self,110000
2025-06-24,4991,20029,Dealer_Hedging,6000
2025-06-25,4991,13318000,Foreign_Investor,10337030
2025-06-25,4991,0,Foreign_Dealer_Self,0
2025-06-25,4991,216000,Investment_Trust,0
2025-06-25,4991,384000,Dealer_self,129000
2025-06-25,4991,16724,Dealer_Hedging,16714
2025-06-26,4991,9595704,Foreign_Investor,9007000
2025-06-26,4991,0,Foreign_Dealer_Self,0
2025-06-26,4991,0,Investment_Trust,0
2025-06-26,4991,172000,Dealer_self,105000
2025-06-26,4991,13031,Dealer_Hedging,41328
2025-06-27,4991,3219014,Foreign_Investor,5291000
2025-06-27,4991,0,Foreign_Dealer_Self,0
2025-06-27,4991,250000,Investment_Trust,0
2025-06-27,4991,224000,Dealer_self,131000
2025-06-27,4991,22760,Dealer_Hedging,25509
2025-06-30,4991,2253710,Foreign_Investor,2497000
2025-06-30,4991,0,Foreign_Dealer_Self,0
2025-06-30,4991,0,Investment_Trust,53000
2025-06-30,4991,107000,Dealer_self,12000
2025-06-30,4991,5122,Dealer_Hedging,5601
2025-07-01,4991,2449000,Foreign_Investor,2604050
2025-07-01,4991,0,Foreign_Dealer_Self,0
2025-07-01,4991,76000,Dealer_self,140000
2025-07-01,4991,71178,Dealer_Hedging,69621
2025-07-01,4991,0,Investment_Trust,176000
2025-07-02,4991,11406250,Foreign_Investor,10200000
2025-07-02,4991,0,Foreign_Dealer_Self,0
2025-07-02,4991,313000,Dealer_self,92000
2025-07-02,4991,9413,Dealer_Hedging,10346
2025-07-02,4991,0,Investment_Trust,143000
2025-07-03,4991,10022031,Foreign_Investor,9686040
2025-07-03,4991,0,Foreign_Dealer_Self,0
2025-07-03,4991,0,Investment_Trust,216000
2025-07-03,4991,407000,Dealer_self,573000
2025-07-03,4991,52836,Dealer_Hedging,20906
2025-07-04,4991,8879000,Foreign_Investor,8228237
2025-07-04,4991,0,Foreign_Dealer_Self,0
2025-07-04,4991,3055000,Investment_Trust,0
2025-07-04,4991,471000,Dealer_self,218000
2025-07-04,4991,93184,Dealer_Hedging,12215
2025-07-07,4991,10845010,Foreign_Investor,10929000
2025-07-07,4991,0,Foreign_Dealer_Self,0
2025-07-07,4991,0,Investment_Trust,0
2025-07-07,4991,90000,Dealer_self,430000
2025-07-07,4991,270642,Dealer_Hedging,119007
2025-07-08,4991,7905010,Foreign_Investor,8725040
2025-07-08,4991,0,Foreign_Dealer_Self,0
2025-07-08,4991,850000,Investment_Trust,0
2025-07-08,4991,231000,Dealer_self,394000
2025-07-08,4991,6103,Dealer_Hedging,136257
2025-07-09,4991,8695005,Foreign_Investor,9247000
2025-07-09,4991,0,Foreign_Dealer_Self,0
2025-07-09,4991,282000,Dealer_self,468000
2025-07-09,4991,10688,Dealer_Hedging,11023
2025-07-09,4991,50000,Investment_Trust,250000
2025-07-10,4991,8733000,Foreign_Investor,7729500
2025-07-10,4991,0,Foreign_Dealer_Self,0
2025-07-10,4991,656000,Investment_Trust,0
2025-07-10,4991,210000,Dealer_self,234000
2025-07-10,4991,64763,Dealer_Hedging,30841
2025-07-11,4991,11243000,Foreign_Investor,10737597
2025-07-11,4991,0,Foreign_Dealer_Self,0
2025-07-11,4991,0,Investment_Trust,0
2025-07-11,4991,73000,Dealer_self,121000
2025-07-11,4991,15679,Dealer_Hedging,158704
2025-07-14,4991,7392000,Foreign_Investor,7358000
2025-07-14,4991,0,Foreign_Dealer_Self,0
2025-07-14,4991,0,Investment_Trust,0
2025-07-14,4991,94000,Dealer_self,183000
2025-07-14,4991,78803,Dealer_Hedging,19732
2025-07-15,4991,14066010,Foreign_Investor,11837010
2025-07-15,4991,0,Foreign_Dealer_Self,0
2025-07-15,4991,518000,Dealer_self,292000
2025-07-15,4991,25794,Dealer_Hedging,25567
2025-07-15,4991,1164000,Investment_Trust,0
2025-07-16,4991,6439000,Foreign_Investor,7351300
2025-07-16,4991,0,Foreign_Dealer_Self,0
2025-07-16,4991,266000,Investment_Trust,0
2025-07-16,4991,90000,Dealer_self,60000
2025-07-16,4991,6036,Dealer_Hedging,50378
2025-07-17,4991,482238,Foreign_Investor,659295
2025-07-17,4991,0,Foreign_Dealer_Self,0
2025-07-17,4991,0,Investment_Trust,0
2025-07-17,4991,28000,Dealer_self,145000
2025-07-17,4991,100000,Dealer_Hedging,0
2025-07-18,4991,339000,Foreign_Investor,170000
2025-07-18,4991,0,Foreign_Dealer_Self,0
2025-07-18,4991,0,Investment_Trust,0
2025-07-18,4991,32000,Dealer_self,238000
2025-07-18,4991,0,Dealer_Hedging,0
2025-07-21,4991,220000,Foreign_Investor,67000
2025-07-21,4991,0,Foreign_Dealer_Self,0
2025-07-21,4991,0,Investment_Trust,0
2025-07-21,4991,20000,Dealer_self,13000
2025-07-21,4991,37000,Dealer_Hedging,0
2025-07-22,4991,1110000,Foreign_Investor,747118
2025-07-22,4991,0,Foreign_Dealer_Self,0
2025-07-22,4991,0,Investment_Trust,300000
2025-07-22,4991,20000,Dealer_self,45000
2025-07-22,4991,0,Dealer_Hedging,0
2025-07-23,4991,262000,Foreign_Investor,1345370
2025-07-23,4991,0,Foreign_Dealer_Self,0
2025-07-23,4991,0,Investment_Trust,308000
2025-07-23,4991,5000,Dealer_self,363000
2025-07-23,4991,0,Dealer_Hedging,5000
2025-07-24,4991,328000,Foreign_Investor,416000
2025-07-24,4991,0,Foreign_Dealer_Self,0
2025-07-24,4991,0,Investment_Trust,15000
2025-07-24,4991,47000,Dealer_self,100000
2025-07-24,4991,0,Dealer_Hedging,0
2025-07-25,4991,638000,Foreign_Investor,501000
2025-07-25,4991,0,Foreign_Dealer_Self,0
2025-07-25,4991,0,Investment_Trust,0
2025-07-25,4991,246000,Dealer_self,0
2025-07-25,4991,80000,Dealer_Hedging,0
2025-07-28,4991,136000,Foreign_Investor,31500
2025-07-28,4991,0,Foreign_Dealer_Self,0
2025-07-28,4991,0,Investment_Trust,388000
2025-07-28,4991,75000,Dealer_self,0
2025-07-28,4991,0,Dealer_Hedging,0
2025-07-29,4991,539000,Foreign_Investor,225625
2025-07-29,4991,0,Foreign_Dealer_Self,0
2025-07-29,4991,0,Investment_Trust,0
2025-07-29,4991,0,Dealer_self,0
2025-07-29,4991,55004,Dealer_Hedging,5000
2025-07-30,4991,280000,Foreign_Investor,115000
2025-07-30,4991,0,Foreign_Dealer_Self,0
2025-07-30,4991,0,Investment_Trust,0
2025-07-30,4991,37000,Dealer_self,8000
2025-07-30,4991,20000,Dealer_Hedging,10000
2025-07-31,4991,456286,Foreign_Investor,396000
2025-07-31,4991,0,Foreign_Dealer_Self,0
2025-07-31,4991,26000,Investment_Trust,0
2025-07-31,4991,1000,Dealer_self,21000
2025-07-31,4991,4000,Dealer_Hedging,139000
2025-08-01,4991,93000,Foreign_Investor,333700
2025-08-01,4991,0,Foreign_Dealer_Self,0
2025-08-01,4991,0,Investment_Trust,0
2025-08-01,4991,15000,Dealer_self,16000
2025-08-01,4991,0,Dealer_Hedging,37000
2025-08-04,4991,3182000,Foreign_Investor,3568500
2025-08-04,4991,0,Foreign_Dealer_Self,0
2025-08-04,4991,2047000,Investment_Trust,0
2025-08-04,4991,148000,Dealer_self,263000
2025-08-04,4991,24813,Dealer_Hedging,24318
2025-08-05,4991,1211000,Foreign_Investor,3089000
2025-08-05,4991,0,Foreign_Dealer_Self,0
2025-08-05,4991,26000,Investment_Trust,0
2025-08-05,4991,85000,Dealer_self,42000
2025-08-05,4991,49021,Dealer_Hedging,48846
2025-08-06,4991,5322000,Foreign_Investor,2427000
2025-08-06,4991,0,Foreign_Dealer_Self,0
2025-08-06,4991,666000,Investment_Trust,0
2025-08-06,4991,204000,Dealer_self,311000
2025-08-06,4991,36191,Dealer_Hedging,21319
2025-08-07,4991,6043469,Foreign_Investor,8039500
2025-08-07,4991,0,Foreign_Dealer_Self,0
2025-08-07,4991,57000,Investment_Trust,0
2025-08-07,4991,505000,Dealer_self,190000
2025-08-07,4991,72033,Dealer_Hedging,82865
2025-08-08,4991,1923000,Foreign_Investor,2950000
2025-08-08,4991,0,Foreign_Dealer_Self,0
2025-08-08,4991,0,Investment_Trust,0
2025-08-08,4991,111000,Dealer_self,222000
2025-08-08,4991,49036,Dealer_Hedging,44607
2025-08-11,4991,8060000,Foreign_Investor,5000000
2025-08-11,4991,0,Foreign_Dealer_Self,0
2025-08-11,4991,3300000,Investment_Trust,823000
2025-08-11,4991,251000,Dealer_self,302000
2025-08-11,4991,18832,Dealer_Hedging,18592
2025-08-12,4991,7496531,Foreign_Investor,9010659
2025-08-12,4991,0,Foreign_Dealer_Self,0
2025-08-12,4991,0,Investment_Trust,0
2025-08-12,4991,461000,Dealer_self,282000
2025-08-12,4991,61674,Dealer_Hedging,66581
2025-08-13,4991,3566000,Foreign_Investor,5245000
2025-08-13,4991,0,Foreign_Dealer_Self,0
2025-08-13,4991,40000,Dealer_self,603000
2025-08-13,4991,103000,Dealer_Hedging,91136
2025-08-13,4991,0,Investment_Trust,259000
2025-08-14,4991,348000,Foreign_Investor,1132000
2025-08-14,4991,0,Foreign_Dealer_Self,0
2025-08-14,4991,0,Dealer_self,0
2025-08-14,4991,437000,Dealer_Hedging,0
2025-08-14,4991,0,Investment_Trust,335000
2025-08-15,4991,124000,Foreign_Investor,458000
2025-08-15,4991,0,Foreign_Dealer_Self,0
2025-08-15,4991,0,Investment_Trust,0
2025-08-15,4991,0,Dealer_self,215000
2025-08-15,4991,191000,Dealer_Hedging,0
2025-08-18,4991,384000,Foreign_Investor,500000
2025-08-18,4991,0,Foreign_Dealer_Self,0
2025-08-18,4991,0,Investment_Trust,0
2025-08-18,4991,20000,Dealer_self,200000
2025-08-18,4991,158000,Dealer_Hedging,0
2025-08-19,4991,409371,Foreign_Investor,18500
2025-08-19,4991,0,Foreign_Dealer_Self,0
2025-08-19,4991,0,Investment_Trust,150000
2025-08-19,4991,0,Dealer_self,8000
2025-08-19,4991,94000,Dealer_Hedging,0
2025-08-20,4991,394000,Foreign_Investor,326500
2025-08-20,4991,0,Foreign_Dealer_Self,0
2025-08-20,4991,0,Investment_Trust,150000
2025-08-20,4991,0,Dealer_self,87000
2025-08-20,4991,278000,Dealer_Hedging,0
2025-08-21,4991,268000,Foreign_Investor,365000
2025-08-21,4991,0,Foreign_Dealer_Self,0
2025-08-21,4991,0,Investment_Trust,190000
2025-08-21,4991,26000,Dealer_self,37000
2025-08-21,4991,279000,Dealer_Hedging,0
2025-08-22,4991,158000,Foreign_Investor,139000
2025-08-22,4991,0,Foreign_Dealer_Self,0
2025-08-22,4991,0,Investment_Trust,0
2025-08-22,4991,0,Dealer_self,7000
2025-08-22,4991,84000,Dealer_Hedging,0
2025-08-25,4991,166000,Foreign_Investor,58000
2025-08-25,4991,0,Foreign_Dealer_Self,0
2025-08-25,4991,0,Investment_Trust,0
2025-08-25,4991,27000,Dealer_self,12000
2025-08-25,4991,143000,Dealer_Hedging,8000
2025-08-26,4991,118000,Foreign_Investor,153001
2025-08-26,4991,0,Foreign_Dealer_Self,0
2025-08-26,4991,0,Investment_Trust,0
2025-08-26,4991,90000,Dealer_self,28000
2025-08-26,4991,60000,Dealer_Hedging,0
2025-08-27,4991,176000,Foreign_Investor,17000
2025-08-27,4991,0,Foreign_Dealer_Self,0
2025-08-27,4991,28000,Investment_Trust,0
2025-08-27,4991,213000,Dealer_self,22000
2025-08-27,4991,10000,Dealer_Hedging,38000
2025-08-28,4991,2826200,Foreign_Investor,3640500
2025-08-28,4991,0,Foreign_Dealer_Self,0
2025-08-28,4991,100000,Investment_Trust,70000
2025-08-28,4991,155000,Dealer_self,289000
2025-08-28,4991,63337,Dealer_Hedging,660471
2025-08-29,4991,1505100,Foreign_Investor,2970547
2025-08-29,4991,0,Foreign_Dealer_Self,0
2025-08-29,4991,29000,Investment_Trust,0
2025-08-29,4991,374000,Dealer_self,100000
2025-08-29,4991,64247,Dealer_Hedging,206204
2025-09-01,4991,4374240,Foreign_Investor,3206000
2025-09-01,4991,0,Foreign_Dealer_Self,0
2025-09-01,4991,0,Investment_Trust,0
2025-09-01,4991,96000,Dealer_self,115000
2025-09-01,4991,32546,Dealer_Hedging,88712
2025-09-02,4991,2792000,Foreign_Investor,2198000
2025-09-02,4991,0,Foreign_Dealer_Self,0
2025-09-02,4991,0,Investment_Trust,0
2025-09-02,4991,124000,Dealer_self,100000
2025-09-02,4991,19276,Dealer_Hedging,259786
2025-09-03,4991,1523000,Foreign_Investor,3036000
2025-09-03,4991,0,Foreign_Dealer_Self,0
2025-09-03,4991,31000,Dealer_self,339000
2025-09-03,4991,49584,Dealer_Hedging,59598
2025-09-03,4991,0,Investment_Trust,64000
2025-09-04,4991,258380,Foreign_Investor,555336
2025-09-04,4991,0,Foreign_Dealer_Self,0
2025-09-04,4991,0,Investment_Trust,0
2025-09-04,4991,32000,Dealer_self,206000
2025-09-04,4991,680000,Dealer_Hedging,0
2025-09-05,4991,836000,Foreign_Investor,685569
2025-09-05,4991,0,Foreign_Dealer_Self,0
2025-09-05,4991,0,Dealer_self,4000
2025-09-05,4991,36000,Dealer_Hedging,0
2025-09-05,4991,0,Investment_Trust,255000
2025-09-08,4991,229000,Foreign_Investor,112000
2025-09-08,4991,0,Foreign_Dealer_Self,0
2025-09-08,4991,0,Investment_Trust,70000
2025-09-08,4991,0,Dealer_self,0
2025-09-08,4991,72000,Dealer_Hedging,0
2025-09-09,4991,217000,Foreign_Investor,152000
2025-09-09,4991,0,Foreign_Dealer_Self,0
2025-09-09,4991,0,Investment_Trust,80000
2025-09-09,4991,0,Dealer_self,0
2025-09-09,4991,18000,Dealer_Hedging,10000
2025-09-10,4991,596000,Foreign_Investor,150000
2025-09-10,4991,0,Foreign_Dealer_Self,0
2025-09-10,4991,0,Investment_Trust,80000
2025-09-10,4991,0,Dealer_self,0
2025-09-10,4991,0,Dealer_Hedging,80000
2025-09-11,4991,377000,Foreign_Investor,29000
2025-09-11,4991,0,Foreign_Dealer_Self,0
2025-09-11,4991,0,Investment_Trust,80000
2025-09-11,4991,2000,Dealer_self,1000
2025-09-11,4991,10000,Dealer_Hedging,55000
2025-09-12,4991,55000,Foreign_Investor,25000
2025-09-12,4991,0,Foreign_Dealer_Self,0
2025-09-12,4991,0,Investment_Trust,0
2025-09-12,4991,0,Dealer_self,6000
2025-09-12,4991,50000,Dealer_Hedging,25000
2025-09-15,4991,99000,Foreign_Investor,48000
2025-09-15,4991,0,Foreign_Dealer_Self,0
2025-09-15,4991,0,Investment_Trust,50000
2025-09-15,4991,0,Dealer_self,0
2025-09-15,4991,50000,Dealer_Hedging,0
2025-09-16,4991,125000,Foreign_Investor,25352
2025-09-16,4991,0,Foreign_Dealer_Self,0
2025-09-16,4991,0,Investment_Trust,0
2025-09-16,4991,0,Dealer_self,1000
2025-09-16,4991,0,Dealer_Hedging,20000
2025-09-17,4991,175000,Foreign_Investor,73000
2025-09-17,4991,0,Foreign_Dealer_Self,0
2025-09-17,4991,0,Investment_Trust,50000
2025-09-17,4991,0,Dealer_self,8000
2025-09-17,4991,0,Dealer_Hedging,10000
2025-09-18,4991,2930000,Foreign_Investor,4033200
2025-09-18,4991,0,Foreign_Dealer_Self,0
2025-09-18,4991,0,Investment_Trust,0
2025-09-18,4991,19000,Dealer_self,42000
2025-09-18,4991,42479,Dealer_Hedging,362857
2025-09-19,4991,4474000,Foreign_Investor,1818000
2025-09-19,4991,0,Foreign_Dealer_Self,0
2025-09-19,4991,0,Investment_Trust,0
2025-09-19,4991,246000,Dealer_self,31000
2025-09-19,4991,43029,Dealer_Hedging,347706
2025-09-22,4991,4723000,Foreign_Investor,3975000
2025-09-22,4991,0,Foreign_Dealer_Self,0
2025-09-22,4991,0,Investment_Trust,398000
2025-09-22,4991,54000,Dealer_self,72000
2025-09-22,4991,31038,Dealer_Hedging,173562
2025-09-23,4991,2877012,Foreign_Investor,2270000
2025-09-23,4991,0,Foreign_Dealer_Self,0
2025-09-23,4991,0,Investment_Trust,0
2025-09-23,4991,98000,Dealer_self,40000
2025-09-23,4991,14075,Dealer_Hedging,70255
2025-09-24,4991,2035000,Foreign_Investor,3541000
2025-09-24,4991,0,Foreign_Dealer_Self,0
2025-09-24,4991,0,Investment_Trust,0
2025-09-24,4991,2000,Dealer_self,49000
2025-09-24,4991,13911,Dealer_Hedging,72068
2025-09-25,4991,2779000,Foreign_Investor,2519000
2025-09-25,4991,0,Foreign_Dealer_Self,0
2025-09-25,4991,0,Investment_Trust,0
2025-09-25,4991,32000,Dealer_self,114000
2025-09-25,4991,67086,Dealer_Hedging,67181
2025-09-26,4991,2747000,Foreign_Investor,2940000
2025-09-26,4991,0,Foreign_Dealer_Self,0
2025-09-26,4991,33000,Dealer_self,63000
2025-09-26,4991,32842,Dealer_Hedging,31884
2025-09-26,4991,0,Investment_Trust,364000
2025-09-30,4991,1667000,Foreign_Investor,2949000
2025-09-30,4991,0,Foreign_Dealer_Self,0
2025-09-30,4991,0,Dealer_self,110000
2025-09-30,4991,20061,Dealer_Hedging,20053
2025-09-30,4991,22000,Investment_Trust,368000
2025-10-01,4991,1263000,Foreign_Investor,1724281
2025-10-01,4991,0,Foreign_Dealer_Self,0
2025-10-01,4991,0,Investment_Trust,0
2025-10-01,4991,0,Dealer_self,0
2025-10-01,4991,18105,Dealer_Hedging,18257
2025-10-02,4991,1168000,Foreign_Investor,2239000
2025-10-02,4991,0,Foreign_Dealer_Self,0
2025-10-02,4991,0,Investment_Trust,0
2025-10-02,4991,35000,Dealer_self,36000
2025-10-02,4991,17985,Dealer_Hedging,18334
2025-10-03,4991,1472000,Foreign_Investor,1388000
2025-10-03,4991,0,Foreign_Dealer_Self,0
2025-10-03,4991,0,Investment_Trust,0
2025-10-03,4991,0,Dealer_self,8000
2025-10-03,4991,8161,Dealer_Hedging,7449
2025-10-07,4991,1234000,Foreign_Investor,1886120
2025-10-07,4991,0,Foreign_Dealer_Self,0
2025-10-07,4991,0,Investment_Trust,0
2025-10-07,4991,0,Dealer_self,4000
2025-10-07,4991,8264,Dealer_Hedging,9186
2025-10-08,4991,939000,Foreign_Investor,1801000
2025-10-08,4991,0,Foreign_Dealer_Self,0
2025-10-08,4991,0,Investment_Trust,0
2025-10-08,4991,0,Dealer_self,1000
2025-10-08,4991,10167,Dealer_Hedging,9293
2025-10-09,4991,567000,Foreign_Investor,1030000
2025-10-09,4991,0,Foreign_Dealer_Self,0
2025-10-09,4991,0,Dealer_self,0
2025-10-09,4991,1880,Dealer_Hedging,2328
2025-10-09,4991,0,Investment_Trust,126000
2025-10-13,4991,571000,Foreign_Investor,616000
2025-10-13,4991,0,Foreign_Dealer_Self,0
2025-10-13,4991,0,Investment_Trust,37000
2025-10-13,4991,0,Dealer_self,0
2025-10-13,4991,4398,Dealer_Hedging,4596
2025-10-14,4991,1379000,Foreign_Investor,1275379
2025-10-14,4991,0,Foreign_Dealer_Self,0
2025-10-14,4991,0,Investment_Trust,37000
2025-10-14,4991,0,Dealer_self,0
2025-10-14,4991,15200,Dealer_Hedging,14811
2025-10-15,4991,930000,Foreign_Investor,979000
2025-10-15,4991,0,Foreign_Dealer_Self,0
2025-10-15,4991,0,Investment_Trust,931000
2025-10-15,4991,0,Dealer_self,15000
2025-10-15,4991,5825,Dealer_Hedging,5976
2025-10-16,4991,3350400,Foreign_Investor,2156200
2025-10-16,4991,0,Foreign_Dealer_Self,0
2025-10-16,4991,0,Investment_Trust,0
2025-10-16,4991,46000,Dealer_self,60000
2025-10-16,4991,29079,Dealer_Hedging,337572
2025-10-17,4991,1004000,Foreign_Investor,2187000
2025-10-17,4991,0,Foreign_Dealer_Self,0
2025-10-17,4991,0,Investment_Trust,0
2025-10-17,4991,0,Dealer_self,25000
2025-10-17,4991,10442,Dealer_Hedging,10425
2025-10-20,4991,2917000,Foreign_Investor,2983000
2025-10-20,4991,0,Foreign_Dealer_Self,0
2025-10-20,4991,0,Investment_Trust,0
2025-10-20,4991,30000,Dealer_self,3000
2025-10-20,4991,13111,Dealer_Hedging,12336
2025-10-21,4991,1241000,Foreign_Investor,1338000
2025-10-21,4991,0,Foreign_Dealer_Self,0
2025-10-21,4991,0,Investment_Trust,0
2025-10-21,4991,60000,Dealer_self,0
2025-10-21,4991,6272,Dealer_Hedging,6965
2025-10-22,4991,805000,Foreign_Investor,1053000
2025-10-22,4991,0,Foreign_Dealer_Self,0
2025-10-22,4991,0,Investment_Trust,0
2025-10-22,4991,10000,Dealer_self,0
2025-10-22,4991,4959,Dealer_Hedging,4773
2025-10-23,4991,541000,Foreign_Investor,534000
2025-10-23,4991,0,Foreign_Dealer_Self,0
2025-10-23,4991,0,Investment_Trust,0
2025-10-23,4991,0,Dealer_self,0
2025-10-23,4991,6435,Dealer_Hedging,6038
2025-10-27,4991,1288137,Foreign_Investor,1039000
2025-10-27,4991,0,Foreign_Dealer_Self,0
2025-10-27,4991,206000,Investment_Trust,0
2025-10-27,4991,0,Dealer_self,0
2025-10-27,4991,6448,Dealer_Hedging,6752
2025-10-28,4991,3845000,Foreign_Investor,2768400
2025-10-28,4991,0,Foreign_Dealer_Self,0
2025-10-28,4991,0,Investment_Trust,0
2025-10-28,4991,247000,Dealer_self,0
2025-10-28,4991,46177,Dealer_Hedging,29446
2025-10-29,4991,9687220,Foreign_Investor,5872800
2025-10-29,4991,0,Foreign_Dealer_Self,0
2025-10-29,4991,1066000,Investment_Trust,0
2025-10-29,4991,143000,Dealer_self,175000
2025-10-29,4991,40868,Dealer_Hedging,57545
2025-10-30,4991,6465248,Foreign_Investor,6285000
2025-10-30,4991,0,Foreign_Dealer_Self,0
2025-10-30,4991,0,Investment_Trust,0
2025-10-30,4991,161000,Dealer_self,355000
2025-10-30,4991,50059,Dealer_Hedging,50431
2025-10-31,4991,4549000,Foreign_Investor,4032018
2025-10-31,4991,0,Foreign_Dealer_Self,0
2025-10-31,4991,0,Investment_Trust,1000
2025-10-31,4991,87000,Dealer_self,48000
2025-10-31,4991,79354,Dealer_Hedging,67333
2025-11-03,4991,5883754,Foreign_Investor,6927000
2025-11-03,4991,0,Foreign_Dealer_Self,0
2025-11-03,4991,0,Investment_Trust,0
2025-11-03,4991,373000,Dealer_self,139000
2025-11-03,4991,51905,Dealer_Hedging,63954
2025-11-04,4991,2593146,Foreign_Investor,1668520
2025-11-04,4991,0,Foreign_Dealer_Self,0
2025-11-04,4991,0,Investment_Trust,0
2025-11-04,4991,26000,Dealer_self,152000
2025-11-04,4991,12862,Dealer_Hedging,12930
2025-11-05,4991,2932619,Foreign_Investor,3195000
2025-11-05,4991,0,Foreign_Dealer_Self,0
2025-11-05,4991,0,Investment_Trust,41000
2025-11-05,4991,19000,Dealer_self,119000
2025-11-05,4991,27181,Dealer_Hedging,27590
2025-11-06,4991,3471100,Foreign_Investor,3830000
2025-11-06,4991,0,Foreign_Dealer_Self,0
2025-11-06,4991,0,Investment_Trust,0
2025-11-06,4991,109000,Dealer_self,35000
2025-11-06,4991,64369,Dealer_Hedging,49103
2025-11-07,4991,301989,Foreign_Investor,504000
2025-11-07,4991,0,Foreign_Dealer_Self,0
2025-11-07,4991,0,Investment_Trust,0
2025-11-07,4991,1000,Dealer_self,40000
2025-11-07,4991,285000,Dealer_Hedging,0
2025-11-10,4991,749617,Foreign_Investor,487000
2025-11-10,4991,0,Foreign_Dealer_Self,0
2025-11-10,4991,0,Investment_Trust,0
2025-11-10,4991,35000,Dealer_self,0
2025-11-10,4991,97000,Dealer_Hedging,0
2025-11-11,4991,231020,Foreign_Investor,381000
2025-11-11,4991,0,Foreign_Dealer_Self,0
2025-11-11,4991,0,Investment_Trust,0
2025-11-11,4991,7000,Dealer_self,20000
2025-11-11,4991,50000,Dealer_Hedging,0
2025-11-12,4991,231000,Foreign_Investor,622000
2025-11-12,4991,0,Foreign_Dealer_Self,0
2025-11-12,4991,0,Investment_Trust,0
2025-11-12,4991,51000,Dealer_self,65000
2025-11-12,4991,92000,Dealer_Hedging,0
2025-11-13,4991,274000,Foreign_Investor,536000
2025-11-13,4991,0,Foreign_Dealer_Self,0
2025-11-13,4991,0,Investment_Trust,13000
2025-11-13,4991,20000,Dealer_self,10000
2025-11-13,4991,153000,Dealer_Hedging,0
2025-11-14,4991,89000,Foreign_Investor,769000
2025-11-14,4991,0,Foreign_Dealer_Self,0
2025-11-14,4991,0,Investment_Trust,0
2025-11-14,4991,9000,Dealer_self,17000
2025-11-14,4991,310000,Dealer_Hedging,58000
2025-11-17,4991,429000,Foreign_Investor,255000
2025-11-17,4991,0,Foreign_Dealer_Self,0
2025-11-17,4991,0,Investment_Trust,3000
2025-11-17,4991,8000,Dealer_self,0
2025-11-17,4991,6000,Dealer_Hedging,54000
2025-11-18,4991,163000,Foreign_Investor,133000
2025-11-18,4991,0,Foreign_Dealer_Self,0
2025-11-18,4991,0,Investment_Trust,0
2025-11-18,4991,12000,Dealer_self,81000
2025-11-18,4991,0,Dealer_Hedging,4000
2025-11-19,4991,38000,Foreign_Investor,65000
2025-11-19,4991,0,Foreign_Dealer_Self,0
2025-11-19,4991,0,Investment_Trust,0
2025-11-19,4991,12000,Dealer_self,10000
2025-11-19,4991,103000,Dealer_Hedging,0
2025-11-20,4991,33000,Foreign_Investor,308000
2025-11-20,4991,0,Foreign_Dealer_Self,0
2025-11-20,4991,0,Investment_Trust,0
2025-11-20,4991,0,Dealer_self,0
2025-11-20,4991,125000,Dealer_Hedging,3000
2025-11-21,4991,71020,Foreign_Investor,563000
2025-11-21,4991,0,Foreign_Dealer_Self,0
2025-11-21,4991,0,Investment_Trust,0
2025-11-21,4991,21000,Dealer_self,93000
2025-11-21,4991,260000,Dealer_Hedging,0
2025-11-24,4991,120010,Foreign_Investor,157000
2025-11-24,4991,0,Foreign_Dealer_Self,0
2025-11-24,4991,0,Investment_Trust,0
2025-11-24,4991,0,Dealer_self,0
2025-11-24,4991,0,Dealer_Hedging,21000
2025-11-25,4991,2483005,Foreign_Investor,4401000
2025-11-25,4991,0,Foreign_Dealer_Self,0
2025-11-25,4991,120000,Investment_Trust,0
2025-11-25,4991,22000,Dealer_self,0
2025-11-25,4991,12117,Dealer_Hedging,183792
2025-11-26,4991,2454269,Foreign_Investor,2811000
2025-11-26,4991,0,Foreign_Dealer_Self,0
2025-11-26,4991,0,Investment_Trust,0
2025-11-26,4991,143000,Dealer_self,0
2025-11-26,4991,13053,Dealer_Hedging,62850
2025-11-27,4991,2049000,Foreign_Investor,2862000
2025-11-27,4991,0,Foreign_Dealer_Self,0
2025-11-27,4991,30000,Investment_Trust,0
2025-11-27,4991,154000,Dealer_self,2000
2025-11-27,4991,27152,Dealer_Hedging,26983
2025-11-28,4991,3078000,Foreign_Investor,1605000
2025-11-28,4991,0,Foreign_Dealer_Self,0
2025-11-28,4991,0,Investment_Trust,1000
2025-11-28,4991,138000,Dealer_self,28000
2025-11-28,4991,28032,Dealer_Hedging,28322
2025-12-01,4991,1903000,Foreign_Investor,2639000
2025-12-01,4991,0,Foreign_Dealer_Self,0
2025-12-01,4991,0,Investment_Trust,0
2025-12-01,4991,37000,Dealer_self,142000
2025-12-01,4991,54841,Dealer_Hedging,46376
2025-12-02,4991,3635000,Foreign_Investor,2228000
2025-12-02,4991,0,Foreign_Dealer_Self,0
2025-12-02,4991,0,Investment_Trust,0
2025-12-02,4991,295000,Dealer_self,50000
2025-12-02,4991,16185,Dealer_Hedging,296084
2025-12-03,4991,1402000,Foreign_Investor,5072000
2025-12-03,4991,0,Foreign_Dealer_Self,0
2025-12-03,4991,0,Investment_Trust,0
2025-12-03,4991,56000,Dealer_self,327000
2025-12-03,4991,223000,Dealer_Hedging,62803
2025-12-04,4991,2159020,Foreign_Investor,1533000
2025-12-04,4991,0,Foreign_Dealer_Self,0
2025-12-04,4991,0,Investment_Trust,0
2025-12-04,4991,66000,Dealer_self,20000
2025-12-04,4991,14297,Dealer_Hedging,283249
2025-12-05,4991,127000,Foreign_Investor,300000
2025-12-05,4991,0,Foreign_Dealer_Self,0
2025-12-05,4991,0,Investment_Trust,0
2025-12-05,4991,54000,Dealer_self,7000
2025-12-05,4991,237000,Dealer_Hedging,0
2025-12-08,4991,125000,Foreign_Investor,38000
2025-12-08,4991,0,Foreign_Dealer_Self,0
2025-12-08,4991,0,Investment_Trust,0
2025-12-08,4991,8000,Dealer_self,0
2025-12-08,4991,180000,Dealer_Hedging,0
2025-12-09,4991,1179000,Foreign_Investor,41000
2025-12-09,4991,0,Foreign_Dealer_Self,0
2025-12-09,4991,0,Investment_Trust,0
2025-12-09,4991,26200,Dealer_self,15000
2025-12-09,4991,60000,Dealer_Hedging,0
2025-12-10,4991,431002,Foreign_Investor,509000
2025-12-10,4991,0,Foreign_Dealer_Self,0
2025-12-10,4991,0,Investment_Trust,0
2025-12-10,4991,164000,Dealer_self,14000
2025-12-10,4991,0,Dealer_Hedging,0
2025-12-11,4991,465000,Foreign_Investor,650080
2025-12-11,4991,0,Foreign_Dealer_Self,0
2025-12-11,4991,0,Investment_Trust,0
2025-12-11,4991,33000,Dealer_self,6000
2025-12-11,4991,135000,Dealer_Hedging,0
2025-12-12,4991,367000,Foreign_Investor,765125
2025-12-12,4991,0,Foreign_Dealer_Self,0
2025-12-12,4991,0,Investment_Trust,0
2025-12-12,4991,290000,Dealer_self,9000
2025-12-12,4991,41000,Dealer_Hedging,29000
2025-12-15,4991,514000,Foreign_Investor,284000
2025-12-15,4991,0,Foreign_Dealer_Self,0
2025-12-15,4991,0,Investment_Trust,0
2025-12-15,4991,140000,Dealer_self,66000
2025-12-15,4991,20000,Dealer_Hedging,0
2025-12-16,4991,744000,Foreign_Investor,166005
2025-12-16,4991,0,Foreign_Dealer_Self,0
2025-12-16,4991,0,Investment_Trust,0
2025-12-16,4991,113000,Dealer_self,211000
2025-12-16,4991,80000,Dealer_Hedging,134000
2025-12-17,4991,614000,Foreign_Investor,103600
2025-12-17,4991,0,Foreign_Dealer_Self,0
2025-12-17,4991,0,Investment_Trust,0
2025-12-17,4991,89000,Dealer_self,71000
2025-12-17,4991,53000,Dealer_Hedging,0
2025-12-18,4991,125000,Foreign_Investor,276000
2025-12-18,4991,0,Foreign_Dealer_Self,0
2025-12-18,4991,20000,Investment_Trust,0
2025-12-18,4991,21000,Dealer_self,33200
2025-12-18,4991,40000,Dealer_Hedging,6000
2025-12-19,4991,2739200,Foreign_Investor,1856222
2025-12-19,4991,0,Foreign_Dealer_Self,0
2025-12-19,4991,124000,Dealer_self,123000
2025-12-19,4991,127562,Dealer_Hedging,186299
2025-12-19,4991,675000,Investment_Trust,0
2025-12-22,4991,1713000,Foreign_Investor,352051
2025-12-22,4991,0,Foreign_Dealer_Self,0
2025-12-22,4991,18000,Dealer_self,40000
2025-12-22,4991,90119,Dealer_Hedging,86000
2025-12-22,4991,43000,Investment_Trust,0
2025-12-23,4991,4125000,Foreign_Investor,1983502
2025-12-23,4991,0,Foreign_Dealer_Self,0
2025-12-23,4991,181000,Dealer_self,50000
2025-12-23,4991,34330,Dealer_Hedging,257301
2025-12-23,4991,415000,Investment_Trust,0
2025-12-24,4991,9431741,Foreign_Investor,4044112
2025-12-24,4991,0,Foreign_Dealer_Self,0
2025-12-24,4991,0,Investment_Trust,0
2025-12-24,4991,188000,Dealer_self,102000
2025-12-24,4991,25265,Dealer_Hedging,223090
2025-12-26,4991,2812010,Foreign_Investor,3984000
2025-12-26,4991,0,Foreign_Dealer_Self,0
2025-12-26,4991,6000,Investment_Trust,0
2025-12-26,4991,9000,Dealer_self,90000
2025-12-26,4991,176603,Dealer_Hedging,176104
2025-12-29,4991,185000,Foreign_Investor,307100
2025-12-29,4991,0,Foreign_Dealer_Self,0
2025-12-29,4991,0,Investment_Trust,0
2025-12-29,4991,15000,Dealer_self,55000
2025-12-29,4991,205000,Dealer_Hedging,0
2025-12-30,4991,259000,Foreign_Investor,191000
2025-12-30,4991,0,Foreign_Dealer_Self,0
2025-12-30,4991,0,Investment_Trust,0
2025-12-30,4991,13979,Dealer_self,166000
2025-12-30,4991,90000,Dealer_Hedging,18000
2025-12-31,4991,65000,Foreign_Investor,83000
2025-12-31,4991,0,Foreign_Dealer_Self,0
2025-12-31,4991,0,Investment_Trust,0
2025-12-31,4991,22000,Dealer_self,66000
2025-12-31,4991,35000,Dealer_Hedging,10000
2026-01-02,4991,54050,Foreign_Investor,19000
2026-01-02,4991,0,Foreign_Dealer_Self,0
2026-01-02,4991,0,Investment_Trust,0
2026-01-02,4991,36000,Dealer_self,35000
2026-01-02,4991,5000,Dealer_Hedging,0
2026-01-05,4991,191000,Foreign_Investor,68000
2026-01-05,4991,0,Foreign_Dealer_Self,0
2026-01-05,4991,0,Investment_Trust,0
2026-01-05,4991,0,Dealer_self,22000
2026-01-05,4991,123000,Dealer_Hedging,0
2026-01-06,4991,170000,Foreign_Investor,111000
2026-01-06,4991,0,Foreign_Dealer_Self,0
2026-01-06,4991,0,Investment_Trust,0
2026-01-06,4991,0,Dealer_self,18000
2026-01-06,4991,89000,Dealer_Hedging,30000
2026-01-07,4991,60000,Foreign_Investor,214000
2026-01-07,4991,0,Foreign_Dealer_Self,0
2026-01-07,4991,0,Investment_Trust,0
2026-01-07,4991,20000,Dealer_self,0
2026-01-07,4991,47000,Dealer_Hedging,0
2026-01-08,4991,108000,Foreign_Investor,286000
2026-01-08,4991,0,Foreign_Dealer_Self,0
2026-01-08,4991,0,Investment_Trust,0
2026-01-08,4991,0,Dealer_self,0
2026-01-08,4991,40000,Dealer_Hedging,13000
2026-01-09,4991,42000,Foreign_Investor,313000
2026-01-09,4991,0,Foreign_Dealer_Self,0
2026-01-09,4991,0,Investment_Trust,0
2026-01-09,4991,69000,Dealer_self,68979
2026-01-09,4991,25000,Dealer_Hedging,23000
2026-01-12,4991,158000,Foreign_Investor,241100
2026-01-12,4991,0,Foreign_Dealer_Self,0
2026-01-12,4991,0,Investment_Trust,0
2026-01-12,4991,142000,Dealer_self,1500
2026-01-12,4991,60000,Dealer_Hedging,6000
2026-01-13,4991,2696050,Foreign_Investor,5131980
2026-01-13,4991,0,Foreign_Dealer_Self,0
2026-01-13,4991,171000,Dealer_self,228500
2026-01-13,4991,82081,Dealer_Hedging,283364
2026-01-13,4991,803000,Investment_Trust,10000
2026-01-14,4991,1515110,Foreign_Investor,3550000
2026-01-14,4991,0,Foreign_Dealer_Self,0
2026-01-14,4991,16000,Dealer_self,256000
2026-01-14,4991,131940,Dealer_Hedging,229302
2026-01-14,4991,0,Investment_Trust,466000
2026-01-15,4991,1087000,Foreign_Investor,1982606
2026-01-15,4991,0,Foreign_Dealer_Self,0
2026-01-15,4991,0,Investment_Trust,0
2026-01-15,4991,6000,Dealer_self,72000
2026-01-15,4991,59030,Dealer_Hedging,58073
2026-01-16,4991,714000,Foreign_Investor,3085379
2026-01-16,4991,0,Foreign_Dealer_Self,0
2026-01-16,4991,20000,Dealer_self,25000
2026-01-16,4991,77298,Dealer_Hedging,78517
2026-01-16,4991,0,Investment_Trust,286000
2026-01-19,4991,1582000,Foreign_Investor,1538000
2026-01-19,4991,0,Foreign_Dealer_Self,0
2026-01-19,4991,0,Investment_Trust,0
2026-01-19,4991,20000,Dealer_self,10000
2026-01-19,4991,57255,Dealer_Hedging,57774
2026-01-20,4991,528000,Foreign_Investor,233084
2026-01-20,4991,0,Foreign_Dealer_Self,0
2026-01-20,4991,0,Investment_Trust,0
2026-01-20,4991,7000,Dealer_self,21000
2026-01-20,4991,0,Dealer_Hedging,20000
2026-01-21,4991,441000,Foreign_Investor,231000
2026-01-21,4991,0,Foreign_Dealer_Self,0
2026-01-21,4991,50000,Investment_Trust,0
2026-01-21,4991,5000,Dealer_self,3000
2026-01-21,4991,0,Dealer_Hedging,60000
2026-01-22,4991,359000,Foreign_Investor,107500
2026-01-22,4991,0,Foreign_Dealer_Self,0
2026-01-22,4991,0,Investment_Trust,0
2026-01-22,4991,0,Dealer_self,10000
2026-01-22,4991,4000,Dealer_Hedging,20000
2026-01-23,4991,141015,Foreign_Investor,86179
2026-01-23,4991,0,Foreign_Dealer_Self,0
2026-01-23,4991,0,Investment_Trust,0
2026-01-23,4991,0,Dealer_self,3000
2026-01-23,4991,80000,Dealer_Hedging,0
2026-01-26,4991,75771,Foreign_Investor,124128
2026-01-26,4991,0,Foreign_Dealer_Self,0
2026-01-26,4991,0,Investment_Trust,0
2026-01-26,4991,0,Dealer_self,13571
2026-01-26,4991,163000,Dealer_Hedging,0
2026-01-27,4991,561420,Foreign_Investor,219000
2026-01-27,4991,0,Foreign_Dealer_Self,0
2026-01-27,4991,25000,Investment_Trust,0
2026-01-27,4991,0,Dealer_self,183500
2026-01-27,4991,85000,Dealer_Hedging,170000
2026-01-28,4991,417886,Foreign_Investor,272253
2026-01-28,4991,0,Foreign_Dealer_Self,0
2026-01-28,4991,25000,Investment_Trust,0
2026-01-28,4991,30000,Dealer_self,10000
2026-01-28,4991,28000,Dealer_Hedging,104000
2026-01-29,4991,450150,Foreign_Investor,43000
2026-01-29,4991,0,Foreign_Dealer_Self,0
2026-01-29,4991,30000,Investment_Trust,0
2026-01-29,4991,15000,Dealer_self,46000
2026-01-29,4991,58000,Dealer_Hedging,64843
2026-01-30,4991,207000,Foreign_Investor,83000
2026-01-30,4991,0,Foreign_Dealer_Self,0
2026-01-30,4991,0,Investment_Trust,166
2026-01-30,4991,5000,Dealer_self,20000
2026-01-30,4991,78000,Dealer_Hedging,37162
2026-02-02,4991,97000,Foreign_Investor,196922
2026-02-02,4991,0,Foreign_Dealer_Self,0
2026-02-02,4991,20000,Investment_Trust,0
2026-02-02,4991,20000,Dealer_self,21500
2026-02-02,4991,15000,Dealer_Hedging,25000
2026-02-03,4991,2948391,Foreign_Investor,2896016
2026-02-03,4991,0,Foreign_Dealer_Self,0
2026-02-03,4991,133000,Investment_Trust,0
2026-02-03,4991,29000,Dealer_self,61000
2026-02-03,4991,186462,Dealer_Hedging,592391
2026-02-04,4991,6427000,Foreign_Investor,1571336
2026-02-04,4991,0,Foreign_Dealer_Self,0
2026-02-04,4991,136000,Dealer_self,43000
2026-02-04,4991,86187,Dealer_Hedging,152000
2026-02-04,4991,1621000,Investment_Trust,2502000
2026-02-05,4991,3784175,Foreign_Investor,3260565
2026-02-05,4991,0,Foreign_Dealer_Self,0
2026-02-05,4991,0,Investment_Trust,150000
2026-02-05,4991,63000,Dealer_self,47000
2026-02-05,4991,79650,Dealer_Hedging,44472
2026-02-06,4991,1733450,Foreign_Investor,3207467
2026-02-06,4991,0,Foreign_Dealer_Self,0
2026-02-06,4991,27832,Dealer_self,123000
2026-02-06,4991,18000,Dealer_Hedging,79099
2026-02-06,4991,300000,Investment_Trust,303615
2026-02-09,4991,3904831,Foreign_Investor,4715144
2026-02-09,4991,0,Foreign_Dealer_Self,0
2026-02-09,4991,0,Investment_Trust,450000
2026-02-09,4991,4000,Dealer_self,96000
2026-02-09,4991,116820,Dealer_Hedging,297748
2026-02-10,4991,666252,Foreign_Investor,331252
2026-02-10,4991,0,Foreign_Dealer_Self,0
2026-02-10,4991,0,Investment_Trust,309000
2026-02-10,4991,14500,Dealer_self,50505
2026-02-10,4991,151000,Dealer_Hedging,0
2026-02-11,4991,1208387,Foreign_Investor,279000
2026-02-11,4991,0,Foreign_Dealer_Self,0
2026-02-11,4991,0,Investment_Trust,0
2026-02-11,4991,500,Dealer_self,57000
2026-02-11,4991,34000,Dealer_Hedging,0
2026-02-23,4991,600000,Foreign_Investor,479434
2026-02-23,4991,0,Foreign_Dealer_Self,0
2026-02-23,4991,0,Investment_Trust,0
2026-02-23,4991,22000,Dealer_self,56000
2026-02-23,4991,10000,Dealer_Hedging,10000
2026-02-24,4991,668011,Foreign_Investor,300276
2026-02-24,4991,0,Foreign_Dealer_Self,0
2026-02-24,4991,0,Investment_Trust,0
2026-02-24,4991,20000,Dealer_self,11000
2026-02-24,4991,33000,Dealer_Hedging,13000
2026-02-25,4991,682100,Foreign_Investor,449253
2026-02-25,4991,0,Foreign_Dealer_Self,0
2026-02-25,4991,0,Investment_Trust,0
2026-02-25,4991,0,Dealer_self,3000
2026-02-25,4991,79000,Dealer_Hedging,0
2026-02-26,4991,265000,Foreign_Investor,148167
2026-02-26,4991,0,Foreign_Dealer_Self,0
2026-02-26,4991,0,Investment_Trust,0
2026-02-26,4991,11000,Dealer_self,10000
2026-02-26,4991,30000,Dealer_Hedging,4000
2026-03-02,4991,686055,Foreign_Investor,234317
2026-03-02,4991,0,Foreign_Dealer_Self,0
2026-03-02,4991,0,Investment_Trust,240000
2026-03-02,4991,5000,Dealer_self,123000
2026-03-02,4991,20000,Dealer_Hedging,17000
2026-03-03,4991,482050,Foreign_Investor,205000
2026-03-03,4991,0,Foreign_Dealer_Self,0
2026-03-03,4991,5000,Dealer_self,34161
2026-03-03,4991,0,Dealer_Hedging,28000
2026-03-03,4991,18000,Investment_Trust,127000
2026-03-04,4991,188200,Foreign_Investor,101000
2026-03-04,4991,0,Foreign_Dealer_Self,0
2026-03-04,4991,0,Investment_Trust,0
2026-03-04,4991,15000,Dealer_self,28000
2026-03-04,4991,0,Dealer_Hedging,5000
2026-03-05,4991,506000,Foreign_Investor,346237
2026-03-05,4991,0,Foreign_Dealer_Self,0
2026-03-05,4991,0,Investment_Trust,0
2026-03-05,4991,34000,Dealer_self,20000
2026-03-05,4991,9000,Dealer_Hedging,9000
2026-03-06,4991,579250,Foreign_Investor,132000
2026-03-06,4991,0,Foreign_Dealer_Self,0
2026-03-06,4991,0,Investment_Trust,0
2026-03-06,4991,41000,Dealer_self,0
2026-03-06,4991,0,Dealer_Hedging,20000
2026-03-09,4991,137084,Foreign_Investor,900
2026-03-09,4991,0,Foreign_Dealer_Self,0
2026-03-09,4991,0,Investment_Trust,0
2026-03-09,4991,0,Dealer_self,6000
2026-03-09,4991,0,Dealer_Hedging,9000
2026-03-10,4991,83035,Foreign_Investor,293000
2026-03-10,4991,0,Foreign_Dealer_Self,0
2026-03-10,4991,0,Investment_Trust,1000
2026-03-10,4991,161000,Dealer_self,11000
2026-03-10,4991,13000,Dealer_Hedging,10000
2026-03-11,4991,154000,Foreign_Investor,143000
2026-03-11,4991,0,Foreign_Dealer_Self,0
2026-03-11,4991,0,Investment_Trust,0
2026-03-11,4991,30000,Dealer_self,8000
2026-03-11,4991,3000,Dealer_Hedging,4000
2026-03-12,4991,156000,Foreign_Investor,119000
2026-03-12,4991,0,Foreign_Dealer_Self,0
2026-03-12,4991,0,Investment_Trust,0
2026-03-12,4991,0,Dealer_self,52000
2026-03-12,4991,0,Dealer_Hedging,6000
2026-03-13,4991,122000,Foreign_Investor,183454
2026-03-13,4991,0,Foreign_Dealer_Self,0
2026-03-13,4991,0,Investment_Trust,0
2026-03-13,4991,16000,Dealer_self,1000
2026-03-13,4991,0,Dealer_Hedging,0
2026-03-16,4991,114000,Foreign_Investor,100000
2026-03-16,4991,0,Foreign_Dealer_Self,0
2026-03-16,4991,0,Investment_Trust,0
2026-03-16,4991,13000,Dealer_self,63000
2026-03-16,4991,20000,Dealer_Hedging,1000
2026-03-17,4991,93000,Foreign_Investor,350621
2026-03-17,4991,0,Foreign_Dealer_Self,0
2026-03-17,4991,0,Investment_Trust,0
2026-03-17,4991,3000,Dealer_self,32000
2026-03-17,4991,131000,Dealer_Hedging,40000
2026-03-18,4991,2026501,Foreign_Investor,2240000
2026-03-18,4991,0,Foreign_Dealer_Self,0
2026-03-18,4991,16000,Dealer_self,46000
2026-03-18,4991,70813,Dealer_Hedging,131711
2026-03-18,4991,28000,Investment_Trust,0
2026-03-19,4991,437000,Foreign_Investor,636808
2026-03-19,4991,0,Foreign_Dealer_Self,0
2026-03-19,4991,0,Investment_Trust,0
2026-03-19,4991,10000,Dealer_self,20000
2026-03-19,4991,90813,Dealer_Hedging,38000
2026-03-20,4991,5522068,Foreign_Investor,5276509
2026-03-20,4991,0,Foreign_Dealer_Self,0
2026-03-20,4991,773000,Investment_Trust,0
2026-03-20,4991,38000,Dealer_self,35000
2026-03-20,4991,77835,Dealer_Hedging,213870
2026-03-23,4991,8548457,Foreign_Investor,8941092
2026-03-23,4991,0,Foreign_Dealer_Self,0
2026-03-23,4991,3000,Dealer_self,79000
2026-03-23,4991,190719,Dealer_Hedging,385276
2026-03-23,4991,503000,Investment_Trust,29000
2026-03-24,4991,5397200,Foreign_Investor,6423700
2026-03-24,4991,0,Foreign_Dealer_Self,0
2026-03-24,4991,730000,Investment_Trust,0
2026-03-24,4991,19000,Dealer_self,16000
2026-03-24,4991,124545,Dealer_Hedging,137825
2026-03-25,4991,105000,Foreign_Investor,300000
2026-03-25,4991,0,Foreign_Dealer_Self,0
2026-03-25,4991,18000,Dealer_self,0
2026-03-25,4991,47964,Dealer_Hedging,1000
2026-03-25,4991,85000,Investment_Trust,0
2026-03-26,4991,5072570,Foreign_Investor,5345546
2026-03-26,4991,0,Foreign_Dealer_Self,0
2026-03-26,4991,121000,Dealer_self,71000
2026-03-26,4991,117717,Dealer_Hedging,294880
2026-03-26,4991,504000,Investment_Trust,0
2026-03-27,4991,368052,Foreign_Investor,230103
2026-03-27,4991,0,Foreign_Dealer_Self,0
2026-03-27,4991,11000,Investment_Trust,0
2026-03-27,4991,58000,Dealer_self,6000
2026-03-27,4991,50000,Dealer_Hedging,0
2026-03-30,4991,224000,Foreign_Investor,91753
2026-03-30,4991,0,Foreign_Dealer_Self,0
2026-03-30,4991,0,Investment_Trust,0
2026-03-30,4991,1000,Dealer_self,8000
2026-03-30,4991,47000,Dealer_Hedging,0
2026-03-31,4991,611002,Foreign_Investor,136000
2026-03-31,4991,0,Foreign_Dealer_Self,0
2026-03-31,4991,0,Investment_Trust,0
2026-03-31,4991,0,Dealer_self,32267
2026-03-31,4991,34000,Dealer_Hedging,0
2026-04-01,4991,145503,Foreign_Investor,71001
2026-04-01,4991,0,Foreign_Dealer_Self,0
2026-04-01,4991,0,Investment_Trust,0
2026-04-01,4991,15000,Dealer_self,0
2026-04-01,4991,0,Dealer_Hedging,0
2026-04-02,4991,411000,Foreign_Investor,83416
2026-04-02,4991,0,Foreign_Dealer_Self,0
2026-04-02,4991,24400,Dealer_self,0
2026-04-02,4991,15000,Dealer_Hedging,0
2026-04-02,4991,140000,Investment_Trust,0
2026-04-07,4991,380390,Foreign_Investor,93541
2026-04-07,4991,0,Foreign_Dealer_Self,0
2026-04-07,4991,4000,Dealer_self,24000
2026-04-07,4991,16000,Dealer_Hedging,0
2026-04-07,4991,148000,Investment_Trust,0
2026-04-08,4991,163000,Foreign_Investor,56620
2026-04-08,4991,0,Foreign_Dealer_Self,0
2026-04-08,4991,7000,Dealer_self,10000
2026-04-08,4991,10000,Dealer_Hedging,0
2026-04-08,4991,51000,Investment_Trust,202000
2026-04-09,4991,167015,Foreign_Investor,281000
2026-04-09,4991,0,Foreign_Dealer_Self,0
2026-04-09,4991,6000,Dealer_self,14000
2026-04-09,4991,45000,Dealer_Hedging,0
2026-04-09,4991,61000,Investment_Trust,130000
2026-04-10,4991,157743,Foreign_Investor,28020
2026-04-10,4991,0,Foreign_Dealer_Self,0
2026-04-10,4991,0,Investment_Trust,0
2026-04-10,4991,23000,Dealer_self,16000
2026-04-10,4991,2000,Dealer_Hedging,5000
2026-04-13,4991,68000,Foreign_Investor,302001
2026-04-13,4991,0,Foreign_Dealer_Self,0
2026-04-13,4991,15000,Dealer_self,32400
2026-04-13,4991,36000,Dealer_Hedging,15942
2026-04-13,4991,162000,Investment_Trust,62000
2026-04-14,4991,3440070,Foreign_Investor,3094979
2026-04-14,4991,0,Foreign_Dealer_Self,0
2026-04-14,4991,35000,Dealer_self,69000
2026-04-14,4991,73609,Dealer_Hedging,265279
2026-04-14,4991,443000,Investment_Trust,183000
2026-04-15,4991,122003,Foreign_Investor,228520
2026-04-15,4991,0,Foreign_Dealer_Self,0
2026-04-15,4991,3000,Investment_Trust,0
2026-04-15,4991,0,Dealer_self,6000
2026-04-15,4991,30000,Dealer_Hedging,60000
2026-04-16,4991,136805,Foreign_Investor,267000
2026-04-16,4991,0,Foreign_Dealer_Self,0
2026-04-16,4991,2000,Investment_Trust,0
2026-04-16,4991,3650,Dealer_self,92054
2026-04-16,4991,20000,Dealer_Hedging,20000
2026-04-17,4991,407530,Foreign_Investor,181500
2026-04-17,4991,0,Foreign_Dealer_Self,0
2026-04-17,4991,25000,Investment_Trust,0
2026-04-17,4991,20000,Dealer_self,3000
2026-04-17,4991,0,Dealer_Hedging,0
2026-04-20,4991,381076,Foreign_Investor,338005
2026-04-20,4991,0,Foreign_Dealer_Self,0
2026-04-20,4991,39200,Investment_Trust,0
2026-04-20,4991,11002,Dealer_self,24000
2026-04-20,4991,0,Dealer_Hedging,0
2026-04-21,4991,137007,Foreign_Investor,232500
2026-04-21,4991,0,Foreign_Dealer_Self,0
2026-04-21,4991,104250,Investment_Trust,0
2026-04-21,4991,0,Dealer_self,20000
2026-04-21,4991,27000,Dealer_Hedging,0
2026-04-22,4991,135060,Foreign_Investor,267811
2026-04-22,4991,0,Foreign_Dealer_Self,0
2026-04-22,4991,2603,Investment_Trust,0
2026-04-22,4991,3000,Dealer_self,7000
2026-04-22,4991,10000,Dealer_Hedging,9000
2026-04-23,4991,296056,Foreign_Investor,74333
2026-04-23,4991,0,Foreign_Dealer_Self,0
2026-04-23,4991,6000,Investment_Trust,0
2026-04-23,4991,7000,Dealer_self,9767
2026-04-23,4991,40633,Dealer_Hedging,29983
2026-04-24,4991,440520,Foreign_Investor,178005
2026-04-24,4991,0,Foreign_Dealer_Self,0
2026-04-24,4991,51000,Dealer_self,4200
2026-04-24,4991,35000,Dealer_Hedging,1000
2026-04-24,4991,252134,Investment_Trust,127000
2026-04-27,4991,276000,Foreign_Investor,173183
2026-04-27,4991,0,Foreign_Dealer_Self,0
2026-04-27,4991,0,Investment_Trust,2000
2026-04-27,4991,66000,Dealer_self,26000
2026-04-27,4991,113000,Dealer_Hedging,4000
2026-04-28,4991,108000,Foreign_Investor,30100
2026-04-28,4991,0,Foreign_Dealer_Self,0
2026-04-28,4991,0,Investment_Trust,20000
2026-04-28,4991,18000,Dealer_self,46000
2026-04-28,4991,1000,Dealer_Hedging,118438
2026-04-29,4991,1968201,Foreign_Investor,2793700
2026-04-29,4991,0,Foreign_Dealer_Self,0
2026-04-29,4991,56000,Dealer_self,83450
2026-04-29,4991,147034,Dealer_Hedging,160325
2026-04-29,4991,11000,Investment_Trust,20000
2026-04-30,4991,1887450,Foreign_Investor,1284597
2026-04-30,4991,0,Foreign_Dealer_Self,0
2026-04-30,4991,0,Investment_Trust,10000
2026-04-30,4991,42000,Dealer_self,77053
2026-04-30,4991,62160,Dealer_Hedging,67833
2026-05-04,4991,1510230,Foreign_Investor,2913625
2026-05-04,4991,0,Foreign_Dealer_Self,0
2026-05-04,4991,27220,Dealer_self,182431
2026-05-04,4991,138872,Dealer_Hedging,154994
2026-05-04,4991,48000,Investment_Trust,56500
2026-05-05,4991,1866100,Foreign_Investor,632515
2026-05-05,4991,0,Foreign_Dealer_Self,0
2026-05-05,4991,0,Investment_Trust,0
2026-05-05,4991,31000,Dealer_self,13000
2026-05-05,4991,67743,Dealer_Hedging,39315
2026-05-06,4991,4068401,Foreign_Investor,4531943
2026-05-06,4991,0,Foreign_Dealer_Self,0
2026-05-06,4991,2000,Investment_Trust,37000
2026-05-06,4991,25000,Dealer_self,56000
2026-05-06,4991,136504,Dealer_Hedging,236304
2026-05-07,4991,1788457,Foreign_Investor,2334060
2026-05-07,4991,0,Foreign_Dealer_Self,0
2026-05-07,4991,6000,Dealer_self,31000
2026-05-07,4991,162353,Dealer_Hedging,162413
2026-05-07,4991,2000,Investment_Trust,162000
2026-05-08,4991,2168864,Foreign_Investor,1475236
2026-05-08,4991,0,Foreign_Dealer_Self,0
2026-05-08,4991,32000,Dealer_self,35000
2026-05-08,4991,150403,Dealer_Hedging,150927
2026-05-08,4991,0,Investment_Trust,1017000
2026-05-11,4991,996004,Foreign_Investor,142000
2026-05-11,4991,0,Foreign_Dealer_Self,0
2026-05-11,4991,0,Investment_Trust,50000
2026-05-11,4991,3000,Dealer_self,12000
2026-05-11,4991,9000,Dealer_Hedging,0
2026-05-12,4991,1125000,Foreign_Investor,134100
2026-05-12,4991,0,Foreign_Dealer_Self,0
2026-05-12,4991,0,Investment_Trust,0
2026-05-12,4991,13000,Dealer_self,5000
2026-05-12,4991,0,Dealer_Hedging,0
2026-05-13,4991,293004,Foreign_Investor,103190
2026-05-13,4991,0,Foreign_Dealer_Self,0
2026-05-13,4991,0,Investment_Trust,0
2026-05-13,4991,6688,Dealer_self,8000
2026-05-13,4991,1000,Dealer_Hedging,1000
2026-05-14,4991,332500,Foreign_Investor,87000
2026-05-14,4991,0,Foreign_Dealer_Self,0
2026-05-14,4991,0,Investment_Trust,0
2026-05-14,4991,14000,Dealer_self,2601
2026-05-14,4991,0,Dealer_Hedging,0
2026-05-15,4991,266250,Foreign_Investor,156700
2026-05-15,4991,0,Foreign_Dealer_Self,0
2026-05-15,4991,17000,Investment_Trust,0
2026-05-15,4991,6000,Dealer_self,2000
2026-05-15,4991,12000,Dealer_Hedging,0
2026-05-18,4991,442004,Foreign_Investor,93000
2026-05-18,4991,0,Foreign_Dealer_Self,0
2026-05-18,4991,0,Investment_Trust,0
2026-05-18,4991,13000,Dealer_self,8087
2026-05-18,4991,0,Dealer_Hedging,3000
2026-05-19,4991,673000,Foreign_Investor,324001
2026-05-19,4991,0,Foreign_Dealer_Self,0
2026-05-19,4991,2000,Investment_Trust,190000
2026-05-19,4991,223,Dealer_self,24000
2026-05-19,4991,0,Dealer_Hedging,1000
2026-05-20,4991,503000,Foreign_Investor,203200
2026-05-20,4991,0,Foreign_Dealer_Self,0
2026-05-20,4991,0,Investment_Trust,0
2026-05-20,4991,10000,Dealer_self,5032
2026-05-20,4991,2000,Dealer_Hedging,18000
2026-05-21,4991,447000,Foreign_Investor,77950
2026-05-21,4991,0,Foreign_Dealer_Self,0
2026-05-21,4991,0,Investment_Trust,0
2026-05-21,4991,2164,Dealer_self,2000
2026-05-21,4991,10000,Dealer_Hedging,2000
2026-05-22,4991,1145000,Foreign_Investor,91400
2026-05-22,4991,0,Foreign_Dealer_Self,0
2026-05-22,4991,0,Investment_Trust,0
2026-05-22,4991,12000,Dealer_self,10064
2026-05-22,4991,1000,Dealer_Hedging,1000
