date,stock_id,buy,name,sell
2024-05-27,5274,332542,Foreign_Investor,378085
2024-05-27,5274,0,Foreign_Dealer_Self,0
2024-05-27,5274,153000,Investment_Trust,4000
2024-05-27,5274,13682,Dealer_self,2333
2024-05-27,5274,7469,Dealer_Hedging,5422
2024-05-28,5274,261063,Foreign_Investor,281184
2024-05-28,5274,0,Foreign_Dealer_Self,0
2024-05-28,5274,28200,Investment_Trust,3300
2024-05-28,5274,5181,Dealer_self,1244
2024-05-28,5274,2443,Dealer_Hedging,1278
2024-05-29,5274,226000,Foreign_Investor,182707
2024-05-29,5274,0,Foreign_Dealer_Self,0
2024-05-29,5274,24000,Investment_Trust,2000
2024-05-29,5274,22348,Dealer_self,275
2024-05-29,5274,1865,Dealer_Hedging,1609
2024-05-30,5274,103022,Foreign_Investor,138776
2024-05-30,5274,0,Foreign_Dealer_Self,0
2024-05-30,5274,0,Investment_Trust,11000
2024-05-30,5274,6008,Dealer_self,7000
2024-05-30,5274,3587,Dealer_Hedging,2167
2024-05-31,5274,149506,Foreign_Investor,176291
2024-05-31,5274,0,Foreign_Dealer_Self,0
2024-05-31,5274,13000,Investment_Trust,5000
2024-05-31,5274,3316,Dealer_self,4000
2024-05-31,5274,1592,Dealer_Hedging,2589
2024-06-03,5274,255001,Foreign_Investor,190162
2024-06-03,5274,0,Foreign_Dealer_Self,0
2024-06-03,5274,0,Investment_Trust,32000
2024-06-03,5274,33,Dealer_self,3468
2024-06-03,5274,10654,Dealer_Hedging,3304
2024-06-04,5274,257366,Foreign_Investor,205179
2024-06-04,5274,0,Foreign_Dealer_Self,0
2024-06-04,5274,30311,Investment_Trust,2000
2024-06-04,5274,12047,Dealer_self,4200
2024-06-04,5274,2307,Dealer_Hedging,7638
2024-06-05,5274,413009,Foreign_Investor,323184
2024-06-05,5274,0,Foreign_Dealer_Self,0
2024-06-05,5274,71600,Investment_Trust,0
2024-06-05,5274,110,Dealer_self,19332
2024-06-05,5274,17588,Dealer_Hedging,12088
2024-06-06,5274,506101,Foreign_Investor,346273
2024-06-06,5274,0,Foreign_Dealer_Self,0
2024-06-06,5274,3500,Investment_Trust,10000
2024-06-06,5274,6149,Dealer_self,12076
2024-06-06,5274,6649,Dealer_Hedging,11300
2024-06-07,5274,325500,Foreign_Investor,196281
2024-06-07,5274,0,Foreign_Dealer_Self,0
2024-06-07,5274,17000,Investment_Trust,20000
2024-06-07,5274,4079,Dealer_self,3014
2024-06-07,5274,6827,Dealer_Hedging,7030
2024-06-11,5274,366369,Foreign_Investor,310411
2024-06-11,5274,0,Foreign_Dealer_Self,0
2024-06-11,5274,55000,Investment_Trust,3000
2024-06-11,5274,1349,Dealer_self,22097
2024-06-11,5274,6804,Dealer_Hedging,7200
2024-06-12,5274,424802,Foreign_Investor,450206
2024-06-12,5274,0,Foreign_Dealer_Self,0
2024-06-12,5274,14254,Dealer_self,8601
2024-06-12,5274,2689,Dealer_Hedging,6949
2024-06-12,5274,1000,Investment_Trust,2660
2024-06-13,5274,0,Foreign_Dealer_Self,0
2024-06-13,5274,4000,Investment_Trust,37000
2024-06-13,5274,3611,Dealer_self,8411
2024-06-13,5274,1376,Dealer_Hedging,1308
2024-06-13,5274,367878,Foreign_Investor,342409
2024-06-14,5274,279785,Foreign_Investor,252597
2024-06-14,5274,0,Foreign_Dealer_Self,0
2024-06-14,5274,8091,Dealer_self,4116
2024-06-14,5274,4404,Dealer_Hedging,3376
2024-06-14,5274,25000,Investment_Trust,2000
2024-06-17,5274,0,Foreign_Dealer_Self,0
2024-06-17,5274,0,Investment_Trust,54000
2024-06-17,5274,6005,Dealer_self,10099
2024-06-17,5274,2130,Dealer_Hedging,5156
2024-06-17,5274,399017,Foreign_Investor,343714
2024-06-18,5274,236255,Foreign_Investor,145300
2024-06-18,5274,0,Foreign_Dealer_Self,0
2024-06-18,5274,1083,Dealer_self,2005
2024-06-18,5274,6518,Dealer_Hedging,4251
2024-06-18,5274,13000,Investment_Trust,28403
2024-06-19,5274,260003,Foreign_Investor,199519
2024-06-19,5274,0,Foreign_Dealer_Self,0
2024-06-19,5274,15000,Investment_Trust,6000
2024-06-19,5274,10183,Dealer_self,4200
2024-06-19,5274,6686,Dealer_Hedging,4303
2024-06-20,5274,199936,Foreign_Investor,148502
2024-06-20,5274,0,Foreign_Dealer_Self,0
2024-06-20,5274,30000,Investment_Trust,6000
2024-06-20,5274,15064,Dealer_self,12000
2024-06-20,5274,3795,Dealer_Hedging,4680
2024-06-21,5274,193595,Foreign_Investor,146710
2024-06-21,5274,0,Foreign_Dealer_Self,0
2024-06-21,5274,4000,Investment_Trust,10000
2024-06-21,5274,0,Dealer_self,6025
2024-06-21,5274,1192,Dealer_Hedging,1161
2024-06-24,5274,227000,Foreign_Investor,158218
2024-06-24,5274,0,Foreign_Dealer_Self,0
2024-06-24,5274,3000,Investment_Trust,64000
2024-06-24,5274,4200,Dealer_self,5
2024-06-24,5274,1603,Dealer_Hedging,3801
2024-06-25,5274,0,Foreign_Dealer_Self,0
2024-06-25,5274,4000,Investment_Trust,40000
2024-06-25,5274,2286,Dealer_self,1064
2024-06-25,5274,2524,Dealer_Hedging,1577
2024-06-25,5274,239042,Foreign_Investor,190258
2024-06-26,5274,0,Foreign_Dealer_Self,0
2024-06-26,5274,1500,Investment_Trust,19000
2024-06-26,5274,5,Dealer_self,13187
2024-06-26,5274,7396,Dealer_Hedging,6856
2024-06-26,5274,339804,Foreign_Investor,222300
2024-06-27,5274,118123,Foreign_Investor,116200
2024-06-27,5274,0,Foreign_Dealer_Self,0
2024-06-27,5274,1000,Investment_Trust,13000
2024-06-27,5274,6010,Dealer_self,1204
2024-06-27,5274,2103,Dealer_Hedging,3087
2024-06-28,5274,159887,Foreign_Investor,87187
2024-06-28,5274,0,Foreign_Dealer_Self,0
2024-06-28,5274,0,Investment_Trust,13040
2024-06-28,5274,1100,Dealer_self,1046
2024-06-28,5274,3525,Dealer_Hedging,2858
2024-07-01,5274,123112,Foreign_Investor,91740
2024-07-01,5274,0,Foreign_Dealer_Self,0
2024-07-01,5274,0,Investment_Trust,10000
2024-07-01,5274,2000,Dealer_self,100
2024-07-01,5274,3347,Dealer_Hedging,4574
2024-07-02,5274,168001,Foreign_Investor,144173
2024-07-02,5274,0,Foreign_Dealer_Self,0
2024-07-02,5274,0,Investment_Trust,5000
2024-07-02,5274,3126,Dealer_self,1000
2024-07-02,5274,2059,Dealer_Hedging,1532
2024-07-03,5274,82032,Foreign_Investor,58403
2024-07-03,5274,0,Foreign_Dealer_Self,0
2024-07-03,5274,450,Investment_Trust,10000
2024-07-03,5274,4000,Dealer_self,1000
2024-07-03,5274,4228,Dealer_Hedging,3382
2024-07-04,5274,425007,Foreign_Investor,387693
2024-07-04,5274,0,Foreign_Dealer_Self,0
2024-07-04,5274,4425,Investment_Trust,118000
2024-07-04,5274,25551,Dealer_self,3054
2024-07-04,5274,21067,Dealer_Hedging,22536
2024-07-05,5274,227844,Foreign_Investor,154400
2024-07-05,5274,0,Foreign_Dealer_Self,0
2024-07-05,5274,16000,Investment_Trust,41000
2024-07-05,5274,20417,Dealer_self,5313
2024-07-05,5274,6424,Dealer_Hedging,2009
2024-07-08,5274,283125,Foreign_Investor,291005
2024-07-08,5274,0,Foreign_Dealer_Self,0
2024-07-08,5274,28100,Investment_Trust,26000
2024-07-08,5274,300,Dealer_self,23004
2024-07-08,5274,6085,Dealer_Hedging,4575
2024-07-09,5274,198032,Foreign_Investor,87750
2024-07-09,5274,0,Foreign_Dealer_Self,0
2024-07-09,5274,3000,Dealer_self,3189
2024-07-09,5274,4647,Dealer_Hedging,5192
2024-07-09,5274,100,Investment_Trust,43000
2024-07-10,5274,0,Foreign_Dealer_Self,0
2024-07-10,5274,400,Investment_Trust,10000
2024-07-10,5274,2000,Dealer_self,3383
2024-07-10,5274,1837,Dealer_Hedging,2763
2024-07-10,5274,139339,Foreign_Investor,136053
2024-07-11,5274,155729,Foreign_Investor,140742
2024-07-11,5274,0,Foreign_Dealer_Self,0
2024-07-11,5274,30100,Investment_Trust,1000
2024-07-11,5274,6050,Dealer_self,6007
2024-07-11,5274,11969,Dealer_Hedging,3527
2024-07-12,5274,0,Foreign_Dealer_Self,0
2024-07-12,5274,4100,Investment_Trust,19000
2024-07-12,5274,5033,Dealer_self,6000
2024-07-12,5274,10000,Dealer_Hedging,16328
2024-07-12,5274,122306,Foreign_Investor,167818
2024-07-15,5274,242644,Foreign_Investor,197116
2024-07-15,5274,0,Foreign_Dealer_Self,0
2024-07-15,5274,100,Investment_Trust,9000
2024-07-15,5274,3035,Dealer_self,0
2024-07-15,5274,3380,Dealer_Hedging,5298
2024-07-16,5274,209005,Foreign_Investor,147560
2024-07-16,5274,0,Foreign_Dealer_Self,0
2024-07-16,5274,600,Investment_Trust,0
2024-07-16,5274,1026,Dealer_self,4030
2024-07-16,5274,6800,Dealer_Hedging,5138
2024-07-17,5274,149022,Foreign_Investor,143300
2024-07-17,5274,0,Foreign_Dealer_Self,0
2024-07-17,5274,50,Investment_Trust,6000
2024-07-17,5274,6089,Dealer_self,9600
2024-07-17,5274,4830,Dealer_Hedging,8581
2024-07-18,5274,437503,Foreign_Investor,508552
2024-07-18,5274,0,Foreign_Dealer_Self,0
2024-07-18,5274,30200,Investment_Trust,42600
2024-07-18,5274,18006,Dealer_self,5200
2024-07-18,5274,8376,Dealer_Hedging,8081
2024-07-19,5274,410249,Foreign_Investor,389661
2024-07-19,5274,0,Foreign_Dealer_Self,0
2024-07-19,5274,54062,Investment_Trust,1281
2024-07-19,5274,3004,Dealer_self,17000
2024-07-19,5274,12835,Dealer_Hedging,6214
2024-07-22,5274,136030,Foreign_Investor,224104
2024-07-22,5274,0,Foreign_Dealer_Self,0
2024-07-22,5274,27575,Investment_Trust,0
2024-07-22,5274,4000,Dealer_self,16200
2024-07-22,5274,3492,Dealer_Hedging,7255
2024-07-23,5274,160870,Foreign_Investor,233915
2024-07-23,5274,0,Foreign_Dealer_Self,0
2024-07-23,5274,8060,Dealer_self,3000
2024-07-23,5274,3450,Dealer_Hedging,2006
2024-07-23,5274,70200,Investment_Trust,0
2024-07-26,5274,0,Foreign_Dealer_Self,0
2024-07-26,5274,25000,Investment_Trust,24000
2024-07-26,5274,4300,Dealer_self,188
2024-07-26,5274,6314,Dealer_Hedging,6737
2024-07-26,5274,395083,Foreign_Investor,433907
2024-07-29,5274,215856,Foreign_Investor,219269
2024-07-29,5274,0,Foreign_Dealer_Self,0
2024-07-29,5274,39125,Investment_Trust,0
2024-07-29,5274,3096,Dealer_self,9196
2024-07-29,5274,7311,Dealer_Hedging,3533
2024-07-30,5274,131000,Foreign_Investor,160617
2024-07-30,5274,0,Foreign_Dealer_Self,0
2024-07-30,5274,11325,Investment_Trust,0
2024-07-30,5274,2034,Dealer_self,1000
2024-07-30,5274,5088,Dealer_Hedging,5010
2024-07-31,5274,109235,Foreign_Investor,135155
2024-07-31,5274,0,Foreign_Dealer_Self,0
2024-07-31,5274,14000,Investment_Trust,4000
2024-07-31,5274,0,Dealer_self,3049
2024-07-31,5274,1723,Dealer_Hedging,868
2024-08-01,5274,233162,Foreign_Investor,279804
2024-08-01,5274,0,Foreign_Dealer_Self,0
2024-08-01,5274,21300,Investment_Trust,0
2024-08-01,5274,1000,Dealer_self,0
2024-08-01,5274,2650,Dealer_Hedging,930
2024-08-02,5274,340387,Foreign_Investor,376387
2024-08-02,5274,0,Foreign_Dealer_Self,0
2024-08-02,5274,5000,Investment_Trust,0
2024-08-02,5274,1029,Dealer_self,3208
2024-08-02,5274,5437,Dealer_Hedging,7196
2024-08-05,5274,708180,Foreign_Investor,682363
2024-08-05,5274,0,Foreign_Dealer_Self,0
2024-08-05,5274,37200,Investment_Trust,22000
2024-08-05,5274,7036,Dealer_self,10635
2024-08-05,5274,14480,Dealer_Hedging,13218
2024-08-06,5274,281732,Foreign_Investor,356344
2024-08-06,5274,0,Foreign_Dealer_Self,0
2024-08-06,5274,100500,Investment_Trust,1000
2024-08-06,5274,8017,Dealer_self,6548
2024-08-06,5274,7064,Dealer_Hedging,8165
2024-08-07,5274,404385,Foreign_Investor,712430
2024-08-07,5274,0,Foreign_Dealer_Self,0
2024-08-07,5274,176000,Investment_Trust,100
2024-08-07,5274,6000,Dealer_self,10029
2024-08-07,5274,10019,Dealer_Hedging,4603
2024-08-08,5274,306114,Foreign_Investor,393223
2024-08-08,5274,0,Foreign_Dealer_Self,0
2024-08-08,5274,34230,Investment_Trust,0
2024-08-08,5274,5000,Dealer_self,8064
2024-08-08,5274,3859,Dealer_Hedging,4504
2024-08-09,5274,217637,Foreign_Investor,392670
2024-08-09,5274,0,Foreign_Dealer_Self,0
2024-08-09,5274,3000,Investment_Trust,0
2024-08-09,5274,9160,Dealer_self,8441
2024-08-09,5274,4106,Dealer_Hedging,4424
2024-08-12,5274,201100,Foreign_Investor,283988
2024-08-12,5274,0,Foreign_Dealer_Self,0
2024-08-12,5274,17000,Investment_Trust,0
2024-08-12,5274,2076,Dealer_self,6072
2024-08-12,5274,4802,Dealer_Hedging,4001
2024-08-13,5274,178050,Foreign_Investor,228290
2024-08-13,5274,0,Foreign_Dealer_Self,0
2024-08-13,5274,3022,Dealer_self,4078
2024-08-13,5274,2263,Dealer_Hedging,4500
2024-08-13,5274,8000,Investment_Trust,3350
2024-08-14,5274,237546,Foreign_Investor,212592
2024-08-14,5274,0,Foreign_Dealer_Self,0
2024-08-14,5274,18500,Investment_Trust,63
2024-08-14,5274,3095,Dealer_self,7750
2024-08-14,5274,17279,Dealer_Hedging,21531
2024-08-15,5274,0,Foreign_Dealer_Self,0
2024-08-15,5274,25000,Investment_Trust,4975
2024-08-15,5274,11588,Dealer_self,9498
2024-08-15,5274,11844,Dealer_Hedging,15437
2024-08-15,5274,363408,Foreign_Investor,420837
2024-08-16,5274,0,Foreign_Dealer_Self,0
2024-08-16,5274,48000,Investment_Trust,50
2024-08-16,5274,7480,Dealer_self,2001
2024-08-16,5274,10504,Dealer_Hedging,8205
2024-08-16,5274,219545,Foreign_Investor,213638
2024-08-19,5274,89054,Foreign_Investor,108278
2024-08-19,5274,0,Foreign_Dealer_Self,0
2024-08-19,5274,30000,Investment_Trust,6000
2024-08-19,5274,143,Dealer_self,1081
2024-08-19,5274,7583,Dealer_Hedging,7265
2024-08-20,5274,167243,Foreign_Investor,160091
2024-08-20,5274,0,Foreign_Dealer_Self,0
2024-08-20,5274,7000,Investment_Trust,6000
2024-08-20,5274,96,Dealer_self,7000
2024-08-20,5274,3559,Dealer_Hedging,5438
2024-08-21,5274,105067,Foreign_Investor,166325
2024-08-21,5274,0,Foreign_Dealer_Self,0
2024-08-21,5274,8579,Dealer_self,6603
2024-08-21,5274,1962,Dealer_Hedging,5863
2024-08-21,5274,56000,Investment_Trust,18000
2024-08-22,5274,217000,Foreign_Investor,215564
2024-08-22,5274,0,Foreign_Dealer_Self,0
2024-08-22,5274,43000,Investment_Trust,0
2024-08-22,5274,8044,Dealer_self,7005
2024-08-22,5274,24234,Dealer_Hedging,20609
2024-08-23,5274,362957,Foreign_Investor,354643
2024-08-23,5274,0,Foreign_Dealer_Self,0
2024-08-23,5274,67600,Investment_Trust,6028
2024-08-23,5274,12009,Dealer_self,9316
2024-08-23,5274,15644,Dealer_Hedging,21859
2024-08-26,5274,0,Foreign_Dealer_Self,0
2024-08-26,5274,12000,Investment_Trust,61500
2024-08-26,5274,42538,Dealer_self,5000
2024-08-26,5274,10386,Dealer_Hedging,16843
2024-08-26,5274,278240,Foreign_Investor,346123
2024-08-27,5274,253880,Foreign_Investor,265904
2024-08-27,5274,0,Foreign_Dealer_Self,0
2024-08-27,5274,1000,Investment_Trust,15100
2024-08-27,5274,4116,Dealer_self,8012
2024-08-27,5274,5021,Dealer_Hedging,2189
2024-08-28,5274,272380,Foreign_Investor,206101
2024-08-28,5274,0,Foreign_Dealer_Self,0
2024-08-28,5274,1000,Investment_Trust,52000
2024-08-28,5274,14045,Dealer_self,10341
2024-08-28,5274,5987,Dealer_Hedging,6817
2024-08-29,5274,130000,Foreign_Investor,128050
2024-08-29,5274,0,Foreign_Dealer_Self,0
2024-08-29,5274,1000,Investment_Trust,4000
2024-08-29,5274,1040,Dealer_self,2110
2024-08-29,5274,709,Dealer_Hedging,1077
2024-08-30,5274,191036,Foreign_Investor,199313
2024-08-30,5274,0,Foreign_Dealer_Self,0
2024-08-30,5274,13000,Investment_Trust,3000
2024-08-30,5274,5100,Dealer_self,3001
2024-08-30,5274,5158,Dealer_Hedging,1681
2024-09-02,5274,84060,Foreign_Investor,124164
2024-09-02,5274,0,Foreign_Dealer_Self,0
2024-09-02,5274,7000,Investment_Trust,0
2024-09-02,5274,251,Dealer_self,8128
2024-09-02,5274,3788,Dealer_Hedging,4197
2024-09-03,5274,95357,Foreign_Investor,43069
2024-09-03,5274,0,Foreign_Dealer_Self,0
2024-09-03,5274,1000,Investment_Trust,9000
2024-09-03,5274,0,Dealer_self,1000
2024-09-03,5274,1407,Dealer_Hedging,1008
2024-09-04,5274,215484,Foreign_Investor,346966
2024-09-04,5274,0,Foreign_Dealer_Self,0
2024-09-04,5274,15000,Investment_Trust,0
2024-09-04,5274,7154,Dealer_self,328
2024-09-04,5274,8332,Dealer_Hedging,6556
2024-09-05,5274,191558,Foreign_Investor,230999
2024-09-05,5274,0,Foreign_Dealer_Self,0
2024-09-05,5274,42158,Investment_Trust,0
2024-09-05,5274,14223,Dealer_self,16137
2024-09-05,5274,7060,Dealer_Hedging,4916
2024-09-06,5274,216663,Foreign_Investor,204194
2024-09-06,5274,0,Foreign_Dealer_Self,0
2024-09-06,5274,5000,Investment_Trust,1000
2024-09-06,5274,3582,Dealer_self,21689
2024-09-06,5274,80,Dealer_Hedging,3310
2024-09-09,5274,265079,Foreign_Investor,271751
2024-09-09,5274,0,Foreign_Dealer_Self,0
2024-09-09,5274,17000,Investment_Trust,0
2024-09-09,5274,9044,Dealer_self,4174
2024-09-09,5274,11540,Dealer_Hedging,13535
2024-09-10,5274,343500,Foreign_Investor,266257
2024-09-10,5274,0,Foreign_Dealer_Self,0
2024-09-10,5274,5100,Investment_Trust,6000
2024-09-10,5274,123,Dealer_self,14099
2024-09-10,5274,8006,Dealer_Hedging,6593
2024-09-11,5274,248890,Foreign_Investor,178671
2024-09-11,5274,0,Foreign_Dealer_Self,0
2024-09-11,5274,2000,Investment_Trust,7000
2024-09-11,5274,78,Dealer_self,1100
2024-09-11,5274,1181,Dealer_Hedging,2051
2024-09-12,5274,179323,Foreign_Investor,146795
2024-09-12,5274,0,Foreign_Dealer_Self,0
2024-09-12,5274,37500,Investment_Trust,0
2024-09-12,5274,6155,Dealer_self,115
2024-09-12,5274,4089,Dealer_Hedging,3078
2024-09-13,5274,186590,Foreign_Investor,175281
2024-09-13,5274,0,Foreign_Dealer_Self,0
2024-09-13,5274,11100,Investment_Trust,7000
2024-09-13,5274,8123,Dealer_self,7120
2024-09-13,5274,4095,Dealer_Hedging,4444
2024-09-16,5274,167208,Foreign_Investor,325002
2024-09-16,5274,0,Foreign_Dealer_Self,0
2024-09-16,5274,0,Investment_Trust,140000
2024-09-16,5274,15081,Dealer_self,3800
2024-09-16,5274,20080,Dealer_Hedging,24059
2024-09-18,5274,0,Foreign_Dealer_Self,0
2024-09-18,5274,16000,Investment_Trust,18000
2024-09-18,5274,4006,Dealer_self,7021
2024-09-18,5274,3532,Dealer_Hedging,3817
2024-09-18,5274,260373,Foreign_Investor,242074
2024-09-19,5274,282235,Foreign_Investor,232971
2024-09-19,5274,0,Foreign_Dealer_Self,0
2024-09-19,5274,25000,Investment_Trust,11320
2024-09-19,5274,5356,Dealer_self,4035
2024-09-19,5274,10432,Dealer_Hedging,3399
2024-09-20,5274,128770,Foreign_Investor,140425
2024-09-20,5274,0,Foreign_Dealer_Self,0
2024-09-20,5274,3121,Dealer_self,4176
2024-09-20,5274,3686,Dealer_Hedging,7809
2024-09-20,5274,2000,Investment_Trust,9000
2024-09-23,5274,0,Foreign_Dealer_Self,0
2024-09-23,5274,2001,Dealer_self,100
2024-09-23,5274,3162,Dealer_Hedging,3010
2024-09-23,5274,94163,Foreign_Investor,102244
2024-09-23,5274,0,Investment_Trust,8000
2024-09-24,5274,247001,Foreign_Investor,224925
2024-09-24,5274,0,Foreign_Dealer_Self,0
2024-09-24,5274,3000,Investment_Trust,46000
2024-09-24,5274,20139,Dealer_self,2132
2024-09-24,5274,10425,Dealer_Hedging,8529
2024-09-25,5274,249466,Foreign_Investor,299802
2024-09-25,5274,0,Foreign_Dealer_Self,0
2024-09-25,5274,53000,Investment_Trust,4000
2024-09-25,5274,6415,Dealer_self,3000
2024-09-25,5274,16178,Dealer_Hedging,11722
2024-09-26,5274,250487,Foreign_Investor,353222
2024-09-26,5274,0,Foreign_Dealer_Self,0
2024-09-26,5274,74000,Investment_Trust,25
2024-09-26,5274,6631,Dealer_self,9001
2024-09-26,5274,9429,Dealer_Hedging,10930
2024-09-27,5274,220045,Foreign_Investor,319065
2024-09-27,5274,0,Foreign_Dealer_Self,0
2024-09-27,5274,7000,Investment_Trust,30000
2024-09-27,5274,3349,Dealer_self,3372
2024-09-27,5274,3802,Dealer_Hedging,4778
2024-09-30,5274,0,Foreign_Dealer_Self,0
2024-09-30,5274,700,Investment_Trust,7061
2024-09-30,5274,5113,Dealer_self,5181
2024-09-30,5274,2404,Dealer_Hedging,3847
2024-09-30,5274,207233,Foreign_Investor,336718
2024-10-01,5274,139136,Foreign_Investor,149050
2024-10-01,5274,0,Foreign_Dealer_Self,0
2024-10-01,5274,15500,Investment_Trust,24300
2024-10-01,5274,1103,Dealer_self,1429
2024-10-01,5274,1005,Dealer_Hedging,84
2024-10-04,5274,0,Foreign_Dealer_Self,0
2024-10-04,5274,3000,Investment_Trust,10000
2024-10-04,5274,10167,Dealer_self,6107
2024-10-04,5274,4692,Dealer_Hedging,5829
2024-10-04,5274,236744,Foreign_Investor,327156
2024-10-07,5274,375600,Foreign_Investor,282284
2024-10-07,5274,0,Foreign_Dealer_Self,0
2024-10-07,5274,52000,Investment_Trust,55000
2024-10-07,5274,3386,Dealer_self,8185
2024-10-07,5274,10203,Dealer_Hedging,5307
2024-10-08,5274,0,Foreign_Dealer_Self,0
2024-10-08,5274,9000,Investment_Trust,36000
2024-10-08,5274,10482,Dealer_self,1100
2024-10-08,5274,10423,Dealer_Hedging,12216
2024-10-08,5274,231352,Foreign_Investor,349413
2024-10-09,5274,204355,Foreign_Investor,185493
2024-10-09,5274,0,Foreign_Dealer_Self,0
2024-10-09,5274,5000,Investment_Trust,34000
2024-10-09,5274,4290,Dealer_self,10249
2024-10-09,5274,5415,Dealer_Hedging,2193
2024-10-11,5274,0,Foreign_Dealer_Self,0
2024-10-11,5274,0,Investment_Trust,0
2024-10-11,5274,277,Dealer_self,3012
2024-10-11,5274,5975,Dealer_Hedging,3182
2024-10-11,5274,213000,Foreign_Investor,227781
2024-10-14,5274,0,Foreign_Dealer_Self,0
2024-10-14,5274,1219,Dealer_self,4434
2024-10-14,5274,5086,Dealer_Hedging,5683
2024-10-14,5274,176157,Foreign_Investor,201000
2024-10-14,5274,25000,Investment_Trust,53000
2024-10-15,5274,192400,Foreign_Investor,207388
2024-10-15,5274,0,Foreign_Dealer_Self,0
2024-10-15,5274,10000,Investment_Trust,15500
2024-10-15,5274,9074,Dealer_self,7292
2024-10-15,5274,3093,Dealer_Hedging,3537
2024-10-16,5274,111995,Foreign_Investor,233811
2024-10-16,5274,0,Foreign_Dealer_Self,0
2024-10-16,5274,25026,Dealer_self,7301
2024-10-16,5274,15000,Dealer_Hedging,15915
2024-10-16,5274,1000,Investment_Trust,31000
2024-10-17,5274,268395,Foreign_Investor,261000
2024-10-17,5274,0,Foreign_Dealer_Self,0
2024-10-17,5274,2000,Investment_Trust,5000
2024-10-17,5274,3052,Dealer_self,12077
2024-10-17,5274,3479,Dealer_Hedging,2021
2024-10-18,5274,152773,Foreign_Investor,183512
2024-10-18,5274,0,Foreign_Dealer_Self,0
2024-10-18,5274,0,Investment_Trust,7055
2024-10-18,5274,8498,Dealer_self,10145
2024-10-18,5274,11206,Dealer_Hedging,10972
2024-10-21,5274,0,Foreign_Dealer_Self,0
2024-10-21,5274,45000,Investment_Trust,10000
2024-10-21,5274,8062,Dealer_self,18636
2024-10-21,5274,30792,Dealer_Hedging,23239
2024-10-21,5274,403651,Foreign_Investor,262168
2024-10-22,5274,209219,Foreign_Investor,208418
2024-10-22,5274,0,Foreign_Dealer_Self,0
2024-10-22,5274,70000,Investment_Trust,0
2024-10-22,5274,14000,Dealer_self,8228
2024-10-22,5274,16410,Dealer_Hedging,11620
2024-10-23,5274,118604,Foreign_Investor,139295
2024-10-23,5274,0,Foreign_Dealer_Self,0
2024-10-23,5274,0,Investment_Trust,1000
2024-10-23,5274,10020,Dealer_self,4010
2024-10-23,5274,2145,Dealer_Hedging,8909
2024-10-24,5274,152464,Foreign_Investor,125233
2024-10-24,5274,0,Foreign_Dealer_Self,0
2024-10-24,5274,0,Investment_Trust,8000
2024-10-24,5274,31,Dealer_self,15590
2024-10-24,5274,2243,Dealer_Hedging,3485
2024-10-25,5274,61901,Foreign_Investor,70104
2024-10-25,5274,0,Foreign_Dealer_Self,0
2024-10-25,5274,10000,Investment_Trust,10000
2024-10-25,5274,4093,Dealer_self,3100
2024-10-25,5274,1279,Dealer_Hedging,1580
2024-10-28,5274,136000,Foreign_Investor,157042
2024-10-28,5274,0,Foreign_Dealer_Self,0
2024-10-28,5274,2000,Investment_Trust,25000
2024-10-28,5274,8055,Dealer_self,11000
2024-10-28,5274,11546,Dealer_Hedging,8286
2024-10-29,5274,429000,Foreign_Investor,276534
2024-10-29,5274,0,Foreign_Dealer_Self,0
2024-10-29,5274,30392,Dealer_self,24000
2024-10-29,5274,5674,Dealer_Hedging,5223
2024-10-29,5274,14000,Investment_Trust,359800
2024-10-30,5274,345386,Foreign_Investor,342793
2024-10-30,5274,0,Foreign_Dealer_Self,0
2024-10-30,5274,107000,Investment_Trust,22000
2024-10-30,5274,18592,Dealer_self,12218
2024-10-30,5274,15847,Dealer_Hedging,9093
2024-11-01,5274,0,Foreign_Dealer_Self,0
2024-11-01,5274,6100,Dealer_self,3000
2024-11-01,5274,7003,Dealer_Hedging,6863
2024-11-01,5274,471030,Foreign_Investor,281991
2024-11-01,5274,27000,Investment_Trust,114000
2024-11-04,5274,225790,Foreign_Investor,215768
2024-11-04,5274,0,Foreign_Dealer_Self,0
2024-11-04,5274,27000,Investment_Trust,17000
2024-11-04,5274,3000,Dealer_self,3000
2024-11-04,5274,4012,Dealer_Hedging,5030
2024-11-05,5274,291951,Foreign_Investor,742329
2024-11-05,5274,0,Foreign_Dealer_Self,0
2024-11-05,5274,31014,Dealer_self,12114
2024-11-05,5274,31951,Dealer_Hedging,33994
2024-11-05,5274,13000,Investment_Trust,125000
2024-11-06,5274,0,Foreign_Dealer_Self,0
2024-11-06,5274,4000,Investment_Trust,4200
2024-11-06,5274,5660,Dealer_self,13000
2024-11-06,5274,17703,Dealer_Hedging,11873
2024-11-06,5274,394883,Foreign_Investor,278599
2024-11-07,5274,194034,Foreign_Investor,206567
2024-11-07,5274,0,Foreign_Dealer_Self,0
2024-11-07,5274,5000,Investment_Trust,1000
2024-11-07,5274,8262,Dealer_self,4090
2024-11-07,5274,3988,Dealer_Hedging,6021
2024-11-08,5274,112327,Foreign_Investor,208213
2024-11-08,5274,0,Foreign_Dealer_Self,0
2024-11-08,5274,0,Investment_Trust,5000
2024-11-08,5274,4155,Dealer_self,10455
2024-11-08,5274,3061,Dealer_Hedging,7653
2024-11-11,5274,107000,Foreign_Investor,73715
2024-11-11,5274,0,Foreign_Dealer_Self,0
2024-11-11,5274,0,Investment_Trust,5500
2024-11-11,5274,4203,Dealer_self,3065
2024-11-11,5274,2981,Dealer_Hedging,1208
2024-11-12,5274,92818,Foreign_Investor,259077
2024-11-12,5274,0,Foreign_Dealer_Self,0
2024-11-12,5274,9000,Investment_Trust,1000
2024-11-12,5274,10189,Dealer_self,7303
2024-11-12,5274,12610,Dealer_Hedging,14337
2024-11-13,5274,132360,Foreign_Investor,205258
2024-11-13,5274,0,Foreign_Dealer_Self,0
2024-11-13,5274,8000,Investment_Trust,58000
2024-11-13,5274,14000,Dealer_self,12212
2024-11-13,5274,16063,Dealer_Hedging,16700
2024-11-14,5274,162606,Foreign_Investor,173446
2024-11-14,5274,0,Foreign_Dealer_Self,0
2024-11-14,5274,1066,Investment_Trust,17000
2024-11-14,5274,6013,Dealer_self,6013
2024-11-14,5274,5000,Dealer_Hedging,5395
2024-11-15,5274,157460,Foreign_Investor,192294
2024-11-15,5274,0,Foreign_Dealer_Self,0
2024-11-15,5274,0,Investment_Trust,59000
2024-11-15,5274,10262,Dealer_self,6088
2024-11-15,5274,5249,Dealer_Hedging,4672
2024-11-18,5274,285040,Foreign_Investor,321740
2024-11-18,5274,0,Foreign_Dealer_Self,0
2024-11-18,5274,307,Investment_Trust,86400
2024-11-18,5274,8006,Dealer_self,39500
2024-11-18,5274,8003,Dealer_Hedging,10913
2024-11-19,5274,323000,Foreign_Investor,220300
2024-11-19,5274,0,Foreign_Dealer_Self,0
2024-11-19,5274,86000,Investment_Trust,15165
2024-11-19,5274,4000,Dealer_self,14210
2024-11-19,5274,14449,Dealer_Hedging,11000
2024-11-20,5274,124982,Foreign_Investor,191101
2024-11-20,5274,0,Foreign_Dealer_Self,0
2024-11-20,5274,10000,Investment_Trust,8000
2024-11-20,5274,3034,Dealer_self,7039
2024-11-20,5274,3267,Dealer_Hedging,3000
2024-11-21,5274,0,Foreign_Dealer_Self,0
2024-11-21,5274,68700,Investment_Trust,2000
2024-11-21,5274,13236,Dealer_self,21063
2024-11-21,5274,20778,Dealer_Hedging,17260
2024-11-21,5274,202896,Foreign_Investor,197009
2024-11-22,5274,71670,Foreign_Investor,197971
2024-11-22,5274,0,Foreign_Dealer_Self,0
2024-11-22,5274,300,Investment_Trust,0
2024-11-22,5274,2267,Dealer_self,1000
2024-11-22,5274,2100,Dealer_Hedging,6640
2024-11-25,5274,141474,Foreign_Investor,226112
2024-11-25,5274,0,Foreign_Dealer_Self,0
2024-11-25,5274,0,Investment_Trust,3000
2024-11-25,5274,18003,Dealer_self,0
2024-11-25,5274,5682,Dealer_Hedging,2470
2024-11-26,5274,123023,Foreign_Investor,141200
2024-11-26,5274,0,Foreign_Dealer_Self,0
2024-11-26,5274,4000,Investment_Trust,71
2024-11-26,5274,4113,Dealer_self,5000
2024-11-26,5274,2000,Dealer_Hedging,1508
2024-11-27,5274,104835,Foreign_Investor,198900
2024-11-27,5274,0,Foreign_Dealer_Self,0
2024-11-27,5274,2000,Investment_Trust,65071
2024-11-27,5274,6062,Dealer_self,4061
2024-11-27,5274,8350,Dealer_Hedging,8297
2024-11-28,5274,0,Foreign_Dealer_Self,0
2024-11-28,5274,2000,Investment_Trust,8000
2024-11-28,5274,5254,Dealer_self,2100
2024-11-28,5274,7653,Dealer_Hedging,4917
2024-11-28,5274,178600,Foreign_Investor,145100
2024-11-29,5274,147000,Foreign_Investor,120887
2024-11-29,5274,0,Foreign_Dealer_Self,0
2024-11-29,5274,2000,Investment_Trust,33000
2024-11-29,5274,2225,Dealer_self,2157
2024-11-29,5274,3458,Dealer_Hedging,2071
2024-12-02,5274,90635,Foreign_Investor,113348
2024-12-02,5274,0,Foreign_Dealer_Self,0
2024-12-02,5274,0,Investment_Trust,27000
2024-12-02,5274,10651,Dealer_self,4012
2024-12-02,5274,6920,Dealer_Hedging,9045
2024-12-03,5274,191813,Foreign_Investor,192346
2024-12-03,5274,0,Foreign_Dealer_Self,0
2024-12-03,5274,0,Investment_Trust,64000
2024-12-03,5274,22148,Dealer_self,0
2024-12-03,5274,7909,Dealer_Hedging,5972
2024-12-04,5274,243780,Foreign_Investor,191693
2024-12-04,5274,0,Foreign_Dealer_Self,0
2024-12-04,5274,11000,Investment_Trust,0
2024-12-04,5274,7600,Dealer_self,8000
2024-12-04,5274,15367,Dealer_Hedging,9687
2024-12-05,5274,201376,Foreign_Investor,156131
2024-12-05,5274,0,Foreign_Dealer_Self,0
2024-12-05,5274,10000,Investment_Trust,12000
2024-12-05,5274,21158,Dealer_self,12000
2024-12-05,5274,18606,Dealer_Hedging,11242
2024-12-06,5274,295589,Foreign_Investor,541000
2024-12-06,5274,0,Foreign_Dealer_Self,0
2024-12-06,5274,8000,Investment_Trust,50000
2024-12-06,5274,23515,Dealer_self,12525
2024-12-06,5274,20200,Dealer_Hedging,20642
2024-12-09,5274,266665,Foreign_Investor,312896
2024-12-09,5274,0,Foreign_Dealer_Self,0
2024-12-09,5274,0,Investment_Trust,67000
2024-12-09,5274,7095,Dealer_self,9700
2024-12-09,5274,4469,Dealer_Hedging,7508
2024-12-10,5274,143114,Foreign_Investor,225538
2024-12-10,5274,0,Foreign_Dealer_Self,0
2024-12-10,5274,0,Investment_Trust,20000
2024-12-10,5274,1000,Dealer_self,5313
2024-12-10,5274,20000,Dealer_Hedging,20701
2024-12-11,5274,139261,Foreign_Investor,225602
2024-12-11,5274,0,Foreign_Dealer_Self,0
2024-12-11,5274,0,Investment_Trust,22000
2024-12-11,5274,4000,Dealer_self,7737
2024-12-11,5274,16000,Dealer_Hedging,18108
2024-12-12,5274,192036,Foreign_Investor,494994
2024-12-12,5274,0,Foreign_Dealer_Self,0
2024-12-12,5274,0,Investment_Trust,21071
2024-12-12,5274,15186,Dealer_self,9300
2024-12-12,5274,44311,Dealer_Hedging,43988
2024-12-13,5274,503224,Foreign_Investor,453578
2024-12-13,5274,0,Foreign_Dealer_Self,0
2024-12-13,5274,7000,Investment_Trust,6000
2024-12-13,5274,0,Dealer_self,23257
2024-12-13,5274,5649,Dealer_Hedging,4036
2024-12-16,5274,500372,Foreign_Investor,738296
2024-12-16,5274,0,Foreign_Dealer_Self,0
2024-12-16,5274,0,Investment_Trust,97000
2024-12-16,5274,23185,Dealer_self,20198
2024-12-16,5274,40074,Dealer_Hedging,43692
2024-12-17,5274,0,Foreign_Dealer_Self,0
2024-12-17,5274,11856,Dealer_self,6349
2024-12-17,5274,7646,Dealer_Hedging,1837
2024-12-17,5274,450480,Foreign_Investor,309997
2024-12-17,5274,1000,Investment_Trust,44650
2024-12-18,5274,138674,Foreign_Investor,178323
2024-12-18,5274,0,Foreign_Dealer_Self,0
2024-12-18,5274,2000,Investment_Trust,26000
2024-12-18,5274,20109,Dealer_self,11279
2024-12-18,5274,3252,Dealer_Hedging,18203
2024-12-19,5274,278000,Foreign_Investor,246240
2024-12-19,5274,0,Foreign_Dealer_Self,0
2024-12-19,5274,2000,Investment_Trust,3000
2024-12-19,5274,12569,Dealer_self,22157
2024-12-19,5274,17110,Dealer_Hedging,12019
2024-12-20,5274,106401,Foreign_Investor,242864
2024-12-20,5274,0,Foreign_Dealer_Self,0
2024-12-20,5274,0,Investment_Trust,1000
2024-12-20,5274,5267,Dealer_self,2400
2024-12-20,5274,8233,Dealer_Hedging,8923
2024-12-23,5274,186688,Foreign_Investor,539756
2024-12-23,5274,0,Foreign_Dealer_Self,0
2024-12-23,5274,0,Investment_Trust,88500
2024-12-23,5274,18284,Dealer_self,19700
2024-12-23,5274,24151,Dealer_Hedging,24890
2024-12-24,5274,290600,Foreign_Investor,92042
2024-12-24,5274,0,Foreign_Dealer_Self,0
2024-12-24,5274,0,Investment_Trust,118000
2024-12-24,5274,8408,Dealer_self,14200
2024-12-24,5274,5453,Dealer_Hedging,4107
2024-12-25,5274,141010,Foreign_Investor,79775
2024-12-25,5274,0,Foreign_Dealer_Self,0
2024-12-25,5274,0,Investment_Trust,3000
2024-12-25,5274,2094,Dealer_self,8470
2024-12-25,5274,4461,Dealer_Hedging,1903
2024-12-26,5274,333161,Foreign_Investor,383000
2024-12-26,5274,0,Foreign_Dealer_Self,0
2024-12-26,5274,3000,Investment_Trust,196841
2024-12-26,5274,9332,Dealer_self,32430
2024-12-26,5274,26001,Dealer_Hedging,32596
2024-12-27,5274,602052,Foreign_Investor,653282
2024-12-27,5274,0,Foreign_Dealer_Self,0
2024-12-27,5274,4000,Investment_Trust,14500
2024-12-27,5274,20363,Dealer_self,9400
2024-12-27,5274,28776,Dealer_Hedging,18839
2024-12-30,5274,0,Foreign_Dealer_Self,0
2024-12-30,5274,19000,Investment_Trust,199441
2024-12-30,5274,12387,Dealer_self,17600
2024-12-30,5274,26668,Dealer_Hedging,30064
2024-12-30,5274,557699,Foreign_Investor,638479
2024-12-31,5274,472100,Foreign_Investor,521038
2024-12-31,5274,0,Foreign_Dealer_Self,0
2024-12-31,5274,1000,Investment_Trust,28000
2024-12-31,5274,5235,Dealer_self,7040
2024-12-31,5274,12058,Dealer_Hedging,12048
2025-01-02,5274,303000,Foreign_Investor,222324
2025-01-02,5274,0,Foreign_Dealer_Self,0
2025-01-02,5274,11000,Investment_Trust,77500
2025-01-02,5274,5974,Dealer_self,2799
2025-01-02,5274,5000,Dealer_Hedging,4418
2025-01-03,5274,285949,Foreign_Investor,223000
2025-01-03,5274,0,Foreign_Dealer_Self,0
2025-01-03,5274,47000,Investment_Trust,5000
2025-01-03,5274,9293,Dealer_self,11235
2025-01-03,5274,10288,Dealer_Hedging,6158
2025-01-06,5274,236708,Foreign_Investor,447600
2025-01-06,5274,0,Foreign_Dealer_Self,0
2025-01-06,5274,33000,Investment_Trust,37000
2025-01-06,5274,6286,Dealer_self,11300
2025-01-06,5274,14058,Dealer_Hedging,17457
2025-01-07,5274,392177,Foreign_Investor,284000
2025-01-07,5274,0,Foreign_Dealer_Self,0
2025-01-07,5274,36000,Investment_Trust,33000
2025-01-07,5274,4500,Dealer_self,699
2025-01-07,5274,5816,Dealer_Hedging,2151
2025-01-08,5274,191388,Foreign_Investor,274934
2025-01-08,5274,0,Foreign_Dealer_Self,0
2025-01-08,5274,0,Investment_Trust,13000
2025-01-08,5274,1000,Dealer_self,3343
2025-01-08,5274,9000,Dealer_Hedging,12905
2025-01-09,5274,224441,Foreign_Investor,114635
2025-01-09,5274,0,Foreign_Dealer_Self,0
2025-01-09,5274,0,Dealer_self,8389
2025-01-09,5274,7346,Dealer_Hedging,8549
2025-01-09,5274,26,Investment_Trust,110000
2025-01-10,5274,270831,Foreign_Investor,200100
2025-01-10,5274,0,Foreign_Dealer_Self,0
2025-01-10,5274,0,Investment_Trust,53000
2025-01-10,5274,4000,Dealer_self,7526
2025-01-10,5274,4000,Dealer_Hedging,4023
2025-01-13,5274,0,Foreign_Dealer_Self,0
2025-01-13,5274,0,Investment_Trust,3000
2025-01-13,5274,4034,Dealer_self,5495
2025-01-13,5274,9500,Dealer_Hedging,12351
2025-01-13,5274,169743,Foreign_Investor,302627
2025-01-14,5274,267979,Foreign_Investor,220831
2025-01-14,5274,0,Foreign_Dealer_Self,0
2025-01-14,5274,3021,Dealer_self,6395
2025-01-14,5274,5645,Dealer_Hedging,2526
2025-01-14,5274,300,Investment_Trust,108000
2025-01-15,5274,423247,Foreign_Investor,243406
2025-01-15,5274,0,Foreign_Dealer_Self,0
2025-01-15,5274,39500,Investment_Trust,9000
2025-01-15,5274,3094,Dealer_self,10600
2025-01-15,5274,8143,Dealer_Hedging,16548
2025-01-16,5274,244491,Foreign_Investor,239179
2025-01-16,5274,0,Foreign_Dealer_Self,0
2025-01-16,5274,13000,Investment_Trust,20000
2025-01-16,5274,38,Dealer_self,1888
2025-01-16,5274,8206,Dealer_Hedging,11941
2025-01-17,5274,129996,Foreign_Investor,178337
2025-01-17,5274,0,Foreign_Dealer_Self,0
2025-01-17,5274,0,Investment_Trust,20535
2025-01-17,5274,5691,Dealer_self,0
2025-01-17,5274,2070,Dealer_Hedging,6254
2025-01-20,5274,374864,Foreign_Investor,165671
2025-01-20,5274,0,Foreign_Dealer_Self,0
2025-01-20,5274,8000,Investment_Trust,2000
2025-01-20,5274,3325,Dealer_self,10249
2025-01-20,5274,42187,Dealer_Hedging,37001
2025-01-21,5274,291072,Foreign_Investor,350431
2025-01-21,5274,0,Foreign_Dealer_Self,0
2025-01-21,5274,31000,Investment_Trust,0
2025-01-21,5274,3014,Dealer_self,0
2025-01-21,5274,845,Dealer_Hedging,5167
2025-01-22,5274,236709,Foreign_Investor,436010
2025-01-22,5274,0,Foreign_Dealer_Self,0
2025-01-22,5274,0,Investment_Trust,1000
2025-01-22,5274,33264,Dealer_self,3122
2025-01-22,5274,8000,Dealer_Hedging,8177
2025-02-03,5274,295014,Foreign_Investor,415060
2025-02-03,5274,0,Foreign_Dealer_Self,0
2025-02-03,5274,0,Investment_Trust,156095
2025-02-03,5274,39100,Dealer_self,2029
2025-02-03,5274,15000,Dealer_Hedging,12985
2025-02-04,5274,506147,Foreign_Investor,385165
2025-02-04,5274,0,Foreign_Dealer_Self,0
2025-02-04,5274,4000,Investment_Trust,5050
2025-02-04,5274,10105,Dealer_self,9034
2025-02-04,5274,17076,Dealer_Hedging,3850
2025-02-05,5274,269118,Foreign_Investor,235410
2025-02-05,5274,0,Foreign_Dealer_Self,0
2025-02-05,5274,7085,Investment_Trust,2000
2025-02-05,5274,279,Dealer_self,8766
2025-02-05,5274,3002,Dealer_Hedging,4439
2025-02-06,5274,332733,Foreign_Investor,370225
2025-02-06,5274,0,Foreign_Dealer_Self,0
2025-02-06,5274,35000,Investment_Trust,0
2025-02-06,5274,21300,Dealer_self,26100
2025-02-06,5274,12486,Dealer_Hedging,8521
2025-02-07,5274,686138,Foreign_Investor,330816
2025-02-07,5274,0,Foreign_Dealer_Self,0
2025-02-07,5274,5741,Dealer_self,32000
2025-02-07,5274,28947,Dealer_Hedging,26098
2025-02-07,5274,48700,Investment_Trust,148071
2025-02-10,5274,462287,Foreign_Investor,436968
2025-02-10,5274,0,Foreign_Dealer_Self,0
2025-02-10,5274,13000,Investment_Trust,0
2025-02-10,5274,8200,Dealer_self,9054
2025-02-10,5274,2493,Dealer_Hedging,10601
2025-02-11,5274,0,Foreign_Dealer_Self,0
2025-02-11,5274,12000,Investment_Trust,1000
2025-02-11,5274,8660,Dealer_self,4000
2025-02-11,5274,1656,Dealer_Hedging,1473
2025-02-11,5274,278074,Foreign_Investor,320404
2025-02-12,5274,179137,Foreign_Investor,155801
2025-02-12,5274,0,Foreign_Dealer_Self,0
2025-02-12,5274,3000,Investment_Trust,0
2025-02-12,5274,3127,Dealer_self,4394
2025-02-12,5274,1256,Dealer_Hedging,1679
2025-02-13,5274,0,Foreign_Dealer_Self,0
2025-02-13,5274,6120,Investment_Trust,0
2025-02-13,5274,3646,Dealer_self,4500
2025-02-13,5274,18474,Dealer_Hedging,9679
2025-02-13,5274,420870,Foreign_Investor,246086
2025-02-14,5274,263300,Foreign_Investor,223532
2025-02-14,5274,0,Foreign_Dealer_Self,0
2025-02-14,5274,11000,Investment_Trust,0
2025-02-14,5274,6180,Dealer_self,8881
2025-02-14,5274,3788,Dealer_Hedging,15969
2025-02-17,5274,335161,Foreign_Investor,154615
2025-02-17,5274,0,Foreign_Dealer_Self,0
2025-02-17,5274,4100,Investment_Trust,41000
2025-02-17,5274,3000,Dealer_self,163
2025-02-17,5274,14191,Dealer_Hedging,13150
2025-02-18,5274,0,Foreign_Dealer_Self,0
2025-02-18,5274,0,Investment_Trust,7040
2025-02-18,5274,3371,Dealer_self,3000
2025-02-18,5274,5505,Dealer_Hedging,7875
2025-02-18,5274,235771,Foreign_Investor,186639
2025-02-19,5274,425829,Foreign_Investor,296569
2025-02-19,5274,0,Foreign_Dealer_Self,0
2025-02-19,5274,1150,Investment_Trust,36000
2025-02-19,5274,5153,Dealer_self,18639
2025-02-19,5274,4988,Dealer_Hedging,4467
2025-02-20,5274,142570,Foreign_Investor,71500
2025-02-20,5274,0,Foreign_Dealer_Self,0
2025-02-20,5274,0,Investment_Trust,0
2025-02-20,5274,329,Dealer_self,4986
2025-02-20,5274,2447,Dealer_Hedging,4466
2025-02-21,5274,162000,Foreign_Investor,116128
2025-02-21,5274,0,Foreign_Dealer_Self,0
2025-02-21,5274,1000,Investment_Trust,23000
2025-02-21,5274,5362,Dealer_self,10000
2025-02-21,5274,1757,Dealer_Hedging,1321
2025-02-24,5274,0,Foreign_Dealer_Self,0
2025-02-24,5274,0,Investment_Trust,63500
2025-02-24,5274,3085,Dealer_self,1000
2025-02-24,5274,2889,Dealer_Hedging,3056
2025-02-24,5274,239875,Foreign_Investor,201321
2025-02-25,5274,140000,Foreign_Investor,126557
2025-02-25,5274,0,Foreign_Dealer_Self,0
2025-02-25,5274,0,Investment_Trust,2000
2025-02-25,5274,2305,Dealer_self,5000
2025-02-25,5274,5125,Dealer_Hedging,1838
2025-02-26,5274,109251,Foreign_Investor,148626
2025-02-26,5274,0,Foreign_Dealer_Self,0
2025-02-26,5274,1000,Investment_Trust,36000
2025-02-26,5274,1355,Dealer_self,2018
2025-02-26,5274,3331,Dealer_Hedging,4296
2025-02-27,5274,178501,Foreign_Investor,300600
2025-02-27,5274,0,Foreign_Dealer_Self,0
2025-02-27,5274,0,Investment_Trust,23000
2025-02-27,5274,11000,Dealer_self,1416
2025-02-27,5274,16024,Dealer_Hedging,14657
2025-03-03,5274,299348,Foreign_Investor,319180
2025-03-03,5274,0,Foreign_Dealer_Self,0
2025-03-03,5274,3000,Investment_Trust,16000
2025-03-03,5274,5000,Dealer_self,6160
2025-03-03,5274,18739,Dealer_Hedging,20343
2025-03-04,5274,273307,Foreign_Investor,258641
2025-03-04,5274,0,Foreign_Dealer_Self,0
2025-03-04,5274,8000,Investment_Trust,28000
2025-03-04,5274,100,Dealer_self,7000
2025-03-04,5274,11193,Dealer_Hedging,816
2025-03-05,5274,158096,Foreign_Investor,186057
2025-03-05,5274,0,Foreign_Dealer_Self,0
2025-03-05,5274,0,Investment_Trust,17100
2025-03-05,5274,1014,Dealer_self,1100
2025-03-05,5274,4384,Dealer_Hedging,13001
2025-03-06,5274,154150,Foreign_Investor,218190
2025-03-06,5274,0,Foreign_Dealer_Self,0
2025-03-06,5274,0,Investment_Trust,0
2025-03-06,5274,2000,Dealer_self,328
2025-03-06,5274,5415,Dealer_Hedging,6427
2025-03-07,5274,283084,Foreign_Investor,350545
2025-03-07,5274,0,Foreign_Dealer_Self,0
2025-03-07,5274,0,Investment_Trust,97600
2025-03-07,5274,15026,Dealer_self,1071
2025-03-07,5274,12746,Dealer_Hedging,13589
2025-03-10,5274,134729,Foreign_Investor,214456
2025-03-10,5274,0,Foreign_Dealer_Self,0
2025-03-10,5274,0,Investment_Trust,0
2025-03-10,5274,9059,Dealer_self,2000
2025-03-10,5274,8101,Dealer_Hedging,8737
2025-03-11,5274,214241,Foreign_Investor,248725
2025-03-11,5274,0,Foreign_Dealer_Self,0
2025-03-11,5274,2000,Investment_Trust,13711
2025-03-11,5274,11062,Dealer_self,176
2025-03-11,5274,5823,Dealer_Hedging,2380
2025-03-12,5274,82132,Foreign_Investor,96110
2025-03-12,5274,0,Foreign_Dealer_Self,0
2025-03-12,5274,0,Investment_Trust,3070
2025-03-12,5274,3033,Dealer_self,1000
2025-03-12,5274,5689,Dealer_Hedging,4949
2025-03-13,5274,0,Foreign_Dealer_Self,0
2025-03-13,5274,77000,Investment_Trust,1000
2025-03-13,5274,15200,Dealer_self,18200
2025-03-13,5274,25848,Dealer_Hedging,22485
2025-03-13,5274,536979,Foreign_Investor,373179
2025-03-14,5274,197300,Foreign_Investor,271000
2025-03-14,5274,0,Foreign_Dealer_Self,0
2025-03-14,5274,12000,Investment_Trust,0
2025-03-14,5274,8000,Dealer_self,2000
2025-03-14,5274,3704,Dealer_Hedging,5190
2025-03-17,5274,158244,Foreign_Investor,239131
2025-03-17,5274,0,Foreign_Dealer_Self,0
2025-03-17,5274,1000,Investment_Trust,25000
2025-03-17,5274,29057,Dealer_self,2034
2025-03-17,5274,1159,Dealer_Hedging,2567
2025-03-18,5274,371806,Foreign_Investor,266615
2025-03-18,5274,0,Foreign_Dealer_Self,0
2025-03-18,5274,12000,Investment_Trust,11000
2025-03-18,5274,11192,Dealer_self,29000
2025-03-18,5274,14832,Dealer_Hedging,12318
2025-03-19,5274,87960,Foreign_Investor,207318
2025-03-19,5274,0,Foreign_Dealer_Self,0
2025-03-19,5274,30000,Investment_Trust,0
2025-03-19,5274,11037,Dealer_self,22524
2025-03-19,5274,8662,Dealer_Hedging,11238
2025-03-20,5274,102000,Foreign_Investor,102099
2025-03-20,5274,0,Foreign_Dealer_Self,0
2025-03-20,5274,16000,Investment_Trust,8000
2025-03-20,5274,1136,Dealer_self,2068
2025-03-20,5274,2000,Dealer_Hedging,632
2025-03-21,5274,0,Foreign_Dealer_Self,0
2025-03-21,5274,4000,Investment_Trust,2000
2025-03-21,5274,5004,Dealer_self,2000
2025-03-21,5274,10000,Dealer_Hedging,9223
2025-03-21,5274,74700,Foreign_Investor,122589
2025-03-24,5274,71000,Foreign_Investor,146100
2025-03-24,5274,0,Foreign_Dealer_Self,0
2025-03-24,5274,20000,Investment_Trust,17000
2025-03-24,5274,5004,Dealer_self,1000
2025-03-24,5274,1733,Dealer_Hedging,1560
2025-03-25,5274,250000,Foreign_Investor,219200
2025-03-25,5274,0,Foreign_Dealer_Self,0
2025-03-25,5274,7000,Investment_Trust,2000
2025-03-25,5274,3048,Dealer_self,15000
2025-03-25,5274,5391,Dealer_Hedging,4755
2025-03-26,5274,76286,Foreign_Investor,132600
2025-03-26,5274,0,Foreign_Dealer_Self,0
2025-03-26,5274,1218,Dealer_self,2000
2025-03-26,5274,1600,Dealer_Hedging,1585
2025-03-26,5274,25000,Investment_Trust,4000
2025-03-27,5274,0,Foreign_Dealer_Self,0
2025-03-27,5274,0,Investment_Trust,64000
2025-03-27,5274,10000,Dealer_self,4100
2025-03-27,5274,1464,Dealer_Hedging,2928
2025-03-27,5274,117473,Foreign_Investor,145317
2025-03-28,5274,73928,Foreign_Investor,130751
2025-03-28,5274,0,Foreign_Dealer_Self,0
2025-03-28,5274,1000,Investment_Trust,17000
2025-03-28,5274,9000,Dealer_self,3000
2025-03-28,5274,12199,Dealer_Hedging,13022
2025-03-31,5274,181643,Foreign_Investor,245514
2025-03-31,5274,0,Foreign_Dealer_Self,0
2025-03-31,5274,11000,Dealer_self,13936
2025-03-31,5274,30443,Dealer_Hedging,28646
2025-03-31,5274,10000,Investment_Trust,0
2025-04-01,5274,263481,Foreign_Investor,250109
2025-04-01,5274,0,Foreign_Dealer_Self,0
2025-04-01,5274,1000,Investment_Trust,69800
2025-04-01,5274,7009,Dealer_self,7000
2025-04-01,5274,15861,Dealer_Hedging,11234
2025-04-02,5274,76523,Foreign_Investor,97122
2025-04-02,5274,0,Foreign_Dealer_Self,0
2025-04-02,5274,3000,Dealer_self,1000
2025-04-02,5274,3100,Dealer_Hedging,3717
2025-04-02,5274,26120,Investment_Trust,22000
2025-04-07,5274,6000,Foreign_Investor,2000
2025-04-07,5274,0,Foreign_Dealer_Self,0
2025-04-07,5274,0,Investment_Trust,0
2025-04-07,5274,0,Dealer_self,1000
2025-04-07,5274,0,Dealer_Hedging,2000
2025-04-08,5274,0,Foreign_Dealer_Self,0
2025-04-08,5274,12000,Investment_Trust,28000
2025-04-08,5274,9419,Dealer_self,15443
2025-04-08,5274,9908,Dealer_Hedging,12784
2025-04-08,5274,656934,Foreign_Investor,593400
2025-04-09,5274,0,Foreign_Dealer_Self,0
2025-04-09,5274,10113,Dealer_self,23619
2025-04-09,5274,14257,Dealer_Hedging,14665
2025-04-09,5274,654338,Foreign_Investor,553491
2025-04-09,5274,23000,Investment_Trust,27000
2025-04-10,5274,35000,Foreign_Investor,31322
2025-04-10,5274,0,Foreign_Dealer_Self,0
2025-04-10,5274,0,Investment_Trust,2000
2025-04-10,5274,0,Dealer_self,4000
2025-04-10,5274,15013,Dealer_Hedging,100
2025-04-11,5274,595463,Foreign_Investor,542619
2025-04-11,5274,0,Foreign_Dealer_Self,0
2025-04-11,5274,31009,Dealer_self,10204
2025-04-11,5274,14648,Dealer_Hedging,23064
2025-04-11,5274,35000,Investment_Trust,3000
2025-04-14,5274,595570,Foreign_Investor,497336
2025-04-14,5274,0,Foreign_Dealer_Self,0
2025-04-14,5274,15100,Dealer_self,25589
2025-04-14,5274,14333,Dealer_Hedging,13875
2025-04-14,5274,43500,Investment_Trust,1000
2025-04-15,5274,0,Foreign_Dealer_Self,0
2025-04-15,5274,24000,Investment_Trust,1000
2025-04-15,5274,9622,Dealer_self,5492
2025-04-15,5274,7322,Dealer_Hedging,7315
2025-04-15,5274,393886,Foreign_Investor,355108
2025-04-16,5274,148451,Foreign_Investor,161281
2025-04-16,5274,0,Foreign_Dealer_Self,0
2025-04-16,5274,0,Investment_Trust,1000
2025-04-16,5274,7270,Dealer_self,9180
2025-04-16,5274,4895,Dealer_Hedging,13205
2025-04-17,5274,189878,Foreign_Investor,164726
2025-04-17,5274,0,Foreign_Dealer_Self,0
2025-04-17,5274,0,Investment_Trust,100
2025-04-17,5274,2000,Dealer_self,15865
2025-04-17,5274,6208,Dealer_Hedging,8141
2025-04-18,5274,161000,Foreign_Investor,177200
2025-04-18,5274,0,Foreign_Dealer_Self,0
2025-04-18,5274,1000,Investment_Trust,98
2025-04-18,5274,3204,Dealer_self,4053
2025-04-18,5274,3344,Dealer_Hedging,1684
2025-04-21,5274,0,Foreign_Dealer_Self,0
2025-04-21,5274,0,Dealer_self,10000
2025-04-21,5274,3687,Dealer_Hedging,5439
2025-04-21,5274,105980,Foreign_Investor,90700
2025-04-21,5274,9000,Investment_Trust,0
2025-04-22,5274,331315,Foreign_Investor,331868
2025-04-22,5274,0,Foreign_Dealer_Self,0
2025-04-22,5274,1012,Dealer_self,16100
2025-04-22,5274,11960,Dealer_Hedging,12330
2025-04-22,5274,15000,Investment_Trust,3000
2025-04-23,5274,214303,Foreign_Investor,291500
2025-04-23,5274,0,Foreign_Dealer_Self,0
2025-04-23,5274,1552,Dealer_self,2105
2025-04-23,5274,8392,Dealer_Hedging,5236
2025-04-23,5274,156000,Investment_Trust,0
2025-04-24,5274,0,Foreign_Dealer_Self,0
2025-04-24,5274,4190,Dealer_self,2300
2025-04-24,5274,5507,Dealer_Hedging,4285
2025-04-24,5274,185122,Foreign_Investor,236238
2025-04-24,5274,48000,Investment_Trust,1000
2025-04-25,5274,165744,Foreign_Investor,238159
2025-04-25,5274,0,Foreign_Dealer_Self,0
2025-04-25,5274,85000,Investment_Trust,12000
2025-04-25,5274,2200,Dealer_self,2190
2025-04-25,5274,8613,Dealer_Hedging,7230
2025-04-28,5274,60277,Foreign_Investor,115931
2025-04-28,5274,0,Foreign_Dealer_Self,0
2025-04-28,5274,27,Dealer_self,0
2025-04-28,5274,2486,Dealer_Hedging,7609
2025-04-28,5274,53000,Investment_Trust,0
2025-04-29,5274,0,Foreign_Dealer_Self,0
2025-04-29,5274,15000,Investment_Trust,18000
2025-04-29,5274,3036,Dealer_self,0
2025-04-29,5274,3501,Dealer_Hedging,4106
2025-04-29,5274,132746,Foreign_Investor,175800
2025-04-30,5274,242084,Foreign_Investor,205604
2025-04-30,5274,0,Foreign_Dealer_Self,0
2025-04-30,5274,37000,Investment_Trust,2000
2025-04-30,5274,332,Dealer_self,6595
2025-04-30,5274,7948,Dealer_Hedging,6120
2025-05-02,5274,339848,Foreign_Investor,333900
2025-05-02,5274,0,Foreign_Dealer_Self,0
2025-05-02,5274,60000,Investment_Trust,0
2025-05-02,5274,10625,Dealer_self,1487
2025-05-02,5274,12354,Dealer_Hedging,11571
2025-05-05,5274,385800,Foreign_Investor,334261
2025-05-05,5274,0,Foreign_Dealer_Self,0
2025-05-05,5274,36000,Investment_Trust,0
2025-05-05,5274,2000,Dealer_self,12411
2025-05-05,5274,10178,Dealer_Hedging,12502
2025-05-06,5274,546000,Foreign_Investor,509213
2025-05-06,5274,0,Foreign_Dealer_Self,0
2025-05-06,5274,3000,Dealer_self,11400
2025-05-06,5274,33556,Dealer_Hedging,51126
2025-05-06,5274,137800,Investment_Trust,13000
2025-05-07,5274,267967,Foreign_Investor,384150
2025-05-07,5274,0,Foreign_Dealer_Self,0
2025-05-07,5274,13000,Investment_Trust,0
2025-05-07,5274,11000,Dealer_self,4000
2025-05-07,5274,9225,Dealer_Hedging,16840
2025-05-08,5274,0,Foreign_Dealer_Self,0
2025-05-08,5274,0,Investment_Trust,21000
2025-05-08,5274,23672,Dealer_self,5000
2025-05-08,5274,3372,Dealer_Hedging,2856
2025-05-08,5274,160862,Foreign_Investor,194633
2025-05-09,5274,107098,Foreign_Investor,158137
2025-05-09,5274,0,Foreign_Dealer_Self,0
2025-05-09,5274,14040,Dealer_self,7150
2025-05-09,5274,5801,Dealer_Hedging,5535
2025-05-09,5274,18000,Investment_Trust,16000
2025-05-12,5274,137150,Foreign_Investor,132291
2025-05-12,5274,0,Foreign_Dealer_Self,0
2025-05-12,5274,83500,Investment_Trust,0
2025-05-12,5274,5006,Dealer_self,11046
2025-05-12,5274,7019,Dealer_Hedging,5255
2025-05-13,5274,0,Foreign_Dealer_Self,0
2025-05-13,5274,21000,Investment_Trust,0
2025-05-13,5274,5520,Dealer_self,2947
2025-05-13,5274,9220,Dealer_Hedging,14575
2025-05-13,5274,168100,Foreign_Investor,239368
2025-05-14,5274,156383,Foreign_Investor,115952
2025-05-14,5274,0,Foreign_Dealer_Self,0
2025-05-14,5274,0,Investment_Trust,0
2025-05-14,5274,7316,Dealer_self,4020
2025-05-14,5274,5783,Dealer_Hedging,2439
2025-05-15,5274,0,Foreign_Dealer_Self,0
2025-05-15,5274,52000,Investment_Trust,1000
2025-05-15,5274,6200,Dealer_self,15605
2025-05-15,5274,13256,Dealer_Hedging,10119
2025-05-15,5274,181157,Foreign_Investor,171701
2025-05-16,5274,123635,Foreign_Investor,120536
2025-05-16,5274,0,Foreign_Dealer_Self,0
2025-05-16,5274,28000,Investment_Trust,0
2025-05-16,5274,5200,Dealer_self,2100
2025-05-16,5274,6972,Dealer_Hedging,8776
2025-05-19,5274,62000,Foreign_Investor,107259
2025-05-19,5274,0,Foreign_Dealer_Self,0
2025-05-19,5274,20200,Dealer_self,2011
2025-05-19,5274,4846,Dealer_Hedging,11018
2025-05-19,5274,25462,Investment_Trust,4000
2025-05-20,5274,0,Foreign_Dealer_Self,0
2025-05-20,5274,114000,Investment_Trust,6000
2025-05-20,5274,12100,Dealer_self,36542
2025-05-20,5274,34189,Dealer_Hedging,35469
2025-05-20,5274,384188,Foreign_Investor,368820
2025-05-21,5274,382616,Foreign_Investor,408611
2025-05-21,5274,0,Foreign_Dealer_Self,0
2025-05-21,5274,12600,Dealer_self,17200
2025-05-21,5274,26375,Dealer_Hedging,28120
2025-05-21,5274,132200,Investment_Trust,7000
2025-05-22,5274,160771,Foreign_Investor,187423
2025-05-22,5274,0,Foreign_Dealer_Self,0
2025-05-22,5274,13000,Investment_Trust,41000
2025-05-22,5274,4100,Dealer_self,5043
2025-05-22,5274,4506,Dealer_Hedging,9232
2025-05-23,5274,181025,Foreign_Investor,262735
2025-05-23,5274,0,Foreign_Dealer_Self,0
2025-05-23,5274,2000,Investment_Trust,1000
2025-05-23,5274,4200,Dealer_self,2000
2025-05-23,5274,6946,Dealer_Hedging,4331
2025-05-26,5274,133857,Foreign_Investor,54612
2025-05-26,5274,0,Foreign_Dealer_Self,0
2025-05-26,5274,5000,Investment_Trust,8000
2025-05-26,5274,4542,Dealer_self,2109
2025-05-26,5274,7244,Dealer_Hedging,489
2025-05-27,5274,55000,Foreign_Investor,85063
2025-05-27,5274,0,Foreign_Dealer_Self,0
2025-05-27,5274,0,Investment_Trust,26000
2025-05-27,5274,4110,Dealer_self,4016
2025-05-27,5274,9790,Dealer_Hedging,4982
2025-05-28,5274,0,Foreign_Dealer_Self,0
2025-05-28,5274,6000,Investment_Trust,3000
2025-05-28,5274,3015,Dealer_self,4710
2025-05-28,5274,1040,Dealer_Hedging,2172
2025-05-28,5274,230020,Foreign_Investor,198915
2025-05-29,5274,329689,Foreign_Investor,222642
2025-05-29,5274,0,Foreign_Dealer_Self,0
2025-05-29,5274,95500,Investment_Trust,3000
2025-05-29,5274,4000,Dealer_self,5015
2025-05-29,5274,21868,Dealer_Hedging,33589
2025-06-02,5274,251958,Foreign_Investor,272273
2025-06-02,5274,0,Foreign_Dealer_Self,0
2025-06-02,5274,30000,Investment_Trust,11000
2025-06-02,5274,3100,Dealer_self,5600
2025-06-02,5274,5944,Dealer_Hedging,5956
2025-06-03,5274,120120,Foreign_Investor,162679
2025-06-03,5274,0,Foreign_Dealer_Self,0
2025-06-03,5274,6000,Dealer_self,3100
2025-06-03,5274,0,Dealer_Hedging,2088
2025-06-03,5274,6000,Investment_Trust,25000
2025-06-04,5274,0,Foreign_Dealer_Self,0
2025-06-04,5274,6000,Dealer_self,10000
2025-06-04,5274,13003,Dealer_Hedging,4026
2025-06-04,5274,345729,Foreign_Investor,74000
2025-06-04,5274,9000,Investment_Trust,17000
2025-06-05,5274,0,Foreign_Dealer_Self,0
2025-06-05,5274,7211,Dealer_self,4006
2025-06-05,5274,19733,Dealer_Hedging,18540
2025-06-05,5274,450120,Foreign_Investor,207285
2025-06-05,5274,0,Investment_Trust,18000
2025-06-06,5274,0,Foreign_Dealer_Self,0
2025-06-06,5274,3006,Dealer_self,8100
2025-06-06,5274,4146,Dealer_Hedging,9691
2025-06-06,5274,309600,Foreign_Investor,242435
2025-06-06,5274,28690,Investment_Trust,6000
2025-06-09,5274,143000,Foreign_Investor,86020
2025-06-09,5274,0,Foreign_Dealer_Self,0
2025-06-09,5274,0,Investment_Trust,6000
2025-06-09,5274,1000,Dealer_self,6000
2025-06-09,5274,2945,Dealer_Hedging,8180
2025-06-10,5274,470203,Foreign_Investor,221523
2025-06-10,5274,0,Foreign_Dealer_Self,0
2025-06-10,5274,8573,Dealer_self,6000
2025-06-10,5274,25260,Dealer_Hedging,25257
2025-06-10,5274,31500,Investment_Trust,17100
2025-06-11,5274,503441,Foreign_Investor,324045
2025-06-11,5274,0,Foreign_Dealer_Self,0
2025-06-11,5274,8000,Investment_Trust,8000
2025-06-11,5274,10499,Dealer_self,16554
2025-06-11,5274,36556,Dealer_Hedging,31156
2025-06-12,5274,0,Foreign_Dealer_Self,0
2025-06-12,5274,0,Investment_Trust,4000
2025-06-12,5274,12722,Dealer_self,10000
2025-06-12,5274,5338,Dealer_Hedging,13496
2025-06-12,5274,638802,Foreign_Investor,442450
2025-06-13,5274,0,Foreign_Dealer_Self,0
2025-06-13,5274,1900,Dealer_self,6400
2025-06-13,5274,3643,Dealer_Hedging,2608
2025-06-13,5274,346758,Foreign_Investor,316221
2025-06-13,5274,39000,Investment_Trust,32000
2025-06-16,5274,166755,Foreign_Investor,179200
2025-06-16,5274,0,Foreign_Dealer_Self,0
2025-06-16,5274,220,Dealer_self,2900
2025-06-16,5274,3124,Dealer_Hedging,5292
2025-06-16,5274,37000,Investment_Trust,8000
2025-06-17,5274,349377,Foreign_Investor,273784
2025-06-17,5274,0,Foreign_Dealer_Self,0
2025-06-17,5274,1000,Investment_Trust,3000
2025-06-17,5274,4002,Dealer_self,2355
2025-06-17,5274,4042,Dealer_Hedging,4472
2025-06-18,5274,0,Foreign_Dealer_Self,0
2025-06-18,5274,3000,Investment_Trust,12000
2025-06-18,5274,1032,Dealer_self,2152
2025-06-18,5274,1713,Dealer_Hedging,5322
2025-06-18,5274,304683,Foreign_Investor,147078
2025-06-19,5274,392370,Foreign_Investor,183096
2025-06-19,5274,0,Foreign_Dealer_Self,0
2025-06-19,5274,0,Investment_Trust,7000
2025-06-19,5274,19033,Dealer_self,8000
2025-06-19,5274,5492,Dealer_Hedging,4745
2025-06-20,5274,281519,Foreign_Investor,94548
2025-06-20,5274,0,Foreign_Dealer_Self,0
2025-06-20,5274,0,Investment_Trust,5000
2025-06-20,5274,7005,Dealer_self,8007
2025-06-20,5274,3043,Dealer_Hedging,1775
2025-06-23,5274,280058,Foreign_Investor,158698
2025-06-23,5274,0,Foreign_Dealer_Self,0
2025-06-23,5274,0,Investment_Trust,3000
2025-06-23,5274,5357,Dealer_self,0
2025-06-23,5274,6709,Dealer_Hedging,2738
2025-06-24,5274,370438,Foreign_Investor,233619
2025-06-24,5274,0,Foreign_Dealer_Self,0
2025-06-24,5274,25000,Investment_Trust,3000
2025-06-24,5274,3800,Dealer_self,6000
2025-06-24,5274,15872,Dealer_Hedging,4389
2025-06-25,5274,349524,Foreign_Investor,326878
2025-06-25,5274,0,Foreign_Dealer_Self,0
2025-06-25,5274,5934,Dealer_self,6200
2025-06-25,5274,4278,Dealer_Hedging,13140
2025-06-25,5274,26025,Investment_Trust,2000
2025-06-26,5274,744511,Foreign_Investor,600900
2025-06-26,5274,0,Foreign_Dealer_Self,0
2025-06-26,5274,15200,Dealer_self,19700
2025-06-26,5274,12818,Dealer_Hedging,14345
2025-06-26,5274,94000,Investment_Trust,700
2025-06-27,5274,214625,Foreign_Investor,212309
2025-06-27,5274,0,Foreign_Dealer_Self,0
2025-06-27,5274,21000,Investment_Trust,3000
2025-06-27,5274,3000,Dealer_self,7000
2025-06-27,5274,6642,Dealer_Hedging,5518
2025-06-30,5274,174351,Foreign_Investor,190769
2025-06-30,5274,0,Foreign_Dealer_Self,0
2025-06-30,5274,8000,Investment_Trust,0
2025-06-30,5274,2354,Dealer_self,1135
2025-06-30,5274,1221,Dealer_Hedging,5889
2025-07-01,5274,289785,Foreign_Investor,182438
2025-07-01,5274,0,Foreign_Dealer_Self,0
2025-07-01,5274,14000,Investment_Trust,0
2025-07-01,5274,4000,Dealer_self,3300
2025-07-01,5274,11345,Dealer_Hedging,9177
2025-07-02,5274,352530,Foreign_Investor,321430
2025-07-02,5274,0,Foreign_Dealer_Self,0
2025-07-02,5274,34000,Investment_Trust,10000
2025-07-02,5274,2000,Dealer_self,3100
2025-07-02,5274,12806,Dealer_Hedging,8646
2025-07-03,5274,270365,Foreign_Investor,299576
2025-07-03,5274,0,Foreign_Dealer_Self,0
2025-07-03,5274,100000,Investment_Trust,1100
2025-07-03,5274,1000,Dealer_self,1000
2025-07-03,5274,11056,Dealer_Hedging,17096
2025-07-04,5274,226035,Foreign_Investor,136383
2025-07-04,5274,0,Foreign_Dealer_Self,0
2025-07-04,5274,3000,Investment_Trust,1000
2025-07-04,5274,2000,Dealer_self,4000
2025-07-04,5274,5390,Dealer_Hedging,10642
2025-07-07,5274,146188,Foreign_Investor,138191
2025-07-07,5274,0,Foreign_Dealer_Self,0
2025-07-07,5274,0,Investment_Trust,9000
2025-07-07,5274,6016,Dealer_self,5000
2025-07-07,5274,3957,Dealer_Hedging,2975
2025-07-08,5274,200963,Foreign_Investor,193678
2025-07-08,5274,0,Foreign_Dealer_Self,0
2025-07-08,5274,22000,Investment_Trust,16000
2025-07-08,5274,14888,Dealer_self,2002
2025-07-08,5274,5598,Dealer_Hedging,2306
2025-07-09,5274,188809,Foreign_Investor,194137
2025-07-09,5274,0,Foreign_Dealer_Self,0
2025-07-09,5274,5000,Investment_Trust,100
2025-07-09,5274,5104,Dealer_self,4000
2025-07-09,5274,2547,Dealer_Hedging,3226
2025-07-10,5274,171775,Foreign_Investor,172309
2025-07-10,5274,0,Foreign_Dealer_Self,0
2025-07-10,5274,14000,Investment_Trust,4100
2025-07-10,5274,5100,Dealer_self,5400
2025-07-10,5274,549,Dealer_Hedging,180
2025-07-11,5274,0,Foreign_Dealer_Self,0
2025-07-11,5274,1000,Dealer_self,3300
2025-07-11,5274,3000,Dealer_Hedging,2866
2025-07-11,5274,242857,Foreign_Investor,238806
2025-07-11,5274,4000,Investment_Trust,34000
2025-07-14,5274,0,Foreign_Dealer_Self,0
2025-07-14,5274,1040,Dealer_self,5200
2025-07-14,5274,1075,Dealer_Hedging,2810
2025-07-14,5274,267607,Foreign_Investor,155165
2025-07-14,5274,0,Investment_Trust,22000
2025-07-15,5274,0,Foreign_Dealer_Self,0
2025-07-15,5274,1000,Investment_Trust,2900
2025-07-15,5274,1000,Dealer_self,10000
2025-07-15,5274,3108,Dealer_Hedging,7864
2025-07-15,5274,266987,Foreign_Investor,163950
2025-07-16,5274,366885,Foreign_Investor,572285
2025-07-16,5274,0,Foreign_Dealer_Self,0
2025-07-16,5274,2000,Investment_Trust,11600
2025-07-16,5274,9000,Dealer_self,6000
2025-07-16,5274,37730,Dealer_Hedging,47116
2025-07-17,5274,382262,Foreign_Investor,434295
2025-07-17,5274,0,Foreign_Dealer_Self,0
2025-07-17,5274,1000,Investment_Trust,27103
2025-07-17,5274,0,Dealer_self,1200
2025-07-17,5274,11178,Dealer_Hedging,8216
2025-07-18,5274,247152,Foreign_Investor,235141
2025-07-18,5274,0,Foreign_Dealer_Self,0
2025-07-18,5274,0,Investment_Trust,8000
2025-07-18,5274,0,Dealer_self,8
2025-07-18,5274,3447,Dealer_Hedging,2346
2025-07-21,5274,220242,Foreign_Investor,113915
2025-07-21,5274,0,Foreign_Dealer_Self,0
2025-07-21,5274,3600,Dealer_self,6036
2025-07-21,5274,8260,Dealer_Hedging,7429
2025-07-21,5274,6000,Investment_Trust,111000
2025-07-22,5274,296107,Foreign_Investor,175265
2025-07-22,5274,0,Foreign_Dealer_Self,0
2025-07-22,5274,5000,Dealer_self,6000
2025-07-22,5274,5404,Dealer_Hedging,4017
2025-07-22,5274,4000,Investment_Trust,97000
2025-07-23,5274,372195,Foreign_Investor,202734
2025-07-23,5274,0,Foreign_Dealer_Self,0
2025-07-23,5274,21030,Dealer_self,10000
2025-07-23,5274,9913,Dealer_Hedging,4921
2025-07-23,5274,3000,Investment_Trust,80000
2025-07-24,5274,236772,Foreign_Investor,243346
2025-07-24,5274,0,Foreign_Dealer_Self,0
2025-07-24,5274,3000,Dealer_self,7000
2025-07-24,5274,9307,Dealer_Hedging,2730
2025-07-24,5274,0,Investment_Trust,57500
2025-07-25,5274,204101,Foreign_Investor,169017
2025-07-25,5274,0,Foreign_Dealer_Self,0
2025-07-25,5274,1000,Investment_Trust,31000
2025-07-25,5274,5175,Dealer_self,2000
2025-07-25,5274,13087,Dealer_Hedging,2837
2025-07-28,5274,185589,Foreign_Investor,132625
2025-07-28,5274,0,Foreign_Dealer_Self,0
2025-07-28,5274,3300,Investment_Trust,113000
2025-07-28,5274,3005,Dealer_self,5000
2025-07-28,5274,12141,Dealer_Hedging,15198
2025-07-29,5274,0,Foreign_Dealer_Self,0
2025-07-29,5274,20582,Dealer_self,6000
2025-07-29,5274,13103,Dealer_Hedging,5362
2025-07-29,5274,270524,Foreign_Investor,250245
2025-07-29,5274,50000,Investment_Trust,82000
2025-07-30,5274,0,Foreign_Dealer_Self,0
2025-07-30,5274,6311,Dealer_self,7300
2025-07-30,5274,20350,Dealer_Hedging,27029
2025-07-30,5274,292130,Foreign_Investor,414144
2025-07-30,5274,1000,Investment_Trust,69820
2025-07-31,5274,0,Foreign_Dealer_Self,0
2025-07-31,5274,27000,Investment_Trust,21000
2025-07-31,5274,15495,Dealer_self,8000
2025-07-31,5274,18278,Dealer_Hedging,8013
2025-07-31,5274,299882,Foreign_Investor,217076
2025-08-01,5274,436025,Foreign_Investor,377133
2025-08-01,5274,0,Foreign_Dealer_Self,0
2025-08-01,5274,39000,Investment_Trust,1000
2025-08-01,5274,4400,Dealer_self,5900
2025-08-01,5274,21802,Dealer_Hedging,5858
2025-08-04,5274,222100,Foreign_Investor,296381
2025-08-04,5274,0,Foreign_Dealer_Self,0
2025-08-04,5274,3000,Investment_Trust,0
2025-08-04,5274,0,Dealer_self,10318
2025-08-04,5274,4559,Dealer_Hedging,15481
2025-08-05,5274,366233,Foreign_Investor,353455
2025-08-05,5274,0,Foreign_Dealer_Self,0
2025-08-05,5274,3000,Dealer_self,400
2025-08-05,5274,10904,Dealer_Hedging,6019
2025-08-05,5274,27600,Investment_Trust,26000
2025-08-06,5274,400457,Foreign_Investor,476205
2025-08-06,5274,0,Foreign_Dealer_Self,0
2025-08-06,5274,13000,Dealer_self,10700
2025-08-06,5274,34324,Dealer_Hedging,47149
2025-08-06,5274,3000,Investment_Trust,215000
2025-08-07,5274,0,Foreign_Dealer_Self,0
2025-08-07,5274,91,Dealer_self,12799
2025-08-07,5274,25716,Dealer_Hedging,13495
2025-08-07,5274,479277,Foreign_Investor,464014
2025-08-07,5274,154200,Investment_Trust,13000
2025-08-08,5274,0,Foreign_Dealer_Self,0
2025-08-08,5274,3000,Dealer_self,1041
2025-08-08,5274,4540,Dealer_Hedging,11347
2025-08-08,5274,246082,Foreign_Investor,235671
2025-08-08,5274,11000,Investment_Trust,83000
2025-08-11,5274,234002,Foreign_Investor,158755
2025-08-11,5274,0,Foreign_Dealer_Self,0
2025-08-11,5274,10000,Investment_Trust,147000
2025-08-11,5274,2344,Dealer_self,31
2025-08-11,5274,1778,Dealer_Hedging,5537
2025-08-12,5274,175384,Foreign_Investor,264884
2025-08-12,5274,0,Foreign_Dealer_Self,0
2025-08-12,5274,17092,Investment_Trust,0
2025-08-12,5274,3271,Dealer_self,1400
2025-08-12,5274,9231,Dealer_Hedging,4941
2025-08-13,5274,529622,Foreign_Investor,365650
2025-08-13,5274,0,Foreign_Dealer_Self,0
2025-08-13,5274,26145,Dealer_self,7900
2025-08-13,5274,46334,Dealer_Hedging,41740
2025-08-13,5274,76150,Investment_Trust,7000
2025-08-14,5274,616974,Foreign_Investor,417353
2025-08-14,5274,0,Foreign_Dealer_Self,0
2025-08-14,5274,17356,Dealer_self,4100
2025-08-14,5274,26188,Dealer_Hedging,27765
2025-08-14,5274,36092,Investment_Trust,88100
2025-08-15,5274,0,Foreign_Dealer_Self,0
2025-08-15,5274,9000,Investment_Trust,23000
2025-08-15,5274,2708,Dealer_self,5800
2025-08-15,5274,3241,Dealer_Hedging,11088
2025-08-15,5274,166292,Foreign_Investor,141739
2025-08-18,5274,217050,Foreign_Investor,294638
2025-08-18,5274,0,Foreign_Dealer_Self,0
2025-08-18,5274,10651,Dealer_self,7127
2025-08-18,5274,1038,Dealer_Hedging,830
2025-08-18,5274,1000,Investment_Trust,39074
2025-08-19,5274,284826,Foreign_Investor,322796
2025-08-19,5274,0,Foreign_Dealer_Self,0
2025-08-19,5274,4465,Dealer_self,4022
2025-08-19,5274,4265,Dealer_Hedging,1941
2025-08-19,5274,0,Investment_Trust,39500
2025-08-20,5274,388000,Foreign_Investor,470197
2025-08-20,5274,0,Foreign_Dealer_Self,0
2025-08-20,5274,0,Investment_Trust,13300
2025-08-20,5274,17343,Dealer_self,4060
2025-08-20,5274,14964,Dealer_Hedging,12946
2025-08-21,5274,0,Foreign_Dealer_Self,0
2025-08-21,5274,131000,Investment_Trust,45000
2025-08-21,5274,1274,Dealer_self,13719
2025-08-21,5274,19834,Dealer_Hedging,5924
2025-08-21,5274,332711,Foreign_Investor,249386
2025-08-22,5274,0,Foreign_Dealer_Self,0
2025-08-22,5274,101000,Investment_Trust,9000
2025-08-22,5274,1035,Dealer_self,1400
2025-08-22,5274,1592,Dealer_Hedging,8516
2025-08-22,5274,231510,Foreign_Investor,286864
2025-08-25,5274,259961,Foreign_Investor,318331
2025-08-25,5274,0,Foreign_Dealer_Self,0
2025-08-25,5274,19000,Investment_Trust,0
2025-08-25,5274,5104,Dealer_self,4471
2025-08-25,5274,4449,Dealer_Hedging,7666
2025-08-26,5274,169313,Foreign_Investor,226539
2025-08-26,5274,0,Foreign_Dealer_Self,0
2025-08-26,5274,100000,Investment_Trust,10000
2025-08-26,5274,2340,Dealer_self,3900
2025-08-26,5274,7904,Dealer_Hedging,2285
2025-08-27,5274,110777,Foreign_Investor,120556
2025-08-27,5274,0,Foreign_Dealer_Self,0
2025-08-27,5274,2371,Dealer_self,2100
2025-08-27,5274,1371,Dealer_Hedging,5006
2025-08-27,5274,3000,Investment_Trust,14000
2025-08-28,5274,140522,Foreign_Investor,197287
2025-08-28,5274,0,Foreign_Dealer_Self,0
2025-08-28,5274,7000,Investment_Trust,16100
2025-08-28,5274,415,Dealer_self,3400
2025-08-28,5274,129,Dealer_Hedging,119
2025-08-29,5274,202822,Foreign_Investor,170247
2025-08-29,5274,0,Foreign_Dealer_Self,0
2025-08-29,5274,6000,Investment_Trust,100
2025-08-29,5274,2880,Dealer_self,2000
2025-08-29,5274,2966,Dealer_Hedging,5103
2025-09-01,5274,154529,Foreign_Investor,196254
2025-09-01,5274,0,Foreign_Dealer_Self,0
2025-09-01,5274,9000,Investment_Trust,0
2025-09-01,5274,300,Dealer_self,6859
2025-09-01,5274,5485,Dealer_Hedging,2355
2025-09-02,5274,125139,Foreign_Investor,189888
2025-09-02,5274,0,Foreign_Dealer_Self,0
2025-09-02,5274,0,Investment_Trust,37000
2025-09-02,5274,1100,Dealer_self,12367
2025-09-02,5274,13562,Dealer_Hedging,20625
2025-09-03,5274,162164,Foreign_Investor,80000
2025-09-03,5274,0,Foreign_Dealer_Self,0
2025-09-03,5274,1000,Investment_Trust,3000
2025-09-03,5274,1300,Dealer_self,2000
2025-09-03,5274,9923,Dealer_Hedging,2657
2025-09-04,5274,120642,Foreign_Investor,104557
2025-09-04,5274,0,Foreign_Dealer_Self,0
2025-09-04,5274,0,Investment_Trust,12000
2025-09-04,5274,2132,Dealer_self,1500
2025-09-04,5274,804,Dealer_Hedging,7159
2025-09-05,5274,85958,Foreign_Investor,71028
2025-09-05,5274,0,Foreign_Dealer_Self,0
2025-09-05,5274,0,Investment_Trust,25000
2025-09-05,5274,0,Dealer_self,80
2025-09-05,5274,3844,Dealer_Hedging,2316
2025-09-08,5274,70610,Foreign_Investor,69941
2025-09-08,5274,0,Foreign_Dealer_Self,0
2025-09-08,5274,1000,Investment_Trust,14750
2025-09-08,5274,3174,Dealer_self,100
2025-09-08,5274,8716,Dealer_Hedging,10010
2025-09-09,5274,0,Foreign_Dealer_Self,0
2025-09-09,5274,0,Investment_Trust,263
2025-09-09,5274,5143,Dealer_self,2400
2025-09-09,5274,6212,Dealer_Hedging,6427
2025-09-09,5274,162235,Foreign_Investor,187914
2025-09-10,5274,311846,Foreign_Investor,214897
2025-09-10,5274,0,Foreign_Dealer_Self,0
2025-09-10,5274,1003,Dealer_self,5257
2025-09-10,5274,22777,Dealer_Hedging,10414
2025-09-10,5274,1000,Investment_Trust,41600
2025-09-11,5274,274707,Foreign_Investor,228130
2025-09-11,5274,0,Foreign_Dealer_Self,0
2025-09-11,5274,47000,Investment_Trust,6100
2025-09-11,5274,7080,Dealer_self,5043
2025-09-11,5274,18539,Dealer_Hedging,12074
2025-09-12,5274,211385,Foreign_Investor,234376
2025-09-12,5274,0,Foreign_Dealer_Self,0
2025-09-12,5274,70000,Investment_Trust,0
2025-09-12,5274,6189,Dealer_self,6281
2025-09-12,5274,7619,Dealer_Hedging,19655
2025-09-15,5274,70663,Foreign_Investor,116449
2025-09-15,5274,0,Foreign_Dealer_Self,0
2025-09-15,5274,28000,Investment_Trust,3500
2025-09-15,5274,1000,Dealer_self,6400
2025-09-15,5274,3340,Dealer_Hedging,3821
2025-09-16,5274,178311,Foreign_Investor,104590
2025-09-16,5274,0,Foreign_Dealer_Self,0
2025-09-16,5274,26300,Investment_Trust,20000
2025-09-16,5274,448,Dealer_self,1000
2025-09-16,5274,11778,Dealer_Hedging,4829
2025-09-17,5274,86204,Foreign_Investor,179467
2025-09-17,5274,0,Foreign_Dealer_Self,0
2025-09-17,5274,2000,Investment_Trust,2000
2025-09-17,5274,46,Dealer_self,0
2025-09-17,5274,604,Dealer_Hedging,8023
2025-09-18,5274,230118,Foreign_Investor,172422
2025-09-18,5274,0,Foreign_Dealer_Self,0
2025-09-18,5274,44800,Investment_Trust,5000
2025-09-18,5274,13665,Dealer_self,2101
2025-09-18,5274,28023,Dealer_Hedging,16682
2025-09-19,5274,0,Foreign_Dealer_Self,0
2025-09-19,5274,8547,Dealer_self,5577
2025-09-19,5274,37628,Dealer_Hedging,38553
2025-09-19,5274,347224,Foreign_Investor,301150
2025-09-19,5274,43300,Investment_Trust,4120
2025-09-22,5274,141679,Foreign_Investor,304606
2025-09-22,5274,0,Foreign_Dealer_Self,0
2025-09-22,5274,7000,Investment_Trust,1100
2025-09-22,5274,9200,Dealer_self,13200
2025-09-22,5274,5273,Dealer_Hedging,11955
2025-09-23,5274,228265,Foreign_Investor,198289
2025-09-23,5274,0,Foreign_Dealer_Self,0
2025-09-23,5274,1000,Investment_Trust,24188
2025-09-23,5274,3424,Dealer_self,7
2025-09-23,5274,2019,Dealer_Hedging,2261
2025-09-24,5274,98091,Foreign_Investor,121058
2025-09-24,5274,0,Foreign_Dealer_Self,0
2025-09-24,5274,5034,Dealer_self,2705
2025-09-24,5274,5607,Dealer_Hedging,4639
2025-09-24,5274,41000,Investment_Trust,1000
2025-09-25,5274,0,Foreign_Dealer_Self,0
2025-09-25,5274,1200,Investment_Trust,18200
2025-09-25,5274,2700,Dealer_self,3993
2025-09-25,5274,4167,Dealer_Hedging,7552
2025-09-25,5274,130573,Foreign_Investor,153705
2025-09-26,5274,105137,Foreign_Investor,145223
2025-09-26,5274,0,Foreign_Dealer_Self,0
2025-09-26,5274,0,Investment_Trust,0
2025-09-26,5274,6000,Dealer_self,2900
2025-09-26,5274,5362,Dealer_Hedging,9603
2025-09-30,5274,274329,Foreign_Investor,313391
2025-09-30,5274,0,Foreign_Dealer_Self,0
2025-09-30,5274,41000,Investment_Trust,20000
2025-09-30,5274,6859,Dealer_self,4000
2025-09-30,5274,7168,Dealer_Hedging,1445
2025-10-01,5274,351017,Foreign_Investor,250771
2025-10-01,5274,0,Foreign_Dealer_Self,0
2025-10-01,5274,72000,Investment_Trust,20000
2025-10-01,5274,7708,Dealer_self,6333
2025-10-01,5274,27223,Dealer_Hedging,18734
2025-10-02,5274,444551,Foreign_Investor,367758
2025-10-02,5274,0,Foreign_Dealer_Self,0
2025-10-02,5274,5000,Investment_Trust,0
2025-10-02,5274,8200,Dealer_self,12729
2025-10-02,5274,9946,Dealer_Hedging,15292
2025-10-03,5274,125350,Foreign_Investor,142307
2025-10-03,5274,0,Foreign_Dealer_Self,0
2025-10-03,5274,6000,Investment_Trust,2200
2025-10-03,5274,2000,Dealer_self,1063
2025-10-03,5274,1409,Dealer_Hedging,2564
2025-10-07,5274,238301,Foreign_Investor,248759
2025-10-07,5274,0,Foreign_Dealer_Self,0
2025-10-07,5274,4000,Investment_Trust,5000
2025-10-07,5274,3300,Dealer_self,4247
2025-10-07,5274,2387,Dealer_Hedging,3519
2025-10-08,5274,0,Foreign_Dealer_Self,0
2025-10-08,5274,4000,Investment_Trust,1000
2025-10-08,5274,212,Dealer_self,4100
2025-10-08,5274,7697,Dealer_Hedging,5565
2025-10-08,5274,207124,Foreign_Investor,162220
2025-10-09,5274,192391,Foreign_Investor,146120
2025-10-09,5274,0,Foreign_Dealer_Self,0
2025-10-09,5274,1000,Investment_Trust,2100
2025-10-09,5274,1200,Dealer_self,4416
2025-10-09,5274,5315,Dealer_Hedging,9846
2025-10-13,5274,299927,Foreign_Investor,382285
2025-10-13,5274,0,Foreign_Dealer_Self,0
2025-10-13,5274,2000,Investment_Trust,2400
2025-10-13,5274,187,Dealer_self,3562
2025-10-13,5274,2921,Dealer_Hedging,4292
2025-10-14,5274,235899,Foreign_Investor,269477
2025-10-14,5274,0,Foreign_Dealer_Self,0
2025-10-14,5274,0,Investment_Trust,3100
2025-10-14,5274,2000,Dealer_self,6184
2025-10-14,5274,10100,Dealer_Hedging,13538
2025-10-15,5274,122505,Foreign_Investor,98173
2025-10-15,5274,0,Foreign_Dealer_Self,0
2025-10-15,5274,1000,Investment_Trust,368
2025-10-15,5274,2003,Dealer_self,2085
2025-10-15,5274,9308,Dealer_Hedging,2162
2025-10-16,5274,0,Foreign_Dealer_Self,0
2025-10-16,5274,0,Investment_Trust,1088
2025-10-16,5274,2668,Dealer_self,3010
2025-10-16,5274,2983,Dealer_Hedging,4671
2025-10-16,5274,210675,Foreign_Investor,194724
2025-10-17,5274,269656,Foreign_Investor,127563
2025-10-17,5274,0,Foreign_Dealer_Self,0
2025-10-17,5274,0,Investment_Trust,13250
2025-10-17,5274,0,Dealer_self,2201
2025-10-17,5274,1744,Dealer_Hedging,3785
2025-10-20,5274,143791,Foreign_Investor,265194
2025-10-20,5274,0,Foreign_Dealer_Self,0
2025-10-20,5274,7000,Dealer_self,145
2025-10-20,5274,10030,Dealer_Hedging,11671
2025-10-20,5274,17000,Investment_Trust,54700
2025-10-21,5274,224817,Foreign_Investor,171590
2025-10-21,5274,0,Foreign_Dealer_Self,0
2025-10-21,5274,19203,Dealer_self,95
2025-10-21,5274,3630,Dealer_Hedging,3980
2025-10-21,5274,5000,Investment_Trust,101000
2025-10-22,5274,92406,Foreign_Investor,101008
2025-10-22,5274,0,Foreign_Dealer_Self,0
2025-10-22,5274,0,Investment_Trust,9200
2025-10-22,5274,1012,Dealer_self,0
2025-10-22,5274,1156,Dealer_Hedging,1394
2025-10-23,5274,184774,Foreign_Investor,93492
2025-10-23,5274,0,Foreign_Dealer_Self,0
2025-10-23,5274,1910,Investment_Trust,23200
2025-10-23,5274,5200,Dealer_self,490
2025-10-23,5274,7539,Dealer_Hedging,4552
2025-10-27,5274,161826,Foreign_Investor,103264
2025-10-27,5274,0,Foreign_Dealer_Self,0
2025-10-27,5274,0,Investment_Trust,58200
2025-10-27,5274,21555,Dealer_self,1900
2025-10-27,5274,11818,Dealer_Hedging,11796
2025-10-28,5274,266285,Foreign_Investor,158925
2025-10-28,5274,0,Foreign_Dealer_Self,0
2025-10-28,5274,0,Investment_Trust,38500
2025-10-28,5274,46,Dealer_self,10300
2025-10-28,5274,8331,Dealer_Hedging,2880
2025-10-29,5274,0,Foreign_Dealer_Self,0
2025-10-29,5274,0,Investment_Trust,78600
2025-10-29,5274,8199,Dealer_self,7406
2025-10-29,5274,11278,Dealer_Hedging,14745
2025-10-29,5274,244782,Foreign_Investor,251859
2025-10-30,5274,146062,Foreign_Investor,96343
2025-10-30,5274,0,Foreign_Dealer_Self,0
2025-10-30,5274,3000,Investment_Trust,4600
2025-10-30,5274,117,Dealer_self,8000
2025-10-30,5274,5510,Dealer_Hedging,3401
2025-10-31,5274,189063,Foreign_Investor,131949
2025-10-31,5274,0,Foreign_Dealer_Self,0
2025-10-31,5274,78000,Investment_Trust,200
2025-10-31,5274,2749,Dealer_self,16300
2025-10-31,5274,12646,Dealer_Hedging,4113
2025-11-03,5274,225253,Foreign_Investor,164562
2025-11-03,5274,0,Foreign_Dealer_Self,0
2025-11-03,5274,3300,Dealer_self,3200
2025-11-03,5274,3961,Dealer_Hedging,12186
2025-11-03,5274,21000,Investment_Trust,67500
2025-11-04,5274,224764,Foreign_Investor,155700
2025-11-04,5274,0,Foreign_Dealer_Self,0
2025-11-04,5274,1000,Investment_Trust,2000
2025-11-04,5274,1401,Dealer_self,3123
2025-11-04,5274,742,Dealer_Hedging,339
2025-11-05,5274,0,Foreign_Dealer_Self,0
2025-11-05,5274,9135,Investment_Trust,3000
2025-11-05,5274,4632,Dealer_self,10459
2025-11-05,5274,9437,Dealer_Hedging,11786
2025-11-05,5274,308338,Foreign_Investor,441936
2025-11-06,5274,504626,Foreign_Investor,418792
2025-11-06,5274,0,Foreign_Dealer_Self,0
2025-11-06,5274,45000,Investment_Trust,0
2025-11-06,5274,5300,Dealer_self,16500
2025-11-06,5274,45650,Dealer_Hedging,43695
2025-11-07,5274,313559,Foreign_Investor,312524
2025-11-07,5274,0,Foreign_Dealer_Self,0
2025-11-07,5274,2000,Investment_Trust,4000
2025-11-07,5274,4061,Dealer_self,2700
2025-11-07,5274,3441,Dealer_Hedging,7838
2025-11-10,5274,175033,Foreign_Investor,186671
2025-11-10,5274,0,Foreign_Dealer_Self,0
2025-11-10,5274,2000,Investment_Trust,2000
2025-11-10,5274,5103,Dealer_self,1517
2025-11-10,5274,984,Dealer_Hedging,545
2025-11-11,5274,114879,Foreign_Investor,148388
2025-11-11,5274,0,Foreign_Dealer_Self,0
2025-11-11,5274,3000,Investment_Trust,6000
2025-11-11,5274,1100,Dealer_self,7356
2025-11-11,5274,2917,Dealer_Hedging,1195
2025-11-12,5274,288525,Foreign_Investor,219334
2025-11-12,5274,0,Foreign_Dealer_Self,0
2025-11-12,5274,2000,Investment_Trust,0
2025-11-12,5274,530,Dealer_self,10400
2025-11-12,5274,7283,Dealer_Hedging,4109
2025-11-13,5274,315045,Foreign_Investor,433239
2025-11-13,5274,0,Foreign_Dealer_Self,0
2025-11-13,5274,101500,Investment_Trust,1000
2025-11-13,5274,5944,Dealer_self,16345
2025-11-13,5274,24630,Dealer_Hedging,25633
2025-11-14,5274,203185,Foreign_Investor,242782
2025-11-14,5274,0,Foreign_Dealer_Self,0
2025-11-14,5274,43000,Investment_Trust,19000
2025-11-14,5274,5349,Dealer_self,5429
2025-11-14,5274,2622,Dealer_Hedging,12053
2025-11-17,5274,330424,Foreign_Investor,305905
2025-11-17,5274,0,Foreign_Dealer_Self,0
2025-11-17,5274,25000,Investment_Trust,27000
2025-11-17,5274,3163,Dealer_self,5121
2025-11-17,5274,6187,Dealer_Hedging,7406
2025-11-18,5274,453395,Foreign_Investor,524691
2025-11-18,5274,0,Foreign_Dealer_Self,0
2025-11-18,5274,106200,Investment_Trust,498
2025-11-18,5274,4000,Dealer_self,9318
2025-11-18,5274,13243,Dealer_Hedging,25505
2025-11-19,5274,344604,Foreign_Investor,380034
2025-11-19,5274,0,Foreign_Dealer_Self,0
2025-11-19,5274,51500,Investment_Trust,49000
2025-11-19,5274,14021,Dealer_self,5316
2025-11-19,5274,6622,Dealer_Hedging,6454
2025-11-20,5274,254209,Foreign_Investor,343152
2025-11-20,5274,0,Foreign_Dealer_Self,0
2025-11-20,5274,63000,Investment_Trust,6160
2025-11-20,5274,3431,Dealer_self,7159
2025-11-20,5274,6628,Dealer_Hedging,6022
2025-11-21,5274,493011,Foreign_Investor,400584
2025-11-21,5274,0,Foreign_Dealer_Self,0
2025-11-21,5274,6000,Investment_Trust,21000
2025-11-21,5274,21227,Dealer_self,18208
2025-11-21,5274,6765,Dealer_Hedging,8541
2025-11-24,5274,0,Foreign_Dealer_Self,0
2025-11-24,5274,112685,Investment_Trust,8000
2025-11-24,5274,4814,Dealer_self,12078
2025-11-24,5274,11801,Dealer_Hedging,10760
2025-11-24,5274,2828981,Foreign_Investor,2835437
2025-11-25,5274,265706,Foreign_Investor,310939
2025-11-25,5274,0,Foreign_Dealer_Self,0
2025-11-25,5274,15000,Investment_Trust,2000
2025-11-25,5274,9000,Dealer_self,3000
2025-11-25,5274,5609,Dealer_Hedging,7413
2025-11-26,5274,208889,Foreign_Investor,233132
2025-11-26,5274,0,Foreign_Dealer_Self,0
2025-11-26,5274,27401,Investment_Trust,4000
2025-11-26,5274,300,Dealer_self,10400
2025-11-26,5274,5941,Dealer_Hedging,4837
2025-11-27,5274,105460,Foreign_Investor,112477
2025-11-27,5274,0,Foreign_Dealer_Self,0
2025-11-27,5274,3300,Dealer_self,0
2025-11-27,5274,1236,Dealer_Hedging,3827
2025-11-27,5274,1300,Investment_Trust,5100
2025-11-28,5274,141645,Foreign_Investor,258341
2025-11-28,5274,0,Foreign_Dealer_Self,0
2025-11-28,5274,54500,Investment_Trust,4000
2025-11-28,5274,4100,Dealer_self,6450
2025-11-28,5274,14124,Dealer_Hedging,7004
2025-12-01,5274,186673,Foreign_Investor,302310
2025-12-01,5274,0,Foreign_Dealer_Self,0
2025-12-01,5274,76100,Investment_Trust,4000
2025-12-01,5274,21500,Dealer_self,10900
2025-12-01,5274,14650,Dealer_Hedging,20343
2025-12-02,5274,0,Foreign_Dealer_Self,0
2025-12-02,5274,33000,Investment_Trust,6000
2025-12-02,5274,10400,Dealer_self,3540
2025-12-02,5274,19782,Dealer_Hedging,17027
2025-12-02,5274,372329,Foreign_Investor,471451
2025-12-03,5274,261898,Foreign_Investor,338436
2025-12-03,5274,0,Foreign_Dealer_Self,0
2025-12-03,5274,18000,Investment_Trust,1000
2025-12-03,5274,8300,Dealer_self,0
2025-12-03,5274,14473,Dealer_Hedging,10436
2025-12-04,5274,256499,Foreign_Investor,300239
2025-12-04,5274,0,Foreign_Dealer_Self,0
2025-12-04,5274,15000,Investment_Trust,0
2025-12-04,5274,17400,Dealer_self,11100
2025-12-04,5274,18191,Dealer_Hedging,9995
2025-12-05,5274,0,Foreign_Dealer_Self,0
2025-12-05,5274,100000,Investment_Trust,0
2025-12-05,5274,4200,Dealer_self,16800
2025-12-05,5274,4189,Dealer_Hedging,2126
2025-12-05,5274,193653,Foreign_Investor,260410
2025-12-08,5274,206725,Foreign_Investor,252151
2025-12-08,5274,0,Foreign_Dealer_Self,0
2025-12-08,5274,61000,Investment_Trust,4000
2025-12-08,5274,11000,Dealer_self,7500
2025-12-08,5274,3091,Dealer_Hedging,4242
2025-12-09,5274,179592,Foreign_Investor,173398
2025-12-09,5274,0,Foreign_Dealer_Self,0
2025-12-09,5274,16000,Investment_Trust,2000
2025-12-09,5274,7797,Dealer_self,6900
2025-12-09,5274,4688,Dealer_Hedging,7193
2025-12-10,5274,204598,Foreign_Investor,197109
2025-12-10,5274,0,Foreign_Dealer_Self,0
2025-12-10,5274,23000,Investment_Trust,2001
2025-12-10,5274,4600,Dealer_self,5148
2025-12-10,5274,4969,Dealer_Hedging,3468
2025-12-11,5274,0,Foreign_Dealer_Self,0
2025-12-11,5274,17000,Investment_Trust,2080
2025-12-11,5274,2200,Dealer_self,7184
2025-12-11,5274,5704,Dealer_Hedging,6405
2025-12-11,5274,311759,Foreign_Investor,266085
2025-12-12,5274,145224,Foreign_Investor,208410
2025-12-12,5274,0,Foreign_Dealer_Self,0
2025-12-12,5274,15000,Investment_Trust,2000
2025-12-12,5274,4000,Dealer_self,4300
2025-12-12,5274,1778,Dealer_Hedging,5906
2025-12-15,5274,119778,Foreign_Investor,112285
2025-12-15,5274,0,Foreign_Dealer_Self,0
2025-12-15,5274,30000,Investment_Trust,26300
2025-12-15,5274,1500,Dealer_self,11340
2025-12-15,5274,3546,Dealer_Hedging,2144
2025-12-16,5274,372007,Foreign_Investor,500688
2025-12-16,5274,0,Foreign_Dealer_Self,0
2025-12-16,5274,108483,Investment_Trust,24000
2025-12-16,5274,8000,Dealer_self,6500
2025-12-16,5274,9193,Dealer_Hedging,6901
2025-12-17,5274,0,Foreign_Dealer_Self,0
2025-12-17,5274,23000,Investment_Trust,0
2025-12-17,5274,3000,Dealer_self,400
2025-12-17,5274,16418,Dealer_Hedging,7735
2025-12-17,5274,176807,Foreign_Investor,239830
2025-12-18,5274,205519,Foreign_Investor,168769
2025-12-18,5274,0,Foreign_Dealer_Self,0
2025-12-18,5274,49000,Investment_Trust,1000
2025-12-18,5274,7286,Dealer_self,1500
2025-12-18,5274,8528,Dealer_Hedging,3303
2025-12-19,5274,0,Foreign_Dealer_Self,0
2025-12-19,5274,22000,Investment_Trust,600
2025-12-19,5274,9949,Dealer_self,2301
2025-12-19,5274,8361,Dealer_Hedging,6825
2025-12-19,5274,235805,Foreign_Investor,272103
2025-12-22,5274,216570,Foreign_Investor,113763
2025-12-22,5274,0,Foreign_Dealer_Self,0
2025-12-22,5274,1000,Investment_Trust,15000
2025-12-22,5274,4300,Dealer_self,5654
2025-12-22,5274,2991,Dealer_Hedging,3954
2025-12-23,5274,160898,Foreign_Investor,89510
2025-12-23,5274,0,Foreign_Dealer_Self,0
2025-12-23,5274,6000,Investment_Trust,1100
2025-12-23,5274,1000,Dealer_self,3100
2025-12-23,5274,4742,Dealer_Hedging,8098
2025-12-24,5274,66536,Foreign_Investor,103710
2025-12-24,5274,0,Foreign_Dealer_Self,0
2025-12-24,5274,0,Investment_Trust,2001
2025-12-24,5274,1100,Dealer_self,1000
2025-12-24,5274,384,Dealer_Hedging,1150
2025-12-26,5274,34750,Foreign_Investor,78614
2025-12-26,5274,0,Foreign_Dealer_Self,0
2025-12-26,5274,22000,Investment_Trust,1000
2025-12-26,5274,1695,Dealer_self,4300
2025-12-26,5274,7104,Dealer_Hedging,6006
2025-12-29,5274,104982,Foreign_Investor,119330
2025-12-29,5274,0,Foreign_Dealer_Self,0
2025-12-29,5274,5200,Investment_Trust,1700
2025-12-29,5274,1684,Dealer_self,4400
2025-12-29,5274,14266,Dealer_Hedging,7195
2025-12-30,5274,254054,Foreign_Investor,238849
2025-12-30,5274,0,Foreign_Dealer_Self,0
2025-12-30,5274,22000,Investment_Trust,7014
2025-12-30,5274,10625,Dealer_self,20505
2025-12-30,5274,19745,Dealer_Hedging,23049
2025-12-31,5274,85039,Foreign_Investor,122086
2025-12-31,5274,0,Foreign_Dealer_Self,0
2025-12-31,5274,9000,Investment_Trust,31728
2025-12-31,5274,12600,Dealer_self,6440
2025-12-31,5274,9068,Dealer_Hedging,7724
2026-01-02,5274,68125,Foreign_Investor,77707
2026-01-02,5274,0,Foreign_Dealer_Self,0
2026-01-02,5274,20000,Investment_Trust,2100
2026-01-02,5274,5300,Dealer_self,2800
2026-01-02,5274,2359,Dealer_Hedging,905
2026-01-05,5274,126431,Foreign_Investor,180244
2026-01-05,5274,0,Foreign_Dealer_Self,0
2026-01-05,5274,1000,Investment_Trust,23117
2026-01-05,5274,5440,Dealer_self,1400
2026-01-05,5274,11299,Dealer_Hedging,8316
2026-01-06,5274,296186,Foreign_Investor,275707
2026-01-06,5274,0,Foreign_Dealer_Self,0
2026-01-06,5274,3002,Investment_Trust,7237
2026-01-06,5274,4300,Dealer_self,3107
2026-01-06,5274,7479,Dealer_Hedging,10249
2026-01-07,5274,236490,Foreign_Investor,265679
2026-01-07,5274,0,Foreign_Dealer_Self,0
2026-01-07,5274,5002,Investment_Trust,2014
2026-01-07,5274,4000,Dealer_self,13300
2026-01-07,5274,13122,Dealer_Hedging,8827
2026-01-08,5274,160118,Foreign_Investor,200880
2026-01-08,5274,0,Foreign_Dealer_Self,0
2026-01-08,5274,1000,Investment_Trust,1015
2026-01-08,5274,6516,Dealer_self,14400
2026-01-08,5274,5396,Dealer_Hedging,11528
2026-01-09,5274,0,Foreign_Dealer_Self,0
2026-01-09,5274,42000,Investment_Trust,2030
2026-01-09,5274,1517,Dealer_self,1007
2026-01-09,5274,6858,Dealer_Hedging,8558
2026-01-09,5274,180335,Foreign_Investor,212488
2026-01-12,5274,176226,Foreign_Investor,210968
2026-01-12,5274,0,Foreign_Dealer_Self,0
2026-01-12,5274,55701,Investment_Trust,1014
2026-01-12,5274,1480,Dealer_self,2759
2026-01-12,5274,8924,Dealer_Hedging,6725
2026-01-13,5274,0,Foreign_Dealer_Self,0
2026-01-13,5274,2000,Investment_Trust,1029
2026-01-13,5274,70,Dealer_self,2087
2026-01-13,5274,3763,Dealer_Hedging,10469
2026-01-13,5274,153665,Foreign_Investor,152306
2026-01-14,5274,152701,Foreign_Investor,217789
2026-01-14,5274,0,Foreign_Dealer_Self,0
2026-01-14,5274,57000,Investment_Trust,1029
2026-01-14,5274,3100,Dealer_self,1837
2026-01-14,5274,2297,Dealer_Hedging,5410
2026-01-15,5274,240176,Foreign_Investor,241663
2026-01-15,5274,0,Foreign_Dealer_Self,0
2026-01-15,5274,45200,Investment_Trust,9015
2026-01-15,5274,2080,Dealer_self,5000
2026-01-15,5274,6325,Dealer_Hedging,16702
2026-01-16,5274,0,Foreign_Dealer_Self,0
2026-01-16,5274,11000,Investment_Trust,29
2026-01-16,5274,2030,Dealer_self,1000
2026-01-16,5274,9080,Dealer_Hedging,5804
2026-01-16,5274,70996,Foreign_Investor,157212
2026-01-19,5274,92718,Foreign_Investor,93432
2026-01-19,5274,0,Foreign_Dealer_Self,0
2026-01-19,5274,8000,Investment_Trust,175
2026-01-19,5274,1110,Dealer_self,1000
2026-01-19,5274,3246,Dealer_Hedging,1875
2026-01-20,5274,0,Foreign_Dealer_Self,0
2026-01-20,5274,27000,Investment_Trust,1030
2026-01-20,5274,2430,Dealer_self,0
2026-01-20,5274,10066,Dealer_Hedging,9120
2026-01-20,5274,78501,Foreign_Investor,168852
2026-01-21,5274,0,Foreign_Dealer_Self,0
2026-01-21,5274,4000,Investment_Trust,1000
2026-01-21,5274,4130,Dealer_self,0
2026-01-21,5274,19272,Dealer_Hedging,18014
2026-01-21,5274,163680,Foreign_Investor,231866
2026-01-22,5274,215157,Foreign_Investor,197056
2026-01-22,5274,0,Foreign_Dealer_Self,0
2026-01-22,5274,15000,Investment_Trust,1014
2026-01-22,5274,2040,Dealer_self,0
2026-01-22,5274,9980,Dealer_Hedging,6085
2026-01-23,5274,238025,Foreign_Investor,199339
2026-01-23,5274,0,Foreign_Dealer_Self,0
2026-01-23,5274,24000,Investment_Trust,1000
2026-01-23,5274,6350,Dealer_self,5000
2026-01-23,5274,6059,Dealer_Hedging,6786
2026-01-26,5274,104588,Foreign_Investor,136836
2026-01-26,5274,0,Foreign_Dealer_Self,0
2026-01-26,5274,18000,Investment_Trust,2014
2026-01-26,5274,115,Dealer_self,1000
2026-01-26,5274,2724,Dealer_Hedging,2989
2026-01-27,5274,0,Foreign_Dealer_Self,0
2026-01-27,5274,8000,Investment_Trust,2000
2026-01-27,5274,1220,Dealer_self,20
2026-01-27,5274,3506,Dealer_Hedging,1735
2026-01-27,5274,130102,Foreign_Investor,189512
2026-01-28,5274,185386,Foreign_Investor,208596
2026-01-28,5274,0,Foreign_Dealer_Self,0
2026-01-28,5274,20000,Investment_Trust,4000
2026-01-28,5274,3180,Dealer_self,3000
2026-01-28,5274,4022,Dealer_Hedging,900
2026-01-29,5274,266626,Foreign_Investor,191630
2026-01-29,5274,0,Foreign_Dealer_Self,0
2026-01-29,5274,65051,Investment_Trust,0
2026-01-29,5274,250,Dealer_self,3000
2026-01-29,5274,15184,Dealer_Hedging,11864
2026-01-30,5274,112465,Foreign_Investor,226235
2026-01-30,5274,0,Foreign_Dealer_Self,0
2026-01-30,5274,7500,Investment_Trust,1000
2026-01-30,5274,0,Dealer_self,0
2026-01-30,5274,3955,Dealer_Hedging,8300
2026-02-02,5274,169369,Foreign_Investor,187029
2026-02-02,5274,0,Foreign_Dealer_Self,0
2026-02-02,5274,30127,Investment_Trust,0
2026-02-02,5274,1000,Dealer_self,681
2026-02-02,5274,2499,Dealer_Hedging,2424
2026-02-03,5274,252882,Foreign_Investor,231817
2026-02-03,5274,0,Foreign_Dealer_Self,0
2026-02-03,5274,39163,Investment_Trust,14
2026-02-03,5274,6419,Dealer_self,4070
2026-02-03,5274,15056,Dealer_Hedging,13136
2026-02-04,5274,78594,Foreign_Investor,119490
2026-02-04,5274,0,Foreign_Dealer_Self,0
2026-02-04,5274,3063,Investment_Trust,1000
2026-02-04,5274,15,Dealer_self,0
2026-02-04,5274,3063,Dealer_Hedging,6135
2026-02-05,5274,164863,Foreign_Investor,302887
2026-02-05,5274,0,Foreign_Dealer_Self,0
2026-02-05,5274,6763,Investment_Trust,1000
2026-02-05,5274,3050,Dealer_self,2000
2026-02-05,5274,10036,Dealer_Hedging,7685
2026-02-06,5274,209627,Foreign_Investor,242515
2026-02-06,5274,0,Foreign_Dealer_Self,0
2026-02-06,5274,8000,Investment_Trust,15
2026-02-06,5274,85,Dealer_self,100
2026-02-06,5274,8987,Dealer_Hedging,6482
2026-02-09,5274,158144,Foreign_Investor,107670
2026-02-09,5274,0,Foreign_Dealer_Self,0
2026-02-09,5274,4626,Investment_Trust,0
2026-02-09,5274,1000,Dealer_self,10
2026-02-09,5274,8797,Dealer_Hedging,4937
2026-02-10,5274,147913,Foreign_Investor,135865
2026-02-10,5274,0,Foreign_Dealer_Self,0
2026-02-10,5274,6500,Investment_Trust,47000
2026-02-10,5274,3000,Dealer_self,30
2026-02-10,5274,10337,Dealer_Hedging,7223
2026-02-11,5274,161932,Foreign_Investor,93461
2026-02-11,5274,0,Foreign_Dealer_Self,0
2026-02-11,5274,1000,Investment_Trust,0
2026-02-11,5274,740,Dealer_self,1012
2026-02-11,5274,12294,Dealer_Hedging,12014
2026-02-23,5274,0,Foreign_Dealer_Self,0
2026-02-23,5274,4380,Investment_Trust,0
2026-02-23,5274,2000,Dealer_self,2630
2026-02-23,5274,5846,Dealer_Hedging,4365
2026-02-23,5274,238949,Foreign_Investor,263633
2026-02-24,5274,163991,Foreign_Investor,100177
2026-02-24,5274,0,Foreign_Dealer_Self,0
2026-02-24,5274,1356,Investment_Trust,61270
2026-02-24,5274,2265,Dealer_self,2000
2026-02-24,5274,3983,Dealer_Hedging,7199
2026-02-25,5274,232579,Foreign_Investor,250943
2026-02-25,5274,0,Foreign_Dealer_Self,0
2026-02-25,5274,2000,Investment_Trust,11350
2026-02-25,5274,6000,Dealer_self,4000
2026-02-25,5274,7561,Dealer_Hedging,6847
2026-02-26,5274,448713,Foreign_Investor,390563
2026-02-26,5274,0,Foreign_Dealer_Self,0
2026-02-26,5274,1000,Dealer_self,50
2026-02-26,5274,11073,Dealer_Hedging,15635
2026-02-26,5274,50,Investment_Trust,98322
2026-03-02,5274,161550,Foreign_Investor,168382
2026-03-02,5274,0,Foreign_Dealer_Self,0
2026-03-02,5274,500,Investment_Trust,49000
2026-03-02,5274,1040,Dealer_self,1000
2026-03-02,5274,11304,Dealer_Hedging,11438
2026-03-03,5274,91318,Foreign_Investor,95332
2026-03-03,5274,0,Foreign_Dealer_Self,0
2026-03-03,5274,25,Investment_Trust,6000
2026-03-03,5274,2150,Dealer_self,7000
2026-03-03,5274,17637,Dealer_Hedging,13610
2026-03-04,5274,290186,Foreign_Investor,307457
2026-03-04,5274,0,Foreign_Dealer_Self,0
2026-03-04,5274,2000,Investment_Trust,6057
2026-03-04,5274,4110,Dealer_self,4000
2026-03-04,5274,27042,Dealer_Hedging,24381
2026-03-05,5274,267987,Foreign_Investor,104689
2026-03-05,5274,0,Foreign_Dealer_Self,0
2026-03-05,5274,1000,Investment_Trust,3000
2026-03-05,5274,5200,Dealer_self,6530
2026-03-05,5274,10378,Dealer_Hedging,2212
2026-03-06,5274,199479,Foreign_Investor,153645
2026-03-06,5274,0,Foreign_Dealer_Self,0
2026-03-06,5274,3000,Investment_Trust,1000
2026-03-06,5274,2026,Dealer_self,600
2026-03-06,5274,14340,Dealer_Hedging,7825
2026-03-09,5274,132079,Foreign_Investor,292138
2026-03-09,5274,0,Foreign_Dealer_Self,0
2026-03-09,5274,102000,Investment_Trust,1000
2026-03-09,5274,1700,Dealer_self,5540
2026-03-09,5274,13971,Dealer_Hedging,11023
2026-03-10,5274,191926,Foreign_Investor,117101
2026-03-10,5274,0,Foreign_Dealer_Self,0
2026-03-10,5274,4100,Investment_Trust,0
2026-03-10,5274,1205,Dealer_self,2000
2026-03-10,5274,9877,Dealer_Hedging,4117
2026-03-11,5274,0,Foreign_Dealer_Self,0
2026-03-11,5274,87170,Investment_Trust,30000
2026-03-11,5274,9750,Dealer_self,100
2026-03-11,5274,26978,Dealer_Hedging,26355
2026-03-11,5274,300285,Foreign_Investor,198650
2026-03-12,5274,179594,Foreign_Investor,189854
2026-03-12,5274,0,Foreign_Dealer_Self,0
2026-03-12,5274,83000,Investment_Trust,2000
2026-03-12,5274,2000,Dealer_self,6690
2026-03-12,5274,1631,Dealer_Hedging,2370
2026-03-13,5274,0,Foreign_Dealer_Self,0
2026-03-13,5274,8410,Dealer_self,400
2026-03-13,5274,11142,Dealer_Hedging,10442
2026-03-13,5274,274003,Foreign_Investor,314329
2026-03-13,5274,21000,Investment_Trust,2060
2026-03-16,5274,53130,Foreign_Investor,83398
2026-03-16,5274,0,Foreign_Dealer_Self,0
2026-03-16,5274,9001,Investment_Trust,4933
2026-03-16,5274,1000,Dealer_self,1100
2026-03-16,5274,3086,Dealer_Hedging,4887
2026-03-17,5274,150085,Foreign_Investor,218222
2026-03-17,5274,0,Foreign_Dealer_Self,0
2026-03-17,5274,127000,Investment_Trust,2000
2026-03-17,5274,4602,Dealer_self,3289
2026-03-17,5274,11801,Dealer_Hedging,11660
2026-03-18,5274,184196,Foreign_Investor,195486
2026-03-18,5274,0,Foreign_Dealer_Self,0
2026-03-18,5274,13000,Investment_Trust,4000
2026-03-18,5274,2030,Dealer_self,5750
2026-03-18,5274,10797,Dealer_Hedging,23993
2026-03-19,5274,154393,Foreign_Investor,172192
2026-03-19,5274,0,Foreign_Dealer_Self,0
2026-03-19,5274,6130,Investment_Trust,1000
2026-03-19,5274,226,Dealer_self,0
2026-03-19,5274,10927,Dealer_Hedging,12697
2026-03-20,5274,0,Foreign_Dealer_Self,0
2026-03-20,5274,8035,Investment_Trust,1074
2026-03-20,5274,2190,Dealer_self,40
2026-03-20,5274,12279,Dealer_Hedging,12803
2026-03-20,5274,146846,Foreign_Investor,183744
2026-03-23,5274,96021,Foreign_Investor,123057
2026-03-23,5274,0,Foreign_Dealer_Self,0
2026-03-23,5274,5000,Investment_Trust,2000
2026-03-23,5274,2200,Dealer_self,1070
2026-03-23,5274,4103,Dealer_Hedging,5528
2026-03-24,5274,0,Foreign_Dealer_Self,0
2026-03-24,5274,23100,Investment_Trust,5000
2026-03-24,5274,2163,Dealer_self,1716
2026-03-24,5274,8508,Dealer_Hedging,8285
2026-03-24,5274,268832,Foreign_Investor,289867
2026-03-25,5274,0,Foreign_Dealer_Self,0
2026-03-25,5274,33400,Investment_Trust,1000
2026-03-25,5274,100,Dealer_self,1020
2026-03-25,5274,4571,Dealer_Hedging,3749
2026-03-25,5274,189990,Foreign_Investor,166806
2026-03-26,5274,0,Foreign_Dealer_Self,0
2026-03-26,5274,25000,Investment_Trust,1115
2026-03-26,5274,2293,Dealer_self,3000
2026-03-26,5274,5696,Dealer_Hedging,2754
2026-03-26,5274,197847,Foreign_Investor,195935
2026-03-27,5274,163167,Foreign_Investor,196678
2026-03-27,5274,0,Foreign_Dealer_Self,0
2026-03-27,5274,0,Dealer_self,7000
2026-03-27,5274,3929,Dealer_Hedging,2476
2026-03-27,5274,15050,Investment_Trust,8181
2026-03-30,5274,247938,Foreign_Investor,246040
2026-03-30,5274,0,Foreign_Dealer_Self,0
2026-03-30,5274,30500,Investment_Trust,13009
2026-03-30,5274,0,Dealer_self,4200
2026-03-30,5274,5294,Dealer_Hedging,8075
2026-03-31,5274,0,Foreign_Dealer_Self,0
2026-03-31,5274,48000,Investment_Trust,2000
2026-03-31,5274,2,Dealer_self,428
2026-03-31,5274,7368,Dealer_Hedging,6308
2026-03-31,5274,253452,Foreign_Investor,306882
2026-04-01,5274,132983,Foreign_Investor,162930
2026-04-01,5274,0,Foreign_Dealer_Self,0
2026-04-01,5274,44700,Investment_Trust,1000
2026-04-01,5274,2340,Dealer_self,90
2026-04-01,5274,4531,Dealer_Hedging,3185
2026-04-02,5274,209499,Foreign_Investor,223245
2026-04-02,5274,0,Foreign_Dealer_Self,0
2026-04-02,5274,40000,Investment_Trust,2000
2026-04-02,5274,290,Dealer_self,2000
2026-04-02,5274,6665,Dealer_Hedging,8288
2026-04-07,5274,99756,Foreign_Investor,135825
2026-04-07,5274,0,Foreign_Dealer_Self,0
2026-04-07,5274,0,Dealer_self,1011
2026-04-07,5274,7591,Dealer_Hedging,5788
2026-04-07,5274,9100,Investment_Trust,1000
2026-04-08,5274,135540,Foreign_Investor,62644
2026-04-08,5274,0,Foreign_Dealer_Self,0
2026-04-08,5274,9027,Investment_Trust,3000
2026-04-08,5274,1000,Dealer_self,20
2026-04-08,5274,8026,Dealer_Hedging,7044
2026-04-09,5274,241241,Foreign_Investor,245734
2026-04-09,5274,0,Foreign_Dealer_Self,0
2026-04-09,5274,19000,Investment_Trust,7000
2026-04-09,5274,1100,Dealer_self,4000
2026-04-09,5274,6483,Dealer_Hedging,11490
2026-04-10,5274,226059,Foreign_Investor,320511
2026-04-10,5274,0,Foreign_Dealer_Self,0
2026-04-10,5274,5015,Dealer_self,2100
2026-04-10,5274,7953,Dealer_Hedging,7113
2026-04-10,5274,300,Investment_Trust,6060
2026-04-13,5274,79221,Foreign_Investor,148957
2026-04-13,5274,0,Foreign_Dealer_Self,0
2026-04-13,5274,7000,Investment_Trust,3060
2026-04-13,5274,1035,Dealer_self,0
2026-04-13,5274,17000,Dealer_Hedging,16051
2026-04-14,5274,0,Foreign_Dealer_Self,0
2026-04-14,5274,43192,Investment_Trust,2000
2026-04-14,5274,215,Dealer_self,1000
2026-04-14,5274,11603,Dealer_Hedging,7500
2026-04-14,5274,147710,Foreign_Investor,195319
2026-04-15,5274,0,Foreign_Dealer_Self,0
2026-04-15,5274,16602,Investment_Trust,4000
2026-04-15,5274,10,Dealer_self,2200
2026-04-15,5274,8761,Dealer_Hedging,16555
2026-04-15,5274,163229,Foreign_Investor,147983
2026-04-16,5274,86586,Foreign_Investor,209681
2026-04-16,5274,0,Foreign_Dealer_Self,0
2026-04-16,5274,22300,Investment_Trust,0
2026-04-16,5274,1476,Dealer_self,1000
2026-04-16,5274,8385,Dealer_Hedging,9444
2026-04-17,5274,142705,Foreign_Investor,263030
2026-04-17,5274,0,Foreign_Dealer_Self,0
2026-04-17,5274,20000,Investment_Trust,1078
2026-04-17,5274,2004,Dealer_self,2430
2026-04-17,5274,29605,Dealer_Hedging,26400
2026-04-20,5274,188585,Foreign_Investor,146650
2026-04-20,5274,0,Foreign_Dealer_Self,0
2026-04-20,5274,3358,Dealer_self,4000
2026-04-20,5274,8286,Dealer_Hedging,7891
2026-04-20,5274,22227,Investment_Trust,5400
2026-04-21,5274,0,Foreign_Dealer_Self,0
2026-04-21,5274,32140,Investment_Trust,19000
2026-04-21,5274,2693,Dealer_self,2851
2026-04-21,5274,24302,Dealer_Hedging,25832
2026-04-21,5274,254059,Foreign_Investor,258384
2026-04-22,5274,0,Foreign_Dealer_Self,0
2026-04-22,5274,1270,Investment_Trust,42000
2026-04-22,5274,3441,Dealer_self,1793
2026-04-22,5274,6518,Dealer_Hedging,9408
2026-04-22,5274,252561,Foreign_Investor,220362
2026-04-23,5274,237640,Foreign_Investor,295718
2026-04-23,5274,0,Foreign_Dealer_Self,0
2026-04-23,5274,10675,Investment_Trust,1000
2026-04-23,5274,6050,Dealer_self,2982
2026-04-23,5274,29953,Dealer_Hedging,31514
2026-04-24,5274,0,Foreign_Dealer_Self,0
2026-04-24,5274,25030,Investment_Trust,92000
2026-04-24,5274,200,Dealer_self,3127
2026-04-24,5274,13527,Dealer_Hedging,11901
2026-04-24,5274,371042,Foreign_Investor,265088
2026-04-27,5274,0,Foreign_Dealer_Self,0
2026-04-27,5274,22000,Investment_Trust,4055
2026-04-27,5274,2043,Dealer_self,3619
2026-04-27,5274,15646,Dealer_Hedging,15258
2026-04-27,5274,301060,Foreign_Investor,257709
2026-04-28,5274,0,Foreign_Dealer_Self,0
2026-04-28,5274,7300,Investment_Trust,1041
2026-04-28,5274,0,Dealer_self,1000
2026-04-28,5274,5097,Dealer_Hedging,4675
2026-04-28,5274,225832,Foreign_Investor,265034
2026-04-29,5274,183275,Foreign_Investor,191402
2026-04-29,5274,0,Foreign_Dealer_Self,0
2026-04-29,5274,69000,Investment_Trust,20075
2026-04-29,5274,0,Dealer_self,1000
2026-04-29,5274,1889,Dealer_Hedging,1540
2026-04-30,5274,133518,Foreign_Investor,174310
2026-04-30,5274,0,Foreign_Dealer_Self,0
2026-04-30,5274,69201,Investment_Trust,0
2026-04-30,5274,2071,Dealer_self,2020
2026-04-30,5274,23911,Dealer_Hedging,25253
2026-05-04,5274,0,Foreign_Dealer_Self,0
2026-05-04,5274,1384,Dealer_self,0
2026-05-04,5274,4661,Dealer_Hedging,3640
2026-05-04,5274,191664,Foreign_Investor,102928
2026-05-04,5274,17000,Investment_Trust,7165
2026-05-05,5274,0,Foreign_Dealer_Self,0
2026-05-05,5274,29000,Investment_Trust,6029
2026-05-05,5274,3000,Dealer_self,3049
2026-05-05,5274,5947,Dealer_Hedging,6372
2026-05-05,5274,177393,Foreign_Investor,213253
2026-05-06,5274,0,Foreign_Dealer_Self,0
2026-05-06,5274,26502,Investment_Trust,1000
2026-05-06,5274,1569,Dealer_self,2036
2026-05-06,5274,7439,Dealer_Hedging,6232
2026-05-06,5274,271797,Foreign_Investor,220312
2026-05-07,5274,0,Foreign_Dealer_Self,0
2026-05-07,5274,15060,Investment_Trust,7
2026-05-07,5274,4406,Dealer_self,4342
2026-05-07,5274,42596,Dealer_Hedging,45047
2026-05-07,5274,309097,Foreign_Investor,474499
2026-05-08,5274,0,Foreign_Dealer_Self,0
2026-05-08,5274,5500,Investment_Trust,5000
2026-05-08,5274,3064,Dealer_self,2063
2026-05-08,5274,27506,Dealer_Hedging,26131
2026-05-08,5274,254741,Foreign_Investor,353844
2026-05-11,5274,0,Foreign_Dealer_Self,0
2026-05-11,5274,13000,Investment_Trust,1014
2026-05-11,5274,200,Dealer_self,50
2026-05-11,5274,4223,Dealer_Hedging,3883
2026-05-11,5274,257062,Foreign_Investor,215469
2026-05-12,5274,154830,Foreign_Investor,189925
2026-05-12,5274,0,Foreign_Dealer_Self,0
2026-05-12,5274,57128,Investment_Trust,0
2026-05-12,5274,4373,Dealer_self,6070
2026-05-12,5274,12773,Dealer_Hedging,12417
2026-05-13,5274,147788,Foreign_Investor,145528
2026-05-13,5274,0,Foreign_Dealer_Self,0
2026-05-13,5274,63063,Investment_Trust,72060
2026-05-13,5274,9011,Dealer_self,9850
2026-05-13,5274,6014,Dealer_Hedging,6331
2026-05-14,5274,163470,Foreign_Investor,140732
2026-05-14,5274,0,Foreign_Dealer_Self,0
2026-05-14,5274,17000,Investment_Trust,7000
2026-05-14,5274,1287,Dealer_self,2020
2026-05-14,5274,7681,Dealer_Hedging,8812
2026-05-15,5274,142226,Foreign_Investor,154406
2026-05-15,5274,0,Foreign_Dealer_Self,0
2026-05-15,5274,10000,Investment_Trust,6016
2026-05-15,5274,529,Dealer_self,1000
2026-05-15,5274,14277,Dealer_Hedging,13541
2026-05-18,5274,0,Foreign_Dealer_Self,0
2026-05-18,5274,8000,Investment_Trust,132000
2026-05-18,5274,0,Dealer_self,435
2026-05-18,5274,40315,Dealer_Hedging,31965
2026-05-18,5274,336581,Foreign_Investor,210692
2026-05-19,5274,334221,Foreign_Investor,191854
2026-05-19,5274,0,Foreign_Dealer_Self,0
2026-05-19,5274,4059,Investment_Trust,123981
2026-05-19,5274,1000,Dealer_self,2934
2026-05-19,5274,6894,Dealer_Hedging,7332
2026-05-20,5274,183466,Foreign_Investor,137059
2026-05-20,5274,0,Foreign_Dealer_Self,0
2026-05-20,5274,5000,Investment_Trust,30650
2026-05-20,5274,1000,Dealer_self,330
2026-05-20,5274,7137,Dealer_Hedging,15792
2026-05-21,5274,210921,Foreign_Investor,150905
2026-05-21,5274,0,Foreign_Dealer_Self,0
2026-05-21,5274,210,Dealer_self,0
2026-05-21,5274,8227,Dealer_Hedging,7850
2026-05-21,5274,30000,Investment_Trust,51062
2026-05-22,5274,263135,Foreign_Investor,186621
2026-05-22,5274,0,Foreign_Dealer_Self,0
2026-05-22,5274,5000,Investment_Trust,40694
2026-05-22,5274,300,Dealer_self,0
2026-05-22,5274,6469,Dealer_Hedging,6502
2026-05-25,5274,0,Foreign_Dealer_Self,0
2026-05-25,5274,7000,Investment_Trust,13000
2026-05-25,5274,28,Dealer_self,1000
2026-05-25,5274,9342,Dealer_Hedging,9294
2026-05-25,5274,164300,Foreign_Investor,142927
2026-05-26,5274,0,Foreign_Dealer_Self,0
2026-05-26,5274,52,Dealer_self,1298
2026-05-26,5274,6868,Dealer_Hedging,7180
2026-05-26,5274,133353,Foreign_Investor,115636
2026-05-26,5274,6000,Investment_Trust,34303
2026-05-27,5274,0,Foreign_Dealer_Self,0
2026-05-27,5274,4021,Investment_Trust,23931
2026-05-27,5274,300,Dealer_self,300
2026-05-27,5274,40745,Dealer_Hedging,38634
2026-05-27,5274,242979,Foreign_Investor,119691
2026-05-28,5274,0,Foreign_Dealer_Self,0
2026-05-28,5274,11031,Investment_Trust,8050
2026-05-28,5274,100,Dealer_self,292
2026-05-28,5274,11894,Dealer_Hedging,11699
2026-05-28,5274,159365,Foreign_Investor,160920
2026-05-29,5274,0,Foreign_Dealer_Self,0
2026-05-29,5274,2150,Dealer_self,21
2026-05-29,5274,46179,Dealer_Hedging,45346
2026-05-29,5274,493358,Foreign_Investor,349541
2026-05-29,5274,20011,Investment_Trust,67380
2026-06-01,5274,142779,Foreign_Investor,213404
2026-06-01,5274,0,Foreign_Dealer_Self,0
2026-06-01,5274,9021,Investment_Trust,44500
2026-06-01,5274,0,Dealer_self,0
2026-06-01,5274,5425,Dealer_Hedging,7241
2026-06-02,5274,160984,Foreign_Investor,223969
2026-06-02,5274,0,Foreign_Dealer_Self,0
2026-06-02,5274,23039,Investment_Trust,6000
2026-06-02,5274,1087,Dealer_self,0
2026-06-02,5274,4898,Dealer_Hedging,5745
2026-06-03,5274,0,Foreign_Dealer_Self,0
2026-06-03,5274,6128,Investment_Trust,56000
2026-06-03,5274,1417,Dealer_self,2030
2026-06-03,5274,20674,Dealer_Hedging,16928
2026-06-03,5274,135402,Foreign_Investor,161740
2026-06-04,5274,112072,Foreign_Investor,82455
2026-06-04,5274,0,Foreign_Dealer_Self,0
2026-06-04,5274,13322,Investment_Trust,3000
2026-06-04,5274,30,Dealer_self,0
2026-06-04,5274,7352,Dealer_Hedging,5555
2026-06-05,5274,152938,Foreign_Investor,193838
2026-06-05,5274,0,Foreign_Dealer_Self,0
2026-06-05,5274,1110,Investment_Trust,12000
2026-06-05,5274,0,Dealer_self,2000
2026-06-05,5274,16386,Dealer_Hedging,18839
2026-06-08,5274,237076,Foreign_Investor,267616
2026-06-08,5274,0,Foreign_Dealer_Self,0
2026-06-08,5274,5900,Investment_Trust,26000
2026-06-08,5274,0,Dealer_self,325
2026-06-08,5274,13862,Dealer_Hedging,12851
2026-06-09,5274,142317,Foreign_Investor,166114
2026-06-09,5274,0,Foreign_Dealer_Self,0
2026-06-09,5274,100,Dealer_self,54
2026-06-09,5274,6733,Dealer_Hedging,5685
2026-06-09,5274,19580,Investment_Trust,6015
