date,stock_id,buy,name,sell
2024-06-03,6449,496000,Foreign_Investor,257000
2024-06-03,6449,0,Foreign_Dealer_Self,0
2024-06-03,6449,0,Investment_Trust,0
2024-06-03,6449,9000,Dealer_self,88121
2024-06-03,6449,0,Dealer_Hedging,0
2024-06-04,6449,415000,Foreign_Investor,341000
2024-06-04,6449,0,Foreign_Dealer_Self,0
2024-06-04,6449,0,Investment_Trust,0
2024-06-04,6449,44000,Dealer_self,26777
2024-06-04,6449,0,Dealer_Hedging,0
2024-06-05,6449,578000,Foreign_Investor,1417000
2024-06-05,6449,0,Foreign_Dealer_Self,0
2024-06-05,6449,0,Investment_Trust,0
2024-06-05,6449,8000,Dealer_self,35102
2024-06-05,6449,0,Dealer_Hedging,0
2024-06-06,6449,1435000,Foreign_Investor,1416000
2024-06-06,6449,0,Foreign_Dealer_Self,0
2024-06-06,6449,0,Investment_Trust,0
2024-06-06,6449,26000,Dealer_self,24061
2024-06-06,6449,0,Dealer_Hedging,0
2024-06-07,6449,296000,Foreign_Investor,462000
2024-06-07,6449,0,Foreign_Dealer_Self,0
2024-06-07,6449,0,Investment_Trust,0
2024-06-07,6449,7000,Dealer_self,3936
2024-06-07,6449,0,Dealer_Hedging,0
2024-06-11,6449,349000,Foreign_Investor,461000
2024-06-11,6449,0,Foreign_Dealer_Self,0
2024-06-11,6449,0,Investment_Trust,0
2024-06-11,6449,9000,Dealer_self,12893
2024-06-11,6449,0,Dealer_Hedging,0
2024-06-12,6449,315000,Foreign_Investor,126000
2024-06-12,6449,0,Foreign_Dealer_Self,0
2024-06-12,6449,0,Investment_Trust,0
2024-06-12,6449,4000,Dealer_self,41144
2024-06-12,6449,0,Dealer_Hedging,0
2024-06-13,6449,1181000,Foreign_Investor,226000
2024-06-13,6449,0,Foreign_Dealer_Self,0
2024-06-13,6449,0,Investment_Trust,0
2024-06-13,6449,90000,Dealer_self,198
2024-06-13,6449,0,Dealer_Hedging,0
2024-06-14,6449,1725000,Foreign_Investor,573000
2024-06-14,6449,0,Foreign_Dealer_Self,0
2024-06-14,6449,0,Investment_Trust,0
2024-06-14,6449,51000,Dealer_self,21768
2024-06-14,6449,0,Dealer_Hedging,0
2024-06-17,6449,495000,Foreign_Investor,165000
2024-06-17,6449,0,Foreign_Dealer_Self,0
2024-06-17,6449,0,Investment_Trust,0
2024-06-17,6449,11000,Dealer_self,0
2024-06-17,6449,0,Dealer_Hedging,0
2024-06-18,6449,2561000,Foreign_Investor,2269000
2024-06-18,6449,0,Foreign_Dealer_Self,0
2024-06-18,6449,0,Investment_Trust,0
2024-06-18,6449,283846,Dealer_self,190000
2024-06-18,6449,0,Dealer_Hedging,0
2024-06-19,6449,880035,Foreign_Investor,2306000
2024-06-19,6449,0,Foreign_Dealer_Self,0
2024-06-19,6449,0,Investment_Trust,0
2024-06-19,6449,51000,Dealer_self,95394
2024-06-19,6449,0,Dealer_Hedging,0
2024-06-20,6449,947000,Foreign_Investor,1036333
2024-06-20,6449,0,Foreign_Dealer_Self,0
2024-06-20,6449,745000,Investment_Trust,0
2024-06-20,6449,70000,Dealer_self,41610
2024-06-20,6449,0,Dealer_Hedging,0
2024-06-21,6449,2356000,Foreign_Investor,1783000
2024-06-21,6449,0,Foreign_Dealer_Self,0
2024-06-21,6449,28000,Investment_Trust,0
2024-06-21,6449,52301,Dealer_self,51390
2024-06-21,6449,10000,Dealer_Hedging,0
2024-06-24,6449,2095031,Foreign_Investor,2874000
2024-06-24,6449,0,Foreign_Dealer_Self,0
2024-06-24,6449,0,Investment_Trust,0
2024-06-24,6449,16000,Dealer_self,93301
2024-06-24,6449,0,Dealer_Hedging,0
2024-06-25,6449,1464000,Foreign_Investor,1786000
2024-06-25,6449,0,Foreign_Dealer_Self,0
2024-06-25,6449,160000,Investment_Trust,0
2024-06-25,6449,31345,Dealer_self,29452
2024-06-25,6449,0,Dealer_Hedging,20000
2024-06-26,6449,1288100,Foreign_Investor,1606000
2024-06-26,6449,0,Foreign_Dealer_Self,0
2024-06-26,6449,0,Investment_Trust,0
2024-06-26,6449,18000,Dealer_self,9345
2024-06-26,6449,0,Dealer_Hedging,5000
2024-06-27,6449,581000,Foreign_Investor,697000
2024-06-27,6449,0,Foreign_Dealer_Self,0
2024-06-27,6449,0,Investment_Trust,0
2024-06-27,6449,5000,Dealer_self,9812
2024-06-27,6449,0,Dealer_Hedging,0
2024-06-28,6449,902000,Foreign_Investor,796000
2024-06-28,6449,0,Foreign_Dealer_Self,0
2024-06-28,6449,0,Investment_Trust,0
2024-06-28,6449,8052,Dealer_self,7718
2024-06-28,6449,0,Dealer_Hedging,0
2024-07-01,6449,153000,Foreign_Investor,675000
2024-07-01,6449,0,Foreign_Dealer_Self,0
2024-07-01,6449,0,Investment_Trust,0
2024-07-01,6449,10000,Dealer_self,12522
2024-07-01,6449,30000,Dealer_Hedging,10000
2024-07-02,6449,338000,Foreign_Investor,463000
2024-07-02,6449,0,Foreign_Dealer_Self,0
2024-07-02,6449,0,Investment_Trust,0
2024-07-02,6449,18286,Dealer_self,28600
2024-07-02,6449,0,Dealer_Hedging,0
2024-07-03,6449,996000,Foreign_Investor,792000
2024-07-03,6449,0,Foreign_Dealer_Self,0
2024-07-03,6449,310000,Investment_Trust,0
2024-07-03,6449,73000,Dealer_self,10746
2024-07-03,6449,0,Dealer_Hedging,0
2024-07-04,6449,579000,Foreign_Investor,765000
2024-07-04,6449,0,Foreign_Dealer_Self,0
2024-07-04,6449,0,Investment_Trust,0
2024-07-04,6449,12000,Dealer_self,59655
2024-07-04,6449,0,Dealer_Hedging,0
2024-07-05,6449,853000,Foreign_Investor,988000
2024-07-05,6449,0,Foreign_Dealer_Self,0
2024-07-05,6449,250000,Investment_Trust,0
2024-07-05,6449,12000,Dealer_self,37489
2024-07-05,6449,0,Dealer_Hedging,0
2024-07-08,6449,1032000,Foreign_Investor,1126000
2024-07-08,6449,0,Foreign_Dealer_Self,0
2024-07-08,6449,0,Investment_Trust,0
2024-07-08,6449,9000,Dealer_self,15087
2024-07-08,6449,14932,Dealer_Hedging,0
2024-07-09,6449,895000,Foreign_Investor,983000
2024-07-09,6449,0,Foreign_Dealer_Self,0
2024-07-09,6449,0,Investment_Trust,0
2024-07-09,6449,6000,Dealer_self,7600
2024-07-09,6449,0,Dealer_Hedging,4541
2024-07-10,6449,802000,Foreign_Investor,353000
2024-07-10,6449,0,Foreign_Dealer_Self,0
2024-07-10,6449,0,Investment_Trust,0
2024-07-10,6449,0,Dealer_self,212
2024-07-10,6449,49550,Dealer_Hedging,2088
2024-07-11,6449,1457000,Foreign_Investor,1745000
2024-07-11,6449,0,Foreign_Dealer_Self,0
2024-07-11,6449,0,Investment_Trust,0
2024-07-11,6449,37000,Dealer_self,11047
2024-07-11,6449,158563,Dealer_Hedging,25934
2024-07-12,6449,1748000,Foreign_Investor,2075000
2024-07-12,6449,0,Foreign_Dealer_Self,0
2024-07-12,6449,0,Investment_Trust,0
2024-07-12,6449,189280,Dealer_self,17914
2024-07-12,6449,78090,Dealer_Hedging,47084
2024-07-15,6449,2847000,Foreign_Investor,1481031
2024-07-15,6449,0,Foreign_Dealer_Self,0
2024-07-15,6449,293000,Investment_Trust,0
2024-07-15,6449,0,Dealer_self,24026
2024-07-15,6449,54750,Dealer_Hedging,48895
2024-07-16,6449,3966100,Foreign_Investor,4514000
2024-07-16,6449,0,Foreign_Dealer_Self,0
2024-07-16,6449,1756000,Investment_Trust,0
2024-07-16,6449,47592,Dealer_self,5388
2024-07-16,6449,101740,Dealer_Hedging,100125
2024-07-17,6449,1820000,Foreign_Investor,2530100
2024-07-17,6449,0,Foreign_Dealer_Self,0
2024-07-17,6449,66000,Investment_Trust,0
2024-07-17,6449,15000,Dealer_self,104428
2024-07-17,6449,4000,Dealer_Hedging,99823
2024-07-18,6449,1536000,Foreign_Investor,1269000
2024-07-18,6449,0,Foreign_Dealer_Self,0
2024-07-18,6449,66000,Investment_Trust,0
2024-07-18,6449,15000,Dealer_self,26976
2024-07-18,6449,5000,Dealer_Hedging,12195
2024-07-19,6449,538000,Foreign_Investor,820000
2024-07-19,6449,0,Foreign_Dealer_Self,0
2024-07-19,6449,49000,Investment_Trust,0
2024-07-19,6449,4000,Dealer_self,47601
2024-07-19,6449,9000,Dealer_Hedging,3000
2024-07-22,6449,1037000,Foreign_Investor,591000
2024-07-22,6449,0,Foreign_Dealer_Self,0
2024-07-22,6449,185000,Investment_Trust,0
2024-07-22,6449,47596,Dealer_self,84363
2024-07-22,6449,10086,Dealer_Hedging,11172
2024-07-23,6449,473000,Foreign_Investor,661000
2024-07-23,6449,0,Foreign_Dealer_Self,0
2024-07-23,6449,30000,Investment_Trust,0
2024-07-23,6449,3006,Dealer_self,4714
2024-07-23,6449,0,Dealer_Hedging,12478
2024-07-26,6449,460333,Foreign_Investor,535000
2024-07-26,6449,0,Foreign_Dealer_Self,0
2024-07-26,6449,5000,Investment_Trust,0
2024-07-26,6449,10000,Dealer_self,32483
2024-07-26,6449,5000,Dealer_Hedging,12342
2024-07-29,6449,1020000,Foreign_Investor,611035
2024-07-29,6449,0,Foreign_Dealer_Self,0
2024-07-29,6449,0,Investment_Trust,54000
2024-07-29,6449,5000,Dealer_self,127482
2024-07-29,6449,100000,Dealer_Hedging,12142
2024-07-30,6449,1120000,Foreign_Investor,718000
2024-07-30,6449,0,Foreign_Dealer_Self,0
2024-07-30,6449,4000,Investment_Trust,0
2024-07-30,6449,0,Dealer_self,286
2024-07-30,6449,31987,Dealer_Hedging,107049
2024-07-31,6449,507000,Foreign_Investor,998000
2024-07-31,6449,0,Foreign_Dealer_Self,0
2024-07-31,6449,1000,Investment_Trust,0
2024-07-31,6449,5000,Dealer_self,5539
2024-07-31,6449,10000,Dealer_Hedging,21335
2024-08-01,6449,709000,Foreign_Investor,527000
2024-08-01,6449,0,Foreign_Dealer_Self,0
2024-08-01,6449,422000,Investment_Trust,0
2024-08-01,6449,0,Dealer_self,0
2024-08-01,6449,17999,Dealer_Hedging,8104
2024-08-02,6449,514000,Foreign_Investor,733000
2024-08-02,6449,0,Foreign_Dealer_Self,0
2024-08-02,6449,2000,Investment_Trust,0
2024-08-02,6449,6000,Dealer_self,12696
2024-08-02,6449,46000,Dealer_Hedging,24093
2024-08-05,6449,86200,Foreign_Investor,213000
2024-08-05,6449,0,Foreign_Dealer_Self,0
2024-08-05,6449,9000,Investment_Trust,63000
2024-08-05,6449,1000,Dealer_self,5196
2024-08-05,6449,120000,Dealer_Hedging,394
2024-08-06,6449,1037000,Foreign_Investor,1197000
2024-08-06,6449,0,Foreign_Dealer_Self,0
2024-08-06,6449,5000,Investment_Trust,592000
2024-08-06,6449,11000,Dealer_self,48642
2024-08-06,6449,1000,Dealer_Hedging,51310
2024-08-07,6449,795400,Foreign_Investor,487000
2024-08-07,6449,0,Foreign_Dealer_Self,0
2024-08-07,6449,0,Investment_Trust,1000
2024-08-07,6449,85000,Dealer_self,22518
2024-08-07,6449,13000,Dealer_Hedging,3000
2024-08-08,6449,1578000,Foreign_Investor,1271000
2024-08-08,6449,0,Foreign_Dealer_Self,0
2024-08-08,6449,0,Investment_Trust,0
2024-08-08,6449,45000,Dealer_self,23758
2024-08-08,6449,73161,Dealer_Hedging,93733
2024-08-09,6449,1022000,Foreign_Investor,1138000
2024-08-09,6449,0,Foreign_Dealer_Self,0
2024-08-09,6449,0,Investment_Trust,0
2024-08-09,6449,13000,Dealer_self,24496
2024-08-09,6449,17033,Dealer_Hedging,111056
2024-08-12,6449,446000,Foreign_Investor,320000
2024-08-12,6449,0,Foreign_Dealer_Self,0
2024-08-12,6449,0,Investment_Trust,0
2024-08-12,6449,3004,Dealer_self,6528
2024-08-12,6449,3872,Dealer_Hedging,28968
2024-08-13,6449,307000,Foreign_Investor,381000
2024-08-13,6449,0,Foreign_Dealer_Self,0
2024-08-13,6449,0,Investment_Trust,0
2024-08-13,6449,7000,Dealer_self,10018
2024-08-13,6449,7000,Dealer_Hedging,3000
2024-08-14,6449,302000,Foreign_Investor,383000
2024-08-14,6449,0,Foreign_Dealer_Self,0
2024-08-14,6449,0,Investment_Trust,0
2024-08-14,6449,7000,Dealer_self,3007
2024-08-14,6449,42000,Dealer_Hedging,5470
2024-08-15,6449,864000,Foreign_Investor,534000
2024-08-15,6449,0,Foreign_Dealer_Self,0
2024-08-15,6449,1000,Investment_Trust,0
2024-08-15,6449,113000,Dealer_self,6000
2024-08-15,6449,80714,Dealer_Hedging,10349
2024-08-16,6449,658000,Foreign_Investor,924000
2024-08-16,6449,0,Foreign_Dealer_Self,0
2024-08-16,6449,1000,Investment_Trust,0
2024-08-16,6449,90000,Dealer_self,32000
2024-08-16,6449,39830,Dealer_Hedging,19894
2024-08-19,6449,576000,Foreign_Investor,492000
2024-08-19,6449,0,Foreign_Dealer_Self,0
2024-08-19,6449,2000,Investment_Trust,0
2024-08-19,6449,18343,Dealer_self,5065
2024-08-19,6449,29000,Dealer_Hedging,20160
2024-08-20,6449,327000,Foreign_Investor,336052
2024-08-20,6449,0,Foreign_Dealer_Self,0
2024-08-20,6449,0,Investment_Trust,0
2024-08-20,6449,23000,Dealer_self,3378
2024-08-20,6449,9000,Dealer_Hedging,27000
2024-08-21,6449,776000,Foreign_Investor,508000
2024-08-21,6449,0,Foreign_Dealer_Self,0
2024-08-21,6449,0,Investment_Trust,0
2024-08-21,6449,37000,Dealer_self,72032
2024-08-21,6449,89560,Dealer_Hedging,11170
2024-08-22,6449,2092000,Foreign_Investor,3160000
2024-08-22,6449,0,Foreign_Dealer_Self,0
2024-08-22,6449,19000,Investment_Trust,0
2024-08-22,6449,251000,Dealer_self,141566
2024-08-22,6449,19000,Dealer_Hedging,98051
2024-08-23,6449,459000,Foreign_Investor,414000
2024-08-23,6449,0,Foreign_Dealer_Self,0
2024-08-23,6449,0,Investment_Trust,0
2024-08-23,6449,31000,Dealer_self,3260
2024-08-23,6449,20247,Dealer_Hedging,7359
2024-08-26,6449,630000,Foreign_Investor,683000
2024-08-26,6449,0,Foreign_Dealer_Self,0
2024-08-26,6449,0,Investment_Trust,0
2024-08-26,6449,67000,Dealer_self,40031
2024-08-26,6449,29000,Dealer_Hedging,3777
2024-08-27,6449,264000,Foreign_Investor,273000
2024-08-27,6449,0,Foreign_Dealer_Self,0
2024-08-27,6449,5000,Investment_Trust,0
2024-08-27,6449,47000,Dealer_self,1000
2024-08-27,6449,22000,Dealer_Hedging,16000
2024-08-28,6449,171000,Foreign_Investor,460000
2024-08-28,6449,0,Foreign_Dealer_Self,0
2024-08-28,6449,0,Investment_Trust,0
2024-08-28,6449,17000,Dealer_self,11819
2024-08-28,6449,8000,Dealer_Hedging,23000
2024-08-29,6449,618000,Foreign_Investor,299000
2024-08-29,6449,0,Foreign_Dealer_Self,0
2024-08-29,6449,0,Investment_Trust,0
2024-08-29,6449,17000,Dealer_self,52125
2024-08-29,6449,33616,Dealer_Hedging,6100
2024-08-30,6449,394000,Foreign_Investor,570000
2024-08-30,6449,0,Foreign_Dealer_Self,0
2024-08-30,6449,5000,Investment_Trust,0
2024-08-30,6449,15000,Dealer_self,11000
2024-08-30,6449,21000,Dealer_Hedging,32208
2024-09-02,6449,1555000,Foreign_Investor,1298000
2024-09-02,6449,0,Foreign_Dealer_Self,0
2024-09-02,6449,0,Investment_Trust,0
2024-09-02,6449,349000,Dealer_self,344280
2024-09-02,6449,121989,Dealer_Hedging,23267
2024-09-03,6449,357667,Foreign_Investor,1591517
2024-09-03,6449,0,Foreign_Dealer_Self,0
2024-09-03,6449,100000,Investment_Trust,0
2024-09-03,6449,43000,Dealer_self,5335
2024-09-03,6449,17000,Dealer_Hedging,92414
2024-09-04,6449,847000,Foreign_Investor,673000
2024-09-04,6449,0,Foreign_Dealer_Self,0
2024-09-04,6449,0,Investment_Trust,0
2024-09-04,6449,27000,Dealer_self,151519
2024-09-04,6449,28000,Dealer_Hedging,24583
2024-09-05,6449,234009,Foreign_Investor,402000
2024-09-05,6449,0,Foreign_Dealer_Self,0
2024-09-05,6449,0,Investment_Trust,1000
2024-09-05,6449,18000,Dealer_self,38909
2024-09-05,6449,10000,Dealer_Hedging,33517
2024-09-06,6449,447000,Foreign_Investor,255000
2024-09-06,6449,0,Foreign_Dealer_Self,0
2024-09-06,6449,0,Investment_Trust,0
2024-09-06,6449,26106,Dealer_self,5141
2024-09-06,6449,67997,Dealer_Hedging,9000
2024-09-09,6449,369000,Foreign_Investor,431000
2024-09-09,6449,0,Foreign_Dealer_Self,0
2024-09-09,6449,4000,Investment_Trust,0
2024-09-09,6449,4000,Dealer_self,23437
2024-09-09,6449,5000,Dealer_Hedging,30017
2024-09-10,6449,385061,Foreign_Investor,455000
2024-09-10,6449,0,Foreign_Dealer_Self,0
2024-09-10,6449,0,Investment_Trust,0
2024-09-10,6449,21000,Dealer_self,112116
2024-09-10,6449,16000,Dealer_Hedging,32058
2024-09-11,6449,165030,Foreign_Investor,334000
2024-09-11,6449,0,Foreign_Dealer_Self,0
2024-09-11,6449,6000,Investment_Trust,0
2024-09-11,6449,16000,Dealer_self,5209
2024-09-11,6449,0,Dealer_Hedging,27762
2024-09-12,6449,457000,Foreign_Investor,221000
2024-09-12,6449,0,Foreign_Dealer_Self,0
2024-09-12,6449,0,Investment_Trust,0
2024-09-12,6449,72000,Dealer_self,6099
2024-09-12,6449,21000,Dealer_Hedging,3000
2024-09-13,6449,233000,Foreign_Investor,252000
2024-09-13,6449,0,Foreign_Dealer_Self,0
2024-09-13,6449,0,Investment_Trust,0
2024-09-13,6449,38000,Dealer_self,12508
2024-09-13,6449,10000,Dealer_Hedging,14274
2024-09-16,6449,1069000,Foreign_Investor,292000
2024-09-16,6449,0,Foreign_Dealer_Self,0
2024-09-16,6449,0,Investment_Trust,0
2024-09-16,6449,50295,Dealer_self,12000
2024-09-16,6449,62009,Dealer_Hedging,8000
2024-09-18,6449,158000,Foreign_Investor,825000
2024-09-18,6449,0,Foreign_Dealer_Self,0
2024-09-18,6449,0,Investment_Trust,0
2024-09-18,6449,19000,Dealer_self,6013
2024-09-18,6449,4000,Dealer_Hedging,59934
2024-09-19,6449,714000,Foreign_Investor,259000
2024-09-19,6449,0,Foreign_Dealer_Self,0
2024-09-19,6449,0,Investment_Trust,0
2024-09-19,6449,2422,Dealer_self,61000
2024-09-19,6449,22679,Dealer_Hedging,15100
2024-09-20,6449,209000,Foreign_Investor,418000
2024-09-20,6449,0,Foreign_Dealer_Self,0
2024-09-20,6449,0,Investment_Trust,0
2024-09-20,6449,102000,Dealer_self,101023
2024-09-20,6449,7000,Dealer_Hedging,22137
2024-09-23,6449,96000,Foreign_Investor,195000
2024-09-23,6449,0,Foreign_Dealer_Self,0
2024-09-23,6449,2000,Investment_Trust,0
2024-09-23,6449,3000,Dealer_self,67272
2024-09-23,6449,28000,Dealer_Hedging,10165
2024-09-24,6449,96000,Foreign_Investor,313000
2024-09-24,6449,0,Foreign_Dealer_Self,0
2024-09-24,6449,1000,Investment_Trust,0
2024-09-24,6449,2001,Dealer_self,6580
2024-09-24,6449,13568,Dealer_Hedging,1307
2024-09-25,6449,989000,Foreign_Investor,400000
2024-09-25,6449,0,Foreign_Dealer_Self,0
2024-09-25,6449,75000,Investment_Trust,0
2024-09-25,6449,4000,Dealer_self,68014
2024-09-25,6449,48257,Dealer_Hedging,5981
2024-09-26,6449,309200,Foreign_Investor,624000
2024-09-26,6449,0,Foreign_Dealer_Self,0
2024-09-26,6449,0,Investment_Trust,0
2024-09-26,6449,6000,Dealer_self,11374
2024-09-26,6449,4000,Dealer_Hedging,33361
2024-09-27,6449,134207,Foreign_Investor,631000
2024-09-27,6449,0,Foreign_Dealer_Self,0
2024-09-27,6449,0,Investment_Trust,1000
2024-09-27,6449,6000,Dealer_self,6302
2024-09-27,6449,107000,Dealer_Hedging,20937
2024-09-30,6449,212000,Foreign_Investor,187100
2024-09-30,6449,0,Foreign_Dealer_Self,0
2024-09-30,6449,0,Investment_Trust,5000
2024-09-30,6449,2000,Dealer_self,613
2024-09-30,6449,1000,Dealer_Hedging,5188
2024-10-01,6449,190000,Foreign_Investor,303000
2024-10-01,6449,0,Foreign_Dealer_Self,0
2024-10-01,6449,0,Investment_Trust,0
2024-10-01,6449,12000,Dealer_self,42273
2024-10-01,6449,7000,Dealer_Hedging,18810
2024-10-04,6449,183100,Foreign_Investor,311000
2024-10-04,6449,0,Foreign_Dealer_Self,0
2024-10-04,6449,1000,Investment_Trust,0
2024-10-04,6449,13000,Dealer_self,16701
2024-10-04,6449,6000,Dealer_Hedging,8008
2024-10-07,6449,636000,Foreign_Investor,257000
2024-10-07,6449,0,Foreign_Dealer_Self,0
2024-10-07,6449,0,Investment_Trust,0
2024-10-07,6449,9000,Dealer_self,12819
2024-10-07,6449,29460,Dealer_Hedging,4000
2024-10-08,6449,697000,Foreign_Investor,277000
2024-10-08,6449,0,Foreign_Dealer_Self,0
2024-10-08,6449,1000,Investment_Trust,0
2024-10-08,6449,0,Dealer_self,87000
2024-10-08,6449,97255,Dealer_Hedging,10000
2024-10-09,6449,278000,Foreign_Investor,427000
2024-10-09,6449,0,Foreign_Dealer_Self,0
2024-10-09,6449,0,Investment_Trust,0
2024-10-09,6449,36000,Dealer_self,10071
2024-10-09,6449,7410,Dealer_Hedging,25000
2024-10-11,6449,435000,Foreign_Investor,148000
2024-10-11,6449,0,Foreign_Dealer_Self,0
2024-10-11,6449,3000,Investment_Trust,0
2024-10-11,6449,22000,Dealer_self,3392
2024-10-11,6449,22298,Dealer_Hedging,7225
2024-10-14,6449,1259000,Foreign_Investor,408000
2024-10-14,6449,0,Foreign_Dealer_Self,0
2024-10-14,6449,0,Investment_Trust,0
2024-10-14,6449,63000,Dealer_self,20000
2024-10-14,6449,102522,Dealer_Hedging,20774
2024-10-15,6449,391000,Foreign_Investor,521000
2024-10-15,6449,0,Foreign_Dealer_Self,0
2024-10-15,6449,0,Investment_Trust,0
2024-10-15,6449,4000,Dealer_self,19000
2024-10-15,6449,2000,Dealer_Hedging,51705
2024-10-16,6449,415000,Foreign_Investor,763000
2024-10-16,6449,0,Foreign_Dealer_Self,0
2024-10-16,6449,1000,Investment_Trust,405000
2024-10-16,6449,22000,Dealer_self,14124
2024-10-16,6449,12000,Dealer_Hedging,12058
2024-10-17,6449,377100,Foreign_Investor,575000
2024-10-17,6449,0,Foreign_Dealer_Self,0
2024-10-17,6449,2000,Investment_Trust,275000
2024-10-17,6449,8000,Dealer_self,35501
2024-10-17,6449,9000,Dealer_Hedging,13804
2024-10-18,6449,130000,Foreign_Investor,232000
2024-10-18,6449,0,Foreign_Dealer_Self,0
2024-10-18,6449,0,Investment_Trust,54000
2024-10-18,6449,11000,Dealer_self,7950
2024-10-18,6449,1000,Dealer_Hedging,18658
2024-10-21,6449,302000,Foreign_Investor,112000
2024-10-21,6449,0,Foreign_Dealer_Self,0
2024-10-21,6449,0,Investment_Trust,215000
2024-10-21,6449,15000,Dealer_self,42447
2024-10-21,6449,7743,Dealer_Hedging,0
2024-10-22,6449,255000,Foreign_Investor,109000
2024-10-22,6449,0,Foreign_Dealer_Self,0
2024-10-22,6449,3000,Investment_Trust,180000
2024-10-22,6449,1000,Dealer_self,4579
2024-10-22,6449,1000,Dealer_Hedging,5347
2024-10-23,6449,111000,Foreign_Investor,377000
2024-10-23,6449,0,Foreign_Dealer_Self,0
2024-10-23,6449,0,Investment_Trust,79000
2024-10-23,6449,3000,Dealer_self,5329
2024-10-23,6449,1000,Dealer_Hedging,4516
2024-10-24,6449,171000,Foreign_Investor,492000
2024-10-24,6449,0,Foreign_Dealer_Self,0
2024-10-24,6449,0,Investment_Trust,65000
2024-10-24,6449,20000,Dealer_self,108035
2024-10-24,6449,2000,Dealer_Hedging,20212
2024-10-25,6449,196000,Foreign_Investor,282000
2024-10-25,6449,0,Foreign_Dealer_Self,0
2024-10-25,6449,0,Investment_Trust,65000
2024-10-25,6449,7000,Dealer_self,8991
2024-10-25,6449,156000,Dealer_Hedging,3009
2024-10-28,6449,85100,Foreign_Investor,263000
2024-10-28,6449,0,Foreign_Dealer_Self,0
2024-10-28,6449,0,Investment_Trust,0
2024-10-28,6449,4000,Dealer_self,1725
2024-10-28,6449,0,Dealer_Hedging,5471
2024-10-29,6449,537200,Foreign_Investor,371000
2024-10-29,6449,0,Foreign_Dealer_Self,0
2024-10-29,6449,1000,Investment_Trust,0
2024-10-29,6449,23000,Dealer_self,23272
2024-10-29,6449,3000,Dealer_Hedging,175009
2024-10-30,6449,515000,Foreign_Investor,497896
2024-10-30,6449,0,Foreign_Dealer_Self,0
2024-10-30,6449,0,Investment_Trust,0
2024-10-30,6449,7000,Dealer_self,2675
2024-10-30,6449,23471,Dealer_Hedging,17039
2024-11-01,6449,260000,Foreign_Investor,182000
2024-11-01,6449,0,Foreign_Dealer_Self,0
2024-11-01,6449,0,Investment_Trust,0
2024-11-01,6449,19000,Dealer_self,0
2024-11-01,6449,7000,Dealer_Hedging,9998
2024-11-04,6449,145000,Foreign_Investor,162000
2024-11-04,6449,0,Foreign_Dealer_Self,0
2024-11-04,6449,0,Investment_Trust,0
2024-11-04,6449,0,Dealer_self,0
2024-11-04,6449,1000,Dealer_Hedging,14000
2024-11-05,6449,111000,Foreign_Investor,313000
2024-11-05,6449,0,Foreign_Dealer_Self,0
2024-11-05,6449,0,Investment_Trust,0
2024-11-05,6449,0,Dealer_self,1000
2024-11-05,6449,1000,Dealer_Hedging,0
2024-11-06,6449,329000,Foreign_Investor,249000
2024-11-06,6449,0,Foreign_Dealer_Self,0
2024-11-06,6449,0,Investment_Trust,0
2024-11-06,6449,2000,Dealer_self,1512
2024-11-06,6449,3000,Dealer_Hedging,1000
2024-11-07,6449,271000,Foreign_Investor,184000
2024-11-07,6449,0,Foreign_Dealer_Self,0
2024-11-07,6449,0,Investment_Trust,0
2024-11-07,6449,2000,Dealer_self,2109
2024-11-07,6449,7274,Dealer_Hedging,2000
2024-11-08,6449,175000,Foreign_Investor,130417
2024-11-08,6449,0,Foreign_Dealer_Self,0
2024-11-08,6449,0,Investment_Trust,0
2024-11-08,6449,0,Dealer_self,0
2024-11-08,6449,1000,Dealer_Hedging,80413
2024-11-11,6449,143000,Foreign_Investor,70000
2024-11-11,6449,0,Foreign_Dealer_Self,0
2024-11-11,6449,0,Investment_Trust,0
2024-11-11,6449,1000,Dealer_self,0
2024-11-11,6449,1000,Dealer_Hedging,85000
2024-11-12,6449,87000,Foreign_Investor,153000
2024-11-12,6449,0,Foreign_Dealer_Self,0
2024-11-12,6449,0,Investment_Trust,0
2024-11-12,6449,0,Dealer_self,20199
2024-11-12,6449,3000,Dealer_Hedging,92301
2024-11-13,6449,137000,Foreign_Investor,81000
2024-11-13,6449,0,Foreign_Dealer_Self,0
2024-11-13,6449,1000,Investment_Trust,0
2024-11-13,6449,1,Dealer_self,14018
2024-11-13,6449,11555,Dealer_Hedging,65000
2024-11-14,6449,179000,Foreign_Investor,206000
2024-11-14,6449,0,Foreign_Dealer_Self,0
2024-11-14,6449,0,Investment_Trust,0
2024-11-14,6449,0,Dealer_self,5001
2024-11-14,6449,0,Dealer_Hedging,8327
2024-11-15,6449,301000,Foreign_Investor,78000
2024-11-15,6449,0,Foreign_Dealer_Self,0
2024-11-15,6449,0,Investment_Trust,0
2024-11-15,6449,0,Dealer_self,266
2024-11-15,6449,4290,Dealer_Hedging,10000
2024-11-18,6449,68000,Foreign_Investor,177000
2024-11-18,6449,0,Foreign_Dealer_Self,0
2024-11-18,6449,0,Investment_Trust,0
2024-11-18,6449,3000,Dealer_self,2461
2024-11-18,6449,0,Dealer_Hedging,21161
2024-11-19,6449,173000,Foreign_Investor,80000
2024-11-19,6449,0,Foreign_Dealer_Self,0
2024-11-19,6449,0,Investment_Trust,0
2024-11-19,6449,1131,Dealer_self,0
2024-11-19,6449,1000,Dealer_Hedging,4000
2024-11-20,6449,63000,Foreign_Investor,112000
2024-11-20,6449,0,Foreign_Dealer_Self,0
2024-11-20,6449,0,Investment_Trust,0
2024-11-20,6449,3000,Dealer_self,1001
2024-11-20,6449,0,Dealer_Hedging,2000
2024-11-21,6449,104000,Foreign_Investor,59000
2024-11-21,6449,0,Foreign_Dealer_Self,0
2024-11-21,6449,1000,Investment_Trust,0
2024-11-21,6449,0,Dealer_self,72
2024-11-21,6449,3270,Dealer_Hedging,0
2024-11-22,6449,86000,Foreign_Investor,46000
2024-11-22,6449,0,Foreign_Dealer_Self,0
2024-11-22,6449,0,Investment_Trust,0
2024-11-22,6449,10000,Dealer_self,0
2024-11-22,6449,1000,Dealer_Hedging,4011
2024-11-25,6449,189000,Foreign_Investor,51000
2024-11-25,6449,0,Foreign_Dealer_Self,0
2024-11-25,6449,0,Investment_Trust,0
2024-11-25,6449,17000,Dealer_self,11000
2024-11-25,6449,1255,Dealer_Hedging,0
2024-11-26,6449,33000,Foreign_Investor,79000
2024-11-26,6449,0,Foreign_Dealer_Self,0
2024-11-26,6449,0,Investment_Trust,0
2024-11-26,6449,6000,Dealer_self,0
2024-11-26,6449,1000,Dealer_Hedging,648
2024-11-27,6449,21000,Foreign_Investor,80000
2024-11-27,6449,0,Foreign_Dealer_Self,0
2024-11-27,6449,0,Investment_Trust,0
2024-11-27,6449,0,Dealer_self,11009
2024-11-27,6449,0,Dealer_Hedging,2576
2024-11-28,6449,198003,Foreign_Investor,176000
2024-11-28,6449,0,Foreign_Dealer_Self,0
2024-11-28,6449,0,Investment_Trust,0
2024-11-28,6449,3000,Dealer_self,3194
2024-11-28,6449,0,Dealer_Hedging,12829
2024-11-29,6449,165047,Foreign_Investor,91000
2024-11-29,6449,0,Foreign_Dealer_Self,0
2024-11-29,6449,1000,Investment_Trust,0
2024-11-29,6449,2000,Dealer_self,4152
2024-11-29,6449,2000,Dealer_Hedging,151000
2024-12-02,6449,286000,Foreign_Investor,115000
2024-12-02,6449,0,Foreign_Dealer_Self,0
2024-12-02,6449,0,Investment_Trust,0
2024-12-02,6449,16030,Dealer_self,722
2024-12-02,6449,17081,Dealer_Hedging,151685
2024-12-03,6449,101000,Foreign_Investor,95000
2024-12-03,6449,0,Foreign_Dealer_Self,0
2024-12-03,6449,0,Investment_Trust,0
2024-12-03,6449,0,Dealer_self,1471
2024-12-03,6449,0,Dealer_Hedging,128451
2024-12-04,6449,578000,Foreign_Investor,328000
2024-12-04,6449,0,Foreign_Dealer_Self,0
2024-12-04,6449,0,Investment_Trust,0
2024-12-04,6449,5000,Dealer_self,4553
2024-12-04,6449,40996,Dealer_Hedging,80000
2024-12-05,6449,244000,Foreign_Investor,247000
2024-12-05,6449,0,Foreign_Dealer_Self,0
2024-12-05,6449,0,Investment_Trust,0
2024-12-05,6449,0,Dealer_self,0
2024-12-05,6449,3000,Dealer_Hedging,17090
2024-12-06,6449,158000,Foreign_Investor,121000
2024-12-06,6449,0,Foreign_Dealer_Self,0
2024-12-06,6449,0,Investment_Trust,0
2024-12-06,6449,1285,Dealer_self,5719
2024-12-06,6449,0,Dealer_Hedging,11065
2024-12-09,6449,75000,Foreign_Investor,113000
2024-12-09,6449,0,Foreign_Dealer_Self,0
2024-12-09,6449,0,Investment_Trust,0
2024-12-09,6449,3000,Dealer_self,12309
2024-12-09,6449,0,Dealer_Hedging,2348
2024-12-10,6449,28000,Foreign_Investor,114000
2024-12-10,6449,0,Foreign_Dealer_Self,0
2024-12-10,6449,0,Investment_Trust,0
2024-12-10,6449,1000,Dealer_self,1059
2024-12-10,6449,0,Dealer_Hedging,51183
2024-12-11,6449,70000,Foreign_Investor,142000
2024-12-11,6449,0,Foreign_Dealer_Self,0
2024-12-11,6449,0,Investment_Trust,0
2024-12-11,6449,14000,Dealer_self,2518
2024-12-11,6449,80000,Dealer_Hedging,2173
2024-12-12,6449,175000,Foreign_Investor,147000
2024-12-12,6449,0,Foreign_Dealer_Self,0
2024-12-12,6449,0,Investment_Trust,0
2024-12-12,6449,0,Dealer_self,0
2024-12-12,6449,86054,Dealer_Hedging,1000
2024-12-13,6449,56010,Foreign_Investor,510000
2024-12-13,6449,0,Foreign_Dealer_Self,0
2024-12-13,6449,0,Investment_Trust,0
2024-12-13,6449,2000,Dealer_self,3935
2024-12-13,6449,0,Dealer_Hedging,12515
2024-12-16,6449,221010,Foreign_Investor,806000
2024-12-16,6449,0,Foreign_Dealer_Self,0
2024-12-16,6449,0,Investment_Trust,0
2024-12-16,6449,11000,Dealer_self,11277
2024-12-16,6449,5000,Dealer_Hedging,7944
2024-12-17,6449,144000,Foreign_Investor,128000
2024-12-17,6449,0,Foreign_Dealer_Self,0
2024-12-17,6449,0,Investment_Trust,0
2024-12-17,6449,1000,Dealer_self,1
2024-12-17,6449,4562,Dealer_Hedging,3000
2024-12-18,6449,35000,Foreign_Investor,69000
2024-12-18,6449,0,Foreign_Dealer_Self,0
2024-12-18,6449,1000,Investment_Trust,0
2024-12-18,6449,0,Dealer_self,2049
2024-12-18,6449,0,Dealer_Hedging,3000
2024-12-19,6449,123000,Foreign_Investor,82000
2024-12-19,6449,0,Foreign_Dealer_Self,0
2024-12-19,6449,0,Investment_Trust,0
2024-12-19,6449,1000,Dealer_self,1337
2024-12-19,6449,1000,Dealer_Hedging,9053
2024-12-20,6449,15000,Foreign_Investor,93000
2024-12-20,6449,0,Foreign_Dealer_Self,0
2024-12-20,6449,0,Investment_Trust,0
2024-12-20,6449,1000,Dealer_self,14397
2024-12-20,6449,0,Dealer_Hedging,6000
2024-12-23,6449,79000,Foreign_Investor,29000
2024-12-23,6449,0,Foreign_Dealer_Self,0
2024-12-23,6449,0,Investment_Trust,0
2024-12-23,6449,3000,Dealer_self,2164
2024-12-23,6449,5554,Dealer_Hedging,1000
2024-12-24,6449,73000,Foreign_Investor,74000
2024-12-24,6449,0,Foreign_Dealer_Self,0
2024-12-24,6449,0,Investment_Trust,0
2024-12-24,6449,2000,Dealer_self,329
2024-12-24,6449,1000,Dealer_Hedging,2847
2024-12-25,6449,436000,Foreign_Investor,92000
2024-12-25,6449,0,Foreign_Dealer_Self,0
2024-12-25,6449,0,Investment_Trust,0
2024-12-25,6449,1000,Dealer_self,0
2024-12-25,6449,10000,Dealer_Hedging,2067
2024-12-26,6449,420000,Foreign_Investor,373000
2024-12-26,6449,0,Foreign_Dealer_Self,0
2024-12-26,6449,22000,Investment_Trust,0
2024-12-26,6449,121000,Dealer_self,8000
2024-12-26,6449,11415,Dealer_Hedging,6203
2024-12-27,6449,140000,Foreign_Investor,167000
2024-12-27,6449,0,Foreign_Dealer_Self,0
2024-12-27,6449,0,Investment_Trust,0
2024-12-27,6449,0,Dealer_self,0
2024-12-27,6449,4000,Dealer_Hedging,8723
2024-12-30,6449,73000,Foreign_Investor,101000
2024-12-30,6449,0,Foreign_Dealer_Self,0
2024-12-30,6449,0,Investment_Trust,0
2024-12-30,6449,2000,Dealer_self,28000
2024-12-30,6449,0,Dealer_Hedging,2703
2024-12-31,6449,38000,Foreign_Investor,30000
2024-12-31,6449,0,Foreign_Dealer_Self,0
2024-12-31,6449,0,Investment_Trust,0
2024-12-31,6449,1000,Dealer_self,10004
2024-12-31,6449,0,Dealer_Hedging,1800
2025-01-02,6449,48000,Foreign_Investor,108000
2025-01-02,6449,0,Foreign_Dealer_Self,0
2025-01-02,6449,0,Investment_Trust,0
2025-01-02,6449,0,Dealer_self,91000
2025-01-02,6449,0,Dealer_Hedging,2708
2025-01-03,6449,71000,Foreign_Investor,48000
2025-01-03,6449,0,Foreign_Dealer_Self,0
2025-01-03,6449,0,Investment_Trust,0
2025-01-03,6449,0,Dealer_self,0
2025-01-03,6449,1000,Dealer_Hedging,2906
2025-01-06,6449,51000,Foreign_Investor,78000
2025-01-06,6449,0,Foreign_Dealer_Self,0
2025-01-06,6449,0,Investment_Trust,0
2025-01-06,6449,3000,Dealer_self,27
2025-01-06,6449,7018,Dealer_Hedging,470
2025-01-07,6449,226000,Foreign_Investor,61000
2025-01-07,6449,0,Foreign_Dealer_Self,0
2025-01-07,6449,0,Investment_Trust,0
2025-01-07,6449,0,Dealer_self,0
2025-01-07,6449,4000,Dealer_Hedging,7000
2025-01-08,6449,25000,Foreign_Investor,39000
2025-01-08,6449,0,Foreign_Dealer_Self,0
2025-01-08,6449,0,Investment_Trust,1000
2025-01-08,6449,0,Dealer_self,2
2025-01-08,6449,3000,Dealer_Hedging,1000
2025-01-09,6449,24010,Foreign_Investor,127000
2025-01-09,6449,0,Foreign_Dealer_Self,0
2025-01-09,6449,0,Investment_Trust,0
2025-01-09,6449,0,Dealer_self,386
2025-01-09,6449,3000,Dealer_Hedging,5353
2025-01-10,6449,25417,Foreign_Investor,139000
2025-01-10,6449,0,Foreign_Dealer_Self,0
2025-01-10,6449,0,Investment_Trust,0
2025-01-10,6449,2000,Dealer_self,2890
2025-01-10,6449,2000,Dealer_Hedging,7251
2025-01-13,6449,248030,Foreign_Investor,334000
2025-01-13,6449,0,Foreign_Dealer_Self,0
2025-01-13,6449,0,Investment_Trust,0
2025-01-13,6449,16000,Dealer_self,21304
2025-01-13,6449,1000,Dealer_Hedging,115812
2025-01-14,6449,502010,Foreign_Investor,169000
2025-01-14,6449,0,Foreign_Dealer_Self,0
2025-01-14,6449,0,Investment_Trust,234000
2025-01-14,6449,4000,Dealer_self,4088
2025-01-14,6449,0,Dealer_Hedging,80000
2025-01-15,6449,592011,Foreign_Investor,267000
2025-01-15,6449,0,Foreign_Dealer_Self,0
2025-01-15,6449,0,Investment_Trust,31000
2025-01-15,6449,7773,Dealer_self,14955
2025-01-15,6449,0,Dealer_Hedging,11224
2025-01-16,6449,376000,Foreign_Investor,90000
2025-01-16,6449,0,Foreign_Dealer_Self,0
2025-01-16,6449,0,Investment_Trust,270000
2025-01-16,6449,6000,Dealer_self,1002
2025-01-16,6449,323,Dealer_Hedging,1000
2025-01-17,6449,545000,Foreign_Investor,128000
2025-01-17,6449,0,Foreign_Dealer_Self,0
2025-01-17,6449,0,Investment_Trust,249000
2025-01-17,6449,3000,Dealer_self,2297
2025-01-17,6449,0,Dealer_Hedging,2323
2025-01-20,6449,228000,Foreign_Investor,99000
2025-01-20,6449,0,Foreign_Dealer_Self,0
2025-01-20,6449,0,Investment_Trust,100000
2025-01-20,6449,2122,Dealer_self,1279
2025-01-20,6449,1214,Dealer_Hedging,50
2025-01-21,6449,190000,Foreign_Investor,132000
2025-01-21,6449,0,Foreign_Dealer_Self,0
2025-01-21,6449,0,Investment_Trust,0
2025-01-21,6449,1000,Dealer_self,556
2025-01-21,6449,2000,Dealer_Hedging,214
2025-01-22,6449,118000,Foreign_Investor,85000
2025-01-22,6449,0,Foreign_Dealer_Self,0
2025-01-22,6449,0,Investment_Trust,0
2025-01-22,6449,2241,Dealer_self,417
2025-01-22,6449,0,Dealer_Hedging,1000
2025-02-03,6449,193000,Foreign_Investor,221000
2025-02-03,6449,0,Foreign_Dealer_Self,0
2025-02-03,6449,1000,Investment_Trust,22000
2025-02-03,6449,9000,Dealer_self,12723
2025-02-03,6449,0,Dealer_Hedging,4022
2025-02-04,6449,121000,Foreign_Investor,109000
2025-02-04,6449,0,Foreign_Dealer_Self,0
2025-02-04,6449,0,Investment_Trust,0
2025-02-04,6449,27000,Dealer_self,2276
2025-02-04,6449,31,Dealer_Hedging,1000
2025-02-05,6449,195000,Foreign_Investor,243000
2025-02-05,6449,0,Foreign_Dealer_Self,0
2025-02-05,6449,0,Investment_Trust,0
2025-02-05,6449,0,Dealer_self,26386
2025-02-05,6449,3012,Dealer_Hedging,2370
2025-02-06,6449,218000,Foreign_Investor,286000
2025-02-06,6449,0,Foreign_Dealer_Self,0
2025-02-06,6449,0,Investment_Trust,0
2025-02-06,6449,1000,Dealer_self,390
2025-02-06,6449,7000,Dealer_Hedging,12
2025-02-07,6449,130000,Foreign_Investor,115494
2025-02-07,6449,0,Foreign_Dealer_Self,0
2025-02-07,6449,0,Investment_Trust,0
2025-02-07,6449,2000,Dealer_self,2782
2025-02-07,6449,7000,Dealer_Hedging,2000
2025-02-10,6449,75000,Foreign_Investor,47000
2025-02-10,6449,0,Foreign_Dealer_Self,0
2025-02-10,6449,0,Investment_Trust,0
2025-02-10,6449,1000,Dealer_self,2231
2025-02-10,6449,2000,Dealer_Hedging,7000
2025-02-11,6449,73000,Foreign_Investor,33006
2025-02-11,6449,0,Foreign_Dealer_Self,0
2025-02-11,6449,0,Investment_Trust,30000
2025-02-11,6449,5356,Dealer_self,3284
2025-02-11,6449,0,Dealer_Hedging,0
2025-02-12,6449,90100,Foreign_Investor,45000
2025-02-12,6449,0,Foreign_Dealer_Self,0
2025-02-12,6449,0,Investment_Trust,0
2025-02-12,6449,3020,Dealer_self,2114
2025-02-12,6449,0,Dealer_Hedging,4000
2025-02-13,6449,111000,Foreign_Investor,23000
2025-02-13,6449,0,Foreign_Dealer_Self,0
2025-02-13,6449,0,Investment_Trust,0
2025-02-13,6449,3000,Dealer_self,171
2025-02-13,6449,172,Dealer_Hedging,0
2025-02-14,6449,46000,Foreign_Investor,62000
2025-02-14,6449,0,Foreign_Dealer_Self,0
2025-02-14,6449,0,Investment_Trust,0
2025-02-14,6449,0,Dealer_self,0
2025-02-14,6449,2000,Dealer_Hedging,4
2025-02-17,6449,96001,Foreign_Investor,24000
2025-02-17,6449,0,Foreign_Dealer_Self,0
2025-02-17,6449,0,Investment_Trust,0
2025-02-17,6449,2000,Dealer_self,0
2025-02-17,6449,0,Dealer_Hedging,2000
2025-02-18,6449,248000,Foreign_Investor,276000
2025-02-18,6449,0,Foreign_Dealer_Self,0
2025-02-18,6449,0,Investment_Trust,0
2025-02-18,6449,0,Dealer_self,5000
2025-02-18,6449,16454,Dealer_Hedging,168
2025-02-19,6449,161270,Foreign_Investor,215000
2025-02-19,6449,0,Foreign_Dealer_Self,0
2025-02-19,6449,0,Investment_Trust,0
2025-02-19,6449,0,Dealer_self,3000
2025-02-19,6449,7600,Dealer_Hedging,14002
2025-02-20,6449,663300,Foreign_Investor,456000
2025-02-20,6449,0,Foreign_Dealer_Self,0
2025-02-20,6449,139000,Investment_Trust,0
2025-02-20,6449,2068,Dealer_self,376
2025-02-20,6449,51630,Dealer_Hedging,5034
2025-02-21,6449,290000,Foreign_Investor,249000
2025-02-21,6449,0,Foreign_Dealer_Self,0
2025-02-21,6449,0,Investment_Trust,0
2025-02-21,6449,112,Dealer_self,0
2025-02-21,6449,3417,Dealer_Hedging,23443
2025-02-24,6449,96000,Foreign_Investor,112000
2025-02-24,6449,0,Foreign_Dealer_Self,0
2025-02-24,6449,0,Investment_Trust,0
2025-02-24,6449,0,Dealer_self,0
2025-02-24,6449,0,Dealer_Hedging,6001
2025-02-25,6449,154015,Foreign_Investor,169000
2025-02-25,6449,0,Foreign_Dealer_Self,0
2025-02-25,6449,0,Investment_Trust,0
2025-02-25,6449,1000,Dealer_self,1051
2025-02-25,6449,102,Dealer_Hedging,17004
2025-02-26,6449,116000,Foreign_Investor,280015
2025-02-26,6449,0,Foreign_Dealer_Self,0
2025-02-26,6449,0,Investment_Trust,0
2025-02-26,6449,0,Dealer_self,5000
2025-02-26,6449,36119,Dealer_Hedging,614
2025-02-27,6449,214000,Foreign_Investor,238300
2025-02-27,6449,0,Foreign_Dealer_Self,0
2025-02-27,6449,114000,Investment_Trust,0
2025-02-27,6449,1000,Dealer_self,2
2025-02-27,6449,11846,Dealer_Hedging,20119
2025-03-03,6449,100030,Foreign_Investor,104000
2025-03-03,6449,0,Foreign_Dealer_Self,0
2025-03-03,6449,0,Investment_Trust,0
2025-03-03,6449,8000,Dealer_self,1472
2025-03-03,6449,0,Dealer_Hedging,13846
2025-03-04,6449,284000,Foreign_Investor,121000
2025-03-04,6449,0,Foreign_Dealer_Self,0
2025-03-04,6449,0,Investment_Trust,0
2025-03-04,6449,5000,Dealer_self,6437
2025-03-04,6449,1000,Dealer_Hedging,3000
2025-03-05,6449,91000,Foreign_Investor,157000
2025-03-05,6449,0,Foreign_Dealer_Self,0
2025-03-05,6449,171000,Investment_Trust,0
2025-03-05,6449,1000,Dealer_self,2001
2025-03-05,6449,7302,Dealer_Hedging,1287
2025-03-06,6449,88043,Foreign_Investor,133000
2025-03-06,6449,0,Foreign_Dealer_Self,0
2025-03-06,6449,0,Investment_Trust,0
2025-03-06,6449,1000,Dealer_self,107
2025-03-06,6449,0,Dealer_Hedging,4196
2025-03-07,6449,152000,Foreign_Investor,93000
2025-03-07,6449,0,Foreign_Dealer_Self,0
2025-03-07,6449,42000,Investment_Trust,0
2025-03-07,6449,1000,Dealer_self,1396
2025-03-07,6449,1000,Dealer_Hedging,6000
2025-03-10,6449,76030,Foreign_Investor,165000
2025-03-10,6449,0,Foreign_Dealer_Self,0
2025-03-10,6449,1000,Investment_Trust,0
2025-03-10,6449,5000,Dealer_self,6236
2025-03-10,6449,0,Dealer_Hedging,3000
2025-03-11,6449,182000,Foreign_Investor,116000
2025-03-11,6449,0,Foreign_Dealer_Self,0
2025-03-11,6449,0,Investment_Trust,0
2025-03-11,6449,1000,Dealer_self,5845
2025-03-11,6449,3000,Dealer_Hedging,3000
2025-03-12,6449,37000,Foreign_Investor,91000
2025-03-12,6449,0,Foreign_Dealer_Self,0
2025-03-12,6449,0,Investment_Trust,0
2025-03-12,6449,2000,Dealer_self,3729
2025-03-12,6449,0,Dealer_Hedging,3000
2025-03-13,6449,65000,Foreign_Investor,134000
2025-03-13,6449,0,Foreign_Dealer_Self,0
2025-03-13,6449,106000,Investment_Trust,0
2025-03-13,6449,0,Dealer_self,633
2025-03-13,6449,1075,Dealer_Hedging,0
2025-03-14,6449,56000,Foreign_Investor,69000
2025-03-14,6449,0,Foreign_Dealer_Self,0
2025-03-14,6449,0,Investment_Trust,0
2025-03-14,6449,1000,Dealer_self,0
2025-03-14,6449,228,Dealer_Hedging,1003
2025-03-17,6449,53015,Foreign_Investor,40000
2025-03-17,6449,0,Foreign_Dealer_Self,0
2025-03-17,6449,0,Investment_Trust,0
2025-03-17,6449,1000,Dealer_self,9
2025-03-17,6449,0,Dealer_Hedging,300
2025-03-18,6449,106000,Foreign_Investor,72000
2025-03-18,6449,0,Foreign_Dealer_Self,0
2025-03-18,6449,0,Investment_Trust,0
2025-03-18,6449,1000,Dealer_self,0
2025-03-18,6449,0,Dealer_Hedging,225
2025-03-19,6449,65020,Foreign_Investor,145000
2025-03-19,6449,0,Foreign_Dealer_Self,0
2025-03-19,6449,0,Investment_Trust,0
2025-03-19,6449,2000,Dealer_self,0
2025-03-19,6449,12000,Dealer_Hedging,0
2025-03-20,6449,103000,Foreign_Investor,57000
2025-03-20,6449,0,Foreign_Dealer_Self,0
2025-03-20,6449,0,Investment_Trust,0
2025-03-20,6449,2103,Dealer_self,462
2025-03-20,6449,4000,Dealer_Hedging,11000
2025-03-21,6449,31002,Foreign_Investor,37000
2025-03-21,6449,0,Foreign_Dealer_Self,0
2025-03-21,6449,0,Investment_Trust,0
2025-03-21,6449,0,Dealer_self,0
2025-03-21,6449,0,Dealer_Hedging,3000
2025-03-24,6449,149035,Foreign_Investor,83000
2025-03-24,6449,0,Foreign_Dealer_Self,0
2025-03-24,6449,0,Investment_Trust,0
2025-03-24,6449,1000,Dealer_self,579
2025-03-24,6449,1,Dealer_Hedging,1000
2025-03-25,6449,43001,Foreign_Investor,127000
2025-03-25,6449,0,Foreign_Dealer_Self,0
2025-03-25,6449,0,Investment_Trust,0
2025-03-25,6449,0,Dealer_self,581
2025-03-25,6449,0,Dealer_Hedging,1
2025-03-26,6449,60005,Foreign_Investor,22001
2025-03-26,6449,0,Foreign_Dealer_Self,0
2025-03-26,6449,0,Investment_Trust,0
2025-03-26,6449,2000,Dealer_self,0
2025-03-26,6449,1,Dealer_Hedging,1000
2025-03-27,6449,36000,Foreign_Investor,21000
2025-03-27,6449,0,Foreign_Dealer_Self,0
2025-03-27,6449,0,Investment_Trust,0
2025-03-27,6449,3000,Dealer_self,0
2025-03-27,6449,0,Dealer_Hedging,0
2025-03-28,6449,109000,Foreign_Investor,147000
2025-03-28,6449,0,Foreign_Dealer_Self,0
2025-03-28,6449,0,Investment_Trust,0
2025-03-28,6449,1000,Dealer_self,1419
2025-03-28,6449,0,Dealer_Hedging,3001
2025-03-31,6449,292000,Foreign_Investor,203000
2025-03-31,6449,0,Foreign_Dealer_Self,0
2025-03-31,6449,1000,Investment_Trust,0
2025-03-31,6449,4000,Dealer_self,10000
2025-03-31,6449,0,Dealer_Hedging,32012
2025-04-01,6449,151000,Foreign_Investor,89000
2025-04-01,6449,0,Foreign_Dealer_Self,0
2025-04-01,6449,0,Investment_Trust,0
2025-04-01,6449,10089,Dealer_self,2447
2025-04-01,6449,6001,Dealer_Hedging,1000
2025-04-02,6449,110000,Foreign_Investor,74000
2025-04-02,6449,0,Foreign_Dealer_Self,0
2025-04-02,6449,0,Investment_Trust,0
2025-04-02,6449,1021,Dealer_self,2878
2025-04-02,6449,2043,Dealer_Hedging,5001
2025-04-08,6449,1000,Foreign_Investor,0
2025-04-08,6449,0,Foreign_Dealer_Self,0
2025-04-08,6449,0,Investment_Trust,0
2025-04-08,6449,2000,Dealer_self,0
2025-04-08,6449,0,Dealer_Hedging,8400
2025-04-09,6449,5020,Foreign_Investor,0
2025-04-09,6449,0,Foreign_Dealer_Self,0
2025-04-09,6449,0,Investment_Trust,0
2025-04-09,6449,0,Dealer_self,17
2025-04-09,6449,0,Dealer_Hedging,643
2025-04-10,6449,76000,Foreign_Investor,104000
2025-04-10,6449,0,Foreign_Dealer_Self,0
2025-04-10,6449,0,Investment_Trust,0
2025-04-10,6449,0,Dealer_self,0
2025-04-10,6449,2000,Dealer_Hedging,3000
2025-04-11,6449,288000,Foreign_Investor,189000
2025-04-11,6449,0,Foreign_Dealer_Self,0
2025-04-11,6449,0,Investment_Trust,0
2025-04-11,6449,2495,Dealer_self,2871
2025-04-11,6449,500,Dealer_Hedging,5000
2025-04-14,6449,476093,Foreign_Investor,356000
2025-04-14,6449,0,Foreign_Dealer_Self,0
2025-04-14,6449,0,Investment_Trust,0
2025-04-14,6449,6000,Dealer_self,6495
2025-04-14,6449,1090,Dealer_Hedging,3500
2025-04-15,6449,263114,Foreign_Investor,39123
2025-04-15,6449,0,Foreign_Dealer_Self,0
2025-04-15,6449,0,Investment_Trust,0
2025-04-15,6449,2000,Dealer_self,0
2025-04-15,6449,0,Dealer_Hedging,140
2025-04-16,6449,156015,Foreign_Investor,351114
2025-04-16,6449,0,Foreign_Dealer_Self,0
2025-04-16,6449,0,Investment_Trust,0
2025-04-16,6449,5000,Dealer_self,8000
2025-04-16,6449,0,Dealer_Hedging,1003
2025-04-17,6449,182125,Foreign_Investor,160000
2025-04-17,6449,0,Foreign_Dealer_Self,0
2025-04-17,6449,0,Investment_Trust,0
2025-04-17,6449,3000,Dealer_self,1712
2025-04-17,6449,39,Dealer_Hedging,2000
2025-04-18,6449,175910,Foreign_Investor,127125
2025-04-18,6449,0,Foreign_Dealer_Self,0
2025-04-18,6449,0,Investment_Trust,45000
2025-04-18,6449,5000,Dealer_self,1397
2025-04-18,6449,0,Dealer_Hedging,939
2025-04-21,6449,66430,Foreign_Investor,89910
2025-04-21,6449,0,Foreign_Dealer_Self,0
2025-04-21,6449,0,Investment_Trust,0
2025-04-21,6449,0,Dealer_self,326
2025-04-21,6449,0,Dealer_Hedging,2000
2025-04-22,6449,110000,Foreign_Investor,79430
2025-04-22,6449,0,Foreign_Dealer_Self,0
2025-04-22,6449,0,Investment_Trust,0
2025-04-22,6449,1000,Dealer_self,887
2025-04-22,6449,1000,Dealer_Hedging,3000
2025-04-23,6449,110892,Foreign_Investor,28000
2025-04-23,6449,0,Foreign_Dealer_Self,0
2025-04-23,6449,0,Investment_Trust,0
2025-04-23,6449,2000,Dealer_self,2000
2025-04-23,6449,3000,Dealer_Hedging,0
2025-04-24,6449,45100,Foreign_Investor,45364
2025-04-24,6449,0,Foreign_Dealer_Self,0
2025-04-24,6449,0,Investment_Trust,0
2025-04-24,6449,0,Dealer_self,2000
2025-04-24,6449,0,Dealer_Hedging,1000
2025-04-25,6449,84008,Foreign_Investor,44628
2025-04-25,6449,0,Foreign_Dealer_Self,0
2025-04-25,6449,0,Investment_Trust,0
2025-04-25,6449,2000,Dealer_self,0
2025-04-25,6449,0,Dealer_Hedging,0
2025-04-28,6449,85771,Foreign_Investor,65008
2025-04-28,6449,0,Foreign_Dealer_Self,0
2025-04-28,6449,0,Investment_Trust,0
2025-04-28,6449,0,Dealer_self,0
2025-04-28,6449,0,Dealer_Hedging,0
2025-04-29,6449,92111,Foreign_Investor,43207
2025-04-29,6449,0,Foreign_Dealer_Self,0
2025-04-29,6449,0,Investment_Trust,0
2025-04-29,6449,0,Dealer_self,0
2025-04-29,6449,8354,Dealer_Hedging,0
2025-04-30,6449,29000,Foreign_Investor,91051
2025-04-30,6449,0,Foreign_Dealer_Self,0
2025-04-30,6449,0,Investment_Trust,0
2025-04-30,6449,0,Dealer_self,3000
2025-04-30,6449,3000,Dealer_Hedging,5001
2025-05-02,6449,44093,Foreign_Investor,33000
2025-05-02,6449,0,Foreign_Dealer_Self,0
2025-05-02,6449,0,Investment_Trust,0
2025-05-02,6449,0,Dealer_self,0
2025-05-02,6449,4000,Dealer_Hedging,2000
2025-05-05,6449,59100,Foreign_Investor,77292
2025-05-05,6449,0,Foreign_Dealer_Self,0
2025-05-05,6449,0,Investment_Trust,0
2025-05-05,6449,9000,Dealer_self,2000
2025-05-05,6449,0,Dealer_Hedging,4353
2025-05-06,6449,70107,Foreign_Investor,41525
2025-05-06,6449,0,Foreign_Dealer_Self,0
2025-05-06,6449,0,Investment_Trust,0
2025-05-06,6449,0,Dealer_self,3000
2025-05-06,6449,1000,Dealer_Hedging,2000
2025-05-07,6449,240106,Foreign_Investor,305107
2025-05-07,6449,0,Foreign_Dealer_Self,0
2025-05-07,6449,0,Investment_Trust,0
2025-05-07,6449,1000,Dealer_self,1216
2025-05-07,6449,2000,Dealer_Hedging,1000
2025-05-08,6449,299020,Foreign_Investor,121106
2025-05-08,6449,0,Foreign_Dealer_Self,0
2025-05-08,6449,0,Investment_Trust,0
2025-05-08,6449,1000,Dealer_self,3
2025-05-08,6449,20574,Dealer_Hedging,0
2025-05-09,6449,82000,Foreign_Investor,77020
2025-05-09,6449,0,Foreign_Dealer_Self,0
2025-05-09,6449,0,Investment_Trust,0
2025-05-09,6449,0,Dealer_self,1010
2025-05-09,6449,0,Dealer_Hedging,8017
2025-05-12,6449,283142,Foreign_Investor,42000
2025-05-12,6449,0,Foreign_Dealer_Self,0
2025-05-12,6449,0,Investment_Trust,0
2025-05-12,6449,1000,Dealer_self,2000
2025-05-12,6449,1000,Dealer_Hedging,2198
2025-05-13,6449,96095,Foreign_Investor,109142
2025-05-13,6449,0,Foreign_Dealer_Self,0
2025-05-13,6449,0,Investment_Trust,0
2025-05-13,6449,1000,Dealer_self,5003
2025-05-13,6449,5000,Dealer_Hedging,4147
2025-05-14,6449,73626,Foreign_Investor,220095
2025-05-14,6449,0,Foreign_Dealer_Self,0
2025-05-14,6449,0,Investment_Trust,0
2025-05-14,6449,10000,Dealer_self,2079
2025-05-14,6449,9701,Dealer_Hedging,1000
2025-05-15,6449,45128,Foreign_Investor,44416
2025-05-15,6449,0,Foreign_Dealer_Self,0
2025-05-15,6449,0,Investment_Trust,0
2025-05-15,6449,0,Dealer_self,2
2025-05-15,6449,509,Dealer_Hedging,9000
2025-05-16,6449,27490,Foreign_Investor,64128
2025-05-16,6449,0,Foreign_Dealer_Self,0
2025-05-16,6449,0,Investment_Trust,0
2025-05-16,6449,1000,Dealer_self,587
2025-05-16,6449,670,Dealer_Hedging,101
2025-05-19,6449,29020,Foreign_Investor,30090
2025-05-19,6449,0,Foreign_Dealer_Self,0
2025-05-19,6449,0,Investment_Trust,0
2025-05-19,6449,0,Dealer_self,166
2025-05-19,6449,1170,Dealer_Hedging,9915
2025-05-20,6449,34000,Foreign_Investor,26005
2025-05-20,6449,0,Foreign_Dealer_Self,0
2025-05-20,6449,0,Investment_Trust,0
2025-05-20,6449,1000,Dealer_self,99
2025-05-20,6449,1327,Dealer_Hedging,0
2025-05-21,6449,55800,Foreign_Investor,16000
2025-05-21,6449,0,Foreign_Dealer_Self,0
2025-05-21,6449,0,Investment_Trust,0
2025-05-21,6449,1000,Dealer_self,1225
2025-05-21,6449,3000,Dealer_Hedging,1056
2025-05-22,6449,39457,Foreign_Investor,15000
2025-05-22,6449,0,Foreign_Dealer_Self,0
2025-05-22,6449,0,Investment_Trust,0
2025-05-22,6449,0,Dealer_self,244
2025-05-22,6449,311,Dealer_Hedging,3373
2025-05-23,6449,57100,Foreign_Investor,23437
2025-05-23,6449,0,Foreign_Dealer_Self,0
2025-05-23,6449,0,Investment_Trust,0
2025-05-23,6449,0,Dealer_self,3085
2025-05-23,6449,0,Dealer_Hedging,257
2025-05-26,6449,59141,Foreign_Investor,51026
2025-05-26,6449,0,Foreign_Dealer_Self,0
2025-05-26,6449,0,Investment_Trust,0
2025-05-26,6449,18,Dealer_self,3000
2025-05-26,6449,1000,Dealer_Hedging,1
2025-05-27,6449,11000,Foreign_Investor,31115
2025-05-27,6449,0,Foreign_Dealer_Self,0
2025-05-27,6449,0,Investment_Trust,0
2025-05-27,6449,0,Dealer_self,6002
2025-05-27,6449,0,Dealer_Hedging,4032
2025-05-28,6449,20059,Foreign_Investor,46000
2025-05-28,6449,0,Foreign_Dealer_Self,0
2025-05-28,6449,0,Investment_Trust,0
2025-05-28,6449,0,Dealer_self,2001
2025-05-28,6449,0,Dealer_Hedging,3263
2025-05-29,6449,51000,Foreign_Investor,12059
2025-05-29,6449,0,Foreign_Dealer_Self,0
2025-05-29,6449,0,Investment_Trust,0
2025-05-29,6449,3000,Dealer_self,0
2025-05-29,6449,6140,Dealer_Hedging,32
2025-06-02,6449,46712,Foreign_Investor,85000
2025-06-02,6449,0,Foreign_Dealer_Self,0
2025-06-02,6449,0,Investment_Trust,0
2025-06-02,6449,1000,Dealer_self,3270
2025-06-02,6449,0,Dealer_Hedging,8125
2025-06-03,6449,35015,Foreign_Investor,43153
2025-06-03,6449,0,Foreign_Dealer_Self,0
2025-06-03,6449,0,Investment_Trust,0
2025-06-03,6449,0,Dealer_self,1009
2025-06-03,6449,0,Dealer_Hedging,1000
2025-06-04,6449,109265,Foreign_Investor,11000
2025-06-04,6449,0,Foreign_Dealer_Self,0
2025-06-04,6449,0,Investment_Trust,0
2025-06-04,6449,2000,Dealer_self,1000
2025-06-04,6449,61,Dealer_Hedging,0
2025-06-05,6449,35284,Foreign_Investor,19276
2025-06-05,6449,0,Foreign_Dealer_Self,0
2025-06-05,6449,0,Investment_Trust,0
2025-06-05,6449,0,Dealer_self,1000
2025-06-05,6449,4276,Dealer_Hedging,1
2025-06-06,6449,33609,Foreign_Investor,13807
2025-06-06,6449,0,Foreign_Dealer_Self,0
2025-06-06,6449,0,Investment_Trust,0
2025-06-06,6449,1000,Dealer_self,0
2025-06-06,6449,1156,Dealer_Hedging,2026
2025-06-10,6449,168000,Foreign_Investor,777609
2025-06-10,6449,0,Foreign_Dealer_Self,0
2025-06-10,6449,0,Investment_Trust,0
2025-06-10,6449,20000,Dealer_self,3352
2025-06-10,6449,9000,Dealer_Hedging,1981
2025-06-11,6449,410001,Foreign_Investor,328000
2025-06-11,6449,0,Foreign_Dealer_Self,0
2025-06-11,6449,0,Investment_Trust,0
2025-06-11,6449,4040,Dealer_self,13571
2025-06-11,6449,28111,Dealer_Hedging,2077
2025-06-12,6449,171080,Foreign_Investor,271001
2025-06-12,6449,0,Foreign_Dealer_Self,0
2025-06-12,6449,0,Investment_Trust,0
2025-06-12,6449,15000,Dealer_self,14039
2025-06-12,6449,31486,Dealer_Hedging,6495
2025-06-13,6449,34000,Foreign_Investor,268000
2025-06-13,6449,0,Foreign_Dealer_Self,0
2025-06-13,6449,0,Investment_Trust,0
2025-06-13,6449,1000,Dealer_self,9328
2025-06-13,6449,3000,Dealer_Hedging,9845
2025-06-16,6449,28015,Foreign_Investor,27000
2025-06-16,6449,0,Foreign_Dealer_Self,0
2025-06-16,6449,0,Investment_Trust,0
2025-06-16,6449,1000,Dealer_self,12
2025-06-16,6449,0,Dealer_Hedging,11893
2025-06-17,6449,35025,Foreign_Investor,91000
2025-06-17,6449,0,Foreign_Dealer_Self,0
2025-06-17,6449,0,Investment_Trust,0
2025-06-17,6449,1000,Dealer_self,1347
2025-06-17,6449,0,Dealer_Hedging,1852
2025-06-18,6449,32010,Foreign_Investor,18000
2025-06-18,6449,0,Foreign_Dealer_Self,0
2025-06-18,6449,0,Investment_Trust,0
2025-06-18,6449,1000,Dealer_self,1001
2025-06-18,6449,612,Dealer_Hedging,0
2025-06-19,6449,6020,Foreign_Investor,72000
2025-06-19,6449,0,Foreign_Dealer_Self,0
2025-06-19,6449,0,Investment_Trust,0
2025-06-19,6449,0,Dealer_self,4000
2025-06-19,6449,0,Dealer_Hedging,1507
2025-06-20,6449,41030,Foreign_Investor,60000
2025-06-20,6449,0,Foreign_Dealer_Self,0
2025-06-20,6449,0,Investment_Trust,0
2025-06-20,6449,0,Dealer_self,2001
2025-06-20,6449,32,Dealer_Hedging,1404
2025-06-23,6449,24014,Foreign_Investor,25000
2025-06-23,6449,0,Foreign_Dealer_Self,0
2025-06-23,6449,0,Investment_Trust,0
2025-06-23,6449,0,Dealer_self,0
2025-06-23,6449,1194,Dealer_Hedging,500
2025-06-24,6449,123000,Foreign_Investor,17000
2025-06-24,6449,0,Foreign_Dealer_Self,0
2025-06-24,6449,0,Investment_Trust,0
2025-06-24,6449,1000,Dealer_self,1002
2025-06-24,6449,5914,Dealer_Hedging,3031
2025-06-25,6449,217000,Foreign_Investor,85000
2025-06-25,6449,0,Foreign_Dealer_Self,0
2025-06-25,6449,0,Investment_Trust,0
2025-06-25,6449,4000,Dealer_self,0
2025-06-25,6449,11977,Dealer_Hedging,5017
2025-06-26,6449,50016,Foreign_Investor,106000
2025-06-26,6449,0,Foreign_Dealer_Self,0
2025-06-26,6449,0,Investment_Trust,0
2025-06-26,6449,0,Dealer_self,3343
2025-06-26,6449,0,Dealer_Hedging,4849
2025-06-27,6449,63200,Foreign_Investor,92000
2025-06-27,6449,0,Foreign_Dealer_Self,0
2025-06-27,6449,0,Investment_Trust,0
2025-06-27,6449,0,Dealer_self,11000
2025-06-27,6449,0,Dealer_Hedging,5317
2025-06-30,6449,92010,Foreign_Investor,60000
2025-06-30,6449,0,Foreign_Dealer_Self,0
2025-06-30,6449,0,Investment_Trust,0
2025-06-30,6449,1000,Dealer_self,2000
2025-06-30,6449,0,Dealer_Hedging,10
2025-07-01,6449,43000,Foreign_Investor,66000
2025-07-01,6449,0,Foreign_Dealer_Self,0
2025-07-01,6449,0,Investment_Trust,0
2025-07-01,6449,5000,Dealer_self,4
2025-07-01,6449,0,Dealer_Hedging,894
2025-07-02,6449,28000,Foreign_Investor,44000
2025-07-02,6449,0,Foreign_Dealer_Self,0
2025-07-02,6449,0,Investment_Trust,0
2025-07-02,6449,0,Dealer_self,1001
2025-07-02,6449,1132,Dealer_Hedging,414
2025-07-03,6449,41050,Foreign_Investor,16000
2025-07-03,6449,0,Foreign_Dealer_Self,0
2025-07-03,6449,0,Investment_Trust,0
2025-07-03,6449,2254,Dealer_self,1202
2025-07-03,6449,2996,Dealer_Hedging,1075
2025-07-04,6449,11000,Foreign_Investor,74000
2025-07-04,6449,0,Foreign_Dealer_Self,0
2025-07-04,6449,0,Investment_Trust,0
2025-07-04,6449,3000,Dealer_self,1000
2025-07-04,6449,0,Dealer_Hedging,3
2025-07-07,6449,21015,Foreign_Investor,110000
2025-07-07,6449,0,Foreign_Dealer_Self,0
2025-07-07,6449,0,Investment_Trust,0
2025-07-07,6449,3000,Dealer_self,3522
2025-07-07,6449,4000,Dealer_Hedging,531
2025-07-08,6449,31000,Foreign_Investor,71020
2025-07-08,6449,0,Foreign_Dealer_Self,0
2025-07-08,6449,0,Investment_Trust,0
2025-07-08,6449,1000,Dealer_self,0
2025-07-08,6449,1000,Dealer_Hedging,1133
2025-07-09,6449,116000,Foreign_Investor,15000
2025-07-09,6449,0,Foreign_Dealer_Self,0
2025-07-09,6449,0,Investment_Trust,0
2025-07-09,6449,3000,Dealer_self,2020
2025-07-09,6449,1000,Dealer_Hedging,1122
2025-07-10,6449,47000,Foreign_Investor,15000
2025-07-10,6449,0,Foreign_Dealer_Self,0
2025-07-10,6449,0,Investment_Trust,0
2025-07-10,6449,2000,Dealer_self,14647
2025-07-10,6449,0,Dealer_Hedging,35
2025-07-11,6449,90000,Foreign_Investor,32000
2025-07-11,6449,0,Foreign_Dealer_Self,0
2025-07-11,6449,0,Investment_Trust,0
2025-07-11,6449,1000,Dealer_self,5
2025-07-11,6449,3000,Dealer_Hedging,4319
2025-07-14,6449,36000,Foreign_Investor,23000
2025-07-14,6449,0,Foreign_Dealer_Self,0
2025-07-14,6449,0,Investment_Trust,39000
2025-07-14,6449,0,Dealer_self,1005
2025-07-14,6449,1000,Dealer_Hedging,1620
2025-07-15,6449,95000,Foreign_Investor,22000
2025-07-15,6449,0,Foreign_Dealer_Self,0
2025-07-15,6449,0,Investment_Trust,80000
2025-07-15,6449,5000,Dealer_self,1001
2025-07-15,6449,1000,Dealer_Hedging,106
2025-07-16,6449,117000,Foreign_Investor,35000
2025-07-16,6449,0,Foreign_Dealer_Self,0
2025-07-16,6449,32000,Investment_Trust,82000
2025-07-16,6449,1000,Dealer_self,3001
2025-07-16,6449,6141,Dealer_Hedging,75
2025-07-17,6449,124000,Foreign_Investor,42000
2025-07-17,6449,0,Foreign_Dealer_Self,0
2025-07-17,6449,31000,Investment_Trust,0
2025-07-17,6449,2000,Dealer_self,2000
2025-07-17,6449,3159,Dealer_Hedging,0
2025-07-18,6449,99020,Foreign_Investor,77000
2025-07-18,6449,0,Foreign_Dealer_Self,0
2025-07-18,6449,31000,Investment_Trust,73000
2025-07-18,6449,1000,Dealer_self,2159
2025-07-18,6449,5096,Dealer_Hedging,15576
2025-07-21,6449,129000,Foreign_Investor,42000
2025-07-21,6449,0,Foreign_Dealer_Self,0
2025-07-21,6449,31000,Investment_Trust,130000
2025-07-21,6449,0,Dealer_self,4409
2025-07-21,6449,0,Dealer_Hedging,1234
2025-07-22,6449,105020,Foreign_Investor,89000
2025-07-22,6449,0,Foreign_Dealer_Self,0
2025-07-22,6449,29000,Investment_Trust,50000
2025-07-22,6449,2000,Dealer_self,1024
2025-07-22,6449,555,Dealer_Hedging,5033
2025-07-23,6449,141000,Foreign_Investor,10000
2025-07-23,6449,0,Foreign_Dealer_Self,0
2025-07-23,6449,1000,Investment_Trust,150000
2025-07-23,6449,8000,Dealer_self,99
2025-07-23,6449,4,Dealer_Hedging,191
2025-07-24,6449,54000,Foreign_Investor,17000
2025-07-24,6449,0,Foreign_Dealer_Self,0
2025-07-24,6449,0,Investment_Trust,90000
2025-07-24,6449,0,Dealer_self,190
2025-07-24,6449,0,Dealer_Hedging,250
2025-07-25,6449,119000,Foreign_Investor,18000
2025-07-25,6449,0,Foreign_Dealer_Self,0
2025-07-25,6449,0,Investment_Trust,155000
2025-07-25,6449,2000,Dealer_self,2906
2025-07-25,6449,0,Dealer_Hedging,869
2025-07-28,6449,213000,Foreign_Investor,36000
2025-07-28,6449,0,Foreign_Dealer_Self,0
2025-07-28,6449,0,Investment_Trust,89000
2025-07-28,6449,0,Dealer_self,468
2025-07-28,6449,7000,Dealer_Hedging,32
2025-07-29,6449,102000,Foreign_Investor,106000
2025-07-29,6449,0,Foreign_Dealer_Self,0
2025-07-29,6449,0,Investment_Trust,138000
2025-07-29,6449,2000,Dealer_self,2591
2025-07-29,6449,1007,Dealer_Hedging,2077
2025-07-30,6449,121000,Foreign_Investor,32000
2025-07-30,6449,0,Foreign_Dealer_Self,0
2025-07-30,6449,0,Investment_Trust,119000
2025-07-30,6449,3000,Dealer_self,1085
2025-07-30,6449,2000,Dealer_Hedging,2
2025-07-31,6449,82000,Foreign_Investor,24000
2025-07-31,6449,0,Foreign_Dealer_Self,0
2025-07-31,6449,0,Investment_Trust,0
2025-07-31,6449,3000,Dealer_self,4042
2025-07-31,6449,257,Dealer_Hedging,3016
2025-08-01,6449,521000,Foreign_Investor,151000
2025-08-01,6449,0,Foreign_Dealer_Self,0
2025-08-01,6449,0,Investment_Trust,0
2025-08-01,6449,13014,Dealer_self,776
2025-08-01,6449,6169,Dealer_Hedging,1547
2025-08-04,6449,191000,Foreign_Investor,179000
2025-08-04,6449,0,Foreign_Dealer_Self,0
2025-08-04,6449,0,Investment_Trust,0
2025-08-04,6449,4000,Dealer_self,18001
2025-08-04,6449,2337,Dealer_Hedging,5111
2025-08-05,6449,179000,Foreign_Investor,450000
2025-08-05,6449,0,Foreign_Dealer_Self,0
2025-08-05,6449,1000,Investment_Trust,0
2025-08-05,6449,1000,Dealer_self,2823
2025-08-05,6449,127,Dealer_Hedging,15784
2025-08-06,6449,329000,Foreign_Investor,604100
2025-08-06,6449,0,Foreign_Dealer_Self,0
2025-08-06,6449,0,Investment_Trust,0
2025-08-06,6449,3092,Dealer_self,3932
2025-08-06,6449,56548,Dealer_Hedging,2134
2025-08-07,6449,129000,Foreign_Investor,407000
2025-08-07,6449,0,Foreign_Dealer_Self,0
2025-08-07,6449,0,Investment_Trust,0
2025-08-07,6449,4000,Dealer_self,3673
2025-08-07,6449,19000,Dealer_Hedging,15813
2025-08-08,6449,233040,Foreign_Investor,177000
2025-08-08,6449,0,Foreign_Dealer_Self,0
2025-08-08,6449,0,Investment_Trust,287000
2025-08-08,6449,0,Dealer_self,6000
2025-08-08,6449,0,Dealer_Hedging,3331
2025-08-11,6449,280000,Foreign_Investor,343050
2025-08-11,6449,0,Foreign_Dealer_Self,0
2025-08-11,6449,0,Investment_Trust,201000
2025-08-11,6449,5000,Dealer_self,944
2025-08-11,6449,5621,Dealer_Hedging,1649
2025-08-12,6449,445000,Foreign_Investor,1070290
2025-08-12,6449,0,Foreign_Dealer_Self,0
2025-08-12,6449,0,Investment_Trust,0
2025-08-12,6449,6240,Dealer_self,6522
2025-08-12,6449,22460,Dealer_Hedging,11509
2025-08-13,6449,448000,Foreign_Investor,415050
2025-08-13,6449,0,Foreign_Dealer_Self,0
2025-08-13,6449,0,Investment_Trust,0
2025-08-13,6449,1000,Dealer_self,240
2025-08-13,6449,107742,Dealer_Hedging,20698
2025-08-14,6449,365024,Foreign_Investor,389050
2025-08-14,6449,0,Foreign_Dealer_Self,0
2025-08-14,6449,0,Investment_Trust,300000
2025-08-14,6449,12000,Dealer_self,1333
2025-08-14,6449,32389,Dealer_Hedging,15400
2025-08-15,6449,360000,Foreign_Investor,144050
2025-08-15,6449,0,Foreign_Dealer_Self,0
2025-08-15,6449,0,Investment_Trust,300000
2025-08-15,6449,3000,Dealer_self,917
2025-08-15,6449,3000,Dealer_Hedging,3165
2025-08-18,6449,596000,Foreign_Investor,374150
2025-08-18,6449,0,Foreign_Dealer_Self,0
2025-08-18,6449,0,Investment_Trust,300000
2025-08-18,6449,3000,Dealer_self,2195
2025-08-18,6449,50587,Dealer_Hedging,40742
2025-08-19,6449,233000,Foreign_Investor,391000
2025-08-19,6449,0,Foreign_Dealer_Self,0
2025-08-19,6449,2000,Investment_Trust,0
2025-08-19,6449,0,Dealer_self,2000
2025-08-19,6449,4495,Dealer_Hedging,71533
2025-08-20,6449,1001000,Foreign_Investor,1055000
2025-08-20,6449,0,Foreign_Dealer_Self,0
2025-08-20,6449,0,Investment_Trust,182000
2025-08-20,6449,30846,Dealer_self,2773
2025-08-20,6449,30777,Dealer_Hedging,44971
2025-08-21,6449,1266000,Foreign_Investor,875030
2025-08-21,6449,0,Foreign_Dealer_Self,0
2025-08-21,6449,0,Investment_Trust,0
2025-08-21,6449,83706,Dealer_self,36000
2025-08-21,6449,24332,Dealer_Hedging,42002
2025-08-22,6449,1709000,Foreign_Investor,1675000
2025-08-22,6449,0,Foreign_Dealer_Self,0
2025-08-22,6449,0,Investment_Trust,0
2025-08-22,6449,14466,Dealer_self,58000
2025-08-22,6449,100764,Dealer_Hedging,53927
2025-08-25,6449,1464037,Foreign_Investor,1378000
2025-08-25,6449,0,Foreign_Dealer_Self,0
2025-08-25,6449,0,Investment_Trust,0
2025-08-25,6449,124000,Dealer_self,30000
2025-08-25,6449,14417,Dealer_Hedging,80818
2025-08-26,6449,2206000,Foreign_Investor,1359037
2025-08-26,6449,0,Foreign_Dealer_Self,0
2025-08-26,6449,0,Investment_Trust,0
2025-08-26,6449,72110,Dealer_self,12000
2025-08-26,6449,82426,Dealer_Hedging,56852
2025-08-27,6449,1024000,Foreign_Investor,975000
2025-08-27,6449,0,Foreign_Dealer_Self,0
2025-08-27,6449,0,Investment_Trust,0
2025-08-27,6449,132269,Dealer_self,30152
2025-08-27,6449,95523,Dealer_Hedging,34515
2025-08-28,6449,1085000,Foreign_Investor,948000
2025-08-28,6449,0,Foreign_Dealer_Self,0
2025-08-28,6449,0,Investment_Trust,0
2025-08-28,6449,41000,Dealer_self,60219
2025-08-28,6449,18994,Dealer_Hedging,92635
2025-08-29,6449,1180000,Foreign_Investor,786000
2025-08-29,6449,0,Foreign_Dealer_Self,0
2025-08-29,6449,0,Investment_Trust,1000
2025-08-29,6449,18000,Dealer_self,659
2025-08-29,6449,64186,Dealer_Hedging,3215
2025-09-01,6449,2460000,Foreign_Investor,932000
2025-09-01,6449,0,Foreign_Dealer_Self,0
2025-09-01,6449,0,Investment_Trust,0
2025-09-01,6449,36000,Dealer_self,136278
2025-09-01,6449,102477,Dealer_Hedging,89951
2025-09-02,6449,788000,Foreign_Investor,639000
2025-09-02,6449,0,Foreign_Dealer_Self,0
2025-09-02,6449,0,Investment_Trust,0
2025-09-02,6449,7000,Dealer_self,165929
2025-09-02,6449,67772,Dealer_Hedging,50344
2025-09-03,6449,358000,Foreign_Investor,501000
2025-09-03,6449,0,Foreign_Dealer_Self,0
2025-09-03,6449,0,Investment_Trust,0
2025-09-03,6449,39000,Dealer_self,11823
2025-09-03,6449,45267,Dealer_Hedging,12552
2025-09-04,6449,489828,Foreign_Investor,850000
2025-09-04,6449,0,Foreign_Dealer_Self,0
2025-09-04,6449,0,Investment_Trust,0
2025-09-04,6449,34033,Dealer_self,3819
2025-09-04,6449,37413,Dealer_Hedging,79052
2025-09-05,6449,520000,Foreign_Investor,485000
2025-09-05,6449,0,Foreign_Dealer_Self,0
2025-09-05,6449,0,Investment_Trust,0
2025-09-05,6449,42000,Dealer_self,28000
2025-09-05,6449,46587,Dealer_Hedging,55486
2025-09-08,6449,868000,Foreign_Investor,1617000
2025-09-08,6449,0,Foreign_Dealer_Self,0
2025-09-08,6449,0,Investment_Trust,0
2025-09-08,6449,18296,Dealer_self,41208
2025-09-08,6449,24135,Dealer_Hedging,44205
2025-09-09,6449,520000,Foreign_Investor,600000
2025-09-09,6449,0,Foreign_Dealer_Self,0
2025-09-09,6449,0,Investment_Trust,0
2025-09-09,6449,19000,Dealer_self,38592
2025-09-09,6449,10192,Dealer_Hedging,31195
2025-09-10,6449,508000,Foreign_Investor,314000
2025-09-10,6449,0,Foreign_Dealer_Self,0
2025-09-10,6449,0,Investment_Trust,0
2025-09-10,6449,201186,Dealer_self,8000
2025-09-10,6449,54403,Dealer_Hedging,1000
2025-09-11,6449,873000,Foreign_Investor,617000
2025-09-11,6449,0,Foreign_Dealer_Self,0
2025-09-11,6449,0,Investment_Trust,0
2025-09-11,6449,92000,Dealer_self,56270
2025-09-11,6449,68823,Dealer_Hedging,73266
2025-09-12,6449,958000,Foreign_Investor,1521000
2025-09-12,6449,0,Foreign_Dealer_Self,0
2025-09-12,6449,0,Investment_Trust,0
2025-09-12,6449,72000,Dealer_self,166739
2025-09-12,6449,108466,Dealer_Hedging,53127
2025-09-15,6449,812000,Foreign_Investor,993000
2025-09-15,6449,0,Foreign_Dealer_Self,0
2025-09-15,6449,0,Investment_Trust,0
2025-09-15,6449,22000,Dealer_self,41000
2025-09-15,6449,65661,Dealer_Hedging,100731
2025-09-16,6449,781000,Foreign_Investor,682000
2025-09-16,6449,0,Foreign_Dealer_Self,0
2025-09-16,6449,0,Investment_Trust,1000
2025-09-16,6449,47507,Dealer_self,107000
2025-09-16,6449,34437,Dealer_Hedging,33706
2025-09-17,6449,3748190,Foreign_Investor,3950200
2025-09-17,6449,0,Foreign_Dealer_Self,0
2025-09-17,6449,0,Investment_Trust,0
2025-09-17,6449,38000,Dealer_self,86388
2025-09-17,6449,86920,Dealer_Hedging,126813
2025-09-18,6449,900315,Foreign_Investor,1041000
2025-09-18,6449,0,Foreign_Dealer_Self,0
2025-09-18,6449,0,Investment_Trust,1000
2025-09-18,6449,35000,Dealer_self,14198
2025-09-18,6449,39050,Dealer_Hedging,44692
2025-09-19,6449,687000,Foreign_Investor,1176000
2025-09-19,6449,0,Foreign_Dealer_Self,0
2025-09-19,6449,0,Investment_Trust,0
2025-09-19,6449,155000,Dealer_self,49438
2025-09-19,6449,93014,Dealer_Hedging,40493
2025-09-22,6449,2166000,Foreign_Investor,1698000
2025-09-22,6449,0,Foreign_Dealer_Self,0
2025-09-22,6449,0,Investment_Trust,0
2025-09-22,6449,108479,Dealer_self,132053
2025-09-22,6449,150970,Dealer_Hedging,62279
2025-09-23,6449,2847100,Foreign_Investor,2679000
2025-09-23,6449,0,Foreign_Dealer_Self,0
2025-09-23,6449,250000,Investment_Trust,1000
2025-09-23,6449,25000,Dealer_self,66638
2025-09-23,6449,32703,Dealer_Hedging,142523
2025-09-24,6449,919000,Foreign_Investor,1620415
2025-09-24,6449,0,Foreign_Dealer_Self,0
2025-09-24,6449,0,Investment_Trust,0
2025-09-24,6449,12000,Dealer_self,42367
2025-09-24,6449,152314,Dealer_Hedging,30888
2025-09-25,6449,2699000,Foreign_Investor,1818000
2025-09-25,6449,0,Foreign_Dealer_Self,0
2025-09-25,6449,1500000,Investment_Trust,0
2025-09-25,6449,14000,Dealer_self,20948
2025-09-25,6449,26604,Dealer_Hedging,118399
2025-09-26,6449,1814050,Foreign_Investor,2145000
2025-09-26,6449,0,Foreign_Dealer_Self,0
2025-09-26,6449,230000,Investment_Trust,1000
2025-09-26,6449,10000,Dealer_self,6197
2025-09-26,6449,37356,Dealer_Hedging,63974
2025-09-30,6449,685000,Foreign_Investor,1309190
2025-09-30,6449,0,Foreign_Dealer_Self,0
2025-09-30,6449,0,Investment_Trust,0
2025-09-30,6449,23000,Dealer_self,3086
2025-09-30,6449,23465,Dealer_Hedging,11179
2025-10-01,6449,647000,Foreign_Investor,978947
2025-10-01,6449,0,Foreign_Dealer_Self,0
2025-10-01,6449,0,Investment_Trust,0
2025-10-01,6449,5000,Dealer_self,26629
2025-10-01,6449,4309,Dealer_Hedging,45351
2025-10-02,6449,1266000,Foreign_Investor,1386000
2025-10-02,6449,0,Foreign_Dealer_Self,0
2025-10-02,6449,1471000,Investment_Trust,0
2025-10-02,6449,42000,Dealer_self,44503
2025-10-02,6449,120950,Dealer_Hedging,23181
2025-10-03,6449,1219000,Foreign_Investor,2487000
2025-10-03,6449,0,Foreign_Dealer_Self,0
2025-10-03,6449,560000,Investment_Trust,0
2025-10-03,6449,142886,Dealer_self,28711
2025-10-03,6449,55043,Dealer_Hedging,104494
2025-10-07,6449,2369275,Foreign_Investor,1689067
2025-10-07,6449,0,Foreign_Dealer_Self,0
2025-10-07,6449,227000,Investment_Trust,1000
2025-10-07,6449,4000,Dealer_self,43763
2025-10-07,6449,88564,Dealer_Hedging,55730
2025-10-08,6449,1778020,Foreign_Investor,2103000
2025-10-08,6449,0,Foreign_Dealer_Self,0
2025-10-08,6449,60000,Investment_Trust,0
2025-10-08,6449,33000,Dealer_self,25738
2025-10-08,6449,102836,Dealer_Hedging,85716
2025-10-09,6449,1679005,Foreign_Investor,1151000
2025-10-09,6449,0,Foreign_Dealer_Self,0
2025-10-09,6449,66000,Investment_Trust,0
2025-10-09,6449,8071,Dealer_self,137435
2025-10-09,6449,35254,Dealer_Hedging,103337
2025-10-13,6449,1092000,Foreign_Investor,923000
2025-10-13,6449,0,Foreign_Dealer_Self,0
2025-10-13,6449,817000,Investment_Trust,0
2025-10-13,6449,16000,Dealer_self,34619
2025-10-13,6449,33985,Dealer_Hedging,29684
2025-10-14,6449,1032000,Foreign_Investor,1121170
2025-10-14,6449,0,Foreign_Dealer_Self,0
2025-10-14,6449,228000,Investment_Trust,1000
2025-10-14,6449,4000,Dealer_self,2105
2025-10-14,6449,48360,Dealer_Hedging,32188
2025-10-15,6449,370030,Foreign_Investor,466300
2025-10-15,6449,0,Foreign_Dealer_Self,0
2025-10-15,6449,0,Investment_Trust,0
2025-10-15,6449,11000,Dealer_self,5337
2025-10-15,6449,30923,Dealer_Hedging,31127
2025-10-16,6449,755000,Foreign_Investor,794200
2025-10-16,6449,0,Foreign_Dealer_Self,0
2025-10-16,6449,190000,Investment_Trust,1000
2025-10-16,6449,12000,Dealer_self,9944
2025-10-16,6449,32417,Dealer_Hedging,41409
2025-10-17,6449,1012000,Foreign_Investor,1307000
2025-10-17,6449,0,Foreign_Dealer_Self,0
2025-10-17,6449,0,Investment_Trust,4000
2025-10-17,6449,39104,Dealer_self,10462
2025-10-17,6449,24797,Dealer_Hedging,54502
2025-10-20,6449,861000,Foreign_Investor,843000
2025-10-20,6449,0,Foreign_Dealer_Self,0
2025-10-20,6449,0,Investment_Trust,26000
2025-10-20,6449,8000,Dealer_self,8567
2025-10-20,6449,22032,Dealer_Hedging,14126
2025-10-21,6449,715316,Foreign_Investor,859000
2025-10-21,6449,0,Foreign_Dealer_Self,0
2025-10-21,6449,0,Investment_Trust,32000
2025-10-21,6449,16116,Dealer_self,14689
2025-10-21,6449,24000,Dealer_Hedging,58378
2025-10-22,6449,631030,Foreign_Investor,525050
2025-10-22,6449,0,Foreign_Dealer_Self,0
2025-10-22,6449,0,Investment_Trust,29000
2025-10-22,6449,6235,Dealer_self,10594
2025-10-22,6449,16000,Dealer_Hedging,11571
2025-10-23,6449,1265000,Foreign_Investor,1398000
2025-10-23,6449,0,Foreign_Dealer_Self,0
2025-10-23,6449,0,Investment_Trust,29000
2025-10-23,6449,19000,Dealer_self,27391
2025-10-23,6449,35363,Dealer_Hedging,23079
2025-10-27,6449,721000,Foreign_Investor,506100
2025-10-27,6449,0,Foreign_Dealer_Self,0
2025-10-27,6449,0,Investment_Trust,29000
2025-10-27,6449,17048,Dealer_self,14573
2025-10-27,6449,95951,Dealer_Hedging,30572
2025-10-28,6449,169025,Foreign_Investor,736000
2025-10-28,6449,0,Foreign_Dealer_Self,0
2025-10-28,6449,0,Investment_Trust,0
2025-10-28,6449,9000,Dealer_self,9038
2025-10-28,6449,2000,Dealer_Hedging,78963
2025-10-29,6449,508851,Foreign_Investor,308000
2025-10-29,6449,0,Foreign_Dealer_Self,0
2025-10-29,6449,0,Investment_Trust,0
2025-10-29,6449,4000,Dealer_self,10516
2025-10-29,6449,12014,Dealer_Hedging,31202
2025-10-30,6449,343500,Foreign_Investor,474150
2025-10-30,6449,0,Foreign_Dealer_Self,0
2025-10-30,6449,0,Investment_Trust,0
2025-10-30,6449,0,Dealer_self,0
2025-10-30,6449,5020,Dealer_Hedging,14498
2025-10-31,6449,315000,Foreign_Investor,488000
2025-10-31,6449,0,Foreign_Dealer_Self,0
2025-10-31,6449,0,Investment_Trust,0
2025-10-31,6449,3000,Dealer_self,535
2025-10-31,6449,40285,Dealer_Hedging,7809
2025-11-03,6449,539000,Foreign_Investor,269040
2025-11-03,6449,0,Foreign_Dealer_Self,0
2025-11-03,6449,0,Investment_Trust,0
2025-11-03,6449,0,Dealer_self,1034
2025-11-03,6449,26557,Dealer_Hedging,18579
2025-11-04,6449,217000,Foreign_Investor,493000
2025-11-04,6449,0,Foreign_Dealer_Self,0
2025-11-04,6449,0,Investment_Trust,0
2025-11-04,6449,5000,Dealer_self,3880
2025-11-04,6449,3000,Dealer_Hedging,41588
2025-11-05,6449,619250,Foreign_Investor,242000
2025-11-05,6449,0,Foreign_Dealer_Self,0
2025-11-05,6449,0,Investment_Trust,0
2025-11-05,6449,10000,Dealer_self,35744
2025-11-05,6449,16319,Dealer_Hedging,6000
2025-11-06,6449,339000,Foreign_Investor,213000
2025-11-06,6449,0,Foreign_Dealer_Self,0
2025-11-06,6449,0,Investment_Trust,0
2025-11-06,6449,8006,Dealer_self,6775
2025-11-06,6449,13093,Dealer_Hedging,12877
2025-11-07,6449,1476508,Foreign_Investor,457000
2025-11-07,6449,0,Foreign_Dealer_Self,0
2025-11-07,6449,0,Investment_Trust,734000
2025-11-07,6449,15000,Dealer_self,14331
2025-11-07,6449,3065,Dealer_Hedging,23450
2025-11-10,6449,399000,Foreign_Investor,259000
2025-11-10,6449,0,Foreign_Dealer_Self,0
2025-11-10,6449,0,Investment_Trust,0
2025-11-10,6449,6450,Dealer_self,4888
2025-11-10,6449,32000,Dealer_Hedging,7015
2025-11-11,6449,310000,Foreign_Investor,419000
2025-11-11,6449,0,Foreign_Dealer_Self,0
2025-11-11,6449,0,Investment_Trust,0
2025-11-11,6449,5217,Dealer_self,5057
2025-11-11,6449,23845,Dealer_Hedging,5497
2025-11-12,6449,184000,Foreign_Investor,206000
2025-11-12,6449,0,Foreign_Dealer_Self,0
2025-11-12,6449,0,Investment_Trust,0
2025-11-12,6449,1000,Dealer_self,866
2025-11-12,6449,12000,Dealer_Hedging,17668
2025-11-13,6449,429000,Foreign_Investor,378000
2025-11-13,6449,0,Foreign_Dealer_Self,0
2025-11-13,6449,0,Investment_Trust,0
2025-11-13,6449,39000,Dealer_self,3115
2025-11-13,6449,21103,Dealer_Hedging,11452
2025-11-14,6449,239000,Foreign_Investor,291000
2025-11-14,6449,0,Foreign_Dealer_Self,0
2025-11-14,6449,74000,Investment_Trust,0
2025-11-14,6449,3000,Dealer_self,13954
2025-11-14,6449,8000,Dealer_Hedging,39981
2025-11-17,6449,265674,Foreign_Investor,204000
2025-11-17,6449,0,Foreign_Dealer_Self,0
2025-11-17,6449,0,Investment_Trust,0
2025-11-17,6449,5000,Dealer_self,27270
2025-11-17,6449,4000,Dealer_Hedging,23062
2025-11-18,6449,394000,Foreign_Investor,272000
2025-11-18,6449,0,Foreign_Dealer_Self,0
2025-11-18,6449,0,Investment_Trust,0
2025-11-18,6449,1100,Dealer_self,3821
2025-11-18,6449,27709,Dealer_Hedging,9997
2025-11-19,6449,337100,Foreign_Investor,227000
2025-11-19,6449,0,Foreign_Dealer_Self,0
2025-11-19,6449,0,Investment_Trust,0
2025-11-19,6449,1000,Dealer_self,0
2025-11-19,6449,7000,Dealer_Hedging,17924
2025-11-20,6449,402000,Foreign_Investor,400050
2025-11-20,6449,0,Foreign_Dealer_Self,0
2025-11-20,6449,0,Investment_Trust,0
2025-11-20,6449,30003,Dealer_self,4734
2025-11-20,6449,22437,Dealer_Hedging,14999
2025-11-21,6449,471285,Foreign_Investor,618000
2025-11-21,6449,0,Foreign_Dealer_Self,0
2025-11-21,6449,0,Investment_Trust,0
2025-11-21,6449,23000,Dealer_self,47256
2025-11-21,6449,32802,Dealer_Hedging,22182
2025-11-24,6449,181000,Foreign_Investor,218000
2025-11-24,6449,0,Foreign_Dealer_Self,0
2025-11-24,6449,0,Investment_Trust,0
2025-11-24,6449,3000,Dealer_self,1000
2025-11-24,6449,1260,Dealer_Hedging,24988
2025-11-25,6449,258000,Foreign_Investor,158000
2025-11-25,6449,0,Foreign_Dealer_Self,0
2025-11-25,6449,0,Investment_Trust,0
2025-11-25,6449,24186,Dealer_self,0
2025-11-25,6449,20552,Dealer_Hedging,1949
2025-11-26,6449,199000,Foreign_Investor,343000
2025-11-26,6449,0,Foreign_Dealer_Self,0
2025-11-26,6449,0,Investment_Trust,0
2025-11-26,6449,12000,Dealer_self,34350
2025-11-26,6449,28612,Dealer_Hedging,16934
2025-11-27,6449,502000,Foreign_Investor,746000
2025-11-27,6449,0,Foreign_Dealer_Self,0
2025-11-27,6449,0,Investment_Trust,0
2025-11-27,6449,28206,Dealer_self,5436
2025-11-27,6449,63495,Dealer_Hedging,22247
2025-11-28,6449,322000,Foreign_Investor,557000
2025-11-28,6449,0,Foreign_Dealer_Self,0
2025-11-28,6449,0,Investment_Trust,0
2025-11-28,6449,47000,Dealer_self,14000
2025-11-28,6449,9510,Dealer_Hedging,37210
2025-12-01,6449,248000,Foreign_Investor,377000
2025-12-01,6449,0,Foreign_Dealer_Self,0
2025-12-01,6449,0,Investment_Trust,0
2025-12-01,6449,26000,Dealer_self,18176
2025-12-01,6449,21729,Dealer_Hedging,9316
2025-12-02,6449,114000,Foreign_Investor,169000
2025-12-02,6449,0,Foreign_Dealer_Self,0
2025-12-02,6449,0,Investment_Trust,0
2025-12-02,6449,21000,Dealer_self,19000
2025-12-02,6449,1123,Dealer_Hedging,29933
2025-12-03,6449,283000,Foreign_Investor,202000
2025-12-03,6449,0,Foreign_Dealer_Self,0
2025-12-03,6449,0,Investment_Trust,0
2025-12-03,6449,21000,Dealer_self,15887
2025-12-03,6449,30983,Dealer_Hedging,1355
2025-12-04,6449,222000,Foreign_Investor,342853
2025-12-04,6449,0,Foreign_Dealer_Self,0
2025-12-04,6449,0,Investment_Trust,0
2025-12-04,6449,20000,Dealer_self,44000
2025-12-04,6449,19840,Dealer_Hedging,24683
2025-12-05,6449,126000,Foreign_Investor,154000
2025-12-05,6449,0,Foreign_Dealer_Self,0
2025-12-05,6449,0,Investment_Trust,0
2025-12-05,6449,25000,Dealer_self,25000
2025-12-05,6449,7015,Dealer_Hedging,22549
2025-12-08,6449,162000,Foreign_Investor,79000
2025-12-08,6449,0,Foreign_Dealer_Self,0
2025-12-08,6449,0,Investment_Trust,0
2025-12-08,6449,3084,Dealer_self,24000
2025-12-08,6449,10328,Dealer_Hedging,17800
2025-12-09,6449,133000,Foreign_Investor,309000
2025-12-09,6449,0,Foreign_Dealer_Self,0
2025-12-09,6449,0,Investment_Trust,0
2025-12-09,6449,1000,Dealer_self,1000
2025-12-09,6449,2238,Dealer_Hedging,14333
2025-12-10,6449,199000,Foreign_Investor,236000
2025-12-10,6449,0,Foreign_Dealer_Self,0
2025-12-10,6449,0,Investment_Trust,0
2025-12-10,6449,3000,Dealer_self,3027
2025-12-10,6449,33757,Dealer_Hedging,6211
2025-12-11,6449,121000,Foreign_Investor,249000
2025-12-11,6449,0,Foreign_Dealer_Self,0
2025-12-11,6449,0,Investment_Trust,0
2025-12-11,6449,5000,Dealer_self,3659
2025-12-11,6449,3000,Dealer_Hedging,28471
2025-12-12,6449,223000,Foreign_Investor,142000
2025-12-12,6449,0,Foreign_Dealer_Self,0
2025-12-12,6449,0,Investment_Trust,0
2025-12-12,6449,4148,Dealer_self,3840
2025-12-12,6449,4000,Dealer_Hedging,25209
2025-12-15,6449,175000,Foreign_Investor,130000
2025-12-15,6449,0,Foreign_Dealer_Self,0
2025-12-15,6449,0,Investment_Trust,0
2025-12-15,6449,5000,Dealer_self,4181
2025-12-15,6449,14005,Dealer_Hedging,3932
2025-12-16,6449,116000,Foreign_Investor,210000
2025-12-16,6449,0,Foreign_Dealer_Self,0
2025-12-16,6449,0,Investment_Trust,0
2025-12-16,6449,4000,Dealer_self,5853
2025-12-16,6449,31000,Dealer_Hedging,13868
2025-12-17,6449,108100,Foreign_Investor,96393
2025-12-17,6449,0,Foreign_Dealer_Self,0
2025-12-17,6449,0,Investment_Trust,0
2025-12-17,6449,1000,Dealer_self,1345
2025-12-17,6449,29037,Dealer_Hedging,554
2025-12-18,6449,186000,Foreign_Investor,342000
2025-12-18,6449,0,Foreign_Dealer_Self,0
2025-12-18,6449,0,Investment_Trust,0
2025-12-18,6449,72063,Dealer_self,7164
2025-12-18,6449,41000,Dealer_Hedging,9037
2025-12-19,6449,147000,Foreign_Investor,223000
2025-12-19,6449,0,Foreign_Dealer_Self,0
2025-12-19,6449,0,Investment_Trust,0
2025-12-19,6449,2154,Dealer_self,2353
2025-12-19,6449,6106,Dealer_Hedging,32653
2025-12-22,6449,136000,Foreign_Investor,107100
2025-12-22,6449,0,Foreign_Dealer_Self,0
2025-12-22,6449,0,Investment_Trust,150000
2025-12-22,6449,2000,Dealer_self,99
2025-12-22,6449,8000,Dealer_Hedging,18030
2025-12-23,6449,66000,Foreign_Investor,126000
2025-12-23,6449,0,Foreign_Dealer_Self,0
2025-12-23,6449,0,Investment_Trust,0
2025-12-23,6449,179,Dealer_self,0
2025-12-23,6449,1000,Dealer_Hedging,4348
2025-12-24,6449,95000,Foreign_Investor,207000
2025-12-24,6449,0,Foreign_Dealer_Self,0
2025-12-24,6449,4430,Investment_Trust,0
2025-12-24,6449,1000,Dealer_self,25943
2025-12-24,6449,6001,Dealer_Hedging,5850
2025-12-26,6449,124000,Foreign_Investor,72000
2025-12-26,6449,0,Foreign_Dealer_Self,0
2025-12-26,6449,0,Investment_Trust,0
2025-12-26,6449,0,Dealer_self,0
2025-12-26,6449,9214,Dealer_Hedging,3804
2025-12-29,6449,91000,Foreign_Investor,140787
2025-12-29,6449,0,Foreign_Dealer_Self,0
2025-12-29,6449,0,Investment_Trust,0
2025-12-29,6449,159,Dealer_self,0
2025-12-29,6449,9000,Dealer_Hedging,11192
2025-12-30,6449,119000,Foreign_Investor,106000
2025-12-30,6449,0,Foreign_Dealer_Self,0
2025-12-30,6449,0,Investment_Trust,0
2025-12-30,6449,0,Dealer_self,0
2025-12-30,6449,6000,Dealer_Hedging,10001
2025-12-31,6449,151000,Foreign_Investor,54000
2025-12-31,6449,0,Foreign_Dealer_Self,0
2025-12-31,6449,0,Investment_Trust,0
2025-12-31,6449,0,Dealer_self,41
2025-12-31,6449,6034,Dealer_Hedging,7230
2026-01-02,6449,450050,Foreign_Investor,350000
2026-01-02,6449,0,Foreign_Dealer_Self,0
2026-01-02,6449,0,Investment_Trust,0
2026-01-02,6449,30058,Dealer_self,1000
2026-01-02,6449,81939,Dealer_Hedging,3568
2026-01-05,6449,294000,Foreign_Investor,665050
2026-01-05,6449,0,Foreign_Dealer_Self,0
2026-01-05,6449,0,Investment_Trust,0
2026-01-05,6449,5007,Dealer_self,5133
2026-01-05,6449,7000,Dealer_Hedging,56927
2026-01-06,6449,300000,Foreign_Investor,342606
2026-01-06,6449,0,Foreign_Dealer_Self,0
2026-01-06,6449,0,Investment_Trust,0
2026-01-06,6449,0,Dealer_self,539
2026-01-06,6449,22671,Dealer_Hedging,3366
2026-01-07,6449,157000,Foreign_Investor,343000
2026-01-07,6449,0,Foreign_Dealer_Self,0
2026-01-07,6449,0,Investment_Trust,0
2026-01-07,6449,5000,Dealer_self,47779
2026-01-07,6449,3197,Dealer_Hedging,24634
2026-01-08,6449,100025,Foreign_Investor,193000
2026-01-08,6449,0,Foreign_Dealer_Self,0
2026-01-08,6449,0,Investment_Trust,0
2026-01-08,6449,5000,Dealer_self,5484
2026-01-08,6449,1000,Dealer_Hedging,14665
2026-01-09,6449,172000,Foreign_Investor,104000
2026-01-09,6449,0,Foreign_Dealer_Self,0
2026-01-09,6449,0,Investment_Trust,0
2026-01-09,6449,41000,Dealer_self,46480
2026-01-09,6449,14492,Dealer_Hedging,4581
2026-01-12,6449,192000,Foreign_Investor,119000
2026-01-12,6449,0,Foreign_Dealer_Self,0
2026-01-12,6449,0,Investment_Trust,0
2026-01-12,6449,3000,Dealer_self,12274
2026-01-12,6449,13407,Dealer_Hedging,4000
2026-01-13,6449,169000,Foreign_Investor,105000
2026-01-13,6449,0,Foreign_Dealer_Self,0
2026-01-13,6449,0,Investment_Trust,0
2026-01-13,6449,26000,Dealer_self,5000
2026-01-13,6449,1495,Dealer_Hedging,5040
2026-01-14,6449,1242100,Foreign_Investor,592308
2026-01-14,6449,0,Foreign_Dealer_Self,0
2026-01-14,6449,0,Investment_Trust,0
2026-01-14,6449,120990,Dealer_self,5
2026-01-14,6449,58860,Dealer_Hedging,2546
2026-01-15,6449,1113000,Foreign_Investor,1810000
2026-01-15,6449,0,Foreign_Dealer_Self,0
2026-01-15,6449,0,Investment_Trust,0
2026-01-15,6449,24030,Dealer_self,78687
2026-01-15,6449,32987,Dealer_Hedging,62300
2026-01-16,6449,317000,Foreign_Investor,303000
2026-01-16,6449,0,Foreign_Dealer_Self,0
2026-01-16,6449,0,Investment_Trust,0
2026-01-16,6449,6000,Dealer_self,46324
2026-01-16,6449,5475,Dealer_Hedging,13863
2026-01-19,6449,1194200,Foreign_Investor,733083
2026-01-19,6449,0,Foreign_Dealer_Self,0
2026-01-19,6449,0,Investment_Trust,0
2026-01-19,6449,161348,Dealer_self,38075
2026-01-19,6449,151186,Dealer_Hedging,21956
2026-01-20,6449,235000,Foreign_Investor,527810
2026-01-20,6449,0,Foreign_Dealer_Self,0
2026-01-20,6449,0,Investment_Trust,0
2026-01-20,6449,28000,Dealer_self,20748
2026-01-20,6449,28295,Dealer_Hedging,152129
2026-01-21,6449,350000,Foreign_Investor,316000
2026-01-21,6449,0,Foreign_Dealer_Self,0
2026-01-21,6449,0,Investment_Trust,140
2026-01-21,6449,7000,Dealer_self,61000
2026-01-21,6449,9081,Dealer_Hedging,44982
2026-01-22,6449,400000,Foreign_Investor,239492
2026-01-22,6449,0,Foreign_Dealer_Self,0
2026-01-22,6449,0,Investment_Trust,90
2026-01-22,6449,26028,Dealer_self,1000
2026-01-22,6449,15488,Dealer_Hedging,17449
2026-01-23,6449,362000,Foreign_Investor,225000
2026-01-23,6449,0,Foreign_Dealer_Self,0
2026-01-23,6449,0,Investment_Trust,0
2026-01-23,6449,9000,Dealer_self,30000
2026-01-23,6449,10999,Dealer_Hedging,19074
2026-01-26,6449,166000,Foreign_Investor,272000
2026-01-26,6449,0,Foreign_Dealer_Self,0
2026-01-26,6449,0,Investment_Trust,270
2026-01-26,6449,2000,Dealer_self,57007
2026-01-26,6449,5000,Dealer_Hedging,11661
2026-01-27,6449,102000,Foreign_Investor,81000
2026-01-27,6449,0,Foreign_Dealer_Self,0
2026-01-27,6449,0,Investment_Trust,140
2026-01-27,6449,11000,Dealer_self,532
2026-01-27,6449,12921,Dealer_Hedging,8465
2026-01-28,6449,148000,Foreign_Investor,255000
2026-01-28,6449,0,Foreign_Dealer_Self,0
2026-01-28,6449,0,Investment_Trust,270
2026-01-28,6449,0,Dealer_self,21127
2026-01-28,6449,193,Dealer_Hedging,43708
2026-01-29,6449,225000,Foreign_Investor,315000
2026-01-29,6449,0,Foreign_Dealer_Self,0
2026-01-29,6449,0,Investment_Trust,90
2026-01-29,6449,5000,Dealer_self,89788
2026-01-29,6449,0,Dealer_Hedging,11086
2026-01-30,6449,108000,Foreign_Investor,142000
2026-01-30,6449,0,Foreign_Dealer_Self,0
2026-01-30,6449,0,Investment_Trust,50
2026-01-30,6449,5000,Dealer_self,5419
2026-01-30,6449,3000,Dealer_Hedging,5139
2026-02-02,6449,287000,Foreign_Investor,271150
2026-02-02,6449,0,Foreign_Dealer_Self,0
2026-02-02,6449,0,Investment_Trust,140
2026-02-02,6449,10000,Dealer_self,13192
2026-02-02,6449,341,Dealer_Hedging,17017
2026-02-03,6449,99000,Foreign_Investor,152000
2026-02-03,6449,0,Foreign_Dealer_Self,0
2026-02-03,6449,0,Investment_Trust,0
2026-02-03,6449,2000,Dealer_self,5245
2026-02-03,6449,8500,Dealer_Hedging,2341
2026-02-04,6449,109000,Foreign_Investor,113000
2026-02-04,6449,0,Foreign_Dealer_Self,0
2026-02-04,6449,0,Investment_Trust,500
2026-02-04,6449,1000,Dealer_self,1607
2026-02-04,6449,11258,Dealer_Hedging,4496
2026-02-05,6449,39000,Foreign_Investor,128000
2026-02-05,6449,0,Foreign_Dealer_Self,0
2026-02-05,6449,0,Investment_Trust,0
2026-02-05,6449,2000,Dealer_self,3099
2026-02-05,6449,1000,Dealer_Hedging,6001
2026-02-06,6449,118000,Foreign_Investor,159058
2026-02-06,6449,0,Foreign_Dealer_Self,0
2026-02-06,6449,0,Investment_Trust,90
2026-02-06,6449,5000,Dealer_self,8093
2026-02-06,6449,6000,Dealer_Hedging,12790
2026-02-09,6449,102000,Foreign_Investor,87000
2026-02-09,6449,0,Foreign_Dealer_Self,0
2026-02-09,6449,0,Investment_Trust,0
2026-02-09,6449,4000,Dealer_self,3288
2026-02-09,6449,2205,Dealer_Hedging,5000
2026-02-10,6449,49000,Foreign_Investor,61000
2026-02-10,6449,0,Foreign_Dealer_Self,0
2026-02-10,6449,0,Investment_Trust,0
2026-02-10,6449,2000,Dealer_self,1000
2026-02-10,6449,789,Dealer_Hedging,2001
2026-02-11,6449,100001,Foreign_Investor,106000
2026-02-11,6449,0,Foreign_Dealer_Self,0
2026-02-11,6449,0,Investment_Trust,0
2026-02-11,6449,9000,Dealer_self,2994
2026-02-11,6449,3000,Dealer_Hedging,5970
2026-02-23,6449,317100,Foreign_Investor,108000
2026-02-23,6449,0,Foreign_Dealer_Self,0
2026-02-23,6449,0,Investment_Trust,0
2026-02-23,6449,34000,Dealer_self,5520
2026-02-23,6449,16133,Dealer_Hedging,1159
2026-02-24,6449,244100,Foreign_Investor,183000
2026-02-24,6449,0,Foreign_Dealer_Self,0
2026-02-24,6449,0,Investment_Trust,0
2026-02-24,6449,2000,Dealer_self,2190
2026-02-24,6449,22860,Dealer_Hedging,5421
2026-02-25,6449,687050,Foreign_Investor,294000
2026-02-25,6449,0,Foreign_Dealer_Self,0
2026-02-25,6449,0,Investment_Trust,100
2026-02-25,6449,11726,Dealer_self,2768
2026-02-25,6449,35221,Dealer_Hedging,18808
2026-02-26,6449,1321647,Foreign_Investor,520000
2026-02-26,6449,0,Foreign_Dealer_Self,0
2026-02-26,6449,0,Investment_Trust,0
2026-02-26,6449,1000,Dealer_self,1000
2026-02-26,6449,81232,Dealer_Hedging,30741
2026-03-02,6449,701100,Foreign_Investor,787000
2026-03-02,6449,0,Foreign_Dealer_Self,0
2026-03-02,6449,0,Investment_Trust,50
2026-03-02,6449,2003,Dealer_self,1041
2026-03-02,6449,120515,Dealer_Hedging,69215
2026-03-03,6449,632330,Foreign_Investor,625000
2026-03-03,6449,0,Foreign_Dealer_Self,0
2026-03-03,6449,0,Investment_Trust,50
2026-03-03,6449,7000,Dealer_self,43014
2026-03-03,6449,12115,Dealer_Hedging,71230
2026-03-04,6449,498000,Foreign_Investor,570000
2026-03-04,6449,0,Foreign_Dealer_Self,0
2026-03-04,6449,0,Investment_Trust,0
2026-03-04,6449,19000,Dealer_self,22408
2026-03-04,6449,13462,Dealer_Hedging,90438
2026-03-05,6449,267000,Foreign_Investor,289000
2026-03-05,6449,0,Foreign_Dealer_Self,0
2026-03-05,6449,0,Investment_Trust,180
2026-03-05,6449,2000,Dealer_self,2096
2026-03-05,6449,6000,Dealer_Hedging,5165
2026-03-06,6449,64000,Foreign_Investor,138000
2026-03-06,6449,0,Foreign_Dealer_Self,0
2026-03-06,6449,0,Investment_Trust,0
2026-03-06,6449,3000,Dealer_self,1655
2026-03-06,6449,2000,Dealer_Hedging,7999
2026-03-09,6449,148000,Foreign_Investor,491021
2026-03-09,6449,0,Foreign_Dealer_Self,0
2026-03-09,6449,0,Investment_Trust,50
2026-03-09,6449,10000,Dealer_self,17294
2026-03-09,6449,1000,Dealer_Hedging,11915
2026-03-10,6449,157000,Foreign_Investor,130000
2026-03-10,6449,0,Foreign_Dealer_Self,0
2026-03-10,6449,0,Investment_Trust,0
2026-03-10,6449,4600,Dealer_self,4539
2026-03-10,6449,4405,Dealer_Hedging,10000
2026-03-11,6449,77000,Foreign_Investor,61000
2026-03-11,6449,0,Foreign_Dealer_Self,0
2026-03-11,6449,0,Investment_Trust,0
2026-03-11,6449,2000,Dealer_self,6575
2026-03-11,6449,4000,Dealer_Hedging,405
2026-03-12,6449,96000,Foreign_Investor,168000
2026-03-12,6449,0,Foreign_Dealer_Self,0
2026-03-12,6449,0,Investment_Trust,0
2026-03-12,6449,6000,Dealer_self,8750
2026-03-12,6449,4000,Dealer_Hedging,5000
2026-03-13,6449,174000,Foreign_Investor,126177
2026-03-13,6449,0,Foreign_Dealer_Self,0
2026-03-13,6449,0,Investment_Trust,0
2026-03-13,6449,4000,Dealer_self,4372
2026-03-13,6449,4000,Dealer_Hedging,14
2026-03-16,6449,77000,Foreign_Investor,109993
2026-03-16,6449,0,Foreign_Dealer_Self,0
2026-03-16,6449,0,Investment_Trust,0
2026-03-16,6449,1000,Dealer_self,1000
2026-03-16,6449,0,Dealer_Hedging,4000
2026-03-17,6449,210000,Foreign_Investor,174000
2026-03-17,6449,0,Foreign_Dealer_Self,0
2026-03-17,6449,0,Investment_Trust,0
2026-03-17,6449,2000,Dealer_self,762
2026-03-17,6449,13000,Dealer_Hedging,100
2026-03-18,6449,125000,Foreign_Investor,202000
2026-03-18,6449,0,Foreign_Dealer_Self,0
2026-03-18,6449,0,Investment_Trust,0
2026-03-18,6449,2000,Dealer_self,2000
2026-03-18,6449,3000,Dealer_Hedging,8000
2026-03-19,6449,108000,Foreign_Investor,148000
2026-03-19,6449,0,Foreign_Dealer_Self,0
2026-03-19,6449,0,Investment_Trust,0
2026-03-19,6449,0,Dealer_self,0
2026-03-19,6449,5000,Dealer_Hedging,4335
2026-03-20,6449,93000,Foreign_Investor,205000
2026-03-20,6449,0,Foreign_Dealer_Self,0
2026-03-20,6449,0,Investment_Trust,0
2026-03-20,6449,0,Dealer_self,1000
2026-03-20,6449,1000,Dealer_Hedging,1000
2026-03-23,6449,114000,Foreign_Investor,121030
2026-03-23,6449,0,Foreign_Dealer_Self,0
2026-03-23,6449,0,Investment_Trust,0
2026-03-23,6449,0,Dealer_self,2000
2026-03-23,6449,3000,Dealer_Hedging,9138
2026-03-24,6449,82000,Foreign_Investor,109000
2026-03-24,6449,0,Foreign_Dealer_Self,0
2026-03-24,6449,0,Investment_Trust,0
2026-03-24,6449,1000,Dealer_self,0
2026-03-24,6449,1000,Dealer_Hedging,5281
2026-03-25,6449,103000,Foreign_Investor,79000
2026-03-25,6449,0,Foreign_Dealer_Self,0
2026-03-25,6449,0,Investment_Trust,0
2026-03-25,6449,2000,Dealer_self,4000
2026-03-25,6449,5000,Dealer_Hedging,131
2026-03-26,6449,61002,Foreign_Investor,118000
2026-03-26,6449,0,Foreign_Dealer_Self,0
2026-03-26,6449,0,Investment_Trust,0
2026-03-26,6449,1000,Dealer_self,0
2026-03-26,6449,1000,Dealer_Hedging,10000
2026-03-27,6449,77000,Foreign_Investor,72001
2026-03-27,6449,0,Foreign_Dealer_Self,0
2026-03-27,6449,0,Investment_Trust,140
2026-03-27,6449,0,Dealer_self,0
2026-03-27,6449,4019,Dealer_Hedging,1331
2026-03-30,6449,52000,Foreign_Investor,178001
2026-03-30,6449,0,Foreign_Dealer_Self,0
2026-03-30,6449,0,Investment_Trust,0
2026-03-30,6449,0,Dealer_self,4000
2026-03-30,6449,12322,Dealer_Hedging,6019
2026-03-31,6449,124000,Foreign_Investor,404001
2026-03-31,6449,0,Foreign_Dealer_Self,0
2026-03-31,6449,0,Investment_Trust,0
2026-03-31,6449,2000,Dealer_self,1000
2026-03-31,6449,2000,Dealer_Hedging,14253
2026-04-01,6449,80000,Foreign_Investor,97000
2026-04-01,6449,0,Foreign_Dealer_Self,0
2026-04-01,6449,0,Investment_Trust,0
2026-04-01,6449,5000,Dealer_self,0
2026-04-01,6449,3002,Dealer_Hedging,5000
2026-04-02,6449,57000,Foreign_Investor,195000
2026-04-02,6449,0,Foreign_Dealer_Self,0
2026-04-02,6449,0,Investment_Trust,0
2026-04-02,6449,0,Dealer_self,0
2026-04-02,6449,1056,Dealer_Hedging,3303
2026-04-07,6449,53000,Foreign_Investor,49000
2026-04-07,6449,0,Foreign_Dealer_Self,0
2026-04-07,6449,180,Investment_Trust,0
2026-04-07,6449,1000,Dealer_self,1000
2026-04-07,6449,4000,Dealer_Hedging,56
2026-04-08,6449,119000,Foreign_Investor,43000
2026-04-08,6449,0,Foreign_Dealer_Self,0
2026-04-08,6449,0,Investment_Trust,0
2026-04-08,6449,7677,Dealer_self,5
2026-04-08,6449,4403,Dealer_Hedging,4000
2026-04-09,6449,116000,Foreign_Investor,91000
2026-04-09,6449,0,Foreign_Dealer_Self,0
2026-04-09,6449,0,Investment_Trust,0
2026-04-09,6449,0,Dealer_self,1000
2026-04-09,6449,9050,Dealer_Hedging,4403
2026-04-10,6449,130000,Foreign_Investor,89000
2026-04-10,6449,0,Foreign_Dealer_Self,0
2026-04-10,6449,0,Investment_Trust,180
2026-04-10,6449,0,Dealer_self,0
2026-04-10,6449,2000,Dealer_Hedging,6110
2026-04-13,6449,669000,Foreign_Investor,596000
2026-04-13,6449,0,Foreign_Dealer_Self,0
2026-04-13,6449,0,Investment_Trust,0
2026-04-13,6449,9574,Dealer_self,2000
2026-04-13,6449,45274,Dealer_Hedging,26162
2026-04-14,6449,286110,Foreign_Investor,375000
2026-04-14,6449,0,Foreign_Dealer_Self,0
2026-04-14,6449,0,Investment_Trust,0
2026-04-14,6449,1000,Dealer_self,8574
2026-04-14,6449,9000,Dealer_Hedging,19061
2026-04-15,6449,510000,Foreign_Investor,417000
2026-04-15,6449,0,Foreign_Dealer_Self,0
2026-04-15,6449,0,Investment_Trust,0
2026-04-15,6449,0,Dealer_self,1397
2026-04-15,6449,9065,Dealer_Hedging,7867
2026-04-16,6449,515000,Foreign_Investor,394000
2026-04-16,6449,0,Foreign_Dealer_Self,0
2026-04-16,6449,0,Investment_Trust,0
2026-04-16,6449,2000,Dealer_self,0
2026-04-16,6449,17493,Dealer_Hedging,14065
2026-04-17,6449,265540,Foreign_Investor,220000
2026-04-17,6449,0,Foreign_Dealer_Self,0
2026-04-17,6449,0,Investment_Trust,90
2026-04-17,6449,1000,Dealer_self,2000
2026-04-17,6449,16609,Dealer_Hedging,9401
2026-04-20,6449,496000,Foreign_Investor,225000
2026-04-20,6449,0,Foreign_Dealer_Self,0
2026-04-20,6449,0,Investment_Trust,0
2026-04-20,6449,0,Dealer_self,0
2026-04-20,6449,21250,Dealer_Hedging,11854
2026-04-21,6449,205530,Foreign_Investor,249000
2026-04-21,6449,0,Foreign_Dealer_Self,0
2026-04-21,6449,0,Investment_Trust,0
2026-04-21,6449,1000,Dealer_self,87
2026-04-21,6449,3054,Dealer_Hedging,17730
2026-04-22,6449,326000,Foreign_Investor,172000
2026-04-22,6449,0,Foreign_Dealer_Self,0
2026-04-22,6449,0,Investment_Trust,140
2026-04-22,6449,0,Dealer_self,0
2026-04-22,6449,4379,Dealer_Hedging,8608
2026-04-23,6449,198000,Foreign_Investor,538000
2026-04-23,6449,0,Foreign_Dealer_Self,0
2026-04-23,6449,0,Investment_Trust,0
2026-04-23,6449,0,Dealer_self,5000
2026-04-23,6449,7686,Dealer_Hedging,18908
2026-04-24,6449,202000,Foreign_Investor,225000
2026-04-24,6449,0,Foreign_Dealer_Self,0
2026-04-24,6449,0,Investment_Trust,172000
2026-04-24,6449,0,Dealer_self,1115
2026-04-24,6449,1964,Dealer_Hedging,8365
2026-04-27,6449,471100,Foreign_Investor,342000
2026-04-27,6449,0,Foreign_Dealer_Self,0
2026-04-27,6449,0,Investment_Trust,417000
2026-04-27,6449,0,Dealer_self,0
2026-04-27,6449,2836,Dealer_Hedging,2964
2026-04-28,6449,353000,Foreign_Investor,262000
2026-04-28,6449,0,Foreign_Dealer_Self,0
2026-04-28,6449,0,Investment_Trust,200000
2026-04-28,6449,0,Dealer_self,1090
2026-04-28,6449,9052,Dealer_Hedging,4837
2026-04-29,6449,96000,Foreign_Investor,76000
2026-04-29,6449,0,Foreign_Dealer_Self,0
2026-04-29,6449,0,Investment_Trust,117
2026-04-29,6449,0,Dealer_self,0
2026-04-29,6449,0,Dealer_Hedging,3689
2026-04-30,6449,97000,Foreign_Investor,78000
2026-04-30,6449,0,Foreign_Dealer_Self,0
2026-04-30,6449,0,Investment_Trust,76
2026-04-30,6449,2000,Dealer_self,0
2026-04-30,6449,8000,Dealer_Hedging,1132
2026-05-04,6449,273000,Foreign_Investor,75000
2026-05-04,6449,0,Foreign_Dealer_Self,0
2026-05-04,6449,0,Investment_Trust,173000
2026-05-04,6449,7000,Dealer_self,2000
2026-05-04,6449,16921,Dealer_Hedging,2913
2026-05-05,6449,479041,Foreign_Investor,130058
2026-05-05,6449,0,Foreign_Dealer_Self,0
2026-05-05,6449,0,Investment_Trust,96
2026-05-05,6449,0,Dealer_self,1000
2026-05-05,6449,15000,Dealer_Hedging,7190
2026-05-06,6449,292052,Foreign_Investor,273000
2026-05-06,6449,0,Foreign_Dealer_Self,0
2026-05-06,6449,0,Investment_Trust,93
2026-05-06,6449,1440,Dealer_self,6000
2026-05-06,6449,8053,Dealer_Hedging,10492
2026-05-07,6449,921181,Foreign_Investor,495227
2026-05-07,6449,0,Foreign_Dealer_Self,0
2026-05-07,6449,0,Investment_Trust,117096
2026-05-07,6449,0,Dealer_self,1000
2026-05-07,6449,95131,Dealer_Hedging,34391
2026-05-08,6449,885222,Foreign_Investor,416055
2026-05-08,6449,0,Foreign_Dealer_Self,0
2026-05-08,6449,0,Investment_Trust,179
2026-05-08,6449,1000,Dealer_self,0
2026-05-08,6449,47587,Dealer_Hedging,40334
2026-05-11,6449,384111,Foreign_Investor,503019
2026-05-11,6449,0,Foreign_Dealer_Self,0
2026-05-11,6449,0,Investment_Trust,78
2026-05-11,6449,0,Dealer_self,0
2026-05-11,6449,9001,Dealer_Hedging,25745
2026-05-12,6449,1126001,Foreign_Investor,465140
2026-05-12,6449,0,Foreign_Dealer_Self,0
2026-05-12,6449,0,Investment_Trust,177
2026-05-12,6449,16000,Dealer_self,4000
2026-05-12,6449,118656,Dealer_Hedging,30337
2026-05-13,6449,1218724,Foreign_Investor,1230267
2026-05-13,6449,0,Foreign_Dealer_Self,0
2026-05-13,6449,0,Investment_Trust,0
2026-05-13,6449,10000,Dealer_self,15000
2026-05-13,6449,143253,Dealer_Hedging,91311
2026-05-14,6449,991005,Foreign_Investor,504137
2026-05-14,6449,0,Foreign_Dealer_Self,0
2026-05-14,6449,0,Investment_Trust,0
2026-05-14,6449,11000,Dealer_self,1000
2026-05-14,6449,197466,Dealer_Hedging,194642
2026-05-15,6449,1008000,Foreign_Investor,760000
2026-05-15,6449,0,Foreign_Dealer_Self,0
2026-05-15,6449,0,Investment_Trust,0
2026-05-15,6449,14000,Dealer_self,21800
2026-05-15,6449,36452,Dealer_Hedging,72853
2026-05-18,6449,3148489,Foreign_Investor,2559740
2026-05-18,6449,0,Foreign_Dealer_Self,0
2026-05-18,6449,0,Investment_Trust,0
2026-05-18,6449,20000,Dealer_self,2346
2026-05-18,6449,161397,Dealer_Hedging,122094
2026-05-19,6449,492300,Foreign_Investor,239000
2026-05-19,6449,0,Foreign_Dealer_Self,0
2026-05-19,6449,0,Investment_Trust,938
2026-05-19,6449,0,Dealer_self,16000
2026-05-19,6449,1000,Dealer_Hedging,74392
2026-05-20,6449,123000,Foreign_Investor,143200
2026-05-20,6449,0,Foreign_Dealer_Self,0
2026-05-20,6449,10000,Dealer_self,1000
2026-05-20,6449,5731,Dealer_Hedging,32000
2026-05-20,6449,9000,Investment_Trust,0
2026-05-21,6449,610050,Foreign_Investor,264210
2026-05-21,6449,0,Foreign_Dealer_Self,0
2026-05-21,6449,0,Dealer_self,1000
2026-05-21,6449,17100,Dealer_Hedging,3269
2026-05-21,6449,38000,Investment_Trust,0
2026-05-22,6449,264121,Foreign_Investor,292000
2026-05-22,6449,0,Foreign_Dealer_Self,0
2026-05-22,6449,0,Investment_Trust,0
2026-05-22,6449,4500,Dealer_self,1000
2026-05-22,6449,26000,Dealer_Hedging,4217
2026-05-25,6449,131000,Foreign_Investor,58000
2026-05-25,6449,0,Foreign_Dealer_Self,0
2026-05-25,6449,0,Investment_Trust,0
2026-05-25,6449,1000,Dealer_self,0
2026-05-25,6449,15300,Dealer_Hedging,21459
2026-05-26,6449,35000,Foreign_Investor,96075
2026-05-26,6449,0,Foreign_Dealer_Self,0
2026-05-26,6449,0,Investment_Trust,0
2026-05-26,6449,3000,Dealer_self,0
2026-05-26,6449,16000,Dealer_Hedging,13500
2026-05-27,6449,52100,Foreign_Investor,110000
2026-05-27,6449,0,Foreign_Dealer_Self,0
2026-05-27,6449,3000,Dealer_self,1000
2026-05-27,6449,8000,Dealer_Hedging,12000
2026-05-27,6449,73000,Investment_Trust,0
2026-05-28,6449,39000,Foreign_Investor,61000
2026-05-28,6449,0,Foreign_Dealer_Self,0
2026-05-28,6449,20000,Dealer_self,4000
2026-05-28,6449,68000,Dealer_Hedging,15000
2026-05-28,6449,71000,Investment_Trust,0
2026-05-29,6449,8000,Foreign_Investor,4000
2026-05-29,6449,0,Foreign_Dealer_Self,0
2026-05-29,6449,0,Investment_Trust,0
2026-05-29,6449,1000,Dealer_self,2000
2026-05-29,6449,3641,Dealer_Hedging,4151
2026-06-01,6449,36025,Foreign_Investor,77000
2026-06-01,6449,0,Foreign_Dealer_Self,0
2026-06-01,6449,0,Investment_Trust,0
2026-06-01,6449,9000,Dealer_self,14000
2026-06-01,6449,33000,Dealer_Hedging,18229
2026-06-02,6449,43000,Foreign_Investor,36000
2026-06-02,6449,0,Foreign_Dealer_Self,0
2026-06-02,6449,1000,Dealer_self,13440
2026-06-02,6449,2000,Dealer_Hedging,16612
2026-06-02,6449,79000,Investment_Trust,0
2026-06-03,6449,121684,Foreign_Investor,6000
2026-06-03,6449,0,Foreign_Dealer_Self,0
2026-06-03,6449,5500,Dealer_self,5000
2026-06-03,6449,15000,Dealer_Hedging,13986
2026-06-03,6449,25000,Investment_Trust,0
2026-06-04,6449,45326,Foreign_Investor,13000
2026-06-04,6449,0,Foreign_Dealer_Self,0
2026-06-04,6449,0,Investment_Trust,0
2026-06-04,6449,3000,Dealer_self,4500
2026-06-04,6449,5000,Dealer_Hedging,14000
2026-06-05,6449,40000,Foreign_Investor,69000
2026-06-05,6449,0,Foreign_Dealer_Self,0
2026-06-05,6449,0,Investment_Trust,0
2026-06-05,6449,2000,Dealer_self,18000
2026-06-05,6449,3000,Dealer_Hedging,9987
2026-06-08,6449,93012,Foreign_Investor,40200
2026-06-08,6449,0,Foreign_Dealer_Self,0
2026-06-08,6449,0,Investment_Trust,0
2026-06-08,6449,2242,Dealer_self,1000
2026-06-08,6449,30000,Dealer_Hedging,5000
2026-06-09,6449,46003,Foreign_Investor,14393
2026-06-09,6449,0,Foreign_Dealer_Self,0
2026-06-09,6449,0,Investment_Trust,0
2026-06-09,6449,1000,Dealer_self,1000
2026-06-09,6449,3000,Dealer_Hedging,3570
2026-06-10,6449,0,Foreign_Dealer_Self,0
2026-06-10,6449,0,Investment_Trust,0
2026-06-10,6449,110000,Foreign_Investor,18000
2026-06-10,6449,4246,Dealer_self,3000
2026-06-10,6449,2000,Dealer_Hedging,29900
2026-06-11,6449,38700,Foreign_Investor,72050
2026-06-11,6449,0,Foreign_Dealer_Self,0
2026-06-11,6449,0,Investment_Trust,0
2026-06-11,6449,5000,Dealer_self,0
2026-06-11,6449,4000,Dealer_Hedging,6998
2026-06-12,6449,0,Foreign_Dealer_Self,0
2026-06-12,6449,0,Foreign_Investor,51000
2026-06-12,6449,0,Investment_Trust,0
2026-06-12,6449,0,Dealer_self,1000
2026-06-12,6449,13000,Dealer_Hedging,5887
2026-06-15,6449,302000,Foreign_Investor,57000
2026-06-15,6449,0,Foreign_Dealer_Self,0
2026-06-15,6449,0,Investment_Trust,0
2026-06-15,6449,0,Dealer_self,10242
2026-06-15,6449,16326,Dealer_Hedging,0
