date,stock_id,buy,name,sell
2024-05-22,6768,215000,Foreign_Investor,98000
2024-05-22,6768,0,Foreign_Dealer_Self,0
2024-05-22,6768,0,Investment_Trust,0
2024-05-22,6768,8000,Dealer_self,0
2024-05-22,6768,0,Dealer_Hedging,0
2024-05-23,6768,221000,Foreign_Investor,282000
2024-05-23,6768,0,Foreign_Dealer_Self,0
2024-05-23,6768,0,Investment_Trust,0
2024-05-23,6768,17000,Dealer_self,9000
2024-05-23,6768,0,Dealer_Hedging,0
2024-05-24,6768,770000,Foreign_Investor,358000
2024-05-24,6768,0,Foreign_Dealer_Self,0
2024-05-24,6768,0,Investment_Trust,0
2024-05-24,6768,0,Dealer_self,15000
2024-05-24,6768,0,Dealer_Hedging,0
2024-05-27,6768,231000,Foreign_Investor,259000
2024-05-27,6768,0,Foreign_Dealer_Self,0
2024-05-27,6768,0,Investment_Trust,0
2024-05-27,6768,2000,Dealer_self,23000
2024-05-27,6768,0,Dealer_Hedging,0
2024-05-28,6768,449000,Foreign_Investor,204000
2024-05-28,6768,0,Foreign_Dealer_Self,0
2024-05-28,6768,0,Investment_Trust,0
2024-05-28,6768,3000,Dealer_self,1000
2024-05-28,6768,0,Dealer_Hedging,0
2024-05-29,6768,203000,Foreign_Investor,200000
2024-05-29,6768,0,Foreign_Dealer_Self,0
2024-05-29,6768,0,Investment_Trust,2224
2024-05-29,6768,2000,Dealer_self,0
2024-05-29,6768,0,Dealer_Hedging,0
2024-05-30,6768,172000,Foreign_Investor,306000
2024-05-30,6768,0,Foreign_Dealer_Self,0
2024-05-30,6768,0,Investment_Trust,0
2024-05-30,6768,0,Dealer_self,100000
2024-05-30,6768,0,Dealer_Hedging,0
2024-05-31,6768,146000,Foreign_Investor,108000
2024-05-31,6768,0,Foreign_Dealer_Self,0
2024-05-31,6768,0,Investment_Trust,0
2024-05-31,6768,4000,Dealer_self,0
2024-05-31,6768,0,Dealer_Hedging,0
2024-06-03,6768,60000,Foreign_Investor,43000
2024-06-03,6768,0,Foreign_Dealer_Self,0
2024-06-03,6768,0,Investment_Trust,0
2024-06-03,6768,10000,Dealer_self,1000
2024-06-03,6768,0,Dealer_Hedging,0
2024-06-04,6768,295000,Foreign_Investor,151000
2024-06-04,6768,0,Foreign_Dealer_Self,0
2024-06-04,6768,0,Investment_Trust,0
2024-06-04,6768,0,Dealer_self,12000
2024-06-04,6768,0,Dealer_Hedging,0
2024-06-05,6768,205000,Foreign_Investor,86000
2024-06-05,6768,0,Foreign_Dealer_Self,0
2024-06-05,6768,0,Investment_Trust,2225
2024-06-05,6768,0,Dealer_self,8000
2024-06-05,6768,0,Dealer_Hedging,0
2024-06-06,6768,101000,Foreign_Investor,111000
2024-06-06,6768,0,Foreign_Dealer_Self,0
2024-06-06,6768,0,Investment_Trust,0
2024-06-06,6768,9000,Dealer_self,18000
2024-06-06,6768,0,Dealer_Hedging,0
2024-06-07,6768,133000,Foreign_Investor,46000
2024-06-07,6768,0,Foreign_Dealer_Self,0
2024-06-07,6768,0,Investment_Trust,4454
2024-06-07,6768,4000,Dealer_self,2000
2024-06-07,6768,0,Dealer_Hedging,0
2024-06-11,6768,171000,Foreign_Investor,105000
2024-06-11,6768,0,Foreign_Dealer_Self,0
2024-06-11,6768,0,Investment_Trust,4454
2024-06-11,6768,23000,Dealer_self,7000
2024-06-11,6768,0,Dealer_Hedging,0
2024-06-12,6768,235521,Foreign_Investor,137000
2024-06-12,6768,0,Foreign_Dealer_Self,0
2024-06-12,6768,0,Investment_Trust,0
2024-06-12,6768,8000,Dealer_self,0
2024-06-12,6768,0,Dealer_Hedging,0
2024-06-13,6768,216000,Foreign_Investor,150000
2024-06-13,6768,0,Foreign_Dealer_Self,0
2024-06-13,6768,0,Investment_Trust,4454
2024-06-13,6768,0,Dealer_self,2000
2024-06-13,6768,0,Dealer_Hedging,0
2024-06-14,6768,119000,Foreign_Investor,100000
2024-06-14,6768,0,Foreign_Dealer_Self,0
2024-06-14,6768,0,Investment_Trust,11135
2024-06-14,6768,0,Dealer_self,0
2024-06-14,6768,0,Dealer_Hedging,0
2024-06-17,6768,131000,Foreign_Investor,75000
2024-06-17,6768,0,Foreign_Dealer_Self,0
2024-06-17,6768,0,Investment_Trust,4454
2024-06-17,6768,0,Dealer_self,2000
2024-06-17,6768,0,Dealer_Hedging,0
2024-06-18,6768,44000,Foreign_Investor,65000
2024-06-18,6768,0,Foreign_Dealer_Self,0
2024-06-18,6768,0,Investment_Trust,6681
2024-06-18,6768,5000,Dealer_self,4000
2024-06-18,6768,0,Dealer_Hedging,0
2024-06-19,6768,68000,Foreign_Investor,91000
2024-06-19,6768,0,Foreign_Dealer_Self,0
2024-06-19,6768,0,Investment_Trust,11149
2024-06-19,6768,6000,Dealer_self,4000
2024-06-19,6768,0,Dealer_Hedging,0
2024-06-20,6768,71336,Foreign_Investor,233000
2024-06-20,6768,0,Foreign_Dealer_Self,0
2024-06-20,6768,0,Investment_Trust,0
2024-06-20,6768,7000,Dealer_self,10000
2024-06-20,6768,10000,Dealer_Hedging,0
2024-06-21,6768,536263,Foreign_Investor,132000
2024-06-21,6768,0,Foreign_Dealer_Self,0
2024-06-21,6768,0,Investment_Trust,33515
2024-06-21,6768,5000,Dealer_self,22000
2024-06-21,6768,0,Dealer_Hedging,0
2024-06-24,6768,249382,Foreign_Investor,118000
2024-06-24,6768,0,Foreign_Dealer_Self,0
2024-06-24,6768,0,Investment_Trust,0
2024-06-24,6768,8000,Dealer_self,15000
2024-06-24,6768,0,Dealer_Hedging,0
2024-06-25,6768,367018,Foreign_Investor,167400
2024-06-25,6768,0,Foreign_Dealer_Self,0
2024-06-25,6768,0,Investment_Trust,0
2024-06-25,6768,27000,Dealer_self,14000
2024-06-25,6768,0,Dealer_Hedging,0
2024-06-26,6768,184000,Foreign_Investor,208000
2024-06-26,6768,0,Foreign_Dealer_Self,0
2024-06-26,6768,0,Investment_Trust,0
2024-06-26,6768,0,Dealer_self,2000
2024-06-26,6768,0,Dealer_Hedging,0
2024-06-27,6768,50000,Foreign_Investor,137000
2024-06-27,6768,0,Foreign_Dealer_Self,0
2024-06-27,6768,0,Investment_Trust,0
2024-06-27,6768,8000,Dealer_self,0
2024-06-27,6768,0,Dealer_Hedging,0
2024-06-28,6768,61000,Foreign_Investor,223000
2024-06-28,6768,0,Foreign_Dealer_Self,0
2024-06-28,6768,0,Investment_Trust,0
2024-06-28,6768,16000,Dealer_self,1000
2024-06-28,6768,0,Dealer_Hedging,0
2024-07-01,6768,77000,Foreign_Investor,165000
2024-07-01,6768,0,Foreign_Dealer_Self,0
2024-07-01,6768,2252,Investment_Trust,0
2024-07-01,6768,12000,Dealer_self,30206
2024-07-01,6768,0,Dealer_Hedging,0
2024-07-02,6768,33000,Foreign_Investor,147000
2024-07-02,6768,0,Foreign_Dealer_Self,0
2024-07-02,6768,0,Investment_Trust,0
2024-07-02,6768,13000,Dealer_self,1280
2024-07-02,6768,0,Dealer_Hedging,0
2024-07-03,6768,40000,Foreign_Investor,218000
2024-07-03,6768,0,Foreign_Dealer_Self,0
2024-07-03,6768,0,Investment_Trust,0
2024-07-03,6768,54000,Dealer_self,0
2024-07-03,6768,0,Dealer_Hedging,0
2024-07-04,6768,77000,Foreign_Investor,114000
2024-07-04,6768,0,Foreign_Dealer_Self,0
2024-07-04,6768,0,Investment_Trust,0
2024-07-04,6768,29000,Dealer_self,3000
2024-07-04,6768,0,Dealer_Hedging,0
2024-07-05,6768,160000,Foreign_Investor,59000
2024-07-05,6768,0,Foreign_Dealer_Self,0
2024-07-05,6768,0,Investment_Trust,0
2024-07-05,6768,0,Dealer_self,50000
2024-07-05,6768,0,Dealer_Hedging,0
2024-07-08,6768,32000,Foreign_Investor,114000
2024-07-08,6768,0,Foreign_Dealer_Self,0
2024-07-08,6768,0,Investment_Trust,0
2024-07-08,6768,0,Dealer_self,2000
2024-07-08,6768,0,Dealer_Hedging,0
2024-07-09,6768,102000,Foreign_Investor,203000
2024-07-09,6768,0,Foreign_Dealer_Self,0
2024-07-09,6768,0,Investment_Trust,0
2024-07-09,6768,7000,Dealer_self,14276
2024-07-09,6768,0,Dealer_Hedging,0
2024-07-10,6768,153000,Foreign_Investor,56000
2024-07-10,6768,0,Foreign_Dealer_Self,0
2024-07-10,6768,0,Investment_Trust,0
2024-07-10,6768,6000,Dealer_self,14000
2024-07-10,6768,0,Dealer_Hedging,0
2024-07-11,6768,79000,Foreign_Investor,128000
2024-07-11,6768,0,Foreign_Dealer_Self,0
2024-07-11,6768,0,Investment_Trust,0
2024-07-11,6768,0,Dealer_self,2000
2024-07-11,6768,0,Dealer_Hedging,0
2024-07-12,6768,9000,Foreign_Investor,46000
2024-07-12,6768,0,Foreign_Dealer_Self,0
2024-07-12,6768,0,Investment_Trust,0
2024-07-12,6768,0,Dealer_self,1000
2024-07-12,6768,0,Dealer_Hedging,0
2024-07-15,6768,47000,Foreign_Investor,45000
2024-07-15,6768,0,Foreign_Dealer_Self,0
2024-07-15,6768,0,Investment_Trust,0
2024-07-15,6768,0,Dealer_self,0
2024-07-15,6768,0,Dealer_Hedging,0
2024-07-16,6768,21000,Foreign_Investor,69000
2024-07-16,6768,0,Foreign_Dealer_Self,0
2024-07-16,6768,0,Investment_Trust,0
2024-07-16,6768,6000,Dealer_self,0
2024-07-16,6768,0,Dealer_Hedging,0
2024-07-17,6768,192000,Foreign_Investor,115000
2024-07-17,6768,0,Foreign_Dealer_Self,0
2024-07-17,6768,0,Investment_Trust,0
2024-07-17,6768,3000,Dealer_self,28000
2024-07-17,6768,0,Dealer_Hedging,0
2024-07-18,6768,215000,Foreign_Investor,47000
2024-07-18,6768,0,Foreign_Dealer_Self,0
2024-07-18,6768,0,Investment_Trust,120000
2024-07-18,6768,3000,Dealer_self,5000
2024-07-18,6768,0,Dealer_Hedging,0
2024-07-19,6768,248500,Foreign_Investor,95000
2024-07-19,6768,0,Foreign_Dealer_Self,0
2024-07-19,6768,0,Investment_Trust,0
2024-07-19,6768,2000,Dealer_self,4000
2024-07-19,6768,0,Dealer_Hedging,0
2024-07-22,6768,380100,Foreign_Investor,189000
2024-07-22,6768,0,Foreign_Dealer_Self,0
2024-07-22,6768,0,Investment_Trust,0
2024-07-22,6768,1000,Dealer_self,2000
2024-07-22,6768,0,Dealer_Hedging,0
2024-07-23,6768,173000,Foreign_Investor,129000
2024-07-23,6768,0,Foreign_Dealer_Self,0
2024-07-23,6768,0,Investment_Trust,0
2024-07-23,6768,0,Dealer_self,0
2024-07-23,6768,0,Dealer_Hedging,0
2024-07-26,6768,1277000,Foreign_Investor,239100
2024-07-26,6768,0,Foreign_Dealer_Self,0
2024-07-26,6768,4564,Investment_Trust,0
2024-07-26,6768,58000,Dealer_self,17154
2024-07-26,6768,0,Dealer_Hedging,0
2024-07-29,6768,1030000,Foreign_Investor,897502
2024-07-29,6768,0,Foreign_Dealer_Self,0
2024-07-29,6768,143000,Dealer_self,24000
2024-07-29,6768,0,Dealer_Hedging,0
2024-07-29,6768,110000,Investment_Trust,0
2024-07-30,6768,339000,Foreign_Investor,264000
2024-07-30,6768,0,Foreign_Dealer_Self,0
2024-07-30,6768,23000,Dealer_self,13000
2024-07-30,6768,0,Dealer_Hedging,0
2024-07-30,6768,82576,Investment_Trust,0
2024-07-31,6768,537000,Foreign_Investor,289118
2024-07-31,6768,0,Foreign_Dealer_Self,0
2024-07-31,6768,16000,Dealer_self,27000
2024-07-31,6768,0,Dealer_Hedging,0
2024-07-31,6768,17575,Investment_Trust,0
2024-08-01,6768,448000,Foreign_Investor,390998
2024-08-01,6768,0,Foreign_Dealer_Self,0
2024-08-01,6768,200166,Investment_Trust,0
2024-08-01,6768,19000,Dealer_self,23000
2024-08-01,6768,0,Dealer_Hedging,0
2024-08-02,6768,235000,Foreign_Investor,196000
2024-08-02,6768,0,Foreign_Dealer_Self,0
2024-08-02,6768,35000,Dealer_self,8000
2024-08-02,6768,0,Dealer_Hedging,0
2024-08-02,6768,87534,Investment_Trust,0
2024-08-05,6768,422000,Foreign_Investor,323000
2024-08-05,6768,0,Foreign_Dealer_Self,0
2024-08-05,6768,30000,Dealer_self,34131
2024-08-05,6768,0,Dealer_Hedging,0
2024-08-05,6768,124038,Investment_Trust,0
2024-08-06,6768,495000,Foreign_Investor,466000
2024-08-06,6768,0,Foreign_Dealer_Self,0
2024-08-06,6768,94000,Dealer_self,48000
2024-08-06,6768,0,Dealer_Hedging,0
2024-08-06,6768,115262,Investment_Trust,0
2024-08-07,6768,268000,Foreign_Investor,245000
2024-08-07,6768,0,Foreign_Dealer_Self,0
2024-08-07,6768,2288,Investment_Trust,0
2024-08-07,6768,100000,Dealer_self,8067
2024-08-07,6768,0,Dealer_Hedging,0
2024-08-08,6768,83000,Foreign_Investor,118000
2024-08-08,6768,0,Foreign_Dealer_Self,0
2024-08-08,6768,22882,Investment_Trust,0
2024-08-08,6768,30000,Dealer_self,6000
2024-08-08,6768,0,Dealer_Hedging,0
2024-08-09,6768,126000,Foreign_Investor,149000
2024-08-09,6768,0,Foreign_Dealer_Self,0
2024-08-09,6768,20584,Investment_Trust,0
2024-08-09,6768,34000,Dealer_self,13000
2024-08-09,6768,0,Dealer_Hedging,0
2024-08-12,6768,151000,Foreign_Investor,269059
2024-08-12,6768,0,Foreign_Dealer_Self,0
2024-08-12,6768,20601,Investment_Trust,0
2024-08-12,6768,7000,Dealer_self,36000
2024-08-12,6768,0,Dealer_Hedging,0
2024-08-13,6768,95000,Foreign_Investor,164000
2024-08-13,6768,0,Foreign_Dealer_Self,0
2024-08-13,6768,20598,Investment_Trust,0
2024-08-13,6768,15000,Dealer_self,27000
2024-08-13,6768,0,Dealer_Hedging,0
2024-08-14,6768,54000,Foreign_Investor,37000
2024-08-14,6768,0,Foreign_Dealer_Self,0
2024-08-14,6768,18311,Investment_Trust,0
2024-08-14,6768,0,Dealer_self,7793
2024-08-14,6768,0,Dealer_Hedging,0
2024-08-15,6768,48000,Foreign_Investor,153000
2024-08-15,6768,0,Foreign_Dealer_Self,0
2024-08-15,6768,0,Investment_Trust,0
2024-08-15,6768,12000,Dealer_self,89000
2024-08-15,6768,0,Dealer_Hedging,0
2024-08-16,6768,214000,Foreign_Investor,110000
2024-08-16,6768,0,Foreign_Dealer_Self,0
2024-08-16,6768,28000,Dealer_self,9000
2024-08-16,6768,0,Dealer_Hedging,0
2024-08-16,6768,0,Investment_Trust,63328
2024-08-19,6768,0,Foreign_Dealer_Self,0
2024-08-19,6768,3000,Dealer_self,0
2024-08-19,6768,0,Dealer_Hedging,0
2024-08-19,6768,2062000,Foreign_Investor,87000
2024-08-19,6768,0,Investment_Trust,24000
2024-08-20,6768,178000,Foreign_Investor,131000
2024-08-20,6768,0,Foreign_Dealer_Self,0
2024-08-20,6768,14000,Dealer_self,1000
2024-08-20,6768,0,Dealer_Hedging,0
2024-08-20,6768,0,Investment_Trust,79000
2024-08-21,6768,149000,Foreign_Investor,399001
2024-08-21,6768,0,Foreign_Dealer_Self,0
2024-08-21,6768,4000,Dealer_self,36000
2024-08-21,6768,0,Dealer_Hedging,0
2024-08-21,6768,0,Investment_Trust,120000
2024-08-22,6768,197000,Foreign_Investor,111000
2024-08-22,6768,0,Foreign_Dealer_Self,0
2024-08-22,6768,4000,Dealer_self,2000
2024-08-22,6768,0,Dealer_Hedging,0
2024-08-22,6768,2202,Investment_Trust,76000
2024-08-23,6768,58000,Foreign_Investor,75000
2024-08-23,6768,0,Foreign_Dealer_Self,0
2024-08-23,6768,2000,Dealer_self,19000
2024-08-23,6768,0,Dealer_Hedging,0
2024-08-23,6768,4405,Investment_Trust,28000
2024-08-26,6768,86000,Foreign_Investor,85000
2024-08-26,6768,0,Foreign_Dealer_Self,0
2024-08-26,6768,0,Dealer_self,11000
2024-08-26,6768,0,Dealer_Hedging,0
2024-08-26,6768,0,Investment_Trust,30000
2024-08-27,6768,390000,Foreign_Investor,325000
2024-08-27,6768,0,Foreign_Dealer_Self,0
2024-08-27,6768,11000,Dealer_self,72000
2024-08-27,6768,0,Dealer_Hedging,0
2024-08-27,6768,0,Investment_Trust,124000
2024-08-28,6768,74000,Foreign_Investor,59000
2024-08-28,6768,0,Foreign_Dealer_Self,0
2024-08-28,6768,1000,Dealer_self,0
2024-08-28,6768,0,Dealer_Hedging,0
2024-08-28,6768,6611,Investment_Trust,22000
2024-08-29,6768,160000,Foreign_Investor,134000
2024-08-29,6768,0,Foreign_Dealer_Self,0
2024-08-29,6768,0,Dealer_self,11000
2024-08-29,6768,0,Dealer_Hedging,0
2024-08-29,6768,4408,Investment_Trust,36000
2024-08-30,6768,108000,Foreign_Investor,64000
2024-08-30,6768,0,Foreign_Dealer_Self,0
2024-08-30,6768,4407,Investment_Trust,0
2024-08-30,6768,0,Dealer_self,2000
2024-08-30,6768,0,Dealer_Hedging,0
2024-09-02,6768,54000,Foreign_Investor,51000
2024-09-02,6768,0,Foreign_Dealer_Self,0
2024-09-02,6768,4407,Investment_Trust,0
2024-09-02,6768,2000,Dealer_self,1000
2024-09-02,6768,0,Dealer_Hedging,0
2024-09-03,6768,7000,Foreign_Investor,59000
2024-09-03,6768,0,Foreign_Dealer_Self,0
2024-09-03,6768,2203,Investment_Trust,0
2024-09-03,6768,12000,Dealer_self,0
2024-09-03,6768,0,Dealer_Hedging,0
2024-09-04,6768,132000,Foreign_Investor,166000
2024-09-04,6768,0,Foreign_Dealer_Self,0
2024-09-04,6768,24235,Investment_Trust,0
2024-09-04,6768,0,Dealer_self,17000
2024-09-04,6768,0,Dealer_Hedging,0
2024-09-05,6768,169000,Foreign_Investor,91000
2024-09-05,6768,0,Foreign_Dealer_Self,0
2024-09-05,6768,4408,Investment_Trust,0
2024-09-05,6768,7000,Dealer_self,4000
2024-09-05,6768,0,Dealer_Hedging,0
2024-09-06,6768,99000,Foreign_Investor,116000
2024-09-06,6768,0,Foreign_Dealer_Self,0
2024-09-06,6768,15430,Investment_Trust,0
2024-09-06,6768,0,Dealer_self,0
2024-09-06,6768,0,Dealer_Hedging,0
2024-09-09,6768,113000,Foreign_Investor,158000
2024-09-09,6768,0,Foreign_Dealer_Self,0
2024-09-09,6768,11021,Investment_Trust,0
2024-09-09,6768,3000,Dealer_self,3000
2024-09-09,6768,0,Dealer_Hedging,0
2024-09-10,6768,104000,Foreign_Investor,102000
2024-09-10,6768,0,Foreign_Dealer_Self,0
2024-09-10,6768,4408,Investment_Trust,0
2024-09-10,6768,3000,Dealer_self,23000
2024-09-10,6768,0,Dealer_Hedging,0
2024-09-11,6768,363000,Foreign_Investor,145000
2024-09-11,6768,0,Foreign_Dealer_Self,0
2024-09-11,6768,15429,Investment_Trust,0
2024-09-11,6768,14000,Dealer_self,67000
2024-09-11,6768,0,Dealer_Hedging,0
2024-09-12,6768,111000,Foreign_Investor,127000
2024-09-12,6768,0,Foreign_Dealer_Self,0
2024-09-12,6768,2204,Investment_Trust,0
2024-09-12,6768,7000,Dealer_self,10000
2024-09-12,6768,0,Dealer_Hedging,0
2024-09-13,6768,50000,Foreign_Investor,38000
2024-09-13,6768,0,Foreign_Dealer_Self,0
2024-09-13,6768,4409,Investment_Trust,0
2024-09-13,6768,4000,Dealer_self,0
2024-09-13,6768,0,Dealer_Hedging,0
2024-09-16,6768,46000,Foreign_Investor,43000
2024-09-16,6768,0,Foreign_Dealer_Self,0
2024-09-16,6768,0,Investment_Trust,0
2024-09-16,6768,0,Dealer_self,0
2024-09-16,6768,0,Dealer_Hedging,0
2024-09-18,6768,50000,Foreign_Investor,68000
2024-09-18,6768,0,Foreign_Dealer_Self,0
2024-09-18,6768,0,Investment_Trust,0
2024-09-18,6768,0,Dealer_self,0
2024-09-18,6768,0,Dealer_Hedging,0
2024-09-19,6768,61000,Foreign_Investor,86000
2024-09-19,6768,0,Foreign_Dealer_Self,0
2024-09-19,6768,2204,Investment_Trust,0
2024-09-19,6768,0,Dealer_self,14000
2024-09-19,6768,0,Dealer_Hedging,0
2024-09-20,6768,236716,Foreign_Investor,144000
2024-09-20,6768,0,Foreign_Dealer_Self,0
2024-09-20,6768,2204,Investment_Trust,0
2024-09-20,6768,4000,Dealer_self,41000
2024-09-20,6768,0,Dealer_Hedging,0
2024-09-23,6768,601000,Foreign_Investor,331000
2024-09-23,6768,0,Foreign_Dealer_Self,0
2024-09-23,6768,0,Investment_Trust,0
2024-09-23,6768,12000,Dealer_self,0
2024-09-23,6768,0,Dealer_Hedging,0
2024-09-24,6768,593000,Foreign_Investor,706000
2024-09-24,6768,0,Foreign_Dealer_Self,0
2024-09-24,6768,6613,Investment_Trust,0
2024-09-24,6768,1,Dealer_self,15000
2024-09-24,6768,137000,Dealer_Hedging,0
2024-09-25,6768,475433,Foreign_Investor,678000
2024-09-25,6768,0,Foreign_Dealer_Self,0
2024-09-25,6768,0,Investment_Trust,0
2024-09-25,6768,9000,Dealer_self,17000
2024-09-25,6768,95000,Dealer_Hedging,0
2024-09-26,6768,474070,Foreign_Investor,518000
2024-09-26,6768,0,Foreign_Dealer_Self,0
2024-09-26,6768,0,Investment_Trust,0
2024-09-26,6768,64000,Dealer_self,21001
2024-09-26,6768,1000,Dealer_Hedging,0
2024-09-27,6768,408000,Foreign_Investor,362000
2024-09-27,6768,0,Foreign_Dealer_Self,0
2024-09-27,6768,11030,Investment_Trust,0
2024-09-27,6768,4000,Dealer_self,87000
2024-09-27,6768,461,Dealer_Hedging,0
2024-09-30,6768,203000,Foreign_Investor,163679
2024-09-30,6768,0,Foreign_Dealer_Self,0
2024-09-30,6768,4412,Investment_Trust,0
2024-09-30,6768,1000,Dealer_self,10000
2024-09-30,6768,0,Dealer_Hedging,461
2024-10-01,6768,209000,Foreign_Investor,110000
2024-10-01,6768,0,Foreign_Dealer_Self,0
2024-10-01,6768,8821,Investment_Trust,0
2024-10-01,6768,7000,Dealer_self,51000
2024-10-01,6768,0,Dealer_Hedging,0
2024-10-04,6768,230000,Foreign_Investor,99000
2024-10-04,6768,0,Foreign_Dealer_Self,0
2024-10-04,6768,6615,Investment_Trust,0
2024-10-04,6768,27000,Dealer_self,31000
2024-10-04,6768,0,Dealer_Hedging,0
2024-10-07,6768,213000,Foreign_Investor,210000
2024-10-07,6768,0,Foreign_Dealer_Self,0
2024-10-07,6768,2205,Investment_Trust,0
2024-10-07,6768,29000,Dealer_self,1000
2024-10-07,6768,0,Dealer_Hedging,0
2024-10-08,6768,355000,Foreign_Investor,196000
2024-10-08,6768,0,Foreign_Dealer_Self,0
2024-10-08,6768,2205,Investment_Trust,0
2024-10-08,6768,4000,Dealer_self,11000
2024-10-08,6768,7000,Dealer_Hedging,5000
2024-10-09,6768,90000,Foreign_Investor,121000
2024-10-09,6768,0,Foreign_Dealer_Self,0
2024-10-09,6768,2205,Investment_Trust,0
2024-10-09,6768,21000,Dealer_self,8000
2024-10-09,6768,1000,Dealer_Hedging,445
2024-10-11,6768,141000,Foreign_Investor,267000
2024-10-11,6768,0,Foreign_Dealer_Self,0
2024-10-11,6768,0,Investment_Trust,0
2024-10-11,6768,2000,Dealer_self,6000
2024-10-11,6768,3000,Dealer_Hedging,82
2024-10-14,6768,404000,Foreign_Investor,360000
2024-10-14,6768,0,Foreign_Dealer_Self,0
2024-10-14,6768,134411,Investment_Trust,0
2024-10-14,6768,36000,Dealer_self,12000
2024-10-14,6768,6020,Dealer_Hedging,305
2024-10-15,6768,240000,Foreign_Investor,328000
2024-10-15,6768,0,Foreign_Dealer_Self,0
2024-10-15,6768,50000,Investment_Trust,0
2024-10-15,6768,21000,Dealer_self,54000
2024-10-15,6768,1000,Dealer_Hedging,2005
2024-10-16,6768,711200,Foreign_Investor,356070
2024-10-16,6768,0,Foreign_Dealer_Self,0
2024-10-16,6768,29617,Investment_Trust,0
2024-10-16,6768,54000,Dealer_self,63000
2024-10-16,6768,3000,Dealer_Hedging,2582
2024-10-17,6768,548000,Foreign_Investor,678000
2024-10-17,6768,0,Foreign_Dealer_Self,0
2024-10-17,6768,0,Investment_Trust,0
2024-10-17,6768,43000,Dealer_self,40000
2024-10-17,6768,1000,Dealer_Hedging,3129
2024-10-18,6768,382000,Foreign_Investor,567000
2024-10-18,6768,0,Foreign_Dealer_Self,0
2024-10-18,6768,4412,Investment_Trust,0
2024-10-18,6768,19000,Dealer_self,44000
2024-10-18,6768,0,Dealer_Hedging,12000
2024-10-21,6768,430000,Foreign_Investor,621000
2024-10-21,6768,0,Foreign_Dealer_Self,0
2024-10-21,6768,141413,Investment_Trust,0
2024-10-21,6768,33000,Dealer_self,95000
2024-10-21,6768,0,Dealer_Hedging,596
2024-10-22,6768,285000,Foreign_Investor,456000
2024-10-22,6768,0,Foreign_Dealer_Self,0
2024-10-22,6768,136000,Investment_Trust,0
2024-10-22,6768,16000,Dealer_self,42000
2024-10-22,6768,5000,Dealer_Hedging,1031
2024-10-23,6768,203000,Foreign_Investor,260000
2024-10-23,6768,0,Foreign_Dealer_Self,0
2024-10-23,6768,140412,Investment_Trust,0
2024-10-23,6768,12000,Dealer_self,7000
2024-10-23,6768,0,Dealer_Hedging,0
2024-10-24,6768,258000,Foreign_Investor,545000
2024-10-24,6768,0,Foreign_Dealer_Self,0
2024-10-24,6768,142823,Investment_Trust,0
2024-10-24,6768,57000,Dealer_self,15000
2024-10-24,6768,0,Dealer_Hedging,610
2024-10-25,6768,201000,Foreign_Investor,383000
2024-10-25,6768,0,Foreign_Dealer_Self,0
2024-10-25,6768,142617,Investment_Trust,0
2024-10-25,6768,13000,Dealer_self,34000
2024-10-25,6768,0,Dealer_Hedging,0
2024-10-28,6768,180000,Foreign_Investor,145000
2024-10-28,6768,0,Foreign_Dealer_Self,0
2024-10-28,6768,15823,Investment_Trust,0
2024-10-28,6768,10000,Dealer_self,1000
2024-10-28,6768,0,Dealer_Hedging,3000
2024-10-29,6768,268000,Foreign_Investor,212000
2024-10-29,6768,0,Foreign_Dealer_Self,0
2024-10-29,6768,22851,Investment_Trust,0
2024-10-29,6768,3000,Dealer_self,30000
2024-10-29,6768,0,Dealer_Hedging,0
2024-10-30,6768,630000,Foreign_Investor,479000
2024-10-30,6768,0,Foreign_Dealer_Self,0
2024-10-30,6768,15439,Investment_Trust,0
2024-10-30,6768,24000,Dealer_self,27000
2024-10-30,6768,11000,Dealer_Hedging,1131
2024-11-01,6768,1322000,Foreign_Investor,1007000
2024-11-01,6768,0,Foreign_Dealer_Self,0
2024-11-01,6768,405000,Investment_Trust,173000
2024-11-01,6768,74010,Dealer_self,63000
2024-11-01,6768,14000,Dealer_Hedging,2080
2024-11-04,6768,3083537,Foreign_Investor,2703000
2024-11-04,6768,0,Foreign_Dealer_Self,0
2024-11-04,6768,529000,Investment_Trust,0
2024-11-04,6768,49999,Dealer_self,110010
2024-11-04,6768,24000,Dealer_Hedging,30000
2024-11-05,6768,1758000,Foreign_Investor,1887200
2024-11-05,6768,0,Foreign_Dealer_Self,0
2024-11-05,6768,230000,Investment_Trust,195000
2024-11-05,6768,69000,Dealer_self,149999
2024-11-05,6768,8000,Dealer_Hedging,27498
2024-11-06,6768,3221000,Foreign_Investor,3095000
2024-11-06,6768,0,Foreign_Dealer_Self,0
2024-11-06,6768,0,Investment_Trust,517000
2024-11-06,6768,53000,Dealer_self,98000
2024-11-06,6768,11000,Dealer_Hedging,67733
2024-11-07,6768,1931000,Foreign_Investor,1019000
2024-11-07,6768,0,Foreign_Dealer_Self,0
2024-11-07,6768,75000,Investment_Trust,524570
2024-11-07,6768,50000,Dealer_self,18000
2024-11-07,6768,17000,Dealer_Hedging,28713
2024-11-08,6768,852000,Foreign_Investor,561000
2024-11-08,6768,0,Foreign_Dealer_Self,0
2024-11-08,6768,168000,Investment_Trust,0
2024-11-08,6768,17000,Dealer_self,7000
2024-11-08,6768,3094,Dealer_Hedging,528
2024-11-11,6768,1203000,Foreign_Investor,784000
2024-11-11,6768,0,Foreign_Dealer_Self,0
2024-11-11,6768,81000,Investment_Trust,0
2024-11-11,6768,97000,Dealer_self,21000
2024-11-11,6768,3000,Dealer_Hedging,4303
2024-11-12,6768,1354068,Foreign_Investor,1209000
2024-11-12,6768,0,Foreign_Dealer_Self,0
2024-11-12,6768,112000,Investment_Trust,0
2024-11-12,6768,45000,Dealer_self,57000
2024-11-12,6768,0,Dealer_Hedging,10259
2024-11-13,6768,1463000,Foreign_Investor,1449000
2024-11-13,6768,0,Foreign_Dealer_Self,0
2024-11-13,6768,556000,Investment_Trust,75000
2024-11-13,6768,58000,Dealer_self,20000
2024-11-13,6768,17000,Dealer_Hedging,6130
2024-11-14,6768,1551000,Foreign_Investor,1786000
2024-11-14,6768,0,Foreign_Dealer_Self,0
2024-11-14,6768,200000,Investment_Trust,431000
2024-11-14,6768,107000,Dealer_self,149000
2024-11-14,6768,4000,Dealer_Hedging,16226
2024-11-15,6768,3083000,Foreign_Investor,1568000
2024-11-15,6768,0,Foreign_Dealer_Self,0
2024-11-15,6768,124000,Investment_Trust,12000
2024-11-15,6768,113000,Dealer_self,219000
2024-11-15,6768,10000,Dealer_Hedging,222704
2024-11-18,6768,1661000,Foreign_Investor,824000
2024-11-18,6768,0,Foreign_Dealer_Self,0
2024-11-18,6768,228000,Investment_Trust,540000
2024-11-18,6768,4000,Dealer_self,85000
2024-11-18,6768,0,Dealer_Hedging,2453
2024-11-19,6768,1330000,Foreign_Investor,780000
2024-11-19,6768,0,Foreign_Dealer_Self,0
2024-11-19,6768,230000,Investment_Trust,0
2024-11-19,6768,63000,Dealer_self,11000
2024-11-19,6768,7000,Dealer_Hedging,1000
2024-11-20,6768,579200,Foreign_Investor,559000
2024-11-20,6768,0,Foreign_Dealer_Self,0
2024-11-20,6768,80000,Investment_Trust,0
2024-11-20,6768,11000,Dealer_self,37000
2024-11-20,6768,0,Dealer_Hedging,17000
2024-11-21,6768,371000,Foreign_Investor,393000
2024-11-21,6768,0,Foreign_Dealer_Self,0
2024-11-21,6768,2000,Investment_Trust,0
2024-11-21,6768,0,Dealer_self,19000
2024-11-21,6768,0,Dealer_Hedging,0
2024-11-22,6768,466000,Foreign_Investor,371000
2024-11-22,6768,0,Foreign_Dealer_Self,0
2024-11-22,6768,0,Investment_Trust,0
2024-11-22,6768,22000,Dealer_self,2000
2024-11-22,6768,22000,Dealer_Hedging,1000
2024-11-25,6768,762000,Foreign_Investor,310000
2024-11-25,6768,0,Foreign_Dealer_Self,0
2024-11-25,6768,0,Investment_Trust,0
2024-11-25,6768,53171,Dealer_self,0
2024-11-25,6768,24412,Dealer_Hedging,0
2024-11-26,6768,345000,Foreign_Investor,510000
2024-11-26,6768,0,Foreign_Dealer_Self,0
2024-11-26,6768,0,Investment_Trust,0
2024-11-26,6768,20000,Dealer_self,2000
2024-11-26,6768,5000,Dealer_Hedging,5457
2024-11-27,6768,748000,Foreign_Investor,251000
2024-11-27,6768,0,Foreign_Dealer_Self,0
2024-11-27,6768,0,Investment_Trust,0
2024-11-27,6768,8000,Dealer_self,72000
2024-11-27,6768,0,Dealer_Hedging,25823
2024-11-28,6768,1063000,Foreign_Investor,767000
2024-11-28,6768,0,Foreign_Dealer_Self,0
2024-11-28,6768,40000,Investment_Trust,0
2024-11-28,6768,7000,Dealer_self,3000
2024-11-28,6768,7000,Dealer_Hedging,1000
2024-11-29,6768,757000,Foreign_Investor,893000
2024-11-29,6768,0,Foreign_Dealer_Self,0
2024-11-29,6768,50000,Investment_Trust,0
2024-11-29,6768,0,Dealer_self,53000
2024-11-29,6768,5000,Dealer_Hedging,459
2024-12-02,6768,739000,Foreign_Investor,835000
2024-12-02,6768,0,Foreign_Dealer_Self,0
2024-12-02,6768,0,Investment_Trust,0
2024-12-02,6768,8000,Dealer_self,19000
2024-12-02,6768,7000,Dealer_Hedging,0
2024-12-03,6768,1025000,Foreign_Investor,938000
2024-12-03,6768,0,Foreign_Dealer_Self,0
2024-12-03,6768,0,Investment_Trust,0
2024-12-03,6768,14000,Dealer_self,6000
2024-12-03,6768,33,Dealer_Hedging,3000
2024-12-04,6768,895000,Foreign_Investor,637000
2024-12-04,6768,0,Foreign_Dealer_Self,0
2024-12-04,6768,0,Investment_Trust,0
2024-12-04,6768,95000,Dealer_self,10000
2024-12-04,6768,2000,Dealer_Hedging,16653
2024-12-05,6768,1008000,Foreign_Investor,1225000
2024-12-05,6768,0,Foreign_Dealer_Self,0
2024-12-05,6768,0,Investment_Trust,0
2024-12-05,6768,56000,Dealer_self,39000
2024-12-05,6768,14459,Dealer_Hedging,7139
2024-12-06,6768,517000,Foreign_Investor,280000
2024-12-06,6768,0,Foreign_Dealer_Self,0
2024-12-06,6768,0,Investment_Trust,3000
2024-12-06,6768,1000,Dealer_self,37000
2024-12-06,6768,1490,Dealer_Hedging,6001
2024-12-09,6768,438000,Foreign_Investor,282068
2024-12-09,6768,0,Foreign_Dealer_Self,0
2024-12-09,6768,0,Investment_Trust,0
2024-12-09,6768,9000,Dealer_self,38000
2024-12-09,6768,60,Dealer_Hedging,718
2024-12-10,6768,754120,Foreign_Investor,950000
2024-12-10,6768,0,Foreign_Dealer_Self,0
2024-12-10,6768,89000,Investment_Trust,0
2024-12-10,6768,3000,Dealer_self,69000
2024-12-10,6768,19000,Dealer_Hedging,7245
2024-12-11,6768,720000,Foreign_Investor,578000
2024-12-11,6768,0,Foreign_Dealer_Self,0
2024-12-11,6768,90000,Investment_Trust,162000
2024-12-11,6768,13000,Dealer_self,2000
2024-12-11,6768,6000,Dealer_Hedging,2
2024-12-12,6768,478000,Foreign_Investor,372433
2024-12-12,6768,0,Foreign_Dealer_Self,0
2024-12-12,6768,0,Investment_Trust,0
2024-12-12,6768,1000,Dealer_self,7000
2024-12-12,6768,2984,Dealer_Hedging,11000
2024-12-13,6768,474000,Foreign_Investor,514000
2024-12-13,6768,0,Foreign_Dealer_Self,0
2024-12-13,6768,0,Investment_Trust,0
2024-12-13,6768,1000,Dealer_self,80000
2024-12-13,6768,7000,Dealer_Hedging,4012
2024-12-16,6768,672000,Foreign_Investor,416000
2024-12-16,6768,0,Foreign_Dealer_Self,0
2024-12-16,6768,3000,Investment_Trust,0
2024-12-16,6768,4000,Dealer_self,32000
2024-12-16,6768,1155,Dealer_Hedging,18370
2024-12-17,6768,126000,Foreign_Investor,231000
2024-12-17,6768,0,Foreign_Dealer_Self,0
2024-12-17,6768,2000,Investment_Trust,0
2024-12-17,6768,3000,Dealer_self,0
2024-12-17,6768,2000,Dealer_Hedging,3003
2024-12-18,6768,288000,Foreign_Investor,350000
2024-12-18,6768,0,Foreign_Dealer_Self,0
2024-12-18,6768,0,Investment_Trust,0
2024-12-18,6768,1000,Dealer_self,0
2024-12-18,6768,6000,Dealer_Hedging,0
2024-12-19,6768,390000,Foreign_Investor,550000
2024-12-19,6768,0,Foreign_Dealer_Self,0
2024-12-19,6768,1000,Investment_Trust,0
2024-12-19,6768,16000,Dealer_self,11000
2024-12-19,6768,0,Dealer_Hedging,8698
2024-12-20,6768,483000,Foreign_Investor,468000
2024-12-20,6768,0,Foreign_Dealer_Self,0
2024-12-20,6768,0,Investment_Trust,0
2024-12-20,6768,10000,Dealer_self,1000
2024-12-20,6768,18000,Dealer_Hedging,0
2024-12-23,6768,351000,Foreign_Investor,309000
2024-12-23,6768,0,Foreign_Dealer_Self,0
2024-12-23,6768,0,Investment_Trust,0
2024-12-23,6768,27000,Dealer_self,24000
2024-12-23,6768,0,Dealer_Hedging,296
2024-12-24,6768,136000,Foreign_Investor,143000
2024-12-24,6768,0,Foreign_Dealer_Self,0
2024-12-24,6768,0,Investment_Trust,0
2024-12-24,6768,0,Dealer_self,0
2024-12-24,6768,4000,Dealer_Hedging,2919
2024-12-25,6768,188000,Foreign_Investor,187000
2024-12-25,6768,0,Foreign_Dealer_Self,0
2024-12-25,6768,37000,Investment_Trust,0
2024-12-25,6768,0,Dealer_self,1000
2024-12-25,6768,26137,Dealer_Hedging,126
2024-12-26,6768,187000,Foreign_Investor,130000
2024-12-26,6768,0,Foreign_Dealer_Self,0
2024-12-26,6768,0,Investment_Trust,0
2024-12-26,6768,0,Dealer_self,4000
2024-12-26,6768,14041,Dealer_Hedging,1
2024-12-27,6768,85000,Foreign_Investor,132000
2024-12-27,6768,0,Foreign_Dealer_Self,0
2024-12-27,6768,0,Investment_Trust,0
2024-12-27,6768,1000,Dealer_self,0
2024-12-27,6768,0,Dealer_Hedging,0
2024-12-30,6768,230000,Foreign_Investor,142000
2024-12-30,6768,0,Foreign_Dealer_Self,0
2024-12-30,6768,0,Investment_Trust,79000
2024-12-30,6768,4000,Dealer_self,0
2024-12-30,6768,0,Dealer_Hedging,450
2024-12-31,6768,189000,Foreign_Investor,200000
2024-12-31,6768,0,Foreign_Dealer_Self,0
2024-12-31,6768,0,Investment_Trust,0
2024-12-31,6768,3000,Dealer_self,0
2024-12-31,6768,16000,Dealer_Hedging,66
2025-01-02,6768,193000,Foreign_Investor,240000
2025-01-02,6768,0,Foreign_Dealer_Self,0
2025-01-02,6768,30000,Investment_Trust,80000
2025-01-02,6768,73000,Dealer_self,9000
2025-01-02,6768,12000,Dealer_Hedging,1
2025-01-03,6768,210000,Foreign_Investor,335000
2025-01-03,6768,0,Foreign_Dealer_Self,0
2025-01-03,6768,30000,Investment_Trust,0
2025-01-03,6768,0,Dealer_self,0
2025-01-03,6768,3000,Dealer_Hedging,3000
2025-01-06,6768,405000,Foreign_Investor,448000
2025-01-06,6768,0,Foreign_Dealer_Self,0
2025-01-06,6768,28000,Investment_Trust,58000
2025-01-06,6768,5000,Dealer_self,25000
2025-01-06,6768,1362,Dealer_Hedging,28003
2025-01-07,6768,373000,Foreign_Investor,536000
2025-01-07,6768,0,Foreign_Dealer_Self,0
2025-01-07,6768,0,Investment_Trust,0
2025-01-07,6768,48000,Dealer_self,0
2025-01-07,6768,0,Dealer_Hedging,1717
2025-01-08,6768,718000,Foreign_Investor,373010
2025-01-08,6768,0,Foreign_Dealer_Self,0
2025-01-08,6768,20000,Investment_Trust,0
2025-01-08,6768,119000,Dealer_self,117000
2025-01-08,6768,13068,Dealer_Hedging,108
2025-01-09,6768,498000,Foreign_Investor,628000
2025-01-09,6768,0,Foreign_Dealer_Self,0
2025-01-09,6768,20000,Investment_Trust,0
2025-01-09,6768,102000,Dealer_self,11000
2025-01-09,6768,3000,Dealer_Hedging,7022
2025-01-10,6768,305000,Foreign_Investor,224000
2025-01-10,6768,0,Foreign_Dealer_Self,0
2025-01-10,6768,0,Investment_Trust,0
2025-01-10,6768,40000,Dealer_self,16000
2025-01-10,6768,2000,Dealer_Hedging,382
2025-01-13,6768,557000,Foreign_Investor,277000
2025-01-13,6768,0,Foreign_Dealer_Self,0
2025-01-13,6768,22000,Investment_Trust,0
2025-01-13,6768,20000,Dealer_self,39000
2025-01-13,6768,661,Dealer_Hedging,3062
2025-01-14,6768,641000,Foreign_Investor,541000
2025-01-14,6768,0,Foreign_Dealer_Self,0
2025-01-14,6768,0,Investment_Trust,0
2025-01-14,6768,176000,Dealer_self,63000
2025-01-14,6768,15992,Dealer_Hedging,1040
2025-01-15,6768,667000,Foreign_Investor,819200
2025-01-15,6768,0,Foreign_Dealer_Self,0
2025-01-15,6768,20000,Investment_Trust,0
2025-01-15,6768,221000,Dealer_self,174000
2025-01-15,6768,2050,Dealer_Hedging,23336
2025-01-16,6768,370000,Foreign_Investor,248000
2025-01-16,6768,0,Foreign_Dealer_Self,0
2025-01-16,6768,1000,Investment_Trust,0
2025-01-16,6768,77000,Dealer_self,130000
2025-01-16,6768,595,Dealer_Hedging,2739
2025-01-17,6768,607000,Foreign_Investor,246000
2025-01-17,6768,0,Foreign_Dealer_Self,0
2025-01-17,6768,0,Investment_Trust,146000
2025-01-17,6768,12000,Dealer_self,60000
2025-01-17,6768,15000,Dealer_Hedging,5457
2025-01-20,6768,655000,Foreign_Investor,851000
2025-01-20,6768,0,Foreign_Dealer_Self,0
2025-01-20,6768,0,Investment_Trust,146000
2025-01-20,6768,118000,Dealer_self,135000
2025-01-20,6768,37000,Dealer_Hedging,1111
2025-01-21,6768,523000,Foreign_Investor,565000
2025-01-21,6768,0,Foreign_Dealer_Self,0
2025-01-21,6768,0,Investment_Trust,140000
2025-01-21,6768,32000,Dealer_self,37000
2025-01-21,6768,8000,Dealer_Hedging,2682
2025-01-22,6768,868000,Foreign_Investor,1003077
2025-01-22,6768,0,Foreign_Dealer_Self,0
2025-01-22,6768,255000,Investment_Trust,143000
2025-01-22,6768,16000,Dealer_self,26000
2025-01-22,6768,2087,Dealer_Hedging,7066
2025-02-03,6768,1794000,Foreign_Investor,2926000
2025-02-03,6768,0,Foreign_Dealer_Self,0
2025-02-03,6768,627000,Investment_Trust,142000
2025-02-03,6768,183000,Dealer_self,105000
2025-02-03,6768,34961,Dealer_Hedging,8985
2025-02-04,6768,882000,Foreign_Investor,1191000
2025-02-04,6768,0,Foreign_Dealer_Self,0
2025-02-04,6768,61000,Investment_Trust,0
2025-02-04,6768,37000,Dealer_self,60000
2025-02-04,6768,18228,Dealer_Hedging,18121
2025-02-05,6768,1020000,Foreign_Investor,1131000
2025-02-05,6768,0,Foreign_Dealer_Self,0
2025-02-05,6768,25000,Investment_Trust,0
2025-02-05,6768,96000,Dealer_self,60000
2025-02-05,6768,145117,Dealer_Hedging,8530
2025-02-06,6768,1460000,Foreign_Investor,1443000
2025-02-06,6768,0,Foreign_Dealer_Self,0
2025-02-06,6768,44000,Investment_Trust,0
2025-02-06,6768,428000,Dealer_self,212000
2025-02-06,6768,5156,Dealer_Hedging,11769
2025-02-07,6768,963000,Foreign_Investor,775000
2025-02-07,6768,0,Foreign_Dealer_Self,0
2025-02-07,6768,67000,Investment_Trust,0
2025-02-07,6768,24000,Dealer_self,162321
2025-02-07,6768,21875,Dealer_Hedging,37556
2025-02-10,6768,428000,Foreign_Investor,406000
2025-02-10,6768,0,Foreign_Dealer_Self,0
2025-02-10,6768,0,Investment_Trust,0
2025-02-10,6768,13000,Dealer_self,68000
2025-02-10,6768,50,Dealer_Hedging,18489
2025-02-11,6768,308000,Foreign_Investor,800000
2025-02-11,6768,0,Foreign_Dealer_Self,0
2025-02-11,6768,336000,Investment_Trust,0
2025-02-11,6768,38000,Dealer_self,108000
2025-02-11,6768,4000,Dealer_Hedging,5997
2025-02-12,6768,492377,Foreign_Investor,1181000
2025-02-12,6768,0,Foreign_Dealer_Self,0
2025-02-12,6768,0,Investment_Trust,0
2025-02-12,6768,47000,Dealer_self,68000
2025-02-12,6768,7199,Dealer_Hedging,9295
2025-02-13,6768,626000,Foreign_Investor,301000
2025-02-13,6768,0,Foreign_Dealer_Self,0
2025-02-13,6768,0,Investment_Trust,0
2025-02-13,6768,4000,Dealer_self,28000
2025-02-13,6768,10409,Dealer_Hedging,15172
2025-02-14,6768,310000,Foreign_Investor,216000
2025-02-14,6768,0,Foreign_Dealer_Self,0
2025-02-14,6768,61000,Investment_Trust,0
2025-02-14,6768,0,Dealer_self,6000
2025-02-14,6768,999,Dealer_Hedging,30810
2025-02-17,6768,345000,Foreign_Investor,268000
2025-02-17,6768,0,Foreign_Dealer_Self,0
2025-02-17,6768,62000,Investment_Trust,40000
2025-02-17,6768,2000,Dealer_self,20000
2025-02-17,6768,1240,Dealer_Hedging,7202
2025-02-18,6768,879000,Foreign_Investor,1255000
2025-02-18,6768,0,Foreign_Dealer_Self,0
2025-02-18,6768,109000,Investment_Trust,50000
2025-02-18,6768,18000,Dealer_self,20782
2025-02-18,6768,29333,Dealer_Hedging,7467
2025-02-19,6768,1189000,Foreign_Investor,775000
2025-02-19,6768,0,Foreign_Dealer_Self,0
2025-02-19,6768,6000,Investment_Trust,0
2025-02-19,6768,78000,Dealer_self,21000
2025-02-19,6768,46552,Dealer_Hedging,6000
2025-02-20,6768,2867000,Foreign_Investor,2976000
2025-02-20,6768,0,Foreign_Dealer_Self,0
2025-02-20,6768,30000,Investment_Trust,68000
2025-02-20,6768,140000,Dealer_self,169000
2025-02-20,6768,10882,Dealer_Hedging,79749
2025-02-21,6768,2139000,Foreign_Investor,2547000
2025-02-21,6768,0,Foreign_Dealer_Self,0
2025-02-21,6768,257000,Investment_Trust,8000
2025-02-21,6768,280022,Dealer_self,48000
2025-02-21,6768,103827,Dealer_Hedging,17983
2025-02-24,6768,3064224,Foreign_Investor,2889035
2025-02-24,6768,0,Foreign_Dealer_Self,0
2025-02-24,6768,926000,Investment_Trust,0
2025-02-24,6768,107000,Dealer_self,26022
2025-02-24,6768,85259,Dealer_Hedging,41093
2025-02-25,6768,1191000,Foreign_Investor,2218000
2025-02-25,6768,0,Foreign_Dealer_Self,0
2025-02-25,6768,178000,Investment_Trust,0
2025-02-25,6768,81000,Dealer_self,168000
2025-02-25,6768,181300,Dealer_Hedging,80509
2025-02-26,6768,1430000,Foreign_Investor,703000
2025-02-26,6768,0,Foreign_Dealer_Self,0
2025-02-26,6768,63000,Investment_Trust,0
2025-02-26,6768,14000,Dealer_self,108970
2025-02-26,6768,6061,Dealer_Hedging,68853
2025-02-27,6768,2133842,Foreign_Investor,2176304
2025-02-27,6768,0,Foreign_Dealer_Self,0
2025-02-27,6768,6000,Investment_Trust,3000
2025-02-27,6768,73000,Dealer_self,32000
2025-02-27,6768,14121,Dealer_Hedging,8754
2025-03-03,6768,1184034,Foreign_Investor,352000
2025-03-03,6768,0,Foreign_Dealer_Self,0
2025-03-03,6768,0,Investment_Trust,0
2025-03-03,6768,197,Dealer_self,107000
2025-03-03,6768,1266,Dealer_Hedging,13426
2025-03-04,6768,483000,Foreign_Investor,644000
2025-03-04,6768,0,Foreign_Dealer_Self,0
2025-03-04,6768,83000,Investment_Trust,0
2025-03-04,6768,26000,Dealer_self,19000
2025-03-04,6768,2000,Dealer_Hedging,5866
2025-03-05,6768,881000,Foreign_Investor,981000
2025-03-05,6768,0,Foreign_Dealer_Self,0
2025-03-05,6768,124000,Investment_Trust,198000
2025-03-05,6768,31000,Dealer_self,103000
2025-03-05,6768,24000,Dealer_Hedging,6449
2025-03-06,6768,1049000,Foreign_Investor,1800340
2025-03-06,6768,0,Foreign_Dealer_Self,0
2025-03-06,6768,0,Investment_Trust,0
2025-03-06,6768,2000,Dealer_self,145000
2025-03-06,6768,5000,Dealer_Hedging,9397
2025-03-07,6768,1304050,Foreign_Investor,1049000
2025-03-07,6768,0,Foreign_Dealer_Self,0
2025-03-07,6768,0,Investment_Trust,55000
2025-03-07,6768,16000,Dealer_self,142000
2025-03-07,6768,1000,Dealer_Hedging,11475
2025-03-10,6768,413000,Foreign_Investor,980038
2025-03-10,6768,0,Foreign_Dealer_Self,0
2025-03-10,6768,0,Investment_Trust,0
2025-03-10,6768,6000,Dealer_self,14000
2025-03-10,6768,5000,Dealer_Hedging,14275
2025-03-11,6768,1417676,Foreign_Investor,1612000
2025-03-11,6768,0,Foreign_Dealer_Self,0
2025-03-11,6768,32000,Investment_Trust,155000
2025-03-11,6768,30000,Dealer_self,78000
2025-03-11,6768,6000,Dealer_Hedging,16550
2025-03-12,6768,1390000,Foreign_Investor,1784557
2025-03-12,6768,0,Foreign_Dealer_Self,0
2025-03-12,6768,58000,Investment_Trust,207000
2025-03-12,6768,22000,Dealer_self,21000
2025-03-12,6768,11145,Dealer_Hedging,6302
2025-03-13,6768,1074010,Foreign_Investor,1627000
2025-03-13,6768,0,Foreign_Dealer_Self,0
2025-03-13,6768,0,Investment_Trust,483000
2025-03-13,6768,9000,Dealer_self,40000
2025-03-13,6768,10000,Dealer_Hedging,52381
2025-03-14,6768,1065070,Foreign_Investor,1135173
2025-03-14,6768,0,Foreign_Dealer_Self,0
2025-03-14,6768,0,Investment_Trust,209000
2025-03-14,6768,1000,Dealer_self,30197
2025-03-14,6768,14000,Dealer_Hedging,3401
2025-03-17,6768,450000,Foreign_Investor,713168
2025-03-17,6768,0,Foreign_Dealer_Self,0
2025-03-17,6768,0,Investment_Trust,90000
2025-03-17,6768,2000,Dealer_self,10000
2025-03-17,6768,8000,Dealer_Hedging,10001
2025-03-18,6768,555000,Foreign_Investor,1467000
2025-03-18,6768,0,Foreign_Dealer_Self,0
2025-03-18,6768,0,Investment_Trust,20000
2025-03-18,6768,151000,Dealer_self,25000
2025-03-18,6768,13000,Dealer_Hedging,21629
2025-03-19,6768,282079,Foreign_Investor,520676
2025-03-19,6768,0,Foreign_Dealer_Self,0
2025-03-19,6768,27000,Investment_Trust,0
2025-03-19,6768,62000,Dealer_self,31000
2025-03-19,6768,4651,Dealer_Hedging,9000
2025-03-20,6768,320000,Foreign_Investor,411079
2025-03-20,6768,0,Foreign_Dealer_Self,0
2025-03-20,6768,0,Investment_Trust,0
2025-03-20,6768,44359,Dealer_self,8000
2025-03-20,6768,23403,Dealer_Hedging,910
2025-03-21,6768,194000,Foreign_Investor,457000
2025-03-21,6768,0,Foreign_Dealer_Self,0
2025-03-21,6768,0,Investment_Trust,0
2025-03-21,6768,15000,Dealer_self,25000
2025-03-21,6768,3000,Dealer_Hedging,7235
2025-03-24,6768,217000,Foreign_Investor,428000
2025-03-24,6768,0,Foreign_Dealer_Self,0
2025-03-24,6768,0,Investment_Trust,0
2025-03-24,6768,3000,Dealer_self,44000
2025-03-24,6768,0,Dealer_Hedging,5516
2025-03-25,6768,205000,Foreign_Investor,247000
2025-03-25,6768,0,Foreign_Dealer_Self,0
2025-03-25,6768,60000,Investment_Trust,0
2025-03-25,6768,1000,Dealer_self,0
2025-03-25,6768,168,Dealer_Hedging,4423
2025-03-26,6768,272000,Foreign_Investor,273000
2025-03-26,6768,0,Foreign_Dealer_Self,0
2025-03-26,6768,144000,Investment_Trust,0
2025-03-26,6768,40551,Dealer_self,1000
2025-03-26,6768,16000,Dealer_Hedging,8914
2025-03-27,6768,212000,Foreign_Investor,284060
2025-03-27,6768,0,Foreign_Dealer_Self,0
2025-03-27,6768,0,Investment_Trust,0
2025-03-27,6768,10000,Dealer_self,10000
2025-03-27,6768,0,Dealer_Hedging,7002
2025-03-28,6768,509000,Foreign_Investor,312000
2025-03-28,6768,0,Foreign_Dealer_Self,0
2025-03-28,6768,0,Investment_Trust,0
2025-03-28,6768,9000,Dealer_self,143910
2025-03-28,6768,0,Dealer_Hedging,20385
2025-03-31,6768,1087000,Foreign_Investor,1168000
2025-03-31,6768,0,Foreign_Dealer_Self,0
2025-03-31,6768,0,Investment_Trust,0
2025-03-31,6768,6000,Dealer_self,45000
2025-03-31,6768,2000,Dealer_Hedging,7401
2025-04-01,6768,530000,Foreign_Investor,290000
2025-04-01,6768,0,Foreign_Dealer_Self,0
2025-04-01,6768,219000,Investment_Trust,0
2025-04-01,6768,0,Dealer_self,49988
2025-04-01,6768,6922,Dealer_Hedging,6000
2025-04-02,6768,235067,Foreign_Investor,337000
2025-04-02,6768,0,Foreign_Dealer_Self,0
2025-04-02,6768,20000,Investment_Trust,0
2025-04-02,6768,73000,Dealer_self,15000
2025-04-02,6768,26000,Dealer_Hedging,3269
2025-04-07,6768,21000,Foreign_Investor,0
2025-04-07,6768,0,Foreign_Dealer_Self,0
2025-04-07,6768,0,Investment_Trust,0
2025-04-07,6768,0,Dealer_self,0
2025-04-07,6768,0,Dealer_Hedging,2
2025-04-08,6768,42000,Foreign_Investor,13000
2025-04-08,6768,0,Foreign_Dealer_Self,0
2025-04-08,6768,0,Investment_Trust,0
2025-04-08,6768,5000,Dealer_self,5000
2025-04-08,6768,10000,Dealer_Hedging,990
2025-04-09,6768,273000,Foreign_Investor,0
2025-04-09,6768,0,Foreign_Dealer_Self,0
2025-04-09,6768,0,Investment_Trust,0
2025-04-09,6768,19000,Dealer_self,40000
2025-04-09,6768,0,Dealer_Hedging,3258
2025-04-10,6768,57000,Foreign_Investor,68000
2025-04-10,6768,0,Foreign_Dealer_Self,0
2025-04-10,6768,0,Investment_Trust,5000
2025-04-10,6768,0,Dealer_self,42000
2025-04-10,6768,0,Dealer_Hedging,0
2025-04-11,6768,1543191,Foreign_Investor,1063000
2025-04-11,6768,0,Foreign_Dealer_Self,0
2025-04-11,6768,0,Investment_Trust,382000
2025-04-11,6768,57045,Dealer_self,20000
2025-04-11,6768,608,Dealer_Hedging,44219
2025-04-14,6768,1194008,Foreign_Investor,1312191
2025-04-14,6768,0,Foreign_Dealer_Self,0
2025-04-14,6768,20000,Investment_Trust,315000
2025-04-14,6768,11000,Dealer_self,28000
2025-04-14,6768,13982,Dealer_Hedging,2761
2025-04-15,6768,934266,Foreign_Investor,802008
2025-04-15,6768,0,Foreign_Dealer_Self,0
2025-04-15,6768,0,Investment_Trust,200000
2025-04-15,6768,63000,Dealer_self,27000
2025-04-15,6768,2000,Dealer_Hedging,5593
2025-04-16,6768,542018,Foreign_Investor,659266
2025-04-16,6768,0,Foreign_Dealer_Self,0
2025-04-16,6768,0,Investment_Trust,0
2025-04-16,6768,2000,Dealer_self,16000
2025-04-16,6768,1090,Dealer_Hedging,8169
2025-04-17,6768,528470,Foreign_Investor,551018
2025-04-17,6768,0,Foreign_Dealer_Self,0
2025-04-17,6768,0,Investment_Trust,0
2025-04-17,6768,10000,Dealer_self,0
2025-04-17,6768,0,Dealer_Hedging,3934
2025-04-18,6768,304104,Foreign_Investor,353470
2025-04-18,6768,0,Foreign_Dealer_Self,0
2025-04-18,6768,0,Investment_Trust,0
2025-04-18,6768,65000,Dealer_self,5000
2025-04-18,6768,2000,Dealer_Hedging,3
2025-04-21,6768,450497,Foreign_Investor,380776
2025-04-21,6768,0,Foreign_Dealer_Self,0
2025-04-21,6768,0,Investment_Trust,0
2025-04-21,6768,22000,Dealer_self,27068
2025-04-21,6768,2171,Dealer_Hedging,2001
2025-04-22,6768,352468,Foreign_Investor,609825
2025-04-22,6768,0,Foreign_Dealer_Self,0
2025-04-22,6768,0,Investment_Trust,0
2025-04-22,6768,10000,Dealer_self,72400
2025-04-22,6768,510,Dealer_Hedging,4031
2025-04-23,6768,1002033,Foreign_Investor,845485
2025-04-23,6768,0,Foreign_Dealer_Self,0
2025-04-23,6768,0,Investment_Trust,0
2025-04-23,6768,40000,Dealer_self,53846
2025-04-23,6768,2044,Dealer_Hedging,1526
2025-04-24,6768,300000,Foreign_Investor,951052
2025-04-24,6768,0,Foreign_Dealer_Self,0
2025-04-24,6768,428000,Investment_Trust,0
2025-04-24,6768,11000,Dealer_self,3468
2025-04-24,6768,219,Dealer_Hedging,9
2025-04-25,6768,421201,Foreign_Investor,706981
2025-04-25,6768,0,Foreign_Dealer_Self,0
2025-04-25,6768,18000,Investment_Trust,0
2025-04-25,6768,10000,Dealer_self,5000
2025-04-25,6768,1078,Dealer_Hedging,2581
2025-04-28,6768,0,Foreign_Dealer_Self,0
2025-04-28,6768,252000,Investment_Trust,0
2025-04-28,6768,6000,Dealer_self,11000
2025-04-28,6768,5589,Dealer_Hedging,6117
2025-04-28,6768,362099,Foreign_Investor,1185790
2025-04-29,6768,499035,Foreign_Investor,533099
2025-04-29,6768,0,Foreign_Dealer_Self,0
2025-04-29,6768,24000,Investment_Trust,0
2025-04-29,6768,39026,Dealer_self,3000
2025-04-29,6768,1000,Dealer_Hedging,589
2025-04-30,6768,705000,Foreign_Investor,1197320
2025-04-30,6768,0,Foreign_Dealer_Self,0
2025-04-30,6768,0,Investment_Trust,0
2025-04-30,6768,0,Dealer_self,68026
2025-04-30,6768,1322,Dealer_Hedging,1576
2025-05-02,6768,399075,Foreign_Investor,887000
2025-05-02,6768,0,Foreign_Dealer_Self,0
2025-05-02,6768,48000,Investment_Trust,0
2025-05-02,6768,19000,Dealer_self,98000
2025-05-02,6768,4000,Dealer_Hedging,4058
2025-05-05,6768,492000,Foreign_Investor,488075
2025-05-05,6768,0,Foreign_Dealer_Self,0
2025-05-05,6768,0,Investment_Trust,445000
2025-05-05,6768,44000,Dealer_self,17000
2025-05-05,6768,2000,Dealer_Hedging,4197
2025-05-06,6768,807000,Foreign_Investor,941000
2025-05-06,6768,0,Foreign_Dealer_Self,0
2025-05-06,6768,290674,Investment_Trust,438000
2025-05-06,6768,3000,Dealer_self,0
2025-05-06,6768,17000,Dealer_Hedging,5099
2025-05-07,6768,532843,Foreign_Investor,606000
2025-05-07,6768,0,Foreign_Dealer_Self,0
2025-05-07,6768,286236,Investment_Trust,0
2025-05-07,6768,20000,Dealer_self,6263
2025-05-07,6768,0,Dealer_Hedging,0
2025-05-08,6768,934669,Foreign_Investor,791843
2025-05-08,6768,0,Foreign_Dealer_Self,0
2025-05-08,6768,275136,Investment_Trust,0
2025-05-08,6768,5000,Dealer_self,3000
2025-05-08,6768,18794,Dealer_Hedging,3000
2025-05-09,6768,405055,Foreign_Investor,549715
2025-05-09,6768,0,Foreign_Dealer_Self,0
2025-05-09,6768,0,Investment_Trust,0
2025-05-09,6768,16000,Dealer_self,16000
2025-05-09,6768,121,Dealer_Hedging,3064
2025-05-12,6768,271613,Foreign_Investor,313000
2025-05-12,6768,0,Foreign_Dealer_Self,0
2025-05-12,6768,30000,Investment_Trust,0
2025-05-12,6768,48000,Dealer_self,30000
2025-05-12,6768,0,Dealer_Hedging,7783
2025-05-13,6768,1022312,Foreign_Investor,1240001
2025-05-13,6768,0,Foreign_Dealer_Self,0
2025-05-13,6768,38534,Investment_Trust,0
2025-05-13,6768,94000,Dealer_self,101000
2025-05-13,6768,4322,Dealer_Hedging,10085
2025-05-14,6768,539124,Foreign_Investor,1340764
2025-05-14,6768,0,Foreign_Dealer_Self,0
2025-05-14,6768,812000,Investment_Trust,1285
2025-05-14,6768,12000,Dealer_self,6000
2025-05-14,6768,21738,Dealer_Hedging,1092
2025-05-15,6768,286139,Foreign_Investor,824199
2025-05-15,6768,0,Foreign_Dealer_Self,0
2025-05-15,6768,52000,Investment_Trust,2571
2025-05-15,6768,25000,Dealer_self,0
2025-05-15,6768,249,Dealer_Hedging,9000
2025-05-16,6768,259900,Foreign_Investor,317096
2025-05-16,6768,0,Foreign_Dealer_Self,0
2025-05-16,6768,0,Investment_Trust,153856
2025-05-16,6768,22000,Dealer_self,2000
2025-05-16,6768,6000,Dealer_Hedging,23513
2025-05-19,6768,346000,Foreign_Investor,283474
2025-05-19,6768,0,Foreign_Dealer_Self,0
2025-05-19,6768,0,Investment_Trust,88307
2025-05-19,6768,4000,Dealer_self,11000
2025-05-19,6768,1000,Dealer_Hedging,1752
2025-05-20,6768,204000,Foreign_Investor,181600
2025-05-20,6768,0,Foreign_Dealer_Self,0
2025-05-20,6768,0,Investment_Trust,150000
2025-05-20,6768,40000,Dealer_self,25000
2025-05-20,6768,3099,Dealer_Hedging,100
2025-05-21,6768,291800,Foreign_Investor,65000
2025-05-21,6768,0,Foreign_Dealer_Self,0
2025-05-21,6768,0,Investment_Trust,126000
2025-05-21,6768,34000,Dealer_self,13473
2025-05-21,6768,0,Dealer_Hedging,2458
2025-05-22,6768,279000,Foreign_Investor,129000
2025-05-22,6768,0,Foreign_Dealer_Self,0
2025-05-22,6768,0,Investment_Trust,75105
2025-05-22,6768,8000,Dealer_self,3238
2025-05-22,6768,0,Dealer_Hedging,39
2025-05-23,6768,110000,Foreign_Investor,156060
2025-05-23,6768,0,Foreign_Dealer_Self,0
2025-05-23,6768,0,Investment_Trust,85276
2025-05-23,6768,59000,Dealer_self,13204
2025-05-23,6768,0,Dealer_Hedging,317
2025-05-26,6768,208500,Foreign_Investor,181000
2025-05-26,6768,0,Foreign_Dealer_Self,0
2025-05-26,6768,0,Investment_Trust,1276
2025-05-26,6768,20000,Dealer_self,9087
2025-05-26,6768,0,Dealer_Hedging,115
2025-05-27,6768,399552,Foreign_Investor,324000
2025-05-27,6768,0,Foreign_Dealer_Self,0
2025-05-27,6768,0,Investment_Trust,0
2025-05-27,6768,50000,Dealer_self,14294
2025-05-27,6768,6382,Dealer_Hedging,1015
2025-05-28,6768,158056,Foreign_Investor,264619
2025-05-28,6768,0,Foreign_Dealer_Self,0
2025-05-28,6768,0,Investment_Trust,0
2025-05-28,6768,30000,Dealer_self,39000
2025-05-28,6768,1003,Dealer_Hedging,5000
2025-05-29,6768,1328426,Foreign_Investor,1314056
2025-05-29,6768,0,Foreign_Dealer_Self,0
2025-05-29,6768,26000,Investment_Trust,3829
2025-05-29,6768,307065,Dealer_self,151129
2025-05-29,6768,27176,Dealer_Hedging,12366
2025-06-02,6768,788553,Foreign_Investor,1430000
2025-06-02,6768,0,Foreign_Dealer_Self,0
2025-06-02,6768,0,Investment_Trust,213828
2025-06-02,6768,81000,Dealer_self,136065
2025-06-02,6768,0,Dealer_Hedging,12960
2025-06-03,6768,245229,Foreign_Investor,531588
2025-06-03,6768,0,Foreign_Dealer_Self,0
2025-06-03,6768,0,Investment_Trust,0
2025-06-03,6768,29000,Dealer_self,27000
2025-06-03,6768,3000,Dealer_Hedging,3753
2025-06-04,6768,427000,Foreign_Investor,394229
2025-06-04,6768,0,Foreign_Dealer_Self,0
2025-06-04,6768,0,Investment_Trust,22552
2025-06-04,6768,76000,Dealer_self,0
2025-06-04,6768,22000,Dealer_Hedging,3378
2025-06-05,6768,162304,Foreign_Investor,247000
2025-06-05,6768,0,Foreign_Dealer_Self,0
2025-06-05,6768,0,Investment_Trust,0
2025-06-05,6768,6000,Dealer_self,33000
2025-06-05,6768,3000,Dealer_Hedging,2000
2025-06-06,6768,137064,Foreign_Investor,148596
2025-06-06,6768,0,Foreign_Dealer_Self,0
2025-06-06,6768,0,Investment_Trust,2553
2025-06-06,6768,0,Dealer_self,4000
2025-06-06,6768,2000,Dealer_Hedging,4439
2025-06-09,6768,717012,Foreign_Investor,1352064
2025-06-09,6768,0,Foreign_Dealer_Self,0
2025-06-09,6768,0,Investment_Trust,3829
2025-06-09,6768,110000,Dealer_self,78000
2025-06-09,6768,9000,Dealer_Hedging,25286
2025-06-10,6768,169000,Foreign_Investor,170012
2025-06-10,6768,0,Foreign_Dealer_Self,0
2025-06-10,6768,0,Investment_Trust,1276
2025-06-10,6768,29000,Dealer_self,24000
2025-06-10,6768,0,Dealer_Hedging,5309
2025-06-11,6768,643000,Foreign_Investor,439000
2025-06-11,6768,0,Foreign_Dealer_Self,0
2025-06-11,6768,0,Investment_Trust,1278
2025-06-11,6768,28159,Dealer_self,25000
2025-06-11,6768,7851,Dealer_Hedging,4000
2025-06-12,6768,521042,Foreign_Investor,582000
2025-06-12,6768,0,Foreign_Dealer_Self,0
2025-06-12,6768,0,Investment_Trust,3834
2025-06-12,6768,49000,Dealer_self,25000
2025-06-12,6768,2451,Dealer_Hedging,5254
2025-06-13,6768,320000,Foreign_Investor,545000
2025-06-13,6768,0,Foreign_Dealer_Self,0
2025-06-13,6768,0,Investment_Trust,1278
2025-06-13,6768,30000,Dealer_self,47000
2025-06-13,6768,2000,Dealer_Hedging,1451
2025-06-16,6768,364000,Foreign_Investor,196000
2025-06-16,6768,0,Foreign_Dealer_Self,0
2025-06-16,6768,0,Investment_Trust,0
2025-06-16,6768,60000,Dealer_self,7000
2025-06-16,6768,3000,Dealer_Hedging,3000
2025-06-17,6768,499024,Foreign_Investor,753000
2025-06-17,6768,0,Foreign_Dealer_Self,0
2025-06-17,6768,0,Investment_Trust,1281
2025-06-17,6768,16000,Dealer_self,34000
2025-06-17,6768,2000,Dealer_Hedging,2000
2025-06-18,6768,147000,Foreign_Investor,223000
2025-06-18,6768,0,Foreign_Dealer_Self,0
2025-06-18,6768,15000,Investment_Trust,1285
2025-06-18,6768,4000,Dealer_self,3000
2025-06-18,6768,1000,Dealer_Hedging,11000
2025-06-19,6768,117020,Foreign_Investor,1096000
2025-06-19,6768,0,Foreign_Dealer_Self,0
2025-06-19,6768,0,Investment_Trust,1287
2025-06-19,6768,6000,Dealer_self,138000
2025-06-19,6768,2010,Dealer_Hedging,0
2025-06-20,6768,374290,Foreign_Investor,1789000
2025-06-20,6768,0,Foreign_Dealer_Self,0
2025-06-20,6768,0,Investment_Trust,0
2025-06-20,6768,30000,Dealer_self,215000
2025-06-20,6768,4000,Dealer_Hedging,7699
2025-06-23,6768,177000,Foreign_Investor,428000
2025-06-23,6768,0,Foreign_Dealer_Self,0
2025-06-23,6768,0,Investment_Trust,4115
2025-06-23,6768,19000,Dealer_self,21000
2025-06-23,6768,3000,Dealer_Hedging,4301
2025-06-24,6768,358031,Foreign_Investor,259000
2025-06-24,6768,0,Foreign_Dealer_Self,0
2025-06-24,6768,0,Investment_Trust,9177
2025-06-24,6768,0,Dealer_self,5000
2025-06-24,6768,7000,Dealer_Hedging,4111
2025-06-25,6768,825000,Foreign_Investor,532000
2025-06-25,6768,0,Foreign_Dealer_Self,0
2025-06-25,6768,0,Investment_Trust,1299
2025-06-25,6768,2044,Dealer_self,63000
2025-06-25,6768,33914,Dealer_Hedging,2000
2025-06-26,6768,370708,Foreign_Investor,310320
2025-06-26,6768,0,Foreign_Dealer_Self,0
2025-06-26,6768,0,Investment_Trust,0
2025-06-26,6768,0,Dealer_self,44
2025-06-26,6768,1031,Dealer_Hedging,20872
2025-06-27,6768,336408,Foreign_Investor,366000
2025-06-27,6768,0,Foreign_Dealer_Self,0
2025-06-27,6768,0,Investment_Trust,3908
2025-06-27,6768,0,Dealer_self,23000
2025-06-27,6768,4000,Dealer_Hedging,4218
2025-06-30,6768,228000,Foreign_Investor,242000
2025-06-30,6768,0,Foreign_Dealer_Self,0
2025-06-30,6768,0,Investment_Trust,2611
2025-06-30,6768,5000,Dealer_self,4000
2025-06-30,6768,0,Dealer_Hedging,1301
2025-07-01,6768,156000,Foreign_Investor,236000
2025-07-01,6768,0,Foreign_Dealer_Self,0
2025-07-01,6768,200000,Investment_Trust,1060
2025-07-01,6768,32000,Dealer_self,0
2025-07-01,6768,2158,Dealer_Hedging,3216
2025-07-02,6768,523000,Foreign_Investor,326000
2025-07-02,6768,0,Foreign_Dealer_Self,0
2025-07-02,6768,200000,Investment_Trust,0
2025-07-02,6768,0,Dealer_self,0
2025-07-02,6768,16000,Dealer_Hedging,3158
2025-07-03,6768,1669000,Foreign_Investor,2260000
2025-07-03,6768,0,Foreign_Dealer_Self,0
2025-07-03,6768,206000,Investment_Trust,2636
2025-07-03,6768,71030,Dealer_self,5000
2025-07-03,6768,16000,Dealer_Hedging,11181
2025-07-04,6768,640000,Foreign_Investor,478000
2025-07-04,6768,0,Foreign_Dealer_Self,0
2025-07-04,6768,100000,Investment_Trust,21000
2025-07-04,6768,0,Dealer_self,45764
2025-07-04,6768,2188,Dealer_Hedging,13057
2025-07-07,6768,208041,Foreign_Investor,309000
2025-07-07,6768,0,Foreign_Dealer_Self,0
2025-07-07,6768,155000,Investment_Trust,1312
2025-07-07,6768,12000,Dealer_self,0
2025-07-07,6768,2000,Dealer_Hedging,2007
2025-07-08,6768,457000,Foreign_Investor,740000
2025-07-08,6768,0,Foreign_Dealer_Self,0
2025-07-08,6768,300000,Investment_Trust,0
2025-07-08,6768,28000,Dealer_self,20000
2025-07-08,6768,3000,Dealer_Hedging,6917
2025-07-09,6768,392000,Foreign_Investor,1661000
2025-07-09,6768,0,Foreign_Dealer_Self,0
2025-07-09,6768,400000,Investment_Trust,2638
2025-07-09,6768,0,Dealer_self,34000
2025-07-09,6768,0,Dealer_Hedging,12036
2025-07-10,6768,194021,Foreign_Investor,413000
2025-07-10,6768,0,Foreign_Dealer_Self,0
2025-07-10,6768,302850,Investment_Trust,0
2025-07-10,6768,0,Dealer_self,7000
2025-07-10,6768,0,Dealer_Hedging,1473
2025-07-11,6768,195000,Foreign_Investor,296790
2025-07-11,6768,0,Foreign_Dealer_Self,0
2025-07-11,6768,250000,Investment_Trust,321325
2025-07-11,6768,0,Dealer_self,20000
2025-07-11,6768,3000,Dealer_Hedging,2000
2025-07-14,6768,218200,Foreign_Investor,264000
2025-07-14,6768,0,Foreign_Dealer_Self,0
2025-07-14,6768,50000,Investment_Trust,260000
2025-07-14,6768,0,Dealer_self,14000
2025-07-14,6768,1000,Dealer_Hedging,1298
2025-07-15,6768,85325,Foreign_Investor,146000
2025-07-15,6768,0,Foreign_Dealer_Self,0
2025-07-15,6768,0,Investment_Trust,0
2025-07-15,6768,1000,Dealer_self,0
2025-07-15,6768,0,Dealer_Hedging,1173
2025-07-16,6768,81000,Foreign_Investor,117000
2025-07-16,6768,0,Foreign_Dealer_Self,0
2025-07-16,6768,0,Investment_Trust,108000
2025-07-16,6768,0,Dealer_self,3000
2025-07-16,6768,0,Dealer_Hedging,1000
2025-07-17,6768,386018,Foreign_Investor,129000
2025-07-17,6768,0,Foreign_Dealer_Self,0
2025-07-17,6768,0,Investment_Trust,27000
2025-07-17,6768,0,Dealer_self,4000
2025-07-17,6768,2000,Dealer_Hedging,1000
2025-07-18,6768,128000,Foreign_Investor,339000
2025-07-18,6768,0,Foreign_Dealer_Self,0
2025-07-18,6768,0,Investment_Trust,13000
2025-07-18,6768,11000,Dealer_self,0
2025-07-18,6768,0,Dealer_Hedging,187
2025-07-21,6768,211000,Foreign_Investor,109000
2025-07-21,6768,0,Foreign_Dealer_Self,0
2025-07-21,6768,0,Investment_Trust,0
2025-07-21,6768,0,Dealer_self,0
2025-07-21,6768,5000,Dealer_Hedging,1000
2025-07-22,6768,496000,Foreign_Investor,1032941
2025-07-22,6768,0,Foreign_Dealer_Self,0
2025-07-22,6768,0,Investment_Trust,11335
2025-07-22,6768,237000,Dealer_self,0
2025-07-22,6768,6000,Dealer_Hedging,1000
2025-07-23,6768,297018,Foreign_Investor,527000
2025-07-23,6768,0,Foreign_Dealer_Self,0
2025-07-23,6768,0,Investment_Trust,5389
2025-07-23,6768,4000,Dealer_self,0
2025-07-23,6768,7000,Dealer_Hedging,2050
2025-07-24,6768,63000,Foreign_Investor,480000
2025-07-24,6768,0,Foreign_Dealer_Self,0
2025-07-24,6768,0,Investment_Trust,463
2025-07-24,6768,0,Dealer_self,1000
2025-07-24,6768,16000,Dealer_Hedging,4353
2025-07-25,6768,85000,Foreign_Investor,225000
2025-07-25,6768,0,Foreign_Dealer_Self,0
2025-07-25,6768,0,Investment_Trust,94783
2025-07-25,6768,0,Dealer_self,0
2025-07-25,6768,1000,Dealer_Hedging,1170
2025-07-28,6768,82000,Foreign_Investor,478000
2025-07-28,6768,0,Foreign_Dealer_Self,0
2025-07-28,6768,0,Investment_Trust,14000
2025-07-28,6768,1000,Dealer_self,1000
2025-07-28,6768,3000,Dealer_Hedging,2890
2025-07-29,6768,183000,Foreign_Investor,294000
2025-07-29,6768,0,Foreign_Dealer_Self,0
2025-07-29,6768,0,Investment_Trust,17000
2025-07-29,6768,0,Dealer_self,0
2025-07-29,6768,11000,Dealer_Hedging,14954
2025-07-30,6768,182000,Foreign_Investor,69000
2025-07-30,6768,0,Foreign_Dealer_Self,0
2025-07-30,6768,0,Investment_Trust,2678
2025-07-30,6768,3000,Dealer_self,0
2025-07-30,6768,4000,Dealer_Hedging,1000
2025-07-31,6768,205000,Foreign_Investor,153000
2025-07-31,6768,0,Foreign_Dealer_Self,0
2025-07-31,6768,0,Investment_Trust,8000
2025-07-31,6768,1000,Dealer_self,2000
2025-07-31,6768,2000,Dealer_Hedging,2648
2025-08-01,6768,39000,Foreign_Investor,96000
2025-08-01,6768,0,Foreign_Dealer_Self,0
2025-08-01,6768,0,Investment_Trust,0
2025-08-01,6768,4000,Dealer_self,0
2025-08-01,6768,2280,Dealer_Hedging,4000
2025-08-04,6768,373000,Foreign_Investor,79000
2025-08-04,6768,0,Foreign_Dealer_Self,0
2025-08-04,6768,169000,Investment_Trust,0
2025-08-04,6768,30000,Dealer_self,12000
2025-08-04,6768,3000,Dealer_Hedging,1170
2025-08-05,6768,714000,Foreign_Investor,97000
2025-08-05,6768,0,Foreign_Dealer_Self,0
2025-08-05,6768,118000,Investment_Trust,0
2025-08-05,6768,5000,Dealer_self,0
2025-08-05,6768,3000,Dealer_Hedging,4000
2025-08-06,6768,636000,Foreign_Investor,186209
2025-08-06,6768,0,Foreign_Dealer_Self,0
2025-08-06,6768,0,Investment_Trust,2600
2025-08-06,6768,0,Dealer_self,0
2025-08-06,6768,7000,Dealer_Hedging,18100
2025-08-07,6768,530000,Foreign_Investor,421000
2025-08-07,6768,0,Foreign_Dealer_Self,0
2025-08-07,6768,0,Investment_Trust,0
2025-08-07,6768,1000,Dealer_self,0
2025-08-07,6768,2000,Dealer_Hedging,8010
2025-08-08,6768,1251004,Foreign_Investor,392000
2025-08-08,6768,0,Foreign_Dealer_Self,0
2025-08-08,6768,2763,Investment_Trust,0
2025-08-08,6768,27000,Dealer_self,2000
2025-08-08,6768,13130,Dealer_Hedging,2000
2025-08-11,6768,373000,Foreign_Investor,337000
2025-08-11,6768,0,Foreign_Dealer_Self,0
2025-08-11,6768,0,Investment_Trust,8310
2025-08-11,6768,0,Dealer_self,16000
2025-08-11,6768,10720,Dealer_Hedging,12805
2025-08-12,6768,1194000,Foreign_Investor,229000
2025-08-12,6768,0,Foreign_Dealer_Self,0
2025-08-12,6768,0,Investment_Trust,0
2025-08-12,6768,0,Dealer_self,2000
2025-08-12,6768,6624,Dealer_Hedging,1238
2025-08-13,6768,411000,Foreign_Investor,130000
2025-08-13,6768,0,Foreign_Dealer_Self,0
2025-08-13,6768,0,Investment_Trust,216620
2025-08-13,6768,0,Dealer_self,0
2025-08-13,6768,4506,Dealer_Hedging,15660
2025-08-14,6768,747035,Foreign_Investor,127000
2025-08-14,6768,0,Foreign_Dealer_Self,0
2025-08-14,6768,0,Investment_Trust,14530
2025-08-14,6768,0,Dealer_self,0
2025-08-14,6768,3864,Dealer_Hedging,4367
2025-08-15,6768,428000,Foreign_Investor,190000
2025-08-15,6768,0,Foreign_Dealer_Self,0
2025-08-15,6768,39000,Investment_Trust,6000
2025-08-15,6768,53000,Dealer_self,15337
2025-08-15,6768,1825,Dealer_Hedging,2019
2025-08-18,6768,217000,Foreign_Investor,587000
2025-08-18,6768,0,Foreign_Dealer_Self,0
2025-08-18,6768,0,Investment_Trust,513235
2025-08-18,6768,1000,Dealer_self,1000
2025-08-18,6768,2065,Dealer_Hedging,3530
2025-08-19,6768,342000,Foreign_Investor,343291
2025-08-19,6768,0,Foreign_Dealer_Self,0
2025-08-19,6768,0,Investment_Trust,366659
2025-08-19,6768,1000,Dealer_self,14000
2025-08-19,6768,6000,Dealer_Hedging,2828
2025-08-20,6768,284000,Foreign_Investor,397000
2025-08-20,6768,0,Foreign_Dealer_Self,0
2025-08-20,6768,294000,Investment_Trust,293329
2025-08-20,6768,0,Dealer_self,3000
2025-08-20,6768,3000,Dealer_Hedging,2830
2025-08-21,6768,29006,Foreign_Investor,106000
2025-08-21,6768,0,Foreign_Dealer_Self,0
2025-08-21,6768,0,Investment_Trust,0
2025-08-21,6768,0,Dealer_self,15000
2025-08-21,6768,0,Dealer_Hedging,1221
2025-08-22,6768,38000,Foreign_Investor,215000
2025-08-22,6768,0,Foreign_Dealer_Self,0
2025-08-22,6768,0,Investment_Trust,0
2025-08-22,6768,0,Dealer_self,2000
2025-08-22,6768,0,Dealer_Hedging,1081
2025-08-25,6768,162000,Foreign_Investor,64000
2025-08-25,6768,0,Foreign_Dealer_Self,0
2025-08-25,6768,0,Investment_Trust,0
2025-08-25,6768,0,Dealer_self,0
2025-08-25,6768,2000,Dealer_Hedging,200
2025-08-26,6768,194246,Foreign_Investor,375000
2025-08-26,6768,0,Foreign_Dealer_Self,0
2025-08-26,6768,0,Investment_Trust,7000
2025-08-26,6768,10000,Dealer_self,0
2025-08-26,6768,0,Dealer_Hedging,2151
2025-08-27,6768,117000,Foreign_Investor,105000
2025-08-27,6768,0,Foreign_Dealer_Self,0
2025-08-27,6768,0,Investment_Trust,4000
2025-08-27,6768,16000,Dealer_self,0
2025-08-27,6768,2000,Dealer_Hedging,2502
2025-08-28,6768,204000,Foreign_Investor,166000
2025-08-28,6768,0,Foreign_Dealer_Self,0
2025-08-28,6768,20000,Investment_Trust,11302
2025-08-28,6768,21000,Dealer_self,24000
2025-08-28,6768,5050,Dealer_Hedging,2533
2025-08-29,6768,98008,Foreign_Investor,110000
2025-08-29,6768,0,Foreign_Dealer_Self,0
2025-08-29,6768,0,Investment_Trust,2630
2025-08-29,6768,0,Dealer_self,2000
2025-08-29,6768,1001,Dealer_Hedging,1087
2025-09-01,6768,69000,Foreign_Investor,497000
2025-09-01,6768,0,Foreign_Dealer_Self,0
2025-09-01,6768,0,Investment_Trust,0
2025-09-01,6768,18000,Dealer_self,0
2025-09-01,6768,2000,Dealer_Hedging,2149
2025-09-02,6768,93000,Foreign_Investor,796000
2025-09-02,6768,0,Foreign_Dealer_Self,0
2025-09-02,6768,0,Investment_Trust,0
2025-09-02,6768,25000,Dealer_self,3000
2025-09-02,6768,0,Dealer_Hedging,6436
2025-09-03,6768,114000,Foreign_Investor,642000
2025-09-03,6768,0,Foreign_Dealer_Self,0
2025-09-03,6768,0,Investment_Trust,8000
2025-09-03,6768,0,Dealer_self,0
2025-09-03,6768,8000,Dealer_Hedging,2091
2025-09-04,6768,485000,Foreign_Investor,153000
2025-09-04,6768,0,Foreign_Dealer_Self,0
2025-09-04,6768,0,Investment_Trust,165000
2025-09-04,6768,1000,Dealer_self,0
2025-09-04,6768,4000,Dealer_Hedging,2256
2025-09-05,6768,237000,Foreign_Investor,430949
2025-09-05,6768,0,Foreign_Dealer_Self,0
2025-09-05,6768,0,Investment_Trust,1330
2025-09-05,6768,1000,Dealer_self,2000
2025-09-05,6768,0,Dealer_Hedging,7114
2025-09-08,6768,240050,Foreign_Investor,1118000
2025-09-08,6768,0,Foreign_Dealer_Self,0
2025-09-08,6768,1000,Investment_Trust,7310
2025-09-08,6768,30000,Dealer_self,4000
2025-09-08,6768,5000,Dealer_Hedging,630
2025-09-09,6768,186010,Foreign_Investor,337000
2025-09-09,6768,0,Foreign_Dealer_Self,0
2025-09-09,6768,0,Investment_Trust,1300
2025-09-09,6768,5000,Dealer_self,1000
2025-09-09,6768,5420,Dealer_Hedging,14621
2025-09-10,6768,91150,Foreign_Investor,389000
2025-09-10,6768,0,Foreign_Dealer_Self,0
2025-09-10,6768,0,Investment_Trust,33630
2025-09-10,6768,24000,Dealer_self,1000
2025-09-10,6768,0,Dealer_Hedging,4551
2025-09-11,6768,75557,Foreign_Investor,1085000
2025-09-11,6768,0,Foreign_Dealer_Self,0
2025-09-11,6768,0,Investment_Trust,11630
2025-09-11,6768,129000,Dealer_self,1000
2025-09-11,6768,0,Dealer_Hedging,2627
2025-09-12,6768,229000,Foreign_Investor,79000
2025-09-12,6768,0,Foreign_Dealer_Self,0
2025-09-12,6768,0,Investment_Trust,15600
2025-09-12,6768,7000,Dealer_self,0
2025-09-12,6768,3112,Dealer_Hedging,235
2025-09-15,6768,72000,Foreign_Investor,138000
2025-09-15,6768,0,Foreign_Dealer_Self,0
2025-09-15,6768,1000,Investment_Trust,1280
2025-09-15,6768,3000,Dealer_self,0
2025-09-15,6768,2113,Dealer_Hedging,1000
2025-09-16,6768,121000,Foreign_Investor,68000
2025-09-16,6768,0,Foreign_Dealer_Self,0
2025-09-16,6768,0,Investment_Trust,12000
2025-09-16,6768,1000,Dealer_self,0
2025-09-16,6768,1000,Dealer_Hedging,155
2025-09-17,6768,461000,Foreign_Investor,182460
2025-09-17,6768,0,Foreign_Dealer_Self,0
2025-09-17,6768,0,Investment_Trust,8662
2025-09-17,6768,3000,Dealer_self,0
2025-09-17,6768,163,Dealer_Hedging,0
2025-09-18,6768,1206074,Foreign_Investor,594000
2025-09-18,6768,0,Foreign_Dealer_Self,0
2025-09-18,6768,7000,Investment_Trust,11000
2025-09-18,6768,47000,Dealer_self,1000
2025-09-18,6768,6091,Dealer_Hedging,1292
2025-09-19,6768,529000,Foreign_Investor,580000
2025-09-19,6768,0,Foreign_Dealer_Self,0
2025-09-19,6768,196270,Investment_Trust,8000
2025-09-19,6768,21000,Dealer_self,0
2025-09-19,6768,2000,Dealer_Hedging,2187
2025-09-22,6768,501000,Foreign_Investor,209000
2025-09-22,6768,0,Foreign_Dealer_Self,0
2025-09-22,6768,50000,Investment_Trust,9718
2025-09-22,6768,1000,Dealer_self,4000
2025-09-22,6768,11053,Dealer_Hedging,1000
2025-09-23,6768,762000,Foreign_Investor,130000
2025-09-23,6768,0,Foreign_Dealer_Self,0
2025-09-23,6768,0,Investment_Trust,0
2025-09-23,6768,0,Dealer_self,3000
2025-09-23,6768,2099,Dealer_Hedging,2898
2025-09-24,6768,280000,Foreign_Investor,199000
2025-09-24,6768,0,Foreign_Dealer_Self,0
2025-09-24,6768,0,Investment_Trust,5000
2025-09-24,6768,8000,Dealer_self,2000
2025-09-24,6768,8000,Dealer_Hedging,2000
2025-09-25,6768,98005,Foreign_Investor,191000
2025-09-25,6768,0,Foreign_Dealer_Self,0
2025-09-25,6768,0,Investment_Trust,7000
2025-09-25,6768,1000,Dealer_self,0
2025-09-25,6768,0,Dealer_Hedging,4870
2025-09-26,6768,97000,Foreign_Investor,320000
2025-09-26,6768,0,Foreign_Dealer_Self,0
2025-09-26,6768,0,Investment_Trust,0
2025-09-26,6768,0,Dealer_self,57684
2025-09-26,6768,5001,Dealer_Hedging,4739
2025-09-30,6768,49000,Foreign_Investor,209000
2025-09-30,6768,0,Foreign_Dealer_Self,0
2025-09-30,6768,6000,Investment_Trust,0
2025-09-30,6768,28000,Dealer_self,80000
2025-09-30,6768,1000,Dealer_Hedging,104
2025-10-01,6768,83000,Foreign_Investor,69000
2025-10-01,6768,0,Foreign_Dealer_Self,0
2025-10-01,6768,0,Investment_Trust,0
2025-10-01,6768,1000,Dealer_self,0
2025-10-01,6768,3000,Dealer_Hedging,139
2025-10-02,6768,2348000,Foreign_Investor,696657
2025-10-02,6768,0,Foreign_Dealer_Self,0
2025-10-02,6768,25000,Investment_Trust,0
2025-10-02,6768,39164,Dealer_self,0
2025-10-02,6768,4455,Dealer_Hedging,4022
2025-10-03,6768,1849000,Foreign_Investor,1706000
2025-10-03,6768,0,Foreign_Dealer_Self,0
2025-10-03,6768,736000,Investment_Trust,72340
2025-10-03,6768,2000,Dealer_self,20284
2025-10-03,6768,24050,Dealer_Hedging,8294
2025-10-07,6768,820000,Foreign_Investor,582000
2025-10-07,6768,0,Foreign_Dealer_Self,0
2025-10-07,6768,0,Investment_Trust,11721
2025-10-07,6768,6000,Dealer_self,4880
2025-10-07,6768,17000,Dealer_Hedging,25121
2025-10-08,6768,692000,Foreign_Investor,920000
2025-10-08,6768,0,Foreign_Dealer_Self,0
2025-10-08,6768,62000,Investment_Trust,8000
2025-10-08,6768,74000,Dealer_self,13000
2025-10-08,6768,45000,Dealer_Hedging,32466
2025-10-09,6768,1463000,Foreign_Investor,404000
2025-10-09,6768,0,Foreign_Dealer_Self,0
2025-10-09,6768,110000,Investment_Trust,258360
2025-10-09,6768,20000,Dealer_self,41990
2025-10-09,6768,4762,Dealer_Hedging,38543
2025-10-13,6768,703000,Foreign_Investor,547000
2025-10-13,6768,0,Foreign_Dealer_Self,0
2025-10-13,6768,0,Investment_Trust,2721
2025-10-13,6768,13000,Dealer_self,1507
2025-10-13,6768,2000,Dealer_Hedging,3705
2025-10-14,6768,736000,Foreign_Investor,504000
2025-10-14,6768,0,Foreign_Dealer_Self,0
2025-10-14,6768,9000,Investment_Trust,4081
2025-10-14,6768,19006,Dealer_self,16656
2025-10-14,6768,13857,Dealer_Hedging,2013
2025-10-15,6768,0,Foreign_Dealer_Self,0
2025-10-15,6768,15000,Investment_Trust,0
2025-10-15,6768,112000,Dealer_self,5255
2025-10-15,6768,17260,Dealer_Hedging,3659
2025-10-15,6768,1780428,Foreign_Investor,1890200
2025-10-16,6768,377000,Foreign_Investor,760400
2025-10-16,6768,0,Foreign_Dealer_Self,0
2025-10-16,6768,0,Investment_Trust,1360
2025-10-16,6768,19000,Dealer_self,74598
2025-10-16,6768,24000,Dealer_Hedging,40699
2025-10-17,6768,142028,Foreign_Investor,141000
2025-10-17,6768,0,Foreign_Dealer_Self,0
2025-10-17,6768,0,Investment_Trust,7000
2025-10-17,6768,2000,Dealer_self,28007
2025-10-17,6768,1000,Dealer_Hedging,2464
2025-10-20,6768,191031,Foreign_Investor,398000
2025-10-20,6768,0,Foreign_Dealer_Self,0
2025-10-20,6768,126000,Investment_Trust,44721
2025-10-20,6768,24000,Dealer_self,5993
2025-10-20,6768,7339,Dealer_Hedging,0
2025-10-21,6768,98000,Foreign_Investor,402000
2025-10-21,6768,0,Foreign_Dealer_Self,0
2025-10-21,6768,0,Investment_Trust,11081
2025-10-21,6768,8000,Dealer_self,58176
2025-10-21,6768,13000,Dealer_Hedging,3984
2025-10-22,6768,553000,Foreign_Investor,479000
2025-10-22,6768,0,Foreign_Dealer_Self,0
2025-10-22,6768,50000,Investment_Trust,277000
2025-10-22,6768,15000,Dealer_self,53824
2025-10-22,6768,18342,Dealer_Hedging,3109
2025-10-23,6768,131000,Foreign_Investor,229000
2025-10-23,6768,0,Foreign_Dealer_Self,0
2025-10-23,6768,10000,Investment_Trust,1360
2025-10-23,6768,1000,Dealer_self,1835
2025-10-23,6768,1000,Dealer_Hedging,5848
2025-10-27,6768,157000,Foreign_Investor,428000
2025-10-27,6768,0,Foreign_Dealer_Self,0
2025-10-27,6768,0,Investment_Trust,7705
2025-10-27,6768,5000,Dealer_self,1083
2025-10-27,6768,4000,Dealer_Hedging,1000
2025-10-28,6768,59014,Foreign_Investor,317000
2025-10-28,6768,0,Foreign_Dealer_Self,0
2025-10-28,6768,0,Investment_Trust,4000
2025-10-28,6768,6000,Dealer_self,63082
2025-10-28,6768,2000,Dealer_Hedging,0
2025-10-29,6768,198000,Foreign_Investor,280000
2025-10-29,6768,0,Foreign_Dealer_Self,0
2025-10-29,6768,0,Investment_Trust,8000
2025-10-29,6768,20000,Dealer_self,4000
2025-10-29,6768,2000,Dealer_Hedging,4000
2025-10-30,6768,156000,Foreign_Investor,178000
2025-10-30,6768,0,Foreign_Dealer_Self,0
2025-10-30,6768,0,Investment_Trust,36721
2025-10-30,6768,4000,Dealer_self,1861
2025-10-30,6768,9000,Dealer_Hedging,5000
2025-10-31,6768,240000,Foreign_Investor,397000
2025-10-31,6768,0,Foreign_Dealer_Self,0
2025-10-31,6768,0,Investment_Trust,4000
2025-10-31,6768,5000,Dealer_self,3139
2025-10-31,6768,7000,Dealer_Hedging,9765
2025-11-03,6768,232000,Foreign_Investor,197000
2025-11-03,6768,0,Foreign_Dealer_Self,0
2025-11-03,6768,0,Investment_Trust,16360
2025-11-03,6768,2000,Dealer_self,615
2025-11-03,6768,3000,Dealer_Hedging,8000
2025-11-04,6768,666000,Foreign_Investor,364000
2025-11-04,6768,0,Foreign_Dealer_Self,0
2025-11-04,6768,0,Investment_Trust,13360
2025-11-04,6768,34000,Dealer_self,8385
2025-11-04,6768,36475,Dealer_Hedging,10000
2025-11-05,6768,366000,Foreign_Investor,468000
2025-11-05,6768,0,Foreign_Dealer_Self,0
2025-11-05,6768,33000,Investment_Trust,26870
2025-11-05,6768,62000,Dealer_self,22000
2025-11-05,6768,13251,Dealer_Hedging,22350
2025-11-06,6768,367100,Foreign_Investor,1171000
2025-11-06,6768,0,Foreign_Dealer_Self,0
2025-11-06,6768,0,Investment_Trust,450930
2025-11-06,6768,39000,Dealer_self,104000
2025-11-06,6768,13000,Dealer_Hedging,41249
2025-11-07,6768,176000,Foreign_Investor,632000
2025-11-07,6768,0,Foreign_Dealer_Self,0
2025-11-07,6768,0,Investment_Trust,29623
2025-11-07,6768,4000,Dealer_self,3075
2025-11-07,6768,5150,Dealer_Hedging,10000
2025-11-10,6768,32000,Foreign_Investor,89000
2025-11-10,6768,0,Foreign_Dealer_Self,0
2025-11-10,6768,0,Investment_Trust,21000
2025-11-10,6768,13000,Dealer_self,3925
2025-11-10,6768,0,Dealer_Hedging,300
2025-11-11,6768,97000,Foreign_Investor,190000
2025-11-11,6768,0,Foreign_Dealer_Self,0
2025-11-11,6768,0,Investment_Trust,1201
2025-11-11,6768,2000,Dealer_self,20053
2025-11-11,6768,0,Dealer_Hedging,0
2025-11-12,6768,238000,Foreign_Investor,179000
2025-11-12,6768,0,Foreign_Dealer_Self,0
2025-11-12,6768,0,Investment_Trust,4980
2025-11-12,6768,1000,Dealer_self,290
2025-11-12,6768,9501,Dealer_Hedging,5000
2025-11-13,6768,334000,Foreign_Investor,265100
2025-11-13,6768,0,Foreign_Dealer_Self,0
2025-11-13,6768,0,Investment_Trust,138000
2025-11-13,6768,4000,Dealer_self,50000
2025-11-13,6768,9597,Dealer_Hedging,3001
2025-11-14,6768,340000,Foreign_Investor,218000
2025-11-14,6768,0,Foreign_Dealer_Self,0
2025-11-14,6768,0,Investment_Trust,10402
2025-11-14,6768,2000,Dealer_self,14000
2025-11-14,6768,2000,Dealer_Hedging,4157
2025-11-17,6768,61153,Foreign_Investor,138000
2025-11-17,6768,0,Foreign_Dealer_Self,0
2025-11-17,6768,0,Investment_Trust,12000
2025-11-17,6768,0,Dealer_self,1000
2025-11-17,6768,0,Dealer_Hedging,6649
2025-11-18,6768,83000,Foreign_Investor,509000
2025-11-18,6768,0,Foreign_Dealer_Self,0
2025-11-18,6768,0,Investment_Trust,7001
2025-11-18,6768,6000,Dealer_self,6657
2025-11-18,6768,2000,Dealer_Hedging,9876
2025-11-19,6768,192000,Foreign_Investor,151000
2025-11-19,6768,0,Foreign_Dealer_Self,0
2025-11-19,6768,0,Investment_Trust,0
2025-11-19,6768,2000,Dealer_self,2019
2025-11-19,6768,2066,Dealer_Hedging,2000
2025-11-20,6768,93000,Foreign_Investor,121000
2025-11-20,6768,0,Foreign_Dealer_Self,0
2025-11-20,6768,0,Investment_Trust,5184
2025-11-20,6768,9000,Dealer_self,1
2025-11-20,6768,0,Dealer_Hedging,1014
2025-11-21,6768,356620,Foreign_Investor,193000
2025-11-21,6768,0,Foreign_Dealer_Self,0
2025-11-21,6768,0,Investment_Trust,0
2025-11-21,6768,0,Dealer_self,1002
2025-11-21,6768,1000,Dealer_Hedging,1000
2025-11-24,6768,631000,Foreign_Investor,697918
2025-11-24,6768,0,Foreign_Dealer_Self,0
2025-11-24,6768,0,Investment_Trust,0
2025-11-24,6768,7000,Dealer_self,50411
2025-11-24,6768,2150,Dealer_Hedging,3000
2025-11-25,6768,40000,Foreign_Investor,110000
2025-11-25,6768,0,Foreign_Dealer_Self,0
2025-11-25,6768,0,Investment_Trust,1184
2025-11-25,6768,5000,Dealer_self,328
2025-11-25,6768,1003,Dealer_Hedging,4100
2025-11-26,6768,568000,Foreign_Investor,92000
2025-11-26,6768,0,Foreign_Dealer_Self,0
2025-11-26,6768,0,Investment_Trust,0
2025-11-26,6768,7000,Dealer_self,445
2025-11-26,6768,10217,Dealer_Hedging,3000
2025-11-27,6768,57000,Foreign_Investor,102000
2025-11-27,6768,0,Foreign_Dealer_Self,0
2025-11-27,6768,0,Investment_Trust,10367
2025-11-27,6768,0,Dealer_self,0
2025-11-27,6768,3000,Dealer_Hedging,2355
2025-11-28,6768,59000,Foreign_Investor,269000
2025-11-28,6768,0,Foreign_Dealer_Self,0
2025-11-28,6768,25000,Investment_Trust,0
2025-11-28,6768,31000,Dealer_self,3917
2025-11-28,6768,3000,Dealer_Hedging,1152
2025-12-01,6768,339000,Foreign_Investor,71000
2025-12-01,6768,0,Foreign_Dealer_Self,0
2025-12-01,6768,170000,Investment_Trust,0
2025-12-01,6768,2000,Dealer_self,5267
2025-12-01,6768,44433,Dealer_Hedging,5515
2025-12-02,6768,375000,Foreign_Investor,340000
2025-12-02,6768,0,Foreign_Dealer_Self,0
2025-12-02,6768,0,Investment_Trust,0
2025-12-02,6768,95000,Dealer_self,52000
2025-12-02,6768,19243,Dealer_Hedging,14872
2025-12-03,6768,32000,Foreign_Investor,127000
2025-12-03,6768,0,Foreign_Dealer_Self,0
2025-12-03,6768,13000,Investment_Trust,5184
2025-12-03,6768,37000,Dealer_self,5001
2025-12-03,6768,3000,Dealer_Hedging,13665
2025-12-04,6768,302830,Foreign_Investor,115000
2025-12-04,6768,0,Foreign_Dealer_Self,0
2025-12-04,6768,0,Investment_Trust,9367
2025-12-04,6768,6000,Dealer_self,10000
2025-12-04,6768,2000,Dealer_Hedging,5345
2025-12-05,6768,244000,Foreign_Investor,166000
2025-12-05,6768,0,Foreign_Dealer_Self,0
2025-12-05,6768,2000,Investment_Trust,5000
2025-12-05,6768,5000,Dealer_self,40000
2025-12-05,6768,2000,Dealer_Hedging,4916
2025-12-08,6768,203000,Foreign_Investor,179000
2025-12-08,6768,0,Foreign_Dealer_Self,0
2025-12-08,6768,0,Investment_Trust,8000
2025-12-08,6768,5000,Dealer_self,543
2025-12-08,6768,7042,Dealer_Hedging,3364
2025-12-09,6768,115000,Foreign_Investor,236000
2025-12-09,6768,0,Foreign_Dealer_Self,0
2025-12-09,6768,0,Investment_Trust,2367
2025-12-09,6768,4000,Dealer_self,459
2025-12-09,6768,10000,Dealer_Hedging,3365
2025-12-10,6768,111000,Foreign_Investor,36000
2025-12-10,6768,0,Foreign_Dealer_Self,0
2025-12-10,6768,3000,Investment_Trust,6367
2025-12-10,6768,1000,Dealer_self,45018
2025-12-10,6768,2000,Dealer_Hedging,732
2025-12-11,6768,55000,Foreign_Investor,82000
2025-12-11,6768,0,Foreign_Dealer_Self,0
2025-12-11,6768,0,Investment_Trust,1184
2025-12-11,6768,0,Dealer_self,0
2025-12-11,6768,0,Dealer_Hedging,3000
2025-12-12,6768,96000,Foreign_Investor,80000
2025-12-12,6768,0,Foreign_Dealer_Self,0
2025-12-12,6768,0,Investment_Trust,9367
2025-12-12,6768,1000,Dealer_self,0
2025-12-12,6768,2000,Dealer_Hedging,2000
2025-12-15,6768,92000,Foreign_Investor,113000
2025-12-15,6768,0,Foreign_Dealer_Self,0
2025-12-15,6768,0,Investment_Trust,0
2025-12-15,6768,1000,Dealer_self,0
2025-12-15,6768,2522,Dealer_Hedging,1204
2025-12-16,6768,141000,Foreign_Investor,218000
2025-12-16,6768,0,Foreign_Dealer_Self,0
2025-12-16,6768,0,Investment_Trust,151183
2025-12-16,6768,5000,Dealer_self,25130
2025-12-16,6768,966,Dealer_Hedging,3184
2025-12-17,6768,121000,Foreign_Investor,279000
2025-12-17,6768,0,Foreign_Dealer_Self,0
2025-12-17,6768,0,Investment_Trust,10000
2025-12-17,6768,1000,Dealer_self,37407
2025-12-17,6768,94,Dealer_Hedging,3002
2025-12-18,6768,70000,Foreign_Investor,263000
2025-12-18,6768,0,Foreign_Dealer_Self,0
2025-12-18,6768,0,Investment_Trust,161184
2025-12-18,6768,14000,Dealer_self,2734
2025-12-18,6768,2000,Dealer_Hedging,7482
2025-12-19,6768,209000,Foreign_Investor,180000
2025-12-19,6768,0,Foreign_Dealer_Self,0
2025-12-19,6768,0,Investment_Trust,5000
2025-12-19,6768,1000,Dealer_self,5000
2025-12-19,6768,3000,Dealer_Hedging,2468
2025-12-22,6768,83000,Foreign_Investor,56000
2025-12-22,6768,0,Foreign_Dealer_Self,0
2025-12-22,6768,0,Investment_Trust,8184
2025-12-22,6768,1000,Dealer_self,0
2025-12-22,6768,4000,Dealer_Hedging,3000
2025-12-23,6768,84100,Foreign_Investor,353005
2025-12-23,6768,0,Foreign_Dealer_Self,0
2025-12-23,6768,0,Investment_Trust,100000
2025-12-23,6768,14000,Dealer_self,4318
2025-12-23,6768,1000,Dealer_Hedging,9282
2025-12-24,6768,11000,Foreign_Investor,211000
2025-12-24,6768,0,Foreign_Dealer_Self,0
2025-12-24,6768,0,Investment_Trust,12000
2025-12-24,6768,1000,Dealer_self,1342
2025-12-24,6768,3000,Dealer_Hedging,3306
2025-12-26,6768,54034,Foreign_Investor,88000
2025-12-26,6768,0,Foreign_Dealer_Self,0
2025-12-26,6768,0,Investment_Trust,0
2025-12-26,6768,1000,Dealer_self,21218
2025-12-26,6768,1000,Dealer_Hedging,781
2025-12-29,6768,115000,Foreign_Investor,235000
2025-12-29,6768,0,Foreign_Dealer_Self,0
2025-12-29,6768,0,Investment_Trust,210000
2025-12-29,6768,6000,Dealer_self,3440
2025-12-29,6768,3000,Dealer_Hedging,1159
2025-12-30,6768,338000,Foreign_Investor,315000
2025-12-30,6768,0,Foreign_Dealer_Self,0
2025-12-30,6768,0,Investment_Trust,221000
2025-12-30,6768,8547,Dealer_self,53000
2025-12-30,6768,1000,Dealer_Hedging,3302
2025-12-31,6768,250000,Foreign_Investor,72000
2025-12-31,6768,0,Foreign_Dealer_Self,0
2025-12-31,6768,0,Investment_Trust,260000
2025-12-31,6768,8000,Dealer_self,2619
2025-12-31,6768,3000,Dealer_Hedging,0
2026-01-02,6768,107000,Foreign_Investor,92000
2026-01-02,6768,0,Foreign_Dealer_Self,0
2026-01-02,6768,170000,Investment_Trust,151184
2026-01-02,6768,4000,Dealer_self,3381
2026-01-02,6768,3000,Dealer_Hedging,0
2026-01-05,6768,549100,Foreign_Investor,292000
2026-01-05,6768,0,Foreign_Dealer_Self,0
2026-01-05,6768,0,Investment_Trust,493553
2026-01-05,6768,7000,Dealer_self,4000
2026-01-05,6768,8000,Dealer_Hedging,2400
2026-01-06,6768,541200,Foreign_Investor,131000
2026-01-06,6768,0,Foreign_Dealer_Self,0
2026-01-06,6768,0,Investment_Trust,468554
2026-01-06,6768,4000,Dealer_self,4000
2026-01-06,6768,3000,Dealer_Hedging,1000
2026-01-07,6768,659300,Foreign_Investor,358000
2026-01-07,6768,0,Foreign_Dealer_Self,0
2026-01-07,6768,0,Investment_Trust,425922
2026-01-07,6768,6000,Dealer_self,4000
2026-01-07,6768,3000,Dealer_Hedging,1242
2026-01-08,6768,518000,Foreign_Investor,212000
2026-01-08,6768,0,Foreign_Dealer_Self,0
2026-01-08,6768,0,Investment_Trust,302368
2026-01-08,6768,2000,Dealer_self,2259
2026-01-08,6768,5000,Dealer_Hedging,6758
2026-01-09,6768,539000,Foreign_Investor,369000
2026-01-09,6768,0,Foreign_Dealer_Self,0
2026-01-09,6768,0,Investment_Trust,350000
2026-01-09,6768,60000,Dealer_self,3741
2026-01-09,6768,4016,Dealer_Hedging,3000
2026-01-12,6768,239668,Foreign_Investor,90000
2026-01-12,6768,0,Foreign_Dealer_Self,0
2026-01-12,6768,0,Investment_Trust,74369
2026-01-12,6768,0,Dealer_self,626
2026-01-12,6768,3000,Dealer_Hedging,2016
2026-01-13,6768,122000,Foreign_Investor,399000
2026-01-13,6768,0,Foreign_Dealer_Self,0
2026-01-13,6768,0,Investment_Trust,7369
2026-01-13,6768,5000,Dealer_self,53374
2026-01-13,6768,2000,Dealer_Hedging,4030
2026-01-14,6768,177000,Foreign_Investor,76000
2026-01-14,6768,0,Foreign_Dealer_Self,0
2026-01-14,6768,0,Investment_Trust,9739
2026-01-14,6768,8000,Dealer_self,1321
2026-01-14,6768,8500,Dealer_Hedging,3000
2026-01-15,6768,84000,Foreign_Investor,202000
2026-01-15,6768,0,Foreign_Dealer_Self,0
2026-01-15,6768,0,Investment_Trust,3554
2026-01-15,6768,1000,Dealer_self,6
2026-01-15,6768,1200,Dealer_Hedging,3000
2026-01-16,6768,188034,Foreign_Investor,271000
2026-01-16,6768,0,Foreign_Dealer_Self,0
2026-01-16,6768,0,Investment_Trust,3554
2026-01-16,6768,2000,Dealer_self,1005
2026-01-16,6768,5150,Dealer_Hedging,1200
2026-01-19,6768,191000,Foreign_Investor,581000
2026-01-19,6768,0,Foreign_Dealer_Self,0
2026-01-19,6768,285000,Investment_Trust,8292
2026-01-19,6768,0,Dealer_self,948
2026-01-19,6768,0,Dealer_Hedging,1039
2026-01-20,6768,119070,Foreign_Investor,344000
2026-01-20,6768,0,Foreign_Dealer_Self,0
2026-01-20,6768,0,Investment_Trust,2369
2026-01-20,6768,1000,Dealer_self,2000
2026-01-20,6768,1000,Dealer_Hedging,1000
2026-01-21,6768,87000,Foreign_Investor,274000
2026-01-21,6768,0,Foreign_Dealer_Self,0
2026-01-21,6768,0,Investment_Trust,2369
2026-01-21,6768,25000,Dealer_self,18001
2026-01-21,6768,0,Dealer_Hedging,3115
2026-01-22,6768,53000,Foreign_Investor,149000
2026-01-22,6768,0,Foreign_Dealer_Self,0
2026-01-22,6768,0,Investment_Trust,2369
2026-01-22,6768,0,Dealer_self,2004
2026-01-22,6768,1000,Dealer_Hedging,1
2026-01-23,6768,83000,Foreign_Investor,199000
2026-01-23,6768,0,Foreign_Dealer_Self,0
2026-01-23,6768,0,Investment_Trust,1185
2026-01-23,6768,2000,Dealer_self,0
2026-01-23,6768,0,Dealer_Hedging,1020
2026-01-26,6768,119000,Foreign_Investor,139000
2026-01-26,6768,0,Foreign_Dealer_Self,0
2026-01-26,6768,0,Investment_Trust,53554
2026-01-26,6768,1000,Dealer_self,1321
2026-01-26,6768,148,Dealer_Hedging,2433
2026-01-27,6768,66000,Foreign_Investor,376000
2026-01-27,6768,0,Foreign_Dealer_Self,0
2026-01-27,6768,0,Investment_Trust,60000
2026-01-27,6768,6000,Dealer_self,7
2026-01-27,6768,2000,Dealer_Hedging,3220
2026-01-28,6768,56000,Foreign_Investor,96000
2026-01-28,6768,0,Foreign_Dealer_Self,0
2026-01-28,6768,0,Investment_Trust,1185
2026-01-28,6768,1000,Dealer_self,0
2026-01-28,6768,3000,Dealer_Hedging,5
2026-01-29,6768,93200,Foreign_Investor,85000
2026-01-29,6768,0,Foreign_Dealer_Self,0
2026-01-29,6768,0,Investment_Trust,62369
2026-01-29,6768,4000,Dealer_self,4001
2026-01-29,6768,0,Dealer_Hedging,291
2026-01-30,6768,65020,Foreign_Investor,300000
2026-01-30,6768,0,Foreign_Dealer_Self,0
2026-01-30,6768,0,Investment_Trust,3554
2026-01-30,6768,1000,Dealer_self,141031
2026-01-30,6768,14000,Dealer_Hedging,7286
2026-02-02,6768,421148,Foreign_Investor,328000
2026-02-02,6768,0,Foreign_Dealer_Self,0
2026-02-02,6768,0,Investment_Trust,1128
2026-02-02,6768,5000,Dealer_self,196028
2026-02-02,6768,3449,Dealer_Hedging,6724
2026-02-03,6768,46000,Foreign_Investor,105000
2026-02-03,6768,0,Foreign_Dealer_Self,0
2026-02-03,6768,0,Investment_Trust,0
2026-02-03,6768,6000,Dealer_self,2
2026-02-03,6768,0,Dealer_Hedging,3601
2026-02-04,6768,77000,Foreign_Investor,100000
2026-02-04,6768,0,Foreign_Dealer_Self,0
2026-02-04,6768,0,Investment_Trust,0
2026-02-04,6768,4000,Dealer_self,1
2026-02-04,6768,0,Dealer_Hedging,101
2026-02-05,6768,76000,Foreign_Investor,150000
2026-02-05,6768,0,Foreign_Dealer_Self,0
2026-02-05,6768,0,Investment_Trust,1185
2026-02-05,6768,1000,Dealer_self,1650
2026-02-05,6768,2000,Dealer_Hedging,3293
2026-02-06,6768,138010,Foreign_Investor,309862
2026-02-06,6768,0,Foreign_Dealer_Self,0
2026-02-06,6768,0,Investment_Trust,0
2026-02-06,6768,5000,Dealer_self,3597
2026-02-06,6768,0,Dealer_Hedging,473
2026-02-09,6768,36034,Foreign_Investor,53000
2026-02-09,6768,0,Foreign_Dealer_Self,0
2026-02-09,6768,0,Investment_Trust,0
2026-02-09,6768,1000,Dealer_self,5000
2026-02-09,6768,0,Dealer_Hedging,4
2026-02-10,6768,137058,Foreign_Investor,73000
2026-02-10,6768,0,Foreign_Dealer_Self,0
2026-02-10,6768,0,Investment_Trust,0
2026-02-10,6768,2000,Dealer_self,25
2026-02-10,6768,5000,Dealer_Hedging,1002
2026-02-11,6768,109001,Foreign_Investor,58000
2026-02-11,6768,0,Foreign_Dealer_Self,0
2026-02-11,6768,0,Investment_Trust,0
2026-02-11,6768,1000,Dealer_self,90
2026-02-11,6768,0,Dealer_Hedging,1127
2026-02-23,6768,655060,Foreign_Investor,373300
2026-02-23,6768,0,Foreign_Dealer_Self,0
2026-02-23,6768,0,Investment_Trust,203555
2026-02-23,6768,0,Dealer_self,1000
2026-02-23,6768,0,Dealer_Hedging,2
2026-02-24,6768,187060,Foreign_Investor,539000
2026-02-24,6768,0,Foreign_Dealer_Self,0
2026-02-24,6768,0,Investment_Trust,2369
2026-02-24,6768,1000,Dealer_self,1
2026-02-24,6768,0,Dealer_Hedging,10006
2026-02-25,6768,474228,Foreign_Investor,564000
2026-02-25,6768,0,Foreign_Dealer_Self,0
2026-02-25,6768,0,Investment_Trust,4739
2026-02-25,6768,4000,Dealer_self,1790
2026-02-25,6768,200,Dealer_Hedging,1639
2026-02-26,6768,109082,Foreign_Investor,156000
2026-02-26,6768,0,Foreign_Dealer_Self,0
2026-02-26,6768,0,Investment_Trust,9849
2026-02-26,6768,0,Dealer_self,1001
2026-02-26,6768,0,Dealer_Hedging,60
2026-03-02,6768,130100,Foreign_Investor,120000
2026-03-02,6768,0,Foreign_Dealer_Self,0
2026-03-02,6768,0,Investment_Trust,3504
2026-03-02,6768,0,Dealer_self,2
2026-03-02,6768,0,Dealer_Hedging,1149
2026-03-03,6768,197400,Foreign_Investor,344000
2026-03-03,6768,0,Foreign_Dealer_Self,0
2026-03-03,6768,0,Investment_Trust,0
2026-03-03,6768,4000,Dealer_self,3715
2026-03-03,6768,2000,Dealer_Hedging,4525
2026-03-04,6768,210101,Foreign_Investor,259000
2026-03-04,6768,0,Foreign_Dealer_Self,0
2026-03-04,6768,0,Investment_Trust,162168
2026-03-04,6768,12000,Dealer_self,5781
2026-03-04,6768,5000,Dealer_Hedging,5000
2026-03-05,6768,261000,Foreign_Investor,88000
2026-03-05,6768,0,Foreign_Dealer_Self,0
2026-03-05,6768,0,Investment_Trust,0
2026-03-05,6768,2000,Dealer_self,9852
2026-03-05,6768,3000,Dealer_Hedging,1000
2026-03-06,6768,81062,Foreign_Investor,288000
2026-03-06,6768,0,Foreign_Dealer_Self,0
2026-03-06,6768,0,Investment_Trust,0
2026-03-06,6768,26000,Dealer_self,3367
2026-03-06,6768,5000,Dealer_Hedging,1000
2026-03-09,6768,482012,Foreign_Investor,283644
2026-03-09,6768,0,Foreign_Dealer_Self,0
2026-03-09,6768,0,Investment_Trust,1168
2026-03-09,6768,9000,Dealer_self,15000
2026-03-09,6768,3000,Dealer_Hedging,9000
2026-03-10,6768,566000,Foreign_Investor,213000
2026-03-10,6768,0,Foreign_Dealer_Self,0
2026-03-10,6768,0,Investment_Trust,0
2026-03-10,6768,3000,Dealer_self,16122
2026-03-10,6768,2000,Dealer_Hedging,0
2026-03-11,6768,172100,Foreign_Investor,71000
2026-03-11,6768,0,Foreign_Dealer_Self,0
2026-03-11,6768,0,Investment_Trust,0
2026-03-11,6768,3000,Dealer_self,3299
2026-03-11,6768,0,Dealer_Hedging,0
2026-03-12,6768,163069,Foreign_Investor,143000
2026-03-12,6768,0,Foreign_Dealer_Self,0
2026-03-12,6768,0,Investment_Trust,1167
2026-03-12,6768,2000,Dealer_self,4286
2026-03-12,6768,0,Dealer_Hedging,0
2026-03-13,6768,481000,Foreign_Investor,330000
2026-03-13,6768,0,Foreign_Dealer_Self,0
2026-03-13,6768,0,Investment_Trust,1167
2026-03-13,6768,9000,Dealer_self,3004
2026-03-13,6768,729,Dealer_Hedging,0
2026-03-16,6768,994000,Foreign_Investor,666979
2026-03-16,6768,0,Foreign_Dealer_Self,0
2026-03-16,6768,0,Investment_Trust,1155
2026-03-16,6768,11000,Dealer_self,3001
2026-03-16,6768,3190,Dealer_Hedging,8090
2026-03-17,6768,748000,Foreign_Investor,433000
2026-03-17,6768,0,Foreign_Dealer_Self,0
2026-03-17,6768,0,Investment_Trust,3501
2026-03-17,6768,1000,Dealer_self,1011
2026-03-17,6768,2016,Dealer_Hedging,369
2026-03-18,6768,435000,Foreign_Investor,240000
2026-03-18,6768,0,Foreign_Dealer_Self,0
2026-03-18,6768,0,Investment_Trust,4501
2026-03-18,6768,1000,Dealer_self,0
2026-03-18,6768,906,Dealer_Hedging,1000
2026-03-19,6768,561415,Foreign_Investor,849459
2026-03-19,6768,0,Foreign_Dealer_Self,0
2026-03-19,6768,0,Investment_Trust,107334
2026-03-19,6768,4000,Dealer_self,7277
2026-03-19,6768,1339,Dealer_Hedging,1382
2026-03-20,6768,290148,Foreign_Investor,205000
2026-03-20,6768,0,Foreign_Dealer_Self,0
2026-03-20,6768,0,Investment_Trust,57000
2026-03-20,6768,2000,Dealer_self,2104
2026-03-20,6768,0,Dealer_Hedging,98
2026-03-23,6768,141200,Foreign_Investor,147000
2026-03-23,6768,0,Foreign_Dealer_Self,0
2026-03-23,6768,0,Investment_Trust,3500
2026-03-23,6768,4000,Dealer_self,5521
2026-03-23,6768,18,Dealer_Hedging,201
2026-03-24,6768,232000,Foreign_Investor,202000
2026-03-24,6768,0,Foreign_Dealer_Self,0
2026-03-24,6768,0,Investment_Trust,14000
2026-03-24,6768,4000,Dealer_self,23375
2026-03-24,6768,129,Dealer_Hedging,2312
2026-03-25,6768,99005,Foreign_Investor,111014
2026-03-25,6768,0,Foreign_Dealer_Self,0
2026-03-25,6768,0,Investment_Trust,12000
2026-03-25,6768,1000,Dealer_self,4
2026-03-25,6768,0,Dealer_Hedging,2039
2026-03-26,6768,38000,Foreign_Investor,90000
2026-03-26,6768,0,Foreign_Dealer_Self,0
2026-03-26,6768,0,Investment_Trust,0
2026-03-26,6768,0,Dealer_self,373
2026-03-26,6768,98,Dealer_Hedging,2127
2026-03-27,6768,142025,Foreign_Investor,230000
2026-03-27,6768,0,Foreign_Dealer_Self,0
2026-03-27,6768,0,Investment_Trust,83000
2026-03-27,6768,3000,Dealer_self,2784
2026-03-27,6768,1800,Dealer_Hedging,2024
2026-03-30,6768,66000,Foreign_Investor,267000
2026-03-30,6768,0,Foreign_Dealer_Self,0
2026-03-30,6768,0,Investment_Trust,0
2026-03-30,6768,4000,Dealer_self,5827
2026-03-30,6768,1000,Dealer_Hedging,5301
2026-03-31,6768,80033,Foreign_Investor,164000
2026-03-31,6768,0,Foreign_Dealer_Self,0
2026-03-31,6768,0,Investment_Trust,0
2026-03-31,6768,4000,Dealer_self,3012
2026-03-31,6768,316,Dealer_Hedging,627
2026-04-01,6768,116000,Foreign_Investor,183000
2026-04-01,6768,0,Foreign_Dealer_Self,0
2026-04-01,6768,0,Investment_Trust,0
2026-04-01,6768,6000,Dealer_self,2383
2026-04-01,6768,1048,Dealer_Hedging,2004
2026-04-02,6768,236000,Foreign_Investor,251000
2026-04-02,6768,0,Foreign_Dealer_Self,0
2026-04-02,6768,0,Investment_Trust,1168
2026-04-02,6768,5000,Dealer_self,3617
2026-04-02,6768,9000,Dealer_Hedging,3565
2026-04-07,6768,220000,Foreign_Investor,94000
2026-04-07,6768,0,Foreign_Dealer_Self,0
2026-04-07,6768,0,Investment_Trust,1168
2026-04-07,6768,5000,Dealer_self,4000
2026-04-07,6768,4041,Dealer_Hedging,1054
2026-04-08,6768,213004,Foreign_Investor,82000
2026-04-08,6768,0,Foreign_Dealer_Self,0
2026-04-08,6768,0,Investment_Trust,0
2026-04-08,6768,6000,Dealer_self,2393
2026-04-08,6768,1273,Dealer_Hedging,1099
2026-04-09,6768,1056000,Foreign_Investor,258000
2026-04-09,6768,0,Foreign_Dealer_Self,0
2026-04-09,6768,0,Investment_Trust,2337
2026-04-09,6768,6000,Dealer_self,3607
2026-04-09,6768,10343,Dealer_Hedging,0
2026-04-10,6768,192000,Foreign_Investor,144000
2026-04-10,6768,0,Foreign_Dealer_Self,0
2026-04-10,6768,0,Investment_Trust,3505
2026-04-10,6768,6000,Dealer_self,2511
2026-04-10,6768,8,Dealer_Hedging,1000
2026-04-13,6768,522000,Foreign_Investor,198055
2026-04-13,6768,0,Foreign_Dealer_Self,0
2026-04-13,6768,0,Investment_Trust,62509
2026-04-13,6768,6000,Dealer_self,3489
2026-04-13,6768,1000,Dealer_Hedging,1008
2026-04-14,6768,210000,Foreign_Investor,108000
2026-04-14,6768,0,Foreign_Dealer_Self,0
2026-04-14,6768,0,Investment_Trust,3508
2026-04-14,6768,6000,Dealer_self,1217
2026-04-14,6768,0,Dealer_Hedging,6000
2026-04-15,6768,126042,Foreign_Investor,136000
2026-04-15,6768,0,Foreign_Dealer_Self,0
2026-04-15,6768,0,Investment_Trust,7018
2026-04-15,6768,2000,Dealer_self,2734
2026-04-15,6768,5000,Dealer_Hedging,0
2026-04-16,6768,154000,Foreign_Investor,241100
2026-04-16,6768,0,Foreign_Dealer_Self,0
2026-04-16,6768,0,Investment_Trust,5848
2026-04-16,6768,38000,Dealer_self,5049
2026-04-16,6768,0,Dealer_Hedging,0
2026-04-17,6768,91974,Foreign_Investor,189000
2026-04-17,6768,0,Foreign_Dealer_Self,0
2026-04-17,6768,0,Investment_Trust,3509
2026-04-17,6768,13000,Dealer_self,4022
2026-04-17,6768,2000,Dealer_Hedging,2000
2026-04-20,6768,91000,Foreign_Investor,122000
2026-04-20,6768,0,Foreign_Dealer_Self,0
2026-04-20,6768,0,Investment_Trust,5847
2026-04-20,6768,1000,Dealer_self,1797
2026-04-20,6768,0,Dealer_Hedging,0
2026-04-21,6768,161000,Foreign_Investor,87000
2026-04-21,6768,0,Foreign_Dealer_Self,0
2026-04-21,6768,0,Investment_Trust,10524
2026-04-21,6768,2000,Dealer_self,2516
2026-04-21,6768,0,Dealer_Hedging,0
2026-04-22,6768,105000,Foreign_Investor,288998
2026-04-22,6768,0,Foreign_Dealer_Self,0
2026-04-22,6768,0,Investment_Trust,3485
2026-04-22,6768,3000,Dealer_self,4584
2026-04-22,6768,750,Dealer_Hedging,0
2026-04-23,6768,310000,Foreign_Investor,922000
2026-04-23,6768,0,Foreign_Dealer_Self,0
2026-04-23,6768,0,Investment_Trust,5847
2026-04-23,6768,6000,Dealer_self,55081
2026-04-23,6768,1000,Dealer_Hedging,2750
2026-04-24,6768,344892,Foreign_Investor,673000
2026-04-24,6768,0,Foreign_Dealer_Self,0
2026-04-24,6768,0,Investment_Trust,3509
2026-04-24,6768,4261,Dealer_self,5000
2026-04-24,6768,14773,Dealer_Hedging,4000
2026-04-27,6768,499232,Foreign_Investor,637000
2026-04-27,6768,0,Foreign_Dealer_Self,0
2026-04-27,6768,129000,Investment_Trust,3510
2026-04-27,6768,12000,Dealer_self,47144
2026-04-27,6768,3000,Dealer_Hedging,1247
2026-04-28,6768,234000,Foreign_Investor,294000
2026-04-28,6768,0,Foreign_Dealer_Self,0
2026-04-28,6768,125000,Investment_Trust,1170
2026-04-28,6768,0,Dealer_self,82
2026-04-28,6768,3000,Dealer_Hedging,330
2026-04-29,6768,152000,Foreign_Investor,270000
2026-04-29,6768,0,Foreign_Dealer_Self,0
2026-04-29,6768,128000,Investment_Trust,0
2026-04-29,6768,8000,Dealer_self,3000
2026-04-29,6768,5000,Dealer_Hedging,3002
2026-04-30,6768,133000,Foreign_Investor,208000
2026-04-30,6768,0,Foreign_Dealer_Self,0
2026-04-30,6768,215002,Investment_Trust,0
2026-04-30,6768,0,Dealer_self,12151
2026-04-30,6768,1469,Dealer_Hedging,2000
2026-05-04,6768,120000,Foreign_Investor,411000
2026-05-04,6768,0,Foreign_Dealer_Self,0
2026-05-04,6768,301739,Investment_Trust,0
2026-05-04,6768,7000,Dealer_self,4063
2026-05-04,6768,5813,Dealer_Hedging,2040
2026-05-05,6768,110000,Foreign_Investor,307000
2026-05-05,6768,0,Foreign_Dealer_Self,0
2026-05-05,6768,262739,Investment_Trust,0
2026-05-05,6768,38000,Dealer_self,37644
2026-05-05,6768,228,Dealer_Hedging,782
2026-05-06,6768,248040,Foreign_Investor,306000
2026-05-06,6768,0,Foreign_Dealer_Self,0
2026-05-06,6768,164000,Investment_Trust,5855
2026-05-06,6768,6000,Dealer_self,8153
2026-05-06,6768,1264,Dealer_Hedging,2132
2026-05-07,6768,626000,Foreign_Investor,304000
2026-05-07,6768,0,Foreign_Dealer_Self,0
2026-05-07,6768,181000,Investment_Trust,17672
2026-05-07,6768,9000,Dealer_self,4167
2026-05-07,6768,28496,Dealer_Hedging,3691
2026-05-08,6768,638086,Foreign_Investor,573000
2026-05-08,6768,0,Foreign_Dealer_Self,0
2026-05-08,6768,130000,Investment_Trust,8714
2026-05-08,6768,0,Dealer_self,5913
2026-05-08,6768,10817,Dealer_Hedging,3904
2026-05-11,6768,769000,Foreign_Investor,599000
2026-05-11,6768,0,Foreign_Dealer_Self,0
2026-05-11,6768,88000,Investment_Trust,11698
2026-05-11,6768,3000,Dealer_self,4197
2026-05-11,6768,22489,Dealer_Hedging,4135
2026-05-12,6768,172000,Foreign_Investor,481132
2026-05-12,6768,0,Foreign_Dealer_Self,0
2026-05-12,6768,24000,Investment_Trust,9747
2026-05-12,6768,3000,Dealer_self,5425
2026-05-12,6768,0,Dealer_Hedging,1886
2026-05-13,6768,167000,Foreign_Investor,167352
2026-05-13,6768,0,Foreign_Dealer_Self,0
2026-05-13,6768,0,Investment_Trust,5848
2026-05-13,6768,0,Dealer_self,504
2026-05-13,6768,576,Dealer_Hedging,6023
2026-05-14,6768,193771,Foreign_Investor,271000
2026-05-14,6768,0,Foreign_Dealer_Self,0
2026-05-14,6768,0,Investment_Trust,9747
2026-05-14,6768,9000,Dealer_self,3152
2026-05-14,6768,2517,Dealer_Hedging,17764
2026-05-15,6768,115364,Foreign_Investor,137000
2026-05-15,6768,0,Foreign_Dealer_Self,0
2026-05-15,6768,0,Investment_Trust,0
2026-05-15,6768,1000,Dealer_self,1859
2026-05-15,6768,70,Dealer_Hedging,4630
2026-05-18,6768,99123,Foreign_Investor,415000
2026-05-18,6768,0,Foreign_Dealer_Self,0
2026-05-18,6768,0,Investment_Trust,1949
2026-05-18,6768,4000,Dealer_self,3141
2026-05-18,6768,0,Dealer_Hedging,4366
2026-05-19,6768,312542,Foreign_Investor,452000
2026-05-19,6768,0,Foreign_Dealer_Self,0
2026-05-19,6768,0,Investment_Trust,12224
2026-05-19,6768,4000,Dealer_self,4000
2026-05-19,6768,305,Dealer_Hedging,1347
2026-05-20,6768,70049,Foreign_Investor,326000
2026-05-20,6768,0,Foreign_Dealer_Self,0
2026-05-20,6768,30000,Investment_Trust,1923
2026-05-20,6768,3000,Dealer_self,3401
2026-05-20,6768,432,Dealer_Hedging,2305
2026-05-21,6768,150000,Foreign_Investor,170000
2026-05-21,6768,0,Foreign_Dealer_Self,0
2026-05-21,6768,0,Investment_Trust,1922
2026-05-21,6768,0,Dealer_self,4355
2026-05-21,6768,896,Dealer_Hedging,432
2026-05-22,6768,81025,Foreign_Investor,187000
2026-05-22,6768,0,Foreign_Dealer_Self,0
2026-05-22,6768,0,Investment_Trust,3845
2026-05-22,6768,4000,Dealer_self,3244
2026-05-22,6768,1412,Dealer_Hedging,256
2026-05-25,6768,107200,Foreign_Investor,95000
2026-05-25,6768,0,Foreign_Dealer_Self,0
2026-05-25,6768,0,Investment_Trust,5769
2026-05-25,6768,1000,Dealer_self,1911
2026-05-25,6768,1000,Dealer_Hedging,14
2026-05-26,6768,78000,Foreign_Investor,128200
2026-05-26,6768,0,Foreign_Dealer_Self,0
2026-05-26,6768,0,Investment_Trust,3847
2026-05-26,6768,5000,Dealer_self,3089
2026-05-26,6768,0,Dealer_Hedging,0
2026-05-27,6768,36068,Foreign_Investor,118071
2026-05-27,6768,0,Foreign_Dealer_Self,0
2026-05-27,6768,0,Investment_Trust,9617
2026-05-27,6768,4000,Dealer_self,3971
2026-05-27,6768,5000,Dealer_Hedging,0
2026-05-28,6768,267000,Foreign_Investor,123000
2026-05-28,6768,0,Foreign_Dealer_Self,0
2026-05-28,6768,0,Investment_Trust,9620
2026-05-28,6768,5000,Dealer_self,7029
2026-05-28,6768,4402,Dealer_Hedging,0
2026-05-29,6768,125186,Foreign_Investor,58000
2026-05-29,6768,0,Foreign_Dealer_Self,0
2026-05-29,6768,0,Investment_Trust,7694
2026-05-29,6768,1000,Dealer_self,1
2026-05-29,6768,107,Dealer_Hedging,1077
2026-06-01,6768,321181,Foreign_Investor,111120
2026-06-01,6768,0,Foreign_Dealer_Self,0
2026-06-01,6768,0,Investment_Trust,7695
2026-06-01,6768,1000,Dealer_self,1701
2026-06-01,6768,43660,Dealer_Hedging,0
2026-06-02,6768,789067,Foreign_Investor,577000
2026-06-02,6768,0,Foreign_Dealer_Self,0
2026-06-02,6768,296000,Investment_Trust,45618
2026-06-02,6768,4095,Dealer_self,8251
2026-06-02,6768,24835,Dealer_Hedging,8000
2026-06-03,6768,389555,Foreign_Investor,605000
2026-06-03,6768,0,Foreign_Dealer_Self,0
2026-06-03,6768,0,Investment_Trust,7693
2026-06-03,6768,10000,Dealer_self,2073
2026-06-03,6768,16255,Dealer_Hedging,8000
2026-06-04,6768,488000,Foreign_Investor,304000
2026-06-04,6768,0,Foreign_Dealer_Self,0
2026-06-04,6768,0,Investment_Trust,3846
2026-06-04,6768,1821,Dealer_self,1000
2026-06-04,6768,1572,Dealer_Hedging,2000
2026-06-05,6768,194126,Foreign_Investor,260000
2026-06-05,6768,0,Foreign_Dealer_Self,0
2026-06-05,6768,0,Investment_Trust,9614
2026-06-05,6768,2000,Dealer_self,1002
2026-06-05,6768,1000,Dealer_Hedging,9000
