date,stock_id,buy,name,sell
2024-07-01,8096,2218000,Foreign_Investor,4073000
2024-07-01,8096,0,Foreign_Dealer_Self,0
2024-07-01,8096,0,Investment_Trust,0
2024-07-01,8096,27000,Dealer_self,20000
2024-07-01,8096,35000,Dealer_Hedging,34576
2024-07-02,8096,1836000,Foreign_Investor,2036200
2024-07-02,8096,0,Foreign_Dealer_Self,0
2024-07-02,8096,0,Investment_Trust,0
2024-07-02,8096,4000,Dealer_self,27000
2024-07-02,8096,7000,Dealer_Hedging,7366
2024-07-03,8096,1013000,Foreign_Investor,2116230
2024-07-03,8096,0,Foreign_Dealer_Self,0
2024-07-03,8096,0,Investment_Trust,0
2024-07-03,8096,10000,Dealer_self,0
2024-07-03,8096,0,Dealer_Hedging,0
2024-07-04,8096,694000,Foreign_Investor,1031000
2024-07-04,8096,0,Foreign_Dealer_Self,0
2024-07-04,8096,0,Investment_Trust,0
2024-07-04,8096,0,Dealer_self,10000
2024-07-04,8096,7000,Dealer_Hedging,6090
2024-07-05,8096,1702000,Foreign_Investor,1322000
2024-07-05,8096,0,Foreign_Dealer_Self,0
2024-07-05,8096,0,Investment_Trust,0
2024-07-05,8096,0,Dealer_self,0
2024-07-05,8096,26462,Dealer_Hedging,5977
2024-07-08,8096,306000,Foreign_Investor,1123000
2024-07-08,8096,0,Foreign_Dealer_Self,0
2024-07-08,8096,0,Investment_Trust,0
2024-07-08,8096,0,Dealer_self,2000
2024-07-08,8096,9000,Dealer_Hedging,3632
2024-07-09,8096,2137000,Foreign_Investor,2008000
2024-07-09,8096,0,Foreign_Dealer_Self,0
2024-07-09,8096,0,Investment_Trust,0
2024-07-09,8096,0,Dealer_self,72000
2024-07-09,8096,51000,Dealer_Hedging,40431
2024-07-10,8096,832000,Foreign_Investor,1716000
2024-07-10,8096,0,Foreign_Dealer_Self,0
2024-07-10,8096,0,Investment_Trust,0
2024-07-10,8096,0,Dealer_self,0
2024-07-10,8096,12000,Dealer_Hedging,8473
2024-07-11,8096,1583000,Foreign_Investor,1019000
2024-07-11,8096,0,Foreign_Dealer_Self,0
2024-07-11,8096,0,Investment_Trust,0
2024-07-11,8096,0,Dealer_self,11000
2024-07-11,8096,12000,Dealer_Hedging,2449
2024-07-12,8096,276000,Foreign_Investor,725000
2024-07-12,8096,0,Foreign_Dealer_Self,0
2024-07-12,8096,0,Investment_Trust,0
2024-07-12,8096,0,Dealer_self,0
2024-07-12,8096,13000,Dealer_Hedging,10813
2024-07-15,8096,341968,Foreign_Investor,585000
2024-07-15,8096,0,Foreign_Dealer_Self,0
2024-07-15,8096,0,Investment_Trust,0
2024-07-15,8096,0,Dealer_self,0
2024-07-15,8096,33000,Dealer_Hedging,12399
2024-07-16,8096,682000,Foreign_Investor,424000
2024-07-16,8096,0,Foreign_Dealer_Self,0
2024-07-16,8096,0,Investment_Trust,0
2024-07-16,8096,0,Dealer_self,0
2024-07-16,8096,35000,Dealer_Hedging,16768
2024-07-17,8096,6174000,Foreign_Investor,3692000
2024-07-17,8096,0,Foreign_Dealer_Self,0
2024-07-17,8096,0,Investment_Trust,0
2024-07-17,8096,0,Dealer_self,0
2024-07-17,8096,108000,Dealer_Hedging,45454
2024-07-18,8096,1808000,Foreign_Investor,1699000
2024-07-18,8096,0,Foreign_Dealer_Self,0
2024-07-18,8096,0,Investment_Trust,0
2024-07-18,8096,0,Dealer_self,0
2024-07-18,8096,62000,Dealer_Hedging,32746
2024-07-19,8096,4031000,Foreign_Investor,2607000
2024-07-19,8096,0,Foreign_Dealer_Self,0
2024-07-19,8096,0,Investment_Trust,0
2024-07-19,8096,0,Dealer_self,0
2024-07-19,8096,158641,Dealer_Hedging,6934
2024-07-22,8096,3072000,Foreign_Investor,2666000
2024-07-22,8096,0,Foreign_Dealer_Self,0
2024-07-22,8096,0,Investment_Trust,0
2024-07-22,8096,0,Dealer_self,0
2024-07-22,8096,73659,Dealer_Hedging,60042
2024-07-23,8096,3708000,Foreign_Investor,3632000
2024-07-23,8096,0,Foreign_Dealer_Self,0
2024-07-23,8096,0,Investment_Trust,0
2024-07-23,8096,0,Dealer_self,0
2024-07-23,8096,41049,Dealer_Hedging,54043
2024-07-26,8096,1310000,Foreign_Investor,1153000
2024-07-26,8096,0,Foreign_Dealer_Self,0
2024-07-26,8096,0,Investment_Trust,0
2024-07-26,8096,0,Dealer_self,0
2024-07-26,8096,12000,Dealer_Hedging,16052
2024-07-29,8096,1118000,Foreign_Investor,2568000
2024-07-29,8096,0,Foreign_Dealer_Self,0
2024-07-29,8096,0,Investment_Trust,0
2024-07-29,8096,0,Dealer_self,0
2024-07-29,8096,15000,Dealer_Hedging,29624
2024-07-30,8096,2751000,Foreign_Investor,1216000
2024-07-30,8096,0,Foreign_Dealer_Self,0
2024-07-30,8096,0,Investment_Trust,0
2024-07-30,8096,0,Dealer_self,0
2024-07-30,8096,72040,Dealer_Hedging,9873
2024-07-31,8096,3165000,Foreign_Investor,2667000
2024-07-31,8096,0,Foreign_Dealer_Self,0
2024-07-31,8096,930000,Investment_Trust,0
2024-07-31,8096,0,Dealer_self,0
2024-07-31,8096,66000,Dealer_Hedging,63252
2024-08-01,8096,5926000,Foreign_Investor,6496000
2024-08-01,8096,0,Foreign_Dealer_Self,0
2024-08-01,8096,443000,Investment_Trust,0
2024-08-01,8096,7000,Dealer_self,0
2024-08-01,8096,56871,Dealer_Hedging,50087
2024-08-02,8096,1355000,Foreign_Investor,2363000
2024-08-02,8096,0,Foreign_Dealer_Self,0
2024-08-02,8096,0,Investment_Trust,0
2024-08-02,8096,17000,Dealer_self,7000
2024-08-02,8096,30000,Dealer_Hedging,56064
2024-08-05,8096,3171000,Foreign_Investor,1595000
2024-08-05,8096,0,Foreign_Dealer_Self,0
2024-08-05,8096,0,Investment_Trust,0
2024-08-05,8096,0,Dealer_self,0
2024-08-05,8096,28000,Dealer_Hedging,42096
2024-08-06,8096,2481000,Foreign_Investor,3662000
2024-08-06,8096,0,Foreign_Dealer_Self,0
2024-08-06,8096,142000,Investment_Trust,0
2024-08-06,8096,0,Dealer_self,0
2024-08-06,8096,29076,Dealer_Hedging,39173
2024-08-07,8096,2630000,Foreign_Investor,2061000
2024-08-07,8096,0,Foreign_Dealer_Self,0
2024-08-07,8096,477000,Investment_Trust,0
2024-08-07,8096,0,Dealer_self,0
2024-08-07,8096,68070,Dealer_Hedging,10082
2024-08-08,8096,9212010,Foreign_Investor,6066000
2024-08-08,8096,0,Foreign_Dealer_Self,0
2024-08-08,8096,451000,Investment_Trust,0
2024-08-08,8096,0,Dealer_self,17000
2024-08-08,8096,197000,Dealer_Hedging,25669
2024-08-09,8096,5519000,Foreign_Investor,5095000
2024-08-09,8096,0,Foreign_Dealer_Self,0
2024-08-09,8096,487000,Investment_Trust,0
2024-08-09,8096,0,Dealer_self,0
2024-08-09,8096,48000,Dealer_Hedging,73287
2024-08-12,8096,6731999,Foreign_Investor,4467000
2024-08-12,8096,0,Foreign_Dealer_Self,0
2024-08-12,8096,0,Investment_Trust,0
2024-08-12,8096,2000,Dealer_self,0
2024-08-12,8096,185211,Dealer_Hedging,33633
2024-08-13,8096,8433000,Foreign_Investor,8135999
2024-08-13,8096,0,Foreign_Dealer_Self,0
2024-08-13,8096,213000,Investment_Trust,0
2024-08-13,8096,48000,Dealer_self,0
2024-08-13,8096,223108,Dealer_Hedging,72457
2024-08-14,8096,15256000,Foreign_Investor,16433000
2024-08-14,8096,0,Foreign_Dealer_Self,0
2024-08-14,8096,0,Investment_Trust,0
2024-08-14,8096,28000,Dealer_self,0
2024-08-14,8096,177417,Dealer_Hedging,304560
2024-08-15,8096,26672000,Foreign_Investor,17756000
2024-08-15,8096,0,Foreign_Dealer_Self,0
2024-08-15,8096,0,Investment_Trust,0
2024-08-15,8096,32000,Dealer_self,8000
2024-08-15,8096,1012498,Dealer_Hedging,201058
2024-08-16,8096,26744308,Foreign_Investor,31481000
2024-08-16,8096,0,Foreign_Dealer_Self,0
2024-08-16,8096,0,Investment_Trust,0
2024-08-16,8096,35000,Dealer_self,7000
2024-08-16,8096,544254,Dealer_Hedging,434222
2024-08-19,8096,6444000,Foreign_Investor,7498000
2024-08-19,8096,0,Foreign_Dealer_Self,0
2024-08-19,8096,0,Investment_Trust,0
2024-08-19,8096,7000,Dealer_self,9000
2024-08-19,8096,95791,Dealer_Hedging,880147
2024-08-20,8096,9023020,Foreign_Investor,9106479
2024-08-20,8096,0,Foreign_Dealer_Self,0
2024-08-20,8096,0,Investment_Trust,0
2024-08-20,8096,18000,Dealer_self,62000
2024-08-20,8096,1055081,Dealer_Hedging,64889
2024-08-21,8096,8181000,Foreign_Investor,6951000
2024-08-21,8096,0,Foreign_Dealer_Self,0
2024-08-21,8096,0,Investment_Trust,0
2024-08-21,8096,0,Dealer_self,32000
2024-08-21,8096,292820,Dealer_Hedging,704000
2024-08-22,8096,9612000,Foreign_Investor,15351000
2024-08-22,8096,0,Foreign_Dealer_Self,0
2024-08-22,8096,0,Investment_Trust,0
2024-08-22,8096,130000,Dealer_self,111000
2024-08-22,8096,206000,Dealer_Hedging,585939
2024-08-23,8096,4373000,Foreign_Investor,2724000
2024-08-23,8096,0,Foreign_Dealer_Self,0
2024-08-23,8096,0,Investment_Trust,0
2024-08-23,8096,22000,Dealer_self,4000
2024-08-23,8096,27624,Dealer_Hedging,105000
2024-08-26,8096,7741000,Foreign_Investor,7043951
2024-08-26,8096,0,Foreign_Dealer_Self,0
2024-08-26,8096,0,Investment_Trust,0
2024-08-26,8096,647000,Dealer_self,59000
2024-08-26,8096,1135574,Dealer_Hedging,110251
2024-08-27,8096,5410000,Foreign_Investor,5714000
2024-08-27,8096,0,Foreign_Dealer_Self,0
2024-08-27,8096,220000,Investment_Trust,0
2024-08-27,8096,82000,Dealer_self,45000
2024-08-27,8096,231203,Dealer_Hedging,320111
2024-08-28,8096,2377000,Foreign_Investor,5347000
2024-08-28,8096,0,Foreign_Dealer_Self,0
2024-08-28,8096,0,Investment_Trust,0
2024-08-28,8096,0,Dealer_self,1000
2024-08-28,8096,22000,Dealer_Hedging,303545
2024-08-29,8096,3434000,Foreign_Investor,3420010
2024-08-29,8096,0,Foreign_Dealer_Self,0
2024-08-29,8096,0,Investment_Trust,0
2024-08-29,8096,10000,Dealer_self,106000
2024-08-29,8096,53927,Dealer_Hedging,198488
2024-08-30,8096,3990000,Foreign_Investor,1964000
2024-08-30,8096,0,Foreign_Dealer_Self,0
2024-08-30,8096,0,Investment_Trust,0
2024-08-30,8096,0,Dealer_self,552000
2024-08-30,8096,19000,Dealer_Hedging,51045
2024-09-02,8096,1044100,Foreign_Investor,2260020
2024-09-02,8096,0,Foreign_Dealer_Self,0
2024-09-02,8096,0,Investment_Trust,0
2024-09-02,8096,0,Dealer_self,5000
2024-09-02,8096,16000,Dealer_Hedging,569081
2024-09-03,8096,2988000,Foreign_Investor,5190000
2024-09-03,8096,0,Foreign_Dealer_Self,0
2024-09-03,8096,0,Investment_Trust,0
2024-09-03,8096,0,Dealer_self,4000
2024-09-03,8096,27000,Dealer_Hedging,77262
2024-09-04,8096,4757000,Foreign_Investor,2723000
2024-09-04,8096,0,Foreign_Dealer_Self,0
2024-09-04,8096,0,Investment_Trust,0
2024-09-04,8096,0,Dealer_self,11000
2024-09-04,8096,22000,Dealer_Hedging,106056
2024-09-05,8096,1487000,Foreign_Investor,2672000
2024-09-05,8096,0,Foreign_Dealer_Self,0
2024-09-05,8096,0,Investment_Trust,0
2024-09-05,8096,0,Dealer_self,13000
2024-09-05,8096,6000,Dealer_Hedging,173879
2024-09-06,8096,1912000,Foreign_Investor,1614000
2024-09-06,8096,0,Foreign_Dealer_Self,0
2024-09-06,8096,0,Investment_Trust,0
2024-09-06,8096,0,Dealer_self,0
2024-09-06,8096,17000,Dealer_Hedging,2000
2024-09-09,8096,2134000,Foreign_Investor,2271000
2024-09-09,8096,0,Foreign_Dealer_Self,0
2024-09-09,8096,0,Investment_Trust,0
2024-09-09,8096,0,Dealer_self,0
2024-09-09,8096,27388,Dealer_Hedging,8000
2024-09-10,8096,2206000,Foreign_Investor,3018000
2024-09-10,8096,0,Foreign_Dealer_Self,0
2024-09-10,8096,0,Investment_Trust,0
2024-09-10,8096,0,Dealer_self,16000
2024-09-10,8096,1000,Dealer_Hedging,75110
2024-09-11,8096,875000,Foreign_Investor,1333000
2024-09-11,8096,0,Foreign_Dealer_Self,0
2024-09-11,8096,0,Investment_Trust,0
2024-09-11,8096,0,Dealer_self,0
2024-09-11,8096,8000,Dealer_Hedging,2000
2024-09-12,8096,691100,Foreign_Investor,1243000
2024-09-12,8096,0,Foreign_Dealer_Self,0
2024-09-12,8096,0,Investment_Trust,0
2024-09-12,8096,0,Dealer_self,16000
2024-09-12,8096,25555,Dealer_Hedging,7872
2024-09-13,8096,1212946,Foreign_Investor,1245000
2024-09-13,8096,0,Foreign_Dealer_Self,0
2024-09-13,8096,0,Investment_Trust,140000
2024-09-13,8096,0,Dealer_self,0
2024-09-13,8096,7000,Dealer_Hedging,53370
2024-09-16,8096,2240000,Foreign_Investor,3109000
2024-09-16,8096,0,Foreign_Dealer_Self,0
2024-09-16,8096,0,Investment_Trust,982000
2024-09-16,8096,0,Dealer_self,0
2024-09-16,8096,39000,Dealer_Hedging,32244
2024-09-18,8096,2810000,Foreign_Investor,2369000
2024-09-18,8096,0,Foreign_Dealer_Self,0
2024-09-18,8096,0,Investment_Trust,1605000
2024-09-18,8096,0,Dealer_self,0
2024-09-18,8096,17000,Dealer_Hedging,49996
2024-09-19,8096,2104000,Foreign_Investor,2235000
2024-09-19,8096,0,Foreign_Dealer_Self,0
2024-09-19,8096,0,Investment_Trust,114000
2024-09-19,8096,0,Dealer_self,0
2024-09-19,8096,25150,Dealer_Hedging,48685
2024-09-20,8096,708000,Foreign_Investor,1997000
2024-09-20,8096,0,Foreign_Dealer_Self,0
2024-09-20,8096,0,Investment_Trust,0
2024-09-20,8096,0,Dealer_self,0
2024-09-20,8096,26000,Dealer_Hedging,28515
2024-09-23,8096,2975000,Foreign_Investor,2198000
2024-09-23,8096,0,Foreign_Dealer_Self,0
2024-09-23,8096,0,Investment_Trust,0
2024-09-23,8096,110000,Dealer_self,0
2024-09-23,8096,177368,Dealer_Hedging,44669
2024-09-24,8096,972000,Foreign_Investor,2108000
2024-09-24,8096,0,Foreign_Dealer_Self,0
2024-09-24,8096,0,Investment_Trust,0
2024-09-24,8096,40001,Dealer_self,5000
2024-09-24,8096,9009,Dealer_Hedging,43010
2024-09-25,8096,621000,Foreign_Investor,1076000
2024-09-25,8096,0,Foreign_Dealer_Self,0
2024-09-25,8096,0,Investment_Trust,0
2024-09-25,8096,0,Dealer_self,0
2024-09-25,8096,42000,Dealer_Hedging,47045
2024-09-26,8096,4125100,Foreign_Investor,4709000
2024-09-26,8096,0,Foreign_Dealer_Self,0
2024-09-26,8096,0,Investment_Trust,0
2024-09-26,8096,0,Dealer_self,0
2024-09-26,8096,125000,Dealer_Hedging,87938
2024-09-27,8096,902000,Foreign_Investor,1267000
2024-09-27,8096,0,Foreign_Dealer_Self,0
2024-09-27,8096,0,Investment_Trust,0
2024-09-27,8096,0,Dealer_self,0
2024-09-27,8096,29000,Dealer_Hedging,69047
2024-09-30,8096,956000,Foreign_Investor,1560000
2024-09-30,8096,0,Foreign_Dealer_Self,0
2024-09-30,8096,0,Investment_Trust,0
2024-09-30,8096,0,Dealer_self,1
2024-09-30,8096,13000,Dealer_Hedging,32280
2024-10-01,8096,906000,Foreign_Investor,1875032
2024-10-01,8096,0,Foreign_Dealer_Self,0
2024-10-01,8096,0,Investment_Trust,255000
2024-10-01,8096,0,Dealer_self,0
2024-10-01,8096,12295,Dealer_Hedging,42843
2024-10-04,8096,243000,Foreign_Investor,1141000
2024-10-04,8096,0,Foreign_Dealer_Self,0
2024-10-04,8096,0,Investment_Trust,267000
2024-10-04,8096,0,Dealer_self,0
2024-10-04,8096,26000,Dealer_Hedging,77509
2024-10-07,8096,1094000,Foreign_Investor,434000
2024-10-07,8096,0,Foreign_Dealer_Self,0
2024-10-07,8096,0,Investment_Trust,0
2024-10-07,8096,0,Dealer_self,0
2024-10-07,8096,8614,Dealer_Hedging,4190
2024-10-08,8096,255000,Foreign_Investor,428000
2024-10-08,8096,0,Foreign_Dealer_Self,0
2024-10-08,8096,0,Investment_Trust,0
2024-10-08,8096,0,Dealer_self,0
2024-10-08,8096,3824,Dealer_Hedging,6050
2024-10-09,8096,1568000,Foreign_Investor,2150000
2024-10-09,8096,0,Foreign_Dealer_Self,0
2024-10-09,8096,0,Investment_Trust,0
2024-10-09,8096,0,Dealer_self,0
2024-10-09,8096,22973,Dealer_Hedging,32254
2024-10-11,8096,691000,Foreign_Investor,544000
2024-10-11,8096,0,Foreign_Dealer_Self,0
2024-10-11,8096,0,Investment_Trust,0
2024-10-11,8096,0,Dealer_self,0
2024-10-11,8096,57299,Dealer_Hedging,79596
2024-10-14,8096,562000,Foreign_Investor,904000
2024-10-14,8096,0,Foreign_Dealer_Self,0
2024-10-14,8096,0,Investment_Trust,0
2024-10-14,8096,10000,Dealer_self,0
2024-10-14,8096,20257,Dealer_Hedging,11163
2024-10-15,8096,299000,Foreign_Investor,594000
2024-10-15,8096,0,Foreign_Dealer_Self,0
2024-10-15,8096,0,Investment_Trust,0
2024-10-15,8096,0,Dealer_self,0
2024-10-15,8096,62944,Dealer_Hedging,78114
2024-10-16,8096,909100,Foreign_Investor,680000
2024-10-16,8096,0,Foreign_Dealer_Self,0
2024-10-16,8096,0,Investment_Trust,0
2024-10-16,8096,0,Dealer_self,0
2024-10-16,8096,48686,Dealer_Hedging,10522
2024-10-17,8096,1112000,Foreign_Investor,527000
2024-10-17,8096,0,Foreign_Dealer_Self,0
2024-10-17,8096,0,Investment_Trust,0
2024-10-17,8096,0,Dealer_self,0
2024-10-17,8096,47254,Dealer_Hedging,15692
2024-10-18,8096,1028000,Foreign_Investor,1232000
2024-10-18,8096,0,Foreign_Dealer_Self,0
2024-10-18,8096,0,Investment_Trust,0
2024-10-18,8096,0,Dealer_self,0
2024-10-18,8096,15479,Dealer_Hedging,40119
2024-10-21,8096,313000,Foreign_Investor,738000
2024-10-21,8096,0,Foreign_Dealer_Self,0
2024-10-21,8096,0,Investment_Trust,0
2024-10-21,8096,0,Dealer_self,155000
2024-10-21,8096,13334,Dealer_Hedging,105477
2024-10-22,8096,153000,Foreign_Investor,310000
2024-10-22,8096,0,Foreign_Dealer_Self,0
2024-10-22,8096,0,Investment_Trust,0
2024-10-22,8096,0,Dealer_self,0
2024-10-22,8096,17000,Dealer_Hedging,7425
2024-10-23,8096,1102000,Foreign_Investor,1591000
2024-10-23,8096,0,Foreign_Dealer_Self,0
2024-10-23,8096,0,Investment_Trust,0
2024-10-23,8096,0,Dealer_self,0
2024-10-23,8096,27803,Dealer_Hedging,8743
2024-10-24,8096,276200,Foreign_Investor,706000
2024-10-24,8096,0,Foreign_Dealer_Self,0
2024-10-24,8096,0,Investment_Trust,0
2024-10-24,8096,0,Dealer_self,0
2024-10-24,8096,37000,Dealer_Hedging,43365
2024-10-25,8096,479000,Foreign_Investor,349000
2024-10-25,8096,0,Foreign_Dealer_Self,0
2024-10-25,8096,0,Investment_Trust,0
2024-10-25,8096,0,Dealer_self,0
2024-10-25,8096,39000,Dealer_Hedging,36091
2024-10-28,8096,1304000,Foreign_Investor,810000
2024-10-28,8096,0,Foreign_Dealer_Self,0
2024-10-28,8096,0,Investment_Trust,0
2024-10-28,8096,0,Dealer_self,0
2024-10-28,8096,13479,Dealer_Hedging,13210
2024-10-29,8096,1487000,Foreign_Investor,447000
2024-10-29,8096,0,Foreign_Dealer_Self,0
2024-10-29,8096,0,Investment_Trust,0
2024-10-29,8096,0,Dealer_self,0
2024-10-29,8096,9055,Dealer_Hedging,13117
2024-10-30,8096,479100,Foreign_Investor,746000
2024-10-30,8096,0,Foreign_Dealer_Self,0
2024-10-30,8096,0,Investment_Trust,0
2024-10-30,8096,0,Dealer_self,0
2024-10-30,8096,53635,Dealer_Hedging,65977
2024-11-01,8096,536000,Foreign_Investor,335439
2024-11-01,8096,0,Foreign_Dealer_Self,0
2024-11-01,8096,0,Investment_Trust,0
2024-11-01,8096,0,Dealer_self,0
2024-11-01,8096,4000,Dealer_Hedging,8384
2024-11-04,8096,611000,Foreign_Investor,554000
2024-11-04,8096,0,Foreign_Dealer_Self,0
2024-11-04,8096,0,Investment_Trust,0
2024-11-04,8096,0,Dealer_self,0
2024-11-04,8096,2000,Dealer_Hedging,1487
2024-11-05,8096,315145,Foreign_Investor,579817
2024-11-05,8096,0,Foreign_Dealer_Self,0
2024-11-05,8096,0,Investment_Trust,0
2024-11-05,8096,135000,Dealer_self,0
2024-11-05,8096,1001,Dealer_Hedging,5082
2024-11-06,8096,621000,Foreign_Investor,247000
2024-11-06,8096,0,Foreign_Dealer_Self,0
2024-11-06,8096,0,Investment_Trust,0
2024-11-06,8096,0,Dealer_self,0
2024-11-06,8096,7000,Dealer_Hedging,12847
2024-11-07,8096,3305000,Foreign_Investor,1898000
2024-11-07,8096,0,Foreign_Dealer_Self,0
2024-11-07,8096,0,Investment_Trust,0
2024-11-07,8096,40000,Dealer_self,0
2024-11-07,8096,91458,Dealer_Hedging,57074
2024-11-08,8096,4843000,Foreign_Investor,6759000
2024-11-08,8096,0,Foreign_Dealer_Self,0
2024-11-08,8096,0,Investment_Trust,0
2024-11-08,8096,0,Dealer_self,0
2024-11-08,8096,106694,Dealer_Hedging,105364
2024-11-11,8096,1795000,Foreign_Investor,2772000
2024-11-11,8096,0,Foreign_Dealer_Self,0
2024-11-11,8096,0,Investment_Trust,0
2024-11-11,8096,0,Dealer_self,0
2024-11-11,8096,80000,Dealer_Hedging,31732
2024-11-12,8096,1133000,Foreign_Investor,1694000
2024-11-12,8096,0,Foreign_Dealer_Self,0
2024-11-12,8096,0,Investment_Trust,0
2024-11-12,8096,41000,Dealer_self,103000
2024-11-12,8096,34000,Dealer_Hedging,58787
2024-11-13,8096,365000,Foreign_Investor,347000
2024-11-13,8096,0,Foreign_Dealer_Self,0
2024-11-13,8096,0,Investment_Trust,0
2024-11-13,8096,10000,Dealer_self,0
2024-11-13,8096,7000,Dealer_Hedging,6123
2024-11-14,8096,301000,Foreign_Investor,290000
2024-11-14,8096,0,Foreign_Dealer_Self,0
2024-11-14,8096,0,Investment_Trust,0
2024-11-14,8096,0,Dealer_self,0
2024-11-14,8096,9000,Dealer_Hedging,11992
2024-11-15,8096,428000,Foreign_Investor,237000
2024-11-15,8096,0,Foreign_Dealer_Self,0
2024-11-15,8096,0,Investment_Trust,0
2024-11-15,8096,7000,Dealer_self,0
2024-11-15,8096,8000,Dealer_Hedging,6000
2024-11-18,8096,428100,Foreign_Investor,396000
2024-11-18,8096,0,Foreign_Dealer_Self,0
2024-11-18,8096,0,Investment_Trust,0
2024-11-18,8096,0,Dealer_self,0
2024-11-18,8096,12650,Dealer_Hedging,40827
2024-11-19,8096,393112,Foreign_Investor,153000
2024-11-19,8096,0,Foreign_Dealer_Self,0
2024-11-19,8096,0,Investment_Trust,0
2024-11-19,8096,0,Dealer_self,0
2024-11-19,8096,15000,Dealer_Hedging,2507
2024-11-20,8096,142088,Foreign_Investor,277000
2024-11-20,8096,0,Foreign_Dealer_Self,0
2024-11-20,8096,0,Investment_Trust,0
2024-11-20,8096,0,Dealer_self,0
2024-11-20,8096,6000,Dealer_Hedging,11678
2024-11-21,8096,195000,Foreign_Investor,112000
2024-11-21,8096,0,Foreign_Dealer_Self,0
2024-11-21,8096,0,Investment_Trust,0
2024-11-21,8096,0,Dealer_self,0
2024-11-21,8096,39000,Dealer_Hedging,4350
2024-11-22,8096,156000,Foreign_Investor,250000
2024-11-22,8096,0,Foreign_Dealer_Self,0
2024-11-22,8096,0,Investment_Trust,0
2024-11-22,8096,0,Dealer_self,0
2024-11-22,8096,3000,Dealer_Hedging,2572
2024-11-25,8096,2497000,Foreign_Investor,1296000
2024-11-25,8096,0,Foreign_Dealer_Self,0
2024-11-25,8096,0,Investment_Trust,0
2024-11-25,8096,0,Dealer_self,0
2024-11-25,8096,280944,Dealer_Hedging,30714
2024-11-26,8096,923000,Foreign_Investor,1100000
2024-11-26,8096,0,Foreign_Dealer_Self,0
2024-11-26,8096,0,Investment_Trust,0
2024-11-26,8096,15000,Dealer_self,90000
2024-11-26,8096,33000,Dealer_Hedging,60000
2024-11-27,8096,657000,Foreign_Investor,762000
2024-11-27,8096,0,Foreign_Dealer_Self,0
2024-11-27,8096,0,Investment_Trust,0
2024-11-27,8096,0,Dealer_self,37000
2024-11-27,8096,13010,Dealer_Hedging,25128
2024-11-28,8096,291000,Foreign_Investor,686000
2024-11-28,8096,0,Foreign_Dealer_Self,0
2024-11-28,8096,0,Investment_Trust,0
2024-11-28,8096,0,Dealer_self,0
2024-11-28,8096,10675,Dealer_Hedging,11576
2024-11-29,8096,393000,Foreign_Investor,354000
2024-11-29,8096,0,Foreign_Dealer_Self,0
2024-11-29,8096,0,Investment_Trust,0
2024-11-29,8096,0,Dealer_self,0
2024-11-29,8096,4703,Dealer_Hedging,9013
2024-12-02,8096,75000,Foreign_Investor,277000
2024-12-02,8096,0,Foreign_Dealer_Self,0
2024-12-02,8096,0,Investment_Trust,0
2024-12-02,8096,0,Dealer_self,0
2024-12-02,8096,3000,Dealer_Hedging,4479
2024-12-03,8096,245000,Foreign_Investor,223000
2024-12-03,8096,0,Foreign_Dealer_Self,0
2024-12-03,8096,0,Investment_Trust,0
2024-12-03,8096,0,Dealer_self,0
2024-12-03,8096,27000,Dealer_Hedging,230
2024-12-04,8096,2058000,Foreign_Investor,1880000
2024-12-04,8096,0,Foreign_Dealer_Self,0
2024-12-04,8096,0,Investment_Trust,0
2024-12-04,8096,0,Dealer_self,0
2024-12-04,8096,146531,Dealer_Hedging,68353
2024-12-05,8096,429000,Foreign_Investor,497000
2024-12-05,8096,0,Foreign_Dealer_Self,0
2024-12-05,8096,0,Investment_Trust,0
2024-12-05,8096,0,Dealer_self,0
2024-12-05,8096,40183,Dealer_Hedging,88064
2024-12-06,8096,532000,Foreign_Investor,242000
2024-12-06,8096,0,Foreign_Dealer_Self,0
2024-12-06,8096,0,Investment_Trust,0
2024-12-06,8096,0,Dealer_self,0
2024-12-06,8096,314192,Dealer_Hedging,21000
2024-12-09,8096,3678000,Foreign_Investor,2886000
2024-12-09,8096,0,Foreign_Dealer_Self,0
2024-12-09,8096,0,Investment_Trust,0
2024-12-09,8096,88000,Dealer_self,0
2024-12-09,8096,191162,Dealer_Hedging,161903
2024-12-10,8096,3320000,Foreign_Investor,3572000
2024-12-10,8096,0,Foreign_Dealer_Self,0
2024-12-10,8096,0,Investment_Trust,0
2024-12-10,8096,36000,Dealer_self,94000
2024-12-10,8096,70384,Dealer_Hedging,158299
2024-12-11,8096,634001,Foreign_Investor,835000
2024-12-11,8096,0,Foreign_Dealer_Self,0
2024-12-11,8096,0,Investment_Trust,0
2024-12-11,8096,25000,Dealer_self,0
2024-12-11,8096,4485,Dealer_Hedging,35642
2024-12-12,8096,579000,Foreign_Investor,607000
2024-12-12,8096,0,Foreign_Dealer_Self,0
2024-12-12,8096,0,Investment_Trust,0
2024-12-12,8096,16000,Dealer_self,0
2024-12-12,8096,14847,Dealer_Hedging,8524
2024-12-13,8096,237000,Foreign_Investor,1135000
2024-12-13,8096,0,Foreign_Dealer_Self,0
2024-12-13,8096,0,Investment_Trust,0
2024-12-13,8096,0,Dealer_self,68000
2024-12-13,8096,135521,Dealer_Hedging,68053
2024-12-16,8096,1150000,Foreign_Investor,901000
2024-12-16,8096,0,Foreign_Dealer_Self,0
2024-12-16,8096,0,Investment_Trust,0
2024-12-16,8096,0,Dealer_self,0
2024-12-16,8096,15222,Dealer_Hedging,96491
2024-12-17,8096,186000,Foreign_Investor,331000
2024-12-17,8096,0,Foreign_Dealer_Self,0
2024-12-17,8096,0,Investment_Trust,0
2024-12-17,8096,0,Dealer_self,0
2024-12-17,8096,32205,Dealer_Hedging,46646
2024-12-18,8096,236000,Foreign_Investor,213000
2024-12-18,8096,0,Foreign_Dealer_Self,0
2024-12-18,8096,0,Investment_Trust,0
2024-12-18,8096,0,Dealer_self,0
2024-12-18,8096,110,Dealer_Hedging,11350
2024-12-19,8096,245000,Foreign_Investor,337000
2024-12-19,8096,0,Foreign_Dealer_Self,0
2024-12-19,8096,0,Investment_Trust,0
2024-12-19,8096,0,Dealer_self,0
2024-12-19,8096,2000,Dealer_Hedging,14597
2024-12-20,8096,203000,Foreign_Investor,368000
2024-12-20,8096,0,Foreign_Dealer_Self,0
2024-12-20,8096,0,Investment_Trust,0
2024-12-20,8096,0,Dealer_self,0
2024-12-20,8096,13000,Dealer_Hedging,1575
2024-12-23,8096,77000,Foreign_Investor,91000
2024-12-23,8096,0,Foreign_Dealer_Self,0
2024-12-23,8096,0,Investment_Trust,0
2024-12-23,8096,1000,Dealer_self,0
2024-12-23,8096,24000,Dealer_Hedging,15448
2024-12-24,8096,98000,Foreign_Investor,120000
2024-12-24,8096,0,Foreign_Dealer_Self,0
2024-12-24,8096,0,Investment_Trust,0
2024-12-24,8096,0,Dealer_self,0
2024-12-24,8096,16000,Dealer_Hedging,25371
2024-12-25,8096,286000,Foreign_Investor,77000
2024-12-25,8096,0,Foreign_Dealer_Self,0
2024-12-25,8096,0,Investment_Trust,0
2024-12-25,8096,0,Dealer_self,0
2024-12-25,8096,3000,Dealer_Hedging,30052
2024-12-26,8096,157000,Foreign_Investor,336000
2024-12-26,8096,0,Foreign_Dealer_Self,0
2024-12-26,8096,0,Investment_Trust,0
2024-12-26,8096,0,Dealer_self,0
2024-12-26,8096,4000,Dealer_Hedging,112000
2024-12-27,8096,217000,Foreign_Investor,258000
2024-12-27,8096,0,Foreign_Dealer_Self,0
2024-12-27,8096,0,Investment_Trust,0
2024-12-27,8096,0,Dealer_self,0
2024-12-27,8096,0,Dealer_Hedging,23812
2024-12-30,8096,59200,Foreign_Investor,765000
2024-12-30,8096,0,Foreign_Dealer_Self,0
2024-12-30,8096,0,Investment_Trust,0
2024-12-30,8096,0,Dealer_self,0
2024-12-30,8096,148000,Dealer_Hedging,26124
2024-12-31,8096,211000,Foreign_Investor,54000
2024-12-31,8096,0,Foreign_Dealer_Self,0
2024-12-31,8096,0,Investment_Trust,0
2024-12-31,8096,7000,Dealer_self,0
2024-12-31,8096,2000,Dealer_Hedging,7005
2025-01-02,8096,123000,Foreign_Investor,255000
2025-01-02,8096,0,Foreign_Dealer_Self,0
2025-01-02,8096,0,Investment_Trust,0
2025-01-02,8096,0,Dealer_self,0
2025-01-02,8096,12000,Dealer_Hedging,7495
2025-01-03,8096,105100,Foreign_Investor,200000
2025-01-03,8096,0,Foreign_Dealer_Self,0
2025-01-03,8096,0,Investment_Trust,0
2025-01-03,8096,0,Dealer_self,0
2025-01-03,8096,10000,Dealer_Hedging,19740
2025-01-06,8096,101000,Foreign_Investor,127000
2025-01-06,8096,0,Foreign_Dealer_Self,0
2025-01-06,8096,0,Investment_Trust,0
2025-01-06,8096,0,Dealer_self,0
2025-01-06,8096,0,Dealer_Hedging,3853
2025-01-07,8096,218000,Foreign_Investor,87000
2025-01-07,8096,0,Foreign_Dealer_Self,0
2025-01-07,8096,0,Investment_Trust,0
2025-01-07,8096,1000,Dealer_self,0
2025-01-07,8096,23000,Dealer_Hedging,3759
2025-01-08,8096,56000,Foreign_Investor,180000
2025-01-08,8096,0,Foreign_Dealer_Self,0
2025-01-08,8096,0,Investment_Trust,0
2025-01-08,8096,0,Dealer_self,0
2025-01-08,8096,0,Dealer_Hedging,4000
2025-01-09,8096,279200,Foreign_Investor,422000
2025-01-09,8096,0,Foreign_Dealer_Self,0
2025-01-09,8096,0,Investment_Trust,0
2025-01-09,8096,0,Dealer_self,0
2025-01-09,8096,5000,Dealer_Hedging,42367
2025-01-10,8096,558000,Foreign_Investor,539000
2025-01-10,8096,0,Foreign_Dealer_Self,0
2025-01-10,8096,0,Investment_Trust,0
2025-01-10,8096,1000,Dealer_self,0
2025-01-10,8096,5000,Dealer_Hedging,4344
2025-01-13,8096,478000,Foreign_Investor,510000
2025-01-13,8096,0,Foreign_Dealer_Self,0
2025-01-13,8096,0,Investment_Trust,0
2025-01-13,8096,0,Dealer_self,4000
2025-01-13,8096,15000,Dealer_Hedging,26727
2025-01-14,8096,541000,Foreign_Investor,240000
2025-01-14,8096,0,Foreign_Dealer_Self,0
2025-01-14,8096,0,Investment_Trust,0
2025-01-14,8096,0,Dealer_self,0
2025-01-14,8096,3000,Dealer_Hedging,2678
2025-01-15,8096,101001,Foreign_Investor,294000
2025-01-15,8096,0,Foreign_Dealer_Self,0
2025-01-15,8096,0,Investment_Trust,0
2025-01-15,8096,0,Dealer_self,0
2025-01-15,8096,10000,Dealer_Hedging,2118
2025-01-16,8096,181000,Foreign_Investor,93000
2025-01-16,8096,0,Foreign_Dealer_Self,0
2025-01-16,8096,0,Investment_Trust,0
2025-01-16,8096,0,Dealer_self,0
2025-01-16,8096,0,Dealer_Hedging,1056
2025-01-17,8096,119000,Foreign_Investor,276000
2025-01-17,8096,0,Foreign_Dealer_Self,0
2025-01-17,8096,0,Investment_Trust,0
2025-01-17,8096,0,Dealer_self,0
2025-01-17,8096,0,Dealer_Hedging,7904
2025-01-20,8096,683000,Foreign_Investor,82000
2025-01-20,8096,0,Foreign_Dealer_Self,0
2025-01-20,8096,0,Investment_Trust,0
2025-01-20,8096,0,Dealer_self,0
2025-01-20,8096,5045,Dealer_Hedging,1000
2025-01-21,8096,1971000,Foreign_Investor,1679000
2025-01-21,8096,0,Foreign_Dealer_Self,0
2025-01-21,8096,0,Investment_Trust,0
2025-01-21,8096,0,Dealer_self,0
2025-01-21,8096,152461,Dealer_Hedging,50587
2025-01-22,8096,1876000,Foreign_Investor,2531000
2025-01-22,8096,0,Foreign_Dealer_Self,0
2025-01-22,8096,0,Investment_Trust,0
2025-01-22,8096,15000,Dealer_self,0
2025-01-22,8096,52373,Dealer_Hedging,27334
2025-02-03,8096,3730000,Foreign_Investor,2991000
2025-02-03,8096,0,Foreign_Dealer_Self,0
2025-02-03,8096,0,Investment_Trust,0
2025-02-03,8096,31000,Dealer_self,0
2025-02-03,8096,289622,Dealer_Hedging,138023
2025-02-04,8096,4519001,Foreign_Investor,2803000
2025-02-04,8096,0,Foreign_Dealer_Self,0
2025-02-04,8096,0,Investment_Trust,0
2025-02-04,8096,108000,Dealer_self,10000
2025-02-04,8096,192517,Dealer_Hedging,101001
2025-02-05,8096,5610000,Foreign_Investor,3910017
2025-02-05,8096,0,Foreign_Dealer_Self,0
2025-02-05,8096,0,Investment_Trust,0
2025-02-05,8096,92000,Dealer_self,0
2025-02-05,8096,344982,Dealer_Hedging,157000
2025-02-06,8096,5797000,Foreign_Investor,6385083
2025-02-06,8096,0,Foreign_Dealer_Self,0
2025-02-06,8096,0,Investment_Trust,0
2025-02-06,8096,335000,Dealer_self,0
2025-02-06,8096,179528,Dealer_Hedging,260504
2025-02-07,8096,6633000,Foreign_Investor,3997183
2025-02-07,8096,0,Foreign_Dealer_Self,0
2025-02-07,8096,0,Investment_Trust,0
2025-02-07,8096,647000,Dealer_self,388000
2025-02-07,8096,399110,Dealer_Hedging,330002
2025-02-10,8096,223000,Foreign_Investor,998000
2025-02-10,8096,0,Foreign_Dealer_Self,0
2025-02-10,8096,0,Investment_Trust,0
2025-02-10,8096,101000,Dealer_self,120000
2025-02-10,8096,717622,Dealer_Hedging,254000
2025-02-11,8096,1511000,Foreign_Investor,1325000
2025-02-11,8096,0,Foreign_Dealer_Self,0
2025-02-11,8096,0,Investment_Trust,0
2025-02-11,8096,54000,Dealer_self,150000
2025-02-11,8096,478168,Dealer_Hedging,175000
2025-02-12,8096,1635000,Foreign_Investor,336000
2025-02-12,8096,0,Foreign_Dealer_Self,0
2025-02-12,8096,0,Investment_Trust,0
2025-02-12,8096,191000,Dealer_self,27000
2025-02-12,8096,169302,Dealer_Hedging,316000
2025-02-13,8096,2338000,Foreign_Investor,665000
2025-02-13,8096,0,Foreign_Dealer_Self,0
2025-02-13,8096,0,Investment_Trust,0
2025-02-13,8096,57000,Dealer_self,115000
2025-02-13,8096,33000,Dealer_Hedging,80109
2025-02-14,8096,768000,Foreign_Investor,110000
2025-02-14,8096,0,Foreign_Dealer_Self,0
2025-02-14,8096,0,Investment_Trust,0
2025-02-14,8096,81000,Dealer_self,11000
2025-02-14,8096,1073000,Dealer_Hedging,146000
2025-02-17,8096,450727,Foreign_Investor,187000
2025-02-17,8096,0,Foreign_Dealer_Self,0
2025-02-17,8096,0,Investment_Trust,0
2025-02-17,8096,68000,Dealer_self,47000
2025-02-17,8096,56768,Dealer_Hedging,231000
2025-02-18,8096,439000,Foreign_Investor,27000
2025-02-18,8096,0,Foreign_Dealer_Self,0
2025-02-18,8096,0,Investment_Trust,0
2025-02-18,8096,0,Dealer_self,0
2025-02-18,8096,268000,Dealer_Hedging,240000
2025-02-19,8096,562000,Foreign_Investor,193000
2025-02-19,8096,0,Foreign_Dealer_Self,0
2025-02-19,8096,0,Investment_Trust,0
2025-02-19,8096,12000,Dealer_self,47000
2025-02-19,8096,675500,Dealer_Hedging,415000
2025-02-20,8096,564000,Foreign_Investor,156000
2025-02-20,8096,0,Foreign_Dealer_Self,0
2025-02-20,8096,0,Investment_Trust,0
2025-02-20,8096,65000,Dealer_self,63000
2025-02-20,8096,966410,Dealer_Hedging,868000
2025-02-21,8096,1045000,Foreign_Investor,102000
2025-02-21,8096,0,Foreign_Dealer_Self,0
2025-02-21,8096,0,Investment_Trust,0
2025-02-21,8096,25000,Dealer_self,47000
2025-02-21,8096,141000,Dealer_Hedging,97000
2025-02-24,8096,375000,Foreign_Investor,567000
2025-02-24,8096,0,Foreign_Dealer_Self,0
2025-02-24,8096,0,Investment_Trust,0
2025-02-24,8096,50000,Dealer_self,45000
2025-02-24,8096,151000,Dealer_Hedging,84000
2025-02-25,8096,568000,Foreign_Investor,134000
2025-02-25,8096,0,Foreign_Dealer_Self,0
2025-02-25,8096,0,Investment_Trust,0
2025-02-25,8096,29000,Dealer_self,60000
2025-02-25,8096,117000,Dealer_Hedging,190000
2025-02-26,8096,421000,Foreign_Investor,282000
2025-02-26,8096,0,Foreign_Dealer_Self,0
2025-02-26,8096,0,Investment_Trust,0
2025-02-26,8096,85000,Dealer_self,4000
2025-02-26,8096,604000,Dealer_Hedging,85000
2025-02-27,8096,396000,Foreign_Investor,97000
2025-02-27,8096,0,Foreign_Dealer_Self,0
2025-02-27,8096,0,Investment_Trust,0
2025-02-27,8096,15000,Dealer_self,72000
2025-02-27,8096,455999,Dealer_Hedging,195000
2025-03-03,8096,9056000,Foreign_Investor,8161000
2025-03-03,8096,0,Foreign_Dealer_Self,0
2025-03-03,8096,0,Investment_Trust,0
2025-03-03,8096,113000,Dealer_self,141000
2025-03-03,8096,416918,Dealer_Hedging,1295696
2025-03-04,8096,9523000,Foreign_Investor,9232000
2025-03-04,8096,0,Foreign_Dealer_Self,0
2025-03-04,8096,0,Investment_Trust,0
2025-03-04,8096,122000,Dealer_self,670000
2025-03-04,8096,265259,Dealer_Hedging,435503
2025-03-05,8096,3390000,Foreign_Investor,7348000
2025-03-05,8096,0,Foreign_Dealer_Self,0
2025-03-05,8096,0,Investment_Trust,0
2025-03-05,8096,55000,Dealer_self,2000
2025-03-05,8096,131153,Dealer_Hedging,79191
2025-03-06,8096,3627000,Foreign_Investor,3251000
2025-03-06,8096,0,Foreign_Dealer_Self,0
2025-03-06,8096,0,Investment_Trust,0
2025-03-06,8096,11000,Dealer_self,82000
2025-03-06,8096,127644,Dealer_Hedging,105168
2025-03-07,8096,4834000,Foreign_Investor,3302000
2025-03-07,8096,0,Foreign_Dealer_Self,0
2025-03-07,8096,0,Investment_Trust,0
2025-03-07,8096,1000,Dealer_self,21000
2025-03-07,8096,253138,Dealer_Hedging,76261
2025-03-10,8096,4831000,Foreign_Investor,6547000
2025-03-10,8096,0,Foreign_Dealer_Self,0
2025-03-10,8096,0,Investment_Trust,0
2025-03-10,8096,42000,Dealer_self,56000
2025-03-10,8096,99301,Dealer_Hedging,152006
2025-03-11,8096,5918000,Foreign_Investor,5324000
2025-03-11,8096,0,Foreign_Dealer_Self,0
2025-03-11,8096,0,Investment_Trust,0
2025-03-11,8096,26000,Dealer_self,54000
2025-03-11,8096,591283,Dealer_Hedging,62304
2025-03-12,8096,3309000,Foreign_Investor,3863000
2025-03-12,8096,0,Foreign_Dealer_Self,0
2025-03-12,8096,0,Investment_Trust,0
2025-03-12,8096,14000,Dealer_self,10000
2025-03-12,8096,50590,Dealer_Hedging,148791
2025-03-13,8096,2789020,Foreign_Investor,2113000
2025-03-13,8096,0,Foreign_Dealer_Self,0
2025-03-13,8096,0,Investment_Trust,0
2025-03-13,8096,0,Dealer_self,20000
2025-03-13,8096,36972,Dealer_Hedging,78275
2025-03-14,8096,6342000,Foreign_Investor,4585000
2025-03-14,8096,0,Foreign_Dealer_Self,0
2025-03-14,8096,0,Investment_Trust,0
2025-03-14,8096,17000,Dealer_self,110000
2025-03-14,8096,133437,Dealer_Hedging,66226
2025-03-17,8096,13544000,Foreign_Investor,13125000
2025-03-17,8096,0,Foreign_Dealer_Self,0
2025-03-17,8096,0,Investment_Trust,0
2025-03-17,8096,25000,Dealer_self,33000
2025-03-17,8096,332185,Dealer_Hedging,508823
2025-03-18,8096,7972520,Foreign_Investor,8531000
2025-03-18,8096,0,Foreign_Dealer_Self,0
2025-03-18,8096,0,Investment_Trust,0
2025-03-18,8096,313000,Dealer_self,156000
2025-03-18,8096,201844,Dealer_Hedging,271874
2025-03-19,8096,7634001,Foreign_Investor,8833000
2025-03-19,8096,0,Foreign_Dealer_Self,0
2025-03-19,8096,0,Investment_Trust,0
2025-03-19,8096,292000,Dealer_self,260000
2025-03-19,8096,218826,Dealer_Hedging,720258
2025-03-20,8096,2983000,Foreign_Investor,6382000
2025-03-20,8096,0,Foreign_Dealer_Self,0
2025-03-20,8096,0,Investment_Trust,0
2025-03-20,8096,164000,Dealer_self,195000
2025-03-20,8096,123668,Dealer_Hedging,848356
2025-03-21,8096,1932000,Foreign_Investor,1451200
2025-03-21,8096,0,Foreign_Dealer_Self,0
2025-03-21,8096,0,Investment_Trust,0
2025-03-21,8096,20000,Dealer_self,206000
2025-03-21,8096,62131,Dealer_Hedging,566676
2025-03-24,8096,3153000,Foreign_Investor,1571000
2025-03-24,8096,0,Foreign_Dealer_Self,0
2025-03-24,8096,0,Investment_Trust,0
2025-03-24,8096,54000,Dealer_self,30000
2025-03-24,8096,30059,Dealer_Hedging,455470
2025-03-25,8096,3520000,Foreign_Investor,5761000
2025-03-25,8096,0,Foreign_Dealer_Self,0
2025-03-25,8096,0,Investment_Trust,0
2025-03-25,8096,50000,Dealer_self,88000
2025-03-25,8096,163284,Dealer_Hedging,34953
2025-03-26,8096,3830000,Foreign_Investor,3127000
2025-03-26,8096,0,Foreign_Dealer_Self,0
2025-03-26,8096,0,Investment_Trust,0
2025-03-26,8096,0,Dealer_self,43000
2025-03-26,8096,14361,Dealer_Hedging,79010
2025-03-27,8096,2605000,Foreign_Investor,2933000
2025-03-27,8096,0,Foreign_Dealer_Self,0
2025-03-27,8096,0,Investment_Trust,0
2025-03-27,8096,0,Dealer_self,0
2025-03-27,8096,48150,Dealer_Hedging,79201
2025-03-28,8096,4042030,Foreign_Investor,2408000
2025-03-28,8096,0,Foreign_Dealer_Self,0
2025-03-28,8096,0,Investment_Trust,0
2025-03-28,8096,8000,Dealer_self,8000
2025-03-28,8096,27000,Dealer_Hedging,113338
2025-03-31,8096,4964000,Foreign_Investor,4591000
2025-03-31,8096,0,Foreign_Dealer_Self,0
2025-03-31,8096,0,Investment_Trust,0
2025-03-31,8096,0,Dealer_self,0
2025-03-31,8096,200978,Dealer_Hedging,61199
2025-04-01,8096,2854000,Foreign_Investor,4217000
2025-04-01,8096,0,Foreign_Dealer_Self,0
2025-04-01,8096,0,Investment_Trust,0
2025-04-01,8096,0,Dealer_self,0
2025-04-01,8096,102057,Dealer_Hedging,59645
2025-04-02,8096,9332000,Foreign_Investor,8556000
2025-04-02,8096,0,Foreign_Dealer_Self,0
2025-04-02,8096,0,Investment_Trust,0
2025-04-02,8096,26000,Dealer_self,1000
2025-04-02,8096,516741,Dealer_Hedging,129003
2025-04-07,8096,13000,Foreign_Investor,0
2025-04-07,8096,0,Foreign_Dealer_Self,0
2025-04-07,8096,0,Investment_Trust,0
2025-04-07,8096,0,Dealer_self,0
2025-04-07,8096,0,Dealer_Hedging,1503
2025-04-08,8096,1728500,Foreign_Investor,1638000
2025-04-08,8096,0,Foreign_Dealer_Self,0
2025-04-08,8096,0,Investment_Trust,0
2025-04-08,8096,63000,Dealer_self,20000
2025-04-08,8096,4449,Dealer_Hedging,122943
2025-04-09,8096,4912000,Foreign_Investor,4700000
2025-04-09,8096,0,Foreign_Dealer_Self,0
2025-04-09,8096,0,Investment_Trust,0
2025-04-09,8096,27000,Dealer_self,102000
2025-04-09,8096,29434,Dealer_Hedging,198308
2025-04-10,8096,7000,Foreign_Investor,161000
2025-04-10,8096,0,Foreign_Dealer_Self,0
2025-04-10,8096,0,Investment_Trust,0
2025-04-10,8096,0,Dealer_self,0
2025-04-10,8096,1524,Dealer_Hedging,2000
2025-04-11,8096,4875000,Foreign_Investor,4226000
2025-04-11,8096,0,Foreign_Dealer_Self,0
2025-04-11,8096,0,Investment_Trust,0
2025-04-11,8096,0,Dealer_self,17000
2025-04-11,8096,94735,Dealer_Hedging,90441
2025-04-14,8096,4569000,Foreign_Investor,5233000
2025-04-14,8096,0,Foreign_Dealer_Self,0
2025-04-14,8096,0,Investment_Trust,0
2025-04-14,8096,70000,Dealer_self,51000
2025-04-14,8096,61574,Dealer_Hedging,40114
2025-04-15,8096,4023000,Foreign_Investor,2820300
2025-04-15,8096,0,Foreign_Dealer_Self,0
2025-04-15,8096,0,Investment_Trust,0
2025-04-15,8096,20000,Dealer_self,20000
2025-04-15,8096,109483,Dealer_Hedging,24240
2025-04-16,8096,9191426,Foreign_Investor,10163000
2025-04-16,8096,0,Foreign_Dealer_Self,0
2025-04-16,8096,0,Investment_Trust,0
2025-04-16,8096,0,Dealer_self,20000
2025-04-16,8096,105536,Dealer_Hedging,99486
2025-04-17,8096,4092000,Foreign_Investor,5542000
2025-04-17,8096,0,Foreign_Dealer_Self,0
2025-04-17,8096,0,Investment_Trust,0
2025-04-17,8096,0,Dealer_self,0
2025-04-17,8096,23204,Dealer_Hedging,82567
2025-04-18,8096,4565000,Foreign_Investor,6119000
2025-04-18,8096,0,Foreign_Dealer_Self,0
2025-04-18,8096,0,Investment_Trust,0
2025-04-18,8096,0,Dealer_self,0
2025-04-18,8096,142000,Dealer_Hedging,36235
2025-04-21,8096,2900000,Foreign_Investor,2917000
2025-04-21,8096,0,Foreign_Dealer_Self,0
2025-04-21,8096,0,Investment_Trust,0
2025-04-21,8096,0,Dealer_self,0
2025-04-21,8096,31761,Dealer_Hedging,146020
2025-04-22,8096,4202000,Foreign_Investor,4406500
2025-04-22,8096,0,Foreign_Dealer_Self,0
2025-04-22,8096,0,Investment_Trust,0
2025-04-22,8096,0,Dealer_self,0
2025-04-22,8096,26209,Dealer_Hedging,12474
2025-04-23,8096,5087000,Foreign_Investor,4360000
2025-04-23,8096,0,Foreign_Dealer_Self,0
2025-04-23,8096,0,Investment_Trust,0
2025-04-23,8096,0,Dealer_self,0
2025-04-23,8096,972571,Dealer_Hedging,39935
2025-04-24,8096,2319000,Foreign_Investor,3663000
2025-04-24,8096,0,Foreign_Dealer_Self,0
2025-04-24,8096,0,Investment_Trust,0
2025-04-24,8096,0,Dealer_self,0
2025-04-24,8096,40016,Dealer_Hedging,772603
2025-04-25,8096,3977220,Foreign_Investor,3917000
2025-04-25,8096,0,Foreign_Dealer_Self,0
2025-04-25,8096,0,Investment_Trust,0
2025-04-25,8096,0,Dealer_self,0
2025-04-25,8096,194403,Dealer_Hedging,103252
2025-04-28,8096,1918000,Foreign_Investor,1843200
2025-04-28,8096,0,Foreign_Dealer_Self,0
2025-04-28,8096,0,Investment_Trust,0
2025-04-28,8096,0,Dealer_self,0
2025-04-28,8096,12354,Dealer_Hedging,59485
2025-04-29,8096,1859000,Foreign_Investor,2526000
2025-04-29,8096,0,Foreign_Dealer_Self,0
2025-04-29,8096,0,Investment_Trust,0
2025-04-29,8096,25000,Dealer_self,0
2025-04-29,8096,52623,Dealer_Hedging,72069
2025-04-30,8096,10316000,Foreign_Investor,11293000
2025-04-30,8096,0,Foreign_Dealer_Self,0
2025-04-30,8096,0,Investment_Trust,0
2025-04-30,8096,180000,Dealer_self,205000
2025-04-30,8096,202331,Dealer_Hedging,204757
2025-05-02,8096,3927000,Foreign_Investor,3784000
2025-05-02,8096,0,Foreign_Dealer_Self,0
2025-05-02,8096,0,Investment_Trust,0
2025-05-02,8096,15000,Dealer_self,0
2025-05-02,8096,116459,Dealer_Hedging,22760
2025-05-05,8096,4890000,Foreign_Investor,4927000
2025-05-05,8096,0,Foreign_Dealer_Self,0
2025-05-05,8096,0,Investment_Trust,0
2025-05-05,8096,0,Dealer_self,15000
2025-05-05,8096,227235,Dealer_Hedging,162935
2025-05-06,8096,2215170,Foreign_Investor,3186000
2025-05-06,8096,0,Foreign_Dealer_Self,0
2025-05-06,8096,0,Investment_Trust,0
2025-05-06,8096,400000,Dealer_self,400000
2025-05-06,8096,553802,Dealer_Hedging,324206
2025-05-07,8096,3447000,Foreign_Investor,3533000
2025-05-07,8096,0,Foreign_Dealer_Self,0
2025-05-07,8096,0,Investment_Trust,0
2025-05-07,8096,0,Dealer_self,0
2025-05-07,8096,133325,Dealer_Hedging,235747
2025-05-08,8096,3472000,Foreign_Investor,3335000
2025-05-08,8096,0,Foreign_Dealer_Self,0
2025-05-08,8096,0,Investment_Trust,0
2025-05-08,8096,0,Dealer_self,0
2025-05-08,8096,248299,Dealer_Hedging,101132
2025-05-09,8096,2216000,Foreign_Investor,1490000
2025-05-09,8096,0,Foreign_Dealer_Self,0
2025-05-09,8096,0,Investment_Trust,0
2025-05-09,8096,0,Dealer_self,0
2025-05-09,8096,67250,Dealer_Hedging,133021
2025-05-12,8096,3342000,Foreign_Investor,2125000
2025-05-12,8096,0,Foreign_Dealer_Self,0
2025-05-12,8096,0,Investment_Trust,0
2025-05-12,8096,0,Dealer_self,0
2025-05-12,8096,978380,Dealer_Hedging,138709
2025-05-13,8096,1896000,Foreign_Investor,2105000
2025-05-13,8096,0,Foreign_Dealer_Self,0
2025-05-13,8096,0,Investment_Trust,0
2025-05-13,8096,49000,Dealer_self,0
2025-05-13,8096,38000,Dealer_Hedging,120419
2025-05-14,8096,2587000,Foreign_Investor,1518000
2025-05-14,8096,0,Foreign_Dealer_Self,0
2025-05-14,8096,0,Investment_Trust,0
2025-05-14,8096,6000,Dealer_self,0
2025-05-14,8096,243794,Dealer_Hedging,44000
2025-05-15,8096,1011000,Foreign_Investor,2060100
2025-05-15,8096,0,Foreign_Dealer_Self,0
2025-05-15,8096,0,Investment_Trust,0
2025-05-15,8096,43000,Dealer_self,37000
2025-05-15,8096,25000,Dealer_Hedging,137754
2025-05-16,8096,613050,Foreign_Investor,1342000
2025-05-16,8096,0,Foreign_Dealer_Self,0
2025-05-16,8096,0,Investment_Trust,0
2025-05-16,8096,23000,Dealer_self,0
2025-05-16,8096,17000,Dealer_Hedging,134949
2025-05-19,8096,1824070,Foreign_Investor,1489000
2025-05-19,8096,0,Foreign_Dealer_Self,0
2025-05-19,8096,0,Investment_Trust,0
2025-05-19,8096,0,Dealer_self,0
2025-05-19,8096,37001,Dealer_Hedging,123151
2025-05-20,8096,548000,Foreign_Investor,891000
2025-05-20,8096,0,Foreign_Dealer_Self,0
2025-05-20,8096,0,Investment_Trust,0
2025-05-20,8096,0,Dealer_self,0
2025-05-20,8096,466,Dealer_Hedging,152849
2025-05-21,8096,265000,Foreign_Investor,508326
2025-05-21,8096,0,Foreign_Dealer_Self,0
2025-05-21,8096,0,Investment_Trust,0
2025-05-21,8096,0,Dealer_self,0
2025-05-21,8096,2000,Dealer_Hedging,21219
2025-05-22,8096,460100,Foreign_Investor,647000
2025-05-22,8096,0,Foreign_Dealer_Self,0
2025-05-22,8096,0,Investment_Trust,0
2025-05-22,8096,0,Dealer_self,0
2025-05-22,8096,214000,Dealer_Hedging,20035
2025-05-23,8096,490000,Foreign_Investor,826000
2025-05-23,8096,0,Foreign_Dealer_Self,0
2025-05-23,8096,0,Investment_Trust,0
2025-05-23,8096,0,Dealer_self,0
2025-05-23,8096,2148,Dealer_Hedging,66795
2025-05-26,8096,1012000,Foreign_Investor,1338000
2025-05-26,8096,0,Foreign_Dealer_Self,0
2025-05-26,8096,0,Investment_Trust,0
2025-05-26,8096,0,Dealer_self,18000
2025-05-26,8096,73816,Dealer_Hedging,13148
2025-05-27,8096,666000,Foreign_Investor,832000
2025-05-27,8096,0,Foreign_Dealer_Self,0
2025-05-27,8096,0,Investment_Trust,0
2025-05-27,8096,0,Dealer_self,0
2025-05-27,8096,1025,Dealer_Hedging,39075
2025-05-28,8096,285000,Foreign_Investor,555000
2025-05-28,8096,0,Foreign_Dealer_Self,0
2025-05-28,8096,0,Investment_Trust,0
2025-05-28,8096,0,Dealer_self,0
2025-05-28,8096,13085,Dealer_Hedging,28584
2025-05-29,8096,901100,Foreign_Investor,1228000
2025-05-29,8096,0,Foreign_Dealer_Self,0
2025-05-29,8096,0,Investment_Trust,0
2025-05-29,8096,0,Dealer_self,19000
2025-05-29,8096,87366,Dealer_Hedging,95918
2025-06-02,8096,2787100,Foreign_Investor,992000
2025-06-02,8096,0,Foreign_Dealer_Self,0
2025-06-02,8096,0,Investment_Trust,0
2025-06-02,8096,2000,Dealer_self,10000
2025-06-02,8096,166773,Dealer_Hedging,101760
2025-06-03,8096,565000,Foreign_Investor,1230000
2025-06-03,8096,0,Foreign_Dealer_Self,0
2025-06-03,8096,0,Investment_Trust,0
2025-06-03,8096,0,Dealer_self,0
2025-06-03,8096,11793,Dealer_Hedging,18878
2025-06-04,8096,968000,Foreign_Investor,724000
2025-06-04,8096,0,Foreign_Dealer_Self,0
2025-06-04,8096,0,Investment_Trust,0
2025-06-04,8096,0,Dealer_self,0
2025-06-04,8096,99665,Dealer_Hedging,8255
2025-06-05,8096,877000,Foreign_Investor,799000
2025-06-05,8096,0,Foreign_Dealer_Self,0
2025-06-05,8096,0,Investment_Trust,0
2025-06-05,8096,0,Dealer_self,0
2025-06-05,8096,3015,Dealer_Hedging,35603
2025-06-06,8096,1457030,Foreign_Investor,1395000
2025-06-06,8096,0,Foreign_Dealer_Self,0
2025-06-06,8096,0,Investment_Trust,0
2025-06-06,8096,1000,Dealer_self,0
2025-06-06,8096,60445,Dealer_Hedging,46354
2025-06-09,8096,1213000,Foreign_Investor,644000
2025-06-09,8096,0,Foreign_Dealer_Self,0
2025-06-09,8096,0,Investment_Trust,0
2025-06-09,8096,0,Dealer_self,2000
2025-06-09,8096,4237,Dealer_Hedging,13665
2025-06-10,8096,3194030,Foreign_Investor,3133100
2025-06-10,8096,0,Foreign_Dealer_Self,0
2025-06-10,8096,0,Investment_Trust,0
2025-06-10,8096,0,Dealer_self,0
2025-06-10,8096,996382,Dealer_Hedging,149868
2025-06-11,8096,2754000,Foreign_Investor,1824000
2025-06-11,8096,0,Foreign_Dealer_Self,0
2025-06-11,8096,0,Investment_Trust,0
2025-06-11,8096,0,Dealer_self,0
2025-06-11,8096,512782,Dealer_Hedging,52373
2025-06-12,8096,6167006,Foreign_Investor,7737000
2025-06-12,8096,0,Foreign_Dealer_Self,0
2025-06-12,8096,0,Investment_Trust,0
2025-06-12,8096,7000,Dealer_self,1000
2025-06-12,8096,499678,Dealer_Hedging,50753
2025-06-13,8096,1889000,Foreign_Investor,1452000
2025-06-13,8096,0,Foreign_Dealer_Self,0
2025-06-13,8096,0,Investment_Trust,0
2025-06-13,8096,0,Dealer_self,4000
2025-06-13,8096,181766,Dealer_Hedging,114654
2025-06-16,8096,1108000,Foreign_Investor,797000
2025-06-16,8096,0,Foreign_Dealer_Self,0
2025-06-16,8096,0,Investment_Trust,0
2025-06-16,8096,0,Dealer_self,14000
2025-06-16,8096,1000,Dealer_Hedging,20225
2025-06-17,8096,612000,Foreign_Investor,1002000
2025-06-17,8096,0,Foreign_Dealer_Self,0
2025-06-17,8096,0,Investment_Trust,0
2025-06-17,8096,4000,Dealer_self,0
2025-06-17,8096,804,Dealer_Hedging,28268
2025-06-18,8096,442000,Foreign_Investor,262000
2025-06-18,8096,0,Foreign_Dealer_Self,0
2025-06-18,8096,0,Investment_Trust,0
2025-06-18,8096,3000,Dealer_self,0
2025-06-18,8096,1358,Dealer_Hedging,16509
2025-06-19,8096,1255000,Foreign_Investor,590000
2025-06-19,8096,0,Foreign_Dealer_Self,0
2025-06-19,8096,0,Investment_Trust,0
2025-06-19,8096,0,Dealer_self,0
2025-06-19,8096,573,Dealer_Hedging,46662
2025-06-20,8096,545000,Foreign_Investor,788000
2025-06-20,8096,0,Foreign_Dealer_Self,0
2025-06-20,8096,0,Investment_Trust,0
2025-06-20,8096,0,Dealer_self,0
2025-06-20,8096,6000,Dealer_Hedging,29702
2025-06-23,8096,1366000,Foreign_Investor,721000
2025-06-23,8096,0,Foreign_Dealer_Self,0
2025-06-23,8096,0,Investment_Trust,0
2025-06-23,8096,0,Dealer_self,0
2025-06-23,8096,1366,Dealer_Hedging,8928
2025-06-24,8096,474000,Foreign_Investor,397000
2025-06-24,8096,0,Foreign_Dealer_Self,0
2025-06-24,8096,0,Investment_Trust,0
2025-06-24,8096,0,Dealer_self,0
2025-06-24,8096,49000,Dealer_Hedging,1579
2025-06-25,8096,181000,Foreign_Investor,1027000
2025-06-25,8096,0,Foreign_Dealer_Self,0
2025-06-25,8096,0,Investment_Trust,0
2025-06-25,8096,6000,Dealer_self,0
2025-06-25,8096,5000,Dealer_Hedging,30364
2025-06-26,8096,231000,Foreign_Investor,316000
2025-06-26,8096,0,Foreign_Dealer_Self,0
2025-06-26,8096,0,Investment_Trust,0
2025-06-26,8096,0,Dealer_self,0
2025-06-26,8096,10000,Dealer_Hedging,11271
2025-06-27,8096,229000,Foreign_Investor,275000
2025-06-27,8096,0,Foreign_Dealer_Self,0
2025-06-27,8096,0,Investment_Trust,0
2025-06-27,8096,0,Dealer_self,0
2025-06-27,8096,6270,Dealer_Hedging,14000
2025-06-30,8096,352000,Foreign_Investor,482000
2025-06-30,8096,0,Foreign_Dealer_Self,0
2025-06-30,8096,0,Investment_Trust,0
2025-06-30,8096,0,Dealer_self,0
2025-06-30,8096,7000,Dealer_Hedging,26020
2025-07-01,8096,300000,Foreign_Investor,319000
2025-07-01,8096,0,Foreign_Dealer_Self,0
2025-07-01,8096,0,Investment_Trust,0
2025-07-01,8096,0,Dealer_self,0
2025-07-01,8096,1000,Dealer_Hedging,4289
2025-07-02,8096,487000,Foreign_Investor,596000
2025-07-02,8096,0,Foreign_Dealer_Self,0
2025-07-02,8096,0,Investment_Trust,0
2025-07-02,8096,129000,Dealer_self,36000
2025-07-02,8096,30967,Dealer_Hedging,5082
2025-07-03,8096,155000,Foreign_Investor,435000
2025-07-03,8096,0,Foreign_Dealer_Self,0
2025-07-03,8096,0,Investment_Trust,0
2025-07-03,8096,0,Dealer_self,0
2025-07-03,8096,3000,Dealer_Hedging,25526
2025-07-04,8096,195000,Foreign_Investor,694000
2025-07-04,8096,0,Foreign_Dealer_Self,0
2025-07-04,8096,0,Investment_Trust,0
2025-07-04,8096,0,Dealer_self,0
2025-07-04,8096,5000,Dealer_Hedging,41156
2025-07-07,8096,659100,Foreign_Investor,406000
2025-07-07,8096,0,Foreign_Dealer_Self,0
2025-07-07,8096,0,Investment_Trust,0
2025-07-07,8096,0,Dealer_self,0
2025-07-07,8096,7000,Dealer_Hedging,36428
2025-07-08,8096,535000,Foreign_Investor,329000
2025-07-08,8096,0,Foreign_Dealer_Self,0
2025-07-08,8096,0,Investment_Trust,0
2025-07-08,8096,0,Dealer_self,0
2025-07-08,8096,2000,Dealer_Hedging,15845
2025-07-09,8096,306000,Foreign_Investor,461006
2025-07-09,8096,0,Foreign_Dealer_Self,0
2025-07-09,8096,0,Investment_Trust,0
2025-07-09,8096,0,Dealer_self,0
2025-07-09,8096,5010,Dealer_Hedging,8332
2025-07-10,8096,558000,Foreign_Investor,331000
2025-07-10,8096,0,Foreign_Dealer_Self,0
2025-07-10,8096,0,Investment_Trust,0
2025-07-10,8096,3000,Dealer_self,0
2025-07-10,8096,1000,Dealer_Hedging,2087
2025-07-11,8096,263000,Foreign_Investor,127000
2025-07-11,8096,0,Foreign_Dealer_Self,0
2025-07-11,8096,0,Investment_Trust,0
2025-07-11,8096,0,Dealer_self,0
2025-07-11,8096,3001,Dealer_Hedging,11397
2025-07-14,8096,243000,Foreign_Investor,227000
2025-07-14,8096,0,Foreign_Dealer_Self,0
2025-07-14,8096,0,Investment_Trust,0
2025-07-14,8096,0,Dealer_self,0
2025-07-14,8096,2010,Dealer_Hedging,23691
2025-07-15,8096,408100,Foreign_Investor,510000
2025-07-15,8096,0,Foreign_Dealer_Self,0
2025-07-15,8096,0,Investment_Trust,0
2025-07-15,8096,0,Dealer_self,0
2025-07-15,8096,21000,Dealer_Hedging,15716
2025-07-16,8096,498000,Foreign_Investor,394000
2025-07-16,8096,0,Foreign_Dealer_Self,0
2025-07-16,8096,0,Investment_Trust,0
2025-07-16,8096,3000,Dealer_self,0
2025-07-16,8096,45056,Dealer_Hedging,9872
2025-07-17,8096,389000,Foreign_Investor,133000
2025-07-17,8096,0,Foreign_Dealer_Self,0
2025-07-17,8096,0,Investment_Trust,0
2025-07-17,8096,0,Dealer_self,0
2025-07-17,8096,481,Dealer_Hedging,5347
2025-07-18,8096,517090,Foreign_Investor,620000
2025-07-18,8096,0,Foreign_Dealer_Self,0
2025-07-18,8096,0,Investment_Trust,0
2025-07-18,8096,0,Dealer_self,0
2025-07-18,8096,0,Dealer_Hedging,3324
2025-07-21,8096,402100,Foreign_Investor,372000
2025-07-21,8096,0,Foreign_Dealer_Self,0
2025-07-21,8096,0,Investment_Trust,0
2025-07-21,8096,0,Dealer_self,0
2025-07-21,8096,16000,Dealer_Hedging,2064
2025-07-22,8096,1914100,Foreign_Investor,3306000
2025-07-22,8096,0,Foreign_Dealer_Self,0
2025-07-22,8096,0,Investment_Trust,0
2025-07-22,8096,0,Dealer_self,0
2025-07-22,8096,124040,Dealer_Hedging,38279
2025-07-23,8096,459000,Foreign_Investor,817100
2025-07-23,8096,0,Foreign_Dealer_Self,0
2025-07-23,8096,0,Investment_Trust,0
2025-07-23,8096,0,Dealer_self,0
2025-07-23,8096,6000,Dealer_Hedging,38389
2025-07-24,8096,112000,Foreign_Investor,361000
2025-07-24,8096,0,Foreign_Dealer_Self,0
2025-07-24,8096,0,Investment_Trust,0
2025-07-24,8096,0,Dealer_self,0
2025-07-24,8096,4182,Dealer_Hedging,25
2025-07-25,8096,106000,Foreign_Investor,266000
2025-07-25,8096,0,Foreign_Dealer_Self,0
2025-07-25,8096,0,Investment_Trust,0
2025-07-25,8096,0,Dealer_self,0
2025-07-25,8096,1985,Dealer_Hedging,7828
2025-07-28,8096,1359000,Foreign_Investor,439000
2025-07-28,8096,0,Foreign_Dealer_Self,0
2025-07-28,8096,0,Investment_Trust,0
2025-07-28,8096,0,Dealer_self,0
2025-07-28,8096,24143,Dealer_Hedging,26643
2025-07-29,8096,219480,Foreign_Investor,750000
2025-07-29,8096,0,Foreign_Dealer_Self,0
2025-07-29,8096,0,Investment_Trust,0
2025-07-29,8096,0,Dealer_self,0
2025-07-29,8096,5100,Dealer_Hedging,42354
2025-07-30,8096,397000,Foreign_Investor,185000
2025-07-30,8096,0,Foreign_Dealer_Self,0
2025-07-30,8096,0,Investment_Trust,0
2025-07-30,8096,0,Dealer_self,129000
2025-07-30,8096,1050,Dealer_Hedging,14821
2025-07-31,8096,193100,Foreign_Investor,206000
2025-07-31,8096,0,Foreign_Dealer_Self,0
2025-07-31,8096,0,Investment_Trust,0
2025-07-31,8096,0,Dealer_self,0
2025-07-31,8096,0,Dealer_Hedging,3151
2025-08-01,8096,824000,Foreign_Investor,242000
2025-08-01,8096,0,Foreign_Dealer_Self,0
2025-08-01,8096,0,Investment_Trust,0
2025-08-01,8096,0,Dealer_self,0
2025-08-01,8096,52023,Dealer_Hedging,31175
2025-08-04,8096,657000,Foreign_Investor,274000
2025-08-04,8096,0,Foreign_Dealer_Self,0
2025-08-04,8096,0,Investment_Trust,0
2025-08-04,8096,0,Dealer_self,0
2025-08-04,8096,37000,Dealer_Hedging,6000
2025-08-05,8096,562000,Foreign_Investor,229000
2025-08-05,8096,0,Foreign_Dealer_Self,0
2025-08-05,8096,0,Investment_Trust,0
2025-08-05,8096,0,Dealer_self,0
2025-08-05,8096,24001,Dealer_Hedging,26165
2025-08-06,8096,125050,Foreign_Investor,1633700
2025-08-06,8096,0,Foreign_Dealer_Self,0
2025-08-06,8096,0,Investment_Trust,0
2025-08-06,8096,0,Dealer_self,0
2025-08-06,8096,22000,Dealer_Hedging,30807
2025-08-07,8096,324000,Foreign_Investor,251000
2025-08-07,8096,0,Foreign_Dealer_Self,0
2025-08-07,8096,0,Investment_Trust,0
2025-08-07,8096,0,Dealer_self,0
2025-08-07,8096,0,Dealer_Hedging,29501
2025-08-08,8096,252200,Foreign_Investor,152000
2025-08-08,8096,0,Foreign_Dealer_Self,0
2025-08-08,8096,0,Investment_Trust,0
2025-08-08,8096,0,Dealer_self,0
2025-08-08,8096,8000,Dealer_Hedging,14127
2025-08-11,8096,523160,Foreign_Investor,240000
2025-08-11,8096,0,Foreign_Dealer_Self,0
2025-08-11,8096,0,Investment_Trust,0
2025-08-11,8096,0,Dealer_self,0
2025-08-11,8096,2000,Dealer_Hedging,21247
2025-08-12,8096,1258000,Foreign_Investor,702000
2025-08-12,8096,0,Foreign_Dealer_Self,0
2025-08-12,8096,0,Investment_Trust,0
2025-08-12,8096,0,Dealer_self,0
2025-08-12,8096,60323,Dealer_Hedging,31182
2025-08-13,8096,2150000,Foreign_Investor,1610000
2025-08-13,8096,0,Foreign_Dealer_Self,0
2025-08-13,8096,0,Investment_Trust,0
2025-08-13,8096,0,Dealer_self,0
2025-08-13,8096,79644,Dealer_Hedging,104724
2025-08-14,8096,977000,Foreign_Investor,1710000
2025-08-14,8096,0,Foreign_Dealer_Self,0
2025-08-14,8096,0,Investment_Trust,0
2025-08-14,8096,0,Dealer_self,0
2025-08-14,8096,39853,Dealer_Hedging,20583
2025-08-15,8096,376000,Foreign_Investor,486000
2025-08-15,8096,0,Foreign_Dealer_Self,0
2025-08-15,8096,0,Investment_Trust,0
2025-08-15,8096,0,Dealer_self,3000
2025-08-15,8096,0,Dealer_Hedging,26954
2025-08-18,8096,194000,Foreign_Investor,390000
2025-08-18,8096,0,Foreign_Dealer_Self,0
2025-08-18,8096,0,Investment_Trust,0
2025-08-18,8096,0,Dealer_self,0
2025-08-18,8096,5040,Dealer_Hedging,11018
2025-08-19,8096,261000,Foreign_Investor,646000
2025-08-19,8096,0,Foreign_Dealer_Self,0
2025-08-19,8096,0,Investment_Trust,0
2025-08-19,8096,0,Dealer_self,0
2025-08-19,8096,14000,Dealer_Hedging,19000
2025-08-20,8096,278000,Foreign_Investor,431000
2025-08-20,8096,0,Foreign_Dealer_Self,0
2025-08-20,8096,0,Investment_Trust,0
2025-08-20,8096,0,Dealer_self,0
2025-08-20,8096,40296,Dealer_Hedging,8183
2025-08-21,8096,1927000,Foreign_Investor,644000
2025-08-21,8096,0,Foreign_Dealer_Self,0
2025-08-21,8096,0,Investment_Trust,0
2025-08-21,8096,0,Dealer_self,0
2025-08-21,8096,136887,Dealer_Hedging,12546
2025-08-22,8096,229000,Foreign_Investor,806000
2025-08-22,8096,0,Foreign_Dealer_Self,0
2025-08-22,8096,0,Investment_Trust,0
2025-08-22,8096,0,Dealer_self,0
2025-08-22,8096,12000,Dealer_Hedging,98795
2025-08-25,8096,235000,Foreign_Investor,330000
2025-08-25,8096,0,Foreign_Dealer_Self,0
2025-08-25,8096,0,Investment_Trust,0
2025-08-25,8096,0,Dealer_self,0
2025-08-25,8096,10000,Dealer_Hedging,924
2025-08-26,8096,369000,Foreign_Investor,251000
2025-08-26,8096,0,Foreign_Dealer_Self,0
2025-08-26,8096,0,Investment_Trust,0
2025-08-26,8096,0,Dealer_self,0
2025-08-26,8096,54354,Dealer_Hedging,16484
2025-08-27,8096,341000,Foreign_Investor,511000
2025-08-27,8096,0,Foreign_Dealer_Self,0
2025-08-27,8096,0,Investment_Trust,0
2025-08-27,8096,0,Dealer_self,0
2025-08-27,8096,3000,Dealer_Hedging,19236
2025-08-28,8096,124000,Foreign_Investor,333000
2025-08-28,8096,0,Foreign_Dealer_Self,0
2025-08-28,8096,0,Investment_Trust,0
2025-08-28,8096,0,Dealer_self,0
2025-08-28,8096,4647,Dealer_Hedging,15801
2025-08-29,8096,80050,Foreign_Investor,593100
2025-08-29,8096,0,Foreign_Dealer_Self,0
2025-08-29,8096,0,Investment_Trust,0
2025-08-29,8096,0,Dealer_self,0
2025-08-29,8096,6000,Dealer_Hedging,24088
2025-09-01,8096,242100,Foreign_Investor,1070000
2025-09-01,8096,0,Foreign_Dealer_Self,0
2025-09-01,8096,0,Investment_Trust,0
2025-09-01,8096,0,Dealer_self,0
2025-09-01,8096,20000,Dealer_Hedging,83479
2025-09-02,8096,670000,Foreign_Investor,1228000
2025-09-02,8096,0,Foreign_Dealer_Self,0
2025-09-02,8096,0,Investment_Trust,0
2025-09-02,8096,0,Dealer_self,0
2025-09-02,8096,43000,Dealer_Hedging,140494
2025-09-03,8096,444000,Foreign_Investor,270000
2025-09-03,8096,0,Foreign_Dealer_Self,0
2025-09-03,8096,0,Investment_Trust,0
2025-09-03,8096,0,Dealer_self,0
2025-09-03,8096,5000,Dealer_Hedging,4911
2025-09-04,8096,237000,Foreign_Investor,183000
2025-09-04,8096,0,Foreign_Dealer_Self,0
2025-09-04,8096,0,Investment_Trust,0
2025-09-04,8096,0,Dealer_self,3000
2025-09-04,8096,11000,Dealer_Hedging,3239
2025-09-05,8096,765110,Foreign_Investor,416000
2025-09-05,8096,0,Foreign_Dealer_Self,0
2025-09-05,8096,0,Investment_Trust,0
2025-09-05,8096,0,Dealer_self,0
2025-09-05,8096,6119,Dealer_Hedging,1297
2025-09-08,8096,373000,Foreign_Investor,289000
2025-09-08,8096,0,Foreign_Dealer_Self,0
2025-09-08,8096,0,Investment_Trust,0
2025-09-08,8096,0,Dealer_self,3000
2025-09-08,8096,100,Dealer_Hedging,1950
2025-09-09,8096,170000,Foreign_Investor,327000
2025-09-09,8096,0,Foreign_Dealer_Self,0
2025-09-09,8096,0,Investment_Trust,0
2025-09-09,8096,0,Dealer_self,0
2025-09-09,8096,6119,Dealer_Hedging,5205
2025-09-10,8096,423000,Foreign_Investor,129000
2025-09-10,8096,0,Foreign_Dealer_Self,0
2025-09-10,8096,0,Investment_Trust,0
2025-09-10,8096,0,Dealer_self,0
2025-09-10,8096,5014,Dealer_Hedging,12058
2025-09-11,8096,196100,Foreign_Investor,488000
2025-09-11,8096,0,Foreign_Dealer_Self,0
2025-09-11,8096,0,Investment_Trust,0
2025-09-11,8096,0,Dealer_self,0
2025-09-11,8096,3000,Dealer_Hedging,26751
2025-09-12,8096,398000,Foreign_Investor,192000
2025-09-12,8096,0,Foreign_Dealer_Self,0
2025-09-12,8096,0,Investment_Trust,0
2025-09-12,8096,0,Dealer_self,0
2025-09-12,8096,6000,Dealer_Hedging,28727
2025-09-15,8096,475000,Foreign_Investor,309000
2025-09-15,8096,0,Foreign_Dealer_Self,0
2025-09-15,8096,0,Investment_Trust,0
2025-09-15,8096,0,Dealer_self,0
2025-09-15,8096,11912,Dealer_Hedging,1971
2025-09-16,8096,2152000,Foreign_Investor,986480
2025-09-16,8096,0,Foreign_Dealer_Self,0
2025-09-16,8096,0,Investment_Trust,0
2025-09-16,8096,0,Dealer_self,0
2025-09-16,8096,136257,Dealer_Hedging,8870
2025-09-17,8096,4671000,Foreign_Investor,6533000
2025-09-17,8096,0,Foreign_Dealer_Self,0
2025-09-17,8096,0,Investment_Trust,0
2025-09-17,8096,0,Dealer_self,0
2025-09-17,8096,386951,Dealer_Hedging,109409
2025-09-18,8096,2973000,Foreign_Investor,3239000
2025-09-18,8096,0,Foreign_Dealer_Self,0
2025-09-18,8096,0,Investment_Trust,0
2025-09-18,8096,117000,Dealer_self,0
2025-09-18,8096,220628,Dealer_Hedging,104179
2025-09-19,8096,990000,Foreign_Investor,1277000
2025-09-19,8096,0,Foreign_Dealer_Self,0
2025-09-19,8096,0,Investment_Trust,0
2025-09-19,8096,0,Dealer_self,117000
2025-09-19,8096,31011,Dealer_Hedging,159520
2025-09-22,8096,3251000,Foreign_Investor,1812000
2025-09-22,8096,0,Foreign_Dealer_Self,0
2025-09-22,8096,0,Investment_Trust,0
2025-09-22,8096,87000,Dealer_self,0
2025-09-22,8096,338724,Dealer_Hedging,23666
2025-09-23,8096,5626150,Foreign_Investor,7100000
2025-09-23,8096,0,Foreign_Dealer_Self,0
2025-09-23,8096,0,Investment_Trust,0
2025-09-23,8096,0,Dealer_self,87000
2025-09-23,8096,332976,Dealer_Hedging,165822
2025-09-24,8096,1569000,Foreign_Investor,1208000
2025-09-24,8096,0,Foreign_Dealer_Self,0
2025-09-24,8096,0,Investment_Trust,0
2025-09-24,8096,0,Dealer_self,0
2025-09-24,8096,50462,Dealer_Hedging,206941
2025-09-25,8096,482000,Foreign_Investor,1234000
2025-09-25,8096,0,Foreign_Dealer_Self,0
2025-09-25,8096,0,Investment_Trust,0
2025-09-25,8096,0,Dealer_self,0
2025-09-25,8096,22032,Dealer_Hedging,116229
2025-09-26,8096,1111000,Foreign_Investor,961000
2025-09-26,8096,0,Foreign_Dealer_Self,0
2025-09-26,8096,0,Investment_Trust,0
2025-09-26,8096,0,Dealer_self,0
2025-09-26,8096,74476,Dealer_Hedging,189378
2025-09-30,8096,618000,Foreign_Investor,820001
2025-09-30,8096,0,Foreign_Dealer_Self,0
2025-09-30,8096,0,Investment_Trust,0
2025-09-30,8096,0,Dealer_self,0
2025-09-30,8096,138246,Dealer_Hedging,44971
2025-10-01,8096,291000,Foreign_Investor,552660
2025-10-01,8096,0,Foreign_Dealer_Self,0
2025-10-01,8096,0,Investment_Trust,0
2025-10-01,8096,0,Dealer_self,0
2025-10-01,8096,6000,Dealer_Hedging,132110
2025-10-02,8096,919000,Foreign_Investor,1315000
2025-10-02,8096,0,Foreign_Dealer_Self,0
2025-10-02,8096,0,Investment_Trust,0
2025-10-02,8096,0,Dealer_self,0
2025-10-02,8096,78076,Dealer_Hedging,78049
2025-10-03,8096,3799000,Foreign_Investor,998000
2025-10-03,8096,0,Foreign_Dealer_Self,0
2025-10-03,8096,0,Investment_Trust,0
2025-10-03,8096,0,Dealer_self,0
2025-10-03,8096,530173,Dealer_Hedging,106001
2025-10-07,8096,6387000,Foreign_Investor,7886150
2025-10-07,8096,0,Foreign_Dealer_Self,0
2025-10-07,8096,0,Investment_Trust,0
2025-10-07,8096,64000,Dealer_self,0
2025-10-07,8096,690666,Dealer_Hedging,742066
2025-10-08,8096,2943000,Foreign_Investor,1095000
2025-10-08,8096,0,Foreign_Dealer_Self,0
2025-10-08,8096,0,Investment_Trust,0
2025-10-08,8096,0,Dealer_self,64000
2025-10-08,8096,29867,Dealer_Hedging,107279
2025-10-09,8096,1925000,Foreign_Investor,3152000
2025-10-09,8096,0,Foreign_Dealer_Self,0
2025-10-09,8096,0,Investment_Trust,0
2025-10-09,8096,0,Dealer_self,0
2025-10-09,8096,90133,Dealer_Hedging,139592
2025-10-13,8096,1879000,Foreign_Investor,1216000
2025-10-13,8096,0,Foreign_Dealer_Self,0
2025-10-13,8096,0,Investment_Trust,0
2025-10-13,8096,0,Dealer_self,0
2025-10-13,8096,85346,Dealer_Hedging,146435
2025-10-14,8096,1488000,Foreign_Investor,1852000
2025-10-14,8096,0,Foreign_Dealer_Self,0
2025-10-14,8096,0,Investment_Trust,0
2025-10-14,8096,0,Dealer_self,0
2025-10-14,8096,95168,Dealer_Hedging,176930
2025-10-15,8096,461000,Foreign_Investor,835000
2025-10-15,8096,0,Foreign_Dealer_Self,0
2025-10-15,8096,0,Investment_Trust,0
2025-10-15,8096,0,Dealer_self,0
2025-10-15,8096,16716,Dealer_Hedging,87905
2025-10-16,8096,3656000,Foreign_Investor,2012000
2025-10-16,8096,0,Foreign_Dealer_Self,0
2025-10-16,8096,0,Investment_Trust,0
2025-10-16,8096,0,Dealer_self,0
2025-10-16,8096,116499,Dealer_Hedging,103849
2025-10-17,8096,4198000,Foreign_Investor,3324000
2025-10-17,8096,0,Foreign_Dealer_Self,0
2025-10-17,8096,0,Investment_Trust,0
2025-10-17,8096,0,Dealer_self,0
2025-10-17,8096,133846,Dealer_Hedging,46688
2025-10-20,8096,791040,Foreign_Investor,2014000
2025-10-20,8096,0,Foreign_Dealer_Self,0
2025-10-20,8096,0,Investment_Trust,0
2025-10-20,8096,0,Dealer_self,0
2025-10-20,8096,101809,Dealer_Hedging,37985
2025-10-21,8096,3027000,Foreign_Investor,3153000
2025-10-21,8096,0,Foreign_Dealer_Self,0
2025-10-21,8096,0,Investment_Trust,0
2025-10-21,8096,0,Dealer_self,0
2025-10-21,8096,425333,Dealer_Hedging,95738
2025-10-22,8096,1187000,Foreign_Investor,1809000
2025-10-22,8096,0,Foreign_Dealer_Self,0
2025-10-22,8096,0,Investment_Trust,0
2025-10-22,8096,0,Dealer_self,0
2025-10-22,8096,66590,Dealer_Hedging,192099
2025-10-23,8096,555000,Foreign_Investor,1309000
2025-10-23,8096,0,Foreign_Dealer_Self,0
2025-10-23,8096,0,Investment_Trust,0
2025-10-23,8096,0,Dealer_self,0
2025-10-23,8096,27029,Dealer_Hedging,167565
2025-10-27,8096,3405000,Foreign_Investor,2044000
2025-10-27,8096,0,Foreign_Dealer_Self,0
2025-10-27,8096,0,Investment_Trust,0
2025-10-27,8096,0,Dealer_self,0
2025-10-27,8096,451594,Dealer_Hedging,28508
2025-10-28,8096,4168000,Foreign_Investor,2810897
2025-10-28,8096,0,Foreign_Dealer_Self,0
2025-10-28,8096,0,Investment_Trust,0
2025-10-28,8096,0,Dealer_self,0
2025-10-28,8096,440758,Dealer_Hedging,38021
2025-10-29,8096,4754000,Foreign_Investor,4198500
2025-10-29,8096,0,Foreign_Dealer_Self,0
2025-10-29,8096,0,Investment_Trust,0
2025-10-29,8096,0,Dealer_self,0
2025-10-29,8096,347236,Dealer_Hedging,107980
2025-10-30,8096,13152000,Foreign_Investor,10914000
2025-10-30,8096,0,Foreign_Dealer_Self,0
2025-10-30,8096,0,Investment_Trust,0
2025-10-30,8096,400000,Dealer_self,400000
2025-10-30,8096,303613,Dealer_Hedging,586867
2025-10-31,8096,5725260,Foreign_Investor,7679000
2025-10-31,8096,0,Foreign_Dealer_Self,0
2025-10-31,8096,0,Investment_Trust,0
2025-10-31,8096,0,Dealer_self,0
2025-10-31,8096,188542,Dealer_Hedging,210478
2025-11-03,8096,2689001,Foreign_Investor,2190500
2025-11-03,8096,0,Foreign_Dealer_Self,0
2025-11-03,8096,0,Investment_Trust,0
2025-11-03,8096,0,Dealer_self,0
2025-11-03,8096,90458,Dealer_Hedging,149634
2025-11-04,8096,2430000,Foreign_Investor,1718000
2025-11-04,8096,0,Foreign_Dealer_Self,0
2025-11-04,8096,0,Investment_Trust,0
2025-11-04,8096,0,Dealer_self,0
2025-11-04,8096,351512,Dealer_Hedging,106946
2025-11-05,8096,2385000,Foreign_Investor,2160041
2025-11-05,8096,0,Foreign_Dealer_Self,0
2025-11-05,8096,0,Investment_Trust,0
2025-11-05,8096,0,Dealer_self,0
2025-11-05,8096,129874,Dealer_Hedging,193063
2025-11-06,8096,2463000,Foreign_Investor,3217000
2025-11-06,8096,0,Foreign_Dealer_Self,0
2025-11-06,8096,0,Investment_Trust,0
2025-11-06,8096,0,Dealer_self,0
2025-11-06,8096,683783,Dealer_Hedging,76750
2025-11-07,8096,4558200,Foreign_Investor,3906001
2025-11-07,8096,0,Foreign_Dealer_Self,0
2025-11-07,8096,0,Investment_Trust,0
2025-11-07,8096,0,Dealer_self,0
2025-11-07,8096,61549,Dealer_Hedging,471195
2025-11-10,8096,9475000,Foreign_Investor,5553260
2025-11-10,8096,0,Foreign_Dealer_Self,0
2025-11-10,8096,0,Investment_Trust,0
2025-11-10,8096,300000,Dealer_self,0
2025-11-10,8096,699680,Dealer_Hedging,94202
2025-11-11,8096,10500190,Foreign_Investor,11569500
2025-11-11,8096,0,Foreign_Dealer_Self,0
2025-11-11,8096,0,Investment_Trust,0
2025-11-11,8096,717000,Dealer_self,1005000
2025-11-11,8096,224542,Dealer_Hedging,708016
2025-11-12,8096,3119000,Foreign_Investor,4579000
2025-11-12,8096,0,Foreign_Dealer_Self,0
2025-11-12,8096,0,Investment_Trust,0
2025-11-12,8096,0,Dealer_self,0
2025-11-12,8096,250192,Dealer_Hedging,113725
2025-11-13,8096,2818000,Foreign_Investor,2590000
2025-11-13,8096,0,Foreign_Dealer_Self,0
2025-11-13,8096,0,Investment_Trust,0
2025-11-13,8096,0,Dealer_self,0
2025-11-13,8096,59642,Dealer_Hedging,436524
2025-11-14,8096,1707000,Foreign_Investor,1008000
2025-11-14,8096,0,Foreign_Dealer_Self,0
2025-11-14,8096,0,Investment_Trust,0
2025-11-14,8096,0,Dealer_self,0
2025-11-14,8096,10153,Dealer_Hedging,109134
2025-11-17,8096,1663000,Foreign_Investor,2508000
2025-11-17,8096,0,Foreign_Dealer_Self,0
2025-11-17,8096,0,Investment_Trust,0
2025-11-17,8096,0,Dealer_self,0
2025-11-17,8096,53450,Dealer_Hedging,132603
2025-11-18,8096,2650000,Foreign_Investor,999000
2025-11-18,8096,0,Foreign_Dealer_Self,0
2025-11-18,8096,0,Investment_Trust,0
2025-11-18,8096,0,Dealer_self,0
2025-11-18,8096,385004,Dealer_Hedging,561638
2025-11-19,8096,1925000,Foreign_Investor,1574000
2025-11-19,8096,0,Foreign_Dealer_Self,0
2025-11-19,8096,0,Investment_Trust,0
2025-11-19,8096,0,Dealer_self,0
2025-11-19,8096,8000,Dealer_Hedging,733672
2025-11-20,8096,2246000,Foreign_Investor,2490000
2025-11-20,8096,0,Foreign_Dealer_Self,0
2025-11-20,8096,0,Investment_Trust,0
2025-11-20,8096,0,Dealer_self,0
2025-11-20,8096,62505,Dealer_Hedging,174292
2025-11-21,8096,1498000,Foreign_Investor,1318000
2025-11-21,8096,0,Foreign_Dealer_Self,0
2025-11-21,8096,0,Investment_Trust,0
2025-11-21,8096,0,Dealer_self,0
2025-11-21,8096,8341,Dealer_Hedging,86922
2025-11-24,8096,748000,Foreign_Investor,841000
2025-11-24,8096,0,Foreign_Dealer_Self,0
2025-11-24,8096,0,Investment_Trust,0
2025-11-24,8096,0,Dealer_self,0
2025-11-24,8096,7140,Dealer_Hedging,16012
2025-11-25,8096,543000,Foreign_Investor,1083000
2025-11-25,8096,0,Foreign_Dealer_Self,0
2025-11-25,8096,0,Investment_Trust,0
2025-11-25,8096,0,Dealer_self,0
2025-11-25,8096,31223,Dealer_Hedging,15858
2025-11-26,8096,712000,Foreign_Investor,743000
2025-11-26,8096,0,Foreign_Dealer_Self,0
2025-11-26,8096,0,Investment_Trust,0
2025-11-26,8096,0,Dealer_self,0
2025-11-26,8096,8392,Dealer_Hedging,17554
2025-11-27,8096,636000,Foreign_Investor,375000
2025-11-27,8096,0,Foreign_Dealer_Self,0
2025-11-27,8096,0,Investment_Trust,0
2025-11-27,8096,0,Dealer_self,0
2025-11-27,8096,3010,Dealer_Hedging,4861
2025-11-28,8096,750000,Foreign_Investor,1116000
2025-11-28,8096,0,Foreign_Dealer_Self,0
2025-11-28,8096,0,Investment_Trust,0
2025-11-28,8096,0,Dealer_self,0
2025-11-28,8096,37926,Dealer_Hedging,7682
2025-12-01,8096,436000,Foreign_Investor,561000
2025-12-01,8096,0,Foreign_Dealer_Self,0
2025-12-01,8096,0,Investment_Trust,0
2025-12-01,8096,0,Dealer_self,0
2025-12-01,8096,1030,Dealer_Hedging,36368
2025-12-02,8096,453000,Foreign_Investor,282000
2025-12-02,8096,0,Foreign_Dealer_Self,0
2025-12-02,8096,0,Investment_Trust,0
2025-12-02,8096,0,Dealer_self,0
2025-12-02,8096,17166,Dealer_Hedging,14906
2025-12-03,8096,528020,Foreign_Investor,614000
2025-12-03,8096,0,Foreign_Dealer_Self,0
2025-12-03,8096,0,Investment_Trust,0
2025-12-03,8096,0,Dealer_self,0
2025-12-03,8096,541150,Dealer_Hedging,16000
2025-12-04,8096,257000,Foreign_Investor,414000
2025-12-04,8096,0,Foreign_Dealer_Self,0
2025-12-04,8096,0,Investment_Trust,0
2025-12-04,8096,0,Dealer_self,0
2025-12-04,8096,1010,Dealer_Hedging,33092
2025-12-05,8096,2230000,Foreign_Investor,975000
2025-12-05,8096,0,Foreign_Dealer_Self,0
2025-12-05,8096,0,Investment_Trust,0
2025-12-05,8096,0,Dealer_self,0
2025-12-05,8096,318116,Dealer_Hedging,84671
2025-12-08,8096,7111500,Foreign_Investor,8330000
2025-12-08,8096,0,Foreign_Dealer_Self,0
2025-12-08,8096,0,Investment_Trust,0
2025-12-08,8096,0,Dealer_self,0
2025-12-08,8096,764276,Dealer_Hedging,146187
2025-12-09,8096,3048000,Foreign_Investor,1460000
2025-12-09,8096,0,Foreign_Dealer_Self,0
2025-12-09,8096,0,Investment_Trust,0
2025-12-09,8096,0,Dealer_self,0
2025-12-09,8096,161784,Dealer_Hedging,281822
2025-12-10,8096,908000,Foreign_Investor,1151500
2025-12-10,8096,0,Foreign_Dealer_Self,0
2025-12-10,8096,0,Investment_Trust,0
2025-12-10,8096,0,Dealer_self,12000
2025-12-10,8096,11111,Dealer_Hedging,162694
2025-12-11,8096,851000,Foreign_Investor,1460000
2025-12-11,8096,0,Foreign_Dealer_Self,0
2025-12-11,8096,0,Investment_Trust,0
2025-12-11,8096,0,Dealer_self,0
2025-12-11,8096,129843,Dealer_Hedging,54860
2025-12-12,8096,979000,Foreign_Investor,1091000
2025-12-12,8096,0,Foreign_Dealer_Self,0
2025-12-12,8096,0,Investment_Trust,0
2025-12-12,8096,0,Dealer_self,0
2025-12-12,8096,155144,Dealer_Hedging,33458
2025-12-15,8096,718000,Foreign_Investor,429000
2025-12-15,8096,0,Foreign_Dealer_Self,0
2025-12-15,8096,0,Investment_Trust,0
2025-12-15,8096,0,Dealer_self,0
2025-12-15,8096,11002,Dealer_Hedging,299535
2025-12-16,8096,927999,Foreign_Investor,519000
2025-12-16,8096,0,Foreign_Dealer_Self,0
2025-12-16,8096,0,Investment_Trust,0
2025-12-16,8096,0,Dealer_self,0
2025-12-16,8096,22793,Dealer_Hedging,598460
2025-12-17,8096,726000,Foreign_Investor,1062000
2025-12-17,8096,0,Foreign_Dealer_Self,0
2025-12-17,8096,0,Investment_Trust,0
2025-12-17,8096,0,Dealer_self,0
2025-12-17,8096,658878,Dealer_Hedging,78740
2025-12-18,8096,1119000,Foreign_Investor,2218000
2025-12-18,8096,0,Foreign_Dealer_Self,0
2025-12-18,8096,0,Investment_Trust,0
2025-12-18,8096,0,Dealer_self,0
2025-12-18,8096,43300,Dealer_Hedging,654292
2025-12-19,8096,339000,Foreign_Investor,684025
2025-12-19,8096,0,Foreign_Dealer_Self,0
2025-12-19,8096,0,Investment_Trust,0
2025-12-19,8096,0,Dealer_self,0
2025-12-19,8096,50300,Dealer_Hedging,28474
2025-12-22,8096,967000,Foreign_Investor,557000
2025-12-22,8096,0,Foreign_Dealer_Self,0
2025-12-22,8096,0,Investment_Trust,0
2025-12-22,8096,0,Dealer_self,0
2025-12-22,8096,124336,Dealer_Hedging,18705
2025-12-23,8096,329000,Foreign_Investor,885000
2025-12-23,8096,0,Foreign_Dealer_Self,0
2025-12-23,8096,0,Investment_Trust,0
2025-12-23,8096,0,Dealer_self,0
2025-12-23,8096,9000,Dealer_Hedging,80717
2025-12-24,8096,640000,Foreign_Investor,1052000
2025-12-24,8096,0,Foreign_Dealer_Self,0
2025-12-24,8096,0,Investment_Trust,0
2025-12-24,8096,0,Dealer_self,0
2025-12-24,8096,20000,Dealer_Hedging,93235
2025-12-26,8096,1990020,Foreign_Investor,2564000
2025-12-26,8096,0,Foreign_Dealer_Self,0
2025-12-26,8096,0,Investment_Trust,0
2025-12-26,8096,0,Dealer_self,0
2025-12-26,8096,290281,Dealer_Hedging,59093
2025-12-29,8096,1005000,Foreign_Investor,1150000
2025-12-29,8096,0,Foreign_Dealer_Self,0
2025-12-29,8096,0,Investment_Trust,0
2025-12-29,8096,0,Dealer_self,0
2025-12-29,8096,132520,Dealer_Hedging,44535
2025-12-30,8096,984020,Foreign_Investor,748000
2025-12-30,8096,0,Foreign_Dealer_Self,0
2025-12-30,8096,0,Investment_Trust,0
2025-12-30,8096,0,Dealer_self,0
2025-12-30,8096,101188,Dealer_Hedging,49705
2025-12-31,8096,718000,Foreign_Investor,1477000
2025-12-31,8096,0,Foreign_Dealer_Self,0
2025-12-31,8096,0,Investment_Trust,0
2025-12-31,8096,0,Dealer_self,0
2025-12-31,8096,99503,Dealer_Hedging,154188
2026-01-02,8096,2657000,Foreign_Investor,2118000
2026-01-02,8096,0,Foreign_Dealer_Self,0
2026-01-02,8096,0,Investment_Trust,0
2026-01-02,8096,0,Dealer_self,0
2026-01-02,8096,425895,Dealer_Hedging,90242
2026-01-05,8096,932000,Foreign_Investor,2202000
2026-01-05,8096,0,Foreign_Dealer_Self,0
2026-01-05,8096,0,Investment_Trust,0
2026-01-05,8096,0,Dealer_self,0
2026-01-05,8096,83673,Dealer_Hedging,139057
2026-01-06,8096,924000,Foreign_Investor,1536000
2026-01-06,8096,0,Foreign_Dealer_Self,0
2026-01-06,8096,0,Investment_Trust,0
2026-01-06,8096,0,Dealer_self,0
2026-01-06,8096,141420,Dealer_Hedging,181325
2026-01-07,8096,3631000,Foreign_Investor,2623000
2026-01-07,8096,0,Foreign_Dealer_Self,0
2026-01-07,8096,0,Investment_Trust,0
2026-01-07,8096,0,Dealer_self,0
2026-01-07,8096,489336,Dealer_Hedging,214799
2026-01-08,8096,946133,Foreign_Investor,2189000
2026-01-08,8096,0,Foreign_Dealer_Self,0
2026-01-08,8096,0,Investment_Trust,0
2026-01-08,8096,0,Dealer_self,0
2026-01-08,8096,25362,Dealer_Hedging,347905
2026-01-09,8096,2815000,Foreign_Investor,1360000
2026-01-09,8096,0,Foreign_Dealer_Self,0
2026-01-09,8096,0,Investment_Trust,0
2026-01-09,8096,0,Dealer_self,0
2026-01-09,8096,383343,Dealer_Hedging,87162
2026-01-12,8096,1420000,Foreign_Investor,1534673
2026-01-12,8096,0,Foreign_Dealer_Self,0
2026-01-12,8096,0,Investment_Trust,0
2026-01-12,8096,0,Dealer_self,0
2026-01-12,8096,51305,Dealer_Hedging,105962
2026-01-13,8096,922000,Foreign_Investor,1822000
2026-01-13,8096,0,Foreign_Dealer_Self,0
2026-01-13,8096,0,Investment_Trust,0
2026-01-13,8096,0,Dealer_self,0
2026-01-13,8096,45000,Dealer_Hedging,96008
2026-01-14,8096,538000,Foreign_Investor,838000
2026-01-14,8096,0,Foreign_Dealer_Self,0
2026-01-14,8096,0,Investment_Trust,0
2026-01-14,8096,0,Dealer_self,0
2026-01-14,8096,111000,Dealer_Hedging,14119
2026-01-15,8096,253000,Foreign_Investor,500000
2026-01-15,8096,0,Foreign_Dealer_Self,0
2026-01-15,8096,0,Investment_Trust,0
2026-01-15,8096,0,Dealer_self,0
2026-01-15,8096,27000,Dealer_Hedging,34754
2026-01-16,8096,1542000,Foreign_Investor,2098000
2026-01-16,8096,0,Foreign_Dealer_Self,0
2026-01-16,8096,0,Investment_Trust,0
2026-01-16,8096,0,Dealer_self,0
2026-01-16,8096,205358,Dealer_Hedging,180566
2026-01-19,8096,3314000,Foreign_Investor,1738000
2026-01-19,8096,0,Foreign_Dealer_Self,0
2026-01-19,8096,0,Investment_Trust,0
2026-01-19,8096,0,Dealer_self,0
2026-01-19,8096,198302,Dealer_Hedging,169666
2026-01-20,8096,486000,Foreign_Investor,1845000
2026-01-20,8096,0,Foreign_Dealer_Self,0
2026-01-20,8096,0,Investment_Trust,0
2026-01-20,8096,0,Dealer_self,0
2026-01-20,8096,12000,Dealer_Hedging,133448
2026-01-21,8096,595020,Foreign_Investor,1649070
2026-01-21,8096,0,Foreign_Dealer_Self,0
2026-01-21,8096,0,Investment_Trust,0
2026-01-21,8096,0,Dealer_self,0
2026-01-21,8096,13000,Dealer_Hedging,239350
2026-01-22,8096,1001000,Foreign_Investor,913000
2026-01-22,8096,0,Foreign_Dealer_Self,0
2026-01-22,8096,0,Investment_Trust,0
2026-01-22,8096,0,Dealer_self,0
2026-01-22,8096,77339,Dealer_Hedging,41310
2026-01-23,8096,325020,Foreign_Investor,532000
2026-01-23,8096,0,Foreign_Dealer_Self,0
2026-01-23,8096,0,Investment_Trust,0
2026-01-23,8096,0,Dealer_self,0
2026-01-23,8096,5000,Dealer_Hedging,106862
2026-01-26,8096,4339000,Foreign_Investor,689000
2026-01-26,8096,0,Foreign_Dealer_Self,0
2026-01-26,8096,0,Investment_Trust,0
2026-01-26,8096,82000,Dealer_self,0
2026-01-26,8096,282168,Dealer_Hedging,44199
2026-01-27,8096,3185000,Foreign_Investor,984000
2026-01-27,8096,0,Foreign_Dealer_Self,0
2026-01-27,8096,0,Investment_Trust,0
2026-01-27,8096,42000,Dealer_self,82000
2026-01-27,8096,569921,Dealer_Hedging,104555
2026-01-28,8096,15557200,Foreign_Investor,8183220
2026-01-28,8096,0,Foreign_Dealer_Self,0
2026-01-28,8096,0,Investment_Trust,0
2026-01-28,8096,0,Dealer_self,42000
2026-01-28,8096,861036,Dealer_Hedging,343679
2026-01-29,8096,14374050,Foreign_Investor,12355700
2026-01-29,8096,0,Foreign_Dealer_Self,0
2026-01-29,8096,0,Investment_Trust,0
2026-01-29,8096,3000,Dealer_self,0
2026-01-29,8096,885356,Dealer_Hedging,761909
2026-01-30,8096,10549340,Foreign_Investor,7662541
2026-01-30,8096,0,Foreign_Dealer_Self,0
2026-01-30,8096,0,Investment_Trust,0
2026-01-30,8096,39000,Dealer_self,16000
2026-01-30,8096,328910,Dealer_Hedging,322386
2026-02-02,8096,14369000,Foreign_Investor,10781000
2026-02-02,8096,0,Foreign_Dealer_Self,0
2026-02-02,8096,0,Investment_Trust,0
2026-02-02,8096,0,Dealer_self,23000
2026-02-02,8096,200199,Dealer_Hedging,456941
2026-02-03,8096,633000,Foreign_Investor,711000
2026-02-03,8096,0,Foreign_Dealer_Self,0
2026-02-03,8096,0,Investment_Trust,0
2026-02-03,8096,10000,Dealer_self,0
2026-02-03,8096,792000,Dealer_Hedging,44000
2026-02-04,8096,465000,Foreign_Investor,120000
2026-02-04,8096,0,Foreign_Dealer_Self,0
2026-02-04,8096,0,Investment_Trust,0
2026-02-04,8096,0,Dealer_self,0
2026-02-04,8096,86000,Dealer_Hedging,209594
2026-02-05,8096,359000,Foreign_Investor,438340
2026-02-05,8096,0,Foreign_Dealer_Self,0
2026-02-05,8096,0,Investment_Trust,0
2026-02-05,8096,5000,Dealer_self,3000
2026-02-05,8096,119000,Dealer_Hedging,271888
2026-02-06,8096,651000,Foreign_Investor,1100000
2026-02-06,8096,0,Foreign_Dealer_Self,0
2026-02-06,8096,0,Investment_Trust,0
2026-02-06,8096,7000,Dealer_self,0
2026-02-06,8096,43000,Dealer_Hedging,541976
2026-02-09,8096,300000,Foreign_Investor,628000
2026-02-09,8096,0,Foreign_Dealer_Self,0
2026-02-09,8096,0,Investment_Trust,0
2026-02-09,8096,0,Dealer_self,0
2026-02-09,8096,172000,Dealer_Hedging,38000
2026-02-10,8096,95000,Foreign_Investor,409000
2026-02-10,8096,0,Foreign_Dealer_Self,0
2026-02-10,8096,0,Investment_Trust,0
2026-02-10,8096,0,Dealer_self,0
2026-02-10,8096,7000,Dealer_Hedging,29861
2026-02-11,8096,255002,Foreign_Investor,172000
2026-02-11,8096,0,Foreign_Dealer_Self,0
2026-02-11,8096,0,Investment_Trust,0
2026-02-11,8096,0,Dealer_self,0
2026-02-11,8096,36022,Dealer_Hedging,27000
2026-02-23,8096,318400,Foreign_Investor,1015000
2026-02-23,8096,0,Foreign_Dealer_Self,0
2026-02-23,8096,0,Investment_Trust,0
2026-02-23,8096,50000,Dealer_self,0
2026-02-23,8096,257294,Dealer_Hedging,3553
2026-02-24,8096,496000,Foreign_Investor,606600
2026-02-24,8096,0,Foreign_Dealer_Self,0
2026-02-24,8096,0,Investment_Trust,0
2026-02-24,8096,2000,Dealer_self,5000
2026-02-24,8096,194991,Dealer_Hedging,21000
2026-02-25,8096,78000,Foreign_Investor,886000
2026-02-25,8096,0,Foreign_Dealer_Self,0
2026-02-25,8096,0,Investment_Trust,0
2026-02-25,8096,5000,Dealer_self,22000
2026-02-25,8096,29000,Dealer_Hedging,146997
2026-02-26,8096,2288500,Foreign_Investor,5006000
2026-02-26,8096,0,Foreign_Dealer_Self,0
2026-02-26,8096,0,Investment_Trust,0
2026-02-26,8096,0,Dealer_self,12000
2026-02-26,8096,69090,Dealer_Hedging,652640
2026-03-02,8096,3601548,Foreign_Investor,8045000
2026-03-02,8096,0,Foreign_Dealer_Self,0
2026-03-02,8096,0,Investment_Trust,0
2026-03-02,8096,5000,Dealer_self,0
2026-03-02,8096,166391,Dealer_Hedging,250995
2026-03-03,8096,4091619,Foreign_Investor,3976000
2026-03-03,8096,0,Foreign_Dealer_Self,0
2026-03-03,8096,0,Investment_Trust,0
2026-03-03,8096,0,Dealer_self,45000
2026-03-03,8096,76910,Dealer_Hedging,526572
2026-03-04,8096,2787064,Foreign_Investor,1714000
2026-03-04,8096,0,Foreign_Dealer_Self,0
2026-03-04,8096,0,Investment_Trust,0
2026-03-04,8096,0,Dealer_self,0
2026-03-04,8096,169642,Dealer_Hedging,251590
2026-03-05,8096,1911000,Foreign_Investor,3642000
2026-03-05,8096,0,Foreign_Dealer_Self,0
2026-03-05,8096,0,Investment_Trust,0
2026-03-05,8096,76000,Dealer_self,38000
2026-03-05,8096,308260,Dealer_Hedging,223780
2026-03-06,8096,2900032,Foreign_Investor,4278000
2026-03-06,8096,0,Foreign_Dealer_Self,0
2026-03-06,8096,0,Investment_Trust,0
2026-03-06,8096,0,Dealer_self,38000
2026-03-06,8096,50000,Dealer_Hedging,327804
2026-03-09,8096,3896306,Foreign_Investor,3821000
2026-03-09,8096,0,Foreign_Dealer_Self,0
2026-03-09,8096,0,Investment_Trust,0
2026-03-09,8096,0,Dealer_self,0
2026-03-09,8096,320184,Dealer_Hedging,178813
2026-03-10,8096,5836001,Foreign_Investor,7067500
2026-03-10,8096,0,Foreign_Dealer_Self,0
2026-03-10,8096,0,Investment_Trust,0
2026-03-10,8096,0,Dealer_self,0
2026-03-10,8096,550991,Dealer_Hedging,95986
2026-03-11,8096,9102502,Foreign_Investor,10224500
2026-03-11,8096,0,Foreign_Dealer_Self,0
2026-03-11,8096,0,Investment_Trust,0
2026-03-11,8096,0,Dealer_self,0
2026-03-11,8096,281081,Dealer_Hedging,184681
2026-03-12,8096,8975200,Foreign_Investor,6511601
2026-03-12,8096,0,Foreign_Dealer_Self,0
2026-03-12,8096,0,Investment_Trust,0
2026-03-12,8096,0,Dealer_self,0
2026-03-12,8096,104443,Dealer_Hedging,178774
2026-03-13,8096,6518300,Foreign_Investor,7297100
2026-03-13,8096,0,Foreign_Dealer_Self,0
2026-03-13,8096,0,Investment_Trust,0
2026-03-13,8096,40000,Dealer_self,0
2026-03-13,8096,210536,Dealer_Hedging,591759
2026-03-16,8096,5436000,Foreign_Investor,6046700
2026-03-16,8096,0,Foreign_Dealer_Self,0
2026-03-16,8096,0,Investment_Trust,0
2026-03-16,8096,45000,Dealer_self,0
2026-03-16,8096,247459,Dealer_Hedging,46470
2026-03-17,8096,12576005,Foreign_Investor,16208004
2026-03-17,8096,0,Foreign_Dealer_Self,0
2026-03-17,8096,0,Investment_Trust,0
2026-03-17,8096,10000,Dealer_self,52000
2026-03-17,8096,233390,Dealer_Hedging,327451
2026-03-18,8096,7994000,Foreign_Investor,7498352
2026-03-18,8096,0,Foreign_Dealer_Self,0
2026-03-18,8096,0,Investment_Trust,0
2026-03-18,8096,40000,Dealer_self,0
2026-03-18,8096,296487,Dealer_Hedging,92524
2026-03-19,8096,10586300,Foreign_Investor,10268017
2026-03-19,8096,0,Foreign_Dealer_Self,0
2026-03-19,8096,0,Investment_Trust,0
2026-03-19,8096,20000,Dealer_self,0
2026-03-19,8096,117006,Dealer_Hedging,331152
2026-03-20,8096,11197000,Foreign_Investor,10758004
2026-03-20,8096,0,Foreign_Dealer_Self,0
2026-03-20,8096,0,Investment_Trust,0
2026-03-20,8096,41000,Dealer_self,81000
2026-03-20,8096,140680,Dealer_Hedging,561609
2026-03-23,8096,7480003,Foreign_Investor,8456000
2026-03-23,8096,0,Foreign_Dealer_Self,0
2026-03-23,8096,0,Investment_Trust,0
2026-03-23,8096,8000,Dealer_self,0
2026-03-23,8096,125895,Dealer_Hedging,131402
2026-03-24,8096,8200450,Foreign_Investor,8455300
2026-03-24,8096,0,Foreign_Dealer_Self,0
2026-03-24,8096,0,Investment_Trust,0
2026-03-24,8096,0,Dealer_self,0
2026-03-24,8096,77315,Dealer_Hedging,182869
2026-03-25,8096,5571000,Foreign_Investor,6165150
2026-03-25,8096,0,Foreign_Dealer_Self,0
2026-03-25,8096,0,Investment_Trust,0
2026-03-25,8096,84000,Dealer_self,40000
2026-03-25,8096,120448,Dealer_Hedging,87673
2026-03-26,8096,6593000,Foreign_Investor,6404003
2026-03-26,8096,0,Foreign_Dealer_Self,0
2026-03-26,8096,0,Investment_Trust,0
2026-03-26,8096,10000,Dealer_self,0
2026-03-26,8096,49030,Dealer_Hedging,66575
2026-03-27,8096,9541000,Foreign_Investor,4843078
2026-03-27,8096,0,Foreign_Dealer_Self,0
2026-03-27,8096,0,Investment_Trust,0
2026-03-27,8096,0,Dealer_self,3000
2026-03-27,8096,106092,Dealer_Hedging,49443
2026-03-30,8096,9768000,Foreign_Investor,9379134
2026-03-30,8096,0,Foreign_Dealer_Self,0
2026-03-30,8096,0,Investment_Trust,0
2026-03-30,8096,0,Dealer_self,0
2026-03-30,8096,49555,Dealer_Hedging,68118
2026-03-31,8096,5637550,Foreign_Investor,5384350
2026-03-31,8096,0,Foreign_Dealer_Self,0
2026-03-31,8096,0,Investment_Trust,0
2026-03-31,8096,0,Dealer_self,0
2026-03-31,8096,23966,Dealer_Hedging,79173
2026-04-01,8096,6388168,Foreign_Investor,3753070
2026-04-01,8096,0,Foreign_Dealer_Self,0
2026-04-01,8096,0,Investment_Trust,0
2026-04-01,8096,0,Dealer_self,24000
2026-04-01,8096,240649,Dealer_Hedging,82260
2026-04-02,8096,4597110,Foreign_Investor,4918004
2026-04-02,8096,0,Foreign_Dealer_Self,0
2026-04-02,8096,0,Investment_Trust,0
2026-04-02,8096,0,Dealer_self,0
2026-04-02,8096,36069,Dealer_Hedging,40570
2026-04-07,8096,5262000,Foreign_Investor,3990034
2026-04-07,8096,0,Foreign_Dealer_Self,0
2026-04-07,8096,0,Investment_Trust,0
2026-04-07,8096,10000,Dealer_self,0
2026-04-07,8096,169753,Dealer_Hedging,20691
2026-04-08,8096,10595000,Foreign_Investor,10047262
2026-04-08,8096,0,Foreign_Dealer_Self,0
2026-04-08,8096,0,Investment_Trust,0
2026-04-08,8096,16000,Dealer_self,13000
2026-04-08,8096,203311,Dealer_Hedging,34740
2026-04-09,8096,10048711,Foreign_Investor,19387000
2026-04-09,8096,0,Foreign_Dealer_Self,0
2026-04-09,8096,0,Investment_Trust,0
2026-04-09,8096,3000,Dealer_self,16000
2026-04-09,8096,301317,Dealer_Hedging,425203
2026-04-10,8096,6089350,Foreign_Investor,6732426
2026-04-10,8096,0,Foreign_Dealer_Self,0
2026-04-10,8096,0,Investment_Trust,0
2026-04-10,8096,0,Dealer_self,0
2026-04-10,8096,58558,Dealer_Hedging,120277
2026-04-13,8096,3290000,Foreign_Investor,3228250
2026-04-13,8096,0,Foreign_Dealer_Self,0
2026-04-13,8096,0,Investment_Trust,0
2026-04-13,8096,0,Dealer_self,3000
2026-04-13,8096,18295,Dealer_Hedging,31338
2026-04-14,8096,3379000,Foreign_Investor,3381108
2026-04-14,8096,0,Foreign_Dealer_Self,0
2026-04-14,8096,0,Investment_Trust,0
2026-04-14,8096,0,Dealer_self,0
2026-04-14,8096,59445,Dealer_Hedging,42099
2026-04-15,8096,3766001,Foreign_Investor,3476251
2026-04-15,8096,0,Foreign_Dealer_Self,0
2026-04-15,8096,0,Investment_Trust,0
2026-04-15,8096,0,Dealer_self,8000
2026-04-15,8096,44477,Dealer_Hedging,41719
2026-04-16,8096,1343100,Foreign_Investor,1192062
2026-04-16,8096,0,Foreign_Dealer_Self,0
2026-04-16,8096,0,Investment_Trust,0
2026-04-16,8096,0,Dealer_self,0
2026-04-16,8096,30088,Dealer_Hedging,30684
2026-04-17,8096,1373001,Foreign_Investor,2281116
2026-04-17,8096,0,Foreign_Dealer_Self,0
2026-04-17,8096,0,Investment_Trust,0
2026-04-17,8096,0,Dealer_self,0
2026-04-17,8096,26015,Dealer_Hedging,87723
2026-04-20,8096,6443004,Foreign_Investor,5853108
2026-04-20,8096,0,Foreign_Dealer_Self,0
2026-04-20,8096,0,Investment_Trust,0
2026-04-20,8096,0,Dealer_self,47000
2026-04-20,8096,203605,Dealer_Hedging,246226
2026-04-21,8096,1718001,Foreign_Investor,2653126
2026-04-21,8096,0,Foreign_Dealer_Self,0
2026-04-21,8096,0,Investment_Trust,0
2026-04-21,8096,0,Dealer_self,0
2026-04-21,8096,33360,Dealer_Hedging,16823
2026-04-22,8096,4374090,Foreign_Investor,2867040
2026-04-22,8096,0,Foreign_Dealer_Self,0
2026-04-22,8096,0,Investment_Trust,0
2026-04-22,8096,0,Dealer_self,25000
2026-04-22,8096,221790,Dealer_Hedging,28404
2026-04-23,8096,3184001,Foreign_Investor,3782090
2026-04-23,8096,0,Foreign_Dealer_Self,0
2026-04-23,8096,0,Investment_Trust,0
2026-04-23,8096,0,Dealer_self,0
2026-04-23,8096,75832,Dealer_Hedging,185523
2026-04-24,8096,2076000,Foreign_Investor,2378000
2026-04-24,8096,0,Foreign_Dealer_Self,0
2026-04-24,8096,0,Investment_Trust,0
2026-04-24,8096,0,Dealer_self,0
2026-04-24,8096,58979,Dealer_Hedging,57624
2026-04-27,8096,4470000,Foreign_Investor,3239000
2026-04-27,8096,0,Foreign_Dealer_Self,0
2026-04-27,8096,0,Investment_Trust,0
2026-04-27,8096,0,Dealer_self,0
2026-04-27,8096,137452,Dealer_Hedging,44557
2026-04-28,8096,2114000,Foreign_Investor,4379050
2026-04-28,8096,0,Foreign_Dealer_Self,0
2026-04-28,8096,0,Investment_Trust,0
2026-04-28,8096,25000,Dealer_self,0
2026-04-28,8096,6210,Dealer_Hedging,52115
2026-04-29,8096,5705000,Foreign_Investor,2728505
2026-04-29,8096,0,Foreign_Dealer_Self,0
2026-04-29,8096,0,Investment_Trust,0
2026-04-29,8096,6000,Dealer_self,0
2026-04-29,8096,158259,Dealer_Hedging,33925
2026-04-30,8096,1378000,Foreign_Investor,6451000
2026-04-30,8096,0,Foreign_Dealer_Self,0
2026-04-30,8096,0,Investment_Trust,0
2026-04-30,8096,15000,Dealer_self,35000
2026-04-30,8096,23053,Dealer_Hedging,225647
2026-05-04,8096,4284000,Foreign_Investor,1569000
2026-05-04,8096,0,Foreign_Dealer_Self,0
2026-05-04,8096,0,Investment_Trust,0
2026-05-04,8096,0,Dealer_self,0
2026-05-04,8096,177323,Dealer_Hedging,4869
2026-05-05,8096,4057300,Foreign_Investor,3449001
2026-05-05,8096,0,Foreign_Dealer_Self,0
2026-05-05,8096,0,Investment_Trust,0
2026-05-05,8096,0,Dealer_self,3000
2026-05-05,8096,283944,Dealer_Hedging,56774
2026-05-06,8096,11208187,Foreign_Investor,6916100
2026-05-06,8096,0,Foreign_Dealer_Self,0
2026-05-06,8096,0,Investment_Trust,0
2026-05-06,8096,209000,Dealer_self,193000
2026-05-06,8096,374569,Dealer_Hedging,420805
2026-05-07,8096,2593116,Foreign_Investor,6240017
2026-05-07,8096,0,Foreign_Dealer_Self,0
2026-05-07,8096,0,Investment_Trust,0
2026-05-07,8096,0,Dealer_self,19000
2026-05-07,8096,72466,Dealer_Hedging,99397
2026-05-08,8096,2725000,Foreign_Investor,2800021
2026-05-08,8096,0,Foreign_Dealer_Self,0
2026-05-08,8096,0,Investment_Trust,0
2026-05-08,8096,0,Dealer_self,0
2026-05-08,8096,91180,Dealer_Hedging,65154
2026-05-11,8096,6646266,Foreign_Investor,5720024
2026-05-11,8096,0,Foreign_Dealer_Self,0
2026-05-11,8096,0,Investment_Trust,0
2026-05-11,8096,26000,Dealer_self,0
2026-05-11,8096,291349,Dealer_Hedging,213414
2026-05-12,8096,3309450,Foreign_Investor,6732400
2026-05-12,8096,0,Foreign_Dealer_Self,0
2026-05-12,8096,0,Investment_Trust,0
2026-05-12,8096,0,Dealer_self,26000
2026-05-12,8096,34970,Dealer_Hedging,148874
2026-05-13,8096,1909065,Foreign_Investor,3015010
2026-05-13,8096,0,Foreign_Dealer_Self,0
2026-05-13,8096,0,Investment_Trust,0
2026-05-13,8096,3000,Dealer_self,0
2026-05-13,8096,91454,Dealer_Hedging,69294
2026-05-14,8096,7664036,Foreign_Investor,3244033
2026-05-14,8096,0,Foreign_Dealer_Self,0
2026-05-14,8096,0,Investment_Trust,0
2026-05-14,8096,0,Dealer_self,0
2026-05-14,8096,167314,Dealer_Hedging,30574
2026-05-15,8096,2564100,Foreign_Investor,5431000
2026-05-15,8096,0,Foreign_Dealer_Self,0
2026-05-15,8096,0,Investment_Trust,0
2026-05-15,8096,0,Dealer_self,0
2026-05-15,8096,36590,Dealer_Hedging,65207
2026-05-18,8096,13136284,Foreign_Investor,3808043
2026-05-18,8096,0,Foreign_Dealer_Self,0
2026-05-18,8096,0,Investment_Trust,0
2026-05-18,8096,23000,Dealer_self,7000
2026-05-18,8096,428224,Dealer_Hedging,280326
2026-05-19,8096,9104082,Foreign_Investor,10098088
2026-05-19,8096,0,Foreign_Dealer_Self,0
2026-05-19,8096,0,Investment_Trust,0
2026-05-19,8096,36000,Dealer_self,29000
2026-05-19,8096,384112,Dealer_Hedging,324737
2026-05-20,8096,5846031,Foreign_Investor,6686056
2026-05-20,8096,0,Foreign_Dealer_Self,0
2026-05-20,8096,0,Investment_Trust,0
2026-05-20,8096,0,Dealer_self,39000
2026-05-20,8096,197781,Dealer_Hedging,106287
2026-05-21,8096,5300325,Foreign_Investor,5249000
2026-05-21,8096,0,Foreign_Dealer_Self,0
2026-05-21,8096,0,Investment_Trust,0
2026-05-21,8096,0,Dealer_self,0
2026-05-21,8096,165969,Dealer_Hedging,157509
2026-05-22,8096,6290003,Foreign_Investor,2030070
2026-05-22,8096,0,Foreign_Dealer_Self,0
2026-05-22,8096,0,Investment_Trust,0
2026-05-22,8096,0,Dealer_self,0
2026-05-22,8096,325044,Dealer_Hedging,107682
2026-05-25,8096,6643130,Foreign_Investor,6495000
2026-05-25,8096,0,Foreign_Dealer_Self,0
2026-05-25,8096,0,Investment_Trust,0
2026-05-25,8096,52000,Dealer_self,0
2026-05-25,8096,288456,Dealer_Hedging,209618
2026-05-26,8096,3135996,Foreign_Investor,4533500
2026-05-26,8096,0,Foreign_Dealer_Self,0
2026-05-26,8096,0,Investment_Trust,0
2026-05-26,8096,0,Dealer_self,27000
2026-05-26,8096,60753,Dealer_Hedging,140091
2026-05-27,8096,2460300,Foreign_Investor,2988000
2026-05-27,8096,0,Foreign_Dealer_Self,0
2026-05-27,8096,0,Investment_Trust,0
2026-05-27,8096,2000,Dealer_self,0
2026-05-27,8096,15305,Dealer_Hedging,114202
2026-05-28,8096,4999201,Foreign_Investor,2911300
2026-05-28,8096,0,Foreign_Dealer_Self,0
2026-05-28,8096,0,Investment_Trust,0
2026-05-28,8096,116000,Dealer_self,34000
2026-05-28,8096,251246,Dealer_Hedging,94917
2026-05-29,8096,3476148,Foreign_Investor,4454000
2026-05-29,8096,0,Foreign_Dealer_Self,0
2026-05-29,8096,0,Investment_Trust,0
2026-05-29,8096,0,Dealer_self,108000
2026-05-29,8096,118516,Dealer_Hedging,140057
2026-06-01,8096,3902289,Foreign_Investor,1531148
2026-06-01,8096,0,Foreign_Dealer_Self,0
2026-06-01,8096,0,Investment_Trust,0
2026-06-01,8096,0,Dealer_self,0
2026-06-01,8096,254257,Dealer_Hedging,46719
2026-06-02,8096,5553409,Foreign_Investor,6585600
2026-06-02,8096,0,Foreign_Dealer_Self,0
2026-06-02,8096,0,Investment_Trust,0
2026-06-02,8096,29000,Dealer_self,0
2026-06-02,8096,195092,Dealer_Hedging,425824
2026-06-03,8096,2120073,Foreign_Investor,1736000
2026-06-03,8096,0,Foreign_Dealer_Self,0
2026-06-03,8096,0,Investment_Trust,0
2026-06-03,8096,0,Dealer_self,29000
2026-06-03,8096,50270,Dealer_Hedging,62411
2026-06-04,8096,2271030,Foreign_Investor,1636390
2026-06-04,8096,0,Foreign_Dealer_Self,0
2026-06-04,8096,0,Investment_Trust,0
2026-06-04,8096,0,Dealer_self,0
2026-06-04,8096,103409,Dealer_Hedging,45572
2026-06-05,8096,5319020,Foreign_Investor,4504000
2026-06-05,8096,0,Foreign_Dealer_Self,0
2026-06-05,8096,0,Investment_Trust,0
2026-06-05,8096,23000,Dealer_self,0
2026-06-05,8096,716620,Dealer_Hedging,288878
2026-06-08,8096,4766898,Foreign_Investor,3031099
2026-06-08,8096,0,Foreign_Dealer_Self,0
2026-06-08,8096,0,Investment_Trust,0
2026-06-08,8096,3000,Dealer_self,23000
2026-06-08,8096,68712,Dealer_Hedging,287094
2026-06-09,8096,4770020,Foreign_Investor,5069607
2026-06-09,8096,0,Foreign_Dealer_Self,0
2026-06-09,8096,0,Investment_Trust,0
2026-06-09,8096,43000,Dealer_self,0
2026-06-09,8096,245431,Dealer_Hedging,82083
2026-06-10,8096,2905918,Foreign_Investor,2107060
2026-06-10,8096,0,Foreign_Dealer_Self,0
2026-06-10,8096,0,Investment_Trust,0
2026-06-10,8096,4000,Dealer_self,40000
2026-06-10,8096,67894,Dealer_Hedging,251272
2026-06-11,8096,3286811,Foreign_Investor,3638620
2026-06-11,8096,0,Foreign_Dealer_Self,0
2026-06-11,8096,0,Investment_Trust,0
2026-06-11,8096,46000,Dealer_self,4000
2026-06-11,8096,149877,Dealer_Hedging,95468
2026-06-12,8096,4580424,Foreign_Investor,1709063
2026-06-12,8096,0,Foreign_Dealer_Self,0
2026-06-12,8096,0,Investment_Trust,0
2026-06-12,8096,0,Dealer_self,51000
2026-06-12,8096,179002,Dealer_Hedging,95240
2026-06-15,8096,3007407,Foreign_Investor,2290549
2026-06-15,8096,0,Foreign_Dealer_Self,0
2026-06-15,8096,0,Investment_Trust,0
2026-06-15,8096,77000,Dealer_self,0
2026-06-15,8096,219072,Dealer_Hedging,83671
2026-06-16,8096,4663801,Foreign_Investor,3933088
2026-06-16,8096,0,Foreign_Dealer_Self,0
2026-06-16,8096,0,Investment_Trust,0
2026-06-16,8096,2000,Dealer_self,77000
2026-06-16,8096,64188,Dealer_Hedging,163322
2026-06-17,8096,3730000,Foreign_Investor,2984932
2026-06-17,8096,0,Foreign_Dealer_Self,0
2026-06-17,8096,0,Investment_Trust,0
2026-06-17,8096,21000,Dealer_self,0
2026-06-17,8096,144889,Dealer_Hedging,40560
2026-06-18,8096,2650726,Foreign_Investor,2800651
2026-06-18,8096,0,Foreign_Dealer_Self,0
2026-06-18,8096,0,Investment_Trust,0
2026-06-18,8096,46000,Dealer_self,20000
2026-06-18,8096,122387,Dealer_Hedging,89117
2026-06-22,8096,2320283,Foreign_Investor,4595000
2026-06-22,8096,0,Foreign_Dealer_Self,0
2026-06-22,8096,0,Investment_Trust,0
2026-06-22,8096,4000,Dealer_self,0
2026-06-22,8096,89520,Dealer_Hedging,216402
2026-06-23,8096,2639782,Foreign_Investor,3109533
2026-06-23,8096,0,Foreign_Dealer_Self,0
2026-06-23,8096,0,Investment_Trust,0
2026-06-23,8096,18000,Dealer_self,8000
2026-06-23,8096,65175,Dealer_Hedging,236654
2026-06-24,8096,220130,Foreign_Investor,575260
2026-06-24,8096,0,Foreign_Dealer_Self,0
2026-06-24,8096,0,Investment_Trust,0
2026-06-24,8096,0,Dealer_self,0
2026-06-24,8096,15000,Dealer_Hedging,29684
2026-06-25,8096,218100,Foreign_Investor,561000
2026-06-25,8096,0,Foreign_Dealer_Self,0
2026-06-25,8096,0,Investment_Trust,0
2026-06-25,8096,0,Dealer_self,44000
2026-06-25,8096,13077,Dealer_Hedging,21000
2026-06-26,8096,360007,Foreign_Investor,260000
2026-06-26,8096,0,Foreign_Dealer_Self,0
2026-06-26,8096,0,Investment_Trust,0
2026-06-26,8096,0,Dealer_self,0
2026-06-26,8096,4000,Dealer_Hedging,53744
2026-06-29,8096,176100,Foreign_Investor,229000
2026-06-29,8096,0,Foreign_Dealer_Self,0
2026-06-29,8096,0,Investment_Trust,0
2026-06-29,8096,0,Dealer_self,0
2026-06-29,8096,13000,Dealer_Hedging,37965
2026-06-30,8096,232000,Foreign_Investor,142000
2026-06-30,8096,0,Foreign_Dealer_Self,0
2026-06-30,8096,0,Investment_Trust,0
2026-06-30,8096,0,Dealer_self,0
2026-06-30,8096,25874,Dealer_Hedging,0
2026-07-01,8096,191000,Foreign_Investor,347000
2026-07-01,8096,0,Foreign_Dealer_Self,0
2026-07-01,8096,0,Investment_Trust,0
2026-07-01,8096,3000,Dealer_self,0
2026-07-01,8096,7000,Dealer_Hedging,100000
2026-07-02,8096,84000,Foreign_Investor,371015
2026-07-02,8096,0,Foreign_Dealer_Self,0
2026-07-02,8096,0,Investment_Trust,0
2026-07-02,8096,0,Dealer_self,2000
2026-07-02,8096,32000,Dealer_Hedging,116323
2026-07-03,8096,153000,Foreign_Investor,419000
2026-07-03,8096,0,Foreign_Dealer_Self,0
2026-07-03,8096,0,Investment_Trust,0
2026-07-03,8096,13000,Dealer_self,95000
2026-07-03,8096,46000,Dealer_Hedging,10100
2026-07-06,8096,191000,Foreign_Investor,586000
2026-07-06,8096,0,Foreign_Dealer_Self,0
2026-07-06,8096,0,Investment_Trust,0
2026-07-06,8096,0,Dealer_self,29000
2026-07-06,8096,47111,Dealer_Hedging,75000
2026-07-07,8096,245320,Foreign_Investor,895000
2026-07-07,8096,0,Foreign_Dealer_Self,0
2026-07-07,8096,0,Investment_Trust,0
2026-07-07,8096,0,Dealer_self,20000
2026-07-07,8096,57949,Dealer_Hedging,58453
2026-07-08,8096,3549291,Foreign_Investor,4651177
2026-07-08,8096,0,Foreign_Dealer_Self,0
2026-07-08,8096,330000,Investment_Trust,0
2026-07-08,8096,0,Dealer_self,25000
2026-07-08,8096,158294,Dealer_Hedging,57732
2026-07-09,8096,6451410,Foreign_Investor,7984100
2026-07-09,8096,0,Foreign_Dealer_Self,0
2026-07-09,8096,10000,Investment_Trust,0
2026-07-09,8096,14250,Dealer_self,34000
2026-07-09,8096,122112,Dealer_Hedging,121454
2026-07-13,8096,3404233,Foreign_Investor,4981922
2026-07-13,8096,0,Foreign_Dealer_Self,0
2026-07-13,8096,2000,Investment_Trust,0
2026-07-13,8096,27750,Dealer_self,11000
2026-07-13,8096,133699,Dealer_Hedging,127091
