date,stock_id,buy,name,sell
2024-05-27,8210,2126100,Foreign_Investor,1111300
2024-05-27,8210,0,Foreign_Dealer_Self,0
2024-05-27,8210,1073000,Investment_Trust,50000
2024-05-27,8210,183462,Dealer_self,54000
2024-05-27,8210,89552,Dealer_Hedging,69000
2024-05-28,8210,1840115,Foreign_Investor,2622000
2024-05-28,8210,0,Foreign_Dealer_Self,0
2024-05-28,8210,223000,Investment_Trust,725000
2024-05-28,8210,208000,Dealer_self,270888
2024-05-28,8210,12000,Dealer_Hedging,194023
2024-05-29,8210,1555000,Foreign_Investor,1168000
2024-05-29,8210,0,Foreign_Dealer_Self,0
2024-05-29,8210,77000,Investment_Trust,115000
2024-05-29,8210,63620,Dealer_self,81593
2024-05-29,8210,112829,Dealer_Hedging,18000
2024-05-30,8210,986000,Foreign_Investor,1427100
2024-05-30,8210,0,Foreign_Dealer_Self,0
2024-05-30,8210,41000,Investment_Trust,363000
2024-05-30,8210,12999,Dealer_self,155096
2024-05-30,8210,49960,Dealer_Hedging,84649
2024-05-31,8210,1420000,Foreign_Investor,1346000
2024-05-31,8210,0,Foreign_Dealer_Self,0
2024-05-31,8210,1000,Investment_Trust,684000
2024-05-31,8210,45052,Dealer_self,92379
2024-05-31,8210,50671,Dealer_Hedging,81106
2024-06-03,8210,2105000,Foreign_Investor,1191000
2024-06-03,8210,0,Foreign_Dealer_Self,0
2024-06-03,8210,0,Investment_Trust,141000
2024-06-03,8210,104137,Dealer_self,18670
2024-06-03,8210,174772,Dealer_Hedging,24760
2024-06-04,8210,810540,Foreign_Investor,984000
2024-06-04,8210,0,Foreign_Dealer_Self,0
2024-06-04,8210,21000,Investment_Trust,23000
2024-06-04,8210,11000,Dealer_self,71925
2024-06-04,8210,6497,Dealer_Hedging,138125
2024-06-05,8210,460050,Foreign_Investor,657300
2024-06-05,8210,0,Foreign_Dealer_Self,0
2024-06-05,8210,0,Investment_Trust,50000
2024-06-05,8210,6000,Dealer_self,19576
2024-06-05,8210,15817,Dealer_Hedging,34000
2024-06-06,8210,294000,Foreign_Investor,618000
2024-06-06,8210,0,Foreign_Dealer_Self,0
2024-06-06,8210,0,Investment_Trust,15000
2024-06-06,8210,11000,Dealer_self,3890
2024-06-06,8210,24500,Dealer_Hedging,39790
2024-06-07,8210,625000,Foreign_Investor,562000
2024-06-07,8210,0,Foreign_Dealer_Self,0
2024-06-07,8210,5000,Investment_Trust,175000
2024-06-07,8210,33000,Dealer_self,21201
2024-06-07,8210,26686,Dealer_Hedging,29676
2024-06-11,8210,735000,Foreign_Investor,511000
2024-06-11,8210,0,Foreign_Dealer_Self,0
2024-06-11,8210,0,Investment_Trust,165000
2024-06-11,8210,12060,Dealer_self,21353
2024-06-11,8210,31410,Dealer_Hedging,43803
2024-06-12,8210,550000,Foreign_Investor,310000
2024-06-12,8210,0,Foreign_Dealer_Self,0
2024-06-12,8210,0,Investment_Trust,50000
2024-06-12,8210,10619,Dealer_self,13180
2024-06-12,8210,80770,Dealer_Hedging,11000
2024-06-13,8210,489150,Foreign_Investor,1092000
2024-06-13,8210,0,Foreign_Dealer_Self,0
2024-06-13,8210,495000,Investment_Trust,889000
2024-06-13,8210,24957,Dealer_self,24907
2024-06-13,8210,12000,Dealer_Hedging,53880
2024-06-14,8210,1039000,Foreign_Investor,582000
2024-06-14,8210,0,Foreign_Dealer_Self,0
2024-06-14,8210,0,Investment_Trust,660000
2024-06-14,8210,10312,Dealer_self,9390
2024-06-14,8210,87292,Dealer_Hedging,27463
2024-06-17,8210,480000,Foreign_Investor,799000
2024-06-17,8210,0,Foreign_Dealer_Self,0
2024-06-17,8210,50000,Investment_Trust,288000
2024-06-17,8210,5000,Dealer_self,4179
2024-06-17,8210,131675,Dealer_Hedging,52673
2024-06-18,8210,383000,Foreign_Investor,1344050
2024-06-18,8210,0,Foreign_Dealer_Self,0
2024-06-18,8210,1000,Investment_Trust,496000
2024-06-18,8210,3000,Dealer_self,8902
2024-06-18,8210,23000,Dealer_Hedging,117170
2024-06-19,8210,525030,Foreign_Investor,567100
2024-06-19,8210,0,Foreign_Dealer_Self,0
2024-06-19,8210,0,Investment_Trust,1053000
2024-06-19,8210,8000,Dealer_self,8000
2024-06-19,8210,34000,Dealer_Hedging,96707
2024-06-20,8210,523000,Foreign_Investor,133000
2024-06-20,8210,0,Foreign_Dealer_Self,0
2024-06-20,8210,0,Investment_Trust,208000
2024-06-20,8210,8000,Dealer_self,2000
2024-06-20,8210,8000,Dealer_Hedging,13993
2024-06-21,8210,204000,Foreign_Investor,439000
2024-06-21,8210,0,Foreign_Dealer_Self,0
2024-06-21,8210,0,Investment_Trust,212000
2024-06-21,8210,4000,Dealer_self,2000
2024-06-21,8210,13000,Dealer_Hedging,51985
2024-06-24,8210,654000,Foreign_Investor,558043
2024-06-24,8210,0,Foreign_Dealer_Self,0
2024-06-24,8210,0,Investment_Trust,0
2024-06-24,8210,3355,Dealer_self,2000
2024-06-24,8210,158780,Dealer_Hedging,26907
2024-06-25,8210,598000,Foreign_Investor,837100
2024-06-25,8210,0,Foreign_Dealer_Self,0
2024-06-25,8210,73000,Investment_Trust,0
2024-06-25,8210,5346,Dealer_self,9355
2024-06-25,8210,52043,Dealer_Hedging,117943
2024-06-26,8210,2749000,Foreign_Investor,1132000
2024-06-26,8210,0,Foreign_Dealer_Self,0
2024-06-26,8210,590000,Investment_Trust,1000
2024-06-26,8210,28116,Dealer_self,15000
2024-06-26,8210,103285,Dealer_Hedging,78337
2024-06-27,8210,303300,Foreign_Investor,747000
2024-06-27,8210,0,Foreign_Dealer_Self,0
2024-06-27,8210,0,Investment_Trust,0
2024-06-27,8210,17000,Dealer_self,30893
2024-06-27,8210,16000,Dealer_Hedging,104895
2024-06-28,8210,743000,Foreign_Investor,340083
2024-06-28,8210,0,Foreign_Dealer_Self,0
2024-06-28,8210,0,Investment_Trust,28000
2024-06-28,8210,3000,Dealer_self,2351
2024-06-28,8210,18820,Dealer_Hedging,11500
2024-07-01,8210,496300,Foreign_Investor,803000
2024-07-01,8210,0,Foreign_Dealer_Self,0
2024-07-01,8210,0,Investment_Trust,94000
2024-07-01,8210,2610,Dealer_self,4529
2024-07-01,8210,4000,Dealer_Hedging,21404
2024-07-02,8210,301000,Foreign_Investor,435000
2024-07-02,8210,0,Foreign_Dealer_Self,0
2024-07-02,8210,6000,Investment_Trust,33000
2024-07-02,8210,4000,Dealer_self,76197
2024-07-02,8210,27971,Dealer_Hedging,25589
2024-07-03,8210,255055,Foreign_Investor,510000
2024-07-03,8210,0,Foreign_Dealer_Self,0
2024-07-03,8210,1000,Investment_Trust,50000
2024-07-03,8210,20000,Dealer_self,96716
2024-07-03,8210,9000,Dealer_Hedging,18892
2024-07-04,8210,554000,Foreign_Investor,277000
2024-07-04,8210,0,Foreign_Dealer_Self,0
2024-07-04,8210,0,Investment_Trust,477000
2024-07-04,8210,8000,Dealer_self,47315
2024-07-04,8210,17541,Dealer_Hedging,17485
2024-07-05,8210,718070,Foreign_Investor,377000
2024-07-05,8210,0,Foreign_Dealer_Self,0
2024-07-05,8210,1000,Investment_Trust,0
2024-07-05,8210,7000,Dealer_self,67110
2024-07-05,8210,132746,Dealer_Hedging,6455
2024-07-08,8210,899012,Foreign_Investor,774000
2024-07-08,8210,0,Foreign_Dealer_Self,0
2024-07-08,8210,0,Investment_Trust,0
2024-07-08,8210,9501,Dealer_self,63000
2024-07-08,8210,3000,Dealer_Hedging,64116
2024-07-09,8210,1068000,Foreign_Investor,1026000
2024-07-09,8210,0,Foreign_Dealer_Self,0
2024-07-09,8210,2000,Investment_Trust,0
2024-07-09,8210,14149,Dealer_self,12000
2024-07-09,8210,38118,Dealer_Hedging,55142
2024-07-10,8210,249128,Foreign_Investor,592000
2024-07-10,8210,0,Foreign_Dealer_Self,0
2024-07-10,8210,1000,Investment_Trust,0
2024-07-10,8210,6431,Dealer_self,2000
2024-07-10,8210,5000,Dealer_Hedging,50107
2024-07-11,8210,224426,Foreign_Investor,665000
2024-07-11,8210,0,Foreign_Dealer_Self,0
2024-07-11,8210,0,Investment_Trust,0
2024-07-11,8210,2000,Dealer_self,8014
2024-07-11,8210,7000,Dealer_Hedging,29291
2024-07-12,8210,79000,Foreign_Investor,963000
2024-07-12,8210,0,Foreign_Dealer_Self,0
2024-07-12,8210,0,Investment_Trust,0
2024-07-12,8210,12000,Dealer_self,10577
2024-07-12,8210,23000,Dealer_Hedging,42971
2024-07-15,8210,2105040,Foreign_Investor,1578365
2024-07-15,8210,0,Foreign_Dealer_Self,0
2024-07-15,8210,19000,Investment_Trust,19000
2024-07-15,8210,12344,Dealer_self,15891
2024-07-15,8210,76588,Dealer_Hedging,13461
2024-07-16,8210,3580000,Foreign_Investor,2106000
2024-07-16,8210,0,Foreign_Dealer_Self,0
2024-07-16,8210,113000,Investment_Trust,0
2024-07-16,8210,48028,Dealer_self,62270
2024-07-16,8210,236195,Dealer_Hedging,51830
2024-07-17,8210,886000,Foreign_Investor,1526000
2024-07-17,8210,0,Foreign_Dealer_Self,0
2024-07-17,8210,51000,Investment_Trust,178000
2024-07-17,8210,66834,Dealer_self,13000
2024-07-17,8210,8000,Dealer_Hedging,122422
2024-07-18,8210,946007,Foreign_Investor,1288071
2024-07-18,8210,0,Foreign_Dealer_Self,0
2024-07-18,8210,1000,Investment_Trust,0
2024-07-18,8210,23986,Dealer_self,31390
2024-07-18,8210,49000,Dealer_Hedging,43670
2024-07-19,8210,203000,Foreign_Investor,928112
2024-07-19,8210,0,Foreign_Dealer_Self,0
2024-07-19,8210,1000,Investment_Trust,0
2024-07-19,8210,12000,Dealer_self,11341
2024-07-19,8210,9000,Dealer_Hedging,99874
2024-07-22,8210,1125020,Foreign_Investor,1924000
2024-07-22,8210,0,Foreign_Dealer_Self,0
2024-07-22,8210,1000,Investment_Trust,0
2024-07-22,8210,62000,Dealer_self,53994
2024-07-22,8210,51519,Dealer_Hedging,125978
2024-07-23,8210,1111000,Foreign_Investor,1105000
2024-07-23,8210,0,Foreign_Dealer_Self,0
2024-07-23,8210,13000,Investment_Trust,66000
2024-07-23,8210,2415,Dealer_self,32941
2024-07-23,8210,162779,Dealer_Hedging,25877
2024-07-26,8210,615012,Foreign_Investor,703000
2024-07-26,8210,0,Foreign_Dealer_Self,0
2024-07-26,8210,2000,Investment_Trust,0
2024-07-26,8210,6000,Dealer_self,13550
2024-07-26,8210,45000,Dealer_Hedging,93855
2024-07-29,8210,466070,Foreign_Investor,1149000
2024-07-29,8210,0,Foreign_Dealer_Self,0
2024-07-29,8210,0,Investment_Trust,0
2024-07-29,8210,40000,Dealer_self,54838
2024-07-29,8210,15000,Dealer_Hedging,165603
2024-07-30,8210,713000,Foreign_Investor,566300
2024-07-30,8210,0,Foreign_Dealer_Self,0
2024-07-30,8210,13000,Investment_Trust,0
2024-07-30,8210,9000,Dealer_self,12321
2024-07-30,8210,16500,Dealer_Hedging,18000
2024-07-31,8210,1080000,Foreign_Investor,808000
2024-07-31,8210,0,Foreign_Dealer_Self,0
2024-07-31,8210,236000,Investment_Trust,0
2024-07-31,8210,4000,Dealer_self,4100
2024-07-31,8210,203900,Dealer_Hedging,18465
2024-08-01,8210,1281000,Foreign_Investor,1452000
2024-08-01,8210,0,Foreign_Dealer_Self,0
2024-08-01,8210,326000,Investment_Trust,0
2024-08-01,8210,49486,Dealer_self,16000
2024-08-01,8210,73533,Dealer_Hedging,125599
2024-08-02,8210,1297000,Foreign_Investor,990000
2024-08-02,8210,0,Foreign_Dealer_Self,0
2024-08-02,8210,366000,Investment_Trust,0
2024-08-02,8210,3000,Dealer_self,41000
2024-08-02,8210,107304,Dealer_Hedging,76192
2024-08-05,8210,359525,Foreign_Investor,1294130
2024-08-05,8210,0,Foreign_Dealer_Self,0
2024-08-05,8210,96000,Investment_Trust,0
2024-08-05,8210,18000,Dealer_self,32747
2024-08-05,8210,3000,Dealer_Hedging,164921
2024-08-06,8210,1613000,Foreign_Investor,2047000
2024-08-06,8210,0,Foreign_Dealer_Self,0
2024-08-06,8210,463000,Investment_Trust,0
2024-08-06,8210,18182,Dealer_self,24123
2024-08-06,8210,129059,Dealer_Hedging,116528
2024-08-07,8210,1298000,Foreign_Investor,1026000
2024-08-07,8210,0,Foreign_Dealer_Self,0
2024-08-07,8210,619000,Investment_Trust,70000
2024-08-07,8210,8808,Dealer_self,7121
2024-08-07,8210,123585,Dealer_Hedging,19510
2024-08-08,8210,1938000,Foreign_Investor,1490000
2024-08-08,8210,0,Foreign_Dealer_Self,0
2024-08-08,8210,0,Investment_Trust,0
2024-08-08,8210,31000,Dealer_self,15053
2024-08-08,8210,84925,Dealer_Hedging,115062
2024-08-09,8210,1056525,Foreign_Investor,1519714
2024-08-09,8210,0,Foreign_Dealer_Self,0
2024-08-09,8210,150000,Investment_Trust,0
2024-08-09,8210,62519,Dealer_self,21000
2024-08-09,8210,45744,Dealer_Hedging,84281
2024-08-12,8210,831012,Foreign_Investor,612500
2024-08-12,8210,0,Foreign_Dealer_Self,0
2024-08-12,8210,0,Investment_Trust,19000
2024-08-12,8210,2760,Dealer_self,52000
2024-08-12,8210,20000,Dealer_Hedging,40158
2024-08-13,8210,629093,Foreign_Investor,526000
2024-08-13,8210,0,Foreign_Dealer_Self,0
2024-08-13,8210,0,Investment_Trust,150000
2024-08-13,8210,106767,Dealer_self,21000
2024-08-13,8210,18496,Dealer_Hedging,25105
2024-08-14,8210,852000,Foreign_Investor,480000
2024-08-14,8210,0,Foreign_Dealer_Self,0
2024-08-14,8210,324000,Investment_Trust,73000
2024-08-14,8210,5510,Dealer_self,2000
2024-08-14,8210,81537,Dealer_Hedging,50542
2024-08-15,8210,1807525,Foreign_Investor,748000
2024-08-15,8210,0,Foreign_Dealer_Self,0
2024-08-15,8210,566000,Investment_Trust,1000
2024-08-15,8210,43987,Dealer_self,13000
2024-08-15,8210,166399,Dealer_Hedging,57229
2024-08-16,8210,1493000,Foreign_Investor,1234000
2024-08-16,8210,0,Foreign_Dealer_Self,0
2024-08-16,8210,532000,Investment_Trust,35000
2024-08-16,8210,63883,Dealer_self,95000
2024-08-16,8210,16376,Dealer_Hedging,141951
2024-08-19,8210,584000,Foreign_Investor,1102000
2024-08-19,8210,0,Foreign_Dealer_Self,0
2024-08-19,8210,0,Investment_Trust,35000
2024-08-19,8210,0,Dealer_self,7000
2024-08-19,8210,8000,Dealer_Hedging,56424
2024-08-20,8210,698000,Foreign_Investor,409000
2024-08-20,8210,0,Foreign_Dealer_Self,0
2024-08-20,8210,0,Investment_Trust,85000
2024-08-20,8210,3521,Dealer_self,5000
2024-08-20,8210,96341,Dealer_Hedging,10000
2024-08-21,8210,606201,Foreign_Investor,648000
2024-08-21,8210,0,Foreign_Dealer_Self,0
2024-08-21,8210,0,Investment_Trust,652000
2024-08-21,8210,42000,Dealer_self,44804
2024-08-21,8210,8000,Dealer_Hedging,81062
2024-08-22,8210,804500,Foreign_Investor,434000
2024-08-22,8210,0,Foreign_Dealer_Self,0
2024-08-22,8210,0,Investment_Trust,117000
2024-08-22,8210,260,Dealer_self,2000
2024-08-22,8210,8000,Dealer_Hedging,33249
2024-08-23,8210,2681500,Foreign_Investor,1057300
2024-08-23,8210,0,Foreign_Dealer_Self,0
2024-08-23,8210,0,Investment_Trust,72000
2024-08-23,8210,45093,Dealer_self,16000
2024-08-23,8210,262883,Dealer_Hedging,7345
2024-08-26,8210,461009,Foreign_Investor,508000
2024-08-26,8210,0,Foreign_Dealer_Self,0
2024-08-26,8210,0,Investment_Trust,170000
2024-08-26,8210,18026,Dealer_self,0
2024-08-26,8210,2500,Dealer_Hedging,217292
2024-08-27,8210,669000,Foreign_Investor,655000
2024-08-27,8210,0,Foreign_Dealer_Self,0
2024-08-27,8210,0,Investment_Trust,0
2024-08-27,8210,2274,Dealer_self,10000
2024-08-27,8210,22455,Dealer_Hedging,25428
2024-08-28,8210,769000,Foreign_Investor,555000
2024-08-28,8210,0,Foreign_Dealer_Self,0
2024-08-28,8210,0,Investment_Trust,213000
2024-08-28,8210,15000,Dealer_self,17000
2024-08-28,8210,17000,Dealer_Hedging,33956
2024-08-29,8210,805000,Foreign_Investor,348000
2024-08-29,8210,0,Foreign_Dealer_Self,0
2024-08-29,8210,0,Investment_Trust,0
2024-08-29,8210,0,Dealer_self,4000
2024-08-29,8210,39094,Dealer_Hedging,7000
2024-08-30,8210,408000,Foreign_Investor,1294000
2024-08-30,8210,0,Foreign_Dealer_Self,0
2024-08-30,8210,0,Investment_Trust,11000
2024-08-30,8210,1000,Dealer_self,944
2024-08-30,8210,8000,Dealer_Hedging,57999
2024-09-02,8210,285000,Foreign_Investor,277000
2024-09-02,8210,0,Foreign_Dealer_Self,0
2024-09-02,8210,0,Investment_Trust,3000
2024-09-02,8210,7000,Dealer_self,2572
2024-09-02,8210,57,Dealer_Hedging,36648
2024-09-03,8210,276000,Foreign_Investor,189013
2024-09-03,8210,0,Foreign_Dealer_Self,0
2024-09-03,8210,0,Investment_Trust,0
2024-09-03,8210,1000,Dealer_self,4144
2024-09-03,8210,14103,Dealer_Hedging,10365
2024-09-04,8210,569023,Foreign_Investor,1460000
2024-09-04,8210,0,Foreign_Dealer_Self,0
2024-09-04,8210,17000,Investment_Trust,0
2024-09-04,8210,50000,Dealer_self,156356
2024-09-04,8210,5000,Dealer_Hedging,60797
2024-09-05,8210,476000,Foreign_Investor,517000
2024-09-05,8210,0,Foreign_Dealer_Self,0
2024-09-05,8210,0,Investment_Trust,166000
2024-09-05,8210,16000,Dealer_self,28611
2024-09-05,8210,4491,Dealer_Hedging,19000
2024-09-06,8210,451000,Foreign_Investor,1050000
2024-09-06,8210,0,Foreign_Dealer_Self,0
2024-09-06,8210,1000,Investment_Trust,50000
2024-09-06,8210,13000,Dealer_self,14439
2024-09-06,8210,1070,Dealer_Hedging,12133
2024-09-09,8210,635000,Foreign_Investor,314000
2024-09-09,8210,0,Foreign_Dealer_Self,0
2024-09-09,8210,0,Investment_Trust,22000
2024-09-09,8210,4662,Dealer_self,8813
2024-09-09,8210,7293,Dealer_Hedging,17518
2024-09-10,8210,1371000,Foreign_Investor,1029000
2024-09-10,8210,0,Foreign_Dealer_Self,0
2024-09-10,8210,0,Investment_Trust,0
2024-09-10,8210,15088,Dealer_self,20871
2024-09-10,8210,89222,Dealer_Hedging,17000
2024-09-11,8210,458000,Foreign_Investor,603000
2024-09-11,8210,0,Foreign_Dealer_Self,0
2024-09-11,8210,0,Investment_Trust,0
2024-09-11,8210,4303,Dealer_self,1000
2024-09-11,8210,4000,Dealer_Hedging,54420
2024-09-12,8210,835000,Foreign_Investor,392000
2024-09-12,8210,0,Foreign_Dealer_Self,0
2024-09-12,8210,2000,Investment_Trust,0
2024-09-12,8210,12491,Dealer_self,1000
2024-09-12,8210,89383,Dealer_Hedging,21750
2024-09-13,8210,427000,Foreign_Investor,590012
2024-09-13,8210,0,Foreign_Dealer_Self,0
2024-09-13,8210,0,Investment_Trust,0
2024-09-13,8210,0,Dealer_self,1000
2024-09-13,8210,0,Dealer_Hedging,34080
2024-09-16,8210,94000,Foreign_Investor,238000
2024-09-16,8210,0,Foreign_Dealer_Self,0
2024-09-16,8210,0,Investment_Trust,0
2024-09-16,8210,35184,Dealer_self,0
2024-09-16,8210,19000,Dealer_Hedging,23554
2024-09-18,8210,126000,Foreign_Investor,310000
2024-09-18,8210,0,Foreign_Dealer_Self,0
2024-09-18,8210,0,Investment_Trust,0
2024-09-18,8210,0,Dealer_self,6000
2024-09-18,8210,0,Dealer_Hedging,17342
2024-09-19,8210,477000,Foreign_Investor,201000
2024-09-19,8210,0,Foreign_Dealer_Self,0
2024-09-19,8210,0,Investment_Trust,0
2024-09-19,8210,3635,Dealer_self,2000
2024-09-19,8210,13620,Dealer_Hedging,0
2024-09-20,8210,425000,Foreign_Investor,211000
2024-09-20,8210,0,Foreign_Dealer_Self,0
2024-09-20,8210,0,Investment_Trust,0
2024-09-20,8210,248,Dealer_self,0
2024-09-20,8210,4000,Dealer_Hedging,8000
2024-09-23,8210,106000,Foreign_Investor,166000
2024-09-23,8210,0,Foreign_Dealer_Self,0
2024-09-23,8210,0,Investment_Trust,42000
2024-09-23,8210,3000,Dealer_self,35000
2024-09-23,8210,2000,Dealer_Hedging,8809
2024-09-24,8210,228000,Foreign_Investor,116001
2024-09-24,8210,0,Foreign_Dealer_Self,0
2024-09-24,8210,0,Investment_Trust,0
2024-09-24,8210,1001,Dealer_self,0
2024-09-24,8210,7244,Dealer_Hedging,2022
2024-09-25,8210,456000,Foreign_Investor,613000
2024-09-25,8210,0,Foreign_Dealer_Self,0
2024-09-25,8210,0,Investment_Trust,123000
2024-09-25,8210,9000,Dealer_self,0
2024-09-25,8210,5000,Dealer_Hedging,7574
2024-09-26,8210,348000,Foreign_Investor,530000
2024-09-26,8210,0,Foreign_Dealer_Self,0
2024-09-26,8210,0,Investment_Trust,10000
2024-09-26,8210,10000,Dealer_self,7000
2024-09-26,8210,20000,Dealer_Hedging,11381
2024-09-27,8210,463000,Foreign_Investor,429000
2024-09-27,8210,0,Foreign_Dealer_Self,0
2024-09-27,8210,0,Investment_Trust,468000
2024-09-27,8210,4000,Dealer_self,3000
2024-09-27,8210,14000,Dealer_Hedging,13494
2024-09-30,8210,304950,Foreign_Investor,641000
2024-09-30,8210,0,Foreign_Dealer_Self,0
2024-09-30,8210,0,Investment_Trust,487000
2024-09-30,8210,25000,Dealer_self,24640
2024-09-30,8210,3000,Dealer_Hedging,48262
2024-10-01,8210,798000,Foreign_Investor,589000
2024-10-01,8210,0,Foreign_Dealer_Self,0
2024-10-01,8210,0,Investment_Trust,617000
2024-10-01,8210,15000,Dealer_self,14058
2024-10-01,8210,14111,Dealer_Hedging,10809
2024-10-04,8210,273100,Foreign_Investor,694000
2024-10-04,8210,0,Foreign_Dealer_Self,0
2024-10-04,8210,1000,Investment_Trust,7000
2024-10-04,8210,23000,Dealer_self,22978
2024-10-04,8210,1000,Dealer_Hedging,24426
2024-10-07,8210,385000,Foreign_Investor,219220
2024-10-07,8210,0,Foreign_Dealer_Self,0
2024-10-07,8210,0,Investment_Trust,43000
2024-10-07,8210,16532,Dealer_self,1626
2024-10-07,8210,27155,Dealer_Hedging,3000
2024-10-08,8210,560000,Foreign_Investor,471000
2024-10-08,8210,0,Foreign_Dealer_Self,0
2024-10-08,8210,0,Investment_Trust,391000
2024-10-08,8210,10000,Dealer_self,19872
2024-10-08,8210,1000,Dealer_Hedging,7680
2024-10-09,8210,176000,Foreign_Investor,510000
2024-10-09,8210,0,Foreign_Dealer_Self,0
2024-10-09,8210,0,Investment_Trust,0
2024-10-09,8210,12000,Dealer_self,14035
2024-10-09,8210,8443,Dealer_Hedging,3000
2024-10-11,8210,221000,Foreign_Investor,214000
2024-10-11,8210,0,Foreign_Dealer_Self,0
2024-10-11,8210,0,Investment_Trust,0
2024-10-11,8210,8000,Dealer_self,20891
2024-10-11,8210,2000,Dealer_Hedging,2300
2024-10-14,8210,2754000,Foreign_Investor,1219000
2024-10-14,8210,0,Foreign_Dealer_Self,0
2024-10-14,8210,0,Investment_Trust,0
2024-10-14,8210,4905,Dealer_self,5000
2024-10-14,8210,66508,Dealer_Hedging,5926
2024-10-15,8210,1520000,Foreign_Investor,1109000
2024-10-15,8210,0,Foreign_Dealer_Self,0
2024-10-15,8210,0,Investment_Trust,0
2024-10-15,8210,34731,Dealer_self,9000
2024-10-15,8210,39714,Dealer_Hedging,31286
2024-10-16,8210,1810084,Foreign_Investor,999862
2024-10-16,8210,0,Foreign_Dealer_Self,0
2024-10-16,8210,72000,Investment_Trust,0
2024-10-16,8210,105143,Dealer_self,19000
2024-10-16,8210,80042,Dealer_Hedging,39108
2024-10-17,8210,1304319,Foreign_Investor,834000
2024-10-17,8210,0,Foreign_Dealer_Self,0
2024-10-17,8210,28000,Investment_Trust,0
2024-10-17,8210,16000,Dealer_self,62000
2024-10-17,8210,50518,Dealer_Hedging,68092
2024-10-18,8210,931100,Foreign_Investor,1096000
2024-10-18,8210,0,Foreign_Dealer_Self,0
2024-10-18,8210,15000,Investment_Trust,0
2024-10-18,8210,12002,Dealer_self,15000
2024-10-18,8210,35469,Dealer_Hedging,62000
2024-10-21,8210,410042,Foreign_Investor,457000
2024-10-21,8210,0,Foreign_Dealer_Self,0
2024-10-21,8210,0,Investment_Trust,45000
2024-10-21,8210,9000,Dealer_self,8000
2024-10-21,8210,6000,Dealer_Hedging,9364
2024-10-22,8210,640997,Foreign_Investor,947000
2024-10-22,8210,0,Foreign_Dealer_Self,0
2024-10-22,8210,0,Investment_Trust,0
2024-10-22,8210,11000,Dealer_self,3000
2024-10-22,8210,25549,Dealer_Hedging,18586
2024-10-23,8210,1953250,Foreign_Investor,507000
2024-10-23,8210,0,Foreign_Dealer_Self,0
2024-10-23,8210,0,Investment_Trust,0
2024-10-23,8210,9000,Dealer_self,4000
2024-10-23,8210,113564,Dealer_Hedging,15961
2024-10-24,8210,1077260,Foreign_Investor,877000
2024-10-24,8210,0,Foreign_Dealer_Self,0
2024-10-24,8210,0,Investment_Trust,18000
2024-10-24,8210,19000,Dealer_self,23000
2024-10-24,8210,40000,Dealer_Hedging,107224
2024-10-25,8210,183344,Foreign_Investor,177000
2024-10-25,8210,0,Foreign_Dealer_Self,0
2024-10-25,8210,0,Investment_Trust,24000
2024-10-25,8210,1000,Dealer_self,8000
2024-10-25,8210,2200,Dealer_Hedging,50474
2024-10-28,8210,238000,Foreign_Investor,196000
2024-10-28,8210,0,Foreign_Dealer_Self,0
2024-10-28,8210,0,Investment_Trust,0
2024-10-28,8210,6000,Dealer_self,18000
2024-10-28,8210,1100,Dealer_Hedging,14000
2024-10-29,8210,314000,Foreign_Investor,616000
2024-10-29,8210,0,Foreign_Dealer_Self,0
2024-10-29,8210,0,Investment_Trust,0
2024-10-29,8210,1000,Dealer_self,45000
2024-10-29,8210,5300,Dealer_Hedging,19278
2024-10-30,8210,320000,Foreign_Investor,253000
2024-10-30,8210,0,Foreign_Dealer_Self,0
2024-10-30,8210,0,Investment_Trust,0
2024-10-30,8210,1000,Dealer_self,1000
2024-10-30,8210,6000,Dealer_Hedging,12000
2024-11-01,8210,579000,Foreign_Investor,285000
2024-11-01,8210,0,Foreign_Dealer_Self,0
2024-11-01,8210,0,Investment_Trust,0
2024-11-01,8210,3000,Dealer_self,7000
2024-11-01,8210,9699,Dealer_Hedging,3000
2024-11-04,8210,167000,Foreign_Investor,242000
2024-11-04,8210,0,Foreign_Dealer_Self,0
2024-11-04,8210,0,Investment_Trust,0
2024-11-04,8210,1000,Dealer_self,3000
2024-11-04,8210,0,Dealer_Hedging,12330
2024-11-05,8210,325000,Foreign_Investor,210000
2024-11-05,8210,0,Foreign_Dealer_Self,0
2024-11-05,8210,0,Investment_Trust,0
2024-11-05,8210,1000,Dealer_self,1000
2024-11-05,8210,0,Dealer_Hedging,6434
2024-11-06,8210,176007,Foreign_Investor,169000
2024-11-06,8210,0,Foreign_Dealer_Self,0
2024-11-06,8210,0,Investment_Trust,0
2024-11-06,8210,0,Dealer_self,0
2024-11-06,8210,9560,Dealer_Hedging,7000
2024-11-07,8210,438000,Foreign_Investor,401000
2024-11-07,8210,0,Foreign_Dealer_Self,0
2024-11-07,8210,0,Investment_Trust,0
2024-11-07,8210,6000,Dealer_self,1870
2024-11-07,8210,31411,Dealer_Hedging,6571
2024-11-08,8210,536450,Foreign_Investor,987480
2024-11-08,8210,0,Foreign_Dealer_Self,0
2024-11-08,8210,1000,Investment_Trust,0
2024-11-08,8210,0,Dealer_self,5000
2024-11-08,8210,2000,Dealer_Hedging,15640
2024-11-11,8210,4248697,Foreign_Investor,1040000
2024-11-11,8210,0,Foreign_Dealer_Self,0
2024-11-11,8210,72000,Investment_Trust,179000
2024-11-11,8210,108523,Dealer_self,110000
2024-11-11,8210,80436,Dealer_Hedging,45000
2024-11-12,8210,1086000,Foreign_Investor,1641151
2024-11-12,8210,0,Foreign_Dealer_Self,0
2024-11-12,8210,0,Investment_Trust,0
2024-11-12,8210,20000,Dealer_self,29010
2024-11-12,8210,33668,Dealer_Hedging,24613
2024-11-13,8210,1892775,Foreign_Investor,1526000
2024-11-13,8210,0,Foreign_Dealer_Self,0
2024-11-13,8210,1000,Investment_Trust,0
2024-11-13,8210,22000,Dealer_self,11000
2024-11-13,8210,68361,Dealer_Hedging,26384
2024-11-14,8210,647000,Foreign_Investor,810000
2024-11-14,8210,0,Foreign_Dealer_Self,0
2024-11-14,8210,0,Investment_Trust,0
2024-11-14,8210,22000,Dealer_self,17000
2024-11-14,8210,22131,Dealer_Hedging,53376
2024-11-15,8210,585015,Foreign_Investor,426000
2024-11-15,8210,0,Foreign_Dealer_Self,0
2024-11-15,8210,0,Investment_Trust,210000
2024-11-15,8210,0,Dealer_self,66000
2024-11-15,8210,4000,Dealer_Hedging,39600
2024-11-18,8210,327000,Foreign_Investor,329362
2024-11-18,8210,0,Foreign_Dealer_Self,0
2024-11-18,8210,0,Investment_Trust,13000
2024-11-18,8210,3000,Dealer_self,5098
2024-11-18,8210,2000,Dealer_Hedging,28187
2024-11-19,8210,388000,Foreign_Investor,860000
2024-11-19,8210,0,Foreign_Dealer_Self,0
2024-11-19,8210,0,Investment_Trust,32000
2024-11-19,8210,18000,Dealer_self,2537
2024-11-19,8210,17000,Dealer_Hedging,12231
2024-11-20,8210,480376,Foreign_Investor,654042
2024-11-20,8210,0,Foreign_Dealer_Self,0
2024-11-20,8210,0,Investment_Trust,0
2024-11-20,8210,6000,Dealer_self,2485
2024-11-20,8210,53652,Dealer_Hedging,16959
2024-11-21,8210,185000,Foreign_Investor,228000
2024-11-21,8210,0,Foreign_Dealer_Self,0
2024-11-21,8210,0,Investment_Trust,0
2024-11-21,8210,1000,Dealer_self,2874
2024-11-21,8210,2000,Dealer_Hedging,37710
2024-11-22,8210,363000,Foreign_Investor,227178
2024-11-22,8210,0,Foreign_Dealer_Self,0
2024-11-22,8210,0,Investment_Trust,0
2024-11-22,8210,4000,Dealer_self,429
2024-11-22,8210,27773,Dealer_Hedging,4188
2024-11-25,8210,552360,Foreign_Investor,300100
2024-11-25,8210,0,Foreign_Dealer_Self,0
2024-11-25,8210,0,Investment_Trust,0
2024-11-25,8210,6083,Dealer_self,3000
2024-11-25,8210,22440,Dealer_Hedging,18723
2024-11-26,8210,324016,Foreign_Investor,443000
2024-11-26,8210,0,Foreign_Dealer_Self,0
2024-11-26,8210,0,Investment_Trust,261000
2024-11-26,8210,107,Dealer_self,1000
2024-11-26,8210,3000,Dealer_Hedging,29990
2024-11-27,8210,388000,Foreign_Investor,323000
2024-11-27,8210,0,Foreign_Dealer_Self,0
2024-11-27,8210,0,Investment_Trust,484000
2024-11-27,8210,1008,Dealer_self,11167
2024-11-27,8210,8000,Dealer_Hedging,16602
2024-11-28,8210,392000,Foreign_Investor,420000
2024-11-28,8210,0,Foreign_Dealer_Self,0
2024-11-28,8210,0,Investment_Trust,0
2024-11-28,8210,1000,Dealer_self,1302
2024-11-28,8210,6508,Dealer_Hedging,16306
2024-11-29,8210,343000,Foreign_Investor,524000
2024-11-29,8210,0,Foreign_Dealer_Self,0
2024-11-29,8210,0,Investment_Trust,15000
2024-11-29,8210,2000,Dealer_self,6560
2024-11-29,8210,10491,Dealer_Hedging,8561
2024-12-02,8210,550000,Foreign_Investor,661000
2024-12-02,8210,0,Foreign_Dealer_Self,0
2024-12-02,8210,0,Investment_Trust,22000
2024-12-02,8210,19150,Dealer_self,1652
2024-12-02,8210,6000,Dealer_Hedging,19831
2024-12-03,8210,381000,Foreign_Investor,586304
2024-12-03,8210,0,Foreign_Dealer_Self,0
2024-12-03,8210,0,Investment_Trust,1000
2024-12-03,8210,0,Dealer_self,15
2024-12-03,8210,3526,Dealer_Hedging,12408
2024-12-04,8210,472000,Foreign_Investor,294000
2024-12-04,8210,0,Foreign_Dealer_Self,0
2024-12-04,8210,0,Investment_Trust,1000
2024-12-04,8210,0,Dealer_self,1000
2024-12-04,8210,10571,Dealer_Hedging,6330
2024-12-05,8210,982000,Foreign_Investor,398000
2024-12-05,8210,0,Foreign_Dealer_Self,0
2024-12-05,8210,25000,Investment_Trust,0
2024-12-05,8210,5000,Dealer_self,3000
2024-12-05,8210,27059,Dealer_Hedging,4000
2024-12-06,8210,833000,Foreign_Investor,405075
2024-12-06,8210,0,Foreign_Dealer_Self,0
2024-12-06,8210,18000,Investment_Trust,58000
2024-12-06,8210,50146,Dealer_self,13000
2024-12-06,8210,40862,Dealer_Hedging,15323
2024-12-09,8210,581012,Foreign_Investor,2135000
2024-12-09,8210,0,Foreign_Dealer_Self,0
2024-12-09,8210,0,Investment_Trust,57000
2024-12-09,8210,50547,Dealer_self,94693
2024-12-09,8210,1000,Dealer_Hedging,54951
2024-12-10,8210,514050,Foreign_Investor,472000
2024-12-10,8210,0,Foreign_Dealer_Self,0
2024-12-10,8210,0,Investment_Trust,2000
2024-12-10,8210,0,Dealer_self,2690
2024-12-10,8210,2000,Dealer_Hedging,7000
2024-12-11,8210,285000,Foreign_Investor,501000
2024-12-11,8210,0,Foreign_Dealer_Self,0
2024-12-11,8210,0,Investment_Trust,1000
2024-12-11,8210,14000,Dealer_self,8711
2024-12-11,8210,0,Dealer_Hedging,7000
2024-12-12,8210,257649,Foreign_Investor,456000
2024-12-12,8210,0,Foreign_Dealer_Self,0
2024-12-12,8210,19000,Investment_Trust,5000
2024-12-12,8210,2000,Dealer_self,642
2024-12-12,8210,0,Dealer_Hedging,6500
2024-12-13,8210,207000,Foreign_Investor,228135
2024-12-13,8210,0,Foreign_Dealer_Self,0
2024-12-13,8210,0,Investment_Trust,0
2024-12-13,8210,3000,Dealer_self,11683
2024-12-13,8210,0,Dealer_Hedging,7200
2024-12-16,8210,173000,Foreign_Investor,319000
2024-12-16,8210,0,Foreign_Dealer_Self,0
2024-12-16,8210,13000,Investment_Trust,0
2024-12-16,8210,16000,Dealer_self,23709
2024-12-16,8210,0,Dealer_Hedging,4000
2024-12-17,8210,206000,Foreign_Investor,319000
2024-12-17,8210,0,Foreign_Dealer_Self,0
2024-12-17,8210,0,Investment_Trust,0
2024-12-17,8210,19000,Dealer_self,13041
2024-12-17,8210,4000,Dealer_Hedging,2000
2024-12-18,8210,236000,Foreign_Investor,272000
2024-12-18,8210,0,Foreign_Dealer_Self,0
2024-12-18,8210,0,Investment_Trust,11000
2024-12-18,8210,2000,Dealer_self,3215
2024-12-18,8210,0,Dealer_Hedging,0
2024-12-19,8210,544000,Foreign_Investor,558034
2024-12-19,8210,0,Foreign_Dealer_Self,0
2024-12-19,8210,0,Investment_Trust,31000
2024-12-19,8210,22000,Dealer_self,19098
2024-12-19,8210,3000,Dealer_Hedging,1000
2024-12-20,8210,440000,Foreign_Investor,620003
2024-12-20,8210,0,Foreign_Dealer_Self,0
2024-12-20,8210,0,Investment_Trust,1000
2024-12-20,8210,7000,Dealer_self,10189
2024-12-20,8210,4000,Dealer_Hedging,12000
2024-12-23,8210,198000,Foreign_Investor,152000
2024-12-23,8210,0,Foreign_Dealer_Self,0
2024-12-23,8210,0,Investment_Trust,0
2024-12-23,8210,20000,Dealer_self,1000
2024-12-23,8210,4000,Dealer_Hedging,5500
2024-12-24,8210,63000,Foreign_Investor,256000
2024-12-24,8210,0,Foreign_Dealer_Self,0
2024-12-24,8210,0,Investment_Trust,0
2024-12-24,8210,3000,Dealer_self,1062
2024-12-24,8210,1000,Dealer_Hedging,3999
2024-12-25,8210,162477,Foreign_Investor,92000
2024-12-25,8210,0,Foreign_Dealer_Self,0
2024-12-25,8210,0,Investment_Trust,0
2024-12-25,8210,4000,Dealer_self,2473
2024-12-25,8210,0,Dealer_Hedging,4958
2024-12-26,8210,63000,Foreign_Investor,150000
2024-12-26,8210,0,Foreign_Dealer_Self,0
2024-12-26,8210,0,Investment_Trust,0
2024-12-26,8210,2000,Dealer_self,959
2024-12-26,8210,2000,Dealer_Hedging,0
2024-12-27,8210,35000,Foreign_Investor,348000
2024-12-27,8210,0,Foreign_Dealer_Self,0
2024-12-27,8210,0,Investment_Trust,0
2024-12-27,8210,5000,Dealer_self,7713
2024-12-27,8210,0,Dealer_Hedging,500
2024-12-30,8210,80000,Foreign_Investor,178000
2024-12-30,8210,0,Foreign_Dealer_Self,0
2024-12-30,8210,0,Investment_Trust,0
2024-12-30,8210,17000,Dealer_self,16714
2024-12-30,8210,0,Dealer_Hedging,0
2024-12-31,8210,230000,Foreign_Investor,233016
2024-12-31,8210,0,Foreign_Dealer_Self,0
2024-12-31,8210,0,Investment_Trust,0
2024-12-31,8210,15000,Dealer_self,37836
2024-12-31,8210,1000,Dealer_Hedging,1000
2025-01-02,8210,52000,Foreign_Investor,358000
2025-01-02,8210,0,Foreign_Dealer_Self,0
2025-01-02,8210,0,Investment_Trust,0
2025-01-02,8210,25000,Dealer_self,47001
2025-01-02,8210,2000,Dealer_Hedging,5890
2025-01-03,8210,249000,Foreign_Investor,292000
2025-01-03,8210,0,Foreign_Dealer_Self,0
2025-01-03,8210,0,Investment_Trust,0
2025-01-03,8210,10000,Dealer_self,7090
2025-01-03,8210,9034,Dealer_Hedging,0
2025-01-06,8210,147000,Foreign_Investor,185000
2025-01-06,8210,0,Foreign_Dealer_Self,0
2025-01-06,8210,0,Investment_Trust,0
2025-01-06,8210,8000,Dealer_self,3633
2025-01-06,8210,26149,Dealer_Hedging,0
2025-01-07,8210,426000,Foreign_Investor,1145000
2025-01-07,8210,0,Foreign_Dealer_Self,0
2025-01-07,8210,0,Investment_Trust,0
2025-01-07,8210,11000,Dealer_self,13306
2025-01-07,8210,11000,Dealer_Hedging,4000
2025-01-08,8210,428000,Foreign_Investor,312030
2025-01-08,8210,0,Foreign_Dealer_Self,0
2025-01-08,8210,0,Investment_Trust,0
2025-01-08,8210,36000,Dealer_self,1529
2025-01-08,8210,17235,Dealer_Hedging,5000
2025-01-09,8210,153000,Foreign_Investor,527000
2025-01-09,8210,0,Foreign_Dealer_Self,0
2025-01-09,8210,0,Investment_Trust,0
2025-01-09,8210,13149,Dealer_self,43351
2025-01-09,8210,2000,Dealer_Hedging,46800
2025-01-10,8210,121050,Foreign_Investor,329000
2025-01-10,8210,0,Foreign_Dealer_Self,0
2025-01-10,8210,0,Investment_Trust,0
2025-01-10,8210,8000,Dealer_self,7876
2025-01-10,8210,0,Dealer_Hedging,8999
2025-01-13,8210,1294000,Foreign_Investor,1279000
2025-01-13,8210,0,Foreign_Dealer_Self,0
2025-01-13,8210,0,Investment_Trust,246000
2025-01-13,8210,51000,Dealer_self,39461
2025-01-13,8210,8000,Dealer_Hedging,36533
2025-01-14,8210,735000,Foreign_Investor,758000
2025-01-14,8210,0,Foreign_Dealer_Self,0
2025-01-14,8210,0,Investment_Trust,0
2025-01-14,8210,8000,Dealer_self,8405
2025-01-14,8210,3000,Dealer_Hedging,3000
2025-01-15,8210,349043,Foreign_Investor,531000
2025-01-15,8210,0,Foreign_Dealer_Self,0
2025-01-15,8210,0,Investment_Trust,0
2025-01-15,8210,28000,Dealer_self,32613
2025-01-15,8210,1000,Dealer_Hedging,3000
2025-01-16,8210,384000,Foreign_Investor,343000
2025-01-16,8210,0,Foreign_Dealer_Self,0
2025-01-16,8210,0,Investment_Trust,0
2025-01-16,8210,5000,Dealer_self,3444
2025-01-16,8210,1000,Dealer_Hedging,0
2025-01-17,8210,296000,Foreign_Investor,341000
2025-01-17,8210,0,Foreign_Dealer_Self,0
2025-01-17,8210,57000,Investment_Trust,0
2025-01-17,8210,1000,Dealer_self,3107
2025-01-17,8210,1000,Dealer_Hedging,3085
2025-01-20,8210,632000,Foreign_Investor,295000
2025-01-20,8210,0,Foreign_Dealer_Self,0
2025-01-20,8210,0,Investment_Trust,26000
2025-01-20,8210,17000,Dealer_self,14470
2025-01-20,8210,3000,Dealer_Hedging,0
2025-01-21,8210,538000,Foreign_Investor,591000
2025-01-21,8210,0,Foreign_Dealer_Self,0
2025-01-21,8210,7000,Investment_Trust,0
2025-01-21,8210,6050,Dealer_self,6395
2025-01-21,8210,1000,Dealer_Hedging,1000
2025-01-22,8210,572000,Foreign_Investor,257000
2025-01-22,8210,0,Foreign_Dealer_Self,0
2025-01-22,8210,0,Investment_Trust,0
2025-01-22,8210,5000,Dealer_self,4000
2025-01-22,8210,2000,Dealer_Hedging,2000
2025-02-03,8210,439000,Foreign_Investor,1167012
2025-02-03,8210,0,Foreign_Dealer_Self,0
2025-02-03,8210,1000,Investment_Trust,56000
2025-02-03,8210,40000,Dealer_self,45616
2025-02-03,8210,0,Dealer_Hedging,6864
2025-02-04,8210,697000,Foreign_Investor,384000
2025-02-04,8210,0,Foreign_Dealer_Self,0
2025-02-04,8210,0,Investment_Trust,70000
2025-02-04,8210,6000,Dealer_self,23540
2025-02-04,8210,2000,Dealer_Hedging,0
2025-02-05,8210,356000,Foreign_Investor,183000
2025-02-05,8210,0,Foreign_Dealer_Self,0
2025-02-05,8210,0,Investment_Trust,0
2025-02-05,8210,7000,Dealer_self,3414
2025-02-05,8210,0,Dealer_Hedging,0
2025-02-06,8210,500225,Foreign_Investor,414000
2025-02-06,8210,0,Foreign_Dealer_Self,0
2025-02-06,8210,0,Investment_Trust,76000
2025-02-06,8210,37000,Dealer_self,33368
2025-02-06,8210,11490,Dealer_Hedging,1460
2025-02-07,8210,1219000,Foreign_Investor,892000
2025-02-07,8210,0,Foreign_Dealer_Self,0
2025-02-07,8210,534000,Investment_Trust,0
2025-02-07,8210,19119,Dealer_self,21555
2025-02-07,8210,56409,Dealer_Hedging,0
2025-02-10,8210,209000,Foreign_Investor,507000
2025-02-10,8210,0,Foreign_Dealer_Self,0
2025-02-10,8210,0,Investment_Trust,0
2025-02-10,8210,8000,Dealer_self,14004
2025-02-10,8210,6000,Dealer_Hedging,14000
2025-02-11,8210,520000,Foreign_Investor,245000
2025-02-11,8210,0,Foreign_Dealer_Self,0
2025-02-11,8210,2000,Investment_Trust,0
2025-02-11,8210,6099,Dealer_self,3050
2025-02-11,8210,34988,Dealer_Hedging,3001
2025-02-12,8210,804000,Foreign_Investor,496000
2025-02-12,8210,0,Foreign_Dealer_Self,0
2025-02-12,8210,0,Investment_Trust,15000
2025-02-12,8210,83688,Dealer_self,10000
2025-02-12,8210,69170,Dealer_Hedging,4000
2025-02-13,8210,1901000,Foreign_Investor,1750000
2025-02-13,8210,0,Foreign_Dealer_Self,0
2025-02-13,8210,476000,Investment_Trust,0
2025-02-13,8210,161460,Dealer_self,112000
2025-02-13,8210,90546,Dealer_Hedging,26759
2025-02-14,8210,1397000,Foreign_Investor,1879000
2025-02-14,8210,0,Foreign_Dealer_Self,0
2025-02-14,8210,877000,Investment_Trust,0
2025-02-14,8210,101110,Dealer_self,46000
2025-02-14,8210,1019,Dealer_Hedging,78594
2025-02-17,8210,1266032,Foreign_Investor,1126000
2025-02-17,8210,0,Foreign_Dealer_Self,0
2025-02-17,8210,986000,Investment_Trust,0
2025-02-17,8210,52257,Dealer_self,130000
2025-02-17,8210,25877,Dealer_Hedging,4689
2025-02-18,8210,766000,Foreign_Investor,1300100
2025-02-18,8210,0,Foreign_Dealer_Self,0
2025-02-18,8210,1102000,Investment_Trust,0
2025-02-18,8210,56000,Dealer_self,43000
2025-02-18,8210,17525,Dealer_Hedging,46451
2025-02-19,8210,394000,Foreign_Investor,485000
2025-02-19,8210,0,Foreign_Dealer_Self,0
2025-02-19,8210,43000,Investment_Trust,0
2025-02-19,8210,0,Dealer_self,17000
2025-02-19,8210,4000,Dealer_Hedging,16525
2025-02-20,8210,942000,Foreign_Investor,663000
2025-02-20,8210,0,Foreign_Dealer_Self,0
2025-02-20,8210,560000,Investment_Trust,0
2025-02-20,8210,25550,Dealer_self,33000
2025-02-20,8210,84602,Dealer_Hedging,9250
2025-02-21,8210,1292389,Foreign_Investor,1102000
2025-02-21,8210,0,Foreign_Dealer_Self,0
2025-02-21,8210,714000,Investment_Trust,0
2025-02-21,8210,49565,Dealer_self,32000
2025-02-21,8210,96286,Dealer_Hedging,72574
2025-02-24,8210,612000,Foreign_Investor,308000
2025-02-24,8210,0,Foreign_Dealer_Self,0
2025-02-24,8210,0,Investment_Trust,99000
2025-02-24,8210,51000,Dealer_self,48175
2025-02-24,8210,31844,Dealer_Hedging,78562
2025-02-25,8210,408709,Foreign_Investor,231032
2025-02-25,8210,0,Foreign_Dealer_Self,0
2025-02-25,8210,63000,Investment_Trust,0
2025-02-25,8210,49000,Dealer_self,66196
2025-02-25,8210,7000,Dealer_Hedging,44087
2025-02-26,8210,257048,Foreign_Investor,260000
2025-02-26,8210,0,Foreign_Dealer_Self,0
2025-02-26,8210,0,Investment_Trust,0
2025-02-26,8210,5167,Dealer_self,50000
2025-02-26,8210,15477,Dealer_Hedging,20000
2025-02-27,8210,506371,Foreign_Investor,457000
2025-02-27,8210,0,Foreign_Dealer_Self,0
2025-02-27,8210,42000,Investment_Trust,1000
2025-02-27,8210,11000,Dealer_self,36602
2025-02-27,8210,15259,Dealer_Hedging,22944
2025-03-03,8210,392495,Foreign_Investor,266000
2025-03-03,8210,0,Foreign_Dealer_Self,0
2025-03-03,8210,1000,Investment_Trust,1000
2025-03-03,8210,8000,Dealer_self,17000
2025-03-03,8210,2000,Dealer_Hedging,26932
2025-03-04,8210,455000,Foreign_Investor,250030
2025-03-04,8210,0,Foreign_Dealer_Self,0
2025-03-04,8210,183000,Investment_Trust,0
2025-03-04,8210,5000,Dealer_self,18745
2025-03-04,8210,37660,Dealer_Hedging,12301
2025-03-05,8210,346000,Foreign_Investor,448000
2025-03-05,8210,0,Foreign_Dealer_Self,0
2025-03-05,8210,148000,Investment_Trust,0
2025-03-05,8210,25000,Dealer_self,2000
2025-03-05,8210,12444,Dealer_Hedging,38335
2025-03-06,8210,267009,Foreign_Investor,351000
2025-03-06,8210,0,Foreign_Dealer_Self,0
2025-03-06,8210,251000,Investment_Trust,0
2025-03-06,8210,3000,Dealer_self,3000
2025-03-06,8210,10832,Dealer_Hedging,3344
2025-03-07,8210,187000,Foreign_Investor,219000
2025-03-07,8210,0,Foreign_Dealer_Self,0
2025-03-07,8210,100000,Investment_Trust,0
2025-03-07,8210,8000,Dealer_self,9480
2025-03-07,8210,15486,Dealer_Hedging,13224
2025-03-10,8210,348000,Foreign_Investor,381000
2025-03-10,8210,0,Foreign_Dealer_Self,0
2025-03-10,8210,96000,Investment_Trust,0
2025-03-10,8210,3000,Dealer_self,5000
2025-03-10,8210,2997,Dealer_Hedging,9003
2025-03-11,8210,343848,Foreign_Investor,601000
2025-03-11,8210,0,Foreign_Dealer_Self,0
2025-03-11,8210,6000,Investment_Trust,0
2025-03-11,8210,3594,Dealer_self,6030
2025-03-11,8210,19833,Dealer_Hedging,15824
2025-03-12,8210,343774,Foreign_Investor,605000
2025-03-12,8210,0,Foreign_Dealer_Self,0
2025-03-12,8210,0,Investment_Trust,0
2025-03-12,8210,14000,Dealer_self,15000
2025-03-12,8210,5688,Dealer_Hedging,13485
2025-03-13,8210,901000,Foreign_Investor,328050
2025-03-13,8210,0,Foreign_Dealer_Self,0
2025-03-13,8210,23000,Investment_Trust,0
2025-03-13,8210,5737,Dealer_self,13000
2025-03-13,8210,21249,Dealer_Hedging,8039
2025-03-14,8210,472000,Foreign_Investor,697617
2025-03-14,8210,0,Foreign_Dealer_Self,0
2025-03-14,8210,6000,Investment_Trust,0
2025-03-14,8210,4000,Dealer_self,3000
2025-03-14,8210,1000,Dealer_Hedging,28573
2025-03-17,8210,270000,Foreign_Investor,360000
2025-03-17,8210,0,Foreign_Dealer_Self,0
2025-03-17,8210,42000,Investment_Trust,0
2025-03-17,8210,154,Dealer_self,2000
2025-03-17,8210,3000,Dealer_Hedging,13464
2025-03-18,8210,310000,Foreign_Investor,210000
2025-03-18,8210,0,Foreign_Dealer_Self,0
2025-03-18,8210,1000,Investment_Trust,0
2025-03-18,8210,1000,Dealer_self,3000
2025-03-18,8210,9610,Dealer_Hedging,367
2025-03-19,8210,185030,Foreign_Investor,458012
2025-03-19,8210,0,Foreign_Dealer_Self,0
2025-03-19,8210,34000,Investment_Trust,0
2025-03-19,8210,10000,Dealer_self,10000
2025-03-19,8210,1574,Dealer_Hedging,16567
2025-03-20,8210,527000,Foreign_Investor,314291
2025-03-20,8210,0,Foreign_Dealer_Self,0
2025-03-20,8210,41000,Investment_Trust,17000
2025-03-20,8210,5000,Dealer_self,7000
2025-03-20,8210,29390,Dealer_Hedging,1001
2025-03-21,8210,248013,Foreign_Investor,231000
2025-03-21,8210,0,Foreign_Dealer_Self,0
2025-03-21,8210,0,Investment_Trust,0
2025-03-21,8210,0,Dealer_self,13
2025-03-21,8210,25089,Dealer_Hedging,20411
2025-03-24,8210,92000,Foreign_Investor,235000
2025-03-24,8210,0,Foreign_Dealer_Self,0
2025-03-24,8210,0,Investment_Trust,0
2025-03-24,8210,3000,Dealer_self,1000
2025-03-24,8210,0,Dealer_Hedging,43045
2025-03-25,8210,119000,Foreign_Investor,177873
2025-03-25,8210,0,Foreign_Dealer_Self,0
2025-03-25,8210,42000,Investment_Trust,0
2025-03-25,8210,2000,Dealer_self,2323
2025-03-25,8210,3000,Dealer_Hedging,6000
2025-03-26,8210,220000,Foreign_Investor,47000
2025-03-26,8210,0,Foreign_Dealer_Self,0
2025-03-26,8210,20000,Investment_Trust,0
2025-03-26,8210,2000,Dealer_self,1000
2025-03-26,8210,9975,Dealer_Hedging,0
2025-03-27,8210,343000,Foreign_Investor,571291
2025-03-27,8210,0,Foreign_Dealer_Self,0
2025-03-27,8210,40000,Investment_Trust,0
2025-03-27,8210,3000,Dealer_self,5000
2025-03-27,8210,0,Dealer_Hedging,9475
2025-03-28,8210,201000,Foreign_Investor,156000
2025-03-28,8210,0,Foreign_Dealer_Self,0
2025-03-28,8210,30000,Investment_Trust,0
2025-03-28,8210,5000,Dealer_self,7184
2025-03-28,8210,0,Dealer_Hedging,9604
2025-03-31,8210,801000,Foreign_Investor,603000
2025-03-31,8210,0,Foreign_Dealer_Self,0
2025-03-31,8210,1000,Investment_Trust,0
2025-03-31,8210,14613,Dealer_self,6923
2025-03-31,8210,1000,Dealer_Hedging,20669
2025-04-01,8210,340000,Foreign_Investor,378000
2025-04-01,8210,0,Foreign_Dealer_Self,0
2025-04-01,8210,0,Investment_Trust,0
2025-04-01,8210,359,Dealer_self,14210
2025-04-01,8210,5676,Dealer_Hedging,2855
2025-04-02,8210,148000,Foreign_Investor,138707
2025-04-02,8210,0,Foreign_Dealer_Self,0
2025-04-02,8210,0,Investment_Trust,0
2025-04-02,8210,1537,Dealer_self,3000
2025-04-02,8210,4000,Dealer_Hedging,4321
2025-04-07,8210,3020,Foreign_Investor,0
2025-04-07,8210,0,Foreign_Dealer_Self,0
2025-04-07,8210,0,Investment_Trust,0
2025-04-07,8210,0,Dealer_self,0
2025-04-07,8210,0,Dealer_Hedging,205
2025-04-08,8210,21000,Foreign_Investor,1000
2025-04-08,8210,0,Foreign_Dealer_Self,0
2025-04-08,8210,0,Investment_Trust,0
2025-04-08,8210,8000,Dealer_self,0
2025-04-08,8210,0,Dealer_Hedging,10854
2025-04-09,8210,283000,Foreign_Investor,253407
2025-04-09,8210,0,Foreign_Dealer_Self,0
2025-04-09,8210,0,Investment_Trust,5000
2025-04-09,8210,13000,Dealer_self,6000
2025-04-09,8210,1549,Dealer_Hedging,9949
2025-04-10,8210,493000,Foreign_Investor,115015
2025-04-10,8210,0,Foreign_Dealer_Self,0
2025-04-10,8210,75000,Investment_Trust,93000
2025-04-10,8210,0,Dealer_self,0
2025-04-10,8210,1000,Dealer_Hedging,0
2025-04-11,8210,1073338,Foreign_Investor,852799
2025-04-11,8210,0,Foreign_Dealer_Self,0
2025-04-11,8210,57000,Investment_Trust,5000
2025-04-11,8210,11270,Dealer_self,10864
2025-04-11,8210,5380,Dealer_Hedging,10603
2025-04-14,8210,450000,Foreign_Investor,723709
2025-04-14,8210,0,Foreign_Dealer_Self,0
2025-04-14,8210,18000,Investment_Trust,1500
2025-04-14,8210,19000,Dealer_self,16250
2025-04-14,8210,10846,Dealer_Hedging,3045
2025-04-15,8210,244000,Foreign_Investor,196338
2025-04-15,8210,0,Foreign_Dealer_Self,0
2025-04-15,8210,65000,Investment_Trust,0
2025-04-15,8210,19000,Dealer_self,7928
2025-04-15,8210,181,Dealer_Hedging,0
2025-04-16,8210,458611,Foreign_Investor,316000
2025-04-16,8210,0,Foreign_Dealer_Self,0
2025-04-16,8210,39000,Investment_Trust,5000
2025-04-16,8210,6000,Dealer_self,22420
2025-04-16,8210,5,Dealer_Hedging,2504
2025-04-17,8210,321046,Foreign_Investor,292144
2025-04-17,8210,0,Foreign_Dealer_Self,0
2025-04-17,8210,25000,Investment_Trust,0
2025-04-17,8210,10060,Dealer_self,25003
2025-04-17,8210,453,Dealer_Hedging,1353
2025-04-18,8210,227101,Foreign_Investor,191046
2025-04-18,8210,0,Foreign_Dealer_Self,0
2025-04-18,8210,0,Investment_Trust,61000
2025-04-18,8210,0,Dealer_self,2000
2025-04-18,8210,0,Dealer_Hedging,4556
2025-04-21,8210,897992,Foreign_Investor,497012
2025-04-21,8210,0,Foreign_Dealer_Self,0
2025-04-21,8210,0,Investment_Trust,44000
2025-04-21,8210,195,Dealer_self,7000
2025-04-21,8210,1000,Dealer_Hedging,5562
2025-04-22,8210,702226,Foreign_Investor,753081
2025-04-22,8210,0,Foreign_Dealer_Self,0
2025-04-22,8210,0,Investment_Trust,46000
2025-04-22,8210,6000,Dealer_self,3450
2025-04-22,8210,33,Dealer_Hedging,1511
2025-04-23,8210,692000,Foreign_Investor,257256
2025-04-23,8210,0,Foreign_Dealer_Self,0
2025-04-23,8210,14000,Investment_Trust,36000
2025-04-23,8210,1000,Dealer_self,6142
2025-04-23,8210,3678,Dealer_Hedging,70
2025-04-24,8210,189237,Foreign_Investor,240000
2025-04-24,8210,0,Foreign_Dealer_Self,0
2025-04-24,8210,18000,Investment_Trust,0
2025-04-24,8210,1000,Dealer_self,2102
2025-04-24,8210,0,Dealer_Hedging,1949
2025-04-25,8210,718581,Foreign_Investor,400247
2025-04-25,8210,0,Foreign_Dealer_Self,0
2025-04-25,8210,214000,Investment_Trust,65000
2025-04-25,8210,44099,Dealer_self,10001
2025-04-25,8210,10064,Dealer_Hedging,901
2025-04-28,8210,539014,Foreign_Investor,615581
2025-04-28,8210,0,Foreign_Dealer_Self,0
2025-04-28,8210,154000,Investment_Trust,93000
2025-04-28,8210,15000,Dealer_self,3365
2025-04-28,8210,8807,Dealer_Hedging,2000
2025-04-29,8210,472000,Foreign_Investor,439014
2025-04-29,8210,0,Foreign_Dealer_Self,0
2025-04-29,8210,227000,Investment_Trust,100000
2025-04-29,8210,16000,Dealer_self,5734
2025-04-29,8210,15777,Dealer_Hedging,2540
2025-04-30,8210,442412,Foreign_Investor,363000
2025-04-30,8210,0,Foreign_Dealer_Self,0
2025-04-30,8210,22000,Investment_Trust,65000
2025-04-30,8210,8100,Dealer_self,34505
2025-04-30,8210,2917,Dealer_Hedging,16765
2025-05-02,8210,488272,Foreign_Investor,244412
2025-05-02,8210,0,Foreign_Dealer_Self,0
2025-05-02,8210,34000,Investment_Trust,0
2025-05-02,8210,8227,Dealer_self,4030
2025-05-02,8210,16260,Dealer_Hedging,2000
2025-05-05,8210,497854,Foreign_Investor,276450
2025-05-05,8210,0,Foreign_Dealer_Self,0
2025-05-05,8210,0,Investment_Trust,28000
2025-05-05,8210,14477,Dealer_self,11000
2025-05-05,8210,0,Dealer_Hedging,23712
2025-05-06,8210,392314,Foreign_Investor,241676
2025-05-06,8210,0,Foreign_Dealer_Self,0
2025-05-06,8210,27000,Investment_Trust,0
2025-05-06,8210,24335,Dealer_self,7000
2025-05-06,8210,20625,Dealer_Hedging,1000
2025-05-07,8210,215238,Foreign_Investor,207364
2025-05-07,8210,0,Foreign_Dealer_Self,0
2025-05-07,8210,0,Investment_Trust,0
2025-05-07,8210,2747,Dealer_self,18001
2025-05-07,8210,0,Dealer_Hedging,8469
2025-05-08,8210,455594,Foreign_Investor,389238
2025-05-08,8210,0,Foreign_Dealer_Self,0
2025-05-08,8210,198000,Investment_Trust,0
2025-05-08,8210,21000,Dealer_self,2002
2025-05-08,8210,25962,Dealer_Hedging,2063
2025-05-09,8210,1279576,Foreign_Investor,1130594
2025-05-09,8210,0,Foreign_Dealer_Self,0
2025-05-09,8210,335000,Investment_Trust,23000
2025-05-09,8210,18170,Dealer_self,29000
2025-05-09,8210,11359,Dealer_Hedging,10161
2025-05-12,8210,716713,Foreign_Investor,729572
2025-05-12,8210,0,Foreign_Dealer_Self,0
2025-05-12,8210,7000,Investment_Trust,0
2025-05-12,8210,9000,Dealer_self,13020
2025-05-12,8210,11069,Dealer_Hedging,26733
2025-05-13,8210,724080,Foreign_Investor,564108
2025-05-13,8210,0,Foreign_Dealer_Self,0
2025-05-13,8210,18000,Investment_Trust,170000
2025-05-13,8210,13000,Dealer_self,34150
2025-05-13,8210,363,Dealer_Hedging,8002
2025-05-14,8210,1234172,Foreign_Investor,1456063
2025-05-14,8210,0,Foreign_Dealer_Self,0
2025-05-14,8210,6000,Investment_Trust,300000
2025-05-14,8210,26204,Dealer_self,18000
2025-05-14,8210,15035,Dealer_Hedging,4864
2025-05-15,8210,645301,Foreign_Investor,536194
2025-05-15,8210,0,Foreign_Dealer_Self,0
2025-05-15,8210,0,Investment_Trust,0
2025-05-15,8210,2000,Dealer_self,33000
2025-05-15,8210,10213,Dealer_Hedging,5340
2025-05-16,8210,392505,Foreign_Investor,209794
2025-05-16,8210,0,Foreign_Dealer_Self,0
2025-05-16,8210,10000,Investment_Trust,100000
2025-05-16,8210,5000,Dealer_self,2060
2025-05-16,8210,333,Dealer_Hedging,14405
2025-05-19,8210,698310,Foreign_Investor,469013
2025-05-19,8210,0,Foreign_Dealer_Self,0
2025-05-19,8210,132000,Investment_Trust,380000
2025-05-19,8210,2000,Dealer_self,4001
2025-05-19,8210,1010,Dealer_Hedging,11984
2025-05-20,8210,1236018,Foreign_Investor,454320
2025-05-20,8210,0,Foreign_Dealer_Self,0
2025-05-20,8210,252000,Investment_Trust,0
2025-05-20,8210,50060,Dealer_self,14000
2025-05-20,8210,29068,Dealer_Hedging,1197
2025-05-21,8210,802488,Foreign_Investor,1000266
2025-05-21,8210,0,Foreign_Dealer_Self,0
2025-05-21,8210,855000,Investment_Trust,0
2025-05-21,8210,12000,Dealer_self,27000
2025-05-21,8210,15805,Dealer_Hedging,10055
2025-05-22,8210,580869,Foreign_Investor,363142
2025-05-22,8210,0,Foreign_Dealer_Self,0
2025-05-22,8210,18000,Investment_Trust,0
2025-05-22,8210,3000,Dealer_self,24000
2025-05-22,8210,2281,Dealer_Hedging,19030
2025-05-23,8210,302825,Foreign_Investor,248532
2025-05-23,8210,0,Foreign_Dealer_Self,0
2025-05-23,8210,31000,Investment_Trust,0
2025-05-23,8210,1334,Dealer_self,14025
2025-05-23,8210,2400,Dealer_Hedging,13240
2025-05-26,8210,1449281,Foreign_Investor,948096
2025-05-26,8210,0,Foreign_Dealer_Self,0
2025-05-26,8210,460000,Investment_Trust,22000
2025-05-26,8210,45031,Dealer_self,41000
2025-05-26,8210,52913,Dealer_Hedging,5208
2025-05-27,8210,669498,Foreign_Investor,894844
2025-05-27,8210,0,Foreign_Dealer_Self,0
2025-05-27,8210,0,Investment_Trust,13000
2025-05-27,8210,13000,Dealer_self,26002
2025-05-27,8210,14783,Dealer_Hedging,32257
2025-05-28,8210,651734,Foreign_Investor,579239
2025-05-28,8210,0,Foreign_Dealer_Self,0
2025-05-28,8210,0,Investment_Trust,40000
2025-05-28,8210,0,Dealer_self,16358
2025-05-28,8210,8775,Dealer_Hedging,18889
2025-05-29,8210,1176588,Foreign_Investor,758386
2025-05-29,8210,0,Foreign_Dealer_Self,0
2025-05-29,8210,0,Investment_Trust,205000
2025-05-29,8210,11000,Dealer_self,7000
2025-05-29,8210,3127,Dealer_Hedging,6455
2025-06-02,8210,868155,Foreign_Investor,513916
2025-06-02,8210,0,Foreign_Dealer_Self,0
2025-06-02,8210,11000,Investment_Trust,10000
2025-06-02,8210,22154,Dealer_self,13000
2025-06-02,8210,9727,Dealer_Hedging,7914
2025-06-03,8210,1039057,Foreign_Investor,651481
2025-06-03,8210,0,Foreign_Dealer_Self,0
2025-06-03,8210,42000,Investment_Trust,230000
2025-06-03,8210,19063,Dealer_self,16000
2025-06-03,8210,47576,Dealer_Hedging,12831
2025-06-04,8210,1177126,Foreign_Investor,1157175
2025-06-04,8210,0,Foreign_Dealer_Self,0
2025-06-04,8210,117000,Dealer_self,30015
2025-06-04,8210,37052,Dealer_Hedging,34181
2025-06-04,8210,630000,Investment_Trust,2000
2025-06-05,8210,736106,Foreign_Investor,358520
2025-06-05,8210,0,Foreign_Dealer_Self,0
2025-06-05,8210,10000,Investment_Trust,355000
2025-06-05,8210,1000,Dealer_self,57000
2025-06-05,8210,13878,Dealer_Hedging,31815
2025-06-06,8210,504310,Foreign_Investor,453709
2025-06-06,8210,0,Foreign_Dealer_Self,0
2025-06-06,8210,0,Investment_Trust,2000
2025-06-06,8210,18000,Dealer_self,43411
2025-06-06,8210,6034,Dealer_Hedging,13141
2025-06-09,8210,1109730,Foreign_Investor,610652
2025-06-09,8210,0,Foreign_Dealer_Self,0
2025-06-09,8210,8000,Dealer_self,54529
2025-06-09,8210,4845,Dealer_Hedging,6016
2025-06-09,8210,116000,Investment_Trust,343000
2025-06-10,8210,2216395,Foreign_Investor,1850128
2025-06-10,8210,0,Foreign_Dealer_Self,0
2025-06-10,8210,118731,Dealer_self,126180
2025-06-10,8210,71995,Dealer_Hedging,17977
2025-06-10,8210,439000,Investment_Trust,124000
2025-06-11,8210,2226397,Foreign_Investor,1639762
2025-06-11,8210,0,Foreign_Dealer_Self,0
2025-06-11,8210,24000,Dealer_self,6324
2025-06-11,8210,56447,Dealer_Hedging,147977
2025-06-11,8210,511000,Investment_Trust,197000
2025-06-12,8210,945025,Foreign_Investor,811395
2025-06-12,8210,0,Foreign_Dealer_Self,0
2025-06-12,8210,7337,Dealer_self,26000
2025-06-12,8210,12474,Dealer_Hedging,63420
2025-06-12,8210,188000,Investment_Trust,30000
2025-06-13,8210,1307007,Foreign_Investor,1222425
2025-06-13,8210,0,Foreign_Dealer_Self,0
2025-06-13,8210,14000,Dealer_self,56000
2025-06-13,8210,21326,Dealer_Hedging,26106
2025-06-13,8210,162000,Investment_Trust,0
2025-06-16,8210,1799170,Foreign_Investor,2068121
2025-06-16,8210,0,Foreign_Dealer_Self,0
2025-06-16,8210,46000,Investment_Trust,56000
2025-06-16,8210,132957,Dealer_self,39414
2025-06-16,8210,27066,Dealer_Hedging,43472
2025-06-17,8210,2072224,Foreign_Investor,1417140
2025-06-17,8210,0,Foreign_Dealer_Self,0
2025-06-17,8210,419000,Investment_Trust,18000
2025-06-17,8210,40000,Dealer_self,76024
2025-06-17,8210,7302,Dealer_Hedging,22266
2025-06-18,8210,3198089,Foreign_Investor,3411230
2025-06-18,8210,0,Foreign_Dealer_Self,0
2025-06-18,8210,772000,Investment_Trust,0
2025-06-18,8210,52378,Dealer_self,68600
2025-06-18,8210,49057,Dealer_Hedging,20918
2025-06-19,8210,1623160,Foreign_Investor,2298250
2025-06-19,8210,0,Foreign_Dealer_Self,0
2025-06-19,8210,808000,Investment_Trust,81000
2025-06-19,8210,27000,Dealer_self,52378
2025-06-19,8210,44188,Dealer_Hedging,36186
2025-06-20,8210,2703687,Foreign_Investor,2632100
2025-06-20,8210,0,Foreign_Dealer_Self,0
2025-06-20,8210,0,Investment_Trust,54500
2025-06-20,8210,28000,Dealer_self,46123
2025-06-20,8210,14831,Dealer_Hedging,35369
2025-06-23,8210,2417520,Foreign_Investor,1784190
2025-06-23,8210,0,Foreign_Dealer_Self,0
2025-06-23,8210,0,Investment_Trust,226500
2025-06-23,8210,20000,Dealer_self,48110
2025-06-23,8210,17776,Dealer_Hedging,21815
2025-06-24,8210,0,Foreign_Dealer_Self,0
2025-06-24,8210,67000,Dealer_self,65061
2025-06-24,8210,4542,Dealer_Hedging,12215
2025-06-24,8210,3163245,Foreign_Investor,2144000
2025-06-24,8210,0,Investment_Trust,383000
2025-06-25,8210,2012345,Foreign_Investor,2166508
2025-06-25,8210,0,Foreign_Dealer_Self,0
2025-06-25,8210,41000,Dealer_self,16170
2025-06-25,8210,53709,Dealer_Hedging,29651
2025-06-25,8210,484035,Investment_Trust,246000
2025-06-26,8210,2256040,Foreign_Investor,1635403
2025-06-26,8210,0,Foreign_Dealer_Self,0
2025-06-26,8210,9000,Dealer_self,16218
2025-06-26,8210,10534,Dealer_Hedging,57960
2025-06-26,8210,129000,Investment_Trust,282000
2025-06-27,8210,1204687,Foreign_Investor,977145
2025-06-27,8210,0,Foreign_Dealer_Self,0
2025-06-27,8210,1000,Investment_Trust,45000
2025-06-27,8210,40000,Dealer_self,33473
2025-06-27,8210,31503,Dealer_Hedging,9574
2025-06-30,8210,1261085,Foreign_Investor,635306
2025-06-30,8210,0,Foreign_Dealer_Self,0
2025-06-30,8210,0,Investment_Trust,200500
2025-06-30,8210,23000,Dealer_self,8000
2025-06-30,8210,24409,Dealer_Hedging,8151
2025-07-01,8210,1049154,Foreign_Investor,439540
2025-07-01,8210,0,Foreign_Dealer_Self,0
2025-07-01,8210,22410,Dealer_self,31000
2025-07-01,8210,19760,Dealer_Hedging,8671
2025-07-01,8210,1000,Investment_Trust,265000
2025-07-02,8210,955000,Foreign_Investor,843395
2025-07-02,8210,0,Foreign_Dealer_Self,0
2025-07-02,8210,1000,Investment_Trust,28000
2025-07-02,8210,3000,Dealer_self,6000
2025-07-02,8210,16996,Dealer_Hedging,13993
2025-07-03,8210,1195500,Foreign_Investor,994295
2025-07-03,8210,0,Foreign_Dealer_Self,0
2025-07-03,8210,16000,Investment_Trust,150000
2025-07-03,8210,9257,Dealer_self,35000
2025-07-03,8210,19755,Dealer_Hedging,21566
2025-07-04,8210,666024,Foreign_Investor,300115
2025-07-04,8210,0,Foreign_Dealer_Self,0
2025-07-04,8210,25000,Investment_Trust,5000
2025-07-04,8210,5004,Dealer_self,65193
2025-07-04,8210,1538,Dealer_Hedging,5407
2025-07-07,8210,1935104,Foreign_Investor,1606195
2025-07-07,8210,0,Foreign_Dealer_Self,0
2025-07-07,8210,1000,Investment_Trust,15000
2025-07-07,8210,89000,Dealer_self,22000
2025-07-07,8210,99810,Dealer_Hedging,15850
2025-07-08,8210,1886593,Foreign_Investor,1666303
2025-07-08,8210,0,Foreign_Dealer_Self,0
2025-07-08,8210,39000,Dealer_self,90000
2025-07-08,8210,84846,Dealer_Hedging,57363
2025-07-08,8210,237000,Investment_Trust,134000
2025-07-09,8210,881102,Foreign_Investor,914794
2025-07-09,8210,0,Foreign_Dealer_Self,0
2025-07-09,8210,0,Investment_Trust,20000
2025-07-09,8210,24000,Dealer_self,41302
2025-07-09,8210,42486,Dealer_Hedging,84772
2025-07-10,8210,1383021,Foreign_Investor,812121
2025-07-10,8210,0,Foreign_Dealer_Self,0
2025-07-10,8210,79000,Dealer_self,42000
2025-07-10,8210,144653,Dealer_Hedging,11267
2025-07-10,8210,146000,Investment_Trust,90000
2025-07-11,8210,1229400,Foreign_Investor,1495568
2025-07-11,8210,0,Foreign_Dealer_Self,0
2025-07-11,8210,13000,Dealer_self,45000
2025-07-11,8210,8267,Dealer_Hedging,49761
2025-07-11,8210,28000,Investment_Trust,193000
2025-07-14,8210,741015,Foreign_Investor,482020
2025-07-14,8210,0,Foreign_Dealer_Self,0
2025-07-14,8210,150000,Investment_Trust,0
2025-07-14,8210,19000,Dealer_self,49000
2025-07-14,8210,20542,Dealer_Hedging,12020
2025-07-15,8210,948025,Foreign_Investor,634000
2025-07-15,8210,0,Foreign_Dealer_Self,0
2025-07-15,8210,18000,Investment_Trust,73000
2025-07-15,8210,20000,Dealer_self,15597
2025-07-15,8210,22461,Dealer_Hedging,21145
2025-07-16,8210,744000,Foreign_Investor,650243
2025-07-16,8210,0,Foreign_Dealer_Self,0
2025-07-16,8210,141000,Investment_Trust,17000
2025-07-16,8210,15000,Dealer_self,63059
2025-07-16,8210,4936,Dealer_Hedging,18171
2025-07-17,8210,838017,Foreign_Investor,511100
2025-07-17,8210,0,Foreign_Dealer_Self,0
2025-07-17,8210,52000,Investment_Trust,5000
2025-07-17,8210,28000,Dealer_self,19850
2025-07-17,8210,5915,Dealer_Hedging,8826
2025-07-18,8210,1066003,Foreign_Investor,564100
2025-07-18,8210,0,Foreign_Dealer_Self,0
2025-07-18,8210,22000,Dealer_self,46000
2025-07-18,8210,23195,Dealer_Hedging,9401
2025-07-18,8210,50000,Investment_Trust,142000
2025-07-21,8210,177010,Foreign_Investor,199760
2025-07-21,8210,0,Foreign_Dealer_Self,0
2025-07-21,8210,53000,Investment_Trust,24000
2025-07-21,8210,0,Dealer_self,30000
2025-07-21,8210,37000,Dealer_Hedging,5003
2025-07-22,8210,260400,Foreign_Investor,129992
2025-07-22,8210,0,Foreign_Dealer_Self,0
2025-07-22,8210,126000,Investment_Trust,31000
2025-07-22,8210,15000,Dealer_self,21000
2025-07-22,8210,6402,Dealer_Hedging,23000
2025-07-23,8210,267080,Foreign_Investor,387300
2025-07-23,8210,0,Foreign_Dealer_Self,0
2025-07-23,8210,59000,Investment_Trust,40000
2025-07-23,8210,22000,Dealer_self,10000
2025-07-23,8210,30932,Dealer_Hedging,7100
2025-07-24,8210,284042,Foreign_Investor,312000
2025-07-24,8210,0,Foreign_Dealer_Self,0
2025-07-24,8210,0,Investment_Trust,20000
2025-07-24,8210,7000,Dealer_self,10000
2025-07-24,8210,22661,Dealer_Hedging,16100
2025-07-25,8210,360447,Foreign_Investor,232020
2025-07-25,8210,0,Foreign_Dealer_Self,0
2025-07-25,8210,0,Investment_Trust,173000
2025-07-25,8210,0,Dealer_self,23000
2025-07-25,8210,7000,Dealer_Hedging,26816
2025-07-28,8210,321020,Foreign_Investor,354967
2025-07-28,8210,0,Foreign_Dealer_Self,0
2025-07-28,8210,0,Investment_Trust,74000
2025-07-28,8210,11048,Dealer_self,8170
2025-07-28,8210,1473,Dealer_Hedging,4000
2025-07-29,8210,511000,Foreign_Investor,365000
2025-07-29,8210,0,Foreign_Dealer_Self,0
2025-07-29,8210,0,Investment_Trust,15000
2025-07-29,8210,33000,Dealer_self,40184
2025-07-29,8210,13442,Dealer_Hedging,16224
2025-07-30,8210,293000,Foreign_Investor,472010
2025-07-30,8210,0,Foreign_Dealer_Self,0
2025-07-30,8210,170000,Investment_Trust,0
2025-07-30,8210,9000,Dealer_self,351
2025-07-30,8210,5853,Dealer_Hedging,10900
2025-07-31,8210,238000,Foreign_Investor,288000
2025-07-31,8210,0,Foreign_Dealer_Self,0
2025-07-31,8210,1000,Investment_Trust,33000
2025-07-31,8210,6000,Dealer_self,3000
2025-07-31,8210,5042,Dealer_Hedging,7637
2025-08-01,8210,235000,Foreign_Investor,180002
2025-08-01,8210,0,Foreign_Dealer_Self,0
2025-08-01,8210,24000,Investment_Trust,0
2025-08-01,8210,0,Dealer_self,0
2025-08-01,8210,6526,Dealer_Hedging,10000
2025-08-04,8210,461219,Foreign_Investor,1756000
2025-08-04,8210,0,Foreign_Dealer_Self,0
2025-08-04,8210,4000,Dealer_self,51000
2025-08-04,8210,60537,Dealer_Hedging,62807
2025-08-04,8210,136000,Investment_Trust,495000
2025-08-05,8210,1724500,Foreign_Investor,1509252
2025-08-05,8210,0,Foreign_Dealer_Self,0
2025-08-05,8210,39000,Investment_Trust,16000
2025-08-05,8210,30000,Dealer_self,24000
2025-08-05,8210,77545,Dealer_Hedging,9371
2025-08-06,8210,1640003,Foreign_Investor,693354
2025-08-06,8210,0,Foreign_Dealer_Self,0
2025-08-06,8210,95000,Investment_Trust,1036000
2025-08-06,8210,8000,Dealer_self,10000
2025-08-06,8210,36493,Dealer_Hedging,49526
2025-08-07,8210,929669,Foreign_Investor,985676
2025-08-07,8210,0,Foreign_Dealer_Self,0
2025-08-07,8210,103000,Investment_Trust,0
2025-08-07,8210,29000,Dealer_self,31000
2025-08-07,8210,118578,Dealer_Hedging,30712
2025-08-08,8210,1736945,Foreign_Investor,1100203
2025-08-08,8210,0,Foreign_Dealer_Self,0
2025-08-08,8210,730000,Investment_Trust,447000
2025-08-08,8210,67000,Dealer_self,36435
2025-08-08,8210,90827,Dealer_Hedging,117825
2025-08-11,8210,2081430,Foreign_Investor,2857000
2025-08-11,8210,0,Foreign_Dealer_Self,0
2025-08-11,8210,388000,Investment_Trust,601000
2025-08-11,8210,25000,Dealer_self,17000
2025-08-11,8210,43079,Dealer_Hedging,61140
2025-08-12,8210,1062800,Foreign_Investor,1054153
2025-08-12,8210,0,Foreign_Dealer_Self,0
2025-08-12,8210,645000,Investment_Trust,6000
2025-08-12,8210,23000,Dealer_self,55000
2025-08-12,8210,82698,Dealer_Hedging,23791
2025-08-13,8210,822417,Foreign_Investor,1866000
2025-08-13,8210,0,Foreign_Dealer_Self,0
2025-08-13,8210,3000,Dealer_self,70000
2025-08-13,8210,50099,Dealer_Hedging,180412
2025-08-13,8210,156000,Investment_Trust,61000
2025-08-14,8210,1039039,Foreign_Investor,717003
2025-08-14,8210,0,Foreign_Dealer_Self,0
2025-08-14,8210,4000,Dealer_self,9000
2025-08-14,8210,14616,Dealer_Hedging,9820
2025-08-14,8210,61000,Investment_Trust,289000
2025-08-15,8210,701005,Foreign_Investor,439772
2025-08-15,8210,0,Foreign_Dealer_Self,0
2025-08-15,8210,6000,Dealer_self,9622
2025-08-15,8210,6602,Dealer_Hedging,4296
2025-08-15,8210,32000,Investment_Trust,102000
2025-08-18,8210,1309000,Foreign_Investor,985000
2025-08-18,8210,0,Foreign_Dealer_Self,0
2025-08-18,8210,128000,Investment_Trust,26000
2025-08-18,8210,19452,Dealer_self,19000
2025-08-18,8210,85371,Dealer_Hedging,10010
2025-08-19,8210,1136106,Foreign_Investor,1481625
2025-08-19,8210,0,Foreign_Dealer_Self,0
2025-08-19,8210,27316,Dealer_self,42000
2025-08-19,8210,28065,Dealer_Hedging,99887
2025-08-19,8210,224000,Investment_Trust,83000
2025-08-20,8210,950003,Foreign_Investor,906447
2025-08-20,8210,0,Foreign_Dealer_Self,0
2025-08-20,8210,31000,Investment_Trust,95000
2025-08-20,8210,26000,Dealer_self,9000
2025-08-20,8210,21720,Dealer_Hedging,16260
2025-08-21,8210,542006,Foreign_Investor,868000
2025-08-21,8210,0,Foreign_Dealer_Self,0
2025-08-21,8210,51000,Investment_Trust,47000
2025-08-21,8210,4000,Dealer_self,15452
2025-08-21,8210,22162,Dealer_Hedging,16318
2025-08-22,8210,396040,Foreign_Investor,379743
2025-08-22,8210,0,Foreign_Dealer_Self,0
2025-08-22,8210,2000,Investment_Trust,76000
2025-08-22,8210,7000,Dealer_self,20000
2025-08-22,8210,11000,Dealer_Hedging,20734
2025-08-25,8210,494433,Foreign_Investor,820691
2025-08-25,8210,0,Foreign_Dealer_Self,0
2025-08-25,8210,4000,Dealer_self,0
2025-08-25,8210,21036,Dealer_Hedging,25326
2025-08-25,8210,43000,Investment_Trust,12000
2025-08-26,8210,804566,Foreign_Investor,647516
2025-08-26,8210,0,Foreign_Dealer_Self,0
2025-08-26,8210,0,Investment_Trust,0
2025-08-26,8210,0,Dealer_self,9000
2025-08-26,8210,19137,Dealer_Hedging,27213
2025-08-27,8210,534200,Foreign_Investor,949003
2025-08-27,8210,0,Foreign_Dealer_Self,0
2025-08-27,8210,1000,Investment_Trust,1000
2025-08-27,8210,52169,Dealer_self,6000
2025-08-27,8210,56848,Dealer_Hedging,22267
2025-08-28,8210,565003,Foreign_Investor,448000
2025-08-28,8210,0,Foreign_Dealer_Self,0
2025-08-28,8210,0,Investment_Trust,35000
2025-08-28,8210,5000,Dealer_self,31588
2025-08-28,8210,12874,Dealer_Hedging,35403
2025-08-29,8210,518008,Foreign_Investor,513000
2025-08-29,8210,0,Foreign_Dealer_Self,0
2025-08-29,8210,0,Investment_Trust,2000
2025-08-29,8210,26000,Dealer_self,27000
2025-08-29,8210,12723,Dealer_Hedging,14203
2025-09-01,8210,612186,Foreign_Investor,1093642
2025-09-01,8210,0,Foreign_Dealer_Self,0
2025-09-01,8210,91000,Investment_Trust,21000
2025-09-01,8210,217,Dealer_self,32000
2025-09-01,8210,64201,Dealer_Hedging,83612
2025-09-02,8210,476101,Foreign_Investor,564541
2025-09-02,8210,0,Foreign_Dealer_Self,0
2025-09-02,8210,33000,Investment_Trust,20000
2025-09-02,8210,5000,Dealer_self,2894
2025-09-02,8210,29582,Dealer_Hedging,35469
2025-09-03,8210,608707,Foreign_Investor,284000
2025-09-03,8210,0,Foreign_Dealer_Self,0
2025-09-03,8210,0,Investment_Trust,0
2025-09-03,8210,1000,Dealer_self,4000
2025-09-03,8210,17993,Dealer_Hedging,15243
2025-09-04,8210,281944,Foreign_Investor,368122
2025-09-04,8210,0,Foreign_Dealer_Self,0
2025-09-04,8210,3000,Investment_Trust,0
2025-09-04,8210,1000,Dealer_self,0
2025-09-04,8210,7000,Dealer_Hedging,13961
2025-09-05,8210,769005,Foreign_Investor,813200
2025-09-05,8210,0,Foreign_Dealer_Self,0
2025-09-05,8210,28000,Investment_Trust,2000
2025-09-05,8210,37000,Dealer_self,1000
2025-09-05,8210,104039,Dealer_Hedging,18972
2025-09-08,8210,353000,Foreign_Investor,503000
2025-09-08,8210,0,Foreign_Dealer_Self,0
2025-09-08,8210,3000,Investment_Trust,15000
2025-09-08,8210,10000,Dealer_self,34000
2025-09-08,8210,7131,Dealer_Hedging,73358
2025-09-09,8210,300401,Foreign_Investor,635300
2025-09-09,8210,0,Foreign_Dealer_Self,0
2025-09-09,8210,0,Investment_Trust,183000
2025-09-09,8210,1000,Dealer_self,2217
2025-09-09,8210,36643,Dealer_Hedging,36867
2025-09-10,8210,2783559,Foreign_Investor,1490107
2025-09-10,8210,0,Foreign_Dealer_Self,0
2025-09-10,8210,2000,Investment_Trust,0
2025-09-10,8210,42000,Dealer_self,6000
2025-09-10,8210,108391,Dealer_Hedging,49766
2025-09-11,8210,1757849,Foreign_Investor,1660700
2025-09-11,8210,0,Foreign_Dealer_Self,0
2025-09-11,8210,252000,Investment_Trust,0
2025-09-11,8210,42000,Dealer_self,39000
2025-09-11,8210,75572,Dealer_Hedging,74850
2025-09-12,8210,660700,Foreign_Investor,1568800
2025-09-12,8210,0,Foreign_Dealer_Self,0
2025-09-12,8210,0,Investment_Trust,82000
2025-09-12,8210,0,Dealer_self,28000
2025-09-12,8210,66696,Dealer_Hedging,124045
2025-09-15,8210,381005,Foreign_Investor,477000
2025-09-15,8210,0,Foreign_Dealer_Self,0
2025-09-15,8210,8000,Investment_Trust,52000
2025-09-15,8210,2000,Dealer_self,1500
2025-09-15,8210,12778,Dealer_Hedging,23044
2025-09-16,8210,198071,Foreign_Investor,533060
2025-09-16,8210,0,Foreign_Dealer_Self,0
2025-09-16,8210,0,Investment_Trust,1000
2025-09-16,8210,3000,Dealer_self,7000
2025-09-16,8210,18310,Dealer_Hedging,17647
2025-09-17,8210,273200,Foreign_Investor,426541
2025-09-17,8210,0,Foreign_Dealer_Self,0
2025-09-17,8210,33000,Investment_Trust,16000
2025-09-17,8210,0,Dealer_self,16000
2025-09-17,8210,11830,Dealer_Hedging,13316
2025-09-18,8210,371076,Foreign_Investor,332000
2025-09-18,8210,0,Foreign_Dealer_Self,0
2025-09-18,8210,28000,Investment_Trust,58000
2025-09-18,8210,1000,Dealer_self,13386
2025-09-18,8210,21766,Dealer_Hedging,13968
2025-09-19,8210,0,Foreign_Dealer_Self,0
2025-09-19,8210,42000,Investment_Trust,204000
2025-09-19,8210,1000,Dealer_self,6000
2025-09-19,8210,69000,Dealer_Hedging,74850
2025-09-19,8210,347492,Foreign_Investor,1182878
2025-09-22,8210,318122,Foreign_Investor,260335
2025-09-22,8210,0,Foreign_Dealer_Self,0
2025-09-22,8210,25000,Investment_Trust,166000
2025-09-22,8210,2000,Dealer_self,0
2025-09-22,8210,9311,Dealer_Hedging,4192
2025-09-23,8210,635030,Foreign_Investor,436008
2025-09-23,8210,0,Foreign_Dealer_Self,0
2025-09-23,8210,4000,Investment_Trust,152000
2025-09-23,8210,0,Dealer_self,1000
2025-09-23,8210,16267,Dealer_Hedging,5264
2025-09-24,8210,388250,Foreign_Investor,568414
2025-09-24,8210,0,Foreign_Dealer_Self,0
2025-09-24,8210,0,Investment_Trust,7000
2025-09-24,8210,5000,Dealer_self,0
2025-09-24,8210,21506,Dealer_Hedging,29121
2025-09-25,8210,274005,Foreign_Investor,618000
2025-09-25,8210,0,Foreign_Dealer_Self,0
2025-09-25,8210,100000,Investment_Trust,2000
2025-09-25,8210,2000,Dealer_self,2000
2025-09-25,8210,21267,Dealer_Hedging,16977
2025-09-26,8210,292520,Foreign_Investor,570272
2025-09-26,8210,0,Foreign_Dealer_Self,0
2025-09-26,8210,21000,Investment_Trust,201000
2025-09-26,8210,1000,Dealer_self,3000
2025-09-26,8210,22340,Dealer_Hedging,35677
2025-09-30,8210,424000,Foreign_Investor,343004
2025-09-30,8210,0,Foreign_Dealer_Self,0
2025-09-30,8210,0,Investment_Trust,0
2025-09-30,8210,3000,Dealer_self,0
2025-09-30,8210,29030,Dealer_Hedging,7183
2025-10-01,8210,431030,Foreign_Investor,473330
2025-10-01,8210,0,Foreign_Dealer_Self,0
2025-10-01,8210,12000,Investment_Trust,21000
2025-10-01,8210,3785,Dealer_self,1000
2025-10-01,8210,14339,Dealer_Hedging,23271
2025-10-02,8210,1334000,Foreign_Investor,1000000
2025-10-02,8210,0,Foreign_Dealer_Self,0
2025-10-02,8210,121000,Investment_Trust,26000
2025-10-02,8210,24000,Dealer_self,7000
2025-10-02,8210,124097,Dealer_Hedging,42878
2025-10-03,8210,1399500,Foreign_Investor,920300
2025-10-03,8210,0,Foreign_Dealer_Self,0
2025-10-03,8210,0,Investment_Trust,178000
2025-10-03,8210,12000,Dealer_self,8000
2025-10-03,8210,95141,Dealer_Hedging,47659
2025-10-07,8210,1620825,Foreign_Investor,1474026
2025-10-07,8210,0,Foreign_Dealer_Self,0
2025-10-07,8210,0,Investment_Trust,216000
2025-10-07,8210,15000,Dealer_self,17000
2025-10-07,8210,52230,Dealer_Hedging,89140
2025-10-08,8210,437265,Foreign_Investor,646000
2025-10-08,8210,0,Foreign_Dealer_Self,0
2025-10-08,8210,2000,Investment_Trust,4000
2025-10-08,8210,8000,Dealer_self,20000
2025-10-08,8210,22108,Dealer_Hedging,37047
2025-10-09,8210,1034507,Foreign_Investor,569000
2025-10-09,8210,0,Foreign_Dealer_Self,0
2025-10-09,8210,35000,Investment_Trust,22000
2025-10-09,8210,0,Dealer_self,2000
2025-10-09,8210,50574,Dealer_Hedging,7603
2025-10-13,8210,383076,Foreign_Investor,402507
2025-10-13,8210,0,Foreign_Dealer_Self,0
2025-10-13,8210,1000,Investment_Trust,8000
2025-10-13,8210,2500,Dealer_self,2000
2025-10-13,8210,25564,Dealer_Hedging,41834
2025-10-14,8210,444100,Foreign_Investor,559544
2025-10-14,8210,0,Foreign_Dealer_Self,0
2025-10-14,8210,2000,Investment_Trust,6000
2025-10-14,8210,5000,Dealer_self,1000
2025-10-14,8210,25524,Dealer_Hedging,65113
2025-10-15,8210,1641000,Foreign_Investor,622893
2025-10-15,8210,0,Foreign_Dealer_Self,0
2025-10-15,8210,145000,Investment_Trust,7000
2025-10-15,8210,16081,Dealer_self,0
2025-10-15,8210,158676,Dealer_Hedging,32055
2025-10-16,8210,1717253,Foreign_Investor,1230153
2025-10-16,8210,0,Foreign_Dealer_Self,0
2025-10-16,8210,1000,Investment_Trust,1000
2025-10-16,8210,35000,Dealer_self,16000
2025-10-16,8210,127034,Dealer_Hedging,148213
2025-10-17,8210,2769387,Foreign_Investor,2825164
2025-10-17,8210,0,Foreign_Dealer_Self,0
2025-10-17,8210,879000,Investment_Trust,6000
2025-10-17,8210,75000,Dealer_self,34000
2025-10-17,8210,86564,Dealer_Hedging,108981
2025-10-20,8210,1224629,Foreign_Investor,1591403
2025-10-20,8210,0,Foreign_Dealer_Self,0
2025-10-20,8210,79000,Investment_Trust,34000
2025-10-20,8210,61000,Dealer_self,33000
2025-10-20,8210,42845,Dealer_Hedging,67673
2025-10-21,8210,871050,Foreign_Investor,488046
2025-10-21,8210,0,Foreign_Dealer_Self,0
2025-10-21,8210,28000,Investment_Trust,44000
2025-10-21,8210,10000,Dealer_self,67000
2025-10-21,8210,14380,Dealer_Hedging,46094
2025-10-22,8210,1364975,Foreign_Investor,1486588
2025-10-22,8210,0,Foreign_Dealer_Self,0
2025-10-22,8210,277000,Investment_Trust,39000
2025-10-22,8210,30000,Dealer_self,8000
2025-10-22,8210,90153,Dealer_Hedging,32767
2025-10-23,8210,1196000,Foreign_Investor,1295324
2025-10-23,8210,0,Foreign_Dealer_Self,0
2025-10-23,8210,14000,Investment_Trust,80000
2025-10-23,8210,21000,Dealer_self,18500
2025-10-23,8210,51520,Dealer_Hedging,50096
2025-10-27,8210,1048822,Foreign_Investor,1304146
2025-10-27,8210,0,Foreign_Dealer_Self,0
2025-10-27,8210,412000,Investment_Trust,89006
2025-10-27,8210,23000,Dealer_self,9000
2025-10-27,8210,66771,Dealer_Hedging,61521
2025-10-28,8210,993050,Foreign_Investor,1409020
2025-10-28,8210,0,Foreign_Dealer_Self,0
2025-10-28,8210,120000,Investment_Trust,0
2025-10-28,8210,20463,Dealer_self,15000
2025-10-28,8210,55849,Dealer_Hedging,50489
2025-10-29,8210,1509001,Foreign_Investor,1432050
2025-10-29,8210,0,Foreign_Dealer_Self,0
2025-10-29,8210,12000,Investment_Trust,15000
2025-10-29,8210,6000,Dealer_self,24000
2025-10-29,8210,45874,Dealer_Hedging,72419
2025-10-30,8210,1482558,Foreign_Investor,947068
2025-10-30,8210,0,Foreign_Dealer_Self,0
2025-10-30,8210,149000,Investment_Trust,21000
2025-10-30,8210,17000,Dealer_self,34500
2025-10-30,8210,42095,Dealer_Hedging,65369
2025-10-31,8210,1140173,Foreign_Investor,1119299
2025-10-31,8210,0,Foreign_Dealer_Self,0
2025-10-31,8210,8000,Investment_Trust,193000
2025-10-31,8210,16000,Dealer_self,7500
2025-10-31,8210,32060,Dealer_Hedging,40119
2025-11-03,8210,1143430,Foreign_Investor,1089503
2025-11-03,8210,0,Foreign_Dealer_Self,0
2025-11-03,8210,52000,Investment_Trust,39000
2025-11-03,8210,18000,Dealer_self,8536
2025-11-03,8210,21393,Dealer_Hedging,20276
2025-11-04,8210,998000,Foreign_Investor,1334355
2025-11-04,8210,0,Foreign_Dealer_Self,0
2025-11-04,8210,71000,Investment_Trust,0
2025-11-04,8210,12000,Dealer_self,17000
2025-11-04,8210,29077,Dealer_Hedging,27639
2025-11-05,8210,1136543,Foreign_Investor,1109047
2025-11-05,8210,0,Foreign_Dealer_Self,0
2025-11-05,8210,96000,Investment_Trust,35000
2025-11-05,8210,22000,Dealer_self,38000
2025-11-05,8210,55339,Dealer_Hedging,70080
2025-11-06,8210,897050,Foreign_Investor,908003
2025-11-06,8210,0,Foreign_Dealer_Self,0
2025-11-06,8210,92000,Investment_Trust,0
2025-11-06,8210,14000,Dealer_self,12000
2025-11-06,8210,18848,Dealer_Hedging,15558
2025-11-07,8210,1089483,Foreign_Investor,712015
2025-11-07,8210,0,Foreign_Dealer_Self,0
2025-11-07,8210,35000,Investment_Trust,11000
2025-11-07,8210,30000,Dealer_self,22000
2025-11-07,8210,39645,Dealer_Hedging,51532
2025-11-10,8210,888910,Foreign_Investor,855517
2025-11-10,8210,0,Foreign_Dealer_Self,0
2025-11-10,8210,100000,Investment_Trust,2000
2025-11-10,8210,11000,Dealer_self,18000
2025-11-10,8210,6795,Dealer_Hedging,13884
2025-11-11,8210,825563,Foreign_Investor,1890487
2025-11-11,8210,0,Foreign_Dealer_Self,0
2025-11-11,8210,511000,Investment_Trust,7000
2025-11-11,8210,24000,Dealer_self,9000
2025-11-11,8210,35981,Dealer_Hedging,31491
2025-11-12,8210,773538,Foreign_Investor,1014290
2025-11-12,8210,0,Foreign_Dealer_Self,0
2025-11-12,8210,141000,Investment_Trust,0
2025-11-12,8210,0,Dealer_self,31600
2025-11-12,8210,25609,Dealer_Hedging,69017
2025-11-13,8210,487353,Foreign_Investor,352023
2025-11-13,8210,0,Foreign_Dealer_Self,0
2025-11-13,8210,0,Investment_Trust,12000
2025-11-13,8210,9000,Dealer_self,8000
2025-11-13,8210,8870,Dealer_Hedging,6196
2025-11-14,8210,536910,Foreign_Investor,440410
2025-11-14,8210,0,Foreign_Dealer_Self,0
2025-11-14,8210,51000,Investment_Trust,0
2025-11-14,8210,6000,Dealer_self,10000
2025-11-14,8210,17552,Dealer_Hedging,32228
2025-11-17,8210,697539,Foreign_Investor,603861
2025-11-17,8210,0,Foreign_Dealer_Self,0
2025-11-17,8210,14000,Investment_Trust,1000
2025-11-17,8210,1600,Dealer_self,9000
2025-11-17,8210,16454,Dealer_Hedging,35667
2025-11-18,8210,857118,Foreign_Investor,610159
2025-11-18,8210,0,Foreign_Dealer_Self,0
2025-11-18,8210,19000,Investment_Trust,10000
2025-11-18,8210,6000,Dealer_self,3000
2025-11-18,8210,23954,Dealer_Hedging,36919
2025-11-19,8210,479010,Foreign_Investor,418106
2025-11-19,8210,0,Foreign_Dealer_Self,0
2025-11-19,8210,34000,Investment_Trust,16000
2025-11-19,8210,1000,Dealer_self,11000
2025-11-19,8210,13658,Dealer_Hedging,19078
2025-11-20,8210,500002,Foreign_Investor,674230
2025-11-20,8210,0,Foreign_Dealer_Self,0
2025-11-20,8210,41001,Investment_Trust,16000
2025-11-20,8210,18000,Dealer_self,2000
2025-11-20,8210,22300,Dealer_Hedging,13699
2025-11-21,8210,769780,Foreign_Investor,557695
2025-11-21,8210,0,Foreign_Dealer_Self,0
2025-11-21,8210,28000,Investment_Trust,241000
2025-11-21,8210,15000,Dealer_self,31000
2025-11-21,8210,31792,Dealer_Hedging,26626
2025-11-24,8210,1246767,Foreign_Investor,1047976
2025-11-24,8210,0,Foreign_Dealer_Self,0
2025-11-24,8210,23000,Investment_Trust,157000
2025-11-24,8210,2300,Dealer_self,4000
2025-11-24,8210,22495,Dealer_Hedging,27777
2025-11-25,8210,522335,Foreign_Investor,519010
2025-11-25,8210,0,Foreign_Dealer_Self,0
2025-11-25,8210,13000,Investment_Trust,230000
2025-11-25,8210,16000,Dealer_self,6000
2025-11-25,8210,26851,Dealer_Hedging,29345
2025-11-26,8210,468218,Foreign_Investor,848017
2025-11-26,8210,0,Foreign_Dealer_Self,0
2025-11-26,8210,71000,Investment_Trust,27000
2025-11-26,8210,12000,Dealer_self,4500
2025-11-26,8210,52326,Dealer_Hedging,40888
2025-11-27,8210,844001,Foreign_Investor,1582147
2025-11-27,8210,0,Foreign_Dealer_Self,0
2025-11-27,8210,15000,Investment_Trust,127000
2025-11-27,8210,17000,Dealer_self,7000
2025-11-27,8210,88154,Dealer_Hedging,47694
2025-11-28,8210,431002,Foreign_Investor,440800
2025-11-28,8210,0,Foreign_Dealer_Self,0
2025-11-28,8210,26000,Investment_Trust,50000
2025-11-28,8210,6000,Dealer_self,14000
2025-11-28,8210,35332,Dealer_Hedging,32476
2025-12-01,8210,741698,Foreign_Investor,1039642
2025-12-01,8210,0,Foreign_Dealer_Self,0
2025-12-01,8210,88000,Investment_Trust,76100
2025-12-01,8210,7000,Dealer_self,14150
2025-12-01,8210,62145,Dealer_Hedging,85708
2025-12-02,8210,828342,Foreign_Investor,567459
2025-12-02,8210,0,Foreign_Dealer_Self,0
2025-12-02,8210,2000,Investment_Trust,587000
2025-12-02,8210,1000,Dealer_self,2150
2025-12-02,8210,36573,Dealer_Hedging,38570
2025-12-03,8210,1164967,Foreign_Investor,393000
2025-12-03,8210,0,Foreign_Dealer_Self,0
2025-12-03,8210,5000,Investment_Trust,905010
2025-12-03,8210,5000,Dealer_self,2000
2025-12-03,8210,33108,Dealer_Hedging,31815
2025-12-04,8210,376205,Foreign_Investor,240005
2025-12-04,8210,0,Foreign_Dealer_Self,0
2025-12-04,8210,124000,Investment_Trust,357000
2025-12-04,8210,3000,Dealer_self,2000
2025-12-04,8210,4883,Dealer_Hedging,4168
2025-12-05,8210,384983,Foreign_Investor,178015
2025-12-05,8210,0,Foreign_Dealer_Self,0
2025-12-05,8210,0,Investment_Trust,235600
2025-12-05,8210,2000,Dealer_self,2000
2025-12-05,8210,8515,Dealer_Hedging,7122
2025-12-08,8210,734000,Foreign_Investor,701886
2025-12-08,8210,0,Foreign_Dealer_Self,0
2025-12-08,8210,202000,Investment_Trust,90000
2025-12-08,8210,14000,Dealer_self,5000
2025-12-08,8210,42889,Dealer_Hedging,15903
2025-12-09,8210,1138010,Foreign_Investor,1194222
2025-12-09,8210,0,Foreign_Dealer_Self,0
2025-12-09,8210,50000,Investment_Trust,131290
2025-12-09,8210,2076,Dealer_self,13000
2025-12-09,8210,61626,Dealer_Hedging,91394
2025-12-10,8210,528953,Foreign_Investor,642793
2025-12-10,8210,0,Foreign_Dealer_Self,0
2025-12-10,8210,13000,Investment_Trust,86000
2025-12-10,8210,2000,Dealer_self,1300
2025-12-10,8210,30080,Dealer_Hedging,34865
2025-12-11,8210,1041100,Foreign_Investor,776070
2025-12-11,8210,0,Foreign_Dealer_Self,0
2025-12-11,8210,133000,Investment_Trust,1000
2025-12-11,8210,3000,Dealer_self,6000
2025-12-11,8210,28866,Dealer_Hedging,21306
2025-12-12,8210,638000,Foreign_Investor,681036
2025-12-12,8210,0,Foreign_Dealer_Self,0
2025-12-12,8210,91000,Investment_Trust,0
2025-12-12,8210,2000,Dealer_self,1000
2025-12-12,8210,19941,Dealer_Hedging,2613
2025-12-15,8210,454200,Foreign_Investor,969500
2025-12-15,8210,0,Foreign_Dealer_Self,0
2025-12-15,8210,3000,Investment_Trust,268400
2025-12-15,8210,6000,Dealer_self,4000
2025-12-15,8210,109000,Dealer_Hedging,118333
2025-12-16,8210,245513,Foreign_Investor,385650
2025-12-16,8210,0,Foreign_Dealer_Self,0
2025-12-16,8210,149000,Investment_Trust,22000
2025-12-16,8210,5000,Dealer_self,5500
2025-12-16,8210,20716,Dealer_Hedging,29678
2025-12-17,8210,807005,Foreign_Investor,943720
2025-12-17,8210,0,Foreign_Dealer_Self,0
2025-12-17,8210,309000,Investment_Trust,0
2025-12-17,8210,8065,Dealer_self,1000
2025-12-17,8210,56665,Dealer_Hedging,19326
2025-12-18,8210,578561,Foreign_Investor,642000
2025-12-18,8210,0,Foreign_Dealer_Self,0
2025-12-18,8210,146000,Investment_Trust,191000
2025-12-18,8210,5000,Dealer_self,9000
2025-12-18,8210,2102,Dealer_Hedging,29020
2025-12-19,8210,1111250,Foreign_Investor,1039001
2025-12-19,8210,0,Foreign_Dealer_Self,0
2025-12-19,8210,581800,Investment_Trust,0
2025-12-19,8210,6000,Dealer_self,1000
2025-12-19,8210,158589,Dealer_Hedging,84667
2025-12-22,8210,446170,Foreign_Investor,1060010
2025-12-22,8210,0,Foreign_Dealer_Self,0
2025-12-22,8210,318000,Investment_Trust,0
2025-12-22,8210,10000,Dealer_self,7000
2025-12-22,8210,108309,Dealer_Hedging,37767
2025-12-23,8210,537022,Foreign_Investor,792377
2025-12-23,8210,0,Foreign_Dealer_Self,0
2025-12-23,8210,348000,Investment_Trust,0
2025-12-23,8210,7000,Dealer_self,4000
2025-12-23,8210,148382,Dealer_Hedging,43119
2025-12-24,8210,627032,Foreign_Investor,897683
2025-12-24,8210,0,Foreign_Dealer_Self,0
2025-12-24,8210,403000,Investment_Trust,2000
2025-12-24,8210,17000,Dealer_self,4000
2025-12-24,8210,90629,Dealer_Hedging,46858
2025-12-26,8210,256037,Foreign_Investor,484879
2025-12-26,8210,0,Foreign_Dealer_Self,0
2025-12-26,8210,215000,Investment_Trust,1000
2025-12-26,8210,3000,Dealer_self,4000
2025-12-26,8210,46585,Dealer_Hedging,46776
2025-12-29,8210,0,Foreign_Dealer_Self,0
2025-12-29,8210,104000,Investment_Trust,0
2025-12-29,8210,2000,Dealer_self,4000
2025-12-29,8210,83192,Dealer_Hedging,58207
2025-12-29,8210,428850,Foreign_Investor,279256
2025-12-30,8210,392001,Foreign_Investor,311000
2025-12-30,8210,0,Foreign_Dealer_Self,0
2025-12-30,8210,252000,Investment_Trust,32000
2025-12-30,8210,3000,Dealer_self,0
2025-12-30,8210,57494,Dealer_Hedging,67689
2025-12-31,8210,416000,Foreign_Investor,499924
2025-12-31,8210,0,Foreign_Dealer_Self,0
2025-12-31,8210,293000,Investment_Trust,18000
2025-12-31,8210,2400,Dealer_self,7000
2025-12-31,8210,41944,Dealer_Hedging,79699
2026-01-02,8210,699266,Foreign_Investor,1533050
2026-01-02,8210,0,Foreign_Dealer_Self,0
2026-01-02,8210,72000,Investment_Trust,0
2026-01-02,8210,11000,Dealer_self,10000
2026-01-02,8210,96712,Dealer_Hedging,61492
2026-01-05,8210,535300,Foreign_Investor,661880
2026-01-05,8210,0,Foreign_Dealer_Self,0
2026-01-05,8210,9000,Investment_Trust,32000
2026-01-05,8210,1000,Dealer_self,1000
2026-01-05,8210,18753,Dealer_Hedging,16071
2026-01-06,8210,1072135,Foreign_Investor,764301
2026-01-06,8210,0,Foreign_Dealer_Self,0
2026-01-06,8210,20002,Investment_Trust,137000
2026-01-06,8210,37000,Dealer_self,1000
2026-01-06,8210,141016,Dealer_Hedging,90604
2026-01-07,8210,763726,Foreign_Investor,966919
2026-01-07,8210,0,Foreign_Dealer_Self,0
2026-01-07,8210,204000,Investment_Trust,6000
2026-01-07,8210,42000,Dealer_self,7000
2026-01-07,8210,29867,Dealer_Hedging,48869
2026-01-08,8210,1313080,Foreign_Investor,1859051
2026-01-08,8210,0,Foreign_Dealer_Self,0
2026-01-08,8210,31000,Investment_Trust,149000
2026-01-08,8210,11000,Dealer_self,11000
2026-01-08,8210,123694,Dealer_Hedging,113157
2026-01-09,8210,547030,Foreign_Investor,1229000
2026-01-09,8210,0,Foreign_Dealer_Self,0
2026-01-09,8210,211000,Investment_Trust,32000
2026-01-09,8210,0,Dealer_self,6110
2026-01-09,8210,91021,Dealer_Hedging,69546
2026-01-12,8210,390000,Foreign_Investor,453597
2026-01-12,8210,0,Foreign_Dealer_Self,0
2026-01-12,8210,0,Investment_Trust,4000
2026-01-12,8210,0,Dealer_self,0
2026-01-12,8210,31000,Dealer_Hedging,25576
2026-01-13,8210,1202300,Foreign_Investor,763329
2026-01-13,8210,0,Foreign_Dealer_Self,0
2026-01-13,8210,21000,Dealer_self,21000
2026-01-13,8210,85993,Dealer_Hedging,52395
2026-01-13,8210,426101,Investment_Trust,1000
2026-01-14,8210,1012020,Foreign_Investor,1148255
2026-01-14,8210,0,Foreign_Dealer_Self,0
2026-01-14,8210,16000,Dealer_self,35000
2026-01-14,8210,110658,Dealer_Hedging,85625
2026-01-14,8210,92000,Investment_Trust,1000
2026-01-15,8210,238072,Foreign_Investor,1007000
2026-01-15,8210,0,Foreign_Dealer_Self,0
2026-01-15,8210,8000,Investment_Trust,23000
2026-01-15,8210,11000,Dealer_self,2000
2026-01-15,8210,60942,Dealer_Hedging,106174
2026-01-16,8210,281018,Foreign_Investor,614194
2026-01-16,8210,0,Foreign_Dealer_Self,0
2026-01-16,8210,4000,Investment_Trust,40000
2026-01-16,8210,2000,Dealer_self,6000
2026-01-16,8210,44335,Dealer_Hedging,50149
2026-01-19,8210,267640,Foreign_Investor,761050
2026-01-19,8210,0,Foreign_Dealer_Self,0
2026-01-19,8210,12000,Investment_Trust,23000
2026-01-19,8210,0,Dealer_self,6000
2026-01-19,8210,95862,Dealer_Hedging,109575
2026-01-20,8210,272005,Foreign_Investor,532870
2026-01-20,8210,0,Foreign_Dealer_Self,0
2026-01-20,8210,9000,Investment_Trust,137000
2026-01-20,8210,0,Dealer_self,3000
2026-01-20,8210,86000,Dealer_Hedging,78104
2026-01-21,8210,874105,Foreign_Investor,580011
2026-01-21,8210,0,Foreign_Dealer_Self,0
2026-01-21,8210,16000,Investment_Trust,32000
2026-01-21,8210,3200,Dealer_self,29000
2026-01-21,8210,54152,Dealer_Hedging,22983
2026-01-22,8210,1064000,Foreign_Investor,658245
2026-01-22,8210,0,Foreign_Dealer_Self,0
2026-01-22,8210,16600,Investment_Trust,9000
2026-01-22,8210,3116,Dealer_self,4000
2026-01-22,8210,72696,Dealer_Hedging,53550
2026-01-23,8210,1667815,Foreign_Investor,770044
2026-01-23,8210,0,Foreign_Dealer_Self,0
2026-01-23,8210,80000,Investment_Trust,0
2026-01-23,8210,7000,Dealer_self,2000
2026-01-23,8210,81560,Dealer_Hedging,89770
2026-01-26,8210,853106,Foreign_Investor,845003
2026-01-26,8210,0,Foreign_Dealer_Self,0
2026-01-26,8210,0,Investment_Trust,157000
2026-01-26,8210,18000,Dealer_self,3000
2026-01-26,8210,65241,Dealer_Hedging,57817
2026-01-27,8210,829002,Foreign_Investor,502129
2026-01-27,8210,0,Foreign_Dealer_Self,0
2026-01-27,8210,41000,Investment_Trust,233000
2026-01-27,8210,1000,Dealer_self,4000
2026-01-27,8210,46022,Dealer_Hedging,35979
2026-01-28,8210,1042005,Foreign_Investor,1601882
2026-01-28,8210,0,Foreign_Dealer_Self,0
2026-01-28,8210,45000,Investment_Trust,222001
2026-01-28,8210,2000,Dealer_self,1000
2026-01-28,8210,31607,Dealer_Hedging,46047
2026-01-29,8210,598535,Foreign_Investor,528939
2026-01-29,8210,0,Foreign_Dealer_Self,0
2026-01-29,8210,5000,Dealer_self,16400
2026-01-29,8210,22795,Dealer_Hedging,35978
2026-01-29,8210,17000,Investment_Trust,473000
2026-01-30,8210,543091,Foreign_Investor,816811
2026-01-30,8210,0,Foreign_Dealer_Self,0
2026-01-30,8210,1000,Dealer_self,24000
2026-01-30,8210,81417,Dealer_Hedging,95979
2026-01-30,8210,21000,Investment_Trust,511000
2026-02-02,8210,684030,Foreign_Investor,570000
2026-02-02,8210,0,Foreign_Dealer_Self,0
2026-02-02,8210,1000,Investment_Trust,157000
2026-02-02,8210,2070,Dealer_self,6000
2026-02-02,8210,25852,Dealer_Hedging,19875
2026-02-03,8210,1259700,Foreign_Investor,441490
2026-02-03,8210,0,Foreign_Dealer_Self,0
2026-02-03,8210,64000,Investment_Trust,5000
2026-02-03,8210,2000,Dealer_self,6000
2026-02-03,8210,114943,Dealer_Hedging,76173
2026-02-04,8210,1820000,Foreign_Investor,949207
2026-02-04,8210,0,Foreign_Dealer_Self,0
2026-02-04,8210,8000,Investment_Trust,251000
2026-02-04,8210,15000,Dealer_self,8000
2026-02-04,8210,162090,Dealer_Hedging,100504
2026-02-05,8210,3229713,Foreign_Investor,1269347
2026-02-05,8210,0,Foreign_Dealer_Self,0
2026-02-05,8210,27000,Investment_Trust,157000
2026-02-05,8210,34000,Dealer_self,16000
2026-02-05,8210,309000,Dealer_Hedging,369558
2026-02-06,8210,626507,Foreign_Investor,1019940
2026-02-06,8210,0,Foreign_Dealer_Self,0
2026-02-06,8210,94000,Investment_Trust,0
2026-02-06,8210,15000,Dealer_self,28116
2026-02-06,8210,27870,Dealer_Hedging,122195
2026-02-09,8210,937895,Foreign_Investor,2357169
2026-02-09,8210,0,Foreign_Dealer_Self,0
2026-02-09,8210,100000,Investment_Trust,262000
2026-02-09,8210,1000,Dealer_self,8000
2026-02-09,8210,167507,Dealer_Hedging,181850
2026-02-10,8210,1369444,Foreign_Investor,922371
2026-02-10,8210,0,Foreign_Dealer_Self,0
2026-02-10,8210,20800,Investment_Trust,0
2026-02-10,8210,16000,Dealer_self,8000
2026-02-10,8210,105383,Dealer_Hedging,31596
2026-02-11,8210,539860,Foreign_Investor,794896
2026-02-11,8210,0,Foreign_Dealer_Self,0
2026-02-11,8210,479000,Investment_Trust,11000
2026-02-11,8210,16336,Dealer_self,22200
2026-02-11,8210,28064,Dealer_Hedging,73401
2026-02-23,8210,0,Foreign_Dealer_Self,0
2026-02-23,8210,2000,Investment_Trust,985000
2026-02-23,8210,8000,Dealer_self,17000
2026-02-23,8210,317765,Dealer_Hedging,311848
2026-02-23,8210,842195,Foreign_Investor,4122134
2026-02-24,8210,1237244,Foreign_Investor,2385197
2026-02-24,8210,0,Foreign_Dealer_Self,0
2026-02-24,8210,12000,Investment_Trust,2112000
2026-02-24,8210,3000,Dealer_self,22000
2026-02-24,8210,188222,Dealer_Hedging,205023
2026-02-25,8210,1555615,Foreign_Investor,818368
2026-02-25,8210,0,Foreign_Dealer_Self,0
2026-02-25,8210,3000,Investment_Trust,381000
2026-02-25,8210,0,Dealer_self,1000
2026-02-25,8210,82965,Dealer_Hedging,23336
2026-02-26,8210,1639878,Foreign_Investor,1810112
2026-02-26,8210,0,Foreign_Dealer_Self,0
2026-02-26,8210,1000,Investment_Trust,124000
2026-02-26,8210,15000,Dealer_self,0
2026-02-26,8210,40637,Dealer_Hedging,55827
2026-03-02,8210,1103402,Foreign_Investor,475972
2026-03-02,8210,0,Foreign_Dealer_Self,0
2026-03-02,8210,32000,Investment_Trust,20000
2026-03-02,8210,8000,Dealer_self,1065
2026-03-02,8210,73326,Dealer_Hedging,32662
2026-03-03,8210,987236,Foreign_Investor,901183
2026-03-03,8210,0,Foreign_Dealer_Self,0
2026-03-03,8210,1000,Investment_Trust,139000
2026-03-03,8210,0,Dealer_self,3000
2026-03-03,8210,64558,Dealer_Hedging,111348
2026-03-04,8210,490021,Foreign_Investor,997336
2026-03-04,8210,0,Foreign_Dealer_Self,0
2026-03-04,8210,43000,Investment_Trust,1000
2026-03-04,8210,3000,Dealer_self,13000
2026-03-04,8210,100888,Dealer_Hedging,128119
2026-03-05,8210,998006,Foreign_Investor,481011
2026-03-05,8210,0,Foreign_Dealer_Self,0
2026-03-05,8210,174000,Investment_Trust,17000
2026-03-05,8210,12000,Dealer_self,2000
2026-03-05,8210,121416,Dealer_Hedging,93781
2026-03-06,8210,750331,Foreign_Investor,441506
2026-03-06,8210,0,Foreign_Dealer_Self,0
2026-03-06,8210,14000,Investment_Trust,0
2026-03-06,8210,0,Dealer_self,0
2026-03-06,8210,67777,Dealer_Hedging,30724
2026-03-09,8210,704090,Foreign_Investor,1186427
2026-03-09,8210,0,Foreign_Dealer_Self,0
2026-03-09,8210,53000,Investment_Trust,10600
2026-03-09,8210,3000,Dealer_self,14000
2026-03-09,8210,82740,Dealer_Hedging,168293
2026-03-10,8210,664006,Foreign_Investor,805777
2026-03-10,8210,0,Foreign_Dealer_Self,0
2026-03-10,8210,9000,Investment_Trust,8000
2026-03-10,8210,2000,Dealer_self,29000
2026-03-10,8210,17277,Dealer_Hedging,22813
2026-03-11,8210,1001237,Foreign_Investor,2585997
2026-03-11,8210,0,Foreign_Dealer_Self,0
2026-03-11,8210,0,Investment_Trust,181300
2026-03-11,8210,23000,Dealer_self,6000
2026-03-11,8210,198509,Dealer_Hedging,228031
2026-03-12,8210,797312,Foreign_Investor,1305782
2026-03-12,8210,0,Foreign_Dealer_Self,0
2026-03-12,8210,103000,Investment_Trust,13000
2026-03-12,8210,7000,Dealer_self,21000
2026-03-12,8210,72620,Dealer_Hedging,93608
2026-03-13,8210,725435,Foreign_Investor,644074
2026-03-13,8210,0,Foreign_Dealer_Self,0
2026-03-13,8210,0,Investment_Trust,10000
2026-03-13,8210,2000,Dealer_self,7000
2026-03-13,8210,35785,Dealer_Hedging,31579
2026-03-16,8210,354170,Foreign_Investor,531615
2026-03-16,8210,0,Foreign_Dealer_Self,0
2026-03-16,8210,5000,Investment_Trust,153700
2026-03-16,8210,0,Dealer_self,3000
2026-03-16,8210,29665,Dealer_Hedging,35049
2026-03-17,8210,489150,Foreign_Investor,1083130
2026-03-17,8210,0,Foreign_Dealer_Self,0
2026-03-17,8210,2000,Investment_Trust,4000
2026-03-17,8210,6000,Dealer_self,4300
2026-03-17,8210,64147,Dealer_Hedging,61822
2026-03-18,8210,1116205,Foreign_Investor,824200
2026-03-18,8210,0,Foreign_Dealer_Self,0
2026-03-18,8210,2000,Investment_Trust,951338
2026-03-18,8210,5000,Dealer_self,2000
2026-03-18,8210,93767,Dealer_Hedging,78152
2026-03-19,8210,1151071,Foreign_Investor,805152
2026-03-19,8210,0,Foreign_Dealer_Self,0
2026-03-19,8210,5000,Investment_Trust,461000
2026-03-19,8210,4000,Dealer_self,5000
2026-03-19,8210,67638,Dealer_Hedging,47714
2026-03-20,8210,0,Foreign_Dealer_Self,0
2026-03-20,8210,12501,Investment_Trust,278000
2026-03-20,8210,2000,Dealer_self,6000
2026-03-20,8210,36859,Dealer_Hedging,32714
2026-03-20,8210,1275936,Foreign_Investor,851083
2026-03-23,8210,506296,Foreign_Investor,805552
2026-03-23,8210,0,Foreign_Dealer_Self,0
2026-03-23,8210,7000,Investment_Trust,15000
2026-03-23,8210,0,Dealer_self,6000
2026-03-23,8210,23571,Dealer_Hedging,33833
2026-03-24,8210,717126,Foreign_Investor,1681955
2026-03-24,8210,0,Foreign_Dealer_Self,0
2026-03-24,8210,3278,Investment_Trust,0
2026-03-24,8210,17000,Dealer_self,3000
2026-03-24,8210,115289,Dealer_Hedging,168202
2026-03-25,8210,1817623,Foreign_Investor,566408
2026-03-25,8210,0,Foreign_Dealer_Self,0
2026-03-25,8210,169554,Investment_Trust,204000
2026-03-25,8210,5000,Dealer_self,4000
2026-03-25,8210,143583,Dealer_Hedging,61919
2026-03-26,8210,748442,Foreign_Investor,952000
2026-03-26,8210,0,Foreign_Dealer_Self,0
2026-03-26,8210,8628,Investment_Trust,254000
2026-03-26,8210,6000,Dealer_self,3000
2026-03-26,8210,43464,Dealer_Hedging,64945
2026-03-27,8210,610000,Foreign_Investor,531280
2026-03-27,8210,0,Foreign_Dealer_Self,0
2026-03-27,8210,13158,Investment_Trust,1000
2026-03-27,8210,4000,Dealer_self,7000
2026-03-27,8210,36660,Dealer_Hedging,14010
2026-03-30,8210,746015,Foreign_Investor,1375263
2026-03-30,8210,0,Foreign_Dealer_Self,0
2026-03-30,8210,1288,Investment_Trust,297000
2026-03-30,8210,4000,Dealer_self,4319
2026-03-30,8210,39711,Dealer_Hedging,75109
2026-03-31,8210,623344,Foreign_Investor,1605686
2026-03-31,8210,0,Foreign_Dealer_Self,0
2026-03-31,8210,74725,Investment_Trust,275000
2026-03-31,8210,7000,Dealer_self,7000
2026-03-31,8210,121003,Dealer_Hedging,223594
2026-04-01,8210,1244770,Foreign_Investor,564205
2026-04-01,8210,0,Foreign_Dealer_Self,0
2026-04-01,8210,17000,Investment_Trust,966
2026-04-01,8210,8000,Dealer_self,1000
2026-04-01,8210,76392,Dealer_Hedging,47792
2026-04-02,8210,644487,Foreign_Investor,3035000
2026-04-02,8210,0,Foreign_Dealer_Self,0
2026-04-02,8210,0,Investment_Trust,974000
2026-04-02,8210,0,Dealer_self,3000
2026-04-02,8210,431000,Dealer_Hedging,502359
2026-04-07,8210,1067105,Foreign_Investor,881075
2026-04-07,8210,0,Foreign_Dealer_Self,0
2026-04-07,8210,0,Dealer_self,10000
2026-04-07,8210,81615,Dealer_Hedging,110922
2026-04-07,8210,14000,Investment_Trust,1025000
2026-04-08,8210,2074010,Foreign_Investor,711972
2026-04-08,8210,0,Foreign_Dealer_Self,0
2026-04-08,8210,0,Investment_Trust,489334
2026-04-08,8210,5000,Dealer_self,0
2026-04-08,8210,151341,Dealer_Hedging,47404
2026-04-09,8210,615856,Foreign_Investor,1288030
2026-04-09,8210,0,Foreign_Dealer_Self,0
2026-04-09,8210,18000,Investment_Trust,100000
2026-04-09,8210,0,Dealer_self,1223
2026-04-09,8210,99785,Dealer_Hedging,143147
2026-04-10,8210,508455,Foreign_Investor,429086
2026-04-10,8210,0,Foreign_Dealer_Self,0
2026-04-10,8210,0,Investment_Trust,269
2026-04-10,8210,0,Dealer_self,0
2026-04-10,8210,30305,Dealer_Hedging,19081
2026-04-13,8210,910931,Foreign_Investor,670732
2026-04-13,8210,0,Foreign_Dealer_Self,0
2026-04-13,8210,31000,Investment_Trust,82000
2026-04-13,8210,0,Dealer_self,500
2026-04-13,8210,76384,Dealer_Hedging,48454
2026-04-14,8210,1923603,Foreign_Investor,1899023
2026-04-14,8210,0,Foreign_Dealer_Self,0
2026-04-14,8210,5000,Dealer_self,1000
2026-04-14,8210,206355,Dealer_Hedging,156579
2026-04-14,8210,809000,Investment_Trust,67000
2026-04-15,8210,1834237,Foreign_Investor,1916004
2026-04-15,8210,0,Foreign_Dealer_Self,0
2026-04-15,8210,110000,Investment_Trust,2000
2026-04-15,8210,55000,Dealer_self,1206
2026-04-15,8210,212995,Dealer_Hedging,127923
2026-04-16,8210,2024103,Foreign_Investor,977330
2026-04-16,8210,0,Foreign_Dealer_Self,0
2026-04-16,8210,120000,Investment_Trust,29000
2026-04-16,8210,15000,Dealer_self,5000
2026-04-16,8210,90350,Dealer_Hedging,133039
2026-04-17,8210,1083105,Foreign_Investor,617083
2026-04-17,8210,0,Foreign_Dealer_Self,0
2026-04-17,8210,13000,Investment_Trust,27000
2026-04-17,8210,2000,Dealer_self,27000
2026-04-17,8210,61008,Dealer_Hedging,67695
2026-04-20,8210,591230,Foreign_Investor,722000
2026-04-20,8210,0,Foreign_Dealer_Self,0
2026-04-20,8210,83000,Investment_Trust,8000
2026-04-20,8210,6000,Dealer_self,17000
2026-04-20,8210,52539,Dealer_Hedging,79100
2026-04-21,8210,581185,Foreign_Investor,446216
2026-04-21,8210,0,Foreign_Dealer_Self,0
2026-04-21,8210,20000,Investment_Trust,24000
2026-04-21,8210,2000,Dealer_self,12000
2026-04-21,8210,26141,Dealer_Hedging,68656
2026-04-22,8210,766670,Foreign_Investor,598100
2026-04-22,8210,0,Foreign_Dealer_Self,0
2026-04-22,8210,44000,Investment_Trust,1000
2026-04-22,8210,1000,Dealer_self,4000
2026-04-22,8210,110805,Dealer_Hedging,48980
2026-04-23,8210,2515181,Foreign_Investor,1547964
2026-04-23,8210,0,Foreign_Dealer_Self,0
2026-04-23,8210,76000,Investment_Trust,1000
2026-04-23,8210,4000,Dealer_self,12000
2026-04-23,8210,361589,Dealer_Hedging,379249
2026-04-24,8210,1828145,Foreign_Investor,1138910
2026-04-24,8210,0,Foreign_Dealer_Self,0
2026-04-24,8210,232000,Investment_Trust,2000
2026-04-24,8210,35100,Dealer_self,9000
2026-04-24,8210,254743,Dealer_Hedging,187616
2026-04-27,8210,2177860,Foreign_Investor,2794001
2026-04-27,8210,0,Foreign_Dealer_Self,0
2026-04-27,8210,0,Dealer_self,9000
2026-04-27,8210,160177,Dealer_Hedging,245461
2026-04-27,8210,348000,Investment_Trust,4000
2026-04-28,8210,713080,Foreign_Investor,1197656
2026-04-28,8210,0,Foreign_Dealer_Self,0
2026-04-28,8210,123000,Investment_Trust,68000
2026-04-28,8210,1000,Dealer_self,4000
2026-04-28,8210,107862,Dealer_Hedging,42922
2026-04-29,8210,498010,Foreign_Investor,1185850
2026-04-29,8210,0,Foreign_Dealer_Self,0
2026-04-29,8210,1000,Dealer_self,0
2026-04-29,8210,23794,Dealer_Hedging,100211
2026-04-29,8210,177000,Investment_Trust,60000
2026-04-30,8210,480030,Foreign_Investor,967001
2026-04-30,8210,0,Foreign_Dealer_Self,0
2026-04-30,8210,8000,Investment_Trust,10000
2026-04-30,8210,14000,Dealer_self,0
2026-04-30,8210,29816,Dealer_Hedging,24687
2026-05-04,8210,281453,Foreign_Investor,374076
2026-05-04,8210,0,Foreign_Dealer_Self,0
2026-05-04,8210,51000,Investment_Trust,4000
2026-05-04,8210,3000,Dealer_self,2000
2026-05-04,8210,56897,Dealer_Hedging,52760
2026-05-05,8210,718000,Foreign_Investor,342728
2026-05-05,8210,0,Foreign_Dealer_Self,0
2026-05-05,8210,329000,Investment_Trust,0
2026-05-05,8210,5000,Dealer_self,2000
2026-05-05,8210,180738,Dealer_Hedging,54207
2026-05-06,8210,1629072,Foreign_Investor,2272100
2026-05-06,8210,0,Foreign_Dealer_Self,0
2026-05-06,8210,696000,Investment_Trust,54000
2026-05-06,8210,14350,Dealer_self,23000
2026-05-06,8210,190007,Dealer_Hedging,162476
2026-05-07,8210,2008707,Foreign_Investor,3158783
2026-05-07,8210,0,Foreign_Dealer_Self,0
2026-05-07,8210,59300,Dealer_self,1000
2026-05-07,8210,261893,Dealer_Hedging,365604
2026-05-07,8210,1240000,Investment_Trust,508000
2026-05-08,8210,1881305,Foreign_Investor,1114850
2026-05-08,8210,0,Foreign_Dealer_Self,0
2026-05-08,8210,1045000,Investment_Trust,1000
2026-05-08,8210,13000,Dealer_self,41000
2026-05-08,8210,220676,Dealer_Hedging,201403
2026-05-11,8210,1072290,Foreign_Investor,767136
2026-05-11,8210,0,Foreign_Dealer_Self,0
2026-05-11,8210,8000,Dealer_self,7000
2026-05-11,8210,244506,Dealer_Hedging,206998
2026-05-11,8210,857000,Investment_Trust,3000
2026-05-12,8210,1748961,Foreign_Investor,2311709
2026-05-12,8210,0,Foreign_Dealer_Self,0
2026-05-12,8210,401000,Investment_Trust,20000
2026-05-12,8210,19550,Dealer_self,38000
2026-05-12,8210,47901,Dealer_Hedging,153748
2026-05-13,8210,867080,Foreign_Investor,1582215
2026-05-13,8210,0,Foreign_Dealer_Self,0
2026-05-13,8210,787000,Investment_Trust,24000
2026-05-13,8210,19154,Dealer_self,23000
2026-05-13,8210,66019,Dealer_Hedging,80735
2026-05-14,8210,593274,Foreign_Investor,1120633
2026-05-14,8210,0,Foreign_Dealer_Self,0
2026-05-14,8210,218000,Investment_Trust,2000
2026-05-14,8210,13000,Dealer_self,15000
2026-05-14,8210,25849,Dealer_Hedging,51840
2026-05-15,8210,693529,Foreign_Investor,699240
2026-05-15,8210,0,Foreign_Dealer_Self,0
2026-05-15,8210,254000,Investment_Trust,54000
2026-05-15,8210,20000,Dealer_self,7154
2026-05-15,8210,30030,Dealer_Hedging,34733
2026-05-18,8210,579551,Foreign_Investor,617209
2026-05-18,8210,0,Foreign_Dealer_Self,0
2026-05-18,8210,205000,Investment_Trust,27000
2026-05-18,8210,5210,Dealer_self,23000
2026-05-18,8210,44552,Dealer_Hedging,54279
2026-05-19,8210,507081,Foreign_Investor,485949
2026-05-19,8210,0,Foreign_Dealer_Self,0
2026-05-19,8210,15000,Investment_Trust,68000
2026-05-19,8210,0,Dealer_self,12200
2026-05-19,8210,18934,Dealer_Hedging,71412
2026-05-20,8210,511633,Foreign_Investor,377342
2026-05-20,8210,0,Foreign_Dealer_Self,0
2026-05-20,8210,12000,Investment_Trust,118000
2026-05-20,8210,14000,Dealer_self,12000
2026-05-20,8210,22922,Dealer_Hedging,62248
2026-05-21,8210,251632,Foreign_Investor,830979
2026-05-21,8210,0,Foreign_Dealer_Self,0
2026-05-21,8210,217000,Investment_Trust,1000
2026-05-21,8210,4000,Dealer_self,3000
2026-05-21,8210,56165,Dealer_Hedging,41856
2026-05-22,8210,244060,Foreign_Investor,720130
2026-05-22,8210,0,Foreign_Dealer_Self,0
2026-05-22,8210,20000,Investment_Trust,0
2026-05-22,8210,16000,Dealer_self,1000
2026-05-22,8210,104444,Dealer_Hedging,86945
2026-05-25,8210,448783,Foreign_Investor,844901
2026-05-25,8210,0,Foreign_Dealer_Self,0
2026-05-25,8210,212400,Investment_Trust,7000
2026-05-25,8210,7000,Dealer_self,3000
2026-05-25,8210,74825,Dealer_Hedging,51971
2026-05-26,8210,306030,Foreign_Investor,794567
2026-05-26,8210,0,Foreign_Dealer_Self,0
2026-05-26,8210,342000,Investment_Trust,6000
2026-05-26,8210,1160,Dealer_self,1000
2026-05-26,8210,32281,Dealer_Hedging,40673
2026-05-27,8210,183202,Foreign_Investor,602509
2026-05-27,8210,0,Foreign_Dealer_Self,0
2026-05-27,8210,250000,Investment_Trust,1000
2026-05-27,8210,1000,Dealer_self,8130
2026-05-27,8210,67348,Dealer_Hedging,85396
2026-05-28,8210,436437,Foreign_Investor,652264
2026-05-28,8210,0,Foreign_Dealer_Self,0
2026-05-28,8210,0,Investment_Trust,145000
2026-05-28,8210,0,Dealer_self,6000
2026-05-28,8210,123071,Dealer_Hedging,143511
2026-05-29,8210,365846,Foreign_Investor,419100
2026-05-29,8210,0,Foreign_Dealer_Self,0
2026-05-29,8210,1000,Investment_Trust,132000
2026-05-29,8210,1000,Dealer_self,0
2026-05-29,8210,36270,Dealer_Hedging,22806
2026-06-01,8210,339604,Foreign_Investor,273975
2026-06-01,8210,0,Foreign_Dealer_Self,0
2026-06-01,8210,1000,Investment_Trust,0
2026-06-01,8210,10000,Dealer_self,0
2026-06-01,8210,34864,Dealer_Hedging,24375
2026-06-02,8210,642052,Foreign_Investor,578084
2026-06-02,8210,0,Foreign_Dealer_Self,0
2026-06-02,8210,1000,Investment_Trust,87000
2026-06-02,8210,2000,Dealer_self,23000
2026-06-02,8210,42010,Dealer_Hedging,55575
2026-06-03,8210,714502,Foreign_Investor,545415
2026-06-03,8210,0,Foreign_Dealer_Self,0
2026-06-03,8210,34000,Investment_Trust,77000
2026-06-03,8210,1000,Dealer_self,160
2026-06-03,8210,69764,Dealer_Hedging,45873
2026-06-04,8210,891073,Foreign_Investor,831071
2026-06-04,8210,0,Foreign_Dealer_Self,0
2026-06-04,8210,34000,Investment_Trust,15000
2026-06-04,8210,5000,Dealer_self,100
2026-06-04,8210,78095,Dealer_Hedging,85327
2026-06-05,8210,507179,Foreign_Investor,1004693
2026-06-05,8210,0,Foreign_Dealer_Self,0
2026-06-05,8210,15000,Investment_Trust,0
2026-06-05,8210,10000,Dealer_self,18000
2026-06-05,8210,95997,Dealer_Hedging,118796
2026-06-08,8210,735995,Foreign_Investor,1298454
2026-06-08,8210,0,Foreign_Dealer_Self,0
2026-06-08,8210,1000,Dealer_self,1000
2026-06-08,8210,71574,Dealer_Hedging,61268
2026-06-08,8210,31000,Investment_Trust,2000
2026-06-09,8210,1036384,Foreign_Investor,673600
2026-06-09,8210,0,Foreign_Dealer_Self,0
2026-06-09,8210,254000,Investment_Trust,0
2026-06-09,8210,4000,Dealer_self,7000
2026-06-09,8210,181687,Dealer_Hedging,123350
