date,stock_id,buy,name,sell
2024-04-22,8271,252000,Foreign_Investor,599000
2024-04-22,8271,0,Foreign_Dealer_Self,0
2024-04-22,8271,0,Investment_Trust,0
2024-04-22,8271,19000,Dealer_self,10072
2024-04-22,8271,0,Dealer_Hedging,32002
2024-04-23,8271,174000,Foreign_Investor,445000
2024-04-23,8271,0,Foreign_Dealer_Self,0
2024-04-23,8271,0,Investment_Trust,0
2024-04-23,8271,30000,Dealer_self,2228
2024-04-23,8271,0,Dealer_Hedging,0
2024-04-24,8271,451000,Foreign_Investor,489000
2024-04-24,8271,0,Foreign_Dealer_Self,0
2024-04-24,8271,0,Investment_Trust,0
2024-04-24,8271,3471,Dealer_self,1547
2024-04-24,8271,5000,Dealer_Hedging,402
2024-04-25,8271,52000,Foreign_Investor,307000
2024-04-25,8271,0,Foreign_Dealer_Self,0
2024-04-25,8271,0,Investment_Trust,0
2024-04-25,8271,1000,Dealer_self,1072
2024-04-25,8271,0,Dealer_Hedging,1182
2024-04-26,8271,244440,Foreign_Investor,329000
2024-04-26,8271,0,Foreign_Dealer_Self,0
2024-04-26,8271,0,Investment_Trust,0
2024-04-26,8271,1891,Dealer_self,1620
2024-04-26,8271,0,Dealer_Hedging,585
2024-04-29,8271,320000,Foreign_Investor,411000
2024-04-29,8271,0,Foreign_Dealer_Self,0
2024-04-29,8271,0,Investment_Trust,0
2024-04-29,8271,1000,Dealer_self,147
2024-04-29,8271,2000,Dealer_Hedging,0
2024-04-30,8271,315000,Foreign_Investor,1006000
2024-04-30,8271,0,Foreign_Dealer_Self,0
2024-04-30,8271,0,Investment_Trust,0
2024-04-30,8271,1000,Dealer_self,1004
2024-04-30,8271,0,Dealer_Hedging,0
2024-05-02,8271,504000,Foreign_Investor,378000
2024-05-02,8271,0,Foreign_Dealer_Self,0
2024-05-02,8271,0,Investment_Trust,0
2024-05-02,8271,4000,Dealer_self,3308
2024-05-02,8271,0,Dealer_Hedging,0
2024-05-03,8271,274000,Foreign_Investor,329015
2024-05-03,8271,0,Foreign_Dealer_Self,0
2024-05-03,8271,0,Investment_Trust,0
2024-05-03,8271,1000,Dealer_self,984
2024-05-03,8271,0,Dealer_Hedging,0
2024-05-06,8271,731000,Foreign_Investor,407000
2024-05-06,8271,0,Foreign_Dealer_Self,0
2024-05-06,8271,0,Investment_Trust,0
2024-05-06,8271,0,Dealer_self,196
2024-05-06,8271,11000,Dealer_Hedging,13
2024-05-07,8271,1378075,Foreign_Investor,944000
2024-05-07,8271,0,Foreign_Dealer_Self,0
2024-05-07,8271,0,Investment_Trust,0
2024-05-07,8271,5182,Dealer_self,11315
2024-05-07,8271,19000,Dealer_Hedging,1561
2024-05-08,8271,262000,Foreign_Investor,442000
2024-05-08,8271,0,Foreign_Dealer_Self,0
2024-05-08,8271,0,Investment_Trust,0
2024-05-08,8271,0,Dealer_self,0
2024-05-08,8271,0,Dealer_Hedging,0
2024-05-09,8271,136000,Foreign_Investor,671000
2024-05-09,8271,0,Foreign_Dealer_Self,0
2024-05-09,8271,0,Investment_Trust,0
2024-05-09,8271,3000,Dealer_self,18928
2024-05-09,8271,1000,Dealer_Hedging,3549
2024-05-10,8271,329000,Foreign_Investor,446674
2024-05-10,8271,0,Foreign_Dealer_Self,0
2024-05-10,8271,0,Investment_Trust,0
2024-05-10,8271,3000,Dealer_self,2875
2024-05-10,8271,0,Dealer_Hedging,16110
2024-05-13,8271,173000,Foreign_Investor,693000
2024-05-13,8271,0,Foreign_Dealer_Self,0
2024-05-13,8271,0,Investment_Trust,0
2024-05-13,8271,14000,Dealer_self,6638
2024-05-13,8271,0,Dealer_Hedging,27000
2024-05-14,8271,201000,Foreign_Investor,503000
2024-05-14,8271,0,Foreign_Dealer_Self,0
2024-05-14,8271,0,Investment_Trust,0
2024-05-14,8271,6000,Dealer_self,5100
2024-05-14,8271,0,Dealer_Hedging,0
2024-05-15,8271,239000,Foreign_Investor,516000
2024-05-15,8271,0,Foreign_Dealer_Self,0
2024-05-15,8271,34000,Investment_Trust,0
2024-05-15,8271,13000,Dealer_self,6096
2024-05-15,8271,0,Dealer_Hedging,1541
2024-05-16,8271,296000,Foreign_Investor,583334
2024-05-16,8271,0,Foreign_Dealer_Self,0
2024-05-16,8271,99000,Investment_Trust,0
2024-05-16,8271,10000,Dealer_self,13640
2024-05-16,8271,1000,Dealer_Hedging,1000
2024-05-17,8271,151000,Foreign_Investor,481000
2024-05-17,8271,0,Foreign_Dealer_Self,0
2024-05-17,8271,182636,Investment_Trust,0
2024-05-17,8271,4000,Dealer_self,11848
2024-05-17,8271,0,Dealer_Hedging,1
2024-05-20,8271,155000,Foreign_Investor,224000
2024-05-20,8271,0,Foreign_Dealer_Self,0
2024-05-20,8271,0,Investment_Trust,0
2024-05-20,8271,14000,Dealer_self,4530
2024-05-20,8271,0,Dealer_Hedging,0
2024-05-21,8271,269000,Foreign_Investor,336000
2024-05-21,8271,0,Foreign_Dealer_Self,0
2024-05-21,8271,0,Investment_Trust,0
2024-05-21,8271,0,Dealer_self,1320
2024-05-21,8271,0,Dealer_Hedging,0
2024-05-22,8271,142000,Foreign_Investor,487000
2024-05-22,8271,0,Foreign_Dealer_Self,0
2024-05-22,8271,0,Investment_Trust,0
2024-05-22,8271,0,Dealer_self,1000
2024-05-22,8271,0,Dealer_Hedging,1000
2024-05-23,8271,54000,Foreign_Investor,467000
2024-05-23,8271,0,Foreign_Dealer_Self,0
2024-05-23,8271,0,Investment_Trust,0
2024-05-23,8271,3000,Dealer_self,5124
2024-05-23,8271,0,Dealer_Hedging,2000
2024-05-24,8271,324000,Foreign_Investor,160000
2024-05-24,8271,0,Foreign_Dealer_Self,0
2024-05-24,8271,0,Investment_Trust,0
2024-05-24,8271,2000,Dealer_self,4109
2024-05-24,8271,0,Dealer_Hedging,0
2024-05-27,8271,500000,Foreign_Investor,238000
2024-05-27,8271,0,Foreign_Dealer_Self,0
2024-05-27,8271,0,Investment_Trust,37574
2024-05-27,8271,1000,Dealer_self,2018
2024-05-27,8271,5000,Dealer_Hedging,0
2024-05-28,8271,531000,Foreign_Investor,1713000
2024-05-28,8271,0,Foreign_Dealer_Self,0
2024-05-28,8271,0,Investment_Trust,18783
2024-05-28,8271,1000,Dealer_self,1080
2024-05-28,8271,0,Dealer_Hedging,0
2024-05-29,8271,586029,Foreign_Investor,455000
2024-05-29,8271,0,Foreign_Dealer_Self,0
2024-05-29,8271,0,Investment_Trust,12521
2024-05-29,8271,11000,Dealer_self,1000
2024-05-29,8271,2000,Dealer_Hedging,0
2024-05-30,8271,98560,Foreign_Investor,676000
2024-05-30,8271,0,Foreign_Dealer_Self,0
2024-05-30,8271,0,Investment_Trust,0
2024-05-30,8271,0,Dealer_self,718
2024-05-30,8271,0,Dealer_Hedging,0
2024-05-31,8271,102000,Foreign_Investor,354000
2024-05-31,8271,0,Foreign_Dealer_Self,0
2024-05-31,8271,0,Investment_Trust,2087
2024-05-31,8271,4000,Dealer_self,6918
2024-05-31,8271,0,Dealer_Hedging,0
2024-06-03,8271,557000,Foreign_Investor,147000
2024-06-03,8271,0,Foreign_Dealer_Self,0
2024-06-03,8271,0,Investment_Trust,0
2024-06-03,8271,11000,Dealer_self,326
2024-06-03,8271,0,Dealer_Hedging,0
2024-06-04,8271,231000,Foreign_Investor,333000
2024-06-04,8271,0,Foreign_Dealer_Self,0
2024-06-04,8271,0,Investment_Trust,0
2024-06-04,8271,406,Dealer_self,0
2024-06-04,8271,0,Dealer_Hedging,0
2024-06-05,8271,132000,Foreign_Investor,158000
2024-06-05,8271,0,Foreign_Dealer_Self,0
2024-06-05,8271,0,Investment_Trust,6260
2024-06-05,8271,1000,Dealer_self,1002
2024-06-05,8271,0,Dealer_Hedging,0
2024-06-06,8271,139000,Foreign_Investor,264000
2024-06-06,8271,0,Foreign_Dealer_Self,0
2024-06-06,8271,0,Investment_Trust,10435
2024-06-06,8271,4000,Dealer_self,1414
2024-06-06,8271,256,Dealer_Hedging,0
2024-06-07,8271,275001,Foreign_Investor,255000
2024-06-07,8271,0,Foreign_Dealer_Self,0
2024-06-07,8271,0,Investment_Trust,2088
2024-06-07,8271,0,Dealer_self,2487
2024-06-07,8271,0,Dealer_Hedging,0
2024-06-11,8271,23000,Foreign_Investor,227000
2024-06-11,8271,0,Foreign_Dealer_Self,0
2024-06-11,8271,0,Investment_Trust,2088
2024-06-11,8271,6000,Dealer_self,10739
2024-06-11,8271,0,Dealer_Hedging,1
2024-06-12,8271,333000,Foreign_Investor,139000
2024-06-12,8271,0,Foreign_Dealer_Self,0
2024-06-12,8271,0,Investment_Trust,2087
2024-06-12,8271,4000,Dealer_self,497
2024-06-12,8271,0,Dealer_Hedging,1
2024-06-13,8271,328000,Foreign_Investor,243000
2024-06-13,8271,0,Foreign_Dealer_Self,0
2024-06-13,8271,0,Investment_Trust,10439
2024-06-13,8271,0,Dealer_self,0
2024-06-13,8271,0,Dealer_Hedging,0
2024-06-14,8271,204000,Foreign_Investor,115000
2024-06-14,8271,0,Foreign_Dealer_Self,0
2024-06-14,8271,0,Investment_Trust,4176
2024-06-14,8271,0,Dealer_self,0
2024-06-14,8271,0,Dealer_Hedging,0
2024-06-17,8271,252000,Foreign_Investor,39000
2024-06-17,8271,0,Foreign_Dealer_Self,0
2024-06-17,8271,0,Investment_Trust,2088
2024-06-17,8271,0,Dealer_self,9280
2024-06-17,8271,0,Dealer_Hedging,0
2024-06-18,8271,222000,Foreign_Investor,264000
2024-06-18,8271,0,Foreign_Dealer_Self,0
2024-06-18,8271,0,Investment_Trust,0
2024-06-18,8271,0,Dealer_self,0
2024-06-18,8271,0,Dealer_Hedging,0
2024-06-19,8271,46000,Foreign_Investor,520000
2024-06-19,8271,0,Foreign_Dealer_Self,0
2024-06-19,8271,0,Investment_Trust,0
2024-06-19,8271,13000,Dealer_self,3971
2024-06-19,8271,0,Dealer_Hedging,0
2024-06-20,8271,659000,Foreign_Investor,108000
2024-06-20,8271,0,Foreign_Dealer_Self,0
2024-06-20,8271,0,Investment_Trust,0
2024-06-20,8271,10000,Dealer_self,231
2024-06-20,8271,0,Dealer_Hedging,0
2024-06-21,8271,86000,Foreign_Investor,308050
2024-06-21,8271,0,Foreign_Dealer_Self,0
2024-06-21,8271,0,Investment_Trust,0
2024-06-21,8271,14000,Dealer_self,1310
2024-06-21,8271,0,Dealer_Hedging,0
2024-06-24,8271,28000,Foreign_Investor,480000
2024-06-24,8271,0,Foreign_Dealer_Self,0
2024-06-24,8271,0,Investment_Trust,4191
2024-06-24,8271,5000,Dealer_self,7948
2024-06-24,8271,0,Dealer_Hedging,0
2024-06-25,8271,95000,Foreign_Investor,361000
2024-06-25,8271,0,Foreign_Dealer_Self,0
2024-06-25,8271,0,Investment_Trust,50000
2024-06-25,8271,3000,Dealer_self,13533
2024-06-25,8271,0,Dealer_Hedging,0
2024-06-26,8271,122000,Foreign_Investor,169000
2024-06-26,8271,0,Foreign_Dealer_Self,0
2024-06-26,8271,0,Investment_Trust,0
2024-06-26,8271,4000,Dealer_self,3802
2024-06-26,8271,0,Dealer_Hedging,0
2024-06-27,8271,56050,Foreign_Investor,308000
2024-06-27,8271,0,Foreign_Dealer_Self,0
2024-06-27,8271,0,Investment_Trust,0
2024-06-27,8271,1000,Dealer_self,1680
2024-06-27,8271,0,Dealer_Hedging,0
2024-06-28,8271,501000,Foreign_Investor,250000
2024-06-28,8271,0,Foreign_Dealer_Self,0
2024-06-28,8271,0,Investment_Trust,15394
2024-06-28,8271,2000,Dealer_self,258
2024-06-28,8271,0,Dealer_Hedging,0
2024-07-01,8271,299000,Foreign_Investor,653000
2024-07-01,8271,0,Foreign_Dealer_Self,0
2024-07-01,8271,0,Investment_Trust,67700
2024-07-01,8271,5000,Dealer_self,3546
2024-07-01,8271,0,Dealer_Hedging,1695
2024-07-02,8271,135000,Foreign_Investor,1033000
2024-07-02,8271,0,Foreign_Dealer_Self,0
2024-07-02,8271,0,Investment_Trust,67725
2024-07-02,8271,7000,Dealer_self,7597
2024-07-02,8271,0,Dealer_Hedging,1
2024-07-03,8271,297000,Foreign_Investor,248000
2024-07-03,8271,0,Foreign_Dealer_Self,0
2024-07-03,8271,324202,Investment_Trust,0
2024-07-03,8271,3000,Dealer_self,10097
2024-07-03,8271,0,Dealer_Hedging,0
2024-07-04,8271,218000,Foreign_Investor,567000
2024-07-04,8271,0,Foreign_Dealer_Self,0
2024-07-04,8271,2055,Investment_Trust,0
2024-07-04,8271,5452,Dealer_self,2961
2024-07-04,8271,190,Dealer_Hedging,0
2024-07-05,8271,223000,Foreign_Investor,300000
2024-07-05,8271,0,Foreign_Dealer_Self,0
2024-07-05,8271,2055,Investment_Trust,0
2024-07-05,8271,2000,Dealer_self,1741
2024-07-05,8271,0,Dealer_Hedging,0
2024-07-08,8271,404000,Foreign_Investor,984000
2024-07-08,8271,0,Foreign_Dealer_Self,0
2024-07-08,8271,0,Investment_Trust,0
2024-07-08,8271,9000,Dealer_self,8951
2024-07-08,8271,3000,Dealer_Hedging,885
2024-07-09,8271,138000,Foreign_Investor,1015000
2024-07-09,8271,0,Foreign_Dealer_Self,0
2024-07-09,8271,0,Investment_Trust,0
2024-07-09,8271,15000,Dealer_self,21055
2024-07-09,8271,1000,Dealer_Hedging,25513
2024-07-10,8271,116000,Foreign_Investor,282000
2024-07-10,8271,0,Foreign_Dealer_Self,0
2024-07-10,8271,0,Investment_Trust,0
2024-07-10,8271,5000,Dealer_self,6771
2024-07-10,8271,0,Dealer_Hedging,5
2024-07-11,8271,210000,Foreign_Investor,142000
2024-07-11,8271,0,Foreign_Dealer_Self,0
2024-07-11,8271,0,Investment_Trust,0
2024-07-11,8271,3000,Dealer_self,4547
2024-07-11,8271,0,Dealer_Hedging,0
2024-07-12,8271,161000,Foreign_Investor,179000
2024-07-12,8271,0,Foreign_Dealer_Self,0
2024-07-12,8271,0,Investment_Trust,0
2024-07-12,8271,31000,Dealer_self,2126
2024-07-12,8271,0,Dealer_Hedging,0
2024-07-15,8271,44000,Foreign_Investor,401000
2024-07-15,8271,0,Foreign_Dealer_Self,0
2024-07-15,8271,0,Investment_Trust,0
2024-07-15,8271,11000,Dealer_self,13389
2024-07-15,8271,0,Dealer_Hedging,0
2024-07-16,8271,270033,Foreign_Investor,50000
2024-07-16,8271,0,Foreign_Dealer_Self,0
2024-07-16,8271,5137,Investment_Trust,0
2024-07-16,8271,0,Dealer_self,9273
2024-07-16,8271,0,Dealer_Hedging,0
2024-07-17,8271,79000,Foreign_Investor,103000
2024-07-17,8271,0,Foreign_Dealer_Self,0
2024-07-17,8271,2055,Investment_Trust,0
2024-07-17,8271,5000,Dealer_self,1874
2024-07-17,8271,0,Dealer_Hedging,1000
2024-07-18,8271,145020,Foreign_Investor,485000
2024-07-18,8271,0,Foreign_Dealer_Self,0
2024-07-18,8271,16437,Investment_Trust,0
2024-07-18,8271,13000,Dealer_self,13516
2024-07-18,8271,0,Dealer_Hedging,44
2024-07-19,8271,144000,Foreign_Investor,363062
2024-07-19,8271,0,Foreign_Dealer_Self,0
2024-07-19,8271,0,Investment_Trust,0
2024-07-19,8271,10000,Dealer_self,10006
2024-07-19,8271,0,Dealer_Hedging,1000
2024-07-22,8271,266000,Foreign_Investor,302000
2024-07-22,8271,0,Foreign_Dealer_Self,0
2024-07-22,8271,9195,Investment_Trust,0
2024-07-22,8271,14000,Dealer_self,8880
2024-07-22,8271,0,Dealer_Hedging,12000
2024-07-23,8271,149000,Foreign_Investor,215000
2024-07-23,8271,0,Foreign_Dealer_Self,0
2024-07-23,8271,16342,Investment_Trust,0
2024-07-23,8271,1000,Dealer_self,279
2024-07-23,8271,0,Dealer_Hedging,0
2024-07-26,8271,78000,Foreign_Investor,302000
2024-07-26,8271,0,Foreign_Dealer_Self,0
2024-07-26,8271,7268,Investment_Trust,0
2024-07-26,8271,5000,Dealer_self,19688
2024-07-26,8271,0,Dealer_Hedging,0
2024-07-29,8271,240000,Foreign_Investor,595000
2024-07-29,8271,0,Foreign_Dealer_Self,0
2024-07-29,8271,0,Investment_Trust,0
2024-07-29,8271,22000,Dealer_self,13560
2024-07-29,8271,0,Dealer_Hedging,0
2024-07-30,8271,690000,Foreign_Investor,121103
2024-07-30,8271,0,Foreign_Dealer_Self,0
2024-07-30,8271,0,Investment_Trust,0
2024-07-30,8271,11000,Dealer_self,32652
2024-07-30,8271,0,Dealer_Hedging,0
2024-07-31,8271,368000,Foreign_Investor,198000
2024-07-31,8271,0,Foreign_Dealer_Self,0
2024-07-31,8271,0,Investment_Trust,0
2024-07-31,8271,11000,Dealer_self,7021
2024-07-31,8271,0,Dealer_Hedging,3122
2024-08-01,8271,326020,Foreign_Investor,86842
2024-08-01,8271,0,Foreign_Dealer_Self,0
2024-08-01,8271,0,Investment_Trust,0
2024-08-01,8271,28000,Dealer_self,151
2024-08-01,8271,0,Dealer_Hedging,0
2024-08-02,8271,113000,Foreign_Investor,360000
2024-08-02,8271,0,Foreign_Dealer_Self,0
2024-08-02,8271,0,Investment_Trust,0
2024-08-02,8271,30000,Dealer_self,7236
2024-08-02,8271,0,Dealer_Hedging,5365
2024-08-05,8271,579020,Foreign_Investor,332000
2024-08-05,8271,0,Foreign_Dealer_Self,0
2024-08-05,8271,0,Investment_Trust,0
2024-08-05,8271,23000,Dealer_self,77167
2024-08-05,8271,0,Dealer_Hedging,677
2024-08-06,8271,393000,Foreign_Investor,478000
2024-08-06,8271,0,Foreign_Dealer_Self,0
2024-08-06,8271,0,Investment_Trust,0
2024-08-06,8271,47000,Dealer_self,12550
2024-08-06,8271,0,Dealer_Hedging,10012
2024-08-07,8271,261000,Foreign_Investor,130179
2024-08-07,8271,0,Foreign_Dealer_Self,0
2024-08-07,8271,0,Investment_Trust,0
2024-08-07,8271,3000,Dealer_self,11890
2024-08-07,8271,0,Dealer_Hedging,0
2024-08-08,8271,122000,Foreign_Investor,121000
2024-08-08,8271,0,Foreign_Dealer_Self,0
2024-08-08,8271,0,Investment_Trust,0
2024-08-08,8271,3000,Dealer_self,11439
2024-08-08,8271,0,Dealer_Hedging,36
2024-08-09,8271,128000,Foreign_Investor,152000
2024-08-09,8271,0,Foreign_Dealer_Self,0
2024-08-09,8271,0,Investment_Trust,4153
2024-08-09,8271,5000,Dealer_self,7517
2024-08-09,8271,0,Dealer_Hedging,0
2024-08-12,8271,145000,Foreign_Investor,67000
2024-08-12,8271,0,Foreign_Dealer_Self,0
2024-08-12,8271,1027,Investment_Trust,0
2024-08-12,8271,1008,Dealer_self,1238
2024-08-12,8271,0,Dealer_Hedging,0
2024-08-13,8271,152000,Foreign_Investor,123000
2024-08-13,8271,0,Foreign_Dealer_Self,0
2024-08-13,8271,0,Investment_Trust,0
2024-08-13,8271,0,Dealer_self,3003
2024-08-13,8271,0,Dealer_Hedging,0
2024-08-14,8271,87000,Foreign_Investor,99000
2024-08-14,8271,0,Foreign_Dealer_Self,0
2024-08-14,8271,0,Investment_Trust,0
2024-08-14,8271,2000,Dealer_self,84726
2024-08-14,8271,0,Dealer_Hedging,0
2024-08-15,8271,55000,Foreign_Investor,47000
2024-08-15,8271,0,Foreign_Dealer_Self,0
2024-08-15,8271,0,Investment_Trust,0
2024-08-15,8271,1000,Dealer_self,835
2024-08-15,8271,0,Dealer_Hedging,0
2024-08-16,8271,106000,Foreign_Investor,33000
2024-08-16,8271,0,Foreign_Dealer_Self,0
2024-08-16,8271,3081,Investment_Trust,0
2024-08-16,8271,1000,Dealer_self,0
2024-08-16,8271,0,Dealer_Hedging,0
2024-08-19,8271,111000,Foreign_Investor,77000
2024-08-19,8271,0,Foreign_Dealer_Self,0
2024-08-19,8271,0,Investment_Trust,0
2024-08-19,8271,1000,Dealer_self,2153
2024-08-19,8271,0,Dealer_Hedging,0
2024-08-20,8271,83000,Foreign_Investor,72000
2024-08-20,8271,0,Foreign_Dealer_Self,0
2024-08-20,8271,0,Investment_Trust,0
2024-08-20,8271,0,Dealer_self,0
2024-08-20,8271,0,Dealer_Hedging,0
2024-08-21,8271,40639,Foreign_Investor,105000
2024-08-21,8271,0,Foreign_Dealer_Self,0
2024-08-21,8271,0,Investment_Trust,0
2024-08-21,8271,0,Dealer_self,786
2024-08-21,8271,0,Dealer_Hedging,0
2024-08-22,8271,85000,Foreign_Investor,150000
2024-08-22,8271,0,Foreign_Dealer_Self,0
2024-08-22,8271,0,Investment_Trust,0
2024-08-22,8271,0,Dealer_self,1000
2024-08-22,8271,0,Dealer_Hedging,0
2024-08-23,8271,70000,Foreign_Investor,154000
2024-08-23,8271,0,Foreign_Dealer_Self,0
2024-08-23,8271,0,Investment_Trust,0
2024-08-23,8271,0,Dealer_self,1144
2024-08-23,8271,0,Dealer_Hedging,0
2024-08-26,8271,359000,Foreign_Investor,154000
2024-08-26,8271,0,Foreign_Dealer_Self,0
2024-08-26,8271,2071,Investment_Trust,0
2024-08-26,8271,1000,Dealer_self,502
2024-08-26,8271,0,Dealer_Hedging,0
2024-08-27,8271,23000,Foreign_Investor,240000
2024-08-27,8271,0,Foreign_Dealer_Self,0
2024-08-27,8271,1035,Investment_Trust,0
2024-08-27,8271,0,Dealer_self,162
2024-08-27,8271,0,Dealer_Hedging,0
2024-08-28,8271,128000,Foreign_Investor,55000
2024-08-28,8271,0,Foreign_Dealer_Self,0
2024-08-28,8271,0,Investment_Trust,0
2024-08-28,8271,0,Dealer_self,252
2024-08-28,8271,0,Dealer_Hedging,0
2024-08-29,8271,74000,Foreign_Investor,127000
2024-08-29,8271,0,Foreign_Dealer_Self,0
2024-08-29,8271,1035,Investment_Trust,0
2024-08-29,8271,0,Dealer_self,1000
2024-08-29,8271,0,Dealer_Hedging,0
2024-08-30,8271,39000,Foreign_Investor,98000
2024-08-30,8271,0,Foreign_Dealer_Self,0
2024-08-30,8271,0,Investment_Trust,0
2024-08-30,8271,3000,Dealer_self,1254
2024-08-30,8271,0,Dealer_Hedging,0
2024-09-02,8271,69000,Foreign_Investor,18000
2024-09-02,8271,0,Foreign_Dealer_Self,0
2024-09-02,8271,3107,Investment_Trust,0
2024-09-02,8271,1000,Dealer_self,3962
2024-09-02,8271,0,Dealer_Hedging,0
2024-09-03,8271,51000,Foreign_Investor,46000
2024-09-03,8271,0,Foreign_Dealer_Self,0
2024-09-03,8271,15534,Investment_Trust,0
2024-09-03,8271,1000,Dealer_self,1316
2024-09-03,8271,0,Dealer_Hedging,0
2024-09-04,8271,138000,Foreign_Investor,255000
2024-09-04,8271,0,Foreign_Dealer_Self,0
2024-09-04,8271,17643,Investment_Trust,0
2024-09-04,8271,9000,Dealer_self,20558
2024-09-04,8271,0,Dealer_Hedging,6
2024-09-05,8271,33000,Foreign_Investor,71000
2024-09-05,8271,0,Foreign_Dealer_Self,0
2024-09-05,8271,5204,Investment_Trust,0
2024-09-05,8271,3000,Dealer_self,3224
2024-09-05,8271,0,Dealer_Hedging,118
2024-09-06,8271,86000,Foreign_Investor,90000
2024-09-06,8271,0,Foreign_Dealer_Self,0
2024-09-06,8271,64623,Investment_Trust,0
2024-09-06,8271,2000,Dealer_self,3813
2024-09-06,8271,0,Dealer_Hedging,2000
2024-09-09,8271,90000,Foreign_Investor,77000
2024-09-09,8271,0,Foreign_Dealer_Self,0
2024-09-09,8271,5926,Investment_Trust,0
2024-09-09,8271,1000,Dealer_self,4860
2024-09-09,8271,0,Dealer_Hedging,0
2024-09-10,8271,75000,Foreign_Investor,181000
2024-09-10,8271,0,Foreign_Dealer_Self,0
2024-09-10,8271,5803,Investment_Trust,0
2024-09-10,8271,4000,Dealer_self,4592
2024-09-10,8271,0,Dealer_Hedging,0
2024-09-11,8271,30000,Foreign_Investor,39000
2024-09-11,8271,0,Foreign_Dealer_Self,0
2024-09-11,8271,10449,Investment_Trust,0
2024-09-11,8271,4000,Dealer_self,4223
2024-09-11,8271,0,Dealer_Hedging,2
2024-09-12,8271,98000,Foreign_Investor,34000
2024-09-12,8271,0,Foreign_Dealer_Self,0
2024-09-12,8271,5802,Investment_Trust,0
2024-09-12,8271,6000,Dealer_self,9199
2024-09-12,8271,0,Dealer_Hedging,0
2024-09-13,8271,59000,Foreign_Investor,22000
2024-09-13,8271,0,Foreign_Dealer_Self,0
2024-09-13,8271,12766,Investment_Trust,0
2024-09-13,8271,0,Dealer_self,40
2024-09-13,8271,0,Dealer_Hedging,0
2024-09-16,8271,69000,Foreign_Investor,29000
2024-09-16,8271,0,Foreign_Dealer_Self,0
2024-09-16,8271,5792,Investment_Trust,0
2024-09-16,8271,1000,Dealer_self,155
2024-09-16,8271,0,Dealer_Hedging,0
2024-09-18,8271,29000,Foreign_Investor,113000
2024-09-18,8271,0,Foreign_Dealer_Self,0
2024-09-18,8271,23157,Investment_Trust,0
2024-09-18,8271,2000,Dealer_self,3052
2024-09-18,8271,0,Dealer_Hedging,0
2024-09-19,8271,25000,Foreign_Investor,83000
2024-09-19,8271,0,Foreign_Dealer_Self,0
2024-09-19,8271,32428,Investment_Trust,0
2024-09-19,8271,2000,Dealer_self,785
2024-09-19,8271,0,Dealer_Hedging,0
2024-09-20,8271,55000,Foreign_Investor,49000
2024-09-20,8271,0,Foreign_Dealer_Self,0
2024-09-20,8271,0,Investment_Trust,0
2024-09-20,8271,2000,Dealer_self,11313
2024-09-20,8271,0,Dealer_Hedging,0
2024-09-23,8271,210000,Foreign_Investor,19000
2024-09-23,8271,0,Foreign_Dealer_Self,0
2024-09-23,8271,0,Investment_Trust,0
2024-09-23,8271,3000,Dealer_self,689
2024-09-23,8271,0,Dealer_Hedging,2586
2024-09-24,8271,53000,Foreign_Investor,113008
2024-09-24,8271,0,Foreign_Dealer_Self,0
2024-09-24,8271,0,Investment_Trust,0
2024-09-24,8271,7001,Dealer_self,375
2024-09-24,8271,0,Dealer_Hedging,0
2024-09-25,8271,128000,Foreign_Investor,116000
2024-09-25,8271,0,Foreign_Dealer_Self,0
2024-09-25,8271,0,Investment_Trust,0
2024-09-25,8271,5000,Dealer_self,1383
2024-09-25,8271,0,Dealer_Hedging,0
2024-09-26,8271,149000,Foreign_Investor,220000
2024-09-26,8271,0,Foreign_Dealer_Self,0
2024-09-26,8271,0,Investment_Trust,0
2024-09-26,8271,7000,Dealer_self,4819
2024-09-26,8271,0,Dealer_Hedging,0
2024-09-27,8271,60020,Foreign_Investor,60000
2024-09-27,8271,0,Foreign_Dealer_Self,0
2024-09-27,8271,0,Investment_Trust,0
2024-09-27,8271,2000,Dealer_self,141
2024-09-27,8271,0,Dealer_Hedging,0
2024-09-30,8271,62000,Foreign_Investor,86000
2024-09-30,8271,0,Foreign_Dealer_Self,0
2024-09-30,8271,0,Investment_Trust,0
2024-09-30,8271,24000,Dealer_self,1275
2024-09-30,8271,0,Dealer_Hedging,17866
2024-10-01,8271,22000,Foreign_Investor,81000
2024-10-01,8271,0,Foreign_Dealer_Self,0
2024-10-01,8271,0,Investment_Trust,0
2024-10-01,8271,2000,Dealer_self,2797
2024-10-01,8271,0,Dealer_Hedging,0
2024-10-04,8271,42000,Foreign_Investor,48000
2024-10-04,8271,0,Foreign_Dealer_Self,0
2024-10-04,8271,0,Investment_Trust,0
2024-10-04,8271,0,Dealer_self,0
2024-10-04,8271,0,Dealer_Hedging,0
2024-10-07,8271,502000,Foreign_Investor,175000
2024-10-07,8271,0,Foreign_Dealer_Self,0
2024-10-07,8271,0,Investment_Trust,0
2024-10-07,8271,0,Dealer_self,0
2024-10-07,8271,0,Dealer_Hedging,0
2024-10-08,8271,99000,Foreign_Investor,220000
2024-10-08,8271,0,Foreign_Dealer_Self,0
2024-10-08,8271,0,Investment_Trust,0
2024-10-08,8271,1000,Dealer_self,2949
2024-10-08,8271,0,Dealer_Hedging,7000
2024-10-09,8271,87020,Foreign_Investor,314000
2024-10-09,8271,0,Foreign_Dealer_Self,0
2024-10-09,8271,0,Investment_Trust,0
2024-10-09,8271,5000,Dealer_self,13706
2024-10-09,8271,0,Dealer_Hedging,0
2024-10-11,8271,42000,Foreign_Investor,196000
2024-10-11,8271,0,Foreign_Dealer_Self,0
2024-10-11,8271,0,Investment_Trust,0
2024-10-11,8271,8000,Dealer_self,9601
2024-10-11,8271,0,Dealer_Hedging,0
2024-10-14,8271,98000,Foreign_Investor,89000
2024-10-14,8271,0,Foreign_Dealer_Self,0
2024-10-14,8271,0,Investment_Trust,0
2024-10-14,8271,2000,Dealer_self,759
2024-10-14,8271,0,Dealer_Hedging,0
2024-10-15,8271,97000,Foreign_Investor,72000
2024-10-15,8271,0,Foreign_Dealer_Self,0
2024-10-15,8271,0,Investment_Trust,10421
2024-10-15,8271,3000,Dealer_self,944
2024-10-15,8271,0,Dealer_Hedging,0
2024-10-16,8271,0,Foreign_Dealer_Self,0
2024-10-16,8271,0,Investment_Trust,0
2024-10-16,8271,3000,Dealer_self,4
2024-10-16,8271,0,Dealer_Hedging,0
2024-10-16,8271,1078642,Foreign_Investor,920516
2024-10-17,8271,164000,Foreign_Investor,143000
2024-10-17,8271,0,Foreign_Dealer_Self,0
2024-10-17,8271,0,Investment_Trust,0
2024-10-17,8271,2000,Dealer_self,814
2024-10-17,8271,0,Dealer_Hedging,0
2024-10-18,8271,156000,Foreign_Investor,108000
2024-10-18,8271,0,Foreign_Dealer_Self,0
2024-10-18,8271,0,Investment_Trust,0
2024-10-18,8271,4000,Dealer_self,170
2024-10-18,8271,0,Dealer_Hedging,0
2024-10-21,8271,80000,Foreign_Investor,144000
2024-10-21,8271,0,Foreign_Dealer_Self,0
2024-10-21,8271,0,Investment_Trust,0
2024-10-21,8271,6000,Dealer_self,4032
2024-10-21,8271,0,Dealer_Hedging,0
2024-10-22,8271,33000,Foreign_Investor,144000
2024-10-22,8271,0,Foreign_Dealer_Self,0
2024-10-22,8271,0,Investment_Trust,0
2024-10-22,8271,1000,Dealer_self,1237
2024-10-22,8271,0,Dealer_Hedging,0
2024-10-23,8271,148000,Foreign_Investor,91000
2024-10-23,8271,0,Foreign_Dealer_Self,0
2024-10-23,8271,4553,Investment_Trust,0
2024-10-23,8271,0,Dealer_self,6020
2024-10-23,8271,0,Dealer_Hedging,0
2024-10-24,8271,23057,Foreign_Investor,111000
2024-10-24,8271,0,Foreign_Dealer_Self,0
2024-10-24,8271,7967,Investment_Trust,0
2024-10-24,8271,2000,Dealer_self,1358
2024-10-24,8271,0,Dealer_Hedging,0
2024-10-25,8271,26000,Foreign_Investor,18000
2024-10-25,8271,0,Foreign_Dealer_Self,0
2024-10-25,8271,3413,Investment_Trust,0
2024-10-25,8271,1000,Dealer_self,1167
2024-10-25,8271,0,Dealer_Hedging,0
2024-10-28,8271,32000,Foreign_Investor,51000
2024-10-28,8271,0,Foreign_Dealer_Self,0
2024-10-28,8271,2276,Investment_Trust,0
2024-10-28,8271,3000,Dealer_self,13208
2024-10-28,8271,0,Dealer_Hedging,0
2024-10-29,8271,81010,Foreign_Investor,245000
2024-10-29,8271,0,Foreign_Dealer_Self,0
2024-10-29,8271,6826,Investment_Trust,0
2024-10-29,8271,6000,Dealer_self,10362
2024-10-29,8271,0,Dealer_Hedging,0
2024-10-30,8271,52000,Foreign_Investor,243000
2024-10-30,8271,0,Foreign_Dealer_Self,0
2024-10-30,8271,5689,Investment_Trust,0
2024-10-30,8271,11000,Dealer_self,10053
2024-10-30,8271,0,Dealer_Hedging,0
2024-11-01,8271,206000,Foreign_Investor,99000
2024-11-01,8271,0,Foreign_Dealer_Self,0
2024-11-01,8271,13656,Investment_Trust,0
2024-11-01,8271,4000,Dealer_self,2674
2024-11-01,8271,0,Dealer_Hedging,0
2024-11-04,8271,71000,Foreign_Investor,223000
2024-11-04,8271,0,Foreign_Dealer_Self,0
2024-11-04,8271,45651,Investment_Trust,0
2024-11-04,8271,6000,Dealer_self,7157
2024-11-04,8271,0,Dealer_Hedging,0
2024-11-05,8271,30000,Foreign_Investor,132000
2024-11-05,8271,0,Foreign_Dealer_Self,0
2024-11-05,8271,20488,Investment_Trust,0
2024-11-05,8271,3000,Dealer_self,2238
2024-11-05,8271,0,Dealer_Hedging,0
2024-11-06,8271,67000,Foreign_Investor,4000
2024-11-06,8271,0,Foreign_Dealer_Self,0
2024-11-06,8271,12523,Investment_Trust,0
2024-11-06,8271,0,Dealer_self,433
2024-11-06,8271,0,Dealer_Hedging,0
2024-11-07,8271,125000,Foreign_Investor,9000
2024-11-07,8271,0,Foreign_Dealer_Self,0
2024-11-07,8271,10244,Investment_Trust,0
2024-11-07,8271,2000,Dealer_self,1431
2024-11-07,8271,0,Dealer_Hedging,0
2024-11-08,8271,13660,Foreign_Investor,102000
2024-11-08,8271,0,Foreign_Dealer_Self,0
2024-11-08,8271,10242,Investment_Trust,0
2024-11-08,8271,3000,Dealer_self,2140
2024-11-08,8271,0,Dealer_Hedging,0
2024-11-11,8271,42010,Foreign_Investor,142001
2024-11-11,8271,0,Foreign_Dealer_Self,0
2024-11-11,8271,20783,Investment_Trust,0
2024-11-11,8271,4000,Dealer_self,4746
2024-11-11,8271,0,Dealer_Hedging,0
2024-11-12,8271,22000,Foreign_Investor,114000
2024-11-12,8271,0,Foreign_Dealer_Self,0
2024-11-12,8271,30894,Investment_Trust,0
2024-11-12,8271,13000,Dealer_self,2910
2024-11-12,8271,0,Dealer_Hedging,0
2024-11-13,8271,26000,Foreign_Investor,44000
2024-11-13,8271,0,Foreign_Dealer_Self,0
2024-11-13,8271,15944,Investment_Trust,0
2024-11-13,8271,7000,Dealer_self,6205
2024-11-13,8271,0,Dealer_Hedging,0
2024-11-14,8271,23000,Foreign_Investor,122000
2024-11-14,8271,0,Foreign_Dealer_Self,0
2024-11-14,8271,22770,Investment_Trust,0
2024-11-14,8271,11000,Dealer_self,14611
2024-11-14,8271,0,Dealer_Hedging,0
2024-11-15,8271,112000,Foreign_Investor,25000
2024-11-15,8271,0,Foreign_Dealer_Self,0
2024-11-15,8271,11387,Investment_Trust,0
2024-11-15,8271,2000,Dealer_self,362
2024-11-15,8271,0,Dealer_Hedging,0
2024-11-18,8271,26000,Foreign_Investor,44000
2024-11-18,8271,0,Foreign_Dealer_Self,0
2024-11-18,8271,25052,Investment_Trust,0
2024-11-18,8271,1000,Dealer_self,0
2024-11-18,8271,0,Dealer_Hedging,0
2024-11-19,8271,67000,Foreign_Investor,21000
2024-11-19,8271,0,Foreign_Dealer_Self,0
2024-11-19,8271,34155,Investment_Trust,0
2024-11-19,8271,5000,Dealer_self,1000
2024-11-19,8271,0,Dealer_Hedging,0
2024-11-20,8271,22000,Foreign_Investor,27000
2024-11-20,8271,0,Foreign_Dealer_Self,0
2024-11-20,8271,19355,Investment_Trust,0
2024-11-20,8271,4000,Dealer_self,1256
2024-11-20,8271,0,Dealer_Hedging,0
2024-11-21,8271,70000,Foreign_Investor,49000
2024-11-21,8271,0,Foreign_Dealer_Self,0
2024-11-21,8271,33482,Investment_Trust,0
2024-11-21,8271,1000,Dealer_self,10866
2024-11-21,8271,0,Dealer_Hedging,0
2024-11-22,8271,69010,Foreign_Investor,20000
2024-11-22,8271,0,Foreign_Dealer_Self,0
2024-11-22,8271,13860,Investment_Trust,0
2024-11-22,8271,3000,Dealer_self,92
2024-11-22,8271,0,Dealer_Hedging,0
2024-11-25,8271,96000,Foreign_Investor,20000
2024-11-25,8271,0,Foreign_Dealer_Self,0
2024-11-25,8271,17284,Investment_Trust,0
2024-11-25,8271,4003,Dealer_self,0
2024-11-25,8271,0,Dealer_Hedging,0
2024-11-26,8271,28000,Foreign_Investor,14000
2024-11-26,8271,0,Foreign_Dealer_Self,0
2024-11-26,8271,35528,Investment_Trust,0
2024-11-26,8271,4000,Dealer_self,1138
2024-11-26,8271,0,Dealer_Hedging,0
2024-11-27,8271,24000,Foreign_Investor,89000
2024-11-27,8271,0,Foreign_Dealer_Self,0
2024-11-27,8271,0,Investment_Trust,0
2024-11-27,8271,1000,Dealer_self,1178
2024-11-27,8271,0,Dealer_Hedging,0
2024-11-28,8271,125000,Foreign_Investor,28000
2024-11-28,8271,0,Foreign_Dealer_Self,0
2024-11-28,8271,12374,Investment_Trust,0
2024-11-28,8271,1000,Dealer_self,1317
2024-11-28,8271,0,Dealer_Hedging,0
2024-11-29,8271,34000,Foreign_Investor,27000
2024-11-29,8271,0,Foreign_Dealer_Self,0
2024-11-29,8271,12240,Investment_Trust,0
2024-11-29,8271,1000,Dealer_self,2041
2024-11-29,8271,0,Dealer_Hedging,0
2024-12-02,8271,55000,Foreign_Investor,20000
2024-12-02,8271,0,Foreign_Dealer_Self,0
2024-12-02,8271,0,Investment_Trust,0
2024-12-02,8271,0,Dealer_self,30
2024-12-02,8271,0,Dealer_Hedging,0
2024-12-03,8271,43000,Foreign_Investor,24000
2024-12-03,8271,0,Foreign_Dealer_Self,0
2024-12-03,8271,0,Investment_Trust,0
2024-12-03,8271,3000,Dealer_self,2426
2024-12-03,8271,0,Dealer_Hedging,0
2024-12-04,8271,143000,Foreign_Investor,5000
2024-12-04,8271,0,Foreign_Dealer_Self,0
2024-12-04,8271,0,Investment_Trust,0
2024-12-04,8271,0,Dealer_self,0
2024-12-04,8271,0,Dealer_Hedging,0
2024-12-05,8271,27000,Foreign_Investor,56000
2024-12-05,8271,0,Foreign_Dealer_Self,0
2024-12-05,8271,0,Investment_Trust,4449
2024-12-05,8271,0,Dealer_self,13
2024-12-05,8271,0,Dealer_Hedging,0
2024-12-06,8271,127000,Foreign_Investor,62000
2024-12-06,8271,0,Foreign_Dealer_Self,0
2024-12-06,8271,0,Investment_Trust,0
2024-12-06,8271,1000,Dealer_self,1089
2024-12-06,8271,0,Dealer_Hedging,0
2024-12-09,8271,27065,Foreign_Investor,54000
2024-12-09,8271,0,Foreign_Dealer_Self,0
2024-12-09,8271,0,Investment_Trust,0
2024-12-09,8271,0,Dealer_self,0
2024-12-09,8271,0,Dealer_Hedging,0
2024-12-10,8271,34000,Foreign_Investor,25000
2024-12-10,8271,0,Foreign_Dealer_Self,0
2024-12-10,8271,0,Investment_Trust,0
2024-12-10,8271,1000,Dealer_self,1187
2024-12-10,8271,0,Dealer_Hedging,0
2024-12-11,8271,16000,Foreign_Investor,59000
2024-12-11,8271,0,Foreign_Dealer_Self,0
2024-12-11,8271,2432,Investment_Trust,0
2024-12-11,8271,3000,Dealer_self,3863
2024-12-11,8271,0,Dealer_Hedging,0
2024-12-12,8271,50000,Foreign_Investor,108000
2024-12-12,8271,0,Foreign_Dealer_Self,0
2024-12-12,8271,0,Investment_Trust,0
2024-12-12,8271,3000,Dealer_self,1876
2024-12-12,8271,0,Dealer_Hedging,0
2024-12-13,8271,49000,Foreign_Investor,125000
2024-12-13,8271,0,Foreign_Dealer_Self,0
2024-12-13,8271,4658,Investment_Trust,0
2024-12-13,8271,10000,Dealer_self,12253
2024-12-13,8271,0,Dealer_Hedging,0
2024-12-16,8271,242310,Foreign_Investor,69000
2024-12-16,8271,0,Foreign_Dealer_Self,0
2024-12-16,8271,0,Investment_Trust,0
2024-12-16,8271,8000,Dealer_self,6965
2024-12-16,8271,0,Dealer_Hedging,0
2024-12-17,8271,150000,Foreign_Investor,41000
2024-12-17,8271,0,Foreign_Dealer_Self,0
2024-12-17,8271,3546,Investment_Trust,0
2024-12-17,8271,2000,Dealer_self,156
2024-12-17,8271,0,Dealer_Hedging,0
2024-12-18,8271,101000,Foreign_Investor,114000
2024-12-18,8271,0,Foreign_Dealer_Self,0
2024-12-18,8271,2227,Investment_Trust,0
2024-12-18,8271,1000,Dealer_self,7903
2024-12-18,8271,0,Dealer_Hedging,0
2024-12-19,8271,52000,Foreign_Investor,83000
2024-12-19,8271,0,Foreign_Dealer_Self,0
2024-12-19,8271,11235,Investment_Trust,0
2024-12-19,8271,2000,Dealer_self,10213
2024-12-19,8271,0,Dealer_Hedging,0
2024-12-20,8271,54000,Foreign_Investor,98014
2024-12-20,8271,0,Foreign_Dealer_Self,0
2024-12-20,8271,5671,Investment_Trust,0
2024-12-20,8271,4000,Dealer_self,4432
2024-12-20,8271,0,Dealer_Hedging,0
2024-12-23,8271,39000,Foreign_Investor,5000
2024-12-23,8271,0,Foreign_Dealer_Self,0
2024-12-23,8271,7792,Investment_Trust,0
2024-12-23,8271,2000,Dealer_self,2750
2024-12-23,8271,0,Dealer_Hedging,0
2024-12-24,8271,59000,Foreign_Investor,13000
2024-12-24,8271,0,Foreign_Dealer_Self,0
2024-12-24,8271,0,Investment_Trust,0
2024-12-24,8271,10024,Dealer_self,637
2024-12-24,8271,0,Dealer_Hedging,0
2024-12-25,8271,58000,Foreign_Investor,3000
2024-12-25,8271,0,Foreign_Dealer_Self,0
2024-12-25,8271,0,Investment_Trust,0
2024-12-25,8271,1000,Dealer_self,2303
2024-12-25,8271,0,Dealer_Hedging,0
2024-12-26,8271,60000,Foreign_Investor,12000
2024-12-26,8271,0,Foreign_Dealer_Self,0
2024-12-26,8271,0,Investment_Trust,0
2024-12-26,8271,18,Dealer_self,1058
2024-12-26,8271,0,Dealer_Hedging,0
2024-12-27,8271,149010,Foreign_Investor,20000
2024-12-27,8271,0,Foreign_Dealer_Self,0
2024-12-27,8271,0,Investment_Trust,0
2024-12-27,8271,6000,Dealer_self,1422
2024-12-27,8271,0,Dealer_Hedging,0
2024-12-30,8271,19000,Foreign_Investor,18000
2024-12-30,8271,0,Foreign_Dealer_Self,0
2024-12-30,8271,2438,Investment_Trust,0
2024-12-30,8271,1000,Dealer_self,2110
2024-12-30,8271,0,Dealer_Hedging,0
2024-12-31,8271,74000,Foreign_Investor,36000
2024-12-31,8271,0,Foreign_Dealer_Self,0
2024-12-31,8271,10025,Investment_Trust,0
2024-12-31,8271,3000,Dealer_self,3480
2024-12-31,8271,0,Dealer_Hedging,0
2025-01-02,8271,47000,Foreign_Investor,34000
2025-01-02,8271,0,Foreign_Dealer_Self,0
2025-01-02,8271,1113,Investment_Trust,0
2025-01-02,8271,2000,Dealer_self,5217
2025-01-02,8271,0,Dealer_Hedging,0
2025-01-03,8271,49000,Foreign_Investor,117000
2025-01-03,8271,0,Foreign_Dealer_Self,0
2025-01-03,8271,0,Investment_Trust,0
2025-01-03,8271,2000,Dealer_self,3162
2025-01-03,8271,0,Dealer_Hedging,0
2025-01-06,8271,134000,Foreign_Investor,21000
2025-01-06,8271,0,Foreign_Dealer_Self,0
2025-01-06,8271,0,Investment_Trust,0
2025-01-06,8271,1000,Dealer_self,677
2025-01-06,8271,0,Dealer_Hedging,0
2025-01-07,8271,128000,Foreign_Investor,70000
2025-01-07,8271,0,Foreign_Dealer_Self,0
2025-01-07,8271,0,Investment_Trust,0
2025-01-07,8271,21,Dealer_self,0
2025-01-07,8271,0,Dealer_Hedging,0
2025-01-08,8271,57000,Foreign_Investor,41000
2025-01-08,8271,0,Foreign_Dealer_Self,0
2025-01-08,8271,0,Investment_Trust,21157
2025-01-08,8271,0,Dealer_self,94
2025-01-08,8271,0,Dealer_Hedging,0
2025-01-09,8271,67000,Foreign_Investor,76000
2025-01-09,8271,0,Foreign_Dealer_Self,0
2025-01-09,8271,0,Investment_Trust,0
2025-01-09,8271,3000,Dealer_self,4116
2025-01-09,8271,0,Dealer_Hedging,0
2025-01-10,8271,44000,Foreign_Investor,92000
2025-01-10,8271,0,Foreign_Dealer_Self,0
2025-01-10,8271,0,Investment_Trust,0
2025-01-10,8271,7000,Dealer_self,1748
2025-01-10,8271,0,Dealer_Hedging,0
2025-01-13,8271,200999,Foreign_Investor,109000
2025-01-13,8271,0,Foreign_Dealer_Self,0
2025-01-13,8271,0,Investment_Trust,1114
2025-01-13,8271,4000,Dealer_self,12846
2025-01-13,8271,0,Dealer_Hedging,0
2025-01-14,8271,89001,Foreign_Investor,25000
2025-01-14,8271,0,Foreign_Dealer_Self,0
2025-01-14,8271,0,Investment_Trust,0
2025-01-14,8271,8001,Dealer_self,2675
2025-01-14,8271,0,Dealer_Hedging,0
2025-01-15,8271,51000,Foreign_Investor,51029
2025-01-15,8271,0,Foreign_Dealer_Self,0
2025-01-15,8271,0,Investment_Trust,0
2025-01-15,8271,5000,Dealer_self,616
2025-01-15,8271,0,Dealer_Hedging,0
2025-01-16,8271,74000,Foreign_Investor,34000
2025-01-16,8271,0,Foreign_Dealer_Self,0
2025-01-16,8271,0,Investment_Trust,0
2025-01-16,8271,3000,Dealer_self,1785
2025-01-16,8271,0,Dealer_Hedging,0
2025-01-17,8271,103000,Foreign_Investor,15000
2025-01-17,8271,0,Foreign_Dealer_Self,0
2025-01-17,8271,0,Investment_Trust,1114
2025-01-17,8271,3,Dealer_self,0
2025-01-17,8271,0,Dealer_Hedging,0
2025-01-20,8271,50000,Foreign_Investor,16000
2025-01-20,8271,0,Foreign_Dealer_Self,0
2025-01-20,8271,0,Investment_Trust,0
2025-01-20,8271,0,Dealer_self,92
2025-01-20,8271,0,Dealer_Hedging,0
2025-01-21,8271,10000,Foreign_Investor,12000
2025-01-21,8271,0,Foreign_Dealer_Self,0
2025-01-21,8271,0,Investment_Trust,1114
2025-01-21,8271,2000,Dealer_self,740
2025-01-21,8271,0,Dealer_Hedging,0
2025-01-22,8271,74000,Foreign_Investor,6000
2025-01-22,8271,0,Foreign_Dealer_Self,0
2025-01-22,8271,0,Investment_Trust,2228
2025-01-22,8271,1000,Dealer_self,0
2025-01-22,8271,0,Dealer_Hedging,0
2025-02-03,8271,93000,Foreign_Investor,83059
2025-02-03,8271,0,Foreign_Dealer_Self,0
2025-02-03,8271,0,Investment_Trust,13367
2025-02-03,8271,1000,Dealer_self,13431
2025-02-03,8271,0,Dealer_Hedging,0
2025-02-04,8271,82001,Foreign_Investor,57000
2025-02-04,8271,0,Foreign_Dealer_Self,0
2025-02-04,8271,0,Investment_Trust,2414
2025-02-04,8271,2000,Dealer_self,1249
2025-02-04,8271,0,Dealer_Hedging,0
2025-02-05,8271,97000,Foreign_Investor,31000
2025-02-05,8271,0,Foreign_Dealer_Self,0
2025-02-05,8271,0,Investment_Trust,2205
2025-02-05,8271,22017,Dealer_self,3301
2025-02-05,8271,0,Dealer_Hedging,0
2025-02-06,8271,144000,Foreign_Investor,54000
2025-02-06,8271,0,Foreign_Dealer_Self,0
2025-02-06,8271,0,Investment_Trust,2206
2025-02-06,8271,805,Dealer_self,1000
2025-02-06,8271,0,Dealer_Hedging,0
2025-02-07,8271,156000,Foreign_Investor,132000
2025-02-07,8271,0,Foreign_Dealer_Self,0
2025-02-07,8271,0,Investment_Trust,6617
2025-02-07,8271,0,Dealer_self,0
2025-02-07,8271,0,Dealer_Hedging,0
2025-02-10,8271,88000,Foreign_Investor,87000
2025-02-10,8271,0,Foreign_Dealer_Self,0
2025-02-10,8271,0,Investment_Trust,6618
2025-02-10,8271,0,Dealer_self,14000
2025-02-10,8271,0,Dealer_Hedging,0
2025-02-11,8271,43000,Foreign_Investor,85000
2025-02-11,8271,0,Foreign_Dealer_Self,0
2025-02-11,8271,0,Investment_Trust,3309
2025-02-11,8271,0,Dealer_self,11280
2025-02-11,8271,0,Dealer_Hedging,0
2025-02-12,8271,35000,Foreign_Investor,30000
2025-02-12,8271,0,Foreign_Dealer_Self,0
2025-02-12,8271,0,Investment_Trust,3308
2025-02-12,8271,0,Dealer_self,1003
2025-02-12,8271,0,Dealer_Hedging,0
2025-02-13,8271,188000,Foreign_Investor,106000
2025-02-13,8271,0,Foreign_Dealer_Self,0
2025-02-13,8271,0,Investment_Trust,4410
2025-02-13,8271,3000,Dealer_self,0
2025-02-13,8271,0,Dealer_Hedging,0
2025-02-14,8271,83000,Foreign_Investor,33000
2025-02-14,8271,0,Foreign_Dealer_Self,0
2025-02-14,8271,0,Investment_Trust,7721
2025-02-14,8271,0,Dealer_self,0
2025-02-14,8271,0,Dealer_Hedging,0
2025-02-17,8271,50001,Foreign_Investor,23000
2025-02-17,8271,0,Foreign_Dealer_Self,0
2025-02-17,8271,0,Investment_Trust,4411
2025-02-17,8271,1000,Dealer_self,1
2025-02-17,8271,0,Dealer_Hedging,0
2025-02-18,8271,97000,Foreign_Investor,58000
2025-02-18,8271,0,Foreign_Dealer_Self,0
2025-02-18,8271,0,Investment_Trust,6617
2025-02-18,8271,0,Dealer_self,1000
2025-02-18,8271,0,Dealer_Hedging,0
2025-02-19,8271,73000,Foreign_Investor,68000
2025-02-19,8271,0,Foreign_Dealer_Self,0
2025-02-19,8271,0,Investment_Trust,4412
2025-02-19,8271,0,Dealer_self,0
2025-02-19,8271,0,Dealer_Hedging,0
2025-02-20,8271,143000,Foreign_Investor,137000
2025-02-20,8271,0,Foreign_Dealer_Self,0
2025-02-20,8271,0,Investment_Trust,5515
2025-02-20,8271,1000,Dealer_self,0
2025-02-20,8271,0,Dealer_Hedging,0
2025-02-21,8271,28923,Foreign_Investor,35000
2025-02-21,8271,0,Foreign_Dealer_Self,0
2025-02-21,8271,0,Investment_Trust,7720
2025-02-21,8271,0,Dealer_self,0
2025-02-21,8271,0,Dealer_Hedging,0
2025-02-24,8271,56000,Foreign_Investor,29000
2025-02-24,8271,0,Foreign_Dealer_Self,0
2025-02-24,8271,0,Investment_Trust,11026
2025-02-24,8271,0,Dealer_self,0
2025-02-24,8271,0,Dealer_Hedging,0
2025-02-25,8271,58000,Foreign_Investor,38000
2025-02-25,8271,0,Foreign_Dealer_Self,0
2025-02-25,8271,0,Investment_Trust,3309
2025-02-25,8271,11131,Dealer_self,1000
2025-02-25,8271,0,Dealer_Hedging,0
2025-02-26,8271,48000,Foreign_Investor,61000
2025-02-26,8271,0,Foreign_Dealer_Self,0
2025-02-26,8271,0,Investment_Trust,5516
2025-02-26,8271,0,Dealer_self,2000
2025-02-26,8271,0,Dealer_Hedging,0
2025-02-27,8271,89000,Foreign_Investor,285000
2025-02-27,8271,0,Foreign_Dealer_Self,0
2025-02-27,8271,0,Investment_Trust,3309
2025-02-27,8271,1000,Dealer_self,10000
2025-02-27,8271,0,Dealer_Hedging,0
2025-03-03,8271,68000,Foreign_Investor,216000
2025-03-03,8271,0,Foreign_Dealer_Self,0
2025-03-03,8271,0,Investment_Trust,0
2025-03-03,8271,1000,Dealer_self,0
2025-03-03,8271,0,Dealer_Hedging,0
2025-03-04,8271,78001,Foreign_Investor,63000
2025-03-04,8271,0,Foreign_Dealer_Self,0
2025-03-04,8271,0,Investment_Trust,0
2025-03-04,8271,1000,Dealer_self,1372
2025-03-04,8271,0,Dealer_Hedging,0
2025-03-05,8271,60000,Foreign_Investor,34000
2025-03-05,8271,0,Foreign_Dealer_Self,0
2025-03-05,8271,0,Investment_Trust,4417
2025-03-05,8271,2000,Dealer_self,15000
2025-03-05,8271,0,Dealer_Hedging,0
2025-03-06,8271,23046,Foreign_Investor,85000
2025-03-06,8271,0,Foreign_Dealer_Self,0
2025-03-06,8271,0,Investment_Trust,4417
2025-03-06,8271,1000,Dealer_self,0
2025-03-06,8271,0,Dealer_Hedging,0
2025-03-07,8271,87000,Foreign_Investor,55000
2025-03-07,8271,0,Foreign_Dealer_Self,0
2025-03-07,8271,0,Investment_Trust,0
2025-03-07,8271,23000,Dealer_self,2
2025-03-07,8271,0,Dealer_Hedging,0
2025-03-10,8271,118000,Foreign_Investor,85000
2025-03-10,8271,0,Foreign_Dealer_Self,0
2025-03-10,8271,0,Investment_Trust,0
2025-03-10,8271,13000,Dealer_self,1036
2025-03-10,8271,0,Dealer_Hedging,0
2025-03-11,8271,112000,Foreign_Investor,78000
2025-03-11,8271,0,Foreign_Dealer_Self,0
2025-03-11,8271,0,Investment_Trust,0
2025-03-11,8271,0,Dealer_self,4276
2025-03-11,8271,0,Dealer_Hedging,0
2025-03-12,8271,183000,Foreign_Investor,159000
2025-03-12,8271,0,Foreign_Dealer_Self,0
2025-03-12,8271,0,Investment_Trust,0
2025-03-12,8271,2000,Dealer_self,18037
2025-03-12,8271,0,Dealer_Hedging,0
2025-03-13,8271,106000,Foreign_Investor,119500
2025-03-13,8271,0,Foreign_Dealer_Self,0
2025-03-13,8271,0,Investment_Trust,0
2025-03-13,8271,1000,Dealer_self,899
2025-03-13,8271,0,Dealer_Hedging,0
2025-03-14,8271,197001,Foreign_Investor,18000
2025-03-14,8271,0,Foreign_Dealer_Self,0
2025-03-14,8271,0,Investment_Trust,0
2025-03-14,8271,1000,Dealer_self,0
2025-03-14,8271,0,Dealer_Hedging,0
2025-03-17,8271,29001,Foreign_Investor,86000
2025-03-17,8271,0,Foreign_Dealer_Self,0
2025-03-17,8271,0,Investment_Trust,0
2025-03-17,8271,0,Dealer_self,0
2025-03-17,8271,0,Dealer_Hedging,0
2025-03-18,8271,45000,Foreign_Investor,8000
2025-03-18,8271,0,Foreign_Dealer_Self,0
2025-03-18,8271,0,Investment_Trust,0
2025-03-18,8271,2000,Dealer_self,518
2025-03-18,8271,0,Dealer_Hedging,0
2025-03-19,8271,91001,Foreign_Investor,34000
2025-03-19,8271,0,Foreign_Dealer_Self,0
2025-03-19,8271,0,Investment_Trust,0
2025-03-19,8271,29000,Dealer_self,1030
2025-03-19,8271,0,Dealer_Hedging,0
2025-03-20,8271,71000,Foreign_Investor,63001
2025-03-20,8271,0,Foreign_Dealer_Self,0
2025-03-20,8271,0,Investment_Trust,0
2025-03-20,8271,1000,Dealer_self,3500
2025-03-20,8271,0,Dealer_Hedging,0
2025-03-21,8271,6064,Foreign_Investor,93000
2025-03-21,8271,0,Foreign_Dealer_Self,0
2025-03-21,8271,0,Investment_Trust,0
2025-03-21,8271,1000,Dealer_self,473
2025-03-21,8271,0,Dealer_Hedging,0
2025-03-24,8271,45000,Foreign_Investor,32000
2025-03-24,8271,0,Foreign_Dealer_Self,0
2025-03-24,8271,0,Investment_Trust,12147
2025-03-24,8271,2000,Dealer_self,2378
2025-03-24,8271,0,Dealer_Hedging,0
2025-03-25,8271,43000,Foreign_Investor,91392
2025-03-25,8271,0,Foreign_Dealer_Self,0
2025-03-25,8271,0,Investment_Trust,0
2025-03-25,8271,1000,Dealer_self,1142
2025-03-25,8271,0,Dealer_Hedging,0
2025-03-26,8271,35000,Foreign_Investor,13000
2025-03-26,8271,0,Foreign_Dealer_Self,0
2025-03-26,8271,0,Investment_Trust,0
2025-03-26,8271,2000,Dealer_self,0
2025-03-26,8271,0,Dealer_Hedging,0
2025-03-27,8271,9000,Foreign_Investor,27000
2025-03-27,8271,0,Foreign_Dealer_Self,0
2025-03-27,8271,0,Investment_Trust,0
2025-03-27,8271,0,Dealer_self,0
2025-03-27,8271,0,Dealer_Hedging,0
2025-03-28,8271,48000,Foreign_Investor,98511
2025-03-28,8271,0,Foreign_Dealer_Self,0
2025-03-28,8271,0,Investment_Trust,0
2025-03-28,8271,3000,Dealer_self,2392
2025-03-28,8271,0,Dealer_Hedging,0
2025-03-31,8271,146000,Foreign_Investor,208000
2025-03-31,8271,0,Foreign_Dealer_Self,0
2025-03-31,8271,0,Investment_Trust,0
2025-03-31,8271,3015,Dealer_self,30593
2025-03-31,8271,0,Dealer_Hedging,0
2025-04-01,8271,55000,Foreign_Investor,16000
2025-04-01,8271,0,Foreign_Dealer_Self,0
2025-04-01,8271,0,Investment_Trust,0
2025-04-01,8271,1195,Dealer_self,4636
2025-04-01,8271,0,Dealer_Hedging,0
2025-04-02,8271,35000,Foreign_Investor,20000
2025-04-02,8271,0,Foreign_Dealer_Self,0
2025-04-02,8271,0,Investment_Trust,0
2025-04-02,8271,0,Dealer_self,2011
2025-04-02,8271,0,Dealer_Hedging,0
2025-04-07,8271,2000,Foreign_Investor,8000
2025-04-07,8271,0,Foreign_Dealer_Self,0
2025-04-07,8271,0,Investment_Trust,0
2025-04-07,8271,0,Dealer_self,5
2025-04-07,8271,0,Dealer_Hedging,0
2025-04-08,8271,212000,Foreign_Investor,169000
2025-04-08,8271,0,Foreign_Dealer_Self,0
2025-04-08,8271,0,Investment_Trust,0
2025-04-08,8271,39000,Dealer_self,37033
2025-04-08,8271,0,Dealer_Hedging,0
2025-04-09,8271,267000,Foreign_Investor,270000
2025-04-09,8271,0,Foreign_Dealer_Self,0
2025-04-09,8271,0,Investment_Trust,0
2025-04-09,8271,30016,Dealer_self,31383
2025-04-09,8271,0,Dealer_Hedging,0
2025-04-10,8271,85000,Foreign_Investor,11000
2025-04-10,8271,0,Foreign_Dealer_Self,0
2025-04-10,8271,0,Investment_Trust,0
2025-04-10,8271,0,Dealer_self,0
2025-04-10,8271,0,Dealer_Hedging,0
2025-04-11,8271,211116,Foreign_Investor,200000
2025-04-11,8271,0,Foreign_Dealer_Self,0
2025-04-11,8271,41505,Investment_Trust,0
2025-04-11,8271,2000,Dealer_self,1008
2025-04-11,8271,0,Dealer_Hedging,0
2025-04-14,8271,96106,Foreign_Investor,171116
2025-04-14,8271,0,Foreign_Dealer_Self,0
2025-04-14,8271,0,Investment_Trust,46666
2025-04-14,8271,3000,Dealer_self,5873
2025-04-14,8271,0,Dealer_Hedging,0
2025-04-15,8271,70060,Foreign_Investor,16106
2025-04-15,8271,0,Foreign_Dealer_Self,0
2025-04-15,8271,0,Investment_Trust,0
2025-04-15,8271,0,Dealer_self,94
2025-04-15,8271,0,Dealer_Hedging,0
2025-04-16,8271,53105,Foreign_Investor,34060
2025-04-16,8271,0,Foreign_Dealer_Self,0
2025-04-16,8271,0,Investment_Trust,1089
2025-04-16,8271,0,Dealer_self,3646
2025-04-16,8271,0,Dealer_Hedging,0
2025-04-17,8271,27000,Foreign_Investor,51033
2025-04-17,8271,0,Foreign_Dealer_Self,0
2025-04-17,8271,0,Investment_Trust,1089
2025-04-17,8271,1000,Dealer_self,1701
2025-04-17,8271,0,Dealer_Hedging,0
2025-04-18,8271,138597,Foreign_Investor,122000
2025-04-18,8271,0,Foreign_Dealer_Self,0
2025-04-18,8271,0,Investment_Trust,1089
2025-04-18,8271,1000,Dealer_self,2294
2025-04-18,8271,0,Dealer_Hedging,0
2025-04-21,8271,155262,Foreign_Investor,213597
2025-04-21,8271,0,Foreign_Dealer_Self,0
2025-04-21,8271,0,Investment_Trust,0
2025-04-21,8271,7000,Dealer_self,1407
2025-04-21,8271,0,Dealer_Hedging,0
2025-04-22,8271,227001,Foreign_Investor,453262
2025-04-22,8271,0,Foreign_Dealer_Self,0
2025-04-22,8271,0,Investment_Trust,0
2025-04-22,8271,2006,Dealer_self,0
2025-04-22,8271,0,Dealer_Hedging,0
2025-04-23,8271,177099,Foreign_Investor,40001
2025-04-23,8271,0,Foreign_Dealer_Self,0
2025-04-23,8271,0,Investment_Trust,0
2025-04-23,8271,1000,Dealer_self,2000
2025-04-23,8271,0,Dealer_Hedging,0
2025-04-24,8271,56476,Foreign_Investor,81099
2025-04-24,8271,0,Foreign_Dealer_Self,0
2025-04-24,8271,0,Investment_Trust,0
2025-04-24,8271,1000,Dealer_self,1218
2025-04-24,8271,0,Dealer_Hedging,0
2025-04-25,8271,165233,Foreign_Investor,20000
2025-04-25,8271,0,Foreign_Dealer_Self,0
2025-04-25,8271,0,Investment_Trust,0
2025-04-25,8271,3000,Dealer_self,0
2025-04-25,8271,0,Dealer_Hedging,0
2025-04-28,8271,48004,Foreign_Investor,11558
2025-04-28,8271,0,Foreign_Dealer_Self,0
2025-04-28,8271,0,Investment_Trust,0
2025-04-28,8271,3000,Dealer_self,0
2025-04-28,8271,0,Dealer_Hedging,0
2025-04-29,8271,72002,Foreign_Investor,17030
2025-04-29,8271,0,Foreign_Dealer_Self,0
2025-04-29,8271,0,Investment_Trust,0
2025-04-29,8271,1000,Dealer_self,0
2025-04-29,8271,0,Dealer_Hedging,0
2025-04-30,8271,113456,Foreign_Investor,87127
2025-04-30,8271,0,Foreign_Dealer_Self,0
2025-04-30,8271,0,Investment_Trust,0
2025-04-30,8271,1000,Dealer_self,2000
2025-04-30,8271,0,Dealer_Hedging,0
2025-05-02,8271,54045,Foreign_Investor,10000
2025-05-02,8271,0,Foreign_Dealer_Self,0
2025-05-02,8271,0,Investment_Trust,0
2025-05-02,8271,99,Dealer_self,0
2025-05-02,8271,0,Dealer_Hedging,0
2025-05-05,8271,73013,Foreign_Investor,94486
2025-05-05,8271,0,Foreign_Dealer_Self,0
2025-05-05,8271,0,Investment_Trust,8711
2025-05-05,8271,9,Dealer_self,1019
2025-05-05,8271,0,Dealer_Hedging,0
2025-05-06,8271,57005,Foreign_Investor,16021
2025-05-06,8271,0,Foreign_Dealer_Self,0
2025-05-06,8271,0,Investment_Trust,17696
2025-05-06,8271,49,Dealer_self,2007
2025-05-06,8271,0,Dealer_Hedging,0
2025-05-07,8271,79461,Foreign_Investor,11001
2025-05-07,8271,0,Foreign_Dealer_Self,0
2025-05-07,8271,0,Investment_Trust,8442
2025-05-07,8271,0,Dealer_self,2000
2025-05-07,8271,0,Dealer_Hedging,0
2025-05-08,8271,282030,Foreign_Investor,32013
2025-05-08,8271,0,Foreign_Dealer_Self,0
2025-05-08,8271,0,Investment_Trust,0
2025-05-08,8271,1000,Dealer_self,0
2025-05-08,8271,0,Dealer_Hedging,0
2025-05-09,8271,59130,Foreign_Investor,30266
2025-05-09,8271,0,Foreign_Dealer_Self,0
2025-05-09,8271,0,Investment_Trust,2178
2025-05-09,8271,22000,Dealer_self,6000
2025-05-09,8271,0,Dealer_Hedging,0
2025-05-12,8271,132903,Foreign_Investor,10332
2025-05-12,8271,0,Foreign_Dealer_Self,0
2025-05-12,8271,0,Investment_Trust,5445
2025-05-12,8271,3000,Dealer_self,2000
2025-05-12,8271,0,Dealer_Hedging,0
2025-05-13,8271,214350,Foreign_Investor,73582
2025-05-13,8271,0,Foreign_Dealer_Self,0
2025-05-13,8271,0,Investment_Trust,2178
2025-05-13,8271,1000,Dealer_self,1764
2025-05-13,8271,0,Dealer_Hedging,0
2025-05-14,8271,124302,Foreign_Investor,47222
2025-05-14,8271,0,Foreign_Dealer_Self,0
2025-05-14,8271,0,Investment_Trust,4091
2025-05-14,8271,12000,Dealer_self,0
2025-05-14,8271,0,Dealer_Hedging,0
2025-05-15,8271,36168,Foreign_Investor,35501
2025-05-15,8271,0,Foreign_Dealer_Self,0
2025-05-15,8271,0,Investment_Trust,4358
2025-05-15,8271,0,Dealer_self,4000
2025-05-15,8271,0,Dealer_Hedging,0
2025-05-16,8271,49369,Foreign_Investor,50168
2025-05-16,8271,0,Foreign_Dealer_Self,0
2025-05-16,8271,0,Investment_Trust,3006
2025-05-16,8271,15000,Dealer_self,0
2025-05-16,8271,0,Dealer_Hedging,0
2025-05-19,8271,44000,Foreign_Investor,38869
2025-05-19,8271,0,Foreign_Dealer_Self,0
2025-05-19,8271,0,Investment_Trust,0
2025-05-19,8271,0,Dealer_self,1000
2025-05-19,8271,0,Dealer_Hedging,0
2025-05-20,8271,50411,Foreign_Investor,28000
2025-05-20,8271,0,Foreign_Dealer_Self,0
2025-05-20,8271,0,Investment_Trust,2613
2025-05-20,8271,3000,Dealer_self,0
2025-05-20,8271,0,Dealer_Hedging,0
2025-05-21,8271,106209,Foreign_Investor,12000
2025-05-21,8271,0,Foreign_Dealer_Self,0
2025-05-21,8271,0,Investment_Trust,1521
2025-05-21,8271,1000,Dealer_self,0
2025-05-21,8271,0,Dealer_Hedging,0
2025-05-22,8271,33208,Foreign_Investor,12010
2025-05-22,8271,0,Foreign_Dealer_Self,0
2025-05-22,8271,0,Investment_Trust,5441
2025-05-22,8271,1000,Dealer_self,0
2025-05-22,8271,0,Dealer_Hedging,0
2025-05-23,8271,65000,Foreign_Investor,4033
2025-05-23,8271,0,Foreign_Dealer_Self,0
2025-05-23,8271,0,Investment_Trust,2177
2025-05-23,8271,0,Dealer_self,1000
2025-05-23,8271,0,Dealer_Hedging,0
2025-05-26,8271,48400,Foreign_Investor,10194
2025-05-26,8271,0,Foreign_Dealer_Self,0
2025-05-26,8271,0,Investment_Trust,832
2025-05-26,8271,1000,Dealer_self,3000
2025-05-26,8271,0,Dealer_Hedging,0
2025-05-27,8271,35136,Foreign_Investor,30005
2025-05-27,8271,0,Foreign_Dealer_Self,0
2025-05-27,8271,0,Investment_Trust,3693
2025-05-27,8271,255,Dealer_self,6000
2025-05-27,8271,0,Dealer_Hedging,0
2025-05-28,8271,64000,Foreign_Investor,38135
2025-05-28,8271,0,Foreign_Dealer_Self,0
2025-05-28,8271,0,Investment_Trust,4453
2025-05-28,8271,49,Dealer_self,15000
2025-05-28,8271,0,Dealer_Hedging,0
2025-05-29,8271,32090,Foreign_Investor,21011
2025-05-29,8271,0,Foreign_Dealer_Self,0
2025-05-29,8271,0,Investment_Trust,0
2025-05-29,8271,2000,Dealer_self,0
2025-05-29,8271,0,Dealer_Hedging,0
2025-06-02,8271,43068,Foreign_Investor,40005
2025-06-02,8271,0,Foreign_Dealer_Self,0
2025-06-02,8271,0,Investment_Trust,2422
2025-06-02,8271,3000,Dealer_self,1126
2025-06-02,8271,0,Dealer_Hedging,0
2025-06-03,8271,13000,Foreign_Investor,67591
2025-06-03,8271,0,Foreign_Dealer_Self,0
2025-06-03,8271,0,Investment_Trust,4588
2025-06-03,8271,0,Dealer_self,0
2025-06-03,8271,0,Dealer_Hedging,0
2025-06-04,8271,113202,Foreign_Investor,31138
2025-06-04,8271,0,Foreign_Dealer_Self,0
2025-06-04,8271,0,Investment_Trust,2167
2025-06-04,8271,2000,Dealer_self,1000
2025-06-04,8271,0,Dealer_Hedging,0
2025-06-05,8271,35547,Foreign_Investor,14105
2025-06-05,8271,0,Foreign_Dealer_Self,0
2025-06-05,8271,0,Investment_Trust,3249
2025-06-05,8271,4000,Dealer_self,1000
2025-06-05,8271,0,Dealer_Hedging,0
2025-06-06,8271,381243,Foreign_Investor,149928
2025-06-06,8271,0,Foreign_Dealer_Self,0
2025-06-06,8271,0,Investment_Trust,2167
2025-06-06,8271,3806,Dealer_self,1000
2025-06-06,8271,0,Dealer_Hedging,0
2025-06-09,8271,1698647,Foreign_Investor,2447243
2025-06-09,8271,0,Foreign_Dealer_Self,0
2025-06-09,8271,0,Investment_Trust,4332
2025-06-09,8271,61130,Dealer_self,9615
2025-06-09,8271,0,Dealer_Hedging,0
2025-06-10,8271,688660,Foreign_Investor,432647
2025-06-10,8271,0,Foreign_Dealer_Self,0
2025-06-10,8271,0,Investment_Trust,4334
2025-06-10,8271,6079,Dealer_self,34890
2025-06-10,8271,0,Dealer_Hedging,0
2025-06-11,8271,632651,Foreign_Investor,626660
2025-06-11,8271,0,Foreign_Dealer_Self,0
2025-06-11,8271,0,Investment_Trust,2167
2025-06-11,8271,21344,Dealer_self,6806
2025-06-11,8271,0,Dealer_Hedging,0
2025-06-12,8271,142471,Foreign_Investor,186651
2025-06-12,8271,0,Foreign_Dealer_Self,0
2025-06-12,8271,0,Investment_Trust,7581
2025-06-12,8271,0,Dealer_self,2000
2025-06-12,8271,0,Dealer_Hedging,0
2025-06-13,8271,180000,Foreign_Investor,227471
2025-06-13,8271,0,Foreign_Dealer_Self,0
2025-06-13,8271,0,Investment_Trust,4334
2025-06-13,8271,0,Dealer_self,5000
2025-06-13,8271,0,Dealer_Hedging,0
2025-06-16,8271,202000,Foreign_Investor,141000
2025-06-16,8271,0,Foreign_Dealer_Self,0
2025-06-16,8271,0,Investment_Trust,1083
2025-06-16,8271,2000,Dealer_self,0
2025-06-16,8271,0,Dealer_Hedging,0
2025-06-17,8271,142020,Foreign_Investor,382000
2025-06-17,8271,0,Foreign_Dealer_Self,0
2025-06-17,8271,0,Investment_Trust,3249
2025-06-17,8271,10000,Dealer_self,1000
2025-06-17,8271,0,Dealer_Hedging,0
2025-06-18,8271,641000,Foreign_Investor,470000
2025-06-18,8271,0,Foreign_Dealer_Self,0
2025-06-18,8271,0,Investment_Trust,4332
2025-06-18,8271,23000,Dealer_self,16000
2025-06-18,8271,0,Dealer_Hedging,0
2025-06-19,8271,193020,Foreign_Investor,157000
2025-06-19,8271,0,Foreign_Dealer_Self,0
2025-06-19,8271,0,Investment_Trust,2167
2025-06-19,8271,14000,Dealer_self,9000
2025-06-19,8271,0,Dealer_Hedging,0
2025-06-20,8271,215000,Foreign_Investor,104000
2025-06-20,8271,0,Foreign_Dealer_Self,0
2025-06-20,8271,0,Investment_Trust,2167
2025-06-20,8271,0,Dealer_self,4000
2025-06-20,8271,0,Dealer_Hedging,0
2025-06-23,8271,235000,Foreign_Investor,209000
2025-06-23,8271,0,Foreign_Dealer_Self,0
2025-06-23,8271,0,Investment_Trust,5417
2025-06-23,8271,13000,Dealer_self,0
2025-06-23,8271,0,Dealer_Hedging,0
2025-06-24,8271,254212,Foreign_Investor,238000
2025-06-24,8271,0,Foreign_Dealer_Self,0
2025-06-24,8271,0,Investment_Trust,1084
2025-06-24,8271,19000,Dealer_self,2000
2025-06-24,8271,0,Dealer_Hedging,0
2025-06-25,8271,120000,Foreign_Investor,102000
2025-06-25,8271,0,Foreign_Dealer_Self,0
2025-06-25,8271,0,Investment_Trust,2167
2025-06-25,8271,0,Dealer_self,6000
2025-06-25,8271,0,Dealer_Hedging,0
2025-06-26,8271,267000,Foreign_Investor,71000
2025-06-26,8271,0,Foreign_Dealer_Self,0
2025-06-26,8271,0,Investment_Trust,4334
2025-06-26,8271,0,Dealer_self,7001
2025-06-26,8271,0,Dealer_Hedging,0
2025-06-27,8271,90200,Foreign_Investor,107000
2025-06-27,8271,0,Foreign_Dealer_Self,0
2025-06-27,8271,0,Investment_Trust,1083
2025-06-27,8271,0,Dealer_self,16000
2025-06-27,8271,0,Dealer_Hedging,0
2025-06-30,8271,119000,Foreign_Investor,82000
2025-06-30,8271,0,Foreign_Dealer_Self,0
2025-06-30,8271,0,Investment_Trust,4332
2025-06-30,8271,1000,Dealer_self,3000
2025-06-30,8271,0,Dealer_Hedging,0
2025-07-01,8271,461812,Foreign_Investor,92000
2025-07-01,8271,0,Foreign_Dealer_Self,0
2025-07-01,8271,0,Investment_Trust,376242
2025-07-01,8271,43000,Dealer_self,2094
2025-07-01,8271,0,Dealer_Hedging,0
2025-07-02,8271,452000,Foreign_Investor,41000
2025-07-02,8271,0,Foreign_Dealer_Self,0
2025-07-02,8271,0,Investment_Trust,400000
2025-07-02,8271,4000,Dealer_self,27714
2025-07-02,8271,0,Dealer_Hedging,0
2025-07-03,8271,254000,Foreign_Investor,28000
2025-07-03,8271,0,Foreign_Dealer_Self,0
2025-07-03,8271,0,Investment_Trust,0
2025-07-03,8271,4000,Dealer_self,1000
2025-07-03,8271,0,Dealer_Hedging,0
2025-07-04,8271,70000,Foreign_Investor,384000
2025-07-04,8271,0,Foreign_Dealer_Self,0
2025-07-04,8271,0,Investment_Trust,0
2025-07-04,8271,5000,Dealer_self,12087
2025-07-04,8271,0,Dealer_Hedging,0
2025-07-07,8271,437000,Foreign_Investor,260000
2025-07-07,8271,0,Foreign_Dealer_Self,0
2025-07-07,8271,0,Investment_Trust,0
2025-07-07,8271,7000,Dealer_self,2032
2025-07-07,8271,0,Dealer_Hedging,0
2025-07-08,8271,285000,Foreign_Investor,232000
2025-07-08,8271,0,Foreign_Dealer_Self,0
2025-07-08,8271,0,Investment_Trust,0
2025-07-08,8271,4000,Dealer_self,3351
2025-07-08,8271,0,Dealer_Hedging,0
2025-07-09,8271,327000,Foreign_Investor,160000
2025-07-09,8271,0,Foreign_Dealer_Self,0
2025-07-09,8271,0,Investment_Trust,0
2025-07-09,8271,4000,Dealer_self,3987
2025-07-09,8271,0,Dealer_Hedging,0
2025-07-10,8271,121000,Foreign_Investor,68040
2025-07-10,8271,0,Foreign_Dealer_Self,0
2025-07-10,8271,0,Investment_Trust,0
2025-07-10,8271,0,Dealer_self,13104
2025-07-10,8271,0,Dealer_Hedging,0
2025-07-11,8271,222000,Foreign_Investor,75000
2025-07-11,8271,0,Foreign_Dealer_Self,0
2025-07-11,8271,0,Investment_Trust,0
2025-07-11,8271,1000,Dealer_self,1336
2025-07-11,8271,0,Dealer_Hedging,0
2025-07-14,8271,79000,Foreign_Investor,182000
2025-07-14,8271,0,Foreign_Dealer_Self,0
2025-07-14,8271,0,Investment_Trust,0
2025-07-14,8271,2000,Dealer_self,5679
2025-07-14,8271,0,Dealer_Hedging,0
2025-07-15,8271,75000,Foreign_Investor,43000
2025-07-15,8271,0,Foreign_Dealer_Self,0
2025-07-15,8271,0,Investment_Trust,0
2025-07-15,8271,1000,Dealer_self,3402
2025-07-15,8271,0,Dealer_Hedging,0
2025-07-16,8271,277000,Foreign_Investor,76000
2025-07-16,8271,0,Foreign_Dealer_Self,0
2025-07-16,8271,0,Investment_Trust,0
2025-07-16,8271,4005,Dealer_self,1000
2025-07-16,8271,0,Dealer_Hedging,0
2025-07-17,8271,470000,Foreign_Investor,91000
2025-07-17,8271,0,Foreign_Dealer_Self,0
2025-07-17,8271,0,Investment_Trust,0
2025-07-17,8271,2108,Dealer_self,0
2025-07-17,8271,0,Dealer_Hedging,0
2025-07-18,8271,62000,Foreign_Investor,219000
2025-07-18,8271,0,Foreign_Dealer_Self,0
2025-07-18,8271,0,Investment_Trust,0
2025-07-18,8271,3000,Dealer_self,18000
2025-07-18,8271,0,Dealer_Hedging,0
2025-07-21,8271,198000,Foreign_Investor,51000
2025-07-21,8271,0,Foreign_Dealer_Self,0
2025-07-21,8271,0,Investment_Trust,0
2025-07-21,8271,27000,Dealer_self,0
2025-07-21,8271,0,Dealer_Hedging,0
2025-07-22,8271,266000,Foreign_Investor,73000
2025-07-22,8271,0,Foreign_Dealer_Self,0
2025-07-22,8271,0,Investment_Trust,0
2025-07-22,8271,1000,Dealer_self,0
2025-07-22,8271,0,Dealer_Hedging,0
2025-07-23,8271,384000,Foreign_Investor,102000
2025-07-23,8271,0,Foreign_Dealer_Self,0
2025-07-23,8271,0,Investment_Trust,0
2025-07-23,8271,6000,Dealer_self,1000
2025-07-23,8271,0,Dealer_Hedging,0
2025-07-24,8271,326000,Foreign_Investor,99000
2025-07-24,8271,0,Foreign_Dealer_Self,0
2025-07-24,8271,0,Investment_Trust,0
2025-07-24,8271,0,Dealer_self,2009
2025-07-24,8271,0,Dealer_Hedging,0
2025-07-25,8271,561000,Foreign_Investor,377000
2025-07-25,8271,0,Foreign_Dealer_Self,0
2025-07-25,8271,0,Investment_Trust,0
2025-07-25,8271,3000,Dealer_self,1000
2025-07-25,8271,0,Dealer_Hedging,0
2025-07-28,8271,320000,Foreign_Investor,165000
2025-07-28,8271,0,Foreign_Dealer_Self,0
2025-07-28,8271,0,Investment_Trust,0
2025-07-28,8271,13000,Dealer_self,2000
2025-07-28,8271,0,Dealer_Hedging,0
2025-07-29,8271,616000,Foreign_Investor,265000
2025-07-29,8271,0,Foreign_Dealer_Self,0
2025-07-29,8271,0,Investment_Trust,0
2025-07-29,8271,80000,Dealer_self,0
2025-07-29,8271,0,Dealer_Hedging,0
2025-07-30,8271,785000,Foreign_Investor,435000
2025-07-30,8271,0,Foreign_Dealer_Self,0
2025-07-30,8271,0,Investment_Trust,0
2025-07-30,8271,1000,Dealer_self,10000
2025-07-30,8271,0,Dealer_Hedging,0
2025-07-31,8271,542000,Foreign_Investor,1188000
2025-07-31,8271,0,Foreign_Dealer_Self,0
2025-07-31,8271,0,Investment_Trust,0
2025-07-31,8271,11000,Dealer_self,1000
2025-07-31,8271,0,Dealer_Hedging,0
2025-08-01,8271,310000,Foreign_Investor,353000
2025-08-01,8271,0,Foreign_Dealer_Self,0
2025-08-01,8271,0,Investment_Trust,0
2025-08-01,8271,1000,Dealer_self,31001
2025-08-01,8271,0,Dealer_Hedging,0
2025-08-04,8271,282051,Foreign_Investor,193000
2025-08-04,8271,0,Foreign_Dealer_Self,0
2025-08-04,8271,0,Investment_Trust,0
2025-08-04,8271,19000,Dealer_self,3000
2025-08-04,8271,0,Dealer_Hedging,0
2025-08-05,8271,231000,Foreign_Investor,185000
2025-08-05,8271,0,Foreign_Dealer_Self,0
2025-08-05,8271,0,Investment_Trust,0
2025-08-05,8271,9000,Dealer_self,1000
2025-08-05,8271,0,Dealer_Hedging,0
2025-08-06,8271,283000,Foreign_Investor,145000
2025-08-06,8271,0,Foreign_Dealer_Self,0
2025-08-06,8271,0,Investment_Trust,0
2025-08-06,8271,3000,Dealer_self,55739
2025-08-06,8271,0,Dealer_Hedging,0
2025-08-07,8271,1393000,Foreign_Investor,477009
2025-08-07,8271,0,Foreign_Dealer_Self,0
2025-08-07,8271,0,Investment_Trust,0
2025-08-07,8271,5032,Dealer_self,4720
2025-08-07,8271,0,Dealer_Hedging,0
2025-08-08,8271,1032000,Foreign_Investor,1004000
2025-08-08,8271,0,Foreign_Dealer_Self,0
2025-08-08,8271,0,Investment_Trust,0
2025-08-08,8271,22000,Dealer_self,7274
2025-08-08,8271,0,Dealer_Hedging,0
2025-08-11,8271,477000,Foreign_Investor,383010
2025-08-11,8271,0,Foreign_Dealer_Self,0
2025-08-11,8271,0,Investment_Trust,0
2025-08-11,8271,2805,Dealer_self,6000
2025-08-11,8271,0,Dealer_Hedging,0
2025-08-12,8271,1217670,Foreign_Investor,1308020
2025-08-12,8271,0,Foreign_Dealer_Self,0
2025-08-12,8271,0,Investment_Trust,0
2025-08-12,8271,17000,Dealer_self,5823
2025-08-12,8271,0,Dealer_Hedging,0
2025-08-13,8271,860200,Foreign_Investor,788000
2025-08-13,8271,0,Foreign_Dealer_Self,0
2025-08-13,8271,0,Investment_Trust,0
2025-08-13,8271,1000,Dealer_self,7000
2025-08-13,8271,0,Dealer_Hedging,0
2025-08-14,8271,272000,Foreign_Investor,422000
2025-08-14,8271,0,Foreign_Dealer_Self,0
2025-08-14,8271,0,Investment_Trust,0
2025-08-14,8271,1000,Dealer_self,0
2025-08-14,8271,0,Dealer_Hedging,0
2025-08-15,8271,478000,Foreign_Investor,258000
2025-08-15,8271,0,Foreign_Dealer_Self,0
2025-08-15,8271,0,Investment_Trust,0
2025-08-15,8271,37000,Dealer_self,4000
2025-08-15,8271,0,Dealer_Hedging,0
2025-08-18,8271,177000,Foreign_Investor,152000
2025-08-18,8271,0,Foreign_Dealer_Self,0
2025-08-18,8271,0,Investment_Trust,0
2025-08-18,8271,0,Dealer_self,2000
2025-08-18,8271,0,Dealer_Hedging,0
2025-08-19,8271,273000,Foreign_Investor,255000
2025-08-19,8271,0,Foreign_Dealer_Self,0
2025-08-19,8271,0,Investment_Trust,0
2025-08-19,8271,12000,Dealer_self,8001
2025-08-19,8271,0,Dealer_Hedging,0
2025-08-20,8271,627000,Foreign_Investor,541000
2025-08-20,8271,0,Foreign_Dealer_Self,0
2025-08-20,8271,0,Investment_Trust,0
2025-08-20,8271,5000,Dealer_self,2378
2025-08-20,8271,0,Dealer_Hedging,0
2025-08-21,8271,405000,Foreign_Investor,153000
2025-08-21,8271,0,Foreign_Dealer_Self,0
2025-08-21,8271,0,Investment_Trust,0
2025-08-21,8271,24000,Dealer_self,1045
2025-08-21,8271,0,Dealer_Hedging,0
2025-08-22,8271,352000,Foreign_Investor,303000
2025-08-22,8271,0,Foreign_Dealer_Self,0
2025-08-22,8271,0,Investment_Trust,0
2025-08-22,8271,2000,Dealer_self,1006
2025-08-22,8271,0,Dealer_Hedging,0
2025-08-25,8271,397000,Foreign_Investor,381000
2025-08-25,8271,0,Foreign_Dealer_Self,0
2025-08-25,8271,0,Investment_Trust,0
2025-08-25,8271,16000,Dealer_self,0
2025-08-25,8271,0,Dealer_Hedging,0
2025-08-26,8271,355011,Foreign_Investor,85020
2025-08-26,8271,0,Foreign_Dealer_Self,0
2025-08-26,8271,0,Investment_Trust,0
2025-08-26,8271,0,Dealer_self,0
2025-08-26,8271,0,Dealer_Hedging,0
2025-08-27,8271,531000,Foreign_Investor,94050
2025-08-27,8271,0,Foreign_Dealer_Self,0
2025-08-27,8271,0,Investment_Trust,0
2025-08-27,8271,0,Dealer_self,3000
2025-08-27,8271,0,Dealer_Hedging,0
2025-08-28,8271,256000,Foreign_Investor,245000
2025-08-28,8271,0,Foreign_Dealer_Self,0
2025-08-28,8271,0,Investment_Trust,0
2025-08-28,8271,0,Dealer_self,3105
2025-08-28,8271,0,Dealer_Hedging,0
2025-08-29,8271,458000,Foreign_Investor,308000
2025-08-29,8271,0,Foreign_Dealer_Self,0
2025-08-29,8271,0,Investment_Trust,0
2025-08-29,8271,1821,Dealer_self,1000
2025-08-29,8271,0,Dealer_Hedging,0
2025-09-01,8271,393000,Foreign_Investor,118000
2025-09-01,8271,0,Foreign_Dealer_Self,0
2025-09-01,8271,0,Investment_Trust,0
2025-09-01,8271,3000,Dealer_self,4000
2025-09-01,8271,0,Dealer_Hedging,0
2025-09-02,8271,365000,Foreign_Investor,192000
2025-09-02,8271,0,Foreign_Dealer_Self,0
2025-09-02,8271,0,Investment_Trust,0
2025-09-02,8271,17000,Dealer_self,5000
2025-09-02,8271,0,Dealer_Hedging,0
2025-09-03,8271,480000,Foreign_Investor,515000
2025-09-03,8271,0,Foreign_Dealer_Self,0
2025-09-03,8271,0,Investment_Trust,0
2025-09-03,8271,6000,Dealer_self,18000
2025-09-03,8271,0,Dealer_Hedging,0
2025-09-04,8271,410072,Foreign_Investor,277670
2025-09-04,8271,0,Foreign_Dealer_Self,0
2025-09-04,8271,0,Investment_Trust,0
2025-09-04,8271,0,Dealer_self,0
2025-09-04,8271,0,Dealer_Hedging,0
2025-09-05,8271,1556000,Foreign_Investor,677000
2025-09-05,8271,0,Foreign_Dealer_Self,0
2025-09-05,8271,0,Investment_Trust,0
2025-09-05,8271,1000,Dealer_self,0
2025-09-05,8271,0,Dealer_Hedging,0
2025-09-08,8271,962000,Foreign_Investor,2356000
2025-09-08,8271,0,Foreign_Dealer_Self,0
2025-09-08,8271,0,Investment_Trust,0
2025-09-08,8271,5000,Dealer_self,13153
2025-09-08,8271,0,Dealer_Hedging,0
2025-09-09,8271,506000,Foreign_Investor,519000
2025-09-09,8271,0,Foreign_Dealer_Self,0
2025-09-09,8271,0,Investment_Trust,0
2025-09-09,8271,1000,Dealer_self,24000
2025-09-09,8271,0,Dealer_Hedging,0
2025-09-10,8271,919000,Foreign_Investor,386011
2025-09-10,8271,0,Foreign_Dealer_Self,0
2025-09-10,8271,0,Investment_Trust,0
2025-09-10,8271,8000,Dealer_self,25000
2025-09-10,8271,0,Dealer_Hedging,0
2025-09-11,8271,671000,Foreign_Investor,462000
2025-09-11,8271,0,Foreign_Dealer_Self,0
2025-09-11,8271,0,Investment_Trust,0
2025-09-11,8271,1000,Dealer_self,15000
2025-09-11,8271,0,Dealer_Hedging,0
2025-09-12,8271,1628000,Foreign_Investor,1177000
2025-09-12,8271,0,Foreign_Dealer_Self,0
2025-09-12,8271,0,Investment_Trust,0
2025-09-12,8271,29000,Dealer_self,8096
2025-09-12,8271,0,Dealer_Hedging,0
2025-09-15,8271,2253000,Foreign_Investor,3397010
2025-09-15,8271,0,Foreign_Dealer_Self,0
2025-09-15,8271,0,Investment_Trust,0
2025-09-15,8271,7781,Dealer_self,7348
2025-09-15,8271,0,Dealer_Hedging,0
2025-09-16,8271,1424000,Foreign_Investor,2608000
2025-09-16,8271,0,Foreign_Dealer_Self,0
2025-09-16,8271,0,Investment_Trust,0
2025-09-16,8271,23000,Dealer_self,15000
2025-09-16,8271,0,Dealer_Hedging,0
2025-09-17,8271,1665010,Foreign_Investor,2569250
2025-09-17,8271,0,Foreign_Dealer_Self,0
2025-09-17,8271,0,Investment_Trust,0
2025-09-17,8271,19000,Dealer_self,13982
2025-09-17,8271,0,Dealer_Hedging,0
2025-09-18,8271,2249000,Foreign_Investor,3060010
2025-09-18,8271,0,Foreign_Dealer_Self,0
2025-09-18,8271,0,Investment_Trust,0
2025-09-18,8271,26000,Dealer_self,77549
2025-09-18,8271,0,Dealer_Hedging,0
2025-09-19,8271,1741000,Foreign_Investor,1055200
2025-09-19,8271,0,Foreign_Dealer_Self,0
2025-09-19,8271,0,Investment_Trust,0
2025-09-19,8271,12000,Dealer_self,5942
2025-09-19,8271,0,Dealer_Hedging,0
2025-09-22,8271,2649000,Foreign_Investor,2338000
2025-09-22,8271,0,Foreign_Dealer_Self,0
2025-09-22,8271,0,Investment_Trust,0
2025-09-22,8271,3263,Dealer_self,1067
2025-09-22,8271,0,Dealer_Hedging,0
2025-09-23,8271,1036000,Foreign_Investor,942043
2025-09-23,8271,0,Foreign_Dealer_Self,0
2025-09-23,8271,0,Investment_Trust,0
2025-09-23,8271,1000,Dealer_self,8457
2025-09-23,8271,0,Dealer_Hedging,0
2025-09-24,8271,997000,Foreign_Investor,580000
2025-09-24,8271,0,Foreign_Dealer_Self,0
2025-09-24,8271,0,Investment_Trust,0
2025-09-24,8271,2000,Dealer_self,6681
2025-09-24,8271,0,Dealer_Hedging,0
2025-09-25,8271,744000,Foreign_Investor,333000
2025-09-25,8271,0,Foreign_Dealer_Self,0
2025-09-25,8271,0,Investment_Trust,0
2025-09-25,8271,2002,Dealer_self,0
2025-09-25,8271,0,Dealer_Hedging,0
2025-09-26,8271,769000,Foreign_Investor,453000
2025-09-26,8271,0,Foreign_Dealer_Self,0
2025-09-26,8271,0,Investment_Trust,0
2025-09-26,8271,1000,Dealer_self,3000
2025-09-26,8271,0,Dealer_Hedging,0
2025-09-30,8271,4204000,Foreign_Investor,1603061
2025-09-30,8271,0,Foreign_Dealer_Self,0
2025-09-30,8271,0,Investment_Trust,0
2025-09-30,8271,23814,Dealer_self,4261
2025-09-30,8271,0,Dealer_Hedging,0
2025-10-01,8271,1025063,Foreign_Investor,1764566
2025-10-01,8271,0,Foreign_Dealer_Self,0
2025-10-01,8271,0,Investment_Trust,0
2025-10-01,8271,12000,Dealer_self,0
2025-10-01,8271,0,Dealer_Hedging,0
2025-10-02,8271,3412150,Foreign_Investor,3482010
2025-10-02,8271,0,Foreign_Dealer_Self,0
2025-10-02,8271,0,Investment_Trust,0
2025-10-02,8271,59000,Dealer_self,3894
2025-10-02,8271,0,Dealer_Hedging,0
2025-10-03,8271,876000,Foreign_Investor,1097000
2025-10-03,8271,0,Foreign_Dealer_Self,0
2025-10-03,8271,0,Investment_Trust,0
2025-10-03,8271,42000,Dealer_self,0
2025-10-03,8271,0,Dealer_Hedging,0
2025-10-07,8271,1752000,Foreign_Investor,1868000
2025-10-07,8271,0,Foreign_Dealer_Self,0
2025-10-07,8271,0,Investment_Trust,0
2025-10-07,8271,2000,Dealer_self,516
2025-10-07,8271,20418,Dealer_Hedging,0
2025-10-08,8271,3074600,Foreign_Investor,4316010
2025-10-08,8271,0,Foreign_Dealer_Self,0
2025-10-08,8271,0,Investment_Trust,0
2025-10-08,8271,62017,Dealer_self,14028
2025-10-08,8271,121563,Dealer_Hedging,1010
2025-10-09,8271,4346000,Foreign_Investor,2579120
2025-10-09,8271,0,Foreign_Dealer_Self,0
2025-10-09,8271,0,Investment_Trust,0
2025-10-09,8271,86340,Dealer_self,7727
2025-10-09,8271,53346,Dealer_Hedging,11573
2025-10-13,8271,11869000,Foreign_Investor,13445380
2025-10-13,8271,0,Foreign_Dealer_Self,0
2025-10-13,8271,0,Investment_Trust,0
2025-10-13,8271,60174,Dealer_self,190371
2025-10-13,8271,247757,Dealer_Hedging,63609
2025-10-14,8271,11269452,Foreign_Investor,10884510
2025-10-14,8271,0,Foreign_Dealer_Self,0
2025-10-14,8271,0,Investment_Trust,0
2025-10-14,8271,171001,Dealer_self,84651
2025-10-14,8271,116580,Dealer_Hedging,126183
2025-10-15,8271,0,Foreign_Dealer_Self,0
2025-10-15,8271,0,Investment_Trust,0
2025-10-15,8271,60885,Dealer_self,88480
2025-10-15,8271,48071,Dealer_Hedging,3172
2025-10-15,8271,6201000,Foreign_Investor,6426362
2025-10-16,8271,16594699,Foreign_Investor,9837210
2025-10-16,8271,0,Foreign_Dealer_Self,0
2025-10-16,8271,0,Investment_Trust,0
2025-10-16,8271,56312,Dealer_self,79756
2025-10-16,8271,274101,Dealer_Hedging,63510
2025-10-17,8271,11582750,Foreign_Investor,12611110
2025-10-17,8271,0,Foreign_Dealer_Self,0
2025-10-17,8271,0,Investment_Trust,0
2025-10-17,8271,35000,Dealer_self,72389
2025-10-17,8271,5101,Dealer_Hedging,295487
2025-10-20,8271,1185005,Foreign_Investor,1008500
2025-10-20,8271,0,Foreign_Dealer_Self,0
2025-10-20,8271,68000,Investment_Trust,0
2025-10-20,8271,28000,Dealer_self,54000
2025-10-20,8271,101000,Dealer_Hedging,47000
2025-10-21,8271,1131000,Foreign_Investor,326500
2025-10-21,8271,0,Foreign_Dealer_Self,0
2025-10-21,8271,65000,Investment_Trust,0
2025-10-21,8271,3326,Dealer_self,28000
2025-10-21,8271,0,Dealer_Hedging,21000
2025-10-22,8271,329000,Foreign_Investor,448000
2025-10-22,8271,0,Foreign_Dealer_Self,0
2025-10-22,8271,68000,Investment_Trust,0
2025-10-22,8271,2000,Dealer_self,30000
2025-10-22,8271,3000,Dealer_Hedging,6000
2025-10-23,8271,481000,Foreign_Investor,140020
2025-10-23,8271,0,Foreign_Dealer_Self,0
2025-10-23,8271,66000,Investment_Trust,0
2025-10-23,8271,46000,Dealer_self,16000
2025-10-23,8271,0,Dealer_Hedging,12000
2025-10-27,8271,304172,Foreign_Investor,688007
2025-10-27,8271,0,Foreign_Dealer_Self,0
2025-10-27,8271,69000,Investment_Trust,0
2025-10-27,8271,55000,Dealer_self,0
2025-10-27,8271,7000,Dealer_Hedging,4000
2025-10-28,8271,190006,Foreign_Investor,760007
2025-10-28,8271,0,Foreign_Dealer_Self,0
2025-10-28,8271,0,Investment_Trust,0
2025-10-28,8271,1000,Dealer_self,52000
2025-10-28,8271,5000,Dealer_Hedging,6000
2025-10-29,8271,624000,Foreign_Investor,612000
2025-10-29,8271,0,Foreign_Dealer_Self,0
2025-10-29,8271,0,Investment_Trust,0
2025-10-29,8271,13000,Dealer_self,13000
2025-10-29,8271,0,Dealer_Hedging,25000
2025-10-30,8271,225000,Foreign_Investor,473000
2025-10-30,8271,0,Foreign_Dealer_Self,0
2025-10-30,8271,0,Investment_Trust,1000
2025-10-30,8271,1000,Dealer_self,1000
2025-10-30,8271,0,Dealer_Hedging,3000
2025-10-31,8271,123000,Foreign_Investor,357000
2025-10-31,8271,0,Foreign_Dealer_Self,0
2025-10-31,8271,0,Investment_Trust,0
2025-10-31,8271,9000,Dealer_self,36000
2025-10-31,8271,7000,Dealer_Hedging,2000
2025-11-03,8271,134000,Foreign_Investor,655000
2025-11-03,8271,0,Foreign_Dealer_Self,0
2025-11-03,8271,0,Investment_Trust,0
2025-11-03,8271,9000,Dealer_self,20000
2025-11-03,8271,0,Dealer_Hedging,33000
2025-11-04,8271,2158884,Foreign_Investor,3938100
2025-11-04,8271,0,Foreign_Dealer_Self,0
2025-11-04,8271,0,Investment_Trust,2000
2025-11-04,8271,1000,Dealer_self,66361
2025-11-04,8271,6077,Dealer_Hedging,39479
2025-11-05,8271,3269055,Foreign_Investor,2638952
2025-11-05,8271,0,Foreign_Dealer_Self,0
2025-11-05,8271,0,Investment_Trust,0
2025-11-05,8271,10000,Dealer_self,15949
2025-11-05,8271,62939,Dealer_Hedging,41235
2025-11-06,8271,1611015,Foreign_Investor,3519000
2025-11-06,8271,0,Foreign_Dealer_Self,0
2025-11-06,8271,0,Investment_Trust,0
2025-11-06,8271,65000,Dealer_self,14385
2025-11-06,8271,11839,Dealer_Hedging,17467
2025-11-07,8271,5736000,Foreign_Investor,2945927
2025-11-07,8271,0,Foreign_Dealer_Self,0
2025-11-07,8271,0,Investment_Trust,0
2025-11-07,8271,16692,Dealer_self,54009
2025-11-07,8271,78587,Dealer_Hedging,11316
2025-11-10,8271,2932030,Foreign_Investor,4784030
2025-11-10,8271,0,Foreign_Dealer_Self,0
2025-11-10,8271,0,Investment_Trust,0
2025-11-10,8271,26353,Dealer_self,16181
2025-11-10,8271,44097,Dealer_Hedging,21119
2025-11-11,8271,10822550,Foreign_Investor,8835005
2025-11-11,8271,0,Foreign_Dealer_Self,0
2025-11-11,8271,0,Investment_Trust,0
2025-11-11,8271,168188,Dealer_self,124757
2025-11-11,8271,141082,Dealer_Hedging,149049
2025-11-12,8271,6170180,Foreign_Investor,9836010
2025-11-12,8271,0,Foreign_Dealer_Self,0
2025-11-12,8271,0,Investment_Trust,0
2025-11-12,8271,32000,Dealer_self,71108
2025-11-12,8271,30603,Dealer_Hedging,36735
2025-11-13,8271,6011130,Foreign_Investor,4889120
2025-11-13,8271,0,Foreign_Dealer_Self,0
2025-11-13,8271,0,Investment_Trust,0
2025-11-13,8271,5045,Dealer_self,34086
2025-11-13,8271,63232,Dealer_Hedging,18181
2025-11-14,8271,3065450,Foreign_Investor,1828020
2025-11-14,8271,0,Foreign_Dealer_Self,0
2025-11-14,8271,0,Investment_Trust,1000
2025-11-14,8271,13053,Dealer_self,23001
2025-11-14,8271,3509,Dealer_Hedging,3641
2025-11-17,8271,4424146,Foreign_Investor,7949400
2025-11-17,8271,0,Foreign_Dealer_Self,0
2025-11-17,8271,0,Investment_Trust,0
2025-11-17,8271,23000,Dealer_self,4682
2025-11-17,8271,63483,Dealer_Hedging,29841
2025-11-18,8271,4671000,Foreign_Investor,3253010
2025-11-18,8271,0,Foreign_Dealer_Self,0
2025-11-18,8271,0,Investment_Trust,0
2025-11-18,8271,5082,Dealer_self,15000
2025-11-18,8271,45719,Dealer_Hedging,4810
2025-11-19,8271,3217006,Foreign_Investor,1618000
2025-11-19,8271,0,Foreign_Dealer_Self,0
2025-11-19,8271,0,Investment_Trust,1000
2025-11-19,8271,3000,Dealer_self,3000
2025-11-19,8271,0,Dealer_Hedging,33887
2025-11-20,8271,3378055,Foreign_Investor,3044100
2025-11-20,8271,0,Foreign_Dealer_Self,0
2025-11-20,8271,0,Investment_Trust,0
2025-11-20,8271,1000,Dealer_self,0
2025-11-20,8271,400,Dealer_Hedging,2435
2025-11-21,8271,2949351,Foreign_Investor,1365000
2025-11-21,8271,0,Foreign_Dealer_Self,0
2025-11-21,8271,0,Investment_Trust,1000
2025-11-21,8271,10000,Dealer_self,1000
2025-11-21,8271,1329,Dealer_Hedging,25194
2025-11-24,8271,1495003,Foreign_Investor,1795000
2025-11-24,8271,0,Foreign_Dealer_Self,0
2025-11-24,8271,0,Investment_Trust,1000
2025-11-24,8271,3000,Dealer_self,10000
2025-11-24,8271,5141,Dealer_Hedging,9683
2025-11-25,8271,3176000,Foreign_Investor,4911578
2025-11-25,8271,0,Foreign_Dealer_Self,0
2025-11-25,8271,0,Investment_Trust,0
2025-11-25,8271,12006,Dealer_self,10781
2025-11-25,8271,11619,Dealer_Hedging,20947
2025-11-26,8271,2145020,Foreign_Investor,3159000
2025-11-26,8271,0,Foreign_Dealer_Self,0
2025-11-26,8271,0,Investment_Trust,0
2025-11-26,8271,3000,Dealer_self,11000
2025-11-26,8271,8072,Dealer_Hedging,30387
2025-11-27,8271,1172020,Foreign_Investor,1526000
2025-11-27,8271,0,Foreign_Dealer_Self,0
2025-11-27,8271,0,Investment_Trust,0
2025-11-27,8271,2000,Dealer_self,2000
2025-11-27,8271,3102,Dealer_Hedging,8393
2025-11-28,8271,2197005,Foreign_Investor,4299000
2025-11-28,8271,0,Foreign_Dealer_Self,0
2025-11-28,8271,0,Investment_Trust,0
2025-11-28,8271,28000,Dealer_self,21414
2025-11-28,8271,137083,Dealer_Hedging,33967
2025-12-01,8271,965000,Foreign_Investor,2371000
2025-12-01,8271,0,Foreign_Dealer_Self,0
2025-12-01,8271,0,Investment_Trust,0
2025-12-01,8271,13000,Dealer_self,12452
2025-12-01,8271,1204,Dealer_Hedging,32926
2025-12-02,8271,2899000,Foreign_Investor,2085000
2025-12-02,8271,0,Foreign_Dealer_Self,0
2025-12-02,8271,0,Investment_Trust,0
2025-12-02,8271,5000,Dealer_self,1326
2025-12-02,8271,71964,Dealer_Hedging,10017
2025-12-03,8271,1406030,Foreign_Investor,3245000
2025-12-03,8271,0,Foreign_Dealer_Self,0
2025-12-03,8271,0,Investment_Trust,0
2025-12-03,8271,0,Dealer_self,773
2025-12-03,8271,20183,Dealer_Hedging,26170
2025-12-04,8271,1491000,Foreign_Investor,2182000
2025-12-04,8271,0,Foreign_Dealer_Self,0
2025-12-04,8271,0,Investment_Trust,0
2025-12-04,8271,6000,Dealer_self,6622
2025-12-04,8271,24008,Dealer_Hedging,22914
2025-12-05,8271,2363010,Foreign_Investor,3420020
2025-12-05,8271,0,Foreign_Dealer_Self,0
2025-12-05,8271,0,Investment_Trust,0
2025-12-05,8271,3000,Dealer_self,7976
2025-12-05,8271,18992,Dealer_Hedging,37602
2025-12-08,8271,1225020,Foreign_Investor,1801100
2025-12-08,8271,0,Foreign_Dealer_Self,0
2025-12-08,8271,0,Investment_Trust,1000
2025-12-08,8271,32000,Dealer_self,0
2025-12-08,8271,49385,Dealer_Hedging,25279
2025-12-09,8271,1744004,Foreign_Investor,1431050
2025-12-09,8271,0,Foreign_Dealer_Self,0
2025-12-09,8271,0,Investment_Trust,1000
2025-12-09,8271,2000,Dealer_self,1000
2025-12-09,8271,253,Dealer_Hedging,104944
2025-12-10,8271,720000,Foreign_Investor,1632000
2025-12-10,8271,0,Foreign_Dealer_Self,0
2025-12-10,8271,0,Investment_Trust,2000
2025-12-10,8271,8000,Dealer_self,12536
2025-12-10,8271,13000,Dealer_Hedging,44632
2025-12-11,8271,1401005,Foreign_Investor,889000
2025-12-11,8271,0,Foreign_Dealer_Self,0
2025-12-11,8271,0,Investment_Trust,2000
2025-12-11,8271,3000,Dealer_self,14363
2025-12-11,8271,53,Dealer_Hedging,48550
2025-12-12,8271,967011,Foreign_Investor,1024000
2025-12-12,8271,0,Foreign_Dealer_Self,0
2025-12-12,8271,0,Investment_Trust,1000
2025-12-12,8271,1000,Dealer_self,5710
2025-12-12,8271,71,Dealer_Hedging,5718
2025-12-15,8271,1652006,Foreign_Investor,1489000
2025-12-15,8271,0,Foreign_Dealer_Self,0
2025-12-15,8271,0,Investment_Trust,0
2025-12-15,8271,7000,Dealer_self,7093
2025-12-15,8271,44390,Dealer_Hedging,9151
2025-12-16,8271,660005,Foreign_Investor,1197000
2025-12-16,8271,0,Foreign_Dealer_Self,0
2025-12-16,8271,0,Investment_Trust,0
2025-12-16,8271,2000,Dealer_self,40074
2025-12-16,8271,434,Dealer_Hedging,22256
2025-12-17,8271,1357005,Foreign_Investor,1023000
2025-12-17,8271,0,Foreign_Dealer_Self,0
2025-12-17,8271,0,Investment_Trust,1000
2025-12-17,8271,0,Dealer_self,6453
2025-12-17,8271,9118,Dealer_Hedging,9110
2025-12-18,8271,2761020,Foreign_Investor,3980000
2025-12-18,8271,0,Foreign_Dealer_Self,0
2025-12-18,8271,0,Investment_Trust,0
2025-12-18,8271,3000,Dealer_self,2021
2025-12-18,8271,2982,Dealer_Hedging,9069
2025-12-19,8271,4460000,Foreign_Investor,5427000
2025-12-19,8271,0,Foreign_Dealer_Self,0
2025-12-19,8271,0,Investment_Trust,1000
2025-12-19,8271,5000,Dealer_self,9847
2025-12-19,8271,114919,Dealer_Hedging,41889
2025-12-22,8271,2481200,Foreign_Investor,3158000
2025-12-22,8271,0,Foreign_Dealer_Self,0
2025-12-22,8271,0,Investment_Trust,1000
2025-12-22,8271,1000,Dealer_self,1000
2025-12-22,8271,42679,Dealer_Hedging,7820
2025-12-23,8271,955000,Foreign_Investor,1417000
2025-12-23,8271,0,Foreign_Dealer_Self,0
2025-12-23,8271,0,Investment_Trust,0
2025-12-23,8271,1000,Dealer_self,0
2025-12-23,8271,14138,Dealer_Hedging,25784
2025-12-24,8271,3261000,Foreign_Investor,2096000
2025-12-24,8271,0,Foreign_Dealer_Self,0
2025-12-24,8271,0,Investment_Trust,0
2025-12-24,8271,1000,Dealer_self,1000
2025-12-24,8271,36747,Dealer_Hedging,8353
2025-12-26,8271,1719100,Foreign_Investor,1755000
2025-12-26,8271,0,Foreign_Dealer_Self,0
2025-12-26,8271,0,Investment_Trust,1000
2025-12-26,8271,27000,Dealer_self,0
2025-12-26,8271,10190,Dealer_Hedging,8001
2025-12-29,8271,1399030,Foreign_Investor,1306005
2025-12-29,8271,0,Foreign_Dealer_Self,0
2025-12-29,8271,0,Investment_Trust,0
2025-12-29,8271,1135,Dealer_self,3000
2025-12-29,8271,25609,Dealer_Hedging,9859
2025-12-30,8271,4309000,Foreign_Investor,1880142
2025-12-30,8271,0,Foreign_Dealer_Self,0
2025-12-30,8271,0,Investment_Trust,0
2025-12-30,8271,47415,Dealer_self,4000
2025-12-30,8271,39254,Dealer_Hedging,0
2025-12-31,8271,7106500,Foreign_Investor,10027235
2025-12-31,8271,0,Foreign_Dealer_Self,0
2025-12-31,8271,0,Investment_Trust,1000
2025-12-31,8271,13000,Dealer_self,67216
2025-12-31,8271,183998,Dealer_Hedging,68526
2026-01-02,8271,3010000,Foreign_Investor,2694000
2026-01-02,8271,0,Foreign_Dealer_Self,0
2026-01-02,8271,0,Investment_Trust,0
2026-01-02,8271,17000,Dealer_self,11000
2026-01-02,8271,72000,Dealer_Hedging,26191
2026-01-05,8271,2082413,Foreign_Investor,2579005
2026-01-05,8271,0,Foreign_Dealer_Self,0
2026-01-05,8271,0,Investment_Trust,7000
2026-01-05,8271,13000,Dealer_self,3937
2026-01-05,8271,4000,Dealer_Hedging,76073
2026-01-06,8271,3336000,Foreign_Investor,2410020
2026-01-06,8271,0,Foreign_Dealer_Self,0
2026-01-06,8271,0,Investment_Trust,4000
2026-01-06,8271,0,Dealer_self,2000
2026-01-06,8271,41020,Dealer_Hedging,7716
2026-01-07,8271,9425080,Foreign_Investor,8617030
2026-01-07,8271,0,Foreign_Dealer_Self,0
2026-01-07,8271,0,Investment_Trust,5000
2026-01-07,8271,65600,Dealer_self,20912
2026-01-07,8271,377541,Dealer_Hedging,68892
2026-01-08,8271,11245250,Foreign_Investor,9714711
2026-01-08,8271,0,Foreign_Dealer_Self,0
2026-01-08,8271,0,Investment_Trust,1000
2026-01-08,8271,56000,Dealer_self,52805
2026-01-08,8271,228845,Dealer_Hedging,234439
2026-01-09,8271,15342430,Foreign_Investor,13843033
2026-01-09,8271,0,Foreign_Dealer_Self,0
2026-01-09,8271,0,Investment_Trust,2000
2026-01-09,8271,59962,Dealer_self,14782
2026-01-09,8271,215601,Dealer_Hedging,225436
2026-01-12,8271,4820709,Foreign_Investor,7564005
2026-01-12,8271,0,Foreign_Dealer_Self,0
2026-01-12,8271,0,Investment_Trust,4000
2026-01-12,8271,10055,Dealer_self,80000
2026-01-12,8271,17555,Dealer_Hedging,97635
2026-01-13,8271,3114123,Foreign_Investor,4823062
2026-01-13,8271,0,Foreign_Dealer_Self,0
2026-01-13,8271,0,Investment_Trust,3000
2026-01-13,8271,23000,Dealer_self,38940
2026-01-13,8271,36000,Dealer_Hedging,132021
2026-01-14,8271,1666000,Foreign_Investor,1447001
2026-01-14,8271,0,Foreign_Dealer_Self,0
2026-01-14,8271,0,Investment_Trust,4000
2026-01-14,8271,4000,Dealer_self,6072
2026-01-14,8271,27002,Dealer_Hedging,10955
2026-01-15,8271,1476000,Foreign_Investor,1053000
2026-01-15,8271,0,Foreign_Dealer_Self,0
2026-01-15,8271,1000,Investment_Trust,0
2026-01-15,8271,5000,Dealer_self,1228
2026-01-15,8271,34037,Dealer_Hedging,10975
2026-01-16,8271,3461000,Foreign_Investor,2371071
2026-01-16,8271,0,Foreign_Dealer_Self,0
2026-01-16,8271,0,Investment_Trust,6000
2026-01-16,8271,8000,Dealer_self,5135
2026-01-16,8271,128347,Dealer_Hedging,1129
2026-01-19,8271,5390600,Foreign_Investor,6271085
2026-01-19,8271,0,Foreign_Dealer_Self,0
2026-01-19,8271,20000,Investment_Trust,0
2026-01-19,8271,53897,Dealer_self,8074
2026-01-19,8271,59054,Dealer_Hedging,139248
2026-01-20,8271,2076199,Foreign_Investor,1791100
2026-01-20,8271,0,Foreign_Dealer_Self,0
2026-01-20,8271,28000,Investment_Trust,0
2026-01-20,8271,3000,Dealer_self,45710
2026-01-20,8271,2000,Dealer_Hedging,44440
2026-01-21,8271,2699355,Foreign_Investor,2191002
2026-01-21,8271,0,Foreign_Dealer_Self,0
2026-01-21,8271,23000,Investment_Trust,0
2026-01-21,8271,3466,Dealer_self,1001
2026-01-21,8271,453,Dealer_Hedging,100732
2026-01-22,8271,1726000,Foreign_Investor,2249000
2026-01-22,8271,0,Foreign_Dealer_Self,0
2026-01-22,8271,19000,Investment_Trust,0
2026-01-22,8271,7000,Dealer_self,9164
2026-01-22,8271,14110,Dealer_Hedging,21154
2026-01-23,8271,4017155,Foreign_Investor,2383450
2026-01-23,8271,0,Foreign_Dealer_Self,0
2026-01-23,8271,26000,Investment_Trust,0
2026-01-23,8271,4449,Dealer_self,7580
2026-01-23,8271,16341,Dealer_Hedging,81450
2026-01-26,8271,2442300,Foreign_Investor,2486100
2026-01-26,8271,0,Foreign_Dealer_Self,0
2026-01-26,8271,0,Investment_Trust,2000
2026-01-26,8271,2000,Dealer_self,6563
2026-01-26,8271,3000,Dealer_Hedging,448
2026-01-27,8271,1826000,Foreign_Investor,2117000
2026-01-27,8271,0,Foreign_Dealer_Self,0
2026-01-27,8271,3000,Investment_Trust,0
2026-01-27,8271,8132,Dealer_self,7293
2026-01-27,8271,20564,Dealer_Hedging,11534
2026-01-28,8271,3680200,Foreign_Investor,3186180
2026-01-28,8271,0,Foreign_Dealer_Self,0
2026-01-28,8271,0,Investment_Trust,0
2026-01-28,8271,2000,Dealer_self,3074
2026-01-28,8271,99901,Dealer_Hedging,11528
2026-01-29,8271,4204250,Foreign_Investor,3781025
2026-01-29,8271,0,Foreign_Dealer_Self,0
2026-01-29,8271,0,Investment_Trust,4000
2026-01-29,8271,3000,Dealer_self,7562
2026-01-29,8271,8108,Dealer_Hedging,45650
2026-01-30,8271,5290100,Foreign_Investor,4688000
2026-01-30,8271,0,Foreign_Dealer_Self,0
2026-01-30,8271,0,Investment_Trust,5000
2026-01-30,8271,21000,Dealer_self,21196
2026-01-30,8271,49165,Dealer_Hedging,17560
2026-02-02,8271,1368000,Foreign_Investor,2621100
2026-02-02,8271,0,Foreign_Dealer_Self,0
2026-02-02,8271,0,Investment_Trust,0
2026-02-02,8271,5000,Dealer_self,34177
2026-02-02,8271,1217,Dealer_Hedging,56910
2026-02-03,8271,2732000,Foreign_Investor,2734600
2026-02-03,8271,0,Foreign_Dealer_Self,0
2026-02-03,8271,0,Investment_Trust,0
2026-02-03,8271,4000,Dealer_self,4512
2026-02-03,8271,6306,Dealer_Hedging,49261
2026-02-04,8271,1155080,Foreign_Investor,1482000
2026-02-04,8271,0,Foreign_Dealer_Self,0
2026-02-04,8271,0,Investment_Trust,0
2026-02-04,8271,4000,Dealer_self,11256
2026-02-04,8271,91456,Dealer_Hedging,18224
2026-02-05,8271,1175030,Foreign_Investor,912000
2026-02-05,8271,0,Foreign_Dealer_Self,0
2026-02-05,8271,0,Investment_Trust,0
2026-02-05,8271,3000,Dealer_self,16
2026-02-05,8271,9190,Dealer_Hedging,8976
2026-02-06,8271,5168000,Foreign_Investor,1770794
2026-02-06,8271,0,Foreign_Dealer_Self,0
2026-02-06,8271,0,Investment_Trust,0
2026-02-06,8271,21229,Dealer_self,4999
2026-02-06,8271,28369,Dealer_Hedging,19244
2026-02-09,8271,3245015,Foreign_Investor,507121
2026-02-09,8271,0,Foreign_Dealer_Self,0
2026-02-09,8271,0,Investment_Trust,0
2026-02-09,8271,89230,Dealer_self,13000
2026-02-09,8271,87998,Dealer_Hedging,3251
2026-02-10,8271,5214515,Foreign_Investor,4381345
2026-02-10,8271,0,Foreign_Dealer_Self,0
2026-02-10,8271,0,Investment_Trust,0
2026-02-10,8271,7000,Dealer_self,92929
2026-02-10,8271,1200,Dealer_Hedging,141593
2026-02-11,8271,2102000,Foreign_Investor,3005000
2026-02-11,8271,0,Foreign_Dealer_Self,0
2026-02-11,8271,0,Investment_Trust,0
2026-02-11,8271,8038,Dealer_self,9
2026-02-11,8271,26389,Dealer_Hedging,38592
2026-02-23,8271,2696000,Foreign_Investor,3317000
2026-02-23,8271,0,Foreign_Dealer_Self,0
2026-02-23,8271,0,Investment_Trust,0
2026-02-23,8271,6000,Dealer_self,7000
2026-02-23,8271,63703,Dealer_Hedging,17164
2026-02-24,8271,2062100,Foreign_Investor,1671200
2026-02-24,8271,0,Foreign_Dealer_Self,0
2026-02-24,8271,0,Investment_Trust,8000
2026-02-24,8271,4014,Dealer_self,3000
2026-02-24,8271,57718,Dealer_Hedging,38864
2026-02-25,8271,1123000,Foreign_Investor,2318500
2026-02-25,8271,0,Foreign_Dealer_Self,0
2026-02-25,8271,0,Investment_Trust,2000
2026-02-25,8271,0,Dealer_self,280
2026-02-25,8271,27000,Dealer_Hedging,73636
2026-02-26,8271,2219631,Foreign_Investor,1983000
2026-02-26,8271,0,Foreign_Dealer_Self,0
2026-02-26,8271,0,Investment_Trust,0
2026-02-26,8271,1000,Dealer_self,1160
2026-02-26,8271,56762,Dealer_Hedging,17279
2026-03-02,8271,1547010,Foreign_Investor,1235000
2026-03-02,8271,0,Foreign_Dealer_Self,0
2026-03-02,8271,0,Investment_Trust,3000
2026-03-02,8271,5000,Dealer_self,3328
2026-03-02,8271,100543,Dealer_Hedging,52165
2026-03-03,8271,894005,Foreign_Investor,1765000
2026-03-03,8271,0,Foreign_Dealer_Self,0
2026-03-03,8271,0,Investment_Trust,2000
2026-03-03,8271,5000,Dealer_self,2126
2026-03-03,8271,7804,Dealer_Hedging,166464
2026-03-04,8271,1279008,Foreign_Investor,1176000
2026-03-04,8271,0,Foreign_Dealer_Self,0
2026-03-04,8271,0,Investment_Trust,4000
2026-03-04,8271,21315,Dealer_self,11640
2026-03-04,8271,36778,Dealer_Hedging,88059
2026-03-05,8271,2672000,Foreign_Investor,1173000
2026-03-05,8271,0,Foreign_Dealer_Self,0
2026-03-05,8271,0,Investment_Trust,13000
2026-03-05,8271,2053,Dealer_self,14095
2026-03-05,8271,48797,Dealer_Hedging,24796
2026-03-06,8271,4062100,Foreign_Investor,2654205
2026-03-06,8271,0,Foreign_Dealer_Self,0
2026-03-06,8271,0,Investment_Trust,5000
2026-03-06,8271,10000,Dealer_self,6605
2026-03-06,8271,127287,Dealer_Hedging,18834
2026-03-09,8271,2482315,Foreign_Investor,1967015
2026-03-09,8271,0,Foreign_Dealer_Self,0
2026-03-09,8271,0,Investment_Trust,0
2026-03-09,8271,14000,Dealer_self,10912
2026-03-09,8271,120324,Dealer_Hedging,102568
2026-03-10,8271,9646010,Foreign_Investor,4426017
2026-03-10,8271,0,Foreign_Dealer_Self,0
2026-03-10,8271,0,Investment_Trust,2000
2026-03-10,8271,9036,Dealer_self,6109
2026-03-10,8271,282090,Dealer_Hedging,88737
2026-03-11,8271,6420000,Foreign_Investor,4149375
2026-03-11,8271,0,Foreign_Dealer_Self,0
2026-03-11,8271,2000,Investment_Trust,0
2026-03-11,8271,61224,Dealer_self,4000
2026-03-11,8271,103014,Dealer_Hedging,180383
2026-03-12,8271,6106100,Foreign_Investor,3191261
2026-03-12,8271,0,Foreign_Dealer_Self,0
2026-03-12,8271,0,Investment_Trust,4000
2026-03-12,8271,145513,Dealer_self,115813
2026-03-12,8271,96565,Dealer_Hedging,102709
2026-03-13,8271,0,Foreign_Investor,362000
2026-03-13,8271,0,Foreign_Dealer_Self,0
2026-03-13,8271,0,Investment_Trust,0
2026-03-13,8271,28971,Dealer_self,5000
2026-03-13,8271,0,Dealer_Hedging,22000
2026-03-16,8271,5399000,Foreign_Investor,1830358
2026-03-16,8271,0,Foreign_Dealer_Self,0
2026-03-16,8271,0,Investment_Trust,0
2026-03-16,8271,84244,Dealer_self,147000
2026-03-16,8271,20999,Dealer_Hedging,154668
2026-03-17,8271,977000,Foreign_Investor,1324104
2026-03-17,8271,0,Foreign_Dealer_Self,0
2026-03-17,8271,0,Investment_Trust,0
2026-03-17,8271,39000,Dealer_self,80745
2026-03-17,8271,4000,Dealer_Hedging,25565
2026-03-18,8271,436100,Foreign_Investor,414200
2026-03-18,8271,0,Foreign_Dealer_Self,0
2026-03-18,8271,0,Investment_Trust,0
2026-03-18,8271,7112,Dealer_self,8356
2026-03-18,8271,6000,Dealer_Hedging,5000
2026-03-19,8271,378010,Foreign_Investor,677000
2026-03-19,8271,0,Foreign_Dealer_Self,0
2026-03-19,8271,0,Investment_Trust,5000
2026-03-19,8271,25000,Dealer_self,23834
2026-03-19,8271,10000,Dealer_Hedging,33951
2026-03-20,8271,284105,Foreign_Investor,196200
2026-03-20,8271,0,Foreign_Dealer_Self,0
2026-03-20,8271,0,Investment_Trust,1000
2026-03-20,8271,0,Dealer_self,1000
2026-03-20,8271,11000,Dealer_Hedging,29590
2026-03-23,8271,106100,Foreign_Investor,0
2026-03-23,8271,0,Foreign_Dealer_Self,0
2026-03-23,8271,1000,Investment_Trust,0
2026-03-23,8271,10000,Dealer_self,1000
2026-03-23,8271,6000,Dealer_Hedging,12531
2026-03-24,8271,291100,Foreign_Investor,121110
2026-03-24,8271,0,Foreign_Dealer_Self,0
2026-03-24,8271,0,Investment_Trust,0
2026-03-24,8271,12000,Dealer_self,5000
2026-03-24,8271,127000,Dealer_Hedging,37989
2026-03-25,8271,297002,Foreign_Investor,68010
2026-03-25,8271,0,Foreign_Dealer_Self,0
2026-03-25,8271,805,Investment_Trust,2000
2026-03-25,8271,8000,Dealer_self,2000
2026-03-25,8271,2000,Dealer_Hedging,27920
2026-03-26,8271,248000,Foreign_Investor,116001
2026-03-26,8271,0,Foreign_Dealer_Self,0
2026-03-26,8271,911,Investment_Trust,2000
2026-03-26,8271,5000,Dealer_self,8226
2026-03-26,8271,58000,Dealer_Hedging,19000
2026-03-27,8271,309000,Foreign_Investor,136000
2026-03-27,8271,0,Foreign_Dealer_Self,0
2026-03-27,8271,1738,Investment_Trust,1000
2026-03-27,8271,7500,Dealer_self,13500
2026-03-27,8271,62000,Dealer_Hedging,54402
2026-03-30,8271,103000,Foreign_Investor,224000
2026-03-30,8271,0,Foreign_Dealer_Self,0
2026-03-30,8271,1989,Investment_Trust,0
2026-03-30,8271,0,Dealer_self,15400
2026-03-30,8271,78000,Dealer_Hedging,8000
2026-03-31,8271,83000,Foreign_Investor,125000
2026-03-31,8271,0,Foreign_Dealer_Self,0
2026-03-31,8271,3000,Investment_Trust,0
2026-03-31,8271,2000,Dealer_self,3600
2026-03-31,8271,37000,Dealer_Hedging,8967
2026-04-01,8271,120000,Foreign_Investor,73000
2026-04-01,8271,0,Foreign_Dealer_Self,0
2026-04-01,8271,0,Investment_Trust,2880
2026-04-01,8271,5000,Dealer_self,3000
2026-04-01,8271,7000,Dealer_Hedging,5000
2026-04-02,8271,170000,Foreign_Investor,319000
2026-04-02,8271,0,Foreign_Dealer_Self,0
2026-04-02,8271,0,Investment_Trust,2000
2026-04-02,8271,2000,Dealer_self,7500
2026-04-02,8271,0,Dealer_Hedging,92000
2026-04-07,8271,2450005,Foreign_Investor,6828327
2026-04-07,8271,0,Foreign_Dealer_Self,0
2026-04-07,8271,0,Investment_Trust,0
2026-04-07,8271,24000,Dealer_self,29665
2026-04-07,8271,47518,Dealer_Hedging,86056
2026-04-08,8271,3173000,Foreign_Investor,2628003
2026-04-08,8271,0,Foreign_Dealer_Self,0
2026-04-08,8271,0,Investment_Trust,592
2026-04-08,8271,44878,Dealer_self,2217
2026-04-08,8271,97093,Dealer_Hedging,132454
2026-04-09,8271,1846000,Foreign_Investor,3301000
2026-04-09,8271,0,Foreign_Dealer_Self,0
2026-04-09,8271,0,Investment_Trust,10000
2026-04-09,8271,26000,Dealer_self,67081
2026-04-09,8271,82050,Dealer_Hedging,219447
2026-04-10,8271,2486300,Foreign_Investor,3371003
2026-04-10,8271,0,Foreign_Dealer_Self,0
2026-04-10,8271,0,Investment_Trust,2664
2026-04-10,8271,25101,Dealer_self,23837
2026-04-10,8271,180213,Dealer_Hedging,94352
2026-04-13,8271,1102250,Foreign_Investor,3796200
2026-04-13,8271,0,Foreign_Dealer_Self,0
2026-04-13,8271,0,Investment_Trust,10000
2026-04-13,8271,31000,Dealer_self,43824
2026-04-13,8271,93164,Dealer_Hedging,182843
2026-04-14,8271,2890000,Foreign_Investor,2503000
2026-04-14,8271,0,Foreign_Dealer_Self,0
2026-04-14,8271,0,Investment_Trust,0
2026-04-14,8271,25000,Dealer_self,2021
2026-04-14,8271,260684,Dealer_Hedging,74589
2026-04-15,8271,1364000,Foreign_Investor,2039000
2026-04-15,8271,0,Foreign_Dealer_Self,0
2026-04-15,8271,0,Investment_Trust,2000
2026-04-15,8271,5000,Dealer_self,31696
2026-04-15,8271,123937,Dealer_Hedging,110310
2026-04-16,8271,1106000,Foreign_Investor,1421100
2026-04-16,8271,0,Foreign_Dealer_Self,0
2026-04-16,8271,0,Investment_Trust,5000
2026-04-16,8271,2000,Dealer_self,3000
2026-04-16,8271,91601,Dealer_Hedging,118530
2026-04-17,8271,1327000,Foreign_Investor,522000
2026-04-17,8271,0,Foreign_Dealer_Self,0
2026-04-17,8271,0,Investment_Trust,11000
2026-04-17,8271,127646,Dealer_self,3000
2026-04-17,8271,15998,Dealer_Hedging,23000
2026-04-20,8271,1000,Foreign_Investor,139003
2026-04-20,8271,0,Foreign_Dealer_Self,0
2026-04-20,8271,0,Investment_Trust,16000
2026-04-20,8271,304777,Dealer_self,9000
2026-04-20,8271,300,Dealer_Hedging,3000
2026-04-21,8271,4343072,Foreign_Investor,1564002
2026-04-21,8271,0,Foreign_Dealer_Self,0
2026-04-21,8271,0,Investment_Trust,20000
2026-04-21,8271,36241,Dealer_self,432000
2026-04-21,8271,89428,Dealer_Hedging,100273
2026-04-22,8271,3331210,Foreign_Investor,2356010
2026-04-22,8271,0,Foreign_Dealer_Self,0
2026-04-22,8271,0,Investment_Trust,19000
2026-04-22,8271,30813,Dealer_self,51595
2026-04-22,8271,31660,Dealer_Hedging,36650
2026-04-23,8271,8562907,Foreign_Investor,8397005
2026-04-23,8271,0,Foreign_Dealer_Self,0
2026-04-23,8271,0,Investment_Trust,27000
2026-04-23,8271,65128,Dealer_self,93792
2026-04-23,8271,61741,Dealer_Hedging,192633
2026-04-24,8271,83000,Foreign_Investor,264000
2026-04-24,8271,0,Foreign_Dealer_Self,0
2026-04-24,8271,0,Investment_Trust,11000
2026-04-24,8271,3000,Dealer_self,2500
2026-04-24,8271,0,Dealer_Hedging,22590
2026-04-27,8271,285000,Foreign_Investor,317000
2026-04-27,8271,0,Foreign_Dealer_Self,0
2026-04-27,8271,2000,Investment_Trust,0
2026-04-27,8271,0,Dealer_self,6000
2026-04-27,8271,140000,Dealer_Hedging,0
2026-04-28,8271,364000,Foreign_Investor,183000
2026-04-28,8271,0,Foreign_Dealer_Self,0
2026-04-28,8271,0,Investment_Trust,0
2026-04-28,8271,1000,Dealer_self,1000
2026-04-28,8271,12997,Dealer_Hedging,0
2026-04-29,8271,279000,Foreign_Investor,178000
2026-04-29,8271,0,Foreign_Dealer_Self,0
2026-04-29,8271,0,Investment_Trust,2000
2026-04-29,8271,7000,Dealer_self,1251
2026-04-29,8271,43000,Dealer_Hedging,8000
2026-04-30,8271,522000,Foreign_Investor,129000
2026-04-30,8271,0,Foreign_Dealer_Self,0
2026-04-30,8271,0,Investment_Trust,0
2026-04-30,8271,3000,Dealer_self,1205
2026-04-30,8271,33000,Dealer_Hedging,2000
2026-05-04,8271,204010,Foreign_Investor,170000
2026-05-04,8271,0,Foreign_Dealer_Self,0
2026-05-04,8271,0,Investment_Trust,6000
2026-05-04,8271,562,Dealer_self,191
2026-05-04,8271,53000,Dealer_Hedging,2000
2026-05-05,8271,180200,Foreign_Investor,138500
2026-05-05,8271,0,Foreign_Dealer_Self,0
2026-05-05,8271,0,Investment_Trust,1000
2026-05-05,8271,0,Dealer_self,12584
2026-05-05,8271,5663,Dealer_Hedging,1000
2026-05-06,8271,372000,Foreign_Investor,197000
2026-05-06,8271,0,Foreign_Dealer_Self,0
2026-05-06,8271,0,Investment_Trust,4000
2026-05-06,8271,41,Dealer_self,10000
2026-05-06,8271,95999,Dealer_Hedging,2000
