date,stock_id,buy,name,sell
2024-05-07,8390,45000,Foreign_Investor,193000
2024-05-07,8390,0,Foreign_Dealer_Self,0
2024-05-07,8390,0,Investment_Trust,0
2024-05-07,8390,0,Dealer_self,0
2024-05-07,8390,6000,Dealer_Hedging,1490
2024-05-08,8390,70000,Foreign_Investor,85000
2024-05-08,8390,0,Foreign_Dealer_Self,0
2024-05-08,8390,0,Investment_Trust,0
2024-05-08,8390,0,Dealer_self,0
2024-05-08,8390,3001,Dealer_Hedging,30119
2024-05-09,8390,10000,Foreign_Investor,180000
2024-05-09,8390,0,Foreign_Dealer_Self,0
2024-05-09,8390,0,Investment_Trust,0
2024-05-09,8390,0,Dealer_self,0
2024-05-09,8390,0,Dealer_Hedging,6935
2024-05-10,8390,140000,Foreign_Investor,88000
2024-05-10,8390,0,Foreign_Dealer_Self,0
2024-05-10,8390,0,Investment_Trust,0
2024-05-10,8390,0,Dealer_self,0
2024-05-10,8390,15585,Dealer_Hedging,4966
2024-05-13,8390,234000,Foreign_Investor,121000
2024-05-13,8390,0,Foreign_Dealer_Self,0
2024-05-13,8390,0,Investment_Trust,0
2024-05-13,8390,0,Dealer_self,163
2024-05-13,8390,0,Dealer_Hedging,2732
2024-05-14,8390,34000,Foreign_Investor,34000
2024-05-14,8390,0,Foreign_Dealer_Self,0
2024-05-14,8390,0,Investment_Trust,0
2024-05-14,8390,0,Dealer_self,0
2024-05-14,8390,2000,Dealer_Hedging,2141
2024-05-15,8390,332000,Foreign_Investor,118000
2024-05-15,8390,0,Foreign_Dealer_Self,0
2024-05-15,8390,0,Investment_Trust,0
2024-05-15,8390,31239,Dealer_self,413
2024-05-15,8390,22382,Dealer_Hedging,2700
2024-05-16,8390,318000,Foreign_Investor,218000
2024-05-16,8390,0,Foreign_Dealer_Self,0
2024-05-16,8390,0,Investment_Trust,0
2024-05-16,8390,0,Dealer_self,0
2024-05-16,8390,11223,Dealer_Hedging,14000
2024-05-17,8390,20000,Foreign_Investor,225000
2024-05-17,8390,0,Foreign_Dealer_Self,0
2024-05-17,8390,0,Investment_Trust,0
2024-05-17,8390,9000,Dealer_self,0
2024-05-17,8390,2000,Dealer_Hedging,14531
2024-05-20,8390,845000,Foreign_Investor,307000
2024-05-20,8390,0,Foreign_Dealer_Self,0
2024-05-20,8390,0,Investment_Trust,0
2024-05-20,8390,6001,Dealer_self,239
2024-05-20,8390,59249,Dealer_Hedging,20716
2024-05-21,8390,1192168,Foreign_Investor,1457000
2024-05-21,8390,0,Foreign_Dealer_Self,0
2024-05-21,8390,0,Investment_Trust,0
2024-05-21,8390,53126,Dealer_self,3000
2024-05-21,8390,85525,Dealer_Hedging,65201
2024-05-22,8390,741000,Foreign_Investor,481000
2024-05-22,8390,0,Foreign_Dealer_Self,0
2024-05-22,8390,0,Investment_Trust,0
2024-05-22,8390,20000,Dealer_self,0
2024-05-22,8390,7110,Dealer_Hedging,53943
2024-05-23,8390,269000,Foreign_Investor,258168
2024-05-23,8390,0,Foreign_Dealer_Self,0
2024-05-23,8390,0,Investment_Trust,0
2024-05-23,8390,1000,Dealer_self,1324
2024-05-23,8390,15000,Dealer_Hedging,34539
2024-05-24,8390,178000,Foreign_Investor,111000
2024-05-24,8390,0,Foreign_Dealer_Self,0
2024-05-24,8390,0,Investment_Trust,0
2024-05-24,8390,0,Dealer_self,0
2024-05-24,8390,8001,Dealer_Hedging,11723
2024-05-27,8390,134000,Foreign_Investor,211000
2024-05-27,8390,0,Foreign_Dealer_Self,0
2024-05-27,8390,0,Investment_Trust,0
2024-05-27,8390,0,Dealer_self,0
2024-05-27,8390,3000,Dealer_Hedging,7475
2024-05-28,8390,107000,Foreign_Investor,97000
2024-05-28,8390,0,Foreign_Dealer_Self,0
2024-05-28,8390,0,Investment_Trust,0
2024-05-28,8390,256,Dealer_self,70108
2024-05-28,8390,1000,Dealer_Hedging,4254
2024-05-29,8390,168000,Foreign_Investor,98400
2024-05-29,8390,0,Foreign_Dealer_Self,0
2024-05-29,8390,0,Investment_Trust,0
2024-05-29,8390,0,Dealer_self,0
2024-05-29,8390,2000,Dealer_Hedging,2206
2024-05-30,8390,10000,Foreign_Investor,197000
2024-05-30,8390,0,Foreign_Dealer_Self,0
2024-05-30,8390,0,Investment_Trust,0
2024-05-30,8390,0,Dealer_self,200
2024-05-30,8390,1000,Dealer_Hedging,2631
2024-05-31,8390,39000,Foreign_Investor,75000
2024-05-31,8390,0,Foreign_Dealer_Self,0
2024-05-31,8390,0,Investment_Trust,0
2024-05-31,8390,0,Dealer_self,0
2024-05-31,8390,1000,Dealer_Hedging,3885
2024-06-03,8390,108000,Foreign_Investor,39000
2024-06-03,8390,0,Foreign_Dealer_Self,0
2024-06-03,8390,0,Investment_Trust,0
2024-06-03,8390,0,Dealer_self,0
2024-06-03,8390,3000,Dealer_Hedging,4201
2024-06-04,8390,52000,Foreign_Investor,117000
2024-06-04,8390,0,Foreign_Dealer_Self,0
2024-06-04,8390,0,Investment_Trust,0
2024-06-04,8390,1000,Dealer_self,955
2024-06-04,8390,2000,Dealer_Hedging,4802
2024-06-05,8390,7000,Foreign_Investor,143000
2024-06-05,8390,0,Foreign_Dealer_Self,0
2024-06-05,8390,0,Investment_Trust,0
2024-06-05,8390,0,Dealer_self,210
2024-06-05,8390,1000,Dealer_Hedging,1601
2024-06-06,8390,83000,Foreign_Investor,157000
2024-06-06,8390,0,Foreign_Dealer_Self,0
2024-06-06,8390,0,Investment_Trust,0
2024-06-06,8390,0,Dealer_self,0
2024-06-06,8390,14000,Dealer_Hedging,5131
2024-06-07,8390,192000,Foreign_Investor,111000
2024-06-07,8390,0,Foreign_Dealer_Self,0
2024-06-07,8390,0,Investment_Trust,0
2024-06-07,8390,1366,Dealer_self,490
2024-06-07,8390,10000,Dealer_Hedging,5088
2024-06-11,8390,200000,Foreign_Investor,283000
2024-06-11,8390,0,Foreign_Dealer_Self,0
2024-06-11,8390,0,Investment_Trust,0
2024-06-11,8390,0,Dealer_self,146
2024-06-11,8390,1067,Dealer_Hedging,35866
2024-06-12,8390,116000,Foreign_Investor,54000
2024-06-12,8390,0,Foreign_Dealer_Self,0
2024-06-12,8390,0,Investment_Trust,0
2024-06-12,8390,0,Dealer_self,0
2024-06-12,8390,77,Dealer_Hedging,5000
2024-06-13,8390,806000,Foreign_Investor,91000
2024-06-13,8390,0,Foreign_Dealer_Self,0
2024-06-13,8390,0,Investment_Trust,0
2024-06-13,8390,7000,Dealer_self,4000
2024-06-13,8390,2139,Dealer_Hedging,4000
2024-06-14,8390,253000,Foreign_Investor,67000
2024-06-14,8390,0,Foreign_Dealer_Self,0
2024-06-14,8390,0,Investment_Trust,0
2024-06-14,8390,0,Dealer_self,0
2024-06-14,8390,0,Dealer_Hedging,4000
2024-06-17,8390,244000,Foreign_Investor,128000
2024-06-17,8390,0,Foreign_Dealer_Self,0
2024-06-17,8390,0,Investment_Trust,0
2024-06-17,8390,51708,Dealer_self,0
2024-06-17,8390,1006,Dealer_Hedging,1000
2024-06-18,8390,142000,Foreign_Investor,88000
2024-06-18,8390,0,Foreign_Dealer_Self,0
2024-06-18,8390,0,Investment_Trust,0
2024-06-18,8390,0,Dealer_self,0
2024-06-18,8390,0,Dealer_Hedging,0
2024-06-19,8390,514000,Foreign_Investor,37000
2024-06-19,8390,0,Foreign_Dealer_Self,0
2024-06-19,8390,0,Investment_Trust,0
2024-06-19,8390,2000,Dealer_self,2000
2024-06-19,8390,5758,Dealer_Hedging,3000
2024-06-20,8390,313000,Foreign_Investor,79000
2024-06-20,8390,0,Foreign_Dealer_Self,0
2024-06-20,8390,0,Investment_Trust,0
2024-06-20,8390,0,Dealer_self,0
2024-06-20,8390,0,Dealer_Hedging,4000
2024-06-21,8390,808000,Foreign_Investor,174000
2024-06-21,8390,0,Foreign_Dealer_Self,0
2024-06-21,8390,0,Investment_Trust,0
2024-06-21,8390,128,Dealer_self,0
2024-06-21,8390,6068,Dealer_Hedging,6000
2024-06-24,8390,298000,Foreign_Investor,126000
2024-06-24,8390,0,Foreign_Dealer_Self,0
2024-06-24,8390,0,Investment_Trust,0
2024-06-24,8390,0,Dealer_self,375
2024-06-24,8390,2000,Dealer_Hedging,1000
2024-06-25,8390,476000,Foreign_Investor,126000
2024-06-25,8390,0,Foreign_Dealer_Self,0
2024-06-25,8390,0,Investment_Trust,0
2024-06-25,8390,0,Dealer_self,0
2024-06-25,8390,5508,Dealer_Hedging,3075
2024-06-26,8390,329000,Foreign_Investor,56000
2024-06-26,8390,0,Foreign_Dealer_Self,0
2024-06-26,8390,0,Investment_Trust,0
2024-06-26,8390,0,Dealer_self,0
2024-06-26,8390,61000,Dealer_Hedging,5000
2024-06-27,8390,255000,Foreign_Investor,54000
2024-06-27,8390,0,Foreign_Dealer_Self,0
2024-06-27,8390,0,Investment_Trust,0
2024-06-27,8390,219,Dealer_self,0
2024-06-27,8390,3008,Dealer_Hedging,57000
2024-06-28,8390,266000,Foreign_Investor,13000
2024-06-28,8390,0,Foreign_Dealer_Self,0
2024-06-28,8390,0,Investment_Trust,0
2024-06-28,8390,0,Dealer_self,0
2024-06-28,8390,3000,Dealer_Hedging,10000
2024-07-01,8390,320000,Foreign_Investor,111000
2024-07-01,8390,0,Foreign_Dealer_Self,0
2024-07-01,8390,0,Investment_Trust,0
2024-07-01,8390,1583,Dealer_self,2000
2024-07-01,8390,1000,Dealer_Hedging,1000
2024-07-02,8390,780000,Foreign_Investor,92000
2024-07-02,8390,0,Foreign_Dealer_Self,0
2024-07-02,8390,0,Investment_Trust,0
2024-07-02,8390,13440,Dealer_self,1000
2024-07-02,8390,21504,Dealer_Hedging,10000
2024-07-03,8390,963000,Foreign_Investor,571020
2024-07-03,8390,0,Foreign_Dealer_Self,0
2024-07-03,8390,0,Investment_Trust,0
2024-07-03,8390,4685,Dealer_self,5110
2024-07-03,8390,85598,Dealer_Hedging,18000
2024-07-04,8390,1682000,Foreign_Investor,852600
2024-07-04,8390,0,Foreign_Dealer_Self,0
2024-07-04,8390,0,Investment_Trust,0
2024-07-04,8390,1375,Dealer_self,1104
2024-07-04,8390,67782,Dealer_Hedging,35924
2024-07-05,8390,1021000,Foreign_Investor,1163020
2024-07-05,8390,0,Foreign_Dealer_Self,0
2024-07-05,8390,0,Investment_Trust,0
2024-07-05,8390,2318,Dealer_self,2000
2024-07-05,8390,100995,Dealer_Hedging,48332
2024-07-08,8390,1105391,Foreign_Investor,895000
2024-07-08,8390,0,Foreign_Dealer_Self,0
2024-07-08,8390,0,Investment_Trust,0
2024-07-08,8390,1571,Dealer_self,2000
2024-07-08,8390,41793,Dealer_Hedging,65998
2024-07-09,8390,1277000,Foreign_Investor,891000
2024-07-09,8390,0,Foreign_Dealer_Self,0
2024-07-09,8390,0,Investment_Trust,0
2024-07-09,8390,2223,Dealer_self,25528
2024-07-09,8390,37000,Dealer_Hedging,17000
2024-07-10,8390,431000,Foreign_Investor,591591
2024-07-10,8390,0,Foreign_Dealer_Self,0
2024-07-10,8390,0,Investment_Trust,0
2024-07-10,8390,15629,Dealer_self,3292
2024-07-10,8390,63242,Dealer_Hedging,18000
2024-07-11,8390,444000,Foreign_Investor,668000
2024-07-11,8390,0,Foreign_Dealer_Self,0
2024-07-11,8390,297000,Investment_Trust,0
2024-07-11,8390,2731,Dealer_self,3109
2024-07-11,8390,19063,Dealer_Hedging,23165
2024-07-12,8390,1481000,Foreign_Investor,1928000
2024-07-12,8390,0,Foreign_Dealer_Self,0
2024-07-12,8390,0,Investment_Trust,0
2024-07-12,8390,4626,Dealer_self,3646
2024-07-12,8390,27607,Dealer_Hedging,29286
2024-07-15,8390,1264000,Foreign_Investor,748000
2024-07-15,8390,0,Foreign_Dealer_Self,0
2024-07-15,8390,0,Investment_Trust,0
2024-07-15,8390,5843,Dealer_self,6432
2024-07-15,8390,10238,Dealer_Hedging,85323
2024-07-16,8390,473000,Foreign_Investor,827000
2024-07-16,8390,0,Foreign_Dealer_Self,0
2024-07-16,8390,0,Investment_Trust,0
2024-07-16,8390,617,Dealer_self,554
2024-07-16,8390,8258,Dealer_Hedging,26879
2024-07-17,8390,819000,Foreign_Investor,2158000
2024-07-17,8390,0,Foreign_Dealer_Self,0
2024-07-17,8390,0,Investment_Trust,0
2024-07-17,8390,6000,Dealer_self,6026
2024-07-17,8390,33000,Dealer_Hedging,16533
2024-07-18,8390,826000,Foreign_Investor,1469000
2024-07-18,8390,0,Foreign_Dealer_Self,0
2024-07-18,8390,0,Investment_Trust,0
2024-07-18,8390,6000,Dealer_self,7440
2024-07-18,8390,12000,Dealer_Hedging,13406
2024-07-19,8390,632000,Foreign_Investor,285000
2024-07-19,8390,0,Foreign_Dealer_Self,0
2024-07-19,8390,0,Investment_Trust,0
2024-07-19,8390,5000,Dealer_self,7993
2024-07-19,8390,15000,Dealer_Hedging,35248
2024-07-22,8390,664000,Foreign_Investor,678000
2024-07-22,8390,0,Foreign_Dealer_Self,0
2024-07-22,8390,0,Investment_Trust,0
2024-07-22,8390,8097,Dealer_self,11029
2024-07-22,8390,13000,Dealer_Hedging,32130
2024-07-23,8390,361000,Foreign_Investor,483000
2024-07-23,8390,0,Foreign_Dealer_Self,0
2024-07-23,8390,0,Investment_Trust,0
2024-07-23,8390,2000,Dealer_self,13120
2024-07-23,8390,12000,Dealer_Hedging,10859
2024-07-26,8390,445000,Foreign_Investor,569000
2024-07-26,8390,0,Foreign_Dealer_Self,0
2024-07-26,8390,0,Investment_Trust,0
2024-07-26,8390,180,Dealer_self,804
2024-07-26,8390,7000,Dealer_Hedging,14741
2024-07-29,8390,148000,Foreign_Investor,370000
2024-07-29,8390,0,Foreign_Dealer_Self,0
2024-07-29,8390,0,Investment_Trust,0
2024-07-29,8390,7000,Dealer_self,1531
2024-07-29,8390,32000,Dealer_Hedging,3566
2024-07-30,8390,433000,Foreign_Investor,417000
2024-07-30,8390,0,Foreign_Dealer_Self,0
2024-07-30,8390,0,Investment_Trust,0
2024-07-30,8390,4000,Dealer_self,3309
2024-07-30,8390,11000,Dealer_Hedging,12200
2024-07-31,8390,480000,Foreign_Investor,858000
2024-07-31,8390,0,Foreign_Dealer_Self,0
2024-07-31,8390,0,Investment_Trust,0
2024-07-31,8390,2000,Dealer_self,2233
2024-07-31,8390,34005,Dealer_Hedging,29540
2024-08-01,8390,528000,Foreign_Investor,833000
2024-08-01,8390,0,Foreign_Dealer_Self,0
2024-08-01,8390,0,Investment_Trust,0
2024-08-01,8390,1000,Dealer_self,450
2024-08-01,8390,40000,Dealer_Hedging,15400
2024-08-02,8390,701000,Foreign_Investor,574000
2024-08-02,8390,0,Foreign_Dealer_Self,0
2024-08-02,8390,0,Investment_Trust,0
2024-08-02,8390,4404,Dealer_self,25320
2024-08-02,8390,91061,Dealer_Hedging,23710
2024-08-05,8390,1268000,Foreign_Investor,1761000
2024-08-05,8390,0,Foreign_Dealer_Self,0
2024-08-05,8390,0,Investment_Trust,0
2024-08-05,8390,5000,Dealer_self,12629
2024-08-05,8390,14000,Dealer_Hedging,80993
2024-08-06,8390,668000,Foreign_Investor,653000
2024-08-06,8390,0,Foreign_Dealer_Self,0
2024-08-06,8390,0,Investment_Trust,0
2024-08-06,8390,1000,Dealer_self,23000
2024-08-06,8390,13000,Dealer_Hedging,15148
2024-08-07,8390,683000,Foreign_Investor,361000
2024-08-07,8390,0,Foreign_Dealer_Self,0
2024-08-07,8390,0,Investment_Trust,0
2024-08-07,8390,2296,Dealer_self,1101
2024-08-07,8390,18300,Dealer_Hedging,3000
2024-08-08,8390,423000,Foreign_Investor,271000
2024-08-08,8390,0,Foreign_Dealer_Self,0
2024-08-08,8390,0,Investment_Trust,0
2024-08-08,8390,166,Dealer_self,0
2024-08-08,8390,14002,Dealer_Hedging,16194
2024-08-09,8390,467000,Foreign_Investor,383000
2024-08-09,8390,0,Foreign_Dealer_Self,0
2024-08-09,8390,0,Investment_Trust,0
2024-08-09,8390,30874,Dealer_self,1000
2024-08-09,8390,8001,Dealer_Hedging,53197
2024-08-12,8390,270000,Foreign_Investor,806000
2024-08-12,8390,0,Foreign_Dealer_Self,0
2024-08-12,8390,0,Investment_Trust,0
2024-08-12,8390,7000,Dealer_self,2735
2024-08-12,8390,17000,Dealer_Hedging,16225
2024-08-13,8390,980000,Foreign_Investor,375000
2024-08-13,8390,0,Foreign_Dealer_Self,0
2024-08-13,8390,0,Investment_Trust,0
2024-08-13,8390,17256,Dealer_self,1000
2024-08-13,8390,91236,Dealer_Hedging,1000
2024-08-14,8390,897000,Foreign_Investor,513000
2024-08-14,8390,0,Foreign_Dealer_Self,0
2024-08-14,8390,0,Investment_Trust,0
2024-08-14,8390,11000,Dealer_self,64051
2024-08-14,8390,56000,Dealer_Hedging,75246
2024-08-15,8390,472000,Foreign_Investor,453000
2024-08-15,8390,0,Foreign_Dealer_Self,0
2024-08-15,8390,0,Investment_Trust,297000
2024-08-15,8390,3000,Dealer_self,33330
2024-08-15,8390,8000,Dealer_Hedging,34902
2024-08-16,8390,655000,Foreign_Investor,79000
2024-08-16,8390,0,Foreign_Dealer_Self,0
2024-08-16,8390,0,Investment_Trust,0
2024-08-16,8390,1000,Dealer_self,0
2024-08-16,8390,3000,Dealer_Hedging,11000
2024-08-19,8390,767000,Foreign_Investor,572000
2024-08-19,8390,0,Foreign_Dealer_Self,0
2024-08-19,8390,0,Investment_Trust,0
2024-08-19,8390,32000,Dealer_self,658
2024-08-19,8390,63269,Dealer_Hedging,2576
2024-08-20,8390,380000,Foreign_Investor,668000
2024-08-20,8390,0,Foreign_Dealer_Self,0
2024-08-20,8390,0,Investment_Trust,0
2024-08-20,8390,7038,Dealer_self,4287
2024-08-20,8390,8000,Dealer_Hedging,44639
2024-08-21,8390,1086000,Foreign_Investor,1399000
2024-08-21,8390,0,Foreign_Dealer_Self,0
2024-08-21,8390,0,Investment_Trust,0
2024-08-21,8390,10000,Dealer_self,4274
2024-08-21,8390,43568,Dealer_Hedging,11400
2024-08-22,8390,217000,Foreign_Investor,666000
2024-08-22,8390,0,Foreign_Dealer_Self,0
2024-08-22,8390,0,Investment_Trust,0
2024-08-22,8390,0,Dealer_self,0
2024-08-22,8390,4000,Dealer_Hedging,35733
2024-08-23,8390,213000,Foreign_Investor,285000
2024-08-23,8390,0,Foreign_Dealer_Self,0
2024-08-23,8390,0,Investment_Trust,0
2024-08-23,8390,3000,Dealer_self,3225
2024-08-23,8390,12000,Dealer_Hedging,47611
2024-08-26,8390,622000,Foreign_Investor,305000
2024-08-26,8390,0,Foreign_Dealer_Self,0
2024-08-26,8390,0,Investment_Trust,0
2024-08-26,8390,42000,Dealer_self,0
2024-08-26,8390,24000,Dealer_Hedging,2000
2024-08-27,8390,155000,Foreign_Investor,366000
2024-08-27,8390,0,Foreign_Dealer_Self,0
2024-08-27,8390,0,Investment_Trust,0
2024-08-27,8390,2000,Dealer_self,40697
2024-08-27,8390,14000,Dealer_Hedging,20000
2024-08-28,8390,113000,Foreign_Investor,170000
2024-08-28,8390,0,Foreign_Dealer_Self,0
2024-08-28,8390,0,Investment_Trust,0
2024-08-28,8390,0,Dealer_self,269
2024-08-28,8390,20000,Dealer_Hedging,19836
2024-08-29,8390,111000,Foreign_Investor,159000
2024-08-29,8390,0,Foreign_Dealer_Self,0
2024-08-29,8390,0,Investment_Trust,0
2024-08-29,8390,1000,Dealer_self,430
2024-08-29,8390,9000,Dealer_Hedging,15600
2024-08-30,8390,96000,Foreign_Investor,225000
2024-08-30,8390,0,Foreign_Dealer_Self,0
2024-08-30,8390,0,Investment_Trust,0
2024-08-30,8390,3119,Dealer_self,3348
2024-08-30,8390,10011,Dealer_Hedging,14314
2024-09-02,8390,90000,Foreign_Investor,136000
2024-09-02,8390,0,Foreign_Dealer_Self,0
2024-09-02,8390,0,Investment_Trust,0
2024-09-02,8390,2000,Dealer_self,2174
2024-09-02,8390,2000,Dealer_Hedging,16064
2024-09-03,8390,175000,Foreign_Investor,156000
2024-09-03,8390,0,Foreign_Dealer_Self,0
2024-09-03,8390,0,Investment_Trust,0
2024-09-03,8390,0,Dealer_self,0
2024-09-03,8390,5000,Dealer_Hedging,119
2024-09-04,8390,151000,Foreign_Investor,249000
2024-09-04,8390,0,Foreign_Dealer_Self,0
2024-09-04,8390,0,Investment_Trust,0
2024-09-04,8390,3000,Dealer_self,28778
2024-09-04,8390,7000,Dealer_Hedging,13710
2024-09-05,8390,110000,Foreign_Investor,151000
2024-09-05,8390,0,Foreign_Dealer_Self,0
2024-09-05,8390,0,Investment_Trust,0
2024-09-05,8390,1000,Dealer_self,1507
2024-09-05,8390,4000,Dealer_Hedging,13493
2024-09-06,8390,132000,Foreign_Investor,80000
2024-09-06,8390,0,Foreign_Dealer_Self,0
2024-09-06,8390,0,Investment_Trust,0
2024-09-06,8390,2000,Dealer_self,4247
2024-09-06,8390,3000,Dealer_Hedging,6049
2024-09-09,8390,61000,Foreign_Investor,107000
2024-09-09,8390,0,Foreign_Dealer_Self,0
2024-09-09,8390,0,Investment_Trust,0
2024-09-09,8390,0,Dealer_self,367
2024-09-09,8390,7000,Dealer_Hedging,19451
2024-09-10,8390,169000,Foreign_Investor,150000
2024-09-10,8390,0,Foreign_Dealer_Self,0
2024-09-10,8390,0,Investment_Trust,0
2024-09-10,8390,1000,Dealer_self,891
2024-09-10,8390,5000,Dealer_Hedging,9551
2024-09-11,8390,92000,Foreign_Investor,195000
2024-09-11,8390,0,Foreign_Dealer_Self,0
2024-09-11,8390,0,Investment_Trust,0
2024-09-11,8390,0,Dealer_self,0
2024-09-11,8390,7000,Dealer_Hedging,0
2024-09-12,8390,138000,Foreign_Investor,93000
2024-09-12,8390,0,Foreign_Dealer_Self,0
2024-09-12,8390,0,Investment_Trust,0
2024-09-12,8390,0,Dealer_self,0
2024-09-12,8390,2000,Dealer_Hedging,14000
2024-09-13,8390,1212000,Foreign_Investor,324000
2024-09-13,8390,0,Foreign_Dealer_Self,0
2024-09-13,8390,0,Investment_Trust,0
2024-09-13,8390,2696,Dealer_self,1000
2024-09-13,8390,82063,Dealer_Hedging,19000
2024-09-16,8390,241000,Foreign_Investor,711000
2024-09-16,8390,0,Foreign_Dealer_Self,0
2024-09-16,8390,0,Investment_Trust,0
2024-09-16,8390,0,Dealer_self,0
2024-09-16,8390,45050,Dealer_Hedging,30251
2024-09-18,8390,169000,Foreign_Investor,132000
2024-09-18,8390,0,Foreign_Dealer_Self,0
2024-09-18,8390,0,Investment_Trust,0
2024-09-18,8390,0,Dealer_self,0
2024-09-18,8390,5000,Dealer_Hedging,22441
2024-09-19,8390,116000,Foreign_Investor,373000
2024-09-19,8390,0,Foreign_Dealer_Self,0
2024-09-19,8390,0,Investment_Trust,0
2024-09-19,8390,0,Dealer_self,0
2024-09-19,8390,2001,Dealer_Hedging,1000
2024-09-20,8390,250000,Foreign_Investor,75000
2024-09-20,8390,0,Foreign_Dealer_Self,0
2024-09-20,8390,0,Investment_Trust,0
2024-09-20,8390,1439,Dealer_self,1000
2024-09-20,8390,31847,Dealer_Hedging,29000
2024-09-23,8390,429000,Foreign_Investor,187000
2024-09-23,8390,0,Foreign_Dealer_Self,0
2024-09-23,8390,0,Investment_Trust,0
2024-09-23,8390,21279,Dealer_self,2000
2024-09-23,8390,56999,Dealer_Hedging,23000
2024-09-24,8390,419000,Foreign_Investor,352200
2024-09-24,8390,0,Foreign_Dealer_Self,0
2024-09-24,8390,0,Investment_Trust,0
2024-09-24,8390,16001,Dealer_self,360
2024-09-24,8390,44097,Dealer_Hedging,11000
2024-09-25,8390,416000,Foreign_Investor,497000
2024-09-25,8390,0,Foreign_Dealer_Self,0
2024-09-25,8390,0,Investment_Trust,0
2024-09-25,8390,1391,Dealer_self,1062
2024-09-25,8390,41000,Dealer_Hedging,64677
2024-09-26,8390,458000,Foreign_Investor,133000
2024-09-26,8390,0,Foreign_Dealer_Self,0
2024-09-26,8390,0,Investment_Trust,0
2024-09-26,8390,395,Dealer_self,0
2024-09-26,8390,6000,Dealer_Hedging,14000
2024-09-27,8390,250000,Foreign_Investor,156000
2024-09-27,8390,0,Foreign_Dealer_Self,0
2024-09-27,8390,0,Investment_Trust,0
2024-09-27,8390,1000,Dealer_self,1350
2024-09-27,8390,5000,Dealer_Hedging,24288
2024-09-30,8390,89000,Foreign_Investor,248000
2024-09-30,8390,0,Foreign_Dealer_Self,0
2024-09-30,8390,0,Investment_Trust,0
2024-09-30,8390,0,Dealer_self,1
2024-09-30,8390,0,Dealer_Hedging,27366
2024-10-01,8390,112000,Foreign_Investor,82000
2024-10-01,8390,0,Foreign_Dealer_Self,0
2024-10-01,8390,0,Investment_Trust,0
2024-10-01,8390,221,Dealer_self,498
2024-10-01,8390,1000,Dealer_Hedging,2000
2024-10-04,8390,82000,Foreign_Investor,125400
2024-10-04,8390,0,Foreign_Dealer_Self,0
2024-10-04,8390,0,Investment_Trust,0
2024-10-04,8390,0,Dealer_self,100
2024-10-04,8390,0,Dealer_Hedging,655
2024-10-07,8390,43000,Foreign_Investor,320000
2024-10-07,8390,0,Foreign_Dealer_Self,0
2024-10-07,8390,0,Investment_Trust,0
2024-10-07,8390,999,Dealer_self,1387
2024-10-07,8390,1000,Dealer_Hedging,6948
2024-10-08,8390,90000,Foreign_Investor,170000
2024-10-08,8390,0,Foreign_Dealer_Self,0
2024-10-08,8390,0,Investment_Trust,0
2024-10-08,8390,2000,Dealer_self,1846
2024-10-08,8390,2000,Dealer_Hedging,1289
2024-10-09,8390,109000,Foreign_Investor,165000
2024-10-09,8390,0,Foreign_Dealer_Self,0
2024-10-09,8390,0,Investment_Trust,0
2024-10-09,8390,1000,Dealer_self,566
2024-10-09,8390,1000,Dealer_Hedging,8802
2024-10-11,8390,39000,Foreign_Investor,133000
2024-10-11,8390,0,Foreign_Dealer_Self,0
2024-10-11,8390,0,Investment_Trust,0
2024-10-11,8390,0,Dealer_self,187
2024-10-11,8390,0,Dealer_Hedging,4042
2024-10-14,8390,189000,Foreign_Investor,244000
2024-10-14,8390,0,Foreign_Dealer_Self,0
2024-10-14,8390,0,Investment_Trust,0
2024-10-14,8390,2000,Dealer_self,27834
2024-10-14,8390,3000,Dealer_Hedging,6852
2024-10-15,8390,148000,Foreign_Investor,391000
2024-10-15,8390,0,Foreign_Dealer_Self,0
2024-10-15,8390,0,Investment_Trust,0
2024-10-15,8390,6000,Dealer_self,6350
2024-10-15,8390,9000,Dealer_Hedging,14691
2024-10-16,8390,220000,Foreign_Investor,89000
2024-10-16,8390,0,Foreign_Dealer_Self,0
2024-10-16,8390,0,Investment_Trust,0
2024-10-16,8390,1000,Dealer_self,653
2024-10-16,8390,2000,Dealer_Hedging,340
2024-10-17,8390,208000,Foreign_Investor,88000
2024-10-17,8390,0,Foreign_Dealer_Self,0
2024-10-17,8390,0,Investment_Trust,0
2024-10-17,8390,1000,Dealer_self,792
2024-10-17,8390,11000,Dealer_Hedging,2370
2024-10-18,8390,291000,Foreign_Investor,86000
2024-10-18,8390,0,Foreign_Dealer_Self,0
2024-10-18,8390,0,Investment_Trust,0
2024-10-18,8390,0,Dealer_self,164
2024-10-18,8390,4864,Dealer_Hedging,7000
2024-10-21,8390,445000,Foreign_Investor,77000
2024-10-21,8390,0,Foreign_Dealer_Self,0
2024-10-21,8390,0,Investment_Trust,0
2024-10-21,8390,0,Dealer_self,0
2024-10-21,8390,28000,Dealer_Hedging,3400
2024-10-22,8390,327000,Foreign_Investor,105000
2024-10-22,8390,0,Foreign_Dealer_Self,0
2024-10-22,8390,0,Investment_Trust,0
2024-10-22,8390,0,Dealer_self,0
2024-10-22,8390,34000,Dealer_Hedging,11000
2024-10-23,8390,366000,Foreign_Investor,128000
2024-10-23,8390,0,Foreign_Dealer_Self,0
2024-10-23,8390,0,Investment_Trust,0
2024-10-23,8390,0,Dealer_self,0
2024-10-23,8390,6000,Dealer_Hedging,39000
2024-10-24,8390,274000,Foreign_Investor,100000
2024-10-24,8390,0,Foreign_Dealer_Self,0
2024-10-24,8390,0,Investment_Trust,0
2024-10-24,8390,12000,Dealer_self,100
2024-10-24,8390,5000,Dealer_Hedging,30034
2024-10-25,8390,96000,Foreign_Investor,126000
2024-10-25,8390,0,Foreign_Dealer_Self,0
2024-10-25,8390,0,Investment_Trust,0
2024-10-25,8390,0,Dealer_self,10000
2024-10-25,8390,4000,Dealer_Hedging,11241
2024-10-28,8390,559000,Foreign_Investor,221000
2024-10-28,8390,0,Foreign_Dealer_Self,0
2024-10-28,8390,0,Investment_Trust,0
2024-10-28,8390,1003,Dealer_self,1034
2024-10-28,8390,49068,Dealer_Hedging,7053
2024-10-29,8390,460000,Foreign_Investor,195000
2024-10-29,8390,0,Foreign_Dealer_Self,0
2024-10-29,8390,0,Investment_Trust,0
2024-10-29,8390,0,Dealer_self,0
2024-10-29,8390,1000,Dealer_Hedging,12000
2024-10-30,8390,1005000,Foreign_Investor,400000
2024-10-30,8390,0,Foreign_Dealer_Self,0
2024-10-30,8390,0,Investment_Trust,0
2024-10-30,8390,2047,Dealer_self,2000
2024-10-30,8390,73000,Dealer_Hedging,3000
2024-11-01,8390,498000,Foreign_Investor,1448000
2024-11-01,8390,0,Foreign_Dealer_Self,0
2024-11-01,8390,0,Investment_Trust,0
2024-11-01,8390,0,Dealer_self,0
2024-11-01,8390,14000,Dealer_Hedging,22358
2024-11-04,8390,2100000,Foreign_Investor,700000
2024-11-04,8390,0,Foreign_Dealer_Self,0
2024-11-04,8390,0,Investment_Trust,0
2024-11-04,8390,3807,Dealer_self,4102
2024-11-04,8390,81194,Dealer_Hedging,59714
2024-11-05,8390,676000,Foreign_Investor,1159061
2024-11-05,8390,0,Foreign_Dealer_Self,0
2024-11-05,8390,0,Investment_Trust,0
2024-11-05,8390,85,Dealer_self,433
2024-11-05,8390,1000,Dealer_Hedging,52957
2024-11-06,8390,380000,Foreign_Investor,313000
2024-11-06,8390,0,Foreign_Dealer_Self,0
2024-11-06,8390,0,Investment_Trust,0
2024-11-06,8390,315,Dealer_self,0
2024-11-06,8390,2000,Dealer_Hedging,11000
2024-11-07,8390,508000,Foreign_Investor,1322000
2024-11-07,8390,0,Foreign_Dealer_Self,0
2024-11-07,8390,0,Investment_Trust,0
2024-11-07,8390,7000,Dealer_self,7026
2024-11-07,8390,26000,Dealer_Hedging,58014
2024-11-08,8390,361000,Foreign_Investor,598211
2024-11-08,8390,0,Foreign_Dealer_Self,0
2024-11-08,8390,0,Investment_Trust,0
2024-11-08,8390,2000,Dealer_self,14387
2024-11-08,8390,12000,Dealer_Hedging,11425
2024-11-11,8390,203000,Foreign_Investor,670939
2024-11-11,8390,0,Foreign_Dealer_Self,0
2024-11-11,8390,0,Investment_Trust,0
2024-11-11,8390,2000,Dealer_self,2021
2024-11-11,8390,6000,Dealer_Hedging,34770
2024-11-12,8390,365000,Foreign_Investor,385000
2024-11-12,8390,0,Foreign_Dealer_Self,0
2024-11-12,8390,0,Investment_Trust,0
2024-11-12,8390,6000,Dealer_self,8226
2024-11-12,8390,9000,Dealer_Hedging,19890
2024-11-13,8390,93000,Foreign_Investor,226000
2024-11-13,8390,0,Foreign_Dealer_Self,0
2024-11-13,8390,0,Investment_Trust,0
2024-11-13,8390,2000,Dealer_self,2541
2024-11-13,8390,10000,Dealer_Hedging,5229
2024-11-14,8390,96000,Foreign_Investor,304000
2024-11-14,8390,0,Foreign_Dealer_Self,0
2024-11-14,8390,0,Investment_Trust,0
2024-11-14,8390,3000,Dealer_self,2997
2024-11-14,8390,7000,Dealer_Hedging,16526
2024-11-15,8390,97000,Foreign_Investor,120000
2024-11-15,8390,0,Foreign_Dealer_Self,0
2024-11-15,8390,0,Investment_Trust,0
2024-11-15,8390,1000,Dealer_self,578
2024-11-15,8390,12000,Dealer_Hedging,3447
2024-11-18,8390,91000,Foreign_Investor,182000
2024-11-18,8390,0,Foreign_Dealer_Self,0
2024-11-18,8390,0,Investment_Trust,0
2024-11-18,8390,1000,Dealer_self,1542
2024-11-18,8390,1000,Dealer_Hedging,6989
2024-11-19,8390,141000,Foreign_Investor,76000
2024-11-19,8390,0,Foreign_Dealer_Self,0
2024-11-19,8390,0,Investment_Trust,0
2024-11-19,8390,0,Dealer_self,0
2024-11-19,8390,4027,Dealer_Hedging,0
2024-11-20,8390,92000,Foreign_Investor,149218
2024-11-20,8390,0,Foreign_Dealer_Self,0
2024-11-20,8390,0,Investment_Trust,0
2024-11-20,8390,1000,Dealer_self,645
2024-11-20,8390,7000,Dealer_Hedging,7223
2024-11-21,8390,82000,Foreign_Investor,113000
2024-11-21,8390,0,Foreign_Dealer_Self,0
2024-11-21,8390,0,Investment_Trust,0
2024-11-21,8390,1000,Dealer_self,569
2024-11-21,8390,3000,Dealer_Hedging,3243
2024-11-22,8390,76000,Foreign_Investor,23000
2024-11-22,8390,0,Foreign_Dealer_Self,0
2024-11-22,8390,0,Investment_Trust,0
2024-11-22,8390,0,Dealer_self,90
2024-11-22,8390,0,Dealer_Hedging,1272
2024-11-25,8390,94000,Foreign_Investor,82000
2024-11-25,8390,0,Foreign_Dealer_Self,0
2024-11-25,8390,0,Investment_Trust,0
2024-11-25,8390,1000,Dealer_self,1436
2024-11-25,8390,2000,Dealer_Hedging,9239
2024-11-26,8390,76000,Foreign_Investor,182000
2024-11-26,8390,0,Foreign_Dealer_Self,0
2024-11-26,8390,0,Investment_Trust,0
2024-11-26,8390,0,Dealer_self,244
2024-11-26,8390,5000,Dealer_Hedging,8027
2024-11-27,8390,77000,Foreign_Investor,70000
2024-11-27,8390,0,Foreign_Dealer_Self,0
2024-11-27,8390,0,Investment_Trust,0
2024-11-27,8390,1000,Dealer_self,620
2024-11-27,8390,1000,Dealer_Hedging,2096
2024-11-28,8390,91000,Foreign_Investor,64000
2024-11-28,8390,0,Foreign_Dealer_Self,0
2024-11-28,8390,0,Investment_Trust,0
2024-11-28,8390,1000,Dealer_self,450
2024-11-28,8390,1000,Dealer_Hedging,6124
2024-11-29,8390,23000,Foreign_Investor,26000
2024-11-29,8390,0,Foreign_Dealer_Self,0
2024-11-29,8390,0,Investment_Trust,0
2024-11-29,8390,0,Dealer_self,0
2024-11-29,8390,2000,Dealer_Hedging,3000
2024-12-02,8390,36000,Foreign_Investor,33000
2024-12-02,8390,0,Foreign_Dealer_Self,0
2024-12-02,8390,0,Investment_Trust,0
2024-12-02,8390,0,Dealer_self,1
2024-12-02,8390,1000,Dealer_Hedging,1128
2024-12-03,8390,21000,Foreign_Investor,40000
2024-12-03,8390,0,Foreign_Dealer_Self,0
2024-12-03,8390,0,Investment_Trust,0
2024-12-03,8390,0,Dealer_self,290
2024-12-03,8390,3000,Dealer_Hedging,5526
2024-12-04,8390,54000,Foreign_Investor,39000
2024-12-04,8390,0,Foreign_Dealer_Self,0
2024-12-04,8390,0,Investment_Trust,0
2024-12-04,8390,0,Dealer_self,0
2024-12-04,8390,1000,Dealer_Hedging,836
2024-12-05,8390,23000,Foreign_Investor,48000
2024-12-05,8390,0,Foreign_Dealer_Self,0
2024-12-05,8390,0,Investment_Trust,0
2024-12-05,8390,0,Dealer_self,0
2024-12-05,8390,8000,Dealer_Hedging,7000
2024-12-06,8390,83000,Foreign_Investor,17000
2024-12-06,8390,0,Foreign_Dealer_Self,0
2024-12-06,8390,0,Investment_Trust,0
2024-12-06,8390,0,Dealer_self,34
2024-12-06,8390,0,Dealer_Hedging,2307
2024-12-09,8390,30000,Foreign_Investor,31000
2024-12-09,8390,0,Foreign_Dealer_Self,0
2024-12-09,8390,0,Investment_Trust,0
2024-12-09,8390,0,Dealer_self,0
2024-12-09,8390,0,Dealer_Hedging,1000
2024-12-10,8390,113000,Foreign_Investor,151000
2024-12-10,8390,0,Foreign_Dealer_Self,0
2024-12-10,8390,0,Investment_Trust,0
2024-12-10,8390,0,Dealer_self,532
2024-12-10,8390,1000,Dealer_Hedging,20
2024-12-11,8390,90000,Foreign_Investor,231000
2024-12-11,8390,0,Foreign_Dealer_Self,0
2024-12-11,8390,0,Investment_Trust,0
2024-12-11,8390,3000,Dealer_self,2779
2024-12-11,8390,7000,Dealer_Hedging,16146
2024-12-12,8390,67000,Foreign_Investor,719000
2024-12-12,8390,0,Foreign_Dealer_Self,0
2024-12-12,8390,0,Investment_Trust,0
2024-12-12,8390,10000,Dealer_self,9513
2024-12-12,8390,23000,Dealer_Hedging,45408
2024-12-13,8390,212000,Foreign_Investor,205000
2024-12-13,8390,0,Foreign_Dealer_Self,0
2024-12-13,8390,0,Investment_Trust,0
2024-12-13,8390,8000,Dealer_self,9185
2024-12-13,8390,9000,Dealer_Hedging,22999
2024-12-16,8390,502095,Foreign_Investor,101000
2024-12-16,8390,0,Foreign_Dealer_Self,0
2024-12-16,8390,0,Investment_Trust,0
2024-12-16,8390,10000,Dealer_self,9815
2024-12-16,8390,14000,Dealer_Hedging,19081
2024-12-17,8390,154000,Foreign_Investor,162000
2024-12-17,8390,0,Foreign_Dealer_Self,0
2024-12-17,8390,0,Investment_Trust,0
2024-12-17,8390,8000,Dealer_self,8083
2024-12-17,8390,0,Dealer_Hedging,7099
2024-12-18,8390,80000,Foreign_Investor,38000
2024-12-18,8390,0,Foreign_Dealer_Self,0
2024-12-18,8390,0,Investment_Trust,0
2024-12-18,8390,0,Dealer_self,433
2024-12-18,8390,0,Dealer_Hedging,3357
2024-12-19,8390,75000,Foreign_Investor,64000
2024-12-19,8390,0,Foreign_Dealer_Self,0
2024-12-19,8390,0,Investment_Trust,0
2024-12-19,8390,5000,Dealer_self,3975
2024-12-19,8390,2000,Dealer_Hedging,2745
2024-12-20,8390,49334,Foreign_Investor,82000
2024-12-20,8390,0,Foreign_Dealer_Self,0
2024-12-20,8390,0,Investment_Trust,0
2024-12-20,8390,4000,Dealer_self,4402
2024-12-20,8390,2000,Dealer_Hedging,1347
2024-12-23,8390,58000,Foreign_Investor,65000
2024-12-23,8390,0,Foreign_Dealer_Self,0
2024-12-23,8390,0,Investment_Trust,0
2024-12-23,8390,2000,Dealer_self,2601
2024-12-23,8390,1000,Dealer_Hedging,1456
2024-12-24,8390,51000,Foreign_Investor,85000
2024-12-24,8390,0,Foreign_Dealer_Self,0
2024-12-24,8390,0,Investment_Trust,0
2024-12-24,8390,5000,Dealer_self,3959
2024-12-24,8390,1000,Dealer_Hedging,1437
2024-12-25,8390,53000,Foreign_Investor,35000
2024-12-25,8390,0,Foreign_Dealer_Self,0
2024-12-25,8390,0,Investment_Trust,0
2024-12-25,8390,0,Dealer_self,685
2024-12-25,8390,2000,Dealer_Hedging,1175
2024-12-26,8390,78000,Foreign_Investor,149000
2024-12-26,8390,0,Foreign_Dealer_Self,0
2024-12-26,8390,0,Investment_Trust,0
2024-12-26,8390,3000,Dealer_self,2889
2024-12-26,8390,22604,Dealer_Hedging,895
2024-12-27,8390,150000,Foreign_Investor,311000
2024-12-27,8390,0,Foreign_Dealer_Self,0
2024-12-27,8390,0,Investment_Trust,0
2024-12-27,8390,1217,Dealer_self,1943
2024-12-27,8390,12000,Dealer_Hedging,16450
2024-12-30,8390,18000,Foreign_Investor,115000
2024-12-30,8390,0,Foreign_Dealer_Self,0
2024-12-30,8390,0,Investment_Trust,0
2024-12-30,8390,4000,Dealer_self,3649
2024-12-30,8390,1000,Dealer_Hedging,2660
2024-12-31,8390,49000,Foreign_Investor,46000
2024-12-31,8390,0,Foreign_Dealer_Self,0
2024-12-31,8390,0,Investment_Trust,0
2024-12-31,8390,154,Dealer_self,0
2024-12-31,8390,0,Dealer_Hedging,300
2025-01-02,8390,87000,Foreign_Investor,36000
2025-01-02,8390,0,Foreign_Dealer_Self,0
2025-01-02,8390,0,Investment_Trust,0
2025-01-02,8390,0,Dealer_self,0
2025-01-02,8390,0,Dealer_Hedging,168
2025-01-03,8390,24000,Foreign_Investor,102000
2025-01-03,8390,0,Foreign_Dealer_Self,0
2025-01-03,8390,0,Investment_Trust,0
2025-01-03,8390,1000,Dealer_self,12508
2025-01-03,8390,4475,Dealer_Hedging,5115
2025-01-06,8390,166000,Foreign_Investor,93000
2025-01-06,8390,0,Foreign_Dealer_Self,0
2025-01-06,8390,0,Investment_Trust,0
2025-01-06,8390,2664,Dealer_self,9855
2025-01-06,8390,7000,Dealer_Hedging,1286
2025-01-07,8390,15000,Foreign_Investor,26000
2025-01-07,8390,0,Foreign_Dealer_Self,0
2025-01-07,8390,0,Investment_Trust,0
2025-01-07,8390,0,Dealer_self,30
2025-01-07,8390,0,Dealer_Hedging,73
2025-01-08,8390,21000,Foreign_Investor,82000
2025-01-08,8390,0,Foreign_Dealer_Self,0
2025-01-08,8390,0,Investment_Trust,0
2025-01-08,8390,0,Dealer_self,516
2025-01-08,8390,6000,Dealer_Hedging,1292
2025-01-09,8390,111000,Foreign_Investor,79000
2025-01-09,8390,0,Foreign_Dealer_Self,0
2025-01-09,8390,0,Investment_Trust,0
2025-01-09,8390,3000,Dealer_self,2153
2025-01-09,8390,4000,Dealer_Hedging,21903
2025-01-10,8390,172000,Foreign_Investor,69000
2025-01-10,8390,0,Foreign_Dealer_Self,0
2025-01-10,8390,0,Investment_Trust,0
2025-01-10,8390,0,Dealer_self,578
2025-01-10,8390,0,Dealer_Hedging,1165
2025-01-13,8390,95000,Foreign_Investor,121000
2025-01-13,8390,0,Foreign_Dealer_Self,0
2025-01-13,8390,0,Investment_Trust,0
2025-01-13,8390,0,Dealer_self,617
2025-01-13,8390,2468,Dealer_Hedging,1944
2025-01-14,8390,67000,Foreign_Investor,16000
2025-01-14,8390,0,Foreign_Dealer_Self,0
2025-01-14,8390,0,Investment_Trust,0
2025-01-14,8390,1000,Dealer_self,54
2025-01-14,8390,3372,Dealer_Hedging,404
2025-01-15,8390,27001,Foreign_Investor,60000
2025-01-15,8390,0,Foreign_Dealer_Self,0
2025-01-15,8390,0,Investment_Trust,0
2025-01-15,8390,856,Dealer_self,615
2025-01-15,8390,1000,Dealer_Hedging,1095
2025-01-16,8390,68000,Foreign_Investor,78000
2025-01-16,8390,0,Foreign_Dealer_Self,0
2025-01-16,8390,0,Investment_Trust,0
2025-01-16,8390,77,Dealer_self,265
2025-01-16,8390,4000,Dealer_Hedging,138
2025-01-17,8390,59000,Foreign_Investor,57000
2025-01-17,8390,0,Foreign_Dealer_Self,0
2025-01-17,8390,0,Investment_Trust,0
2025-01-17,8390,0,Dealer_self,0
2025-01-17,8390,5000,Dealer_Hedging,4346
2025-01-20,8390,126000,Foreign_Investor,45000
2025-01-20,8390,0,Foreign_Dealer_Self,0
2025-01-20,8390,0,Investment_Trust,0
2025-01-20,8390,0,Dealer_self,0
2025-01-20,8390,3000,Dealer_Hedging,3388
2025-01-21,8390,50000,Foreign_Investor,16000
2025-01-21,8390,0,Foreign_Dealer_Self,0
2025-01-21,8390,0,Investment_Trust,0
2025-01-21,8390,0,Dealer_self,0
2025-01-21,8390,2000,Dealer_Hedging,617
2025-01-22,8390,55000,Foreign_Investor,60000
2025-01-22,8390,0,Foreign_Dealer_Self,0
2025-01-22,8390,0,Investment_Trust,0
2025-01-22,8390,0,Dealer_self,534
2025-01-22,8390,2000,Dealer_Hedging,541
2025-02-03,8390,656000,Foreign_Investor,1348000
2025-02-03,8390,0,Foreign_Dealer_Self,0
2025-02-03,8390,0,Investment_Trust,0
2025-02-03,8390,14000,Dealer_self,9624
2025-02-03,8390,19000,Dealer_Hedging,6334
2025-02-04,8390,662000,Foreign_Investor,1113000
2025-02-04,8390,0,Foreign_Dealer_Self,0
2025-02-04,8390,0,Investment_Trust,0
2025-02-04,8390,3002,Dealer_self,3403
2025-02-04,8390,49582,Dealer_Hedging,13855
2025-02-05,8390,1187000,Foreign_Investor,1950000
2025-02-05,8390,0,Foreign_Dealer_Self,0
2025-02-05,8390,0,Investment_Trust,0
2025-02-05,8390,33,Dealer_self,0
2025-02-05,8390,59991,Dealer_Hedging,17000
2025-02-06,8390,554000,Foreign_Investor,832000
2025-02-06,8390,0,Foreign_Dealer_Self,0
2025-02-06,8390,0,Investment_Trust,0
2025-02-06,8390,0,Dealer_self,4000
2025-02-06,8390,6,Dealer_Hedging,16004
2025-02-07,8390,490000,Foreign_Investor,520000
2025-02-07,8390,0,Foreign_Dealer_Self,0
2025-02-07,8390,0,Investment_Trust,0
2025-02-07,8390,1000,Dealer_self,937
2025-02-07,8390,5276,Dealer_Hedging,4943
2025-02-10,8390,136000,Foreign_Investor,770000
2025-02-10,8390,0,Foreign_Dealer_Self,0
2025-02-10,8390,0,Investment_Trust,0
2025-02-10,8390,1000,Dealer_self,1383
2025-02-10,8390,2000,Dealer_Hedging,8282
2025-02-11,8390,274000,Foreign_Investor,762000
2025-02-11,8390,0,Foreign_Dealer_Self,0
2025-02-11,8390,0,Investment_Trust,0
2025-02-11,8390,5000,Dealer_self,4586
2025-02-11,8390,13000,Dealer_Hedging,5702
2025-02-12,8390,129000,Foreign_Investor,225000
2025-02-12,8390,0,Foreign_Dealer_Self,0
2025-02-12,8390,0,Investment_Trust,0
2025-02-12,8390,1000,Dealer_self,1216
2025-02-12,8390,14000,Dealer_Hedging,27903
2025-02-13,8390,94000,Foreign_Investor,192000
2025-02-13,8390,0,Foreign_Dealer_Self,0
2025-02-13,8390,0,Investment_Trust,0
2025-02-13,8390,0,Dealer_self,0
2025-02-13,8390,13000,Dealer_Hedging,5557
2025-02-14,8390,108000,Foreign_Investor,192000
2025-02-14,8390,0,Foreign_Dealer_Self,0
2025-02-14,8390,0,Investment_Trust,0
2025-02-14,8390,1000,Dealer_self,1173
2025-02-14,8390,2000,Dealer_Hedging,6800
2025-02-17,8390,219000,Foreign_Investor,169000
2025-02-17,8390,0,Foreign_Dealer_Self,0
2025-02-17,8390,0,Investment_Trust,0
2025-02-17,8390,6000,Dealer_self,6237
2025-02-17,8390,22650,Dealer_Hedging,11435
2025-02-18,8390,107000,Foreign_Investor,56000
2025-02-18,8390,0,Foreign_Dealer_Self,0
2025-02-18,8390,0,Investment_Trust,0
2025-02-18,8390,1000,Dealer_self,0
2025-02-18,8390,4262,Dealer_Hedging,4000
2025-02-19,8390,137000,Foreign_Investor,222000
2025-02-19,8390,0,Foreign_Dealer_Self,0
2025-02-19,8390,0,Investment_Trust,0
2025-02-19,8390,0,Dealer_self,424
2025-02-19,8390,20042,Dealer_Hedging,4902
2025-02-20,8390,59000,Foreign_Investor,180000
2025-02-20,8390,0,Foreign_Dealer_Self,0
2025-02-20,8390,0,Investment_Trust,0
2025-02-20,8390,2000,Dealer_self,1468
2025-02-20,8390,6000,Dealer_Hedging,245
2025-02-21,8390,84400,Foreign_Investor,210000
2025-02-21,8390,0,Foreign_Dealer_Self,0
2025-02-21,8390,0,Investment_Trust,0
2025-02-21,8390,4000,Dealer_self,4027
2025-02-21,8390,4028,Dealer_Hedging,5106
2025-02-24,8390,16000,Foreign_Investor,62000
2025-02-24,8390,0,Foreign_Dealer_Self,0
2025-02-24,8390,0,Investment_Trust,0
2025-02-24,8390,0,Dealer_self,327
2025-02-24,8390,200,Dealer_Hedging,0
2025-02-25,8390,48000,Foreign_Investor,251000
2025-02-25,8390,0,Foreign_Dealer_Self,0
2025-02-25,8390,0,Investment_Trust,0
2025-02-25,8390,1000,Dealer_self,1079
2025-02-25,8390,5000,Dealer_Hedging,10139
2025-02-26,8390,40000,Foreign_Investor,81000
2025-02-26,8390,0,Foreign_Dealer_Self,0
2025-02-26,8390,0,Investment_Trust,0
2025-02-26,8390,0,Dealer_self,10
2025-02-26,8390,0,Dealer_Hedging,2001
2025-02-27,8390,46000,Foreign_Investor,87000
2025-02-27,8390,0,Foreign_Dealer_Self,0
2025-02-27,8390,0,Investment_Trust,0
2025-02-27,8390,2000,Dealer_self,2373
2025-02-27,8390,1000,Dealer_Hedging,16522
2025-03-03,8390,151000,Foreign_Investor,164000
2025-03-03,8390,0,Foreign_Dealer_Self,0
2025-03-03,8390,0,Investment_Trust,0
2025-03-03,8390,3000,Dealer_self,3113
2025-03-03,8390,0,Dealer_Hedging,15962
2025-03-04,8390,214000,Foreign_Investor,483000
2025-03-04,8390,0,Foreign_Dealer_Self,0
2025-03-04,8390,0,Investment_Trust,0
2025-03-04,8390,3030,Dealer_self,2166
2025-03-04,8390,10699,Dealer_Hedging,227
2025-03-05,8390,115000,Foreign_Investor,49000
2025-03-05,8390,0,Foreign_Dealer_Self,0
2025-03-05,8390,0,Investment_Trust,0
2025-03-05,8390,0,Dealer_self,154
2025-03-05,8390,0,Dealer_Hedging,3640
2025-03-06,8390,118000,Foreign_Investor,73000
2025-03-06,8390,0,Foreign_Dealer_Self,0
2025-03-06,8390,0,Investment_Trust,0
2025-03-06,8390,0,Dealer_self,31
2025-03-06,8390,1000,Dealer_Hedging,6001
2025-03-07,8390,58000,Foreign_Investor,77000
2025-03-07,8390,0,Foreign_Dealer_Self,0
2025-03-07,8390,0,Investment_Trust,0
2025-03-07,8390,2000,Dealer_self,1940
2025-03-07,8390,5000,Dealer_Hedging,1416
2025-03-10,8390,53000,Foreign_Investor,21000
2025-03-10,8390,0,Foreign_Dealer_Self,0
2025-03-10,8390,0,Investment_Trust,0
2025-03-10,8390,0,Dealer_self,28
2025-03-10,8390,1000,Dealer_Hedging,1014
2025-03-11,8390,191000,Foreign_Investor,108000
2025-03-11,8390,0,Foreign_Dealer_Self,0
2025-03-11,8390,0,Investment_Trust,0
2025-03-11,8390,4000,Dealer_self,3933
2025-03-11,8390,4961,Dealer_Hedging,16294
2025-03-12,8390,125000,Foreign_Investor,60432
2025-03-12,8390,0,Foreign_Dealer_Self,0
2025-03-12,8390,0,Investment_Trust,0
2025-03-12,8390,0,Dealer_self,0
2025-03-12,8390,1512,Dealer_Hedging,318
2025-03-13,8390,120000,Foreign_Investor,30000
2025-03-13,8390,0,Foreign_Dealer_Self,0
2025-03-13,8390,0,Investment_Trust,0
2025-03-13,8390,0,Dealer_self,0
2025-03-13,8390,10618,Dealer_Hedging,0
2025-03-14,8390,559000,Foreign_Investor,287000
2025-03-14,8390,0,Foreign_Dealer_Self,0
2025-03-14,8390,0,Investment_Trust,0
2025-03-14,8390,0,Dealer_self,0
2025-03-14,8390,16043,Dealer_Hedging,3000
2025-03-17,8390,243000,Foreign_Investor,83000
2025-03-17,8390,0,Foreign_Dealer_Self,0
2025-03-17,8390,0,Investment_Trust,0
2025-03-17,8390,0,Dealer_self,0
2025-03-17,8390,8208,Dealer_Hedging,7000
2025-03-18,8390,274000,Foreign_Investor,108000
2025-03-18,8390,0,Foreign_Dealer_Self,0
2025-03-18,8390,0,Investment_Trust,0
2025-03-18,8390,0,Dealer_self,100
2025-03-18,8390,11001,Dealer_Hedging,4000
2025-03-19,8390,218000,Foreign_Investor,142000
2025-03-19,8390,0,Foreign_Dealer_Self,0
2025-03-19,8390,0,Investment_Trust,0
2025-03-19,8390,0,Dealer_self,135
2025-03-19,8390,40050,Dealer_Hedging,7001
2025-03-20,8390,171000,Foreign_Investor,98000
2025-03-20,8390,0,Foreign_Dealer_Self,0
2025-03-20,8390,0,Investment_Trust,0
2025-03-20,8390,0,Dealer_self,0
2025-03-20,8390,3001,Dealer_Hedging,26000
2025-03-21,8390,234500,Foreign_Investor,45000
2025-03-21,8390,0,Foreign_Dealer_Self,0
2025-03-21,8390,0,Investment_Trust,0
2025-03-21,8390,0,Dealer_self,0
2025-03-21,8390,30,Dealer_Hedging,15001
2025-03-24,8390,105000,Foreign_Investor,52000
2025-03-24,8390,0,Foreign_Dealer_Self,0
2025-03-24,8390,0,Investment_Trust,0
2025-03-24,8390,0,Dealer_self,0
2025-03-24,8390,0,Dealer_Hedging,4002
2025-03-25,8390,88000,Foreign_Investor,59000
2025-03-25,8390,0,Foreign_Dealer_Self,0
2025-03-25,8390,0,Investment_Trust,0
2025-03-25,8390,0,Dealer_self,0
2025-03-25,8390,4000,Dealer_Hedging,7192
2025-03-26,8390,135000,Foreign_Investor,299000
2025-03-26,8390,0,Foreign_Dealer_Self,0
2025-03-26,8390,0,Investment_Trust,0
2025-03-26,8390,0,Dealer_self,308
2025-03-26,8390,31001,Dealer_Hedging,14185
2025-03-27,8390,267000,Foreign_Investor,535000
2025-03-27,8390,0,Foreign_Dealer_Self,0
2025-03-27,8390,0,Investment_Trust,0
2025-03-27,8390,1000,Dealer_self,1372
2025-03-27,8390,19415,Dealer_Hedging,4662
2025-03-28,8390,431000,Foreign_Investor,1302000
2025-03-28,8390,0,Foreign_Dealer_Self,0
2025-03-28,8390,0,Investment_Trust,0
2025-03-28,8390,37000,Dealer_self,2485
2025-03-28,8390,33037,Dealer_Hedging,15126
2025-03-31,8390,388000,Foreign_Investor,623000
2025-03-31,8390,0,Foreign_Dealer_Self,0
2025-03-31,8390,0,Investment_Trust,0
2025-03-31,8390,6000,Dealer_self,5730
2025-03-31,8390,8639,Dealer_Hedging,49066
2025-04-01,8390,596000,Foreign_Investor,129000
2025-04-01,8390,0,Foreign_Dealer_Self,0
2025-04-01,8390,0,Investment_Trust,0
2025-04-01,8390,24000,Dealer_self,932
2025-04-01,8390,39873,Dealer_Hedging,26525
2025-04-02,8390,61000,Foreign_Investor,109000
2025-04-02,8390,0,Foreign_Dealer_Self,0
2025-04-02,8390,0,Investment_Trust,0
2025-04-02,8390,4000,Dealer_self,1892
2025-04-02,8390,536,Dealer_Hedging,4162
2025-04-07,8390,11000,Foreign_Investor,0
2025-04-07,8390,0,Foreign_Dealer_Self,0
2025-04-07,8390,0,Investment_Trust,0
2025-04-07,8390,0,Dealer_self,0
2025-04-07,8390,1000,Dealer_Hedging,1259
2025-04-08,8390,50010,Foreign_Investor,323000
2025-04-08,8390,0,Foreign_Dealer_Self,0
2025-04-08,8390,0,Investment_Trust,0
2025-04-08,8390,0,Dealer_self,26
2025-04-08,8390,6000,Dealer_Hedging,66115
2025-04-09,8390,479000,Foreign_Investor,371000
2025-04-09,8390,0,Foreign_Dealer_Self,0
2025-04-09,8390,0,Investment_Trust,0
2025-04-09,8390,3000,Dealer_self,3146
2025-04-09,8390,10000,Dealer_Hedging,62732
2025-04-10,8390,91000,Foreign_Investor,59000
2025-04-10,8390,0,Foreign_Dealer_Self,0
2025-04-10,8390,0,Investment_Trust,0
2025-04-10,8390,10000,Dealer_self,0
2025-04-10,8390,1000,Dealer_Hedging,0
2025-04-11,8390,521050,Foreign_Investor,513000
2025-04-11,8390,0,Foreign_Dealer_Self,0
2025-04-11,8390,0,Investment_Trust,0
2025-04-11,8390,3199,Dealer_self,3649
2025-04-11,8390,14803,Dealer_Hedging,9990
2025-04-14,8390,234001,Foreign_Investor,280000
2025-04-14,8390,0,Foreign_Dealer_Self,0
2025-04-14,8390,0,Investment_Trust,0
2025-04-14,8390,3000,Dealer_self,2250
2025-04-14,8390,26991,Dealer_Hedging,10595
2025-04-15,8390,213598,Foreign_Investor,37000
2025-04-15,8390,0,Foreign_Dealer_Self,0
2025-04-15,8390,0,Investment_Trust,0
2025-04-15,8390,7000,Dealer_self,633
2025-04-15,8390,10762,Dealer_Hedging,2006
2025-04-16,8390,205858,Foreign_Investor,270000
2025-04-16,8390,0,Foreign_Dealer_Self,0
2025-04-16,8390,0,Investment_Trust,0
2025-04-16,8390,1000,Dealer_self,4890
2025-04-16,8390,11756,Dealer_Hedging,11641
2025-04-17,8390,423500,Foreign_Investor,813000
2025-04-17,8390,0,Foreign_Dealer_Self,0
2025-04-17,8390,0,Investment_Trust,0
2025-04-17,8390,7000,Dealer_self,7204
2025-04-17,8390,70901,Dealer_Hedging,14978
2025-04-18,8390,135000,Foreign_Investor,211000
2025-04-18,8390,0,Foreign_Dealer_Self,0
2025-04-18,8390,0,Investment_Trust,0
2025-04-18,8390,3151,Dealer_self,8773
2025-04-18,8390,26322,Dealer_Hedging,10932
2025-04-21,8390,1038000,Foreign_Investor,1168000
2025-04-21,8390,0,Foreign_Dealer_Self,0
2025-04-21,8390,0,Investment_Trust,0
2025-04-21,8390,1386,Dealer_self,2021
2025-04-21,8390,85907,Dealer_Hedging,16002
2025-04-22,8390,1652000,Foreign_Investor,1765000
2025-04-22,8390,0,Foreign_Dealer_Self,0
2025-04-22,8390,0,Investment_Trust,0
2025-04-22,8390,1947,Dealer_self,12221
2025-04-22,8390,349226,Dealer_Hedging,16458
2025-04-23,8390,1781200,Foreign_Investor,1876000
2025-04-23,8390,0,Foreign_Dealer_Self,0
2025-04-23,8390,0,Investment_Trust,0
2025-04-23,8390,25000,Dealer_self,4263
2025-04-23,8390,68298,Dealer_Hedging,119615
2025-04-24,8390,2014000,Foreign_Investor,1942000
2025-04-24,8390,0,Foreign_Dealer_Self,0
2025-04-24,8390,0,Investment_Trust,0
2025-04-24,8390,2349,Dealer_self,2816
2025-04-24,8390,139524,Dealer_Hedging,214333
2025-04-25,8390,601000,Foreign_Investor,423000
2025-04-25,8390,0,Foreign_Dealer_Self,0
2025-04-25,8390,0,Investment_Trust,0
2025-04-25,8390,0,Dealer_self,0
2025-04-25,8390,9308,Dealer_Hedging,81613
2025-04-28,8390,524000,Foreign_Investor,316000
2025-04-28,8390,0,Foreign_Dealer_Self,0
2025-04-28,8390,0,Investment_Trust,0
2025-04-28,8390,6000,Dealer_self,6024
2025-04-28,8390,4000,Dealer_Hedging,12146
2025-04-29,8390,262000,Foreign_Investor,257000
2025-04-29,8390,0,Foreign_Dealer_Self,0
2025-04-29,8390,0,Investment_Trust,0
2025-04-29,8390,0,Dealer_self,0
2025-04-29,8390,1000,Dealer_Hedging,8267
2025-04-30,8390,188000,Foreign_Investor,447000
2025-04-30,8390,0,Foreign_Dealer_Self,0
2025-04-30,8390,0,Investment_Trust,0
2025-04-30,8390,4000,Dealer_self,23314
2025-04-30,8390,3349,Dealer_Hedging,18370
2025-05-02,8390,182000,Foreign_Investor,140000
2025-05-02,8390,0,Foreign_Dealer_Self,0
2025-05-02,8390,0,Investment_Trust,0
2025-05-02,8390,6000,Dealer_self,6350
2025-05-02,8390,3000,Dealer_Hedging,5275
2025-05-05,8390,263000,Foreign_Investor,342000
2025-05-05,8390,0,Foreign_Dealer_Self,0
2025-05-05,8390,0,Investment_Trust,0
2025-05-05,8390,3000,Dealer_self,2662
2025-05-05,8390,1001,Dealer_Hedging,22213
2025-05-06,8390,629045,Foreign_Investor,651000
2025-05-06,8390,0,Foreign_Dealer_Self,0
2025-05-06,8390,0,Investment_Trust,0
2025-05-06,8390,6000,Dealer_self,4066
2025-05-06,8390,29724,Dealer_Hedging,1813
2025-05-07,8390,196000,Foreign_Investor,294000
2025-05-07,8390,0,Foreign_Dealer_Self,0
2025-05-07,8390,0,Investment_Trust,0
2025-05-07,8390,82000,Dealer_self,2682
2025-05-07,8390,5,Dealer_Hedging,11138
2025-05-08,8390,191000,Foreign_Investor,244000
2025-05-08,8390,0,Foreign_Dealer_Self,0
2025-05-08,8390,0,Investment_Trust,0
2025-05-08,8390,2000,Dealer_self,1136
2025-05-08,8390,2500,Dealer_Hedging,4280
2025-05-09,8390,55000,Foreign_Investor,336000
2025-05-09,8390,0,Foreign_Dealer_Self,0
2025-05-09,8390,0,Investment_Trust,0
2025-05-09,8390,9000,Dealer_self,77871
2025-05-09,8390,0,Dealer_Hedging,17783
2025-05-12,8390,137100,Foreign_Investor,128000
2025-05-12,8390,0,Foreign_Dealer_Self,0
2025-05-12,8390,0,Investment_Trust,0
2025-05-12,8390,1000,Dealer_self,1498
2025-05-12,8390,0,Dealer_Hedging,3861
2025-05-13,8390,168000,Foreign_Investor,118000
2025-05-13,8390,0,Foreign_Dealer_Self,0
2025-05-13,8390,0,Investment_Trust,0
2025-05-13,8390,3000,Dealer_self,14063
2025-05-13,8390,0,Dealer_Hedging,10453
2025-05-14,8390,163000,Foreign_Investor,71000
2025-05-14,8390,0,Foreign_Dealer_Self,0
2025-05-14,8390,0,Investment_Trust,0
2025-05-14,8390,0,Dealer_self,29000
2025-05-14,8390,664,Dealer_Hedging,1000
2025-05-15,8390,68000,Foreign_Investor,53000
2025-05-15,8390,0,Foreign_Dealer_Self,0
2025-05-15,8390,0,Investment_Trust,0
2025-05-15,8390,1000,Dealer_self,19982
2025-05-15,8390,0,Dealer_Hedging,0
2025-05-16,8390,205000,Foreign_Investor,46000
2025-05-16,8390,0,Foreign_Dealer_Self,0
2025-05-16,8390,0,Investment_Trust,0
2025-05-16,8390,0,Dealer_self,10000
2025-05-16,8390,0,Dealer_Hedging,0
2025-05-19,8390,104000,Foreign_Investor,303010
2025-05-19,8390,0,Foreign_Dealer_Self,0
2025-05-19,8390,0,Investment_Trust,0
2025-05-19,8390,2000,Dealer_self,2291
2025-05-19,8390,0,Dealer_Hedging,2969
2025-05-20,8390,25000,Foreign_Investor,76000
2025-05-20,8390,0,Foreign_Dealer_Self,0
2025-05-20,8390,0,Investment_Trust,0
2025-05-20,8390,2000,Dealer_self,2086
2025-05-20,8390,0,Dealer_Hedging,558
2025-05-21,8390,113000,Foreign_Investor,75000
2025-05-21,8390,0,Foreign_Dealer_Self,0
2025-05-21,8390,0,Investment_Trust,0
2025-05-21,8390,2000,Dealer_self,1792
2025-05-21,8390,1064,Dealer_Hedging,0
2025-05-22,8390,89000,Foreign_Investor,321000
2025-05-22,8390,0,Foreign_Dealer_Self,0
2025-05-22,8390,0,Investment_Trust,0
2025-05-22,8390,4117,Dealer_self,3888
2025-05-22,8390,1000,Dealer_Hedging,0
2025-05-23,8390,86025,Foreign_Investor,39000
2025-05-23,8390,0,Foreign_Dealer_Self,0
2025-05-23,8390,0,Investment_Trust,0
2025-05-23,8390,0,Dealer_self,467
2025-05-23,8390,0,Dealer_Hedging,6184
2025-05-26,8390,97000,Foreign_Investor,28000
2025-05-26,8390,0,Foreign_Dealer_Self,0
2025-05-26,8390,0,Investment_Trust,0
2025-05-26,8390,0,Dealer_self,0
2025-05-26,8390,0,Dealer_Hedging,260
2025-05-27,8390,13000,Foreign_Investor,95000
2025-05-27,8390,0,Foreign_Dealer_Self,0
2025-05-27,8390,0,Investment_Trust,0
2025-05-27,8390,0,Dealer_self,0
2025-05-27,8390,2000,Dealer_Hedging,16051
2025-05-28,8390,13492,Foreign_Investor,120000
2025-05-28,8390,0,Foreign_Dealer_Self,0
2025-05-28,8390,0,Investment_Trust,0
2025-05-28,8390,0,Dealer_self,0
2025-05-28,8390,1000,Dealer_Hedging,8725
2025-05-29,8390,29000,Foreign_Investor,51000
2025-05-29,8390,0,Foreign_Dealer_Self,0
2025-05-29,8390,0,Investment_Trust,0
2025-05-29,8390,0,Dealer_self,0
2025-05-29,8390,1000,Dealer_Hedging,8070
2025-06-02,8390,95000,Foreign_Investor,74000
2025-06-02,8390,0,Foreign_Dealer_Self,0
2025-06-02,8390,0,Investment_Trust,0
2025-06-02,8390,0,Dealer_self,0
2025-06-02,8390,0,Dealer_Hedging,5536
2025-06-03,8390,111000,Foreign_Investor,422000
2025-06-03,8390,0,Foreign_Dealer_Self,0
2025-06-03,8390,0,Investment_Trust,0
2025-06-03,8390,0,Dealer_self,0
2025-06-03,8390,4272,Dealer_Hedging,2240
2025-06-04,8390,108000,Foreign_Investor,24000
2025-06-04,8390,0,Foreign_Dealer_Self,0
2025-06-04,8390,0,Investment_Trust,0
2025-06-04,8390,0,Dealer_self,0
2025-06-04,8390,3355,Dealer_Hedging,1000
2025-06-05,8390,61020,Foreign_Investor,8000
2025-06-05,8390,0,Foreign_Dealer_Self,0
2025-06-05,8390,0,Investment_Trust,0
2025-06-05,8390,0,Dealer_self,0
2025-06-05,8390,2000,Dealer_Hedging,3054
2025-06-06,8390,176000,Foreign_Investor,13000
2025-06-06,8390,0,Foreign_Dealer_Self,0
2025-06-06,8390,0,Investment_Trust,0
2025-06-06,8390,0,Dealer_self,0
2025-06-06,8390,0,Dealer_Hedging,0
2025-06-09,8390,68000,Foreign_Investor,73000
2025-06-09,8390,0,Foreign_Dealer_Self,0
2025-06-09,8390,0,Investment_Trust,0
2025-06-09,8390,0,Dealer_self,0
2025-06-09,8390,1000,Dealer_Hedging,0
2025-06-10,8390,198000,Foreign_Investor,35000
2025-06-10,8390,0,Foreign_Dealer_Self,0
2025-06-10,8390,0,Investment_Trust,0
2025-06-10,8390,281,Dealer_self,98
2025-06-10,8390,796,Dealer_Hedging,0
2025-06-11,8390,180000,Foreign_Investor,32000
2025-06-11,8390,0,Foreign_Dealer_Self,0
2025-06-11,8390,0,Investment_Trust,0
2025-06-11,8390,110,Dealer_self,0
2025-06-11,8390,352,Dealer_Hedging,2000
2025-06-12,8390,344000,Foreign_Investor,28000
2025-06-12,8390,0,Foreign_Dealer_Self,0
2025-06-12,8390,0,Investment_Trust,0
2025-06-12,8390,0,Dealer_self,152
2025-06-12,8390,1000,Dealer_Hedging,0
2025-06-13,8390,806000,Foreign_Investor,1210000
2025-06-13,8390,0,Foreign_Dealer_Self,0
2025-06-13,8390,0,Investment_Trust,0
2025-06-13,8390,6000,Dealer_self,0
2025-06-13,8390,149844,Dealer_Hedging,6756
2025-06-16,8390,766000,Foreign_Investor,1274000
2025-06-16,8390,0,Foreign_Dealer_Self,0
2025-06-16,8390,0,Investment_Trust,0
2025-06-16,8390,4000,Dealer_self,4071
2025-06-16,8390,14000,Dealer_Hedging,87111
2025-06-17,8390,120000,Foreign_Investor,335000
2025-06-17,8390,0,Foreign_Dealer_Self,0
2025-06-17,8390,0,Investment_Trust,0
2025-06-17,8390,5000,Dealer_self,4621
2025-06-17,8390,1000,Dealer_Hedging,54895
2025-06-18,8390,86030,Foreign_Investor,167000
2025-06-18,8390,0,Foreign_Dealer_Self,0
2025-06-18,8390,0,Investment_Trust,0
2025-06-18,8390,2004,Dealer_self,1670
2025-06-18,8390,22000,Dealer_Hedging,1087
2025-06-19,8390,109000,Foreign_Investor,58000
2025-06-19,8390,0,Foreign_Dealer_Self,0
2025-06-19,8390,0,Investment_Trust,0
2025-06-19,8390,0,Dealer_self,0
2025-06-19,8390,4000,Dealer_Hedging,7419
2025-06-20,8390,112000,Foreign_Investor,217000
2025-06-20,8390,0,Foreign_Dealer_Self,0
2025-06-20,8390,0,Investment_Trust,0
2025-06-20,8390,0,Dealer_self,0
2025-06-20,8390,128002,Dealer_Hedging,51144
2025-06-23,8390,347000,Foreign_Investor,790000
2025-06-23,8390,0,Foreign_Dealer_Self,0
2025-06-23,8390,0,Investment_Trust,0
2025-06-23,8390,0,Dealer_self,0
2025-06-23,8390,40050,Dealer_Hedging,111294
2025-06-24,8390,168000,Foreign_Investor,77000
2025-06-24,8390,0,Foreign_Dealer_Self,0
2025-06-24,8390,0,Investment_Trust,0
2025-06-24,8390,0,Dealer_self,0
2025-06-24,8390,3983,Dealer_Hedging,29002
2025-06-25,8390,62050,Foreign_Investor,33000
2025-06-25,8390,0,Foreign_Dealer_Self,0
2025-06-25,8390,0,Investment_Trust,0
2025-06-25,8390,0,Dealer_self,0
2025-06-25,8390,2000,Dealer_Hedging,16256
2025-06-26,8390,70000,Foreign_Investor,56000
2025-06-26,8390,0,Foreign_Dealer_Self,0
2025-06-26,8390,0,Investment_Trust,0
2025-06-26,8390,0,Dealer_self,0
2025-06-26,8390,1000,Dealer_Hedging,18719
2025-06-27,8390,17000,Foreign_Investor,47000
2025-06-27,8390,0,Foreign_Dealer_Self,0
2025-06-27,8390,0,Investment_Trust,0
2025-06-27,8390,0,Dealer_self,0
2025-06-27,8390,1000,Dealer_Hedging,5856
2025-06-30,8390,15000,Foreign_Investor,69000
2025-06-30,8390,0,Foreign_Dealer_Self,0
2025-06-30,8390,0,Investment_Trust,0
2025-06-30,8390,1000,Dealer_self,1467
2025-06-30,8390,0,Dealer_Hedging,5360
2025-07-01,8390,46000,Foreign_Investor,23000
2025-07-01,8390,0,Foreign_Dealer_Self,0
2025-07-01,8390,0,Investment_Trust,0
2025-07-01,8390,1000,Dealer_self,930
2025-07-01,8390,0,Dealer_Hedging,2127
2025-07-02,8390,38000,Foreign_Investor,8000
2025-07-02,8390,0,Foreign_Dealer_Self,0
2025-07-02,8390,0,Investment_Trust,0
2025-07-02,8390,1000,Dealer_self,1119
2025-07-02,8390,0,Dealer_Hedging,0
2025-07-03,8390,81000,Foreign_Investor,23000
2025-07-03,8390,0,Foreign_Dealer_Self,0
2025-07-03,8390,0,Investment_Trust,0
2025-07-03,8390,0,Dealer_self,0
2025-07-03,8390,0,Dealer_Hedging,1000
2025-07-04,8390,101000,Foreign_Investor,45000
2025-07-04,8390,0,Foreign_Dealer_Self,0
2025-07-04,8390,0,Investment_Trust,0
2025-07-04,8390,1000,Dealer_self,596
2025-07-04,8390,1000,Dealer_Hedging,9129
2025-07-07,8390,112000,Foreign_Investor,28000
2025-07-07,8390,0,Foreign_Dealer_Self,0
2025-07-07,8390,0,Investment_Trust,0
2025-07-07,8390,0,Dealer_self,255
2025-07-07,8390,1000,Dealer_Hedging,7659
2025-07-08,8390,50000,Foreign_Investor,27000
2025-07-08,8390,0,Foreign_Dealer_Self,0
2025-07-08,8390,0,Investment_Trust,0
2025-07-08,8390,0,Dealer_self,0
2025-07-08,8390,2000,Dealer_Hedging,2587
2025-07-09,8390,155000,Foreign_Investor,138000
2025-07-09,8390,0,Foreign_Dealer_Self,0
2025-07-09,8390,0,Investment_Trust,0
2025-07-09,8390,82,Dealer_self,200
2025-07-09,8390,9755,Dealer_Hedging,43
2025-07-10,8390,139000,Foreign_Investor,50000
2025-07-10,8390,0,Foreign_Dealer_Self,0
2025-07-10,8390,0,Investment_Trust,0
2025-07-10,8390,2100,Dealer_self,949
2025-07-10,8390,0,Dealer_Hedging,2000
2025-07-11,8390,79000,Foreign_Investor,34000
2025-07-11,8390,0,Foreign_Dealer_Self,0
2025-07-11,8390,0,Investment_Trust,0
2025-07-11,8390,0,Dealer_self,96
2025-07-11,8390,0,Dealer_Hedging,7055
2025-07-14,8390,212000,Foreign_Investor,19000
2025-07-14,8390,0,Foreign_Dealer_Self,0
2025-07-14,8390,0,Investment_Trust,0
2025-07-14,8390,0,Dealer_self,0
2025-07-14,8390,1211,Dealer_Hedging,1000
2025-07-15,8390,100000,Foreign_Investor,47000
2025-07-15,8390,0,Foreign_Dealer_Self,0
2025-07-15,8390,0,Investment_Trust,0
2025-07-15,8390,0,Dealer_self,0
2025-07-15,8390,5000,Dealer_Hedging,0
2025-07-16,8390,184000,Foreign_Investor,18000
2025-07-16,8390,0,Foreign_Dealer_Self,0
2025-07-16,8390,0,Investment_Trust,0
2025-07-16,8390,0,Dealer_self,20
2025-07-16,8390,2157,Dealer_Hedging,0
2025-07-17,8390,229000,Foreign_Investor,30000
2025-07-17,8390,0,Foreign_Dealer_Self,0
2025-07-17,8390,0,Investment_Trust,0
2025-07-17,8390,205,Dealer_self,0
2025-07-17,8390,3148,Dealer_Hedging,6000
2025-07-18,8390,85000,Foreign_Investor,27000
2025-07-18,8390,0,Foreign_Dealer_Self,0
2025-07-18,8390,0,Investment_Trust,0
2025-07-18,8390,0,Dealer_self,0
2025-07-18,8390,0,Dealer_Hedging,2000
2025-07-21,8390,157000,Foreign_Investor,22000
2025-07-21,8390,0,Foreign_Dealer_Self,0
2025-07-21,8390,0,Investment_Trust,0
2025-07-21,8390,0,Dealer_self,0
2025-07-21,8390,4000,Dealer_Hedging,0
2025-07-22,8390,293000,Foreign_Investor,137000
2025-07-22,8390,0,Foreign_Dealer_Self,0
2025-07-22,8390,0,Investment_Trust,0
2025-07-22,8390,0,Dealer_self,40
2025-07-22,8390,0,Dealer_Hedging,6061
2025-07-23,8390,130000,Foreign_Investor,55000
2025-07-23,8390,0,Foreign_Dealer_Self,0
2025-07-23,8390,0,Investment_Trust,0
2025-07-23,8390,0,Dealer_self,341
2025-07-23,8390,0,Dealer_Hedging,0
2025-07-24,8390,209000,Foreign_Investor,153405
2025-07-24,8390,0,Foreign_Dealer_Self,0
2025-07-24,8390,0,Investment_Trust,0
2025-07-24,8390,11000,Dealer_self,6412
2025-07-24,8390,5000,Dealer_Hedging,10000
2025-07-25,8390,135000,Foreign_Investor,162000
2025-07-25,8390,0,Foreign_Dealer_Self,0
2025-07-25,8390,0,Investment_Trust,0
2025-07-25,8390,2000,Dealer_self,2230
2025-07-25,8390,1000,Dealer_Hedging,5482
2025-07-28,8390,57300,Foreign_Investor,51000
2025-07-28,8390,0,Foreign_Dealer_Self,0
2025-07-28,8390,0,Investment_Trust,0
2025-07-28,8390,7000,Dealer_self,1747
2025-07-28,8390,1000,Dealer_Hedging,1000
2025-07-29,8390,150000,Foreign_Investor,249000
2025-07-29,8390,0,Foreign_Dealer_Self,0
2025-07-29,8390,0,Investment_Trust,0
2025-07-29,8390,3000,Dealer_self,5839
2025-07-29,8390,0,Dealer_Hedging,31183
2025-07-30,8390,78000,Foreign_Investor,62000
2025-07-30,8390,0,Foreign_Dealer_Self,0
2025-07-30,8390,0,Investment_Trust,0
2025-07-30,8390,0,Dealer_self,116
2025-07-30,8390,0,Dealer_Hedging,297
2025-07-31,8390,66000,Foreign_Investor,125000
2025-07-31,8390,0,Foreign_Dealer_Self,0
2025-07-31,8390,0,Investment_Trust,0
2025-07-31,8390,1000,Dealer_self,2303
2025-07-31,8390,0,Dealer_Hedging,1898
2025-08-01,8390,75000,Foreign_Investor,57000
2025-08-01,8390,0,Foreign_Dealer_Self,0
2025-08-01,8390,0,Investment_Trust,0
2025-08-01,8390,2000,Dealer_self,4694
2025-08-01,8390,39,Dealer_Hedging,1003
2025-08-04,8390,263000,Foreign_Investor,39020
2025-08-04,8390,0,Foreign_Dealer_Self,0
2025-08-04,8390,0,Investment_Trust,0
2025-08-04,8390,1,Dealer_self,0
2025-08-04,8390,3000,Dealer_Hedging,190
2025-08-05,8390,111000,Foreign_Investor,131000
2025-08-05,8390,0,Foreign_Dealer_Self,0
2025-08-05,8390,0,Investment_Trust,0
2025-08-05,8390,0,Dealer_self,0
2025-08-05,8390,0,Dealer_Hedging,6001
2025-08-06,8390,12001,Foreign_Investor,79000
2025-08-06,8390,0,Foreign_Dealer_Self,0
2025-08-06,8390,0,Investment_Trust,0
2025-08-06,8390,1250,Dealer_self,49
2025-08-06,8390,0,Dealer_Hedging,1280
2025-08-07,8390,32000,Foreign_Investor,76000
2025-08-07,8390,0,Foreign_Dealer_Self,0
2025-08-07,8390,0,Investment_Trust,0
2025-08-07,8390,0,Dealer_self,0
2025-08-07,8390,0,Dealer_Hedging,0
2025-08-08,8390,652000,Foreign_Investor,34000
2025-08-08,8390,0,Foreign_Dealer_Self,0
2025-08-08,8390,0,Investment_Trust,0
2025-08-08,8390,0,Dealer_self,11000
2025-08-08,8390,26472,Dealer_Hedging,3045
2025-08-11,8390,35000,Foreign_Investor,369000
2025-08-11,8390,0,Foreign_Dealer_Self,0
2025-08-11,8390,0,Investment_Trust,0
2025-08-11,8390,522,Dealer_self,11
2025-08-11,8390,0,Dealer_Hedging,25748
2025-08-12,8390,22000,Foreign_Investor,96000
2025-08-12,8390,0,Foreign_Dealer_Self,0
2025-08-12,8390,0,Investment_Trust,0
2025-08-12,8390,0,Dealer_self,616
2025-08-12,8390,0,Dealer_Hedging,0
2025-08-13,8390,18000,Foreign_Investor,182000
2025-08-13,8390,0,Foreign_Dealer_Self,0
2025-08-13,8390,0,Investment_Trust,0
2025-08-13,8390,258,Dealer_self,304
2025-08-13,8390,0,Dealer_Hedging,2475
2025-08-14,8390,255000,Foreign_Investor,36000
2025-08-14,8390,0,Foreign_Dealer_Self,0
2025-08-14,8390,0,Investment_Trust,0
2025-08-14,8390,71000,Dealer_self,784
2025-08-14,8390,1059,Dealer_Hedging,394
2025-08-15,8390,338000,Foreign_Investor,99000
2025-08-15,8390,0,Foreign_Dealer_Self,0
2025-08-15,8390,0,Investment_Trust,0
2025-08-15,8390,15058,Dealer_self,1497
2025-08-15,8390,8000,Dealer_Hedging,8103
2025-08-18,8390,301000,Foreign_Investor,23000
2025-08-18,8390,0,Foreign_Dealer_Self,0
2025-08-18,8390,0,Investment_Trust,0
2025-08-18,8390,3441,Dealer_self,2824
2025-08-18,8390,4000,Dealer_Hedging,5011
2025-08-19,8390,319000,Foreign_Investor,21000
2025-08-19,8390,0,Foreign_Dealer_Self,0
2025-08-19,8390,0,Investment_Trust,0
2025-08-19,8390,0,Dealer_self,0
2025-08-19,8390,0,Dealer_Hedging,1795
2025-08-20,8390,228000,Foreign_Investor,51000
2025-08-20,8390,0,Foreign_Dealer_Self,0
2025-08-20,8390,0,Investment_Trust,0
2025-08-20,8390,11000,Dealer_self,0
2025-08-20,8390,6000,Dealer_Hedging,15131
2025-08-21,8390,281000,Foreign_Investor,41000
2025-08-21,8390,0,Foreign_Dealer_Self,0
2025-08-21,8390,0,Investment_Trust,0
2025-08-21,8390,40,Dealer_self,1000
2025-08-21,8390,1964,Dealer_Hedging,333
2025-08-22,8390,484000,Foreign_Investor,116000
2025-08-22,8390,0,Foreign_Dealer_Self,0
2025-08-22,8390,0,Investment_Trust,0
2025-08-22,8390,0,Dealer_self,1000
2025-08-22,8390,20601,Dealer_Hedging,7001
2025-08-25,8390,462000,Foreign_Investor,165000
2025-08-25,8390,0,Foreign_Dealer_Self,0
2025-08-25,8390,0,Investment_Trust,0
2025-08-25,8390,0,Dealer_self,0
2025-08-25,8390,8121,Dealer_Hedging,2409
2025-08-26,8390,259000,Foreign_Investor,46000
2025-08-26,8390,0,Foreign_Dealer_Self,0
2025-08-26,8390,0,Investment_Trust,0
2025-08-26,8390,0,Dealer_self,29
2025-08-26,8390,0,Dealer_Hedging,4891
2025-08-27,8390,629000,Foreign_Investor,36000
2025-08-27,8390,0,Foreign_Dealer_Self,0
2025-08-27,8390,0,Investment_Trust,0
2025-08-27,8390,120,Dealer_self,0
2025-08-27,8390,4000,Dealer_Hedging,2000
2025-08-28,8390,447000,Foreign_Investor,137000
2025-08-28,8390,0,Foreign_Dealer_Self,0
2025-08-28,8390,0,Investment_Trust,0
2025-08-28,8390,6000,Dealer_self,371
2025-08-28,8390,9371,Dealer_Hedging,5913
2025-08-29,8390,305000,Foreign_Investor,313000
2025-08-29,8390,0,Foreign_Dealer_Self,0
2025-08-29,8390,0,Investment_Trust,0
2025-08-29,8390,0,Dealer_self,0
2025-08-29,8390,13105,Dealer_Hedging,5000
2025-09-01,8390,605000,Foreign_Investor,211000
2025-09-01,8390,0,Foreign_Dealer_Self,0
2025-09-01,8390,0,Investment_Trust,0
2025-09-01,8390,0,Dealer_self,0
2025-09-01,8390,24944,Dealer_Hedging,6619
2025-09-02,8390,208000,Foreign_Investor,414000
2025-09-02,8390,0,Foreign_Dealer_Self,0
2025-09-02,8390,0,Investment_Trust,0
2025-09-02,8390,0,Dealer_self,0
2025-09-02,8390,37407,Dealer_Hedging,10771
2025-09-03,8390,248000,Foreign_Investor,242000
2025-09-03,8390,0,Foreign_Dealer_Self,0
2025-09-03,8390,0,Investment_Trust,0
2025-09-03,8390,0,Dealer_self,0
2025-09-03,8390,27304,Dealer_Hedging,5000
2025-09-04,8390,403000,Foreign_Investor,267000
2025-09-04,8390,0,Foreign_Dealer_Self,0
2025-09-04,8390,0,Investment_Trust,0
2025-09-04,8390,10000,Dealer_self,2000
2025-09-04,8390,3000,Dealer_Hedging,13102
2025-09-05,8390,262000,Foreign_Investor,184000
2025-09-05,8390,0,Foreign_Dealer_Self,0
2025-09-05,8390,0,Investment_Trust,0
2025-09-05,8390,33000,Dealer_self,0
2025-09-05,8390,4000,Dealer_Hedging,1159
2025-09-08,8390,301000,Foreign_Investor,258000
2025-09-08,8390,0,Foreign_Dealer_Self,0
2025-09-08,8390,0,Investment_Trust,0
2025-09-08,8390,562,Dealer_self,6000
2025-09-08,8390,21168,Dealer_Hedging,9022
2025-09-09,8390,286000,Foreign_Investor,204000
2025-09-09,8390,0,Foreign_Dealer_Self,0
2025-09-09,8390,0,Investment_Trust,0
2025-09-09,8390,71,Dealer_self,25000
2025-09-09,8390,16000,Dealer_Hedging,2000
2025-09-10,8390,225000,Foreign_Investor,623000
2025-09-10,8390,0,Foreign_Dealer_Self,0
2025-09-10,8390,0,Investment_Trust,0
2025-09-10,8390,0,Dealer_self,22301
2025-09-10,8390,2000,Dealer_Hedging,29081
2025-09-11,8390,180300,Foreign_Investor,186300
2025-09-11,8390,0,Foreign_Dealer_Self,0
2025-09-11,8390,0,Investment_Trust,0
2025-09-11,8390,0,Dealer_self,12000
2025-09-11,8390,4000,Dealer_Hedging,13547
2025-09-12,8390,91000,Foreign_Investor,95300
2025-09-12,8390,0,Foreign_Dealer_Self,0
2025-09-12,8390,0,Investment_Trust,0
2025-09-12,8390,1000,Dealer_self,2937
2025-09-12,8390,34,Dealer_Hedging,7792
2025-09-15,8390,36000,Foreign_Investor,121000
2025-09-15,8390,0,Foreign_Dealer_Self,0
2025-09-15,8390,0,Investment_Trust,0
2025-09-15,8390,0,Dealer_self,3151
2025-09-15,8390,0,Dealer_Hedging,6217
2025-09-16,8390,158000,Foreign_Investor,179000
2025-09-16,8390,0,Foreign_Dealer_Self,0
2025-09-16,8390,0,Investment_Trust,0
2025-09-16,8390,0,Dealer_self,353
2025-09-16,8390,9018,Dealer_Hedging,2274
2025-09-17,8390,380000,Foreign_Investor,384000
2025-09-17,8390,0,Foreign_Dealer_Self,0
2025-09-17,8390,0,Investment_Trust,0
2025-09-17,8390,2051,Dealer_self,2395
2025-09-17,8390,94073,Dealer_Hedging,9000
2025-09-18,8390,74000,Foreign_Investor,266000
2025-09-18,8390,0,Foreign_Dealer_Self,0
2025-09-18,8390,0,Investment_Trust,0
2025-09-18,8390,5000,Dealer_self,306
2025-09-18,8390,1000,Dealer_Hedging,10833
2025-09-19,8390,113000,Foreign_Investor,97000
2025-09-19,8390,0,Foreign_Dealer_Self,0
2025-09-19,8390,0,Investment_Trust,0
2025-09-19,8390,3000,Dealer_self,713
2025-09-19,8390,0,Dealer_Hedging,98719
2025-09-22,8390,158000,Foreign_Investor,58000
2025-09-22,8390,0,Foreign_Dealer_Self,0
2025-09-22,8390,0,Investment_Trust,0
2025-09-22,8390,1000,Dealer_self,43874
2025-09-22,8390,3000,Dealer_Hedging,1796
2025-09-23,8390,345000,Foreign_Investor,74000
2025-09-23,8390,0,Foreign_Dealer_Self,0
2025-09-23,8390,0,Investment_Trust,0
2025-09-23,8390,7000,Dealer_self,0
2025-09-23,8390,1000,Dealer_Hedging,2000
2025-09-24,8390,92000,Foreign_Investor,103000
2025-09-24,8390,0,Foreign_Dealer_Self,0
2025-09-24,8390,0,Investment_Trust,0
2025-09-24,8390,0,Dealer_self,0
2025-09-24,8390,1000,Dealer_Hedging,1223
2025-09-25,8390,965000,Foreign_Investor,473000
2025-09-25,8390,0,Foreign_Dealer_Self,0
2025-09-25,8390,0,Investment_Trust,0
2025-09-25,8390,5000,Dealer_self,658
2025-09-25,8390,78500,Dealer_Hedging,9464
2025-09-26,8390,86000,Foreign_Investor,326000
2025-09-26,8390,0,Foreign_Dealer_Self,0
2025-09-26,8390,0,Investment_Trust,0
2025-09-26,8390,0,Dealer_self,0
2025-09-26,8390,1000,Dealer_Hedging,9983
2025-09-30,8390,938000,Foreign_Investor,158000
2025-09-30,8390,0,Foreign_Dealer_Self,0
2025-09-30,8390,0,Investment_Trust,0
2025-09-30,8390,3000,Dealer_self,0
2025-09-30,8390,32287,Dealer_Hedging,7168
2025-10-01,8390,363000,Foreign_Investor,438000
2025-10-01,8390,0,Foreign_Dealer_Self,0
2025-10-01,8390,0,Investment_Trust,0
2025-10-01,8390,0,Dealer_self,0
2025-10-01,8390,29028,Dealer_Hedging,9000
2025-10-02,8390,87000,Foreign_Investor,806000
2025-10-02,8390,0,Foreign_Dealer_Self,0
2025-10-02,8390,0,Investment_Trust,0
2025-10-02,8390,4000,Dealer_self,3114
2025-10-02,8390,17000,Dealer_Hedging,19180
2025-10-03,8390,64000,Foreign_Investor,111000
2025-10-03,8390,0,Foreign_Dealer_Self,0
2025-10-03,8390,0,Investment_Trust,0
2025-10-03,8390,0,Dealer_self,27
2025-10-03,8390,1245,Dealer_Hedging,28341
2025-10-07,8390,938000,Foreign_Investor,162000
2025-10-07,8390,0,Foreign_Dealer_Self,0
2025-10-07,8390,0,Investment_Trust,0
2025-10-07,8390,0,Dealer_self,0
2025-10-07,8390,94034,Dealer_Hedging,1000
2025-10-08,8390,328000,Foreign_Investor,216500
2025-10-08,8390,0,Foreign_Dealer_Self,0
2025-10-08,8390,0,Investment_Trust,0
2025-10-08,8390,0,Dealer_self,0
2025-10-08,8390,13461,Dealer_Hedging,12060
2025-10-09,8390,355000,Foreign_Investor,140000
2025-10-09,8390,0,Foreign_Dealer_Self,0
2025-10-09,8390,0,Investment_Trust,0
2025-10-09,8390,42000,Dealer_self,14095
2025-10-09,8390,169,Dealer_Hedging,13000
2025-10-13,8390,378000,Foreign_Investor,1151045
2025-10-13,8390,0,Foreign_Dealer_Self,0
2025-10-13,8390,0,Investment_Trust,0
2025-10-13,8390,0,Dealer_self,6279
2025-10-13,8390,13015,Dealer_Hedging,15613
2025-10-14,8390,477000,Foreign_Investor,232000
2025-10-14,8390,0,Foreign_Dealer_Self,0
2025-10-14,8390,0,Investment_Trust,0
2025-10-14,8390,0,Dealer_self,195
2025-10-14,8390,3000,Dealer_Hedging,9395
2025-10-15,8390,135000,Foreign_Investor,323000
2025-10-15,8390,0,Foreign_Dealer_Self,0
2025-10-15,8390,0,Investment_Trust,0
2025-10-15,8390,0,Dealer_self,75
2025-10-15,8390,20168,Dealer_Hedging,5660
2025-10-16,8390,170000,Foreign_Investor,68000
2025-10-16,8390,0,Foreign_Dealer_Self,0
2025-10-16,8390,0,Investment_Trust,0
2025-10-16,8390,0,Dealer_self,4000
2025-10-16,8390,11273,Dealer_Hedging,0
2025-10-17,8390,568000,Foreign_Investor,412000
2025-10-17,8390,0,Foreign_Dealer_Self,0
2025-10-17,8390,0,Investment_Trust,0
2025-10-17,8390,1000,Dealer_self,805
2025-10-17,8390,95255,Dealer_Hedging,13110
2025-10-20,8390,137000,Foreign_Investor,733000
2025-10-20,8390,0,Foreign_Dealer_Self,0
2025-10-20,8390,0,Investment_Trust,0
2025-10-20,8390,0,Dealer_self,312
2025-10-20,8390,8020,Dealer_Hedging,11764
2025-10-21,8390,549000,Foreign_Investor,97000
2025-10-21,8390,0,Foreign_Dealer_Self,0
2025-10-21,8390,0,Investment_Trust,0
2025-10-21,8390,0,Dealer_self,30
2025-10-21,8390,34584,Dealer_Hedging,4479
2025-10-22,8390,114000,Foreign_Investor,1304000
2025-10-22,8390,0,Foreign_Dealer_Self,0
2025-10-22,8390,0,Investment_Trust,0
2025-10-22,8390,10000,Dealer_self,9273
2025-10-22,8390,4000,Dealer_Hedging,88073
2025-10-23,8390,117000,Foreign_Investor,414100
2025-10-23,8390,0,Foreign_Dealer_Self,0
2025-10-23,8390,0,Investment_Trust,0
2025-10-23,8390,4000,Dealer_self,4275
2025-10-23,8390,2000,Dealer_Hedging,131268
2025-10-27,8390,192000,Foreign_Investor,327000
2025-10-27,8390,0,Foreign_Dealer_Self,0
2025-10-27,8390,0,Investment_Trust,0
2025-10-27,8390,5000,Dealer_self,46745
2025-10-27,8390,6000,Dealer_Hedging,2201
2025-10-28,8390,46000,Foreign_Investor,247000
2025-10-28,8390,0,Foreign_Dealer_Self,0
2025-10-28,8390,0,Investment_Trust,0
2025-10-28,8390,1000,Dealer_self,920
2025-10-28,8390,0,Dealer_Hedging,14631
2025-10-29,8390,49000,Foreign_Investor,204000
2025-10-29,8390,0,Foreign_Dealer_Self,0
2025-10-29,8390,0,Investment_Trust,0
2025-10-29,8390,0,Dealer_self,100
2025-10-29,8390,0,Dealer_Hedging,1865
2025-10-30,8390,18000,Foreign_Investor,183000
2025-10-30,8390,0,Foreign_Dealer_Self,0
2025-10-30,8390,0,Investment_Trust,0
2025-10-30,8390,7000,Dealer_self,7598
2025-10-30,8390,0,Dealer_Hedging,1316
2025-10-31,8390,79000,Foreign_Investor,106000
2025-10-31,8390,0,Foreign_Dealer_Self,0
2025-10-31,8390,0,Investment_Trust,0
2025-10-31,8390,1000,Dealer_self,1006
2025-10-31,8390,10438,Dealer_Hedging,300
2025-11-03,8390,106000,Foreign_Investor,89000
2025-11-03,8390,0,Foreign_Dealer_Self,0
2025-11-03,8390,0,Investment_Trust,0
2025-11-03,8390,3000,Dealer_self,2556
2025-11-03,8390,0,Dealer_Hedging,6260
2025-11-04,8390,143000,Foreign_Investor,303000
2025-11-04,8390,0,Foreign_Dealer_Self,0
2025-11-04,8390,0,Investment_Trust,0
2025-11-04,8390,6000,Dealer_self,6179
2025-11-04,8390,0,Dealer_Hedging,14927
2025-11-05,8390,142000,Foreign_Investor,139000
2025-11-05,8390,0,Foreign_Dealer_Self,0
2025-11-05,8390,0,Investment_Trust,0
2025-11-05,8390,3000,Dealer_self,3206
2025-11-05,8390,4,Dealer_Hedging,0
2025-11-06,8390,52000,Foreign_Investor,88000
2025-11-06,8390,0,Foreign_Dealer_Self,0
2025-11-06,8390,0,Investment_Trust,0
2025-11-06,8390,1000,Dealer_self,846
2025-11-06,8390,4000,Dealer_Hedging,2555
2025-11-07,8390,113000,Foreign_Investor,133000
2025-11-07,8390,0,Foreign_Dealer_Self,0
2025-11-07,8390,0,Investment_Trust,0
2025-11-07,8390,1000,Dealer_self,0
2025-11-07,8390,5185,Dealer_Hedging,4800
2025-11-10,8390,718000,Foreign_Investor,154000
2025-11-10,8390,0,Foreign_Dealer_Self,0
2025-11-10,8390,0,Investment_Trust,0
2025-11-10,8390,2000,Dealer_self,0
2025-11-10,8390,21414,Dealer_Hedging,2000
2025-11-11,8390,892000,Foreign_Investor,169000
2025-11-11,8390,0,Foreign_Dealer_Self,0
2025-11-11,8390,0,Investment_Trust,0
2025-11-11,8390,0,Dealer_self,0
2025-11-11,8390,23249,Dealer_Hedging,13000
2025-11-12,8390,143000,Foreign_Investor,241000
2025-11-12,8390,0,Foreign_Dealer_Self,0
2025-11-12,8390,0,Investment_Trust,0
2025-11-12,8390,0,Dealer_self,11
2025-11-12,8390,3117,Dealer_Hedging,4999
2025-11-13,8390,746000,Foreign_Investor,82000
2025-11-13,8390,0,Foreign_Dealer_Self,0
2025-11-13,8390,0,Investment_Trust,0
2025-11-13,8390,0,Dealer_self,0
2025-11-13,8390,11565,Dealer_Hedging,12001
2025-11-14,8390,1252000,Foreign_Investor,97000
2025-11-14,8390,0,Foreign_Dealer_Self,0
2025-11-14,8390,0,Investment_Trust,0
2025-11-14,8390,12000,Dealer_self,0
2025-11-14,8390,31585,Dealer_Hedging,73000
2025-11-17,8390,632000,Foreign_Investor,125000
2025-11-17,8390,0,Foreign_Dealer_Self,0
2025-11-17,8390,0,Investment_Trust,0
2025-11-17,8390,0,Dealer_self,16000
2025-11-17,8390,9617,Dealer_Hedging,34006
2025-11-18,8390,531000,Foreign_Investor,234000
2025-11-18,8390,0,Foreign_Dealer_Self,0
2025-11-18,8390,0,Investment_Trust,0
2025-11-18,8390,0,Dealer_self,0
2025-11-18,8390,4411,Dealer_Hedging,16000
2025-11-19,8390,820000,Foreign_Investor,140000
2025-11-19,8390,0,Foreign_Dealer_Self,0
2025-11-19,8390,0,Investment_Trust,0
2025-11-19,8390,42000,Dealer_self,0
2025-11-19,8390,58016,Dealer_Hedging,0
2025-11-20,8390,2683000,Foreign_Investor,510000
2025-11-20,8390,0,Foreign_Dealer_Self,0
2025-11-20,8390,0,Investment_Trust,0
2025-11-20,8390,2300,Dealer_self,2000
2025-11-20,8390,178583,Dealer_Hedging,27485
2025-11-21,8390,2046000,Foreign_Investor,1205000
2025-11-21,8390,0,Foreign_Dealer_Self,0
2025-11-21,8390,0,Investment_Trust,0
2025-11-21,8390,14472,Dealer_self,1008
2025-11-21,8390,58947,Dealer_Hedging,23079
2025-11-24,8390,1464000,Foreign_Investor,1533000
2025-11-24,8390,0,Foreign_Dealer_Self,0
2025-11-24,8390,0,Investment_Trust,0
2025-11-24,8390,37286,Dealer_self,26
2025-11-24,8390,42078,Dealer_Hedging,30111
2025-11-25,8390,1986000,Foreign_Investor,899000
2025-11-25,8390,0,Foreign_Dealer_Self,0
2025-11-25,8390,0,Investment_Trust,0
2025-11-25,8390,1478,Dealer_self,2000
2025-11-25,8390,94885,Dealer_Hedging,39034
2025-11-26,8390,1133000,Foreign_Investor,737000
2025-11-26,8390,0,Foreign_Dealer_Self,0
2025-11-26,8390,0,Investment_Trust,0
2025-11-26,8390,6565,Dealer_self,4000
2025-11-26,8390,87495,Dealer_Hedging,39042
2025-11-27,8390,1436000,Foreign_Investor,711000
2025-11-27,8390,0,Foreign_Dealer_Self,0
2025-11-27,8390,0,Investment_Trust,0
2025-11-27,8390,2266,Dealer_self,4000
2025-11-27,8390,88537,Dealer_Hedging,51047
2025-11-28,8390,792000,Foreign_Investor,542000
2025-11-28,8390,0,Foreign_Dealer_Self,0
2025-11-28,8390,0,Investment_Trust,0
2025-11-28,8390,11000,Dealer_self,0
2025-11-28,8390,6583,Dealer_Hedging,88285
2025-12-01,8390,638000,Foreign_Investor,449000
2025-12-01,8390,0,Foreign_Dealer_Self,0
2025-12-01,8390,0,Investment_Trust,0
2025-12-01,8390,34,Dealer_self,139
2025-12-01,8390,11169,Dealer_Hedging,3528
2025-12-02,8390,897000,Foreign_Investor,318000
2025-12-02,8390,0,Foreign_Dealer_Self,0
2025-12-02,8390,0,Investment_Trust,0
2025-12-02,8390,0,Dealer_self,16000
2025-12-02,8390,15285,Dealer_Hedging,54233
2025-12-03,8390,333000,Foreign_Investor,467000
2025-12-03,8390,0,Foreign_Dealer_Self,0
2025-12-03,8390,0,Investment_Trust,0
2025-12-03,8390,1634,Dealer_self,4500
2025-12-03,8390,30115,Dealer_Hedging,3208
2025-12-04,8390,517000,Foreign_Investor,307000
2025-12-04,8390,0,Foreign_Dealer_Self,0
2025-12-04,8390,0,Investment_Trust,0
2025-12-04,8390,1000,Dealer_self,12000
2025-12-04,8390,15196,Dealer_Hedging,96239
2025-12-05,8390,258000,Foreign_Investor,484000
2025-12-05,8390,0,Foreign_Dealer_Self,0
2025-12-05,8390,0,Investment_Trust,0
2025-12-05,8390,1527,Dealer_self,1299
2025-12-05,8390,8039,Dealer_Hedging,38703
2025-12-08,8390,239000,Foreign_Investor,636000
2025-12-08,8390,0,Foreign_Dealer_Self,0
2025-12-08,8390,0,Investment_Trust,0
2025-12-08,8390,0,Dealer_self,663
2025-12-08,8390,106601,Dealer_Hedging,31
2025-12-09,8390,298000,Foreign_Investor,369000
2025-12-09,8390,0,Foreign_Dealer_Self,0
2025-12-09,8390,0,Investment_Trust,0
2025-12-09,8390,0,Dealer_self,0
2025-12-09,8390,22679,Dealer_Hedging,4587
2025-12-10,8390,178000,Foreign_Investor,297000
2025-12-10,8390,0,Foreign_Dealer_Self,0
2025-12-10,8390,0,Investment_Trust,0
2025-12-10,8390,5000,Dealer_self,1046
2025-12-10,8390,6534,Dealer_Hedging,1325
2025-12-11,8390,757000,Foreign_Investor,740000
2025-12-11,8390,0,Foreign_Dealer_Self,0
2025-12-11,8390,0,Investment_Trust,0
2025-12-11,8390,660,Dealer_self,43213
2025-12-11,8390,41999,Dealer_Hedging,9962
2025-12-12,8390,508000,Foreign_Investor,560000
2025-12-12,8390,0,Foreign_Dealer_Self,0
2025-12-12,8390,0,Investment_Trust,0
2025-12-12,8390,17,Dealer_self,463
2025-12-12,8390,21726,Dealer_Hedging,130413
2025-12-15,8390,1291000,Foreign_Investor,505000
2025-12-15,8390,0,Foreign_Dealer_Self,0
2025-12-15,8390,0,Investment_Trust,0
2025-12-15,8390,54,Dealer_self,395
2025-12-15,8390,56413,Dealer_Hedging,7517
2025-12-16,8390,459000,Foreign_Investor,808000
2025-12-16,8390,0,Foreign_Dealer_Self,0
2025-12-16,8390,0,Investment_Trust,0
2025-12-16,8390,0,Dealer_self,0
2025-12-16,8390,14909,Dealer_Hedging,23389
2025-12-17,8390,513000,Foreign_Investor,324020
2025-12-17,8390,0,Foreign_Dealer_Self,0
2025-12-17,8390,0,Investment_Trust,0
2025-12-17,8390,3341,Dealer_self,2000
2025-12-17,8390,77971,Dealer_Hedging,3829
2025-12-18,8390,3015000,Foreign_Investor,3006000
2025-12-18,8390,0,Foreign_Dealer_Self,0
2025-12-18,8390,0,Investment_Trust,0
2025-12-18,8390,3824,Dealer_self,5000
2025-12-18,8390,48794,Dealer_Hedging,89639
2025-12-19,8390,743000,Foreign_Investor,1765000
2025-12-19,8390,0,Foreign_Dealer_Self,0
2025-12-19,8390,0,Investment_Trust,0
2025-12-19,8390,10305,Dealer_self,13264
2025-12-19,8390,40627,Dealer_Hedging,40911
2025-12-22,8390,774000,Foreign_Investor,702000
2025-12-22,8390,0,Foreign_Dealer_Self,0
2025-12-22,8390,0,Investment_Trust,0
2025-12-22,8390,11000,Dealer_self,10305
2025-12-22,8390,27123,Dealer_Hedging,168501
2025-12-23,8390,479000,Foreign_Investor,1109000
2025-12-23,8390,0,Foreign_Dealer_Self,0
2025-12-23,8390,0,Investment_Trust,0
2025-12-23,8390,6000,Dealer_self,6199
2025-12-23,8390,42139,Dealer_Hedging,40102
2025-12-24,8390,363000,Foreign_Investor,235000
2025-12-24,8390,0,Foreign_Dealer_Self,0
2025-12-24,8390,0,Investment_Trust,0
2025-12-24,8390,0,Dealer_self,0
2025-12-24,8390,15374,Dealer_Hedging,8241
2025-12-26,8390,580000,Foreign_Investor,512000
2025-12-26,8390,0,Foreign_Dealer_Self,0
2025-12-26,8390,0,Investment_Trust,0
2025-12-26,8390,6298,Dealer_self,2188
2025-12-26,8390,34401,Dealer_Hedging,30861
2025-12-29,8390,1792000,Foreign_Investor,2249000
2025-12-29,8390,0,Foreign_Dealer_Self,0
2025-12-29,8390,0,Investment_Trust,0
2025-12-29,8390,10405,Dealer_self,10911
2025-12-29,8390,120919,Dealer_Hedging,44077
2025-12-30,8390,655000,Foreign_Investor,846000
2025-12-30,8390,0,Foreign_Dealer_Self,0
2025-12-30,8390,0,Investment_Trust,0
2025-12-30,8390,12000,Dealer_self,9405
2025-12-30,8390,29931,Dealer_Hedging,42033
2025-12-31,8390,295000,Foreign_Investor,750000
2025-12-31,8390,0,Foreign_Dealer_Self,0
2025-12-31,8390,0,Investment_Trust,0
2025-12-31,8390,6000,Dealer_self,9155
2025-12-31,8390,29180,Dealer_Hedging,5211
2026-01-02,8390,582500,Foreign_Investor,359000
2026-01-02,8390,0,Foreign_Dealer_Self,0
2026-01-02,8390,0,Investment_Trust,0
2026-01-02,8390,0,Dealer_self,362
2026-01-02,8390,14768,Dealer_Hedging,5221
2026-01-05,8390,681000,Foreign_Investor,555000
2026-01-05,8390,0,Foreign_Dealer_Self,0
2026-01-05,8390,0,Investment_Trust,0
2026-01-05,8390,1000,Dealer_self,11652
2026-01-05,8390,9953,Dealer_Hedging,19152
2026-01-06,8390,578000,Foreign_Investor,393000
2026-01-06,8390,0,Foreign_Dealer_Self,0
2026-01-06,8390,0,Investment_Trust,0
2026-01-06,8390,0,Dealer_self,260
2026-01-06,8390,21154,Dealer_Hedging,9119
2026-01-07,8390,525000,Foreign_Investor,534000
2026-01-07,8390,0,Foreign_Dealer_Self,0
2026-01-07,8390,0,Investment_Trust,0
2026-01-07,8390,4000,Dealer_self,4452
2026-01-07,8390,53158,Dealer_Hedging,31076
2026-01-08,8390,260000,Foreign_Investor,409000
2026-01-08,8390,0,Foreign_Dealer_Self,0
2026-01-08,8390,0,Investment_Trust,0
2026-01-08,8390,0,Dealer_self,108
2026-01-08,8390,3058,Dealer_Hedging,30121
2026-01-09,8390,382000,Foreign_Investor,207000
2026-01-09,8390,0,Foreign_Dealer_Self,0
2026-01-09,8390,0,Investment_Trust,0
2026-01-09,8390,1000,Dealer_self,477
2026-01-09,8390,16371,Dealer_Hedging,3435
2026-01-12,8390,1210000,Foreign_Investor,1021020
2026-01-12,8390,0,Foreign_Dealer_Self,0
2026-01-12,8390,0,Investment_Trust,0
2026-01-12,8390,24096,Dealer_self,3666
2026-01-12,8390,26269,Dealer_Hedging,6451
2026-01-13,8390,1951500,Foreign_Investor,1487020
2026-01-13,8390,0,Foreign_Dealer_Self,0
2026-01-13,8390,0,Investment_Trust,0
2026-01-13,8390,12030,Dealer_self,9964
2026-01-13,8390,322620,Dealer_Hedging,22242
2026-01-14,8390,981000,Foreign_Investor,776000
2026-01-14,8390,0,Foreign_Dealer_Self,0
2026-01-14,8390,0,Investment_Trust,0
2026-01-14,8390,2000,Dealer_self,2033
2026-01-14,8390,1000,Dealer_Hedging,164955
2026-01-15,8390,501000,Foreign_Investor,874000
2026-01-15,8390,0,Foreign_Dealer_Self,0
2026-01-15,8390,0,Investment_Trust,0
2026-01-15,8390,5268,Dealer_self,8465
2026-01-15,8390,3438,Dealer_Hedging,82992
2026-01-16,8390,369000,Foreign_Investor,861000
2026-01-16,8390,0,Foreign_Dealer_Self,0
2026-01-16,8390,0,Investment_Trust,0
2026-01-16,8390,11000,Dealer_self,14800
2026-01-16,8390,5217,Dealer_Hedging,41284
2026-01-19,8390,466000,Foreign_Investor,743000
2026-01-19,8390,0,Foreign_Dealer_Self,0
2026-01-19,8390,0,Investment_Trust,0
2026-01-19,8390,7191,Dealer_self,8245
2026-01-19,8390,11311,Dealer_Hedging,17770
2026-01-20,8390,373280,Foreign_Investor,283000
2026-01-20,8390,0,Foreign_Dealer_Self,0
2026-01-20,8390,0,Investment_Trust,0
2026-01-20,8390,6000,Dealer_self,7354
2026-01-20,8390,10393,Dealer_Hedging,1202
2026-01-21,8390,870000,Foreign_Investor,2161300
2026-01-21,8390,0,Foreign_Dealer_Self,0
2026-01-21,8390,0,Investment_Trust,0
2026-01-21,8390,9999,Dealer_self,10592
2026-01-21,8390,35814,Dealer_Hedging,37091
2026-01-22,8390,864000,Foreign_Investor,1236000
2026-01-22,8390,0,Foreign_Dealer_Self,0
2026-01-22,8390,0,Investment_Trust,0
2026-01-22,8390,20296,Dealer_self,20999
2026-01-22,8390,22687,Dealer_Hedging,36928
2026-01-23,8390,1074000,Foreign_Investor,728000
2026-01-23,8390,0,Foreign_Dealer_Self,0
2026-01-23,8390,0,Investment_Trust,0
2026-01-23,8390,6170,Dealer_self,8983
2026-01-23,8390,47489,Dealer_Hedging,4450
2026-01-26,8390,1026000,Foreign_Investor,505000
2026-01-26,8390,0,Foreign_Dealer_Self,0
2026-01-26,8390,0,Investment_Trust,0
2026-01-26,8390,0,Dealer_self,10000
2026-01-26,8390,19019,Dealer_Hedging,9844
2026-01-27,8390,1144000,Foreign_Investor,394000
2026-01-27,8390,0,Foreign_Dealer_Self,0
2026-01-27,8390,0,Investment_Trust,0
2026-01-27,8390,400,Dealer_self,1370
2026-01-27,8390,23451,Dealer_Hedging,10000
2026-01-28,8390,798000,Foreign_Investor,591000
2026-01-28,8390,0,Foreign_Dealer_Self,0
2026-01-28,8390,0,Investment_Trust,0
2026-01-28,8390,4000,Dealer_self,6319
2026-01-28,8390,24336,Dealer_Hedging,5780
2026-01-29,8390,1466000,Foreign_Investor,719000
2026-01-29,8390,0,Foreign_Dealer_Self,0
2026-01-29,8390,0,Investment_Trust,0
2026-01-29,8390,2401,Dealer_self,2323
2026-01-29,8390,93188,Dealer_Hedging,20000
2026-01-30,8390,588000,Foreign_Investor,973000
2026-01-30,8390,0,Foreign_Dealer_Self,0
2026-01-30,8390,0,Investment_Trust,0
2026-01-30,8390,3000,Dealer_self,3541
2026-01-30,8390,23000,Dealer_Hedging,47460
2026-02-02,8390,1046000,Foreign_Investor,1536001
2026-02-02,8390,0,Foreign_Dealer_Self,0
2026-02-02,8390,0,Investment_Trust,0
2026-02-02,8390,12000,Dealer_self,8000
2026-02-02,8390,23366,Dealer_Hedging,123981
2026-02-03,8390,482000,Foreign_Investor,812000
2026-02-03,8390,0,Foreign_Dealer_Self,0
2026-02-03,8390,0,Investment_Trust,0
2026-02-03,8390,0,Dealer_self,5000
2026-02-03,8390,6592,Dealer_Hedging,15913
2026-02-04,8390,278000,Foreign_Investor,273000
2026-02-04,8390,0,Foreign_Dealer_Self,0
2026-02-04,8390,0,Investment_Trust,0
2026-02-04,8390,0,Dealer_self,0
2026-02-04,8390,10273,Dealer_Hedging,5533
2026-02-05,8390,317000,Foreign_Investor,438000
2026-02-05,8390,0,Foreign_Dealer_Self,0
2026-02-05,8390,0,Investment_Trust,0
2026-02-05,8390,10000,Dealer_self,9731
2026-02-05,8390,9097,Dealer_Hedging,50572
2026-02-06,8390,1025000,Foreign_Investor,1125000
2026-02-06,8390,0,Foreign_Dealer_Self,0
2026-02-06,8390,0,Investment_Trust,0
2026-02-06,8390,9000,Dealer_self,10116
2026-02-06,8390,21939,Dealer_Hedging,23546
2026-02-09,8390,1175000,Foreign_Investor,684000
2026-02-09,8390,0,Foreign_Dealer_Self,0
2026-02-09,8390,0,Investment_Trust,0
2026-02-09,8390,1000,Dealer_self,1233
2026-02-09,8390,118961,Dealer_Hedging,9195
2026-02-10,8390,2421000,Foreign_Investor,697000
2026-02-10,8390,0,Foreign_Dealer_Self,0
2026-02-10,8390,0,Investment_Trust,0
2026-02-10,8390,10128,Dealer_self,11040
2026-02-10,8390,89014,Dealer_Hedging,12653
2026-02-11,8390,546000,Foreign_Investor,1156000
2026-02-11,8390,0,Foreign_Dealer_Self,0
2026-02-11,8390,0,Investment_Trust,0
2026-02-11,8390,0,Dealer_self,0
2026-02-11,8390,12670,Dealer_Hedging,75113
2026-02-23,8390,464200,Foreign_Investor,920000
2026-02-23,8390,0,Foreign_Dealer_Self,0
2026-02-23,8390,0,Investment_Trust,0
2026-02-23,8390,5000,Dealer_self,7170
2026-02-23,8390,60495,Dealer_Hedging,7001
2026-02-24,8390,691000,Foreign_Investor,341000
2026-02-24,8390,0,Foreign_Dealer_Self,0
2026-02-24,8390,0,Investment_Trust,0
2026-02-24,8390,2000,Dealer_self,1724
2026-02-24,8390,2390,Dealer_Hedging,7706
2026-02-25,8390,366000,Foreign_Investor,282000
2026-02-25,8390,0,Foreign_Dealer_Self,0
2026-02-25,8390,0,Investment_Trust,0
2026-02-25,8390,1275,Dealer_self,3000
2026-02-25,8390,12000,Dealer_Hedging,7898
2026-02-26,8390,611000,Foreign_Investor,276000
2026-02-26,8390,0,Foreign_Dealer_Self,0
2026-02-26,8390,0,Investment_Trust,0
2026-02-26,8390,9350,Dealer_self,1000
2026-02-26,8390,17684,Dealer_Hedging,24591
2026-03-02,8390,820050,Foreign_Investor,1963100
2026-03-02,8390,0,Foreign_Dealer_Self,0
2026-03-02,8390,0,Investment_Trust,0
2026-03-02,8390,10488,Dealer_self,11470
2026-03-02,8390,47000,Dealer_Hedging,81478
2026-03-03,8390,560000,Foreign_Investor,387099
2026-03-03,8390,0,Foreign_Dealer_Self,0
2026-03-03,8390,0,Investment_Trust,0
2026-03-03,8390,4000,Dealer_self,4266
2026-03-03,8390,1000,Dealer_Hedging,34463
2026-03-04,8390,497250,Foreign_Investor,761000
2026-03-04,8390,0,Foreign_Dealer_Self,0
2026-03-04,8390,0,Investment_Trust,0
2026-03-04,8390,11000,Dealer_self,8934
2026-03-04,8390,26349,Dealer_Hedging,162607
2026-03-05,8390,358000,Foreign_Investor,401000
2026-03-05,8390,0,Foreign_Dealer_Self,0
2026-03-05,8390,0,Investment_Trust,0
2026-03-05,8390,16000,Dealer_self,6923
2026-03-05,8390,25329,Dealer_Hedging,10830
2026-03-06,8390,149000,Foreign_Investor,499000
2026-03-06,8390,0,Foreign_Dealer_Self,0
2026-03-06,8390,0,Investment_Trust,0
2026-03-06,8390,10000,Dealer_self,10365
2026-03-06,8390,5000,Dealer_Hedging,24973
2026-03-09,8390,473000,Foreign_Investor,546000
2026-03-09,8390,0,Foreign_Dealer_Self,0
2026-03-09,8390,0,Investment_Trust,0
2026-03-09,8390,8997,Dealer_self,17806
2026-03-09,8390,24239,Dealer_Hedging,50376
2026-03-10,8390,592050,Foreign_Investor,184000
2026-03-10,8390,0,Foreign_Dealer_Self,0
2026-03-10,8390,0,Investment_Trust,0
2026-03-10,8390,3034,Dealer_self,1428
2026-03-10,8390,22395,Dealer_Hedging,5140
2026-03-11,8390,1149000,Foreign_Investor,291050
2026-03-11,8390,0,Foreign_Dealer_Self,0
2026-03-11,8390,0,Investment_Trust,0
2026-03-11,8390,46970,Dealer_self,4000
2026-03-11,8390,161093,Dealer_Hedging,3025
2026-03-12,8390,408000,Foreign_Investor,326000
2026-03-12,8390,0,Foreign_Dealer_Self,0
2026-03-12,8390,0,Investment_Trust,0
2026-03-12,8390,104,Dealer_self,8163
2026-03-12,8390,9200,Dealer_Hedging,68404
2026-03-13,8390,205000,Foreign_Investor,188000
2026-03-13,8390,0,Foreign_Dealer_Self,0
2026-03-13,8390,0,Investment_Trust,0
2026-03-13,8390,0,Dealer_self,0
2026-03-13,8390,15202,Dealer_Hedging,27701
2026-03-16,8390,240050,Foreign_Investor,438000
2026-03-16,8390,0,Foreign_Dealer_Self,0
2026-03-16,8390,0,Investment_Trust,0
2026-03-16,8390,3000,Dealer_self,916
2026-03-16,8390,1000,Dealer_Hedging,22555
2026-03-17,8390,436000,Foreign_Investor,162000
2026-03-17,8390,0,Foreign_Dealer_Self,0
2026-03-17,8390,0,Investment_Trust,0
2026-03-17,8390,0,Dealer_self,0
2026-03-17,8390,9481,Dealer_Hedging,28441
2026-03-18,8390,207000,Foreign_Investor,251000
2026-03-18,8390,0,Foreign_Dealer_Self,0
2026-03-18,8390,0,Investment_Trust,0
2026-03-18,8390,2000,Dealer_self,720
2026-03-18,8390,7015,Dealer_Hedging,57371
2026-03-19,8390,275000,Foreign_Investor,470000
2026-03-19,8390,0,Foreign_Dealer_Self,0
2026-03-19,8390,0,Investment_Trust,0
2026-03-19,8390,10000,Dealer_self,12072
2026-03-19,8390,9131,Dealer_Hedging,43402
2026-03-20,8390,217530,Foreign_Investor,313000
2026-03-20,8390,0,Foreign_Dealer_Self,0
2026-03-20,8390,0,Investment_Trust,0
2026-03-20,8390,6000,Dealer_self,35544
2026-03-20,8390,6059,Dealer_Hedging,8869
2026-03-23,8390,269000,Foreign_Investor,409000
2026-03-23,8390,0,Foreign_Dealer_Self,0
2026-03-23,8390,0,Investment_Trust,0
2026-03-23,8390,10250,Dealer_self,19270
2026-03-23,8390,19000,Dealer_Hedging,81928
2026-03-24,8390,269000,Foreign_Investor,198000
2026-03-24,8390,0,Foreign_Dealer_Self,0
2026-03-24,8390,0,Investment_Trust,0
2026-03-24,8390,4019,Dealer_self,13582
2026-03-24,8390,1516,Dealer_Hedging,0
2026-03-25,8390,113000,Foreign_Investor,124000
2026-03-25,8390,0,Foreign_Dealer_Self,0
2026-03-25,8390,0,Investment_Trust,0
2026-03-25,8390,6000,Dealer_self,223
2026-03-25,8390,3092,Dealer_Hedging,17
2026-03-26,8390,65000,Foreign_Investor,300000
2026-03-26,8390,0,Foreign_Dealer_Self,0
2026-03-26,8390,0,Investment_Trust,0
2026-03-26,8390,8000,Dealer_self,7663
2026-03-26,8390,1000,Dealer_Hedging,4371
2026-03-27,8390,149000,Foreign_Investor,69000
2026-03-27,8390,0,Foreign_Dealer_Self,0
2026-03-27,8390,0,Investment_Trust,0
2026-03-27,8390,12000,Dealer_self,1495
2026-03-27,8390,1388,Dealer_Hedging,46115
2026-03-30,8390,208000,Foreign_Investor,235000
2026-03-30,8390,0,Foreign_Dealer_Self,0
2026-03-30,8390,0,Investment_Trust,0
2026-03-30,8390,16000,Dealer_self,7590
2026-03-30,8390,7372,Dealer_Hedging,5633
2026-03-31,8390,185235,Foreign_Investor,288000
2026-03-31,8390,0,Foreign_Dealer_Self,0
2026-03-31,8390,0,Investment_Trust,0
2026-03-31,8390,4000,Dealer_self,3704
2026-03-31,8390,8000,Dealer_Hedging,43636
2026-04-01,8390,222000,Foreign_Investor,154101
2026-04-01,8390,0,Foreign_Dealer_Self,0
2026-04-01,8390,0,Investment_Trust,0
2026-04-01,8390,12000,Dealer_self,6422
2026-04-01,8390,3732,Dealer_Hedging,1000
2026-04-02,8390,121000,Foreign_Investor,279000
2026-04-02,8390,0,Foreign_Dealer_Self,0
2026-04-02,8390,0,Investment_Trust,0
2026-04-02,8390,28000,Dealer_self,20532
2026-04-02,8390,4912,Dealer_Hedging,7934
2026-04-07,8390,150001,Foreign_Investor,122000
2026-04-07,8390,0,Foreign_Dealer_Self,0
2026-04-07,8390,0,Investment_Trust,0
2026-04-07,8390,2000,Dealer_self,56232
2026-04-07,8390,1671,Dealer_Hedging,5260
2026-04-08,8390,380000,Foreign_Investor,141000
2026-04-08,8390,0,Foreign_Dealer_Self,0
2026-04-08,8390,0,Investment_Trust,0
2026-04-08,8390,333,Dealer_self,583
2026-04-08,8390,10400,Dealer_Hedging,3002
2026-04-09,8390,335002,Foreign_Investor,171000
2026-04-09,8390,0,Foreign_Dealer_Self,0
2026-04-09,8390,0,Investment_Trust,0
2026-04-09,8390,0,Dealer_self,474
2026-04-09,8390,20834,Dealer_Hedging,5270
2026-04-10,8390,225000,Foreign_Investor,222000
2026-04-10,8390,0,Foreign_Dealer_Self,0
2026-04-10,8390,0,Investment_Trust,0
2026-04-10,8390,1000,Dealer_self,1235
2026-04-10,8390,9632,Dealer_Hedging,3464
2026-04-13,8390,865010,Foreign_Investor,1063000
2026-04-13,8390,0,Foreign_Dealer_Self,0
2026-04-13,8390,0,Investment_Trust,0
2026-04-13,8390,9000,Dealer_self,8449
2026-04-13,8390,44489,Dealer_Hedging,46626
2026-04-14,8390,364000,Foreign_Investor,301000
2026-04-14,8390,0,Foreign_Dealer_Self,0
2026-04-14,8390,0,Investment_Trust,0
2026-04-14,8390,2000,Dealer_self,2230
2026-04-14,8390,9868,Dealer_Hedging,3958
2026-04-15,8390,179000,Foreign_Investor,248001
2026-04-15,8390,0,Foreign_Dealer_Self,0
2026-04-15,8390,0,Investment_Trust,0
2026-04-15,8390,2000,Dealer_self,2227
2026-04-15,8390,6014,Dealer_Hedging,320
2026-04-16,8390,175000,Foreign_Investor,148000
2026-04-16,8390,0,Foreign_Dealer_Self,0
2026-04-16,8390,0,Investment_Trust,0
2026-04-16,8390,3000,Dealer_self,2706
2026-04-16,8390,1459,Dealer_Hedging,14
2026-04-17,8390,164001,Foreign_Investor,350000
2026-04-17,8390,0,Foreign_Dealer_Self,0
2026-04-17,8390,0,Investment_Trust,0
2026-04-17,8390,5000,Dealer_self,4931
2026-04-17,8390,1000,Dealer_Hedging,9751
2026-04-20,8390,111000,Foreign_Investor,265000
2026-04-20,8390,0,Foreign_Dealer_Self,0
2026-04-20,8390,0,Investment_Trust,0
2026-04-20,8390,8000,Dealer_self,7898
2026-04-20,8390,14520,Dealer_Hedging,18622
2026-04-21,8390,221000,Foreign_Investor,250000
2026-04-21,8390,0,Foreign_Dealer_Self,0
2026-04-21,8390,0,Investment_Trust,0
2026-04-21,8390,12000,Dealer_self,9612
2026-04-21,8390,11000,Dealer_Hedging,46196
2026-04-22,8390,201000,Foreign_Investor,204000
2026-04-22,8390,0,Foreign_Dealer_Self,0
2026-04-22,8390,0,Investment_Trust,0
2026-04-22,8390,9000,Dealer_self,9547
2026-04-22,8390,3817,Dealer_Hedging,11164
2026-04-23,8390,390000,Foreign_Investor,454000
2026-04-23,8390,0,Foreign_Dealer_Self,0
2026-04-23,8390,0,Investment_Trust,0
2026-04-23,8390,9000,Dealer_self,8401
2026-04-23,8390,14350,Dealer_Hedging,62012
2026-04-24,8390,428000,Foreign_Investor,249000
2026-04-24,8390,0,Foreign_Dealer_Self,0
2026-04-24,8390,0,Investment_Trust,0
2026-04-24,8390,6000,Dealer_self,5502
2026-04-24,8390,9618,Dealer_Hedging,23672
2026-04-27,8390,412000,Foreign_Investor,217000
2026-04-27,8390,0,Foreign_Dealer_Self,0
2026-04-27,8390,0,Investment_Trust,0
2026-04-27,8390,3000,Dealer_self,15236
2026-04-27,8390,8641,Dealer_Hedging,16000
2026-04-28,8390,445000,Foreign_Investor,271000
2026-04-28,8390,0,Foreign_Dealer_Self,0
2026-04-28,8390,0,Investment_Trust,0
2026-04-28,8390,0,Dealer_self,267
2026-04-28,8390,20503,Dealer_Hedging,14145
2026-04-29,8390,165000,Foreign_Investor,349000
2026-04-29,8390,0,Foreign_Dealer_Self,0
2026-04-29,8390,0,Investment_Trust,0
2026-04-29,8390,5000,Dealer_self,3882
2026-04-29,8390,2463,Dealer_Hedging,10713
2026-04-30,8390,186000,Foreign_Investor,146000
2026-04-30,8390,0,Foreign_Dealer_Self,0
2026-04-30,8390,0,Investment_Trust,0
2026-04-30,8390,3000,Dealer_self,3657
2026-04-30,8390,9000,Dealer_Hedging,6453
2026-05-04,8390,189500,Foreign_Investor,161000
2026-05-04,8390,0,Foreign_Dealer_Self,0
2026-05-04,8390,0,Investment_Trust,0
2026-05-04,8390,4000,Dealer_self,3519
2026-05-04,8390,2929,Dealer_Hedging,9847
2026-05-05,8390,232000,Foreign_Investor,70000
2026-05-05,8390,0,Foreign_Dealer_Self,0
2026-05-05,8390,0,Investment_Trust,0
2026-05-05,8390,1020,Dealer_self,980
2026-05-05,8390,6576,Dealer_Hedging,2000
2026-05-06,8390,321077,Foreign_Investor,171017
2026-05-06,8390,0,Foreign_Dealer_Self,0
2026-05-06,8390,0,Investment_Trust,0
2026-05-06,8390,100,Dealer_self,2170
2026-05-06,8390,28818,Dealer_Hedging,4288
2026-05-07,8390,466127,Foreign_Investor,235123
2026-05-07,8390,0,Foreign_Dealer_Self,0
2026-05-07,8390,0,Investment_Trust,0
2026-05-07,8390,10000,Dealer_self,87
2026-05-07,8390,47141,Dealer_Hedging,19285
2026-05-08,8390,315062,Foreign_Investor,150000
2026-05-08,8390,0,Foreign_Dealer_Self,0
2026-05-08,8390,0,Investment_Trust,0
2026-05-08,8390,109,Dealer_self,0
2026-05-08,8390,18611,Dealer_Hedging,6370
2026-05-11,8390,1909244,Foreign_Investor,341000
2026-05-11,8390,0,Foreign_Dealer_Self,0
2026-05-11,8390,0,Investment_Trust,0
2026-05-11,8390,2769,Dealer_self,0
2026-05-11,8390,136023,Dealer_Hedging,39001
2026-05-12,8390,2087450,Foreign_Investor,824000
2026-05-12,8390,0,Foreign_Dealer_Self,0
2026-05-12,8390,0,Investment_Trust,0
2026-05-12,8390,13952,Dealer_self,8133
2026-05-12,8390,236050,Dealer_Hedging,35003
2026-05-13,8390,639532,Foreign_Investor,537125
2026-05-13,8390,0,Foreign_Dealer_Self,0
2026-05-13,8390,0,Investment_Trust,0
2026-05-13,8390,7190,Dealer_self,7519
2026-05-13,8390,239081,Dealer_Hedging,52244
2026-05-14,8390,650618,Foreign_Investor,355743
2026-05-14,8390,0,Foreign_Dealer_Self,0
2026-05-14,8390,0,Investment_Trust,0
2026-05-14,8390,8065,Dealer_self,7151
2026-05-14,8390,52629,Dealer_Hedging,259606
2026-05-15,8390,1345736,Foreign_Investor,537474
2026-05-15,8390,0,Foreign_Dealer_Self,0
2026-05-15,8390,0,Investment_Trust,0
2026-05-15,8390,5306,Dealer_self,8021
2026-05-15,8390,216515,Dealer_Hedging,48003
2026-05-18,8390,577888,Foreign_Investor,899278
2026-05-18,8390,0,Foreign_Dealer_Self,0
2026-05-18,8390,0,Investment_Trust,0
2026-05-18,8390,11814,Dealer_self,6768
2026-05-18,8390,48101,Dealer_Hedging,35266
2026-05-19,8390,750433,Foreign_Investor,559000
2026-05-19,8390,0,Foreign_Dealer_Self,0
2026-05-19,8390,0,Investment_Trust,0
2026-05-19,8390,4455,Dealer_self,8742
2026-05-19,8390,9020,Dealer_Hedging,295999
2026-05-20,8390,414511,Foreign_Investor,275258
2026-05-20,8390,0,Foreign_Dealer_Self,0
2026-05-20,8390,0,Investment_Trust,0
2026-05-20,8390,3626,Dealer_self,3002
2026-05-20,8390,27726,Dealer_Hedging,16255
2026-05-21,8390,599279,Foreign_Investor,302392
2026-05-21,8390,0,Foreign_Dealer_Self,0
2026-05-21,8390,0,Investment_Trust,0
2026-05-21,8390,20613,Dealer_self,3197
2026-05-21,8390,89174,Dealer_Hedging,4000
