stock_id,name,basket,original_basket,score,date,close,gain_6w,gain_3d,rsi_14,percent_b,ma120,ma240,ma120_slope_pct,ma240_slope_pct,one_year_high_gap_pct,deduct240_gap_pct,range60_pct,volume20_vs_120_pct,major_4w_pctpt,major_8w_pctpt,retail_4w_pctpt,retail_8w_pctpt,people_4w,people_8w,major_accumulating,retail_or_people_support,base_mda_watch,no_new_low,reason
1210,大成,已發動籃,,100,2026-09-09,52.5,-2.941885700506397,0.5747126436781658,48.64864864864863,60.94262999824572,51.91433876811588,50.50708786231878,1.1068874525940853,0.2959242691446873,-7.161803713527847,4.552243652185206,9.467518186432077,-49.243396563105414,1.1299999999999955,0.6899999999999977,-0.5500000000000007,-0.4400000000000013,-2476,-3103,True,True,True,True,MA120上彎且收盤站上、大戶4/8週累積、散戶或總股東下降支撐、近20日未破60日低位區、20日量低於120日均量、240扣抵偏有利
1723,中碳,已發動籃,,100,2026-09-09,83.6,1.5795868772782384,-2.7906976744186074,37.614678899082584,13.291527251993132,82.11802663438264,77.84987666464892,3.3211665554652603,0.6181234030568028,-9.719222462203025,4.6698826409388605,17.084655213981993,-45.24382392773498,0.9600000000000009,0.9699999999999989,-0.7600000000000016,-1.0,-855,-1294,True,True,True,True,MA120上彎且收盤站上、大戶4/8週累積、散戶或總股東下降支撐、近20日未破60日低位區、20日量低於120日均量、240扣抵偏有利
1734,杏輝,已發動籃,,100,2026-09-09,31.1,3.1812386240323898,1.6339869281045694,69.49184886320313,86.01185866054861,29.324382489660874,28.779986393713838,1.4035174684720264,0.6654067523483409,-1.5591903280516295,11.148038371431902,10.383386581469644,-32.981107165104895,1.2899999999999991,1.1800000000000068,-0.4400000000000013,-0.370000000000001,-578,-836,True,True,True,True,MA120上彎且收盤站上、大戶4/8週累積、散戶或總股東下降支撐、近20日未破60日低位區、20日量低於120日均量、240扣抵偏有利
1904,正隆,已發動籃,,100,2026-09-09,24.55,16.62707838479809,-1.008064516129037,34.42622950819674,25.275288898291947,20.979899891774885,19.211875000000024,6.150559625893903,3.3113059733142824,-7.183364839319461,41.45620533542862,28.398058252427184,-25.40043909444395,0.9299999999999926,1.4899999999999949,-0.4400000000000013,-0.8699999999999992,-9391,-17894,True,True,True,True,MA120上彎且收盤站上、大戶4/8週累積、散戶或總股東下降支撐、近20日未破60日低位區、20日量低於120日均量、240扣抵偏有利
2027,大成鋼,已發動籃,,100,2026-09-09,48.6,12.369942196531802,-3.1872509960159334,37.97468354430382,19.45290654204328,41.09072257383965,38.459074367088576,6.036475519389239,2.6203162272276037,-7.074569789674944,32.59428097803565,38.15622283153881,-20.567576142674493,3.7900000000000063,5.8700000000000045,-1.5600000000000005,-2.9299999999999997,-15868,-30792,True,True,True,True,MA120上彎且收盤站上、大戶4/8週累積、散戶或總股東下降支撐、近20日未破60日低位區、20日量低於120日均量、240扣抵偏有利
2065,,已發動籃,,100,2026-09-09,36.0,15.384615384615397,-1.2345679012345734,45.09803921568626,29.663097267254557,32.961446850393685,30.860787401574818,3.7052463248227197,1.654534108187411,-6.371911573472044,24.70337942885199,24.032258064516142,-50.6091175232797,2.3900000000000006,3.1099999999999994,-1.0700000000000003,-1.629999999999999,-337,-509,True,True,True,True,MA120上彎且收盤站上、大戶4/8週累積、散戶或總股東下降支撐、近20日未破60日低位區、20日量低於120日均量、240扣抵偏有利
2206,三陽工業,已發動籃,,100,2026-09-09,64.2,0.9433962264151052,1.2618296529968598,60.000000000000085,79.51107292921832,58.863593896713596,58.417677230046976,1.7692694431448386,0.2101354342594952,-3.748125937031488,5.357803254437865,16.3699895810808,-50.039724731772004,0.7999999999999972,1.1500000000000057,-0.3899999999999997,-0.5800000000000001,-1700,-106,True,True,True,True,MA120上彎且收盤站上、大戶4/8週累積、散戶或總股東下降支撐、近20日未破60日低位區、20日量低於120日均量、240扣抵偏有利
2408,南亞科,已發動籃,,100,2026-09-09,523.0,47.94908062234795,5.443548387096775,51.43540669856459,60.00940826127494,365.80293351169246,272.81562088783204,13.169768792730396,16.66955771895575,-8.084358523725832,828.6450982234378,76.70807453416148,-25.067966921714323,-1.3299999999999983,3.6400000000000006,1.129999999999999,-2.6400000000000023,57503,16940,True,True,True,True,MA120上彎且收盤站上、大戶4/8週累積、散戶或總股東下降支撐、近20日未破60日低位區、20日量低於120日均量、240扣抵偏有利
2471,資通,已發動籃,,100,2026-09-09,49.4,3.7815126050420034,-1.5936254980079778,58.46153846153842,39.3747462500608,49.06690897435898,48.201179006410335,0.6894981361537544,0.3884801776552038,-6.104796521403488,3.8761896751402514,9.83936408048356,-57.62850743023454,1.3999999999999986,1.1599999999999966,-0.4199999999999946,-0.13000000000000256,-81,3376,True,True,True,True,MA120上彎且收盤站上、大戶4/8週累積、散戶或總股東下降支撐、近20日未破60日低位區、20日量低於120日均量、240扣抵偏有利
2520,冠德,已發動籃,,100,2026-09-09,36.9,11.547762998790812,-0.5390835579514919,52.75590551181104,79.05251812579094,32.022549231508236,31.91970401056681,3.055747289196664,0.22226775202294213,-3.9526705692793596,-0.4959543429809421,20.088127082903263,-23.616263983210615,1.6200000000000045,1.7700000000000102,-0.33999999999999986,-0.4800000000000004,-955,-1554,True,True,True,True,MA120上彎且收盤站上、大戶4/8週累積、散戶或總股東下降支撐、近20日未破60日低位區、20日量低於120日均量
2535,達欣工,已發動籃,,100,2026-09-09,88.7,2.780996523754342,-0.7829977628635354,29.629629629629676,24.92191221045973,82.36076157407412,71.57161805555555,4.745275513185621,4.169151171015817,-10.040567951318447,58.71643081878231,17.102137767220892,-56.37374218861635,1.0500000000000043,2.230000000000004,-0.23999999999999844,-0.9999999999999982,-483,-2310,True,True,True,True,MA120上彎且收盤站上、大戶4/8週累積、散戶或總股東下降支撐、近20日未破60日低位區、20日量低於120日均量、240扣抵偏有利
2618,長榮航,已發動籃,,100,2026-09-09,42.55,2.6537997587454676,0.11764705882353343,52.727272727272705,65.67465136580603,37.75381682389942,36.268044418238915,3.694451219163253,1.071014713348184,-4.596412556053819,17.827006975103842,19.104124152873325,-42.92769480780352,1.690000000000012,1.4500000000000028,-0.46000000000000263,-0.5300000000000011,-10139,-12836,True,True,True,True,MA120上彎且收盤站上、大戶4/8週累積、散戶或總股東下降支撐、近20日未破60日低位區、20日量低於120日均量、240扣抵偏有利
2727,王品,已發動籃,,100,2026-09-09,229.0,0.0,-1.2931034482758674,30.95238095238095,6.668732391046508,222.69046859386128,213.48551748750873,2.022127003805241,1.074243371611594,-6.147540983606559,8.841456215900223,14.553990610328649,-47.71849930738989,1.3200000000000074,-0.45999999999999375,-1.6699999999999982,-1.7699999999999996,-3415,-2775,True,True,True,True,MA120上彎且收盤站上、大戶4/8週累積、散戶或總股東下降支撐、近20日未破60日低位區、20日量低於120日均量、240扣抵偏有利
2762,世界健身-KY,已發動籃,,100,2026-09-09,81.2,-3.7286396218493834,-0.8547008547008628,39.77272727272728,13.92173225139558,78.02660109289603,74.06390322405089,2.7612168405920956,1.57513757114629,-7.199999999999996,16.7903463506168,13.393980080900114,-37.93202561777671,0.5,0.14999999999997726,-0.41999999999999993,-0.6600000000000001,-254,-465,True,True,True,True,MA120上彎且收盤站上、大戶4/8週累積、散戶或總股東下降支撐、近20日未破60日低位區、20日量低於120日均量、240扣抵偏有利
2881,富邦金,已發動籃,,100,2026-09-09,147.0,19.512195121951216,-2.3255813953488413,74.35897435897436,74.71932854951541,112.26389157014164,100.61496053660001,8.109395005236642,4.939032365049445,-5.466237942122188,79.29154816211059,31.779661016949156,-35.67234725150602,0.7400000000000091,1.5499999999999972,-0.22000000000000064,-0.5,-10902,-29027,True,True,True,True,MA120上彎且收盤站上、大戶4/8週累積、散戶或總股東下降支撐、近20日未破60日低位區、20日量低於120日均量、240扣抵偏有利
2882,國泰金,已發動籃,,100,2026-09-09,110.5,17.428267800212538,-3.913043478260869,71.33333333333334,72.04342387416536,89.06172413793107,78.49293103448278,6.536421981231211,4.85966875134245,-5.555555555555558,77.71184560780833,26.486486486486484,-29.190179017315742,0.5400000000000063,0.7600000000000051,-0.15999999999999925,-0.23999999999999932,-7069,-13101,True,True,True,True,MA120上彎且收盤站上、大戶4/8週累積、散戶或總股東下降支撐、近20日未破60日低位區、20日量低於120日均量、240扣抵偏有利
2887,台新新光金,已發動籃,,100,2026-09-09,42.4,30.061349693251515,2.168674698795181,82.41206030150752,91.95533253354917,29.52713940256047,24.66409637268847,9.218884106020187,8.29133487046736,-1.5098722415795574,156.2816835530977,42.99109003234574,-24.083940570791206,0.9800000000000182,0.730000000000004,-0.16000000000000014,-0.16000000000000014,-14599,-19480,True,True,True,True,MA120上彎且收盤站上、大戶4/8週累積、散戶或總股東下降支撐、近20日未破60日低位區、20日量低於120日均量、240扣抵偏有利
3034,聯詠,已發動籃,,100,2026-09-09,543.0,7.524752475247531,3.6259541984732913,56.77966101694915,63.60235377037331,469.04926968019674,422.6002921279216,6.436118306846983,2.495554285762114,-6.4251511856388,36.14972000360839,28.666104842866602,-35.351815175132806,-0.37999999999999545,1.7800000000000153,-0.8499999999999996,-2.5200000000000014,-5355,-10356,True,True,True,True,MA120上彎且收盤站上、大戶4/8週累積、散戶或總股東下降支撐、近20日未破60日低位區、20日量低於120日均量、240扣抵偏有利
3426,,已發動籃,,100,2026-06-01,47.8,0.31479538300105414,0.10471204188480243,50.052192066805844,55.918794855527985,41.82208333333328,37.71604166666673,5.4992064409664865,4.6160336089778875,-0.4166666666666763,4.366812227074246,,-51.707207902063764,1.480000000000004,5.810000000000002,-0.6900000000000004,-1.1000000000000005,-86,-142,True,True,True,True,MA120上彎且收盤站上、大戶4/8週累積、散戶或總股東下降支撐、近20日未破60日低位區、20日量低於120日均量、240扣抵偏有利
5288,豐祥-KY,已發動籃,,100,2026-09-09,182.5,3.2362700450208948,-3.4391534391534417,39.0625,-14.946857035888609,168.18192863359505,148.4208745648387,5.414662709841256,3.9439356396120617,-8.750000000000002,66.45143099769888,20.02215552583726,-58.983267347921455,0.8799999999999955,0.12000000000000455,-0.5199999999999996,-0.7100000000000009,-247,-339,True,True,True,True,MA120上彎且收盤站上、大戶4/8週累積、散戶或總股東下降支撐、近20日未破60日低位區、20日量低於120日均量、240扣抵偏有利
5511,德昌,已發動籃,,100,2026-09-09,70.5,-4.471544715447151,1.7316017316017396,27.45098039215692,40.20427380372012,63.02830656629023,57.45506545378505,4.451181904141155,3.3654153981804713,-6.374501992031867,43.69107971423662,27.75698666530426,-39.467071849180925,0.6899999999999977,0.9799999999999898,-0.25,-0.41000000000000014,-170,-235,True,True,True,True,MA120上彎且收盤站上、大戶4/8週累積、散戶或總股東下降支撐、近20日未破60日低位區、20日量低於120日均量、240扣抵偏有利
5871,中租-KY,已發動籃,,100,2026-09-09,112.0,-0.4444444444444473,0.4484304932735439,50.94339622641509,38.62481628222446,108.13480833333325,103.30842291666652,2.550497883936953,0.3640795513971673,-4.680851063829783,3.933222904283995,11.449411452256975,-27.2270113484012,1.7299999999999898,2.3499999999999943,-0.6199999999999992,-1.1400000000000006,-4478,-10406,True,True,True,True,MA120上彎且收盤站上、大戶4/8週累積、散戶或總股東下降支撐、近20日未破60日低位區、20日量低於120日均量、240扣抵偏有利
6245,立端,已發動籃,,100,2026-09-09,81.5,10.427019147949368,4.21994884910486,60.01237437501041,88.27687848026632,76.98894865525678,72.73866748166259,4.183608900535263,0.23937135954776867,-9.363188949615253,3.2252570296048555,25.828729281767913,-50.28817476675502,1.9699999999999989,2.3200000000000003,-1.4199999999999946,-3.3199999999999967,-1125,-2359,True,True,True,True,MA120上彎且收盤站上、大戶4/8週累積、散戶或總股東下降支撐、近20日未破60日低位區、20日量低於120日均量、240扣抵偏有利
6606,建德工業,已發動籃,,100,2026-09-09,25.75,0.0,1.3779527559055094,46.666666666666664,38.75636893867493,24.778863695090433,24.50661022286816,1.373986653912973,0.6626390160587192,-9.490333919156413,6.22079567666094,17.078189300411516,-20.62610379318157,0.5799999999999983,0.4299999999999926,-0.3799999999999999,-0.5200000000000005,-217,-306,True,True,True,True,MA120上彎且收盤站上、大戶4/8週累積、散戶或總股東下降支撐、近20日未破60日低位區、20日量低於120日均量、240扣抵偏有利
6670,復盛應用,已發動籃,,100,2026-09-09,279.5,4.681647940074907,1.4519056261343088,61.666666666666664,78.16831881963735,257.59538327526207,251.10375290360057,1.0052093778706972,0.7264452782847597,-2.951388888888884,16.079154909196134,19.254658385093173,-55.942934831144655,1.559999999999988,0.799999999999983,-0.4900000000000002,-0.4500000000000002,-377,-343,True,True,True,True,MA120上彎且收盤站上、大戶4/8週累積、散戶或總股東下降支撐、近20日未破60日低位區、20日量低於120日均量、240扣抵偏有利
6870,,已發動籃,,100,2026-09-09,289.0,29.596412556053806,-0.34482758620689724,65.05376344086021,80.59045026711877,214.48853599374058,191.8319368153364,9.506254422646787,4.748604209843199,-8.253968253968258,72.65999385731297,57.80193511105407,-41.83743226002764,-0.9200000000000159,3.009999999999991,-1.33,-1.3200000000000003,147,107,True,True,True,True,MA120上彎且收盤站上、大戶4/8週累積、散戶或總股東下降支撐、近20日未破60日低位區、20日量低於120日均量、240扣抵偏有利
8481,政伸,已發動籃,,100,2026-09-09,41.2,1.8541409147095234,0.4878048780487809,58.6206896551724,67.66234428228405,39.34073617788464,39.198096454326894,0.8174423779100382,0.016751078009735743,-0.8621462554046722,0.4928130212868531,8.536585365853666,-46.707253061847275,0.75,0.9000000000000057,-0.20000000000000018,-0.27000000000000046,-46,-55,True,True,True,True,MA120上彎且收盤站上、大戶4/8週累積、散戶或總股東下降支撐、近20日未破60日低位區、20日量低於120日均量
8930,,已發動籃,,100,2026-09-09,29.5,-1.5025041736226985,-1.6666666666666718,51.92307692307695,24.8287516909767,29.493293094496384,29.12166147455869,0.15216127993726847,0.26957081117031656,-7.8125,0.8616833180665973,18.959107806691456,-51.9529971209679,0.18000000000000682,1.210000000000008,-0.20000000000000107,-0.5999999999999996,-74,-267,True,True,True,True,MA120上彎且收盤站上、大戶4/8週累積、散戶或總股東下降支撐、近20日未破60日低位區、20日量低於120日均量
8942,森鉅,已發動籃,,100,2026-09-09,41.9,16.388888888888875,-1.1792452830188704,48.936170212765944,29.60436510522676,40.074900793650755,37.94982893607893,2.8628343904879783,0.5672179193793703,-11.050669449836692,11.851758962298975,23.769338959212384,-21.115431333564448,0.7199999999999918,0.8899999999999935,-0.2599999999999998,-0.6600000000000001,-257,-618,True,True,True,True,MA120上彎且收盤站上、大戶4/8週累積、散戶或總股東下降支撐、近20日未破60日低位區、20日量低於120日均量、240扣抵偏有利
9933,中鼎,已發動籃,,100,2026-09-09,40.15,14.911684517252954,3.2498551479277715,43.45529535846887,58.465410249671926,37.73149669148055,34.21190172663355,4.313893092869403,2.3355287917529832,-6.994556343895608,27.562512170528496,28.694404591104707,-55.45708773070261,1.5,1.0599999999999952,-0.29999999999999893,-0.40999999999999837,-405,-1352,True,True,True,True,MA120上彎且收盤站上、大戶4/8週累積、散戶或總股東下降支撐、近20日未破60日低位區、20日量低於120日均量、240扣抵偏有利
1259,,已發動籃,,90,2026-09-09,64.9,6.743421052631593,1.2480499219968966,49.586776859504155,76.34180962722982,51.51499999999998,52.18000000000003,1.6643094431470606,3.1964599144644223,-2.6986506746626615,10.750853242320835,,124.96805792163545,1.3499999999999943,1.4099999999999824,-0.2900000000000009,-0.5600000000000005,-171,-423,True,True,True,True,MA120上彎且收盤站上、大戶4/8週累積、散戶或總股東下降支撐、近20日未破60日低位區、240扣抵偏有利
1303,南亞,已發動籃,,90,2026-09-09,236.5,67.13780918727916,4.878048780487809,68.36363636363636,79.63414136431466,137.97839939939936,98.61781931931935,18.557610701250393,16.935169296839092,-5.400000000000005,535.4059427029714,121.32775383568308,16.98571149030461,2.4199999999999875,2.4599999999999937,-1.2400000000000002,-1.2800000000000002,-40251,-43864,True,True,True,True,MA120上彎且收盤站上、大戶4/8週累積、散戶或總股東下降支撐、近20日未破60日低位區、240扣抵偏有利
1326,台化,已發動籃,,90,2026-09-09,71.8,22.73504273504272,2.865329512893977,70.05988023952095,81.89946088344591,54.79625000000009,44.36505061205271,6.490804896643887,7.034439106020374,-8.184143222506401,156.15721844293273,54.78221973720996,-11.248041933173614,0.8799999999999955,0.6099999999999852,-0.2699999999999996,-0.3100000000000005,-4041,-7549,True,True,True,True,MA120上彎且收盤站上、大戶4/8週累積、散戶或總股東下降支撐、近20日未破60日低位區、240扣抵偏有利
1563,,已發動籃,,90,2026-09-09,78.2,32.54237288135593,18.48484848484848,75.55555555555556,103.49592442869296,54.216666666666704,49.96062500000002,6.328907048008192,2.416806177184072,-11.936936936936926,59.591836734693885,71.09826589595376,-7.519067739063323,4.390000000000001,6.010000000000005,-1.4100000000000001,-2.1799999999999997,-1092,-1647,True,True,True,True,MA120上彎且收盤站上、大戶4/8週累積、散戶或總股東下降支撐、近20日未破60日低位區、240扣抵偏有利
1709,和益,已發動籃,,90,2026-09-09,35.6,52.807943690296625,4.705882352941182,61.82499930044492,79.27333039076551,22.67359077598828,19.48030563689609,13.918479945497907,7.631581337400495,-3.129251700680269,126.38213880043945,83.33461154996552,224.41778741572494,1.0600000000000023,1.6499999999999986,-0.3399999999999981,-0.5999999999999996,-663,-1173,True,True,True,True,MA120上彎且收盤站上、大戶4/8週累積、散戶或總股東下降支撐、近20日未破60日低位區、240扣抵偏有利
2030,彰源,已發動籃,,90,2026-09-09,23.7,39.00293255131964,1.0660980810234477,66.66666666666666,79.14816262846401,18.09754244861483,16.22584729669349,6.962683829197136,4.650255172460782,-1.043841336116913,75.20066591355015,44.27710843373491,66.98668847440617,-0.060000000000002274,2.5800000000000054,-0.4399999999999977,-1.7099999999999973,-508,-1837,True,True,True,True,MA120上彎且收盤站上、大戶4/8週累積、散戶或總股東下降支撐、近20日未破60日低位區、240扣抵偏有利
2031,新光鋼,已發動籃,,90,2026-09-09,44.85,13.544303797468359,-0.22246941045606095,36.666666666666735,35.83893839244405,39.66064371257492,38.26117390219556,3.7624292597253417,0.9024953286364656,-5.5789473684210495,15.094542576813442,27.005347593582883,-8.991465804454768,2.019999999999996,1.480000000000004,-0.490000000000002,-0.6200000000000045,-868,-1263,True,True,True,True,MA120上彎且收盤站上、大戶4/8週累積、散戶或總股東下降支撐、近20日未破60日低位區、240扣抵偏有利
2103,台橡,已發動籃,,90,2026-09-09,26.5,28.32929782082325,-6.194690265486724,40.14598540145983,5.225121843239914,22.149351063829776,19.02046985815597,6.7816351336796865,4.999953996950501,-10.016977928692693,60.7345653520545,46.517412935323364,-10.88334161099931,0.6499999999999986,2.079999999999991,-0.3500000000000014,-1.0299999999999994,-1461,-3536,True,True,True,True,MA120上彎且收盤站上、大戶4/8週累積、散戶或總股東下降支撐、近20日未破60日低位區、240扣抵偏有利
2107,厚生,已發動籃,,90,2026-09-09,26.9,4.873294346978563,0.3731343283581934,66.66666666666657,69.63820245147639,25.111767485822323,24.09948251417759,1.7769230047277373,1.250921160019769,-1.2844036697247763,19.3419882923229,8.565737051792821,-5.908052394235208,0.519999999999996,1.8699999999999974,-0.14999999999999858,-0.4299999999999997,72,-82,True,True,True,True,MA120上彎且收盤站上、大戶4/8週累積、散戶或總股東下降支撐、近20日未破60日低位區、240扣抵偏有利
2301,光寶科,已發動籃,,90,2026-09-09,292.5,59.56666999102425,-5.032467532467533,58.52842809364548,54.54070088054907,214.36448811700163,188.08174749973122,10.755620129453302,7.688410822591485,-10.823170731707322,81.57178469228477,87.55004547212613,5.392804146298036,-1.3899999999999864,1.6599999999999966,1.25,-0.879999999999999,27147,11597,True,True,True,True,MA120上彎且收盤站上、大戶4/8週累積、散戶或總股東下降支撐、近20日未破60日低位區、240扣抵偏有利
2351,順德,已發動籃,,90,2026-09-09,237.5,83.19804956765628,-0.8350730688935326,72.31404958677686,76.99056368315912,172.9649815761449,127.37987598509064,13.587263918754777,9.044033868439726,-3.8461538461538436,201.86042258307003,100.51322005905092,-19.04706279816294,0.3999999999999915,3.950000000000003,0.6899999999999977,-2.110000000000001,2508,639,True,True,True,True,MA120上彎且收盤站上、大戶4/8週累積、散戶或總股東下降支撐、近20日未破60日低位區、240扣抵偏有利
2357,華碩,已發動籃,,90,2026-09-09,979.0,28.646517739816034,-4.4878048780487845,62.22222222222222,61.50597315577821,714.408,637.318125,11.867259854368474,4.988731082478526,-4.951456310679614,50.72204945038028,62.20472440944882,-16.146447540453135,1.7999999999999972,2.9200000000000017,-1.1199999999999992,-2.01,-2832,-9388,True,True,True,True,MA120上彎且收盤站上、大戶4/8週累積、散戶或總股東下降支撐、近20日未破60日低位區、240扣抵偏有利
2421,建準,已發動籃,,90,2026-09-09,167.5,34.53815261044178,-5.89887640449438,65.16129032258064,68.8409726912915,143.63261067708314,144.1577035537133,2.2211649899287034,1.7477588659066567,-10.555630913654957,31.140240389754005,55.27426160337552,12.852593058896389,3.3999999999999915,2.5899999999999963,-3.460000000000001,-3.140000000000004,-5999,-5435,True,True,True,True,MA120上彎且收盤站上、大戶4/8週累積、散戶或總股東下降支撐、近20日未破60日低位區、240扣抵偏有利
2464,盟立,已發動籃,,90,2026-09-09,197.5,62.50685682940207,-6.398104265402848,56.82288609472025,62.162727502887904,141.00290469738027,103.06802168021677,16.62757635846408,10.851142233462507,-11.830357142857139,164.7462700664431,92.12138679955744,9.315279593340907,-1.2199999999999989,9.649999999999999,3.2099999999999973,-5.210000000000001,9878,6459,True,True,True,True,MA120上彎且收盤站上、大戶4/8週累積、散戶或總股東下降支撐、近20日未破60日低位區、240扣抵偏有利
2465,麗臺,已發動籃,,90,2026-09-09,96.1,32.36914600550964,-3.125000000000011,60.49896049896049,57.76230477050014,78.18833333333343,68.23367895086315,9.542628644814833,4.252595346705279,-10.604651162790702,70.18129737331643,59.495548961424326,95.52852844048398,-0.13999999999999346,3.960000000000001,0.14999999999999858,-3.539999999999999,-271,-1638,True,True,True,True,MA120上彎且收盤站上、大戶4/8週累積、散戶或總股東下降支撐、近20日未破60日低位區、240扣抵偏有利
2542,興富發,已發動籃,,90,2026-09-09,48.2,11.445086705202323,-0.720906282183309,49.29577464788736,66.17818669990957,42.33833333333332,40.43463421787711,4.343718551683007,1.8487034371644118,-1.6326530612244872,19.736263248247553,16.8057210965435,-19.880832475278464,1.4799999999999969,2.6799999999999997,-0.049999999999998934,-0.2400000000000002,344,-527,True,True,True,True,MA120上彎且收盤站上、大戶4/8週累積、散戶或總股東下降支撐、近20日未破60日低位區、240扣抵偏有利
2603,長榮,已發動籃,,90,2026-09-09,234.0,16.129032258064523,0.42918454935623185,39.655172413793096,46.09076734027312,202.52275132275068,188.72067743764234,3.9482674858766886,2.753780925373661,-8.771929824561408,37.87326145336489,42.10526315789473,12.20809850102771,3.3800000000000097,5.049999999999997,-1.4600000000000009,-2.3599999999999994,-20419,-36901,True,True,True,True,MA120上彎且收盤站上、大戶4/8週累積、散戶或總股東下降支撐、近20日未破60日低位區、240扣抵偏有利
2606,裕民,已發動籃,,90,2026-09-09,79.7,30.016313213703107,1.9181585677749302,65.78073089700999,87.07851903879636,63.74093750000004,60.409635416666674,3.5155752190432654,2.760898352917285,-0.374999999999992,47.19507502885725,35.36379018612521,77.26178491391711,2.010000000000005,3.549999999999997,-1.0999999999999996,-1.959999999999999,-4155,-7582,True,True,True,True,MA120上彎且收盤站上、大戶4/8週累積、散戶或總股東下降支撐、近20日未破60日低位區、240扣抵偏有利
2617,台航,已發動籃,,90,2026-09-09,33.4,17.398945518453424,2.9275808936825687,66.66666666666666,94.47348030877532,28.907375000000016,28.705072916666666,0.7393069841022948,1.363486387757895,-0.5952380952381042,27.8468899521531,21.332490746592047,141.90980928306413,0.5700000000000003,0.29999999999999716,-0.3200000000000003,-0.4399999999999995,-573,-974,True,True,True,True,MA120上彎且收盤站上、大戶4/8週累積、散戶或總股東下降支撐、近20日未破60日低位區、240扣抵偏有利
2637,慧洋-KY,已發動籃,,90,2026-09-09,100.5,25.0,0.7014028056112176,58.100558659217874,81.08135539984168,77.65866398846313,70.62448341573953,6.088597303478394,4.479756373877075,-6.944444444444442,78.04165024306924,52.542372881355945,90.50602084417054,0.7399999999999949,1.4500000000000028,-0.5099999999999998,-1.17,-1653,-4044,True,True,True,True,MA120上彎且收盤站上、大戶4/8週累積、散戶或總股東下降支撐、近20日未破60日低位區、240扣抵偏有利
2884,玉山金,已發動籃,,90,2026-09-09,44.25,21.232876712328764,1.6073478760046056,83.17307692307692,92.74336544332749,33.94092283502657,32.581070089501644,3.802666901725882,1.9261256968607032,-3.9087947882736063,36.46281857325733,40.55836247931725,9.224940371980006,1.2099999999999937,1.0699999999999932,-0.2900000000000009,-0.28000000000000025,-21039,-24487,True,True,True,True,MA120上彎且收盤站上、大戶4/8週累積、散戶或總股東下降支撐、近20日未破60日低位區、240扣抵偏有利
2886,兆豐金,已發動籃,,90,2026-09-09,50.3,4.558851462242908,1.5136226034308864,73.78048780487802,88.29169946722598,42.65143566050651,40.84121962696804,3.943093536204567,1.7075438417095246,-2.8400989205601412,25.722570794359555,23.448275862068968,0.5190163707699647,0.9000000000000057,1.1100000000000136,-0.2900000000000009,-0.3799999999999999,-17967,-25526,True,True,True,True,MA120上彎且收盤站上、大戶4/8週累積、散戶或總股東下降支撐、近20日未破60日低位區、240扣抵偏有利
2903,遠百,已發動籃,,90,2026-09-09,22.4,0.22371364653241965,0.4484304932735439,39.39393939393939,58.273211975337915,21.810987318840603,21.55944746376811,0.44682979858141625,0.9233857392301648,-3.316912972085395,9.918126783476012,7.510339957631396,-5.159451032862961,0.8000000000000114,0.5600000000000023,-0.20999999999999996,-0.27000000000000046,-1312,-2049,True,True,True,True,MA120上彎且收盤站上、大戶4/8週累積、散戶或總股東下降支撐、近20日未破60日低位區、240扣抵偏有利
3006,晶豪科,已發動籃,,90,2026-09-09,306.5,78.19767441860466,10.053859964093359,72.22222222222223,99.20238665855547,217.66428012519575,164.64304773082915,9.647212223808864,12.412301356256927,-1.4469453376205754,417.55589028064054,93.16770186335404,-10.389732708740896,-8.219999999999999,1.8100000000000023,5.010000000000002,-2.219999999999999,11063,-1397,True,True,True,True,MA120上彎且收盤站上、大戶4/8週累積、散戶或總股東下降支撐、近20日未破60日低位區、240扣抵偏有利
3231,緯創,已發動籃,,90,2026-09-09,189.0,11.504424778761058,-4.545454545454541,59.183673469387756,65.34774915077482,153.7139496248661,143.8701918542339,6.678545615506604,4.518892225278992,-8.252427184466015,64.65803602593112,48.20143884892085,-5.467795006885201,4.029999999999994,7.259999999999991,-1.3800000000000026,-3.7500000000000036,11756,-22082,True,True,True,True,MA120上彎且收盤站上、大戶4/8週累積、散戶或總股東下降支撐、近20日未破60日低位區、240扣抵偏有利
4198,,已發動籃,,90,2026-09-09,49.95,,2.989690721649496,68.90080428954423,103.45826588402633,38.08208333333327,34.68854166666668,2.4882818632397496,1.4624782913378764,-1.8664047151276897,,,7.6174222013802195,0.7399999999999949,1.1099999999999994,-0.2699999999999996,-0.39999999999999947,-42,-93,True,True,True,True,MA120上彎且收盤站上、大戶4/8週累積、散戶或總股東下降支撐、近20日未破60日低位區
4590,富田-創,已發動籃,,90,2026-09-09,93.4,20.51612903225808,4.241071428571441,67.03296703296704,103.63639336235961,80.20499999999996,82.85499999999993,2.545361560672066,0.14605010022055165,-10.19230769230769,3.0905077262693315,38.54595336076816,40.78810592387156,0.6899999999999906,0.4399999999999977,-0.4800000000000004,-0.7600000000000016,-162,-200,True,True,True,True,MA120上彎且收盤站上、大戶4/8週累積、散戶或總股東下降支撐、近20日未破60日低位區、240扣抵偏有利
4767,,已發動籃,,90,2026-09-09,29.4,12.213740458015266,-0.3389830508474634,65.87301587301586,79.64835021900481,26.49874999999995,25.800625000000018,2.106446174841481,0.7189388332696112,-2.970297029702973,2.083333333333326,,114.47171549145531,1.3399999999999963,-0.030000000000001137,-0.0600000000000005,0.29000000000000004,-25,17,True,True,True,True,MA120上彎且收盤站上、大戶4/8週累積、散戶或總股東下降支撐、近20日未破60日低位區
4938,和碩,已發動籃,,90,2026-09-09,91.1,11.097560975609744,-4.507337526205458,53.93258426966289,51.263762107317966,83.02244844253497,75.68392176870745,4.553407076732174,2.714350753100625,-9.353233830845776,37.97169772953908,27.054361567635922,-17.132140427312503,1.7999999999999972,1.6400000000000006,-0.7399999999999984,-0.5699999999999985,-5074,-3561,True,True,True,True,MA120上彎且收盤站上、大戶4/8週累積、散戶或總股東下降支撐、近20日未破60日低位區、240扣抵偏有利
5876,上海商銀,已發動籃,,90,2026-09-09,47.5,7.102593010146552,2.5917926565874883,69.74358974358974,93.77245419185664,40.403437500000024,39.32579787234054,2.827190147739289,0.9245386897732244,-2.564102564102566,20.21269435283033,24.274556598145015,-19.888424596744702,0.7800000000000011,0.5999999999999943,-0.13000000000000012,-0.13000000000000012,-2759,-3188,True,True,True,True,MA120上彎且收盤站上、大戶4/8週累積、散戶或總股東下降支撐、近20日未破60日低位區、240扣抵偏有利
6214,精誠,已發動籃,,90,2026-09-09,187.5,30.208333333333325,1.0781671159029615,74.19354838709677,79.24492450659072,136.10895390070934,125.66883865248205,9.887450659013064,4.6699032710625366,0.0,57.93010752688173,47.058823529411775,63.40202335577323,2.799999999999997,2.539999999999999,-1.5,-0.8699999999999974,-2032,-986,True,True,True,True,MA120上彎且收盤站上、大戶4/8週累積、散戶或總股東下降支撐、近20日未破60日低位區、240扣抵偏有利
6416,瑞祺電通,已發動籃,,90,2026-09-09,105.5,14.301191765980503,4.975124378109452,55.68181818181818,94.54646387178074,87.4390163398691,84.31613562091495,4.100401222670125,1.6093816174664433,-3.65296803652968,25.844341740887657,42.88163173407567,26.12915719761686,-0.1600000000000037,1.0699999999999932,0.21999999999999886,-0.3099999999999987,-32,-22,True,True,True,True,MA120上彎且收盤站上、大戶4/8週累積、散戶或總股東下降支撐、近20日未破60日低位區、240扣抵偏有利
8093,保銳,已發動籃,,90,2026-09-09,26.15,41.351351351351354,-0.7590132827324569,72.61146496815284,52.623232083580795,19.789583333333294,18.151874999999972,5.944679901851435,4.5840835433922145,-9.67184801381693,68.16720257234725,,167.41706112271436,17.75999999999999,17.75999999999999,-4.880000000000001,-5.250000000000002,-58,-114,True,True,True,True,MA120上彎且收盤站上、大戶4/8週累積、散戶或總股東下降支撐、近20日未破60日低位區、240扣抵偏有利
3441,聯一光,已發動籃,,70,2026-09-09,143.5,69.22169811320755,0.34965034965035446,70.96188747731398,81.05756988204016,66.14251678876671,50.18376697954833,26.681513115926702,16.10141287865481,-0.347222222222221,318.27633378932967,131.5112540192926,115.22874708688842,3.279999999999994,2.259999999999998,-0.0799999999999983,-0.7999999999999972,1149,1099,True,False,True,True,MA120上彎且收盤站上、大戶4/8週累積、近20日未破60日低位區、240扣抵偏有利
4939,,已發動籃,,70,2026-09-09,90.7,81.58158158158157,3.1854379977246827,71.53846153846155,77.06411866543992,53.786063904494405,42.626112086454405,15.747383768109868,12.28978389407418,-4.726890756302515,317.05548176547956,107.40740740740745,46.84110695015071,8.829999999999998,6.569999999999997,-0.1599999999999966,0.46000000000000796,2576,2940,True,False,True,True,MA120上彎且收盤站上、大戶4/8週累積、近20日未破60日低位區、240扣抵偏有利
5274,信驊,已發動籃,,70,2026-09-09,18605.0,44.11309062742062,6.496851745850019,70.73347857661582,84.47698457645994,14856.317803196313,10662.163420833494,9.696150866657272,10.665747160216377,-6.0116190957312465,312.8492240297768,66.62457912457913,11.009795951989098,1.8099999999999952,2.1000000000000014,0.4499999999999993,1.8200000000000003,614,18536,True,False,True,True,MA120上彎且收盤站上、大戶4/8週累積、近20日未破60日低位區、240扣抵偏有利
1342,八貫,空轉多觀察籃,,100,2026-09-09,101.5,-1.4563106796116498,-0.9756097560975618,33.33333333333333,11.724261544147643,100.67583333333326,92.32069907890168,1.8166871899033321,1.909139438196572,-16.803278688524593,22.75985663082436,27.502634351949418,-71.53742858431715,1.5399999999999991,2.240000000000002,-0.6899999999999977,-1.1699999999999982,-8,-150,True,True,True,True,MA120上彎且收盤站上、大戶4/8週累積、散戶或總股東下降支撐、近20日未破60日低位區、20日量低於120日均量、240扣抵偏有利
1527,鑽全,空轉多觀察籃,,100,2026-09-09,32.7,2.152030544949679,0.0,40.0,38.83231949367509,31.82225925925928,31.860944444444304,0.5035406343167459,0.4931814099784271,-12.02845698571171,3.8571478985072405,5.921586618202346,-45.73307437477082,0.8100000000000023,1.1500000000000021,-0.6300000000000026,-1.3100000000000058,-362,315,True,True,True,True,MA120上彎且收盤站上、大戶4/8週累積、散戶或總股東下降支撐、近20日未破60日低位區、20日量低於120日均量、240扣抵偏有利
1605,華新,空轉多觀察籃,,100,2026-09-09,38.35,30.664395229982965,-0.13020833333332593,61.19402985074626,52.79915813982823,34.74527059386972,33.18032746647511,2.328405163535896,4.1200955656848,-16.324649675538407,75.2659364904263,49.02998236331568,-37.29309265012102,1.9100000000000108,2.6299999999999955,-1.0199999999999996,-1.5500000000000007,-15307,-25616,True,True,True,True,MA120上彎且收盤站上、大戶4/8週累積、散戶或總股東下降支撐、近20日未破60日低位區、20日量低於120日均量、240扣抵偏有利
1721,三晃,空轉多觀察籃,,100,2026-09-09,23.7,25.396825396825395,16.176470588235304,75.60975609756096,107.40175463421141,23.148333333333326,18.789375000000003,1.8871384818530235,3.4218221432257057,-34.166666666666664,83.01158301158303,61.38888888888889,-74.26832087750324,-3.460000000000001,1.8299999999999983,1.759999999999998,-0.17999999999999972,197,-390,True,True,True,True,MA120上彎且收盤站上、大戶4/8週累積、散戶或總股東下降支撐、近20日未破60日低位區、20日量低於120日均量、240扣抵偏有利
1733,五鼎,空轉多觀察籃,,100,2026-09-09,31.35,-2.0312499999999956,-3.091190108191655,35.849056603773576,28.493140010005156,29.63346014492753,29.84388586956522,1.9250756446619555,0.7408265801079672,-15.310077519379849,6.58536585365852,16.96113074204948,-27.224495884015308,0.990000000000002,0.5899999999999963,-0.34999999999999787,-0.379999999999999,-162,-174,True,True,True,True,MA120上彎且收盤站上、大戶4/8週累積、散戶或總股東下降支撐、近20日未破60日低位區、20日量低於120日均量、240扣抵偏有利
2316,楠梓電,空轉多觀察籃,,100,2026-09-09,161.0,17.948717948717952,3.8709677419354938,55.445544554455445,59.98669327421203,150.8860817307694,124.90367387820518,7.459397241637533,4.012222987753877,-34.58225078627103,67.93709379764101,93.78785584494247,-61.91973109543562,1.1499999999999915,4.419999999999995,-0.6400000000000006,-3.0899999999999963,-593,-3074,True,True,True,True,MA120上彎且收盤站上、大戶4/8週累積、散戶或總股東下降支撐、近20日未破60日低位區、20日量低於120日均量、240扣抵偏有利
2317,鴻海,空轉多觀察籃,,100,2026-09-09,252.0,6.329113924050622,-1.5625,56.17977528089887,54.71399699721521,238.49753696236561,229.78644321236578,2.486925120509764,1.904092475907082,-17.35244284787063,20.985235178408512,21.19205298013245,-44.41947463782952,1.1300000000000239,3.950000000000017,-0.2799999999999976,-1.9799999999999986,28432,-88337,True,True,True,True,MA120上彎且收盤站上、大戶4/8週累積、散戶或總股東下降支撐、近20日未破60日低位區、20日量低於120日均量、240扣抵偏有利
2360,致茂,空轉多觀察籃,,100,2026-09-09,2335.0,27.247956403269757,15.02463054187193,62.913907284768214,87.99834699135879,2076.768037634407,1474.2226801075265,6.830711442570259,9.844018607032812,-15.751359140020227,310.2351066265566,43.93063583815029,-32.07627356574512,0.6400000000000006,-1.2000000000000028,-0.10999999999999988,0.22999999999999998,-801,10294,True,True,True,True,MA120上彎且收盤站上、大戶4/8週累積、散戶或總股東下降支撐、近20日未破60日低位區、20日量低於120日均量、240扣抵偏有利
2376,技嘉,空轉多觀察籃,,100,2026-09-09,349.5,12.729237707491126,-3.185595567867039,53.459119496855344,38.66806699288532,312.28169886082236,278.39288942545795,7.760279911547241,2.805038112277569,-13.059701492537313,32.271715047293426,33.61088064477895,-26.71761422998816,-0.23999999999999488,3.480000000000004,-0.040000000000000924,-2.58,10095,1553,True,True,True,True,MA120上彎且收盤站上、大戶4/8週累積、散戶或總股東下降支撐、近20日未破60日低位區、20日量低於120日均量、240扣抵偏有利
2379,瑞昱,空轉多觀察籃,,100,2026-09-09,705.0,-1.0791990022172904,2.389272281014909,58.89983072880137,59.615504527593664,629.8145061728388,561.0658264746222,6.905273951083579,3.1401899738177086,-24.738607075913777,39.054383116883116,53.72424722662441,-44.501232707488136,0.9500000000000028,1.5799999999999983,-0.45999999999999996,-0.9500000000000002,-1746,-3676,True,True,True,True,MA120上彎且收盤站上、大戶4/8週累積、散戶或總股東下降支撐、近20日未破60日低位區、20日量低於120日均量、240扣抵偏有利
2399,映泰,空轉多觀察籃,,100,2026-09-09,45.8,41.14021571648687,-3.1712473572938715,55.018587360594786,42.58448220302342,42.99708333333332,33.194166666666675,9.31114477294157,7.342706810480171,-20.347826086956523,144.26666666666662,91.66666666666667,-50.464873432039134,8.29,4.560000000000002,-6.049999999999997,-3.6899999999999977,-4921,-2839,True,True,True,True,MA120上彎且收盤站上、大戶4/8週累積、散戶或總股東下降支撐、近20日未破60日低位區、20日量低於120日均量、240扣抵偏有利
2425,承啟,空轉多觀察籃,,100,2026-09-09,37.5,-15.062287655719143,-1.055408970976246,42.36111111111108,35.99182614416363,36.72052935943068,33.19851917754058,4.75688169032169,1.1566152996283607,-29.111531190926275,17.466186087990486,46.13259668508285,-41.287351584037104,1.240000000000009,2.2900000000000063,-1.0700000000000003,-2.3100000000000023,-739,177,True,True,True,True,MA120上彎且收盤站上、大戶4/8週累積、散戶或總股東下降支撐、近20日未破60日低位區、20日量低於120日均量、240扣抵偏有利
2476,鉅祥,空轉多觀察籃,,100,2026-09-09,120.0,15.905983344551666,-0.8264462809917328,50.87719298245614,37.08856621870061,114.61808593749998,102.03909902343743,6.604418583724292,1.9671780410895234,-12.242612610553739,6.372590775086384,39.303482587064664,-58.38177217225924,2.520000000000003,5.93,-1.0600000000000005,-1.6099999999999994,-1360,-583,True,True,True,True,MA120上彎且收盤站上、大戶4/8週累積、散戶或總股東下降支撐、近20日未破60日低位區、20日量低於120日均量、240扣抵偏有利
2484,希華,空轉多觀察籃,,100,2026-09-09,70.5,19.984916372632355,0.14204545454543638,50.074283937394206,24.514518438093752,57.934412854030455,40.58987309368194,15.207856399116038,11.910023905652789,-30.24406332453825,240.43567181325832,79.89417989417989,-44.62965954229263,7.539999999999999,1.0400000000000027,-1.1899999999999977,2.4000000000000057,1991,4207,True,True,True,True,MA120上彎且收盤站上、大戶4/8週累積、散戶或總股東下降支撐、近20日未破60日低位區、20日量低於120日均量、240扣抵偏有利
2493,揚博,空轉多觀察籃,,100,2026-09-09,180.0,2.2727272727272707,-0.8264462809917328,47.368421052631575,40.06667414481394,179.8282716049381,141.64949382716057,7.936183774037242,3.3779528667067016,-45.784342161040584,48.54208692462865,105.57734204793027,-48.01382109250119,5.599999999999994,3.1299999999999955,-3.0699999999999967,-0.2799999999999976,-1189,1114,True,True,True,True,MA120上彎且收盤站上、大戶4/8週累積、散戶或總股東下降支撐、近20日未破60日低位區、20日量低於120日均量、240扣抵偏有利
2527,宏璟,空轉多觀察籃,,100,2026-09-09,44.0,9.336042109151354,2.4447031431897415,58.34138553963789,89.26766821048368,37.65450168918912,32.163450168918956,6.560887729141807,5.151246526727715,-12.426035502958577,81.06744150481727,35.94771241830064,-31.27762394065108,0.29999999999999716,1.1899999999999977,-0.25,-0.7199999999999998,-262,-811,True,True,True,True,MA120上彎且收盤站上、大戶4/8週累積、散戶或總股東下降支撐、近20日未破60日低位區、20日量低於120日均量、240扣抵偏有利
3014,聯陽,空轉多觀察籃,,100,2026-09-09,131.0,8.264462809917351,-0.38022813688213253,51.515151515151516,48.47256528031657,130.07326900108598,122.9086609663409,2.35916761312438,0.4062800378495268,-18.89539468138355,5.86937030140009,36.881190305305566,-65.04687029660994,2.1899999999999977,1.1299999999999955,-1.990000000000002,-0.7199999999999989,-1872,-216,True,True,True,True,MA120上彎且收盤站上、大戶4/8週累積、散戶或總股東下降支撐、近20日未破60日低位區、20日量低於120日均量、240扣抵偏有利
3016,嘉晶,空轉多觀察籃,,100,2026-09-09,100.0,29.62026345953943,-0.990099009900991,45.70475697412621,36.08333934205458,99.35908968553954,77.59939128737174,7.724244364672872,7.202443365486921,-34.24805120730085,147.47965966255774,109.6087237533352,-30.90935721864929,-3.5,3.799999999999983,2.5100000000000016,-1.9099999999999984,5205,1490,True,True,True,True,MA120上彎且收盤站上、大戶4/8週累積、散戶或總股東下降支撐、近20日未破60日低位區、20日量低於120日均量、240扣抵偏有利
3088,艾訊,空轉多觀察籃,,100,2026-09-09,126.5,-5.243445692883897,-0.3937007874015741,52.23880597014925,57.74263999155599,121.90575542372885,99.98473576271182,6.665191508412516,3.6929363835053186,-20.44025157232704,56.63079530794703,39.47368421052631,-54.773838146002696,0.259999999999998,3.6400000000000006,-0.740000000000002,-1.4700000000000024,575,1172,True,True,True,True,MA120上彎且收盤站上、大戶4/8週累積、散戶或總股東下降支撐、近20日未破60日低位區、20日量低於120日均量、240扣抵偏有利
3147,,空轉多觀察籃,,100,2026-09-09,226.5,11.345568265986339,1.342281879194629,60.22727272727273,95.87077094504954,211.52629278273818,190.29725632440469,3.8338616722262797,1.5125402129122945,-33.730407523510976,26.43304364078123,79.53964194373401,-47.16261489328789,6.710000000000001,6.780000000000001,-8.570000000000004,-10.060000000000002,-1970,-2457,True,True,True,True,MA120上彎且收盤站上、大戶4/8週累積、散戶或總股東下降支撐、近20日未破60日低位區、20日量低於120日均量、240扣抵偏有利
3213,茂訊,空轉多觀察籃,,100,2026-09-09,126.5,4.115226337448563,-1.9379844961240345,40.0,31.621930685228115,117.03062414266115,107.67766975308632,5.088165050179372,1.7669800355102572,-13.945578231292522,6.534622582657512,28.947368421052634,-55.75649619940511,5.359999999999999,5.329999999999998,-3.240000000000009,-4.420000000000002,-1248,-1998,True,True,True,True,MA120上彎且收盤站上、大戶4/8週累積、散戶或總股東下降支撐、近20日未破60日低位區、20日量低於120日均量、240扣抵偏有利
3228,金麗科,空轉多觀察籃,,100,2026-09-09,173.5,28.044280442804425,-0.2873563218390829,74.24242424242425,74.54638893641098,169.77083333333334,153.35833333333332,2.826498422712942,0.7500273732617968,-33.778625954198475,24.372759856630832,57.48031496062993,-51.36317298505146,0.75,1.0899999999999999,0.6899999999999977,-0.759999999999998,191,-322,True,True,True,True,MA120上彎且收盤站上、大戶4/8週累積、散戶或總股東下降支撐、近20日未破60日低位區、20日量低於120日均量、240扣抵偏有利
3285,微端,空轉多觀察籃,,100,2026-09-09,41.55,13.679890560875506,1.3414634146341475,71.7073170731707,74.25635014838609,35.15333333333335,31.3445833333333,5.075162218375251,3.9456139502428433,-22.336448598130843,66.19999999999999,51.34370579915133,-60.436875111942626,0.3500000000000085,1.3800000000000026,-0.46000000000000085,-0.8400000000000016,-212,-363,True,True,True,True,MA120上彎且收盤站上、大戶4/8週累積、散戶或總股東下降支撐、近20日未破60日低位區、20日量低於120日均量、240扣抵偏有利
3338,泰碩,空轉多觀察籃,,100,2026-09-09,68.1,20.105820105820094,4.128440366972463,69.00584795321633,95.36848662029475,67.84864416221048,60.08126559714799,2.0380981907635487,0.22196729204224663,-26.50637349319368,14.932818898703747,42.2979797979798,-77.51657087136576,1.9400000000000013,2.8000000000000007,-0.07000000000000739,-1.8800000000000026,399,-249,True,True,True,True,MA120上彎且收盤站上、大戶4/8週累積、散戶或總股東下降支撐、近20日未破60日低位區、20日量低於120日均量、240扣抵偏有利
3591,艾笛森,空轉多觀察籃,,100,2026-09-09,23.65,27.83783783783782,-5.020080321285136,75.19379844961242,83.00961156841937,23.173749999999988,20.86520833333333,2.380163463662499,1.4392496860186954,-20.903010033444815,31.38888888888889,61.111111111111114,-63.733989244862464,4.720000000000006,5.630000000000003,-3.2399999999999984,-2.960000000000001,-2094,-1957,True,True,True,True,MA120上彎且收盤站上、大戶4/8週累積、散戶或總股東下降支撐、近20日未破60日低位區、20日量低於120日均量、240扣抵偏有利
3706,神達,空轉多觀察籃,,100,2026-09-09,81.8,9.074137388891623,0.5840423705130382,59.33988091516297,69.02840408576233,76.37988134355611,76.42186176524264,2.262420929066189,0.4870818566903745,-14.64198239199581,5.847826157820868,14.730538922155677,-35.63139693815375,2.6300000000000026,3.980000000000004,-1.259999999999998,-2.049999999999997,-3916,-8279,True,True,True,True,MA120上彎且收盤站上、大戶4/8週累積、散戶或總股東下降支撐、近20日未破60日低位區、20日量低於120日均量、240扣抵偏有利
4556,旭然,空轉多觀察籃,,100,2026-09-09,78.2,-17.68421052631579,7.270233196159115,55.1829268292683,62.51511704940784,62.29458333333339,43.37708333333334,14.484041901494727,10.794199813755556,-43.333333333333336,240.0,109.09090909090908,-31.240539075275954,1.079999999999984,-2.3400000000000176,-1.129999999999999,0.9500000000000011,-200,277,True,True,True,True,MA120上彎且收盤站上、大戶4/8週累積、散戶或總股東下降支撐、近20日未破60日低位區、20日量低於120日均量、240扣抵偏有利
4916,事欣科,空轉多觀察籃,,100,2026-09-09,96.0,7.0234113712374535,-1.336073997944498,40.46242774566475,12.8528055730186,89.69169807834443,73.19325341832955,7.866031110614902,4.199142704928116,-24.286182700504956,47.38185810207052,36.72768878718535,-67.57897419257259,7.43,14.96,-3.9000000000000057,-9.340000000000003,-243,-3361,True,True,True,True,MA120上彎且收盤站上、大戶4/8週累積、散戶或總股東下降支撐、近20日未破60日低位區、20日量低於120日均量、240扣抵偏有利
4931,新盛力,空轉多觀察籃,,100,2026-09-09,252.5,45.114942528735625,0.5976095617529875,42.54545454545455,36.56226016750845,207.2072475282487,178.12656691384183,10.781487678195978,4.836397455508257,-12.326388888888884,52.816422828860475,80.0,-38.70192831763589,0.259999999999998,9.439999999999998,1.6000000000000014,-5.829999999999998,3345,3445,True,True,True,True,MA120上彎且收盤站上、大戶4/8週累積、散戶或總股東下降支撐、近20日未破60日低位區、20日量低於120日均量、240扣抵偏有利
5210,寶碩,空轉多觀察籃,,100,2026-09-09,28.45,0.0,-1.7271157167530249,47.87234042553191,26.03223932211085,27.329999999999988,25.070416666666695,4.689245698598632,0.41722992706823003,-14.436090225563913,4.595588235294112,21.794871794871785,-70.39280091196072,1.0900000000000034,1.3900000000000006,-0.7600000000000016,-1.3900000000000023,-203,-166,True,True,True,True,MA120上彎且收盤站上、大戶4/8週累積、散戶或總股東下降支撐、近20日未破60日低位區、20日量低於120日均量、240扣抵偏有利
5328,華容,空轉多觀察籃,,100,2026-09-09,58.8,-8.837209302325588,-3.60655737704918,36.8421052631579,13.12628031526174,47.11958333333333,34.498749999999994,14.369077357173943,13.484037484684297,-33.78378378378378,352.3076923076923,84.2323651452282,-61.62844328178089,1.769999999999996,4.989999999999995,-2.3599999999999994,-3.3599999999999994,-492,-737,True,True,True,True,MA120上彎且收盤站上、大戶4/8週累積、散戶或總股東下降支撐、近20日未破60日低位區、20日量低於120日均量、240扣抵偏有利
6121,,空轉多觀察籃,,100,2026-09-09,383.0,10.057471264367823,-3.5264483627204024,42.20779220779222,13.89398340816452,377.6181975822432,358.2771767998583,3.401015058743062,0.7833912743127946,-19.068581263583706,8.6296999770904,39.18829124991257,-37.664012766486834,1.049999999999983,1.6099999999999852,-1.6899999999999995,-1.7799999999999976,-2136,-1463,True,True,True,True,MA120上彎且收盤站上、大戶4/8週累積、散戶或總股東下降支撐、近20日未破60日低位區、20日量低於120日均量、240扣抵偏有利
6136,富爾特,空轉多觀察籃,,100,2026-09-09,24.65,2.494802494802495,-0.8048289738430747,45.6140350877193,31.752632294538646,24.261966931216985,23.49811144179894,1.4375452951186585,0.9408407227827764,-12.40869736879212,9.257650216517233,11.37339055793991,-51.23741073976913,1.6199999999999974,1.1999999999999886,-0.5799999999999983,0.7300000000000004,-355,1085,True,True,True,True,MA120上彎且收盤站上、大戶4/8週累積、散戶或總股東下降支撐、近20日未破60日低位區、20日量低於120日均量、240扣抵偏有利
6166,凌華,空轉多觀察籃,,100,2026-09-09,115.5,-16.90647482014388,-4.938271604938271,42.857142857142854,30.265268293101077,111.82702214022156,86.55224723247223,9.566556930025861,5.833689417508192,-33.620689655172406,86.15338317961549,58.18181818181818,-39.4578367332548,1.0300000000000011,3.3500000000000085,0.3099999999999996,-0.8500000000000005,1377,1054,True,True,True,True,MA120上彎且收盤站上、大戶4/8週累積、散戶或總股東下降支撐、近20日未破60日低位區、20日量低於120日均量、240扣抵偏有利
6227,,空轉多觀察籃,,100,2026-09-09,117.0,9.566145092460875,3.083700440528636,53.92296718972895,64.18771075722185,107.92174050632894,95.40612341772164,5.623471806915292,2.377390076857422,-14.952153110047862,33.64661654135337,35.00000000000001,-39.03707254256168,0.6900000000000119,1.1600000000000108,0.6699999999999999,-1.450000000000001,695,-231,True,True,True,True,MA120上彎且收盤站上、大戶4/8週累積、散戶或總股東下降支撐、近20日未破60日低位區、20日量低於120日均量、240扣抵偏有利
6271,同欣電,空轉多觀察籃,,100,2026-09-09,226.5,52.01342281879195,-4.430379746835444,64.8780487804878,78.76300876107318,202.49718749999954,166.11911458333358,4.493132733116578,5.346744798741332,-25.0,105.7103933700403,112.67605633802815,-40.29622920332581,3.6500000000000057,-2.1799999999999926,-1.8900000000000006,3.5599999999999987,3537,9104,True,True,True,True,MA120上彎且收盤站上、大戶4/8週累積、散戶或總股東下降支撐、近20日未破60日低位區、20日量低於120日均量、240扣抵偏有利
6409,旭隼,空轉多觀察籃,,100,2026-09-09,926.0,0.3250270855904569,-4.041450777202071,27.016129032258064,-7.396618975456176,866.9574721108896,915.3568786740137,3.6843082783723835,0.329996407925659,-30.33098939180251,-3.470647952497452,53.33333333333332,-51.03775114539146,5.220000000000006,2.5400000000000063,-1.17,0.629999999999999,-901,992,True,True,True,True,MA120上彎且收盤站上、大戶4/8週累積、散戶或總股東下降支撐、近20日未破60日低位區、20日量低於120日均量
6414,樺漢,空轉多觀察籃,,100,2026-09-09,378.5,-13.28751431844215,-4.177215189873418,34.810126582278485,20.590130219662733,361.15460932721686,319.7898367737002,6.419236358782321,2.5641489229101477,-27.490421455938694,30.246981982024668,45.8100558659218,-20.169697514491713,-0.10999999999999943,6.609999999999999,-1.1199999999999992,-4.229999999999999,-488,-2483,True,True,True,True,MA120上彎且收盤站上、大戶4/8週累積、散戶或總股東下降支撐、近20日未破60日低位區、20日量低於120日均量、240扣抵偏有利
6509,聚和,空轉多觀察籃,,100,2026-09-09,45.8,11.408416443687663,-2.1367521367521403,41.30434782608694,36.77019209329938,45.66255205882352,39.529392254901985,2.8514074486043484,2.84019041148158,-20.019295627420174,41.339035786767944,44.21437271619977,-76.63413680568813,4.240000000000002,7.530000000000001,-3.0,-5.030000000000001,-2593,-4756,True,True,True,True,MA120上彎且收盤站上、大戶4/8週累積、散戶或總股東下降支撐、近20日未破60日低位區、20日量低於120日均量、240扣抵偏有利
6548,長科*,空轉多觀察籃,,100,2026-09-09,71.7,20.30201342281879,-4.654255319148937,52.05992509363298,39.79909046594561,67.26957109176642,55.12651260659004,6.82207417291254,6.4938886239688465,-31.057692307692307,114.7729063707685,86.37992831541219,-68.85748581451669,3.6400000000000006,2.8900000000000006,-1.799999999999999,-1.1999999999999993,-5024,-1851,True,True,True,True,MA120上彎且收盤站上、大戶4/8週累積、散戶或總股東下降支撐、近20日未破60日低位區、20日量低於120日均量、240扣抵偏有利
6651,全宇昕,空轉多觀察籃,,100,2026-09-09,142.0,26.785714285714278,-5.960264900662249,52.52525252525253,37.33226184440513,126.17996974697468,101.62218417675099,7.370185753384151,6.664013028024041,-19.999999999999996,115.58236365974604,66.66666666666667,-41.76385114705256,1.0599999999999952,1.5499999999999972,-1.1199999999999992,-1.2899999999999991,-261,-340,True,True,True,True,MA120上彎且收盤站上、大戶4/8週累積、散戶或總股東下降支撐、近20日未破60日低位區、20日量低於120日均量、240扣抵偏有利
6658,聯策,空轉多觀察籃,,100,2026-09-09,176.5,27.898550724637673,-0.8426966292134797,57.961783439490446,72.38436654059021,156.44500000000005,106.04333333333335,13.09140853724655,8.822850301449492,-32.11538461538461,187.92822185970638,102.33463035019454,-69.90784596381904,0.5,2.759999999999998,0.7899999999999956,-2.9700000000000024,407,1023,True,True,True,True,MA120上彎且收盤站上、大戶4/8週累積、散戶或總股東下降支撐、近20日未破60日低位區、20日量低於120日均量、240扣抵偏有利
6712,,空轉多觀察籃,,100,2026-09-09,158.0,7.849829351535842,0.6369426751592355,58.10810810810811,66.20549599511037,142.72471590045026,146.52441883810025,2.178588989366337,0.5406376833412496,-14.130434782608692,4.968347760562097,34.30656934306568,-33.67089675871967,1.8899999999999935,3.0899999999999963,-1.2499999999999964,-1.4699999999999989,371,353,True,True,True,True,MA120上彎且收盤站上、大戶4/8週累積、散戶或總股東下降支撐、近20日未破60日低位區、20日量低於120日均量、240扣抵偏有利
6756,威鋒電子,空轉多觀察籃,,100,2026-09-09,99.3,15.063731170336037,-2.1674876847290636,55.61497326203208,44.29931993164397,92.95595732797143,87.11712354781051,4.358500237005192,0.981317557714334,-14.02597402597403,14.089238052847918,33.734939759036145,-59.743324717497025,-0.2600000000000051,1.2299999999999969,0.16000000000000014,0.3299999999999983,-9,220,True,True,True,True,MA120上彎且收盤站上、大戶4/8週累積、散戶或總股東下降支撐、近20日未破60日低位區、20日量低於120日均量、240扣抵偏有利
7828,創新服務,空轉多觀察籃,,100,2026-09-09,2080.0,61.240310077519375,7.772020725388606,71.71717171717171,105.31935228344513,1606.125,1086.15,8.031680548860454,11.110116554885652,-17.131474103585653,372.72727272727275,109.16666666666669,-29.320144390200788,1.009999999999998,0.9299999999999997,-4.109999999999999,-2.3999999999999986,-2509,1960,True,True,True,True,MA120上彎且收盤站上、大戶4/8週累積、散戶或總股東下降支撐、近20日未破60日低位區、20日量低於120日均量、240扣抵偏有利
8016,矽創,空轉多觀察籃,,100,2026-09-09,284.0,7.372400756143671,-3.236797274275982,44.44444444444444,15.272708024140439,269.7844991364423,227.7029576856649,7.123383877012746,3.6543294070894072,-24.568393094289508,44.62014740286009,50.0,-56.67408129086158,-1.0300000000000011,2.980000000000004,0.45000000000000284,-2.669999999999998,1047,725,True,True,True,True,MA120上彎且收盤站上、大戶4/8週累積、散戶或總股東下降支撐、近20日未破60日低位區、20日量低於120日均量、240扣抵偏有利
8150,南茂,空轉多觀察籃,,100,2026-09-09,91.5,25.514403292181065,1.5538290788013276,58.57142857142854,71.08710759392719,85.77642051282054,65.84572538461546,6.154475445659302,9.010643115180027,-26.8,245.78005888289934,90.25875190258752,-40.314325838757526,0.06999999999999318,4.13000000000001,0.6900000000000013,-1.1599999999999966,9187,8760,True,True,True,True,MA120上彎且收盤站上、大戶4/8週累積、散戶或總股東下降支撐、近20日未破60日低位區、20日量低於120日均量、240扣抵偏有利
8473,山林水,空轉多觀察籃,,100,2026-09-09,39.95,11.286651173155903,-1.6196781751532052,48.27328907341153,24.323280666546754,38.27346071428577,35.85668273809519,3.199823964854609,1.96097471474177,-21.398938681896883,27.908412728179187,31.7380352644836,-49.049317120311365,1.8499999999999943,2.450000000000003,-0.5999999999999996,-1.129999999999999,244,-248,True,True,True,True,MA120上彎且收盤站上、大戶4/8週累積、散戶或總股東下降支撐、近20日未破60日低位區、20日量低於120日均量、240扣抵偏有利
9939,宏全,空轉多觀察籃,,100,2026-09-09,127.5,-1.9230769230769273,-3.041825095057038,32.0,-4.375252778105606,121.34582026143795,119.3329558823548,2.2414815449133485,0.13989491036741075,-12.371134020618557,4.293307585463579,25.43103448275863,-45.24824303327467,0.9500000000000028,0.28999999999999915,-0.6799999999999997,-0.7300000000000004,-1263,-1750,True,True,True,True,MA120上彎且收盤站上、大戶4/8週累積、散戶或總股東下降支撐、近20日未破60日低位區、20日量低於120日均量、240扣抵偏有利
1808,潤隆,空轉多觀察籃,,90,2026-09-09,35.1,11.783439490445868,1.1527377521613813,52.60869565217392,58.40697794293679,31.265416666666674,32.20505600354104,2.2260670544800742,1.006351140522277,-19.054150667544945,15.793854801939911,27.702702702702698,37.73653850671317,0.6800000000000068,0.6299999999999955,-0.2599999999999998,-0.45999999999999996,-897,-1594,True,True,True,True,MA120上彎且收盤站上、大戶4/8週累積、散戶或總股東下降支撐、近20日未破60日低位區、240扣抵偏有利
2049,上銀,空轉多觀察籃,,90,2026-09-09,370.5,27.53872633390706,2.066115702479343,51.574803149606296,73.6380894347059,325.28916908563116,269.4542120222549,6.896388628657735,4.88327829016495,-12.520304307597407,76.6177742415332,44.982078853046595,-15.920247848927483,-2.1499999999999915,2.6899999999999977,1.2600000000000016,-2.4300000000000015,7012,1297,True,True,True,True,MA120上彎且收盤站上、大戶4/8週累積、散戶或總股東下降支撐、近20日未破60日低位區、240扣抵偏有利
2305,全友,空轉多觀察籃,,90,2026-09-09,35.0,27.504553734061933,13.452188006482979,78.2608695652174,108.16079438275274,25.33125,18.616041666666664,11.878910563121092,8.702845394936954,-17.936694021101996,216.74208144796378,65.95330739299612,18.021484988109314,1.9199999999999875,-0.5400000000000063,-0.7899999999999991,0.040000000000000924,-602,-5,True,True,True,True,MA120上彎且收盤站上、大戶4/8週累積、散戶或總股東下降支撐、近20日未破60日低位區、240扣抵偏有利
2344,華邦電,空轉多觀察籃,,90,2026-09-09,183.0,40.76923076923078,5.1724137931034475,54.88721804511278,70.33281331525113,146.99085069444448,111.04197157118054,8.166817509226455,13.516196002141289,-21.627408993576015,635.8324607329844,99.57264957264957,-18.775788769204947,4.849999999999994,10.059999999999988,-2.549999999999999,-5.580000000000004,-14815,-64725,True,True,True,True,MA120上彎且收盤站上、大戶4/8週累積、散戶或總股東下降支撐、近20日未破60日低位區、240扣抵偏有利
2428,興勤,空轉多觀察籃,,90,2026-09-09,248.5,21.750017983898108,-4.423076923076918,43.03504702420708,36.57263265263377,231.2793270502647,201.74617972883593,6.433773860729697,4.627788087474638,-29.997926386149377,73.10036570499796,85.45918367346938,-0.7626914457654399,0.1600000000000108,3.9100000000000037,0.5500000000000007,-2.2300000000000004,1847,147,True,True,True,True,MA120上彎且收盤站上、大戶4/8週累積、散戶或總股東下降支撐、近20日未破60日低位區、240扣抵偏有利
2436,偉詮電,空轉多觀察籃,,90,2026-09-09,69.0,33.204633204633204,5.828220858895694,62.44541484716156,77.43841552940772,66.50483962703963,58.14640250582751,2.3279731953324667,2.4825310942631074,-15.942203811915013,26.91373878845034,59.55734406438631,-17.52080684644868,1.7199999999999989,0.05000000000000071,-2.1199999999999974,-0.9299999999999926,-2403,-1180,True,True,True,True,MA120上彎且收盤站上、大戶4/8週累積、散戶或總股東下降支撐、近20日未破60日低位區、240扣抵偏有利
2481,強茂,空轉多觀察籃,,90,2026-09-09,152.0,35.111111111111114,-2.564102564102566,59.854014598540154,67.66277186975145,136.67260500000003,109.76933749999998,7.4378634566536705,6.665832007135131,-34.62365591397849,120.8076329712282,120.3791469194313,9.48030754128746,-0.14999999999999147,4.789999999999999,1.4400000000000013,-1.259999999999998,9992,7531,True,True,True,True,MA120上彎且收盤站上、大戶4/8週累積、散戶或總股東下降支撐、近20日未破60日低位區、240扣抵偏有利
2491,吉祥全,空轉多觀察籃,,90,2026-09-09,41.75,77.2823779193206,-0.5952380952380931,55.38140020898641,45.77859080748443,28.54833333333333,22.45354166666665,18.04758705053324,12.020330104352816,-25.975177304964536,218.70229007633588,158.71559633027522,137.64003367061534,4.02000000000001,4.280000000000015,-1.2499999999999982,-1.9900000000000002,-481,-756,True,True,True,True,MA120上彎且收盤站上、大戶4/8週累積、散戶或總股東下降支撐、近20日未破60日低位區、240扣抵偏有利
2492,華新科,空轉多觀察籃,,90,2026-09-09,319.5,44.89795918367348,7.035175879396993,63.8235294117647,85.42484112397715,290.12186242967675,205.39308339486647,10.0098057707398,9.416363180314535,-50.20141491077026,301.50109228191485,223.2163696074993,93.59455311781286,4.150000000000006,15.420000000000002,-2.3299999999999983,-9.799999999999997,1221,-11476,True,True,True,True,MA120上彎且收盤站上、大戶4/8週累積、散戶或總股東下降支撐、近20日未破60日低位區、240扣抵偏有利
2596,,空轉多觀察籃,,90,2026-09-09,35.1,13.592233009708753,-1.2658227848101111,64.58333333333334,69.33136294689106,30.93541666666671,31.924791666666614,0.7080558306091556,0.7773400764186977,-12.030075187969913,11.961722488038284,,6.913961843361283,1.1099999999999994,1.2600000000000051,-0.1200000000000001,-0.20999999999999996,-72,-177,True,True,True,True,MA120上彎且收盤站上、大戶4/8週累積、散戶或總股東下降支撐、近20日未破60日低位區、240扣抵偏有利
2615,萬海,空轉多觀察籃,,90,2026-09-09,116.0,36.47058823529412,0.8695652173912993,52.80898876404495,61.39029499646709,83.5063103864734,79.61880132850239,7.717093020448029,3.381943176551827,-13.754646840148698,52.35557247549254,82.18849997055302,172.18044552252402,1.7900000000000063,1.5499999999999972,-1.1800000000000015,-1.2799999999999994,-16558,-20223,True,True,True,True,MA120上彎且收盤站上、大戶4/8週累積、散戶或總股東下降支撐、近20日未破60日低位區、240扣抵偏有利
3022,威強電,空轉多觀察籃,,90,2026-09-09,85.7,1.0514418377321588,-10.636079249217934,40.50279329608939,-5.883940125850433,77.83066493955081,70.49718480138175,7.667738232191645,3.0479498396386973,-23.669297152614334,35.14478543648072,50.906735751295315,1.1324319538658534,2.980000000000004,5.18,-1.6500000000000021,-3.1099999999999994,-826,-1813,True,True,True,True,MA120上彎且收盤站上、大戶4/8週累積、散戶或總股東下降支撐、近20日未破60日低位區、240扣抵偏有利
3026,禾伸堂,空轉多觀察籃,,90,2026-09-09,758.0,59.74710221285564,8.131241084165474,54.761904761904766,86.93479905918095,530.1190031411682,317.3005760347374,22.345510013533065,18.98437456540403,-27.46411483253588,799.6528318729393,150.90036014405763,16.791864035914415,2.0500000000000043,3.0300000000000082,-0.2099999999999973,-1.8699999999999974,9560,11732,True,True,True,True,MA120上彎且收盤站上、大戶4/8週累積、散戶或總股東下降支撐、近20日未破60日低位區、240扣抵偏有利
3042,晶技,空轉多觀察籃,,90,2026-09-09,184.5,35.164835164835175,6.340057636887608,47.01492537313433,55.57667138825045,167.75768377823408,126.58138963039013,10.26729234912871,6.861004269845572,-26.200000000000003,117.58392642226316,86.56716417910448,-15.623055389433627,0.5799999999999983,5.590000000000003,-0.8899999999999988,-1.549999999999999,4982,8911,True,True,True,True,MA120上彎且收盤站上、大戶4/8週累積、散戶或總股東下降支撐、近20日未破60日低位區、240扣抵偏有利
3066,李洲,空轉多觀察籃,,90,2026-09-09,23.65,20.050761421319784,-4.251012145748989,50.28571428571426,36.28393427385242,21.807083333333313,18.239375000000017,6.449578977342063,3.51028611965003,-24.801271860095397,52.580645161290306,66.84350132625994,13.61149997095441,0.5799999999999983,0.5799999999999983,-1.6500000000000004,-1.5600000000000005,-590,-706,True,True,True,True,MA120上彎且收盤站上、大戶4/8週累積、散戶或總股東下降支撐、近20日未破60日低位區、240扣抵偏有利
3189,景碩,空轉多觀察籃,,90,2026-09-09,812.0,40.97222222222223,-0.8547008547008517,46.10778443113772,28.90779166669228,648.0935938438439,410.3227639451864,16.28739233915042,17.73759109665609,-15.416666666666668,713.2123603794614,77.44916820702403,-6.455768694788988,1.0700000000000074,2.549999999999997,-0.41999999999999993,-2.0400000000000027,10319,10154,True,True,True,True,MA120上彎且收盤站上、大戶4/8週累積、散戶或總股東下降支撐、近20日未破60日低位區、240扣抵偏有利
3362,先進光,空轉多觀察籃,,90,2026-09-09,189.5,9.221902017291072,-9.761904761904761,51.77664974619289,43.66534305625574,147.95512500000007,124.22216041666677,11.488339121789437,5.134495550856744,-13.073394495412849,66.33385266946085,50.86505190311419,34.2728416906765,0.529999999999994,0.36999999999999744,-1.3199999999999967,-1.5899999999999963,1821,1991,True,True,True,True,MA120上彎且收盤站上、大戶4/8週累積、散戶或總股東下降支撐、近20日未破60日低位區、240扣抵偏有利
3450,聯鈞,空轉多觀察籃,,90,2026-09-09,520.0,42.66117969821674,-10.344827586206895,45.57640750670242,21.103513240360115,444.8736027694359,352.0497122122109,12.083067376204149,9.449206833865077,-20.367534456355287,157.30524908057504,97.87878787878788,-17.563870453221043,-3.5700000000000003,4.210000000000001,3.0500000000000007,-5.439999999999998,6342,760,True,True,True,True,MA120上彎且收盤站上、大戶4/8週累積、散戶或總股東下降支撐、近20日未破60日低位區、240扣抵偏有利
3532,台勝科,空轉多觀察籃,,90,2026-09-09,424.0,37.66233766233766,6.265664160400997,73.86363636363637,100.49872171273438,297.41521661296105,204.08796589688507,16.028170693668397,13.795563271631273,-23.188405797101453,423.9368797442062,117.3228346456693,77.44484427473218,0.6099999999999994,0.9200000000000017,-0.5500000000000003,-0.5399999999999996,-948,240,True,True,True,True,MA120上彎且收盤站上、大戶4/8週累積、散戶或總股東下降支撐、近20日未破60日低位區、240扣抵偏有利
3631,晟楠,空轉多觀察籃,,90,2026-09-09,39.3,23.197492163009393,2.0779220779220786,47.941176470588225,47.069662304243366,34.631666666666675,29.850416666666607,5.854633910263729,5.120981350236975,-12.27678571428571,92.64705882352942,48.837209302325554,55.86798772459962,1.1100000000000136,0.04000000000000625,-0.33000000000000007,0.5199999999999996,-148,148,True,True,True,True,MA120上彎且收盤站上、大戶4/8週累積、散戶或總股東下降支撐、近20日未破60日低位區、240扣抵偏有利
3661,世芯-KY,空轉多觀察籃,,90,2026-09-09,3905.0,40.30337145896312,-7.464454976303314,56.23709660805212,43.6583095614007,3899.6420682539706,3612.4766226190422,3.0533111552878855,0.12799958304328118,-30.221461535036966,0.26775973054560254,86.12167300380229,0.8317805793520705,-0.5700000000000074,6.709999999999994,1.7900000000000027,-7.09,11167,-10118,True,True,True,True,MA120上彎且收盤站上、大戶4/8週累積、散戶或總股東下降支撐、近20日未破60日低位區
4127,天良,空轉多觀察籃,,90,2026-09-09,62.8,-14.557823129251702,2.446982055464919,12.424242424242436,14.39572927744521,61.38958333333333,47.40041666666665,12.583768253264772,8.238663393655642,-34.583333333333336,84.70588235294116,61.61616161616161,-2.865883481141185,6.3700000000000045,8.939999999999998,-1.08,-2.3099999999999987,-333,-802,True,True,True,True,MA120上彎且收盤站上、大戶4/8週累積、散戶或總股東下降支撐、近20日未破60日低位區、240扣抵偏有利
4439,冠星-KY,空轉多觀察籃,,90,2026-09-09,95.5,-3.7298387096774244,-0.7276507276507305,36.49635036496349,27.362417008263645,93.14025348837222,93.75039372093028,1.2966187533844042,0.8821928554406222,-13.963963963963966,4.692359214334907,32.289826305370475,57.333389461018136,0.09000000000000341,1.5,0.0600000000000005,-0.22999999999999954,-13,-88,True,True,True,True,MA120上彎且收盤站上、大戶4/8週累積、散戶或總股東下降支撐、近20日未破60日低位區、240扣抵偏有利
4541,晟田,空轉多觀察籃,,90,2026-09-09,60.0,-1.9607843137254943,-1.9607843137254943,24.666666666666657,7.994964418210506,53.48662470023979,48.39652727817747,8.303210224841418,2.4645568509617855,-26.470588235294112,8.382066276803112,79.7171717171717,-8.605940479866847,0.00999999999999801,2.8799999999999955,-0.9799999999999969,-3.039999999999992,-755,-1980,True,True,True,True,MA120上彎且收盤站上、大戶4/8週累積、散戶或總股東下降支撐、近20日未破60日低位區、240扣抵偏有利
4707,磐亞,空轉多觀察籃,,90,2026-09-09,27.2,8.85051417800813,-9.63455149501662,33.38888913514688,-5.271580495411995,22.462063852813856,16.046867712842715,18.869371066065742,12.745929701571557,-37.59237187127533,185.98200262653873,120.58823529411767,-16.305056023840436,2.1200000000000045,6.609999999999992,-0.11999999999999922,-1.2599999999999998,-60,-1566,True,True,True,True,MA120上彎且收盤站上、大戶4/8週累積、散戶或總股東下降支撐、近20日未破60日低位區、240扣抵偏有利
6141,柏承,空轉多觀察籃,,90,2026-09-09,50.5,64.49511400651467,-3.809523809523807,61.8874773139746,57.54332252645193,35.745416666666685,23.982291666666637,17.738526570048265,13.953810669279987,-15.69282136894824,307.258064516129,116.24548736462094,61.58889475383693,4.810000000000002,6.100000000000001,-2.870000000000001,-3.3900000000000006,-382,475,True,True,True,True,MA120上彎且收盤站上、大戶4/8週累積、散戶或總股東下降支撐、近20日未破60日低位區、240扣抵偏有利
6173,信昌電,空轉多觀察籃,,90,2026-09-09,268.5,82.65306122448979,3.0710172744721653,63.84839650145772,82.9710197259808,181.7303461538464,122.24005769230777,18.080975998392688,15.111761840344329,-25.439426304546842,582.5305041566104,171.78104913953968,94.54738243550409,1.0499999999999972,8.540000000000006,-0.6000000000000014,-5.280000000000001,2613,220,True,True,True,True,MA120上彎且收盤站上、大戶4/8週累積、散戶或總股東下降支撐、近20日未破60日低位區、240扣抵偏有利
6182,合晶,空轉多觀察籃,,90,2026-09-09,110.5,17.428267800212538,-0.45045045045044585,50.98039215686275,48.56188777316619,87.97558719872673,60.004150750341104,17.07447886905955,13.640354546686083,-43.18766066838047,351.9755253047479,136.90621193666263,24.691775279340966,11.240000000000002,19.22,-5.220000000000006,-8.550000000000004,15562,12596,True,True,True,True,MA120上彎且收盤站上、大戶4/8週累積、散戶或總股東下降支撐、近20日未破60日低位區、240扣抵偏有利
6206,飛捷,空轉多觀察籃,,90,2026-09-09,137.5,11.788617886178866,-0.7220216606498187,41.66666666666667,34.35300658305917,122.44588520055318,107.97608921161832,7.043211040900399,2.7741094309945424,-13.52201257861635,36.56501133319596,46.144164759725385,-17.407259108418373,0.7199999999999989,4.029999999999994,-1.120000000000001,-4.210000000000001,-960,-2323,True,True,True,True,MA120上彎且收盤站上、大戶4/8週累積、散戶或總股東下降支撐、近20日未破60日低位區、240扣抵偏有利
6226,光鼎,空轉多觀察籃,,90,2026-09-09,29.65,31.485587583148543,-11.492537313432837,64.62715105162525,61.39410510492904,17.838749999999987,12.767041666666678,19.841118774632747,14.837343527471681,-18.98907103825137,312.37830319888735,205.00000000000003,127.41526804944611,3.120000000000001,2.349999999999998,-3.020000000000003,-4.359999999999992,-1483,-2643,True,True,True,True,MA120上彎且收盤站上、大戶4/8週累積、散戶或總股東下降支撐、近20日未破60日低位區、240扣抵偏有利
6446,藥華藥,空轉多觀察籃,,90,2026-09-09,1345.0,24.537037037037045,2.6717557251908497,47.945205479452056,28.50476943797091,963.1427238562088,733.2612338235297,15.913579710202018,12.872522590029757,-18.237082066869302,199.88670800858173,91.86388278069278,37.15895678675467,0.36000000000000654,2.25,-0.5400000000000009,-1.5099999999999998,-919,-4166,True,True,True,True,MA120上彎且收盤站上、大戶4/8週累積、散戶或總股東下降支撐、近20日未破60日低位區、240扣抵偏有利
6488,環球晶,空轉多觀察籃,,90,2026-09-09,955.0,10.532407407407419,-2.650356778797147,46.15384615384615,33.32573912029123,850.571451576576,646.8491142506767,11.550597719698906,8.56868575038674,-40.08173370413077,162.49521250296937,104.86347530049329,20.729064044157617,-0.13000000000000966,1.7399999999999949,0.20000000000000018,-1.13,6331,7990,True,True,True,True,MA120上彎且收盤站上、大戶4/8週累積、散戶或總股東下降支撐、近20日未破60日低位區、240扣抵偏有利
6530,創威,空轉多觀察籃,,90,2026-09-09,96.0,48.37712519319937,-2.2403258655804503,64.13502109704643,77.35307170128847,93.43388331661657,77.43846330658637,2.9711496949139216,2.5707345011467986,-29.521439143465166,51.884030372997536,72.13114754098359,-17.158571579484473,1.6499999999999986,2.1099999999999994,-1.0799999999999983,0.4200000000000088,-575,264,True,True,True,True,MA120上彎且收盤站上、大戶4/8週累積、散戶或總股東下降支撐、近20日未破60日低位區、240扣抵偏有利
6770,力積電,空轉多觀察籃,,90,2026-09-09,72.4,44.122991486147136,5.693430656934306,62.63854214110677,64.45660562681194,66.07178579059828,54.37221610873697,0.9829144142527779,9.181500057931569,-23.134404540721533,322.31388202917543,86.04166666666664,-9.934128209468152,4.780000000000001,3.719999999999999,-1.639999999999997,-1.139999999999997,-9714,1844,True,True,True,True,MA120上彎且收盤站上、大戶4/8週累積、散戶或總股東下降支撐、近20日未破60日低位區、240扣抵偏有利
7631,聚賢研發-創,空轉多觀察籃,,90,2026-09-09,144.0,10.769230769230775,-1.3698630136986356,46.7741935483871,32.023354468640775,132.75000000000006,126.04374999999999,3.616495381813456,0.008265009256813727,-19.327731092436974,-3.3557046979865723,50.0,-8.883856085307828,2.299999999999997,2.4099999999999966,-0.08000000000000007,-0.1899999999999995,-24,-44,True,True,True,True,MA120上彎且收盤站上、大戶4/8週累積、散戶或總股東下降支撐、近20日未破60日低位區
7795,長廣,空轉多觀察籃,,90,2026-09-09,548.0,57.69784172661871,8.514851485148522,49.382716049382715,54.526198451742694,439.5208333333333,355.70416666666665,6.127068766034505,9.147280875029562,-17.71771771771772,143.55555555555557,102.43161094224922,61.88177035089129,1.769999999999996,1.6200000000000045,-1.3500000000000005,-0.8600000000000003,-1248,-1305,True,True,True,True,MA120上彎且收盤站上、大戶4/8週累積、散戶或總股東下降支撐、近20日未破60日低位區、240扣抵偏有利
8021,尖點,空轉多觀察籃,,90,2026-09-09,442.5,39.81042654028435,5.35714285714286,57.02479338842975,69.1305188791935,420.74681692307746,291.172258201242,8.259492676540026,10.706945640955311,-29.13802869867339,395.7856705068833,117.70865317139001,-7.581409108964543,0.7299999999999898,-5.070000000000007,-1.7700000000000031,3.6799999999999997,2913,15222,True,True,True,True,MA120上彎且收盤站上、大戶4/8週累積、散戶或總股東下降支撐、近20日未破60日低位區、240扣抵偏有利
8932,,空轉多觀察籃,,90,2026-09-09,93.4,25.272000679562613,2.188183807439814,50.112660862529836,67.19694235232534,83.72700619047617,80.99435806619509,2.5331788732864124,1.5264162393245684,-13.755045685993428,12.159077955293785,56.062424969988015,-5.915018838999709,0.9999999999999858,2.4699999999999847,-0.5600000000000005,-0.6400000000000006,-623,-441,True,True,True,True,MA120上彎且收盤站上、大戶4/8週累積、散戶或總股東下降支撐、近20日未破60日低位區、240扣抵偏有利
2105,正新,空轉多觀察籃,,85,2026-09-09,30.8,1.3157894736842257,-0.4846526655896577,38.3333333333333,36.200747899714386,30.781277614138425,30.595402859597307,1.4973319834934662,-1.4583903781785423,-16.389674045584822,-12.9199014825502,19.10499139414803,-61.685292516966086,1.2600000000000051,0.8299999999999983,-0.23000000000000043,-0.28000000000000114,-2270,-3382,True,True,True,True,MA120上彎且收盤站上、大戶4/8週累積、散戶或總股東下降支撐、近20日未破60日低位區、20日量低於120日均量
2610,華航,空轉多觀察籃,,85,2026-09-09,20.45,-5.760368663594473,0.0,59.999999999999936,59.76025365233155,19.52042133956385,19.5455278426791,1.0084617013194963,-0.09587869975579144,-14.081534489697756,1.7455512622000402,19.907483697827153,-45.94566011968533,0.6199999999999903,-0.4200000000000159,-0.2699999999999996,-0.19000000000000128,-5566,-4524,True,True,True,True,MA120上彎且收盤站上、大戶4/8週累積、散戶或總股東下降支撐、近20日未破60日低位區、20日量低於120日均量
3218,,空轉多觀察籃,,85,2026-09-09,137.0,2.238805970149249,-1.0830324909747335,50.0,46.55535836609212,134.79975180505397,136.67692163056552,0.7812285183103285,-1.9545333912638463,-15.872197744340056,-14.129905981648882,13.409961685823756,-20.19270904316165,0.6799999999999926,0.2499999999999929,-0.8599999999999994,-0.6900000000000013,-578,-871,True,True,True,True,MA120上彎且收盤站上、大戶4/8週累積、散戶或總股東下降支撐、近20日未破60日低位區、20日量低於120日均量
3546,,空轉多觀察籃,,85,2026-09-09,73.8,2.216066481994461,3.2167832167832033,60.81081081081072,100.33712519865358,71.57539301397209,71.72761566866251,1.8678601352811297,-0.5834415937978732,-9.164049228860682,-6.59926944238145,15.400821214713446,-58.16638794867719,2.8999999999999986,2.9099999999999966,-2.0899999999999963,-2.749999999999993,-808,-1220,True,True,True,True,MA120上彎且收盤站上、大戶4/8週累積、散戶或總股東下降支撐、近20日未破60日低位區、20日量低於120日均量
4153,,空轉多觀察籃,,85,2026-09-09,31.95,3.0645161290322465,-1.9938650306748573,37.31343283582092,9.476655459993092,30.671135368366812,31.899654817104565,0.48861936897395264,-1.2610854644208414,-14.86140856672159,-14.218043895941147,20.68965517241379,-76.65568853409485,0.5400000000000063,0.5300000000000153,-0.08999999999999986,-0.14000000000000057,-15,-60,True,True,True,True,MA120上彎且收盤站上、大戶4/8週累積、散戶或總股東下降支撐、近20日未破60日低位區、20日量低於120日均量
4766,南寶,空轉多觀察籃,,85,2026-09-09,340.5,9.838709677419356,-1.5895953757225412,41.860465116279066,39.10865239069658,338.726411290322,331.36935483870985,1.9415466923827118,-0.6472928482043727,-15.709408875845964,-10.434653486349465,24.0066225165563,-74.01004005547811,0.6300000000000097,-0.5899999999999892,0.09000000000000163,0.8599999999999994,-303,1194,True,True,True,True,MA120上彎且收盤站上、大戶4/8週累積、散戶或總股東下降支撐、近20日未破60日低位區、20日量低於120日均量
5392,能率,空轉多觀察籃,,85,2026-09-09,41.6,17.532684039659575,-3.143189755529685,39.712456711092436,4.55213286927512,41.494208592132516,43.72072075569361,1.3820643706743407,1.009158662055576,-28.99067005937235,7.725911414352948,47.44525547445255,-50.881441292729704,0.7899999999999991,-1.980000000000004,-0.19000000000000483,1.6000000000000014,-498,1156,True,True,True,True,MA120上彎且收盤站上、大戶4/8週累積、散戶或總股東下降支撐、近20日未破60日低位區、20日量低於120日均量、240扣抵偏有利
6170,,空轉多觀察籃,,85,2026-09-09,48.1,5.830583058305816,-0.7223942208462342,54.320987654320994,57.15789777351679,47.5366371892925,46.860120697896804,0.926925070977247,-0.0014076928014139511,-3.7274734694971,2.1243859862785763,8.849557522123884,-48.26696334474953,2.299999999999997,0.8399999999999963,-0.4399999999999977,-0.08999999999999986,-173,-334,True,True,True,True,MA120上彎且收盤站上、大戶4/8週累積、散戶或總股東下降支撐、近20日未破60日低位區、20日量低於120日均量
6527,,空轉多觀察籃,,85,2026-09-09,76.1,13.582089552238807,2.5606469002695365,62.7906976744185,109.5623472825159,71.01916666666679,74.8766666666665,0.0798543831836307,-1.3596368446764706,-13.028571428571434,-12.12471131639723,,-30.134382250062696,-0.3900000000000077,3.9499999999999957,-0.29999999999999893,-0.7899999999999991,-27,-126,True,True,True,True,MA120上彎且收盤站上、大戶4/8週累積、散戶或總股東下降支撐、近20日未破60日低位區、20日量低於120日均量
6534,正瀚-創,空轉多觀察籃,,85,2026-09-09,92.2,-0.08206736733138431,1.207464324917673,57.29837986954801,69.7435465301007,92.03259436582582,90.50060617867105,2.5507934862335047,-1.4871160158456465,-15.756526287176975,-12.747830797433302,6.91964285714286,-61.59391468387045,1.0400000000000063,2.1200000000000045,-0.020000000000000462,-0.18000000000000016,22,-23,True,True,True,True,MA120上彎且收盤站上、大戶4/8週累積、散戶或總股東下降支撐、近20日未破60日低位區、20日量低於120日均量
9941,裕融,空轉多觀察籃,,85,2026-09-09,80.3,5.189634900057283,-1.2300123001230068,53.377778211597914,53.074328973751086,74.75742040659767,78.6545449750672,2.296438918576338,-1.114699069184888,-16.256795516459256,-10.05682938681235,13.293042332285964,-31.851009569625,2.539999999999992,2.289999999999992,-0.8000000000000007,-0.8200000000000003,-1548,-2393,True,True,True,True,MA120上彎且收盤站上、大戶4/8週累積、散戶或總股東下降支撐、近20日未破60日低位區、20日量低於120日均量
2312,金寶,空轉多觀察籃,,80,2026-09-09,31.8,9.278350515463906,-3.1963470319634757,52.83018867924528,36.8320456679659,30.732867852161796,26.841324965132497,4.920724273361432,4.450546893433893,-27.15928694652098,78.18885176718832,41.2087912087912,-71.89204222509447,2.4099999999999966,0.730000000000004,-0.04999999999999716,0.8399999999999999,8607,16275,True,False,True,True,MA120上彎且收盤站上、大戶4/8週累積、近20日未破60日低位區、20日量低於120日均量、240扣抵偏有利
2353,宏碁,空轉多觀察籃,,80,2026-09-09,31.8,10.994764397905765,-2.752293577981657,55.1948051948052,66.3385050639599,30.254321979434543,28.706214117395223,2.985385306346666,0.6294096977924823,-25.566814287089645,8.758572182169843,37.20905367776608,-46.52478235374107,1.0900000000000034,2.6500000000000057,2.349999999999998,1.5999999999999979,41982,32843,True,False,True,True,MA120上彎且收盤站上、大戶4/8週累積、近20日未破60日低位區、20日量低於120日均量、240扣抵偏有利
2356,英業達,空轉多觀察籃,,80,2026-09-09,64.3,6.633499170812596,-4.740740740740746,49.35064935064934,19.325632743102762,57.770535714285735,50.255067700156964,7.412746718888608,4.518521186390134,-25.074177462490532,59.19491311326948,29.401408450704224,-47.49281852609354,0.6599999999999966,4.400000000000006,1.17,-0.6499999999999986,59691,38599,True,False,True,True,MA120上彎且收盤站上、大戶4/8週累積、近20日未破60日低位區、20日量低於120日均量、240扣抵偏有利
2414,精技,空轉多觀察籃,,80,2026-09-09,52.8,-4.520795660036169,0.5714285714285561,55.55555555555556,81.18454408529846,50.4568062827224,45.014617146596905,4.150910974868349,2.0133127451478217,-17.699960012077977,25.914411461747356,25.05944908810711,-57.000731190810384,1.0300000000000011,1.0700000000000003,-0.09999999999999787,-0.22999999999999865,110,69,True,False,True,True,MA120上彎且收盤站上、大戶4/8週累積、近20日未破60日低位區、20日量低於120日均量、240扣抵偏有利
3288,,空轉多觀察籃,,80,2026-09-09,20.95,-14.489795918367355,0.7211538461538325,43.0769230769231,37.44651237870617,19.346250000000012,17.508750000000006,7.474191009675457,1.2981377689387008,-33.06709265175719,15.745856353591137,81.44927536231886,-42.032744443208124,-0.00999999999999801,1.230000000000004,1.0300000000000011,0.46999999999999886,69,19,True,False,True,True,MA120上彎且收盤站上、大戶4/8週累積、近20日未破60日低位區、20日量低於120日均量、240扣抵偏有利
3312,弘憶股,空轉多觀察籃,,80,2026-09-09,49.55,21.110019121436217,-3.777172307874066,47.813992170808305,25.165016464439365,47.983829214195225,42.90728507721211,6.056895230019332,1.897470685275815,-30.59337018928622,17.655620083892853,75.51020408163265,-56.93237286207646,1.6299999999999955,2.3999999999999986,0.17999999999999616,-0.5700000000000003,1139,1082,True,False,True,True,MA120上彎且收盤站上、大戶4/8週累積、近20日未破60日低位區、20日量低於120日均量、240扣抵偏有利
3481,群創,空轉多觀察籃,,80,2026-09-09,50.1,19.85645933014355,3.298969072164959,66.8032786885246,76.88004518121477,43.784625658389785,30.634375940556808,9.375132381632145,10.595825846915186,-30.99173553719008,286.84561418798205,79.25925925925925,-50.47201576489484,-5.480000000000004,1.8799999999999955,4.210000000000001,1.1199999999999974,188152,109979,True,False,True,True,MA120上彎且收盤站上、大戶4/8週累積、近20日未破60日低位區、20日量低於120日均量、240扣抵偏有利
3555,,空轉多觀察籃,,80,2026-09-09,193.5,44.402985074626855,0.0,62.5,71.95757138008628,191.84999999999997,139.47541666666675,4.016626756427044,7.899521006723953,-31.26110124333925,342.79176201372997,68.8976377952756,-45.514183039158794,1.0200000000000102,-1.1700000000000017,0.2999999999999998,1.5499999999999998,45,499,True,False,True,True,MA120上彎且收盤站上、大戶4/8週累積、近20日未破60日低位區、20日量低於120日均量、240扣抵偏有利
5351,鈺創,空轉多觀察籃,,80,2026-09-09,118.0,68.33095577746077,4.888888888888898,50.0,41.974074548631954,88.79083333333338,68.0360416666666,12.69659950288229,11.934369365972719,-16.312056737588655,252.7653213751868,114.61187214611871,-29.895794877289283,-2.6300000000000026,2.25,2.8999999999999986,-0.5799999999999983,4705,198,True,False,True,True,MA120上彎且收盤站上、大戶4/8週累積、近20日未破60日低位區、20日量低於120日均量、240扣抵偏有利
6207,,空轉多觀察籃,,80,2026-09-09,116.0,23.142250530785557,4.504504504504503,63.0,94.72445477507824,99.83229744958481,76.11317052194539,9.956474275006034,5.5365780137968335,-35.814050571344744,90.97950526722833,112.86797530274258,-47.322486513925696,1.7799999999999976,3.3200000000000003,6.549999999999997,4.040000000000006,14539,14474,True,False,True,True,MA120上彎且收盤站上、大戶4/8週累積、近20日未破60日低位區、20日量低於120日均量、240扣抵偏有利
6532,,空轉多觀察籃,,80,2026-09-09,99.8,62.80587275693313,1.8367346938775508,73.30827067669176,87.64656069400813,85.87515935508046,70.38765419947508,7.05460547230885,3.8774342122582572,-15.685348411774491,73.29773187177221,76.32027257240203,-35.903572469905264,3.84,-2.8500000000000014,2.270000000000003,6.48,543,1865,True,False,True,True,MA120上彎且收盤站上、大戶4/8週累積、近20日未破60日低位區、20日量低於120日均量、240扣抵偏有利
6654,天正國際,空轉多觀察籃,,80,2026-09-09,206.0,34.640522875817005,-6.150341685649208,68.51851851851852,73.77186337433828,146.33500000000004,115.1312499999999,12.447170922875994,8.762738483702236,-14.876033057851235,181.80574555403558,72.85714285714286,-29.107566504120342,3.200000000000003,3.259999999999991,-0.16999999999999993,-0.0699999999999994,49,64,True,False,True,True,MA120上彎且收盤站上、大戶4/8週累積、近20日未破60日低位區、20日量低於120日均量、240扣抵偏有利
8043,,空轉多觀察籃,,80,2026-09-09,140.0,17.921085920015578,-1.4084507042253502,50.413223140495866,43.89169865593725,131.02531407942234,99.012916967509,9.688642400758262,10.745202407566467,-41.16254794387532,444.07605279698316,111.01321585903085,-60.07443787969539,0.9000000000000057,4.460000000000001,2.5500000000000007,-0.4600000000000044,7480,7002,True,False,True,True,MA120上彎且收盤站上、大戶4/8週累積、近20日未破60日低位區、20日量低於120日均量、240扣抵偏有利
8070,長華*,空轉多觀察籃,,80,2026-09-09,49.85,18.54934601664686,-1.2871287128712883,48.30917874396135,41.986597654893,48.82134408602145,45.594771487127055,3.148973228125307,2.2629081687426167,-21.66187901318013,31.513271138252374,49.082007343941235,-27.548414403753362,-0.21999999999999886,1.2000000000000028,1.2100000000000009,0.7200000000000006,6124,4880,True,False,True,True,MA120上彎且收盤站上、大戶4/8週累積、近20日未破60日低位區、20日量低於120日均量、240扣抵偏有利
8162,微矽電子-創,空轉多觀察籃,,80,2026-09-09,60.2,22.857142857142865,-0.660066006600657,53.3980582524272,41.6987381122824,59.39458333333332,48.463750000000005,6.75039128904471,3.792972671500272,-33.03670745272525,40.490081680280056,101.11856823266221,-75.82546574900076,1.0900000000000034,-0.6299999999999955,0.4200000000000008,1.7100000000000009,187,728,True,False,True,True,MA120上彎且收盤站上、大戶4/8週累積、近20日未破60日低位區、20日量低於120日均量、240扣抵偏有利
1598,岱宇,空轉多觀察籃,,75,2026-09-09,21.1,1.6867469879518149,4.455445544554459,64.61538461538467,103.29111629890073,19.82552110249783,20.321053509905244,1.1051428599039737,-0.2581113169096816,-11.952513424338484,4.384008181266186,16.62616134542474,-19.217490286878515,0.39000000000000057,1.1700000000000017,-0.40999999999999837,-0.7999999999999972,-268,-584,True,True,True,True,MA120上彎且收盤站上、大戶4/8週累積、散戶或總股東下降支撐、近20日未破60日低位區、240扣抵偏有利
1737,臺鹽,空轉多觀察籃,,75,2026-09-09,30.7,-0.2115285563551117,0.16313213703100793,33.01271040879405,38.888731360430484,30.486679487179455,30.438480769230775,0.2816746740802456,-0.012797809623277256,-2.781837669297482,-0.5209501732346355,2.6856240126382325,75.45025958944112,0.509999999999998,0.17999999999999972,-0.3200000000000003,-0.4800000000000004,-550,1048,True,True,True,True,MA120上彎且收盤站上、大戶4/8週累積、散戶或總股東下降支撐、近20日未破60日低位區
2392,正崴,空轉多觀察籃,,75,2026-09-09,42.8,27.380952380952372,-6.14035087719299,58.33333333333332,40.329245232205615,37.57727789498363,39.11672995780592,3.115583961510149,-0.8102891451890692,-14.154416431817596,-9.291896250303678,49.079754601227,104.1336469254246,1.730000000000004,1.490000000000002,-1.3400000000000034,-1.6000000000000014,-3279,-4165,True,True,True,True,MA120上彎且收盤站上、大戶4/8週累積、散戶或總股東下降支撐、近20日未破60日低位區
2645,長榮航太,空轉多觀察籃,,75,2026-09-09,174.5,-4.120879120879117,0.5763688760807018,43.83561643835616,39.00438530487953,172.29661458333297,162.23567708333348,1.5358856741215066,-0.3198481881135695,-32.36434108527132,-6.203807390817461,57.77806089947766,19.19666075394233,0.5700000000000074,1.3599999999999994,-1.08,-1.6199999999999992,-2525,-4251,True,True,True,True,MA120上彎且收盤站上、大戶4/8週累積、散戶或總股東下降支撐、近20日未破60日低位區
3019,亞光,空轉多觀察籃,,75,2026-09-09,142.5,15.853658536585357,-1.384083044982698,56.07476635514018,62.94117051561644,137.6714490445853,139.36117038216645,0.4982543101343939,-1.1195474305140007,-15.143825952391799,-11.298379998572683,39.02407427399331,-4.458476198064543,1.5500000000000043,2.710000000000008,-1.0499999999999972,-1.8599999999999994,-664,-1159,True,True,True,True,MA120上彎且收盤站上、大戶4/8週累積、散戶或總股東下降支撐、近20日未破60日低位區
3376,新日興,空轉多觀察籃,,75,2026-09-09,206.0,24.587269933636268,-2.3696682464455,62.58992805755396,65.93192180158076,197.71475225225177,202.50841216216205,0.11348468578278315,-1.2356672170188876,-22.01759770820545,-8.255997303771101,42.708224747211496,-14.795868735921736,2.9799999999999898,-2.7900000000000063,-2.59,1.5600000000000023,-1464,3316,True,True,True,True,MA120上彎且收盤站上、大戶4/8週累積、散戶或總股東下降支撐、近20日未破60日低位區
4111,濟生,空轉多觀察籃,,75,2026-09-09,28.95,1.024276572064542,0.8710801393728262,59.04602764696945,103.27830941225015,28.56590808416389,28.571724806201548,0.18570951404424108,-0.3816602535261282,-3.0231704059829,0.5208333333333259,4.753820033955858,-1.5367060041868719,1.1099999999999994,1.3100000000000023,-0.019999999999999574,-0.6900000000000013,-134,-672,True,True,True,True,MA120上彎且收盤站上、大戶4/8週累積、散戶或總股東下降支撐、近20日未破60日低位區
4119,旭富,空轉多觀察籃,,75,2026-09-09,57.7,16.448032290615554,2.8520499108734443,72.26890756302521,102.61289874358303,47.386956380208225,49.826861746651815,0.6699699491464983,-0.7945845060299161,-3.799333841945629,1.176562683470972,41.75256475203106,-4.197080801022624,1.1299999999999955,0.769999999999996,-0.34999999999999787,-0.7799999999999976,-311,-821,True,True,True,True,MA120上彎且收盤站上、大戶4/8週累積、散戶或總股東下降支撐、近20日未破60日低位區
5283,禾聯碩,空轉多觀察籃,,75,2026-09-09,54.7,18.769367448471954,0.9225092250922495,83.00153735380546,90.25518687050771,46.96482303600691,48.97904200539986,0.5756370491083018,-0.05495693928502243,-2.4602223499046727,10.2813269004961,23.332415817964968,31.896033097276,1.019999999999996,2.319999999999993,-0.5899999999999999,-1.1600000000000001,-78,1838,True,True,True,True,MA120上彎且收盤站上、大戶4/8週累積、散戶或總股東下降支撐、近20日未破60日低位區、240扣抵偏有利
6464,台數科,空轉多觀察籃,,75,2026-09-09,77.7,-2.264150943396226,0.12886597938146505,34.883720930232585,38.20614755520431,77.5225000000001,76.76999999999991,0.08499375995176806,-0.02116264305128679,-3.836633663366329,-0.5121638924455718,8.042895442359255,79.03352613136205,0.5900000000000176,0.9200000000000159,-0.06999999999999984,-0.11999999999999966,-65,-114,True,True,True,True,MA120上彎且收盤站上、大戶4/8週累積、散戶或總股東下降支撐、近20日未破60日低位區
9914,美利達,空轉多觀察籃,,75,2026-09-09,79.2,3.708609271523189,-0.12610340479192184,24.404761904761898,22.69249688845368,69.93641443167307,78.49280012771403,2.9758110582979835,-2.4782709307977213,-27.312195979604994,-23.236244352293113,41.79369177236503,2.197956358100228,1.4899999999999949,1.480000000000004,-0.6500000000000004,-0.6799999999999997,-915,1060,True,True,True,True,MA120上彎且收盤站上、大戶4/8週累積、散戶或總股東下降支撐、近20日未破60日低位區
2204,中華,空轉多觀察籃,,70,2026-09-09,53.4,3.2882011605415817,-1.2939001848428888,34.61538461538463,42.37011169929553,51.7627837837838,53.53061036036031,0.053974096438902386,-0.19263891248083587,-12.147621164962208,-3.540462427745661,11.20000000000001,-32.086354554993655,1.4399999999999977,0.4899999999999949,-0.48999999999999844,-0.42999999999999794,-1321,-1703,True,True,True,True,MA120上彎且收盤站上、大戶4/8週累積、散戶或總股東下降支撐、近20日未破60日低位區、20日量低於120日均量
5425,,空轉多觀察籃,,70,2026-09-09,90.0,28.38801711840229,-3.1216361679225035,49.47368421052632,39.362749033167596,85.33228568627456,70.7821260784314,6.937405342832359,5.136630686760912,-35.97854904796336,79.01143567171407,112.3532966056513,4.2562509211624855,1.9299999999999997,4.329999999999998,3.3299999999999983,1.6299999999999955,12725,13461,True,False,True,True,MA120上彎且收盤站上、大戶4/8週累積、近20日未破60日低位區、240扣抵偏有利
6224,聚鼎,空轉多觀察籃,,70,2026-09-09,84.5,68.32669322709162,-0.3537735849056589,63.839285714285715,77.57367848381317,67.51677462449456,54.969124241767766,9.504292698398743,5.671390650408559,-13.33333333333333,110.66128021776235,94.54926624737942,24.44314561399825,0.00999999999999801,3.9200000000000017,3.2799999999999976,0.759999999999998,1834,1455,True,False,True,True,MA120上彎且收盤站上、大戶4/8週累積、近20日未破60日低位區、240扣抵偏有利
6269,台郡,空轉多觀察籃,,70,2026-09-09,69.3,41.428571428571416,2.3633677991137247,58.456973293768534,61.59954752812349,64.41333333333306,61.88625000000006,2.2028295649874075,0.33642056624041405,-24.50980392156863,6.451612903225801,99.56521739130434,26.22450703362078,0.75,-3.3400000000000034,0.2100000000000044,2.070000000000004,1525,4188,True,False,True,True,MA120上彎且收盤站上、大戶4/8週累積、近20日未破60日低位區、240扣抵偏有利
6716,應廣,空轉多觀察籃,,70,2026-09-09,119.5,68.30985915492957,2.136752136752129,34.8314606741573,22.848443423299507,94.15521929824536,74.50099302232867,8.7992785726682,10.053323960888383,-14.642857142857146,162.3959236204134,103.78457059679764,40.746056483413895,1.5999999999999943,0.8599999999999994,1.5600000000000023,1.8000000000000007,536,553,True,False,True,True,MA120上彎且收盤站上、大戶4/8週累積、近20日未破60日低位區、240扣抵偏有利
6834,天二科技,空轉多觀察籃,,70,2026-09-09,101.0,36.30229419703106,7.446808510638303,61.12759643916914,81.88662284909562,75.21414761904768,52.27444523809527,16.72473846996536,11.6678658122064,-29.370629370629374,256.42266586005246,103.70370370370368,10.94046985302688,0.5,3.2099999999999937,1.2100000000000009,0.9800000000000004,1255,1536,True,False,True,True,MA120上彎且收盤站上、大戶4/8週累積、近20日未破60日低位區、240扣抵偏有利
6913,鴻呈,空轉多觀察籃,,70,2026-09-09,131.0,13.41991341991342,-13.245033112582782,42.25352112676056,9.276563270290318,130.50833333333333,127.20416666666667,4.257231301800757,0.8872953189801969,-22.48520710059172,-6.428571428571428,51.56950672645739,53.19135422983188,1.1099999999999994,1.0899999999999963,0.259999999999998,0.28000000000000114,5,33,True,False,True,True,MA120上彎且收盤站上、大戶4/8週累積、近20日未破60日低位區
5704,,空轉多觀察籃,,60,2026-09-09,23.05,8.21596244131455,-0.6465517241379226,51.428571428571445,52.12047232419989,21.804999999999982,23.581458333333323,0.7605368042051364,-1.328509785119636,-22.521008403361343,-16.181818181818176,13.095238095238093,76.40643853073628,0.7200000000000131,0.7200000000000131,-0.17000000000000082,-0.3700000000000001,-57,-207,True,True,True,True,MA120上彎且收盤站上、大戶4/8週累積、散戶或總股東下降支撐、近20日未破60日低位區
6907,,空轉多觀察籃,,60,2026-09-09,195.5,21.80685358255452,7.713498622589521,50.887573964497044,76.87119267876825,153.72816649061036,,11.284564834665423,,-20.528455284552848,,89.10466530715433,23.010300981445585,0.5799999999999983,-0.7199999999999989,-1.4100000000000001,3.5700000000000003,-304,1744,True,True,True,True,MA120上彎且收盤站上、大戶4/8週累積、散戶或總股東下降支撐、近20日未破60日低位區
6533,晶心科,空轉多觀察籃,,55,2026-09-09,253.5,32.118985263651645,-0.9107610522612775,67.37466587059299,63.64563159790742,214.99635337752545,231.12647256957104,4.128122591063743,-0.8969678842303375,-20.582184508229773,-13.433281313389589,50.666666666666686,12.036983497349741,0.5899999999999999,0.14000000000000057,0.5499999999999972,0.6700000000000017,153,878,True,False,True,True,MA120上彎且收盤站上、大戶4/8週累積、近20日未破60日低位區
4549,,空轉多觀察籃,,50,2026-09-09,97.4,16.061420483380306,-3.074560064611176,41.31907211597195,21.658730504048822,96.0705986251468,100.71248686991339,1.1200768901114877,-2.123316359975913,-26.65807443037469,-13.715381682793748,27.802953737815006,-67.69110611610051,0.7600000000000051,0.7600000000000051,1.5599999999999987,0.7100000000000009,555,167,True,False,True,True,MA120上彎且收盤站上、大戶4/8週累積、近20日未破60日低位區、20日量低於120日均量
1307,三芳,未發動觀察籃,,70,2026-09-09,30.85,0.6525285481239873,1.3136288998357948,52.000000000000036,76.90020280295845,31.16722299813785,30.67291317504652,-0.5530713825648514,0.3471920784020366,-14.177701106552277,11.802518626498216,19.821229050279342,-48.83142388212386,1.9300000000000068,1.3400000000000034,-0.54,-0.4899999999999993,-902,-926,True,True,False,True,大戶4/8週累積、散戶或總股東下降支撐、近20日未破60日低位區、20日量低於120日均量、240扣抵偏有利
1568,倉佑,未發動觀察籃,,70,2026-09-09,29.0,8.818011257035652,-1.5280135823429464,47.872340425531924,44.64455049427515,30.784791073124403,26.403246676163374,4.206827329005591,2.0065864640516295,-42.00000000000001,22.3378683717129,81.55339805825244,-73.5015464635723,2.4599999999999937,4.619999999999997,-3.91,-5.77,-1318,-2196,True,True,False,True,大戶4/8週累積、散戶或總股東下降支撐、近20日未破60日低位區、20日量低於120日均量、240扣抵偏有利
1735,日勝化,未發動觀察籃,,70,2026-09-09,20.3,8.847184986595181,0.24691358024691024,48.837209302325604,38.31917997867473,23.245784737221022,19.65967692584595,0.36493278844289545,2.388238207686877,-38.2970622025275,41.60301318267419,41.1111111111111,-89.25468394251799,0.5700000000000074,0.46000000000000796,-0.2699999999999996,-0.3099999999999987,-301,-399,True,True,False,True,大戶4/8週累積、散戶或總股東下降支撐、近20日未破60日低位區、20日量低於120日均量、240扣抵偏有利
2342,茂矽,未發動觀察籃,,70,2026-09-09,39.0,21.684867394695793,-1.7632241813602123,49.444444444444436,26.06076389119133,39.94375000000003,35.77833333333333,3.7152037736257526,4.450850880073998,-38.96713615023474,82.24299065420561,116.97792869269948,-54.916247279462496,2.3799999999999955,3.9099999999999966,-0.3199999999999932,-0.6000000000000014,-220,-524,True,True,False,True,大戶4/8週累積、散戶或總股東下降支撐、近20日未破60日低位區、20日量低於120日均量、240扣抵偏有利
2369,菱生,未發動觀察籃,,70,2026-09-09,30.3,9.782608695652172,-2.4154589371980673,46.59090909090911,17.187935956713424,33.516250000000035,28.39395833333335,2.12141986593537,4.34879144941851,-33.69803063457331,77.71260997067448,72.7788279773157,-77.02101463926165,4.0,5.009999999999998,-0.9500000000000028,-2.250000000000007,-1812,-5220,True,True,False,True,大戶4/8週累積、散戶或總股東下降支撐、近20日未破60日低位區、20日量低於120日均量、240扣抵偏有利
2401,凌陽,未發動觀察籃,,70,2026-09-09,25.15,4.140786749482395,-2.1400778210116767,43.87755102040814,29.287796403386217,26.54291666666665,24.05291666666664,2.616021520965184,0.6968732283808121,-29.45301542776999,13.544018058690742,53.66379310344826,-75.09236402514858,1.25,3.049999999999997,0.379999999999999,-0.29999999999999716,1645,-339,True,True,False,True,大戶4/8週累積、散戶或總股東下降支撐、近20日未破60日低位區、20日量低於120日均量、240扣抵偏有利
2404,漢唐,未發動觀察籃,,70,2026-09-09,1065.0,4.92610837438423,-0.4672897196261627,48.07692307692308,37.491862508089355,1072.006906614786,982.7017023346294,1.5886272287151115,0.11075052935796137,-24.191940174491076,1.7793395805444145,44.08859622867407,-61.784178484925164,3.2099999999999937,2.819999999999993,-3.969999999999999,-3.8000000000000007,-9375,-6293,True,True,False,True,大戶4/8週累積、散戶或總股東下降支撐、近20日未破60日低位區、20日量低於120日均量
2450,神腦,未發動觀察籃,,70,2026-09-09,28.25,-1.909722222222221,0.0,47.99999999999999,60.02229657171628,28.452958333333314,28.024041666666633,0.058610549019655345,0.009256302556903684,-7.072368421052633,-0.21193924408335896,5.714285714285716,-54.80950329569247,0.7299999999999898,0.5799999999999983,-0.11999999999999744,-0.1399999999999988,-175,-448,True,True,False,True,大戶4/8週累積、散戶或總股東下降支撐、近20日未破60日低位區、20日量低於120日均量
2501,國建,未發動觀察籃,,70,2026-09-09,22.4,1.1286681715575675,-0.6651884700665245,32.35294117647051,19.90224617032383,22.56558687943265,22.12834308510638,0.8609203242546215,0.91887517258471,-16.882460683382817,7.787128611503569,25.347847600197927,-64.90199219332906,1.25,1.0699999999999932,-0.35999999999999943,-0.4499999999999993,-1601,-1991,True,True,False,True,大戶4/8週累積、散戶或總股東下降支撐、近20日未破60日低位區、20日量低於120日均量、240扣抵偏有利
3033,威健,未發動觀察籃,,70,2026-09-09,41.85,0.34833452554969835,-4.778156996587035,26.027397260273915,-2.6865253343211237,43.0949041143654,36.033326185495085,6.3196519517045635,4.35192273774172,-26.597051597051603,55.997679253493196,41.9354838709677,-57.02422766597197,-0.9799999999999969,7.119999999999997,1.4799999999999969,-2.3000000000000007,6386,1979,True,True,False,True,大戶4/8週累積、散戶或總股東下降支撐、近20日未破60日低位區、20日量低於120日均量、240扣抵偏有利
3048,益登,未發動觀察籃,,70,2026-09-09,51.6,16.742081447963784,-3.3707865168539297,21.794871794871824,6.824190543448378,53.250980392156855,46.01807533539736,5.919154029458951,3.888825725717693,-36.00571336420394,19.660549668303616,76.5588345602024,-74.2509166300683,-1.6700000000000017,7.660000000000004,3.6000000000000014,-2.669999999999998,7901,829,True,True,False,True,大戶4/8週累積、散戶或總股東下降支撐、近20日未破60日低位區、20日量低於120日均量、240扣抵偏有利
3086,,未發動觀察籃,,70,2026-09-09,29.45,11.553030303030297,-0.5067567567567655,58.69565217391303,67.2632188970542,32.18916666666669,26.379166666666617,2.7341152690230963,4.417916386506082,-38.0,120.59925093632957,49.21875,-69.06700532076124,-0.7000000000000028,8.86999999999999,0.5499999999999998,-3.01,656,2913,True,True,False,True,大戶4/8週累積、散戶或總股東下降支撐、近20日未破60日低位區、20日量低於120日均量、240扣抵偏有利
3093,港建*,未發動觀察籃,,70,2026-09-09,44.55,3.4843205574912828,-1.4380530973451489,40.579710144927525,12.39571633442553,54.47507611111104,40.239856249999995,4.786795289949386,4.3373287065745725,-41.77125185926811,79.53864010059,91.75087719298247,-85.29041437858231,1.539999999999992,-1.289999999999992,-0.9500000000000011,2.7300000000000004,-453,2242,True,True,False,True,大戶4/8週累積、散戶或總股東下降支撐、近20日未破60日低位區、20日量低於120日均量、240扣抵偏有利
3131,弘塑,未發動觀察籃,,70,2026-09-09,2555.0,13.303769401330378,7.127882599580704,62.303664921465966,75.72393712422351,2891.0011607843094,2226.1753764705913,4.022191482245496,3.889520702681226,-35.67317595577503,80.69583559645142,93.28002289967084,-22.28691668331687,1.269999999999996,1.1099999999999994,-2.280000000000001,-0.8599999999999994,-2553,163,True,True,False,True,大戶4/8週累積、散戶或總股東下降支撐、近20日未破60日低位區、20日量低於120日均量、240扣抵偏有利
3171,,未發動觀察籃,,70,2026-09-09,59.9,-6.697819314641751,-4.465709728867628,20.75471698113209,-33.548905523074666,66.94499999999998,58.6108333333334,2.744009668941083,1.7111413996435232,-24.559193954659953,4.17391304347825,23.697478991596622,-65.331857422006,0.0,3.6000000000000085,-0.22000000000000064,-0.8699999999999992,-52,-173,True,True,False,True,大戶4/8週累積、散戶或總股東下降支撐、近20日未破60日低位區、20日量低於120日均量、240扣抵偏有利
3209,全科,未發動觀察籃,,70,2026-09-09,45.5,-6.940424847728233,-2.3605150214592308,41.765132133508786,17.440218404730654,52.1313227360309,41.23154576107903,4.2893869587986355,3.7562185834381756,-40.6286581465793,59.78718048653737,29.871882879010503,-33.39744178724501,-0.12000000000000455,2.9599999999999937,-0.5600000000000023,-1.5399999999999991,-523,-1018,True,True,False,True,大戶4/8週累積、散戶或總股東下降支撐、近20日未破60日低位區、20日量低於120日均量、240扣抵偏有利
3211,順達,未發動觀察籃,,70,2026-09-09,367.0,19.15584415584415,-4.922279792746109,53.045685279187815,38.87501971142721,376.86019005310425,338.6737408088234,3.892831328018165,0.719590972911166,-25.858585858585858,-5.359444307184358,77.73788150807898,-30.215078554791052,3.0899999999999963,-4.800000000000004,-2.9599999999999973,6.440000000000001,-1942,10147,True,True,False,True,大戶4/8週累積、散戶或總股東下降支撐、近20日未破60日低位區、20日量低於120日均量
3236,千如,未發動觀察籃,,70,2026-09-09,44.2,16.27884678767686,-0.5624296962879693,50.647276874821785,48.09467809972546,44.994250189825394,35.77416381928624,5.879204290205764,6.828096865824218,-40.93894770163573,168.52382336253305,115.66951566951565,-59.80896050029148,6.890000000000001,7.600000000000001,-1.5000000000000036,-1.090000000000007,-26,657,True,True,False,True,大戶4/8週累積、散戶或總股東下降支撐、近20日未破60日低位區、20日量低於120日均量、240扣抵偏有利
3339,泰谷,未發動觀察籃,,70,2026-09-09,42.95,35.062893081761004,-1.9406392694063745,61.8483412322275,61.38690193407436,44.668749999999996,36.47833333333336,5.001028413598552,1.821311437277573,-40.921595598349384,29.36746987951806,70.30995106035891,-25.892340894539956,3.129999999999999,-0.6600000000000001,-0.5,3.7099999999999973,-720,-99,True,True,False,True,大戶4/8週累積、散戶或總股東下降支撐、近20日未破60日低位區、20日量低於120日均量、240扣抵偏有利
3515,華擎,未發動觀察籃,,70,2026-09-09,225.5,18.372703412073488,-0.6607929515418554,58.41584158415842,63.56527032410605,217.85513728632458,230.65882612179482,1.1150112815964786,-1.5331369184730326,-34.26835284093457,-26.396911423752556,28.584547008547002,-23.05515943497286,1.9500000000000028,1.2199999999999989,-1.290000000000001,-0.879999999999999,-517,436,True,True,True,True,MA120上彎且收盤站上、大戶4/8週累積、散戶或總股東下降支撐、近20日未破60日低位區、20日量低於120日均量
3528,安馳,未發動觀察籃,,70,2026-09-09,83.7,8.418173600659795,0.4801920768307433,51.683955137733996,48.87934403321015,87.3964196642686,78.13915197841712,3.418760192072523,1.5787509670543987,-40.274900858583905,16.906959171041102,71.08753315649865,-64.95983225389989,5.099999999999994,5.47999999999999,-1.910000000000002,-4.050000000000001,-597,-959,True,True,False,True,大戶4/8週累積、散戶或總股東下降支撐、近20日未破60日低位區、20日量低於120日均量、240扣抵偏有利
3537,,未發動觀察籃,,70,2026-09-09,53.4,13.496280552603611,-3.6101083032490933,43.75,18.435114553436264,56.207874348958356,50.537623697916715,3.5716284407067977,3.129337387299125,-39.923533289386945,50.59818890871837,104.10268369690013,-69.8332629626386,4.979999999999997,5.859999999999996,0.3400000000000034,-1.0699999999999932,1329,2731,True,True,False,True,大戶4/8週累積、散戶或總股東下降支撐、近20日未破60日低位區、20日量低於120日均量、240扣抵偏有利
3550,聯穎,未發動觀察籃,,70,2026-09-09,22.9,19.89528795811517,-1.2931034482758674,52.439024390243894,30.257655974999427,23.2912499999999,19.107228747203603,3.7510672259549738,3.837934317266889,-42.31738035264484,62.19209598144255,116.34877384196187,-67.09525628414063,7.960000000000001,9.530000000000001,-3.530000000000001,-4.860000000000003,-811,-353,True,True,False,True,大戶4/8週累積、散戶或總股東下降支撐、近20日未破60日低位區、20日量低於120日均量、240扣抵偏有利
3580,友威科,未發動觀察籃,,70,2026-09-09,86.4,25.217391304347835,-1.929625425652659,64.9446494464945,77.45722007823012,87.05404684095879,74.9347766884526,2.9788843689977584,1.4965550584060017,-25.809855202604094,30.468510970085205,59.785932721712534,-82.85993157604727,1.5,-3.5299999999999994,-1.1500000000000057,0.509999999999998,287,1293,True,True,False,True,大戶4/8週累積、散戶或總股東下降支撐、近20日未破60日低位區、20日量低於120日均量、240扣抵偏有利
3689,,未發動觀察籃,,70,2026-09-09,112.5,17.373166184008348,-3.433476394849788,60.0,55.0122900636043,116.37736349206352,109.65075297619053,0.8005171726441773,0.6660906683333412,-20.170168478958715,15.397578238336894,36.64921465968587,-61.69777890646816,3.400000000000002,-4.519999999999996,-2.4099999999999966,2.450000000000003,-1075,1403,True,True,False,True,大戶4/8週累積、散戶或總股東下降支撐、近20日未破60日低位區、20日量低於120日均量、240扣抵偏有利
3704,合勤控,未發動觀察籃,,70,2026-09-09,39.4,-3.6674816625916873,-1.7456359102244412,30.921052631579002,8.153148256855014,41.32082401490949,37.722342030528836,3.6599273534785093,2.249362030526658,-22.68762512172594,7.546848951103846,31.007936573119686,-51.29361247126436,7.960000000000001,10.54,-3.7200000000000006,-5.279999999999999,-5996,-8720,True,True,False,True,大戶4/8週累積、散戶或總股東下降支撐、近20日未破60日低位區、20日量低於120日均量、240扣抵偏有利
3709,,未發動觀察籃,,70,2026-09-09,63.0,-4.056620058691507,-4.109589041095896,28.97196261682241,3.5268435744532654,72.43332394563966,62.585788997613,0.5845683233182797,4.185476285533163,-28.310806164338175,80.73069490727227,31.798163646705113,-79.41250807763824,1.7600000000000051,2.730000000000004,-1.3000000000000007,-1.4600000000000009,-881,-859,True,True,False,True,大戶4/8週累積、散戶或總股東下降支撐、近20日未破60日低位區、20日量低於120日均量、240扣抵偏有利
4532,瑞智,未發動觀察籃,,70,2026-09-09,23.75,1.7130620985010614,-0.21008403361344463,39.99999999999996,37.85241722942047,24.356011560693634,23.6991064547206,-0.3515075646256527,0.4276755210048444,-21.875,8.184786329287231,32.46187363834423,-64.85669570715368,0.7199999999999989,-0.7800000000000011,-0.15000000000000036,0.15000000000000036,-328,-109,True,True,False,True,大戶4/8週累積、散戶或總股東下降支撐、近20日未破60日低位區、20日量低於120日均量、240扣抵偏有利
4534,,未發動觀察籃,,70,2026-09-09,28.95,-2.8523489932886004,-3.17725752508361,43.10344827586207,26.895872277088912,29.4816666666667,23.950208333333318,1.640474617174692,4.0700674421762395,-34.943820224719104,62.64044943820224,63.60294117647059,-65.12209384152088,6.130000000000003,4.5,-4.790000000000006,-4.360000000000003,-971,2162,True,True,False,True,大戶4/8週累積、散戶或總股東下降支撐、近20日未破60日低位區、20日量低於120日均量、240扣抵偏有利
4555,氣立,未發動觀察籃,,70,2026-09-09,43.1,7.0807453416149135,-6.810810810810808,32.786885245901644,2.4171813018931254,44.565129889083515,42.529744600116736,4.083825990716594,0.11015115976567014,-29.299606423626066,1.8284357130444073,42.63157894736842,-64.27594330910405,3.240000000000009,2.5,-1.2400000000000002,-1.1899999999999995,-398,-232,True,True,False,True,大戶4/8週累積、散戶或總股東下降支撐、近20日未破60日低位區、20日量低於120日均量
4741,,未發動觀察籃,,70,2026-09-09,40.2,3.076923076923088,-0.371747211895912,42.786069651741315,14.150979570245118,51.4416666666666,36.73291666666664,6.6074882564243875,4.18284201632011,-53.5796766743649,81.48984198645601,110.62937062937061,-92.252991426177,7.07,4.6399999999999935,-4.119999999999999,-0.09999999999999964,-82,7079,True,True,False,True,大戶4/8週累積、散戶或總股東下降支撐、近20日未破60日低位區、20日量低於120日均量、240扣抵偏有利
4906,正文,未發動觀察籃,,70,2026-09-09,36.6,20.99173553719009,-0.8130081300812941,59.055118110236236,63.80197835719423,38.35571803652973,32.414525684931434,4.049373116909094,3.0150218788507654,-33.681827659130846,53.232050377660414,70.15706806282725,-74.18709069239057,4.069999999999993,1.6299999999999955,-2.710000000000001,-0.35999999999999943,-3521,1916,True,True,False,True,大戶4/8週累積、散戶或總股東下降支撐、近20日未破60日低位區、20日量低於120日均量、240扣抵偏有利
4919,新唐,未發動觀察籃,,70,2026-09-09,119.0,9.677419354838701,-0.8333333333333304,50.60240963855422,42.728536147997744,144.98999999999995,102.73375000000003,5.2501678674481855,5.049657235129423,-48.26086956521739,101.69491525423729,127.363184079602,-81.10694826912331,4.170000000000002,5.480000000000004,-2.6700000000000017,-2.7600000000000016,1146,10365,True,True,False,True,大戶4/8週累積、散戶或總股東下降支撐、近20日未破60日低位區、20日量低於120日均量、240扣抵偏有利
5215,科嘉-KY,未發動觀察籃,,70,2026-09-09,38.85,1.9685039370078705,-0.25673940949936247,36.03603603603605,25.0222539808447,39.71589569161007,37.1939673091459,1.3223782382461469,1.2825281474107886,-20.516395115795728,18.64608076009504,24.065129927940188,-63.57159473545051,1.6400000000000077,0.4299999999999997,-0.620000000000001,-0.08999999999999986,-222,-111,True,True,False,True,大戶4/8週累積、散戶或總股東下降支撐、近20日未破60日低位區、20日量低於120日均量、240扣抵偏有利
5284,jpp-KY,未發動觀察籃,,70,2026-09-09,314.0,19.99428878586309,-4.848484848484846,49.59451860182911,43.96677107211028,329.21880774837405,300.3010034116388,3.211278344081814,1.8101651783142048,-32.38875009870355,18.44306552051933,65.03917711662979,-58.62318634461738,-2.520000000000003,2.25,0.6099999999999994,-4.959999999999997,217,-1054,True,True,False,True,大戶4/8週累積、散戶或總股東下降支撐、近20日未破60日低位區、20日量低於120日均量、240扣抵偏有利
5291,,未發動觀察籃,,70,2026-09-09,61.9,34.27331887201734,-7.611940298507469,57.94701986754966,48.091622077903715,63.19455967570439,47.66994916267937,3.384175192378369,7.050917721105132,-26.291386351619895,152.97155029018077,76.3855421686747,-24.45173696822669,2.4100000000000037,0.10999999999999943,-3.09,-2.3299999999999983,-744,-603,True,True,False,True,大戶4/8週累積、散戶或總股東下降支撐、近20日未破60日低位區、20日量低於120日均量、240扣抵偏有利
5410,國眾,未發動觀察籃,,70,2026-09-09,35.2,6.2481134923030535,-2.4930747922437657,42.708333333333414,4.271177872680988,35.22478042140155,32.76952207623107,3.615404203477879,1.6662986406612124,-24.900931828733576,6.855245569401935,39.85507246376812,-72.58990649129717,2.5899999999999963,4.75,-0.4400000000000013,-2.3199999999999967,-198,-886,True,True,False,True,大戶4/8週累積、散戶或總股東下降支撐、近20日未破60日低位區、20日量低於120日均量、240扣抵偏有利
5522,遠雄,未發動觀察籃,,70,2026-09-09,63.5,-3.201219512195108,-0.78125,45.714285714285765,60.00690369429843,65.62794871794881,62.319358974358934,0.32986094097586793,0.7520791771381541,-18.00754866905048,9.193121693121675,17.26384364820848,-52.58883107925798,0.5199999999999818,0.18999999999999773,-0.2400000000000002,-0.1299999999999999,-789,-293,True,True,False,True,大戶4/8週累積、散戶或總股東下降支撐、近20日未破60日低位區、20日量低於120日均量、240扣抵偏有利
5536,聖暉*,未發動觀察籃,,70,2026-09-09,862.0,-8.6864406779661,1.0550996483001063,46.52173913043478,43.35952777884734,978.0602797202798,850.7346816897079,3.568154507225918,0.35897736044445683,-41.55502715619732,-6.819521901171166,83.67267850455895,-25.829816148613528,0.9299999999999997,8.739999999999995,-1.429999999999998,-6.8000000000000025,-2421,-9703,True,True,False,True,大戶4/8週累積、散戶或總股東下降支撐、近20日未破60日低位區、20日量低於120日均量
6151,,未發動觀察籃,,70,2026-09-09,34.85,5.927051671732531,-1.2747875354107485,34.66666666666666,16.61402332365565,37.49738429641515,32.67419776618512,3.456885685489497,1.3458758546089689,-31.666666666666664,22.65684804008803,33.64341085271319,-75.14696153222728,1.0400000000000063,2.75,1.5,-0.8099999999999987,335,186,True,True,False,True,大戶4/8週累積、散戶或總股東下降支撐、近20日未破60日低位區、20日量低於120日均量、240扣抵偏有利
6155,鈞寶,未發動觀察籃,,70,2026-09-09,57.7,16.448032290615554,2.6690391459074814,52.60416666666666,50.20729941462718,59.8993132183908,49.515363984674316,3.10476079931028,6.317606358040484,-43.460680737954185,165.30978970344964,126.78416347381867,-65.44364700375505,3.4000000000000057,3.480000000000004,-2.629999999999999,-3.4800000000000004,916,829,True,True,False,True,大戶4/8週累積、散戶或總股東下降支撐、近20日未破60日低位區、20日量低於120日均量、240扣抵偏有利
6202,盛群,未發動觀察籃,,70,2026-09-09,57.2,28.337898040341038,-2.7210884353741416,49.629629629629655,31.710585567030495,57.31964890282138,49.87172257053281,0.5860765137096324,3.3469810452391613,-28.621946830649826,53.358681875792136,84.3003412969283,-73.65458894868675,0.8900000000000006,0.28999999999999915,-2.120000000000001,-1.0300000000000047,-2505,-540,True,True,False,True,大戶4/8週累積、散戶或總股東下降支撐、近20日未破60日低位區、20日量低於120日均量、240扣抵偏有利
6405,悅城,未發動觀察籃,,70,2026-09-09,38.9,14.918759231905465,-2.9925187032418976,50.30120481927711,35.727598946196935,49.022499999999944,38.65395833333331,2.7581749580770865,3.301616288716036,-56.34118967452301,55.91182364729459,141.07424960505531,-64.97999221520087,0.5799999999999983,-0.13000000000000256,0.0600000000000005,-1.2399999999999967,428,663,True,True,False,True,大戶4/8週累積、散戶或總股東下降支撐、近20日未破60日低位區、20日量低於120日均量、240扣抵偏有利
6432,今展科,未發動觀察籃,,70,2026-09-09,56.4,-21.991701244813278,-7.389162561576357,26.940639269406404,9.354484542212177,59.43750000000005,46.37124999999997,9.231664548141595,7.448118057667474,-35.09781357882624,123.80952380952381,54.62633451957295,-67.81373790470172,0.5600000000000023,1.2399999999999949,-2.0600000000000023,0.379999999999999,240,630,True,True,False,True,大戶4/8週累積、散戶或總股東下降支撐、近20日未破60日低位區、20日量低於120日均量、240扣抵偏有利
6435,大中,未發動觀察籃,,70,2026-09-09,245.5,11.590909090909097,-0.20325203252032908,44.366197183098585,26.559561835688715,245.93776308304896,181.56012372013635,7.88939741031911,8.066722630003099,-43.698500132082295,170.62213953698358,115.33097374963131,-45.18456622013771,3.029999999999994,3.0700000000000003,-0.5300000000000011,-0.8100000000000023,132,727,True,True,False,True,大戶4/8週累積、散戶或總股東下降支撐、近20日未破60日低位區、20日量低於120日均量、240扣抵偏有利
6706,惠特,未發動觀察籃,,70,2026-09-09,124.0,31.77470775770457,-2.3622047244094446,60.0,65.6727539205206,141.56583333333307,121.17375,0.047114529531966376,4.296042863598215,-44.888888888888886,91.35802469135803,102.73348519362186,-70.53785790410019,-0.29999999999999716,2.330000000000002,-0.3299999999999983,-0.720000000000006,1152,328,True,True,False,True,大戶4/8週累積、散戶或總股東下降支撐、近20日未破60日低位區、20日量低於120日均量、240扣抵偏有利
6761,,未發動觀察籃,,70,2026-09-09,179.5,33.95522388059702,-1.912568306010931,44.047619047619044,23.021257514566972,185.02473544973557,161.09904100529096,2.7659188370915633,2.3076170283542696,-24.89539748953975,18.079774459642906,79.91967871485943,-47.33569835769811,1.25,-2.1899999999999977,-0.6800000000000033,2.649999999999995,64,907,True,True,False,True,大戶4/8週累積、散戶或總股東下降支撐、近20日未破60日低位區、20日量低於120日均量、240扣抵偏有利
6856,,未發動觀察籃,,70,2026-09-09,41.4,-1.7793594306049876,-2.7027027027026973,31.914893617021278,57.81047184952842,39.246666666666655,41.65458333333333,0.25544959128063205,-0.03199904002881837,-32.901134521880074,-19.611650485436893,,-53.95538190819887,1.5600000000000023,1.5600000000000023,-0.07999999999999918,-0.0699999999999994,-6,-16,True,True,True,True,MA120上彎且收盤站上、大戶4/8週累積、散戶或總股東下降支撐、近20日未破60日低位區、20日量低於120日均量
6877,,未發動觀察籃,,70,2026-09-09,117.5,7.798165137614688,6.334841628959276,50.0,51.40680513812092,135.29564999999994,112.61017000000008,2.0695948413439247,2.063274904520518,-40.41823861100969,26.57927848733992,41.180582524271834,-90.81429379426326,1.2199999999999989,-1.1499999999999915,-1.6899999999999995,0.7699999999999996,-481,426,True,True,False,True,大戶4/8週累積、散戶或總股東下降支撐、近20日未破60日低位區、20日量低於120日均量、240扣抵偏有利
8028,昇陽半導體,未發動觀察籃,,70,2026-09-09,236.0,-6.349206349206349,-1.2552301255230103,43.037974683544306,17.98863981372844,261.9574654605263,216.57961554276326,4.749084636850576,3.6082588670011795,-35.16483516483516,37.24653538296374,60.352422907488986,-71.1785312212972,4.07,6.57,-2.2099999999999973,-4.119999999999997,-218,-517,True,True,False,True,大戶4/8週累積、散戶或總股東下降支撐、近20日未破60日低位區、20日量低於120日均量、240扣抵偏有利
8096,,未發動觀察籃,,70,2026-09-09,99.9,-11.544480241961985,-3.9263015068199625,33.89401795877069,11.785947488670228,116.41496287128713,85.14761757425751,5.66110750220421,7.1658301440475025,-43.278522641032126,169.1608979232524,79.71812487371189,-73.20555002964026,7.579999999999998,8.599999999999994,-3.870000000000001,-4.43,-2466,-540,True,True,False,True,大戶4/8週累積、散戶或總股東下降支撐、近20日未破60日低位區、20日量低於120日均量、240扣抵偏有利
8131,福懋科,未發動觀察籃,,70,2026-09-09,63.5,18.47014925373134,3.420195439739415,53.21100917431193,64.09598775270044,65.56696595460623,58.13090342679127,-0.6517343601842529,5.550159642980734,-26.108760869328794,133.18575827106747,69.16755148597078,-65.23228011918822,2.4099999999999966,1.539999999999992,-2.2300000000000004,-1.2100000000000009,-3847,-1350,True,True,False,True,大戶4/8週累積、散戶或總股東下降支撐、近20日未破60日低位區、20日量低於120日均量、240扣抵偏有利
8182,,未發動觀察籃,,70,2026-09-09,39.3,12.446351931330458,1.158301158301156,47.90697674418604,29.000825660188074,40.49033424908422,33.3921153846154,5.698057645918886,3.9207847540133844,-34.89764897557958,57.75300228272735,80.19845825815976,-74.0053753426591,1.9899999999999949,2.440000000000012,-0.5200000000000031,1.519999999999996,660,2473,True,True,False,True,大戶4/8週累積、散戶或總股東下降支撐、近20日未破60日低位區、20日量低於120日均量、240扣抵偏有利
8215,明基材,未發動觀察籃,,70,2026-09-09,25.5,17.511520737327203,-0.195694716242667,59.70149253731344,70.0866478439818,26.345526584867052,23.502773517382423,2.800387088511447,0.4554443546096243,-22.704280879235306,12.246826897110452,55.920245398773005,-82.10645807945745,1.2399999999999949,1.4799999999999969,-0.05000000000000071,0.38000000000000256,-201,616,True,True,False,True,大戶4/8週累積、散戶或總股東下降支撐、近20日未破60日低位區、20日量低於120日均量、240扣抵偏有利
8240,華宏,未發動觀察籃,,70,2026-09-09,52.3,42.11956521739131,1.553398058252431,69.2452830188679,85.28961627639066,53.57724467418545,45.077397008145404,1.3756711611670802,1.1486225959222995,-34.46207913469102,36.76025323424166,69.83056232129616,-54.87190146977354,0.5200000000000031,-4.219999999999999,-0.42999999999999616,5.990000000000002,-838,2591,True,True,False,True,大戶4/8週累積、散戶或總股東下降支撐、近20日未破60日低位區、20日量低於120日均量、240扣抵偏有利
8390,金益鼎,未發動觀察籃,,70,2026-09-09,97.8,10.011248593925748,0.8247422680412342,51.327433628318566,38.02238132396278,98.63300243902441,89.74699024390256,0.3962653116113879,3.2701181857468287,-23.056553375702325,55.53652303839654,34.02139495079162,-53.04404432336815,-0.269999999999996,3.3900000000000006,-0.7900000000000009,-3.049999999999999,-485,-1797,True,True,False,True,大戶4/8週累積、散戶或總股東下降支撐、近20日未破60日低位區、20日量低於120日均量、240扣抵偏有利
8438,昶昕,未發動觀察籃,,70,2026-09-09,69.0,30.188679245283012,0.29069767441860517,61.29032258064516,52.8543450519448,79.42276339941266,60.39100725036703,1.062743607523875,5.534069382295859,-37.498004788507586,126.54444866301459,106.67542987068353,-83.0346275732138,-1.3599999999999994,1.6999999999999886,0.04999999999999982,-0.7899999999999991,-80,-308,True,True,False,True,大戶4/8週累積、散戶或總股東下降支撐、近20日未破60日低位區、20日量低於120日均量、240扣抵偏有利
8454,富邦媒,未發動觀察籃,,70,2026-09-09,238.5,-4.790419161676651,-2.6530612244897944,30.37974683544303,12.080762064297051,238.68795420837947,224.8964937893954,5.2475858845041135,0.07144486699224295,-47.76731880933415,1.214365626725944,65.21739130434783,-70.64031273388377,2.740000000000009,3.8499999999999943,-1.8599999999999994,-2.1099999999999994,-1067,-2176,True,True,False,True,大戶4/8週累積、散戶或總股東下降支撐、近20日未破60日低位區、20日量低於120日均量
2478,大毅,未發動觀察籃,,60,2026-09-09,122.5,17.22488038277512,-2.39043824701195,44.23076923076923,38.878043487467316,122.57398250460407,91.42010013812155,8.424191250606249,8.098631526326727,-51.708103281170025,199.92424959757602,159.1069927031191,-0.46125791892106527,6.350000000000001,8.550000000000004,-3.6199999999999974,-4.030000000000001,85,346,True,True,False,True,大戶4/8週累積、散戶或總股東下降支撐、近20日未破60日低位區、240扣抵偏有利
3090,日電貿,未發動觀察籃,,60,2026-09-09,166.0,31.225296442687743,-5.9490084985835745,44.91525423728813,32.310250797771864,174.9314451476791,131.65169092827,7.838501808144005,6.7953310875696005,-53.81906539423178,138.07967699301415,215.31201421274702,5.202271202200981,6.540000000000006,7.450000000000003,-3.4299999999999997,-4.07,-105,1133,True,True,False,True,大戶4/8週累積、散戶或總股東下降支撐、近20日未破60日低位區、240扣抵偏有利
3265,台星科,未發動觀察籃,,60,2026-09-09,167.5,22.262773722627728,-5.099150141643061,44.6969696969697,19.597265020655573,167.70533156498678,139.12905216622468,4.15425757594603,4.90748170017985,-16.271764899310003,76.88454626127175,52.67175572519085,-8.506463373820761,1.25,2.4299999999999997,-1.620000000000001,-2.1099999999999994,-1425,-1580,True,True,False,True,大戶4/8週累積、散戶或總股東下降支撐、近20日未破60日低位區、240扣抵偏有利
5263,,未發動觀察籃,,60,2026-09-09,101.0,10.989010989010994,-1.9417475728155331,72.95373665480429,75.91391093550219,97.38676731490948,96.93674934057596,-0.7490828954589746,0.5553256029137588,-21.68243436299565,13.0302524419754,22.119815668202758,28.864033737286853,0.7299999999999969,-0.10000000000000142,-0.33000000000000185,-0.46000000000000085,-147,-582,True,True,False,True,大戶4/8週累積、散戶或總股東下降支撐、近20日未破60日低位區、240扣抵偏有利
5543,,未發動觀察籃,,60,2026-09-09,27.8,1.090909090909098,-1.067615658362997,69.31216931216933,63.554758973605516,27.998333333333324,27.304791666666627,-0.0906968791352214,2.5058853893742405,-24.661246612466115,38.30845771144278,,74.96634472041272,1.1099999999999994,1.5,-0.21999999999999975,-0.48,-42,-84,True,True,False,True,大戶4/8週累積、散戶或總股東下降支撐、近20日未破60日低位區、240扣抵偏有利
6418,,未發動觀察籃,,60,2026-09-09,35.0,18.644067796610166,5.263157894736836,56.41025641025641,67.49838935090332,31.510460361067533,39.189552590266636,0.8444988206203652,-0.8556457515862315,-55.721719097553226,-28.94157528193095,40.89285714285715,4.0134121710692305,1.509999999999998,0.14999999999999858,-1.129999999999999,-0.05999999999999872,-166,41,True,True,True,True,MA120上彎且收盤站上、大戶4/8週累積、散戶或總股東下降支撐、近20日未破60日低位區
6449,鈺邦,未發動觀察籃,,60,2026-09-09,225.5,11.633663366336645,-5.052631578947365,50.99601593625498,45.120069287294676,253.01829677168428,214.14788992609894,4.361901127877865,2.584314054260628,-52.89813558720142,33.570389698464,156.01584310397544,-13.45597516737791,1.0600000000000023,5.030000000000001,-1.200000000000001,-4.850000000000001,533,-1343,True,True,False,True,大戶4/8週累積、散戶或總股東下降支撐、近20日未破60日低位區、240扣抵偏有利
6715,嘉基,未發動觀察籃,,60,2026-09-09,354.5,10.608424336973489,10.781250000000009,27.786752827140546,40.33985014206118,400.9508980882818,259.203259488961,7.003226896082704,9.42134642400234,-36.70878792097925,289.32648295094936,93.14115703412857,31.507122994028514,-1.5,2.9899999999999807,-0.9800000000000004,-2.74,-594,-1360,True,True,False,True,大戶4/8週累積、散戶或總股東下降支撐、近20日未破60日低位區、240扣抵偏有利
8042,金山電,未發動觀察籃,,60,2026-09-09,112.5,17.924528301886777,1.8099547511312153,59.17065390749601,70.90520114090543,113.71469696969694,82.4287897727273,8.14749341259069,8.200273026536031,-50.440528634361236,257.01921412497836,157.95454545454547,14.305009269386204,-2.299999999999997,6.679999999999993,1.2199999999999989,-6.25,-43,-4374,True,True,False,True,大戶4/8週累積、散戶或總股東下降支撐、近20日未破60日低位區、240扣抵偏有利
1570,力肯,未發動觀察籃,,55,2026-09-09,32.55,-2.1052631578947434,-0.7621951219512146,39.99999999999999,9.762450621114766,37.127346600331656,33.537317578772765,1.387714334446355,3.0176093141192517,-41.02410398788491,43.57142857142855,40.15503875968993,-86.79944062838221,1.5200000000000031,1.0,-0.6000000000000014,-1.9600000000000009,-329,-885,True,True,False,True,大戶4/8週累積、散戶或總股東下降支撐、近20日未破60日低位區、20日量低於120日均量、240扣抵偏有利
2114,鑫永銓,未發動觀察籃,,55,2026-09-09,89.8,2.86368843069873,1.1261261261261257,63.265306122448976,84.00345672543514,88.96666666666654,89.43083333333338,-0.05242660275616151,-0.35191650571981814,-5.77124868835257,-1.9650655021834051,7.52314814814814,-52.689062629373765,1.7099999999999866,1.7299999999999898,-0.3200000000000003,-0.16000000000000014,-101,-123,True,True,False,True,大戶4/8週累積、散戶或總股東下降支撐、近20日未破60日低位區、20日量低於120日均量
2241,艾姆勒,未發動觀察籃,,55,2026-09-09,34.25,12.295081967213118,-3.1117397454031193,53.97727272727274,53.78355654644557,35.13416666666669,34.50187499999994,2.282872392042723,2.0652294493954004,-37.727272727272734,37.826961770623726,87.0748299319728,-76.70287448958545,4.340000000000003,3.3900000000000006,-0.7900000000000027,-0.5100000000000016,189,671,True,True,False,True,大戶4/8週累積、散戶或總股東下降支撐、近20日未破60日低位區、20日量低於120日均量、240扣抵偏有利
2458,義隆,未發動觀察籃,,55,2026-09-09,130.0,-10.32243996670874,-2.2556390977443663,21.87651920272242,0.8460593379446759,146.28626752530425,132.21838008927656,1.8195768606518614,1.4493769033507187,-31.77203447848833,9.673335720181786,53.04233371843539,-57.54022700041486,0.10999999999999943,1.4100000000000037,-0.019999999999999574,-1.1600000000000001,-85,-1391,True,True,False,True,大戶4/8週累積、散戶或總股東下降支撐、近20日未破60日低位區、20日量低於120日均量、240扣抵偏有利
3152,璟德,未發動觀察籃,,55,2026-09-09,231.0,12.142668441826476,-2.941176470588236,48.40764331210192,34.318316877217484,266.0149250569877,244.22049119156173,-0.6582295080372336,0.6893255401418941,-41.697226035647496,8.342162642418828,100.85201285201286,-75.89927938902298,4.1200000000000045,3.220000000000006,-1.5199999999999996,-2.9399999999999977,-301,-563,True,True,False,True,大戶4/8週累積、散戶或總股東下降支撐、近20日未破60日低位區、20日量低於120日均量、240扣抵偏有利
3227,原相,未發動觀察籃,,55,2026-09-09,185.5,0.2702702702702675,-3.385416666666663,28.985507246376812,-6.772071756665762,201.1469905944321,202.73199727238494,0.6106994911095898,0.24284044930162896,-25.276972542800713,-8.358551231736733,36.79199518779874,-66.28500866834857,0.6499999999999986,3.1799999999999997,-0.04999999999999716,-2.4199999999999946,-262,-2679,True,True,False,True,大戶4/8週累積、散戶或總股東下降支撐、近20日未破60日低位區、20日量低於120日均量
3290,東浦,未發動觀察籃,,55,2026-09-09,46.65,-9.767891682785312,2.5274725274725185,29.648241206030136,23.662448081244598,52.37864346590913,48.09492187500003,1.2668749935849766,2.3474960587124727,-36.275932724323404,17.98416416387647,63.955767077267645,-53.994245727250686,2.8000000000000043,4.420000000000009,-0.3200000000000003,-0.7000000000000011,226,451,True,True,False,True,大戶4/8週累積、散戶或總股東下降支撐、近20日未破60日低位區、20日量低於120日均量、240扣抵偏有利
3588,通嘉,未發動觀察籃,,55,2026-09-09,53.0,13.36898395721926,1.1450381679389388,53.38983050847456,48.289811550583096,57.468841911764876,53.66020220588245,0.8420587126731549,0.8869685368786628,-33.25925925925925,14.086736308958535,76.07930089996084,-81.20749356037189,-0.41000000000000014,1.0700000000000003,0.05999999999999517,-0.8700000000000045,-224,-810,True,True,False,True,大戶4/8週累積、散戶或總股東下降支撐、近20日未破60日低位區、20日量低於120日均量、240扣抵偏有利
3707,漢磊,未發動觀察籃,,55,2026-09-09,60.1,13.825757575757592,-3.0645161290322576,38.709677419354854,11.729853277611177,68.4491666666667,62.066666666666734,1.606877783275662,2.020060201149909,-40.199004975124375,15.576923076923087,107.85935884177871,-74.05287705263073,-3.0700000000000003,4.300000000000004,3.0,-1.2700000000000031,6041,578,True,True,False,True,大戶4/8週累積、散戶或總股東下降支撐、近20日未破60日低位區、20日量低於120日均量、240扣抵偏有利
4107,,未發動觀察籃,,55,2026-09-09,113.0,2.262443438914019,0.0,0.0,13.82609782927599,112.36664923291481,114.07767608089269,-0.1992345256849548,0.17201553092123234,-10.26382243487507,1.675325653188775,7.583102493074789,-48.60884218754114,1.009999999999998,1.5499999999999972,0.17999999999999972,0.00999999999999801,12,-153,True,True,False,True,大戶4/8週累積、散戶或總股東下降支撐、近20日未破60日低位區、20日量低於120日均量
4722,國精化,未發動觀察籃,,55,2026-09-09,193.0,15.915915915915924,-3.7406483790523692,36.95652173913044,4.36492737009681,220.9893533170201,196.64846030451346,1.6590091035491028,3.3925969738159756,-38.09832210554757,51.96255043893028,106.47997580026578,-67.31986520150495,0.3599999999999923,4.039999999999999,-0.7000000000000011,-3.51,-429,-1510,True,True,False,True,大戶4/8週累積、散戶或總股東下降支撐、近20日未破60日低位區、20日量低於120日均量、240扣抵偏有利
4739,康普,未發動觀察籃,,55,2026-09-09,77.6,8.531468531468533,-7.177033492822971,36.86635944700458,-12.129450104720442,93.72134615384606,81.08889850075902,2.1975728496446134,2.8101018815223533,-41.83385175631592,19.697395190445288,86.31732168850073,-64.39536015350163,3.5,3.3000000000000043,-2.41,-2.870000000000001,-450,-527,True,True,False,True,大戶4/8週累積、散戶或總股東下降支撐、近20日未破60日低位區、20日量低於120日均量、240扣抵偏有利
4953,,未發動觀察籃,,55,2026-09-09,118.0,0.0,-1.6666666666666718,29.16666666666667,2.841248887995949,120.23808066666666,118.52681833333337,1.7542323787485659,1.1607968951350633,-15.422517564879524,8.423116249427576,15.217391304347828,-64.70997512824019,2.009999999999998,2.0,-1.2399999999999984,-0.629999999999999,-101,106,True,True,False,True,大戶4/8週累積、散戶或總股東下降支撐、近20日未破60日低位區、20日量低於120日均量、240扣抵偏有利
5490,同亨,未發動觀察籃,,55,2026-09-09,25.85,-22.021116138763187,-2.4528301886792447,7.216494845360785,10.839013155018055,28.072103552859627,27.497552715193514,2.3242544675303733,0.43881732091017867,-28.88583218707015,-21.07747296793191,41.71539961013646,-33.44392366666439,0.6799999999999997,0.8400000000000034,-0.5499999999999972,-0.5800000000000018,-530,1470,True,True,False,True,大戶4/8週累積、散戶或總股東下降支撐、近20日未破60日低位區、20日量低於120日均量
5493,,未發動觀察籃,,55,2026-09-09,84.1,14.421768707482997,-0.35545023696683664,63.1313131313131,64.31693186129182,83.82508164414403,83.74691159909914,-0.15542058810403825,-0.3991150380572184,-19.31415606514869,-2.059618843853217,31.597578591249476,-66.72595128968273,0.5300000000000011,-1.5100000000000051,-0.28000000000000114,0.4800000000000004,-79,158,True,True,False,True,大戶4/8週累積、散戶或總股東下降支撐、近20日未破60日低位區、20日量低於120日均量
6113,,未發動觀察籃,,55,2026-09-09,22.5,13.350125944584379,-2.8077753779697567,42.105263157894726,16.36481689863085,23.947499999999998,22.435416666666676,1.2579281183933144,-0.029706095319448345,-28.115015974440894,1.3513513513513598,58.48101265822785,-74.82725538913519,3.260000000000005,5.550000000000004,-1.9299999999999997,-4.439999999999998,-332,-870,True,True,False,True,大戶4/8週累積、散戶或總股東下降支撐、近20日未破60日低位區、20日量低於120日均量
6222,立軒,未發動觀察籃,,55,2026-09-09,20.05,-0.4962779156327479,0.24999999999999467,47.22222222222229,37.02258987113798,20.595416666666672,19.987083333333324,0.7562477067960316,-0.25783378038385374,-15.042372881355936,-2.9055690072639084,,-58.433468975066646,0.0,3.509999999999991,-0.1200000000000001,-1.0300000000000002,-62,-98,True,True,False,True,大戶4/8週累積、散戶或總股東下降支撐、近20日未破60日低位區、20日量低於120日均量
6229,,未發動觀察籃,,55,2026-09-09,23.65,7.990867579908678,0.0,52.38095238095233,38.726802224489184,24.569575426944944,23.584004981024638,1.4337643268554245,-0.006112794620505291,-22.55658252427184,-2.4150485436893243,34.48540706605221,-81.32077332059129,0.04999999999999716,1.230000000000004,-0.5600000000000023,-0.3200000000000003,-294,1488,True,True,False,True,大戶4/8週累積、散戶或總股東下降支撐、近20日未破60日低位區、20日量低於120日均量
6282,康舒,未發動觀察籃,,55,2026-09-09,43.7,9.198598985833017,-0.6818181818181723,41.44736842105264,22.58882415398492,50.449994769874465,46.183465829846575,-0.8111903500215067,3.1661426025764383,-37.22622911407621,48.14609929078016,68.22916666666666,-80.10477055079856,3.0900000000000034,4.990000000000002,-0.5899999999999999,-2.0100000000000016,8261,3708,True,True,False,True,大戶4/8週累積、散戶或總股東下降支撐、近20日未破60日低位區、20日量低於120日均量、240扣抵偏有利
6284,,未發動觀察籃,,55,2026-09-09,77.6,12.1387283236994,-1.896333754740831,51.1111111111111,44.61183130972044,86.60742566666657,82.57142275000014,-0.1306286425380998,1.367249004439497,-39.6222187122882,19.65944551725032,67.79984591679505,-63.98644643264557,5.550000000000004,7.439999999999998,-2.7600000000000016,-4.380000000000003,177,-1937,True,True,False,True,大戶4/8週累積、散戶或總股東下降支撐、近20日未破60日低位區、20日量低於120日均量、240扣抵偏有利
6417,,未發動觀察籃,,55,2026-09-09,106.0,-0.46948356807511304,-1.851851851851849,39.99999999999999,29.14909756531433,120.39583333333333,113.41041666666665,0.08659508139936545,0.6247804950183955,-30.491803278688522,3.9215686274509887,34.63414634146342,-71.89614521178024,-1.2199999999999989,1.4699999999999989,-0.25,-0.9100000000000001,-96,-177,True,True,False,True,大戶4/8週累積、散戶或總股東下降支撐、近20日未破60日低位區、20日量低於120日均量、240扣抵偏有利
6576,逸達,未發動觀察籃,,55,2026-09-09,81.5,3.164556962025311,1.8750000000000044,59.77011494252875,79.65999288224708,79.54583333333352,79.99250000000008,-0.35180390846831777,-0.08015155931219153,-13.020277481323372,-1.2121212121212088,12.907431551499338,-23.552820801530515,0.45000000000000284,1.1800000000000068,-0.16999999999999993,-0.4300000000000006,-187,-703,True,True,False,True,大戶4/8週累積、散戶或總股東下降支撐、近20日未破60日低位區、20日量低於120日均量
6609,,未發動觀察籃,,55,2026-09-09,39.7,12.146892655367235,-0.5012531328320691,54.545454545454625,56.259539314025005,40.31500000000009,39.00979166666664,1.0084559974945506,-0.2503768971377385,-20.599999999999994,11.516853932584281,33.23741007194243,-80.51103777570012,1.0600000000000023,1.0700000000000003,-0.26000000000000156,-0.740000000000002,-64,-202,True,True,False,True,大戶4/8週累積、散戶或總股東下降支撐、近20日未破60日低位區、20日量低於120日均量、240扣抵偏有利
6944,兆聯實業,未發動觀察籃,,55,2026-09-09,715.0,4.0756914119359555,2.7298850574712707,50.0,42.687253206445995,874.0416666666666,755.9,-0.25486671802040783,1.7938603628120386,-35.87443946188341,25.0,69.45288753799392,-65.41164968214245,1.8799999999999955,0.8399999999999892,-1.5600000000000005,-0.3600000000000012,-1862,-842,True,True,False,True,大戶4/8週累積、散戶或總股東下降支撐、近20日未破60日低位區、20日量低於120日均量、240扣抵偏有利
8121,,未發動觀察籃,,55,2026-09-09,26.95,-2.7075812274368283,-3.4050179211469467,43.44262295081967,23.689142409989188,33.68166666666665,30.838541666666682,0.9516197517296154,1.460649512659895,-52.88461538461539,10.677618069815175,117.49049429657794,-71.05012244596381,1.0400000000000063,1.9400000000000048,-1.0300000000000011,-1.0399999999999991,-439,-297,True,True,False,True,大戶4/8週累積、散戶或總股東下降支撐、近20日未破60日低位區、20日量低於120日均量、240扣抵偏有利
8210,勤誠,未發動觀察籃,,55,2026-09-09,916.0,-6.625891946992867,-7.099391480730222,42.20779220779222,3.258748931051377,1142.551408805031,1000.2530440251577,1.053866681571547,3.2148751418553667,-41.77472667175185,44.65341342486653,58.1337298180219,-24.311473894087033,-0.01999999999999602,4.060000000000002,0.7199999999999989,-3.8599999999999994,2460,-1981,True,True,False,True,大戶4/8週累積、散戶或總股東下降支撐、近20日未破60日低位區、20日量低於120日均量、240扣抵偏有利
2375,凱美,未發動觀察籃,,50,2026-09-09,123.0,15.541272889767832,-1.6000000000000014,47.77777777777777,33.79802652569829,128.16259649122816,108.07298785425101,5.6183015983472195,5.559826346477581,-47.59203866814329,116.01194496782684,128.9855072463768,-42.77989043834059,5.77,4.969999999999995,0.3300000000000054,1.480000000000004,6043,7830,True,False,False,True,大戶4/8週累積、近20日未破60日低位區、20日量低於120日均量、240扣抵偏有利
2495,普安,未發動觀察籃,,50,2026-09-09,36.95,13.692307692307693,-1.3351134846461998,48.06201550387597,23.7198684470541,41.076653780068746,34.26701030927829,2.9979959721258,4.3687340455477175,-32.14407421431276,87.70096884001046,74.2515463917526,-87.13564868075977,3.240000000000002,-0.9400000000000048,0.2900000000000027,2.039999999999999,2289,3942,True,False,False,True,大戶4/8週累積、近20日未破60日低位區、20日量低於120日均量、240扣抵偏有利
3031,佰鴻,未發動觀察籃,,50,2026-09-09,24.35,23.918575063613257,-1.6161616161616155,64.91228070175443,62.47116489815817,26.78777671755724,23.087953244274786,2.815447470783883,1.8891923043532488,-31.29913204540071,35.744074215924094,81.76159718144453,-80.16467614157803,0.5700000000000003,-2.270000000000003,0.5700000000000003,3.5799999999999983,298,2614,True,False,False,True,大戶4/8週累積、近20日未破60日低位區、20日量低於120日均量、240扣抵偏有利
3289,,未發動觀察籃,,50,2026-09-09,140.0,5.744036921858786,0.0,53.731343283582085,63.575548120628454,157.63313089700978,135.89343477768847,1.2483198420937036,1.0963368913331717,-35.539593931195654,19.09147621764813,50.98814229249014,-82.12228820053006,0.7100000000000009,-9.529999999999998,1.9699999999999989,7.98,755,2863,True,False,False,True,大戶4/8週累積、近20日未破60日低位區、20日量低於120日均量、240扣抵偏有利
3357,臺慶科,未發動觀察籃,,50,2026-09-09,208.0,12.432432432432439,-2.8037383177570097,44.827586206896555,31.79420060485129,221.28881669439815,185.40672296173068,4.405010867094417,4.512144814435737,-43.047984332910886,78.54577063564223,114.83513751590486,-64.37829533844977,-2.3100000000000023,1.9099999999999966,3.2299999999999986,-0.4299999999999997,6086,4942,True,False,False,True,大戶4/8週累積、近20日未破60日低位區、20日量低於120日均量、240扣抵偏有利
3526,,未發動觀察籃,,50,2026-09-09,278.0,-1.7667844522968212,-1.7667844522968212,42.622950819672134,15.897275496340166,311.1699585477417,275.0852424242425,0.6422112535889868,1.4998393583340874,-31.01736972704715,20.181174191590756,28.78228782287824,-70.77632477591553,-1.4600000000000009,1.3000000000000043,0.620000000000001,0.10999999999999943,525,1210,True,False,False,True,大戶4/8週累積、近20日未破60日低位區、20日量低於120日均量、240扣抵偏有利
3577,泓格,未發動觀察籃,,50,2026-09-09,110.5,-8.298755186721996,-1.7777777777777781,41.1764705882353,25.968946463352115,113.24583333333334,88.7129166666666,8.648203521002905,3.20255545214827,-37.21590909090909,50.340136054421755,62.211981566820285,-60.82685001579035,0.21000000000000796,1.0400000000000063,0.5499999999999989,0.009999999999999787,608,469,True,False,False,True,大戶4/8週累積、近20日未破60日低位區、20日量低於120日均量、240扣抵偏有利
6127,九豪（電子零組件）,未發動觀察籃,,50,2026-09-09,51.8,13.846153846153841,5.606523955147802,57.037037037037024,88.09493489164981,57.032500000000056,44.129374999999975,3.930873721535888,6.045708278054529,-49.21568627450981,189.3854748603352,148.17518248175185,-80.84171664731167,1.2199999999999989,-8.660000000000004,1.4600000000000009,8.730000000000004,4344,8833,True,False,False,True,大戶4/8週累積、近20日未破60日低位區、20日量低於120日均量、240扣抵偏有利
6150,,未發動觀察籃,,50,2026-09-09,60.8,17.148362235067438,0.3300330033003229,55.905511811023615,57.098796630803236,60.62351123595499,64.5372639111823,0.8633536026771083,-1.810803743269318,-35.64858702927876,-23.068611561318207,32.844701438176486,-70.59651334673566,0.6199999999999992,0.29999999999999893,1.0999999999999943,0.029999999999986926,65,544,True,False,True,True,MA120上彎且收盤站上、大戶4/8週累積、近20日未破60日低位區、20日量低於120日均量
6175,,未發動觀察籃,,50,2026-09-09,71.0,3.3478893740902516,-1.114206128133699,41.23222748815166,23.60050441795576,78.23506425948594,62.3905839453284,6.444378136719364,4.865319479293562,-41.196804736127156,98.97642413910204,83.7773790960357,-85.56689594172325,1.0399999999999991,1.6200000000000045,0.30000000000000426,0.0400000000000027,3320,4145,True,False,False,True,大戶4/8週累積、近20日未破60日低位區、20日量低於120日均量、240扣抵偏有利
6270,,未發動觀察籃,,50,2026-09-09,28.6,5.73012939001849,0.35087719298245723,32.18390804597702,17.350385179519527,29.474741634900454,25.94207618593818,3.4109443214052293,2.384861287325246,-36.95861930856196,33.08735923748032,77.90990856317113,-89.87941067802966,2.8399999999999963,2.779999999999994,0.370000000000001,0.20000000000000284,364,263,True,False,False,True,大戶4/8週累積、近20日未破60日低位區、20日量低於120日均量、240扣抵偏有利
6456,GIS-KY,未發動觀察籃,,50,2026-09-09,67.5,26.64165103189493,-1.8895348837209225,42.74509803921568,40.1726007573034,68.66083333333331,58.74250000000007,3.6702904021339355,1.376305116921217,-29.022082018927442,8.173076923076916,54.133858267716526,-55.58589667663808,1.4699999999999989,-0.8600000000000065,-0.00999999999999801,3.099999999999998,1877,7283,True,False,False,True,大戶4/8週累積、近20日未破60日低位區、20日量低於120日均量、240扣抵偏有利
8040,,未發動觀察籃,,50,2026-09-09,79.2,22.790697674418613,5.600000000000005,61.44578313253012,83.19613438258718,79.70125000000002,65.09937500000004,5.427839171053073,1.9490836957550606,-39.310344827586206,37.02422145328721,109.09090909090908,-46.357639721417385,0.6599999999999966,-0.5399999999999991,0.389999999999997,1.5,337,1338,True,False,False,True,大戶4/8週累積、近20日未破60日低位區、20日量低於120日均量、240扣抵偏有利
8289,,未發動觀察籃,,50,2026-09-09,43.35,15.292553191489366,-2.5842696629213457,40.36363636363636,0.08679813092881822,51.098191942843435,37.345211485350696,4.186002507858455,6.228486580925274,-44.3026936961955,119.96910844034186,96.3888888888889,-86.85401516538207,-0.6900000000000048,3.019999999999996,1.0899999999999999,1.5199999999999996,1467,2661,True,False,False,True,大戶4/8週累積、近20日未破60日低位區、20日量低於120日均量、240扣抵偏有利
2607,榮運,未發動觀察籃,,45,2026-09-09,53.5,12.869198312236296,0.0,66.66666666666671,77.42630142412375,47.61266015758818,50.94939289384819,-0.03609612610200319,-0.8653778987675498,-7.185056016758173,-1.2193720238143912,19.20529801324504,1.2232579412243316,0.6500000000000057,0.6100000000000136,-0.05000000000000071,-0.21000000000000085,-499,-1189,True,True,False,True,大戶4/8週累積、散戶或總股東下降支撐、近20日未破60日低位區
6115,鎰勝,未發動觀察籃,,45,2026-09-09,44.0,-3.825136612021862,-1.1235955056179803,37.73584905660379,30.397616205186928,44.974763139695696,44.6255722683265,-0.013875535980978349,0.0783755183014545,-6.7591688868958055,-0.609241728371912,7.011494252873551,2.7655388706889106,0.5899999999999963,0.7700000000000031,-0.14999999999999858,-0.46999999999999886,-108,-367,True,True,False,True,大戶4/8週累積、散戶或總股東下降支撐、近20日未破60日低位區
1532,勤美,未發動觀察籃,,40,2026-09-09,22.75,5.298132183908066,-1.0869565217391353,42.85714285714293,48.489184131628186,21.555685513673236,23.301574741315587,-0.08746890027965248,-0.5326327685019949,-17.239362774752976,-11.494252873563216,11.80222361498069,-53.0546507549859,0.7299999999999898,0.6099999999999994,-0.34999999999999964,-0.6199999999999992,-568,-1079,True,True,False,True,大戶4/8週累積、散戶或總股東下降支撐、近20日未破60日低位區、20日量低於120日均量
1618,合機,未發動觀察籃,,40,2026-09-09,39.3,11.635558583106253,-0.8827238335435084,53.24675324675324,40.39210965016332,38.45174460431655,40.261643685052,-0.9856891441274218,-1.1838824227621059,-22.109790874524716,-14.19842931937173,20.362622036262202,-39.26099716733179,1.8800000000000026,1.1000000000000014,-0.5399999999999991,-0.1999999999999993,-462,-284,True,True,False,True,大戶4/8週累積、散戶或總股東下降支撐、近20日未破60日低位區、20日量低於120日均量
1722,台肥,未發動觀察籃,,40,2026-09-09,44.2,1.9867549668874274,-1.3392857142856984,48.817043143132544,43.69605285170815,44.597498196248274,45.06924332611815,-0.22014653782628235,-0.878541359968743,-11.153846153846148,-8.333333333333325,10.233592880978847,-22.134124088178787,0.6900000000000119,-0.789999999999992,-0.47000000000000064,0.45000000000000107,-3621,-865,True,True,False,True,大戶4/8週累積、散戶或總股東下降支撐、近20日未破60日低位區、20日量低於120日均量
2327,國巨*,未發動觀察籃,,40,2026-09-09,565.0,11.439842209072971,0.5338078291814874,50.47021943573668,46.534600196522916,588.2685174188442,410.4949673396677,9.318772443709467,9.648671440391897,-53.68852459016394,312.3587129880036,167.25082146768892,-6.464597686769014,-0.3100000000000023,1.2299999999999898,1.0899999999999999,-0.02999999999999936,133138,130658,True,False,False,True,大戶4/8週累積、近20日未破60日低位區、240扣抵偏有利
2328,廣宇,未發動觀察籃,,40,2026-09-09,46.3,14.745972738537795,-0.6437768240343478,54.43037974683542,59.856804157410316,47.8794230769231,48.78285897435892,-0.39596563914917615,-1.4065681338582103,-26.866904813977797,-16.952735220098024,38.40581152353468,-67.45135250689438,0.28999999999999915,1.25,-0.4200000000000017,-0.3100000000000023,-671,681,True,True,False,True,大戶4/8週累積、散戶或總股東下降支撐、近20日未破60日低位區、20日量低於120日均量
2345,智邦,未發動觀察籃,,40,2026-09-09,2015.0,6.33245382585752,-4.047619047619044,44.57831325301205,22.295005735734915,2209.0255235602067,1667.9321444153582,5.61318876136756,5.953860534815081,-28.10796927172111,81.33480964945346,53.53260869565217,-17.52213211541881,0.6599999999999966,-0.3199999999999932,0.3200000000000003,0.4400000000000004,7909,17776,True,False,False,True,大戶4/8週累積、近20日未破60日低位區、240扣抵偏有利
2363,矽統,未發動觀察籃,,40,2026-09-09,52.6,16.995571010169552,2.935420743639927,58.33333333333336,81.45255568844318,56.3004491552957,53.98001563515257,0.03593015401346378,-0.47250099559593695,-30.04864019759902,-1.4203985006904674,71.78329571106094,-68.16497485047228,-0.75,2.779999999999994,-0.04999999999999716,-1.3399999999999963,-954,-4112,True,True,False,True,大戶4/8週累積、散戶或總股東下降支撐、近20日未破60日低位區、20日量低於120日均量
2387,精元,未發動觀察籃,,40,2026-09-09,36.7,-2.393617021276595,0.8241758241758435,57.62711864406788,65.54174680400543,39.25255418535127,38.04685818385648,-0.9025906975274278,-0.2707151887361148,-16.4009111617312,-0.5776484665893089,18.591549295774644,-58.52703051153721,1.3200000000000003,0.8299999999999983,-1.0800000000000018,-1.7000000000000028,-657,-1318,True,True,False,True,大戶4/8週累積、散戶或總股東下降支撐、近20日未破60日低位區、20日量低於120日均量
2497,怡利電,未發動觀察籃,,40,2026-09-09,44.0,2.8037383177570208,-2.2222222222222254,35.789473684210535,8.992478218180565,52.109974747474716,48.4319223484848,1.0173487838191386,-0.5051993398283439,-35.40637928733486,-6.382224228112731,64.14019715224538,-71.65176256973092,1.220000000000013,3.4399999999999977,-1.1199999999999992,-1.8399999999999999,-628,-966,True,True,False,True,大戶4/8週累積、散戶或總股東下降支撐、近20日未破60日低位區、20日量低於120日均量
2732,,未發動觀察籃,,40,2026-09-09,62.8,3.654723538704596,-0.6329113924050778,53.27818069171614,60.79931072274508,62.977726751521935,64.66055828649029,0.27329184731279543,-0.8354861290336357,-16.958494434023873,-9.16276125844242,8.31753554502368,-42.99721451583365,0.8500000000000014,1.1000000000000014,-0.6000000000000014,-1.2100000000000009,-141,-351,True,True,False,True,大戶4/8週累積、散戶或總股東下降支撐、近20日未破60日低位區、20日量低於120日均量
3038,全台,未發動觀察籃,,40,2026-09-09,20.0,0.5025125628140836,-0.4975124378109541,30.76923076923083,11.723595906914213,21.769166666666653,21.367757978723436,-0.97227406601329,-0.1418771685517961,-21.259842519685034,1.085051241517987,19.74358974358974,-53.9876154388908,0.480000000000004,3.260000000000005,-0.6099999999999994,-1.5600000000000023,-417,-963,True,True,False,True,大戶4/8週累積、散戶或總股東下降支撐、近20日未破60日低位區、20日量低於120日均量
3041,揚智,未發動觀察籃,,40,2026-09-09,22.95,11.678832116788307,-1.5021459227467893,55.23809523809524,57.91118798271455,24.233333333333324,25.326666666666693,-0.7948691706750721,-1.7203466563187053,-29.709035222052073,-13.883677298311447,63.31658291457287,-67.61939053881903,0.6999999999999993,-0.26000000000000156,-0.8699999999999974,-0.3299999999999983,-744,1127,True,True,False,True,大戶4/8週累積、散戶或總股東下降支撐、近20日未破60日低位區、20日量低於120日均量
3043,科風,未發動觀察籃,,40,2026-09-09,20.9,10.875331564986723,0.0,44.615384615384585,29.688036388319283,21.070833333333326,21.70000000000001,-0.354679802955693,-1.5286877109390806,-22.160148975791436,-12.184873949579844,34.87738419618527,-57.98948827169561,-0.3500000000000014,2.0600000000000023,-0.18999999999999773,-0.9500000000000028,-248,4057,True,True,False,True,大戶4/8週累積、散戶或總股東下降支撐、近20日未破60日低位區、20日量低於120日均量
3071,,未發動觀察籃,,40,2026-09-09,24.25,-0.4106776180698213,-3.3864541832669404,47.45762711864408,18.74303256831027,28.438928843226808,25.64083396752919,0.4899620635711921,-0.17797151043580373,-31.338938640418547,-0.17950115594982385,47.5315921927552,-81.69065848896415,0.740000000000002,1.9600000000000009,-0.8599999999999994,-0.9899999999999984,-211,-284,True,True,False,True,大戶4/8週累積、散戶或總股東下降支撐、近20日未破60日低位區、20日量低於120日均量
3305,昇貿,未發動觀察籃,,40,2026-09-09,104.5,10.348468848996827,-5.855855855855852,43.66197183098591,8.48723587676092,119.90178974895409,113.12655439330538,0.48959658319591703,-0.27427143919024344,-37.14355319688158,-26.012724075496017,63.10912636541764,-69.15255932011996,1.1099999999999994,6.409999999999997,-1.6400000000000006,-6.859999999999999,303,-3505,True,True,False,True,大戶4/8週累積、散戶或總股東下降支撐、近20日未破60日低位區、20日量低於120日均量
3311,閎暉,未發動觀察籃,,40,2026-09-09,32.3,0.4665629860031162,1.0954616588419341,57.31707317073168,63.36357835292217,33.6256887866842,33.02292843845818,0.20851851310976777,-0.6577894464835143,-23.233941551698578,-8.840305592642073,31.125005298630846,-77.37459792748878,0.0,1.2199999999999989,0.4499999999999993,-0.10000000000000142,94,-185,True,True,False,True,大戶4/8週累積、散戶或總股東下降支撐、近20日未破60日低位區、20日量低於120日均量
3484,崧騰,未發動觀察籃,,40,2026-09-09,45.1,3.8877158117004207,-3.010752688172036,29.20539337609638,-2.3965194894241266,45.17770833333337,45.771973039215595,0.8736727583968706,-0.2704966344365012,-15.463917525773196,-3.510188671330128,24.9443207126949,-50.259105979207966,0.7900000000000027,0.0,-0.8099999999999987,-0.5,-392,751,True,True,False,True,大戶4/8週累積、散戶或總股東下降支撐、近20日未破60日低位區、20日量低於120日均量
3491,,未發動觀察籃,,40,2026-09-09,1455.0,41.95121951219512,-3.322259136212624,61.486486486486484,70.38826495599984,1508.2326794871785,1125.304116025641,-0.20014408956031682,7.96973198793085,-33.51587323904058,227.94860734105544,90.96505035118898,-13.608507820509775,0.509999999999998,-4.170000000000002,0.9299999999999962,2.8699999999999974,10783,19219,True,False,False,True,大戶4/8週累積、近20日未破60日低位區、240扣抵偏有利
4162,,未發動觀察籃,,40,2026-09-09,55.8,-9.201724160519865,-3.460207612456745,28.39506172839505,-3.6161187762159415,57.41908883521208,61.75889895330108,-0.2523977447734027,-0.8488339845981296,-22.50415973377705,-11.16039266861344,26.344086021505376,-53.31106873203404,0.9100000000000037,1.1700000000000088,-0.22000000000000242,-0.7199999999999989,-270,-614,True,True,False,True,大戶4/8週累積、散戶或總股東下降支撐、近20日未破60日低位區、20日量低於120日均量
4526,東台,未發動觀察籃,,40,2026-09-09,31.85,19.962335216572512,-0.46874999999999556,72.4137931034483,82.64013595185477,34.03499395039316,32.92721907138539,-0.5837386064327932,-1.4935919923117713,-28.618524077395836,-10.313098094529927,68.0252423751502,-60.18462281118282,4.240000000000002,3.780000000000001,-2.729999999999997,-2.9400000000000013,-2347,-872,True,True,False,True,大戶4/8週累積、散戶或總股東下降支撐、近20日未破60日低位區、20日量低於120日均量
4571,鈞興-KY,未發動觀察籃,,40,2026-09-09,151.5,4.844290657439454,-6.19195046439629,36.8421052631579,7.5926520598380565,169.42747765363103,167.06494459962784,-0.6155664825963858,-1.2270761563158428,-35.360392893254364,-13.99192773399961,31.40794223826715,-72.64022489416911,1.1100000000000136,0.9399999999999977,-0.5999999999999996,-3.469999999999999,-480,-1339,True,True,False,True,大戶4/8週累積、散戶或總股東下降支撐、近20日未破60日低位區、20日量低於120日均量
4721,美琪瑪,未發動觀察籃,,40,2026-09-09,71.2,9.53846153846154,-0.8356545961002659,32.81249999999996,9.00245284387586,80.41183079203714,73.78421696315125,1.8965719296023753,-0.5923226545381466,-33.92481486722324,-5.241013569273656,72.68595445215522,-76.39529712013933,4.27,1.4600000000000009,-3.799999999999997,-0.30000000000000426,-1856,-347,True,True,False,True,大戶4/8週累積、散戶或總股東下降支撐、近20日未破60日低位區、20日量低於120日均量
4933,,未發動觀察籃,,40,2026-09-09,51.7,0.0,-4.2592592592592515,32.81250000000007,-15.031195782585785,60.36993038879361,58.33706275014296,-0.3922969838333401,-0.7747431426310403,-33.00923789787371,-9.490018590804416,32.72260395627593,-86.1842535697951,1.269999999999996,1.4099999999999966,-1.8800000000000008,-1.2599999999999998,-739,-200,True,True,False,True,大戶4/8週累積、散戶或總股東下降支撐、近20日未破60日低位區、20日量低於120日均量
4966,,未發動觀察籃,,40,2026-09-09,550.0,-0.44175123985942255,-3.3391915641476255,42.73504273504273,12.808216240335495,611.6766703328062,612.17879240942,1.774468875827906,-2.533082439307177,-39.87924913408087,-26.290056265407515,35.87786259541985,-62.80557501138022,-5.869999999999997,1.9499999999999957,3.539999999999999,-5.810000000000002,5817,4551,True,True,False,True,大戶4/8週累積、散戶或總股東下降支撐、近20日未破60日低位區、20日量低於120日均量
5388,中磊,未發動觀察籃,,40,2026-09-09,73.0,-10.866910866910873,-3.4391534391534306,14.062500000000071,-4.675567772316204,81.85973856209148,82.90893075980377,-0.1531676269284188,-2.2949265229717297,-28.95546597333206,-26.16940581542352,30.494505494505496,-30.47557287392131,2.6000000000000014,-5.009999999999998,-1.509999999999998,1.0500000000000007,-1629,1337,True,True,False,True,大戶4/8週累積、散戶或總股東下降支撐、近20日未破60日低位區、20日量低於120日均量
6104,,未發動觀察籃,,40,2026-09-09,93.2,7.745664739884406,-3.9175257731958735,49.59677419354838,29.704291605875376,96.41658261026775,96.49600325379602,0.7858953023165194,-1.9533010016610453,-22.236339613762645,-17.662006649866324,34.05797101449275,-60.65641077899462,1.9800000000000004,2.2300000000000004,-1.3599999999999994,-1.9500000000000028,-382,-1052,True,True,False,True,大戶4/8週累積、散戶或總股東下降支撐、近20日未破60日低位區、20日量低於120日均量
6203,,未發動觀察籃,,40,2026-09-09,60.0,-0.8060472829650278,-1.1532125205930832,46.34146341463418,39.74325210432036,62.62624157594619,63.841203991705555,-0.4845452703971187,-0.0816555201149094,-27.04663682726618,-0.3425241394274914,11.88589540412044,-72.16703823249989,0.8799999999999955,0.9699999999999989,-0.1700000000000017,0.39000000000000057,-132,134,True,True,False,True,大戶4/8週累積、散戶或總股東下降支撐、近20日未破60日低位區、20日量低於120日均量
6569,,未發動觀察籃,,40,2026-09-09,90.0,-7.502569373072965,-1.9607843137254832,32.11009174311924,0.4195008697140637,97.6475655660377,102.62474799528336,-0.16136804665464188,-2.555279985368375,-30.50775231913987,-28.928383053665772,25.4180602006689,-34.568113616264405,2.1199999999999903,1.1099999999999994,-0.2400000000000002,-0.4100000000000019,-52,-129,True,True,False,True,大戶4/8週累積、散戶或總股東下降支撐、近20日未破60日低位區、20日量低於120日均量
6683,,未發動觀察籃,,40,2026-09-09,1370.0,46.367521367521356,0.7352941176470562,65.54054054054055,70.28623805174692,1546.1870318352062,1026.715059691012,3.8870086933399772,7.524788834501428,-46.3172643950676,240.8322198679495,137.22859770482626,-16.433246647013533,1.9299999999999997,-3.0799999999999983,6.050000000000001,5.340000000000003,5871,7828,True,False,False,True,大戶4/8週累積、近20日未破60日低位區、240扣抵偏有利
6689,伊雲谷,未發動觀察籃,,40,2026-09-09,61.4,10.83032490974729,0.6557377049180246,51.04166666666664,42.99145204297618,65.22510998307969,64.73452552171437,-0.910351568926393,-1.5111394334722306,-28.19139778562736,-19.657885006675357,24.374952647927863,-80.96870605415431,0.13000000000000256,1.1799999999999997,0.0400000000000027,-0.8799999999999955,-91,-466,True,True,False,True,大戶4/8週累積、散戶或總股東下降支撐、近20日未破60日低位區、20日量低於120日均量
6695,芯鼎,未發動觀察籃,,40,2026-09-09,47.1,0.7486631016042855,-4.848484848484846,45.24886877828057,20.335209371776113,50.00791666666669,47.937499999999986,2.4988684208279155,-0.3430175146821757,-31.739130434782602,-7.283464566929121,53.33333333333334,-77.78332224215323,4.810000000000002,4.030000000000001,-2.789999999999999,-2.1499999999999986,252,1348,True,True,False,True,大戶4/8週累積、散戶或總股東下降支撐、近20日未破60日低位區、20日量低於120日均量
6741,,未發動觀察籃,,40,2026-09-09,59.6,9.760589318600378,-0.6666666666666599,69.82758620689657,69.8048776717045,59.536654685835984,64.32946452342924,-0.6578108853733222,-2.5609061837098546,-28.600421206533756,-22.00273860916283,21.50943396226417,-22.35128850835021,2.049999999999997,0.6899999999999977,-0.2400000000000002,-0.5600000000000005,-83,-324,True,True,False,True,大戶4/8週累積、散戶或總股東下降支撐、近20日未破60日低位區、20日量低於120日均量
6823,,未發動觀察籃,,40,2026-09-09,61.0,-3.0206677265500748,1.1608623548922115,38.823529411764724,33.34902901194292,70.12416666666665,70.19791666666673,-0.13292033087676236,-0.6562964360686374,-46.25550660792952,-13.10541310541311,23.440134907251277,-67.04097696386135,1.7199999999999989,0.519999999999996,0.6600000000000001,-0.509999999999998,-7,-44,True,True,False,True,大戶4/8週累積、散戶或總股東下降支撐、近20日未破60日低位區、20日量低於120日均量
7751,,未發動觀察籃,,40,2026-09-09,1610.0,50.46728971962617,0.0,51.21951219512195,49.83661875480818,1619.5,1160.2854166666666,4.665065328148743,8.747659317721613,-42.60249554367201,211.4119922630561,98.50000000000001,66.26760116685664,1.8399999999999963,4.780000000000001,1.879999999999999,3.8000000000000007,1721,5203,True,False,False,True,大戶4/8週累積、近20日未破60日低位區、240扣抵偏有利
8114,振樺電,未發動觀察籃,,40,2026-09-09,180.0,-14.08114558472554,-7.455012853470433,30.927835051546396,-2.3666869291622374,195.9002501998398,188.94065807354116,2.6352845198854835,-2.1558003895359,-31.11081109631738,-17.719824052405,40.8450704225352,-54.03678361640193,0.44999999999999574,5.749999999999993,0.3500000000000014,-2.859999999999996,338,-482,True,True,False,True,大戶4/8週累積、散戶或總股東下降支撐、近20日未破60日低位區、20日量低於120日均量
8163,達方,未發動觀察籃,,40,2026-09-09,30.2,4.317789291882557,-4.1269841269841345,40.952380952380956,-0.584142572407914,33.02515672782867,32.69526089449541,1.0331348983423139,-0.9793078303802272,-36.82008368200837,-14.063718627729315,71.32616487455196,-77.25758143111332,2.0,2.229999999999997,0.030000000000001137,-0.3500000000000014,513,-162,True,True,False,True,大戶4/8週累積、散戶或總股東下降支撐、近20日未破60日低位區、20日量低於120日均量
8213,志超,未發動觀察籃,,40,2026-09-09,32.8,13.494809688581299,-0.4552352048558639,50.746268656716374,36.48013322207629,33.97740574186988,33.66490002540646,-0.88915576665336,-0.3072282542119331,-22.417697164796056,-0.6402086496510973,30.874707056679117,-61.688685906506514,-0.4799999999999969,2.1199999999999974,-0.19000000000000128,-0.879999999999999,-300,-922,True,True,False,True,大戶4/8週累積、散戶或總股東下降支撐、近20日未破60日低位區、20日量低於120日均量
8349,,未發動觀察籃,,40,2026-09-09,38.5,-2.5316455696202556,-1.1553273427471145,30.4347826086956,-14.245590045280665,40.2820172413793,41.35472379926112,-0.24608397084026068,-0.7620156825417945,-16.367980884109922,-11.432662943771255,8.20105820105821,-52.70136714066665,0.20000000000000284,1.4500000000000028,-0.040000000000000036,-0.16000000000000014,-75,-152,True,True,False,True,大戶4/8週累積、散戶或總股東下降支撐、近20日未破60日低位區、20日量低於120日均量
8367,建新國際,未發動觀察籃,,40,2026-09-09,40.9,0.738916256157629,-0.24390243902439046,55.263157894736814,68.72566243480901,41.30991893115939,41.28155842391307,-0.6011305837603897,-0.35576124015538335,-7.62417267317399,-3.5367466852613383,4.534005037783362,-57.33252043798706,0.6099999999999994,0.8199999999999932,-0.05999999999999961,-0.22000000000000064,-72,-142,True,True,False,True,大戶4/8週累積、散戶或總股東下降支撐、近20日未破60日低位區、20日量低於120日均量
9906,欣巴巴,未發動觀察籃,,40,2026-09-09,41.4,7.672301690507144,-1.8957345971564066,62.72189349112428,69.18855887779281,39.88041666666673,44.6379166666668,-0.7775001814167126,-4.381640378820473,-40.68767908309455,-33.333333333333336,35.62005277044855,-72.15826889985576,0.9399999999999977,1.4799999999999898,-0.16999999999999815,-0.34999999999999787,-29,-284,True,True,False,True,大戶4/8週累積、散戶或總股東下降支撐、近20日未破60日低位區、20日量低於120日均量
3413,京鼎,未發動觀察籃,,35,2026-09-09,282.0,-2.422145328719727,-0.1769911504424737,42.42424242424243,28.967495898661337,309.2604548410405,300.95706033237036,-0.39732298365541263,0.24066596736529444,-26.46675358539765,-1.935687733126601,38.44765342960288,-62.55656405548682,-2.489999999999995,1.1800000000000068,2.4599999999999973,1.6999999999999993,2736,2172,True,False,False,True,大戶4/8週累積、近20日未破60日低位區、20日量低於120日均量
3293,,未發動觀察籃,,30,2026-09-09,708.0,-3.542234332425065,-0.14104372355430161,29.16666666666667,30.88716507264297,728.3996753246761,716.1464826839817,1.2432662316692822,-0.25446652321533536,-12.517691915155826,-6.221616712079925,18.181818181818187,57.41559780480727,1.6199999999999974,1.5200000000000031,-1.5300000000000047,-1.9000000000000021,-6347,-10982,True,True,False,True,大戶4/8週累積、散戶或總股東下降支撐、近20日未破60日低位區
6844,,未發動觀察籃,,30,2026-09-09,59.9,-0.33277870216306127,-0.16666666666667052,50.0,27.391300865280826,62.490833333333214,67.07250000000005,-0.2049425761548429,-4.44265039356988,-37.8630705394191,-37.4085684430512,11.092436974789898,-14.885120215832481,0.03999999999999915,1.1199999999999974,0.2499999999999991,0.23999999999999844,24,-3,True,True,False,True,大戶4/8週累積、散戶或總股東下降支撐、近20日未破60日低位區
8069,元太,未發動觀察籃,,30,2026-09-09,149.5,-16.480446927374302,0.6734006734006703,30.434782608695656,17.9049091565583,174.67853213957775,181.1087976354453,-0.564005142179913,-3.8799408891124543,-38.44053204640581,-35.88619727654713,52.701486104083514,-18.177749063702798,-0.27000000000001023,2.5999999999999943,0.040000000000000924,-1.75,1565,-7530,True,True,False,True,大戶4/8週累積、散戶或總股東下降支撐、近20日未破60日低位區
8222,寶一,未發動觀察籃,,30,2026-09-09,35.9,0.9845288326300938,-2.972972972972976,29.89130434782608,2.6922705630107333,37.022520858164505,39.842623162494995,0.06999129501643608,-2.953035891380029,-32.33262940330698,-29.015601432880857,36.911764705882334,-2.7061010813003494,0.6700000000000017,1.8500000000000014,-0.3200000000000003,-0.6400000000000006,-255,678,True,True,False,True,大戶4/8週累積、散戶或總股東下降支撐、近20日未破60日低位區
8436,,未發動觀察籃,,30,2026-09-09,108.0,-0.07977904179239381,-4.0000000000000036,20.493448410475708,-2.2797767170940513,113.92398445767178,115.03254943783055,-0.9342464757762459,-0.059409806505528184,-29.994166180515037,-1.8099993181249996,15.315315315315313,37.192508822163916,0.8799999999999955,-1.7100000000000009,-0.5199999999999996,0.1700000000000017,-395,2526,True,True,False,True,大戶4/8週累積、散戶或總股東下降支撐、近20日未破60日低位區
3533,嘉澤,未發動觀察籃,,25,2026-09-09,1625.0,-4.1263659004279525,-3.5608308605341255,51.68539325842697,32.14555866385908,2133.3776201163764,1773.8551936824613,0.16949250141327088,1.2338602527751874,-44.03315775913307,3.363761763601114,49.938174045405944,12.435287346694901,0.8800000000000026,2.1799999999999997,-0.120000000000001,0.6799999999999988,1677,7371,True,False,False,True,大戶4/8週累積、近20日未破60日低位區、240扣抵偏有利
6949,沛爾生醫-創,未發動觀察籃,,25,2026-09-09,54.9,-94.46014127144299,-96.31543624161074,25.318398035906085,-5.918208209063679,781.3283333333333,604.2641666666667,6.585953663915611,8.37482672166734,-96.31543624161074,-86.08365019011407,2638.970588235294,367.8319749055071,0.6899999999999977,1.5300000000000011,0.020000000000000018,0.009999999999999787,66,288,True,False,False,True,大戶4/8週累積、近20日未破60日低位區
8432,,未發動觀察籃,,25,2026-09-09,50.3,3.073770491803285,-1.1787819253438192,53.33333333333326,37.37745729183185,50.75916666666671,52.75666666666668,-0.9754352879972839,0.1633579754686032,-15.177065767284992,-0.9842519685039353,8.196721311475418,-16.039171257856754,0.28000000000000114,1.720000000000006,0.1899999999999995,0.389999999999997,33,63,True,False,False,True,大戶4/8週累積、近20日未破60日低位區
8936,國統,未發動觀察籃,,20,2026-09-09,51.2,0.7874015748031704,1.7892644135188984,52.94117647058828,77.296223491398,52.82749999999998,53.636085100117775,-0.4678840024492925,-0.314544609052525,-26.118326118326106,-0.0462186902864814,31.187122736418505,-74.30341168807811,0.5399999999999991,0.09000000000000341,2.149999999999995,1.7300000000000004,3280,2315,True,False,False,True,大戶4/8週累積、近20日未破60日低位區、20日量低於120日均量
2243,宏旭-KY,過熱/風險,空轉多觀察籃,100,2026-09-09,49.95,12.881355932203387,8.58695652173913,73.17647058823529,117.261864651295,35.93416666666668,23.931041666666662,15.491335672389228,11.684864512741688,-26.327433628318573,325.1063829787234,73.62355953905251,-76.79880803690754,6.839999999999996,11.93,-3.4800000000000004,-4.539999999999999,-846,-1308,True,True,True,True,強制過熱排除：%B 117.3% (門檻 110%)、MA120上彎且收盤站上、大戶4/8週累積、散戶或總股東下降支撐、近20日未破60日低位區、20日量低於120日均量、240扣抵偏有利
2412,中華電,過熱/風險,已發動籃,100,2026-09-09,139.5,-0.7117437722419906,1.454545454545464,75.0,110.00087657143706,134.60144563918746,131.23161439665444,0.7680493612364225,0.42785850059747776,-2.1052631578947323,7.733338500333553,7.954545454545459,-34.492928023816404,0.5499999999999972,0.8100000000000023,-0.14000000000000057,-0.23000000000000043,-4772,-9017,True,True,True,True,強制過熱排除：%B 110.0% (門檻 110%)、MA120上彎且收盤站上、大戶4/8週累積、散戶或總股東下降支撐、近20日未破60日低位區、20日量低於120日均量、240扣抵偏有利
2597,潤弘,過熱/風險,已發動籃,100,2026-09-09,175.0,7.361963190184051,3.5502958579881616,67.64705882352942,111.75903182911601,160.08701952770215,158.6261952770206,1.0242878959187518,1.3034974065829985,-9.885323900699172,21.937350497403774,15.007965456903838,-70.74474895177907,2.749999999999986,3.0999999999999943,-0.9199999999999999,-0.9800000000000004,-498,-570,True,True,True,True,強制過熱排除：%B 111.8% (門檻 110%)、MA120上彎且收盤站上、大戶4/8週累積、散戶或總股東下降支撐、近20日未破60日低位區、20日量低於120日均量、240扣抵偏有利
2883,凱基金,過熱/風險,已發動籃,100,2026-09-09,36.75,26.0720411663808,0.13623978201633413,86.28571428571429,86.50294520732074,26.18419969083752,21.344072863968492,9.531888100238039,7.70745363319536,-2.2606382978723416,153.55148342059337,36.23188405797102,-32.09408300788075,1.2000000000000028,1.8799999999999955,-0.040000000000000036,-0.1200000000000001,-2836,-10595,True,True,True,True,強制過熱排除：RSI 86.3 (門檻 85)、MA120上彎且收盤站上、大戶4/8週累積、散戶或總股東下降支撐、近20日未破60日低位區、20日量低於120日均量、240扣抵偏有利
5464,霖宏,過熱/風險,空轉多觀察籃,100,2026-09-09,82.8,27.777777777777768,19.136690647482002,68.37349397590361,124.74112120442216,63.06333333333338,44.38999999999997,13.522798016846348,9.619599329128349,-24.036697247706428,233.87096774193546,86.00682593856655,-43.4680085932046,2.3200000000000074,11.079999999999998,-0.6399999999999988,-2.6899999999999995,-327,-1501,True,True,True,True,強制過熱排除：%B 124.7% (門檻 110%)、MA120上彎且收盤站上、大戶4/8週累積、散戶或總股東下降支撐、近20日未破60日低位區、20日量低於120日均量、240扣抵偏有利
9960,,過熱/風險,已發動籃,100,2026-09-09,32.4,-1.9667170953101332,5.537459283387625,58.823529411764696,110.7962144494933,30.053750000000015,25.151250000000005,6.045547436670251,3.1458255015208048,-10.000000000000009,46.60633484162895,23.580034423407902,-59.032296843633816,-2.6299999999999955,1.2700000000000102,-0.15999999999999925,-1.9799999999999986,-49,-399,True,True,True,True,強制過熱排除：%B 110.8% (門檻 110%)、MA120上彎且收盤站上、大戶4/8週累積、散戶或總股東下降支撐、近20日未破60日低位區、20日量低於120日均量、240扣抵偏有利
3234,光環,過熱/風險,已發動籃,90,2026-09-09,200.0,133.2119353395949,-2.9126213592232997,75.95167020591857,76.00564752685949,116.5573378995434,81.72995742009122,15.131564377736662,16.171129213308056,-9.090909090909093,471.9093782169902,176.83431173405154,41.29387444272912,7.530000000000001,2.789999999999999,-5.2499999999999964,-1.8299999999999947,-2255,-80,True,True,True,True,強制過熱排除：近6週 +133.21% (門檻 100%)、MA120上彎且收盤站上、大戶4/8週累積、散戶或總股東下降支撐、近20日未破60日低位區、240扣抵偏有利
3406,玉晶光,過熱/風險,已發動籃,90,2026-09-09,1110.0,137.9421221864952,5.213270142180093,82.21288515406162,89.86722423140645,599.402278836755,512.0619501466273,13.032476280702966,6.949471085691816,0.0,169.7573317179204,151.13122171945702,82.94442688741235,3.279999999999994,4.789999999999999,-2.16,-4.050000000000001,-391,-1066,True,True,True,True,強制過熱排除：近6週 +137.94% (門檻 100%) + RSI 82.2 (門檻 85)、MA120上彎且收盤站上、大戶4/8週累積、散戶或總股東下降支撐、近20日未破60日低位區、240扣抵偏有利
3498,陽程,過熱/風險,空轉多觀察籃,90,2026-09-09,191.0,104.7159699892819,-1.546391752577314,54.14364640883978,55.21796153523984,122.47250000000007,86.81041666666665,21.003318046716135,14.92170133430415,-13.769751693002252,287.4239350912779,163.37693222354343,-3.577909586483463,-0.5399999999999991,3.000000000000007,1.4699999999999989,-0.3000000000000007,609,-571,True,True,True,True,強制過熱排除：近6週 +104.72% (門檻 100%)、MA120上彎且收盤站上、大戶4/8週累積、散戶或總股東下降支撐、近20日未破60日低位區、240扣抵偏有利
3624,,過熱/風險,空轉多觀察籃,90,2026-09-09,103.5,66.13162118780096,11.051502145922743,71.7171717171717,121.23837141156739,87.85533770287121,68.92540043695391,7.249999070335056,6.744644008032474,-41.37084592145015,184.35938490413824,214.6761734997029,14.0427539242856,0.7100000000000009,10.029999999999994,0.6099999999999959,-4.830000000000005,3449,1570,True,True,True,True,強制過熱排除：%B 121.2% (門檻 110%)、MA120上彎且收盤站上、大戶4/8週累積、散戶或總股東下降支撐、近20日未破60日低位區、240扣抵偏有利
6225,天瀚,過熱/風險,空轉多觀察籃,90,2026-09-09,67.6,190.75268817204298,12.666666666666648,60.23529411764706,75.8976221483617,29.021249999999988,22.591666666666704,28.46945551128819,18.76546995816266,-13.554987212276226,309.6969696969697,298.97959183673464,213.9016670183583,1.0699999999999932,1.0699999999999932,0.16999999999999993,0.10999999999999943,-43,-107,True,True,True,True,強制過熱排除：近6週 +190.75% (門檻 100%)、MA120上彎且收盤站上、大戶4/8週累積、散戶或總股東下降支撐、近20日未破60日低位區、240扣抵偏有利
6538,倉和,過熱/風險,已發動籃,90,2026-09-09,349.0,186.0655737704918,16.333333333333332,87.62135922330097,109.3646806734869,126.81617373188442,97.94422672101469,27.22825198040473,14.07045665792619,-1.1331444759206777,327.2551187313605,259.8362631985761,119.69107336747933,1.8299999999999983,2.129999999999999,-1.2199999999999989,-2.440000000000005,-325,-623,True,True,True,True,強制過熱排除：近6週 +186.07% (門檻 100%) + RSI 87.6 (門檻 85)、MA120上彎且收盤站上、大戶4/8週累積、散戶或總股東下降支撐、近20日未破60日低位區、240扣抵偏有利
6620,,過熱/風險,空轉多觀察籃,90,2026-09-09,132.0,50.68493150684932,22.790697674418613,88.8121546961326,112.84982797576075,80.88499999999995,92.42916666666659,2.2738767596729215,0.3810161637736176,-14.28571428571429,16.814159292035402,87.2340425531915,120.46659908903288,0.509999999999998,1.4000000000000057,-0.40000000000000036,-0.6899999999999995,-363,521,True,True,True,True,強制過熱排除：RSI 88.8 (門檻 85) + %B 112.8% (門檻 110%) + 近3日 +22.79% (門檻 20%)、MA120上彎且收盤站上、大戶4/8週累積、散戶或總股東下降支撐、近20日未破60日低位區、240扣抵偏有利
4961,天鈺,過熱/風險,空轉多觀察籃,85,2026-09-09,177.0,18.791946308724828,6.9486404833836835,68.65671641791045,113.0328479625139,158.84014343434353,150.9506979797977,2.985864077847933,-0.0663793620261699,-3.2786885245901676,10.528538729835791,28.421052631578945,-41.70171205284534,-0.04000000000000625,1.3799999999999955,-0.18000000000000327,-0.4800000000000004,-301,-103,True,True,True,True,強制過熱排除：%B 113.0% (門檻 110%)、MA120上彎且收盤站上、大戶4/8週累積、散戶或總股東下降支撐、近20日未破60日低位區、20日量低於120日均量、240扣抵偏有利
6762,,過熱/風險,空轉多觀察籃,85,2026-09-09,168.0,,1.8181818181818077,93.29896907216495,60.338748700113285,129.70416666666668,142.6875,2.3407962652464143,-0.7520758161978947,-28.510638297872337,-23.809523809523814,,-43.22856021666549,-0.18999999999999773,1.2600000000000051,-0.11999999999999966,-0.20000000000000018,-18,-11,True,True,True,True,強制過熱排除：RSI 93.3 (門檻 85)、MA120上彎且收盤站上、大戶4/8週累積、散戶或總股東下降支撐、近20日未破60日低位區、20日量低於120日均量
8064,,過熱/風險,空轉多觀察籃,80,2026-09-09,134.0,52.61958997722096,19.64285714285714,82.14936247723134,113.61293285424156,111.37182524875624,78.62938090796017,8.908519221542765,7.244807679842458,-28.766638539882717,226.8455689271726,107.6167637422643,-42.61499386064413,-6.060000000000002,1.9399999999999977,7.049999999999997,4.1399999999999935,13636,16514,True,False,True,True,強制過熱排除：%B 113.6% (門檻 110%)、MA120上彎且收盤站上、大戶4/8週累積、近20日未破60日低位區、20日量低於120日均量、240扣抵偏有利
1409,新纖,過熱/風險,空轉多觀察籃,70,2026-09-09,26.85,36.563612919071645,9.368635437881867,71.59353047739451,122.44148293766214,21.117549463447332,17.714660462776674,8.007447360278587,4.807530745546251,-18.302120130526067,97.58139741482704,71.78841309823679,-10.031682734094549,1.3499999999999943,1.4399999999999977,1.1600000000000001,1.1600000000000001,10938,10193,True,False,True,True,強制過熱排除：%B 122.4% (門檻 110%)、MA120上彎且收盤站上、大戶4/8週累積、近20日未破60日低位區、240扣抵偏有利
1725,元禎,過熱/風險,未入籃,70,2026-09-09,32.95,14.013840830449853,2.968750000000009,75.90361445783134,113.20119316245909,31.087270863309335,28.748295383693122,2.083906748828146,0.9461334481629669,-24.868932166244527,19.70707110836041,54.970638330325116,-85.50268710944398,0.0,0.0,-0.16999999999999993,-0.20999999999999952,-140,-127,False,True,False,True,強制過熱排除：%B 113.2% (門檻 110%)、MA120上彎且收盤站上、散戶或總股東下降支撐、近20日未破60日低位區、20日量低於120日均量、240扣抵偏有利
2413,環科,過熱/風險,未入籃,70,2026-09-09,50.5,39.3810119443333,10.262008733624462,70.08215643242491,127.70546231815061,47.22004280821916,40.273642503805256,-1.544431365575727,5.400152721432416,-24.096373138784312,144.41694199807728,86.66666666666667,-49.042628076955566,6.290000000000013,4.830000000000005,-1.730000000000004,-1.1700000000000017,-18,322,True,True,False,True,強制過熱排除：%B 127.7% (門檻 110%)、大戶4/8週累積、散戶或總股東下降支撐、近20日未破60日低位區、20日量低於120日均量、240扣抵偏有利
2460,建通,過熱/風險,未入籃,70,2026-09-09,30.9,6.5517241379310365,8.421052631578952,64.96815286624204,120.40131038363285,31.97416666666669,26.096666666666685,1.6922648785465233,3.3088114010490166,-26.428571428571434,67.027027027027,55.55555555555556,-77.61706938678766,-0.13000000000000256,-3.8500000000000014,-0.23999999999999488,3.7800000000000047,-862,2778,False,True,False,True,強制過熱排除：%B 120.4% (門檻 110%)、散戶或總股東下降支撐、近20日未破60日低位區、20日量低於120日均量、240扣抵偏有利
5523,,過熱/風險,未入籃,70,2026-09-09,30.35,-0.1644736842105199,0.0,100.0,,29.772083333333306,29.595208333333314,-0.08110640321075113,0.1106412966879411,-8.16944024205748,0.9983361064891838,5.000000000000004,-58.368285857535064,0.1600000000000108,0.9000000000000057,-0.07000000000000006,-0.13000000000000012,-55,-133,False,True,False,True,強制過熱排除：RSI 100.0 (門檻 85)、散戶或總股東下降支撐、近20日未破60日低位區、20日量低於120日均量
6213,聯茂,過熱/風險,未入籃,70,2026-09-09,523.0,110.04016064257027,1.1605415860735047,52.38970588235295,53.25982846541627,317.78225694444444,215.3582812499999,25.56250234088724,18.0591310346232,-12.687813021702842,350.76492135315664,152.74261603375527,-25.204841529478806,-0.17999999999999972,-9.059999999999995,-0.19000000000000128,8.59,-2997,28498,False,True,False,True,強制過熱排除：近6週 +110.04% (門檻 100%)、MA120上彎且收盤站上、散戶或總股東下降支撐、近20日未破60日低位區、20日量低於120日均量、240扣抵偏有利
6426,統新,過熱/風險,已發動籃,70,2026-09-09,321.0,116.56265812109967,19.109461966604812,75.27342982513589,109.8812046570093,214.12925925925916,154.6825347222223,8.899019325575331,10.764293015756321,-1.382488479262678,336.35759472161874,140.6670819954953,29.194498918164925,1.480000000000004,0.8900000000000006,2.549999999999997,1.0399999999999956,212,1152,True,False,True,True,強制過熱排除：近6週 +116.56% (門檻 100%)、MA120上彎且收盤站上、大戶4/8週累積、近20日未破60日低位區、240扣抵偏有利
7713,,過熱/風險,未入籃,70,2026-09-09,73.9,4.674220963172826,-0.13513513513512265,91.17647058823573,75.14273990204819,68.29750000000004,68.04333333333338,3.193110134599153,0.2578522138454664,-10.963855421686741,2.9247910863509974,8.454810495626841,-32.71145971920857,0.3499999999999943,-0.5499999999999972,-0.10999999999999988,-0.1200000000000001,-15,-13,False,True,False,True,強制過熱排除：RSI 91.2 (門檻 85)、MA120上彎且收盤站上、散戶或總股東下降支撐、近20日未破60日低位區、20日量低於120日均量
2069,運錩,過熱/風險,未入籃,60,2026-09-09,23.3,30.532212885154063,10.952380952380958,74.43609022556389,116.41337877385145,18.781852770885013,17.50096722497931,2.7693946045893147,3.1714759495626854,-4.8979591836734615,69.08075988115603,39.6011396011396,79.25352806201352,0.21999999999999886,0.7700000000000031,-0.17999999999999972,-0.8100000000000005,-128,-541,False,True,False,True,強制過熱排除：%B 116.4% (門檻 110%)、MA120上彎且收盤站上、散戶或總股東下降支撐、近20日未破60日低位區、240扣抵偏有利
2892,第一金,過熱/風險,未入籃,60,2026-09-09,37.8,12.817031306040905,1.3404825737265424,89.4736842105263,93.05392599413085,30.517909513590812,29.23525840486411,3.778430505052288,2.0220218106735244,-0.7874015748031593,32.18965284344186,26.630133729569128,-11.634763445924069,-0.1699999999999875,0.38000000000000966,0.07000000000000028,-0.040000000000000036,1330,-6797,False,True,False,True,強制過熱排除：RSI 89.5 (門檻 85)、MA120上彎且收盤站上、散戶或總股東下降支撐、近20日未破60日低位區、240扣抵偏有利
5314,,過熱/風險,未入籃,60,2026-09-09,42.55,251.56046770226098,32.96874999999999,75.89041095890411,90.92906312010088,18.306236065796615,21.8734219975333,9.466215653911725,3.625322545410503,0.0,50.82489034000104,274.65024418270605,30.254253896283913,-1.1499999999999986,-4.050000000000004,0.35999999999999943,1.7100000000000009,-271,4592,False,True,False,True,強制過熱排除：近6週 +251.56% (門檻 100%) + 近3日 +32.97% (門檻 20%)、MA120上彎且收盤站上、散戶或總股東下降支撐、近20日未破60日低位區、240扣抵偏有利
5880,合庫金,過熱/風險,未入籃,60,2026-09-09,26.85,8.792544570502447,0.7504690431519911,88.67924528301884,91.1495874722111,23.253893358876116,22.972300127713925,2.346330200132063,0.9645818278822826,0.0,16.611310607396867,17.82097150581383,-6.624534333355836,0.27000000000001023,-0.009999999999990905,-0.0699999999999994,-0.040000000000000036,-4072,-2978,False,True,False,True,強制過熱排除：RSI 88.7 (門檻 85)、MA120上彎且收盤站上、散戶或總股東下降支撐、近20日未破60日低位區、240扣抵偏有利
6179,,過熱/風險,未入籃,60,2026-09-09,36.4,60.456484405296074,22.97297297297296,86.44688644688644,127.80127268361579,25.40953919808495,26.66313478728542,2.2007180059091747,0.09211164486770951,0.0,13.284569970398884,65.47074954296161,107.26604603035277,-0.5700000000000074,-0.9100000000000037,-0.19000000000000128,-0.4400000000000013,-161,-431,False,True,False,True,強制過熱排除：RSI 86.4 (門檻 85) + %B 127.8% (門檻 110%) + 近3日 +22.97% (門檻 20%)、MA120上彎且收盤站上、散戶或總股東下降支撐、近20日未破60日低位區、240扣抵偏有利
6505,台塑化,過熱/風險,未入籃,60,2026-09-09,87.5,16.97860962566846,12.035851472471194,70.89337175792508,123.02418384639783,60.676,54.22633333333335,5.51447299988892,5.612911498004536,-10.623084780388158,130.34398034398035,94.04069767441862,-2.2067264675230347,0.11999999999999034,0.18999999999999773,-0.10999999999999988,-0.20999999999999996,-5090,-11870,False,True,False,True,強制過熱排除：%B 123.0% (門檻 110%)、MA120上彎且收盤站上、散戶或總股東下降支撐、近20日未破60日低位區、240扣抵偏有利
6933,AMAX-KY,過熱/風險,未入籃,60,2026-09-09,338.0,128.3783783783784,6.624605678233442,82.07964601769912,88.82982242691732,173.5807259713703,165.5161873721883,12.486739426162497,3.0545028379011407,0.0,76.03322949117344,153.3319538802865,74.83223596269879,-0.4399999999999977,-1.6599999999999966,-0.20000000000000284,0.6199999999999974,-114,126,False,True,False,True,強制過熱排除：近6週 +128.38% (門檻 100%) + RSI 82.1 (門檻 85)、MA120上彎且收盤站上、散戶或總股東下降支撐、近20日未破60日低位區、240扣抵偏有利
3623,,過熱/風險,未入籃,55,2026-09-09,24.65,25.126903553299496,3.1380753138075423,94.2857142857142,95.98004177235168,22.811666666666664,23.15895833333335,-1.9696318579000116,-0.3371018208877752,-27.81844802342607,9.799554565701563,36.052631578947384,-38.21590462133412,-0.17999999999999972,-0.4199999999999946,-0.5300000000000047,-0.9500000000000028,-136,613,False,True,False,True,強制過熱排除：RSI 94.3 (門檻 85)、散戶或總股東下降支撐、近20日未破60日低位區、20日量低於120日均量、240扣抵偏有利
4974,,過熱/風險,未發動觀察籃,55,2026-09-09,74.5,14.088820826952531,3.616133518776077,71.87499999999996,123.49855903716636,69.53115510471194,69.65817953752183,-0.08185003814046299,-1.5809957768558869,-5.184074629351986,-2.9572481991389843,19.27330173775672,-21.932397175354012,0.740000000000002,0.21000000000000085,-0.16000000000000014,-0.6999999999999993,-179,-456,True,True,False,True,強制過熱排除：%B 123.5% (門檻 110%)、大戶4/8週累積、散戶或總股東下降支撐、近20日未破60日低位區、20日量低於120日均量
6470,,過熱/風險,未入籃,55,2026-09-09,43.45,1.0057365324209977,3.947368421052655,73.61111111111109,144.64787135565876,44.52312427912344,43.48872044405997,-2.9825287487813212,0.4712358153498464,-15.85927239589382,14.842138797136183,17.877739331026543,-45.18100400786598,0.0,0.0,-0.740000000000002,-1.740000000000002,-93,1243,False,True,False,True,強制過熱排除：%B 144.6% (門檻 110%)、散戶或總股東下降支撐、近20日未破60日低位區、20日量低於120日均量、240扣抵偏有利
6743,安普新,過熱/風險,未入籃,55,2026-09-09,29.1,8.200342371196644,1.7482517482517501,91.66666666666669,85.3211273077427,25.67174917491742,25.697883663366238,2.7834027824116925,-0.7928870932601306,-9.020275499148733,-1.8303884565282647,23.29338196977593,-50.97109909136328,-0.1599999999999966,-1.2199999999999989,-0.1999999999999993,0.9000000000000021,-212,501,False,True,False,True,強制過熱排除：RSI 91.7 (門檻 85)、MA120上彎且收盤站上、散戶或總股東下降支撐、近20日未破60日低位區、20日量低於120日均量
2409,友達,過熱/風險,未入籃,50,2026-09-09,30.5,31.182795698924725,13.805970149253731,83.09859154929578,120.22295483715024,23.000213178294565,18.134303206483445,8.577883520218643,6.995480589988001,-9.942725158793342,152.2335868519975,56.590909090909115,-35.97364719979442,-3.1400000000000006,-5.790000000000006,2.3900000000000006,3.4299999999999997,79546,106014,False,False,False,True,強制過熱排除：%B 120.2% (門檻 110%)、MA120上彎且收盤站上、近20日未破60日低位區、20日量低於120日均量、240扣抵偏有利
3680,家登,過熱/風險,未入籃,50,2026-09-09,566.0,47.01298701298702,9.26640926640927,73.67149758454106,110.26943780930614,485.700077815506,423.1089944507326,3.597222528398225,3.946216711081263,-8.371446161964858,83.69119155123592,56.98630136986302,-29.77343888114271,-4.459999999999994,-0.5500000000000043,3.120000000000001,-0.13999999999999702,3441,3071,False,False,False,True,強制過熱排除：%B 110.3% (門檻 110%)、MA120上彎且收盤站上、近20日未破60日低位區、20日量低於120日均量、240扣抵偏有利
6196,帆宣,過熱/風險,未入籃,50,2026-09-09,534.0,19.463087248322154,3.488372093023262,61.377245508982035,116.08588041701103,457.0066624306841,356.99253504313,8.941757885592994,6.173044687547935,-12.026359143327847,97.24210349519721,42.15456674473068,-42.422275060468436,-0.030000000000001137,0.01999999999999602,0.120000000000001,0.48999999999999844,1989,6394,False,False,False,True,強制過熱排除：%B 116.1% (門檻 110%)、MA120上彎且收盤站上、近20日未破60日低位區、20日量低於120日均量、240扣抵偏有利
7709,,過熱/風險,未入籃,50,2026-09-09,91.5,37.593984962406026,18.36998706338939,82.02898550724639,113.86188204510357,81.07333333333341,60.91624999999997,3.454949542211194,5.167787648814848,-37.54266211604096,129.3233082706767,105.12820512820511,-62.33371156867855,-0.01999999999999602,-0.030000000000001137,0.3699999999999992,-0.10000000000000142,254,60,False,False,False,True,強制過熱排除：%B 113.9% (門檻 110%)、MA120上彎且收盤站上、近20日未破60日低位區、20日量低於120日均量、240扣抵偏有利
8926,台汽電,過熱/風險,未入籃,50,2026-09-09,59.3,-2.4671052631578982,3.130434782608682,63.44086021505377,126.64623131135846,58.45066240283661,50.12578983666346,4.093938883320458,2.1405865988303407,-28.033980582524276,33.03497911727151,50.6398537477148,-61.20022975940776,-0.14000000000000057,0.7199999999999989,0.10999999999999943,0.010000000000001563,9740,10242,False,False,False,True,強制過熱排除：%B 126.6% (門檻 110%)、MA120上彎且收盤站上、近20日未破60日低位區、20日量低於120日均量、240扣抵偏有利
2254,巨鎧精密-創,過熱/風險,未入籃,45,2026-09-09,65.2,7.768595041322324,4.99194847020934,74.73684210526314,114.93232808672651,62.02666666666659,61.08958333333336,-1.2628674519791994,-0.05317227134219449,-30.4162219850587,7.590759075907583,,385.8811863579507,0.5400000000000205,0.36000000000001364,-0.020000000000000018,0.040000000000000036,-29,-49,True,True,False,True,強制過熱排除：%B 114.9% (門檻 110%)、大戶4/8週累積、散戶或總股東下降支撐、近20日未破60日低位區、240扣抵偏有利
6183,關貿,過熱/風險,未入籃,45,2026-09-09,92.6,3.675036452119884,1.091703056768556,95.27275212273446,97.39016207184447,88.67078532417187,90.57984165785783,-0.042834213654119324,-0.26249195783609736,-3.7895661724327456,-2.1257031255673797,9.762328886839388,-16.125904166490614,0.030000000000001137,-0.36999999999999034,0.03000000000000025,0.009999999999999787,-463,4735,False,True,False,True,強制過熱排除：RSI 95.3 (門檻 85)、散戶或總股東下降支撐、近20日未破60日低位區
1438,三地開發,過熱/風險,未入籃,40,2026-09-09,21.65,6.041559369777483,5.331459641854885,83.73319807253387,132.45915802878477,21.35013412017133,26.352777896996006,-6.1417827430490295,-4.10767752807093,-37.74605023805939,-36.317821970916356,19.559902200489,-42.39751098268556,0.0899999999999892,0.22999999999998977,0.05000000000000071,-0.019999999999999574,11,-48,False,True,False,True,強制過熱排除：%B 132.5% (門檻 110%)、散戶或總股東下降支撐、近20日未破60日低位區、20日量低於120日均量
1815,,過熱/風險,未入籃,40,2026-09-09,126.0,111.7813161816613,12.056443245486626,69.1829268292683,82.18895954276559,96.807912962963,88.48927068741894,1.5628189546129212,4.383761508878847,-6.666666666666665,105.14419694694345,140.73039384681226,69.23640992846704,-2.5600000000000023,-21.11999999999999,2.049999999999997,15.039999999999996,1976,45554,False,False,False,True,強制過熱排除：近6週 +111.78% (門檻 100%)、MA120上彎且收盤站上、近20日未破60日低位區、240扣抵偏有利
2338,光罩,過熱/風險,未入籃,40,2026-09-09,41.5,18.065433854907553,7.512953367875652,66.17647058823528,115.98321208359492,46.210416666666625,42.54074565727694,-2.707231272644328,-0.14740777232068458,-32.41042345276873,5.22101949222511,75.18910741301059,-75.97677619671703,0.6199999999999974,0.020000000000003126,-0.9500000000000028,-0.379999999999999,-1907,-1613,True,True,False,True,強制過熱排除：%B 116.0% (門檻 110%)、大戶4/8週累積、散戶或總股東下降支撐、近20日未破60日低位區、20日量低於120日均量、240扣抵偏有利
3229,晟鈦,過熱/風險,未入籃,40,2026-09-09,60.7,58.69281045751635,21.88755020080322,55.79268292682927,92.92098759113117,41.02791666666663,30.172291666666624,16.061999057048524,12.219406928721387,-2.8799999999999937,321.52777777777777,77.80938833570413,121.07724840860996,0.04000000000000625,0.3100000000000023,0.5200000000000014,0.6600000000000019,82,480,False,False,False,True,強制過熱排除：近3日 +21.89% (門檻 20%)、MA120上彎且收盤站上、近20日未破60日低位區、240扣抵偏有利
3374,,過熱/風險,未入籃,40,2026-09-09,478.5,71.19856887298748,11.279069767441863,88.37719298245614,93.03066374918224,272.14468698517277,212.1343492586491,13.451115467547869,10.000682526980075,-1.7453798767967155,249.61902354470604,114.43006571979862,7.287130081465398,-2.980000000000004,-4.210000000000001,3.7300000000000004,4.189999999999994,9435,17013,False,False,False,True,強制過熱排除：RSI 88.4 (門檻 85)、MA120上彎且收盤站上、近20日未破60日低位區、240扣抵偏有利
3693,,過熱/風險,未入籃,40,2026-09-09,700.0,65.35948267804186,5.580693815987936,92.85530215178454,95.71495529780985,542.1146582733815,431.2602667865712,5.309808306450647,6.709034540619863,-5.931261178517899,195.3093464042369,80.45720303591533,-1.0066348644315548,0.00999999999999801,-6.799999999999997,3.1499999999999986,8.809999999999999,2199,8205,False,False,False,True,強制過熱排除：RSI 92.9 (門檻 85)、MA120上彎且收盤站上、近20日未破60日低位區、240扣抵偏有利
5201,,過熱/風險,未入籃,40,2026-09-09,29.35,12.022900763358791,9.310986964618252,72.64957264957265,129.19531413485157,29.874999999999964,36.66708333333338,-7.02198015950205,-2.5982722458037233,-45.140186915887845,-21.208053691275165,17.892644135188874,-30.3877247189705,0.03999999999999915,1.4300000000000068,-0.16000000000000014,0.03999999999999915,-117,622,True,True,False,True,強制過熱排除：%B 129.2% (門檻 110%)、大戶4/8週累積、散戶或總股東下降支撐、近20日未破60日低位區、20日量低於120日均量
7811,,過熱/風險,未入籃,40,2026-09-09,74.0,3.4965034965035002,0.407055630936215,87.49999999999989,88.58928041760602,79.66833333333334,94.2175,-8.592681830785232,-4.211569743798293,-46.18181818181818,,15.46099290780143,-68.60356025199889,0.5800000000000125,3.1000000000000085,-0.29000000000000004,0.0,-72,-100,True,True,False,True,強制過熱排除：RSI 87.5 (門檻 85)、大戶4/8週累積、散戶或總股東下降支撐、近20日未破60日低位區、20日量低於120日均量
8446,,過熱/風險,未發動觀察籃,40,2026-09-09,86.1,1.773049645390068,0.4667444574095514,65.8536585365853,111.63745240372143,86.76137571476633,87.4123545240497,-0.4625055965139624,-0.6928715326623869,-9.368421052631582,-5.962929654953508,7.040572792362765,-68.62306629653025,1.8199999999999932,1.6599999999999966,-0.4200000000000017,0.24999999999999645,-151,73,True,True,False,True,強制過熱排除：%B 111.6% (門檻 110%)、大戶4/8週累積、散戶或總股東下降支撐、近20日未破60日低位區、20日量低於120日均量
4417,,過熱/風險,未入籃,35,2026-09-09,47.8,11.943793911007017,1.4861995753715496,60.86956521739131,120.34536395605843,44.509525667707315,46.59481681408251,-0.5478035374649304,-0.16911038006817147,-10.957977394361972,5.863102851466961,13.561320754716988,-63.54238836773383,-7.105427357601002e-15,-0.7700000000000102,0.33999999999999986,0.9699999999999989,59,176,False,False,False,True,強制過熱排除：%B 120.3% (門檻 110%)、近20日未破60日低位區、20日量低於120日均量、240扣抵偏有利
8227,,過熱/風險,未入籃,35,2026-09-09,198.0,47.76119402985075,24.9211356466877,74.51923076923077,131.86910021524875,166.99871913580262,158.40077821869474,2.9665431336510117,-0.7153561911182216,-19.76019400613668,25.26465010954213,79.296875,-20.904496817515273,-1.6900000000000013,-0.5100000000000016,2.0700000000000003,1.5300000000000011,98,1094,False,False,False,True,強制過熱排除：%B 131.9% (門檻 110%) + 近3日 +24.92% (門檻 20%)、MA120上彎且收盤站上、近20日未破60日低位區、20日量低於120日均量、240扣抵偏有利
4770,上品,過熱/風險,未入籃,25,2026-09-09,249.5,17.411764705882348,10.154525386313473,75.48387096774194,120.55461993198932,223.6479503464204,231.99654541955383,-1.2973509726214472,-2.4110193695200177,-18.793785140864127,-16.002736839649955,23.762376237623762,0.07007278309965059,0.4399999999999977,-0.5599999999999952,0.049999999999998934,1.0600000000000005,8,512,False,False,False,True,強制過熱排除：%B 120.6% (門檻 110%)、近20日未破60日低位區
4160,,過熱/風險,未入籃,20,2026-09-09,39.15,4.690397484479547,4.291829981366058,64.1176240259993,142.39529799927456,39.561858040201095,44.43090270267234,-3.4258611504363823,-2.0765897406350597,-29.9983287688957,-20.594422374663246,14.39688715953309,-47.18935676557814,0.0,-1.9700000000000024,0.9800000000000004,0.7899999999999991,54,1496,False,False,False,True,強制過熱排除：%B 142.4% (門檻 110%)、近20日未破60日低位區、20日量低於120日均量
5211,,過熱/風險,未入籃,20,2026-09-09,21.15,14.634146341463406,9.585492227979264,73.74999999999997,152.4450701385875,20.207916666666684,23.42874999999998,-3.164683332002216,-3.4811267315515315,-35.41984732824428,-33.80281690140845,32.967032967032964,-62.35034278360163,-2.3300000000000054,-7.140000000000001,2.8599999999999994,4.839999999999996,431,821,False,False,False,True,強制過熱排除：%B 152.4% (門檻 110%)、近20日未破60日低位區、20日量低於120日均量
6657,華安,過熱/風險,未入籃,20,2026-09-09,36.6,20.99173553719009,21.999999999999996,78.47533632286995,143.03844339733067,36.96916666666665,41.75541666666676,-6.939229300832794,-5.086944991665399,-38.69346733668342,-31.84357541899442,33.86243386243386,-29.466025104590223,-1.4200000000000017,-1.3500000000000014,-0.10999999999999943,0.030000000000001137,125,311,False,False,False,True,強制過熱排除：%B 143.0% (門檻 110%) + 近3日 +22.00% (門檻 20%)、近20日未破60日低位區、20日量低於120日均量
7717,,過熱/風險,未入籃,20,2026-09-09,509.0,40.22038567493114,13.236929922135698,70.41984732824427,114.88175909478318,573.6419748159302,,-6.62619449616434,,-46.57090368549724,,77.14254882123915,-29.393042676407344,-0.7199999999999989,0.7999999999999972,1.259999999999998,3.3599999999999994,742,2005,False,False,False,True,強制過熱排除：%B 114.9% (門檻 110%)、近20日未破60日低位區、20日量低於120日均量
1216,統一,未入籃,,70,2026-09-09,76.0,1.0638297872340496,0.5291005291005346,36.24999999999996,35.26959194327131,72.22708226768982,72.54835784313731,1.686243752170391,0.18292969432498474,-3.307888040712459,0.1671925140900088,10.752897422591223,-28.684752960831016,0.22999999999998977,0.3199999999999932,-0.1200000000000001,-0.1800000000000006,-2745,-5233,False,True,False,True,MA120上彎且收盤站上、散戶或總股東下降支撐、近20日未破60日低位區、20日量低於120日均量
1419,新紡,未入籃,,70,2026-09-09,67.9,-0.4056005974447441,1.4947683109117982,63.281250000000014,83.79503146583852,63.52195884146326,63.476192835365865,0.579470828073303,1.857506473359316,-13.594462894565318,34.2609115022908,10.452418096723859,-31.812390362284383,0.10999999999999943,-0.04999999999999716,0.029999999999999805,0.010000000000000231,-64,-1200,False,True,False,True,MA120上彎且收盤站上、散戶或總股東下降支撐、近20日未破60日低位區、20日量低於120日均量、240扣抵偏有利
1530,亞崴,未入籃,,70,2026-09-09,28.5,1.243339253996445,0.8849557522123908,31.25000000000003,24.181587474569806,26.835934619506894,26.027357984994744,2.2043630528109537,1.0511113891671142,-15.310837461016312,13.951048681338163,17.914470621799783,-80.05322996439065,0.010000000000005116,0.04000000000000625,0.16000000000000014,0.08000000000000185,-127,-318,False,True,False,True,MA120上彎且收盤站上、散戶或總股東下降支撐、近20日未破60日低位區、20日量低於120日均量、240扣抵偏有利
1604,聲寶,未入籃,,70,2026-09-09,23.6,0.6396588486140775,0.42553191489362874,76.92307692307709,91.00885708559998,23.34081360946748,23.189870562130192,0.2808106838138036,0.028517100157077202,-2.7741212032567963,1.3506130487262569,4.575163398692816,-49.62240336640894,0.3400000000000034,0.0,-0.13999999999999702,0.08000000000000185,-668,1000,False,True,False,True,MA120上彎且收盤站上、散戶或總股東下降支撐、近20日未破60日低位區、20日量低於120日均量
1711,永光,未入籃,,70,2026-09-09,39.85,26.70906200317966,-5.79196217494089,51.811594202898554,33.93704822312801,43.99374999999993,32.58166666666667,5.0638831396274675,6.074500122086857,-38.024883359253494,92.51207729468601,72.91666666666666,-63.95476358240837,-0.29999999999999716,-3.5799999999999983,0.0,2.7300000000000004,-2516,4167,False,True,False,True,散戶或總股東下降支撐、近20日未破60日低位區、20日量低於120日均量、240扣抵偏有利
1717,長興,未入籃,,70,2026-09-09,72.3,31.934306569343065,-4.993429697766095,53.81818181818181,36.71792945322401,72.44326211213772,59.81728920619851,3.264130160058021,4.706057560052601,-19.345207999268066,74.23640783107982,67.8030303030303,-43.01340160503385,0.09000000000000341,-6.359999999999999,-0.38000000000000256,4.459999999999999,-6304,29073,False,True,False,True,散戶或總股東下降支撐、近20日未破60日低位區、20日量低於120日均量、240扣抵偏有利
1720,生達,未入籃,,70,2026-09-09,56.2,-2.768166089965385,0.3571428571428559,36.36363636363646,38.31636956179272,55.5262283464567,54.08489829396333,0.21732749662524142,1.0700772805729786,-4.142962282497143,13.39393804592699,6.816607998153379,-23.522959028564383,0.3199999999999932,-0.9099999999999966,-0.1800000000000015,0.009999999999996234,-244,-307,False,True,False,True,MA120上彎且收盤站上、散戶或總股東下降支撐、近20日未破60日低位區、20日量低於120日均量、240扣抵偏有利
1730,花仙子,未入籃,,70,2026-09-09,51.4,0.7843137254901933,-0.1941747572815511,45.161290322580555,36.40212514806018,50.476311757348334,50.12745465916195,0.4136958616634878,0.3103654553236135,-2.0952380952380945,3.7440121177695795,4.964552308788783,-31.8857563082787,0.0,-0.6400000000000006,0.060000000000002274,-0.07000000000000028,-60,-159,False,True,False,True,MA120上彎且收盤站上、散戶或總股東下降支撐、近20日未破60日低位區、20日量低於120日均量、240扣抵偏有利
1731,美吾華,未入籃,,70,2026-09-09,20.9,1.9512195121951237,-0.23866348448687846,53.84615384615374,43.383783629131315,20.599847477064213,20.622178325688143,0.17272197040083537,0.13589569911813815,-3.9080459770114984,1.7883672352356328,6.911176800849628,-51.47879343242736,-0.490000000000002,-0.7800000000000011,-0.07000000000000028,-0.120000000000001,-129,-296,False,True,False,True,MA120上彎且收盤站上、散戶或總股東下降支撐、近20日未破60日低位區、20日量低於120日均量
1762,中化生,未入籃,,70,2026-09-09,34.6,6.461538461538474,-3.2167832167832144,41.11111111111118,10.670031574992468,34.39541666666667,30.091458333333232,3.803883104471595,2.1940313291542113,-22.681564245810048,33.076923076923094,33.70967741935485,-70.6621489690885,0.37000000000000455,0.7500000000000071,-0.5699999999999967,-1.6799999999999997,-548,-1120,False,True,False,True,MA120上彎且收盤站上、散戶或總股東下降支撐、近20日未破60日低位區、20日量低於120日均量、240扣抵偏有利
1773,勝一,未入籃,,70,2026-09-09,164.5,11.14864864864864,1.2307692307692353,60.759493670886066,76.10134312589261,163.946091549296,152.2242546948357,1.5565299706560065,1.2062693465836771,-17.503672938916203,21.510835526794914,31.46853146853146,-43.87913428534074,-0.7599999999999909,0.8499999999999943,0.25,-0.9099999999999984,352,-1347,False,True,False,True,MA120上彎且收盤站上、散戶或總股東下降支撐、近20日未破60日低位區、20日量低於120日均量、240扣抵偏有利
1907,永豐餘,未入籃,,70,2026-09-09,29.2,2.6362038664323295,-2.1775544388609736,35.294117647058826,19.824946931629334,26.336835585585582,25.57503566066065,3.823475617335448,1.9067306379231486,-7.886435331230279,19.729599940896158,26.48094895758446,-37.697427274109494,0.3399999999999892,0.4700000000000131,-0.10000000000000053,-0.15000000000000036,-863,-1772,False,True,False,True,MA120上彎且收盤站上、散戶或總股東下降支撐、近20日未破60日低位區、20日量低於120日均量、240扣抵偏有利
2006,東和鋼鐵,未入籃,,70,2026-09-09,82.0,13.25966850828728,0.4901960784313708,50.0,57.02879897681395,72.04666666666671,67.64194444444448,2.17875609395779,2.858919638313173,-8.071748878923767,44.73755433541928,32.93591654247394,-47.78632014552354,-0.45000000000000284,-1.539999999999992,0.06999999999999851,0.5199999999999978,-133,624,False,True,False,True,MA120上彎且收盤站上、散戶或總股東下降支撐、近20日未破60日低位區、20日量低於120日均量、240扣抵偏有利
2008,高興昌,未入籃,,70,2026-09-09,30.7,-0.1626016260162677,-0.32467532467532756,48.979591836734684,43.29708617351519,29.3766666666667,28.89895833333337,0.995573636637137,1.543856053174797,-3.7617554858934144,15.630885122410533,10.571923743500866,-61.906271325010955,-0.05000000000001137,0.030000000000001137,-0.10999999999999943,-0.1599999999999997,-106,-183,False,True,False,True,MA120上彎且收盤站上、散戶或總股東下降支撐、近20日未破60日低位區、20日量低於120日均量、240扣抵偏有利
2010,春源,未入籃,,70,2026-09-09,22.55,7.380952380952377,0.0,42.857142857142854,37.451493803003906,22.09340717299575,20.605500175808718,1.2034669072773951,1.4202054803855058,-6.356117818156326,22.225017438336913,13.317191283292985,-47.2482854663289,-0.10999999999999943,-1.079999999999984,-0.009999999999999787,0.00999999999999801,-202,-537,False,True,False,True,MA120上彎且收盤站上、散戶或總股東下降支撐、近20日未破60日低位區、20日量低於120日均量、240扣抵偏有利
2013,中鋼構,未入籃,,70,2026-09-09,41.9,2.3199023199023117,0.3592814371257358,60.86956521739138,73.77300986093883,41.047916666666666,40.359200757575714,0.36005575965112335,0.33436221257820975,-5.707855973813425,4.769048917985086,5.838509316770191,-50.379245286711594,0.0,-0.3500000000000085,-0.09999999999999964,-0.13000000000000078,-304,-750,False,True,False,True,MA120上彎且收盤站上、散戶或總股東下降支撐、近20日未破60日低位區、20日量低於120日均量、240扣抵偏有利
2015,豐興,未入籃,,70,2026-09-09,64.9,-1.0670731707316916,0.0,55.2631578947369,72.20171151798677,63.03499999999985,62.15238986784137,-0.05085721207602756,0.1588046949538402,-3.994082840236668,6.07323886872877,12.29235880398669,-52.55575942442441,0.14000000000001478,-0.12999999999999545,0.0,-0.009999999999999787,-48,-119,False,True,False,True,散戶或總股東下降支撐、近20日未破60日低位區、20日量低於120日均量、240扣抵偏有利
2034,允強,未入籃,,70,2026-09-09,20.75,12.466124661246614,-1.65876777251186,59.374999999999986,72.72339269956848,19.606480923694768,19.450005020080276,0.8887671926441465,0.2745070991006182,-8.974392854311454,10.9446967500886,19.220055710306404,-24.060301049305345,0.01999999999999602,0.3399999999999963,-0.22000000000000242,-0.4800000000000004,-604,-1347,False,True,False,True,MA120上彎且收盤站上、散戶或總股東下降支撐、近20日未破60日低位區、20日量低於120日均量、240扣抵偏有利
2108,南帝,未入籃,,70,2026-09-09,29.5,10.902255639097746,-0.6734006734006703,50.0,33.4594033977368,27.997796679815924,25.341019477317563,3.3730233023310907,2.126349383937187,-9.785932721712543,27.43360569836495,22.030651340996176,-44.3469008547305,0.1700000000000017,0.009999999999990905,0.09999999999999964,-0.1800000000000015,23,-752,False,True,False,True,MA120上彎且收盤站上、散戶或總股東下降支撐、近20日未破60日低位區、20日量低於120日均量、240扣抵偏有利
2236,百達-KY,未入籃,,70,2026-09-09,122.0,-6.870229007633588,0.4115226337448652,47.82608695652174,46.063520891888906,134.57499999999996,119.4324629077061,1.2222640090259418,1.5246575326180123,-35.62005277044855,17.30115013230653,65.50218340611353,-34.16067171137559,-1.0999999999999943,-3.269999999999996,0.27000000000000046,0.5899999999999999,6,-6,False,True,False,True,散戶或總股東下降支撐、近20日未破60日低位區、20日量低於120日均量、240扣抵偏有利
2340,台亞,未入籃,,70,2026-09-09,32.2,22.43346007604563,-5.433186490455199,55.801104972375725,44.42700708690479,33.99375000000009,30.21166666666664,3.150721302770121,2.792092261672696,-29.847494553376897,42.79379157427938,84.6774193548387,-60.520591459990534,0.03999999999999204,-3.3400000000000034,-0.08000000000000185,3.4099999999999966,-610,6542,False,True,False,True,散戶或總股東下降支撐、近20日未破60日低位區、20日量低於120日均量、240扣抵偏有利
2347,聯強,未入籃,,70,2026-09-09,88.6,3.747072599531598,0.6818181818181834,57.017543859649116,64.12747802543372,83.82840395480223,71.79148728813558,4.228497108232809,3.6901724967650207,-9.8677517802645,54.76578182270355,22.415940224159403,-54.44126572640238,0.18000000000000682,0.4000000000000199,-0.03999999999999915,-0.16999999999999993,-48,-1133,False,True,False,True,MA120上彎且收盤站上、散戶或總股東下降支撐、近20日未破60日低位區、20日量低於120日均量、240扣抵偏有利
2415,錩新,未入籃,,70,2026-09-09,28.2,6.4839788542453425,0.0,59.13142857142853,64.37331444235575,26.887071428571396,24.984392857142847,2.0968487823268767,1.4865460833637822,-25.523486134691563,20.830017751117104,48.4375,-52.79843120228078,0.269999999999996,-0.2600000000000051,-0.009999999999999787,-0.00999999999999801,-66,-144,False,True,False,True,MA120上彎且收盤站上、散戶或總股東下降支撐、近20日未破60日低位區、20日量低於120日均量、240扣抵偏有利
2488,漢平,未入籃,,70,2026-09-09,48.25,-0.5154639175257714,-0.6179196704428347,39.02439024390235,26.45418559378071,49.01616387337068,46.1726279134379,1.3953929579096247,0.9794790534877862,-7.752654177258444,10.698104123240991,11.051014719662188,-63.046305902059686,-0.529999999999994,0.5400000000000063,-0.509999999999998,-1.3299999999999983,-231,289,False,True,False,True,散戶或總股東下降支撐、近20日未破60日低位區、20日量低於120日均量、240扣抵偏有利
2640,,未入籃,,70,2026-09-09,154.0,7.692307692307687,-1.2820512820512775,43.47826086956522,37.120928281793034,155.23636128364413,139.0696169772257,3.5271670374544595,1.984267892582059,-18.566689657437518,26.11072963556369,16.30434782608696,-57.97792912554176,0.010000000000005116,-0.01999999999999602,0.05000000000000071,0.040000000000000036,-17,-77,False,True,False,True,散戶或總股東下降支撐、近20日未破60日低位區、20日量低於120日均量、240扣抵偏有利
2801,彰銀,未入籃,,70,2026-09-09,26.85,16.27571273908337,0.9398496240601517,81.91489361702125,89.93814647527978,21.58650462962969,20.410844907407373,4.151370331942039,2.7399303336446357,-2.5408348457350294,46.543359611886004,29.073399271212885,-22.830325916771756,0.4399999999999977,0.009999999999990905,-0.020000000000000018,0.040000000000000036,-1094,2093,False,True,False,True,MA120上彎且收盤站上、散戶或總股東下降支撐、近20日未破60日低位區、20日量低於120日均量、240扣抵偏有利
2850,新產,未入籃,,70,2026-09-09,158.0,1.6077170418006492,-0.6289308176100628,30.0,22.283625243411073,138.60922944819814,124.5427245213967,6.470610699021773,3.9348759173772896,-6.508875739644971,45.119785572236104,23.357664233576635,-42.429591751756504,0.4099999999999966,0.010000000000005116,-0.129999999999999,-0.16999999999999993,-163,-132,False,True,False,True,MA120上彎且收盤站上、散戶或總股東下降支撐、近20日未破60日低位區、20日量低於120日均量、240扣抵偏有利
2890,永豐金,未入籃,,70,2026-09-09,43.2,11.917098445595853,0.8168028004667427,79.84496124031011,91.01770523666815,34.60692698019799,30.65495792079208,5.253102413669097,5.047690339606703,-2.0408163265306034,81.23364485981308,31.585594448358844,-30.53818387970916,0.11999999999999034,-0.37000000000000455,-0.019999999999999574,0.09999999999999964,-2949,-446,False,True,False,True,MA120上彎且收盤站上、散戶或總股東下降支撐、近20日未破60日低位區、20日量低於120日均量、240扣抵偏有利
2891,中信金,未入籃,,70,2026-09-09,66.6,7.4193548387096575,-2.6315789473684403,62.49999999999998,64.91905987582159,60.26900488793521,52.72658217095849,4.392707983177879,4.121067237842135,-6.140522074620791,63.50432130906294,16.89808693520749,-32.326345220762356,0.4399999999999977,0.2600000000000051,-0.10999999999999943,-0.07000000000000028,-7257,-4011,False,True,False,True,MA120上彎且收盤站上、散戶或總股東下降支撐、近20日未破60日低位區、20日量低於120日均量、240扣抵偏有利
3004,豐達科,未入籃,,70,2026-09-09,122.5,-7.196969696969702,0.8230452674897082,52.631578947368425,59.1900013474194,124.62753497023807,116.65723487363447,1.891861790323457,0.09202758343356265,-24.846625766871167,3.0924056004512313,39.31623931623931,-41.99977765556875,-0.4799999999999969,0.9900000000000091,-1.0099999999999998,-3.129999999999999,-222,-1401,False,True,False,True,散戶或總股東下降支撐、近20日未破60日低位區、20日量低於120日均量、240扣抵偏有利
3010,華立,未入籃,,70,2026-09-09,125.0,13.122171945701355,-3.100775193798455,44.444444444444436,-5.3451779907768575,125.10072560202775,114.74022084917614,1.0311956786811294,2.5333360915654968,-13.741984236101635,33.589337234345166,26.635514018691598,-55.424375543225835,0.2599999999999909,-1.0600000000000023,-0.5999999999999979,-0.20999999999999908,-1144,-638,False,True,False,True,散戶或總股東下降支撐、近20日未破60日低位區、20日量低於120日均量、240扣抵偏有利
3023,信邦,未入籃,,70,2026-09-09,329.0,22.18770438194899,-3.2352941176470584,56.02409638554217,74.6651539928036,294.98839098532466,253.49430031446562,5.436923576952446,3.4671737312589768,-5.459770114942531,56.53540008378719,33.56829044561387,-53.992028960518134,0.23000000000000398,0.4300000000000068,-0.870000000000001,-0.990000000000002,-1296,-1243,False,True,False,True,MA120上彎且收盤站上、散戶或總股東下降支撐、近20日未破60日低位區、20日量低於120日均量、240扣抵偏有利
3169,,未入籃,,70,2026-09-09,101.5,5.729166666666674,-2.8708133971291905,52.21238938053097,42.7583238979126,103.07449344978157,98.08478602620086,1.2606404862500087,0.6580279250757881,-18.1033419657171,7.426171804229109,30.38793103448276,-40.16224258415097,-0.09999999999999432,-0.5499999999999972,-0.7399999999999984,-0.33999999999999986,-384,78,False,True,False,True,散戶或總股東下降支撐、近20日未破60日低位區、20日量低於120日均量、240扣抵偏有利
3206,,未入籃,,70,2026-09-09,35.45,12.898089171974547,2.9027576197387495,70.6896551724139,98.4445766892339,35.451935028248464,33.77579802259889,0.06272864211323004,0.27049104499941024,-13.406820887025816,7.612162996501359,23.719245489338412,-78.01104135505511,-0.030000000000001137,-0.22000000000000597,0.34999999999999787,0.3099999999999987,-9,-82,False,True,False,True,散戶或總股東下降支撐、近20日未破60日低位區、20日量低於120日均量、240扣抵偏有利
3303,,未入籃,,70,2026-09-09,52.0,2.970297029702973,1.3645224171540127,34.615384615384556,41.534392669507156,50.128896396396385,47.05930391328828,2.5643205643352207,0.9582965043097635,-17.065390749601285,10.994530317616569,29.813664596273306,-72.4537664715895,0.0799999999999983,0.4399999999999977,-0.28999999999999915,-0.6699999999999982,-148,-264,False,True,False,True,MA120上彎且收盤站上、散戶或總股東下降支撐、近20日未破60日低位區、20日量低於120日均量、240扣抵偏有利
3563,牧德,未入籃,,70,2026-09-09,688.0,17.006802721088434,-0.721500721500723,53.97727272727273,50.62881737595346,751.1409259259261,624.7062863515445,2.2136362143859944,2.644688166025877,-29.74398308046311,27.80309832937977,51.81159420289856,-72.72159977312826,-2.710000000000001,-6.850000000000001,1.0500000000000007,9.269999999999998,-361,10086,False,True,False,True,散戶或總股東下降支撐、近20日未破60日低位區、20日量低於120日均量、240扣抵偏有利
3594,,未入籃,,70,2026-09-09,47.2,-6.168862746013404,-3.9674465920650936,35.605566104913365,12.494237641925539,49.34972521200261,44.384363584474904,3.46409871598532,1.4689831960783772,-23.146386772582872,14.770534590521578,37.55555555555554,-30.18668513587045,-1.009999999999998,-0.6600000000000037,0.16999999999999993,-0.09000000000000163,-292,-291,False,True,False,True,散戶或總股東下降支撐、近20日未破60日低位區、20日量低於120日均量、240扣抵偏有利
3628,,未入籃,,70,2026-09-09,71.9,15.224358974358987,3.751803751803773,63.56589147286821,102.3430993927513,66.54713911657554,67.65271246015483,1.538416696224476,2.6008721722232897,-30.971926212038746,43.315429388338615,30.024411000627072,-70.65112609885313,0.0,-0.9499999999999957,-0.4499999999999993,0.22000000000000242,-104,-84,False,True,False,True,MA120上彎且收盤站上、散戶或總股東下降支撐、近20日未破60日低位區、20日量低於120日均量、240扣抵偏有利
3652,精聯,未入籃,,70,2026-09-09,33.45,16.14583333333335,1.210287443267788,44.378698224852094,42.402629620126845,31.477251040041548,29.686098218928766,4.0638731560906916,0.9781130515198466,-19.92826147032244,15.83711507293355,50.26992446604341,-26.999408839839123,0.0,0.0,-0.22999999999999865,-0.009999999999999787,-30,90,False,True,False,True,MA120上彎且收盤站上、散戶或總股東下降支撐、近20日未破60日低位區、20日量低於120日均量、240扣抵偏有利
3675,德微,未入籃,,70,2026-09-09,271.5,34.074074074074076,-3.7234042553191515,51.74825174825175,37.530727585756516,280.03749999999974,215.9854166666667,5.971114124436316,5.821169745840571,-40.849673202614376,104.13533834586465,135.9897172236504,-27.802795891889588,-4.510000000000005,0.36999999999999744,1.3200000000000003,-1.0399999999999991,1185,1186,False,True,False,True,散戶或總股東下降支撐、近20日未破60日低位區、20日量低於120日均量、240扣抵偏有利
3705,永信,未入籃,,70,2026-09-09,56.3,3.3027522935779707,0.35650623885916666,63.636363636363576,77.18254064656067,53.55929824561405,53.42320175438602,1.2994748180610527,0.40005918254724104,-0.5300353356890497,9.645346453464532,7.196969696969702,-20.247348385724205,0.35999999999999943,0.20000000000000284,-0.11000000000000121,-0.3000000000000007,-284,-582,False,True,False,True,MA120上彎且收盤站上、散戶或總股東下降支撐、近20日未破60日低位區、20日量低於120日均量、240扣抵偏有利
3714,富采,未入籃,,70,2026-09-09,63.7,38.17787418655099,-4.6407185628742464,67.005076142132,70.81290640350606,61.89852163461548,48.69108273237178,6.215972148770854,4.207658550133053,-25.79541317801237,71.43818334735069,63.267288267288265,-39.41307005116277,-0.269999999999996,-9.030000000000001,0.5800000000000018,5.48,-1199,14400,False,True,False,True,MA120上彎且收盤站上、散戶或總股東下降支撐、近20日未破60日低位區、20日量低於120日均量、240扣抵偏有利
3717,聯嘉投控,未入籃,,70,2026-09-09,21.75,6.617647058823528,-2.4663677130044914,44.871794871794904,13.602385726722282,22.395574236459105,20.130338925674074,3.7665902899151282,1.2933171579394998,-30.404383975812543,10.028201635173417,61.50888115729718,-65.24755678733523,-1.1099999999999994,-0.27000000000001023,0.21000000000000085,-0.21999999999999886,-170,-689,False,True,False,True,散戶或總股東下降支撐、近20日未破60日低位區、20日量低於120日均量、240扣抵偏有利
4106,雃博,未入籃,,70,2026-09-09,24.4,3.8297872340425476,-0.40816326530612734,48.38709677419352,26.616740425063995,22.81329931972794,22.057784863945585,2.055765325802339,1.2556463587719335,-4.313725490196085,13.563829787234049,16.85761047463177,-26.229128603862172,0.2499999999999929,0.39000000000000057,-0.370000000000001,-0.8299999999999983,-334,-719,False,True,False,True,MA120上彎且收盤站上、散戶或總股東下降支撐、近20日未破60日低位區、20日量低於120日均量、240扣抵偏有利
4130,,未入籃,,70,2026-07-21,26.7,1.520912547528508,-2.5547445255474477,57.14285714285715,48.880597705688594,29.294999999999966,25.821874999999995,-1.5996976949237962,2.455899614793311,-33.499377334993774,39.79057591623034,26.556016597510368,-80.94452355683178,0.20000000000000284,0.8699999999999974,-0.3199999999999985,-0.9199999999999999,-312,-893,False,True,False,True,散戶或總股東下降支撐、近20日未破60日低位區、20日量低於120日均量、240扣抵偏有利
4163,,未入籃,,70,2026-09-09,130.0,8.786610878661083,-5.109489051094895,23.63636363636364,-2.317148355978438,119.72,108.14333333333336,5.0451873299991234,2.5748036786297224,-15.309446254071657,20.93023255813953,35.24229074889868,-34.93998184578584,-0.04999999999999716,0.29999999999999716,0.240000000000002,0.09000000000000163,-25,1452,False,True,False,True,MA120上彎且收盤站上、散戶或總股東下降支撐、近20日未破60日低位區、20日量低於120日均量、240扣抵偏有利
4305,世坤,未入籃,,70,2026-09-09,42.05,-1.2910798122065859,-4.214123006833715,39.39393939393937,-1.8163589422138608,39.897499999999944,35.725624999999965,5.113287081759865,0.021581139250836934,-8.785249457700662,4.472049689440993,,-56.575974613674205,0.0,0.0,0.0699999999999994,0.09999999999999964,-2,-2,False,True,False,True,MA120上彎且收盤站上、散戶或總股東下降支撐、近20日未破60日低位區、20日量低於120日均量、240扣抵偏有利
4506,,未入籃,,70,2026-09-09,121.5,0.8298755186721962,0.0,39.99999999999999,15.41399050222603,116.3767666666668,116.08128833333329,1.580074622725025,0.21303522761033644,-4.241736416512987,1.9114050185705223,11.568094024234377,-36.80670710222401,0.21999999999998465,0.29999999999999716,-0.08000000000000007,-0.23000000000000043,-138,-365,False,True,False,True,MA120上彎且收盤站上、散戶或總股東下降支撐、近20日未破60日低位區、20日量低於120日均量
4527,,未入籃,,70,2026-09-09,40.7,4.6272493573264795,-0.2450980392156743,50.0,22.081533556700332,40.33233541893373,38.805875725426205,0.9288478901029684,1.0046041579097276,-5.546983704504294,13.540653226136957,9.560723514211865,-31.268549576404993,0.269999999999996,0.480000000000004,0.009999999999999787,-0.05999999999999872,26,-7,False,True,False,True,MA120上彎且收盤站上、散戶或總股東下降支撐、近20日未破60日低位區、20日量低於120日均量、240扣抵偏有利
4807,日成-KY,未入籃,,70,2026-09-09,29.0,-23.684210526315784,1.5761821366024442,36.31284916201118,48.63433633686688,28.64833333333335,23.062500000000004,7.427892878347553,5.275170465892565,-36.81917211328975,95.28619528619528,70.94972067039105,-49.356402499102344,-2.9200000000000017,-2.0500000000000114,-0.629999999999999,-1.379999999999999,-169,-555,False,True,False,True,MA120上彎且收盤站上、散戶或總股東下降支撐、近20日未破60日低位區、20日量低於120日均量、240扣抵偏有利
4904,遠傳,未入籃,,70,2026-09-09,104.0,-2.3474178403755874,0.0,57.692307692307686,90.49472544669202,97.445471197411,92.16530732200654,2.169892498778525,1.8720076190632318,-4.850433888949834,28.56518754290707,19.064925862470126,-48.14923418882192,0.10999999999999943,0.37999999999999545,-0.08999999999999986,-0.18999999999999995,-2536,-5465,False,True,False,True,MA120上彎且收盤站上、散戶或總股東下降支撐、近20日未破60日低位區、20日量低於120日均量、240扣抵偏有利
4952,凌通,未入籃,,70,2026-09-09,48.05,12.135355892648757,-5.039525691699609,29.743589743589723,-14.758065842437784,49.276982758620676,43.8589978448277,2.7165846254476156,2.0793929515878773,-22.12317666126419,26.830045281816737,49.03381642512079,-57.19185341936277,-0.3500000000000014,0.03999999999999915,-0.3500000000000014,-0.3100000000000023,-227,9,False,True,False,True,散戶或總股東下降支撐、近20日未破60日低位區、20日量低於120日均量、240扣抵偏有利
4967,十銓,未入籃,,70,2026-09-09,281.5,33.00195879907284,1.9927536231884035,68.67469879518072,82.17847946043861,251.77192787878798,202.2564433091587,5.376214242297372,9.160970913495238,-10.028086694744843,307.5160067728888,53.929860789607154,-49.97441625937616,-2.3299999999999983,-2.6600000000000037,-0.3999999999999986,1.0800000000000054,-95,6801,False,True,False,True,MA120上彎且收盤站上、散戶或總股東下降支撐、近20日未破60日低位區、20日量低於120日均量、240扣抵偏有利
5007,三星,未入籃,,70,2026-09-09,56.6,-0.5272407732864637,0.35460992907800915,54.28571428571434,82.1428571428576,56.490274914089326,54.12725085910657,0.44169816416335106,1.0426275780222038,-5.276052449965496,13.668737060041414,2.8880866425992746,-46.71099270791017,0.29000000000000625,0.3100000000000023,-0.010000000000000231,-0.10000000000000009,-31,-156,False,True,False,True,MA120上彎且收盤站上、散戶或總股東下降支撐、近20日未破60日低位區、20日量低於120日均量、240扣抵偏有利
5227,,未入籃,,70,2026-09-09,31.3,-16.421895861148204,4.507512520868118,51.6304347826087,46.620348457906665,27.6730761054421,26.05852997448981,5.477171345917342,1.2322522049704299,-26.525821596244135,14.82476252866034,46.896551724137936,-25.73909150653687,0.4799999999999969,0.9399999999999977,-0.9400000000000048,-1.6800000000000068,-630,2860,False,True,False,True,MA120上彎且收盤站上、散戶或總股東下降支撐、近20日未破60日低位區、20日量低於120日均量、240扣抵偏有利
5236,凌陽創新,未入籃,,70,2026-09-09,135.5,-1.4545454545454528,-1.4545454545454528,47.5,30.991570800029994,149.4194751381215,133.72981123388539,1.7483240981858161,0.7719190025402778,-26.49994006233517,17.843071305016323,35.71428571428572,-68.89739894780831,0.05999999999999517,-1.4699999999999989,-0.6000000000000014,0.5700000000000003,-178,478,False,True,False,True,散戶或總股東下降支撐、近20日未破60日低位區、20日量低於120日均量、240扣抵偏有利
5306,桂盟,未入籃,,70,2026-09-09,93.7,4.226918798665169,1.1879049676025932,37.37373737373742,36.08500306129925,87.29832506887061,87.52705926313293,1.0950870880355401,0.5170651531654302,-6.2999999999999945,12.706649417415171,19.246362985928922,-48.399156103477395,0.11999999999999034,-0.480000000000004,-0.07000000000000206,-0.08999999999999986,-125,-341,False,True,False,True,MA120上彎且收盤站上、散戶或總股東下降支撐、近20日未破60日低位區、20日量低於120日均量、240扣抵偏有利
5356,,未入籃,,70,2026-09-09,26.0,7.883817427385886,-0.19193857965451588,51.51515151515154,47.75493372466496,24.959700029922196,24.206715664272885,1.9122197833144172,0.9190044802940278,-6.627981947130879,11.6000215771344,12.916666666666664,-44.657432223897665,-0.769999999999996,-0.4799999999999969,-0.030000000000001137,-0.35999999999999943,-30,46,False,True,False,True,MA120上彎且收盤站上、散戶或總股東下降支撐、近20日未破60日低位區、20日量低於120日均量、240扣抵偏有利
5455,,未入籃,,70,2026-09-09,29.6,4.964539007092217,-1.3333333333333308,50.0,51.87928097430877,24.000833333333286,21.59124999999995,13.597728124322117,1.0836169984491661,-11.377245508982025,-0.8375209380234505,,-94.95978499219608,0.009999999999990905,0.009999999999990905,-0.040000000000000036,-0.040000000000000036,-17,-32,False,True,False,True,MA120上彎且收盤站上、散戶或總股東下降支撐、近20日未破60日低位區、20日量低於120日均量
5468,,未入籃,,70,2026-09-09,26.7,17.105263157894733,8.097165991902845,43.90243902439024,51.70005262657584,22.831666666666695,20.524166666666666,7.751602627128618,4.275114578151262,-26.84931506849315,72.81553398058253,64.41441441441442,-22.1636706467386,0.01999999999999602,0.03999999999999204,-0.27999999999999936,-0.0799999999999983,-89,-168,False,True,False,True,MA120上彎且收盤站上、散戶或總股東下降支撐、近20日未破60日低位區、20日量低於120日均量、240扣抵偏有利
5498,,未入籃,,70,2026-09-09,53.4,30.243902439024396,0.0,57.06806282722511,53.29212438158256,60.035416666666634,49.66977504432624,-1.9836599751021922,5.2770793677100025,-38.76146788990826,176.75830651219533,86.70212765957447,-65.19783963358422,0.28999999999999204,2.779999999999994,0.0,-2.1400000000000006,-1754,-2079,True,True,False,True,大戶4/8週累積、散戶或總股東下降支撐、近20日未破60日低位區、20日量低於120日均量、240扣抵偏有利
5609,,未入籃,,70,2026-09-09,78.5,0.38363171355497716,0.6410256410256387,54.00000000000006,63.70967741935504,76.27271035598709,75.10101537216808,1.0338187021258216,0.44660801311435794,-2.7261462205700138,5.543807435254822,6.324110671936745,-25.315805616551856,0.36000000000000654,-0.4099999999999966,-0.31999999999999673,-0.3999999999999986,-286,-677,False,True,False,True,MA120上彎且收盤站上、散戶或總股東下降支撐、近20日未破60日低位區、20日量低於120日均量、240扣抵偏有利
6024,群益期,未入籃,,70,2026-09-09,60.9,7.789369777409583,-3.9432176656151396,46.739130434782595,18.46038610984718,54.933042130365656,50.16912201907788,4.53326148283979,3.090816926358242,-4.545454545454541,39.23253291616264,18.361970514950166,-26.32369427394884,0.3100000000000023,0.8299999999999983,-0.3000000000000007,-0.5100000000000016,-201,-567,False,True,False,True,MA120上彎且收盤站上、散戶或總股東下降支撐、近20日未破60日低位區、20日量低於120日均量、240扣抵偏有利
6133,金橋,未入籃,,70,2026-09-09,22.65,22.66924564796906,-0.5733482642777177,66.49880095923267,69.23829602003464,21.834328231292606,20.475029761904814,-1.0697053840886817,1.9599908358480578,-21.41820370304811,41.824803526931184,51.2064343163539,-40.44085218647252,0.05000000000000426,-0.8599999999999994,-0.08999999999999986,-0.9499999999999993,-44,-675,False,True,False,True,散戶或總股東下降支撐、近20日未破60日低位區、20日量低於120日均量、240扣抵偏有利
6134,萬旭,未入籃,,70,2026-09-09,28.5,21.17464474513797,-2.7303754266211677,58.10810810810812,52.63892407256138,30.562671102661568,28.413621673003792,-1.4963687583006702,0.7811338376132904,-31.29571577847439,13.511426105129232,67.55555555555557,-80.84486481022685,-0.11999999999999744,4.050000000000004,0.15000000000000213,-1.8500000000000014,161,-451,True,True,False,True,大戶4/8週累積、散戶或總股東下降支撐、近20日未破60日低位區、20日量低於120日均量、240扣抵偏有利
6168,宏齊,未入籃,,70,2026-09-09,29.6,47.63092269326683,1.8932874354561147,72.11538461538464,82.02787990784792,26.69875000000001,23.532916666666676,4.368433911556324,2.4571651443550335,-19.236016371077756,43.689320388349515,87.46803069053708,-37.4774860265437,-0.3200000000000003,-1.9400000000000048,-0.13000000000000256,0.9400000000000048,-298,297,False,True,False,True,MA120上彎且收盤站上、散戶或總股東下降支撐、近20日未破60日低位區、20日量低於120日均量、240扣抵偏有利
6174,,未入籃,,70,2026-09-09,43.0,13.456464379947231,-0.9216589861751112,45.34883720930231,17.1864841989081,41.2684698795181,31.52085600736275,10.098989653353584,6.831362438650657,-35.820895522388064,112.75475379802104,81.08108108108108,-59.1104637778384,-0.15000000000000568,-3.8400000000000034,-1.3299999999999983,3.7600000000000016,221,1995,False,True,False,True,MA120上彎且收盤站上、散戶或總股東下降支撐、近20日未破60日低位區、20日量低於120日均量、240扣抵偏有利
6192,巨路,未入籃,,70,2026-09-09,114.5,6.018518518518512,-1.716738197424894,39.130434782608695,8.634401872411933,118.80057742782161,111.54690682414704,-0.23216075921653756,0.7695857433254849,-15.808823529411764,14.26606946408928,18.0952380952381,-44.30085637690061,-1.0200000000000031,0.8599999999999994,0.02000000000000135,-0.5199999999999996,-14,-337,False,True,False,True,散戶或總股東下降支撐、近20日未破60日低位區、20日量低於120日均量、240扣抵偏有利
6234,高僑,未入籃,,70,2026-09-09,35.0,10.321988588756327,2.3391812865497075,48.84307303152155,37.268245944861064,40.380086146272824,32.57896946788562,3.76974027873922,2.3264246634955743,-44.31615267913484,39.59554595686197,85.41666666666666,-88.05048158096352,-4.449999999999996,-2.5600000000000023,3.4800000000000004,2.9700000000000024,1126,-199,False,True,False,True,散戶或總股東下降支撐、近20日未破60日低位區、20日量低於120日均量、240扣抵偏有利
6243,迅杰,未入籃,,70,2026-09-09,38.15,-25.48828125000001,-3.172588832487311,26.020408163265287,15.154098266458949,37.757916666666624,35.65583333333334,3.710358561177407,1.3759810454612609,-31.261261261261264,11.87683284457477,78.45659163987138,-29.39697675298597,-1.2699999999999996,-1.3100000000000023,0.6300000000000026,0.6899999999999977,-85,2405,False,True,False,True,MA120上彎且收盤站上、散戶或總股東下降支撐、近20日未破60日低位區、20日量低於120日均量、240扣抵偏有利
6265,,未入籃,,70,2026-09-09,53.1,29.35444579780757,-2.029520295202958,39.88095238095239,9.734545165741835,49.342499999999994,37.639999999999986,6.731679179472394,11.667923408779068,-22.707423580786024,378.37837837837844,79.13950456323337,-22.03676005695081,-2.8399999999999963,-0.7100000000000009,1.2300000000000004,-1.5299999999999976,904,146,False,True,False,True,MA120上彎且收盤站上、散戶或總股東下降支撐、近20日未破60日低位區、20日量低於120日均量、240扣抵偏有利
6423,,未入籃,,70,2026-09-09,84.9,29.618320610687032,-0.5854800936768156,71.875,83.59537232434107,87.73000000000006,84.51958333333341,-1.3059089332420948,0.0029579818676017666,-37.5735294117647,8.56777493606138,48.0,-77.07363681015772,-1.0799999999999983,0.3999999999999986,-0.16000000000000192,0.3999999999999968,-142,191,False,True,False,True,散戶或總股東下降支撐、近20日未破60日低位區、20日量低於120日均量、240扣抵偏有利
6491,晶碩,未入籃,,70,2026-09-09,373.0,18.98098872884333,-3.116883116883118,49.411764705882355,40.1149863517027,320.0422593447666,306.2297662159192,5.459226713994481,1.857339155066362,-8.913308913308915,23.18931951989567,37.00617576299703,-28.25123584139513,0.4799999999999969,0.03999999999999915,-1.4100000000000001,-0.8800000000000026,-955,-410,False,True,False,True,MA120上彎且收盤站上、散戶或總股東下降支撐、近20日未破60日低位區、20日量低於120日均量、240扣抵偏有利
6494,6494,未入籃,,70,2026-09-09,51.3,15.801354401805877,-8.392857142857146,34.14634146341464,-29.600123564964726,54.6142332848837,46.140176235465105,3.0564299612998003,3.8850499080537393,-29.045643153526967,53.33324644518878,68.13953488372093,-65.90739371725014,-0.07000000000000028,-1.2300000000000004,-0.8599999999999923,-1.4100000000000037,-273,-264,False,True,False,True,散戶或總股東下降支撐、近20日未破60日低位區、20日量低於120日均量、240扣抵偏有利
6508,,未入籃,,70,2026-09-09,25.25,1.609657947686105,-1.9417475728155331,26.415094339622698,-19.65362896158829,25.127227564102554,24.49855368589742,0.39130441742130095,0.3302535591924727,-15.032679738562093,4.6548700781125385,24.787825577992393,-65.9474065702198,0.3399999999999963,0.6899999999999977,-0.23999999999999844,-0.6599999999999966,-271,-639,False,True,False,True,MA120上彎且收盤站上、散戶或總股東下降支撐、近20日未破60日低位區、20日量低於120日均量、240扣抵偏有利
6531,愛普*,未入籃,,70,2026-09-09,999.0,59.33014354066985,9.659714599341385,65.03856041131105,105.72920211071757,851.0427439837398,629.851704349593,9.9126352824239,8.730874474029315,-22.92264590585621,214.33108466518013,112.28070175438596,-31.84270220933142,-2.299999999999997,-1.7099999999999937,1.2099999999999973,-1.2300000000000004,7721,8927,False,True,False,True,MA120上彎且收盤站上、散戶或總股東下降支撐、近20日未破60日低位區、20日量低於120日均量、240扣抵偏有利
6577,,未入籃,,70,2026-09-09,78.3,-4.278728606356963,-2.490660024906599,35.71428571428564,-7.972944224337103,76.41202501050857,71.29980716687693,2.401612328963343,1.2839498200251764,-19.111570247933884,14.792828302249571,34.25797503467407,-42.63631284556624,0.0,0.04999999999999716,-0.02000000000000135,-0.14000000000000057,-29,-64,False,True,False,True,MA120上彎且收盤站上、散戶或總股東下降支撐、近20日未破60日低位區、20日量低於120日均量、240扣抵偏有利
6598,ABC-KY,未入籃,,70,2026-09-09,28.4,-8.239095315024237,5.185185185185182,53.658536585365844,68.27265214358876,25.13166666666668,24.038958333333365,2.259973212620525,2.704988072773795,-10.971786833855802,21.627408993576005,43.04932735426008,-31.588060721242794,-0.0899999999999963,-0.35999999999999943,-0.5600000000000023,-0.990000000000002,-275,-296,False,True,False,True,MA120上彎且收盤站上、散戶或總股東下降支撐、近20日未破60日低位區、20日量低於120日均量、240扣抵偏有利
6605,帝寶,未入籃,,70,2026-09-09,136.0,3.8167938931297662,-1.8050541516245522,35.294117647058826,13.180456306577454,130.8231965174128,132.13104788557226,0.9223708759932503,0.17972700167459,-17.37957610789981,9.527458492975738,13.59999999999999,-44.88825719691407,0.45000000000000284,-1.2399999999999949,-0.21999999999999886,-0.009999999999999787,-212,39,False,True,False,True,MA120上彎且收盤站上、散戶或總股東下降支撐、近20日未破60日低位區、20日量低於120日均量、240扣抵偏有利
6703,,未入籃,,70,2026-09-09,100.5,-2.4271844660194164,-2.898550724637683,31.25,-30.68715304598794,103.34371321180787,99.36210653674742,0.9671135929236963,0.012173656313430037,-9.382147855412182,-3.243461837875017,12.616822429906538,-47.419118416919694,0.38999999999999346,0.47999999999998977,-0.09000000000000341,0.05999999999999872,-44,-125,False,True,False,True,散戶或總股東下降支撐、近20日未破60日低位區、20日量低於120日均量
6739,,未入籃,,70,2026-09-09,1200.0,41.67650531286895,5.726872246696035,71.02272727272727,93.8221397729037,1208.3666666666666,1005.9,0.7840084517223067,4.108206710523765,-31.818181818181824,76.21145374449338,86.51832460732984,-52.29535472867253,-0.04999999999999716,-0.7099999999999937,-0.4399999999999977,7.280000000000003,-407,4791,False,True,False,True,散戶或總股東下降支撐、近20日未破60日低位區、20日量低於120日均量、240扣抵偏有利
6790,永豐實,未入籃,,70,2026-09-09,37.95,-2.8169014084506894,-0.5242463958060162,31.03448275862064,35.444437256511364,37.73046438834154,36.865582409688066,0.526928397428561,0.35240147281461187,-3.557814485387545,5.454545454545445,6.173417933931136,-40.201190174827275,-0.13999999999998636,-0.1799999999999926,0.13999999999999968,0.11999999999999922,70,-51,False,True,False,True,MA120上彎且收盤站上、散戶或總股東下降支撐、近20日未破60日低位區、20日量低於120日均量、240扣抵偏有利
8047,星雲,未入籃,,70,2026-09-09,46.0,3.370786516853941,6.976744186046502,37.64705882352943,60.529642655881865,48.304166666666696,45.64270833333332,-1.5473197907466263,5.984084367365727,-24.342105263157887,203.6303630363036,26.674786845310617,-87.13550446681342,0.5700000000000074,0.8300000000000125,-0.3099999999999996,-0.2600000000000007,-58,-98,True,True,False,True,大戶4/8週累積、散戶或總股東下降支撐、近20日未破60日低位區、20日量低於120日均量、240扣抵偏有利
8341,日友,未入籃,,70,2026-09-09,74.9,-1.7060367454068248,-0.3989361702127603,29.26829268292694,13.018487267393237,74.24356060606068,74.85806711481014,0.5572052773833658,0.5257417370223116,-18.27827651626277,-0.9495798177036829,6.48609115841714,-36.21049413116495,0.38000000000000256,0.5500000000000043,-0.4700000000000024,-0.7900000000000027,-455,-843,False,True,False,True,MA120上彎且收盤站上、散戶或總股東下降支撐、近20日未破60日低位區、20日量低於120日均量
8383,,未入籃,,70,2026-09-09,68.1,-1.1611030478955175,4.447852760736182,54.77386934673364,58.81934993507938,61.982820665083175,50.88051687450524,7.7961059488806494,4.356201231981438,-28.315789473684216,62.46260029919759,64.82656017539739,-29.99405459697535,-0.6099999999999994,0.9799999999999969,0.05000000000000071,-0.5199999999999996,-160,-462,False,True,False,True,MA120上彎且收盤站上、散戶或總股東下降支撐、近20日未破60日低位區、20日量低於120日均量、240扣抵偏有利
8415,,未入籃,,70,2026-09-09,36.7,-4.177545691905992,-2.263648468708379,27.99999999999997,10.251902347101606,34.703846789423984,33.55733179886685,2.4823861497235145,1.1472243838281493,-6.852791878172582,13.398515458142235,19.444182032102077,-20.00893778786158,0.04999999999999716,0.1799999999999926,-0.1299999999999999,-0.20000000000000018,-619,-976,False,True,False,True,MA120上彎且收盤站上、散戶或總股東下降支撐、近20日未破60日低位區、20日量低於120日均量、240扣抵偏有利
8433,,未入籃,,70,2026-09-09,54.1,3.6398467432950055,-0.9157509157509125,42.857142857142826,15.227349944903102,54.553628330614394,52.16685630777597,0.9347322092364108,0.5316746532720407,-9.533746883371263,1.183509583407072,12.427184466019426,-78.47287080991181,-0.010000000000005116,0.10999999999999943,-0.05999999999999872,-0.1899999999999995,-29,-121,False,True,False,True,散戶或總股東下降支撐、近20日未破60日低位區、20日量低於120日均量
8462,柏文,未入籃,,70,2026-09-09,165.5,0.9146341463414531,0.0,28.57142857142857,14.7228209106065,147.82283217993077,146.5137742214535,4.348395470470301,1.2978579890227326,-8.563535911602205,7.580464640902873,34.074074074074076,-44.977209140712525,-0.3299999999999983,-0.5499999999999972,0.10000000000000142,-0.120000000000001,56,-163,False,True,False,True,MA120上彎且收盤站上、散戶或總股東下降支撐、近20日未破60日低位區、20日量低於120日均量、240扣抵偏有利
9905,大華,未入籃,,70,2026-09-09,21.35,3.6407766990291357,-0.6976744186046435,40.0000000000001,17.499437701671074,20.380950704225334,19.810172143975,1.495337372465233,0.5353301626243256,-1.385681293302532,7.2029702970297205,9.22947557913687,-29.076258324976266,-0.5799999999999983,-0.29999999999999716,0.0,-0.11999999999999922,-49,-167,False,True,False,True,MA120上彎且收盤站上、散戶或總股東下降支撐、近20日未破60日低位區、20日量低於120日均量、240扣抵偏有利
9908,大台北,未入籃,,70,2026-09-09,29.05,-1.0221465076660996,0.0,45.000000000000085,44.70990788106154,28.652959866220733,28.75666875696762,-0.17541938107429322,0.0654825703935824,-13.77597109304427,0.5469572968154868,4.53434122718952,-62.487313430227076,0.37999999999999545,0.480000000000004,-0.05999999999999961,-0.22999999999999954,-321,-956,False,True,False,True,散戶或總股東下降支撐、近20日未破60日低位區、20日量低於120日均量
9911,櫻花,未入籃,,70,2026-09-09,82.0,-0.36452004860266785,0.9852216748768461,34.285714285714235,32.92530558093709,83.1414678030305,81.73338068181802,-0.2190586354334334,0.08603109643201545,-6.314914831740759,1.092743065284374,5.6650246305418595,-42.90731068030668,0.269999999999996,0.15000000000000568,-0.1999999999999993,-0.010000000000001563,-503,-671,False,True,False,True,散戶或總股東下降支撐、近20日未破60日低位區、20日量低於120日均量
9917,中保科,未入籃,,70,2026-09-09,106.0,0.27433544603159277,-0.46948356807511304,64.97871046228715,66.95315405831461,103.6764442991484,100.84902421138814,1.1897601286947168,0.24768126007281843,-4.832176606070437,4.050153577363003,8.217159277504106,-48.6731130072892,0.28000000000000114,0.14000000000000057,-0.11999999999999922,-0.16000000000000014,-547,-1112,False,True,False,True,MA120上彎且收盤站上、散戶或總股東下降支撐、近20日未破60日低位區、20日量低於120日均量、240扣抵偏有利
9918,欣天然,未入籃,,70,2026-09-09,43.4,0.9302325581395321,0.6960556844547439,57.3170731707317,87.18466146911736,43.755000000000045,42.034166666666614,-1.1139884175338288,1.8115393543047364,-29.200652528548122,,12.04819277108433,-88.74128844962378,0.4899999999999949,1.230000000000004,-0.16999999999999993,-0.73,-324,-970,True,True,False,True,大戶4/8週累積、散戶或總股東下降支撐、近20日未破60日低位區、20日量低於120日均量
9926,新海,未入籃,,70,2026-09-09,49.2,-1.2048192771084265,-0.3039513677811523,51.89873417721526,58.992431839205715,49.43458333333335,49.015833333333354,-0.5607147646506383,1.109177249188864,-13.98601398601399,-2.5742574257425654,7.068607068607058,-64.1557229830705,-0.010000000000005116,-0.1700000000000017,0.009999999999999787,0.03999999999999959,-67,-157,False,True,False,True,散戶或總股東下降支撐、近20日未破60日低位區、20日量低於120日均量
9942,茂順,未入籃,,70,2026-09-09,114.0,0.8849557522123908,-0.4366812227074246,46.15384615384615,26.614641332662792,112.2824652777778,107.3325868055556,0.7080976070368283,0.9059630968605958,-5.000000000000004,11.577831246686522,9.385088685479893,-28.43406299937171,-0.37999999999999545,0.10999999999999943,-0.0799999999999983,-0.35999999999999943,-36,-212,False,True,False,True,MA120上彎且收盤站上、散戶或總股東下降支撐、近20日未破60日低位區、20日量低於120日均量、240扣抵偏有利
1101,台泥,未入籃,,60,2026-09-09,24.75,1.642710472279263,0.6097560975609762,49.33333333333333,72.46510068795207,23.728634788634803,23.264551282051347,-0.007377431782684685,0.8518271016239698,-5.172413793103459,14.8054390279184,16.51785714285716,67.39051818065265,0.4399999999999977,0.6699999999999946,-0.23000000000000043,-0.5199999999999996,-7685,-18813,False,True,False,True,散戶或總股東下降支撐、近20日未破60日低位區、240扣抵偏有利
1268,,未入籃,,60,2026-09-09,171.5,7.416202078601408,-1.4367816091954033,43.16901408450698,15.77206400799376,160.25393772893776,156.34558150183128,2.107323454443133,1.407502577032993,-3.296464975059654,14.62303991774081,14.506172839506192,-11.044974536951512,-0.980000000000004,-1.1300000000000097,0.16000000000000014,0.3800000000000008,-80,-35,False,True,False,True,MA120上彎且收盤站上、散戶或總股東下降支撐、近20日未破60日低位區、240扣抵偏有利
1301,台塑,未入籃,,60,2026-09-09,66.7,18.683274021352304,1.060606060606073,70.50691244239634,80.06012248144211,53.287915883458666,47.359292763157946,4.790919370363778,4.301716643324305,-6.32022471910112,79.79393144052918,55.07124449111516,-14.69436436468865,-0.18999999999998352,-0.9799999999999898,0.030000000000001137,0.11000000000000121,-299,-1174,False,True,False,True,MA120上彎且收盤站上、散戶或總股東下降支撐、近20日未破60日低位區、240扣抵偏有利
1437,勤益控,未入籃,,60,2026-09-09,31.8,3.901096806171611,-0.7800312012480437,35.71428571428579,39.37750352384987,29.90410386277689,30.63440768676456,0.22412843478720745,0.6615423219537453,-6.007764298012441,2.6707050391038045,12.827731064241021,175.35927169849347,0.29999999999999716,0.10999999999998522,-0.09999999999999964,-0.1999999999999993,-104,-219,False,True,False,True,MA120上彎且收盤站上、散戶或總股東下降支撐、近20日未破60日低位區
1558,伸興,未入籃,,60,2026-09-09,107.5,17.872807017543856,0.9389671361502261,64.51612903225806,89.37228339007986,90.11987713675227,90.70250623219336,2.238939913537741,1.0985536753076008,-0.9216589861751112,21.72196293903741,27.358916478555308,56.435174968011005,0.0,-0.0799999999999983,-0.10999999999999943,-0.28999999999999915,-92,-298,False,True,False,True,MA120上彎且收盤站上、散戶或總股東下降支撐、近20日未破60日低位區、240扣抵偏有利
1777,,未入籃,,60,2026-09-09,74.9,4.172461752433931,-0.3989361702127603,60.97560975609757,77.40961256442337,69.90981075697218,70.17486443116441,1.558643425951911,0.28231579847985966,-1.3175230566534912,2.0670497217572192,13.699382292381612,13.893760646949737,-0.4899999999999949,-0.539999999999992,0.05000000000000071,0.08000000000000185,-37,-80,False,True,False,True,MA120上彎且收盤站上、散戶或總股東下降支撐、近20日未破60日低位區
1810,和成,未入籃,,60,2026-09-09,24.0,0.8403361344537785,-1.0309278350515427,28.86597938144328,18.51097426236172,21.56346618357488,19.894494766505638,5.73080749461119,1.6213417891103976,-29.721815519765737,14.312011044638751,76.03092783505154,-5.864743680106721,-0.09999999999999432,0.2400000000000091,-0.09999999999999964,-0.40000000000000036,113,-186,False,True,False,True,MA120上彎且收盤站上、散戶或總股東下降支撐、近20日未破60日低位區、240扣抵偏有利
1817,凱撒衛,未入籃,,60,2026-09-09,39.9,3.100775193798433,-0.3745318352059934,45.161290322580705,37.707230349239644,37.94539383561651,37.24548801369869,1.4906440685211297,0.6605152168322803,-1.845018450184499,9.218741211541692,8.056587284247318,-0.6449986300511412,-0.010000000000005116,-0.1599999999999966,-0.040000000000000924,-0.370000000000001,10,-101,False,True,False,True,MA120上彎且收盤站上、散戶或總股東下降支撐、近20日未破60日低位區、240扣抵偏有利
2033,佳大,未入籃,,60,2026-09-09,27.3,82.0,4.798464491362764,67.56756756756755,98.33918847806538,17.177916666666693,16.82333333333331,7.924083769633494,3.5401520688284283,-3.1914893617021267,44.444444444444464,95.15570934256057,174.24544597544852,0.4399999999999977,-0.6000000000000085,-0.20999999999999908,-0.5199999999999996,-115,-275,False,True,False,True,MA120上彎且收盤站上、散戶或總股東下降支撐、近20日未破60日低位區、240扣抵偏有利
2059,川湖,未入籃,,60,2026-09-09,12400.0,74.16007648082503,-10.533910533910529,34.86800573837408,4.632095569920111,7250.286038364348,5371.919264013327,31.776221596762323,19.757914535420372,-17.5091981136563,264.38469881566465,132.7932098765432,-15.519279109740147,-1.2299999999999898,-0.5099999999999909,-0.25,-1.2000000000000002,-242,-3847,False,True,False,True,MA120上彎且收盤站上、散戶或總股東下降支撐、近20日未破60日低位區、240扣抵偏有利
2420,新巨,未入籃,,60,2026-09-09,54.2,6.392662335406318,-0.367647058823517,49.53881084149285,39.06407695184298,54.51542035398234,51.396428834808226,1.8003857300536774,0.34591929144416333,-13.405064543950672,11.577489934597661,25.0,-6.232430731740912,0.45999999999999375,0.8299999999999983,-0.6999999999999993,-0.7100000000000009,-469,-543,False,True,False,True,散戶或總股東下降支撐、近20日未破60日低位區、240扣抵偏有利
2466,冠西電,未入籃,,60,2026-09-09,103.5,15.256124721603559,6.481481481481488,57.58196721311475,72.77517647641756,71.76583333333339,65.05083333333329,12.926659760559156,3.650148714680279,-18.181818181818176,33.033419023136254,166.3157894736842,33.507202989711615,-0.03999999999997783,-1.6899999999999835,0.10000000000000053,0.8800000000000003,-25,596,False,True,False,True,MA120上彎且收盤站上、散戶或總股東下降支撐、近20日未破60日低位區、240扣抵偏有利
2546,根基,未入籃,,60,2026-09-09,104.0,24.916672928822315,-3.2558139534883734,19.512195121951223,29.749984713258275,81.60722897746386,77.91213395560031,7.494800895958709,4.277625997148782,-13.33333333333333,36.78026756452051,54.54259317065207,41.55763473760443,0.0799999999999983,0.22000000000000597,0.0,0.0,-112,-363,False,True,False,True,MA120上彎且收盤站上、散戶或總股東下降支撐、近20日未破60日低位區、240扣抵偏有利
2605,新興,未入籃,,60,2026-09-09,36.95,18.810289389067524,3.0683403068340276,53.14285714285717,76.58132062706458,33.06550167224081,29.596146878483868,1.1577732384491002,3.7384755453980567,-17.343682783129143,64.7782185896671,38.89178556192825,66.5380781773943,-0.5700000000000003,-1.3900000000000077,0.4200000000000017,0.120000000000001,114,-2958,False,True,False,True,MA120上彎且收盤站上、散戶或總股東下降支撐、近20日未破60日低位區、240扣抵偏有利
2609,陽明,未入籃,,60,2026-09-09,58.5,16.766467065868262,0.5154639175257714,45.754716981132084,53.1938641263883,51.04576929474392,51.756266217564786,0.5705429537171902,0.30153446674774376,-13.075780089153044,9.788166544923293,42.43386243386242,156.91566388217075,-0.75,-2.029999999999994,-0.19000000000000128,-0.129999999999999,-5979,-12452,False,True,False,True,MA120上彎且收盤站上、散戶或總股東下降支撐、近20日未破60日低位區、240扣抵偏有利
2612,中航,未入籃,,60,2026-09-09,65.0,27.201565557729946,2.6856240126382325,71.72413793103449,85.24788872529247,54.97459994222991,55.632669338532615,0.29963082895361204,1.27450292112532,-14.024711734635387,22.199957642995628,32.92929292929292,123.51168581261977,0.4899999999999949,0.009999999999990905,-0.2599999999999998,-0.5800000000000018,-319,-687,False,True,False,True,MA120上彎且收盤站上、散戶或總股東下降支撐、近20日未破60日低位區、240扣抵偏有利
2634,漢翔,未入籃,,60,2026-09-09,65.3,7.578253706754512,0.4615384615384466,30.76923076923073,23.909604296010105,54.37090639269408,53.74549414954329,5.026660136033678,1.8228564116357537,-14.640522875816997,4.226714805390741,66.56407717364519,86.6295228236252,0.28999999999999204,-0.1599999999999966,-0.2900000000000027,-0.360000000000003,-1679,-2795,False,True,False,True,MA120上彎且收盤站上、散戶或總股東下降支撐、近20日未破60日低位區、240扣抵偏有利
2636,台驊控股,未入籃,,60,2026-09-09,69.2,5.487804878048785,-0.2881844380403509,41.52542372881353,38.6829341122247,64.99742225461605,63.691065354713366,2.2380801010605245,0.5210616229628151,-12.294043092522177,6.781475783014357,26.84887459807075,109.32840687680473,0.3200000000000003,0.18999999999999773,-0.509999999999998,-0.6899999999999977,-516,-1168,False,True,False,True,MA120上彎且收盤站上、散戶或總股東下降支撐、近20日未破60日低位區、240扣抵偏有利
2704,國賓,未入籃,,60,2026-09-09,46.3,-2.2175290390707536,1.758241758241752,48.2456140350877,75.56075815637594,43.70384473877855,43.15252575423104,1.2517655197553212,0.39603914419183983,-6.841046277666008,3.6915638348362645,15.131013745704468,89.44837150981782,0.28999999999999204,0.5,-0.029999999999999805,-0.14000000000000012,-149,-413,False,True,False,True,MA120上彎且收盤站上、散戶或總股東下降支撐、近20日未破60日低位區、240扣抵偏有利
2739,寒舍,未入籃,,60,2026-09-09,37.7,8.489208633093526,-0.7894736842105177,73.68421052631591,60.69858103329321,33.98570642407912,33.62905851302794,3.010352228120805,0.6561016191680258,-3.084832904884305,10.252165756221387,16.78032975782804,-16.4433427067072,0.20000000000000284,-0.22000000000001307,-0.34999999999999964,-0.40000000000000036,-138,-152,False,True,False,True,MA120上彎且收盤站上、散戶或總股東下降支撐、近20日未破60日低位區、240扣抵偏有利
2816,旺旺保,未入籃,,60,2026-09-09,38.75,16.541353383458656,-3.125,64.33121019108282,65.17218022729476,32.54628328402368,29.91065396942794,4.644252360372625,3.614305409858698,-5.3724053724053755,54.18074374036186,26.584234930448236,120.40163253432392,0.21999999999999886,0.5300000000000011,0.13000000000000078,0.0,22,-144,False,True,False,True,MA120上彎且收盤站上、散戶或總股東下降支撐、近20日未破60日低位區、240扣抵偏有利
2838,聯邦銀,未入籃,,60,2026-09-09,21.0,2.689486552567244,0.7194244604316502,70.73170731707316,91.32220619427383,19.874341503268006,18.75734232026141,1.7471714629024193,2.055596794803227,-8.743886436836457,31.345504492645794,16.517249937949853,-12.657431306622179,0.060000000000002274,-0.04999999999999716,-0.020000000000000018,0.010000000000000009,-348,38,False,True,False,True,MA120上彎且收盤站上、散戶或總股東下降支撐、近20日未破60日低位區、240扣抵偏有利
2851,中再保,未入籃,,60,2026-09-09,45.5,33.627019089574176,-2.4651661307609873,53.757225433526,63.22268893985501,34.77248317631225,29.626385430686387,9.217283403107523,6.479546375409884,-6.185567010309279,101.09809380195642,47.1927162367223,65.00625559647004,0.14000000000001478,0.8900000000000148,-0.10000000000000053,-0.41999999999999904,-314,-1228,False,True,False,True,MA120上彎且收盤站上、散戶或總股東下降支撐、近20日未破60日低位區、240扣抵偏有利
2852,第一保,未入籃,,60,2026-09-09,28.05,5.451127819548862,-0.8833922261484051,34.2465753424658,43.55984360922857,26.05187193297428,25.826474790544584,1.933916687051318,1.2079883882958553,-7.425742574257422,9.661368843069873,17.44186046511629,37.81500135329654,0.4000000000000057,0.7400000000000091,-0.04999999999999982,-0.1900000000000004,-229,-495,False,True,False,True,MA120上彎且收盤站上、散戶或總股東下降支撐、近20日未破60日低位區、240扣抵偏有利
2880,華南金,未入籃,,60,2026-09-09,44.35,10.633373638823551,0.7954545454545547,81.71428571428577,88.72573740685563,35.78485185185186,32.94097034143518,3.546033568813911,3.5841742272735067,-1.9889502762430955,56.76186502043472,30.701386646233697,-16.48204673998417,0.22999999999998977,0.060000000000002274,-0.02999999999999936,0.07000000000000028,-7436,-1483,False,True,False,True,MA120上彎且收盤站上、散戶或總股東下降支撐、近20日未破60日低位區、240扣抵偏有利
2885,元大金,未入籃,,60,2026-09-09,69.7,16.54565333732876,-0.14326647564468775,80.1587301587302,85.18266927601229,56.868364411931516,46.52748605299923,7.340870906850205,6.687985984296541,-1.6925246826516305,119.81439114703592,23.104265191999374,-14.972885295360117,-0.060000000000002274,0.060000000000002274,0.040000000000000036,0.019999999999999574,1973,-783,False,True,False,True,MA120上彎且收盤站上、散戶或總股東下降支撐、近20日未破60日低位區、240扣抵偏有利
2908,特力,未入籃,,60,2026-09-09,22.25,0.4514672686230403,0.0,69.99999999999993,88.968888836978,20.93006104651162,20.33162790697673,1.756304655596308,1.0347857459374277,-1.5486725663716894,13.885929567489397,9.97566909975669,-0.20823478190947764,0.28999999999999204,0.6800000000000068,-0.08999999999999986,-0.18999999999999995,-282,-600,False,True,False,True,MA120上彎且收盤站上、散戶或總股東下降支撐、近20日未破60日低位區、240扣抵偏有利
2915,潤泰全,未入籃,,60,2026-09-09,57.4,12.328767123287676,-0.3472222222222321,29.411764705882348,36.881188118811856,48.85304056186882,50.00867069128786,2.9480697764802555,1.1647590733832924,-8.16,10.264134468456664,28.892655852703044,17.396314876572227,0.44000000000001194,0.3100000000000023,-0.22000000000000064,-0.28000000000000114,-1101,-2104,False,True,False,True,MA120上彎且收盤站上、散戶或總股東下降支撐、近20日未破60日低位區、240扣抵偏有利
2923,鼎固-KY,未入籃,,60,2026-09-09,27.8,-31.86476931760791,8.59375,60.74723312263554,94.01920202234452,25.30757121212125,22.969153030302987,2.4061976309787347,1.1647552533466277,-36.72605984194619,23.33529615797245,92.79475982532752,8.5663314274671,0.030000000000001137,0.09000000000000341,0.010000000000000009,0.0,-72,-340,False,True,False,True,MA120上彎且收盤站上、散戶或總股東下降支撐、近20日未破60日低位區、240扣抵偏有利
3003,健和興,未入籃,,60,2026-09-09,59.6,11.636838708661923,-9.007633587786257,41.2,5.894159945229983,59.59837184873936,53.97078781512606,4.862941563688161,2.3570692637844948,-19.45945945945946,20.754588483672155,42.27780201315174,-9.631560211445967,-0.27999999999999403,0.240000000000002,-0.389999999999997,-0.41999999999999815,24,163,False,True,False,True,MA120上彎且收盤站上、散戶或總股東下降支撐、近20日未破60日低位區、240扣抵偏有利
3008,大立光,未入籃,,60,2026-09-09,6870.0,80.07143071520753,-7.162162162162167,63.3761105626851,65.11963348250154,3926.877858051618,3080.723689939873,20.239689113277826,12.017264025375596,-14.071294559099435,205.3325211074517,119.83721392569376,17.89578517190449,-1.7800000000000011,-4.670000000000002,-0.5900000000000016,-0.22000000000000064,4490,12813,False,True,False,True,MA120上彎且收盤站上、散戶或總股東下降支撐、近20日未破60日低位區、240扣抵偏有利
3045,台灣大,未入籃,,60,2026-09-09,119.5,5.286343612334798,1.2711864406779627,80.0,88.79852850993636,110.19418325958675,106.71940910766962,1.8354613754792304,0.9716747107892498,0.0,17.130186817595327,12.735849056603765,-12.33449959305133,0.45000000000000284,0.6899999999999977,-0.1599999999999997,-0.2799999999999998,-2653,-4808,False,True,False,True,MA120上彎且收盤站上、散戶或總股東下降支撐、近20日未破60日低位區、240扣抵偏有利
3105,穩懋,未入籃,,60,2026-09-09,464.0,59.45017182130585,3.2258064516129004,66.66666666666666,79.12373368894701,437.9638947001396,305.94489016736406,4.926655034699179,9.733039863141402,-26.85249924145483,432.5138055222089,118.70229007633588,0.4756524611229107,0.28999999999999915,-7.469999999999992,-0.0400000000000027,8.139999999999997,-1280,46800,False,True,False,True,MA120上彎且收盤站上、散戶或總股東下降支撐、近20日未破60日低位區、240扣抵偏有利
3176,,未入籃,,60,2026-09-09,36.2,12.948517940717652,3.4285714285714475,52.398523985239876,52.6968876008125,33.77958333333329,32.16812500000006,2.854569213788194,1.6229984006949971,-16.972477064220183,24.827586206896555,30.806451612903206,16.421915356674678,-0.21999999999999886,0.5700000000000003,-0.03999999999999915,-0.6599999999999966,-120,-463,False,True,False,True,MA120上彎且收盤站上、散戶或總股東下降支撐、近20日未破60日低位區、240扣抵偏有利
3226,,未入籃,,60,2026-09-09,55.6,23.968784838350054,1.090909090909098,73.84615384615383,101.7729235761222,44.583749999999995,42.925416666666685,1.5006782458570678,2.1775245349638928,-4.95726495726495,21.001088139281833,,5.8652085117596675,0.060000000000002274,0.060000000000002274,4.440892098500626e-16,-0.02999999999999936,-31,-44,False,True,False,True,MA120上彎且收盤站上、散戶或總股東下降支撐、近20日未破60日低位區、240扣抵偏有利
3287,,未入籃,,60,2026-09-09,35.8,35.883211678832104,-2.1857923497267895,48.14404432132962,28.249677464682698,30.868798076923074,30.199022435897415,4.671267490830067,1.1042539920996575,-9.252217997465163,8.706569343065684,52.804469273743024,88.2089799573772,0.060000000000002274,0.0899999999999963,0.4099999999999966,-0.5700000000000003,47,-149,False,True,False,True,MA120上彎且收盤站上、散戶或總股東下降支撐、近20日未破60日低位區、240扣抵偏有利
3308,聯德,未入籃,,60,2026-09-09,21.65,13.648293963254577,-1.5909090909090984,64.40677966101694,61.2361953886247,20.864583333333314,19.692291666666666,-1.807949487224736,2.0193843629927155,-21.272727272727277,34.47204968944098,31.506849315068486,8.559358247897242,0.0,0.0,-0.6799999999999962,-1.1299999999999955,-247,-437,False,True,False,True,散戶或總股東下降支撐、近20日未破60日低位區、240扣抵偏有利
3354,,未入籃,,60,2026-09-09,28.7,51.45118733509235,19.58333333333333,75.70093457943925,101.27707233419616,26.491666666666667,24.17187499999998,-2.5578936075648206,1.6212097325134955,-23.670212765957455,65.89595375722541,67.58241758241759,-6.451908011212892,-0.28000000000000114,1.2199999999999989,0.6099999999999994,-0.6900000000000013,66,-704,True,True,False,True,大戶4/8週累積、散戶或總股東下降支撐、近20日未破60日低位區、240扣抵偏有利
3543,州巧,未入籃,,60,2026-09-09,43.05,57.40402193784276,-3.6912751677852462,49.65986394557823,37.891439950712616,37.73230221518987,39.83857044383093,-1.2347784778474313,3.119970155217655,-25.368663594470053,43.85095842737916,112.28406909788866,111.08391574520522,1.6300000000000097,-4.909999999999997,-0.15999999999999837,1.0,-93,284,True,True,False,True,大戶4/8週累積、散戶或總股東下降支撐、近20日未破60日低位區、240扣抵偏有利
3605,宏致,未入籃,,60,2026-09-09,129.5,59.23630381681926,9.745762711864403,61.67664670658683,72.0258683935658,84.98318710468241,74.07522402526179,13.77539389148632,5.970472199989718,-8.15602836879432,71.67743411026599,99.21449588078748,71.79827680426196,0.4000000000000057,-0.46000000000000085,-1.3099999999999987,2.759999999999998,1941,8045,False,True,False,True,MA120上彎且收盤站上、散戶或總股東下降支撐、近20日未破60日低位區、240扣抵偏有利
3617,碩天,未入籃,,60,2026-09-09,241.0,17.84841075794621,-2.822580645161288,40.298507462686565,12.866149902201956,204.06300945626487,200.34958195429473,6.29898861600362,1.5714808808411806,-9.906542056074763,16.26896414860639,41.05118268460779,58.40354637754661,0.25,0.030000000000001137,-0.09999999999999964,-0.5599999999999987,57,-114,False,True,False,True,MA120上彎且收盤站上、散戶或總股東下降支撐、近20日未破60日低位區、240扣抵偏有利
3716,中化控股,未入籃,,60,2026-09-09,34.1,2.865761689291113,0.0,25.92592592592601,23.79781953064089,33.34285906685905,33.0569735449736,1.047284377347757,0.5000991623151929,-9.428950863213803,4.379824485461836,18.21036106750391,65.28576608379335,0.0,-0.1599999999999966,-0.43000000000000327,-1.0100000000000016,-414,-816,False,True,False,True,MA120上彎且收盤站上、散戶或總股東下降支撐、近20日未破60日低位區、240扣抵偏有利
4551,智伸科,未入籃,,60,2026-09-09,168.0,7.485604606525897,-2.0408163265306145,54.109589041095894,69.80732317123936,161.96131619937702,142.58769080996873,4.8711941337419296,0.5710103502406305,-40.81838923036909,19.801663467690346,93.76925775892315,7.077314951888569,-1.6599999999999966,-0.1599999999999966,0.17000000000000082,-0.41999999999999993,138,-98,False,True,False,True,MA120上彎且收盤站上、散戶或總股東下降支撐、近20日未破60日低位區、240扣抵偏有利
4580,,未入籃,,60,2026-09-09,82.1,7.995964343184059,-0.8454106280193274,60.479041916167674,69.98294250096,77.78452265372165,78.4859263754046,0.6773454984583038,0.24153483663007513,-12.663182681979679,-4.9683089094668675,15.745285455954527,79.46921496025858,0.0799999999999983,-0.03999999999999915,-0.2799999999999976,-0.13999999999999702,-54,-80,False,True,False,True,MA120上彎且收盤站上、散戶或總股東下降支撐、近20日未破60日低位區
4736,泰博,未入籃,,60,2026-09-09,125.5,10.787534917808795,-1.1811023622047223,45.79076695365403,60.579598315730244,112.33370413669073,110.3374568345324,2.226937733232326,0.8536483798166961,-3.831417624521072,19.55821476546864,22.283433036851875,105.04697531762321,-0.030000000000001137,0.7899999999999991,-0.49999999999999645,-0.9199999999999946,-342,-696,False,True,False,True,MA120上彎且收盤站上、散戶或總股東下降支撐、近20日未破60日低位區、240扣抵偏有利
4907,,未入籃,,60,2026-09-09,43.85,9.020573820706556,-7.097457627118642,40.02398262879857,-3.847442987541485,40.16806040383305,40.506268394935,2.8614380488317437,1.5474144618422558,-11.460786427410529,7.722709846650511,25.916549713915572,-0.7874975990433186,0.03999999999999204,0.06999999999999318,0.07000000000000028,0.010000000000000231,11,-52,False,True,False,True,MA120上彎且收盤站上、散戶或總股東下降支撐、近20日未破60日低位區、240扣抵偏有利
5321,,未入籃,,60,2026-09-09,77.2,43.49442379182158,-2.7707808564231717,58.25545171339564,53.92746923198831,46.275416666666636,40.78937499999998,22.13900802815352,8.19223713003694,-12.372304199772977,95.1959544879899,146.08938547486034,90.37318048927119,-2.3900000000000006,-2.009999999999998,-1.209999999999999,-1.5700000000000003,-349,-568,False,True,False,True,MA120上彎且收盤站上、散戶或總股東下降支撐、近20日未破60日低位區、240扣抵偏有利
5340,,未入籃,,60,2026-09-09,84.8,43.00168634064081,7.070707070707072,62.89062499999999,91.37304481158614,93.00441847826086,82.06831702898558,-4.836869697712576,2.789441241137669,-37.695858422910455,73.48917471669245,88.19188191881918,1.8457664046653166,0.29999999999999716,-1.8299999999999983,0.05999999999999872,2.900000000000002,-1626,1666,False,True,False,True,散戶或總股東下降支撐、近20日未破60日低位區、240扣抵偏有利
5432,,未入籃,,60,2026-09-09,157.0,53.92156862745099,1.2903225806451646,54.621848739495796,71.95365894604349,137.21610815602816,141.60027482269513,0.3883422226679034,1.1897909280033092,-18.621450234353453,24.461311406282938,77.13902296487089,46.66121840440027,0.0,0.0,0.360000000000003,1.1600000000000001,-21,15,False,True,False,True,MA120上彎且收盤站上、散戶或總股東下降支撐、近20日未破60日低位區、240扣抵偏有利
5487,,未入籃,,60,2026-09-09,28.85,3.035714285714297,-2.037351443123936,34.013605442176896,35.04951913609903,28.37708333333335,28.341874999999973,2.3904382470119057,0.01690952668029766,-9.27672955974842,-3.025210084033614,15.555555555555545,-2.4927335369389514,0.14000000000000057,0.8799999999999955,0.09999999999999964,0.10999999999999943,-22,-46,False,True,False,True,MA120上彎且收盤站上、散戶或總股東下降支撐、近20日未破60日低位區
5515,建國,未入籃,,60,2026-09-09,52.4,23.73081463990554,-0.19047619047619646,37.499999999999986,44.552101932274255,41.075094765342904,34.72690884476534,9.655412192197609,7.92242778761012,-7.092198581560282,136.18582702790656,47.80671255233091,7.788271536736557,-0.7000000000000028,-0.5600000000000023,-0.09999999999999964,-0.08999999999999986,-137,-219,False,True,False,True,MA120上彎且收盤站上、散戶或總股東下降支撐、近20日未破60日低位區、240扣抵偏有利
5607,遠雄港,未入籃,,60,2026-09-09,55.8,17.97040169133193,-1.7605633802816878,51.70068027210884,73.99910968093535,48.72983876442633,48.064491259334744,1.6332183879686601,0.8850059643495278,-4.452054794520555,15.155998470067544,26.825125832618312,109.5629382279704,0.2600000000000051,0.8799999999999955,-0.21999999999999975,-0.4499999999999993,-334,-855,False,True,False,True,MA120上彎且收盤站上、散戶或總股東下降支撐、近20日未破60日低位區、240扣抵偏有利
5904,,未入籃,,60,2026-09-09,72.9,19.312602291325696,1.1095700416088983,38.46153846153849,31.15006847368663,59.929144202363396,51.408978489660264,9.420459452243769,5.161066970780603,-21.018418201516788,63.96826504270863,70.9673138773405,230.0357392347864,0.3199999999999932,-1.0300000000000011,-0.3000000000000007,-1.2200000000000006,1257,-652,False,True,False,True,MA120上彎且收盤站上、散戶或總股東下降支撐、近20日未破60日低位區、240扣抵偏有利
6108,競國,未入籃,,60,2026-09-09,23.35,42.81345565749235,1.7429193899782147,37.78801843317972,45.03476308574451,19.185416666666644,16.862500000000026,7.65723638064062,4.8210794007975455,-12.218045112781951,70.43795620437959,65.21739130434783,119.79879848953931,-1.0499999999999972,-1.3200000000000003,-0.6300000000000008,2.1899999999999995,-796,2077,False,True,False,True,MA120上彎且收盤站上、散戶或總股東下降支撐、近20日未破60日低位區、240扣抵偏有利
6122,,未入籃,,60,2026-09-09,50.5,10.532613898437827,-1.5594541910331383,67.74193548387098,78.54043215860365,46.44212226640161,46.16367710404234,0.1681053920219222,1.0105836030744664,-15.373467484008529,14.263672595431531,20.958045433412952,-8.61968218318625,-0.5399999999999956,-1.5899999999999999,0.0,0.6199999999999974,-285,460,False,True,False,True,MA120上彎且收盤站上、散戶或總股東下降支撐、近20日未破60日低位區、240扣抵偏有利
6218,,未入籃,,60,2026-09-09,46.9,55.29801324503312,11.005917159763312,81.78571428571429,101.25538663658055,35.980416666666656,28.777291666666688,8.3421158285657,6.149282634923825,-4.285714285714293,135.67839195979897,71.9298245614035,4.715271832115686,-0.8200000000000003,-3.3100000000000023,-0.23999999999999844,3.8900000000000006,-188,1012,False,True,False,True,MA120上彎且收盤站上、散戶或總股東下降支撐、近20日未破60日低位區、240扣抵偏有利
6240,,未入籃,,60,2026-09-09,22.2,28.32369942196531,-11.904761904761907,53.642384105960254,42.63664287352012,18.825833333333364,18.05375000000003,4.949943090752806,2.271842139426261,-21.41592920353983,12.977099236641232,64.72303206997086,100.75755877618353,0.0,0.21999999999999886,-0.0699999999999994,-0.2699999999999996,-16,-41,False,True,False,True,MA120上彎且收盤站上、散戶或總股東下降支撐、近20日未破60日低位區、240扣抵偏有利
6277,宏正,未入籃,,60,2026-09-09,78.4,2.752293577981657,-2.3661270236612575,36.28318584070804,23.973345687341638,72.58655279503071,65.6495367694207,5.642000307350181,3.245513458258431,-11.512415349887117,30.650336781239872,33.4886767733483,8.258962652423563,0.12999999999999545,0.4899999999999949,-0.6999999999999993,-1.259999999999998,-334,-682,False,True,False,True,MA120上彎且收盤站上、散戶或總股東下降支撐、近20日未破60日低位區、240扣抵偏有利
6442,光聖,未入籃,,60,2026-09-09,1700.0,53.15315315315314,-3.1339031339031376,62.83185840707965,71.96889166352129,1761.0444873257286,1508.2424843472756,-2.6709767229151082,4.301584086375754,-32.49281986928217,89.46766578124117,116.13332319391634,14.27370388377125,1.6199999999999974,1.20000000000001,-0.4399999999999977,5.48,812,19668,True,True,False,True,大戶4/8週累積、散戶或總股東下降支撐、近20日未破60日低位區、240扣抵偏有利
6486,,未入籃,,60,2026-09-09,81.2,7.8353253652058585,-1.2165450121654486,72.8395061728395,76.64947309769651,77.4516666666668,75.51408127208447,-0.22640688936069742,1.0121408173553226,-12.311015118790491,20.02047382275518,26.67578659370726,41.83154616211851,0.01999999999999602,0.01999999999999602,0.08000000000000185,0.2699999999999996,-53,80,False,True,False,True,散戶或總股東下降支撐、近20日未破60日低位區、240扣抵偏有利
6547,,未入籃,,60,2026-09-09,68.1,49.01531728665205,10.731707317073159,82.20338983050846,93.66954162398147,50.48291666666667,44.016666666666694,7.906947747170001,3.8945712037765645,-0.2928257686676483,82.0855614973262,54.875283446712,57.37395072865661,-0.4999999999999929,-2.239999999999995,-0.3299999999999983,-0.8299999999999983,-621,-740,False,True,False,True,MA120上彎且收盤站上、散戶或總股東下降支撐、近20日未破60日低位區、240扣抵偏有利
6613,,未入籃,,60,2026-09-09,264.5,0.379506641366234,2.3210831721470093,57.324840764331206,57.59302970029447,269.8845324612403,224.93487996822117,4.735701978712714,2.416782915506732,-31.991419324458658,40.22363003501279,60.0500047851469,-5.515039828647527,-0.9399999999999977,0.3999999999999986,-0.45000000000000107,-1.120000000000001,-150,-135,False,True,False,True,散戶或總股東下降支撐、近20日未破60日低位區、240扣抵偏有利
6617,,未入籃,,60,2026-09-09,131.0,66.03295310519644,6.5040650406503975,69.62962962962963,80.9002650446173,82.09499999999998,84.03666666666666,8.529061825232498,1.4261863094160443,-10.273972602739722,30.348258706467668,133.6,121.91737760034145,0.23000000000000398,0.7600000000000051,-0.14000000000000057,-0.46000000000000085,-116,-327,False,True,False,True,MA120上彎且收盤站上、散戶或總股東下降支撐、近20日未破60日低位區、240扣抵偏有利
6669,緯穎,未入籃,,60,2026-09-09,2325.0,35.05388432155587,-9.35672514619883,59.45209501404539,53.835601661491935,1711.713427845045,1505.246559488205,10.830333008143,7.733887288981078,-19.130434782608695,115.58546016968751,101.77784956100386,30.35967776052495,-0.5999999999999943,-1.7900000000000063,0.5700000000000021,-1.4099999999999984,17817,9978,False,True,False,True,MA120上彎且收盤站上、散戶或總股東下降支撐、近20日未破60日低位區、240扣抵偏有利
6693,,未入籃,,60,2026-09-09,182.0,28.169014084507047,0.2754820936639035,59.701492537313435,68.76419012858483,167.25592369477923,122.31950401606427,9.39521503950771,9.089299450198274,-34.84299516908214,230.50654624378632,107.67680386975415,-12.013226136623567,0.09999999999999432,-6.359999999999999,-1.25,4.85,-238,1892,False,True,False,True,MA120上彎且收盤站上、散戶或總股東下降支撐、近20日未破60日低位區、240扣抵偏有利
6805,富世達,未入籃,,60,2026-09-09,2295.0,82.69161668371154,4.318181818181821,65.39792387543253,80.83511369543088,1792.7144097222222,1602.4652199074064,3.4354835128344696,5.389782949889121,-5.749486652977409,122.21624529316837,103.4877985085454,-0.6881181818739424,0.15000000000000568,-4.359999999999999,-1.7400000000000002,3.0199999999999996,-2085,10139,False,True,False,True,MA120上彎且收盤站上、散戶或總股東下降支撐、近20日未破60日低位區、240扣抵偏有利
6831,邁科,未入籃,,60,2026-09-09,575.0,12.524461839530332,-4.958677685950407,44.35146443514645,31.244137065182283,622.0,425.2520833333331,8.998510470516074,9.01686623441822,-40.72164948453608,209.13978494623655,110.86956521739131,-19.810854407972123,-1.7800000000000011,0.23000000000000398,1.1700000000000017,-1.4100000000000001,798,1170,False,True,False,True,散戶或總股東下降支撐、近20日未破60日低位區、240扣抵偏有利
6874,,未入籃,,60,2026-09-09,68.6,4.362130931258812,-1.7191977077363974,47.11339650344996,33.23420318011941,72.87964114832579,67.35863581539053,1.1151922794990776,0.24702850086608663,-19.556425284230105,2.4497358618378318,23.96694214876036,-15.708033376773866,0.0,0.5700000000000003,-0.14000000000000057,-0.07000000000000028,-35,-17,False,True,False,True,散戶或總股東下降支撐、近20日未破60日低位區
8109,,未入籃,,60,2026-09-09,129.5,11.158798283261806,-0.38461538461538325,46.55172413793104,34.81843966438573,122.2876856435644,109.95675948844884,4.394153117277755,2.836671222456455,-22.22222222222222,26.67183187254856,46.05263157894737,3.8727789285500913,-0.5700000000000003,-0.4000000000000057,-0.20999999999999908,-0.47000000000000064,-91,-154,False,True,False,True,MA120上彎且收盤站上、散戶或總股東下降支撐、近20日未破60日低位區、240扣抵偏有利
8111,,未入籃,,60,2026-09-09,72.0,15.015974440894574,2.857142857142847,63.824884792626726,75.59693426330934,61.492597517730495,62.445859929078054,-0.27519205648015577,1.893281584531148,-13.467070691573003,42.41525156240136,87.75510204081631,111.72241869589917,-0.29000000000000625,0.38999999999999346,0.5800000000000018,-1.5599999999999952,-328,-1283,False,True,False,True,散戶或總股東下降支撐、近20日未破60日低位區、240扣抵偏有利
8431,,未入籃,,60,2026-09-09,61.2,37.52808988764045,-11.046511627906973,73.59050445103858,76.39001465632039,55.908333333333374,54.77486132610924,-3.949261616212174,1.3680149048308055,-25.091799265605875,52.811351311654754,61.60919540229883,51.57666005293553,-1.0300000000000011,-9.619999999999997,-0.28000000000000114,6.23,-149,1982,False,True,False,True,散戶或總股東下降支撐、近20日未破60日低位區、240扣抵偏有利
8996,高力,未入籃,,60,2026-09-09,1345.0,56.577415599534355,3.4615384615384714,61.413043478260875,98.15828126826064,1140.6864631163708,869.2361030571993,5.552899609374462,8.987231108513205,-19.940476190476186,288.03374634602477,117.05426356589146,29.813905639924986,-0.46000000000000085,-1.9699999999999989,-2.16,0.2599999999999998,-3557,3961,False,True,False,True,MA120上彎且收盤站上、散戶或總股東下降支撐、近20日未破60日低位區、240扣抵偏有利
9925,新保,未入籃,,60,2026-09-09,39.75,-1.851851851851849,0.5056890012642201,44.11764705882357,38.07163116487453,39.03687801932362,38.90913949275371,0.4195938099531338,0.22898336240373407,-2.4539877300613466,2.497586496839088,6.249448929979473,152.52250549520866,-0.10999999999999943,-0.6299999999999955,-0.0600000000000005,0.019999999999999574,-201,-277,False,True,False,True,MA120上彎且收盤站上、散戶或總股東下降支撐、近20日未破60日低位區
1514,亞力,未入籃,,55,2026-09-09,103.5,9.177215189873422,1.4705882352941124,56.41025641025641,74.83996177538789,109.01681104356632,106.1533548632217,-1.859131201020281,0.17630135338939645,-27.921129503407982,0.23991757433030614,38.42929255487635,-65.22881221908341,3.729999999999997,1.6199999999999974,-1.4799999999999969,-0.20999999999999375,-475,1435,True,True,False,True,大戶4/8週累積、散戶或總股東下降支撐、近20日未破60日低位區、20日量低於120日均量
1521,大億,未入籃,,55,2026-09-09,25.15,0.19920318725097363,-2.3300970873786464,38.888888888888836,-7.904135450565078,25.512083333333347,25.348333333333333,-0.18746739697438342,0.2719585963639748,-19.26163723916533,-0.3960396039603964,9.979633401221989,-53.09666611251072,0.010000000000005116,0.5499999999999972,-0.030000000000001137,-0.33000000000000185,-102,-267,False,True,False,True,散戶或總股東下降支撐、近20日未破60日低位區、20日量低於120日均量
1525,江申,未入籃,,55,2026-09-09,65.6,-3.387334315169388,-1.501501501501501,32.876712328767084,-8.915114765905177,65.04999999999994,64.69458333333327,1.1572304223307794,-0.1954091700895444,-10.013717421124845,-5.882352941176483,12.399355877616735,-40.787669244532324,-0.03999999999999204,0.5700000000000074,-0.3699999999999992,-0.54,-131,-176,False,True,False,True,MA120上彎且收盤站上、散戶或總股東下降支撐、近20日未破60日低位區、20日量低於120日均量
1533,車王電,未入籃,,55,2026-09-09,31.1,-1.7377567140600236,0.4846526655896577,47.297297297297305,28.142069842630924,33.76499999999996,32.81104166666664,0.4561908067634901,0.17173059921262723,-25.59808612440191,-6.886227544910173,28.28947368421053,-66.4833117371538,-0.03999999999999204,-0.6299999999999955,-0.5700000000000003,-1.0,-298,-573,False,True,False,True,散戶或總股東下降支撐、近20日未破60日低位區、20日量低於120日均量
1612,宏泰,未入籃,,55,2026-09-09,35.2,18.120805369127524,1.0043041606886627,61.01694915254241,86.6176103403851,33.64428122192276,33.67079402515725,0.9899431346274357,-0.00017511366336986356,-11.192111526691594,4.263404975569229,24.989579570400423,-47.74172500771694,-0.4899999999999949,-0.06999999999999318,0.6999999999999993,0.2699999999999996,1022,-31,False,True,False,True,MA120上彎且收盤站上、散戶或總股東下降支撐、近20日未破60日低位區、20日量低於120日均量、240扣抵偏有利
2115,六暉-KY,未入籃,,55,2026-09-09,24.2,12.296983758700698,1.680672268907557,66.66666666666666,80.89550915475081,21.813333333333325,23.37791666666667,0.20864039201426987,-1.1312974677967769,-11.192660550458722,-7.633587786259543,21.921182266009854,-31.650729442798653,0.19000000000001194,-0.7099999999999937,0.0,-0.1399999999999988,1,-114,False,True,False,True,MA120上彎且收盤站上、散戶或總股東下降支撐、近20日未破60日低位區、20日量低於120日均量
2348,海悅,未入籃,,55,2026-09-09,71.2,6.585796930684462,-1.2482662968099745,47.058823529411804,55.884685187845164,67.18425403225797,69.8376211357526,1.446783732964363,-0.9582925385718921,-25.091103465537646,-15.18251926785743,17.57142857142857,-49.33427566639281,-0.7500000000000142,-1.220000000000013,0.08999999999999986,0.029999999999997584,9,-443,False,True,False,True,MA120上彎且收盤站上、散戶或總股東下降支撐、近20日未破60日低位區、20日量低於120日均量
2352,佳世達,未入籃,,55,2026-09-09,28.8,6.864564007421148,-1.538461538461533,43.83561643835617,59.07740485402281,27.385682565789512,27.221172473705998,3.0443703706836134,-1.1024146347056174,-18.837260099295726,-18.326802615643512,34.763612486109686,-50.001269938922086,-0.5100000000000051,0.6499999999999986,0.5199999999999996,-0.1600000000000037,2496,-3460,False,True,False,True,MA120上彎且收盤站上、散戶或總股東下降支撐、近20日未破60日低位區、20日量低於120日均量
2373,震旦行,未入籃,,55,2026-09-09,53.2,-1.4814814814814725,0.0,46.428571428571495,42.47616234313386,53.51790721349621,53.142298574752644,0.33678710208842055,-0.020939415851017884,-6.0070671378091856,0.4812509888718841,7.196969696969702,-30.605651442882,-0.12000000000000455,-0.10000000000000853,-0.09999999999999964,-0.1899999999999995,-154,-344,False,True,False,True,散戶或總股東下降支撐、近20日未破60日低位區、20日量低於120日均量
2406,國碩,未入籃,,55,2026-09-09,27.35,-4.869565217391303,0.3669724770642313,35.63218390804599,24.50374969031765,33.033333333333346,28.984999999999957,-2.15969394051585,1.5814605511017765,-40.47878128400435,29.009433962264165,71.77570093457946,-77.28714345906758,3.759999999999998,7.519999999999996,-1.0,-3.9299999999999997,-1071,-5103,True,True,False,True,大戶4/8週累積、散戶或總股東下降支撐、近20日未破60日低位區、20日量低於120日均量、240扣抵偏有利
2419,仲琦,未入籃,,55,2026-09-09,27.2,18.777292576419224,0.36900369003689537,72.13114754098363,86.06846894871215,29.00833333333332,27.400416666666686,-2.225967277578822,0.6982620013781471,-31.744040150564622,18.777292576419224,38.86363636363637,-67.25864313985042,0.18000000000000682,-0.6099999999999852,-0.3100000000000023,-0.480000000000004,-674,-1758,False,True,False,True,散戶或總股東下降支撐、近20日未破60日低位區、20日量低於120日均量、240扣抵偏有利
2485,兆赫,未入籃,,55,2026-09-09,40.65,14.668547249647368,-1.573849878934619,48.05194805194804,25.580983903772754,58.413750000000014,43.03999999999998,-2.931584814473742,5.909855227002403,-53.22209436133487,217.57812499999994,101.23839009287927,-84.54420874074388,-3.7699999999999996,-2.219999999999999,3.0300000000000082,2.0600000000000023,4837,-14,False,True,False,True,散戶或總股東下降支撐、近20日未破60日低位區、20日量低於120日均量、240扣抵偏有利
2540,愛山林,未入籃,,55,2026-09-09,49.1,-4.628823741694433,4.135737009544016,53.539823008849574,88.69484457121791,47.37760018214944,45.74820008763788,1.9004496878012533,-0.3152814724258213,-10.801715408898671,1.2428237890414362,29.672324238737936,-42.107328879929696,0.37000000000000455,0.8799999999999955,-0.020000000000000018,-0.33999999999999986,5,-1458,False,True,False,True,MA120上彎且收盤站上、散戶或總股東下降支撐、近20日未破60日低位區、20日量低於120日均量
2740,華軒,未入籃,,55,2026-09-09,31.25,-6.437125748502992,3.1353135313531233,69.6629213483146,80.46050143792992,34.252499999999976,31.76062499999997,-5.114443020880244,0.9602585413341469,-34.14120126448894,30.208333333333325,43.72384937238496,-50.65370517487291,0.0,0.0,-0.1200000000000001,-0.08999999999999986,-5,6,False,True,False,True,散戶或總股東下降支撐、近20日未破60日低位區、20日量低於120日均量、240扣抵偏有利
3060,銘異,未入籃,,55,2026-09-09,26.85,2.6768642447418944,1.3207547169811429,44.660194174757315,40.41601701925572,30.11212290502794,29.370020949720676,-1.7307350758530848,1.9935914903709273,-36.016960434527945,40.99656760641886,68.19336998018389,-79.91941146854275,3.739999999999995,1.8399999999999963,-0.19999999999999574,-0.37999999999999545,-64,314,True,True,False,True,大戶4/8週累積、散戶或總股東下降支撐、近20日未破60日低位區、20日量低於120日均量、240扣抵偏有利
3092,鴻碩,未入籃,,55,2026-09-09,23.8,4.845814977973584,1.0615711252653925,48.48484848484852,37.54848082198479,28.35375000000001,24.507083333333366,-4.118525615735768,2.3011096810101828,-41.23456790123456,55.048859934853425,64.81481481481481,-78.79262757323244,1.9199999999999946,0.6199999999999974,-0.5899999999999999,0.2699999999999996,-353,119,True,True,False,True,大戶4/8週累積、散戶或總股東下降支撐、近20日未破60日低位區、20日量低於120日均量、240扣抵偏有利
3138,耀登,未入籃,,55,2026-09-09,92.3,7.325581395348824,-3.350785340314144,44.015444015444,14.562220497998506,133.54911535303796,127.0399763957305,-9.576054079985962,0.2032728159931274,-60.781855362827855,1.0036268134067106,79.32566077367407,-89.64237416637361,-0.10999999999999943,-0.6099999999999994,-1.3699999999999974,0.6099999999999994,-430,1209,False,True,False,True,散戶或總股東下降支撐、近20日未破60日低位區、20日量低於120日均量
3296,勝德,未入籃,,55,2026-09-09,24.0,5.726872246696035,0.4184100418409997,54.838709677419345,54.143288092284294,23.33874999999997,22.9739583333333,0.7899377406701102,-0.1249852825301323,-24.050632911392412,5.263157894736836,48.009367681498816,-86.50932447089102,0.20000000000000284,-0.3399999999999892,8.881784197001252e-16,0.3600000000000003,-37,40,False,True,False,True,MA120上彎且收盤站上、散戶或總股東下降支撐、近20日未破60日低位區、20日量低於120日均量、240扣抵偏有利
3349,,未入籃,,55,2026-09-09,20.4,-8.520179372197322,-9.131403118040094,17.89473684210523,-27.129797328171986,22.65833333333331,24.091458333333307,-4.2588777971443665,1.3488168273444234,-37.519142419601835,7.9365079365079305,47.428571428571445,-24.084385558215025,-2.969999999999999,-3.2900000000000063,0.15000000000000036,-0.5099999999999998,4,-59,False,True,False,True,散戶或總股東下降支撐、近20日未破60日低位區、20日量低於120日均量、240扣抵偏有利
3380,明泰,未入籃,,55,2026-09-09,30.4,12.384473197781887,1.3333333333333197,73.48484848484847,96.63128183164035,32.80470238095238,32.06624936676796,-2.4417404805569864,0.17565896096407574,-29.76305846992233,10.246913580246918,40.49334102629687,-42.16465886909907,1.5700000000000074,-0.4399999999999977,-0.8100000000000023,-0.6999999999999993,-1349,-1917,True,True,False,True,大戶4/8週累積、散戶或總股東下降支撐、近20日未破60日低位區、20日量低於120日均量、240扣抵偏有利
3390,,未入籃,,55,2026-09-09,21.75,1.5835786117243122,-2.0270270270270285,54.687500000000014,36.452467738229565,24.782985959153915,23.401565463165596,-0.7862391845529282,0.864710040509653,-31.216134858518952,14.879858534724866,51.5439429928741,-86.38343256024264,-1.0499999999999972,-2.6699999999999946,-1.2700000000000031,0.33000000000000185,-1218,758,False,True,False,True,散戶或總股東下降支撐、近20日未破60日低位區、20日量低於120日均量、240扣抵偏有利
3402,,未入籃,,55,2026-09-09,126.0,9.090909090909083,3.703703703703698,60.46511627906977,89.67460238079371,129.67274305555551,125.8063368055556,-0.29101782817934074,-0.33654636314682795,-18.840579710144922,-3.324808184143224,41.13636363636364,-79.38612621895281,0.10000000000000142,-2.229999999999997,-0.29999999999999716,3.3800000000000026,-515,2794,False,True,False,True,散戶或總股東下降支撐、近20日未破60日低位區、20日量低於120日均量
3535,晶彩科,未入籃,,55,2026-09-09,89.6,20.430107526881702,3.2258064516129004,53.773584905660364,61.04466786299743,110.66666666666669,101.14208333333339,-5.044510385756684,1.683122279797078,-40.66225165562914,12.704402515723267,100.14556040756912,-83.24873289798687,3.6400000000000006,2.6099999999999994,-4.189999999999998,-1.5700000000000003,-1745,63,True,True,False,True,大戶4/8週累積、散戶或總股東下降支撐、近20日未破60日低位區、20日量低於120日均量、240扣抵偏有利
3567,,未入籃,,55,2026-09-09,25.35,0.9960159362549792,-0.588235294117645,47.619047619047656,42.99158484969668,26.760612416107442,26.18104446308723,-0.2700430524411268,0.3101551434641747,-21.817560854446093,2.6622635355512125,29.77948226270375,-80.29715543192279,-0.030000000000001137,-0.030000000000001137,-0.46000000000000085,0.23000000000000398,-284,269,False,True,False,True,散戶或總股東下降支撐、近20日未破60日低位區、20日量低於120日均量
3611,,未入籃,,55,2026-09-09,182.0,0.5524861878453136,-0.5464480874316946,23.80952380952381,12.923962818661149,182.5875541125538,185.02648809523825,0.3086953755744082,0.3398029761921828,-11.533362792752976,3.76897445390596,7.745179611474873,-21.234861722462373,0.0,0.060000000000002274,-0.0600000000000005,-0.0600000000000005,-9,6,False,True,False,True,散戶或總股東下降支撐、近20日未破60日低位區、20日量低於120日均量、240扣抵偏有利
3669,圓展,未入籃,,55,2026-09-09,33.0,-16.666666666666675,-5.982905982905984,19.108280254777128,6.673124954259785,36.4265654425612,33.93439854048962,1.5707023821190713,0.8666706667210144,-25.0,5.463671818575744,37.07165109034267,-38.6495394453909,-0.9599999999999937,-1.999999999999993,0.17999999999999972,-0.019999999999999574,55,-14,False,True,False,True,散戶或總股東下降支撐、近20日未破60日低位區、20日量低於120日均量、240扣抵偏有利
3715,定穎投控,未入籃,,55,2026-09-09,135.0,37.75510204081633,14.406779661016955,68.61313868613138,105.6186510393262,155.35539050387618,137.17816300789258,-3.4017181598182344,1.0918967582465022,-33.24175397660068,39.20647904381411,118.17448356502531,-60.26285780165321,-3.25,-11.270000000000003,1.5900000000000034,7.5,-149,9670,False,True,False,True,散戶或總股東下降支撐、近20日未破60日低位區、20日量低於120日均量、240扣抵偏有利
4114,,未入籃,,55,2026-09-09,29.95,2.3931623931623847,0.503355704697972,23.999999999999872,48.138276105933365,28.61799598997496,29.10697412280701,0.7915089950326859,-0.5112080936318097,-12.559888908352479,-5.1899366877707465,14.818712794305068,-23.0172208884163,-0.9499999999999957,-1.3399999999999963,-0.05000000000000071,-0.030000000000001137,-267,-523,False,True,False,True,MA120上彎且收盤站上、散戶或總股東下降支撐、近20日未破60日低位區、20日量低於120日均量
4120,,未入籃,,55,2026-09-09,46.0,-1.9189765458422103,0.6564551422319376,29.729729729729584,16.15566706108625,46.6429166666666,45.82166666666672,0.9459483831406157,-0.8032472657571121,-13.207547169811317,-7.164480322906153,16.29542790152405,-52.39715383237238,0.28000000000000114,0.9000000000000057,-0.17999999999999972,-0.1999999999999993,-135,-281,False,True,False,True,散戶或總股東下降支撐、近20日未破60日低位區、20日量低於120日均量
4147,,未入籃,,55,2026-09-09,62.8,11.15044247787611,-1.2578616352201366,47.6190476190476,33.84761362160038,57.2320833333333,60.76062499999989,3.5367278483398046,-2.1709160313025055,-19.897959183673475,-19.280205655526995,38.095238095238095,-31.006036438959228,0.04000000000000625,0.10999999999999943,0.0,-0.23999999999999844,-77,-469,False,True,False,True,MA120上彎且收盤站上、散戶或總股東下降支撐、近20日未破60日低位區、20日量低於120日均量
4533,,未入籃,,55,2026-09-09,25.35,8.56531049250535,-1.3618677042801508,43.74999999999999,22.787990004009924,29.190833333333355,27.37083333333329,-3.906400021946088,0.8327257377489516,-39.42652329749103,13.677130044843056,47.272727272727266,-61.3937160688284,1.0,1.759999999999998,-1.4799999999999969,-3.2900000000000063,-1693,-3873,True,True,False,True,大戶4/8週累積、散戶或總股東下降支撐、近20日未破60日低位區、20日量低於120日均量、240扣抵偏有利
4536,拓凱,未入籃,,55,2026-09-09,166.0,-0.5988023952095856,0.911854103343468,39.53488372093023,41.74652248999403,156.19890350877216,159.6113669590644,1.313451857878678,-0.5360283836986168,-11.375450756334004,-4.576855197915797,11.02224396853475,-38.95526096301873,-0.00999999999999801,-1.4499999999999957,-0.509999999999998,-0.3999999999999986,-269,-250,False,True,False,True,MA120上彎且收盤站上、散戶或總股東下降支撐、近20日未破60日低位區、20日量低於120日均量
4543,,未入籃,,55,2026-09-09,28.9,5.0996613180833705,-3.5058430717863076,28.530166880616164,-8.589784292872162,33.336132315521674,29.5409541984733,0.5989357372668369,1.6435352434549966,-36.326482559117366,25.128900052882088,38.54545454545455,-84.02801301349531,-0.9299999999999997,0.6400000000000006,0.5300000000000011,-0.8799999999999955,294,266,False,True,False,True,散戶或總股東下降支撐、近20日未破60日低位區、20日量低於120日均量、240扣抵偏有利
4545,銘鈺,未入籃,,55,2026-09-09,31.7,1.2779552715654896,-0.3144654088050314,45.94594594594594,23.81825309556797,33.30055084541065,33.824482910628134,-0.653272725736509,0.3154484479122255,-30.82630200756473,4.498854110082839,31.951242921585553,-72.75902673412469,-0.20000000000000284,-0.37999999999999545,-0.5999999999999996,-0.8200000000000003,174,2715,False,True,False,True,散戶或總股東下降支撐、近20日未破60日低位區、20日量低於120日均量、240扣抵偏有利
4728,,未入籃,,55,2026-09-08,392.5,3.289473684210531,-3.0864197530864224,56.25,48.039337898969045,360.55,374.18125,1.0380299615847077,-0.4759899371626908,-9.038238702201618,-4.7330097087378675,,-56.08830948409229,0.03999999999999204,0.5899999999999892,-0.09999999999999964,-0.1200000000000001,-141,-745,False,True,False,True,MA120上彎且收盤站上、散戶或總股東下降支撐、近20日未破60日低位區、20日量低於120日均量
4903,,未入籃,,55,2026-09-09,36.5,3.3994334277620553,-1.2178619756427644,61.25,55.76437633403106,41.74916666666666,39.60562499999999,-2.303042121684873,0.5048849602436345,-34.82142857142857,18.50649350649349,38.67924528301887,-81.08284680892928,-1.4299999999999997,-2.530000000000001,0.24000000000000554,2.9100000000000037,-435,903,False,True,False,True,散戶或總股東下降支撐、近20日未破60日低位區、20日量低於120日均量、240扣抵偏有利
5478,,未入籃,,55,2026-09-09,97.4,-1.4170040485829927,-0.6122448979591799,14.285714285714192,2.1872715302310235,100.05106060606055,97.60921401515134,-0.11016310417167885,0.32639676137795615,-11.050228310502275,2.9820978012735866,11.111111111111116,-58.9152928942724,-0.06999999999999318,-0.3500000000000085,-0.3100000000000005,-0.3000000000000007,-173,114,False,True,False,True,散戶或總股東下降支撐、近20日未破60日低位區、20日量低於120日均量
5903,,未入籃,,55,2026-09-09,184.5,0.563806777217013,-0.2702702702702675,45.45454545454546,14.955746113546173,183.08204365079374,184.20523589065195,-0.18029109809474253,-0.11365433952376103,-3.009526458521661,-0.22389928109016743,3.284741044612116,-44.882520614552554,0.09000000000000341,0.15000000000000568,-0.020000000000000462,-0.08000000000000007,-210,-499,False,True,False,True,散戶或總股東下降支撐、近20日未破60日低位區、20日量低於120日均量
6126,信音,未入籃,,55,2026-09-09,28.85,1.4993010251630912,-1.0291595197255532,53.98746172911501,24.376095722060597,32.536625275938206,31.885089679911683,-2.518367392830567,0.8044536478506448,-33.85438809596113,9.872330337055967,49.20071047957371,-81.34360576004582,4.539999999999992,5.589999999999996,-1.0400000000000063,-1.8299999999999983,-1,-742,True,True,False,True,大戶4/8週累積、散戶或總股東下降支撐、近20日未破60日低位區、20日量低於120日均量、240扣抵偏有利
6220,,未入籃,,55,2026-09-09,25.65,2.6000000000000023,-0.5813953488372214,51.61290322580643,35.43969832443323,30.471719500480276,27.871342459173878,-5.3104347167749255,2.499195914949892,-43.703036053130916,43.83564964447319,70.6929221170894,-69.5725560904682,-0.769999999999996,-0.4200000000000017,0.019999999999999574,-0.33999999999999986,-71,-387,False,True,False,True,散戶或總股東下降支撐、近20日未破60日低位區、20日量低於120日均量、240扣抵偏有利
6233,,未入籃,,55,2026-09-09,20.35,6.824146981627299,-2.3980815347721784,35.483870967741964,-1.625557991032531,23.885119636963644,22.843240511551162,-2.889748661574143,0.22790746967591424,-32.34529295589203,2.5572576218751752,45.01433749932371,-76.18061484628646,0.22000000000000242,0.030000000000001137,-0.5100000000000051,0.02999999999999403,-294,-420,False,True,False,True,散戶或總股東下降支撐、近20日未破60日低位區、20日量低於120日均量
6244,茂迪,未入籃,,55,2026-09-09,23.0,8.747044917257686,-1.7094017094017033,20.895522388059632,15.150762224888373,26.819415377176014,23.89676861702126,-4.046156001283075,2.2719636717100533,-40.85615576452285,39.72956553517562,59.18282129675405,-70.80070799308123,3.1599999999999966,5.189999999999998,-2.049999999999997,-4.229999999999997,-3093,-7591,True,True,False,True,大戶4/8週累積、散戶或總股東下降支撐、近20日未破60日低位區、20日量低於120日均量、240扣抵偏有利
6275,,未入籃,,55,2026-09-09,45.6,13.715710723192021,-5.295950155763229,55.55555555555556,59.85790737756492,46.274951621924,46.36163548657713,-1.2838722339610031,0.3335578700023545,-22.900396368944254,7.005952124716397,32.7997621272619,-51.809910911752,-0.9400000000000013,-1.75,0.36999999999999744,2.019999999999996,-12,1011,False,True,False,True,散戶或總股東下降支撐、近20日未破60日低位區、20日量低於120日均量、240扣抵偏有利
6443,元晶,未入籃,,55,2026-09-09,23.95,1.698513800424628,-4.008016032064132,28.28282828282822,5.244142215905624,34.74333333333334,30.19270833333334,-8.971419837994798,2.9340738951944,-57.610619469026545,70.46263345195729,87.81038374717835,-76.69731291711545,-0.7499999999999964,5.770000000000001,-0.13000000000000256,-4.439999999999998,-560,-12538,True,True,False,True,大戶4/8週累積、散戶或總股東下降支撐、近20日未破60日低位區、20日量低於120日均量、240扣抵偏有利
6485,,未入籃,,55,2026-09-09,60.8,10.944527736131903,-1.9354838709677469,52.531645569620245,40.98622276507976,79.25149099099102,80.12093618618628,-4.932233080838744,0.9560407517697378,-52.89124668435014,13.831560056403003,79.27063339731286,-80.47061374950609,-0.850000000000005,0.5699999999999967,-4.130000000000003,-5.559999999999995,-1138,-488,False,True,False,True,散戶或總股東下降支撐、近20日未破60日低位區、20日量低於120日均量、240扣抵偏有利
6568,,未入籃,,55,2026-09-09,136.5,9.200000000000008,-0.36496350364964014,62.65060240963856,77.51597985252035,182.3919202898551,154.27637318840573,-3.5593639537385036,0.940796192930593,-51.34368607029942,21.3192673313239,54.700854700854705,-86.91596649204128,-0.9000000000000057,-3.210000000000008,1.3000000000000007,1.5100000000000016,-40,134,False,True,False,True,散戶或總股東下降支撐、近20日未破60日低位區、20日量低於120日均量、240扣抵偏有利
6592,和潤企業,未入籃,,55,2026-09-09,60.5,0.6655574043261225,-0.8196721311475419,51.51515151515154,30.382149687323544,59.26535468750008,58.63004335937503,1.2511897669683414,-0.5065514116772807,-6.861372582412761,-3.4219845684693717,7.705479452054798,-54.67381899510302,0.4300000000000068,0.29000000000000625,-0.3100000000000005,-0.33999999999999986,-840,-1286,False,True,False,True,MA120上彎且收盤站上、散戶或總股東下降支撐、近20日未破60日低位區、20日量低於120日均量
6624,,未入籃,,55,2026-09-09,40.45,2.4050632911392533,-0.246609124537589,44.25531914893618,28.556465528317343,43.03583333333334,46.20854166666661,-7.585626856590666,2.4911048472805675,-46.06666666666667,16.235632183908066,,-62.41229887885474,2.769999999999996,2.4099999999999966,-0.16999999999999993,-0.33999999999999986,-2,-71,True,True,False,True,大戶4/8週累積、散戶或總股東下降支撐、近20日未破60日低位區、20日量低於120日均量、240扣抵偏有利
6629,,未入籃,,55,2026-09-09,106.5,2.898550724637672,-1.388888888888884,32.0,11.525811796806767,110.0430567685591,113.69353318542507,0.6305249551610714,1.6619828138848103,-29.77019640919698,2.61889109158433,16.500000000000004,-52.91626555503546,0.10000000000000853,-1.8199999999999932,-0.05999999999999961,4.440892098500626e-16,5,-12,False,True,False,True,散戶或總股東下降支撐、近20日未破60日低位區、20日量低於120日均量
6720,,未入籃,,55,2026-09-09,131.0,-4.379562043795615,-0.38022813688213253,30.769230769230774,18.463516286154068,148.5875,142.52291666666667,-3.637149728429745,0.25352442920367757,-28.021978021978022,-2.238805970149249,23.2,-74.76167403714942,0.7100000000000009,0.9799999999999969,-0.28000000000000025,-0.3199999999999994,-39,-71,True,True,False,True,大戶4/8週累積、散戶或總股東下降支撐、近20日未破60日低位區、20日量低於120日均量
6776,展碁國際,未入籃,,55,2026-09-09,52.7,1.934235976789167,-0.7532956685499026,39.99999999999999,21.06861018796906,55.212528835063445,53.16145373482732,-0.4114203460085841,0.1135416090380037,-26.37743510417169,5.910497182341534,14.059405940594072,-81.54402725264063,0.4899999999999949,0.25,-0.6499999999999986,-0.2699999999999996,-311,-343,False,True,False,True,散戶或總股東下降支撐、近20日未破60日低位區、20日量低於120日均量、240扣抵偏有利
6792,詠業,未入籃,,55,2026-09-09,59.2,18.994974874371874,-1.4975041597337757,51.31578947368424,48.8473613893428,59.2754105839415,56.06480383211674,0.6664523151896695,-0.15104003535910682,-19.683105565458504,3.612857069855391,48.453608247422686,-62.24145131734859,0.0,0.0,-0.3099999999999987,-0.7799999999999976,-75,-181,False,True,False,True,散戶或總股東下降支撐、近20日未破60日低位區、20日量低於120日均量、240扣抵偏有利
6934,心誠鎂,未入籃,,55,2026-09-09,76.7,2.9530201342282014,5.6473829201102,62.29508196721313,91.16095173056786,75.78916666666655,80.50708333333337,-5.507646912143627,0.5762323668731417,-56.17142857142857,9.571428571428587,33.11688311688312,-72.89195172089853,1.3099999999999952,2.3399999999999963,-0.1899999999999995,-0.2599999999999998,-100,-137,True,True,False,True,大戶4/8週累積、散戶或總股東下降支撐、近20日未破60日低位區、20日量低於120日均量、240扣抵偏有利
7716,,未入籃,,55,2026-09-09,23.75,-1.041666666666663,1.0638297872340496,48.43749999999998,30.83283377105031,20.01375,23.546875000000036,0.7107812303434269,-3.36191933787634,-29.315476190476197,-27.701674277016743,,-60.52152708831986,0.2599999999999909,0.3400000000000034,-0.15000000000000036,0.05000000000000071,-13,-3,False,True,False,True,MA120上彎且收盤站上、散戶或總股東下降支撐、近20日未破60日低位區、20日量低於120日均量
8048,,未入籃,,55,2026-09-09,50.4,2.4390243902439046,-2.3255813953488413,41.23711340206184,14.74039249598405,55.806447368421026,53.03537938596487,-1.429152447834181,1.8597215206582085,-29.95084269662922,27.181448721013624,39.920598911070805,-84.52443600575148,1.5,3.6000000000000014,-0.8099999999999987,-1.7600000000000016,-203,-659,True,True,False,True,大戶4/8週累積、散戶或總股東下降支撐、近20日未破60日低位區、20日量低於120日均量、240扣抵偏有利
8049,,未入籃,,55,2026-09-09,24.55,4.104642121379731,0.4089979550102374,52.1739130434783,51.156228925127934,24.731411468178944,24.573634609325744,-0.04680123342357678,0.06721303740799822,-11.979436712313918,1.4561874294463983,19.23076923076925,-32.5310413900835,0.03999999999999915,0.38000000000000256,-0.14000000000000057,-0.5499999999999972,-128,-358,False,True,False,True,散戶或總股東下降支撐、近20日未破60日低位區、20日量低於120日均量
8074,,未入籃,,55,2026-09-09,52.1,11.324786324786329,-2.251407129455907,40.52287581699346,3.606569638722278,64.69315533980574,53.53920055735342,-1.430957800355659,3.7174599480062964,-44.278074866310156,80.53427217569318,75.81187010078388,-85.13154624245888,-2.0600000000000023,0.3400000000000034,1.1500000000000057,0.5900000000000034,-158,-8,False,True,False,True,散戶或總股東下降支撐、近20日未破60日低位區、20日量低於120日均量、240扣抵偏有利
8183,,未入籃,,55,2026-09-09,28.75,2.8622540250447193,3.4172661870503607,43.52941176470586,37.939779763809696,31.51878451676525,31.823500986193192,-3.0386095223316367,0.25692191045818547,-28.786046682056366,3.504287159823183,33.831775700934564,-53.00518507355658,0.5799999999999912,0.2499999999999929,-0.5399999999999991,-0.10999999999999943,-438,796,True,True,False,True,大戶4/8週累積、散戶或總股東下降支撐、近20日未破60日低位區、20日量低於120日均量、240扣抵偏有利
8416,,未入籃,,55,2026-09-09,170.0,1.1904761904761862,0.591715976331364,52.631578947368425,95.48588261473331,171.5375,170.80833333333334,0.43179156908663696,0.04636973764491348,-10.994764397905755,-0.2932551319648091,10.843373493975905,-61.65548801004959,0.03999999999999204,0.18999999999999773,0.0,0.02999999999999936,-23,-23,False,True,False,True,散戶或總股東下降支撐、近20日未破60日低位區、20日量低於120日均量
8422,可寧衛*,未入籃,,55,2026-09-09,26.25,5.846774193548376,0.5747126436781658,35.593220338983045,20.07373959212564,26.89582005899705,26.72315634218288,-2.4344196968192344,2.545953472256146,-47.178207771948756,37.761357619892436,23.908523908523915,-57.672850863836004,-0.3200000000000003,-1.1400000000000006,-0.2099999999999973,-1.019999999999996,-1558,-7974,False,True,False,True,散戶或總股東下降支撐、近20日未破60日低位區、20日量低於120日均量、240扣抵偏有利
8941,,未入籃,,55,2026-09-09,44.4,4.840613931523019,0.9090909090909038,43.636363636363626,57.875234660180666,44.14041666666666,42.88875,-0.7420663549738249,-0.04418398015123559,-5.53191489361703,-2.6315789473684292,7.0154577883472236,-29.243137793574746,0.17000000000001592,-1.019999999999996,-0.07000000000000028,-0.13999999999999968,-34,-66,False,True,False,True,散戶或總股東下降支撐、近20日未破60日低位區、20日量低於120日均量
9927,泰銘,未入籃,,55,2026-09-09,70.1,1.1544011544011523,0.8633093525179714,61.290322580645,100.22467535396764,68.87833333333329,69.58729389312984,0.243775241652755,-1.0189915097780888,-7.079319175976706,-5.928089502050737,3.8235294117646923,-24.07297156654081,0.21000000000000085,0.5500000000000043,-0.11000000000000298,-0.1700000000000017,-162,-399,False,True,False,True,MA120上彎且收盤站上、散戶或總股東下降支撐、近20日未破60日低位區、20日量低於120日均量
1232,大統益,未入籃,,50,2026-09-09,156.5,0.0,-0.31847133757961776,50.0,55.61360891423861,147.12028239202726,143.24432862679967,1.4747315442297015,0.8490111617896812,-12.078651685393261,9.941955856577046,26.690391459074725,-44.921633475399446,-0.020000000000010232,-0.6300000000000097,0.240000000000002,0.2500000000000018,202,48,False,False,False,True,MA120上彎且收盤站上、近20日未破60日低位區、20日量低於120日均量、240扣抵偏有利
1323,永裕,未入籃,,50,2026-09-09,21.15,6.281407035175879,-0.47058823529412264,28.571428571428527,8.929904618163768,20.099869729514715,19.305314737470205,3.034246231431137,1.105158914247184,-13.505375504487327,11.89557751191639,13.917525773195894,-82.28868141524521,0.04999999999999716,0.269999999999996,-0.05999999999999872,-0.1999999999999993,573,1736,False,False,False,True,MA120上彎且收盤站上、近20日未破60日低位區、20日量低於120日均量、240扣抵偏有利
1402,遠東新,未入籃,,50,2026-09-09,28.7,5.321100917431187,-1.5437392795883298,45.53571428571428,53.69386425183381,26.408720515207946,26.512069754810675,1.070681291914788,0.7139781694428082,-6.36215334420881,8.669195622743686,19.949932952425353,-46.50334763619023,-0.5,-0.5699999999999932,0.1899999999999995,0.1299999999999999,3464,2107,False,False,False,True,MA120上彎且收盤站上、近20日未破60日低位區、20日量低於120日均量、240扣抵偏有利
1503,士電,未入籃,,50,2026-09-09,206.0,9.283819628647215,-0.7228915662650603,54.054054054054056,68.24632374111268,202.69747832939328,193.073630811663,-0.30657239274908266,0.9677527114546169,-21.71135678572551,9.037671040036033,35.39568721183861,-48.62574900092117,-1.0600000000000023,-2.0600000000000023,1.1600000000000001,1.4199999999999982,9022,10496,False,False,False,True,近20日未破60日低位區、20日量低於120日均量、240扣抵偏有利
1513,中興電,未入籃,,50,2026-09-09,167.0,11.705685618729088,0.9063444108761365,51.72413793103448,54.71314016500736,158.18507045675412,154.4300170068029,1.0856672209310192,0.4715314779693891,-13.90329320166539,7.154415272230685,23.031068097342033,-57.24025060196563,-0.769999999999996,-4.529999999999994,2.4299999999999926,5.159999999999997,13636,22745,False,False,False,True,MA120上彎且收盤站上、近20日未破60日低位區、20日量低於120日均量、240扣抵偏有利
1519,華城,未入籃,,50,2026-09-09,735.0,22.929811817025335,-1.4745308310991967,51.70940170940171,57.264593347139446,726.4076220196348,710.544240532958,-2.7178588140454263,2.1385695375292224,-26.35236386208706,35.73076742772383,38.07395677684833,-27.45865362527966,-1.0300000000000153,-2.510000000000005,1.6100000000000012,2.4800000000000004,9150,13430,False,False,False,True,近20日未破60日低位區、20日量低於120日均量、240扣抵偏有利
1560,中砂,未入籃,,50,2026-09-09,730.0,22.895622895622903,5.035971223021574,56.72268907563025,80.41774964676688,636.7428518081766,504.1508218216522,6.684534522443308,6.6439472395397825,-6.974347789125124,123.3746664030126,38.1566521772142,-39.25757176679057,-2.1099999999999994,-2.430000000000007,0.28000000000000114,0.13000000000000078,1099,2724,False,False,False,True,MA120上彎且收盤站上、近20日未破60日低位區、20日量低於120日均量、240扣抵偏有利
1590,亞德客-KY,未入籃,,50,2026-09-09,1330.0,0.37735849056603765,-4.659498207885305,35.48387096774192,-3.38343339279708,1323.6339521561777,1130.4736637718531,4.4808562474213165,5.182566118001475,-17.647058823529417,79.43919254669198,32.948316957031224,-32.93776204466607,-0.010000000000005116,0.8200000000000074,0.1200000000000001,0.13000000000000012,572,1552,False,False,False,True,MA120上彎且收盤站上、近20日未破60日低位區、20日量低於120日均量、240扣抵偏有利
1595,川寶,未入籃,,50,2026-09-09,64.3,33.958333333333336,-6.540697674418605,53.96226415094339,40.86977866861232,67.1970833333334,52.69979166666675,6.517618308510298,4.588586006011686,-39.90654205607477,73.31536388140161,99.1111111111111,-74.2025244087505,-4.339999999999996,-1.6600000000000037,3.16,0.3100000000000023,927,825,False,False,False,True,近20日未破60日低位區、20日量低於120日均量、240扣抵偏有利
1708,東鹼,未入籃,,50,2026-09-09,50.2,5.684210526315803,-1.953125,46.34146341463419,47.953139124635015,45.95162928045091,38.7057490788904,5.495120471435322,4.482648336719941,-21.80685358255452,72.3014711133329,40.94401756311748,-57.60255013143703,-3.770000000000003,-1.2199999999999989,4.859999999999996,3.34,5962,4066,False,False,False,True,MA120上彎且收盤站上、近20日未破60日低位區、20日量低於120日均量、240扣抵偏有利
1727,中華化,未入籃,,50,2026-09-09,91.1,39.2966360856269,-3.801478352692722,49.22600619195046,51.53568562155756,79.73219223484843,60.60402035984855,9.599449253531889,7.816213134676864,-18.52183104317424,159.2487194080819,71.79902755267422,-25.410153350350807,-2.1400000000000077,-6.500000000000007,4.23,8.880000000000003,4238,9622,False,False,False,True,MA120上彎且收盤站上、近20日未破60日低位區、20日量低於120日均量、240扣抵偏有利
1785,光洋科,未入籃,,50,2026-09-09,101.5,6.394129979035634,-0.4901960784313708,42.857142857142854,36.99235244067465,125.14764462809909,93.48390840220398,4.712870296663718,4.413350720348963,-44.213036565977745,83.31417824678718,76.1686466942149,-78.04156357561574,-5.060000000000002,-11.660000000000004,3.289999999999999,8.350000000000001,9595,29371,False,False,False,True,近20日未破60日低位區、20日量低於120日均量、240扣抵偏有利
1802,台玻,未入籃,,50,2026-09-09,60.2,36.66288308740069,1.861252115059231,60.33057851239669,71.17542909539466,62.44291666666667,50.39020833333332,0.5690702278293935,4.728688212269261,-25.86206896551724,124.20856610800746,86.44470868014271,-59.70936934052653,-1.5300000000000011,-5.549999999999997,0.9100000000000001,3.530000000000001,11393,51149,False,False,False,True,近20日未破60日低位區、20日量低於120日均量、240扣抵偏有利
1809,中釉,未入籃,,50,2026-09-09,39.0,22.44897959183674,3.31125827814569,55.675675675675656,60.089868650722636,38.97837239583335,29.72501822916668,6.143047690813375,5.546597730015312,-36.49630579471209,102.29527329313366,96.3758532423208,-80.92924968385053,-5.57,-2.6199999999999974,3.1799999999999997,2.099999999999998,3429,5057,False,False,False,True,MA120上彎且收盤站上、近20日未破60日低位區、20日量低於120日均量、240扣抵偏有利
2070,,未入籃,,50,2026-09-09,62.0,34.199134199134186,-1.5873015873015928,32.085561497326196,21.35848924135106,58.31750000000014,49.78187500000005,7.923754298844887,3.8650618748940158,-25.21109770808203,56.17128463476069,64.55696202531644,-55.73467450601098,-2.950000000000003,-1.8599999999999994,3.4700000000000024,3.3099999999999987,960,1310,False,False,False,True,MA120上彎且收盤站上、近20日未破60日低位區、20日量低於120日均量、240扣抵偏有利
2303,聯電,未入籃,,50,2026-09-09,141.5,38.04878048780487,8.846153846153836,69.11764705882354,100.11338584251726,113.6499320430107,82.35459235215053,10.475472903785299,9.470641663872993,-22.413215205913183,251.89116330814437,77.92821400472067,-21.658415695695087,-2.3100000000000023,0.4299999999999926,1.799999999999999,0.5699999999999985,158783,125889,False,False,False,True,MA120上彎且收盤站上、近20日未破60日低位區、20日量低於120日均量、240扣抵偏有利
2313,華通,未入籃,,50,2026-09-09,228.0,33.33333333333333,-8.617234468937873,55.17241379310345,50.08189945014927,236.96726966479463,176.555718059006,1.7819346289610127,7.781625781664281,-24.075594765555962,202.41076661176857,72.77862022370691,-42.10334281956315,-2.8100000000000023,-10.070000000000007,2.940000000000005,9.030000000000003,48581,106841,False,False,False,True,近20日未破60日低位區、20日量低於120日均量、240扣抵偏有利
2330,台積電,未入籃,,50,2026-09-09,2465.0,12.045454545454536,2.2821576763485396,64.0625,94.78720198716407,2264.6406045824083,1913.648143487525,3.9723052736891695,5.759041852106828,-2.7613412228796874,101.44504365417228,16.284403669724767,-45.192084346540504,-0.28999999999999204,-0.4099999999999966,0.1899999999999995,0.28999999999999915,213292,333205,False,False,False,True,MA120上彎且收盤站上、近20日未破60日低位區、20日量低於120日均量、240扣抵偏有利
2337,旺宏,未入籃,,50,2026-09-09,126.5,24.01960784313726,4.115226337448563,57.377049180327866,57.506205672181984,140.81499999999997,96.98958333333331,2.2844483184426556,9.912811081232299,-34.114583333333336,467.26457399103134,109.15032679738563,-54.37891098436465,-3.0900000000000034,-3.25,2.2699999999999996,2.9599999999999973,20538,42951,False,False,False,True,近20日未破60日低位區、20日量低於120日均量、240扣抵偏有利
2355,敬鵬,未入籃,,50,2026-09-09,42.65,18.47222222222222,-0.3504672897196248,54.1899441340782,50.91809513251133,49.040924598511566,41.64086496278882,0.589411833447917,1.3035186593736148,-38.469030359334646,20.184287331148298,78.74440291476674,-87.6694962061774,-5.649999999999999,-3.8699999999999903,5.480000000000004,3.4200000000000017,13283,9811,False,False,False,True,近20日未破60日低位區、20日量低於120日均量、240扣抵偏有利
2362,藍天,未入籃,,50,2026-09-09,48.3,15.412186379928293,-2.0283975659229236,54.33789954337897,55.30708625561681,42.14995119305856,40.08592597613882,4.654630137635629,1.7046504127899542,-6.756756756756754,24.360778794276317,28.21782178217822,-22.575142374475966,-0.47999999999998977,-0.269999999999996,0.5300000000000011,0.5500000000000007,1805,1500,False,False,False,True,MA120上彎且收盤站上、近20日未破60日低位區、20日量低於120日均量、240扣抵偏有利
2377,微星,未入籃,,50,2026-09-09,156.5,17.17753785216889,-3.095975232198145,67.36842105263158,74.03573948856572,123.89796700796352,111.9336797497154,8.611992421516469,1.592878766213679,-7.135957033583729,29.412943411029914,32.44274809160306,-29.224258795190117,-1.4200000000000088,-2.6200000000000045,1.7800000000000011,2.8000000000000007,18619,29428,False,False,False,True,MA120上彎且收盤站上、近20日未破60日低位區、20日量低於120日均量、240扣抵偏有利
2382,廣達,未入籃,,50,2026-09-09,342.0,10.500807754442643,-0.8695652173912993,59.25925925925925,82.2446894694118,323.61708005249386,298.19217191601007,2.9893514851859093,2.3099676709685157,-18.584249949389285,32.07443897099071,35.09271018542035,-34.665603957499805,-0.6500000000000057,-0.15000000000000568,0.8599999999999985,0.5,58196,54200,False,False,False,True,MA120上彎且收盤站上、近20日未破60日低位區、20日量低於120日均量、240扣抵偏有利
2383,台光電,未入籃,,50,2026-09-09,5375.0,31.696179975498385,-0.7386888273314907,37.48596972388417,26.32076025325199,4754.279545454548,3181.5085227272734,13.002145243157948,13.186583015550003,-16.544924590487888,307.512707848712,64.63104325699747,-22.751125054714695,-0.960000000000008,-1.8600000000000136,0.03000000000000025,0.5200000000000005,10013,38614,False,False,False,True,MA120上彎且收盤站上、近20日未破60日低位區、20日量低於120日均量、240扣抵偏有利
2388,威盛,未入籃,,50,2026-09-09,77.9,15.578635014836784,-4.2997542997543,58.620689655172406,78.9691958916245,71.2778972153971,62.20012336199851,6.541287376076066,1.8264040600755038,-14.624447390051875,36.03469377466426,43.45047923322682,-58.06945397947552,-1.269999999999996,-2.030000000000001,0.629999999999999,1.5500000000000007,312,4261,False,False,False,True,MA120上彎且收盤站上、近20日未破60日低位區、20日量低於120日均量、240扣抵偏有利
2393,億光,未入籃,,50,2026-09-09,62.7,10.539215686274517,-3.240740740740733,32.0,6.683016412998322,63.45380081300812,58.39448170731701,2.363833572581342,0.5253158245553724,-9.799999999999997,10.179153094462556,24.4892448924489,-43.27768669688822,0.010000000000005116,-0.28000000000000114,0.379999999999999,0.5700000000000003,311,245,False,False,False,True,近20日未破60日低位區、20日量低於120日均量、240扣抵偏有利
2423,固緯,未入籃,,50,2026-09-09,74.0,11.2781954887218,0.5434782608695787,43.51851851851845,36.72443725036413,67.9093359375,59.55126302083332,7.39216228509727,2.9225167485434245,-15.428571428571425,43.0469977044823,36.50546021840875,-63.444798357500545,-0.7000000000000028,-0.4300000000000068,0.07000000000000028,0.1200000000000001,77,12,False,False,False,True,MA120上彎且收盤站上、近20日未破60日低位區、20日量低於120日均量、240扣抵偏有利
2432,倚天酷碁-創,未入籃,,50,2026-09-09,27.65,0.18115942028984477,1.8416206261510082,54.28571428571425,51.74324349791733,26.993200312989035,25.99622522170062,2.2078089744121066,0.3785665616935274,-8.595041322314056,5.429185189605268,15.760869565217384,-71.71537305392565,0.060000000000002274,0.030000000000001137,0.1899999999999995,0.27999999999999936,72,131,False,False,False,True,MA120上彎且收盤站上、近20日未破60日低位區、20日量低於120日均量、240扣抵偏有利
2441,超豐,未入籃,,50,2026-09-09,114.5,19.165490534762107,-1.2931034482758674,55.115308783311086,47.761472129085554,111.12585183615823,94.19380017655362,4.536675091566034,5.318663630118903,-24.68129893123371,92.61831748733678,69.56521739130434,-62.80686501725554,-3.960000000000008,-8.579999999999998,3.4800000000000004,7.140000000000002,11474,23669,False,False,False,True,MA120上彎且收盤站上、近20日未破60日低位區、20日量低於120日均量、240扣抵偏有利
2449,京元電子,未入籃,,50,2026-09-09,270.0,27.058823529411757,3.053435114503822,65.625,78.36119658005029,274.3352581521738,248.2299932065216,-1.9934683912352202,3.918462284145563,-22.575215653271606,71.40727859893184,78.83361204013374,-29.215431994263362,-2.240000000000002,-9.199999999999996,1.6600000000000001,7.330000000000002,15053,90839,False,False,False,True,近20日未破60日低位區、20日量低於120日均量、240扣抵偏有利
2451,創見,未入籃,,50,2026-09-09,287.5,6.679035250463827,1.0544815465729274,51.829268292682926,33.90443050050875,276.3568065476191,226.8569764030612,4.718583463583026,7.773104051558044,-21.798693878593266,171.0506809456903,52.546296296296305,-34.178118468722786,-4.139999999999986,-3.2199999999999847,1.629999999999999,1.1799999999999997,4510,4827,False,False,False,True,MA120上彎且收盤站上、近20日未破60日低位區、20日量低於120日均量、240扣抵偏有利
2454,聯發科,未入籃,,50,2026-09-09,4625.0,46.825396825396815,4.756511891279724,77.77777777777777,89.31756260429012,3441.956680606058,2444.801452313165,12.787131648222427,10.342596517655544,-6.385409020631682,220.4619474817429,62.37458193979932,-22.91840618720794,-1.2000000000000028,-0.4399999999999977,0.6499999999999995,-0.7000000000000002,140157,192722,False,False,False,True,MA120上彎且收盤站上、近20日未破60日低位區、20日量低於120日均量、240扣抵偏有利
2459,敦吉,未入籃,,50,2026-09-09,66.1,2.639751552795011,-0.45180722891567937,35.48387096774195,18.41374835666559,63.99994897959179,62.80432823129247,1.1853363960707908,0.9089993697447785,-2.6509572901325607,10.016983695652137,7.60697305863709,-49.91568495896114,-0.3999999999999915,-1.6700000000000017,0.47000000000000064,0.9799999999999986,145,306,False,False,False,True,MA120上彎且收盤站上、近20日未破60日低位區、20日量低於120日均量、240扣抵偏有利
2467,志聖,未入籃,,50,2026-09-09,581.0,26.030368763557487,-3.6484245439469265,55.02392344497608,51.308011754490465,548.8607514245014,390.3427581908834,7.8693306818716335,9.208747795514283,-15.243607455101316,195.4731669575309,56.27906976744186,-43.06142181403841,-1.0700000000000074,-1.170000000000016,1.2899999999999991,2.0299999999999994,3032,7617,False,False,False,True,MA120上彎且收盤站上、近20日未破60日低位區、20日量低於120日均量、240扣抵偏有利
2472,立隆電,未入籃,,50,2026-09-09,215.0,-0.7887990534411471,-4.444444444444439,44.65408805031446,24.509347396248994,252.111885683761,177.75837339743586,8.054271489552578,7.128280582314206,-55.27363891753494,160.14856028895053,145.84382871536525,-63.93862400620276,-1.279999999999994,-2.8800000000000026,1.1999999999999993,3.09,8857,15103,False,False,False,True,近20日未破60日低位區、20日量低於120日均量、240扣抵偏有利
2474,可成,未入籃,,50,2026-09-09,206.0,14.127423822714679,-1.670644391408116,53.57142857142857,47.69268993686857,196.90111594202895,192.2727831173727,2.094213310519355,1.102401909247619,-19.797743307638715,16.881865923075345,22.200715085018686,-56.86167472344842,-4.3799999999999955,-4.269999999999996,4.33,4.67,19314,20958,False,False,False,True,MA120上彎且收盤站上、近20日未破60日低位區、20日量低於120日均量、240扣抵偏有利
2483,百容,未入籃,,50,2026-09-09,32.3,-7.714285714285718,-3.148425787106457,30.000000000000014,9.524858782023257,33.532118794326244,26.60100768321514,7.635957961978912,5.2984899382341855,-55.753424657534254,70.20648416331868,131.74603174603178,-48.553051468505615,-3.309999999999995,-3.4199999999999946,3.2300000000000004,2.4499999999999993,1863,1581,False,False,False,True,近20日未破60日低位區、20日量低於120日均量、240扣抵偏有利
2753,八方雲集,未入籃,,50,2026-09-09,178.5,6.493737086776852,-0.5571030640668551,53.17680136847993,52.21457063912296,168.83714841681441,170.76873302266534,0.9250932289375013,0.09822328411686065,-10.049268043727045,-2.809331081392863,10.131647355912055,-45.04647284994131,-0.9399999999999977,-2.780000000000001,0.4799999999999969,1.7699999999999996,234,567,False,False,False,True,MA120上彎且收盤站上、近20日未破60日低位區、20日量低於120日均量
2832,台產,未入籃,,50,2026-09-09,57.8,1.5817223198594021,-1.1965811965812034,25.757575757575765,17.638699979130205,52.869965088038846,49.37249228774541,4.429939958395579,3.2603838635268723,-6.6235864297253695,42.868355765116625,15.700934579439242,-25.986443821046624,-0.09000000000000341,-0.29999999999999716,0.20999999999999996,0.17999999999999972,225,227,False,False,False,True,MA120上彎且收盤站上、近20日未破60日低位區、20日量低於120日均量、240扣抵偏有利
2855,統一證,未入籃,,50,2026-09-09,52.1,27.696078431372563,2.7613412228796763,83.03030303030305,92.91992039592873,42.64265136217946,33.74125729166668,8.126487628564249,7.529303546911925,-9.191525704375714,142.42619477135415,36.27204030226701,-53.3387110265802,-0.5800000000000125,-0.0800000000000125,0.4900000000000002,0.8900000000000006,3962,6962,False,False,False,True,MA120上彎且收盤站上、近20日未破60日低位區、20日量低於120日均量、240扣抵偏有利
3028,增你強,未入籃,,50,2026-09-09,62.0,6.346483704974282,-3.2761310452418035,31.428571428571345,1.524616732837979,67.19994110941228,52.1515045163757,4.40177878709902,6.145509701645091,-25.91679639917903,110.33018394316039,48.12333692480901,-79.83867755872409,-1.990000000000002,-2.280000000000001,0.7399999999999984,0.5,420,627,False,False,False,True,近20日未破60日低位區、20日量低於120日均量、240扣抵偏有利
3030,德律,未入籃,,50,2026-09-09,271.0,6.2745098039215685,-4.577464788732399,37.58389261744966,-1.6002212197055536,315.31736326109365,245.4840170278635,3.3364181978852825,3.2732912154195937,-39.45286020612851,47.342108806894686,46.93877551020409,-71.38103688080695,-3.3100000000000023,-3.970000000000006,2.830000000000002,3.040000000000001,5990,8260,False,False,False,True,近20日未破60日低位區、20日量低於120日均量、240扣抵偏有利
3035,智原,未入籃,,50,2026-09-09,176.5,5.688622754491024,-1.671309192200554,54.73684210526316,51.6011390399637,182.51275990098964,173.6798927392738,1.682661677413555,1.1354579543807253,-27.95918367346939,19.521418179136308,67.23549488054607,-72.1832508358912,-2.8500000000000014,-0.5399999999999991,2.210000000000001,0.5499999999999972,3348,7373,False,False,False,True,近20日未破60日低位區、20日量低於120日均量、240扣抵偏有利
3036,文曄,未入籃,,50,2026-09-09,191.5,3.7940379403794022,-0.5194805194805197,30.555555555555557,26.484133879508835,222.14593119810215,185.83027283511248,-0.03217862875692923,3.5898132256297233,-36.04953794375463,54.48425343783197,30.833333333333336,-31.075945566877326,-1.210000000000008,-2.010000000000005,0.7199999999999998,1.21,4554,11404,False,False,False,True,近20日未破60日低位區、20日量低於120日均量、240扣抵偏有利
3046,建碁,未入籃,,50,2026-09-09,54.4,6.25,-1.8050541516245522,22.222222222222243,15.7399129293056,51.79913690476189,49.12729166666664,4.003951126029048,2.4969901917235138,-13.650793650793657,32.7465249030459,27.01612903225805,-24.296797940888105,-0.4799999999999969,-1.0799999999999983,0.7000000000000028,0.6099999999999994,294,119,False,False,False,True,MA120上彎且收盤站上、近20日未破60日低位區、20日量低於120日均量、240扣抵偏有利
3114,,未入籃,,50,2026-09-09,30.05,10.95355057329186,-5.503144654088055,49.39477618609783,15.745199875110252,31.0510670995671,27.409350529100557,3.917607935108891,2.658553186480428,-44.997385185889506,32.96086638948197,111.19133574007219,-65.54326681032686,-0.47999999999998977,-1.259999999999991,4.129999999999999,4.099999999999998,1661,1627,False,False,False,True,近20日未破60日低位區、20日量低於120日均量、240扣抵偏有利
3135,凌航,未入籃,,50,2026-09-09,170.0,14.864864864864868,-1.7341040462427793,52.32558139534884,42.91339153046937,169.2333333333334,122.39187499999997,5.8038970511618215,10.500834190722141,-36.09022556390977,430.42121684867396,55.223880597014926,-49.794652163825305,-3.490000000000002,-2.789999999999999,2.6499999999999986,2.139999999999997,2226,5471,False,False,False,True,MA120上彎且收盤站上、近20日未破60日低位區、20日量低於120日均量、240扣抵偏有利
3149,正達,未入籃,,50,2026-09-09,62.5,-3.4003091190108248,3.1353135313531233,40.211640211640216,30.639827827831496,62.65748627450977,50.78307254901959,5.061162215746284,5.180762431339958,-38.149070926279514,79.06377872604338,73.02981466559228,-56.425634340982555,-5.189999999999998,-5.119999999999997,5.100000000000001,6.640000000000001,10526,12661,False,False,False,True,近20日未破60日低位區、20日量低於120日均量、240扣抵偏有利
3162,精確,未入籃,,50,2026-09-09,73.6,28.896672504378262,3.9548022598870025,75.22123893805303,80.62870820840642,73.20591377591717,64.4503944970872,2.6190785130240535,1.5136409957040575,-23.952977841783106,35.09540555556416,57.81818181818181,-55.669348833619324,-1.5799999999999983,-0.3400000000000034,0.5099999999999998,2.880000000000001,276,2998,False,False,False,True,MA120上彎且收盤站上、近20日未破60日低位區、20日量低於120日均量、240扣抵偏有利
3221,台嘉碩（通信網路）,未入籃,,50,2026-09-09,48.35,13.631022326674502,-2.1255060728744835,50.520833333333336,39.28662506755131,48.764759486281356,36.22070899007594,7.211756017114523,7.38031861012034,-30.088832840802326,158.44819774277866,74.42419771953807,-71.33084885697778,-1.8599999999999959,-8.779999999999998,4.669999999999995,10.420000000000002,4636,8267,False,False,False,True,近20日未破60日低位區、20日量低於120日均量、240扣抵偏有利
3260,,未入籃,,50,2026-09-09,414.5,5.203045685279184,3.4956304619226053,56.45933014354067,61.10200396514489,407.645833333333,316.77631349206365,4.0785872195313155,8.89762655524522,-19.670542635658915,266.12911366848374,37.5748502994012,-43.53583423772452,-3.960000000000001,-14.619999999999997,2.4599999999999937,9.989999999999998,6358,32333,False,False,False,True,MA120上彎且收盤站上、近20日未破60日低位區、20日量低於120日均量、240扣抵偏有利
3264,欣銓,未入籃,,50,2026-09-09,233.0,39.52095808383233,2.643171806167399,66.01307189542484,77.55430725021228,207.57339520494966,158.3100233952049,6.3644478100172375,8.397079247588856,-14.180478821362797,178.91001157600277,70.75471698113208,-46.15208388392502,-1.4200000000000017,-0.8200000000000074,1.1799999999999997,1.33,3794,8087,False,False,False,True,MA120上彎且收盤站上、近20日未破60日低位區、20日量低於120日均量、240扣抵偏有利
3416,融程電,未入籃,,50,2026-09-09,160.5,1.8062586226095245,-6.956521739130439,40.65361122070008,-0.40937377815481724,159.77375969458475,151.9412651866148,3.7842462206233662,0.16507475117324422,-15.755320989790611,-13.093314403966172,28.205128205128194,-35.93379318174886,-0.240000000000002,-0.0800000000000054,-0.03999999999999915,-0.060000000000002274,193,338,False,False,False,True,MA120上彎且收盤站上、近20日未破60日低位區、20日量低於120日均量
3430,,未入籃,,50,2026-09-09,105.0,10.294117647058808,-0.4739336492891044,27.692307692307693,4.25876222670349,121.07345495495495,94.03064285714294,5.98309255904621,6.217953256793263,-43.749457041091134,106.43403144143252,79.87273786156467,-69.62432299744931,-1.8199999999999932,-7.269999999999996,4.279999999999994,10.539999999999992,614,2728,False,False,False,True,近20日未破60日低位區、20日量低於120日均量、240扣抵偏有利
3438,,未入籃,,50,2026-09-09,62.6,29.47259565667011,-2.9457364341085257,62.81407035175879,59.91002266350557,59.51849290780131,53.81565602836896,4.616362240733585,2.9433381460789,-20.446679645252008,54.86893357195495,65.67796610169492,-60.104312508292814,0.00999999999999801,0.020000000000003126,0.259999999999998,0.29999999999999716,172,604,False,False,False,True,MA120上彎且收盤站上、近20日未破60日低位區、20日量低於120日均量、240扣抵偏有利
3479,,未入籃,,50,2026-09-09,131.5,-5.734767025089605,3.543307086614167,52.23880597014925,71.12049587866633,117.88393310580211,106.96568327645046,6.242043802576958,1.7694619079797969,-18.827160493827154,24.570641167235262,33.28698176001941,-58.0519533434934,-1.0300000000000011,0.25,6.120000000000001,5.48,3659,3191,False,False,False,True,MA120上彎且收盤站上、近20日未破60日低位區、20日量低於120日均量、240扣抵偏有利
3518,柏騰,未入籃,,50,2026-09-09,29.25,23.94067796610169,-5.032467532467533,53.07262569832403,55.801008099410346,29.00250000000001,25.093750000000018,4.850420269333888,2.0079777098383156,-26.875000000000004,32.95454545454546,70.02237136465324,-26.366395642377285,-1.9099999999999966,-1.6599999999999966,0.7100000000000009,0.490000000000002,26,83,False,False,False,True,MA120上彎且收盤站上、近20日未破60日低位區、20日量低於120日均量、240扣抵偏有利
3556,,未入籃,,50,2026-09-09,57.0,4.20475319926874,-1.8932874354561147,28.260869565217362,0.31569274125412505,59.03621228448277,48.62445222701154,5.895627482812471,4.440156972148701,-28.48180677540778,57.00941237232742,51.80952380952382,-63.55946056682631,0.0,0.0,3.3600000000000065,2.9100000000000037,1156,545,False,False,False,True,近20日未破60日低位區、20日量低於120日均量、240扣抵偏有利
3581,,未入籃,,50,2026-09-09,107.5,15.343347639484971,-3.58744394618834,51.515151515151516,40.82073193406353,139.73563308457716,101.44869029850743,5.099414001567348,6.121355471011958,-63.94540626181067,165.315745075865,116.79494513495246,-50.518647744471565,-4.269999999999996,-0.060000000000002274,4.100000000000001,-0.6199999999999974,1808,1071,False,False,False,True,近20日未破60日低位區、20日量低於120日均量、240扣抵偏有利
3583,辛耘,未入籃,,50,2026-09-09,730.0,18.075212292761833,2.672292545710264,53.00353356890459,54.75175544128101,747.3861027644235,544.6943300948178,8.938766773648489,5.73712747711852,-27.050561910214476,99.94282895707836,63.57466885935472,-51.29275244959752,-0.519999999999996,0.23000000000000398,0.23999999999999488,-0.020000000000003126,3291,11152,False,False,False,True,近20日未破60日低位區、20日量低於120日均量、240扣抵偏有利
3587,,未入籃,,50,2026-09-09,251.0,9.84682713347922,-1.5686274509803977,55.102040816326536,53.55550248516687,281.5073977713178,238.64605147065276,3.09802628199225,2.297807964634746,-36.04919347503871,31.703709730779895,56.625122299992455,-73.55670066112094,-1.75,-4.270000000000003,2.0700000000000003,4.909999999999997,1087,7167,False,False,False,True,近20日未破60日低位區、20日量低於120日均量、240扣抵偏有利
3615,,未入籃,,50,2026-09-09,35.7,10.015408320493059,-2.191780821917799,45.18072289156628,18.509822124859095,39.856758945386034,32.40041054613935,2.6016792589494075,3.2705800067604374,-45.77903857737871,52.09150185213267,118.01885733527895,-86.63497078166614,-4.84,-5.790000000000003,4.380000000000003,4.079999999999998,2526,4117,False,False,False,True,近20日未破60日低位區、20日量低於120日均量、240扣抵偏有利
3673,TPK-KY,未入籃,,50,2026-09-09,64.2,19.999999999999996,-1.984732824427482,47.0198675496689,44.945838115221854,65.97673405211148,52.587756064690076,6.963373851183596,4.403640444144075,-33.472060064019125,73.60457149521132,77.23044477083569,-67.53626212575305,-2.1299999999999955,-7.150000000000006,2.5600000000000023,6.130000000000003,8163,17040,False,False,False,True,近20日未破60日低位區、20日量低於120日均量、240扣抵偏有利
3702,大聯大,未入籃,,50,2026-09-09,105.0,2.521449042138668,0.9615384615384581,59.91619316564377,51.78954935911694,104.30266743827148,83.40882870370379,5.981521871093687,4.250470062312739,-16.725872808684294,68.74648444824065,29.72179355281206,-21.928856151214593,-0.7099999999999937,0.18999999999999773,0.20999999999999996,-0.4399999999999995,2532,899,False,False,False,True,MA120上彎且收盤站上、近20日未破60日低位區、20日量低於120日均量、240扣抵偏有利
3711,日月光投控,未入籃,,50,2026-09-09,640.0,28.256513026052097,8.843537414965997,63.73626373626374,107.4714718713572,550.2686617950477,399.5132330066484,8.413460425975995,10.370067556618423,-11.405426063488566,287.90056696526625,55.18622356638303,-23.40085839587418,-1.1199999999999903,-1.799999999999983,0.9199999999999999,1.4100000000000001,78516,135662,False,False,False,True,MA120上彎且收盤站上、近20日未破60日低位區、20日量低於120日均量、240扣抵偏有利
4105,,未入籃,,50,2026-09-09,77.2,1.9815059445178251,0.25974025974027093,28.57142857142877,43.3831399343913,75.4489895833333,76.16815104166663,-0.21255676854197159,0.5479806279774513,-5.975489076653728,6.790240865941599,8.743169398907092,-47.2620921367317,-0.9400000000000048,-1.8999999999999986,0.10000000000000142,0.3099999999999987,29,203,False,False,False,True,近20日未破60日低位區、20日量低於120日均量、240扣抵偏有利
4540,全球傳動,未入籃,,50,2026-09-09,57.7,28.364849833147932,-5.098684210526305,46.30872483221478,24.951114487319355,58.239166666666655,49.531249999999964,3.1793720980017426,2.3756313702187004,-29.548229548229553,28.507795100222722,57.58293838862558,-51.59836405126199,-8.260000000000005,-6.390000000000001,7.669999999999995,7.630000000000003,4727,7668,False,False,False,True,近20日未破60日低位區、20日量低於120日均量、240扣抵偏有利
4542,,未入籃,,50,2026-09-09,282.5,11.881188118811892,-0.3527336860670194,62.16216216216216,63.54226766178387,270.5354658430234,178.65664635416658,7.794720625421014,10.933867833172162,-47.97421731123389,354.4572397264278,148.512585812357,-32.47287295807677,-1.5799999999999983,-3.770000000000003,-0.0600000000000005,1.2299999999999986,529,1177,False,False,False,True,MA120上彎且收盤站上、近20日未破60日低位區、20日量低於120日均量、240扣抵偏有利
4760,,未入籃,,50,2026-09-09,266.5,32.59085580304806,0.9469696969697017,62.34254716271448,70.80363943741446,278.18766005674047,224.03108486151325,5.267328622572487,3.8642891828889248,-46.70367560857872,55.40884395036905,112.3076923076923,-56.993665198536505,-5.119999999999997,-7.43,3.020000000000003,4.82,1577,2391,False,False,False,True,近20日未破60日低位區、20日量低於120日均量、240扣抵偏有利
4764,雙鍵,未入籃,,50,2026-09-09,226.5,-10.474308300395252,-2.1598272138228958,55.08196721311475,50.90595172203195,255.66666666666669,172.70645833333322,6.400319062234483,9.843196802984956,-39.43850267379679,462.7329192546584,90.33078880407123,-38.76840772605132,-4.530000000000001,-6.190000000000012,2.12,1.2399999999999984,2038,1780,False,False,False,True,近20日未破60日低位區、20日量低於120日均量、240扣抵偏有利
4923,,未入籃,,50,2026-09-09,57.8,51.50720838794234,12.233009708737864,59.48275862068965,107.42766318967925,45.50083333333337,38.101458333333376,8.249405233941264,5.099015021779807,-18.014184397163124,81.76100628930816,93.94773039889958,-46.52518680169092,-2.549999999999997,-4.559999999999995,4.530000000000001,6.309999999999999,1056,1490,False,False,False,True,MA120上彎且收盤站上、近20日未破60日低位區、20日量低於120日均量、240扣抵偏有利
4927,泰鼎-KY,未入籃,,50,2026-09-09,42.55,49.823943661971825,1.5513126491646823,74.87179487179486,77.84921971233041,44.81208333333326,37.45749999999995,-1.6712837250975832,2.582659647689911,-35.43247344461305,69.86027944111774,107.96963946869069,-58.79695351963257,-1.0200000000000031,-4.030000000000005,1.0500000000000007,2.570000000000004,1815,4606,False,False,False,True,近20日未破60日低位區、20日量低於120日均量、240扣抵偏有利
4951,,未入籃,,50,2026-09-09,80.9,7.5797872340425565,1.1249999999999982,64.75409836065573,95.66359910083975,90.0456241283123,78.38043061366815,2.0562215895877145,0.32965350944014205,-41.41766399030449,12.087536231884076,45.83333333333333,-73.94937923013349,-0.9499999999999993,-3.0100000000000016,4.120000000000001,15.64,441,3160,False,False,False,True,近20日未破60日低位區、20日量低於120日均量、240扣抵偏有利
4956,光鋐,未入籃,,50,2026-09-09,34.0,34.12228796844181,-9.694555112881797,58.513189448441246,49.68482585599618,38.292499999999976,29.945000000000004,3.3547385823052833,3.494308158665893,-43.42762063227954,61.904761904761905,85.53191489361703,-41.31212400735441,0.240000000000002,-1.990000000000002,0.9100000000000037,3.139999999999997,190,1694,False,False,False,True,近20日未破60日低位區、20日量低於120日均量、240扣抵偏有利
4973,,未入籃,,50,2026-09-09,147.5,20.408163265306122,-1.3377926421404673,42.10526315789473,17.26433385185312,132.3678851899275,86.35914185872807,14.519113043916466,14.197055334093633,-32.64840182648402,491.73504899128045,87.98283261802575,-65.41059663276683,-0.6000000000000014,-1.3599999999999994,4.5,5.380000000000003,2674,4012,False,False,False,True,MA120上彎且收盤站上、近20日未破60日低位區、20日量低於120日均量、240扣抵偏有利
4977,眾達-KY,未入籃,,50,2026-09-09,170.5,58.00145305735127,-7.837837837837835,61.894158234828296,67.21936610323127,172.8535165662934,147.39442574375624,1.0742524188385394,3.0254997208302825,-34.10189971288099,41.65497148333457,87.3158966451179,-28.283247285121515,-2.780000000000001,-2.6499999999999986,4.580000000000005,3.5600000000000023,1750,3188,False,False,False,True,近20日未破60日低位區、20日量低於120日均量、240扣抵偏有利
4989,榮科,未入籃,,50,2026-09-09,61.5,10.81081081081081,0.6546644844517058,48.8479262672811,31.535082090047073,78.89311792071189,61.4265755461166,0.6709093866389404,4.6529137525538555,-47.93115848959671,133.28334010037318,134.5309381237525,-56.92485468321035,-5.869999999999997,-14.54,3.980000000000004,11.64,3344,12914,False,False,False,True,近20日未破60日低位區、20日量低於120日均量、240扣抵偏有利
4995,,未入籃,,50,2026-09-09,50.1,9.150326797385633,0.0,66.0,63.54017134205107,45.607083333333335,44.03458333333333,3.3276063890042673,0.3256123030188185,-4.571428571428571,6.937033084311639,19.318181818181813,-55.544416000629994,0.04000000000000625,0.0799999999999983,0.16000000000000014,0.5500000000000007,31,78,False,False,False,True,MA120上彎且收盤站上、近20日未破60日低位區、20日量低於120日均量、240扣抵偏有利
5243,乙盛-KY,未入籃,,50,2026-09-09,92.2,23.2620320855615,2.444444444444449,56.65529010238907,70.29930470704166,99.9741666666666,89.66666666666674,2.1351767820808165,1.6861005909227789,-35.74912891986063,29.13165266106441,59.41011235955056,-75.47275700638093,-1.8599999999999923,-9.899999999999999,1.2099999999999973,7.5,1680,8777,False,False,False,True,近20日未破60日低位區、20日量低於120日均量、240扣抵偏有利
5285,界霖,未入籃,,50,2026-09-09,84.0,27.08018154311651,-3.7800687285223344,61.25827814569536,64.30228022810468,75.2555757575758,62.78478693181811,7.948295695452745,4.94096803598445,-27.27272727272727,87.78674823060781,80.18720748829955,-48.239291604687565,-2.0700000000000074,-0.04000000000000625,3.099999999999998,2.09,2734,2759,False,False,False,True,MA120上彎且收盤站上、近20日未破60日低位區、20日量低於120日均量、240扣抵偏有利
5289,,未入籃,,50,2026-09-09,1355.0,20.490112874782064,-0.3676470588235281,39.742153777029955,8.085645872059663,1422.7039731666655,989.1669072500007,7.329273307593409,10.981724308750508,-30.978503242100164,309.87838983796826,85.7798165137615,-42.23300991481772,0.12000000000000455,-1.1800000000000068,1.5100000000000016,3.2600000000000016,6904,15054,False,False,False,True,近20日未破60日低位區、20日量低於120日均量、240扣抵偏有利
5299,,未入籃,,50,2026-09-09,92.6,-3.6420395421436047,-4.830421377183969,34.35897435897432,-3.4728694657339396,97.57972597402595,84.64765519480503,4.472267059631996,2.730145063187006,-32.41670331670181,35.453774513975844,58.951396631211026,-60.58132610360608,-1.7000000000000028,-1.6499999999999986,2.3099999999999987,1.9299999999999997,879,784,False,False,False,True,近20日未破60日低位區、20日量低於120日均量、240扣抵偏有利
5347,,未入籃,,50,2026-09-09,157.0,18.045112781954884,4.666666666666663,54.929577464788736,70.88953410882503,154.65889147286822,129.62489644702848,3.922801596842951,4.3147346725172175,-27.931576096896848,79.76799250997763,66.29658559678087,-57.96071298426997,-1.2999999999999972,-0.37999999999999545,0.5999999999999996,0.040000000000000036,5691,9080,False,False,False,True,MA120上彎且收盤站上、近20日未破60日低位區、20日量低於120日均量、240扣抵偏有利
5353,,未入籃,,50,2026-09-09,27.75,2.9684601113172615,-0.8928571428571397,33.33333333333333,-11.779079878748206,27.497201257861626,26.10451781970655,2.657840754967067,1.1074847418699685,-18.605187426210158,12.577501084377317,23.71899845733949,-83.5090972377858,0.07000000000000028,0.8200000000000074,0.3200000000000003,0.2099999999999973,225,143,False,False,False,True,MA120上彎且收盤站上、近20日未破60日低位區、20日量低於120日均量、240扣抵偏有利
5386,,未入籃,,50,2026-09-09,283.0,32.24299065420561,9.477756286266924,72.53218884120172,90.20240972194252,273.5050374779542,171.72817350088175,5.585607383765279,11.290626181453645,-32.135153652904314,575.4219256097638,81.24647156905225,-22.796134153106216,-2.5799999999999983,-8.079999999999998,2.6600000000000037,10.560000000000002,1989,5131,False,False,False,True,MA120上彎且收盤站上、近20日未破60日低位區、20日量低於120日均量、240扣抵偏有利
5426,,未入籃,,50,2026-09-09,28.2,19.491525423728806,-2.083333333333337,56.17283950617284,45.78054187621867,24.97791666666667,22.799374999999987,5.840498596373522,1.785764111721888,-29.93788819875777,23.95604395604396,80.49327354260089,-30.744847357409732,-0.5500000000000043,-0.5700000000000003,1.6999999999999993,1.6099999999999994,1910,1563,False,False,False,True,MA120上彎且收盤站上、近20日未破60日低位區、20日量低於120日均量、240扣抵偏有利
5434,崇越,未入籃,,50,2026-09-09,535.0,8.850457782299092,-0.5576208178438624,53.71900826446281,64.25440559410062,458.8872702338125,382.9855616007193,8.148034041253393,5.643802377999374,-11.129568106312293,86.47364581867984,33.093781069096416,-36.06545603987988,-0.9899999999999949,-1.029999999999994,-0.020000000000003126,0.029999999999997584,57,386,False,False,False,True,MA120上彎且收盤站上、近20日未破60日低位區、20日量低於120日均量、240扣抵偏有利
5443,,未入籃,,50,2026-09-09,111.5,34.66183574879227,-0.8888888888888835,59.74025974025973,65.83715586817978,109.06121955128204,100.32878205128206,2.8030167144516005,1.3407440873116183,-19.78195301474861,8.485358780054275,63.0295250320924,-51.31964503748502,-2.180000000000007,-3.8500000000000014,2.460000000000001,3.3799999999999955,1603,4011,False,False,False,True,MA120上彎且收盤站上、近20日未破60日低位區、20日量低於120日均量、240扣抵偏有利
5864,致和證,未入籃,,50,2026-09-09,36.3,25.823223570190624,-2.288021534320328,64.9350649350649,72.22373232312682,32.2574941314554,23.996771984470936,7.310514426326464,8.612859180868536,-24.01028228659766,191.97482935042046,70.1721701446135,-46.86257933622259,-1.0999999999999943,-0.28999999999999204,0.79,0.7699999999999996,1583,1586,False,False,False,True,MA120上彎且收盤站上、近20日未破60日低位區、20日量低於120日均量、240扣抵偏有利
6005,群益證,未入籃,,50,2026-09-09,32.2,12.195064122289278,-1.6793893129770865,69.47368421052639,76.3569622071243,29.534224605522677,26.173584442800745,3.2546939849369183,3.9275405956085585,-19.086545413453283,54.857472958706,28.037383177570096,-59.67598026286063,0.07000000000000739,-2.3499999999999943,0.3100000000000005,0.5800000000000001,3091,5185,False,False,False,True,MA120上彎且收盤站上、近20日未破60日低位區、20日量低於120日均量、240扣抵偏有利
6016,康和證,未入籃,,50,2026-09-09,22.9,18.041237113402065,2.2321428571428603,76.29629629629628,94.87938127665137,20.650692740286285,16.58117459100206,4.77117269567775,5.281895483150767,-28.98211567732116,98.63239676458062,50.67484662576689,-46.63142440248419,-5.399999999999999,-2.940000000000005,2.01,1.709999999999999,4813,3713,False,False,False,True,MA120上彎且收盤站上、近20日未破60日低位區、20日量低於120日均量、240扣抵偏有利
6020,,未入籃,,50,2026-09-09,20.7,2.4752475247524774,-0.9569377990430561,59.374999999999986,47.95192019870232,21.14417832469774,19.920083657167552,1.4059670213235842,0.8869733145092429,-20.841300191204592,10.493127195287212,15.34653465346536,-82.16005372272785,-0.5699999999999932,-0.7399999999999949,0.09999999999999998,0.07999999999999996,82,77,False,False,False,True,近20日未破60日低位區、20日量低於120日均量、240扣抵偏有利
6138,,未入籃,,50,2026-09-09,272.5,4.250005385677658,-4.88656195462478,38.9937106918239,0.5517449849034017,283.08509142394814,251.0777690129452,4.195814753927429,3.8671690206835585,-35.46428238029479,48.61750115033943,72.94117647058822,-43.21760338951754,-1.8800000000000026,0.8500000000000014,1.4699999999999989,-0.379999999999999,1420,1259,False,False,False,True,近20日未破60日低位區、20日量低於120日均量、240扣抵偏有利
6139,亞翔,未入籃,,50,2026-09-09,750.0,15.214958193429439,1.9021739130434812,51.91429397311749,51.98514731618358,728.6926406926408,603.335792748917,5.430240176705037,6.072428679400899,-21.672505625338246,99.76547014933116,55.92417061611377,-53.76279966138775,-1.6899999999999977,-2.1299999999999955,0.48999999999999844,-0.5200000000000014,2332,2789,False,False,False,True,MA120上彎且收盤站上、近20日未破60日低位區、20日量低於120日均量、240扣抵偏有利
6146,,未入籃,,50,2026-09-09,181.0,0.7154213036565826,-0.8219178082191747,33.944954128440344,4.2860799624605574,191.04801624388068,175.32974020916768,0.7480784614127156,1.1932951075134035,-17.581522366899595,5.557355043462819,17.711171662125324,-43.716838818725854,-1.4400000000000048,-2.3700000000000045,1.1399999999999988,0.7899999999999991,655,126,False,False,False,True,近20日未破60日低位區、20日量低於120日均量、240扣抵偏有利
6161,,未入籃,,50,2026-09-09,50.8,10.917030567685583,-1.5503875968992276,52.840909090909086,54.1972049119925,47.76981666666666,46.57470833333324,3.5235039925797684,2.108483041006637,-18.58974358974359,18.249534450651762,29.8759864712514,-71.54459107917819,-1.0399999999999991,-1.1599999999999966,4.390000000000001,4.060000000000002,1176,1016,False,False,False,True,MA120上彎且收盤站上、近20日未破60日低位區、20日量低於120日均量、240扣抵偏有利
6190,,未入籃,,50,2026-09-09,69.0,14.617940199335532,1.4705882352941124,60.1063829787234,68.26547696720682,70.42745806658142,57.08659635083227,4.787669976670617,3.106624080053133,-28.967544063611683,66.46664967680648,52.7141496666834,-75.22231309940682,-1.8900000000000006,-1.4500000000000028,2.0899999999999963,3.9399999999999977,2473,5818,False,False,False,True,近20日未破60日低位區、20日量低於120日均量、240扣抵偏有利
6197,佳必琪,未入籃,,50,2026-09-09,302.5,9.009009009009006,-3.9682539682539653,50.98039215686275,45.273721368672014,270.51848096264365,209.19245186781598,10.127727223268979,5.562895397890211,-25.308641975308642,93.5086639106342,55.769230769230774,-58.66927097507171,-2.3499999999999943,-1.279999999999994,5.109999999999999,2.7099999999999973,7308,6227,False,False,False,True,MA120上彎且收盤站上、近20日未破60日低位區、20日量低於120日均量、240扣抵偏有利
6204,,未入籃,,50,2026-09-09,87.0,37.65822784810127,-5.021834061135366,54.933333333333344,57.44723826942548,83.94000000000005,79.18625000000002,3.9697776676782093,2.7158932451275763,-33.07692307692308,40.322580645161295,114.16803953871496,-42.041949602779624,0.0,0.0,2.1400000000000006,2.769999999999996,359,538,False,False,False,True,MA120上彎且收盤站上、近20日未破60日低位區、20日量低於120日均量、240扣抵偏有利
6205,詮欣,未入籃,,50,2026-09-09,64.2,21.13207547169811,-2.5796661608497806,56.08695652173913,50.000000000000036,70.03158921933081,57.80051579925651,3.1378526262078266,3.1776127773411877,-37.401043932144404,51.601179816707045,68.27015114751912,-79.76381599329397,-2.5700000000000003,0.9600000000000009,1.6099999999999994,10.010000000000002,554,5552,False,False,False,True,近20日未破60日低位區、20日量低於120日均量、240扣抵偏有利
6208,,未入籃,,50,2026-09-09,78.8,-1.005025125628134,6.1994609164420345,38.31168831168827,34.72681578715754,80.34379761904763,62.23760515873024,7.891389199413124,4.144871012301254,-25.963044159098025,60.339515144468336,45.79908675799085,-79.79410046481962,-2.730000000000004,-1.9699999999999989,3.099999999999998,5.169999999999998,1266,2615,False,False,False,True,近20日未破60日低位區、20日量低於120日均量、240扣抵偏有利
6239,力成,未入籃,,50,2026-09-09,281.0,22.97592997811817,1.6274864376130127,57.861635220125784,68.49529117030548,266.47869277539337,225.39120618741063,3.4166524569723578,6.185793938478934,-25.960228204388812,121.26171185252149,76.29010831800531,-41.82880208017758,-0.7700000000000102,-6.190000000000012,1.1999999999999993,5.0,31580,55527,False,False,False,True,MA120上彎且收盤站上、近20日未破60日低位區、20日量低於120日均量、240扣抵偏有利
6257,矽格,未入籃,,50,2026-09-09,213.0,17.355371900826455,0.4716981132075526,59.44055944055943,69.30779774515356,202.09539453601965,154.59958028083022,6.9025429003050975,7.317764023890971,-22.587344510546238,148.9854684614767,60.43662362904345,-39.33345443965772,-2.7900000000000063,-5.969999999999999,1.7499999999999964,3.5399999999999956,3796,11435,False,False,False,True,MA120上彎且收盤站上、近20日未破60日低位區、20日量低於120日均量、240扣抵偏有利
6261,,未入籃,,50,2026-09-09,78.8,11.17042678176723,0.5102040816326481,59.59593918204295,64.67252263367502,88.17082018608426,75.68421167071182,1.6238201395152085,2.257985418721198,-40.24589560480011,37.27294252951325,49.07275320970044,-83.40992690011053,-3.5899999999999963,-3.8399999999999963,3.6700000000000017,6.080000000000005,2434,6578,False,False,False,True,近20日未破60日低位區、20日量低於120日均量、240扣抵偏有利
6263,,未入籃,,50,2026-09-09,157.0,11.743772241992879,-7.374631268436582,42.02898550724638,1.884261518422642,152.47389118457434,138.79247245179022,5.465439088936508,1.6374834217916634,-16.042780748663098,10.10072909784283,36.00000000000001,-53.26721627729978,0.0,-0.7800000000000011,1.3099999999999952,2.299999999999997,306,1267,False,False,False,True,MA120上彎且收盤站上、近20日未破60日低位區、20日量低於120日均量、240扣抵偏有利
6274,台燿,未入籃,,50,2026-09-09,1345.0,31.862745098039213,-1.46520146520146,29.09090909090908,15.495518591087487,1305.0935637773077,864.2340644600071,14.013898955195225,12.476446565724553,-29.947916666666664,324.33896117645514,104.69083155650321,-23.06785152559099,-1.6400000000000006,-0.18999999999999773,0.6999999999999993,-0.7599999999999998,15264,17637,False,False,False,True,MA120上彎且收盤站上、近20日未破60日低位區、20日量低於120日均量、240扣抵偏有利
6278,台表科,未入籃,,50,2026-09-09,193.5,41.758241758241766,-3.2499999999999973,58.18181818181818,61.34529289220153,171.58620508333328,134.72141204166675,9.788293849370122,5.64390033289337,-21.790429270507815,91.38784375630541,67.84777343750001,-28.942958344593507,-8.490000000000009,-1.0800000000000125,6.889999999999997,4.799999999999997,14586,17665,False,False,False,True,MA120上彎且收盤站上、近20日未破60日低位區、20日量低於120日均量、240扣抵偏有利
6285,啟碁,未入籃,,50,2026-09-09,233.5,8.10185185185186,-4.106776180698157,47.368421052631575,19.913584106753763,243.4471530186253,184.2574188985224,5.077860286026348,5.715149522312979,-29.437245342412176,104.69281846791638,38.596491228070185,-79.92653030073369,-1.0600000000000023,-1.5600000000000023,1.129999999999999,1.8399999999999999,11264,20805,False,False,False,True,近20日未破60日低位區、20日量低於120日均量、240扣抵偏有利
6290,,未入籃,,50,2026-09-09,275.0,35.802469135802475,1.85185185185186,77.37556561085972,90.72272801837114,258.4037226666665,213.30412083333295,2.1928102491864054,5.452678689505519,-24.80483436555787,147.3525185343491,71.51673994638068,-24.629614891014896,-2.239999999999995,-4.829999999999998,2.940000000000005,4.050000000000001,4634,6676,False,False,False,True,MA120上彎且收盤站上、近20日未破60日低位區、20日量低於120日均量、240扣抵偏有利
6292,,未入籃,,50,2026-09-09,66.3,40.16913319238902,6.93548387096774,66.18705035971226,98.10876425966794,54.979139705882375,47.597008578431335,7.200583805351335,4.196663818321378,-7.9692986037397056,67.74068727397196,53.94857726170732,-41.70891391807081,0.0,0.0,0.6300000000000026,0.6700000000000017,347,299,False,False,False,True,MA120上彎且收盤站上、近20日未破60日低位區、20日量低於120日均量、240扣抵偏有利
6407,安集,未入籃,,50,2026-06-26,29.35,-10.925644916540211,-4.397394136807808,34.14634146341464,18.417939515831296,26.836666666666655,22.67333333333336,8.236005848051487,5.061348212648054,-57.890961262553795,63.05555555555556,230.33175355450237,-61.89004724068881,-11.030000000000001,-13.759999999999998,11.23,14.52,4333,5482,False,False,False,True,MA120上彎且收盤站上、近20日未破60日低位區、20日量低於120日均量、240扣抵偏有利
6415,矽力*-KY,未入籃,,50,2026-09-09,417.0,11.051930758988027,-2.683780630105015,40.12738853503185,22.055937221123763,457.9467132311185,345.89455934128364,6.8574028868135795,3.422833700690364,-39.913544668587896,48.646364009336374,91.71270718232046,-38.79014319720814,-0.9299999999999926,-0.269999999999996,0.41999999999999993,-0.2600000000000007,4732,3845,False,False,False,True,近20日未破60日低位區、20日量低於120日均量、240扣抵偏有利
6419,,未入籃,,50,2026-09-09,155.0,28.63070539419088,-0.3215434083601254,43.61702127659574,40.04634252016418,138.52500000000006,101.59999999999998,10.97314293725342,9.819534582074185,-20.308483290488432,196.9348659003831,62.66666666666667,-25.3414238196911,0.0,0.0,8.04,3.9399999999999977,504,1212,False,False,False,True,MA120上彎且收盤站上、近20日未破60日低位區、20日量低於120日均量、240扣抵偏有利
6525,捷敏-KY,未入籃,,50,2026-09-09,130.5,8.298755186721984,-5.434782608695654,36.25000000000001,5.777557616897793,123.93097280334722,99.7768357740584,9.07700473638573,5.941430182826712,-40.95022624434389,69.19091920041227,100.90909090909092,-27.91349896385804,-3.809999999999988,-2.0,1.8699999999999992,1.4800000000000004,1685,1997,False,False,False,True,MA120上彎且收盤站上、近20日未破60日低位區、20日量低於120日均量、240扣抵偏有利
6526,達發,未入籃,,50,2026-09-09,643.0,26.824457593688365,1.2598425196850505,65.59139784946237,77.51680281395537,602.2888180272114,534.8018054543244,3.4641194506412676,1.1291910625806034,-16.657203724085157,18.394910955135344,46.74491298728623,-52.183448523885275,0.3400000000000034,-1.0999999999999943,0.2699999999999996,0.15000000000000036,239,3897,False,False,False,True,MA120上彎且收盤站上、近20日未破60日低位區、20日量低於120日均量、240扣抵偏有利
6570,,未入籃,,50,2026-09-09,48.45,0.0,-6.104651162790697,24.71042471042469,5.348668453500107,48.59090723536037,44.0788144003378,5.086429291168382,2.0233254103541265,-24.630079751941224,7.320212527127157,30.98125689084894,-51.49699278584758,0.4100000000000037,0.3500000000000014,1.8800000000000026,1.6900000000000013,457,221,False,False,False,True,近20日未破60日低位區、20日量低於120日均量、240扣抵偏有利
6579,研揚,未入籃,,50,2026-09-09,149.0,-5.696202531645566,-0.9966777408637828,48.57142857142856,48.42358334720151,145.788068181818,129.8303503787879,4.833650882714635,2.034993841470878,-20.320855614973265,21.972093023255823,31.690140845070424,-43.66718488220035,-0.23999999999999488,-1.2099999999999937,0.9099999999999993,1.0299999999999994,1170,1264,False,False,False,True,MA120上彎且收盤站上、近20日未破60日低位區、20日量低於120日均量、240扣抵偏有利
6585,鼎基,未入籃,,50,2026-09-09,105.5,-4.09090909090909,-6.63716814159292,27.65957446808511,-19.418036714282117,107.25649941314556,98.42468456572782,4.876934701489022,1.2942499063289148,-28.084008400840087,5.268335529205093,39.71327967806842,-62.77975598512171,-0.23000000000000398,-0.7999999999999972,0.9000000000000004,1.1800000000000015,442,489,False,False,False,True,近20日未破60日低位區、20日量低於120日均量、240扣抵偏有利
6642,,未入籃,,50,2026-09-09,77.2,10.285714285714299,-7.322929171668657,47.58364312267659,22.39062905548255,73.556856884058,63.30470108695634,6.150267752184946,3.7842704624855728,-23.564356435643564,47.23661843360005,44.17177914110428,-61.181736974162334,-7.329999999999998,-9.389999999999993,8.730000000000002,8.73,2081,2173,False,False,False,True,MA120上彎且收盤站上、近20日未破60日低位區、20日量低於120日均量、240扣抵偏有利
6664,,未入籃,,50,2026-09-09,353.5,12.759170653907503,-0.5625879043600568,60.0,54.038745387701226,371.77303818508517,319.8695735624439,3.7051667927719967,2.833453621496118,-26.948103038052317,29.33565387391093,34.72664008375843,-55.41647927035249,-2.270000000000003,-7.1200000000000045,1.6899999999999977,6.0099999999999945,1269,5660,False,False,False,True,近20日未破60日低位區、20日量低於120日均量、240扣抵偏有利
6788,,未入籃,,50,2026-09-09,347.0,13.398692810457513,-1.5602836879432647,49.171270718232044,16.886801084549713,390.5968468468472,331.9548864081468,1.6331889274166178,2.466383880252465,-34.48457942577468,36.500819336811,60.137457044673546,-78.63847739330102,-1.5399999999999991,-3.3800000000000026,2.4099999999999966,5.75,918,2878,False,False,False,True,近20日未破60日低位區、20日量低於120日均量、240扣抵偏有利
6789,采鈺,未入籃,,50,2026-09-09,475.5,18.726591760299627,1.6025641025640969,67.02127659574468,76.5841367160163,473.61894785847306,374.9314245810054,4.510802972085415,4.303243941753143,-25.518481570933528,61.00045397798208,54.16657538248075,-65.98623424086189,0.060000000000002274,-2.8499999999999943,0.3399999999999981,3.5999999999999996,1891,24736,False,False,False,True,MA120上彎且收盤站上、近20日未破60日低位區、20日量低於120日均量、240扣抵偏有利
6861,睿生光電,未入籃,,50,2026-09-09,185.5,2.4861878453038777,1.3661202185792254,42.142857142857146,29.44895151681236,262.63571820175446,167.85464364035093,4.262779590490751,7.424742395258743,-61.89214758751183,211.2141280353201,142.85714285714283,-60.57856942053793,-1.4300000000000068,-5.3600000000000065,2.9400000000000013,4.490000000000002,1476,2611,False,False,False,True,近20日未破60日低位區、20日量低於120日均量、240扣抵偏有利
6937,天虹,未入籃,,50,2026-09-09,291.0,22.012578616352197,2.8268551236749095,63.33333333333333,77.4549806873581,281.28052398989865,259.2247190656566,2.056346214890037,2.083819140335308,-18.395701816721743,11.874343780899643,37.77292576419213,-45.67331941619492,-0.6699999999999946,-2.229999999999997,0.4399999999999995,0.7899999999999991,335,758,False,False,False,True,MA120上彎且收盤站上、近20日未破60日低位區、20日量低於120日均量、240扣抵偏有利
6957,裕慶-KY,未入籃,,50,2026-09-09,220.5,6.371125147924461,0.4555808656036442,55.95238095238095,63.776189237165006,184.58925977138654,183.60515993731593,5.114737181194906,2.8332942495153723,-11.288945822580388,22.867181989046426,40.37940379403795,-48.14097407349407,0.29999999999999716,0.09999999999999432,-0.2600000000000007,-0.08000000000000007,44,64,False,False,False,True,MA120上彎且收盤站上、近20日未破60日低位區、20日量低於120日均量、240扣抵偏有利
6983,,未入籃,,50,2026-09-09,351.5,22.47386759581882,-0.9859154929577452,64.91228070175438,75.63415482338172,376.4,272.08125,1.318977119784659,5.875915071624882,-36.09090909090909,126.77419354838707,42.142857142857146,-47.56193361970479,-5.789999999999999,-6.43,7.690000000000001,8.92,1561,2249,False,False,False,True,近20日未破60日低位區、20日量低於120日均量、240扣抵偏有利
7734,,未入籃,,50,2026-09-09,2980.0,-3.5598705501618144,3.114186851211076,55.63139931740614,61.30624276948894,3062.0416666666665,2080.945833333333,7.418072324378033,8.059448956895388,-35.706580366774546,164.8888888888889,53.16205533596838,-29.167995003738888,0.23000000000000398,-1.0799999999999983,0.07000000000000206,-0.21999999999999886,1371,3715,False,False,False,True,近20日未破60日低位區、20日量低於120日均量、240扣抵偏有利
8027,鈺太,未入籃,,50,2026-09-09,178.0,13.015873015873014,-1.9283746556473802,56.52173913043478,49.90694610030086,198.1416666666667,148.0670833333334,7.208880792850647,5.469649662246412,-40.06734006734006,97.99777530589542,83.80281690140845,-59.50233011280173,-7.970000000000002,-11.860000000000003,7.47999999999999,10.999999999999993,10667,15847,False,False,False,True,近20日未破60日低位區、20日量低於120日均量、240扣抵偏有利
8046,南電,未入籃,,50,2026-09-09,1110.0,26.27986348122866,5.213270142180093,42.608695652173914,29.15720046468879,950.2271465968588,629.3315924956371,13.838383620859073,15.088119751682427,-21.5547703180212,519.6821648101436,78.66161616161615,-21.77272936398188,-0.6599999999999824,-3.769999999999996,0.9000000000000021,3.1500000000000004,16586,60167,False,False,False,True,MA120上彎且收盤站上、近20日未破60日低位區、20日量低於120日均量、240扣抵偏有利
8050,,未入籃,,50,2026-09-09,55.8,-8.223684210526317,-1.0638297872340496,43.68932038834949,25.646747230328952,51.24849603174597,47.51958316798936,5.727872933116496,1.078112956902988,-19.596541786743526,15.543138866064087,40.06256396949648,-41.431291755057174,-1.509999999999998,-1.5399999999999991,0.7100000000000009,0.629999999999999,616,4675,False,False,False,True,MA120上彎且收盤站上、近20日未破60日低位區、20日量低於120日均量、240扣抵偏有利
8071,,未入籃,,50,2026-09-09,22.85,13.965087281795508,-1.7204301075268713,41.0526315789474,12.829319049128292,21.980416666666653,19.971458333333374,5.461706083444939,2.326996360065281,-34.900284900284895,28.73239436619719,82.81250000000003,-70.13222886388833,-2.3600000000000065,-1.6000000000000014,1.519999999999996,2.3999999999999986,462,1796,False,False,False,True,MA120上彎且收盤站上、近20日未破60日低位區、20日量低於120日均量、240扣抵偏有利
8081,致新,未入籃,,50,2026-09-09,251.0,3.9337474120082705,-1.3752455795677854,41.111111111111114,20.548907284084557,255.27409654800425,233.5117448759436,1.9408094630763983,1.3652784914903293,-25.40861812778603,21.9845551343955,46.94323144104804,-63.77683536181089,-0.1799999999999926,-0.09999999999999432,0.610000000000003,1.2700000000000031,649,1465,False,False,False,True,近20日未破60日低位區、20日量低於120日均量、240扣抵偏有利
8091,,未入籃,,50,2026-09-09,212.0,3.667481662591676,-1.3953488372092981,38.33333333333333,16.015353770651007,221.57109495351926,169.80750713811435,6.870524633966935,5.811388658596761,-30.148270181219104,84.29508825813228,60.58201058201058,-75.14703899597693,-1.3000000000000043,-0.9500000000000028,0.120000000000001,0.5399999999999991,595,1137,False,False,False,True,近20日未破60日低位區、20日量低於120日均量、240扣抵偏有利
8112,至上,未入籃,,50,2026-09-09,86.5,12.77705345501956,-4.41988950276243,25.000000000000014,-4.58558646219087,84.59036688195185,74.55616767581631,3.97348631329848,6.132403554598609,-14.778325123152714,120.160213654736,38.095238095238095,-49.724240252154964,-2.9399999999999977,-11.229999999999997,2.8199999999999967,8.0,10795,21679,False,False,False,True,MA120上彎且收盤站上、近20日未破60日低位區、20日量低於120日均量、240扣抵偏有利
8147,,未入籃,,50,2026-09-09,134.5,22.831050228310513,-0.37037037037036535,64.13043478260869,82.4130723157577,143.74751082251103,126.58143127705632,-0.2572555044849767,1.0918185037377182,-30.545728895967816,19.280161243881366,54.08163265306125,-66.43558771911141,-0.730000000000004,-2.5600000000000023,2.4700000000000006,3.7300000000000004,834,1381,False,False,False,True,近20日未破60日低位區、20日量低於120日均量、240扣抵偏有利
8155,,未入籃,,50,2026-09-09,348.0,34.883720930232556,-0.1434720229555264,60.633484162895925,60.184134127777824,346.8422304761902,260.42342619047616,7.039331962144302,6.669034964976772,-26.415149054634025,144.4341069465444,66.82881682734443,-60.63024308286218,-4.539999999999992,-11.43,1.6900000000000013,7.27,409,5758,False,False,False,True,MA120上彎且收盤站上、近20日未破60日低位區、20日量低於120日均量、240扣抵偏有利
8255,,未入籃,,50,2026-09-09,138.5,5.725190839694649,-4.482758620689653,36.666666666666664,-6.3723688182416,150.50342948718017,138.41193376068395,2.6055481687284443,1.028942259241994,-39.471531505283565,4.082163537040073,82.32505873940134,-74.32460664188211,-0.47000000000000597,-0.1700000000000017,1.3599999999999994,-0.10000000000000142,2619,1930,False,False,False,True,近20日未破60日低位區、20日量低於120日均量、240扣抵偏有利
8261,富鼎,未入籃,,50,2026-09-09,170.5,-2.8490028490028463,-5.540166204986152,41.66666666666667,12.269556906014225,175.9409746168582,134.45906130268196,8.596176542355916,6.326208316534676,-54.53733962141267,93.06408788005001,141.1788077022582,-23.982853097893177,-7.200000000000003,-1.5300000000000011,7.290000000000003,6.380000000000003,8344,9350,False,False,False,True,近20日未破60日低位區、20日量低於120日均量、240扣抵偏有利
8271,宇瞻,未入籃,,50,2026-09-09,217.5,-2.2471910112359605,0.23041474654377225,30.37974683544303,12.063125338091261,205.920649100257,155.10763431876606,8.172714144311065,9.725464920823379,-17.862458024738103,247.2585627971291,50.30120481927711,-24.40169205252536,-4.930000000000007,-5.43,4.25,4.389999999999997,2892,2820,False,False,False,True,MA120上彎且收盤站上、近20日未破60日低位區、20日量低於120日均量、240扣抵偏有利
8299,,未入籃,,50,2026-09-09,2085.0,37.623762376237615,3.473945409429291,58.18181818181818,48.8595508342483,2083.5975014245037,1709.1598395113606,2.0068338075532655,8.423685615462762,-27.075620738342852,260.39546967089,83.43586194658859,-23.56312767571065,-8.720000000000006,-6.830000000000005,7.530000000000001,5.82,53253,53935,False,False,False,True,MA120上彎且收盤站上、近20日未破60日低位區、20日量低於120日均量、240扣抵偏有利
8905,,未入籃,,50,2026-09-09,34.85,14.262295081967213,1.9005847953216248,56.71641791044782,66.34428766555425,33.77708333333332,31.234375000000018,-1.3159496506221169,1.6978469970561072,-16.22596153846154,16.36060100166945,,-65.89400588946306,0.0,-0.01999999999999602,0.010000000000000231,0.0,47,756,False,False,False,True,近20日未破60日低位區、20日量低於120日均量、240扣抵偏有利
2029,盛餘,未入籃,,45,2026-09-09,21.5,4.622871046228716,-1.3761467889908285,40.81632653061223,26.273231176084405,20.39889916467779,20.52885540970566,1.0033850415316792,-0.1312397635609419,-4.867256637168149,-1.4079882676764632,15.306122448979597,50.34780670901922,0.20999999999999375,0.35999999999999943,-0.1899999999999995,-0.4299999999999997,-242,-548,False,True,False,True,MA120上彎且收盤站上、散戶或總股東下降支撐、近20日未破60日低位區
2201,裕隆,未入籃,,45,2026-09-09,30.5,15.179475200498338,-1.9292604501607746,65.37706183518941,70.41522138313367,27.443212485681595,29.885895618556635,0.4232803467661528,-0.8020644513711539,-28.26191856024325,-1.8976078733925816,22.43110949248677,33.842097353960355,0.18999999999999773,0.8700000000000045,-0.2500000000000018,-0.5700000000000021,-1746,-3868,False,True,False,True,MA120上彎且收盤站上、散戶或總股東下降支撐、近20日未破60日低位區
2354,鴻準,未入籃,,45,2026-09-09,64.5,21.698113207547177,-1.6768292682926789,66.66666666666666,67.71129706725682,56.48809848484846,59.136651515151556,2.508368537625416,-0.7845620208177029,-12.05781005974369,-6.344051956280694,31.25,3.0869298459887062,-0.21000000000000085,-2.430000000000007,-0.37000000000000455,1.2899999999999956,-3396,9023,False,True,False,True,MA120上彎且收盤站上、散戶或總股東下降支撐、近20日未破60日低位區
2364,倫飛,未入籃,,45,2026-09-09,65.6,9.115481244043977,-2.670623145400608,29.096825689200017,26.132052486453855,61.28267361111113,60.858763020833216,3.8174633869447305,-0.06485868770963465,-17.495087121708387,-8.869112220533982,39.0092879256966,82.87479786434058,-0.769999999999996,-0.769999999999996,0.8499999999999979,-0.10000000000000142,126,-1537,False,True,False,True,MA120上彎且收盤站上、散戶或總股東下降支撐、近20日未破60日低位區
2723,美食-KY,未入籃,,45,2026-09-09,79.2,28.780487804878053,-3.9999999999999925,73.6842105263158,63.03512777842813,66.95249999999987,69.00875000000005,0.7625258669341939,-0.5918118686489282,-5.714285714285716,2.990897269180759,38.6138613861386,91.27382549103464,0.28999999999999204,-0.28000000000001535,-0.2400000000000002,-0.34999999999999964,-169,-274,False,True,False,True,MA120上彎且收盤站上、散戶或總股東下降支撐、近20日未破60日低位區
3130,一零四,未入籃,,45,2026-09-09,209.5,2.195121951219514,-0.23809523809523725,36.8421052631579,22.427248599198624,207.10021417797947,208.26056193439052,0.1484041593134977,-0.0019556222477623564,-2.558139534883719,-1.561887412797336,6.172839506172845,35.10708416690485,-0.3999999999999986,-0.1599999999999966,-0.060000000000002274,-0.4800000000000004,-46,-209,False,True,False,True,MA120上彎且收盤站上、散戶或總股東下降支撐、近20日未破60日低位區
3219,,未入籃,,45,2026-09-09,88.8,58.85509838998211,-2.7382256297918905,76.47058823529413,72.00035876431502,71.95403530005021,68.14419503277874,4.337041233169758,-0.894100744158921,-16.050526893900397,-10.674452261490064,81.98874296435272,39.09785823513414,-0.18000000000000682,0.4999999999999858,-0.8200000000000003,-0.2600000000000007,-327,31,False,True,False,True,MA120上彎且收盤站上、散戶或總股東下降支撐、近20日未破60日低位區
3230,,未入籃,,45,2026-09-09,41.85,16.41168289290682,-1.1806375442739103,51.0791366906475,31.159189741794496,39.03208333333337,40.86395833333333,0.8819918585366793,-2.3128526676992167,-36.686838124054454,-35.51617873651772,104.2553191489362,-18.21228667975766,-0.490000000000002,-1.1500000000000057,0.3199999999999985,1.2199999999999989,-8,788,False,True,False,True,MA120上彎且收盤站上、散戶或總股東下降支撐、近20日未破60日低位區
3564,,未入籃,,45,2026-09-09,48.3,16.666666666666675,-3.784860557768932,56.28571428571428,67.3607060732414,45.22138524337649,47.013708872458515,0.6105177646031024,-1.9955915917346023,-22.826291448642866,-12.536463641795248,54.4153583378179,1.7746225521965364,-0.29999999999999716,-1.0,-0.5300000000000011,-0.5799999999999983,-98,-205,False,True,False,True,MA120上彎且收盤站上、散戶或總股東下降支撐、近20日未破60日低位區
4976,佳凌,未入籃,,45,2026-09-09,37.7,0.0,-1.5665796344647376,48.62385321100918,39.564654914506654,33.80166666666666,33.332708333333294,4.115918220670722,-1.1894542467716263,-21.865284974093257,-21.129707112970696,45.779220779220765,47.63039325201031,-0.980000000000004,0.46999999999999886,-0.4399999999999977,-1.1799999999999926,-422,-239,False,True,False,True,MA120上彎且收盤站上、散戶或總股東下降支撐、近20日未破60日低位區
5529,,未入籃,,45,2026-09-09,25.0,18.764845605700707,2.459016393442637,84.6938775510204,97.54164962134352,22.374240679824542,24.092974232456115,-2.2609371720052285,-1.43773689373351,-15.136897583634823,-4.529009781589166,26.097560975609756,26.618873825949585,0.13999999999998636,0.35999999999999943,-0.08999999999999986,-0.41000000000000014,-42,-201,False,True,False,True,散戶或總股東下降支撐、近20日未破60日低位區
6517,,未入籃,,45,2026-09-09,66.8,2.9275808936825687,-3.4682080924855585,50.16722408026755,43.54321954171277,62.94296681525519,62.660895245170835,2.5472178964723424,-0.27752853424851676,-19.240193436662423,1.0692253736443558,39.43311734399493,-10.432143996853082,0.19000000000000128,0.3200000000000003,-2.960000000000001,-3.8400000000000034,-240,-1067,False,True,False,True,MA120上彎且收盤站上、散戶或總股東下降支撐、近20日未破60日低位區
6885,全福生技,未入籃,,45,2026-09-09,26.65,28.743961352657,10.580912863070523,82.44680851063828,104.42671079101015,22.49166666666662,25.83416666666666,-2.9049374943789785,-3.4319489763338207,-20.684523809523814,-18.37672281776417,33.167082294264326,26.997049262129025,0.3399999999999963,1.75,-0.07000000000000206,-0.4599999999999991,146,-287,True,True,False,True,大戶4/8週累積、散戶或總股東下降支撐、近20日未破60日低位區
6967,,未入籃,,45,2026-09-09,66.0,-3.649635036496346,-4.624277456647407,17.391304347826093,-12.730120923003316,71.82166666666679,68.23708333333333,0.9014704505010629,1.635915672146604,-25.842696629213478,-2.5110782865583547,26.46153846153847,-18.20464889092326,0.0,0.21000000000000796,0.8100000000000005,0.16000000000000014,19,-28,False,True,False,True,散戶或總股東下降支撐、近20日未破60日低位區
6969,成信實業*-創,未入籃,,45,2026-09-09,34.5,22.557726465364137,3.293413173652704,49.23076923076922,58.79104422571546,29.462916666666686,31.354186329588067,2.2588902225628704,-1.6419328598980876,-18.195260360468378,-11.464490643291725,73.04347826086955,19.764526655193592,-0.5800000000000125,-2.20000000000001,-0.17999999999999972,-0.6499999999999995,-17,-100,False,True,False,True,MA120上彎且收盤站上、散戶或總股東下降支撐、近20日未破60日低位區
7743,,未入籃,,45,2026-09-09,21.95,4.52380952380953,1.1520737327188835,63.99999999999997,92.8587985639509,18.878749999999993,20.89729166666666,0.5392091598987347,-2.4990765761387257,-23.784722222222232,-23.38568935427574,,17.280896369986444,0.0,0.01999999999999602,-0.3199999999999994,-0.6999999999999993,-28,-69,False,True,False,True,MA120上彎且收盤站上、散戶或總股東下降支撐、近20日未破60日低位區
8084,,未入籃,,45,2026-09-09,45.4,11.38196156876119,-0.3293084522502765,34.78237968624248,25.17003432871729,45.551965529495305,48.372050106609755,-1.2982875060826626,1.1960556161222158,-32.2058398381035,0.6931800877895578,39.40149625935161,120.2553223125574,1.3599999999999994,2.0799999999999983,-0.5299999999999994,-0.8600000000000012,-146,-307,True,True,False,True,大戶4/8週累積、散戶或總股東下降支撐、近20日未破60日低位區
9921,巨大,未入籃,,45,2026-09-09,98.5,14.707612043716978,-0.4044489383215444,36.58029240461189,29.54449821373632,78.48963124999993,85.28804062500025,5.282739523675217,-0.021420125284887792,-11.670085527569473,-0.2443254465585687,56.121045392022005,15.937892563842372,-0.35999999999999943,-0.4199999999999875,-0.2400000000000002,-0.33000000000000007,-577,-1110,False,True,False,True,MA120上彎且收盤站上、散戶或總股東下降支撐、近20日未破60日低位區
9945,潤泰新,未入籃,,45,2026-09-09,28.2,8.253358925143939,-0.8787346221441172,29.11392405063289,34.714925079154774,25.244970125786185,26.77300078616351,0.9635294912931025,-0.06316910842196766,-8.58995137763372,-2.578609792981168,22.42063492063493,-1.0095324666755667,0.20999999999999375,-0.20000000000000284,-0.16999999999999815,-0.27999999999999936,-1513,-3294,False,True,False,True,MA120上彎且收盤站上、散戶或總股東下降支撐、近20日未破60日低位區
1227,佳格,未入籃,,40,2026-09-09,28.55,-4.194630872483218,0.0,36.95652173913052,26.90080742405403,28.30767835281021,28.653075125208716,0.24134409706049187,-0.05676057006427371,-12.482606753211133,-1.0357953848397328,10.733696899728272,-46.395713461118895,-0.5900000000000034,-1.0999999999999943,0.0600000000000005,0.07000000000000028,-159,-440,False,True,False,True,MA120上彎且收盤站上、散戶或總股東下降支撐、近20日未破60日低位區、20日量低於120日均量
1231,聯華食,未入籃,,40,2026-09-09,80.5,-0.27254707631317876,-0.1240694789081842,29.78723404255321,37.875321354397926,79.54007918050944,85.45215143964569,0.5119118497300956,-3.8173983803058698,-33.045434951606545,-32.29030827812842,11.736731345039185,-24.07769357102717,-0.1700000000000017,-0.29000000000000625,0.03999999999999915,0.14999999999999858,-167,-530,False,True,False,True,MA120上彎且收盤站上、散戶或總股東下降支撐、近20日未破60日低位區、20日量低於120日均量
1233,天仁,未入籃,,40,2026-09-09,28.2,-2.590673575129532,0.7142857142857117,58.69565217391302,53.628280629707234,28.539166666666674,30.06604166666671,-2.3160957243503533,-0.7120645054763175,-16.32047477744808,-7.843137254901967,9.255898366606164,-24.71153667110112,0.3400000000000034,1.1700000000000017,-0.05999999999999961,-0.11000000000000032,-67,-121,True,True,False,True,大戶4/8週累積、散戶或總股東下降支撐、近20日未破60日低位區、20日量低於120日均量
1234,黑松,未入籃,,40,2026-09-09,33.45,-1.9061583577712593,0.0,48.484848484848605,52.38772994200402,33.49187052932764,34.60756616595122,-0.7662477143600577,-0.9619497862928816,-9.980942480942456,-9.980942480942456,4.3939393939393945,-46.14148580762606,-0.09000000000000341,-0.2600000000000051,-0.010000000000000675,0.03999999999999915,-113,-227,False,True,False,True,散戶或總股東下降支撐、近20日未破60日低位區、20日量低於120日均量
1235,興泰,未入籃,,40,2026-09-09,39.05,4.4117647058823595,2.6281208935611033,65.76086956521738,91.43845017952817,39.002083333333296,43.38749999999998,-1.629955021228291,-4.504248382496556,-42.23372781065089,-36.50406504065041,14.387464387464387,-45.31039630789787,-0.1700000000000017,-0.10999999999999943,0.010000000000000009,-0.020000000000000018,-25,-84,False,True,False,True,散戶或總股東下降支撐、近20日未破60日低位區、20日量低於120日均量
1295,,未入籃,,40,2026-09-09,45.4,-2.470461868958107,0.11025358324145973,47.619047619047585,26.44217776675083,51.965000000000025,73.57541666666663,-8.361071310481648,-9.089224163451092,-68.25174825174824,-66.49446494464945,20.13274336283184,-39.80170744886633,0.23999999999999488,0.38999999999999346,-0.6900000000000013,-1.0100000000000016,-122,-281,False,True,False,True,散戶或總股東下降支撐、近20日未破60日低位區、20日量低於120日均量
1319,東陽,未入籃,,40,2026-09-09,79.6,12.907801418439702,-3.6319612590799077,32.99999999999993,4.183260401115372,78.884936155914,85.56992271505364,-1.4884932061671963,-1.1835245424240526,-27.737023208141153,-10.53889746151948,44.92392629407351,-40.86831241871343,2.9599999999999937,1.3599999999999852,-1.3900000000000006,-0.2500000000000018,-2797,-311,True,True,False,True,大戶4/8週累積、散戶或總股東下降支撐、近20日未破60日低位區、20日量低於120日均量
1321,大洋,未入籃,,40,2026-09-09,32.5,1.0886469673405896,0.0,51.807228915662634,49.20887337099831,31.55375000000002,33.290416666666644,-0.4966691631518527,-0.9963070835242616,-11.564625850340137,-9.722222222222221,12.913907284768221,-36.085205391015826,-0.07000000000000739,0.45999999999999375,-0.08999999999999986,-0.1599999999999997,-74,-187,False,True,False,True,散戶或總股東下降支撐、近20日未破60日低位區、20日量低於120日均量
1325,恆大,未入籃,,40,2026-09-09,26.4,-0.37735849056603765,3.52941176470587,50.63291139240503,79.79815238171453,26.341249999999988,28.282083333333386,-1.3790306225917481,-0.7203504486650192,-27.27272727272727,-6.7137809187279185,23.319327731092443,-54.75574435824919,0.7100000000000009,1.1400000000000006,-0.519999999999996,-1.4499999999999993,-187,918,True,True,False,True,大戶4/8週累積、散戶或總股東下降支撐、近20日未破60日低位區、20日量低於120日均量
1339,昭輝,未入籃,,40,2026-09-09,43.0,4.492730803547995,0.0,52.307469240647904,43.87340143218641,40.90960043196541,40.99886069114463,1.2201528150220353,0.36485751992638704,-6.623235613463619,3.6586953239301723,14.134641635484746,-14.83585289316338,-0.14999999999999147,-0.01999999999999602,0.7299999999999986,1.0299999999999994,230,324,False,False,False,True,MA120上彎且收盤站上、近20日未破60日低位區、240扣抵偏有利
1423,利華,未入籃,,40,2026-09-09,35.5,-0.5602240896358635,0.14104372355430161,58.974358974359035,57.257624510708624,38.92250000000004,38.31916666666673,-1.4048234735342002,-0.5353608548469002,-22.14912280701755,-7.310704960835501,33.724340175953074,-92.7654794597363,0.8199999999999932,1.3199999999999932,-0.05999999999999961,-0.13999999999999968,-68,-198,True,True,False,True,大戶4/8週累積、散戶或總股東下降支撐、近20日未破60日低位區、20日量低於120日均量
1436,華友聯,未入籃,,40,2026-09-09,37.0,3.93258426966292,-3.520208604954367,33.67346938775508,11.77224659229398,41.31103200883006,48.683539827078796,-4.351773655483626,-4.4070548905706275,-46.81706765664787,-42.799126339499004,23.29976282737558,-59.32293610739584,-0.3299999999999983,-0.46000000000000796,0.41999999999999993,0.33000000000000185,195,-94,False,True,False,True,散戶或總股東下降支撐、近20日未破60日低位區、20日量低於120日均量
1472,三洋實業,未入籃,,40,2026-09-09,89.5,0.11185682326622093,-0.444938820912133,61.29032258064518,68.10000102096623,89.93416666666664,89.9533333333334,-0.30760988046629745,-0.2789941429706233,-9.687184661957616,-1.104972375690605,12.515188335358452,-49.80202935821865,-0.6799999999999926,0.1700000000000017,-0.020000000000000018,-0.06999999999999984,-5,-35,False,True,False,True,散戶或總股東下降支撐、近20日未破60日低位區、20日量低於120日均量
1473,台南,未入籃,,40,2026-09-09,20.1,1.7721518987341867,0.0,60.00000000000014,72.48028105481886,20.773171850079713,22.966382575757564,-3.1674898189387624,-1.578877311339033,-37.88040102918995,-18.606138107416882,9.278350515463929,-56.03046741078017,-0.4299999999999926,-0.2499999999999858,0.009999999999999787,-0.06999999999999851,-121,-306,False,True,False,True,散戶或總股東下降支撐、近20日未破60日低位區、20日量低於120日均量
1515,力山,未入籃,,40,2026-09-09,30.7,8.480565371024728,-0.32467532467532756,33.1858407079646,21.669824447766455,27.991892033542946,27.468679245283024,4.744604210021386,0.7198089503293925,-31.92904656319291,-0.6553373359112546,93.56223175965665,52.220357713486365,-2.019999999999996,-2.6799999999999997,0.9299999999999997,1.0500000000000007,661,592,False,False,False,True,MA120上彎且收盤站上、近20日未破60日低位區
1535,中宇,未入籃,,40,2026-09-09,45.3,-2.4757804090419944,-0.11025358324145973,36.53846153846153,1.0629159424247758,47.13468770709078,48.64120236911862,-0.5056323755795566,-1.1467922419445054,-14.586613287751337,-12.092791777904665,6.726455426731626,-54.427084410941106,0.03999999999999204,0.06999999999999318,-0.040000000000000924,-0.030000000000001137,-43,-201,False,True,False,True,散戶或總股東下降支撐、近20日未破60日低位區、20日量低於120日均量
1536,和大,未入籃,,40,2026-09-09,48.0,4.8034934497816595,-3.6144578313252906,35.802469135802454,1.7056796005427284,50.51833333333333,55.018333333333345,-2.3218342651821433,-2.5419225318847216,-30.73593073593073,-28.358208955223883,27.67857142857144,-53.5108762126446,-1.740000000000002,-1.9100000000000037,0.9699999999999989,0.46999999999999886,580,-768,False,True,False,True,散戶或總股東下降支撐、近20日未破60日低位區、20日量低於120日均量
1565,,未入籃,,40,2026-09-09,98.6,8.351648351648343,0.0,64.84374999999996,69.00577736398054,97.75499999999995,110.35666666666629,-2.079350901942467,-3.4399851299189987,-31.048951048951057,-28.02919708029198,11.72566371681416,-28.55550887162357,0.46000000000000085,2.289999999999999,-0.8999999999999986,-1.6700000000000017,-163,-708,True,True,False,True,大戶4/8週累積、散戶或總股東下降支撐、近20日未破60日低位區、20日量低於120日均量
1591,,未入籃,,40,2026-09-09,37.3,-6.7500000000000115,4.335664335664324,58.08080808080805,83.89237734087509,45.49208333333327,47.78125,-4.931036884817663,-2.4237705650359764,-46.484935437589684,-26.574803149606296,112.19903691813803,-58.231612262715316,-1.9299999999999997,-4.240000000000002,-0.5199999999999996,3.419999999999998,-305,2420,False,True,False,True,散戶或總股東下降支撐、近20日未破60日低位區、20日量低於120日均量
1597,直得,未入籃,,40,2026-09-09,151.5,39.077305970073105,-2.2580645161290325,59.64912280701754,80.0141607694151,138.90482654320965,107.47879506172828,8.572553667588267,4.626576351206091,-31.0906560917511,87.31814272722025,62.745098039215684,5.4829455775204705,-8.530000000000001,-3.6099999999999994,8.499999999999996,6.159999999999997,5624,6256,False,False,False,True,MA120上彎且收盤站上、近20日未破60日低位區、240扣抵偏有利
1599,,未入籃,,40,2026-09-09,23.0,-5.737704918032782,0.4366812227074357,50.0,37.83739361473684,24.01874999999998,25.792356757877293,-2.5904897090135215,-2.5233553139496268,-25.806451612903224,-21.753347866708182,10.666666666666668,-56.64997795238163,-0.6200000000000045,-1.4000000000000057,-0.17999999999999616,0.05000000000000426,-183,-433,False,True,False,True,散戶或總股東下降支撐、近20日未破60日低位區、20日量低於120日均量
1608,華榮,未入籃,,40,2026-09-09,37.0,34.301270417422856,1.3698630136986356,61.90476190476188,60.15919090345946,32.31345125786164,32.55980607966457,2.3418470381582734,2.336463473780981,-5.767967836491483,31.610738255033553,46.81647940074909,-8.978166050101589,0.2600000000000051,-0.28999999999999204,0.6000000000000014,0.8200000000000021,1879,2220,False,False,False,True,MA120上彎且收盤站上、近20日未破60日低位區、240扣抵偏有利
1614,三洋電,未入籃,,40,2026-09-09,30.6,-2.2364217252396124,0.0,46.875000000000064,23.956745190429235,30.912244855967096,32.26163348765433,-0.9658647280147314,-1.4001614290031883,-18.595137171184305,-14.397871516509952,3.909595744486194,-21.680649128977215,0.10999999999999943,0.1799999999999926,-0.040000000000000036,-0.040000000000000036,-2,-39,False,True,False,True,散戶或總股東下降支撐、近20日未破60日低位區、20日量低於120日均量
1732,毛寶,未入籃,,40,2026-09-09,26.05,2.1250657714340537,-0.19157088122605526,55.846174341667,70.62936257628961,25.783102551984843,26.734617202268414,-0.2650753957164409,-0.5824552652229698,-20.195682136693737,-5.143622183828156,16.535433070866155,-57.78550295355402,0.0,0.0,-0.7899999999999991,-1.1400000000000006,-221,-629,False,True,False,True,散戶或總股東下降支撐、近20日未破60日低位區、20日量低於120日均量
1736,喬山,未入籃,,40,2026-09-09,126.0,-2.9606481138642393,0.3984063745019917,40.816326530612244,36.159659800423896,121.28780448717949,133.8984935897439,-0.16230770316527643,-0.7410151203864679,-30.20431642414301,-6.102209865573682,38.73916100304664,-36.75164027411616,-0.1699999999999875,-0.5699999999999932,0.1200000000000001,0.19999999999999973,-40,104,False,True,False,True,散戶或總股東下降支撐、近20日未破60日低位區、20日量低於120日均量
1752,南光,未入籃,,40,2026-09-09,31.7,-0.15748031496063408,-0.47095761381475976,45.454545454545475,39.85448430088151,32.13474397590355,33.929620983935735,-1.6670804041436948,-0.7855066096334351,-15.789979036310386,-11.65765705268107,6.031616403196649,-38.40516820466227,0.06999999999999318,0.18999999999999773,-0.10999999999999943,-0.39000000000000057,-133,-312,False,True,False,True,散戶或總股東下降支撐、近20日未破60日低位區、20日量低於120日均量
1760,寶齡富錦,未入籃,,40,2026-09-09,55.9,-4.7700170357751315,-0.7104795737122527,16.27906976744191,3.1285501182071545,60.37745257452577,61.722516937669404,-0.3545065605237818,-1.3951776495360058,-24.37304764837873,-18.506358819973702,19.748653500897674,-53.23747948256996,-0.39000000000000057,0.4399999999999977,0.060000000000002274,-0.18999999999999773,-93,-260,False,True,False,True,散戶或總股東下降支撐、近20日未破60日低位區、20日量低於120日均量
1783,和康生,未入籃,,40,2026-09-09,37.6,-0.8505529790080124,-1.8276762402088642,36.72386735807859,1.8389799473430661,38.27893742442567,40.10155154171694,-1.2764485692257743,-0.47386741913931774,-19.117595418904177,-9.274271784465405,10.329817484183689,-27.21295338186347,-0.0899999999999963,-0.509999999999998,-0.02999999999999936,0.3000000000000007,-141,-118,False,True,False,True,散戶或總股東下降支撐、近20日未破60日低位區、20日量低於120日均量
1784,,未入籃,,40,2026-09-09,59.9,6.394316163410307,1.1824324324324342,41.1111111111111,27.94449038871802,68.49250000000006,81.93174687625945,-7.432143259376012,-1.6657385233591504,-49.237288135593225,-28.04429598676199,36.66666666666667,-63.88336602892407,0.07000000000000028,-2.020000000000003,0.19999999999999574,-0.22000000000000597,-72,-1537,False,True,False,True,散戶或總股東下降支撐、近20日未破60日低位區、20日量低於120日均量
1786,科妍,未入籃,,40,2026-09-09,44.7,-8.96130346232179,-4.994686503719437,32.86713286713287,3.3871055732083053,54.54204345434546,66.70760258525858,-5.602387833944567,-4.599985185689571,-58.419179104133946,-47.72965889647642,27.313769751693016,-40.10316004256239,2.240000000000002,1.1600000000000037,-0.8900000000000006,-1.2699999999999996,-296,1429,True,True,False,True,大戶4/8週累積、散戶或總股東下降支撐、近20日未破60日低位區、20日量低於120日均量
1795,美時,未入籃,,40,2026-09-09,179.0,4.718056627834266,-1.6483516483516536,20.8927457507356,21.31911833984833,195.58109024179615,235.76835211571643,-6.3777711781180635,-0.12980823060291247,-50.26246566120456,-1.1934465688983042,27.27272727272727,-52.295429198315624,-0.20000000000000284,-3.990000000000002,0.18999999999999773,3.1599999999999966,-228,3377,False,True,False,True,散戶或總股東下降支撐、近20日未破60日低位區、20日量低於120日均量
1799,,未入籃,,40,2026-09-09,29.9,-7.858243451463798,0.6734006734006703,48.214285714285694,31.556570944383576,34.30458333333339,35.59333333333339,-1.0492284024807619,-3.4827950489511705,-45.833333333333336,-33.109619686800905,33.22033898305084,-46.9336014005483,0.3299999999999983,0.480000000000004,-0.11999999999999922,-0.379999999999999,-128,-271,False,True,False,True,散戶或總股東下降支撐、近20日未破60日低位區、20日量低於120日均量
1903,士紙,未入籃,,40,2026-09-09,47.85,-0.31249999999999334,0.41972717733473885,41.26984126984133,45.71552589327461,48.535000000000004,51.541250000000005,-1.4809489575844714,-0.881814430346306,-23.684210526315784,-8.857142857142852,11.956521739130444,-50.858431985767425,0.0899999999999892,-0.09000000000000341,0.010000000000000675,-0.019999999999999574,-72,-363,False,True,False,True,散戶或總股東下降支撐、近20日未破60日低位區、20日量低於120日均量
2020,美亞,未入籃,,40,2026-09-09,21.9,2.8169014084507005,0.22883295194506825,56.52173913043473,69.627611513466,21.835902087475137,21.926609509609005,-0.5258935199208947,-0.628878968095814,-8.217032303218662,-3.326956155439331,6.95443645083933,-40.90008171015268,0.02999999999999403,-0.1700000000000017,-0.22999999999999687,-0.16999999999999815,-523,-500,False,True,False,True,散戶或總股東下降支撐、近20日未破60日低位區、20日量低於120日均量
2061,風青,未入籃,,40,2026-09-09,47.1,-14.981949458483745,-12.777777777777777,44.15011037527594,9.849890836642762,40.39041666666666,29.413541666666696,16.02274087372839,10.492416534927763,-45.10489510489511,163.12849162011176,104.28571428571428,18.350626765612432,-2.6700000000000017,-0.28999999999999915,1.7799999999999994,1.1099999999999994,599,1818,False,False,False,True,MA120上彎且收盤站上、近20日未破60日低位區、240扣抵偏有利
2066,,未入籃,,40,2026-09-09,53.2,-5.720160962597887,-2.7422303473491727,33.121019108280294,18.31383234856708,54.808483836207024,53.26192387620056,1.4806629350701872,-1.2937348619906808,-27.209505038316685,-8.986379535265565,39.74467594118811,-25.75995514069963,-0.0799999999999983,-0.519999999999996,0.019999999999999574,-0.15000000000000036,25,-59,False,True,False,True,散戶或總股東下降支撐、近20日未破60日低位區、20日量低於120日均量
2072,世紀風電,未入籃,,40,2026-09-09,133.0,-11.036789297658867,-2.2058823529411797,20.967741935483872,10.524294937397752,166.05833333333334,212.0875,-11.737609071178634,-5.332167832167833,-58.566978193146426,-51.37111517367459,,-40.88693665457205,0.8199999999999932,1.0699999999999932,-0.4499999999999993,-0.2900000000000009,-636,-637,True,True,False,True,大戶4/8週累積、散戶或總股東下降支撐、近20日未破60日低位區、20日量低於120日均量
2228,劍麟,未入籃,,40,2026-09-09,76.0,-2.187902187902191,2.981029810298108,45.23809523809528,67.11963052148813,80.3901075268816,87.84594982078858,-2.5440448311889408,-2.7299701203174265,-34.96503496503497,-22.397891963109352,17.307409044041844,-34.432633719032005,-0.04999999999999716,-0.37999999999999545,-0.5599999999999987,-0.3299999999999983,-169,-472,False,True,False,True,散戶或總股東下降支撐、近20日未破60日低位區、20日量低於120日均量
2230,,未入籃,,40,2026-09-09,22.15,4.976303317535535,-2.8508771929824706,35.915492957746466,20.727170386808602,26.474423026744912,56.103141552511275,-9.336453870504046,-9.999608931635207,-79.27693130179097,-77.86169734191327,36.585365853658544,-74.4271664238477,0.5099999999999909,-0.6000000000000014,-0.46000000000000085,-0.120000000000001,715,3250,True,True,False,True,大戶4/8週累積、散戶或總股東下降支撐、近20日未破60日低位區、20日量低於120日均量
2231,為升,未入籃,,40,2026-09-09,90.2,2.076953801091741,-0.44150110375275053,38.8235294117647,26.180073894768984,105.15950163398686,103.02790441176471,0.9151735059314436,-1.1669625275899542,-39.36833780911743,-38.3371870915854,48.31981460023176,-75.15276386936002,-0.8899999999999864,-0.03999999999999204,0.5500000000000025,0.4200000000000017,131,-51,False,True,False,True,散戶或總股東下降支撐、近20日未破60日低位區、20日量低於120日均量
2233,宇隆,未入籃,,40,2026-09-09,166.0,-8.539944903581265,-1.4836795252225476,36.220472440944874,25.37282650706964,241.2405548068283,225.43122753818534,-3.033893217767647,-2.154737091506087,-56.939491826432295,-22.706878267035645,99.10409446797588,-40.070691600940556,-7.300000000000004,-0.21000000000000085,1.8000000000000007,-1.8000000000000007,1047,-55,False,True,False,True,散戶或總股東下降支撐、近20日未破60日低位區、20日量低於120日均量
2247,汎德永業,未入籃,,40,2026-09-09,232.5,2.8761061946902755,0.4319654427645814,73.52941176470588,80.05366164151138,221.38416666666646,244.80811835534288,-1.5324807930255813,-1.7762758379866406,-22.339569347443355,-15.557579684292012,9.140406860789785,-58.485049117209584,0.4900000000000091,0.4900000000000091,0.0,-0.030000000000001137,-128,-364,False,True,False,True,散戶或總股東下降支撐、近20日未破60日低位區、20日量低於120日均量
2250,IKKA-KY,未入籃,,40,2026-09-09,56.2,4.872416199653151,-2.430555555555558,43.61432773578582,8.310902586422554,59.24298421615833,66.30801297485286,-1.8101364225523997,-4.0356416858519095,-40.95682967959527,-32.59912063880739,39.708561020036456,-53.95313524255323,-0.21999999999999886,0.1600000000000037,-0.3200000000000003,-0.7300000000000004,146,1708,False,True,False,True,散戶或總股東下降支撐、近20日未破60日低位區、20日量低於120日均量
2302,麗正,未入籃,,40,2026-09-09,42.0,22.98682284040996,-2.5522041763341052,44.3946188340807,19.81935081338552,33.84156783350754,26.092370471960926,14.139758826525783,9.570184316604347,-27.710843373493976,162.79176201372997,76.86453576864535,-19.424222814346294,-3.779999999999994,-5.210000000000001,3.5799999999999965,5.449999999999996,2966,4391,False,False,False,True,MA120上彎且收盤站上、近20日未破60日低位區、240扣抵偏有利
2308,台達電,未入籃,,40,2026-09-09,1795.0,20.06688963210703,-1.6438356164383605,54.90196078431373,47.73567815794003,1906.6036322869963,1477.4609910313889,4.262855810515909,6.599499284823862,-30.197831953745748,117.13430132318562,58.46960900007869,-18.37865901536332,-0.6099999999999994,-1.519999999999996,0.5299999999999994,1.08,86785,170041,False,False,False,True,近20日未破60日低位區、240扣抵偏有利
2324,仁寶,未入籃,,40,2026-09-09,38.9,11.621233859397417,-6.490384615384626,51.52671755725191,24.026344517769722,34.69675264550267,32.44362499999998,5.086961898825426,3.559823743720125,-18.534031413612574,45.252489331436706,35.391566265060234,32.881501875761465,-3.3300000000000054,-3.9100000000000037,3.24,3.460000000000001,76634,81535,False,False,False,True,MA120上彎且收盤站上、近20日未破60日低位區、240扣抵偏有利
2359,所羅門,未入籃,,40,2026-09-09,133.5,-2.5547445255474477,-5.98591549295775,13.43283582089552,14.322904695528784,132.40722422062353,130.97384592326154,3.640761550261895,0.0749080912878064,-27.04918032786885,-8.213384775189203,56.41025641025641,81.06906157454507,0.0799999999999983,-0.04000000000000625,0.7899999999999991,0.7899999999999991,4149,3959,False,False,False,True,MA120上彎且收盤站上、近20日未破60日低位區
2365,昆盈,未入籃,,40,2026-09-09,28.55,6.529850746268662,-2.0583190394511064,27.272727272727266,6.582001228003789,32.75655581039759,34.724034785932716,-2.372357472561437,-3.539764275878554,-36.32187436054839,-34.36366320762675,38.523202992785244,-72.90348496398785,0.8900000000000006,1.3900000000000006,-0.8800000000000097,-2.020000000000003,-1921,-2192,True,True,False,True,大戶4/8週累積、散戶或總股東下降支撐、近20日未破60日低位區、20日量低於120日均量
2368,金像電,未入籃,,40,2026-09-09,1100.0,50.89163237311385,5.263157894736836,55.36480686695279,62.907546157027724,1142.828634946237,871.3153997311813,3.569968998897455,6.122582605547167,-29.88669195954565,124.47624458747288,97.1850835049188,22.856599722998517,-0.5999999999999943,0.44000000000001194,0.14000000000000057,0.09000000000000075,5158,13588,False,False,False,True,近20日未破60日低位區、240扣抵偏有利
2385,群光,未入籃,,40,2026-09-09,106.5,4.92610837438423,-3.6199095022624417,48.71794871794872,40.3476582186833,114.26434397163099,115.90888297872328,-1.4609809270804353,-1.5523076794492385,-24.9291359839225,-17.7795298871532,22.479838709677423,-34.50551712828606,2.3499999999999943,3.1399999999999864,-1.1600000000000001,-1.4400000000000013,-3856,-4854,True,True,False,True,大戶4/8週累積、散戶或總股東下降支撐、近20日未破60日低位區、20日量低於120日均量
2395,研華,未入籃,,40,2026-09-09,653.0,18.727272727272727,-8.157524613220811,46.09375,12.534782690664173,494.6652783018866,396.92946635220085,13.465996260960878,8.000563784302027,-10.17881705639615,93.9086387702083,63.93762073758356,-15.444917387457735,-1.0499999999999972,-0.4299999999999926,0.27000000000000046,-0.1299999999999999,4453,3859,False,False,False,True,MA120上彎且收盤站上、近20日未破60日低位區、240扣抵偏有利
2417,圓剛,未入籃,,40,2026-09-09,38.1,0.0,-10.14150943396226,23.52941176470584,-9.920835395092418,43.52880136986301,40.843241438356166,2.930812425888396,-0.34376680873170473,-34.8470793275988,-11.216877507828727,38.14299118033402,-54.07128148151157,-0.8300000000000054,0.12999999999999545,0.6199999999999974,-0.8599999999999994,534,-1015,False,True,False,True,散戶或總股東下降支撐、近20日未破60日低位區、20日量低於120日均量
2426,鼎元,未入籃,,40,2026-09-09,99.5,97.8131212723658,-4.784688995215314,67.36990154711674,69.72930580793431,66.47420222355774,42.49117337740385,19.178040754934965,16.125799793305017,-10.360360360360366,487.7270516738905,145.03311258278146,131.6043263994263,-5.680000000000007,-4.420000000000002,5.079999999999998,4.299999999999997,6349,6290,False,False,False,True,MA120上彎且收盤站上、近20日未破60日低位區、240扣抵偏有利
2433,互盛電,未入籃,,40,2026-09-09,41.25,-1.6686531585220599,-0.8413461538461564,20.000000000000142,-17.03103164937851,42.100127418154734,43.461304873511914,-0.8464751126192271,-0.856103193545299,-10.781530618156554,-10.781530618156554,3.76670716889429,-54.96381951485294,0.28999999999999204,0.28999999999999204,-0.13000000000000078,-0.2400000000000002,-128,-232,False,True,False,True,散戶或總股東下降支撐、近20日未破60日低位區、20日量低於120日均量
2438,翔耀,未入籃,,40,2026-09-09,20.4,22.891566265060213,-6.849315068493156,65.16129032258061,76.43467599548464,21.12083333333336,21.985000000000056,-1.9270208567116476,-2.7319986727131873,-30.017152658662095,-21.53846153846154,46.875,-35.522900226200825,-0.17999999999999972,3.6499999999999986,0.3100000000000005,-1.0700000000000003,279,415,True,True,False,True,大戶4/8週累積、散戶或總股東下降支撐、近20日未破60日低位區、20日量低於120日均量
2453,凌群,未入籃,,40,2026-09-09,51.9,2.9761904761904656,0.19305019305020377,55.55555555555552,46.1061940126155,52.70104938271603,52.78877572016461,0.4722401742485838,-0.8513031086205936,-16.774231865695267,-14.426169441843417,12.345679012345666,-69.1774044451957,0.020000000000003126,0.15000000000000568,0.610000000000003,-0.860000000000003,590,-446,False,True,False,True,散戶或總股東下降支撐、近20日未破60日低位區、20日量低於120日均量
2455,全新,未入籃,,40,2026-09-09,533.0,95.59633027522936,0.9469696969697017,72.24264705882354,85.46032762464984,357.8382314457312,259.722545045045,12.680337742338477,10.72076988424493,-3.963963963963968,249.59791778112307,117.64705882352939,16.79303664950249,-3.0799999999999983,-0.7700000000000031,1.4999999999999964,0.01999999999999602,4337,5887,False,False,False,True,MA120上彎且收盤站上、近20日未破60日低位區、240扣抵偏有利
2457,飛宏,未入籃,,40,2026-09-09,22.75,8.076009501187652,0.0,48.74999999999998,30.761343240986243,25.44666666666667,27.109375000000046,-3.6354455945468045,-0.25143155006021045,-43.96551724137932,-3.1914893617021267,62.56281407035178,-65.2180662364039,-0.10000000000000142,-0.030000000000001137,-0.15000000000000213,-0.9300000000000033,183,-1946,False,True,False,True,散戶或總股東下降支撐、近20日未破60日低位區、20日量低於120日均量
2477,美隆電,未入籃,,40,2026-09-09,22.0,3.7735849056603765,1.616628175519641,66.66666666666674,95.62247770075233,21.705011904761914,22.221202380952395,-1.123465714934957,-1.0321057746704887,-14.529914529914533,-0.07137758743755995,12.623762376237636,-22.314336376340684,0.7099999999999937,0.23999999999999488,-0.3200000000000003,-0.11999999999999922,-194,-87,True,True,False,True,大戶4/8週累積、散戶或總股東下降支撐、近20日未破60日低位區、20日量低於120日均量
2486,一詮,未入籃,,40,2026-09-09,249.5,35.23035230352303,-2.5390625,49.28909952606635,45.68968867046374,233.26868081180817,166.51713560885594,8.543354541497571,9.476355617012633,-21.39585440425953,214.02158667645062,84.68468468468468,16.838222078598818,-8.209999999999994,-12.29,4.799999999999994,8.099999999999994,8606,17465,False,False,False,True,MA120上彎且收盤站上、近20日未破60日低位區、240扣抵偏有利
2489,瑞軒,未入籃,,40,2026-09-09,39.45,51.14942528735633,-3.780487804878041,70.11494252873563,60.35584148869021,39.017048832271804,28.88713709618774,0.7383511022093225,7.660013416363909,-29.84164202942875,202.33701736059905,110.3023160348001,8.439444368298933,-1.1700000000000017,-16.549999999999997,2.1099999999999994,11.05,6967,30803,False,False,False,True,MA120上彎且收盤站上、近20日未破60日低位區、240扣抵偏有利
2498,宏達電,未入籃,,40,2026-09-09,40.5,5.058365758754868,-2.644230769230771,54.62962962962964,45.111062825073425,41.935899784482714,45.78037042025858,-0.8691516737396432,-4.0175197091031905,-43.05816902560746,-38.71081366678407,33.68700265251987,-49.938995177223944,-0.28000000000000114,-0.9399999999999977,0.09000000000000341,-0.21999999999999886,479,-562,False,True,False,True,散戶或總股東下降支撐、近20日未破60日低位區、20日量低於120日均量
2504,國產,未入籃,,40,2026-09-09,31.55,0.0,0.9600000000000053,57.377049180327866,61.90350284120901,32.50660574712644,33.06882672413799,-1.731408281158353,-0.8269197821109464,-15.242540009560045,-4.394538801219639,13.598673300165842,-50.491397828534524,0.12999999999999545,-0.6599999999999966,0.0,0.08999999999999986,-145,412,False,True,False,True,散戶或總股東下降支撐、近20日未破60日低位區、20日量低於120日均量
2524,京城,未入籃,,40,2026-09-09,35.25,-2.758620689655178,1.5850144092218965,51.61290322580648,62.80267935382729,36.18791666666661,39.365833333333256,-2.6628711040380115,-1.6975429067886294,-32.85714285714286,-18.59122401847575,18.703976435935175,-51.956376952735006,0.09999999999999432,0.030000000000001137,0.040000000000000036,-0.04999999999999982,-12,-205,False,True,False,True,散戶或總股東下降支撐、近20日未破60日低位區、20日量低於120日均量
2528,皇普,未入籃,,40,2026-09-09,20.2,4.935064935064926,-0.24691358024692134,45.83333333333335,44.06732765669999,19.84440910988352,21.982983181361327,-1.8869026195050265,-1.405971416956675,-23.721816152860363,-15.31940003200505,18.36854385271507,-63.289563961977336,-0.1600000000000108,0.7099999999999937,0.06000000000000005,-0.06000000000000005,32,-184,False,True,False,True,散戶或總股東下降支撐、近20日未破60日低位區、20日量低於120日均量
2543,皇昌,未入籃,,40,2026-09-09,39.4,10.998021559733084,2.4707412223667014,54.5454545454545,86.79505846007413,43.70972674677328,54.01356531442211,-9.648075061720629,-4.605276666306257,-50.350149669972325,-44.49144456109083,33.70944992947811,-67.19976979950357,0.3200000000000074,-1.9099999999999966,-0.24999999999999822,0.5099999999999998,-696,-207,False,True,False,True,散戶或總股東下降支撐、近20日未破60日低位區、20日量低於120日均量
2545,皇翔,未入籃,,40,2026-09-09,34.6,4.8484848484848575,-0.717360114777621,55.68181818181819,58.79402990307307,34.379672222222304,35.443192777777405,0.050992799409321776,-0.8608996513552625,-17.457106322881078,-11.393528825272837,15.63012111637705,-35.40054337284432,0.2400000000000091,0.37000000000000455,-0.09999999999999964,-0.3200000000000003,-164,-582,False,True,False,True,MA120上彎且收盤站上、散戶或總股東下降支撐、近20日未破60日低位區、20日量低於120日均量
2608,嘉里大榮,未入籃,,40,2026-09-09,28.45,-4.3697478991596705,-0.17543859649122862,40.90909090909104,23.78887830016869,28.71644108719638,30.07588576158943,-0.7697732613194952,-1.159578184176624,-13.52235440948527,-13.147992307361832,5.820105820105814,-41.38780558587866,-0.4700000000000131,-0.6500000000000057,0.049999999999998934,0.0,-264,-653,False,True,False,True,散戶或總股東下降支撐、近20日未破60日低位區、20日量低於120日均量
2642,宅配通,未入籃,,40,2026-09-09,20.25,0.24752475247524774,-0.9779951100244433,45.45454545454549,25.787600076045493,21.04910003977714,23.74607696897377,-2.563041100980501,-2.0725897610667343,-36.55929656131536,-27.968367970660147,8.000000000000007,-50.669704584335776,-0.4099999999999966,-0.4200000000000017,-0.23999999999999488,-0.5799999999999983,-269,-791,False,True,False,True,散戶或總股東下降支撐、近20日未破60日低位區、20日量低於120日均量
2643,,未入籃,,40,2026-09-09,62.8,7.3504273504273465,0.6410256410256387,55.84415584415583,66.98140630818278,62.475474452554636,64.76182481751805,-1.167280504028223,-0.3776991552378539,-11.790518372703417,-3.286870503597128,12.76223776223775,-51.244146822400104,0.01999999999999602,0.14000000000000057,0.060000000000002274,-0.18999999999999773,18,-62,False,True,False,True,散戶或總股東下降支撐、近20日未破60日低位區、20日量低於120日均量
2707,晶華,未入籃,,40,2026-09-09,178.0,-1.1111111111111072,-0.5586592178770999,42.857142857142854,30.692207041588336,177.2068537859007,178.62447780678858,0.28071649302592316,-0.17129067066626869,-6.640373580926562,-5.706777316735822,4.857142857142849,-40.32845916474651,0.29999999999999716,-1.0900000000000034,-0.3099999999999987,0.6799999999999997,-355,37,False,True,False,True,MA120上彎且收盤站上、散戶或總股東下降支撐、近20日未破60日低位區、20日量低於120日均量
2743,,未入籃,,40,2026-09-09,53.4,-2.342579057417249,-4.49071183618811,44.42860536944641,18.61148605958368,62.1479286115795,70.33931883487186,-4.031396228432849,-2.568066976223937,-42.63618973088127,-30.51769865163616,28.675136116152444,-23.523122596221636,0.0,0.0,-0.38000000000000256,-0.3999999999999986,-118,-211,False,True,False,True,散戶或總股東下降支撐、近20日未破60日低位區、20日量低於120日均量
2745,,未入籃,,40,2026-09-09,87.5,0.34403669724769603,0.34403669724769603,44.11764705882354,24.064743615862028,94.11600323624597,97.70661205501602,-1.5384487770872757,-1.0065983455757488,-21.027842888124603,-15.73952879581152,20.86511789181693,-68.57818153392353,-0.060000000000002274,-0.060000000000002274,-0.5100000000000016,1.2899999999999991,-131,73,False,True,False,True,散戶或總股東下降支撐、近20日未破60日低位區、20日量低於120日均量
2748,雲品,未入籃,,40,2026-09-09,39.4,3.547963206307503,1.415701415701398,75.0,107.30778573309172,38.32209956030145,39.74298471524284,0.03947164188815577,-1.2999290425444565,-13.872331544178929,-11.939980008311146,7.2881373108715675,-50.56357736492296,-0.030000000000001137,-0.5400000000000063,-0.33999999999999986,-0.7300000000000004,-226,-438,False,True,False,True,MA120上彎且收盤站上、散戶或總股東下降支撐、近20日未破60日低位區、20日量低於120日均量
2901,欣欣,未入籃,,40,2026-09-09,23.7,-2.6694045174538106,0.4237288135593209,44.444444444444464,54.23437044402172,23.647499999999994,23.920833333333352,-0.18817818891679883,-0.7562988893210831,-11.567164179104484,-7.058823529411773,12.311015118790515,-65.32829087928943,-0.03999999999999204,-1.3200000000000074,-0.04999999999999982,0.04999999999999982,-176,-345,False,True,False,True,散戶或總股東下降支撐、近20日未破60日低位區、20日量低於120日均量
2912,統一超,未入籃,,40,2026-09-09,217.5,-6.25,0.694444444444442,42.857142857142854,45.0948321752488,219.84021438450887,220.96844744121756,0.46277213728231903,-0.9747361828760792,-11.048228346456701,-10.696640316205542,13.066624911923586,-50.68050477079025,0.04000000000000625,0.18000000000000682,0.04999999999999982,-0.11999999999999922,138,-1687,False,True,False,True,散戶或總股東下降支撐、近20日未破60日低位區、20日量低於120日均量
3013,晟銘電,未入籃,,40,2026-09-09,87.0,19.84936085708067,-1.1363636363636354,64.74247648099251,75.44859865918322,96.6544849228103,106.22733241913014,-2.4523370038313064,-3.029664604224558,-38.61385161735319,-26.732661607808637,62.46480630100859,-60.77150848892826,-1.9399999999999977,-4.390000000000001,-0.789999999999992,0.5700000000000038,1855,1460,False,True,False,True,散戶或總股東下降支撐、近20日未破60日低位區、20日量低於120日均量
3017,奇鋐,未入籃,,40,2026-09-09,3380.0,62.45469627264397,-5.3221288515406195,63.38983050847458,71.31377973717882,2562.2695343218015,1974.5207587314646,10.661550779422724,10.294825421002308,-5.980528511821969,232.0415499426235,79.64843648154005,-13.22300437434044,-1.2199999999999989,-3.3599999999999994,0.620000000000001,3.1100000000000003,13520,75772,False,False,False,True,MA120上彎且收盤站上、近20日未破60日低位區、240扣抵偏有利
3021,鴻名,未入籃,,40,2026-09-09,24.75,23.134328358208943,1.8518518518518379,80.794701986755,96.27701117736197,21.71759615384617,19.330185568036654,4.059666348730251,1.5117042713411966,-38.125,47.455210986516725,74.86772486772486,-18.72253263137842,-0.45000000000000284,-0.39000000000000057,4.020000000000001,4.23,2168,2199,False,False,False,True,MA120上彎且收盤站上、近20日未破60日低位區、240扣抵偏有利
3037,欣興,未入籃,,40,2026-09-09,993.0,44.33139534883721,10.088691796008863,36.46408839779006,34.2974878294071,867.0330081269345,558.1795121030916,12.891429738698722,15.714735289140602,-19.268292682926823,605.5090797419083,88.3614088820827,6.7603063219031645,-0.549999999999983,-2.309999999999988,0.3999999999999986,2.01,44970,133580,False,False,False,True,MA120上彎且收盤站上、近20日未破60日低位區、240扣抵偏有利
3044,健鼎,未入籃,,40,2026-09-09,509.0,49.92636229749632,4.196519959058342,58.18815331010453,91.77521185188769,446.1569341454802,383.65912120409575,4.740086483928985,4.116768164726037,-12.529390733463085,66.84983840953451,77.95405069196082,-13.188617299696514,-0.9499999999999886,-0.25,1.0,0.2400000000000002,8183,7602,False,False,False,True,MA120上彎且收盤站上、近20日未破60日低位區、240扣抵偏有利
3055,蔚華科,未入籃,,40,2026-09-09,149.5,44.44444444444444,12.83018867924528,75.0,102.79072022346793,104.77118143459924,84.83050764767923,10.816783457950452,7.028878477078737,-25.621890547263682,172.68109668109668,142.35347985347983,34.08801485648267,-1.9899999999999949,-2.4299999999999926,2.2500000000000018,2.08,1326,1622,False,False,False,True,MA120上彎且收盤站上、近20日未破60日低位區、240扣抵偏有利
3062,建漢,未入籃,,40,2026-09-09,20.6,8.994708994709,-0.2421307506053183,51.66666666666668,40.71722373813326,25.064583333333346,24.852708333333332,-2.7326380467297184,-1.4880878648994567,-39.589442815249264,-11.965811965811957,44.90358126721765,-89.25253808247842,1.129999999999999,-4.239999999999998,-0.5400000000000063,2.039999999999999,-973,1389,True,True,False,True,大戶4/8週累積、散戶或總股東下降支撐、近20日未破60日低位區、20日量低於120日均量
3073,,未入籃,,40,2026-09-09,22.2,4.716981132075482,-1.7699115044247926,43.37349397590361,35.666311375904854,22.86416666666671,28.108333333333324,-5.518345701544469,-4.881449765528412,-50.0,-46.95340501792115,21.58808933002483,-56.481289335921424,0.18999999999999773,0.19999999999999574,0.010000000000005116,-0.3099999999999987,-20,-135,False,True,False,True,散戶或總股東下降支撐、近20日未破60日低位區、20日量低於120日均量
3078,,未入籃,,40,2026-09-09,44.55,-3.844122466293487,-3.3622559652928485,21.51572005230544,-2.7805070194957895,50.63284601798332,57.64700024084803,-2.4793423572280426,-4.410586572090347,-41.84307166033655,-40.77269874610961,25.209967075074925,-25.46808478334612,-0.04999999999999716,-1.4699999999999989,0.30999999999999517,0.6899999999999942,-21,1042,False,True,False,True,散戶或總股東下降支撐、近20日未破60日低位區、20日量低於120日均量
3081,,未入籃,,40,2026-09-09,2850.0,85.06493506493507,-10.094637223974768,51.77664974619289,34.97658475995406,2232.8467227272736,1432.0117137121224,15.466879724884631,17.750783374573963,-20.833333333333336,552.1076305828369,169.6629213483146,37.02932982646836,-1.8500000000000014,-4.670000000000002,2.6199999999999974,4.639999999999999,12644,32845,False,False,False,True,MA120上彎且收盤站上、近20日未破60日低位區、240扣抵偏有利
3083,,未入籃,,40,2026-09-09,22.85,-6.924643584521384,-0.21834061135369565,35.483870967741964,19.643338990795137,26.245708801498203,29.485381788389468,-3.771619222512357,-2.6737327427647672,-39.43468601278226,-29.891060778432788,33.353214869078855,-58.882446221981745,-0.45000000000000284,-0.47000000000000597,-0.05999999999999872,-0.00999999999999801,-31,-89,False,True,False,True,散戶或總股東下降支撐、近20日未破60日低位區、20日量低於120日均量
3094,聯傑,未入籃,,40,2026-09-09,40.8,32.682926829268276,-12.258064516129041,63.84180790960452,61.45708761780907,33.41269335511984,29.05924428104572,8.40004555417817,4.284930130040077,-19.685039370078737,65.93301435406696,71.6216216216216,56.92175209338708,-0.39000000000000057,-0.990000000000002,0.7500000000000071,3.720000000000006,58,1352,False,False,False,True,MA120上彎且收盤站上、近20日未破60日低位區、240扣抵偏有利
3122,3122,未入籃,,40,2026-09-09,24.7,7.391304347826089,-1.9841269841269882,31.99999999999993,2.0698380348571574,29.030416666666692,26.63666666666665,-0.3660856011096669,-0.5592066887030955,-41.60756501182033,-9.689213893967096,59.90888382687929,-86.48815097188435,0.0,-4.790000000000003,-0.7700000000000031,2.4599999999999937,-302,289,False,True,False,True,散戶或總股東下降支撐、近20日未破60日低位區、20日量低於120日均量
3141,晶宏,未入籃,,40,2026-09-09,93.9,56.500000000000014,-8.390243902439021,75.3880266075388,74.45860195773209,66.1558333333333,56.86500000000005,9.91927779239301,4.866615675735786,-14.636363636363637,100.85561497326205,93.66197183098592,100.27668473293394,-2.269999999999996,-1.5499999999999972,3.1499999999999986,3.4099999999999966,1457,1927,False,False,False,True,MA120上彎且收盤站上、近20日未破60日低位區、240扣抵偏有利
3163,,未入籃,,40,2026-09-09,724.0,37.904761904761905,-6.580645161290322,48.36065573770492,31.108737560624405,781.1131521982962,551.0037500000002,2.360593714603909,9.0551987397133,-35.15514555622492,261.3177270913739,67.48971193415639,-13.655819444454043,-7.259999999999998,-11.619999999999997,6.339999999999996,10.109999999999992,14398,26725,False,False,False,True,近20日未破60日低位區、240扣抵偏有利
3167,大量,未入籃,,40,2026-09-09,900.0,86.52849740932642,12.079701120797015,62.59124087591241,96.06750936196941,710.5594251028808,465.1516508230453,12.021571321777058,11.106802138052485,-10.898843664993352,388.85229016233376,123.47525891829689,73.73127536760092,0.04000000000000625,-1.6499999999999915,-0.02000000000000135,2.6099999999999977,1441,7055,False,False,False,True,MA120上彎且收盤站上、近20日未破60日低位區、240扣抵偏有利
3205,,未入籃,,40,2026-09-09,46.8,-1.6806722689075682,1.298701298701288,35.537190082644585,22.79668365870478,52.785833333333365,51.50770833333342,-1.021922902636041,-0.8708587099903853,-30.149253731343283,-10.857142857142865,19.86899563318778,-90.3474679910556,0.060000000000002274,-0.8800000000000097,0.5700000000000003,-0.07000000000000028,145,-218,False,True,False,True,散戶或總股東下降支撐、近20日未破60日低位區、20日量低於120日均量
3224,,未入籃,,40,2026-09-09,33.45,0.0,0.45045045045046805,42.95774647887325,18.874292981450758,38.93750000000002,41.965833333333336,-3.669724770642202,-2.089581257442852,-36.886792452830186,-24.746906636670417,23.052959501557634,-73.51610517065399,-0.04999999999998295,-1.6299999999999955,-0.17999999999999972,1.1300000000000008,-144,1350,False,True,False,True,散戶或總股東下降支撐、近20日未破60日低位區、20日量低於120日均量
3297,,未入籃,,40,2026-09-09,27.1,5.242718446601957,-0.73260073260073,53.846153846153854,30.811765147780086,30.88208333333332,37.68583333333327,-5.120524341692601,-7.415293274644341,-58.30769230769231,-56.64,49.78902953586499,-78.59923133074416,0.0,-1.240000000000002,0.42999999999999616,-0.5100000000000016,-82,-250,False,True,False,True,散戶或總股東下降支撐、近20日未破60日低位區、20日量低於120日均量
3306,,未入籃,,40,2026-09-09,44.5,9.454015960960582,-1.001112347052291,47.272727272727316,39.99999999999986,45.01525142857148,47.54059142857138,-0.20133286690532382,-1.9046241808323372,-35.24608566225689,-23.724796126052183,28.67469879518072,-76.80056738327295,0.10000000000000142,-0.21999999999999886,-0.7199999999999989,-1.5300000000000011,-211,-548,False,True,False,True,散戶或總股東下降支撐、近20日未破60日低位區、20日量低於120日均量
3323,,未入籃,,40,2026-09-09,27.5,4.761904761904767,-4.844290657439442,30.172413793103416,-0.6415646751326549,33.18791666666663,37.04687499999993,-3.265727471459834,-2.6096719426037085,-52.422145328719715,-51.24113475177305,49.6078431372549,-80.95010897224235,0.5799999999999983,-0.39000000000000057,0.9899999999999949,0.6499999999999986,239,-340,True,True,False,True,大戶4/8週累積、散戶或總股東下降支撐、近20日未破60日低位區、20日量低於120日均量
3324,,未入籃,,40,2026-09-09,1385.0,61.98830409356726,-6.734006734006737,71.0752688172043,79.45662037338506,1035.4901166666662,993.339038888889,2.2837228067863036,4.225559112701882,-7.973421926910296,81.93202616668565,85.80246913580247,0.04325001811051887,-1.4399999999999977,-0.7600000000000051,1.4199999999999982,1.129999999999999,6224,8970,False,False,False,True,MA120上彎且收盤站上、近20日未破60日低位區、240扣抵偏有利
3356,奇偶,未入籃,,40,2026-09-09,59.4,8.99082568807339,-3.0995106035889064,28.750000000000114,0.48127396782605214,56.42191788222582,50.473890526005555,5.6673233292829694,3.002062294179142,-11.738484398216942,33.59572120211951,28.927203065134076,-18.092127036315343,-0.6499999999999986,0.9000000000000021,0.9100000000000037,-0.22999999999999687,183,17,False,False,False,True,MA120上彎且收盤站上、近20日未破60日低位區、240扣抵偏有利
3363,,未入籃,,40,2026-09-09,708.0,45.82904222451081,-3.6734693877551017,64.16184971098266,63.13983056512309,701.0083333333329,556.8296297619047,2.4298177788872,4.961414689722243,-33.52112676056338,94.51320812053225,94.50800915331807,36.39692895967232,-1.8900000000000006,-4.079999999999991,2.0599999999999987,4.129999999999999,5850,13835,False,False,False,True,MA120上彎且收盤站上、近20日未破60日低位區、240扣抵偏有利
3388,,未入籃,,40,2026-09-09,85.0,23.546511627906973,-6.077348066298338,36.41791044776121,23.09403531774433,86.44288611713664,73.17314208242945,6.162650915073797,3.6129656645362385,-32.93162483130211,43.40636316558981,50.74626865671641,110.62510354340777,-1.5799999999999983,-0.23000000000000398,1.9599999999999973,4.439999999999994,1240,3687,False,False,False,True,近20日未破60日低位區、240扣抵偏有利
3443,創意,未入籃,,40,2026-09-09,5925.0,79.81790591805766,1.9793459552495785,57.74278215223097,66.46044675557076,4403.136148904009,3213.1055366591045,14.597225467446284,13.126307339088662,-8.70570107858244,328.2009472148932,104.40944881889762,-8.326164392801449,-0.7099999999999937,-1.9500000000000028,1.8100000000000023,2.1400000000000023,20370,34646,False,False,False,True,MA120上彎且收盤站上、近20日未破60日低位區、240扣抵偏有利
3444,,未入籃,,40,2026-09-09,82.3,29.199372056514903,-1.6726403823178138,53.894080996884725,52.650582177787605,82.15348857266083,70.96643407718837,4.304648574145498,2.742407572743133,-32.046678060243536,37.4585957672072,62.78568348426046,-18.83707520994522,-0.5900000000000034,0.5300000000000011,1.75,1.3299999999999983,553,526,False,False,False,True,MA120上彎且收盤站上、近20日未破60日低位區、240扣抵偏有利
3447,展達,未入籃,,40,2026-09-09,27.5,2.9962546816479474,-5.008635578583764,51.24999999999999,38.120627129731496,34.3538308457711,42.47114635157554,-5.536307269114793,-7.714950952140676,-60.785496131757895,-56.768108120791204,59.44333996023858,-54.72951673482165,0.6300000000000026,0.11000000000000654,0.47999999999999865,0.07000000000000028,145,-46,True,True,False,True,大戶4/8週累積、散戶或總股東下降支撐、近20日未破60日低位區、20日量低於120日均量
3455,,未入籃,,40,2026-09-09,232.0,54.71021912758551,-1.9027484143763207,45.50052475269634,29.95517190612778,217.48861964171462,158.79970489443363,10.67256507372296,8.308884946959893,-27.082315325913186,123.96146007040949,92.41379310344828,9.949857123643246,-3.6099999999999994,-8.810000000000002,3.3900000000000077,6.050000000000001,1570,6271,False,False,False,True,MA120上彎且收盤站上、近20日未破60日低位區、240扣抵偏有利
3483,,未入籃,,40,2026-09-09,80.5,15.572676876820445,0.6250000000000089,73.19587628865979,94.76856955098638,82.36025523560211,87.21845222513076,-1.6182717309978556,-2.7901195375490073,-28.68919937387675,-27.138964577656676,37.446197991391685,-62.800520268084895,0.7399999999999984,0.9199999999999982,-0.259999999999998,-0.0799999999999983,-47,-166,True,True,False,True,大戶4/8週累積、散戶或總股東下降支撐、近20日未破60日低位區、20日量低於120日均量
3489,,未入籃,,40,2026-09-09,21.7,9.595959595959581,-5.03282275711161,50.0,19.235699298789687,20.81483815426997,19.509950068870555,4.415500737172073,2.1465656383090392,-17.803030303030297,16.56825749167592,38.947368421052616,13.975812036984369,0.36999999999999034,0.6599999999999966,-0.040000000000000036,0.4399999999999995,60,90,False,False,False,True,MA120上彎且收盤站上、近20日未破60日低位區、240扣抵偏有利
3490,,未入籃,,40,2026-09-09,44.2,70.98646034816247,-3.913043478260858,41.81818181818182,35.53659637619461,33.50643046709134,28.870476380042444,12.718673712567874,7.114740475407033,-23.529411764705877,96.56547201744883,129.82107355864812,107.31059515821109,-2.600000000000005,-2.690000000000005,3.770000000000003,3.6200000000000045,684,358,False,False,False,True,MA120上彎且收盤站上、近20日未破60日低位區、240扣抵偏有利
3504,揚明光,未入籃,,40,2026-09-09,86.0,25.364431486880477,-4.124860646599782,57.495256166982934,59.72115938567689,72.82416666666671,63.93166666666669,6.0777839819378565,3.2550690112315817,-12.065439672801636,44.53781512605042,62.999999999999986,58.73559964776973,0.020000000000003126,0.2700000000000031,0.5299999999999976,-0.16000000000000014,976,1125,False,False,False,True,MA120上彎且收盤站上、近20日未破60日低位區、240扣抵偏有利
3508,,未入籃,,40,2026-09-09,21.05,34.50479233226837,0.4773269689737569,26.060606060606048,46.171122447779425,22.348749999999995,24.29812500000001,-10.996614894464397,-1.844760694478309,-62.34347048300537,-17.7734375,69.4915254237288,-34.26088159155726,1.7600000000000051,3.970000000000006,-0.8000000000000043,-3.710000000000001,-578,-2060,True,True,False,True,大戶4/8週累積、散戶或總股東下降支撐、近20日未破60日低位區、20日量低於120日均量
3527,,未入籃,,40,2026-09-09,49.7,2.898550724637694,-2.9296875,38.09523809523809,-0.480209879358676,56.20259920634941,56.64578769841269,-1.3428136184700956,-1.887209187759309,-31.533718184203607,-27.827566177080733,52.82205513784459,-73.46461945964174,-0.509999999999998,-0.4599999999999973,0.19000000000000128,-0.4400000000000013,-22,1377,False,True,False,True,散戶或總股東下降支撐、近20日未破60日低位區、20日量低於120日均量
3529,,未入籃,,40,2026-09-09,2780.0,33.33333333333333,16.561844863731643,65.0,91.00347186147289,3033.5199592534045,2509.2374737118907,0.5983138304780589,0.9138693193667669,-41.523616808692154,21.65630155235132,71.81399871919547,56.91573553465397,-2.1499999999999986,-2.3999999999999986,0.7400000000000002,0.5800000000000001,3279,6982,False,False,False,True,近20日未破60日低位區、240扣抵偏有利
3530,晶相光,未入籃,,40,2026-09-09,56.7,9.671179883945836,-2.7444253859348122,55.633802816901415,37.70360367448033,61.8683876811594,63.326154891304434,-0.5146234809416339,-0.28118274332288307,-32.95546558704453,-2.511773940345363,51.89862355254535,-46.328890639098695,0.09999999999999432,-1.1000000000000085,0.05999999999999517,0.29999999999999716,-95,72,False,True,False,True,散戶或總股東下降支撐、近20日未破60日低位區、20日量低於120日均量
3541,,未入籃,,40,2026-09-09,22.05,7.0388349514562965,1.847575057736739,52.27272727272731,79.5679009249577,22.461666666666662,23.64145833333331,-1.9836724304078013,-1.822885124496032,-18.78453038674033,-15.517241379310342,10.731707317073159,-45.002700156985874,0.7900000000000063,2.200000000000003,-0.8099999999999987,-1.5599999999999987,-82,-334,True,True,False,True,大戶4/8週累積、散戶或總股東下降支撐、近20日未破60日低位區、20日量低於120日均量
3545,敦泰,未入籃,,40,2026-09-09,50.8,12.762646741904394,0.19723865877709912,56.281407035175874,70.24659899713167,51.736540918163755,53.05137092481725,0.9024636836384659,-2.385782194845809,-27.566210087247967,-22.220945470192465,43.82785956964892,-60.06306752609132,-0.7300000000000004,0.620000000000001,-0.37999999999999545,-0.9099999999999966,-854,-1095,False,True,False,True,散戶或總股東下降支撐、近20日未破60日低位區、20日量低於120日均量
3552,,未入籃,,40,2026-09-09,42.3,-4.29864253393667,-1.6279069767441978,9.782608695652215,8.605534172778343,49.40108089260817,55.3869926778242,-1.6741187725856088,-3.021142499942797,-45.75235294748931,-31.05299052035737,26.19875225038775,-66.1878787751179,-0.07000000000000028,0.5,-0.2500000000000071,-0.2600000000000051,-21,1517,False,True,False,True,散戶或總股東下降支撐、近20日未破60日低位區、20日量低於120日均量
3557,嘉威,未入籃,,40,2026-09-09,24.05,-5.686274509803924,-0.619834710743794,43.39622641509437,10.061320628483022,26.691983901515187,31.314663825757602,-4.589476513311186,-3.944792841351985,-42.42263483642794,-35.129501915708815,18.51226702168127,-72.37491610977375,-0.12000000000000455,0.4899999999999949,-0.16999999999999993,-0.6500000000000004,-142,-369,False,True,False,True,散戶或總股東下降支撐、近20日未破60日低位區、20日量低於120日均量
3570,,未入籃,,40,2026-09-09,162.5,1.2461059190031154,-0.6116207951070374,41.17647058823529,24.152302843853583,162.57486268939365,165.22483664772753,-0.37169026961827445,-1.2262982857489058,-14.010823812387263,-12.479209987162598,8.841340621403916,-71.83087952487708,-0.04999999999999716,0.0,-0.389999999999997,0.5200000000000031,-5,55,False,True,False,True,散戶或總股東下降支撐、近20日未破60日低位區、20日量低於120日均量
3596,智易,未入籃,,40,2026-09-09,157.5,-7.079646017699115,-1.253918495297801,39.583333333333336,21.16651870866583,176.77328638497664,180.1697007042247,-2.4197701716893616,-2.748070541338088,-29.548848022075635,-28.176422983544647,30.645161290322577,-26.76855977068332,1.019999999999996,0.7099999999999937,-1.3400000000000016,0.3200000000000003,-2037,371,True,True,False,True,大戶4/8週累積、散戶或總股東下降支撐、近20日未破60日低位區、20日量低於120日均量
3653,健策,未入籃,,40,2026-09-09,5760.0,74.01812688821752,-1.9574468085106433,53.065134099616856,68.57195461176103,4131.201948626892,3382.711223958335,9.989325355845002,9.411496871524694,-5.496308449548815,136.08061329959563,105.1123731268489,-2.1166776967863288,-0.39000000000000057,-0.3400000000000034,0.16000000000000014,2.630000000000001,145,40103,False,False,False,True,MA120上彎且收盤站上、近20日未破60日低位區、240扣抵偏有利
3665,貿聯-KY,未入籃,,40,2026-09-09,1975.0,-5.502392344497609,-7.9254079254079235,39.77695167286245,9.580234352064029,2152.3616969483587,1768.9800401877926,5.207491404800613,5.736649685691542,-33.8190220285975,75.51078739552557,51.63204747774481,-11.161009630918228,-1.9200000000000017,-4.280000000000001,2.16,2.8899999999999997,15309,28178,False,False,False,True,近20日未破60日低位區、240扣抵偏有利
3666,,未入籃,,40,2026-09-09,25.0,0.0,0.0,42.857142857142904,25.987617089726033,25.794583333333343,27.263541666666665,-1.349714759218501,-0.44655083224295344,-26.144756277695723,-2.9126213592232997,11.949685534591193,-52.90233867542236,0.4200000000000017,0.6500000000000057,-0.22999999999999954,-0.29000000000000004,-186,-40,False,True,False,True,散戶或總股東下降支撐、近20日未破60日低位區、20日量低於120日均量
3685,,未入籃,,40,2026-09-09,36.55,7.1847507331378235,-0.9485094850948506,56.14973262032084,40.235786462169216,32.34833333333336,34.82166666666673,1.2520214930356044,4.255836727565354,-21.650589496248664,36.891385767790254,52.70018621973929,-16.216014177568994,-0.45000000000000284,-1.0800000000000054,-0.02999999999999936,-0.16999999999999993,359,1418,False,False,False,True,MA120上彎且收盤站上、近20日未破60日低位區、240扣抵偏有利
3687,,未入籃,,40,2026-09-09,62.2,-3.7151702786377583,-1.11287758346581,31.250000000000043,19.095962569785826,68.25043028322449,72.08491285403053,-1.189547119049983,-1.089305405721519,-27.912191131243645,-15.516139341642676,28.11409353385368,-76.98524462902621,0.0,0.0,0.6699999999999946,0.5399999999999991,118,-208,False,True,False,True,散戶或總股東下降支撐、近20日未破60日低位區、20日量低於120日均量
3701,大眾控,未入籃,,40,2026-09-09,42.0,19.658119658119656,0.11918951132299238,56.58362989323844,80.11586984989023,50.473750000000074,47.44878051346801,-5.5631348763964255,-0.3924766914643274,-47.36842105263158,5.26982037292556,52.424242424242415,-72.33418152048758,-0.46999999999999886,0.07000000000000739,-0.049999999999998934,-0.09999999999999964,-914,-1721,False,True,False,True,散戶或總股東下降支撐、近20日未破60日低位區、20日量低於120日均量、240扣抵偏有利
3708,上緯投控,未入籃,,40,2026-09-09,99.1,12.485811577752548,-1.3930348258706537,32.25806451612901,7.337841017952202,107.83153985507255,108.7849275362317,-1.609752968997069,-1.3278343549708471,-25.240664512849122,-6.217083607636608,40.18691588785048,-49.36464898183039,-0.8400000000000034,0.3499999999999943,0.870000000000001,-0.10000000000000142,-328,-868,False,True,False,True,散戶或總股東下降支撐、近20日未破60日低位區、20日量低於120日均量
4104,佳醫,未入籃,,40,2026-09-09,71.0,-0.42075736325385416,0.14104372355430161,34.782608695652286,24.572618614219902,71.0725296861747,73.48744953591566,-0.38282605146618964,-0.6478546666990659,-11.556892643462902,-10.83784299015772,5.856515373352855,-62.230970949184226,0.36999999999999744,-0.10999999999999943,-0.31999999999999673,0.1700000000000017,-345,512,False,True,False,True,散戶或總股東下降支撐、近20日未破60日低位區、20日量低於120日均量
4116,,未入籃,,40,2026-09-09,39.7,5.4448871181939085,-1.3664596273291862,60.416666666666636,52.65552589931312,37.664945887445924,40.175492424242435,0.3136747038393173,-0.6495342113286839,-17.405636162222038,-9.458718992965565,16.76067687348912,-35.19439164805183,0.0,0.0,0.120000000000001,-0.129999999999999,8,-67,False,True,False,True,MA120上彎且收盤站上、散戶或總股東下降支撐、近20日未破60日低位區、20日量低於120日均量
4131,,未入籃,,40,2026-09-09,30.7,-10.755813953488369,-0.8077544426494332,38.317757009345776,25.53254362796335,33.50999999999996,33.78229166666666,-3.0323490758268568,-0.2693842908366162,-27.67962308598352,-10.233918128654985,,-49.534890676876145,-0.18999999999999773,1.8999999999999915,-0.15000000000000036,-0.20000000000000018,-32,-75,True,True,False,True,大戶4/8週累積、散戶或總股東下降支撐、近20日未破60日低位區、20日量低於120日均量
4133,亞諾法,未入籃,,40,2026-09-09,20.35,-4.460093896713612,-0.9732360097323589,29.166666666666714,0.3603180908257627,21.303707532051266,22.718708333333325,-2.646598613948492,-1.8119151198066619,-29.783584540710184,-20.972644376899684,22.750000000000004,-66.52735272987384,0.6899999999999977,-0.14000000000000057,-0.22999999999999687,-0.4399999999999977,-480,-869,True,True,False,True,大戶4/8週累積、散戶或總股東下降支撐、近20日未破60日低位區、20日量低於120日均量
4161,,未入籃,,40,2026-09-09,22.45,3.935185185185186,-1.535087719298256,27.272727272727295,-10.199669726991258,22.785467171717166,24.186066919191862,-1.5424359477980043,-1.2831608108474724,-24.093237704918035,-18.766447368421048,11.792452830188683,-67.51373886209021,1.019999999999996,-0.240000000000002,-0.0799999999999983,-0.049999999999998934,-47,-44,True,True,False,True,大戶4/8週累積、散戶或總股東下降支撐、近20日未破60日低位區、20日量低於120日均量
4164,承業醫,未入籃,,40,2026-09-09,25.75,-2.2770398481973486,-1.5296367112810683,37.70491803278687,17.726663374119575,28.02971354166664,32.80786979166664,-2.6901095944457776,-4.90664892950533,-46.332504005523056,-43.85467627860072,22.954091816367274,-61.711279892311566,0.4399999999999906,-2.280000000000001,-0.5500000000000007,0.03999999999999915,-500,-234,False,True,False,True,散戶或總股東下降支撐、近20日未破60日低位區、20日量低於120日均量
4168,,未入籃,,40,2026-09-09,21.6,-2.0408163265306034,-2.26244343891403,16.666666666666515,-16.58937794919012,23.992500000000003,24.330954408817654,-1.8360353909886218,-0.7026945182306843,-27.999999999999993,-18.992593260656342,25.6470588235294,-71.2069115941516,0.6000000000000014,1.3200000000000003,-0.44000000000000483,-0.5900000000000034,-289,-602,True,True,False,True,大戶4/8週累積、散戶或總股東下降支撐、近20日未破60日低位區、20日量低於120日均量
4174,,未入籃,,40,2026-09-09,26.45,3.5225048923678948,5.588822355289413,45.94594594594595,69.21856749464827,30.44083333333347,40.682916666666884,-7.446538968278094,-6.907187498510192,-60.40419161676647,-52.59856630824373,31.275720164609044,-28.926347493059623,0.3100000000000023,1.1199999999999974,-0.34999999999999787,-0.9899999999999984,-109,3658,True,True,False,True,大戶4/8週累積、散戶或總股東下降支撐、近20日未破60日低位區、20日量低於120日均量
4420,,未入籃,,40,2026-09-09,38.8,13.450292397660801,0.6485084306095956,73.41772151898725,91.30383714877604,39.02369318181823,43.250309056473874,-4.146478642601803,-2.3392254620048347,-21.65932452276065,-20.30081569945592,15.147058823529402,-50.64665775190651,-0.259999999999998,-0.29999999999999716,-0.34999999999999787,-0.3500000000000014,-176,-177,False,True,False,True,散戶或總股東下降支撐、近20日未破60日低位區、20日量低於120日均量
4441,振大環球,未入籃,,40,2026-09-09,174.0,0.5780346820809301,-0.5714285714285672,30.769230769230774,32.105262971856405,191.65833333333333,224.27083333333334,-4.318342555227361,-2.704217205039672,-41.90317195325542,-25.161290322580644,25.816023738872396,-24.118180137142264,0.18000000000000682,0.269999999999996,-0.009999999999999787,0.25,-22,141,False,True,False,True,散戶或總股東下降支撐、近20日未破60日低位區、20日量低於120日均量
4557,永新-KY,未入籃,,40,2026-09-09,49.95,-0.09999999999998899,-0.29940119760478723,37.7777777777778,24.676077273299555,49.58883955600406,59.580451564076725,-3.739072326240711,-3.7407690076598388,-38.47405866165513,-35.017545103321154,19.974852424905,-50.20997017297477,2.210000000000001,2.4399999999999977,-0.2400000000000002,-0.4400000000000013,-34,-66,True,True,False,True,大戶4/8週累積、散戶或總股東下降支撐、近20日未破60日低位區、20日量低於120日均量
4563,,未入籃,,40,2026-09-09,43.8,19.999999999999996,-0.11402508551882073,69.26406926406926,75.9655460179254,43.20333333333359,46.84354166666651,-2.660483280449122,-2.6068818090158707,-37.87234042553192,-19.633027522935787,31.46853146853146,-34.611012565928554,0.0,-0.8499999999999943,-0.48999999999999844,-0.1599999999999966,-221,-168,False,True,False,True,散戶或總股東下降支撐、近20日未破60日低位區、20日量低於120日均量
4566,時碩工業,未入籃,,40,2026-09-09,63.9,-8.321377331420376,0.0,33.82352941176468,28.970719927707012,65.74894363166945,60.663398594377504,2.8557293267435835,0.8997620686555186,-20.125000000000004,13.852116356035559,35.593220338983045,-12.488763950950466,-1.0799999999999912,-1.8199999999999932,1.25,2.6999999999999993,648,1114,False,False,False,True,近20日未破60日低位區、240扣抵偏有利
4572,駐龍,未入籃,,40,2026-09-09,140.5,1.0791366906474753,-0.7067137809187329,50.0,42.734371058143154,140.98668300653605,144.74524782135055,-0.012940106043224375,-1.216522514959295,-18.62934362934362,-14.308777804353035,11.668589004229158,-51.923040411770984,0.0,0.0,-0.23000000000000043,-0.41000000000000014,-27,-91,False,True,False,True,散戶或總股東下降支撐、近20日未破60日低位區、20日量低於120日均量
4576,大銀微系統,未入籃,,40,2026-09-09,244.0,38.63636363636365,2.5210084033613356,67.47572815533981,88.21147626276804,207.5035426008969,159.93241741405103,8.971431611560954,5.359003381706295,-15.849316890451925,102.37891557750815,59.25925925925925,-7.718932939610246,-0.7600000000000051,-2.670000000000016,2.0,3.289999999999999,2100,6862,False,False,False,True,MA120上彎且收盤站上、近20日未破60日低位區、240扣抵偏有利
4583,台灣精銳,未入籃,,40,2026-09-09,455.0,-6.570841889117041,-3.9070749736008437,35.77586206896552,18.092237419701597,618.0149852724594,637.9653350515463,-4.601423491791956,-2.9226617130559074,-45.21931247750312,-34.77384239906092,52.122641509433954,-36.61164729873343,-1.0000000000000142,0.7299999999999898,0.33999999999999986,-0.2999999999999998,373,-495,False,True,False,True,散戶或總股東下降支撐、近20日未破60日低位區、20日量低於120日均量
4726,,未入籃,,40,2026-09-09,23.9,-2.448979591836742,-0.20876826722338038,28.205128205128204,20.291430070955,26.874999999999975,30.30375000000002,-4.8798832013449704,-3.572493983970537,-37.760416666666664,-35.49257759784076,15.531914893617005,-50.62051674803853,-0.09000000000000341,0.10999999999999233,-0.20000000000000284,-0.46000000000000263,-255,-544,False,True,False,True,散戶或總股東下降支撐、近20日未破60日低位區、20日量低於120日均量
4737,華廣,未入籃,,40,2026-09-09,58.2,-0.17152658662091813,-0.6825938566552892,59.183673469387834,74.90598283640554,59.103333333333254,59.02554128787877,-0.02678206447429554,-1.2441907464705082,-20.16460905349794,-14.643414263429467,30.410447761194035,-48.8211530647542,0.27000000000001023,-0.20999999999999375,-0.0600000000000005,-0.07000000000000028,-64,-136,False,True,False,True,散戶或總股東下降支撐、近20日未破60日低位區、20日量低於120日均量
4743,,未入籃,,40,2026-09-09,45.8,8.40236686390532,2.5755879059350395,40.079365079365076,26.404545516317906,50.012083333333436,56.4056249999998,-2.980996952722781,-3.7607481685014266,-40.28683181225555,-36.91460055096418,54.41176470588236,-42.5930710870007,-0.38999999999999346,-0.4200000000000017,-0.07000000000000028,-0.389999999999997,-555,-1572,False,True,False,True,散戶或總股東下降支撐、近20日未破60日低位區、20日量低於120日均量
4744,,未入籃,,40,2026-09-09,26.8,-4.255980118049085,-2.0109689213894,26.229508196721326,13.601452418664598,30.1762463768116,29.519731884057965,-1.9974362214790098,-0.44168868633726044,-30.758688863427018,-11.854711854711852,47.413793103448285,-83.7664287234499,0.4300000000000068,2.3900000000000006,-0.3099999999999987,-0.259999999999998,-68,28,True,True,False,True,大戶4/8週累積、散戶或總股東下降支撐、近20日未破60日低位區、20日量低於120日均量
4749,新應材,未入籃,,40,2026-09-09,770.0,15.963855421686745,-0.773195876288657,52.19512195121951,42.71890318442927,899.2166666666667,878.5291666666667,-2.4966341071121945,-0.05214332778716857,-36.36363636363637,-10.256410256410254,56.10510046367851,-65.11502046265991,-1.7899999999999991,1.2000000000000028,2.429999999999996,-1.4100000000000001,3656,2705,True,True,False,True,大戶4/8週累積、散戶或總股東下降支撐、近20日未破60日低位區、20日量低於120日均量
4755,三福化,未入籃,,40,2026-09-09,114.0,7.547169811320753,-3.3898305084745783,47.72727272727273,14.274379997322189,132.8232825567504,124.13880973715649,-2.8442629227600436,-0.3332299576031428,-34.94108983799706,-7.426056686478033,46.02150537634411,-72.6210032308431,1.6200000000000045,-1.6000000000000085,-0.6900000000000013,0.6499999999999986,-350,498,True,True,False,True,大戶4/8週累積、散戶或總股東下降支撐、近20日未破60日低位區、20日量低於120日均量
4908,前鼎,未入籃,,40,2026-09-09,242.0,94.10148186133354,7.795100222717144,76.66666666666667,92.97841241664791,179.26692622950816,130.03511885245902,9.686727852592414,6.68821902705774,-22.04884488448845,169.46610590262563,109.06321401370906,26.279161529435946,-1.9100000000000037,-1.3200000000000003,4.02,3.1799999999999997,2471,3364,False,False,False,True,MA120上彎且收盤站上、近20日未破60日低位區、240扣抵偏有利
4909,,未入籃,,40,2026-09-09,35.3,1.2912482065996933,-4.336043360433606,39.11564625850338,6.288079484940969,47.9541666666667,50.41979166666678,-7.562687741956231,-3.4831644393397365,-52.617449664429536,-36.396396396396405,59.21450151057401,-58.56889885918669,0.00999999999999801,-1.629999999999999,-0.10000000000000142,-0.3200000000000003,-402,1188,False,True,False,True,散戶或總股東下降支撐、近20日未破60日低位區、20日量低於120日均量
4912,聯德控股-KY,未入籃,,40,2026-09-09,97.5,24.362244897959172,-4.411764705882348,62.5,60.24300991011425,91.18621512481644,88.34663204171201,0.9333207094513352,1.7151130203100218,-15.925925925925933,30.724224547940594,40.66666666666667,6.829222058017992,-2.3400000000000034,-1.20000000000001,3.0700000000000003,1.4099999999999984,1138,554,False,False,False,True,MA120上彎且收盤站上、近20日未破60日低位區、240扣抵偏有利
4935,茂林-KY,未入籃,,40,2026-09-09,33.1,-5.428571428571427,-0.6006006006005871,24.528301886792406,14.974674576584665,36.018153225806444,38.156819892473074,-1.260555786787776,-1.8054901769254061,-28.993059159763888,-27.477436089534734,24.59579071597171,-38.10028943275069,0.00999999999999801,0.0799999999999983,0.11999999999999922,-0.11000000000000121,80,-60,False,True,False,True,散戶或總股東下降支撐、近20日未破60日低位區、20日量低於120日均量
4958,臻鼎-KY,未入籃,,40,2026-09-09,502.0,24.103831891223738,8.423326133909281,57.99180327868853,72.74973318370634,446.77454166666666,303.8567123842595,12.242162474952046,9.069540069302118,-23.823975720789072,199.07680392281796,79.07608695652173,-14.366397973831091,-1.460000000000008,-3.8799999999999955,1.1099999999999994,3.92,30092,86486,False,False,False,True,MA120上彎且收盤站上、近20日未破60日低位區、240扣抵偏有利
4968,立積,未入籃,,40,2026-09-09,89.8,2.511415525114158,-1.318681318681325,46.06741573033706,26.501627406024376,105.73022421524668,118.74556240657735,-3.1556137426613673,-3.654079090628104,-46.72083606042708,-37.810668712170866,45.50074738415548,-68.270699785521,1.5899999999999999,-2.0,-0.8599999999999994,1.269999999999996,-629,423,True,True,False,True,大戶4/8週累積、散戶或總股東下降支撐、近20日未破60日低位區、20日量低於120日均量
4971,,未入籃,,40,2026-09-09,621.0,76.92307692307692,-0.48076923076922906,56.507936507936506,72.77484931595122,584.7908276326699,424.9187756529854,3.862783912061407,8.727098483145657,-35.107837126759,291.39361129206367,129.74683544303795,80.31713911871543,-1.3900000000000006,-5.240000000000002,0.129999999999999,2.429999999999996,95,3407,False,False,False,True,MA120上彎且收盤站上、近20日未破60日低位區、240扣抵偏有利
4979,華星光,未入籃,,40,2026-09-09,610.0,58.64759427828348,-3.0206677265500748,56.2111801242236,71.06405163861506,519.8349656921242,392.06714051312645,6.706059589785274,8.833305446244676,-19.534617366783813,198.3679881582031,105.30421216848676,29.207974279407512,-2.729999999999997,-8.229999999999997,2.6799999999999997,6.2499999999999964,4505,12892,False,False,False,True,MA120上彎且收盤站上、近20日未破60日低位區、240扣抵偏有利
4991,環宇-KY,未入籃,,40,2026-09-09,499.0,39.9719495091164,0.4024144869215318,46.63461538461539,53.16475255077836,545.8208333333332,374.00458333333347,5.605269098061982,8.160707296805935,-44.24581005586592,220.9581146444376,86.29283489096574,3.5496513729890156,-2.789999999999999,-3.539999999999999,2.9400000000000013,3.370000000000001,4524,7468,False,False,False,True,近20日未破60日低位區、240扣抵偏有利
4994,傳奇,未入籃,,40,2026-09-09,84.5,-9.139784946236562,3.427172582619331,45.66473988439305,64.06430134482724,89.84575000000002,92.47200000000005,-2.5254592182380686,-0.6322063464203942,-20.53291536050157,-6.907568579927304,20.702634880803018,-44.601660411663104,-0.20999999999999375,0.020000000000010232,0.019999999999999574,-0.08000000000000007,-11,-62,False,True,False,True,散戶或總股東下降支撐、近20日未破60日低位區、20日量低於120日均量
5009,,未入籃,,40,2026-09-09,32.55,1.7187499999999911,-1.957831325301218,35.344827586206904,17.248133085474457,33.23807228915666,32.802771084337124,0.13052763197833883,-0.6423498376392112,-17.532051282051285,-4.871478873239443,17.873756739396995,-47.61361939244318,-0.0799999999999983,0.8100000000000023,-0.3200000000000003,0.0,-1153,-189,False,True,False,True,散戶或總股東下降支撐、近20日未破60日低位區、20日量低於120日均量
5015,,未入籃,,40,2026-09-09,22.1,4.988123515439424,0.22675736961450532,59.374999999999986,73.18694478800882,23.123749999999948,25.596041666666668,-3.861344974534864,-2.7359737802511885,-29.505582137161078,-26.455906821963392,25.365853658536587,-51.042867037477265,1.3599999999999994,1.8999999999999986,-0.4399999999999977,-1.009999999999998,-271,110,True,True,False,True,大戶4/8週累積、散戶或總股東下降支撐、近20日未破60日低位區、20日量低於120日均量
5244,弘凱,未入籃,,40,2026-09-09,34.65,18.259385665529003,-1.0000000000000009,61.06194690265485,61.14393366619684,36.739554132974,38.174958445642375,-1.036537545364602,-2.6347522984007443,-31.047919929627334,-22.846571198790045,36.75011009112157,-82.96255288724377,0.8100000000000023,0.5799999999999983,0.03999999999999915,0.8999999999999986,-114,46,True,True,False,True,大戶4/8週累積、散戶或總股東下降支撐、近20日未破60日低位區、20日量低於120日均量
5258,虹堡,未入籃,,40,2026-09-09,44.35,-8.650875386199786,-3.0601092896174853,25.71428571428575,3.5107387278250135,50.14125000000009,57.9068749999998,-0.8216852376870643,-3.9175763777023476,-45.24691358024692,-43.860759493670884,27.210884353741505,-54.516492561945014,-1.250000000000007,-3.3500000000000085,0.26000000000000156,1.9600000000000009,-117,838,False,True,False,True,散戶或總股東下降支撐、近20日未破60日低位區、20日量低於120日均量
5278,,未入籃,,40,2026-09-09,23.95,2.7896995708154515,-1.0330578512396715,39.99999999999989,2.031640753056368,24.08291666666668,27.403124999999942,-1.8326030096131207,-4.076572470373763,-34.91847826086957,-33.65650969529086,11.49674620390455,-80.39727817369862,0.3200000000000074,0.6500000000000057,-0.09999999999999964,-0.25,-141,-372,False,True,False,True,散戶或總股東下降支撐、近20日未破60日低位區、20日量低於120日均量
5292,華懋,未入籃,,40,2026-09-09,223.5,43.7299035369775,1.3605442176870763,56.29139072847683,67.64097303888045,196.1955827740493,170.87093568232686,4.7813638588178,3.4922031288918243,-7.261410788381739,46.5435756077984,60.66666666666667,-1.1744409096888564,-0.10000000000000142,-4.310000000000002,0.5499999999999989,2.870000000000001,144,1876,False,False,False,True,MA120上彎且收盤站上、近20日未破60日低位區、240扣抵偏有利
5309,,未入籃,,40,2026-09-09,51.1,9.656652360515029,-1.7307692307692246,42.857142857142854,17.800004682227012,60.23871077184054,62.08926579728577,-2.6356974172267456,-0.8589784180441429,-39.45497630331754,-31.247132772326715,61.67800453514738,-80.23338733886112,0.2700000000000031,2.4000000000000057,-0.480000000000004,-1.8400000000000034,-70,-525,True,True,False,True,大戶4/8週累積、散戶或總股東下降支撐、近20日未破60日低位區、20日量低於120日均量
5310,,未入籃,,40,2026-09-09,24.15,-0.6172839506172978,-0.4123711340206282,39.28571428571425,23.892416092646204,22.696666666666665,25.681875000000023,-1.3134771817308377,-5.130099508230801,-47.5,-43.574766355140184,,-54.74530015532084,1.1000000000000014,3.5900000000000034,-0.08000000000000007,-0.40000000000000036,-35,-677,True,True,False,True,大戶4/8週累積、散戶或總股東下降支撐、近20日未破60日低位區、20日量低於120日均量
5312,,未入籃,,40,2026-09-09,90.8,2.1372328458942436,-0.8733624454148492,48.076923076923066,37.68090679184258,90.21146566597655,91.56840320910962,-0.11738172485540321,-1.281396961220771,-14.228634850166488,-9.86064866198052,20.68965517241379,-56.34921857082587,0.030000000000001137,0.07000000000000028,0.17999999999999972,0.2699999999999996,-2,-16,False,True,False,True,散戶或總股東下降支撐、近20日未破60日低位區、20日量低於120日均量
5403,,未入籃,,40,2026-09-09,92.8,0.0,-1.0660980810234588,50.8474576271186,49.833477590270974,93.32544392523353,101.47983644859846,-1.8670744965083585,-1.9190522362465878,-21.585722182737122,-19.998388623683205,6.415929203539816,-62.56542211977039,1.0399999999999991,2.019999999999996,-0.43000000000000327,-0.7100000000000044,-212,-508,True,True,False,True,大戶4/8週累積、散戶或總股東下降支撐、近20日未破60日低位區、20日量低於120日均量
5465,,未入籃,,40,2026-09-09,24.4,16.190476190476176,0.411522633744843,53.333333333333314,59.60276599496698,23.934886820925552,26.257967806841098,-1.828505795789137,-3.5660022670245484,-28.385321317632606,-26.643619547102936,21.937877263581473,-39.279138763088596,-0.3299999999999983,-0.05000000000001137,-0.13000000000000078,-0.41000000000000014,-107,-296,False,True,False,True,散戶或總股東下降支撐、近20日未破60日低位區、20日量低於120日均量
5469,瀚宇博,未入籃,,40,2026-09-09,72.4,11.042944785276077,1.1173184357541999,53.22580645161295,43.38771343456779,78.92628223552896,85.09482704590825,-3.14343938733469,-0.3759955126641734,-35.076329934328875,-6.320927759696615,47.0191230442341,-67.45454956606036,0.009999999999990905,-1.1200000000000045,0.02999999999999936,0.4900000000000002,-185,1378,False,True,False,True,散戶或總股東下降支撐、近20日未破60日低位區、20日量低於120日均量
5471,松翰,未入籃,,40,2026-09-09,54.1,15.84582441113489,-11.456628477905074,40.11299435028249,2.8785503741876597,51.813038461538476,43.87572884615388,5.827012866409476,4.679172269370402,-20.73206468570089,55.38764057356222,50.329379871230095,-5.921904629305463,-1.990000000000002,-1.0000000000000036,0.8700000000000045,1.3300000000000054,825,1961,False,False,False,True,MA120上彎且收盤站上、近20日未破60日低位區、240扣抵偏有利
5475,,未入籃,,40,2026-09-09,193.0,77.06422018348624,1.5789473684210575,58.33333333333334,68.29729738383277,237.47916666666666,166.45583333333332,-0.6103409189990416,7.359547013841383,-52.286773794808404,250.90909090909093,186.50000000000003,67.47007639447125,0.3999999999999986,-4.560000000000002,3.3800000000000026,8.920000000000002,3095,12438,False,False,False,True,近20日未破60日低位區、240扣抵偏有利
5483,中美晶,未入籃,,40,2026-09-09,181.0,8.708708708708702,-1.3623978201634857,44.95412844036697,42.9232887760974,162.9591168091171,137.4662641947545,7.568868562009379,5.125789147348736,-34.54216685920941,82.61592055007006,83.73015873015875,-13.183326505121041,-1.4500000000000028,-0.3100000000000023,0.5199999999999996,0.14000000000000057,797,3411,False,False,False,True,MA120上彎且收盤站上、近20日未破60日低位區、240扣抵偏有利
5508,,未入籃,,40,2026-09-09,53.8,7.385229540918159,-2.359346642468252,51.76470588235292,68.83165712293277,50.3776209425716,58.42635432272142,0.44564702027449776,-2.801831457500914,-49.77465271343308,-35.06333817640661,21.38257056727868,-68.32153754147036,-0.3400000000000034,-0.6099999999999994,-0.009999999999999787,-0.259999999999998,-45,-798,False,True,False,True,MA120上彎且收盤站上、散戶或總股東下降支撐、近20日未破60日低位區、20日量低於120日均量
5525,順天,未入籃,,40,2026-09-09,22.2,1.553853645579717,0.22573363431150906,46.6666666666666,64.90929479637002,21.917247311827953,24.03826478494629,-1.6007645803032933,-2.035245864029045,-24.973835688121405,-23.999469917837267,12.60335515939397,-27.52968275964116,-0.029999999999986926,0.20000000000001705,0.030000000000000027,0.0,-3,-75,False,True,False,True,散戶或總股東下降支撐、近20日未破60日低位區、20日量低於120日均量
5534,長虹,未入籃,,40,2026-09-09,75.8,3.737453371421151,-1.0443864229764954,50.105950074619244,61.301160490367614,73.84268277223607,73.16050810503154,0.9379512197637663,0.4712834608513905,-7.525470137475998,3.1764771260682334,14.678899082568808,-11.2490856176374,0.480000000000004,-0.21999999999999886,0.049999999999998934,0.20999999999999908,178,134,False,False,False,True,MA120上彎且收盤站上、近20日未破60日低位區、240扣抵偏有利
5706,鳳凰,未入籃,,40,2026-09-09,44.45,-0.8918617614269708,-0.5592841163310935,35.59322033898316,-4.2468161587298585,46.497097896440096,46.66225024271849,-0.22863224975616658,-0.9246523643866911,-14.777380838922582,-8.883480074511606,14.137077603252536,-64.61041913330534,-0.769999999999996,-0.10000000000000142,0.01999999999999602,0.620000000000001,-184,-142,False,True,False,True,散戶或總股東下降支撐、近20日未破60日低位區、20日量低於120日均量
6023,,未入籃,,40,2026-09-09,85.5,1.7776923986286608,-1.041666666666674,58.72093023255813,72.68214973875588,81.9973331949866,78.65637475186149,1.446356156040629,1.4704249757878873,-3.5899984419597186,19.688954098250466,10.43566362715298,40.4956091388958,0.14000000000000057,0.09000000000000341,0.07000000000000028,0.1200000000000001,119,66,False,False,False,True,MA120上彎且收盤站上、近20日未破60日低位區、240扣抵偏有利
6111,,未入籃,,40,2026-09-09,36.2,-3.07898259705488,-4.35931307793923,47.1544715447155,28.934972567963985,42.45833333333331,44.890000000000036,-2.5169566922731312,-2.230611467049004,-33.086876155268016,-30.384615384615376,29.378531073446325,-55.21881157947337,1.1799999999999997,4.590000000000003,-0.870000000000001,-2.6400000000000006,-382,-1082,True,True,False,True,大戶4/8週累積、散戶或總股東下降支撐、近20日未破60日低位區、20日量低於120日均量
6114,,未入籃,,40,2026-09-09,24.6,-3.90625,-2.5742574257425654,37.93103448275861,20.267656677720066,28.520503569211673,29.364068513345714,-2.707194067718832,-1.7651885171440562,-27.342628495998678,-22.752563424097218,33.38729905369971,-46.48717198201317,-0.01999999999999602,0.46999999999999886,0.049999999999998934,-0.15000000000000036,-32,-125,False,True,False,True,散戶或總股東下降支撐、近20日未破60日低位區、20日量低於120日均量
6123,,未入籃,,40,2026-09-09,42.85,2.881152460984393,-1.7201834862385357,47.05882352941171,7.535213151686514,42.07720887918492,43.94087956190265,1.0118158089444718,-0.5692116220862631,-17.51084848375698,-8.562321198957445,9.113001215066818,-58.89240955546222,0.02999999999999403,0.0799999999999983,0.28000000000000114,0.129999999999999,7,-35,False,True,False,True,MA120上彎且收盤站上、散戶或總股東下降支撐、近20日未破60日低位區、20日量低於120日均量
6130,,未入籃,,40,2026-09-09,24.65,3.5714285714285587,-5.55555555555557,12.903225806451573,-0.6902002176271138,25.18833333333331,33.02124999999996,-5.289214764680095,-3.5547388404809532,-48.9648033126294,-38.83374689826302,35.555555555555564,-21.582049863691765,1.3700000000000045,-2.180000000000007,-0.3200000000000003,0.5800000000000001,-76,1074,True,True,False,True,大戶4/8週累積、散戶或總股東下降支撐、近20日未破60日低位區、20日量低於120日均量
6143,,未入籃,,40,2026-09-09,83.6,-1.531213191990588,-4.457142857142859,18.08510638297875,-15.765421153581169,93.04242992992995,104.132092092092,-1.3532209168315545,-2.452025156487281,-40.30748118446728,-38.87157867000429,34.38256658595642,-60.20536492150038,-1.0100000000000051,-8.490000000000002,-0.3500000000000014,3.3999999999999986,-740,-611,False,True,False,True,散戶或總股東下降支撐、近20日未破60日低位區、20日量低於120日均量
6147,頎邦,未入籃,,40,2026-09-09,198.0,57.14285714285714,8.493150684931505,67.87564766839378,94.72428792810457,175.46587948717962,115.05703589743595,12.85067235601607,9.733463239648632,-36.05509099852435,274.7052144292078,144.9339207048458,-15.357151019342751,-1.8100000000000023,-1.6999999999999886,3.5,4.640000000000001,31587,47031,False,False,False,True,MA120上彎且收盤站上、近20日未破60日低位區、240扣抵偏有利
6156,,未入籃,,40,2026-09-09,20.55,0.9828009828009687,-1.2019230769230727,41.26984126984126,21.811890325064894,21.460754703115814,21.384887566137593,0.4820135795492897,-0.8632500024783107,-40.01158390609313,-7.8129017710562465,77.03676360007105,-73.70781861107957,0.23000000000000398,-1.7199999999999989,-0.370000000000001,-0.7600000000000016,-182,-326,False,True,False,True,散戶或總股東下降支撐、近20日未破60日低位區、20日量低於120日均量
6177,達麗,未入籃,,40,2026-09-09,48.45,9.663570807261724,-1.5243902439024404,57.954545454545496,75.50199073761445,44.024467975206676,44.82518681129458,1.1726564804517725,1.0113426394477987,-8.74285892187232,5.1966229128722174,19.96373276567227,31.228640061242395,-0.5100000000000051,-1.3500000000000085,0.25,0.3000000000000007,485,222,False,False,False,True,MA120上彎且收盤站上、近20日未破60日低位區、240扣抵偏有利
6187,,未入籃,,40,2026-09-09,1330.0,51.33766094102563,1.9157088122605304,55.11811023622048,56.761741616182185,1099.0255037674915,744.614133880517,13.152441780152714,11.747152509909476,-9.603679035226298,270.5378768569816,78.38910596914302,6.807289578384412,-2.4299999999999926,-4.419999999999995,1.3500000000000014,4.27,3641,19981,False,False,False,True,MA120上彎且收盤站上、近20日未破60日低位區、240扣抵偏有利
6209,今國光,未入籃,,40,2026-09-09,79.1,26.461439794773113,-2.944785276073625,68.10035842293905,70.06470204828454,71.60211616523408,62.61943827602675,4.433206262109346,5.342781297979626,-23.760088927553046,107.74630266155687,84.30335097001765,-7.06039866006768,-4.999999999999993,-1.990000000000002,7.600000000000001,6.910000000000004,10140,10420,False,False,False,True,MA120上彎且收盤站上、近20日未破60日低位區、240扣抵偏有利
6216,居易,未入籃,,40,2026-09-09,20.1,-2.3271840542832933,-1.9512195121951126,25.26687598116169,6.7569686219291505,22.036710606060673,23.87461590909084,-3.178992888321386,-2.2774840506900595,-28.118132046763854,-22.29345029733034,14.038567493112941,-27.95969014279417,0.6300000000000026,1.0,-0.2900000000000027,-1.139999999999997,-131,1019,True,True,False,True,大戶4/8週累積、散戶或總股東下降支撐、近20日未破60日低位區、20日量低於120日均量
6217,中探針,未入籃,,40,2026-09-09,180.0,60.00000000000001,-4.509283819628651,66.06060606060606,65.36690812491676,220.75833333333313,140.8252083333334,5.421710720056039,8.147357676425537,-51.482479784366575,275.0,209.2948717948718,-7.566120101976437,-5.090000000000003,-6.0,7.320000000000007,7.780000000000001,8488,11428,False,False,False,True,近20日未破60日低位區、240扣抵偏有利
6223,,未入籃,,40,2026-09-09,5615.0,17.223382045929014,8.923375363724539,49.34333958724203,58.18694306910663,5514.675206398349,3873.336500258,8.040026659220722,9.776258549747796,-26.828732001145795,274.364626970882,65.02746429641466,4.987198133059612,-4.039999999999999,-4.670000000000002,0.7599999999999998,1.3099999999999987,4774,14453,False,False,False,True,MA120上彎且收盤站上、近20日未破60日低位區、240扣抵偏有利
6231,,未入籃,,40,2026-09-09,226.5,12.406947890818865,6.839622641509435,56.20915032679739,83.29192902274775,260.4133018207277,237.9646507352946,1.5122594408167433,-0.41534205457871565,-37.78614369188406,-8.277595245346847,65.92857142857144,-77.43142680450696,0.02999999999999403,-3.3500000000000014,-1.0100000000000051,1.1899999999999977,-456,179,False,True,False,True,散戶或總股東下降支撐、近20日未破60日低位區、20日量低於120日均量
6235,華孚,未入籃,,40,2026-09-09,38.45,9.544159544159548,-2.5348542458808576,56.12244897959183,42.22032393730105,41.85958333333334,51.368688900203566,-5.075005384441411,-3.3818287963566673,-49.792029573288296,-40.37328776857989,42.14390602055802,-66.33263886102247,-1.8700000000000045,-1.3000000000000043,0.3699999999999939,-0.43000000000000327,-127,-1227,False,True,False,True,散戶或總股東下降支撐、近20日未破60日低位區、20日量低於120日均量
6237,,未入籃,,40,2026-09-09,33.6,8.387096774193559,-4.545454545454552,47.67441860465117,26.6149097550233,40.106584947538344,40.39683161824057,-1.4579465189575758,-2.4533168922485804,-42.424695046054275,-24.31111595941966,64.93301049233256,-79.00328327401935,-0.10000000000000142,2.5500000000000007,-0.060000000000002274,-0.38000000000000256,-194,2227,True,True,False,True,大戶4/8週累積、散戶或總股東下降支撐、近20日未破60日低位區、20日量低於120日均量
6266,,未入籃,,40,2026-09-09,25.0,5.042016806722693,1.0101010101010166,46.15384615384609,52.605206868714646,25.54255626520676,26.474043187347977,-1.2038195467518942,-1.0966041540228066,-16.44711163153787,-11.904697601621471,12.79317697228144,-57.168273927359145,-0.7600000000000051,-1.0900000000000034,0.4299999999999997,0.6600000000000001,-84,-184,False,True,False,True,散戶或總股東下降支撐、近20日未破60日低位區、20日量低於120日均量
6281,全國電,未入籃,,40,2026-09-09,51.5,-0.9615384615384581,0.1945525291828787,50.0,54.06147770805331,51.9452348484848,56.25119318181833,-1.7511433972542623,-2.1993548455503498,-21.73684792219276,-21.284459759893302,4.536489151873768,-67.87600993645178,-0.030000000000001137,0.38999999999999346,-0.1999999999999993,-0.6499999999999986,-126,-430,False,True,False,True,散戶或總股東下降支撐、近20日未破60日低位區、20日量低於120日均量
6291,,未入籃,,40,2026-09-09,480.0,52.38095238095237,5.147864184008766,74.10926365795724,101.3783275498619,450.46959786821674,318.8418846899222,5.056345644774418,7.038863395621853,-33.147632311977716,149.24526023427123,121.35593220338983,-16.40804795270946,-2.760000000000005,-4.930000000000007,0.9799999999999986,1.879999999999999,1637,3119,False,False,False,True,MA120上彎且收盤站上、近20日未破60日低位區、240扣抵偏有利
6438,迅得,未入籃,,40,2026-09-09,152.0,16.47509578544062,-2.8753993610223683,62.31884057971015,64.41070880009931,158.44261744966445,152.15451897627293,0.06776672351864743,-1.7595376070437152,-20.172006626484794,-14.922574902019914,36.50793650793651,-73.52337466068836,-0.39000000000000057,-0.960000000000008,-0.6500000000000057,0.3200000000000003,-1096,-1189,False,True,False,True,散戶或總股東下降支撐、近20日未破60日低位區、20日量低於120日均量
6451,訊芯-KY,未入籃,,40,2026-09-09,427.0,24.671532846715326,-4.899777282850781,47.69585253456221,33.92234243894981,468.4148264761905,315.60396180952375,9.31765794142352,7.938276529696209,-43.490102112723775,170.38913166316982,119.66258115304464,8.956219133069121,-1.5799999999999983,-3.3299999999999983,1.9800000000000022,3.710000000000001,6315,9846,False,False,False,True,近20日未破60日低位區、240扣抵偏有利
6469,,未入籃,,40,2026-09-09,67.5,-3.7508520476778218,0.14836795252224366,40.00000000000007,24.566512598992876,69.3734659776055,80.89179220499585,-2.181857877962512,-5.656736832444675,-44.9497493261626,-43.0587101808781,11.570247933884303,-34.03988225871573,0.5100000000000051,-1.0499999999999972,-0.16000000000000014,-0.019999999999999574,-645,-1599,True,True,False,True,大戶4/8週累積、散戶或總股東下降支撐、近20日未破60日低位區、20日量低於120日均量
6499,,未入籃,,40,2026-09-09,71.6,22.813036020583176,-2.1857923497267895,56.80473372781064,63.3865323861341,76.80416666666669,86.75919340136042,-4.970820530798237,-2.860264920339939,-46.56716417910448,-27.099938993678286,41.03942652329751,-24.046290187932783,-0.8400000000000034,-1.3200000000000074,-0.5800000000000036,-0.33000000000000185,-262,-369,False,True,False,True,散戶或總股東下降支撐、近20日未破60日低位區、20日量低於120日均量
6504,南六,未入籃,,40,2026-09-09,37.9,-7.448107448107455,2.156334231805923,51.68539325842695,63.09842079988965,38.310833333333306,40.72437499999997,-1.146088676729906,-2.378515489789468,-28.219696969696972,-22.81059063136457,18.999999999999993,-47.439549677115636,0.04999999999999716,0.1799999999999926,-0.030000000000001137,-0.3500000000000014,-46,-165,False,True,False,True,散戶或總股東下降支撐、近20日未破60日低位區、20日量低於120日均量
6510,,未入籃,,40,2026-09-09,3610.0,52.320675105485236,7.761194029850738,78.33333333333333,95.25754657561224,3214.0277429577463,2778.0128259242974,-3.6448797064789207,5.55173181512798,-18.894667312905067,148.59339984571903,76.06263982102908,10.754253735982555,-3.759999999999998,-5.57,1.2699999999999996,1.8800000000000008,3872,7166,False,False,False,True,近20日未破60日低位區、240扣抵偏有利
6515,穎崴,未入籃,,40,2026-09-09,7280.0,34.441366574330566,2.8975265017667784,65.20270270270271,86.72781360453399,8094.119340757244,5624.20908351893,2.7740670016736635,8.420709716482033,-36.17201123556312,335.2424871830147,96.02853717389002,28.759654889388496,-2.990000000000002,-3.6100000000000065,1.6500000000000004,2.3000000000000007,15153,27689,False,False,False,True,近20日未破60日低位區、240扣抵偏有利
6516,,未入籃,,40,2026-09-09,56.9,2.338129496402863,-0.698080279232105,34.000000000000014,2.598293199871491,57.62663432835834,59.16622263681597,-0.6846382492234238,-0.8928791488865828,-16.151267749370966,-11.908921177166532,16.123188405797094,-49.08211143898774,-0.12000000000000455,-0.030000000000008242,0.0,0.049999999999998934,1,-40,False,True,False,True,散戶或總股東下降支撐、近20日未破60日低位區、20日量低於120日均量
6542,,未入籃,,40,2026-09-08,43.2,-10.373443983402487,-3.9999999999999925,46.36363636363638,14.830080511863708,48.148333333333326,46.5060416666667,-2.473689096694187,-0.5063178303211235,-26.15384615384615,-14.455445544554447,21.664626682986544,-42.7836173812259,0.0,0.0,-0.019999999999999574,-0.10999999999999943,-10,-17,False,True,False,True,散戶或總股東下降支撐、近20日未破60日低位區、20日量低於120日均量
6546,,未入籃,,40,2026-09-09,60.7,13.035381750465547,-2.8799999999999937,42.22222222222224,5.20696026700549,66.40992413949274,65.94501471920321,-2.276454428700214,-1.7279233461213739,-30.799209402900917,-18.923460823011663,45.65086243075373,-58.048590668993725,2.1199999999999974,1.3299999999999983,-1.8200000000000003,-1.7399999999999984,-655,-811,True,True,False,True,大戶4/8週累積、散戶或總股東下降支撐、近20日未破60日低位區、20日量低於120日均量
6552,易華電,未入籃,,40,2026-09-09,23.65,-1.0460251046025104,-2.4742268041237137,27.777777777777757,0.7964516139690153,28.126249999999967,27.493749999999974,-2.0318418646503744,-1.1189915289166241,-37.76315789473684,-15.836298932384352,49.559471365638785,-77.66832604816163,0.07000000000000028,0.00999999999999801,-0.28000000000000114,-0.4800000000000004,-33,-152,False,True,False,True,散戶或總股東下降支撐、近20日未破60日低位區、20日量低於120日均量
6558,興能高,未入籃,,40,2026-09-09,24.0,3.6717062634989306,-3.0303030303030276,41.74757281553397,14.259109487856339,28.6029166666667,33.644791666666634,-3.7532948236217445,-6.748930322260294,-56.284153005464475,-55.80110497237569,44.12416851441241,-75.86714893610927,-0.18999999999999773,-0.490000000000002,0.269999999999996,0.0799999999999983,-387,-926,False,True,False,True,散戶或總股東下降支撐、近20日未破60日低位區、20日量低於120日均量
6561,,未入籃,,40,2026-09-09,317.5,-2.0061728395061706,-1.3975155279503104,38.29787234042553,-2.6880592973488704,335.68378832838755,344.57666341155,-1.0598147486835074,-2.3659828188592025,-24.71954036771329,-24.633701759238626,9.463111240952227,-61.88662064509545,0.6700000000000017,-0.39000000000000057,-0.14000000000000057,0.1399999999999988,-201,-116,True,True,False,True,大戶4/8週累積、散戶或總股東下降支撐、近20日未破60日低位區、20日量低於120日均量
6582,申豐,未入籃,,40,2026-09-09,32.0,0.0,0.31347962382446415,50.0,46.37802766482289,31.981666666666626,32.22583333333333,-0.013026600317866954,-0.08523360766647947,-20.98765432098766,3.8961038961038863,16.72131147540985,-59.88570640902464,-0.010000000000005116,-0.010000000000005116,-0.1700000000000017,-0.40000000000000036,-42,-142,False,True,False,True,散戶或總股東下降支撐、近20日未破60日低位區、20日量低於120日均量、240扣抵偏有利
6584,,未入籃,,40,2026-09-09,586.0,35.55738723370161,-7.205195489863558,50.4145903898908,26.003952901483512,624.285273021002,470.7607479806138,6.056787924006879,7.121911251306723,-31.19075314686959,134.39006398177887,87.5,12.181620821899397,-1.4500000000000028,-4.920000000000002,1.410000000000002,5.24,2709,7194,False,False,False,True,近20日未破60日低位區、240扣抵偏有利
6588,,未入籃,,40,2026-09-09,115.0,27.919911012235808,5.990783410138256,61.475409836065566,79.02898449816867,110.66249999999988,79.13770833333334,2.2309984064297073,8.682627877567217,-30.930930930930934,291.15646258503403,90.69069069069072,5.6107300405694005,-7.039999999999999,-10.719999999999999,4.210000000000004,5.220000000000006,293,715,False,False,False,True,MA120上彎且收盤站上、近20日未破60日低位區、240扣抵偏有利
6589,台康生技,未入籃,,40,2026-09-09,48.2,5.125408942202836,0.3121748178980255,28.20512820512819,28.823857905894762,48.0791666666666,57.01875000000018,-3.401337764643819,-1.7697876326622675,-42.8232502965599,-21.498371335504885,20.993227990970674,-46.11028239914966,-0.6899999999999977,-0.9399999999999977,0.05000000000000071,-0.21000000000000085,-127,-854,False,True,False,True,散戶或總股東下降支撐、近20日未破60日低位區、20日量低於120日均量
6603,,未入籃,,40,2026-09-09,24.95,-3.2193995740116055,0.8211423920833516,34.588726663906186,29.834242643639264,23.9920616232465,23.332161406145634,1.9266200098099207,3.6819205248301845,-29.46726756158844,46.1399356632733,39.58810068649885,-12.252523027112872,0.21999999999999176,-2.450000000000003,0.7900000000000009,1.1799999999999997,687,1351,False,False,False,True,MA120上彎且收盤站上、近20日未破60日低位區、240扣抵偏有利
6625,必應,未入籃,,40,2026-09-09,76.0,2.841677943166432,0.9296148738379806,45.161290322580676,28.871143631787096,75.41553921568627,76.69851511437905,0.2797876146417577,-0.6102615141436729,-11.421405351052115,-7.048409289163726,11.187845303867405,-60.23006211975171,0.0,-0.10000000000000142,-0.05000000000000071,0.6600000000000001,-95,90,False,True,False,True,MA120上彎且收盤站上、散戶或總股東下降支撐、近20日未破60日低位區、20日量低於120日均量
6640,,未入籃,,40,2026-09-09,1200.0,51.8987341772152,-4.0000000000000036,67.08333333333334,76.06533227169685,1185.9369207772784,936.2909566517204,3.5322018619546425,4.115010118066675,-34.60410557184751,62.39834931423718,79.10447761194031,14.079906549220711,-3.3699999999999903,-2.5999999999999943,3.5199999999999996,7.73,1513,7173,False,False,False,True,MA120上彎且收盤站上、近20日未破60日低位區、240扣抵偏有利
6649,,未入籃,,40,2026-09-09,35.65,-4.037685060565277,-0.2797202797202858,58.20895522388057,88.68843949971486,38.30333333333328,45.841041666666555,-2.6207071884070454,-2.8581393398113053,-55.65920398009951,-46.949404761904766,,-56.72617807172931,2.1099999999999994,0.740000000000002,-0.41000000000000014,-0.6699999999999999,-130,-682,True,True,False,True,大戶4/8週累積、散戶或總股東下降支撐、近20日未破60日低位區、20日量低於120日均量
6671,三能-KY,未入籃,,40,2026-09-09,23.0,-0.647948164146861,-0.8620689655172376,38.636363636363605,54.21033627300952,26.465833333333318,30.748958333333295,-7.0939620875263065,-3.2100465604301798,-43.06930693069306,-36.81318681318682,24.018475750577384,-36.12172933054286,0.8400000000000176,0.8200000000000074,-0.04999999999999982,-0.1200000000000001,-2,-30,True,True,False,True,大戶4/8週累積、散戶或總股東下降支撐、近20日未破60日低位區、20日量低於120日均量
6672,騰輝電子-KY,未入籃,,40,2026-09-09,299.5,61.45552560646901,3.633217993079585,54.285714285714285,92.87916872272288,222.2996824758844,157.04230921757755,16.006748171846063,10.316931765459536,-9.24242424242424,177.0084297021723,85.3932584269663,-15.15221672058078,-5.910000000000004,-1.5800000000000018,6.1699999999999875,6.189999999999991,3611,6874,False,False,False,True,MA120上彎且收盤站上、近20日未破60日低位區、240扣抵偏有利
6684,,未入籃,,40,2026-09-09,45.8,1.777777777777767,-1.0799136069114423,45.91194968553456,28.06673119414878,48.41125000000003,50.75291666666667,0.15602641242697946,-1.6833141634885473,-33.13868613138686,-18.360071301247782,55.29685681024448,-85.83423763554556,-0.14000000000000057,-0.4799999999999969,-0.19999999999999574,0.28999999999999915,-26,-166,False,True,False,True,散戶或總股東下降支撐、近20日未破60日低位區、20日量低於120日均量
6690,,未入籃,,40,2026-09-09,161.5,3.5256410256410353,-0.6153846153846176,45.45454545454546,10.350883972694692,162.75379442843405,162.0723643131605,0.7549333666750924,-0.5024090082363819,-11.971128547081044,-6.665278760877702,11.328437296644033,-66.64429878923154,0.0,0.0,-0.33000000000000185,0.379999999999999,67,105,False,True,False,True,散戶或總股東下降支撐、近20日未破60日低位區、20日量低於120日均量
6691,洋基工程,未入籃,,40,2026-09-09,619.0,11.57114508257122,0.0,53.284671532846716,46.987862609503544,594.5058725212467,531.2635708215298,2.0123550206144536,3.1493282158706837,-15.853416958108745,46.663009941352776,39.000000000000014,-10.64401512731379,-1.1200000000000045,-1.3100000000000023,0.25,0.41000000000000014,210,374,False,False,False,True,MA120上彎且收盤站上、近20日未破60日低位區、240扣抵偏有利
6692,,未入籃,,40,2026-09-09,23.8,6.487695749440703,3.2537960954446943,44.15584415584417,43.419966954722575,26.85541666666675,29.04291666666666,-4.059243822566227,-2.6840999364751927,-35.06139154160982,-29.999999999999993,,-54.95767632947835,0.1599999999999966,1.5499999999999972,-0.1200000000000001,-0.46999999999999886,-49,-162,True,True,False,True,大戶4/8週累積、散戶或總股東下降支撐、近20日未破60日低位區、20日量低於120日均量
6727,,未入籃,,40,2026-09-09,508.0,64.40129449838187,-6.099815157116451,59.523809523809526,56.69703532172957,431.152974051896,306.66730538922195,12.042985015727359,8.944009612494819,-26.322079058990276,142.2335419617159,117.2351885098743,11.870169231930472,-13.820000000000004,-10.66,12.54,17.83,3455,6685,False,False,False,True,MA120上彎且收盤站上、近20日未破60日低位區、240扣抵偏有利
6732,,未入籃,,40,2026-09-09,147.5,-1.6666666666666718,-1.3377926421404673,42.5,16.00560105382323,161.2173155737706,171.65419512750492,-1.2603739217142529,-1.869334568321157,-42.17854656455845,-37.160982423466415,51.74825174825175,-63.127038748445486,-0.0899999999999963,-1.4500000000000028,0.29999999999999716,0.6499999999999986,7,-38,False,True,False,True,散戶或總股東下降支撐、近20日未破60日低位區、20日量低於120日均量
6733,,未入籃,,40,2026-09-09,25.9,-10.380622837370247,-2.9962546816479474,52.252252252252255,44.79794792045224,27.48041666666677,33.277416831357016,-5.77739045959108,-4.171955589881049,-47.09506047247653,-40.22349936143039,27.078891257995743,-54.59780024305911,0.07000000000000028,0.36999999999999744,-0.129999999999999,-0.4299999999999997,-200,-535,False,True,False,True,散戶或總股東下降支撐、近20日未破60日低位區、20日量低於120日均量
6751,,未入籃,,40,2026-09-09,41.25,2.3573200992556,0.4872107186358221,49.572649572649595,31.920334049041994,46.44041666666662,49.63187499999997,-4.488624191267865,-0.8709003603438403,-41.983122362869196,-10.32608695652174,26.436781609195403,-74.13445282666396,-1.8699999999999974,-0.010000000000005116,-0.17999999999999972,0.7799999999999994,-13,-42,False,True,False,True,散戶或總股東下降支撐、近20日未破60日低位區、20日量低於120日均量
6757,台灣虎航,未入籃,,40,2026-09-09,54.9,-0.5434782608695676,-1.7889087656529523,38.333333333333364,16.17300341478538,53.09504099099091,58.98799381901861,0.020191401075009274,-2.6785078577910904,-30.160850699337306,-28.37634281941328,25.092936802973973,-56.388420762237246,-1.4899999999999949,-1.4699999999999989,0.40000000000000036,0.09999999999999964,-7049,-17048,False,True,False,True,MA120上彎且收盤站上、散戶或總股東下降支撐、近20日未破60日低位區、20日量低於120日均量
6767,,未入籃,,40,2026-09-09,24.5,-2.390438247011961,-3.9215686274509776,39.49579831932773,25.240354086141693,25.175000000000008,26.355624999999943,-2.8695442488545497,-1.4466672898943767,-21.850079744816586,-20.45454545454546,,-69.28830580755967,2.1600000000000037,2.1600000000000037,-0.1800000000000015,-0.3800000000000008,-19,-50,True,True,False,True,大戶4/8週累積、散戶或總股東下降支撐、近20日未破60日低位區、20日量低於120日均量
6768,志強-KY,未入籃,,40,2026-09-09,63.4,-8.77697841726619,-1.0920436817472678,31.99999999999993,12.644128575430654,75.4647833333333,88.71642499999992,-5.511402040862712,-2.951296842581219,-46.04255319148937,-31.316895610347974,32.49523809523811,-38.86066093119022,0.9299999999999926,1.2099999999999795,-0.1999999999999993,-0.1999999999999993,-4,-176,True,True,False,True,大戶4/8週累積、散戶或總股東下降支撐、近20日未破60日低位區、20日量低於120日均量
6782,視陽,未入籃,,40,2026-09-09,235.0,32.768361581920914,2.3965141612200425,66.31578947368422,64.01675116622113,198.4905377035131,186.89725257069432,3.858193479745564,1.3474331039864396,-8.203125,32.40280346624067,48.837209302325576,50.32672457964229,-0.4199999999999946,-2.049999999999997,0.4599999999999991,1.5600000000000005,63,365,False,False,False,True,MA120上彎且收盤站上、近20日未破60日低位區、240扣抵偏有利
6785,,未入籃,,40,2026-09-09,94.6,-4.540867810292637,2.9379760609357763,40.086206896551694,36.79832333549508,125.7775,190.8575,-13.108581889777371,-4.807842175592758,-70.1577287066246,-57.48314606741574,49.55849889624726,-46.14615352572844,-0.05000000000000426,0.6599999999999966,-0.08999999999999808,0.10000000000000142,-39,-82,False,True,False,True,散戶或總股東下降支撐、近20日未破60日低位區、20日量低於120日均量
6791,,未入籃,,40,2026-09-09,99.1,2.1649484536082397,-0.8008008008008161,41.463414634146325,14.318321899913375,107.47728407557352,107.47345985155182,0.13096502451814818,-2.3205240675869376,-31.65517241379311,-25.28174603174603,23.30905306971904,-84.59499847372513,0.05000000000001137,0.0800000000000125,0.6099999999999994,-0.41999999999999993,47,-39,False,True,False,True,散戶或總股東下降支撐、近20日未破60日低位區、20日量低於120日均量
6829,,未入籃,,40,2026-09-09,254.0,50.29585798816567,4.312114989733051,65.87301587301587,84.66323125886002,201.44879096722622,156.515612509992,11.644593212875343,5.9378121806335615,-10.143796394485683,96.45367708429937,69.4267515923567,-5.245187286812946,-0.7000000000000028,-1.7099999999999937,1.3099999999999987,1.7300000000000004,493,2175,False,False,False,True,MA120上彎且收盤站上、近20日未破60日低位區、240扣抵偏有利
6830,汎銓,未入籃,,40,2026-09-09,576.0,70.91988130563797,-3.5175879396984966,79.43396226415095,75.43302497252338,566.4452228096675,380.654377517623,5.816999088612951,8.08404905429041,-42.400000000000006,228.70165638698165,108.79478827361564,28.83312017763524,-1.9300000000000068,-4.230000000000004,2.7699999999999996,6.400000000000002,2619,10010,False,False,False,True,MA120上彎且收盤站上、近20日未破60日低位區、240扣抵偏有利
6835,圓裕,未入籃,,40,2026-09-09,31.1,1.6339869281045694,0.3225806451612856,52.50000000000003,55.50379780757194,34.71920234708394,36.401473506401075,-3.3432123237447486,-1.9685117928202822,-22.843218215568772,-19.849650962355557,26.998577524893342,-91.87773656834945,0.6200000000000045,1.4300000000000068,0.15000000000000036,-0.02999999999999936,20,-32,True,True,False,True,大戶4/8週累積、散戶或總股東下降支撐、近20日未破60日低位區、20日量低於120日均量
6838,台新藥,未入籃,,40,2026-09-09,23.95,-3.0364372469635637,-2.8397565922920864,63.07692307692306,75.95619503263262,25.450833333333314,26.795624999999955,-2.237516005121676,-2.6771188813305646,-28.07807807807807,-21.08731466227348,15.436241610738243,-54.06609047750444,0.18999999999999773,0.29000000000000625,-0.03999999999999915,-0.3000000000000007,-109,-353,False,True,False,True,散戶或總股東下降支撐、近20日未破60日低位區、20日量低於120日均量
6841,,未入籃,,40,2026-09-09,53.1,-1.3011152416356753,-1.6666666666666607,48.38709677419356,39.545832530213914,58.13077538631344,62.26153007726291,-2.1052631089798157,-2.615870569050438,-36.775246611312184,-26.738209777558485,35.19230769230768,-55.55764842636908,-0.5,0.6500000000000057,0.48999999999999844,-0.3299999999999983,435,-75,False,True,False,True,散戶或總股東下降支撐、近20日未破60日低位區、20日量低於120日均量
6863,永道-KY,未入籃,,40,2026-09-09,99.9,-19.10931174089069,-4.401913875598085,15.306122448979593,-5.354398785077243,103.38831050228313,111.0049771689499,1.3712993743214552,-2.977842831472044,-32.021812080536904,-31.096938775510196,60.53240740740742,-30.46940532893806,0.04999999999999716,-0.09000000000000341,0.120000000000001,-0.23000000000000043,-83,-263,False,True,False,True,散戶或總股東下降支撐、近20日未破60日低位區、20日量低於120日均量
6865,,未入籃,,40,2026-09-09,25.8,,0.9784735812133016,44.28571428571428,53.04775350898841,28.882916666666745,36.905624999999986,-5.669184187249076,-6.410080304311028,-52.222222222222214,-50.857142857142854,,-65.04986239057703,0.13000000000000256,2.719999999999999,0.4800000000000004,0.3000000000000007,16,-23,True,True,False,True,大戶4/8週累積、散戶或總股東下降支撐、近20日未破60日低位區、20日量低於120日均量
6869,雲豹能源,未入籃,,40,2026-09-09,64.2,0.3724651676093149,-0.46511627906976605,35.57692307692312,18.642043412988887,75.06843137254886,89.05950980392177,-7.533078868499943,-5.272833826222289,-47.711103126122886,-47.08363636363636,26.879999999999992,-33.83482302918607,0.3199999999999932,-0.010000000000005116,-0.46000000000000085,-0.9700000000000024,-553,-1627,False,True,False,True,散戶或總股東下降支撐、近20日未破60日低位區、20日量低於120日均量
6873,泓德能源,未入籃,,40,2026-09-09,68.8,-8.520675147685175,1.027900146842886,60.882967660200045,65.91833514208305,80.28931073858118,93.9853208211857,-6.331777864141586,-6.716110793853803,-49.32953708534903,-46.482881865424815,38.335809806835066,-31.602185185327624,0.8000000000000043,1.740000000000009,0.3299999999999983,-0.3099999999999987,219,-465,True,True,False,True,大戶4/8週累積、散戶或總股東下降支撐、近20日未破60日低位區、20日量低於120日均量
6887,寶綠特-KY,未入籃,,40,2026-09-09,38.0,1.7402945113788482,-0.13140604467805073,60.54054054054054,69.10940907186112,37.385833333333345,48.23729166666671,-3.9634374765865066,-5.505470781009558,-51.715374841168995,-46.40338504936531,25.679758308157098,-44.78323496034605,0.35999999999999943,0.8599999999999994,-0.020000000000000018,-0.07000000000000028,-25,-38,False,True,False,True,散戶或總股東下降支撐、近20日未破60日低位區、20日量低於120日均量
6890,來億-KY,未入籃,,40,2026-09-09,157.0,-10.795454545454541,-7.374631268436582,43.636363636363626,8.764466470225612,175.103411003236,198.43488116909472,-1.0536633943282192,-2.200705659320401,-45.37517745846959,-21.460482422345027,55.501284058878795,-58.49646443556746,3.410000000000011,3.8799999999999955,-1.75,-1.71,-1990,-2104,True,True,False,True,大戶4/8週累積、散戶或總股東下降支撐、近20日未破60日低位區、20日量低於120日均量
6895,,未入籃,,40,2026-09-09,154.5,36.12334801762114,-1.2779552715655007,69.56521739130434,70.02540975574104,149.92140756302504,180.57074112978506,-2.3954361066942487,-6.335663347030518,-49.74350797266515,-48.84314736631224,54.0909090909091,-27.201749455095502,0.04999999999999716,0.01999999999999602,-0.5299999999999994,0.09000000000000163,-45,-24,False,True,False,True,散戶或總股東下降支撐、近20日未破60日低位區、20日量低於120日均量
6920,恆勁科技,未入籃,,40,2026-06-26,98.6,-3.804878048780491,-10.363636363636363,42.965779467680605,17.820405481999803,63.819583333333334,46.36208333333331,24.71664006774581,20.137554255112345,-29.57142857142857,557.3333333333334,276.8506056527591,-9.536345791283074,-10.930000000000007,-11.439999999999998,5.530000000000001,5.750000000000002,6484,6742,False,False,False,True,MA120上彎且收盤站上、近20日未破60日低位區、240扣抵偏有利
6922,,未入籃,,40,2026-09-09,196.5,16.964285714285722,-5.755395683453235,51.35135135135135,20.316392476169263,179.62529771505382,175.10134845430076,4.545121364441229,0.6151917535936802,-10.138664383069063,-7.6710762196750775,35.62499999999999,7.847437803392965,-0.04999999999999716,-0.04999999999999716,2.2799999999999994,1.790000000000001,572,434,False,False,False,True,MA120上彎且收盤站上、近20日未破60日低位區
6923,中台,未入籃,,40,2026-09-09,76.4,2.27576974564927,1.4608233731739917,41.66666666666667,51.008753611596816,78.13166666666682,89.38999999999997,-2.695241554667549,-2.1473791757128713,-42.12121212121212,-19.49420442571127,14.16666666666666,-73.85533186841123,0.4700000000000131,1.0300000000000011,-0.20999999999999908,-0.41999999999999904,-155,-311,True,True,False,True,大戶4/8週累積、散戶或總股東下降支撐、近20日未破60日低位區、20日量低於120日均量
6936,永鴻生技,未入籃,,40,2026-09-09,32.7,2.3474178403755985,-0.30487804878046587,53.96825396825397,64.1784869996925,33.28041666666668,34.32041666666667,-1.3389824227675984,-0.7572517244495813,-29.220779220779214,-6.4377682403433445,7.301587301587298,-43.92378053962207,0.060000000000002274,0.6699999999999875,0.15000000000000036,0.07000000000000028,7,-61,False,True,False,True,散戶或總股東下降支撐、近20日未破60日低位區、20日量低於120日均量
6952,大武山,未入籃,,40,2026-09-09,38.9,10.826210826210826,1.8324607329842868,68.59504132231402,83.69076010484314,37.176250000000024,40.3735416666667,-1.81572084117394,-2.0034891658870513,-26.46502835538752,-18.619246861924687,23.192771084337327,-51.632321413585004,0.11000000000001364,0.12000000000001876,-0.10000000000000053,-0.2500000000000009,-31,-98,False,True,False,True,散戶或總股東下降支撐、近20日未破60日低位區、20日量低於120日均量
6965,中傑-KY,未入籃,,40,2026-09-09,73.8,-5.987261146496814,0.0,49.315068493150626,26.734537288153902,77.60139227642279,79.34933434959355,-0.5852675932123796,-1.7297780322921952,-24.792145653389674,-18.893490410518275,13.41632088520055,-55.25142630811626,0.3499999999999943,0.5600000000000023,-0.1200000000000001,-0.20999999999999996,-108,-256,False,True,False,True,散戶或總股東下降支撐、近20日未破60日低位區、20日量低於120日均量
7610,聯友金屬-創,未入籃,,40,2026-09-09,2030.0,67.07818930041152,11.538461538461542,71.24463519313305,97.39682516878892,1407.7916666666667,782.5762499999998,20.06410620877872,20.385310833686397,-25.64102564102564,1728.8288288288288,149.3150684931507,-1.247012249406032,-1.2899999999999991,-1.259999999999998,0.129999999999999,0.6699999999999982,1903,3406,False,False,False,True,MA120上彎且收盤站上、近20日未破60日低位區、240扣抵偏有利
7736,虎山,未入籃,,40,2026-09-09,69.9,-0.42735042735042583,0.7204610951008661,42.62295081967221,58.48121136934844,73.50416666666656,82.19958333333335,-3.7588652482269835,-2.1778044438714006,-30.792079207920786,-21.54882154882154,8.65102639296187,-73.08852577751594,-0.05000000000001137,-0.05000000000001137,-0.06000000000000005,-0.26000000000000023,0,-51,False,True,False,True,散戶或總股東下降支撐、近20日未破60日低位區、20日量低於120日均量
7744,,未入籃,,40,2026-09-09,529.0,41.25500667556743,-2.9357798165137616,56.502242152466366,74.2524617451285,481.82916666666665,414.30625,1.9519506281683752,3.7570565462836214,-14.401294498381878,56.50887573964498,59.77653631284916,18.786162508711012,-1.8100000000000023,-1.5100000000000051,1.21,0.7500000000000009,424,615,False,False,False,True,MA120上彎且收盤站上、近20日未破60日低位區、240扣抵偏有利
7749,意騰-KY,未入籃,,40,2026-09-09,355.5,14.12520064205458,-3.5278154681139706,59.22330097087379,44.929768812300395,409.05942435577697,426.90132481296797,-1.8888791445365372,-4.758281416800925,-40.38328036132485,-39.890580199021755,64.55527847049044,-45.17396725900997,-0.7800000000000011,-1.2700000000000031,-1.6600000000000001,1.2699999999999996,-512,1410,False,True,False,True,散戶或總股東下降支撐、近20日未破60日低位區、20日量低於120日均量
7750,新代,未入籃,,40,2026-09-09,2270.0,20.105820105820115,-6.004140786749479,43.16546762589928,30.274083354807523,2137.125,1530.7166666666667,9.03930780841431,8.46466805628545,-26.058631921824105,151.94228634850165,42.89693593314763,-7.457547801452014,-2.4199999999999875,-4.099999999999994,0.6299999999999999,0.8600000000000003,2074,5356,False,False,False,True,MA120上彎且收盤站上、近20日未破60日低位區、240扣抵偏有利
7760,享溫馨,未入籃,,40,2026-09-09,32.9,-2.2288261515601815,-0.9036144578313365,41.66666666666651,15.577755209134562,34.64583333333338,36.50833333333343,-3.293712637528823,-0.9047726758650954,-24.541284403669728,-11.796246648793563,16.35220125786163,-49.655791545091475,0.45000000000000284,0.8700000000000045,-0.029999999999999805,1.02,-9,694,False,True,False,True,散戶或總股東下降支撐、近20日未破60日低位區、20日量低於120日均量
7769,鴻勁,未入籃,,40,2026-09-09,6720.0,29.855072463768106,12.374581939799324,54.67372134038801,76.7740877211785,6061.708333333333,4535.395833333333,6.121570658477338,9.31134041324595,-20.614294152392198,270.24793388429754,47.43083003952569,-17.95259833101195,-0.710000000000008,-0.7600000000000051,0.5,0.22999999999999954,15816,22368,False,False,False,True,MA120上彎且收盤站上、近20日未破60日低位區、240扣抵偏有利
7782,,未入籃,,40,2026-09-09,25.65,-3.0245746691871522,-3.3898305084745894,48.2758620689655,54.759349529082094,25.151666666666692,28.461041666666656,-1.0653292686923832,-5.345463111800908,-40.966628308400466,-38.70967741935485,,-49.253191666898445,0.5800000000000125,2.0999999999999943,-0.6300000000000008,-0.7200000000000006,-46,0,True,True,False,True,大戶4/8週累積、散戶或總股東下降支撐、近20日未破60日低位區、20日量低於120日均量
7786,東方風能,未入籃,,40,2026-09-09,115.5,-6.854838709677424,-0.8583690987124415,17.391304347826093,17.794560876418277,126.96666666666667,156.61875,-4.019150812649608,-7.8374402353806545,-59.04255319148937,-58.453237410071935,22.32142857142858,-33.65816970585283,0.3299999999999983,0.5699999999999932,-0.23999999999999932,-0.39999999999999947,-341,-611,False,True,False,True,散戶或總股東下降支撐、近20日未破60日低位區、20日量低於120日均量
7788,松川精密,未入籃,,40,2026-09-09,320.5,72.31182795698925,-4.328358208955219,66.08478802992519,77.11537060662678,217.4,178.95,10.589232725731247,7.525912573231164,-7.636887608069165,112.25165562913908,102.33236151603498,51.223929750561915,-0.7000000000000028,-2.430000000000007,1.2400000000000002,-0.6299999999999999,1602,794,False,False,False,True,MA120上彎且收盤站上、近20日未破60日低位區、240扣抵偏有利
7820,,未入籃,,40,2026-09-09,117.5,20.02042900919305,-0.4237288135593209,43.90243902439024,29.20254908421509,135.36166666666662,157.56208333333336,-6.769825918762084,-5.41876972792349,-48.008849557522126,-46.95259593679458,44.313304721030036,-80.02812478476051,0.0,-7.88000000000001,-0.4899999999999993,4.34,-199,1393,False,True,False,True,散戶或總股東下降支撐、近20日未破60日低位區、20日量低於120日均量
8033,雷虎,未入籃,,40,2026-09-09,174.5,11.146496815286632,-0.8522727272727293,39.34426229508197,16.526957722405168,162.10280178571423,150.52668214285714,4.119914439537564,1.6638222505831468,-35.845588235294116,-0.5791478294063457,119.35483870967741,21.199691384641373,-7.990000000000002,-6.460000000000001,2.440000000000005,2.6299999999999955,7090,8219,False,False,False,True,MA120上彎且收盤站上、近20日未破60日低位區
8034,,未入籃,,40,2026-09-09,20.3,8.847184986595181,4.370179948586128,69.38775510204086,79.30991279031097,21.54690789473685,22.358980263157928,-3.6955901682246273,-0.9977234427139381,-28.81136950904394,-15.804409517572582,28.977272727272705,-72.96749719742178,1.240000000000002,1.120000000000001,-1.4399999999999977,-1.2800000000000011,-253,-345,True,True,False,True,大戶4/8週累積、散戶或總股東下降支撐、近20日未破60日低位區、20日量低於120日均量
8038,,未入籃,,40,2026-09-09,30.8,-1.9108280254776955,-3.4482758620689613,51.58730158730159,28.850223966892173,38.575833333333314,42.46833333333333,-4.801957800353773,-4.453714553550514,-49.59083469721768,-46.62045060658579,56.33333333333332,-66.79492911272243,0.010000000000001563,0.629999999999999,-0.6499999999999986,-1.5499999999999972,-249,2045,False,True,False,True,散戶或總股東下降支撐、近20日未破60日低位區、20日量低於120日均量
8039,台虹,未入籃,,40,2026-09-09,289.5,64.95726495726495,-2.6890756302521024,51.37420718816068,43.70362519638884,176.03057575757566,127.68804545454537,22.58959039777,18.756294572832854,-20.46703296703297,351.95855804711886,172.59977396821938,84.7103781718416,-1.8700000000000045,-7.200000000000003,1.7700000000000031,5.150000000000006,951,8350,False,False,False,True,MA120上彎且收盤站上、近20日未破60日低位區、240扣抵偏有利
8044,,未入籃,,40,2026-09-09,23.4,-8.771929824561408,-2.500000000000002,10.937500000000028,11.692668992395884,25.977500000000077,27.93229166666663,-0.8318885301181855,-2.4781425932122403,-38.42105263157896,-26.415094339622648,41.93548387096775,-60.298777455908706,-0.28999999999999915,0.3200000000000003,0.009999999999999787,-0.2400000000000002,44,-302,False,True,False,True,散戶或總股東下降支撐、近20日未破60日低位區、20日量低於120日均量
8054,,未入籃,,40,2026-09-09,83.5,5.763141228625712,1.21212121212122,61.90476190476192,68.76543591991535,97.95846571729969,110.71971518987357,-4.569009960706882,-1.4318704012510675,-47.9421298625456,-13.506333777831959,83.81453090591222,-73.03876066378245,0.3200000000000003,-1.009999999999998,-0.38000000000000256,0.2700000000000031,-333,1066,False,True,False,True,散戶或總股東下降支撐、近20日未破60日低位區、20日量低於120日均量
8072,陞泰,未入籃,,40,2026-09-09,26.05,0.7736943907156624,-0.5725190839694583,40.624999999999964,25.45740249388824,27.20774793388431,28.815284090909014,-1.2960350666269105,-3.1580940960111215,-24.956550722567428,-24.324162105060985,24.542148760330583,-69.83723150050577,-0.3999999999999986,-0.6999999999999957,-0.03999999999999915,0.3299999999999983,-34,-242,False,True,False,True,散戶或總股東下降支撐、近20日未破60日低位區、20日量低於120日均量
8077,,未入籃,,40,2026-09-09,43.5,-4.395604395604391,-0.6849315068493067,46.15384615384616,39.19258807321098,31.81166666666666,26.401249999999983,12.782332520865648,6.014924374247088,-22.735346358792185,2.35294117647058,,40.582884574063186,0.0,0.9099999999999966,0.1200000000000001,0.13000000000000034,37,32,False,False,False,True,MA120上彎且收盤站上、近20日未破60日低位區
8083,,未入籃,,40,2026-09-09,158.0,0.9584664536741228,0.0,28.57142857142857,24.666449779220706,160.22965116279096,154.88284883720925,-0.4051384797835622,0.8611326401720243,-8.080500591916117,10.363872644574412,7.868852459016384,-5.087612511220785,0.37999999999999545,0.7199999999999989,0.1899999999999995,0.019999999999999574,42,8,False,False,False,True,近20日未破60日低位區、240扣抵偏有利
8087,,未入籃,,40,2026-09-09,26.5,-5.693950177935947,0.0,46.534653465346516,38.27619581869934,31.857083333333307,32.352916666666765,-2.693037048349989,-2.6784819011330563,-34.729064039408875,-26.08089260808927,52.0309477756286,-62.343481991769366,-0.769999999999996,-0.5599999999999952,-0.28000000000000114,-0.5300000000000011,-61,-123,False,True,False,True,散戶或總股東下降支撐、近20日未破60日低位區、20日量低於120日均量
8103,瀚荃,未入籃,,40,2026-09-09,113.0,63.53111432706224,-7.755102040816331,66.45865834633385,62.395528882953066,94.64580072463778,87.81567521729423,2.6983605723393422,4.240985127119168,-14.617519998685935,78.00003730435667,93.06184012066365,115.47555674177107,-4.650000000000006,-3.5400000000000063,2.830000000000002,4.470000000000002,1159,3464,False,False,False,True,MA120上彎且收盤站上、近20日未破60日低位區、240扣抵偏有利
8171,,未入籃,,40,2026-09-09,20.0,6.382978723404253,2.3017902813299296,59.32203389830512,68.99861616375796,22.082916666666627,24.385416666666654,-5.147203579418358,-3.835094234213521,-37.597503900156006,-35.27508090614886,21.46739130434785,-37.7022518467633,-0.14999999999999858,-0.6299999999999955,-0.11999999999999922,-0.129999999999999,-307,-222,False,True,False,True,散戶或總股東下降支撐、近20日未破60日低位區、20日量低於120日均量
8284,三竹,未入籃,,40,2026-09-09,66.6,8.823529411764696,0.9090909090909038,47.36842105263154,53.52672807929314,64.00083333333329,63.182083333333324,1.0154020176512235,0.32352396326778,-4.857142857142859,4.225352112676051,16.472545757071554,81.58699459573344,0.38000000000000256,0.3300000000000054,0.10999999999999943,0.07000000000000028,22,20,False,False,False,True,MA120上彎且收盤站上、近20日未破60日低位區、240扣抵偏有利
8358,金居,未入籃,,40,2026-09-09,526.0,74.75083056478404,5.200000000000005,68.97133220910624,79.7933854264818,440.8046602126042,342.84818716780575,8.630825329823665,6.820580828000677,-30.289271417617115,112.21177616645068,178.43051551244443,33.46299621173357,-2.019999999999996,-2.3599999999999994,1.4200000000000017,2.5500000000000007,16844,28659,False,False,False,True,MA120上彎且收盤站上、近20日未破60日低位區、240扣抵偏有利
8401,,未入籃,,40,2026-09-09,22.75,1.1111111111111072,0.0,27.77777777777783,23.81213631563234,23.509887218045098,25.46334429824557,-2.794801841111738,-1.1079506817291862,-20.18491407167068,-16.841873823363684,6.363636363636349,-48.28392456791612,0.2700000000000031,0.8399999999999963,-0.0600000000000005,-0.3800000000000008,-127,-229,False,True,False,True,散戶或總股東下降支撐、近20日未破60日低位區、20日量低於120日均量
8426,,未入籃,,40,2026-09-09,20.75,1.4669926650366705,-0.24038461538461453,40.000000000000064,24.069407375519525,21.486457833732974,24.08204836131088,-3.4854947367447875,-2.503473174969595,-31.38972917467856,-24.815574304656472,14.702565195052575,-59.92231387488769,0.0,0.030000000000001137,-0.23000000000000043,-0.6099999999999994,-66,-192,False,True,False,True,散戶或總股東下降支撐、近20日未破60日低位區、20日量低於120日均量
8435,,未入籃,,40,2026-09-09,53.7,3.0710172744721653,0.5617977528090012,48.38709677419366,69.09186193763048,54.71499999999992,54.62916666666659,-1.0697926711668582,-0.8252585078781571,-11.239669421487598,-8.98305084745762,6.796116504854366,-43.145080050223804,0.0,0.0,-0.120000000000001,-0.14000000000000057,-29,-467,False,True,False,True,散戶或總股東下降支撐、近20日未破60日低位區、20日量低於120日均量
8463,潤泰材,未入籃,,40,2026-09-09,21.5,1.4150943396226356,0.4672897196261738,61.53846153846158,67.68869297616791,21.391757164404225,23.337733785822007,-3.228214384589889,-1.1952158797944645,-20.472328923033146,-13.368886457906015,6.31067961165046,-32.16900168874663,0.04999999999999716,0.14000000000000057,-0.040000000000000036,-0.1800000000000006,-19,-92,False,True,False,True,散戶或總股東下降支撐、近20日未破60日低位區、20日量低於120日均量
8478,東哥遊艇,未入籃,,40,2026-09-09,141.0,-2.4366293674354944,-0.7042253521126751,47.368421052631575,34.01801594516626,149.69891364136421,167.31287816281693,-2.0589817687152956,-2.2861026450310185,-38.23031880286272,-33.339054454673125,18.146979533118145,-43.99967271954055,-0.4399999999999977,-0.7600000000000051,0.41000000000000014,0.2699999999999996,26,-217,False,True,False,True,散戶或總股東下降支撐、近20日未破60日低位區、20日量低於120日均量
8489,,未入籃,,40,2026-09-09,21.95,0.22831050228311334,-0.6787330316742168,25.64102564102555,14.78852227125637,23.790833333333374,31.4933333333333,-4.460879459206213,-4.147512190173042,-55.65656565656566,-46.002460024600246,14.418604651162802,-73.44314481677421,0.10999999999999943,-1.1400000000000006,0.2599999999999998,-0.08999999999999986,26,-229,False,True,False,True,散戶或總股東下降支撐、近20日未破60日低位區、20日量低於120日均量
8499,鼎炫-KY,未入籃,,40,2026-09-09,257.5,6.404958677685957,1.7786561264822032,44.852941176470594,31.357330408639395,272.2476617727022,279.51217713431225,-0.42952473155574156,-0.3979508372424667,-35.511909139191886,-2.793686570105436,43.29613154055665,-72.53991067987577,0.0,0.0,-0.7599999999999998,-1.049999999999999,-233,-256,False,True,False,True,散戶或總股東下降支撐、近20日未破60日低位區、20日量低於120日均量
8906,,未入籃,,40,2026-09-09,28.55,12.845849802371534,-1.8900343642611728,69.01408450704226,61.766611088928556,27.27958333333328,30.247083333333318,-2.4219029450339824,-1.6614851089481464,-31.038647342995162,-20.473537604456816,32.577319587628864,-68.41040055522916,0.03999999999999915,0.9200000000000017,-0.28000000000000114,-0.6600000000000001,-38,-115,False,True,False,True,散戶或總股東下降支撐、近20日未破60日低位區、20日量低於120日均量
8916,,未入籃,,40,2026-09-09,41.0,3.86045184933983,0.12210012210012167,63.15789473684217,70.88346454956938,41.87848978805396,43.667807129094314,-1.3041053555407967,-1.0488401652862245,-13.2110987991245,-11.822476379910485,10.539215686274517,-50.47940289444686,0.8100000000000023,1.0100000000000051,-0.17999999999999972,-0.3999999999999986,-221,-547,True,True,False,True,大戶4/8週累積、散戶或總股東下降支撐、近20日未破60日低位區、20日量低於120日均量
8924,,未入籃,,40,2026-09-09,50.6,-8.499095840867987,-1.3645224171539905,51.35135135135137,47.83454976846549,57.65566666666654,62.163000000000096,-3.9215450289354803,-0.9797739922504989,-29.038893044128645,-18.47475832438239,21.599999999999998,-53.48442792870544,0.5899999999999963,1.3999999999999986,0.48999999999999844,0.24999999999999645,11,-257,True,True,False,True,大戶4/8週累積、散戶或總股東下降支撐、近20日未破60日低位區、20日量低於120日均量
8938,,未入籃,,40,2026-09-09,51.9,-6.3176895306859215,-1.5180265654649028,43.396226415094326,48.868174316304305,55.766971669218925,59.07639293006638,-3.443457524610527,-0.6291697311574973,-26.86954607835521,-7.392591013796556,15.109343936381702,-56.013322631841135,-0.23000000000000398,-1.240000000000002,-0.2400000000000002,0.10999999999999943,-217,-45,False,True,False,True,散戶或總股東下降支撐、近20日未破60日低位區、20日量低於120日均量
9802,鈺齊-KY,未入籃,,40,2026-09-09,71.2,-2.063273727647863,-1.5214384508990264,49.01960784313731,31.054021206297445,75.44250000000004,87.02185703185715,-3.52822060063932,-2.788187000797482,-37.425507287942885,-25.993079073926562,15.743440233236171,-48.61889339702411,0.5699999999999932,-0.14000000000000057,-0.040000000000000924,-1.7763568394002505e-15,-104,-239,True,True,False,True,大戶4/8週累積、散戶或總股東下降支撐、近20日未破60日低位區、20日量低於120日均量
9930,中聯資源,未入籃,,40,2026-09-09,62.6,-2.0344287949921713,-0.7923930269413626,39.58333333333332,20.71559751338391,64.7162422729434,65.6010306704708,-0.8988592191291,-0.5917970397303685,-8.807417998038257,-6.888920480465444,9.983633387888702,-30.34744401809295,-0.0799999999999983,-0.2600000000000051,0.019999999999999574,-0.009999999999999787,8,-94,False,True,False,True,散戶或總股東下降支撐、近20日未破60日低位區、20日量低於120日均量
9940,信義,未入籃,,40,2026-09-09,20.3,-2.4038461538461564,-0.9756097560975618,38.0952380952381,26.03760034233855,19.598078583765123,20.732604706390372,0.198148363587336,-1.2517841113792505,-15.688785117119819,-13.780506590964103,15.303430079155689,-44.88569538309508,-0.07000000000000739,0.01999999999999602,0.019999999999999574,-0.0600000000000005,-97,-369,False,True,False,True,MA120上彎且收盤站上、散戶或總股東下降支撐、近20日未破60日低位區、20日量低於120日均量
9943,好樂迪,未入籃,,40,2026-09-09,51.0,-3.409090909090906,-0.390625,46.666666666666615,34.245244488341484,52.73424778761065,55.104771386430706,-1.1153549372045934,-1.6394506494354144,-18.366479687234396,-17.373974881000176,9.145129224652093,-35.47063059117151,-0.04000000000000625,-0.04000000000000625,-0.0800000000000054,-0.22000000000000242,-51,-146,False,True,False,True,散戶或總股東下降支撐、近20日未破60日低位區、20日量低於120日均量
9955,佳龍,未入籃,,40,2026-09-09,23.5,4.490884837705655,-1.4675052410901501,28.571428571428527,5.573565083527279,26.936681072210018,29.0878997994165,-5.506588684287916,-1.0585273438600495,-42.53630039611133,-17.668389015807783,25.225225225225234,-28.145614838636945,0.13000000000000256,-1.3700000000000045,0.19999999999999574,-0.05000000000000426,-182,-559,False,True,False,True,散戶或總股東下降支撐、近20日未破60日低位區、20日量低於120日均量
1102,亞泥,未入籃,,35,2026-09-09,35.4,7.92682926829269,0.8547008547008517,62.06896551724119,74.12316102741076,33.02302322796939,33.592106082375416,0.9692833069367746,-0.06501479400461418,-3.7938305349473067,5.000639249946692,12.0253164556962,-27.63570914647748,-1.2099999999999937,-0.9899999999999949,0.3200000000000003,0.22000000000000064,2675,894,False,False,False,True,MA120上彎且收盤站上、近20日未破60日低位區、20日量低於120日均量、240扣抵偏有利
1504,東元,未入籃,,35,2026-09-09,70.9,14.35483870967742,-1.8005540166204925,41.40625000000006,26.985093408221477,67.46944057567318,78.0244243268338,-0.3216091844833846,0.5046984328789694,-42.79880892184954,-21.66324530113657,25.83333333333333,-43.05146244280144,-2.7299999999999898,-3.339999999999989,2.349999999999998,2.6099999999999994,28431,29838,False,False,False,True,近20日未破60日低位區、20日量低於120日均量
1528,恩德,未入籃,,35,2026-09-09,20.25,19.11764705882353,5.744125326370764,63.559322033898326,93.97823698629065,23.513333333333346,21.304375000000004,-2.4427348949779493,0.33413253243432806,-40.44117647058824,25.389393215480148,64.50617283950618,-88.09489743165581,-1.5200000000000031,-2.230000000000004,4.890000000000001,4.839999999999996,5447,4205,False,False,False,True,近20日未破60日低位區、20日量低於120日均量、240扣抵偏有利
1582,信錦,未入籃,,35,2026-09-09,71.8,11.317829457364326,-3.1039136302294157,41.025641025640965,7.885686581508265,86.29813794983642,76.76704607415478,-0.7017368702769144,0.8238636668803201,-39.651698884519845,8.999134173334223,57.258064516129025,-90.99222891365012,-1.3299999999999983,-2.0799999999999983,1.990000000000002,2.3999999999999986,2899,2918,False,False,False,True,近20日未破60日低位區、20日量低於120日均量、240扣抵偏有利
1609,大亞,未入籃,,35,2026-09-09,38.1,15.454545454545453,2.008032128514059,62.765957446808535,89.19379562330663,35.7246857481673,37.355698307460166,0.05544106146722072,-0.6942225880731234,-22.39446640316206,-3.9535475286659127,37.85046728971962,-53.95315202303331,-0.5899999999999999,-0.8099999999999987,1.0700000000000074,1.0500000000000043,2508,1021,False,False,False,True,MA120上彎且收盤站上、近20日未破60日低位區、20日量低於120日均量
1615,大山,未入籃,,35,2026-09-09,43.95,4.518430439952459,-0.1136363636363602,44.44444444444455,34.048503829423424,42.72762280701752,43.856219298245534,0.11862876534309841,-0.5185676219719881,-9.78284356093344,-6.361434434501778,11.407766990291247,-36.4117618682441,-0.04999999999999716,-0.6200000000000045,0.16000000000000014,0.2600000000000007,312,319,False,False,False,True,MA120上彎且收盤站上、近20日未破60日低位區、20日量低於120日均量
2207,和泰車,未入籃,,35,2026-09-09,530.0,2.1194605009633882,-1.6697588126159513,64.47368421052632,74.86225790494242,483.61079332652173,512.7769939564181,0.5239677675209276,-0.29073256654498225,-12.70502214886935,-4.563521623893418,25.93406593406593,-59.31746355746693,0.21999999999999886,-0.25,0.020000000000000018,0.22999999999999998,319,972,False,False,False,True,MA120上彎且收盤站上、近20日未破60日低位區、20日量低於120日均量
2329,華泰,未入籃,,35,2026-09-09,42.65,10.064516129032253,-0.5827505827505797,49.253731343283576,21.659029150040652,51.2602808349146,50.90176067362429,-2.7511769287212218,0.19492447265547774,-38.84196574896486,3.6552141894778956,60.377358490566024,-82.37471432064221,-2.730000000000004,-1.5,1.490000000000002,0.9699999999999989,2979,2887,False,False,False,True,近20日未破60日低位區、20日量低於120日均量、240扣抵偏有利
2367,燿華,未入籃,,35,2026-09-09,42.2,18.364839648118302,-2.088167053364265,48.35680751173712,25.82703895867791,56.493908402203935,46.19128960055094,-6.144072030713965,2.638135162702171,-48.56509695290859,58.92807121292287,96.36913767019672,-87.82740427787813,-3.6000000000000014,-7.57,2.8400000000000034,4.950000000000003,11365,9854,False,False,False,True,近20日未破60日低位區、20日量低於120日均量、240扣抵偏有利
2397,友通,未入籃,,35,2026-09-09,59.9,10.925925925925917,-3.6977491961414866,28.712871287128735,2.3672590505924096,58.43548828124984,59.53628110532413,2.1342486521023885,-1.404322802804625,-15.113954664163721,-13.35039416549677,29.714285714285694,-33.82476316174815,-1.279999999999987,-2.469999999999999,0.47999999999999865,0.34999999999999964,388,197,False,False,False,True,MA120上彎且收盤站上、近20日未破60日低位區、20日量低於120日均量
2480,敦陽科,未入籃,,35,2026-09-09,155.5,-0.3205128205128194,-0.3205128205128194,33.33333333333333,21.055813062951582,147.79459265175734,146.50137779552728,2.4582361737815805,-0.38538761911214303,-9.581938494577303,-2.5853027828481645,15.570934256055358,-56.91860935385269,-0.05000000000000071,-0.9100000000000001,0.4400000000000013,0.7100000000000009,470,460,False,False,False,True,MA120上彎且收盤站上、近20日未破60日低位區、20日量低於120日均量
2548,華固,未入籃,,35,2026-09-09,95.6,-2.448979591836742,1.0570824524312794,49.49494949494945,69.1889218755369,102.59878466386559,98.51784802220891,-0.9547283302971832,0.5282578163165574,-18.945955844951733,7.396608505438951,11.860420892494927,-54.343259079473384,-5.450000000000003,-5.439999999999998,3.1500000000000004,3.1400000000000006,5352,5065,False,False,False,True,近20日未破60日低位區、20日量低於120日均量、240扣抵偏有利
2633,台灣高鐵,未入籃,,35,2026-09-09,26.1,0.19193857965451588,0.0,53.84615384615389,48.28096458956841,25.378242753623187,25.84189311594202,0.4016412535162939,-0.1595797732637405,-6.55354919053549,-2.1994134897360684,8.841843088418443,-64.56942027594947,-0.7000000000000028,-0.4099999999999966,0.16999999999999993,0.08999999999999986,3064,1151,False,False,False,True,MA120上彎且收盤站上、近20日未破60日低位區、20日量低於120日均量
3005,神基,未入籃,,35,2026-09-09,115.0,7.476635514018692,0.0,43.24324324324324,36.95224242392391,107.11926902887147,114.46918963254592,-0.0765188489605162,-1.7381112990481395,-26.58869134100922,-22.118130877801445,30.48016701461378,-41.04616623449719,-1.4399999999999977,-4.409999999999997,0.6199999999999992,2.0299999999999994,2296,6150,False,False,False,True,近20日未破60日低位區、20日量低於120日均量
3025,星通,未入籃,,35,2026-09-09,50.6,4.277273382331748,-3.2504780114722687,32.77464018946981,0.5998239851138701,58.510116550116585,55.40973484848482,-0.5457813358216046,1.1302398720495876,-36.942919389978215,20.44610903037869,51.008064516129025,-72.53088676253437,-2.330000000000002,-5.629999999999999,0.7599999999999945,1.6199999999999974,19,5040,False,False,False,True,近20日未破60日低位區、20日量低於120日均量、240扣抵偏有利
3029,零壹,未入籃,,35,2026-09-09,111.0,11.782477341389729,-0.4484304932735439,48.83720930232558,49.55936446248811,102.57333333333327,106.0589124293783,0.0896020823379029,-0.43795568659800166,-8.325459317585304,-5.72739541160594,20.81589958158996,-33.91253079178895,-0.4100000000000037,-0.3500000000000014,0.46999999999999886,0.7100000000000009,1177,1000,False,False,False,True,MA120上彎且收盤站上、近20日未破60日低位區、20日量低於120日均量
3310,,未入籃,,35,2026-09-09,67.5,2.739726027397249,-1.8895348837209225,45.71428571428574,9.901304838285103,69.3708333333334,70.08166666666658,-1.4735471653450238,0.43530964309377307,-23.98648648648648,1.0479041916167775,15.275590551181107,-91.5328035746659,-0.8400000000000034,-0.7800000000000011,0.20999999999999996,0.18000000000000016,77,57,False,False,False,True,近20日未破60日低位區、20日量低於120日均量
3317,,未入籃,,35,2026-09-09,57.6,-7.273943086410572,-7.987220447284349,29.224614212230918,-0.5028423563005918,69.39070512820516,58.85122275641023,4.233648529639189,3.17834093668119,-46.25322997416021,34.21158757897567,89.68005445881553,-81.03203280901704,-1.1199999999999974,0.6400000000000006,4.420000000000002,4.780000000000001,2526,3716,False,False,False,True,近20日未破60日低位區、20日量低於120日均量、240扣抵偏有利
3551,,未入籃,,35,2026-09-09,178.5,11.214953271028039,-1.9230769230769273,54.09836065573771,60.48157717091035,188.69340000000003,181.73959444444415,-0.046285315065630606,0.6303678841861782,-22.39130434782609,9.874101309871651,51.315789473684205,-77.82545238595632,-1.6799999999999997,-2.25,2.5199999999999996,2.9400000000000013,517,1624,False,False,False,True,近20日未破60日低位區、20日量低於120日均量、240扣抵偏有利
3645,達邁,未入籃,,35,2026-09-09,73.9,19.773095623987036,3.2122905027933024,66.53061224489797,78.77719693457475,84.84164465408803,72.48342610062888,0.3610292148572558,-0.46107145521466775,-38.24480078205067,7.49651439800636,63.92949187056543,-63.71071072714993,-1.6799999999999997,-0.9299999999999997,2.1500000000000057,3.5400000000000063,1014,5705,False,False,False,True,近20日未破60日低位區、20日量低於120日均量、240扣抵偏有利
3663,,未入籃,,35,2026-09-09,61.0,9.123434704830057,-1.7713365539452464,47.16981132075472,26.66703315951777,71.50583333333333,62.27916666666658,-0.4836240489886734,0.9516347991705754,-34.96801705756929,14.87758945386064,73.35834896810509,-88.24579864205955,-0.21999999999999886,-3.510000000000005,1.3200000000000003,1.9200000000000017,1056,1274,False,False,False,True,近20日未破60日低位區、20日量低於120日均量、240扣抵偏有利
3679,新至陞,未入籃,,35,2026-09-09,107.0,-6.956521739130439,1.4218009478673022,41.379310344827594,18.186686697158027,110.55188933873141,109.13614203778687,-0.06156259812160059,0.19927288203742677,-11.222707423580792,2.13316845074778,9.952606635071092,-42.19188333530437,0.0,-0.7099999999999937,0.3000000000000007,0.5199999999999996,114,153,False,False,False,True,近20日未破60日低位區、20日量低於120日均量
3691,,未入籃,,35,2026-09-09,98.3,-2.189054726368167,-0.7070707070707116,44.8051948051948,35.66023136704726,127.26249999999999,107.60875000000003,-1.9121085219535927,1.3750304210270015,-44.7752808988764,21.96029776674939,69.77225672877847,-74.60641613653722,-4.049999999999997,-3.5999999999999943,3.280000000000001,3.66,2539,2783,False,False,False,True,近20日未破60日低位區、20日量低於120日均量、240扣抵偏有利
4768,,未入籃,,35,2026-09-09,303.0,14.001673744516928,-0.9803921568627416,47.86957096291076,40.18390714149932,390.2364749999999,348.4341797619045,-5.142994288814817,3.806097770952377,-47.28640555915926,65.79275670909585,58.134920634920626,-67.8809648891221,-4.399999999999999,-6.1100000000000065,4.760000000000002,8.669999999999998,2745,5460,False,False,False,True,近20日未破60日低位區、20日量低於120日均量、240扣抵偏有利
4960,誠美材,未入籃,,35,2026-09-09,20.85,11.497326203208559,-1.1848341232227444,54.02298850574714,35.51483558142057,27.40041666666665,20.915833333333335,2.2340028605186024,2.8320922657762537,-56.56250000000001,51.63636363636363,78.08988764044942,-71.32280357372571,-2.9200000000000017,-5.039999999999992,0.9999999999999964,2.429999999999996,2347,13864,False,False,False,True,近20日未破60日低位區、20日量低於120日均量、240扣抵偏有利
5269,祥碩,未入籃,,35,2026-09-09,1395.0,-3.7931034482758585,-2.447552447552448,44.44444444444444,25.20576481597672,1349.3798803854884,1316.6371184807247,2.731690796598474,-1.2065655664751485,-13.806198724114005,-12.229482847116092,19.53851081288547,-62.53913598896368,-1.1300000000000026,-6.659999999999997,2.59,5.32,4038,10213,False,False,False,True,MA120上彎且收盤站上、近20日未破60日低位區、20日量低於120日均量
5452,,未入籃,,35,2026-09-09,26.55,11.789473684210527,-2.029520295202958,48.51485148514853,20.257962335728696,30.973993649559347,28.606884720062187,-2.452693275547191,0.46697212583182157,-34.4967635243244,8.11342262752921,63.008220395467674,-86.7907182317445,-0.6199999999999974,-1.259999999999998,0.28000000000000114,1.1099999999999994,6,1907,False,False,False,True,近20日未破60日低位區、20日量低於120日均量、240扣抵偏有利
5484,慧友,未入籃,,35,2026-09-09,41.65,10.918774966711053,5.443037974683551,54.54545454545453,85.61091021263071,42.89791666666669,41.06479166666664,0.7880567792462045,-0.5654990112595737,-29.286926994906626,-1.7688679245283057,48.484848484848484,-61.62062195524798,-0.28999999999999915,-0.45999999999999375,2.3700000000000045,2.7900000000000063,1352,1332,False,False,False,True,近20日未破60日低位區、20日量低於120日均量
5489,,未入籃,,35,2026-09-09,41.05,-0.12165450121655041,-0.8454106280193274,45.045045045045,32.49103453979975,43.81500000000001,42.12687499999993,0.5603901692646573,0.15850293973422858,-40.3343023255814,4.187817258883242,74.61928934010152,-64.3355875227647,0.15000000000000568,0.8500000000000085,0.2500000000000009,0.08000000000000096,121,31,False,False,False,True,近20日未破60日低位區、20日量低於120日均量、240扣抵偏有利
5519,隆大,未入籃,,35,2026-09-09,26.65,-3.616636528028938,-2.5594149908592434,17.948717948718,-8.297802138726647,28.317349540396688,27.512490686985885,-0.23683710682139703,0.8730808254562294,-12.928567838218985,5.464715957455368,14.307971103621874,-46.37080490205708,0.01999999999999602,-0.8500000000000014,0.129999999999999,0.46000000000000085,48,272,False,False,False,True,近20日未破60日低位區、20日量低於120日均量、240扣抵偏有利
6163,,未入籃,,35,2026-09-09,40.35,9.890074919226933,-0.6455026519125662,40.78645664176681,26.036916672615884,50.239335998359955,45.94653925789262,-3.342804379179576,3.7198281892634633,-46.56128863262137,78.75132273979052,50.356633380884475,-77.82283810037697,-5.469999999999999,-7.530000000000001,3.030000000000001,3.020000000000003,1399,2089,False,False,False,True,近20日未破60日低位區、20日量低於120日均量、240扣抵偏有利
6189,豐藝,未入籃,,35,2026-09-09,46.65,1.967213114754096,-3.1152647975077885,35.576923076923094,-0.8974696147615742,47.758850655430685,45.92399578651682,1.8111102888519692,-0.19448581090436567,-18.786248716318653,-0.336065868910318,28.503380841062764,-72.61682679119528,0.1700000000000017,0.17999999999999972,0.4299999999999997,0.07000000000000384,542,33,False,False,False,True,近20日未破60日低位區、20日量低於120日均量
6411,,未入籃,,35,2026-09-09,79.0,11.898016997167149,-1.4962593516209544,50.39999999999998,45.2093911268436,83.12717129629627,80.3036474867724,-0.008517968203225479,0.896487866709994,-30.731894017153493,10.135351190588127,65.54560599750106,-74.06578175619879,-2.440000000000005,-1.2900000000000063,1.6799999999999962,1.120000000000001,1512,750,False,False,False,True,近20日未破60日低位區、20日量低於120日均量、240扣抵偏有利
6425,,未入籃,,35,2026-09-09,65.8,28.265107212475638,4.777070063694278,63.82113821138211,81.94041563259236,71.43442793715826,71.53778022540999,-1.2444031178060588,1.0532574084188395,-38.80539557788255,21.27657967292369,68.61610613486562,-74.70779092658097,-1.5799999999999983,-6.039999999999999,2.3299999999999983,15.54,291,5214,False,False,False,True,近20日未破60日低位區、20日量低於120日均量、240扣抵偏有利
6441,,未入籃,,35,2026-09-09,23.75,23.697916666666675,13.095238095238093,63.576158940397356,93.24795184051005,22.598750000000017,22.77937499999998,0.5991022739919138,-2.147823985824271,-28.7856071964018,-9.523809523809524,41.1111111111111,-58.735508852316244,0.0,0.8699999999999974,0.3200000000000003,1.4100000000000001,63,457,False,False,False,True,MA120上彎且收盤站上、近20日未破60日低位區、20日量低於120日均量
6667,,未入籃,,35,2026-09-09,250.5,16.09521486446357,4.592901878914413,75.7950759700057,101.7868743839091,242.04710411977678,242.0680289214087,-0.9446400158357071,-1.2050792027034185,-12.039666085000633,-0.7164141444503391,35.07109004739337,-58.87872452873246,-1.980000000000004,-2.5700000000000003,2.219999999999999,4.709999999999997,1470,2394,False,False,False,True,近20日未破60日低位區、20日量低於120日均量
6679,,未入籃,,35,2026-09-09,199.5,2.0460358056265893,-3.1553398058252413,49.438202247191015,29.459110767354957,253.68157191448023,224.1343324829931,-1.2005212326414938,0.004475630982048173,-42.311023995447506,-2.701607456436572,57.55968169761274,-31.544779063007468,-1.2399999999999949,2.3800000000000097,0.6400000000000006,-0.7699999999999996,193,153,True,False,False,True,大戶4/8週累積、近20日未破60日低位區、20日量低於120日均量
6719,力智,未入籃,,35,2026-09-09,182.5,-8.291457286432157,-4.450261780104714,34.24657534246576,5.086853808745226,208.20628058103986,198.8891227064221,1.5288824616374042,0.3970505461615925,-42.899256692850095,-3.651717365455076,75.1290687445017,-66.76135579009103,-1.3200000000000003,-1.8599999999999994,1.3500000000000014,1.4000000000000021,2296,2327,False,False,False,True,近20日未破60日低位區、20日量低於120日均量
6754,匯僑設計,未入籃,,35,2026-09-09,42.6,-0.8149010477299212,1.4285714285714235,58.94736842105264,85.81738684987673,41.99437275017991,42.51832208423323,0.6694115088479391,-0.6904719542944249,-8.199910637822539,-6.995671322274299,8.095781071835816,-61.23869027438553,0.020000000000010232,0.04999999999999716,0.1200000000000001,0.25,97,98,False,False,False,True,MA120上彎且收盤站上、近20日未破60日低位區、20日量低於120日均量
6811,,未入籃,,35,2026-09-09,223.0,3.962703962703973,0.45045045045044585,43.75,32.3970427209745,210.04880555555548,208.4690138888889,2.970106253803473,-0.6123722880781224,-11.857707509881422,-7.9070535763449135,24.630541871921174,-46.86605999129808,-0.6299999999999955,-0.4399999999999977,0.09999999999999964,-0.5899999999999999,294,170,False,False,False,True,MA120上彎且收盤站上、近20日未破60日低位區、20日量低於120日均量
6821,,未入籃,,35,2026-09-09,40.2,3.6082474226804218,-5.188679245283012,44.2982456140351,-1.4137969740705711,52.761680641821975,44.61769215838519,1.748566616244407,0.2995330799209439,-47.3132372214941,5.1211263465081425,93.78378378378378,-88.7007038958865,-2.049999999999997,-2.760000000000005,2.6300000000000026,3.8099999999999987,865,1006,False,False,False,True,近20日未破60日低位區、20日量低於120日均量、240扣抵偏有利
6862,三集瑞-KY,未入籃,,35,2026-09-09,136.5,13.278008298755184,-2.500000000000002,48.71794871794872,21.246951746025534,167.35854700854688,168.85042735042742,-4.783682718444737,0.02278365652372827,-43.511247877758905,-2.7138157894736725,109.2130092130092,-82.22392949638989,-0.060000000000002274,-1.7999999999999972,0.11999999999999744,2.6199999999999974,820,1487,False,False,False,True,近20日未破60日低位區、20日量低於120日均量
7768,頌勝科技,未入籃,,35,2026-09-09,276.5,10.600000000000009,-2.12389380530974,38.036809815950924,30.94330504623511,353.8958333333333,290.69375,-3.4577219045887064,3.0364566795400894,-44.02834008097166,45.14435695538057,64.65517241379311,-60.41844126859968,0.7600000000000051,-7.109999999999999,0.3200000000000003,5.68,454,3867,True,False,False,True,大戶4/8週累積、近20日未破60日低位區、20日量低於120日均量、240扣抵偏有利
8086,,未入籃,,35,2026-09-09,113.5,8.11199152733919,0.8888888888888946,50.86319777862391,44.40200397159793,134.65979943502813,123.12530141242945,-1.2466546924131516,0.2866329763374864,-37.082365586548505,3.72907295190652,70.64676616915422,-25.044679123454138,-2.3600000000000065,-1.8900000000000006,0.6500000000000021,0.13000000000000256,270,643,False,False,False,True,近20日未破60日低位區、20日量低於120日均量、240扣抵偏有利
8088,,未入籃,,35,2026-09-09,43.25,2.7315914489311144,0.2317497103128563,34.14634146341456,17.96636085626909,52.25953310149398,49.18689947192171,-1.8247410920206875,2.407649308258075,-39.43022822906025,18.07067510548521,77.93760145394673,-82.5476920203181,2.229999999999997,0.3299999999999983,-0.1699999999999946,2.470000000000006,229,879,True,False,False,True,大戶4/8週累積、近20日未破60日低位區、20日量低於120日均量、240扣抵偏有利
8110,華東,未入籃,,35,2026-09-09,43.3,26.7935578330893,-0.574052812858783,41.025641025640994,12.902559186555276,48.73004142300195,46.75944809941519,-3.833585071929335,5.991383139711082,-49.31338992332969,211.91760047181734,87.40658292256317,-73.12788422617427,-2.4200000000000017,-3.4100000000000037,1.8300000000000018,1.8200000000000003,6683,6422,False,False,False,True,近20日未破60日低位區、20日量低於120日均量、240扣抵偏有利
8464,億豐,未入籃,,35,2026-09-09,375.0,-0.9247027741083214,0.40160642570281624,50.310559006211186,77.69668354110081,354.3468777197572,366.83003154917293,-0.29680554620662436,-1.3873568762581057,-17.52396757809023,-13.13012789301623,19.49778434268834,-52.126882219640336,-0.5299999999999869,-1.1199999999999903,0.10999999999999988,0.28,87,486,False,False,False,True,近20日未破60日低位區、20日量低於120日均量
1410,南染,未入籃,,30,2026-09-09,24.6,-0.8064516129032251,0.20366598778003286,32.69230769230768,29.35283993626217,27.088333333333285,30.14645833333336,-4.596149330828803,-2.690579944049898,-31.76144244105408,-30.606488011283496,18.672199170124482,-10.386707648567828,0.9699999999999989,0.9000000000000057,-0.040000000000000924,-0.120000000000001,-49,-101,True,True,False,True,大戶4/8週累積、散戶或總股東下降支撐、近20日未破60日低位區
1475,業旺,未入籃,,30,2026-09-09,26.3,-3.308823529411764,-0.37878787878786735,53.33333333333332,61.31754645635051,26.90706691297202,29.220944170771773,-1.222824192970029,-1.8050213825726136,-30.320669268216292,-17.053390403243963,12.851405622489963,-14.603530514084717,0.04000000000000625,-0.09000000000000341,-0.11999999999999922,-0.1999999999999993,-60,-112,False,True,False,True,散戶或總股東下降支撐、近20日未破60日低位區
1537,廣隆,未入籃,,30,2026-09-09,115.5,-3.231052802775658,0.0,23.529411764705884,12.634688410290362,118.28805882352893,117.89839215686192,0.2339743286197793,-0.3570346992779472,-5.836370611931708,-4.365063902743138,7.18163054695562,81.39695220003492,0.07000000000000739,0.5900000000000034,-0.48999999999999844,-0.7899999999999991,-177,-423,False,True,False,True,散戶或總股東下降支撐、近20日未破60日低位區
1580,,未入籃,,30,2026-09-09,99.0,-11.210762331838565,-3.4146341463414664,13.043478260869563,-6.832511082340726,113.8567307692308,119.56340249662617,-2.315280967273703,-1.5895966297540864,-24.059006211180133,-23.512668126368474,19.114655048398042,20.49712099556855,-0.6499999999999915,-0.8299999999999983,0.0799999999999983,0.5500000000000007,-21,-1246,False,True,False,True,散戶或總股東下降支撐、近20日未破60日低位區
1707,葡萄王,未入籃,,30,2026-09-09,91.2,0.3300330033003229,0.773480662983439,54.02298850574714,81.51096681292495,99.59389320388348,109.41655611191838,-4.244464344002452,-2.3251343331221475,-26.997859331528694,-26.15875426637384,14.512471655328785,40.6737876190586,-2.1500000000000057,-2.0999999999999943,0.7700000000000031,1.1800000000000033,61,-67,False,True,False,True,散戶或總股東下降支撐、近20日未破60日低位區
1713,國化,未入籃,,30,2026-09-09,42.85,-1.1221886918570179,-1.3808975834292303,31.683168316831683,4.393773544620629,44.752866524671646,44.1716500266241,0.1234797605551119,-0.5276434457733514,-15.81779000554433,-8.424542021999326,12.383977254098122,12.836877167611904,0.06999999999999318,-0.14000000000000057,-0.3999999999999986,-0.6199999999999992,-405,-630,False,True,False,True,散戶或總股東下降支撐、近20日未破60日低位區
2063,,未入籃,,30,2026-09-09,23.9,0.6315789473684053,0.42016806722688926,39.99999999999993,21.229623583098345,25.106666666666626,25.573333333333284,-1.7447738316538008,-1.0543285507012778,-18.845500848896435,-13.405797101449291,6.382978723404253,20.772461249179884,-0.8599999999999994,-0.4799999999999969,-0.1899999999999995,-0.3200000000000003,-51,-91,False,True,False,True,散戶或總股東下降支撐、近20日未破60日低位區
2101,南港,未入籃,,30,2026-09-09,30.85,-2.564139486884087,-1.594896331738438,31.93399184697398,19.165495858871854,32.61435216766831,34.1810904075423,-0.554758269672917,-2.3498596538841343,-29.069392808458915,-26.717544810725236,17.886178861788625,-15.57851920760337,-0.20999999999999375,0.39000000000000057,0.019999999999999574,-0.120000000000001,17,-605,False,True,False,True,散戶或總股東下降支撐、近20日未破60日低位區
2227,裕日車,未入籃,,30,2026-09-09,47.85,-4.129350243433294,0.41972717733473885,48.77389375858069,50.65726917223524,49.38483750000016,51.48171406249998,-1.2825341997251605,-1.0775034305288922,-18.147411636410283,-13.953551101880068,7.5425079702444275,-16.725760978266045,0.0,0.0,-0.020000000000000018,-0.13000000000000034,-159,-453,False,True,False,True,散戶或總股東下降支撐、近20日未破60日低位區
2496,卓越,未入籃,,30,2026-09-09,55.0,2.1537653371355603,0.0,52.17391304347828,63.314993842048736,58.49066726169742,59.516116502670336,-1.7566347019763784,-0.6711706519918592,-13.763139201956365,-7.446836991038374,14.80836236933798,-14.355760392088756,0.010000000000005116,0.00999999999999801,-0.1999999999999993,-0.7899999999999991,-49,-108,False,True,False,True,散戶或總股東下降支撐、近20日未破60日低位區
2613,中櫃,未入籃,,30,2026-09-09,22.75,12.903225806451623,0.22026431718062955,50.76923076923078,51.72103218295765,22.11791666666668,22.97484674329498,-1.366282850792333,-1.2559951460424656,-21.14541832669322,-9.013944223107572,31.060606060606055,213.33441681041205,0.4100000000000037,1.009999999999998,-0.3099999999999987,-0.889999999999997,-346,-772,True,True,False,True,大戶4/8週累積、散戶或總股東下降支撐、近20日未破60日低位區
2630,亞航,未入籃,,30,2026-09-09,48.65,1.1434511434511352,-3.0876494023904466,34.06113537117906,8.72606940827841,47.9891666666666,49.814591487279785,0.28475397730400864,-1.8825986488371638,-24.738280918877685,-23.221378053676776,61.398963730569946,-5.747633445252875,-0.37999999999999545,-0.9300000000000068,-0.28000000000000114,-0.4100000000000037,-562,-980,False,True,False,True,MA120上彎且收盤站上、散戶或總股東下降支撐、近20日未破60日低位區
2718,,未入籃,,30,2026-09-09,41.35,-2.5912838633686763,0.8536585365853666,9.047619047619008,23.158587871261364,46.51750000000007,50.386458333333344,-1.1790323437251171,-1.9233732633679335,-34.36507936507937,-27.2007042253521,31.188118811881193,21.193237090238192,0.8299999999999983,0.9500000000000028,-0.20000000000000018,-0.040000000000000036,-79,-39,True,True,False,True,大戶4/8週累積、散戶或總股東下降支撐、近20日未破60日低位區
2722,夏都,未入籃,,30,2026-09-09,21.45,0.7042253521126751,0.0,43.28358208955224,25.847457627118626,22.727499999999974,24.682916666666667,-1.906269107650227,-2.4213872737155806,-32.01267828843106,-26.03448275862069,15.865384615384626,-16.19164975021897,0.0,0.29999999999999716,-0.11000000000000032,-0.22000000000000064,-92,-224,False,True,False,True,散戶或總股東下降支撐、近20日未破60日低位區
3540,,未入籃,,30,2026-09-09,22.7,17.312661498708003,-4.016913319238902,54.751131221719454,46.00801430762187,24.300829886493418,27.267969053398065,-3.497856436189739,-2.745702361068625,-41.62448314208812,-38.68687648730287,42.36014794267222,106.25733772212675,-0.14000000000000057,-1.5299999999999976,-0.38000000000000256,-0.75,-188,-382,False,True,False,True,散戶或總股東下降支撐、近20日未破60日低位區
3622,洋華,未入籃,,30,2026-09-09,48.5,-0.22149501443947672,-2.1148252798201317,63.987510119116486,41.62619975347252,51.97659579439243,54.705523753894084,-2.1549688902176567,-0.19369004358936737,-30.100966019600538,2.3521568998706277,23.809523809523814,32.67513637112827,0.8599999999999923,0.030000000000001137,-0.030000000000001137,0.36999999999999744,-133,-90,True,True,False,True,大戶4/8週累積、散戶或總股東下降支撐、近20日未破60日低位區
3646,,未入籃,,30,2026-09-09,24.0,3.6717062634989306,0.6289308176100628,64.28571428571425,85.91045925096927,23.127916666666657,24.643958333333373,0.8943015541215571,-1.7230922610393162,-18.781725888324875,-18.36734693877551,7.760532150776056,-18.477300062310718,-0.21999999999999886,0.8999999999999915,-0.08000000000000185,-0.3000000000000007,-70,-67,False,True,False,True,MA120上彎且收盤站上、散戶或總股東下降支撐、近20日未破60日低位區
3712,永崴投控,未入籃,,30,2026-09-09,20.75,22.058823529411775,-2.1226415094339535,52.87356321839081,35.206603549102205,19.273750000000025,24.13791666666672,-2.4751744639582185,-5.230009161104599,-49.635922330097095,-41.05113636363637,51.582278481012644,14.949364262154251,0.7099999999999937,0.9699999999999989,-1.0,-1.370000000000001,-1437,-2048,True,True,False,True,大戶4/8週累積、散戶或總股東下降支撐、近20日未破60日低位區
4129,,未入籃,,30,2026-09-09,82.6,-1.6666666666666718,1.3496932515337345,21.929824561403493,33.22092436908364,89.03684296619392,99.56916666666675,-3.5194417260281607,-1.8008999664531289,-33.944779711863816,-19.197567740558995,13.876435504934225,38.633443081305344,1.4699999999999989,1.5700000000000003,0.4299999999999997,0.6499999999999986,-146,435,True,True,False,True,大戶4/8週累積、散戶或總股東下降支撐、近20日未破60日低位區
4137,麗豐-KY,未入籃,,30,2026-09-09,77.0,-18.77637130801687,-2.9003783102143688,4.761904761904788,8.208237681942883,95.0886915535446,94.49247360482644,-2.514699228669315,-1.155282019937065,-28.252803777721557,-21.60954486825133,34.308510638297875,31.899265210825977,-0.13000000000000966,-1.2900000000000063,-0.08000000000000185,0.08999999999999986,-102,-108,False,True,False,True,散戶或總股東下降支撐、近20日未破60日低位區
4303,,未入籃,,30,2026-09-09,36.35,28.301084221767713,4.755043227665712,53.9969713875827,52.69553001083666,34.6177686965812,40.04766266025637,-1.5297515190838662,-2.5837476009356375,-34.1376899293594,-33.117886418588185,62.70799021577786,101.17255529093354,-0.9100000000000001,-2.8200000000000003,0.03999999999999915,0.5999999999999943,-41,-12,False,True,False,True,散戶或總股東下降支撐、近20日未破60日低位區
4438,廣越,未入籃,,30,2026-09-09,58.0,-1.1797674092756005,-0.5145797598627766,45.681618293755406,46.831192239110344,57.21384868421064,63.79071340460545,-1.274349431301136,-1.4078904464585817,-28.914691178842123,-21.099028952432107,8.247422680412363,21.477108273720646,-0.0799999999999983,-0.8299999999999983,-0.09999999999999964,-0.2400000000000002,-49,-72,False,True,False,True,散戶或總股東下降支撐、近20日未破60日低位區
4503,,未入籃,,30,2026-09-09,23.25,-25.0,-1.898734177215189,41.406249999999986,22.218245379263394,36.87499999999996,40.95229166666668,-5.620134371334117,-6.2630838558927815,-62.13355048859934,-58.55614973262032,108.91304347826085,7.427060353652681,-1.3700000000000045,-0.519999999999996,0.1700000000000017,-0.6099999999999994,-48,-263,False,True,False,True,散戶或總股東下降支撐、近20日未破60日低位區
4560,強信-KY,未入籃,,30,2026-09-09,29.25,-6.847133757961776,1.211072664359869,20.472440944881896,22.828049524649117,31.423422090729783,30.993312376725836,-0.016128784263047535,-0.23277375965932157,-17.09433962264152,-7.471361185983838,18.388791593695263,32.17553414474465,-0.3100000000000023,0.18999999999999773,0.18999999999999995,-0.06000000000000005,29,-13,False,True,False,True,散戶或總股東下降支撐、近20日未破60日低位區
4747,,未入籃,,30,2026-09-09,25.3,-48.78542510121457,1.810865191146882,10.913705583756354,19.57513854692535,51.48124999999988,56.91145833333325,-4.560517229393046,-3.0183508060650954,-68.53233830845771,-60.71428571428572,140.9090909090909,88.4048141506115,0.45000000000000284,1.1400000000000006,-0.019999999999999574,-0.3899999999999997,-36,-152,True,True,False,True,大戶4/8週累積、散戶或總股東下降支撐、近20日未破60日低位區
4763,材料*-KY,未入籃,,30,2026-09-09,48.3,2.765957446808498,-3.9761431411530768,45.22613065326632,42.164061889626694,45.77416666666669,50.15958333333335,1.167694999539548,-3.1122736418511043,-29.074889867841403,-27.910447761194035,29.41176470588236,-5.030582612685053,0.2600000000000051,-1.8099999999999952,-0.11000000000000121,0.259999999999998,-1217,2332,False,True,False,True,MA120上彎且收盤站上、散戶或總股東下降支撐、近20日未破60日低位區
4942,嘉彰,未入籃,,30,2026-09-09,32.7,-4.664723032069951,-1.2084592145015116,24.13793103448306,-8.135556779447278,35.132229990904946,35.54385544565704,-1.1977692187549627,-0.22291679821211385,-20.029026849836086,-3.6561395892872106,10.758614349972518,-6.857768599971903,0.7400000000000091,-0.2499999999999929,0.0,-0.16000000000000014,-65,-177,True,True,False,True,大戶4/8週累積、散戶或總股東下降支撐、近20日未破60日低位區
5225,東科-KY,未入籃,,30,2026-09-09,53.9,-23.762376237623773,-6.0975609756097615,23.80952380952381,-14.952005945991138,72.01685953703708,83.63222740740736,-6.166821849463577,-4.0547518643516245,-49.26923541490519,-46.73269718565044,47.85847299813781,-13.23289109695789,-0.6999999999999957,-0.04000000000000625,0.34999999999999787,-0.41000000000000014,103,-325,False,True,False,True,散戶或總股東下降支撐、近20日未破60日低位區
5287,,未入籃,,30,2026-09-09,135.5,-6.5517241379310365,0.0,14.0,23.59640961507077,151.63333333333333,161.36666666666667,-2.0456503014642635,-1.7404983000964047,-25.344352617079892,-23.661971830985916,17.537313432835823,18.962780317159613,-1.6099999999999994,-1.009999999999998,-0.10999999999999943,-0.2099999999999973,-57,-227,False,True,False,True,散戶或總股東下降支撐、近20日未破60日低位區
5371,,未入籃,,30,2026-08-21,83.5,-10.407725321888417,-3.244495944380066,60.61381074168798,53.62634462702097,78.0916666666667,88.18374999999992,-1.580633303576151,-0.9852769863436972,-40.78014184397163,-26.106194690265482,56.39097744360902,1.8249224716095247,1.3699999999999974,-0.7100000000000009,-0.8700000000000045,-0.28000000000000114,-1748,-3834,True,True,False,True,大戶4/8週累積、散戶或總股東下降支撐、近20日未破60日低位區
5481,,未入籃,,30,2026-09-09,20.8,2.4630541871921263,2.970297029702973,57.74647887323945,65.06409211496192,20.722916666666652,21.209583333333295,-1.2489079501230682,-3.1664050982070924,-28.02768166089965,-26.371681415929203,29.508196721311464,26.23604156964099,0.6299999999999955,0.7999999999999972,-0.17999999999999972,-0.370000000000001,-194,-361,True,True,False,True,大戶4/8週累積、散戶或總股東下降支撐、近20日未破60日低位區
6125,,未入籃,,30,2026-09-09,50.0,14.027998402214624,-2.9126213592232997,15.555555555555543,26.049120398269643,55.58023336727781,61.65875721317036,-2.7797086206242994,-3.532493584316254,-38.696112509489,-33.96810027165872,56.367924528301884,-10.491531801324594,-0.2700000000000031,0.519999999999996,0.46999999999999886,-0.21000000000000085,293,-779,False,True,False,True,散戶或總股東下降支撐、近20日未破60日低位區
6171,,未入籃,,30,2026-09-09,25.9,11.879049676025911,-1.1450381679389388,71.9626168224299,67.45418900165316,24.124166666666614,26.186874999999997,-1.8112132415290083,-1.968476302633726,-16.18122977346278,-15.35947712418302,19.999999999999996,61.92321154311165,0.12000000000000455,0.3299999999999983,0.020000000000000462,0.0,-8,-68,False,True,False,True,散戶或總股東下降支撐、近20日未破60日低位區
6184,大豐電,未入籃,,30,2026-09-09,39.75,-7.1261682242990565,-1.3647642679900707,6.81818181818177,5.49346119037358,43.14954872204474,44.25048588924385,-1.4218556178817843,-1.259236423067589,-17.5469697471752,-15.914236474842037,14.2312579415502,49.97149084562413,-0.25,-0.28000000000000114,-0.02999999999999936,-0.09999999999999964,-37,-158,False,True,False,True,散戶或總股東下降支撐、近20日未破60日低位區
6194,,未入籃,,30,2026-09-09,29.9,2.2222222222222143,0.8431703204047292,79.99999999999982,92.55343161880208,30.68107749469205,31.85814623142251,-0.4246364965163618,-0.4221243871364022,-27.9816513761468,-2.3328149300155587,8.760330578512377,-15.515717942501317,-0.21999999999999176,0.4000000000000057,0.08999999999999986,-0.41000000000000014,28,-97,False,True,False,True,散戶或總股東下降支撐、近20日未破60日低位區
6472,保瑞,未入籃,,30,2026-09-09,407.5,10.686698921993031,-2.043269230769229,31.904761904761912,23.98119412672367,403.7976128472229,477.1191406249997,-2.0319260086234303,-4.897000029198373,-41.646342827735886,-40.82097285358789,32.98701298701299,-5.690940507859443,0.4299999999999997,-0.6600000000000037,0.22000000000000242,1.0199999999999996,-93,-522,False,True,False,True,散戶或總股東下降支撐、近20日未破60日低位區
6477,安集,未入籃,,30,2026-09-09,34.4,0.43795620437956373,-1.1494252873563204,30.964467005076102,16.799486760559667,34.859847344207424,35.81514167712252,-0.2142821676083928,-1.3487803844049906,-25.765112028701008,-19.478398778231377,53.71493328771808,8.658203593535285,0.29999999999999716,-0.3200000000000003,-0.6399999999999935,-0.7799999999999976,-424,-605,False,True,False,True,散戶或總股東下降支撐、近20日未破60日低位區
6492,,未入籃,,30,2026-09-09,34.0,-13.705583756345174,1.0401188707280795,24.3055555555556,26.60889665807515,43.882766522988476,44.19396392651897,-5.208874845249412,-0.09707618861541922,-47.85758669469454,-5.260369267682696,34.95313919394982,23.880984082985556,0.46999999999999886,1.0899999999999999,-0.6500000000000021,-1.4400000000000013,-257,-600,True,True,False,True,大戶4/8週累積、散戶或總股東下降支撐、近20日未破60日低位區
6535,,未入籃,,30,2026-09-09,81.9,-7.037457434733241,2.7603513174404126,50.85574572127139,61.02812115495343,110.62499999999994,160.15,-11.187379576107903,-6.5413288852361635,-75.14415781487102,-70.4332129963899,58.073270013568525,72.77448158017843,-0.21999999999999886,0.06999999999999318,0.0600000000000005,0.20999999999999908,-63,-236,False,True,False,True,散戶或總股東下降支撐、近20日未破60日低位區
6541,泰福-KY,未入籃,,30,2026-09-09,31.55,-16.534391534391524,-0.4731861198738141,16.363636363636317,15.037610578709849,39.20958333333335,46.28270833333328,-4.3833890486399625,-3.2640549002190267,-53.60294117647059,-37.025948103792416,48.05194805194806,-10.633498471879799,0.4700000000000131,0.6500000000000057,-0.22000000000000064,-0.41000000000000014,-352,-676,False,True,False,True,散戶或總股東下降支撐、近20日未破60日低位區
6590,,未入籃,,30,2026-09-09,59.0,-10.606060606060607,-10.606060606060607,26.950354609929093,-18.891373533333066,65.7275000000002,69.87208333333339,-1.7917621277019458,-2.3160850240870667,-31.155192532088684,-29.6781883194279,,-18.255763380243906,0.21999999999999886,0.45000000000000284,-0.06999999999999851,-0.26000000000000156,-22,-72,False,True,False,True,散戶或總股東下降支撐、近20日未破60日低位區
6794,向榮生技,未入籃,,30,2026-09-09,76.5,1.5936254980079667,3.7991858887381325,66.28571428571428,68.05558147360156,78.91166666666665,79.98041666666636,-2.181682953535946,-0.31936770387606117,-20.3125,-2.7954256670902233,27.164179104477615,-7.166030815321733,-0.7900000000000063,-0.010000000000005116,-0.029999999999999805,-0.07000000000000028,-20,-41,False,True,False,True,散戶或總股東下降支撐、近20日未破60日低位區
7402,,未入籃,,30,2026-09-09,102.0,5.919003115264809,-2.392344497607657,41.42857142857144,16.429051478462757,111.05790219907406,120.3157132523147,-2.457606800498302,-0.9307991403319504,-37.39730844228495,-36.81765389082462,66.13610844224247,-6.635150817513502,-0.3299999999999983,-2.5,1.1000000000000014,3.0100000000000016,210,-889,False,True,False,True,散戶或總股東下降支撐、近20日未破60日低位區
7584,,未入籃,,30,2026-09-09,26.4,2.325581395348819,-2.2222222222222254,44.75138121546959,38.67441379946818,28.193749999999973,35.761458333333344,-5.444306256200992,-3.841737016351754,-55.10204081632652,-37.88235294117648,,101.82918657672558,0.0,2.4599999999999937,-0.05000000000000071,-0.7000000000000011,-17,-65,True,True,False,True,大戶4/8週累積、散戶或總股東下降支撐、近20日未破60日低位區
7805,,未入籃,,30,2026-09-09,510.0,-12.06896551724138,0.3937007874015741,15.384615384615387,31.115522940698114,665.4666666666667,680.6458333333334,-1.6018532209571612,-2.2294709121378875,-39.71631205673759,-36.25000000000001,44.99999999999999,17.73209221829668,-0.1700000000000017,-0.4200000000000017,-0.3800000000000008,0.13000000000000078,-56,258,False,True,False,True,散戶或總股東下降支撐、近20日未破60日低位區
7823,奧義賽博-KY創,未入籃,,30,2026-09-09,80.1,4.296875,-3.4939759036144658,25.31645569620251,-20.51824644446442,85.19499999999998,,-1.2794638804932368,,-51.45454545454547,,19.579500657030223,-19.454109446595137,1.970000000000013,1.5800000000000125,-0.41999999999999993,-0.16000000000000014,-87,-29,True,True,False,True,大戶4/8週累積、散戶或總股東下降支撐、近20日未破60日低位區
7842,,未入籃,,30,2026-09-09,99.9,20.50663449939687,1.731160896130346,49.79757085020244,52.75735170033501,115.00250000000001,135.7533333333334,-8.080115097179853,-4.9080041094610944,-46.0,-39.08536585365854,,25.013707390588745,2.6099999999999994,-12.11,-1.17,9.18,-100,1279,True,True,False,True,大戶4/8週累積、散戶或總股東下降支撐、近20日未破60日低位區
8097,,未入籃,,30,2026-09-09,48.65,-4.607843137254908,-0.7142857142857117,33.962264150943525,21.142802863264258,54.245000000000125,57.57666666666656,-1.9594849009714643,-2.310324350309656,-32.14783821478383,-28.770131771595896,32.418162618796195,23.24666851440844,-0.7400000000000091,-0.1700000000000017,-0.41000000000000014,-0.9000000000000012,-165,-310,False,True,False,True,散戶或總股東下降支撐、近20日未破60日低位區
8099,,未入籃,,30,2026-09-09,59.0,9.491839965067417,-0.16920473773266442,58.66960528952115,67.55555338841609,58.77267565359507,64.2006016300733,-0.8549016370407947,-0.5543736844957237,-28.037165252641216,-17.51139250128122,18.669131238447335,59.39626772787787,-0.5000000000000142,0.8099999999999739,0.10000000000000053,-0.10000000000000053,-1,-602,False,True,False,True,散戶或總股東下降支撐、近20日未破60日低位區
8937,,未入籃,,30,2026-09-09,30.45,34.1409691629956,1.4999999999999902,65.10263929618768,85.72538290954273,44.16833333333321,98.84458333333349,-30.360404157195664,-9.734065423939043,-83.31506849315069,-80.84905660377359,47.24770642201834,9.312439660893546,-0.04999999999998295,-9.239999999999995,-0.03000000000000025,1.4,-55,3190,False,True,False,True,散戶或總股東下降支撐、近20日未破60日低位區
9924,福興,未入籃,,30,2026-09-09,38.6,-2.030456852791873,0.39011703511053764,48.71794871794878,60.93343677481167,40.318990459501514,44.22673839642092,-2.181874729109168,-1.879816898047082,-26.79546260191421,-22.334527244759318,8.541392904073586,-6.893980827861046,-0.44000000000000483,-0.4200000000000017,0.13000000000000256,0.120000000000001,-5,-212,False,True,False,True,散戶或總股東下降支撐、近20日未破60日低位區
9951,,未入籃,,30,2026-09-09,49.6,1.4570933473969871,-1.5873015873015817,37.4258792073657,2.1916107744606594,50.26471608348688,51.80747160834865,-0.2492817047420548,-1.1911519087741795,-13.7946265675712,-10.12318817607083,5.394990366088637,-12.049248299450477,0.1599999999999966,0.28000000000000114,-0.3299999999999983,-0.46000000000000085,198,804,False,True,False,True,散戶或總股東下降支撐、近20日未破60日低位區
2009,第一銅,未入籃,,25,2026-09-09,40.5,15.549215406562066,2.7918781725888353,55.55555555555556,55.99443655641818,39.081528911564625,41.00292545351468,-1.389283358231641,1.3054002917932017,-28.416665865084024,24.644344368864335,28.862973760932963,14.935138830315609,-1.730000000000011,-1.750000000000007,1.370000000000001,0.850000000000005,2103,830,False,False,False,True,近20日未破60日低位區、240扣抵偏有利
4510,,未入籃,,25,2026-09-09,44.1,28.197674418604656,-7.25552050473185,45.48872180451129,24.26050658866933,44.34833333333339,43.53333333333327,0.4558625050730347,-1.1046219958920078,-21.94690265486725,-8.884297520661155,46.81818181818183,2.8278074654452423,-2.3400000000000034,-3.8299999999999983,1.7899999999999991,2.200000000000003,1035,1024,False,False,False,True,近20日未破60日低位區
4561,,未入籃,,25,2026-09-09,41.25,25.379939209726455,-5.1724137931034475,22.274881516587655,12.820484401116325,40.913691123188364,38.8728781702899,3.218783199425479,-0.20119041075215005,-30.64312736443884,-1.1313233943609835,59.06249999999999,-4.150356288402923,0.35999999999999943,-0.7000000000000028,1.1900000000000013,2.370000000000001,430,829,False,False,False,True,MA120上彎且收盤站上、近20日未破60日低位區
6101,,未入籃,,25,2026-09-09,37.05,6.465517241379315,-2.371541501976304,32.45614035087715,33.79009562249824,39.24666666666678,38.3831249999999,-0.030778701138833853,0.351865267194329,-26.778656126482225,0.6793478260869623,48.82352941176471,-18.64764105529386,-0.7800000000000011,-1.3999999999999915,0.8999999999999999,0.8900000000000001,386,379,False,False,False,True,近20日未破60日低位區
6668,中揚光,未入籃,,25,2026-09-09,41.85,12.65141318977121,-1.7605633802816878,65.22911051212938,67.62781657778054,37.38916666666668,38.18624999999997,1.6458807670959752,-1.526311548069914,-13.0841121495327,-8.32420591456735,45.688350983358546,82.71109361039228,-1.4099999999999966,-0.759999999999998,0.370000000000001,0.759999999999998,153,1950,False,False,False,True,MA120上彎且收盤站上、近20日未破60日低位區
6753,龍德造船,未入籃,,25,2026-09-09,135.0,5.1696449926538435,-1.8181818181818188,35.973282442748115,19.03366931883835,133.62796052631572,134.14521198830417,0.12849974899826755,-0.36696952993634513,-27.748174925471226,-26.181739693503125,42.61603375527427,-3.746689470359843,-2.6400000000000006,-3.480000000000004,1.120000000000001,1.860000000000003,320,577,False,False,False,True,MA120上彎且收盤站上、近20日未破60日低位區
7839,達人網,未入籃,,25,2026-09-09,43.0,-4.338153503893216,-2.1615472127417545,18.055555555555415,-15.038237796626952,50.2195833333333,41.64979166666665,4.33521758325468,-2.262560682874848,-39.94413407821229,-34.04907975460123,28.915662650602414,-16.178272465144204,-14.220000000000013,-14.230000000000004,4.05,4.02,474,471,False,False,False,True,近20日未破60日低位區
9949,,未入籃,,25,2026-09-09,24.0,5.263157894736836,0.20876826722338038,57.500000000000036,51.976021650992784,25.984583333333333,24.990833333333327,-2.4587471650895476,2.844698983178695,-36.0,28.342245989304814,38.053097345132734,-0.6484668577308228,0.6300000000000097,2.8200000000000074,0.3699999999999992,0.6100000000000012,23,19,True,False,False,True,大戶4/8週累積、近20日未破60日低位區、240扣抵偏有利
1215,卜蜂,未入籃,,20,2026-09-09,110.5,3.7558685446009488,0.0,50.0,74.31110719495312,120.50646198830421,127.95172514619867,-4.86143076709279,-1.1904811634820933,-28.924472730965846,-14.865577227200843,17.910447761194035,-60.250848367140165,-2.6799999999999997,-3.8000000000000043,2.629999999999999,3.7499999999999964,3941,5167,False,False,False,True,近20日未破60日低位區、20日量低於120日均量
1229,聯華,未入籃,,20,2026-09-09,41.95,2.5672371638141955,0.2389486260454099,48.48484848484857,63.627245751625885,40.27295218579236,42.24133064988293,0.0006244023760926254,-0.7155170874853511,-12.732241129334,-7.011253815232054,10.65674009634041,-44.60429844883246,0.060000000000002274,-0.2600000000000051,0.27999999999999936,0.47999999999999865,2299,2522,False,False,False,True,MA120上彎且收盤站上、近20日未破60日低位區、20日量低於120日均量
1442,名軒,未入籃,,20,2026-09-09,30.35,1.5050167224080369,1.1666666666666714,50.74626865671643,78.04621001112507,28.079166666666783,30.567083333333333,1.2257037281821592,-6.193988490718539,-41.29593810444875,-38.187372708757636,16.698292220113853,-67.95626128363381,-0.18000000000000682,-0.9000000000000057,0.03000000000000025,0.29000000000000004,35,512,False,False,False,True,MA120上彎且收盤站上、近20日未破60日低位區、20日量低於120日均量
1476,儒鴻,未入籃,,20,2026-09-09,295.5,-12.703101920236337,-5.5910543130990416,24.705882352941174,-15.039324955511344,326.26113537117925,361.42199781659394,-3.4435134727636707,-1.689789617295101,-34.256776450014584,-22.069823282488898,25.383304940374796,-22.5944969131081,-1.4699999999999989,-2.3400000000000034,0.5199999999999996,0.7999999999999989,1351,2125,False,False,False,True,近20日未破60日低位區、20日量低於120日均量
1522,堤維西,未入籃,,20,2026-09-09,26.85,-1.1049723756905938,-0.37105751391465214,29.166666666666714,8.098302735521935,29.371240310077457,36.61145487264675,-6.447490485042417,-2.6046567756150774,-48.02067120309745,-32.93794030519529,18.83908982636493,-58.00898373101555,-0.20999999999999375,-2.529999999999994,0.2900000000000027,0.9000000000000021,311,681,False,False,False,True,近20日未破60日低位區、20日量低於120日均量
1524,耿鼎,未入籃,,20,2026-09-09,26.55,3.9138943248532287,-1.3011152416356753,29.411764705882362,4.226476401626076,28.4007734204793,28.469183006535943,-0.759682834890596,-0.17273726737071504,-24.29130556332121,-3.392551369863006,20.799999999999997,-71.6826542235114,0.2700000000000031,-1.6300000000000026,0.5600000000000023,0.5900000000000034,721,1305,False,False,False,True,近20日未破60日低位區、20日量低於120日均量
1569,,未入籃,,20,2026-09-09,49.35,32.66129032258065,1.3347022587268942,68.01242236024845,90.97474240107238,49.107083333333385,53.06104166666657,-2.220950105364472,-1.9023078819251915,-30.979020979020977,-18.023255813953487,40.852819807427785,-51.15787359381749,-0.7399999999999949,-1.539999999999992,0.22000000000000064,0.40000000000000036,190,2825,False,False,False,True,近20日未破60日低位區、20日量低於120日均量
1587,吉茂,未入籃,,20,2026-09-09,23.8,0.21052631578948322,-1.039501039501034,42.10526315789473,6.190313695080872,28.762083333333386,36.52104166666662,-8.919500191320584,-2.1615859443893104,-59.66101694915253,-31.8051575931232,28.260869565217384,-61.150640250065734,-2.3599999999999994,-3.1099999999999994,0.7899999999999991,0.7899999999999991,151,3,False,False,False,True,近20日未破60日低位區、20日量低於120日均量
1603,華電,未入籃,,20,2026-09-09,30.4,8.571428571428562,0.0,40.47619047619042,30.960975168447096,29.922706043956047,32.98459870486652,-2.174940056110264,-1.4278734229316803,-26.613459454133416,-18.500374569665745,15.625,-44.64010993071501,-0.21000000000000796,-0.5699999999999932,0.2900000000000009,0.3500000000000014,102,63,False,False,False,True,近20日未破60日低位區、20日量低於120日均量
1702,南僑,未入籃,,20,2026-09-09,32.6,-4.117647058823525,0.0,45.45454545454545,47.30330950513758,32.84229103343468,34.68780331813578,-1.3100635274575612,-1.1772074167977653,-16.013593935976942,-12.696933314340363,10.40000000000001,-52.27244490948725,-0.6799999999999997,-1.2800000000000011,0.129999999999999,0.1700000000000017,158,275,False,False,False,True,近20日未破60日低位區、20日量低於120日均量
2258,鴻華先進-創,未入籃,,20,2026-09-09,31.8,-1.3953488372092981,4.950495049504955,47.008547008547026,70.93501608976267,30.42833333333335,34.70187499999993,-2.4850111498350813,-1.8143556915242054,-28.135593220338983,-17.93548387096774,19.250425894378196,-51.703040800900666,-0.05000000000001137,-0.18000000000000682,0.009999999999999787,0.029999999999999805,48,152,False,False,False,True,近20日未破60日低位區、20日量低於120日均量
2371,大同,未入籃,,20,2026-09-09,28.05,16.390041493775918,-0.3552397868561208,54.16666666666667,62.08363684514184,28.70208333333335,32.04791666666666,-3.716593984121652,-3.2314882963130898,-36.966292134831455,-29.699248120300748,28.326180257510725,-35.25836346337755,-1.759999999999998,-3.4100000000000037,0.5599999999999987,0.5299999999999976,3223,687,False,False,False,True,近20日未破60日低位區、20日量低於120日均量
2374,佳能,未入籃,,20,2026-09-09,67.7,11.36084196934235,-0.8784773060029227,52.34375000000004,36.30076258734159,71.17098003847994,74.78935706737391,-1.025029924542542,-0.1062039210597554,-30.550815808599108,-13.19163239537895,38.64406779661016,-59.00021830082807,-1.5400000000000027,-1.8399999999999999,1.2099999999999937,1.8599999999999994,1885,3153,False,False,False,True,近20日未破60日低位區、20日量低於120日均量
2402,毅嘉,未入籃,,20,2026-09-09,54.6,9.63855421686748,-4.378283712784592,54.23728813559322,36.6920089585866,60.31159848484854,55.99711363636367,1.4702039898636166,-0.07544746660894663,-33.34073251942286,1.9071535224650438,45.907663017610666,-78.8279441736303,-7.089999999999996,-13.339999999999996,4.219999999999999,8.729999999999997,4846,10691,False,False,False,True,近20日未破60日低位區、20日量低於120日均量
2427,三商電,未入籃,,20,2026-09-09,22.3,3.1319910514541416,0.45045045045044585,51.61290322580647,51.16831500939368,21.994680947216136,23.814047360809873,-1.8281965250247278,-1.7238201458160018,-21.906845485656113,-16.36933089282082,25.17321016166281,-68.26458856187678,-1.2700000000000031,-2.6400000000000077,1.1899999999999977,1.0799999999999983,1046,1108,False,False,False,True,近20日未破60日低位區、20日量低於120日均量
2429,銘旺科,未入籃,,20,2026-09-09,30.4,-2.564102564102566,-3.492063492063502,34.02777777777776,10.345336075438993,41.69375000000005,62.66875,-7.621790788489768,-8.152142383873418,-78.96193771626298,-78.96193771626298,76.68918918918916,-49.422877488535924,-1.5100000000000051,-3.5700000000000074,1.75,2.3000000000000007,566,2626,False,False,False,True,近20日未破60日低位區、20日量低於120日均量
2439,美律,未入籃,,20,2026-09-09,74.9,-3.0418877448613046,-3.8510911424903704,25.468665141778843,1.395584637081015,81.81690539991882,88.4682643118149,-1.4141799688783485,-2.2254523838048046,-32.33738603997617,-21.17305473657224,19.284802043422754,-27.359922422640903,-2.059999999999995,-5.599999999999994,1.2100000000000009,3.0999999999999943,2474,4582,False,False,False,True,近20日未破60日低位區、20日量低於120日均量
2468,華經,未入籃,,20,2026-09-09,32.45,3.4148925046485257,-4.2772861356932035,37.257795302256916,-6.610943707998055,34.54301117451259,38.10284385401807,-0.6091514131683851,-4.258027678087362,-43.480524062603266,-41.60312888286457,31.200000000000006,-73.81364875847616,-0.5899999999999963,-1.3999999999999986,1.3399999999999999,0.990000000000002,754,476,False,False,False,True,近20日未破60日低位區、20日量低於120日均量
2731,雄獅,未入籃,,20,2026-09-09,142.0,-2.0689655172413834,-1.388888888888884,35.0,8.119635369671332,148.4601162790697,151.57202519379862,-1.7049898125585328,-0.12163116659286155,-17.071845715061784,-3.5112670269586754,9.92907801418439,-65.11445009171572,-0.8900000000000006,-5.479999999999997,1.7700000000000031,7.52,1223,3847,False,False,False,True,近20日未破60日低位區、20日量低於120日均量
2754,,未入籃,,20,2026-09-09,68.0,1.2477542883862824,-1.0189228529839944,45.23809523809528,9.691750695184993,68.43653351698805,76.43613177226828,-1.227882678516068,-2.136160431711498,-32.402234636871505,-28.917813741864883,9.239940387481372,-55.240199626652455,-0.8599999999999994,-0.8399999999999892,0.4800000000000004,0.129999999999999,288,192,False,False,False,True,近20日未破60日低位區、20日量低於120日均量
2916,,未入籃,,20,2026-09-09,40.2,2.5510204081632626,0.37453183520601563,44.4444444444448,51.75273835843818,41.808622672989074,43.08460243238503,-1.3307144158521633,-0.7540887709778787,-13.689797469729037,-8.323831242873425,7.820512820512815,-71.35331519609952,-0.03999999999999915,-2.569999999999993,0.4200000000000017,1.1500000000000021,177,339,False,False,False,True,近20日未破60日低位區、20日量低於120日均量
3015,全漢,未入籃,,20,2026-09-09,52.5,3.346456692913402,-1.5009380863039379,43.02325581395348,20.14402554668868,53.95863311331129,53.10151127612762,0.8085603959347321,-0.025014834273051623,-29.812834224598927,2.594613420013925,53.278688524590166,-78.98990041852215,-1.3200000000000003,-2.210000000000008,1.6099999999999994,1.5,2470,2271,False,False,False,True,近20日未破60日低位區、20日量低於120日均量
3032,偉訓,未入籃,,20,2026-09-09,78.4,6.089309878213811,-0.50761421319796,52.5641025641026,22.33693860822121,76.4341666666667,79.32166666666672,2.5617801632561443,-2.5188052700841457,-25.33333333333333,-21.521521521521525,22.531293463143243,-60.8683178327025,-1.4399999999999906,-0.0799999999999983,1.0900000000000034,0.00999999999999801,1113,2436,False,False,False,True,MA120上彎且收盤站上、近20日未破60日低位區、20日量低於120日均量
3040,遠見,未入籃,,20,2026-09-09,35.7,0.847457627118664,0.0,7.246376811594033,13.940690113655375,40.53833333333326,47.90395833333337,-1.9026205144234476,-4.350303872344508,-51.62601626016259,-51.229508196721305,20.597014925373138,-36.74603368934227,-0.5100000000000051,-1.2800000000000011,0.5500000000000007,0.8900000000000006,40,51,False,False,False,True,近20日未破60日低位區、20日量低於120日均量
3051,力特,未入籃,,20,2026-09-09,21.5,5.246582759649487,-1.6018306636155666,38.82352941176474,10.905243860168106,23.889786493604227,22.234752163280632,0.8646372795940493,-0.07884011596438478,-29.9473382268575,-2.885051669904004,49.499999999999964,-81.48364338361557,0.09999999999999432,-4.460000000000001,1.2899999999999991,6.140000000000001,600,5023,False,False,False,True,近20日未破60日低位區、20日量低於120日均量
3059,華晶科,未入籃,,20,2026-09-09,38.0,4.03555555555557,-0.729431721798135,46.674311926605476,31.637500732278223,40.49645562770567,41.52866612554116,0.45430140001876396,-2.4122254002077126,-34.541387024608504,-31.675423234092236,46.05809128630705,-70.4672667911978,-2.4899999999999984,-2.570000000000004,3.8999999999999986,3.6099999999999994,7708,8070,False,False,False,True,近20日未破60日低位區、20日量低於120日均量
3168,眾福科,未入籃,,20,2026-09-09,42.8,3.3816425120772875,0.11695906432747094,56.56565656565652,81.82738820462899,44.034583333333394,43.20333333333336,0.49542610448645164,-1.3978964986020803,-18.16443594646272,-14.400000000000002,24.46941323345819,-74.76225382176673,-0.5400000000000063,-0.3200000000000074,0.16999999999999993,0.040000000000000036,118,122,False,False,False,True,近20日未破60日低位區、20日量低於120日均量
3188,,未入籃,,20,2026-09-09,24.3,7.760532150776056,-2.409638554216864,55.55555555555559,54.843010028573744,24.72395381836946,25.778308178534587,-3.352837063882108,-0.3929905548183621,-24.553384759570328,-6.992534660504801,15.57562076749437,-56.35340972980916,0.21999999999999886,0.46999999999999886,0.14000000000000057,0.0600000000000005,107,10,False,False,False,True,近20日未破60日低位區、20日量低於120日均量
3207,,未入籃,,20,2026-09-09,38.65,-2.8894472361808976,-3.3750000000000058,36.416184971098275,17.320383350204807,57.24041666666673,63.79229166666672,-8.953116922709869,-3.429146324540455,-56.76733780760627,-44.388489208633096,92.2769640479361,-72.45687163801406,-0.8400000000000034,-1.4200000000000017,1.33,1.5099999999999998,839,1838,False,False,False,True,近20日未破60日低位區、20日量低於120日均量
3217,,未入籃,,20,2026-09-09,128.5,-8.214285714285719,-4.104477611940293,29.268292682926827,-25.310303352494678,156.08230067243022,156.77755163304542,-1.075167835392421,-1.4123889151827718,-35.67956263343143,-20.951114656738902,41.54218859432586,-53.13247283707789,1.1300000000000026,2.1199999999999974,-0.18000000000000327,-0.7200000000000024,114,843,True,False,False,True,大戶4/8週累積、近20日未破60日低位區、20日量低於120日均量
3257,虹冠電,未入籃,,20,2026-09-09,47.3,-3.469387755102049,-4.8289738430583595,33.5570469798658,-15.574583915931465,54.56371902654873,58.62349225663715,-1.694979097209559,-1.6338569392039037,-39.51406649616369,-29.906627849030887,67.63129689174707,-75.84131435273301,-0.8500000000000014,-0.6899999999999977,1.4000000000000021,1.5800000000000054,475,283,False,False,False,True,近20日未破60日低位區、20日量低於120日均量
3294,,未入籃,,20,2026-09-09,29.7,8.791208791208781,-1.0000000000000009,41.860465116279094,15.596002348330016,33.896666666666675,37.44833333333336,-3.3422444008792795,-4.780773081466439,-44.897959183673464,-41.535433070866134,59.54198473282442,-81.70421344190535,-0.7700000000000031,-0.730000000000004,0.5899999999999999,0.01999999999999602,581,3,False,False,False,True,近20日未破60日低位區、20日量低於120日均量
3379,,未入籃,,20,2026-09-09,28.0,12.449799196787147,-0.5328596802841923,35.63218390804596,4.1401535608610045,33.34863162118778,41.343004280363886,-4.787926949549126,-6.265850962817399,-54.779705305944695,-51.864678044675,55.438737292669884,-74.23540091597907,-1.129999999999999,-2.7399999999999984,2.519999999999996,4.049999999999997,551,2339,False,False,False,True,近20日未破60日低位區、20日量低於120日均量
3434,,未入籃,,20,2026-09-09,29.2,-1.016949152542379,-1.3513513513513598,22.580645161290448,15.59302265397185,29.830416666666665,30.92562499999992,0.4165731597845834,-2.832998409383969,-23.660130718954253,-13.991163475699564,15.480427046263356,-72.08628589686693,0.20000000000000284,0.6400000000000006,0.129999999999999,-0.6400000000000006,962,1892,False,False,False,True,近20日未破60日低位區、20日量低於120日均量
3465,,未入籃,,20,2026-09-09,29.15,-2.6711185308848084,0.344234079173833,43.24324324324322,27.952072407794994,32.18249999999999,39.03187500000013,-7.136845648880675,-4.245630174793035,-44.15708812260537,-44.58174904942966,51.73010380622838,-68.40740834147178,-0.01999999999999602,0.45000000000000284,0.2599999999999998,0.2999999999999998,33,3,False,False,False,True,近20日未破60日低位區、20日量低於120日均量
3466,,未入籃,,20,2026-09-09,24.25,-8.317580340264652,-0.4106776180698213,46.00000000000002,17.34631288548904,32.107500000000165,36.77833333333331,-5.644805799088948,-3.8878030455636425,-51.98019801980198,-42.94117647058824,50.94339622641508,-77.53156044940503,0.09000000000000341,-2.490000000000002,0.10000000000000142,1.6900000000000013,238,3700,False,False,False,True,近20日未破60日低位區、20日量低於120日均量
3501,維熹,未入籃,,20,2026-09-09,39.25,3.1673188488039683,-1.3819095477386911,38.18181818181824,-6.71988539379195,40.86060283687938,44.39603514810187,-3.131019672462021,-1.829975485756108,-32.706007819306215,-19.45709317944253,14.668367346938794,-58.99334873634181,-0.8699999999999974,-1.9199999999999946,0.5,0.6600000000000001,197,58,False,False,False,True,近20日未破60日低位區、20日量低於120日均量
3548,,未入籃,,20,2026-09-09,84.6,24.778761061946895,1.6826923076922906,63.98809523809521,70.97909325266144,86.70335526315786,88.73531249999992,-0.30005759572639956,-2.554914098245775,-30.86451612903226,-19.8803738317757,41.03343465045592,-43.387921784202035,-1.0600000000000023,-2.180000000000007,0.18999999999999773,1.1199999999999974,112,1160,False,False,False,True,近20日未破60日低位區、20日量低於120日均量
3558,,未入籃,,20,2026-09-09,121.0,5.861767279090113,1.2552301255230214,49.788434414668544,29.442222125449742,121.91503205128195,129.1752403846153,-0.7397775317854571,-2.4495961877498806,-26.493609663777185,-23.544279187323813,28.508771929824572,-65.88303164430368,0.0,-0.13000000000000256,1.2399999999999984,1.3100000000000023,491,271,False,False,False,True,近20日未破60日低位區、20日量低於120日均量
3592,瑞鼎,未入籃,,20,2026-09-09,222.0,-1.552106430155209,-0.8928571428571397,48.051948051948045,31.708386580051716,237.6926435760806,230.78353389579635,0.9414464915571408,-1.9329120050202708,-23.105460062346918,-18.131512548897334,28.04597701149425,-53.21462461671152,-0.14000000000000767,-0.5200000000000031,0.740000000000002,1.0599999999999987,783,1175,False,False,False,True,近20日未破60日低位區、20日量低於120日均量
3630,,未入籃,,20,2026-09-09,26.7,-1.8382352941176516,-5.98591549295775,59.027777777777786,64.61481092899194,27.792083333333338,29.45624999999997,-3.2098442964317075,-2.8127190992700224,-37.906976744186046,-35.66265060240964,49.49290060851928,-43.12065691706387,0.03999999999999915,-0.7199999999999918,0.1999999999999993,0.3200000000000003,490,297,False,False,False,True,近20日未破60日低位區、20日量低於120日均量
3694,海華,未入籃,,20,2026-09-09,49.65,-4.519230769230775,-1.4880952380952328,38.85350318471337,18.328053941433794,57.532118824753,60.61698894955784,-1.452689737045132,-5.116236476400527,-42.57954307420593,-41.73512459000308,41.881080770354686,-68.20520886513538,-0.030000000000001137,-0.710000000000008,0.4700000000000024,0.22000000000000064,714,325,False,False,False,True,近20日未破60日低位區、20日量低於120日均量
4442,,未入籃,,20,2026-09-09,51.8,-16.58615136876007,2.982107355864816,53.12499999999999,58.43638454592075,53.42875000000001,55.70666666666667,-1.7966685812751515,-0.5301004028762546,-34.09669211195928,-16.31663974151858,58.478260869565226,-56.04004042026607,0.06999999999999318,0.7800000000000011,0.1299999999999999,0.1299999999999999,19,6,False,False,False,True,近20日未破60日低位區、20日量低於120日均量
4562,穎漢,未入籃,,20,2026-09-09,30.0,6.194690265486735,-1.1532125205930832,33.944954128440386,12.634295535509759,34.23916666666673,36.484166666666745,-1.6975105571040316,-4.296503557649201,-37.952430196483974,-35.622317596566525,45.62383612662941,-81.22483902378484,-0.6899999999999977,-0.8800000000000026,0.2099999999999973,1.3999999999999986,159,582,False,False,False,True,近20日未破60日低位區、20日量低於120日均量
4915,致伸,未入籃,,20,2026-09-09,61.4,-2.5396825396825418,0.9868421052631637,59.15492957746478,106.78153668135329,66.47847233560091,70.34928815192741,-2.7538251909147715,-1.7961682781127863,-27.416000615039593,-16.063118659956043,24.72409644129765,-43.137460011263705,-0.4100000000000108,-3.980000000000004,0.35999999999999766,1.7199999999999989,1311,3479,False,False,False,True,近20日未破60日低位區、20日量低於120日均量
4946,,未入籃,,20,2026-09-09,93.7,36.39010189228529,5.280898876404505,55.21472392638038,71.1284647858116,100.74083333333347,109.9916666666666,-7.842135756540836,-2.8063121773771904,-45.204678362573105,-30.592592592592595,77.69230769230768,-59.7078976973785,0.0,0.0,0.8100000000000023,0.769999999999996,62,59,False,False,False,True,近20日未破60日低位區、20日量低於120日均量
5203,訊連,未入籃,,20,2026-09-09,56.3,-5.61008173831512,-4.2517006802721085,30.64516129032259,-7.034115010365424,61.60140197568382,73.06857522796355,-1.351137740639885,-3.6283544466689466,-43.186258722490614,-41.8005577157221,21.100107853711147,-52.668819107580966,0.7800000000000011,0.75,0.639999999999997,0.7999999999999972,354,1459,True,False,False,True,大戶4/8週累積、近20日未破60日低位區、20日量低於120日均量
5213,,未入籃,,20,2026-09-09,21.05,-1.635514018691575,0.717703349282317,45.71428571428574,41.10891551051202,22.701417910447752,22.412781748646374,-1.3729586372434932,-0.5245598550445818,-16.940518256772673,-6.924571130356361,15.048543689320383,-64.68008612921616,-0.269999999999996,-0.539999999999992,0.27999999999999936,0.3899999999999997,375,436,False,False,False,True,近20日未破60日低位區、20日量低於120日均量
5222,全訊,未入籃,,20,2026-09-09,104.5,10.526964843806264,0.0,46.666666666666664,27.161452720561602,111.55793137641204,116.85306218807465,-2.3249752157019077,-1.447445563128158,-28.149156781709006,-16.642793988744252,31.034482758620683,-60.10904527282387,0.1599999999999966,0.28000000000000114,1.2399999999999984,1.8200000000000003,499,2070,False,False,False,True,近20日未破60日低位區、20日量低於120日均量
5234,達興材料,未入籃,,20,2026-09-09,296.5,-0.670016750418756,1.1945392491467643,47.747747747747745,35.904964583393856,372.1000000000002,364.01184630101994,-3.7181272384131714,-1.3880084121390857,-40.64064064064065,-25.92153526005666,51.49911816578483,-61.011040836559594,-1.1700000000000017,-0.4399999999999977,0.6099999999999994,0.6400000000000006,593,1248,False,False,False,True,近20日未破60日低位區、20日量低於120日均量
5251,,未入籃,,20,2026-09-09,25.45,2.004008016032066,-2.303262955854135,61.01694915254234,41.38046068341916,28.403333333333347,32.83916666666663,-3.4871373759397306,-5.672977954376801,-47.8483606557377,-46.53361344537815,52.41090146750524,-81.52463584398325,-0.5899999999999963,-0.7299999999999969,0.9200000000000017,1.25,29,1262,False,False,False,True,近20日未破60日低位區、20日量低於120日均量
5381,,未入籃,,20,2026-09-09,23.75,9.447004608294929,-3.6511156186612492,48.4375,22.271226278713087,26.158057222222226,27.695615555555555,-3.805711104761289,-1.9567008882858228,-43.922364941443135,-20.83157403497855,50.0,-65.23378576688266,1.009999999999998,-44.52,0.05999999999999872,19.11,1326,26910,True,False,False,True,大戶4/8週累積、近20日未破60日低位區、20日量低於120日均量
5439,高技,未入籃,,20,2026-09-09,264.5,35.29411764705883,1.1472275334607929,65.67164179104478,72.78697961258209,308.30442982456196,304.5300073099416,-1.018878300290249,-1.2616110863091556,-41.2860864790345,-17.408501010720755,92.26731679334578,-35.21893709602533,-5.169999999999995,-6.3799999999999955,2.8299999999999983,3.780000000000001,672,2486,False,False,False,True,近20日未破60日低位區、20日量低於120日均量
5457,,未入籃,,20,2026-09-09,26.75,-1.4732965009208066,-3.2549728752260365,42.85714285714287,14.94425857380876,31.042441099476218,34.86006866171856,-2.9533512533876816,-2.83900175519608,-45.15064807864193,-34.77710133926843,52.919708029197096,-71.37442707482967,-1.6900000000000048,-2.6500000000000057,0.37999999999999723,0.34999999999999787,228,39,False,False,False,True,近20日未破60日低位區、20日量低於120日均量
5474,,未入籃,,20,2026-09-09,154.0,16.666666666666675,3.3557046979865834,42.10526315789473,49.42326458750154,153.38253968253989,155.87455357142855,1.4128038505612395,-1.567653716016193,-26.79531435685587,-25.056485719251498,47.97808012093725,-59.61842432628506,0.0,-1.0900000000000034,2.009999999999998,2.6400000000000006,916,1361,False,False,False,True,MA120上彎且收盤站上、近20日未破60日低位區、20日量低於120日均量
5530,,未入籃,,20,2026-09-09,49.0,5.150214592274671,-2.0000000000000018,35.897435897435926,1.283474111823811,47.95250000000003,49.52104166666672,-0.27209705372617243,-0.9364528981279041,-16.0958904109589,-11.552346570397109,12.29597388465724,-53.32811901193666,0.20000000000001705,0.25,0.16999999999999993,0.25,879,1082,False,False,False,True,近20日未破60日低位區、20日量低於120日均量
6112,邁達特,未入籃,,20,2026-09-09,44.3,16.425755584756896,-3.4858387799564294,46.794871794871796,24.305851649393478,43.519374284077884,44.93305483963345,0.37163081913396123,-1.2929310740608324,-18.223166708957116,-14.423127987254391,28.10810810810811,-58.1851392766184,-0.14999999999999147,-0.27999999999999403,0.26000000000000156,0.030000000000001137,735,141,False,False,False,True,MA120上彎且收盤站上、近20日未破60日低位區、20日量低於120日均量
6117,迎廣,未入籃,,20,2026-09-09,62.0,-1.6714150047483334,-3.125,54.94505494505493,33.44435052345307,72.0721856287425,74.58020958083821,-1.7316091538759348,-2.8295523919306342,-33.3539309208409,-27.28830461101982,26.367332225181748,-71.2772267492713,-0.9199999999999946,-0.4299999999999926,1.0400000000000027,-0.240000000000002,475,88,False,False,False,True,近20日未破60日低位區、20日量低於120日均量
6148,,未入籃,,20,2026-09-09,28.35,10.09708737864079,-1.0471204188481575,65.45454545454547,67.66878914683578,30.95169508950162,34.728219702467456,-2.533617866681259,-5.247966820593009,-41.667293798916305,-39.194035314692485,49.19028340080973,-81.32886531485966,-1.4500000000000028,-1.8800000000000026,1.4799999999999969,1.4399999999999977,472,2161,False,False,False,True,近20日未破60日低位區、20日量低於120日均量
6165,浪凡,未入籃,,20,2026-09-09,47.85,0.10460251046024993,-2.1472392638036797,53.16455696202532,36.436270731331334,48.65833333333329,48.52833333333342,1.6176329826577351,-1.4932316137135193,-18.065068493150683,-13.471971066907773,14.254859611231097,-44.36349502441782,-0.3400000000000034,-0.980000000000004,0.5199999999999996,1.870000000000001,266,578,False,False,False,True,近20日未破60日低位區、20日量低於120日均量
6176,瑞儀,未入籃,,20,2026-09-09,90.2,-16.003988781380553,-1.8498367791077275,12.995201170758051,21.686249933987813,115.92345699576707,137.21460798555154,-6.6272051798002,-4.33596446095601,-50.566744335253034,-48.4481762353353,45.57543688644434,-51.05683517305788,-3.1199999999999974,-7.859999999999999,0.9800000000000004,4.600000000000001,274,10090,False,False,False,True,近20日未破60日低位區、20日量低於120日均量
6180,,未入籃,,20,2026-09-09,41.0,0.5641402992396349,-1.9138755980861122,48.795180722891544,27.426694080675833,42.01593460925036,47.51354729864423,-2.503768900341752,-3.0178067405834286,-34.523659431336206,-29.113304139827722,28.98322345823341,-61.196247774695344,-0.010000000000005116,0.6300000000000026,0.16000000000000014,-0.42999999999999616,41,2303,False,False,False,True,近20日未破60日低位區、20日量低於120日均量
6188,,未入籃,,20,2026-09-09,64.4,1.1204481792717047,-3.3033033033032844,31.62393162393164,0.896132124949615,78.12187712292756,90.38748103655813,-5.326858364751407,-3.791744101589467,-49.38213099347133,-42.83671689779951,32.903225806451616,-62.09902388601554,-1.3299999999999983,-2.730000000000004,0.34999999999999787,1.1999999999999993,98,96,False,False,False,True,近20日未破60日低位區、20日量低於120日均量
6191,精成科,未入籃,,20,2026-09-09,83.1,4.396984924623126,0.7272727272727098,51.79856115107915,47.11771632407869,92.60119194312796,101.81864099526057,-2.786885846752951,-2.918235565826821,-37.121986380213656,-34.71286708443642,43.956883747588726,-79.59514886783936,-1.1899999999999977,-4.789999999999992,0.6199999999999974,2.6999999999999993,2062,6353,False,False,False,True,近20日未破60日低位區、20日量低於120日均量
6215,和椿,未入籃,,20,2026-09-09,97.4,15.402843601895743,-1.6161616161616155,44.512195121951244,33.648299800598984,105.69516666666665,108.41329761904757,-1.5606639766381436,-2.7391314517161702,-28.741638795986614,-18.39291413980211,48.88289907157832,-58.15835860880967,-0.10999999999999943,-0.3300000000000054,0.9400000000000048,0.5499999999999972,987,1203,False,False,False,True,近20日未破60日低位區、20日量低於120日均量
6221,,未入籃,,20,2026-09-09,21.15,8.30852458287974,-1.3986013986014068,25.356971729755628,23.608488826096753,22.464577006507593,26.61012517682893,-3.792430652792844,-4.47591435413579,-45.5361423783229,-36.45883277471005,22.524752475247546,-36.32178067039573,0.18999999999999773,0.03999999999999204,-0.04999999999999982,-0.14999999999999947,327,7322,False,False,False,True,近20日未破60日低位區、20日量低於120日均量
6276,,未入籃,,20,2026-09-09,20.6,8.421052631578952,-0.48309178743960457,67.85714285714292,76.79172943083165,25.637916666666666,32.315624999999976,-8.058394596856145,-6.903815914246991,-56.858638743455494,-55.50755939524837,44.594594594594604,-62.63863399390448,-0.00999999999999801,-0.27999999999999403,0.25,0.05999999999999872,74,6,False,False,False,True,近20日未破60日低位區、20日量低於120日均量
6279,,未入籃,,20,2026-09-09,112.5,4.526748971193406,-4.255319148936165,20.700985761226704,-9.71665959755734,112.46364829396333,115.98925524934408,1.8156004354328292,-0.5180361986930837,-17.767417767417758,-8.488254791756733,19.090909090909093,-27.465871185430444,-1.3100000000000023,-2.5700000000000003,1.7800000000000011,3.830000000000002,1267,2952,False,False,False,True,MA120上彎且收盤站上、近20日未破60日低位區、20日量低於120日均量
6412,群電,未入籃,,20,2026-09-09,74.7,-3.612903225806452,-3.488372093023262,24.65753424657541,-9.385357618353648,83.24096719858161,85.42158732269505,-1.2976158284732864,-2.2319658693443434,-30.570716658756513,-25.23000255558394,35.752688172043,-72.86240465679785,-0.7399999999999949,-0.5400000000000063,0.4299999999999988,0.5999999999999988,802,2364,False,False,False,True,近20日未破60日低位區、20日量低於120日均量
6462,,未入籃,,20,2026-09-09,100.0,8.932461873638342,-1.4778325123152691,54.77707006369427,55.07834694986949,111.73583333333332,116.76791666666661,-1.2992462163594731,-1.8028088076583293,-37.69470404984424,-14.529914529914533,53.40909090909092,-78.35321428687286,-2.66,-3.4600000000000044,2.4299999999999997,1.7299999999999969,886,2576,False,False,False,True,近20日未破60日低位區、20日量低於120日均量
6591,動力-KY,未入籃,,20,2026-09-09,42.7,0.9456264775413947,0.0,47.05882352941181,39.52488562911237,49.58814665471907,59.58230660095578,-5.456596102123868,-4.554269051880599,-47.37151338982003,-44.313199397945155,25.90799031476998,-60.01790347139556,1.4099999999999966,0.48999999999999844,1.1800000000000033,2.090000000000007,173,273,True,False,False,True,大戶4/8週累積、近20日未破60日低位區、20日量低於120日均量
6593,,未入籃,,20,2026-09-09,31.8,-2.1538461538461506,0.7923930269413626,45.9770114942529,27.27660730043141,34.62458333333328,37.81708704966778,-3.3799967444132273,-3.9098612247638997,-43.91534391534392,-33.118379237288146,13.57827476038338,-26.475077465650564,-0.0799999999999983,-0.25,-0.1999999999999993,-0.35999999999999943,110,533,False,False,False,True,近20日未破60日低位區、20日量低於120日均量
6596,,未入籃,,20,2026-09-09,95.0,10.33681765389083,-0.41928721174004924,58.46153846153845,43.45077817105677,96.89017361111097,111.93078269675932,-5.286759253311613,-3.1552720525396594,-38.49128289288806,-30.900017173972337,14.470588235294123,-61.20369459095079,0.019999999999999574,-1.480000000000004,0.4299999999999997,1.5700000000000003,261,873,False,False,False,True,近20日未破60日低位區、20日量低於120日均量
6643,,未入籃,,20,2026-09-09,433.0,14.550264550264558,6.25766871165645,57.79220779220778,69.83545786957136,490.4149983333326,461.47732666666644,-0.9388320574166387,-1.3810081508505379,-40.518382979191045,-10.838643890779187,47.65171270718231,-57.46030501470658,0.12000000000000455,-0.22999999999999687,1.0499999999999972,1.0900000000000034,315,1453,False,False,False,True,近20日未破60日低位區、20日量低於120日均量
6698,旭暉應材,未入籃,,20,2026-09-09,31.35,4.554521276595747,-0.4761904761904745,45.39007092198584,36.832415359052845,33.827035555900835,32.924123276195324,0.11834171916011993,-1.1155279522821693,-33.564639809914674,-16.503418905067857,63.28620185275475,-79.80953745334641,-0.769999999999996,0.39000000000000057,1.139999999999997,1.0300000000000011,493,1437,False,False,False,True,近20日未破60日低位區、20日量低於120日均量
6708,,未入籃,,20,2026-09-09,37.8,0.2652519893899141,-2.4516129032258083,41.23711340206184,37.582195674811516,37.9845833333333,38.364999999999995,-1.2243615442124156,-0.3851480006924035,-22.540983606557376,-8.47457627118644,,-39.44552036657299,1.3400000000000034,1.3400000000000034,0.240000000000002,0.40000000000000213,24,41,True,False,False,True,大戶4/8週累積、近20日未破60日低位區、20日量低於120日均量
6725,,未入籃,,20,2026-09-09,226.5,-7.739307535641549,0.6666666666666599,50.0,41.729297579809675,295.22083333333336,276.47291666666666,-0.4216266355599907,-2.0193145405413504,-46.58018867924528,-26.221498371335507,79.03225806451613,-85.83448042756537,-1.25,0.0,0.2099999999999973,4.239999999999998,177,2094,False,False,False,True,近20日未破60日低位區、20日量低於120日均量
6742,澤米,未入籃,,20,2026-09-09,45.2,6.855791962174962,0.5561735261401468,55.8139534883721,79.23487926574224,48.72000000000003,47.64354166666665,0.5209676587403678,-2.5881200349285427,-39.65287049399199,-17.81818181818181,93.04123711340209,-74.19517303824472,-0.46000000000000085,-0.509999999999998,3.629999999999999,3.169999999999998,2160,7872,False,False,False,True,近20日未破60日低位區、20日量低於120日均量
6763,,未入籃,,20,2026-09-09,40.9,1.1124845488257096,-0.848484848484854,35.714285714285765,14.642271931892948,43.878077795933145,48.89351715647082,-2.6032141846337176,-2.4338416200925472,-39.46279847852623,-25.849662872334523,16.312363834422648,-72.23639004119367,-2.000000000000007,-1.9499999999999957,1.1699999999999982,0.8500000000000014,772,161,False,False,False,True,近20日未破60日低位區、20日量低於120日均量
6781,AES-KY,未入籃,,20,2026-09-09,1065.0,22.413793103448263,-4.484304932735428,48.80952380952381,32.205215442175806,1088.2996788268956,1141.8743941344771,0.37284550061151833,-1.3897990979539254,-30.369675305415743,-21.82299285192886,56.696047200057386,-58.43769078344154,-1.2900000000000063,-1.9300000000000068,1.2400000000000002,1.8499999999999996,1377,4456,False,False,False,True,近20日未破60日低位區、20日量低於120日均量
6799,來頡,未入籃,,20,2026-09-09,80.4,14.78309050828086,-0.2481389578163684,54.54545454545455,50.26311091184941,85.78150307174002,83.00098409631373,0.6693976449742234,-0.42508797038206536,-29.76831241781458,-2.7307613298370947,60.48502139800285,-73.77106343030229,-3.5700000000000003,-4.390000000000001,0.8500000000000014,-0.09999999999999787,320,305,False,False,False,True,近20日未破60日低位區、20日量低於120日均量
6803,,未入籃,,20,2026-09-09,269.0,-0.37037037037036535,-0.554528650646946,50.0,31.227069821442306,272.21466924398635,275.35864518900354,-0.6604154667873896,-0.09238690824238116,-8.984521473730123,-0.8977803503159021,5.253283302063783,-44.41521093496026,-0.060000000000002274,-0.10999999999999943,0.10000000000000497,0.3200000000000003,36,50,False,False,False,True,近20日未破60日低位區、20日量低於120日均量
6854,錼創科技-KY創,未入籃,,20,2026-09-09,90.6,3.7800687285223233,-2.37068965517242,47.23926380368096,29.51521856711734,126.81583333333337,132.0245833333332,-5.24936180810659,-4.538977178579485,-54.12658227848102,-41.92307692307693,65.24390243902438,-67.00499880546049,-1.1799999999999926,-2.1400000000000006,0.7199999999999989,1.1799999999999997,238,789,False,False,False,True,近20日未破60日低位區、20日量低於120日均量
6906,現觀科,未入籃,,20,2026-09-09,81.2,19.41176470588235,-3.6773428232502847,64.11042944785277,74.58530759501666,75.6369479036943,81.33277708592816,1.3586672601942906,-4.0100025620272035,-32.46999119672726,-30.781740976645434,46.09878310665714,-21.309520873483688,-0.7299999999999969,-2.6799999999999997,1.209999999999999,1.0899999999999999,177,137,False,False,False,True,MA120上彎且收盤站上、近20日未破60日低位區、20日量低於120日均量
6921,嘉雨思-創,未入籃,,20,2026-09-09,63.9,7.035175879396971,0.4716981132075526,23.148148148148167,25.722590518695597,72.52416666666669,,-2.201420416235911,,-38.85167464114833,,38.41911764705883,-57.876067624301264,0.020000000000010232,-0.4199999999999875,0.3699999999999992,1.2199999999999989,42,185,False,False,False,True,近20日未破60日低位區、20日量低於120日均量
6962,奕力-KY,未入籃,,20,2026-09-09,31.1,6.68953687821614,-2.6604068857589924,51.13636363636366,37.363730268810905,33.75090726920945,36.13435427031504,-0.3735417531701146,-2.5853773069373753,-32.42248872104588,-23.955330097441696,40.577249575551775,-37.60262285238218,-1.2800000000000011,-1.1299999999999955,0.14000000000000057,0.8199999999999985,324,3236,False,False,False,True,近20日未破60日低位區、20日量低於120日均量
7770,,未入籃,,20,2026-09-09,37.0,-9.53545232273838,5.714285714285716,43.38235294117649,51.08269146350081,43.12333333333317,55.821041666666545,-4.806754842626148,-7.356093715423762,-59.47426067907995,-58.98004434589801,33.72093023255815,-49.48309977370812,0.01999999999999602,-0.37000000000000455,0.1999999999999993,0.05999999999999961,1,10,False,False,False,True,近20日未破60日低位區、20日量低於120日均量
7799,禾榮科,未入籃,,20,2026-09-09,386.5,12.518195050946135,4.459459459459469,52.34899328859061,86.23334589233893,370.1666666666667,461.0104166666667,-4.30642624787263,-8.090495256765951,-55.05813953488372,-51.6875,41.829085457271354,-47.552920638200334,-0.28000000000000114,0.35999999999999943,0.33000000000000007,0.03000000000000025,1356,881,False,False,False,True,近20日未破60日低位區、20日量低於120日均量
8076,,未入籃,,20,2026-09-09,21.85,1.0169054327552773,-1.3544018058690654,33.931777378815,3.0405289501945694,23.381164163090137,23.256916130185978,-0.3790697366100715,-0.9141790335139954,-24.659632402995236,-8.427764587380393,25.8660508083141,-59.1939068477384,-0.04999999999999716,-0.5899999999999963,0.7099999999999973,0.7799999999999976,555,171,False,False,False,True,近20日未破60日低位區、20日量低於120日均量
8104,錸寶,未入籃,,20,2026-09-09,30.1,3.2590051457976,-1.7944535073409318,39.47368421052634,9.722075448222547,35.018750000000026,34.60374724646724,-2.0865371172933966,-2.274111702833115,-37.029288702928866,-20.212403794605805,57.57575757575759,-86.57690881750356,-0.6300000000000026,-3.6300000000000026,1.8300000000000018,3.3599999999999994,1127,3127,False,False,False,True,近20日未破60日低位區、20日量低於120日均量
8234,,未入籃,,20,2026-09-09,65.6,10.998307952622666,-3.9531478770131856,46.51162790697671,7.9091820460415265,66.48166666666641,70.81750000000005,0.2148052306958137,-3.8689303485168858,-30.286928799149837,-27.030033370411576,37.27598566308244,-43.99378044051932,-0.3499999999999943,-0.6599999999999966,0.1999999999999993,0.23000000000000043,125,363,False,False,False,True,近20日未破60日低位區、20日量低於120日均量
8249,菱光,未入籃,,20,2026-09-09,39.8,-0.6242197253433224,-2.8083028083028205,45.5128205128205,21.972569186431848,46.31610927367056,49.522425259403455,-4.464639025331596,-2.8470809804391983,-38.459187381624524,-34.5764862700551,38.36291783136075,-70.41359156265389,-0.5500000000000043,-0.22000000000000597,1.25,1.0700000000000003,1029,536,False,False,False,True,近20日未破60日低位區、20日量低於120日均量
8374,羅昇,未入籃,,20,2026-09-09,80.4,14.857142857142858,-1.591187270501837,42.37288135593224,26.22222034869725,84.51046771684167,85.05470147802401,0.5295830694801662,-2.4642757634534274,-31.993189725368264,-21.759155169477083,50.71452457523409,-55.95167188117527,-0.960000000000008,-0.9699999999999989,1.4000000000000021,0.9000000000000021,1625,1568,False,False,False,True,近20日未破60日低位區、20日量低於120日均量
8410,,未入籃,,20,2026-09-09,29.3,0.4628835933482067,-3.6184210526315708,13.93034825870663,-3.1924867711740434,32.27497916666677,34.173239583333306,-2.42476996555383,-2.200477938457457,-27.939006394490896,-24.77535301668805,13.85135135135136,-34.491909121431306,-0.3200000000000003,-0.5,0.3999999999999986,0.3999999999999986,37,31,False,False,False,True,近20日未破60日低位區、20日量低於120日均量
8908,,未入籃,,20,2026-09-09,40.5,2.9224904701397714,1.3767209011263937,60.000000000000036,69.00793601569971,40.46666666666663,41.405416666666724,-1.0403399190960227,-0.3614632996937095,-19.161676646706592,-1.937046004842613,10.000000000000009,-76.81709066472432,0.45999999999999375,0.9199999999999875,-0.20000000000000018,-0.3600000000000003,354,1493,False,False,False,True,近20日未破60日低位區、20日量低於120日均量
9910,豐泰,未入籃,,20,2026-09-09,68.6,-3.1073446327683607,-0.43541364296082463,43.181818181818116,36.496700351525924,71.08914218353263,89.52588683351468,-3.808763880055077,-3.8476765763595044,-47.203369958461735,-36.17474057200708,19.548872180451138,-54.83980780473181,0.3400000000000034,-0.0799999999999983,0.019999999999999574,0.29000000000000004,593,1254,False,False,False,True,近20日未破60日低位區、20日量低於120日均量
9938,百和,未入籃,,20,2026-09-09,39.9,-8.390107746330933,-3.037667071688943,14.285714285714292,-12.725589233153908,42.197900326797395,46.17418709150331,-2.0480681082446828,-1.457199049708846,-30.585024731366207,-21.812802582033353,12.768969888543147,-44.26952254223755,-0.30999999999999517,-3.2099999999999937,0.41000000000000014,1.4600000000000009,192,657,False,False,False,True,近20日未破60日低位區、20日量低於120日均量
1104,環泥,未入籃,,10,2026-09-09,27.45,2.2346368715083775,-0.9025270758122761,62.745098039215605,81.08174289812159,26.857199913644237,27.648494170984424,-0.4412613214732408,-0.18599996609681702,-10.733963504018607,-4.326613412953062,6.285714285714272,36.22352981072763,-0.5400000000000063,-0.8499999999999943,0.040000000000000924,0.15000000000000036,325,902,False,False,False,True,近20日未破60日低位區
1477,聚陽,未入籃,,10,2026-09-09,197.5,-6.194169680596118,0.5089058524172962,42.857142857142854,42.17480215162831,213.82962024738794,247.4491156602317,-6.369773310400562,-1.8825667266475166,-38.91081657097454,-26.90546400144431,19.14116912435757,-17.390171503742526,-2.0600000000000023,-6.440000000000012,2.1999999999999993,5.43,3768,9561,False,False,False,True,近20日未破60日低位區
1712,興農,未入籃,,10,2026-09-09,40.85,4.342273307790556,0.49200492004921603,71.01449275362322,87.11897136811241,40.61458333333329,41.273127216312176,-1.6249414724956779,-0.05913557411310055,-10.487668422770302,1.0420229981843443,7.272727272727275,45.18814187283322,-0.4799999999999969,-1.0899999999999963,0.5899999999999981,0.7900000000000009,415,506,False,False,False,True,近20日未破60日低位區
2211,長榮鋼,未入籃,,10,2026-09-09,84.0,-4.545454545454541,1.2048192771084265,53.52112676056338,69.16932925842319,88.38620665251241,93.06428520877613,-2.1838481712633584,-0.15044887958297615,-25.74010726804342,-2.4586273845110806,13.439941050332527,6.250472741362101,-0.18000000000000682,-0.46999999999999886,0.14999999999999947,0.34999999999999876,155,304,False,False,False,True,近20日未破60日低位區
2539,櫻花建,未入籃,,10,2026-09-09,35.75,3.802145675478119,2.1428571428571352,51.968503937007874,77.44760380184135,33.653903030302985,36.20613752525246,-2.2467455603124797,-1.5557806458171175,-13.19291150864429,-8.999763349246825,19.736133174016523,1.8258357135443992,-0.5700000000000074,-0.8599999999999994,0.25,0.43999999999999995,998,1498,False,False,False,True,近20日未破60日低位區
4123,,未入籃,,10,2026-09-09,30.55,-11.30919583133373,1.326699834162537,32.03883495145635,24.982568708863816,34.51359353741502,34.70040365204511,-3.924230685226071,-0.25722968643079325,-34.258372785482784,-6.412681285135424,24.90804158119806,0.3325005972582895,-0.36000000000000654,-1.7000000000000028,0.20999999999999908,0.4300000000000015,20,205,False,False,False,True,近20日未破60日低位區
4746,台耀,未入籃,,10,2026-09-09,45.8,-2.415672818838388,0.9922822491730932,21.978021978021985,10.745625254120945,49.837602813852826,53.6141879251701,-1.0631329225839758,-2.18366033849271,-29.40406024885397,-25.84187980269523,18.987012987012996,-6.020993983990907,-0.1699999999999946,-0.789999999999992,0.22999999999999687,0.25,280,2531,False,False,False,True,近20日未破60日低位區
5206,,未入籃,,10,2026-09-09,23.15,17.331423534596734,-1.9067796610169663,61.111111111111065,56.143252731079265,21.837598102475276,25.35418898262151,-2.3746846257206577,-2.8769206378525203,-31.247702560184454,-27.781200168260987,24.718969489709952,12.222644279152828,-0.7499999999999858,-0.3399999999999892,0.13999999999999968,0.3299999999999996,45,122,False,False,False,True,近20日未破60日低位區
6186,,未入籃,,10,2026-09-09,30.5,-14.92618514240095,-2.5559105431309903,28.819000980814124,4.00254412160432,34.77451818291602,40.66520561013129,-2.418185987680377,-3.9894468057346755,-48.99253957672093,-42.9868224623671,28.268603248154545,-16.302845884155502,0.28000000000000114,-1.1099999999999994,0.5799999999999983,1.9799999999999986,313,3919,False,False,False,True,近20日未破60日低位區
6272,驊陞,未入籃,,10,2026-09-09,29.1,16.867469879518083,-2.348993288590606,74.78260869565217,86.33460702668273,30.23083333333337,39.873541666666696,-6.305771142993633,-5.8021872016222,-53.80952380952381,-48.31261101243339,45.175438596491226,32.64409517365432,0.7800000000000011,1.3500000000000014,0.20000000000000107,0.23000000000000043,33,66,True,False,False,True,大戶4/8週累積、近20日未破60日低位區
8442,威宏-KY,未入籃,,10,2026-09-09,46.4,11.862116565162651,1.866081229418226,73.14946720610857,74.08620379538152,43.19870967741935,54.26359038978486,-5.738169819295546,-3.7815069034187077,-34.84548223810118,-32.80663338296693,25.644583561909084,-4.568398360180803,-0.3100000000000023,0.12999999999999545,0.14999999999999947,0.29000000000000004,26,7,False,False,False,True,近20日未破60日低位區
9904,寶成,未入籃,,10,2026-09-09,24.55,1.8672199170124415,-0.20325203252032908,38.09523809523806,33.20586038563175,24.94188500000006,26.70792750000005,-2.4892043494972538,-0.6931629596663047,-20.0721466895869,-7.841194047779931,9.871244635193133,-13.897444650258917,-2.009999999999991,-5.849999999999994,0.3800000000000008,1.2100000000000009,4015,11446,False,False,False,True,近20日未破60日低位區
9958,世紀鋼,未入籃,,10,2026-09-09,91.7,-10.573194330776115,4.086265607264483,31.79713071152743,32.90531895895136,103.47130470142572,120.38875211410337,-3.906184617168018,-5.11915775666888,-46.68082348305078,-42.5671778170547,36.219334760875086,-10.170605524597642,-3.5700000000000074,-3.6100000000000065,2.6300000000000026,2.650000000000002,3626,3046,False,False,False,True,近20日未破60日低位區
